medicao_id,calibracao_id,ponto,erro,tolerancia
ME00001,CA00318,25%,-0.2212,0.326
ME00002,CA06024,25%,0.22,0.47
ME00003,CA00058,25%,-0.2174,0.114
ME00004,CA03119,50%,0.2128,0.273
ME00005,CA05447,50%,0.2588,0.205
ME00006,CA05180,25%,0.1938,0.307
ME00007,CA06134,50%,0.0913,0.443
ME00008,CA01911,50%,-0.0864,0.142
ME00009,CA04638,75%,-0.0423,0.449
ME00010,CA05105,50%,0.1748,0.449
ME00011,CA06686,75%,-0.0975,0.231
ME00012,CA03958,50%,0.3365,0.49
ME00013,CA06459,50%,0.0235,0.411
ME00014,CA05889,75%,-0.0989,0.233
ME00015,CA03652,75%,-0.0017,0.292
ME00016,CA06350,50%,-0.0955,0.12
ME00017,CA04204,100%,0.2324,0.378
ME00018,CA02537,50%,-0.147,0.165
ME00019,CA03271,75%,-0.0716,0.121
ME00020,CA06121,75%,-0.2058,0.194
ME00021,CA01733,100%,0.344,0.173
ME00022,CA05082,25%,-0.0058,0.29
ME00023,CA00809,50%,0.2233,0.496
ME00024,CA02378,75%,0.1031,0.442
ME00025,CA07154,25%,0.185,0.466
ME00026,CA03120,75%,-0.0827,0.332
ME00027,CA01952,25%,-0.2458,0.296
ME00028,CA01768,25%,0.0153,0.409
ME00029,CA06616,100%,0.0581,0.458
ME00030,CA02913,75%,0.0608,0.174
ME00031,CA00363,75%,-0.16,0.369
ME00032,CA02238,25%,0.4482,0.348
ME00033,CA00504,75%,-0.1287,0.134
ME00034,CA00316,50%,0.0295,0.41
ME00035,CA06319,75%,-0.226,0.423
ME00036,CA03418,50%,-0.2152,0.47
ME00037,CA06662,100%,-0.115,0.441
ME00038,CA04984,50%,-0.0738,0.197
ME00039,CA02038,50%,-0.1757,0.158
ME00040,CA02164,50%,0.2352,0.349
ME00041,CA03274,100%,0.311,0.244
ME00042,CA02078,75%,0.1385,0.455
ME00043,CA00186,25%,0.0753,0.422
ME00044,CA05217,25%,-0.0471,0.458
ME00045,CA07083,100%,0.038,0.265
ME00046,CA04407,25%,-0.032,0.235
ME00047,CA04173,75%,0.3445,0.392
ME00048,CA01260,75%,-0.1656,0.357
ME00049,CA03284,75%,-0.4048,0.304
ME00050,CA02217,100%,0.3018,0.102
ME00051,CA04701,75%,-0.3514,0.276
ME00052,CA05839,75%,-0.0929,0.239
ME00053,CA05628,50%,0.2398,0.302
ME00054,CA00845,75%,0.0908,0.296
ME00055,CA06665,100%,-0.1953,0.302
ME00056,CA00489,50%,-0.1511,0.108
ME00057,CA05573,50%,0.0602,0.285
ME00058,CA04111,25%,0.1595,0.138
ME00059,CA04255,50%,-0.0818,0.116
ME00060,CA05585,25%,0.2651,0.392
ME00061,CA03872,100%,0.0063,0.121
ME00062,CA02815,25%,-0.1523,0.332
ME00063,CA02122,100%,-0.2384,0.363
ME00064,CA05322,100%,0.3265,0.234
ME00065,CA03271,75%,-0.0085,0.162
ME00066,CA05745,75%,-0.0134,0.279
ME00067,CA04397,50%,-0.0199,0.232
ME00068,CA02505,100%,-0.1076,0.241
ME00069,CA00551,50%,-0.0595,0.331
ME00070,CA03865,75%,-0.0628,0.388
ME00071,CA02631,25%,0.0835,0.345
ME00072,CA05178,100%,0.5438,0.477
ME00073,CA04504,75%,0.1527,0.288
ME00074,CA01107,25%,-0.2282,0.302
ME00075,CA01144,25%,0.1118,0.178
ME00076,CA02637,100%,0.18,0.307
ME00077,CA03704,75%,-0.0691,0.152
ME00078,CA03189,100%,0.1008,0.219
ME00079,CA04923,50%,-0.0081,0.259
ME00080,CA01396,25%,-0.2017,0.209
ME00081,CA05348,25%,-0.1639,0.174
ME00082,CA07195,25%,-0.0703,0.348
ME00083,CA07095,100%,0.1206,0.231
ME00084,CA04104,50%,0.0826,0.244
ME00085,CA04152,50%,0.1968,0.387
ME00086,CA04326,50%,-0.1414,0.329
ME00087,CA04334,25%,0.0691,0.443
ME00088,CA04900,75%,0.0995,0.471
ME00089,CA02929,75%,0.2939,0.432
ME00090,CA06552,100%,-0.1668,0.226
ME00091,CA05842,100%,0.054,0.391
ME00092,CA04834,75%,0.3201,0.154
ME00093,CA06884,75%,0.0466,0.353
ME00094,CA00414,50%,0.1144,0.485
ME00095,CA04927,50%,-0.0091,0.231
ME00096,CA00827,75%,0.1724,0.178
ME00097,CA06778,25%,-0.2029,0.13
ME00098,CA06394,75%,0.0585,0.119
ME00099,CA02479,50%,-0.0117,0.351
ME00100,CA04084,50%,-0.0775,0.183
ME00101,CA03007,50%,0.0514,0.392
ME00102,CA05796,50%,-0.0343,0.113
ME00103,CA03919,75%,-0.1049,0.259
ME00104,CA00988,50%,0.3546,0.359
ME00105,CA04534,100%,0.0159,0.285
ME00106,CA03465,75%,-0.0227,0.144
ME00107,CA03940,75%,-0.2101,0.412
ME00108,CA06379,50%,0.1253,0.112
ME00109,CA06712,50%,-0.1825,0.266
ME00110,CA06924,50%,-0.3343,0.182
ME00111,CA00551,50%,-0.2044,0.398
ME00112,CA03420,100%,-0.0105,0.166
ME00113,CA06488,50%,-0.0002,0.422
ME00114,CA00109,25%,0.1087,0.222
ME00115,CA05795,50%,-0.1223,0.291
ME00116,CA03656,50%,-0.0173,0.221
ME00117,CA04675,100%,-0.12,0.174
ME00118,CA05899,25%,0.2502,0.251
ME00119,CA06618,50%,0.2089,0.299
ME00120,CA06071,50%,-0.0966,0.33
ME00121,CA06044,50%,-0.397,0.221
ME00122,CA02430,75%,0.0198,0.438
ME00123,CA01623,75%,0.2532,0.186
ME00124,CA04234,50%,-0.0099,0.451
ME00125,CA00128,50%,-0.083,0.362
ME00126,CA06983,100%,0.0971,0.237
ME00127,CA03436,100%,-0.1268,0.417
ME00128,CA02265,25%,0.0035,0.487
ME00129,CA01573,25%,0.2191,0.481
ME00130,CA06350,75%,0.0445,0.153
ME00131,CA02653,100%,0.0792,0.176
ME00132,CA01493,25%,-0.0746,0.45
ME00133,CA01101,75%,0.0741,0.362
ME00134,CA00651,75%,-0.125,0.116
ME00135,CA03254,25%,-0.0634,0.217
ME00136,CA05370,75%,-0.1055,0.437
ME00137,CA02020,75%,0.0315,0.421
ME00138,CA00815,25%,0.2311,0.273
ME00139,CA00810,50%,-0.1562,0.473
ME00140,CA04920,25%,0.2282,0.24
ME00141,CA04372,75%,-0.0243,0.206
ME00142,CA04216,75%,-0.1715,0.378
ME00143,CA05789,75%,-0.0518,0.219
ME00144,CA05670,50%,0.0906,0.49
ME00145,CA04054,50%,0.1328,0.137
ME00146,CA05443,25%,-0.0632,0.32
ME00147,CA00977,25%,-0.1531,0.346
ME00148,CA06196,75%,0.0082,0.214
ME00149,CA03363,75%,-0.1281,0.243
ME00150,CA06125,75%,0.0503,0.426
ME00151,CA01997,100%,0.0041,0.101
ME00152,CA01508,75%,-0.11,0.26
ME00153,CA05375,25%,-0.241,0.427
ME00154,CA02591,100%,0.0468,0.231
ME00155,CA05218,100%,0.0429,0.464
ME00156,CA06992,25%,0.0641,0.187
ME00157,CA06634,25%,0.1803,0.224
ME00158,CA01354,50%,0.1075,0.197
ME00159,CA04656,50%,-0.1472,0.19
ME00160,CA04067,50%,-0.0475,0.498
ME00161,CA01054,50%,-0.1762,0.108
ME00162,CA05970,50%,-0.2457,0.166
ME00163,CA05647,50%,0.0057,0.167
ME00164,CA00850,100%,-0.4046,0.216
ME00165,CA01134,75%,-0.0026,0.356
ME00166,CA01940,25%,0.0764,0.29
ME00167,CA00653,25%,-0.2241,0.394
ME00168,CA05232,100%,-0.3051,0.249
ME00169,CA00192,100%,-0.0585,0.385
ME00170,CA03338,25%,0.2896,0.393
ME00171,CA01557,50%,0.004,0.272
ME00172,CA02358,75%,0.049,0.259
ME00173,CA00794,25%,0.0614,0.477
ME00174,CA04913,25%,-0.0151,0.182
ME00175,CA06103,50%,0.0538,0.36
ME00176,CA03724,100%,-0.0414,0.342
ME00177,CA02633,100%,-0.0519,0.495
ME00178,CA05791,75%,-0.1543,0.38
ME00179,CA00745,75%,-0.0641,0.422
ME00180,CA02648,75%,0.0379,0.297
ME00181,CA01514,75%,0.0114,0.207
ME00182,CA04678,100%,0.3433,0.128
ME00183,CA04649,25%,-0.2092,0.117
ME00184,CA07113,100%,-0.146,0.469
ME00185,CA05508,50%,0.0752,0.499
ME00186,CA03781,100%,-0.3551,0.294
ME00187,CA03335,25%,-0.0314,0.405
ME00188,CA01319,50%,0.0969,0.335
ME00189,CA03223,50%,0.0569,0.493
ME00190,CA00993,100%,-0.1987,0.278
ME00191,CA04607,100%,0.2374,0.413
ME00192,CA00371,25%,-0.0745,0.327
ME00193,CA07089,100%,-0.0442,0.115
ME00194,CA03006,50%,0.07,0.361
ME00195,CA03981,75%,0.064,0.323
ME00196,CA03072,100%,-0.0243,0.337
ME00197,CA05988,75%,-0.0535,0.374
ME00198,CA04152,100%,-0.082,0.329
ME00199,CA02961,50%,-0.1433,0.221
ME00200,CA00184,75%,0.1044,0.222
ME00201,CA01859,75%,0.2816,0.498
ME00202,CA05151,100%,0.1488,0.164
ME00203,CA00854,50%,-0.1263,0.423
ME00204,CA04009,75%,-0.1267,0.151
ME00205,CA02177,100%,-0.1457,0.32
ME00206,CA05625,75%,0.0677,0.34
ME00207,CA02111,25%,0.0491,0.394
ME00208,CA00417,25%,-0.2315,0.435
ME00209,CA05557,50%,0.0587,0.427
ME00210,CA06014,25%,0.0539,0.241
ME00211,CA05937,75%,-0.0848,0.221
ME00212,CA03295,50%,-0.0087,0.458
ME00213,CA02873,50%,-0.0033,0.138
ME00214,CA03337,75%,-0.0868,0.174
ME00215,CA06341,100%,-0.0336,0.165
ME00216,CA04134,100%,0.3926,0.111
ME00217,CA03077,50%,0.1513,0.123
ME00218,CA01458,75%,0.2065,0.42
ME00219,CA00042,50%,-0.3473,0.132
ME00220,CA01591,75%,0.0956,0.147
ME00221,CA06365,25%,0.0271,0.395
ME00222,CA02662,100%,-0.2357,0.113
ME00223,CA02292,50%,0.169,0.293
ME00224,CA01315,100%,-0.0604,0.278
ME00225,CA07090,100%,0.0284,0.343
ME00226,CA02803,100%,-0.1456,0.181
ME00227,CA05892,25%,-0.2252,0.1
ME00228,CA00334,25%,0.2697,0.289
ME00229,CA01802,100%,0.0705,0.294
ME00230,CA04311,100%,0.0253,0.473
ME00231,CA00539,50%,0.1118,0.352
ME00232,CA00928,25%,-0.1095,0.342
ME00233,CA05753,50%,-0.1557,0.406
ME00234,CA05767,100%,-0.3441,0.359
ME00235,CA01945,25%,-0.2006,0.45
ME00236,CA04120,25%,-0.0026,0.116
ME00237,CA04845,25%,-0.2003,0.413
ME00238,CA06032,100%,-0.1878,0.36
ME00239,CA03960,25%,-0.019,0.198
ME00240,CA04977,50%,0.1927,0.184
ME00241,CA02197,25%,-0.017,0.322
ME00242,CA02870,75%,-0.0528,0.198
ME00243,CA00787,100%,-0.1842,0.137
ME00244,CA01872,50%,0.0975,0.368
ME00245,CA00525,50%,0.2252,0.392
ME00246,CA06005,25%,-0.0933,0.239
ME00247,CA00759,25%,0.0253,0.123
ME00248,CA06004,75%,-0.3821,0.276
ME00249,CA00471,25%,-0.0827,0.183
ME00250,CA05631,75%,-0.213,0.494
ME00251,CA01984,75%,-0.0015,0.461
ME00252,CA02491,25%,-0.0243,0.438
ME00253,CA06185,100%,0.1076,0.15
ME00254,CA02374,50%,-0.289,0.408
ME00255,CA03448,100%,-0.0213,0.233
ME00256,CA06248,50%,-0.2643,0.466
ME00257,CA06735,100%,-0.2712,0.218
ME00258,CA05479,75%,-0.182,0.159
ME00259,CA01637,75%,0.2005,0.336
ME00260,CA04823,75%,-0.2917,0.492
ME00261,CA04695,75%,0.0147,0.238
ME00262,CA03673,50%,0.1187,0.456
ME00263,CA02733,50%,0.0423,0.315
ME00264,CA01239,75%,0.0611,0.281
ME00265,CA02024,50%,0.0828,0.23
ME00266,CA00840,75%,0.0452,0.377
ME00267,CA03549,25%,0.3676,0.368
ME00268,CA00616,50%,0.1138,0.46
ME00269,CA00594,100%,-0.0299,0.49
ME00270,CA02972,50%,0.1628,0.131
ME00271,CA00837,25%,-0.0075,0.262
ME00272,CA03469,75%,0.4825,0.402
ME00273,CA02193,50%,0.1589,0.238
ME00274,CA02630,100%,-0.2587,0.365
ME00275,CA06442,100%,-0.1164,0.484
ME00276,CA01203,100%,0.0984,0.407
ME00277,CA02668,75%,-0.2451,0.372
ME00278,CA03272,50%,-0.0845,0.266
ME00279,CA00560,75%,-0.1665,0.403
ME00280,CA03722,75%,-0.1924,0.422
ME00281,CA02811,75%,0.1049,0.368
ME00282,CA03736,75%,0.0972,0.291
ME00283,CA06768,50%,-0.1042,0.123
ME00284,CA01848,100%,0.1898,0.383
ME00285,CA05759,25%,-0.2439,0.343
ME00286,CA03515,50%,0.075,0.481
ME00287,CA02488,75%,0.171,0.434
ME00288,CA02747,100%,-0.1127,0.289
ME00289,CA06589,100%,-0.0198,0.161
ME00290,CA02669,100%,-0.1796,0.296
ME00291,CA06380,50%,-0.0718,0.37
ME00292,CA01976,75%,-0.0892,0.331
ME00293,CA00638,100%,0.046,0.256
ME00294,CA00366,100%,0.04,0.335
ME00295,CA00858,100%,-0.1647,0.222
ME00296,CA03446,25%,-0.1571,0.114
ME00297,CA04051,50%,-0.085,0.359
ME00298,CA06508,100%,0.1981,0.489
ME00299,CA04132,100%,-0.048,0.419
ME00300,CA00553,25%,-0.1379,0.283
ME00301,CA01557,25%,-0.2707,0.361
ME00302,CA03501,25%,-0.1917,0.389
ME00303,CA06391,75%,-0.0977,0.423
ME00304,CA03744,50%,0.0924,0.186
ME00305,CA05469,100%,0.2128,0.359
ME00306,CA01916,25%,0.2619,0.119
ME00307,CA05485,75%,0.3268,0.137
ME00308,CA01943,75%,0.0093,0.38
ME00309,CA01220,25%,0.0309,0.479
ME00310,CA05979,100%,0.0519,0.384
ME00311,CA04122,25%,-0.1184,0.302
ME00312,CA04325,75%,0.0763,0.324
ME00313,CA05311,100%,-0.0818,0.282
ME00314,CA02166,75%,-0.1466,0.285
ME00315,CA00776,100%,0.2733,0.205
ME00316,CA02526,50%,-0.0968,0.208
ME00317,CA00329,100%,-0.2231,0.416
ME00318,CA05354,25%,-0.1196,0.328
ME00319,CA02605,50%,0.2148,0.21
ME00320,CA07037,25%,0.1366,0.454
ME00321,CA05078,75%,-0.3305,0.208
ME00322,CA06349,25%,0.0034,0.425
ME00323,CA05814,100%,0.178,0.265
ME00324,CA00757,25%,-0.2832,0.341
ME00325,CA00053,100%,-0.1839,0.405
ME00326,CA01497,100%,0.1403,0.451
ME00327,CA04741,25%,0.0529,0.458
ME00328,CA06434,25%,0.0591,0.328
ME00329,CA02745,50%,0.1191,0.317
ME00330,CA06805,50%,-0.044,0.469
ME00331,CA07033,75%,-0.1169,0.32
ME00332,CA02919,100%,-0.3308,0.471
ME00333,CA01503,50%,0.1978,0.407
ME00334,CA01487,100%,-0.0875,0.438
ME00335,CA02355,75%,-0.0601,0.46
ME00336,CA02372,50%,0.1071,0.152
ME00337,CA03198,25%,-0.0294,0.367
ME00338,CA01675,25%,0.0134,0.314
ME00339,CA01914,100%,0.0168,0.305
ME00340,CA04901,75%,0.3083,0.425
ME00341,CA04674,100%,-0.1306,0.291
ME00342,CA05165,50%,0.0198,0.229
ME00343,CA04391,100%,0.1504,0.291
ME00344,CA04401,25%,-0.0369,0.296
ME00345,CA02830,100%,-0.377,0.194
ME00346,CA04038,100%,0.0528,0.47
ME00347,CA06424,25%,0.0912,0.155
ME00348,CA05706,50%,-0.0935,0.106
ME00349,CA01232,25%,-0.039,0.358
ME00350,CA05795,100%,-0.293,0.403
ME00351,CA01763,50%,0.0387,0.433
ME00352,CA06510,100%,0.0415,0.332
ME00353,CA03665,100%,0.1926,0.465
ME00354,CA07153,50%,-0.0441,0.488
ME00355,CA06811,50%,0.1364,0.376
ME00356,CA00979,75%,-0.095,0.432
ME00357,CA06544,75%,-0.0037,0.181
ME00358,CA00305,75%,0.3519,0.29
ME00359,CA01929,75%,0.0744,0.339
ME00360,CA01770,50%,-0.1822,0.172
ME00361,CA05188,50%,-0.3101,0.202
ME00362,CA01011,75%,-0.2734,0.162
ME00363,CA03623,75%,0.1813,0.287
ME00364,CA02313,75%,0.5359,0.147
ME00365,CA06113,100%,-0.032,0.307
ME00366,CA05026,100%,-0.2737,0.497
ME00367,CA01487,100%,0.1501,0.388
ME00368,CA04466,75%,0.0874,0.223
ME00369,CA04892,25%,0.2487,0.222
ME00370,CA02357,25%,-0.0228,0.331
ME00371,CA02064,75%,-0.1798,0.425
ME00372,CA02044,50%,0.1154,0.492
ME00373,CA01691,25%,0.1378,0.307
ME00374,CA05428,100%,-0.0494,0.214
ME00375,CA02849,25%,-0.2359,0.137
ME00376,CA05137,100%,0.0234,0.174
ME00377,CA02843,50%,-0.1988,0.455
ME00378,CA01790,25%,-0.174,0.141
ME00379,CA07135,25%,0.0278,0.408
ME00380,CA00411,50%,-0.1953,0.367
ME00381,CA03687,75%,0.0915,0.179
ME00382,CA06831,75%,-0.0742,0.343
ME00383,CA03164,75%,-0.1689,0.401
ME00384,CA00201,100%,-0.1336,0.453
ME00385,CA03297,50%,0.0199,0.4
ME00386,CA04085,25%,0.0098,0.101
ME00387,CA04016,50%,-0.2001,0.243
ME00388,CA01419,50%,0.0752,0.112
ME00389,CA05167,50%,-0.0687,0.466
ME00390,CA06972,50%,0.0175,0.352
ME00391,CA07058,50%,0.0814,0.114
ME00392,CA01255,100%,0.098,0.318
ME00393,CA01741,75%,0.1669,0.398
ME00394,CA06117,50%,0.2147,0.397
ME00395,CA02021,50%,0.3876,0.334
ME00396,CA03647,75%,-0.1428,0.305
ME00397,CA07174,50%,-0.1938,0.426
ME00398,CA00845,25%,0.1997,0.444
ME00399,CA03604,50%,-0.2044,0.155
ME00400,CA01478,100%,-0.0295,0.117
ME00401,CA03035,75%,0.208,0.175
ME00402,CA05427,25%,-0.1551,0.193
ME00403,CA01388,75%,-0.1181,0.109
ME00404,CA03990,75%,0.3939,0.308
ME00405,CA06023,75%,0.1853,0.3
ME00406,CA06002,75%,0.1532,0.487
ME00407,CA02845,100%,-0.0414,0.225
ME00408,CA03792,75%,0.1149,0.402
ME00409,CA04415,75%,0.03,0.369
ME00410,CA04234,50%,-0.1766,0.218
ME00411,CA04045,25%,0.3838,0.372
ME00412,CA02903,50%,-0.0541,0.349
ME00413,CA03714,25%,0.1809,0.232
ME00414,CA03440,75%,-0.0153,0.173
ME00415,CA06259,25%,0.0376,0.198
ME00416,CA03880,50%,-0.0227,0.397
ME00417,CA05136,100%,-0.2434,0.324
ME00418,CA06690,75%,-0.0044,0.18
ME00419,CA02831,50%,-0.3391,0.161
ME00420,CA03405,75%,-0.0888,0.206
ME00421,CA03565,100%,0.1194,0.263
ME00422,CA02610,50%,-0.1517,0.462
ME00423,CA02897,25%,-0.1004,0.275
ME00424,CA05258,25%,0.1184,0.472
ME00425,CA05294,75%,0.175,0.282
ME00426,CA03215,50%,0.2416,0.456
ME00427,CA05793,75%,0.0467,0.302
ME00428,CA05824,25%,-0.1663,0.218
ME00429,CA05399,50%,0.0528,0.107
ME00430,CA05564,25%,-0.0734,0.43
ME00431,CA07106,50%,0.3004,0.337
ME00432,CA03750,75%,0.0057,0.445
ME00433,CA05809,100%,-0.3993,0.314
ME00434,CA01583,50%,-0.6293,0.42
ME00435,CA00055,75%,-0.2326,0.188
ME00436,CA00152,50%,0.2461,0.334
ME00437,CA00623,25%,-0.1132,0.353
ME00438,CA03978,100%,-0.1174,0.119
ME00439,CA05075,50%,-0.0412,0.197
ME00440,CA01163,50%,-0.0829,0.162
ME00441,CA03407,75%,0.3174,0.429
ME00442,CA03032,100%,-0.0079,0.285
ME00443,CA03310,50%,-0.3398,0.272
ME00444,CA03294,25%,-0.1301,0.169
ME00445,CA06445,75%,0.0202,0.204
ME00446,CA06506,50%,0.0238,0.451
ME00447,CA03080,50%,0.366,0.45
ME00448,CA07018,100%,0.1167,0.262
ME00449,CA07041,75%,0.0398,0.233
ME00450,CA05385,25%,-0.1774,0.474
ME00451,CA03963,25%,-0.1306,0.386
ME00452,CA04085,100%,-0.2469,0.169
ME00453,CA02475,100%,-0.2079,0.239
ME00454,CA05336,50%,-0.0088,0.303
ME00455,CA02022,100%,-0.0872,0.397
ME00456,CA06976,75%,-0.0967,0.11
ME00457,CA05159,75%,-0.1842,0.116
ME00458,CA00495,25%,-0.1268,0.26
ME00459,CA03589,75%,0.0641,0.243
ME00460,CA00145,75%,-0.042,0.222
ME00461,CA00305,100%,0.0679,0.475
ME00462,CA06646,75%,0.2542,0.12
ME00463,CA03176,25%,0.1621,0.226
ME00464,CA06705,25%,0.252,0.452
ME00465,CA03151,75%,0.3166,0.185
ME00466,CA03841,100%,0.1792,0.436
ME00467,CA01245,25%,-0.0234,0.194
ME00468,CA04597,100%,0.3458,0.486
ME00469,CA01925,100%,-0.2257,0.167
ME00470,CA04165,25%,0.0448,0.326
ME00471,CA06334,50%,-0.3066,0.268
ME00472,CA03572,75%,0.2978,0.326
ME00473,CA00168,50%,-0.4301,0.252
ME00474,CA05120,100%,-0.0122,0.487
ME00475,CA06501,75%,-0.0775,0.458
ME00476,CA01633,25%,-0.2129,0.117
ME00477,CA01886,50%,-0.2565,0.163
ME00478,CA00751,100%,-0.1093,0.427
ME00479,CA05195,25%,0.0301,0.141
ME00480,CA00814,100%,0.2015,0.208
ME00481,CA06225,25%,0.0548,0.394
ME00482,CA00393,100%,0.3018,0.291
ME00483,CA06918,100%,-0.0058,0.477
ME00484,CA02579,50%,0.0461,0.286
ME00485,CA05571,50%,0.1372,0.255
ME00486,CA06237,75%,-0.0367,0.242
ME00487,CA00144,75%,-0.0645,0.149
ME00488,CA07134,75%,-0.2553,0.434
ME00489,CA04506,100%,0.008,0.313
ME00490,CA00787,25%,-0.0775,0.447
ME00491,CA06874,25%,0.11,0.345
ME00492,CA04392,100%,0.1253,0.383
ME00493,CA04966,75%,-0.3301,0.397
ME00494,CA01725,50%,0.0074,0.449
ME00495,CA00903,50%,-0.1559,0.271
ME00496,CA03316,75%,0.0547,0.32
ME00497,CA03343,75%,0.4538,0.38
ME00498,CA03261,75%,0.1009,0.343
ME00499,CA01656,100%,-0.2036,0.442
ME00500,CA01839,25%,-0.2705,0.17
ME00501,CA03570,50%,0.0366,0.379
ME00502,CA07044,100%,0.2165,0.351
ME00503,CA00730,75%,-0.1298,0.427
ME00504,CA03382,25%,-0.0523,0.464
ME00505,CA02839,50%,-0.007,0.219
ME00506,CA06332,100%,-0.2139,0.42
ME00507,CA03191,75%,-0.197,0.165
ME00508,CA06361,100%,0.0533,0.153
ME00509,CA06897,75%,0.1368,0.345
ME00510,CA00420,25%,0.0091,0.111
ME00511,CA05509,100%,0.0226,0.302
ME00512,CA03366,100%,-0.1673,0.17
ME00513,CA02424,100%,0.3184,0.148
ME00514,CA03600,100%,-0.1485,0.15
ME00515,CA00006,100%,0.1255,0.325
ME00516,CA06706,25%,0.0028,0.476
ME00517,CA02060,25%,-0.1972,0.235
ME00518,CA02797,100%,0.1511,0.444
ME00519,CA01483,25%,0.0298,0.244
ME00520,CA01722,50%,0.303,0.192
ME00521,CA04516,100%,-0.0268,0.209
ME00522,CA04414,75%,-0.2776,0.202
ME00523,CA05851,50%,-0.1619,0.465
ME00524,CA04187,75%,-0.0484,0.307
ME00525,CA00273,100%,-0.122,0.345
ME00526,CA02384,75%,-0.0635,0.167
ME00527,CA01857,100%,-0.1637,0.2
ME00528,CA00524,25%,-0.2119,0.483
ME00529,CA04942,100%,-0.1202,0.373
ME00530,CA03898,25%,0.0144,0.49
ME00531,CA04136,100%,-0.0478,0.468
ME00532,CA04127,25%,0.1776,0.475
ME00533,CA02701,50%,0.1183,0.254
ME00534,CA01329,75%,-0.0231,0.225
ME00535,CA06903,50%,-0.0612,0.101
ME00536,CA03066,75%,0.0297,0.416
ME00537,CA03589,100%,0.2583,0.445
ME00538,CA04894,50%,-0.022,0.196
ME00539,CA00684,50%,-0.0555,0.168
ME00540,CA01925,75%,-0.2684,0.218
ME00541,CA05260,25%,0.393,0.207
ME00542,CA01366,50%,-0.106,0.257
ME00543,CA04323,75%,0.0059,0.452
ME00544,CA00828,50%,-0.208,0.406
ME00545,CA00019,25%,-0.1254,0.385
ME00546,CA05095,100%,0.0254,0.203
ME00547,CA00578,50%,0.0652,0.279
ME00548,CA01647,75%,-0.4137,0.203
ME00549,CA00494,75%,0.0516,0.202
ME00550,CA04045,25%,0.2392,0.171
ME00551,CA06968,25%,-0.1787,0.237
ME00552,CA05610,25%,-0.1556,0.251
ME00553,CA05558,25%,0.0491,0.307
ME00554,CA03882,25%,-0.0321,0.197
ME00555,CA01553,100%,-0.1324,0.228
ME00556,CA02998,50%,-0.0183,0.492
ME00557,CA02408,50%,0.0959,0.366
ME00558,CA05846,75%,-0.0324,0.493
ME00559,CA03043,75%,0.1429,0.177
ME00560,CA03998,50%,0.0821,0.469
ME00561,CA00528,50%,0.1774,0.248
ME00562,CA02423,50%,0.2348,0.253
ME00563,CA03617,75%,-0.223,0.454
ME00564,CA06299,50%,0.2363,0.464
ME00565,CA03311,75%,-0.0307,0.21
ME00566,CA06861,50%,-0.1319,0.18
ME00567,CA01166,100%,-0.232,0.217
ME00568,CA03966,75%,-0.1662,0.183
ME00569,CA01515,50%,-0.1133,0.352
ME00570,CA01947,75%,0.3058,0.26
ME00571,CA03990,100%,-0.0873,0.266
ME00572,CA01132,75%,0.1934,0.112
ME00573,CA02491,100%,-0.2006,0.471
ME00574,CA03589,25%,0.0574,0.485
ME00575,CA01005,50%,0.0372,0.435
ME00576,CA05000,50%,-0.1788,0.364
ME00577,CA00472,50%,0.2327,0.25
ME00578,CA01341,75%,-0.111,0.494
ME00579,CA01075,50%,0.3228,0.401
ME00580,CA00782,50%,0.5109,0.437
ME00581,CA00176,75%,-0.0801,0.161
ME00582,CA01442,75%,0.1152,0.477
ME00583,CA05098,75%,-0.0751,0.38
ME00584,CA01038,100%,0.0371,0.119
ME00585,CA06835,100%,-0.2252,0.473
ME00586,CA00020,75%,0.433,0.485
ME00587,CA01118,75%,0.1557,0.47
ME00588,CA05023,100%,-0.0472,0.178
ME00589,CA05931,100%,-0.032,0.311
ME00590,CA01070,50%,0.0895,0.452
ME00591,CA06732,100%,-0.1533,0.431
ME00592,CA07147,100%,0.1072,0.301
ME00593,CA04943,25%,-0.1603,0.372
ME00594,CA03073,25%,-0.147,0.487
ME00595,CA00838,50%,0.0764,0.364
ME00596,CA05858,50%,-0.4989,0.5
ME00597,CA01639,75%,0.1535,0.412
ME00598,CA06190,75%,0.2065,0.244
ME00599,CA06472,75%,-0.0525,0.241
ME00600,CA03310,25%,0.2061,0.264
ME00601,CA00082,75%,0.2286,0.436
ME00602,CA01025,50%,-0.0454,0.469
ME00603,CA04870,100%,0.3522,0.159
ME00604,CA00825,100%,0.2915,0.344
ME00605,CA00816,25%,0.1145,0.193
ME00606,CA06250,100%,0.043,0.17
ME00607,CA02070,25%,-0.0002,0.372
ME00608,CA05314,75%,0.3124,0.202
ME00609,CA06723,25%,-0.2168,0.222
ME00610,CA04193,25%,-0.0495,0.495
ME00611,CA07192,50%,0.1797,0.292
ME00612,CA06899,100%,0.2096,0.161
ME00613,CA03338,50%,0.1058,0.273
ME00614,CA02040,75%,-0.22,0.38
ME00615,CA02878,100%,0.1904,0.386
ME00616,CA06607,25%,-0.0367,0.302
ME00617,CA01501,25%,-0.0195,0.117
ME00618,CA04619,25%,0.1105,0.371
ME00619,CA05721,50%,-0.0119,0.27
ME00620,CA02943,50%,0.371,0.306
ME00621,CA06881,75%,0.0753,0.14
ME00622,CA06508,75%,0.0129,0.177
ME00623,CA01598,25%,0.4502,0.134
ME00624,CA03233,100%,0.0829,0.411
ME00625,CA01004,25%,0.3578,0.29
ME00626,CA02116,100%,-0.0603,0.36
ME00627,CA06030,50%,0.0015,0.136
ME00628,CA04633,75%,-0.0326,0.437
ME00629,CA03792,75%,0.0048,0.306
ME00630,CA01419,50%,0.273,0.272
ME00631,CA02728,75%,0.2011,0.119
ME00632,CA06947,25%,-0.1254,0.263
ME00633,CA06483,100%,-0.0752,0.425
ME00634,CA03008,100%,-0.1045,0.476
ME00635,CA02876,25%,-0.0075,0.157
ME00636,CA01901,25%,-0.0598,0.475
ME00637,CA05738,50%,-0.1117,0.208
ME00638,CA07197,50%,-0.1161,0.42
ME00639,CA02086,75%,0.0628,0.436
ME00640,CA04121,100%,-0.1284,0.397
ME00641,CA01058,25%,-0.3777,0.44
ME00642,CA00246,75%,0.2191,0.426
ME00643,CA03431,100%,-0.2718,0.178
ME00644,CA02228,75%,0.2792,0.344
ME00645,CA04812,100%,-0.2544,0.281
ME00646,CA01970,100%,0.1882,0.498
ME00647,CA00552,100%,-0.1353,0.329
ME00648,CA02220,100%,0.2038,0.467
ME00649,CA03125,100%,0.0021,0.222
ME00650,CA01153,100%,-0.1657,0.426
ME00651,CA00308,75%,0.1004,0.441
ME00652,CA05584,25%,0.0412,0.333
ME00653,CA02267,50%,0.2005,0.42
ME00654,CA00667,75%,-0.0003,0.196
ME00655,CA04576,50%,-0.2298,0.39
ME00656,CA05361,25%,-0.2214,0.267
ME00657,CA03109,25%,0.2063,0.462
ME00658,CA06641,100%,0.1059,0.206
ME00659,CA02415,25%,0.2427,0.154
ME00660,CA00800,50%,-0.536,0.351
ME00661,CA03853,25%,-0.1021,0.207
ME00662,CA00222,50%,0.006,0.396
ME00663,CA02512,50%,-0.2254,0.299
ME00664,CA00385,25%,-0.023,0.359
ME00665,CA01198,25%,-0.2784,0.166
ME00666,CA03570,100%,-0.1739,0.439
ME00667,CA06769,25%,0.0853,0.266
ME00668,CA00891,25%,-0.3198,0.11
ME00669,CA06749,100%,-0.1719,0.132
ME00670,CA02627,100%,0.0251,0.22
ME00671,CA06320,50%,0.1838,0.394
ME00672,CA04365,100%,0.1222,0.229
ME00673,CA06621,25%,-0.1487,0.219
ME00674,CA05015,25%,-0.1017,0.318
ME00675,CA05469,50%,-0.0905,0.124
ME00676,CA01271,50%,0.3094,0.297
ME00677,CA03064,100%,0.0745,0.216
ME00678,CA00134,50%,0.0265,0.14
ME00679,CA06312,25%,-0.0311,0.121
ME00680,CA00417,25%,0.1224,0.42
ME00681,CA06062,75%,-0.034,0.17
ME00682,CA04942,50%,-0.2963,0.449
ME00683,CA01207,75%,0.0175,0.205
ME00684,CA06339,100%,0.0584,0.433
ME00685,CA00272,25%,-0.0027,0.264
ME00686,CA00718,75%,0.1462,0.21
ME00687,CA02297,25%,-0.0683,0.441
ME00688,CA02321,50%,0.254,0.244
ME00689,CA03714,100%,0.0027,0.208
ME00690,CA05265,75%,0.066,0.163
ME00691,CA03205,100%,0.1869,0.259
ME00692,CA03631,50%,0.1281,0.197
ME00693,CA00386,25%,0.133,0.118
ME00694,CA04557,25%,-0.101,0.446
ME00695,CA06460,100%,-0.2375,0.1
ME00696,CA03933,75%,-0.0335,0.324
ME00697,CA01654,75%,-0.158,0.29
ME00698,CA03237,50%,0.1483,0.299
ME00699,CA02814,100%,-0.2488,0.45
ME00700,CA01702,100%,-0.0273,0.4
ME00701,CA04535,100%,-0.0801,0.375
ME00702,CA04444,25%,-0.1831,0.446
ME00703,CA04614,50%,-0.138,0.382
ME00704,CA03232,100%,0.0436,0.448
ME00705,CA00915,75%,0.0326,0.171
ME00706,CA01260,75%,-0.1819,0.425
ME00707,CA01174,100%,0.1617,0.405
ME00708,CA01351,100%,-0.2938,0.269
ME00709,CA06604,75%,-0.142,0.422
ME00710,CA03978,100%,-0.0219,0.115
ME00711,CA00971,100%,-0.0119,0.458
ME00712,CA06987,75%,0.0748,0.197
ME00713,CA04107,75%,-0.2767,0.5
ME00714,CA01065,100%,0.0442,0.422
ME00715,CA02780,25%,-0.0363,0.398
ME00716,CA05628,25%,-0.1705,0.149
ME00717,CA06819,75%,0.0772,0.109
ME00718,CA06487,50%,0.2181,0.326
ME00719,CA07089,75%,0.1232,0.412
ME00720,CA04278,25%,0.0008,0.132
ME00721,CA02381,100%,0.0143,0.183
ME00722,CA00020,25%,0.197,0.378
ME00723,CA05536,25%,-0.3011,0.149
ME00724,CA01270,50%,0.214,0.225
ME00725,CA02815,100%,0.0585,0.295
ME00726,CA06849,25%,0.3721,0.362
ME00727,CA07096,100%,0.186,0.483
ME00728,CA03299,100%,-0.0022,0.483
ME00729,CA06386,50%,0.0312,0.134
ME00730,CA03327,25%,-0.0595,0.119
ME00731,CA01118,75%,0.0673,0.331
ME00732,CA03519,50%,-0.0962,0.243
ME00733,CA03109,25%,0.023,0.203
ME00734,CA05958,50%,0.1397,0.218
ME00735,CA01356,25%,0.3684,0.441
ME00736,CA01102,25%,-0.1999,0.28
ME00737,CA01685,25%,-0.1051,0.318
ME00738,CA04084,25%,0.1006,0.462
ME00739,CA00940,25%,0.112,0.495
ME00740,CA04090,75%,0.1542,0.331
ME00741,CA04053,25%,-0.1487,0.421
ME00742,CA00039,25%,-0.1081,0.498
ME00743,CA02363,100%,0.0727,0.338
ME00744,CA00980,50%,-0.0891,0.214
ME00745,CA00545,50%,-0.1187,0.159
ME00746,CA00601,50%,0.1808,0.287
ME00747,CA06619,100%,-0.2647,0.146
ME00748,CA01292,75%,-0.1549,0.2
ME00749,CA06619,75%,0.1506,0.298
ME00750,CA06357,25%,0.2142,0.126
ME00751,CA04146,25%,-0.0368,0.14
ME00752,CA03310,25%,0.0339,0.219
ME00753,CA02318,25%,0.2097,0.165
ME00754,CA04355,25%,-0.0698,0.118
ME00755,CA06018,75%,0.0722,0.373
ME00756,CA00554,50%,-0.0228,0.47
ME00757,CA01117,100%,-0.1271,0.306
ME00758,CA01629,75%,-0.2087,0.473
ME00759,CA01681,50%,0.2086,0.326
ME00760,CA04294,25%,0.1386,0.375
ME00761,CA03496,100%,-0.0133,0.326
ME00762,CA02867,100%,-0.1872,0.48
ME00763,CA04684,100%,0.1176,0.418
ME00764,CA00480,75%,0.0187,0.477
ME00765,CA02028,100%,0.2835,0.488
ME00766,CA05037,100%,0.0948,0.227
ME00767,CA06316,25%,0.0903,0.217
ME00768,CA01361,100%,-0.0735,0.412
ME00769,CA05547,50%,0.1139,0.312
ME00770,CA00277,100%,0.1343,0.268
ME00771,CA01271,25%,0.0118,0.307
ME00772,CA06243,100%,-0.3285,0.343
ME00773,CA03890,100%,-0.2107,0.464
ME00774,CA03655,25%,0.0215,0.475
ME00775,CA01470,50%,-0.119,0.239
ME00776,CA01268,75%,-0.0944,0.251
ME00777,CA05013,75%,0.1694,0.204
ME00778,CA04598,50%,-0.1723,0.479
ME00779,CA02189,100%,0.2831,0.24
ME00780,CA02531,50%,-0.1654,0.243
ME00781,CA06493,50%,-0.0879,0.134
ME00782,CA02109,50%,-0.0504,0.351
ME00783,CA02238,50%,0.1562,0.337
ME00784,CA00965,25%,-0.048,0.157
ME00785,CA02740,75%,0.088,0.235
ME00786,CA03585,75%,-0.0837,0.422
ME00787,CA01666,100%,0.2465,0.388
ME00788,CA00204,100%,0.0138,0.257
ME00789,CA03073,75%,0.0726,0.26
ME00790,CA01198,25%,0.0034,0.144
ME00791,CA00924,50%,0.2031,0.324
ME00792,CA06868,25%,-0.0032,0.14
ME00793,CA06189,100%,0.0264,0.427
ME00794,CA00192,25%,-0.0463,0.37
ME00795,CA01167,25%,-0.1142,0.245
ME00796,CA05404,25%,0.0331,0.433
ME00797,CA00334,100%,-0.0993,0.319
ME00798,CA06735,100%,0.1593,0.458
ME00799,CA04559,75%,0.2182,0.176
ME00800,CA04646,50%,0.1284,0.189
ME00801,CA05083,50%,-0.0848,0.267
ME00802,CA01797,50%,0.1705,0.355
ME00803,CA03662,75%,-0.0481,0.294
ME00804,CA02140,100%,-0.145,0.351
ME00805,CA01050,25%,-0.2964,0.25
ME00806,CA00199,75%,-0.264,0.331
ME00807,CA02797,75%,-0.1363,0.307
ME00808,CA00827,25%,0.0246,0.241
ME00809,CA00580,25%,0.137,0.195
ME00810,CA04202,50%,-0.1979,0.255
ME00811,CA04855,75%,-0.1178,0.229
ME00812,CA06700,100%,0.0374,0.307
ME00813,CA03007,25%,0.027,0.38
ME00814,CA03270,100%,0.1463,0.373
ME00815,CA05420,75%,-0.0976,0.298
ME00816,CA07071,100%,0.2939,0.143
ME00817,CA03974,25%,0.0527,0.351
ME00818,CA01706,25%,-0.0135,0.476
ME00819,CA02423,50%,-0.4177,0.319
ME00820,CA05330,25%,0.0437,0.109
ME00821,CA06786,100%,-0.1724,0.103
ME00822,CA00947,50%,-0.0903,0.465
ME00823,CA01225,25%,-0.2459,0.3
ME00824,CA06417,75%,0.1231,0.144
ME00825,CA02073,75%,0.1972,0.374
ME00826,CA05402,100%,0.335,0.268
ME00827,CA02042,25%,-0.0011,0.252
ME00828,CA04648,50%,-0.069,0.322
ME00829,CA03509,100%,0.1464,0.349
ME00830,CA02316,50%,0.3066,0.215
ME00831,CA04741,25%,0.3107,0.143
ME00832,CA04258,75%,-0.0419,0.131
ME00833,CA02220,50%,0.1793,0.329
ME00834,CA05598,75%,0.0202,0.149
ME00835,CA04644,50%,0.1819,0.13
ME00836,CA02281,25%,-0.2526,0.213
ME00837,CA04250,75%,0.3386,0.153
ME00838,CA06109,100%,0.0311,0.156
ME00839,CA05095,25%,0.2383,0.439
ME00840,CA04385,75%,-0.0604,0.164
ME00841,CA04042,100%,0.2851,0.404
ME00842,CA04929,100%,-0.1229,0.288
ME00843,CA04966,50%,0.0892,0.119
ME00844,CA01970,25%,-0.2069,0.368
ME00845,CA03321,50%,-0.1737,0.166
ME00846,CA01989,50%,0.2182,0.308
ME00847,CA04394,75%,0.2854,0.445
ME00848,CA05691,100%,0.0844,0.355
ME00849,CA01692,75%,0.1851,0.357
ME00850,CA01174,75%,0.0948,0.155
ME00851,CA02986,75%,-0.1611,0.274
ME00852,CA06104,50%,-0.0284,0.399
ME00853,CA01116,50%,-0.0525,0.362
ME00854,CA00693,25%,0.0084,0.175
ME00855,CA05435,100%,-0.2064,0.45
ME00856,CA02184,75%,0.1185,0.338
ME00857,CA06948,75%,0.0492,0.138
ME00858,CA02900,25%,-0.0806,0.429
ME00859,CA01183,25%,-0.257,0.301
ME00860,CA05861,100%,0.1742,0.131
ME00861,CA00658,75%,0.163,0.321
ME00862,CA05208,25%,0.1298,0.429
ME00863,CA03160,100%,-0.0522,0.376
ME00864,CA06331,50%,0.021,0.235
ME00865,CA02237,75%,0.1689,0.352
ME00866,CA03533,100%,-0.123,0.213
ME00867,CA00991,50%,-0.0931,0.181
ME00868,CA02150,50%,-0.0917,0.222
ME00869,CA00373,75%,-0.0784,0.246
ME00870,CA06449,75%,-0.122,0.101
ME00871,CA00988,25%,0.0073,0.287
ME00872,CA05133,100%,0.1967,0.24
ME00873,CA05034,25%,-0.094,0.281
ME00874,CA05222,50%,-0.3636,0.145
ME00875,CA06837,50%,-0.3731,0.218
ME00876,CA06955,25%,0.2392,0.268
ME00877,CA01006,75%,-0.0365,0.15
ME00878,CA05243,50%,-0.1755,0.399
ME00879,CA06568,100%,-0.0191,0.277
ME00880,CA00097,50%,-0.1742,0.413
ME00881,CA04470,50%,-0.0585,0.311
ME00882,CA01737,100%,-0.2199,0.236
ME00883,CA06193,75%,0.205,0.412
ME00884,CA00733,100%,-0.0626,0.429
ME00885,CA02111,25%,-0.0813,0.163
ME00886,CA01059,75%,-0.1183,0.246
ME00887,CA01916,25%,-0.1367,0.101
ME00888,CA06143,50%,0.1096,0.492
ME00889,CA06373,100%,-0.05,0.388
ME00890,CA04627,25%,-0.4936,0.294
ME00891,CA06718,75%,0.1747,0.457
ME00892,CA03146,75%,-0.3393,0.229
ME00893,CA03719,50%,-0.1091,0.217
ME00894,CA00790,50%,-0.1393,0.227
ME00895,CA01609,25%,-0.1785,0.247
ME00896,CA06675,100%,0.0375,0.129
ME00897,CA00986,25%,-0.3688,0.317
ME00898,CA02031,50%,-0.2058,0.214
ME00899,CA00613,75%,-0.4244,0.393
ME00900,CA03398,100%,-0.0939,0.347
ME00901,CA05412,100%,-0.011,0.232
ME00902,CA02261,25%,-0.2275,0.106
ME00903,CA03915,100%,0.1524,0.284
ME00904,CA00789,100%,-0.1242,0.439
ME00905,CA05322,25%,0.1157,0.138
ME00906,CA00528,50%,-0.0831,0.49
ME00907,CA04999,25%,0.133,0.138
ME00908,CA05091,75%,-0.2294,0.457
ME00909,CA03905,100%,-0.1317,0.16
ME00910,CA06705,75%,0.2261,0.325
ME00911,CA02244,100%,0.0292,0.344
ME00912,CA01948,75%,-0.2047,0.335
ME00913,CA06580,25%,-0.3254,0.184
ME00914,CA05262,100%,-0.0901,0.459
ME00915,CA03069,50%,0.1025,0.41
ME00916,CA01503,75%,0.2099,0.172
ME00917,CA03764,50%,-0.1624,0.168
ME00918,CA06449,50%,-0.1004,0.352
ME00919,CA03648,25%,-0.0703,0.321
ME00920,CA05394,100%,-0.0206,0.44
ME00921,CA02219,25%,0.3211,0.342
ME00922,CA06706,100%,-0.0402,0.479
ME00923,CA03503,75%,0.0168,0.289
ME00924,CA04172,25%,-0.1426,0.474
ME00925,CA06577,100%,-0.2371,0.102
ME00926,CA05842,50%,-0.0552,0.172
ME00927,CA04973,100%,0.0062,0.183
ME00928,CA02203,50%,0.1945,0.234
ME00929,CA05006,25%,0.0388,0.205
ME00930,CA01334,25%,0.3443,0.374
ME00931,CA04084,100%,-0.0212,0.49
ME00932,CA04281,100%,-0.1796,0.362
ME00933,CA01469,100%,0.0125,0.439
ME00934,CA04404,25%,0.2327,0.364
ME00935,CA03041,75%,0.3103,0.48
ME00936,CA04424,75%,-0.0356,0.127
ME00937,CA02554,50%,0.2004,0.24
ME00938,CA01263,100%,-0.0819,0.457
ME00939,CA03595,50%,0.2728,0.37
ME00940,CA04024,100%,0.0271,0.249
ME00941,CA03953,75%,-0.0107,0.15
ME00942,CA06852,75%,-0.2494,0.199
ME00943,CA01573,25%,-0.3406,0.235
ME00944,CA03358,75%,-0.169,0.122
ME00945,CA06115,75%,0.1085,0.465
ME00946,CA02884,50%,-0.0333,0.296
ME00947,CA01996,50%,-0.2211,0.347
ME00948,CA01337,25%,0.0353,0.367
ME00949,CA05860,50%,-0.0286,0.392
ME00950,CA03685,75%,0.2,0.162
ME00951,CA03685,75%,-0.0421,0.228
ME00952,CA04161,100%,0.211,0.374
ME00953,CA06112,75%,-0.3025,0.179
ME00954,CA00586,25%,-0.3159,0.318
ME00955,CA00620,25%,0.1525,0.168
ME00956,CA03494,100%,0.1318,0.138
ME00957,CA04141,25%,0.1269,0.417
ME00958,CA07147,100%,0.2054,0.308
ME00959,CA05658,50%,0.0582,0.222
ME00960,CA00514,50%,0.3469,0.433
ME00961,CA00950,100%,-0.1305,0.237
ME00962,CA02675,100%,0.0613,0.407
ME00963,CA05110,50%,0.025,0.239
ME00964,CA05175,100%,-0.166,0.12
ME00965,CA00185,25%,0.3649,0.337
ME00966,CA00966,75%,0.2229,0.106
ME00967,CA01074,50%,-0.1703,0.187
ME00968,CA04630,100%,-0.0367,0.199
ME00969,CA02168,25%,0.004,0.154
ME00970,CA05884,25%,0.1578,0.228
ME00971,CA06645,50%,-0.0971,0.491
ME00972,CA03774,75%,0.0554,0.24
ME00973,CA01938,50%,0.0206,0.299
ME00974,CA05393,50%,0.3028,0.251
ME00975,CA05862,25%,0.0113,0.492
ME00976,CA01474,50%,0.2114,0.238
ME00977,CA04745,100%,0.1759,0.307
ME00978,CA05275,75%,-0.1202,0.301
ME00979,CA05724,75%,0.1569,0.42
ME00980,CA05301,100%,-0.1631,0.267
ME00981,CA05301,25%,0.0381,0.29
ME00982,CA03383,25%,-0.165,0.356
ME00983,CA00852,75%,-0.0918,0.299
ME00984,CA05320,25%,0.1029,0.42
ME00985,CA04435,50%,0.3718,0.104
ME00986,CA06325,50%,-0.2186,0.3
ME00987,CA03575,25%,-0.348,0.266
ME00988,CA04839,50%,-0.317,0.195
ME00989,CA07036,100%,0.0159,0.381
ME00990,CA04750,25%,-0.266,0.45
ME00991,CA04632,25%,0.415,0.393
ME00992,CA06715,100%,-0.3155,0.316
ME00993,CA04582,100%,0.2741,0.44
ME00994,CA04315,100%,-0.034,0.294
ME00995,CA04095,75%,-0.0564,0.408
ME00996,CA03361,100%,0.1285,0.361
ME00997,CA01239,100%,-0.0461,0.301
ME00998,CA04757,100%,-0.3338,0.211
ME00999,CA02437,25%,-0.0545,0.434
ME01000,CA00719,50%,0.1155,0.344
ME01001,CA00645,75%,-0.1473,0.362
ME01002,CA02118,75%,-0.085,0.366
ME01003,CA01049,75%,0.2631,0.373
ME01004,CA01792,25%,0.3033,0.176
ME01005,CA03866,25%,0.361,0.331
ME01006,CA04185,100%,-0.202,0.158
ME01007,CA01484,25%,0.0002,0.483
ME01008,CA02817,50%,-0.0208,0.272
ME01009,CA01539,50%,-0.2718,0.131
ME01010,CA00486,50%,0.1353,0.257
ME01011,CA00061,50%,-0.211,0.274
ME01012,CA01121,100%,-0.0069,0.418
ME01013,CA02023,100%,-0.1842,0.115
ME01014,CA00857,50%,0.0942,0.148
ME01015,CA06359,100%,0.0244,0.417
ME01016,CA04834,75%,-0.0181,0.194
ME01017,CA03608,75%,-0.1906,0.383
ME01018,CA02412,50%,0.0637,0.495
ME01019,CA06020,100%,-0.2999,0.478
ME01020,CA05534,25%,0.4771,0.318
ME01021,CA05159,75%,0.0857,0.112
ME01022,CA07012,100%,0.132,0.27
ME01023,CA06919,25%,-0.0528,0.29
ME01024,CA03211,100%,0.1307,0.336
ME01025,CA04627,100%,0.3124,0.248
ME01026,CA06283,75%,0.1842,0.387
ME01027,CA03161,100%,-0.0839,0.299
ME01028,CA03328,100%,0.0462,0.485
ME01029,CA02694,100%,-0.0878,0.156
ME01030,CA02081,50%,-0.1233,0.109
ME01031,CA05820,50%,0.1414,0.464
ME01032,CA04946,75%,0.2128,0.334
ME01033,CA04496,50%,0.1311,0.433
ME01034,CA00534,50%,0.2945,0.421
ME01035,CA01417,25%,-0.0757,0.214
ME01036,CA00724,100%,0.2777,0.184
ME01037,CA02157,50%,0.0589,0.341
ME01038,CA05187,75%,-0.0354,0.443
ME01039,CA01855,50%,-0.1281,0.429
ME01040,CA02748,75%,0.3948,0.226
ME01041,CA05106,100%,-0.0312,0.406
ME01042,CA04182,100%,0.0008,0.186
ME01043,CA06502,75%,0.416,0.288
ME01044,CA01077,25%,-0.0165,0.409
ME01045,CA04134,25%,0.0553,0.326
ME01046,CA00367,50%,-0.2744,0.481
ME01047,CA01054,75%,0.207,0.272
ME01048,CA01151,25%,-0.1071,0.402
ME01049,CA04975,100%,-0.217,0.367
ME01050,CA04646,75%,-0.0843,0.237
ME01051,CA06834,75%,-0.0992,0.4
ME01052,CA01772,25%,0.2644,0.187
ME01053,CA06210,25%,0.0586,0.358
ME01054,CA03220,75%,0.1492,0.32
ME01055,CA01125,75%,0.021,0.394
ME01056,CA07033,100%,0.0785,0.119
ME01057,CA00892,75%,0.2329,0.459
ME01058,CA01954,50%,-0.0396,0.455
ME01059,CA00135,25%,0.0581,0.244
ME01060,CA06586,50%,0.1782,0.473
ME01061,CA05790,75%,-0.1061,0.196
ME01062,CA04335,50%,0.1539,0.311
ME01063,CA03003,50%,0.0595,0.289
ME01064,CA06655,75%,-0.0955,0.192
ME01065,CA03473,75%,0.4176,0.37
ME01066,CA06780,25%,0.4113,0.499
ME01067,CA01159,75%,-0.2979,0.353
ME01068,CA03601,25%,0.2253,0.18
ME01069,CA02250,25%,-0.0467,0.276
ME01070,CA01627,50%,-0.0336,0.202
ME01071,CA00599,100%,0.0499,0.495
ME01072,CA00962,100%,0.301,0.131
ME01073,CA06513,25%,0.0937,0.283
ME01074,CA06622,25%,-0.0837,0.36
ME01075,CA00314,50%,-0.1894,0.211
ME01076,CA01610,100%,0.1297,0.346
ME01077,CA04324,50%,0.0655,0.119
ME01078,CA03467,25%,0.04,0.334
ME01079,CA05931,50%,0.0648,0.439
ME01080,CA00188,25%,-0.0617,0.202
ME01081,CA02510,50%,-0.3239,0.47
ME01082,CA01019,75%,0.121,0.412
ME01083,CA04319,100%,0.0195,0.377
ME01084,CA05135,25%,-0.1342,0.118
ME01085,CA02423,25%,-0.0093,0.358
ME01086,CA05407,100%,-0.197,0.26
ME01087,CA05484,100%,-0.1984,0.272
ME01088,CA03082,100%,-0.2107,0.374
ME01089,CA04435,50%,-0.1104,0.324
ME01090,CA04177,50%,0.1321,0.13
ME01091,CA02205,25%,0.1263,0.213
ME01092,CA05511,25%,-0.133,0.156
ME01093,CA04735,75%,0.0697,0.463
ME01094,CA04150,50%,0.2319,0.123
ME01095,CA00493,25%,0.1303,0.49
ME01096,CA01215,75%,0.0238,0.476
ME01097,CA06122,75%,0.2937,0.144
ME01098,CA05505,100%,0.1395,0.121
ME01099,CA00064,75%,0.3045,0.365
ME01100,CA05633,100%,0.0348,0.447
ME01101,CA03916,100%,0.5602,0.202
ME01102,CA06488,100%,0.006,0.368
ME01103,CA06544,100%,0.1151,0.188
ME01104,CA04923,100%,0.0218,0.409
ME01105,CA02477,100%,-0.1511,0.335
ME01106,CA03428,25%,0.0406,0.363
ME01107,CA04679,50%,0.064,0.117
ME01108,CA03046,75%,0.0141,0.123
ME01109,CA05016,25%,0.146,0.108
ME01110,CA03588,25%,-0.2764,0.301
ME01111,CA01966,100%,-0.2877,0.162
ME01112,CA03775,75%,0.0984,0.174
ME01113,CA00516,50%,-0.1078,0.115
ME01114,CA05169,100%,-0.1818,0.49
ME01115,CA06583,75%,-0.0243,0.197
ME01116,CA00094,25%,0.0115,0.371
ME01117,CA04846,100%,0.2375,0.202
ME01118,CA03799,25%,-0.1628,0.325
ME01119,CA03046,50%,0.0452,0.184
ME01120,CA06331,100%,-0.1355,0.424
ME01121,CA03648,100%,-0.077,0.261
ME01122,CA07185,75%,-0.0905,0.458
ME01123,CA02463,100%,0.0689,0.233
ME01124,CA03874,50%,-0.1161,0.34
ME01125,CA00265,75%,0.2187,0.479
ME01126,CA03825,50%,0.0309,0.282
ME01127,CA06351,100%,-0.0185,0.152
ME01128,CA03353,100%,-0.2899,0.475
ME01129,CA02277,75%,0.0483,0.181
ME01130,CA04667,50%,-0.089,0.35
ME01131,CA02729,100%,-0.0023,0.396
ME01132,CA03713,75%,-0.2752,0.118
ME01133,CA06457,75%,-0.2199,0.197
ME01134,CA03273,25%,0.2781,0.462
ME01135,CA04571,100%,-0.0332,0.414
ME01136,CA00200,75%,-0.123,0.137
ME01137,CA04965,50%,-0.0399,0.131
ME01138,CA05266,75%,-0.1374,0.29
ME01139,CA06932,75%,0.1306,0.479
ME01140,CA02461,100%,-0.1151,0.389
ME01141,CA05173,100%,0.2332,0.282
ME01142,CA07177,50%,-0.4075,0.165
ME01143,CA02459,100%,0.0246,0.418
ME01144,CA01370,50%,-0.1374,0.155
ME01145,CA04001,75%,0.169,0.422
ME01146,CA05816,75%,0.0043,0.194
ME01147,CA02117,25%,0.0824,0.4
ME01148,CA03584,50%,-0.0657,0.303
ME01149,CA04712,25%,-0.1947,0.454
ME01150,CA05366,75%,0.0977,0.374
ME01151,CA05629,50%,0.0478,0.33
ME01152,CA03780,75%,0.2289,0.495
ME01153,CA00740,100%,-0.0075,0.499
ME01154,CA01718,75%,0.0489,0.147
ME01155,CA04045,100%,0.0566,0.446
ME01156,CA04090,25%,0.0173,0.479
ME01157,CA05425,100%,0.0867,0.175
ME01158,CA06876,50%,0.4027,0.191
ME01159,CA05182,50%,0.1711,0.475
ME01160,CA05936,25%,0.3661,0.414
ME01161,CA02208,50%,0.0269,0.355
ME01162,CA05128,100%,0.1422,0.159
ME01163,CA02699,75%,0.2691,0.386
ME01164,CA02531,25%,0.4111,0.184
ME01165,CA03840,25%,-0.2299,0.317
ME01166,CA06848,25%,0.094,0.416
ME01167,CA01945,100%,0.2216,0.225
ME01168,CA00031,100%,0.1855,0.439
ME01169,CA01955,75%,-0.1275,0.425
ME01170,CA03844,50%,-0.0582,0.313
ME01171,CA03753,100%,0.0813,0.231
ME01172,CA02129,75%,-0.054,0.269
ME01173,CA03417,75%,0.1039,0.374
ME01174,CA02836,25%,-0.0855,0.164
ME01175,CA05974,100%,-0.1865,0.242
ME01176,CA05682,50%,0.0197,0.283
ME01177,CA06478,75%,0.2703,0.475
ME01178,CA03263,50%,-0.0823,0.246
ME01179,CA06950,75%,-0.1671,0.331
ME01180,CA03499,100%,-0.0515,0.104
ME01181,CA03573,25%,-0.0331,0.208
ME01182,CA04889,75%,0.3671,0.478
ME01183,CA02599,75%,-0.0915,0.302
ME01184,CA03235,100%,0.0144,0.112
ME01185,CA00299,75%,0.2687,0.403
ME01186,CA02661,50%,0.0879,0.229
ME01187,CA04728,100%,0.2092,0.244
ME01188,CA07076,25%,0.064,0.383
ME01189,CA04835,50%,-0.0332,0.471
ME01190,CA06261,50%,0.1097,0.203
ME01191,CA06377,25%,-0.0971,0.484
ME01192,CA01561,25%,0.119,0.394
ME01193,CA04192,75%,0.0018,0.18
ME01194,CA00964,25%,0.0046,0.278
ME01195,CA01892,100%,0.3287,0.319
ME01196,CA04535,25%,-0.0742,0.401
ME01197,CA01054,25%,0.0456,0.335
ME01198,CA03593,100%,-0.1015,0.353
ME01199,CA04484,25%,0.2509,0.27
ME01200,CA02029,50%,0.2347,0.323
ME01201,CA02636,75%,0.102,0.213
ME01202,CA00894,25%,-0.16,0.49
ME01203,CA01007,50%,-0.2229,0.274
ME01204,CA03391,75%,-0.0595,0.333
ME01205,CA00070,25%,-0.2368,0.287
ME01206,CA05597,50%,-0.0984,0.472
ME01207,CA05596,25%,-0.037,0.328
ME01208,CA05494,50%,0.1254,0.181
ME01209,CA04084,100%,-0.2426,0.109
ME01210,CA01819,75%,0.0749,0.453
ME01211,CA03634,100%,0.0404,0.47
ME01212,CA07177,100%,0.1373,0.127
ME01213,CA02992,25%,0.0538,0.249
ME01214,CA07030,100%,-0.0529,0.358
ME01215,CA06694,50%,0.0793,0.202
ME01216,CA07163,50%,0.0586,0.124
ME01217,CA02244,50%,-0.4065,0.409
ME01218,CA01866,100%,0.0705,0.482
ME01219,CA03805,25%,0.0002,0.375
ME01220,CA03957,50%,0.1353,0.444
ME01221,CA05349,100%,0.0176,0.166
ME01222,CA05167,25%,0.2191,0.259
ME01223,CA06399,75%,-0.0107,0.275
ME01224,CA00250,25%,0.256,0.252
ME01225,CA04692,100%,-0.2326,0.484
ME01226,CA06781,50%,0.0227,0.358
ME01227,CA05339,75%,0.1354,0.25
ME01228,CA03109,75%,0.0471,0.444
ME01229,CA05408,25%,0.0572,0.408
ME01230,CA03873,100%,-0.1558,0.309
ME01231,CA04001,100%,0.1448,0.263
ME01232,CA04507,50%,-0.0153,0.273
ME01233,CA00206,25%,-0.2822,0.271
ME01234,CA05916,75%,-0.0099,0.473
ME01235,CA05597,75%,-0.1151,0.459
ME01236,CA06673,100%,0.068,0.346
ME01237,CA04111,100%,0.1453,0.28
ME01238,CA01442,50%,0.0972,0.205
ME01239,CA01275,100%,0.0566,0.392
ME01240,CA03766,75%,0.0591,0.251
ME01241,CA05399,50%,0.0579,0.492
ME01242,CA03624,50%,0.0439,0.245
ME01243,CA01336,100%,-0.288,0.241
ME01244,CA03487,100%,0.1283,0.211
ME01245,CA04180,75%,-0.0346,0.155
ME01246,CA03428,75%,0.3978,0.212
ME01247,CA03343,50%,0.143,0.384
ME01248,CA04949,50%,-0.0872,0.351
ME01249,CA04877,50%,-0.3592,0.22
ME01250,CA06140,100%,-0.3332,0.451
ME01251,CA06492,75%,0.0464,0.397
ME01252,CA05994,100%,-0.3144,0.435
ME01253,CA06657,50%,-0.0813,0.122
ME01254,CA03900,75%,-0.0357,0.125
ME01255,CA05327,75%,-0.0654,0.245
ME01256,CA06089,75%,0.105,0.145
ME01257,CA00133,25%,0.5799,0.386
ME01258,CA05337,100%,0.0052,0.103
ME01259,CA07161,75%,-0.0495,0.186
ME01260,CA03486,25%,0.084,0.347
ME01261,CA01712,25%,-0.0925,0.13
ME01262,CA05768,50%,-0.2568,0.275
ME01263,CA01824,25%,-0.0055,0.307
ME01264,CA02344,100%,-0.5423,0.33
ME01265,CA05520,75%,0.3016,0.325
ME01266,CA00536,50%,-0.1223,0.144
ME01267,CA02992,50%,0.0512,0.166
ME01268,CA03429,75%,0.1253,0.347
ME01269,CA00809,100%,-0.0941,0.191
ME01270,CA03016,50%,0.2601,0.437
ME01271,CA06329,100%,-0.0683,0.409
ME01272,CA01344,75%,0.0213,0.259
ME01273,CA06131,25%,0.0411,0.385
ME01274,CA03864,25%,-0.0379,0.487
ME01275,CA05754,25%,0.0928,0.276
ME01276,CA01080,75%,0.1165,0.336
ME01277,CA03217,50%,0.0087,0.139
ME01278,CA01985,50%,0.0449,0.359
ME01279,CA03443,100%,-0.1248,0.202
ME01280,CA02782,100%,-0.0766,0.383
ME01281,CA04919,100%,0.1361,0.374
ME01282,CA03102,25%,-0.0165,0.337
ME01283,CA00693,50%,0.2236,0.415
ME01284,CA03319,25%,-0.0178,0.187
ME01285,CA04762,50%,0.0851,0.417
ME01286,CA00521,75%,-0.0789,0.374
ME01287,CA02406,100%,-0.075,0.219
ME01288,CA01618,25%,-0.2416,0.202
ME01289,CA03383,50%,0.1494,0.291
ME01290,CA05130,25%,-0.014,0.377
ME01291,CA00187,25%,-0.0539,0.211
ME01292,CA02656,25%,0.3073,0.417
ME01293,CA00369,25%,-0.228,0.498
ME01294,CA06023,75%,0.159,0.154
ME01295,CA00474,50%,0.1886,0.442
ME01296,CA03502,25%,-0.3462,0.462
ME01297,CA02950,25%,-0.1262,0.247
ME01298,CA02657,75%,0.1261,0.428
ME01299,CA05685,25%,0.1958,0.209
ME01300,CA03042,100%,-0.0123,0.22
ME01301,CA01490,75%,0.138,0.463
ME01302,CA07142,100%,0.2083,0.468
ME01303,CA03519,50%,-0.3736,0.285
ME01304,CA04143,100%,0.1057,0.226
ME01305,CA04386,100%,-0.1161,0.173
ME01306,CA05810,50%,-0.1334,0.256
ME01307,CA00023,25%,-0.0829,0.374
ME01308,CA00043,75%,0.0369,0.384
ME01309,CA05071,25%,-0.1519,0.177
ME01310,CA03419,100%,-0.0462,0.425
ME01311,CA06364,100%,-0.1464,0.431
ME01312,CA04317,75%,-0.2746,0.342
ME01313,CA04323,100%,0.0057,0.312
ME01314,CA06453,75%,0.1791,0.106
ME01315,CA04001,75%,-0.2106,0.462
ME01316,CA06044,75%,-0.1439,0.234
ME01317,CA02989,100%,0.2547,0.312
ME01318,CA00593,100%,-0.1044,0.181
ME01319,CA03624,25%,-0.0126,0.16
ME01320,CA01561,100%,-0.2181,0.217
ME01321,CA05150,100%,0.412,0.414
ME01322,CA02858,25%,0.1315,0.403
ME01323,CA00038,100%,-0.0231,0.365
ME01324,CA06360,100%,0.0663,0.349
ME01325,CA01566,100%,0.2857,0.383
ME01326,CA05349,75%,-0.2877,0.401
ME01327,CA00954,75%,0.1937,0.164
ME01328,CA03782,50%,-0.027,0.27
ME01329,CA05958,50%,-0.2835,0.393
ME01330,CA00289,75%,0.0148,0.283
ME01331,CA02273,25%,0.2522,0.403
ME01332,CA05599,100%,-0.1044,0.294
ME01333,CA04281,75%,0.0316,0.408
ME01334,CA01919,25%,-0.1863,0.3
ME01335,CA02560,75%,-0.1505,0.471
ME01336,CA02651,100%,0.056,0.157
ME01337,CA03811,75%,-0.0286,0.341
ME01338,CA01141,100%,0.0888,0.168
ME01339,CA07173,75%,0.0764,0.413
ME01340,CA03742,100%,-0.0202,0.121
ME01341,CA00121,75%,0.2963,0.128
ME01342,CA01973,75%,-0.1005,0.314
ME01343,CA02489,75%,-0.1172,0.399
ME01344,CA05752,25%,-0.1214,0.274
ME01345,CA06574,100%,-0.1852,0.108
ME01346,CA07058,50%,0.1215,0.277
ME01347,CA00962,50%,-0.182,0.482
ME01348,CA05365,100%,-0.1026,0.305
ME01349,CA01550,50%,-0.2472,0.15
ME01350,CA00453,75%,0.0549,0.344
ME01351,CA03328,25%,-0.0722,0.302
ME01352,CA01882,100%,-0.3705,0.493
ME01353,CA05599,75%,-0.1235,0.212
ME01354,CA05807,75%,0.3884,0.42
ME01355,CA02448,50%,0.0214,0.245
ME01356,CA00777,25%,-0.019,0.362
ME01357,CA02375,50%,0.3851,0.394
ME01358,CA06361,100%,-0.3863,0.128
ME01359,CA00292,50%,-0.0606,0.359
ME01360,CA01131,25%,0.0976,0.145
ME01361,CA06012,25%,-0.129,0.398
ME01362,CA00060,50%,0.1449,0.184
ME01363,CA00038,50%,0.1467,0.379
ME01364,CA01045,25%,0.0357,0.194
ME01365,CA05211,75%,-0.0435,0.284
ME01366,CA00525,25%,0.2163,0.406
ME01367,CA01498,25%,-0.1062,0.147
ME01368,CA03774,25%,-0.0907,0.242
ME01369,CA05600,50%,-0.2447,0.101
ME01370,CA05378,25%,0.1598,0.46
ME01371,CA05322,100%,-0.2324,0.247
ME01372,CA03279,25%,0.0994,0.461
ME01373,CA00295,25%,-0.2635,0.349
ME01374,CA01896,75%,0.111,0.42
ME01375,CA03485,25%,0.148,0.24
ME01376,CA06925,50%,-0.0527,0.14
ME01377,CA02795,100%,-0.1636,0.158
ME01378,CA05975,25%,-0.0015,0.315
ME01379,CA05639,100%,0.037,0.19
ME01380,CA02356,25%,-0.149,0.28
ME01381,CA05737,75%,-0.101,0.467
ME01382,CA00336,25%,-0.312,0.274
ME01383,CA05188,50%,-0.2399,0.381
ME01384,CA00567,100%,-0.2242,0.473
ME01385,CA02823,50%,-0.2827,0.129
ME01386,CA04839,50%,-0.0708,0.243
ME01387,CA05157,50%,-0.0544,0.217
ME01388,CA05636,25%,0.1989,0.282
ME01389,CA02220,50%,0.2759,0.326
ME01390,CA03350,50%,-0.4715,0.389
ME01391,CA05760,25%,-0.1945,0.296
ME01392,CA03326,75%,-0.2669,0.43
ME01393,CA00354,25%,-0.138,0.144
ME01394,CA02637,75%,0.2017,0.362
ME01395,CA06294,50%,-0.2325,0.13
ME01396,CA04549,25%,0.0251,0.18
ME01397,CA04322,100%,0.1334,0.285
ME01398,CA00872,100%,0.4585,0.215
ME01399,CA01638,50%,0.0891,0.438
ME01400,CA05712,25%,-0.165,0.102
ME01401,CA06349,100%,-0.1242,0.387
ME01402,CA00670,75%,0.2507,0.344
ME01403,CA01824,50%,-0.0283,0.14
ME01404,CA03479,75%,0.0217,0.406
ME01405,CA03621,75%,-0.1895,0.459
ME01406,CA05738,75%,-0.0933,0.124
ME01407,CA04151,25%,0.02,0.202
ME01408,CA04697,25%,-0.1512,0.419
ME01409,CA00558,50%,-0.043,0.368
ME01410,CA04056,25%,0.2255,0.252
ME01411,CA05106,25%,0.1439,0.192
ME01412,CA06744,25%,-0.0867,0.42
ME01413,CA06585,25%,-0.0201,0.462
ME01414,CA03464,50%,0.3155,0.234
ME01415,CA07108,50%,0.2537,0.11
ME01416,CA05688,25%,-0.0687,0.254
ME01417,CA05428,75%,0.3012,0.106
ME01418,CA02682,100%,0.0992,0.269
ME01419,CA01547,100%,0.1514,0.358
ME01420,CA03081,25%,0.0274,0.268
ME01421,CA04093,50%,-0.0232,0.298
ME01422,CA03894,25%,0.0529,0.267
ME01423,CA04353,100%,0.1065,0.451
ME01424,CA03165,25%,0.1755,0.221
ME01425,CA00712,100%,0.0979,0.418
ME01426,CA02427,75%,0.2101,0.166
ME01427,CA00285,25%,-0.1071,0.322
ME01428,CA06894,50%,0.2554,0.191
ME01429,CA00508,50%,0.0067,0.287
ME01430,CA01270,25%,-0.1603,0.257
ME01431,CA02151,100%,0.0757,0.175
ME01432,CA03355,75%,-0.1208,0.346
ME01433,CA05521,75%,0.0417,0.382
ME01434,CA04700,75%,-0.1584,0.223
ME01435,CA06451,75%,0.0157,0.282
ME01436,CA06802,75%,-0.0092,0.331
ME01437,CA04803,25%,0.2892,0.419
ME01438,CA01931,100%,0.15,0.307
ME01439,CA01115,75%,0.0937,0.35
ME01440,CA03897,75%,-0.3178,0.191
ME01441,CA00245,25%,-0.009,0.211
ME01442,CA07176,75%,0.0976,0.331
ME01443,CA01530,50%,0.1476,0.309
ME01444,CA03240,100%,-0.0987,0.25
ME01445,CA05181,25%,-0.1053,0.311
ME01446,CA03297,75%,0.2928,0.408
ME01447,CA06690,50%,0.1253,0.188
ME01448,CA03699,100%,-0.145,0.187
ME01449,CA01050,50%,0.0277,0.182
ME01450,CA03592,100%,0.2311,0.207
ME01451,CA02129,75%,0.008,0.126
ME01452,CA05989,50%,0.0156,0.269
ME01453,CA06844,50%,0.188,0.485
ME01454,CA02001,50%,0.0199,0.455
ME01455,CA02957,50%,-0.0609,0.438
ME01456,CA06814,50%,-0.2577,0.33
ME01457,CA06524,25%,0.0794,0.48
ME01458,CA02519,75%,-0.1218,0.498
ME01459,CA00449,25%,0.0246,0.193
ME01460,CA01876,50%,-0.0259,0.229
ME01461,CA06923,50%,0.194,0.47
ME01462,CA03383,50%,-0.4212,0.484
ME01463,CA01065,100%,0.155,0.463
ME01464,CA00507,100%,0.2522,0.315
ME01465,CA00379,25%,0.1537,0.475
ME01466,CA05908,50%,0.1059,0.122
ME01467,CA00664,25%,0.0472,0.136
ME01468,CA00422,75%,0.0902,0.471
ME01469,CA02072,25%,-0.1182,0.279
ME01470,CA01005,50%,0.2202,0.138
ME01471,CA01515,75%,0.0838,0.253
ME01472,CA04977,100%,0.0745,0.268
ME01473,CA03382,25%,0.1736,0.445
ME01474,CA06446,75%,-0.1095,0.122
ME01475,CA01599,75%,-0.219,0.394
ME01476,CA04620,50%,0.0256,0.372
ME01477,CA02706,75%,-0.088,0.198
ME01478,CA01853,100%,-0.0145,0.11
ME01479,CA07118,75%,0.2055,0.483
ME01480,CA02973,25%,0.0022,0.311
ME01481,CA02421,100%,0.3253,0.433
ME01482,CA06212,100%,0.0851,0.323
ME01483,CA03020,100%,0.1136,0.466
ME01484,CA01399,50%,-0.1038,0.481
ME01485,CA02622,100%,0.1617,0.234
ME01486,CA04464,50%,-0.2909,0.445
ME01487,CA02979,25%,-0.0701,0.125
ME01488,CA06549,100%,0.1633,0.122
ME01489,CA04419,50%,-0.0162,0.257
ME01490,CA05232,100%,0.0331,0.424
ME01491,CA02316,100%,0.269,0.498
ME01492,CA06111,100%,-0.2838,0.332
ME01493,CA05037,25%,-0.0255,0.49
ME01494,CA02301,50%,0.1188,0.307
ME01495,CA02647,75%,0.2466,0.137
ME01496,CA02600,50%,-0.0236,0.209
ME01497,CA02294,50%,0.2971,0.417
ME01498,CA05902,25%,0.2292,0.497
ME01499,CA03941,50%,0.1381,0.336
ME01500,CA05238,50%,0.0318,0.359
ME01501,CA03147,25%,0.1437,0.237
ME01502,CA06764,100%,0.2852,0.431
ME01503,CA01073,100%,0.1729,0.17
ME01504,CA02336,50%,0.1142,0.406
ME01505,CA03837,100%,-0.2287,0.379
ME01506,CA01193,25%,-0.1791,0.304
ME01507,CA01332,100%,-0.2477,0.275
ME01508,CA05371,50%,-0.0929,0.308
ME01509,CA07123,25%,-0.0976,0.173
ME01510,CA05858,50%,-0.2416,0.379
ME01511,CA07042,75%,-0.1003,0.437
ME01512,CA07077,100%,-0.2901,0.126
ME01513,CA02923,50%,-0.1135,0.418
ME01514,CA05128,25%,0.001,0.255
ME01515,CA02971,50%,-0.3428,0.416
ME01516,CA06607,50%,0.0166,0.405
ME01517,CA02779,50%,0.1523,0.43
ME01518,CA02052,75%,-0.0762,0.317
ME01519,CA06672,50%,-0.1155,0.366
ME01520,CA03063,100%,0.3139,0.267
ME01521,CA00403,75%,0.0252,0.16
ME01522,CA00342,100%,-0.3251,0.26
ME01523,CA06566,100%,0.3,0.491
ME01524,CA05337,50%,-0.1176,0.116
ME01525,CA04096,25%,0.2129,0.48
ME01526,CA01401,25%,-0.1474,0.439
ME01527,CA00822,100%,0.0005,0.214
ME01528,CA01253,25%,-0.0189,0.351
ME01529,CA02603,100%,-0.0635,0.185
ME01530,CA02284,100%,0.3364,0.158
ME01531,CA00341,100%,0.0947,0.175
ME01532,CA00315,75%,-0.0981,0.208
ME01533,CA00892,50%,0.1885,0.303
ME01534,CA00446,50%,-0.1934,0.287
ME01535,CA05244,25%,-0.1368,0.422
ME01536,CA05515,25%,0.245,0.155
ME01537,CA03484,100%,-0.1879,0.275
ME01538,CA03702,75%,-0.0741,0.234
ME01539,CA05880,100%,0.0618,0.185
ME01540,CA04492,25%,-0.2143,0.233
ME01541,CA02400,75%,-0.2397,0.185
ME01542,CA01865,50%,0.3663,0.285
ME01543,CA01056,100%,0.0463,0.229
ME01544,CA04317,25%,-0.0335,0.205
ME01545,CA04067,50%,0.0036,0.39
ME01546,CA01078,25%,0.1327,0.36
ME01547,CA02802,25%,0.2199,0.34
ME01548,CA03193,25%,-0.0157,0.166
ME01549,CA02327,50%,-0.1446,0.212
ME01550,CA05322,50%,-0.2647,0.483
ME01551,CA02079,50%,0.1275,0.248
ME01552,CA02275,100%,-0.1972,0.46
ME01553,CA00022,75%,0.2761,0.294
ME01554,CA07102,100%,-0.1313,0.344
ME01555,CA02038,75%,-0.0281,0.186
ME01556,CA00906,100%,0.0273,0.353
ME01557,CA02192,25%,-0.1358,0.12
ME01558,CA01230,75%,0.1541,0.362
ME01559,CA06401,25%,-0.1151,0.418
ME01560,CA06833,50%,0.1484,0.221
ME01561,CA03770,25%,-0.2397,0.142
ME01562,CA05042,50%,0.1162,0.163
ME01563,CA06805,25%,0.1618,0.255
ME01564,CA02648,25%,-0.0962,0.488
ME01565,CA01482,25%,-0.3147,0.164
ME01566,CA04319,50%,0.1817,0.312
ME01567,CA00499,25%,0.0241,0.279
ME01568,CA04777,50%,0.0862,0.245
ME01569,CA03471,50%,0.151,0.311
ME01570,CA06146,100%,0.1791,0.244
ME01571,CA04907,100%,-0.1835,0.298
ME01572,CA06638,25%,-0.0888,0.252
ME01573,CA01293,25%,-0.1497,0.279
ME01574,CA02955,25%,-0.0983,0.222
ME01575,CA01117,50%,-0.2196,0.114
ME01576,CA02796,25%,-0.119,0.446
ME01577,CA04138,25%,-0.2796,0.257
ME01578,CA06001,75%,-0.117,0.456
ME01579,CA02950,25%,0.1084,0.497
ME01580,CA02957,75%,-0.1849,0.306
ME01581,CA06588,75%,0.0091,0.386
ME01582,CA07108,50%,0.1147,0.318
ME01583,CA04338,75%,-0.3283,0.185
ME01584,CA01735,75%,0.1099,0.35
ME01585,CA04071,100%,0.0293,0.402
ME01586,CA02236,50%,0.0249,0.284
ME01587,CA01230,100%,-0.1109,0.439
ME01588,CA06277,100%,0.174,0.402
ME01589,CA04107,100%,0.0447,0.322
ME01590,CA01741,75%,-0.0911,0.141
ME01591,CA03587,50%,0.1658,0.133
ME01592,CA00962,75%,-0.1482,0.478
ME01593,CA05708,75%,-0.2848,0.311
ME01594,CA05789,50%,0.2357,0.477
ME01595,CA06900,75%,-0.212,0.178
ME01596,CA05379,100%,-0.1798,0.468
ME01597,CA01920,100%,-0.3235,0.132
ME01598,CA02626,25%,0.2924,0.447
ME01599,CA00423,50%,0.1463,0.226
ME01600,CA03653,100%,0.0558,0.294
ME01601,CA02659,75%,0.1974,0.255
ME01602,CA04331,100%,-0.0014,0.283
ME01603,CA05401,75%,0.2711,0.178
ME01604,CA07141,100%,0.1695,0.159
ME01605,CA05936,50%,0.03,0.138
ME01606,CA05778,25%,0.0139,0.239
ME01607,CA07102,100%,-0.0018,0.177
ME01608,CA04206,50%,-0.0008,0.236
ME01609,CA03281,100%,-0.3065,0.332
ME01610,CA07178,100%,-0.0711,0.42
ME01611,CA06472,25%,-0.1229,0.313
ME01612,CA01229,100%,0.3383,0.277
ME01613,CA05550,25%,-0.1147,0.336
ME01614,CA01969,100%,0.1402,0.176
ME01615,CA01308,100%,0.0208,0.407
ME01616,CA03548,100%,0.2625,0.191
ME01617,CA04064,25%,-0.209,0.259
ME01618,CA02551,100%,0.0451,0.252
ME01619,CA04557,50%,0.0265,0.446
ME01620,CA05245,100%,-0.3269,0.348
ME01621,CA03439,100%,0.1376,0.359
ME01622,CA02443,50%,0.2206,0.497
ME01623,CA05673,75%,-0.15,0.327
ME01624,CA01975,100%,0.0431,0.299
ME01625,CA00977,50%,0.0696,0.149
ME01626,CA05490,50%,0.3273,0.407
ME01627,CA07195,75%,0.0086,0.227
ME01628,CA02393,75%,0.0052,0.339
ME01629,CA01939,25%,-0.0956,0.165
ME01630,CA06173,25%,0.202,0.287
ME01631,CA01480,25%,-0.0627,0.153
ME01632,CA05404,25%,-0.1717,0.497
ME01633,CA06258,100%,-0.2618,0.431
ME01634,CA05859,75%,-0.2768,0.177
ME01635,CA02516,100%,-0.0136,0.399
ME01636,CA01568,25%,0.3168,0.362
ME01637,CA01306,25%,-0.0422,0.232
ME01638,CA06183,50%,0.1501,0.128
ME01639,CA06074,25%,-0.1233,0.159
ME01640,CA03293,100%,-0.1405,0.208
ME01641,CA04357,50%,-0.0456,0.34
ME01642,CA04495,100%,-0.1169,0.167
ME01643,CA02162,75%,0.2556,0.435
ME01644,CA05405,75%,-0.3419,0.468
ME01645,CA02912,100%,-0.1132,0.144
ME01646,CA03450,50%,-0.5298,0.16
ME01647,CA04014,100%,0.0003,0.185
ME01648,CA05662,50%,0.0888,0.254
ME01649,CA03072,75%,0.0082,0.417
ME01650,CA01471,50%,-0.1088,0.165
ME01651,CA04714,25%,-0.0164,0.455
ME01652,CA06945,25%,0.0531,0.216
ME01653,CA05480,25%,-0.2224,0.275
ME01654,CA01706,25%,0.0097,0.139
ME01655,CA02730,50%,-0.2015,0.263
ME01656,CA01720,25%,0.0739,0.334
ME01657,CA03928,75%,0.1818,0.252
ME01658,CA07015,100%,0.075,0.388
ME01659,CA01301,50%,0.0271,0.298
ME01660,CA04598,100%,-0.1933,0.246
ME01661,CA00249,75%,0.0302,0.492
ME01662,CA00499,100%,-0.0217,0.171
ME01663,CA01574,50%,0.2057,0.366
ME01664,CA00940,50%,0.13,0.246
ME01665,CA03960,25%,0.148,0.378
ME01666,CA01101,50%,0.1229,0.325
ME01667,CA01579,50%,0.1766,0.361
ME01668,CA04912,100%,-0.207,0.219
ME01669,CA04618,75%,0.1457,0.348
ME01670,CA06296,75%,0.1556,0.271
ME01671,CA02555,25%,-0.0329,0.43
ME01672,CA03905,75%,-0.1297,0.408
ME01673,CA04373,75%,-0.0993,0.195
ME01674,CA00202,50%,0.0651,0.373
ME01675,CA05617,25%,0.1912,0.358
ME01676,CA00067,100%,-0.1352,0.147
ME01677,CA06549,50%,0.0042,0.44
ME01678,CA01454,25%,-0.4502,0.403
ME01679,CA03138,75%,0.0514,0.273
ME01680,CA00141,100%,0.0048,0.295
ME01681,CA03978,50%,0.1671,0.46
ME01682,CA06115,25%,-0.0583,0.26
ME01683,CA02990,75%,0.17,0.494
ME01684,CA02876,100%,-0.2583,0.487
ME01685,CA00091,100%,-0.1726,0.27
ME01686,CA02458,75%,0.1105,0.365
ME01687,CA04563,25%,0.1025,0.156
ME01688,CA02361,75%,-0.0579,0.269
ME01689,CA00650,100%,0.4027,0.319
ME01690,CA06668,50%,0.2265,0.149
ME01691,CA06331,100%,-0.0531,0.177
ME01692,CA05675,75%,-0.0014,0.451
ME01693,CA04912,75%,-0.0296,0.241
ME01694,CA05501,75%,-0.0867,0.323
ME01695,CA02293,75%,0.1433,0.172
ME01696,CA03782,75%,0.156,0.288
ME01697,CA00874,50%,0.1768,0.189
ME01698,CA05531,75%,0.2781,0.481
ME01699,CA02415,100%,0.0874,0.267
ME01700,CA07004,25%,-0.0429,0.275
ME01701,CA02890,100%,0.1034,0.181
ME01702,CA06564,50%,-0.0559,0.315
ME01703,CA01340,50%,0.3288,0.341
ME01704,CA00711,75%,0.0512,0.404
ME01705,CA07036,100%,0.0234,0.471
ME01706,CA02925,50%,-0.0092,0.416
ME01707,CA05749,25%,-0.1919,0.352
ME01708,CA03570,75%,-0.0669,0.355
ME01709,CA03069,100%,-0.0105,0.234
ME01710,CA03658,75%,-0.1041,0.153
ME01711,CA00724,75%,-0.1281,0.382
ME01712,CA01885,50%,0.0297,0.232
ME01713,CA01950,25%,0.1684,0.219
ME01714,CA01711,75%,0.0261,0.229
ME01715,CA02414,50%,-0.083,0.498
ME01716,CA01088,25%,-0.2979,0.377
ME01717,CA00138,50%,0.1869,0.128
ME01718,CA02575,100%,0.1576,0.271
ME01719,CA05796,50%,-0.0364,0.21
ME01720,CA02687,75%,-0.6337,0.214
ME01721,CA00976,75%,0.0436,0.131
ME01722,CA02446,25%,-0.0524,0.275
ME01723,CA03427,75%,0.0118,0.371
ME01724,CA02835,50%,0.2759,0.276
ME01725,CA06389,75%,0.0703,0.357
ME01726,CA04056,100%,0.1142,0.255
ME01727,CA01647,100%,0.1249,0.282
ME01728,CA02830,25%,0.0989,0.477
ME01729,CA06855,100%,-0.1651,0.179
ME01730,CA04563,25%,0.065,0.103
ME01731,CA05368,75%,0.1374,0.268
ME01732,CA07032,25%,0.1859,0.106
ME01733,CA03411,50%,0.2657,0.305
ME01734,CA03833,75%,0.2253,0.367
ME01735,CA04834,50%,-0.1863,0.453
ME01736,CA05528,25%,-0.2271,0.362
ME01737,CA00163,100%,-0.3008,0.334
ME01738,CA01467,25%,0.1072,0.298
ME01739,CA05769,50%,0.1499,0.398
ME01740,CA02266,100%,0.0825,0.466
ME01741,CA05340,25%,-0.0219,0.309
ME01742,CA03030,75%,0.0711,0.114
ME01743,CA04614,50%,0.3524,0.135
ME01744,CA03455,25%,0.0756,0.351
ME01745,CA04178,100%,0.0654,0.324
ME01746,CA05358,100%,-0.009,0.295
ME01747,CA00211,50%,0.2517,0.481
ME01748,CA03955,75%,-0.0159,0.21
ME01749,CA01371,25%,-0.0045,0.222
ME01750,CA00010,50%,0.4548,0.252
ME01751,CA06710,75%,-0.1323,0.384
ME01752,CA05684,50%,-0.2152,0.26
ME01753,CA02814,75%,-0.1239,0.491
ME01754,CA06948,25%,-0.3622,0.11
ME01755,CA01009,25%,-0.3435,0.24
ME01756,CA00143,100%,-0.0599,0.482
ME01757,CA01485,100%,-0.1626,0.337
ME01758,CA05740,25%,0.0522,0.491
ME01759,CA05385,75%,0.0181,0.358
ME01760,CA03734,75%,0.0929,0.256
ME01761,CA06407,25%,-0.2752,0.417
ME01762,CA01214,75%,-0.262,0.336
ME01763,CA04442,25%,-0.1973,0.231
ME01764,CA02189,50%,-0.1462,0.427
ME01765,CA01449,25%,0.0049,0.443
ME01766,CA01033,100%,0.0322,0.471
ME01767,CA05035,100%,0.0988,0.103
ME01768,CA02380,50%,-0.0127,0.236
ME01769,CA06556,100%,-0.0371,0.363
ME01770,CA05710,25%,-0.155,0.413
ME01771,CA05080,100%,-0.1211,0.473
ME01772,CA06707,25%,-0.0449,0.391
ME01773,CA05549,50%,-0.4849,0.107
ME01774,CA02049,50%,0.0189,0.11
ME01775,CA00255,50%,-0.4785,0.332
ME01776,CA02133,100%,0.0994,0.195
ME01777,CA05960,50%,0.0886,0.273
ME01778,CA01778,50%,0.1715,0.254
ME01779,CA03270,25%,0.0318,0.36
ME01780,CA01405,50%,-0.2352,0.22
ME01781,CA05036,25%,-0.3393,0.269
ME01782,CA03225,50%,-0.0473,0.295
ME01783,CA03391,25%,0.2518,0.257
ME01784,CA04864,75%,-0.0061,0.304
ME01785,CA05817,25%,-0.0104,0.395
ME01786,CA06791,100%,-0.062,0.187
ME01787,CA01648,25%,-0.1036,0.216
ME01788,CA02782,100%,-0.2394,0.185
ME01789,CA04445,100%,0.028,0.292
ME01790,CA01369,100%,-0.1642,0.438
ME01791,CA04296,75%,0.022,0.338
ME01792,CA02643,75%,0.0446,0.463
ME01793,CA00529,50%,-0.1234,0.359
ME01794,CA04129,100%,0.1305,0.347
ME01795,CA05115,100%,-0.0618,0.195
ME01796,CA01545,25%,0.0308,0.132
ME01797,CA03142,25%,0.274,0.212
ME01798,CA05043,100%,-0.3219,0.311
ME01799,CA02572,50%,0.0261,0.176
ME01800,CA02086,25%,-0.2262,0.276
ME01801,CA01802,75%,-0.0308,0.152
ME01802,CA03320,25%,-0.0215,0.202
ME01803,CA02327,100%,-0.0275,0.33
ME01804,CA07173,75%,0.0157,0.418
ME01805,CA02744,100%,0.0729,0.263
ME01806,CA05507,100%,-0.0553,0.148
ME01807,CA04935,100%,0.0117,0.485
ME01808,CA00018,75%,-0.1376,0.472
ME01809,CA02571,25%,-0.0752,0.379
ME01810,CA06527,100%,-0.3298,0.135
ME01811,CA00296,50%,0.1634,0.217
ME01812,CA00527,25%,-0.0869,0.304
ME01813,CA04400,100%,-0.2177,0.184
ME01814,CA05484,50%,0.1769,0.264
ME01815,CA01277,50%,-0.1469,0.246
ME01816,CA04550,50%,-0.3661,0.11
ME01817,CA01780,50%,-0.0098,0.115
ME01818,CA06899,25%,0.1163,0.214
ME01819,CA00587,75%,-0.1201,0.187
ME01820,CA06168,75%,0.0354,0.177
ME01821,CA03907,75%,-0.0066,0.444
ME01822,CA03784,75%,-0.0394,0.15
ME01823,CA04611,50%,0.0328,0.138
ME01824,CA02372,25%,0.2994,0.107
ME01825,CA05700,100%,-0.005,0.421
ME01826,CA06465,100%,-0.2369,0.195
ME01827,CA05451,100%,-0.4411,0.174
ME01828,CA05556,75%,0.299,0.236
ME01829,CA04795,50%,-0.0851,0.336
ME01830,CA05896,50%,0.0691,0.421
ME01831,CA01274,100%,-0.0258,0.413
ME01832,CA00895,50%,-0.0573,0.483
ME01833,CA01976,100%,0.1672,0.131
ME01834,CA00260,100%,0.0064,0.27
ME01835,CA06980,75%,0.0237,0.36
ME01836,CA00905,25%,-0.0067,0.44
ME01837,CA02407,50%,-0.1568,0.203
ME01838,CA01604,100%,-0.1761,0.259
ME01839,CA03198,25%,-0.2256,0.334
ME01840,CA03175,75%,-0.2075,0.406
ME01841,CA05439,25%,-0.0545,0.238
ME01842,CA04932,25%,-0.0841,0.347
ME01843,CA04263,100%,0.3287,0.326
ME01844,CA04714,100%,0.152,0.368
ME01845,CA01894,50%,-0.1035,0.449
ME01846,CA01536,100%,-0.0177,0.33
ME01847,CA01052,75%,-0.1984,0.223
ME01848,CA01250,50%,-0.0804,0.385
ME01849,CA04949,25%,0.2263,0.173
ME01850,CA07150,25%,0.1743,0.336
ME01851,CA01795,100%,-0.0315,0.105
ME01852,CA03993,50%,-0.0348,0.166
ME01853,CA00199,75%,-0.2089,0.412
ME01854,CA04737,75%,0.1414,0.386
ME01855,CA00132,100%,0.1365,0.303
ME01856,CA01589,50%,-0.0723,0.279
ME01857,CA05591,100%,0.342,0.376
ME01858,CA02747,100%,0.0721,0.2
ME01859,CA04480,25%,-0.1018,0.382
ME01860,CA00300,50%,-0.016,0.4
ME01861,CA02548,25%,0.1327,0.146
ME01862,CA03948,25%,-0.1869,0.495
ME01863,CA06775,75%,-0.1992,0.315
ME01864,CA02124,25%,-0.024,0.499
ME01865,CA06858,25%,0.1962,0.473
ME01866,CA03523,50%,0.2782,0.358
ME01867,CA01341,25%,0.1619,0.443
ME01868,CA02241,25%,0.1497,0.479
ME01869,CA01646,100%,-0.0343,0.449
ME01870,CA04009,75%,0.2109,0.165
ME01871,CA00841,75%,-0.0181,0.15
ME01872,CA07055,75%,-0.1165,0.26
ME01873,CA00613,25%,-0.398,0.297
ME01874,CA00768,100%,0.0542,0.444
ME01875,CA04980,75%,0.0882,0.104
ME01876,CA01103,100%,-0.1186,0.212
ME01877,CA03285,25%,-0.0049,0.235
ME01878,CA01143,25%,-0.3263,0.114
ME01879,CA05237,75%,0.0325,0.496
ME01880,CA03714,25%,-0.032,0.425
ME01881,CA00662,75%,-0.0485,0.202
ME01882,CA02612,100%,-0.2845,0.404
ME01883,CA02759,100%,0.1473,0.195
ME01884,CA04052,75%,0.1563,0.491
ME01885,CA03963,75%,-0.2074,0.159
ME01886,CA01276,50%,0.0602,0.495
ME01887,CA02114,75%,-0.2424,0.224
ME01888,CA05647,25%,-0.066,0.227
ME01889,CA04651,50%,0.2565,0.291
ME01890,CA00365,25%,0.1862,0.197
ME01891,CA02576,100%,0.1874,0.283
ME01892,CA02415,100%,-0.052,0.483
ME01893,CA03782,75%,-0.4778,0.434
ME01894,CA02964,25%,-0.061,0.36
ME01895,CA01322,50%,-0.1204,0.262
ME01896,CA01472,25%,-0.0395,0.27
ME01897,CA04015,75%,-0.3169,0.154
ME01898,CA05257,50%,-0.0594,0.475
ME01899,CA03207,75%,0.0838,0.324
ME01900,CA04898,25%,0.1619,0.332
ME01901,CA07005,100%,-0.0326,0.119
ME01902,CA01454,75%,-0.2403,0.451
ME01903,CA00167,25%,-0.092,0.139
ME01904,CA05372,50%,0.314,0.21
ME01905,CA02155,75%,0.3583,0.283
ME01906,CA01415,25%,-0.0427,0.173
ME01907,CA06323,25%,-0.0824,0.342
ME01908,CA04692,25%,-0.0584,0.176
ME01909,CA01900,25%,0.0861,0.26
ME01910,CA05223,25%,-0.27,0.409
ME01911,CA00266,50%,0.0321,0.256
ME01912,CA05534,75%,-0.0227,0.115
ME01913,CA00869,50%,-0.0552,0.405
ME01914,CA00571,75%,-0.0988,0.19
ME01915,CA04473,100%,-0.0154,0.485
ME01916,CA06387,75%,0.3696,0.474
ME01917,CA05063,100%,0.0414,0.472
ME01918,CA04557,100%,0.1002,0.133
ME01919,CA03257,25%,-0.0121,0.242
ME01920,CA05197,100%,0.0781,0.478
ME01921,CA03778,75%,0.2989,0.197
ME01922,CA06768,25%,-0.0894,0.358
ME01923,CA03700,75%,0.2269,0.346
ME01924,CA06902,75%,-0.1465,0.468
ME01925,CA01733,75%,-0.2016,0.173
ME01926,CA03253,25%,-0.0124,0.259
ME01927,CA03989,100%,-0.0314,0.118
ME01928,CA06787,25%,0.1645,0.336
ME01929,CA06337,75%,0.0999,0.111
ME01930,CA03691,75%,-0.2078,0.256
ME01931,CA02538,50%,0.0817,0.23
ME01932,CA05823,75%,0.0477,0.346
ME01933,CA04368,25%,0.1624,0.19
ME01934,CA05456,100%,0.2804,0.295
ME01935,CA07056,25%,0.162,0.116
ME01936,CA00910,75%,0.2856,0.465
ME01937,CA05731,100%,0.1301,0.39
ME01938,CA01276,75%,-0.357,0.333
ME01939,CA05123,50%,-0.0676,0.194
ME01940,CA06294,100%,-0.0087,0.259
ME01941,CA02471,75%,-0.0164,0.438
ME01942,CA03603,100%,-0.0837,0.455
ME01943,CA05637,100%,0.1237,0.471
ME01944,CA04296,25%,0.3067,0.331
ME01945,CA05555,100%,-0.1968,0.481
ME01946,CA02286,25%,-0.0444,0.177
ME01947,CA03203,50%,-0.016,0.263
ME01948,CA07038,25%,-0.1076,0.208
ME01949,CA02933,50%,-0.0103,0.464
ME01950,CA04403,25%,-0.2746,0.179
ME01951,CA00799,100%,-0.0774,0.104
ME01952,CA03442,50%,-0.1913,0.3
ME01953,CA00191,50%,-0.1513,0.16
ME01954,CA06323,25%,-0.2395,0.133
ME01955,CA03820,50%,0.2703,0.219
ME01956,CA04620,100%,-0.3615,0.157
ME01957,CA02395,100%,-0.2842,0.111
ME01958,CA06391,25%,-0.3245,0.227
ME01959,CA02816,50%,0.0558,0.208
ME01960,CA06086,75%,-0.2032,0.293
ME01961,CA00683,75%,0.0039,0.124
ME01962,CA00491,75%,0.1947,0.194
ME01963,CA04346,25%,-0.0464,0.319
ME01964,CA03694,100%,-0.0471,0.176
ME01965,CA06391,75%,-0.1129,0.357
ME01966,CA03162,50%,0.2595,0.415
ME01967,CA03919,100%,0.0576,0.366
ME01968,CA05127,75%,0.185,0.385
ME01969,CA00608,75%,0.0376,0.319
ME01970,CA06964,100%,0.0495,0.272
ME01971,CA05862,100%,0.0992,0.481
ME01972,CA00034,50%,-0.0343,0.453
ME01973,CA04599,75%,0.1696,0.415
ME01974,CA06017,75%,0.0061,0.422
ME01975,CA00820,100%,-0.0986,0.424
ME01976,CA06115,25%,0.0706,0.266
ME01977,CA01394,50%,-0.2171,0.348
ME01978,CA05068,75%,-0.1482,0.355
ME01979,CA05377,25%,0.3125,0.166
ME01980,CA03035,50%,-0.0997,0.469
ME01981,CA05797,100%,-0.1029,0.131
ME01982,CA03534,50%,0.1451,0.458
ME01983,CA04230,75%,0.1207,0.262
ME01984,CA00333,100%,-0.0601,0.358
ME01985,CA04400,100%,0.0824,0.347
ME01986,CA02316,100%,-0.038,0.201
ME01987,CA07033,25%,-0.0439,0.135
ME01988,CA06060,100%,0.1988,0.195
ME01989,CA06335,100%,0.2149,0.345
ME01990,CA02428,100%,0.1114,0.136
ME01991,CA01132,25%,0.1125,0.11
ME01992,CA05730,50%,-0.0416,0.37
ME01993,CA03316,75%,0.0494,0.293
ME01994,CA07073,75%,0.3432,0.364
ME01995,CA00613,75%,0.2307,0.264
ME01996,CA00029,100%,-0.0003,0.225
ME01997,CA05345,25%,0.0293,0.123
ME01998,CA02662,75%,0.0483,0.246
ME01999,CA00108,100%,-0.0963,0.112
ME02000,CA00950,75%,-0.0489,0.262
ME02001,CA03113,50%,0.2901,0.192
ME02002,CA04760,75%,0.1884,0.448
ME02003,CA00100,50%,-0.1714,0.135
ME02004,CA04089,75%,0.0366,0.439
ME02005,CA02081,75%,-0.1097,0.388
ME02006,CA00286,100%,0.1211,0.215
ME02007,CA02122,75%,0.1952,0.152
ME02008,CA06854,75%,0.1204,0.223
ME02009,CA04310,25%,0.1551,0.204
ME02010,CA05235,75%,-0.2732,0.264
ME02011,CA03280,50%,-0.0538,0.275
ME02012,CA06284,100%,0.1453,0.414
ME02013,CA04968,100%,-0.0206,0.121
ME02014,CA06460,100%,-0.0514,0.496
ME02015,CA03228,25%,0.0953,0.266
ME02016,CA00817,75%,-0.1683,0.303
ME02017,CA03258,25%,0.0562,0.189
ME02018,CA03810,100%,-0.0944,0.282
ME02019,CA04924,100%,-0.0913,0.153
ME02020,CA02043,75%,-0.0714,0.131
ME02021,CA03669,50%,0.3422,0.345
ME02022,CA02482,75%,0.0782,0.468
ME02023,CA06228,25%,-0.2068,0.188
ME02024,CA05103,25%,-0.2184,0.271
ME02025,CA06940,75%,-0.2652,0.281
ME02026,CA05999,25%,-0.0197,0.289
ME02027,CA03767,25%,0.2205,0.349
ME02028,CA04575,50%,-0.128,0.368
ME02029,CA06345,50%,0.1799,0.301
ME02030,CA04931,75%,0.4094,0.367
ME02031,CA05037,100%,0.2497,0.422
ME02032,CA03461,25%,-0.2591,0.326
ME02033,CA03507,25%,-0.0563,0.447
ME02034,CA03859,100%,0.2942,0.478
ME02035,CA00412,25%,-0.2935,0.19
ME02036,CA02507,25%,0.0914,0.294
ME02037,CA00142,25%,0.0229,0.404
ME02038,CA02363,75%,-0.2493,0.188
ME02039,CA06135,50%,0.0313,0.284
ME02040,CA03306,75%,0.1111,0.279
ME02041,CA06277,75%,-0.3384,0.26
ME02042,CA00817,50%,0.1655,0.162
ME02043,CA00028,25%,0.1383,0.213
ME02044,CA01110,50%,0.0039,0.341
ME02045,CA06205,25%,-0.1319,0.119
ME02046,CA02278,50%,-0.123,0.19
ME02047,CA05088,25%,-0.1106,0.403
ME02048,CA03851,100%,-0.0754,0.177
ME02049,CA00979,100%,0.1766,0.306
ME02050,CA00468,25%,0.0344,0.133
ME02051,CA02576,25%,-0.1205,0.319
ME02052,CA01870,50%,0.045,0.2
ME02053,CA02540,75%,0.2007,0.398
ME02054,CA03252,100%,-0.0754,0.435
ME02055,CA03747,50%,-0.0341,0.364
ME02056,CA00969,100%,0.0016,0.421
ME02057,CA05633,100%,-0.0945,0.175
ME02058,CA03694,100%,-0.105,0.24
ME02059,CA04688,25%,0.2913,0.163
ME02060,CA04534,50%,0.1169,0.443
ME02061,CA04139,25%,0.1136,0.421
ME02062,CA03103,100%,-0.1319,0.37
ME02063,CA00692,75%,0.1161,0.436
ME02064,CA03657,75%,0.3064,0.327
ME02065,CA06899,50%,0.1995,0.389
ME02066,CA07137,100%,0.1333,0.428
ME02067,CA03946,100%,0.1489,0.243
ME02068,CA03061,50%,-0.0038,0.441
ME02069,CA05681,100%,0.228,0.19
ME02070,CA00291,75%,-0.0193,0.175
ME02071,CA02480,25%,-0.0529,0.345
ME02072,CA05688,75%,-0.2589,0.224
ME02073,CA06732,100%,-0.0167,0.446
ME02074,CA04530,50%,0.021,0.227
ME02075,CA03778,50%,0.3736,0.124
ME02076,CA05142,50%,0.35,0.2
ME02077,CA07130,75%,-0.3211,0.231
ME02078,CA05361,50%,0.1664,0.405
ME02079,CA06454,25%,0.0481,0.367
ME02080,CA00702,75%,-0.2435,0.465
ME02081,CA02633,100%,0.4162,0.277
ME02082,CA00648,25%,0.0056,0.112
ME02083,CA01420,25%,0.1021,0.232
ME02084,CA02609,75%,0.1757,0.361
ME02085,CA00710,75%,-0.0467,0.302
ME02086,CA05028,75%,0.0765,0.12
ME02087,CA07020,50%,0.1929,0.209
ME02088,CA03315,50%,0.0627,0.301
ME02089,CA00646,75%,-0.2161,0.378
ME02090,CA07054,25%,0.2576,0.307
ME02091,CA04317,50%,-0.211,0.288
ME02092,CA06840,75%,-0.3622,0.387
ME02093,CA04071,50%,-0.1282,0.336
ME02094,CA03799,50%,-0.0885,0.102
ME02095,CA00089,100%,-0.0806,0.306
ME02096,CA06704,75%,0.0514,0.163
ME02097,CA06190,75%,0.1732,0.304
ME02098,CA02245,50%,0.1027,0.212
ME02099,CA01505,100%,0.117,0.116
ME02100,CA07020,25%,-0.101,0.138
ME02101,CA02354,50%,0.1127,0.24
ME02102,CA01383,50%,0.1935,0.414
ME02103,CA03069,100%,-0.0498,0.493
ME02104,CA03992,50%,0.0255,0.346
ME02105,CA06244,75%,0.2811,0.435
ME02106,CA03327,100%,-0.032,0.339
ME02107,CA02797,75%,0.1107,0.405
ME02108,CA06474,25%,0.2337,0.127
ME02109,CA01772,75%,0.0401,0.271
ME02110,CA01565,75%,0.0524,0.124
ME02111,CA00316,75%,-0.137,0.262
ME02112,CA00417,100%,0.123,0.333
ME02113,CA02022,50%,-0.0495,0.342
ME02114,CA05821,75%,0.1584,0.192
ME02115,CA03573,100%,-0.0266,0.319
ME02116,CA01767,25%,0.1961,0.472
ME02117,CA01347,75%,0.2946,0.386
ME02118,CA01086,75%,-0.1518,0.298
ME02119,CA01229,50%,-0.2764,0.119
ME02120,CA03630,100%,-0.2431,0.22
ME02121,CA00442,100%,-0.0041,0.146
ME02122,CA02822,75%,-0.0648,0.435
ME02123,CA01073,50%,-0.0683,0.479
ME02124,CA03653,25%,0.1586,0.415
ME02125,CA02729,25%,-0.0995,0.265
ME02126,CA03012,75%,-0.2145,0.332
ME02127,CA02441,25%,0.1545,0.169
ME02128,CA06358,50%,-0.1376,0.445
ME02129,CA02430,50%,-0.1715,0.365
ME02130,CA06113,25%,0.3169,0.355
ME02131,CA04560,100%,0.1413,0.352
ME02132,CA02120,50%,-0.0861,0.298
ME02133,CA03550,75%,0.0119,0.294
ME02134,CA01265,25%,0.1385,0.413
ME02135,CA03834,50%,0.0639,0.11
ME02136,CA05550,100%,-0.1472,0.494
ME02137,CA02268,25%,0.0255,0.258
ME02138,CA02581,75%,0.3092,0.126
ME02139,CA06258,25%,0.1018,0.209
ME02140,CA07161,25%,0.3124,0.326
ME02141,CA06861,50%,0.1339,0.468
ME02142,CA05320,50%,-0.1601,0.138
ME02143,CA01097,25%,-0.2318,0.391
ME02144,CA02197,50%,0.0956,0.398
ME02145,CA00436,75%,-0.429,0.136
ME02146,CA04862,25%,-0.1172,0.223
ME02147,CA04669,25%,0.0009,0.208
ME02148,CA03461,25%,-0.3172,0.238
ME02149,CA06432,100%,-0.0595,0.375
ME02150,CA04131,75%,-0.3284,0.346
ME02151,CA03646,50%,-0.0193,0.229
ME02152,CA02271,25%,0.1591,0.356
ME02153,CA03570,25%,0.0232,0.272
ME02154,CA00047,25%,-0.1995,0.474
ME02155,CA01343,25%,-0.2582,0.239
ME02156,CA03944,100%,-0.3488,0.211
ME02157,CA02999,75%,0.1745,0.333
ME02158,CA04522,100%,0.0172,0.108
ME02159,CA03132,50%,-0.283,0.141
ME02160,CA00003,50%,0.1018,0.499
ME02161,CA00877,25%,-0.0367,0.356
ME02162,CA03623,50%,0.0011,0.459
ME02163,CA06405,75%,0.1953,0.205
ME02164,CA06512,50%,0.0125,0.284
ME02165,CA03488,100%,0.2912,0.409
ME02166,CA05992,75%,0.4262,0.353
ME02167,CA03391,100%,-0.0712,0.289
ME02168,CA00181,25%,0.095,0.366
ME02169,CA06424,75%,-0.0253,0.348
ME02170,CA03249,50%,-0.1091,0.291
ME02171,CA05002,50%,0.1056,0.402
ME02172,CA02104,100%,-0.1048,0.465
ME02173,CA02538,25%,-0.18,0.366
ME02174,CA01630,75%,0.118,0.336
ME02175,CA01579,100%,-0.2863,0.35
ME02176,CA02336,75%,-0.0894,0.314
ME02177,CA01667,25%,0.1425,0.488
ME02178,CA06396,25%,-0.0656,0.131
ME02179,CA02190,75%,-0.0452,0.26
ME02180,CA01309,25%,0.0478,0.381
ME02181,CA05590,75%,0.335,0.479
ME02182,CA00999,100%,-0.1653,0.401
ME02183,CA00155,25%,-0.1396,0.212
ME02184,CA00894,100%,-0.2792,0.471
ME02185,CA00112,100%,-0.0083,0.113
ME02186,CA03710,25%,0.037,0.428
ME02187,CA00614,100%,0.1263,0.298
ME02188,CA01910,75%,0.0737,0.273
ME02189,CA02241,100%,0.0292,0.348
ME02190,CA04941,50%,-0.267,0.244
ME02191,CA07192,50%,0.0544,0.497
ME02192,CA01520,75%,-0.0952,0.338
ME02193,CA04162,50%,0.2575,0.493
ME02194,CA02143,100%,0.0325,0.139
ME02195,CA06794,75%,0.0475,0.262
ME02196,CA00664,50%,-0.2833,0.213
ME02197,CA04083,75%,0.1716,0.439
ME02198,CA07110,75%,0.1578,0.204
ME02199,CA05953,50%,-0.1822,0.13
ME02200,CA00227,50%,-0.3332,0.144
ME02201,CA01009,25%,-0.1935,0.171
ME02202,CA03990,100%,-0.1743,0.15
ME02203,CA02532,100%,-0.0638,0.463
ME02204,CA03276,25%,-0.0529,0.368
ME02205,CA04704,25%,-0.1478,0.153
ME02206,CA02776,50%,0.2918,0.268
ME02207,CA04537,100%,-0.0712,0.118
ME02208,CA06461,75%,-0.2519,0.214
ME02209,CA01737,25%,0.0373,0.218
ME02210,CA01961,50%,-0.0312,0.212
ME02211,CA02049,75%,0.08,0.176
ME02212,CA04869,100%,-0.0408,0.191
ME02213,CA03822,75%,0.1506,0.142
ME02214,CA06600,100%,0.1808,0.421
ME02215,CA06236,100%,0.1088,0.109
ME02216,CA03914,75%,0.1583,0.282
ME02217,CA06884,50%,0.1566,0.195
ME02218,CA03327,75%,0.1507,0.389
ME02219,CA05263,75%,-0.1415,0.481
ME02220,CA05964,50%,0.1074,0.441
ME02221,CA04606,75%,0.1798,0.411
ME02222,CA06453,25%,-0.196,0.39
ME02223,CA05641,75%,-0.1784,0.16
ME02224,CA05527,25%,0.0652,0.13
ME02225,CA01689,25%,-0.0811,0.491
ME02226,CA03630,100%,-0.1257,0.126
ME02227,CA03750,50%,-0.0034,0.299
ME02228,CA03202,75%,0.035,0.357
ME02229,CA00536,25%,-0.1016,0.356
ME02230,CA01800,100%,0.0013,0.125
ME02231,CA05810,25%,0.2644,0.384
ME02232,CA03481,75%,0.0409,0.498
ME02233,CA01041,75%,-0.2316,0.289
ME02234,CA03460,75%,0.0941,0.466
ME02235,CA00100,25%,-0.1979,0.392
ME02236,CA02751,100%,-0.1967,0.346
ME02237,CA02464,25%,-0.2719,0.393
ME02238,CA02507,50%,-0.0858,0.291
ME02239,CA05067,50%,-0.1035,0.422
ME02240,CA05205,100%,-0.0358,0.18
ME02241,CA06962,25%,0.01,0.373
ME02242,CA05878,50%,-0.2429,0.251
ME02243,CA00429,25%,-0.344,0.406
ME02244,CA02629,100%,0.3583,0.421
ME02245,CA04027,100%,-0.0763,0.478
ME02246,CA04618,100%,0.0925,0.388
ME02247,CA03667,75%,-0.1537,0.4
ME02248,CA04869,100%,-0.0437,0.396
ME02249,CA06459,75%,0.0016,0.471
ME02250,CA01217,25%,0.0256,0.13
ME02251,CA00102,25%,-0.021,0.279
ME02252,CA00687,75%,0.0877,0.187
ME02253,CA02847,25%,0.0413,0.452
ME02254,CA04313,50%,-0.2266,0.133
ME02255,CA01753,100%,-0.309,0.394
ME02256,CA05850,100%,-0.0325,0.261
ME02257,CA04272,25%,0.0488,0.476
ME02258,CA05902,100%,0.1607,0.299
ME02259,CA05133,50%,0.0424,0.384
ME02260,CA02590,25%,-0.2615,0.151
ME02261,CA06286,100%,0.1069,0.446
ME02262,CA03102,25%,-0.0331,0.365
ME02263,CA06870,50%,0.0587,0.213
ME02264,CA02808,75%,0.2221,0.468
ME02265,CA06188,25%,0.053,0.432
ME02266,CA06272,100%,0.1463,0.403
ME02267,CA06759,25%,0.0065,0.351
ME02268,CA06483,75%,-0.0821,0.152
ME02269,CA06177,25%,0.2651,0.337
ME02270,CA03410,100%,-0.0684,0.358
ME02271,CA03693,50%,-0.1023,0.309
ME02272,CA06830,50%,0.2226,0.346
ME02273,CA06002,100%,-0.1507,0.36
ME02274,CA00871,25%,-0.4018,0.347
ME02275,CA05903,50%,0.1796,0.204
ME02276,CA00138,100%,-0.1874,0.148
ME02277,CA05949,25%,0.2236,0.441
ME02278,CA02185,100%,-0.0375,0.124
ME02279,CA04760,75%,0.3656,0.392
ME02280,CA01442,50%,-0.0442,0.127
ME02281,CA06346,100%,-0.3427,0.38
ME02282,CA01744,50%,0.4955,0.442
ME02283,CA03118,25%,0.0907,0.218
ME02284,CA02895,75%,0.2366,0.102
ME02285,CA00088,100%,-0.1249,0.128
ME02286,CA00059,100%,-0.085,0.116
ME02287,CA01798,100%,-0.1535,0.227
ME02288,CA06299,75%,0.2529,0.226
ME02289,CA01915,25%,-0.2959,0.406
ME02290,CA00797,25%,0.0429,0.277
ME02291,CA00416,100%,0.3639,0.242
ME02292,CA02682,100%,-0.0873,0.119
ME02293,CA06877,50%,-0.2576,0.221
ME02294,CA06502,75%,0.0561,0.155
ME02295,CA02407,100%,0.2069,0.443
ME02296,CA05677,75%,-0.2105,0.214
ME02297,CA01348,75%,0.1177,0.32
ME02298,CA05329,100%,0.0317,0.341
ME02299,CA06976,25%,0.0235,0.283
ME02300,CA00036,25%,0.0141,0.119
ME02301,CA03289,75%,0.1738,0.162
ME02302,CA05303,100%,0.0288,0.428
ME02303,CA01442,75%,0.0257,0.296
ME02304,CA05873,25%,0.067,0.136
ME02305,CA01656,25%,0.0605,0.272
ME02306,CA00201,75%,-0.1309,0.23
ME02307,CA05026,100%,-0.033,0.41
ME02308,CA03419,75%,0.0512,0.206
ME02309,CA02478,25%,-0.1063,0.262
ME02310,CA05903,50%,0.077,0.379
ME02311,CA00260,50%,-0.2853,0.284
ME02312,CA03703,25%,0.1322,0.165
ME02313,CA06645,50%,-0.1458,0.224
ME02314,CA06978,75%,-0.1703,0.362
ME02315,CA03409,25%,0.0569,0.426
ME02316,CA01353,75%,-0.1155,0.456
ME02317,CA05703,100%,0.327,0.39
ME02318,CA02649,75%,0.1717,0.308
ME02319,CA03610,25%,0.2933,0.277
ME02320,CA00826,25%,0.3008,0.157
ME02321,CA02150,25%,0.0283,0.202
ME02322,CA01611,25%,0.3724,0.383
ME02323,CA05542,25%,0.2301,0.329
ME02324,CA06054,75%,-0.2411,0.482
ME02325,CA05778,100%,0.029,0.305
ME02326,CA01820,25%,-0.0493,0.455
ME02327,CA03732,50%,0.1917,0.385
ME02328,CA06872,75%,-0.2441,0.147
ME02329,CA02694,100%,0.0727,0.319
ME02330,CA06527,100%,0.1037,0.455
ME02331,CA04126,100%,-0.2523,0.318
ME02332,CA03347,75%,0.052,0.113
ME02333,CA02358,50%,0.1001,0.246
ME02334,CA03826,100%,0.0383,0.494
ME02335,CA01441,25%,0.1161,0.108
ME02336,CA02655,50%,-0.117,0.273
ME02337,CA06623,25%,0.1321,0.372
ME02338,CA03493,25%,-0.1477,0.269
ME02339,CA04780,100%,-0.1051,0.26
ME02340,CA02405,50%,0.0703,0.239
ME02341,CA00437,50%,0.0121,0.263
ME02342,CA06882,75%,0.107,0.262
ME02343,CA02085,75%,-0.1311,0.331
ME02344,CA04649,100%,-0.1171,0.248
ME02345,CA01925,50%,0.1081,0.452
ME02346,CA00927,50%,0.0692,0.397
ME02347,CA06015,25%,0.1568,0.221
ME02348,CA00044,75%,0.2119,0.146
ME02349,CA04495,100%,-0.0616,0.493
ME02350,CA04894,75%,-0.0676,0.36
ME02351,CA02673,75%,-0.0136,0.437
ME02352,CA03758,50%,-0.0458,0.201
ME02353,CA04551,100%,0.2329,0.315
ME02354,CA05341,75%,-0.1776,0.241
ME02355,CA02418,100%,-0.0088,0.149
ME02356,CA02042,100%,0.0,0.418
ME02357,CA05270,50%,-0.2776,0.262
ME02358,CA00940,25%,0.0346,0.176
ME02359,CA04709,75%,0.0414,0.388
ME02360,CA04624,50%,-0.1397,0.49
ME02361,CA01103,100%,0.1047,0.443
ME02362,CA04564,25%,-0.2423,0.168
ME02363,CA01714,75%,-0.3013,0.412
ME02364,CA00210,100%,0.0336,0.348
ME02365,CA03862,25%,-0.0038,0.259
ME02366,CA02840,25%,0.0364,0.118
ME02367,CA00386,75%,-0.109,0.102
ME02368,CA01427,100%,0.2521,0.41
ME02369,CA01833,75%,-0.2629,0.189
ME02370,CA01065,50%,-0.0214,0.133
ME02371,CA03245,100%,-0.2234,0.369
ME02372,CA00149,75%,0.3812,0.405
ME02373,CA03866,100%,0.3193,0.231
ME02374,CA02254,50%,-0.1289,0.366
ME02375,CA02842,100%,0.3751,0.346
ME02376,CA00565,75%,0.2354,0.18
ME02377,CA05088,100%,0.0231,0.474
ME02378,CA01864,75%,-0.3107,0.326
ME02379,CA02491,50%,-0.079,0.452
ME02380,CA03933,75%,0.0054,0.116
ME02381,CA00407,50%,-0.3003,0.279
ME02382,CA02300,75%,0.0919,0.319
ME02383,CA04868,75%,-0.1284,0.243
ME02384,CA01119,100%,-0.2013,0.353
ME02385,CA06635,50%,-0.2855,0.192
ME02386,CA02206,75%,0.1038,0.441
ME02387,CA00061,50%,-0.1954,0.391
ME02388,CA05432,50%,-0.1997,0.469
ME02389,CA01649,50%,0.3175,0.484
ME02390,CA07056,75%,0.2296,0.449
ME02391,CA02388,75%,-0.0247,0.485
ME02392,CA02037,100%,-0.0708,0.129
ME02393,CA01957,25%,-0.1336,0.302
ME02394,CA00453,50%,-0.1348,0.22
ME02395,CA01429,75%,0.1729,0.264
ME02396,CA03240,75%,0.077,0.153
ME02397,CA00556,25%,-0.1434,0.417
ME02398,CA03666,50%,0.0859,0.233
ME02399,CA06699,25%,0.0048,0.332
ME02400,CA04994,50%,0.1745,0.186
ME02401,CA03033,75%,-0.1399,0.384
ME02402,CA06029,100%,-0.1379,0.345
ME02403,CA00307,50%,-0.2996,0.475
ME02404,CA01041,100%,-0.1575,0.312
ME02405,CA01849,25%,0.1067,0.129
ME02406,CA06826,75%,0.2001,0.183
ME02407,CA02805,50%,-0.0734,0.222
ME02408,CA04941,100%,0.1275,0.225
ME02409,CA02887,75%,-0.0263,0.349
ME02410,CA06901,100%,0.3684,0.247
ME02411,CA01971,75%,-0.5175,0.233
ME02412,CA05071,100%,-0.1415,0.39
ME02413,CA02253,100%,0.1036,0.241
ME02414,CA07033,25%,-0.1916,0.117
ME02415,CA02903,50%,-0.3194,0.414
ME02416,CA03039,50%,-0.107,0.14
ME02417,CA07173,25%,-0.2755,0.245
ME02418,CA06046,75%,-0.037,0.376
ME02419,CA01484,25%,-0.0499,0.186
ME02420,CA00102,25%,-0.1467,0.468
ME02421,CA03001,100%,0.0804,0.445
ME02422,CA01343,25%,-0.1588,0.324
ME02423,CA01798,25%,0.0033,0.116
ME02424,CA03229,25%,0.1267,0.225
ME02425,CA01994,50%,-0.0205,0.409
ME02426,CA06222,75%,-0.1447,0.18
ME02427,CA04998,50%,-0.0833,0.127
ME02428,CA02992,50%,-0.0649,0.45
ME02429,CA06408,50%,0.2516,0.365
ME02430,CA04922,75%,-0.2077,0.487
ME02431,CA06927,100%,0.0357,0.425
ME02432,CA06151,100%,0.0071,0.419
ME02433,CA06550,50%,0.0676,0.394
ME02434,CA04137,75%,0.1585,0.219
ME02435,CA06288,50%,0.039,0.45
ME02436,CA00964,25%,0.1522,0.103
ME02437,CA05837,25%,0.1607,0.456
ME02438,CA06767,75%,0.1696,0.467
ME02439,CA07190,75%,-0.2527,0.488
ME02440,CA05426,50%,-0.0299,0.212
ME02441,CA06164,25%,-0.3418,0.225
ME02442,CA00075,50%,0.1078,0.173
ME02443,CA06979,100%,0.2266,0.105
ME02444,CA03637,100%,-0.2245,0.318
ME02445,CA04495,100%,-0.0456,0.199
ME02446,CA02170,50%,-0.0651,0.366
ME02447,CA05776,100%,0.0861,0.435
ME02448,CA01720,25%,0.0664,0.492
ME02449,CA06479,100%,-0.2371,0.208
ME02450,CA05107,100%,0.0021,0.209
ME02451,CA04684,25%,0.1234,0.317
ME02452,CA03688,100%,0.3925,0.436
ME02453,CA05262,75%,0.2382,0.21
ME02454,CA03411,25%,0.1777,0.179
ME02455,CA07149,25%,0.2273,0.137
ME02456,CA02857,25%,0.1621,0.476
ME02457,CA02738,50%,0.2014,0.368
ME02458,CA04325,25%,0.2691,0.378
ME02459,CA02362,25%,-0.2768,0.48
ME02460,CA03266,50%,-0.0161,0.185
ME02461,CA00387,100%,-0.1233,0.456
ME02462,CA03470,100%,-0.2308,0.162
ME02463,CA04687,25%,0.0809,0.299
ME02464,CA00402,75%,-0.0332,0.269
ME02465,CA01514,25%,-0.053,0.301
ME02466,CA00941,25%,0.2507,0.445
ME02467,CA06957,75%,0.1108,0.209
ME02468,CA06702,100%,-0.1761,0.414
ME02469,CA00588,50%,0.0522,0.413
ME02470,CA00944,100%,-0.1008,0.431
ME02471,CA03610,75%,-0.2523,0.216
ME02472,CA01436,100%,-0.0568,0.354
ME02473,CA06585,75%,-0.2147,0.479
ME02474,CA01206,25%,0.102,0.364
ME02475,CA04352,50%,0.1859,0.277
ME02476,CA07033,100%,-0.2528,0.412
ME02477,CA00462,75%,-0.202,0.249
ME02478,CA00429,25%,-0.3337,0.401
ME02479,CA01471,75%,0.1147,0.131
ME02480,CA06395,25%,0.0094,0.305
ME02481,CA04718,100%,-0.1261,0.482
ME02482,CA03656,100%,-0.0062,0.293
ME02483,CA02738,75%,-0.3968,0.244
ME02484,CA05223,100%,0.0515,0.474
ME02485,CA05560,100%,0.0392,0.199
ME02486,CA03962,75%,-0.005,0.282
ME02487,CA02663,25%,0.1392,0.242
ME02488,CA00877,75%,0.1022,0.352
ME02489,CA01956,100%,0.0586,0.443
ME02490,CA02700,25%,0.2427,0.152
ME02491,CA04890,100%,0.1107,0.252
ME02492,CA03537,25%,-0.0483,0.107
ME02493,CA06025,25%,0.1901,0.223
ME02494,CA04479,50%,0.0074,0.38
ME02495,CA03756,50%,0.2081,0.11
ME02496,CA03314,100%,0.272,0.375
ME02497,CA04626,100%,-0.0107,0.237
ME02498,CA01683,75%,0.0869,0.238
ME02499,CA00531,100%,0.0809,0.162
ME02500,CA00563,75%,0.0859,0.229
ME02501,CA02664,100%,0.0657,0.426
ME02502,CA04336,25%,0.1562,0.427
ME02503,CA05569,75%,-0.195,0.413
ME02504,CA05069,50%,0.4243,0.425
ME02505,CA03829,25%,0.3926,0.379
ME02506,CA02426,25%,-0.177,0.207
ME02507,CA05384,75%,0.2943,0.405
ME02508,CA06759,50%,0.1206,0.481
ME02509,CA00468,100%,0.0339,0.101
ME02510,CA00765,50%,0.0362,0.361
ME02511,CA00787,50%,-0.1984,0.312
ME02512,CA06655,50%,-0.141,0.438
ME02513,CA04635,100%,0.0174,0.44
ME02514,CA00543,75%,-0.0831,0.187
ME02515,CA02539,75%,0.115,0.444
ME02516,CA01898,50%,0.1314,0.135
ME02517,CA01467,75%,0.3605,0.22
ME02518,CA03112,50%,-0.2793,0.477
ME02519,CA05854,25%,0.3146,0.15
ME02520,CA06937,50%,0.2383,0.193
ME02521,CA04943,25%,-0.0293,0.15
ME02522,CA06367,50%,-0.251,0.154
ME02523,CA01910,25%,-0.0455,0.196
ME02524,CA04528,25%,-0.1275,0.189
ME02525,CA05190,75%,0.1158,0.117
ME02526,CA00242,75%,-0.0111,0.334
ME02527,CA03587,75%,-0.0966,0.233
ME02528,CA02992,25%,0.5064,0.253
ME02529,CA02079,50%,-0.0784,0.263
ME02530,CA02295,75%,-0.0574,0.233
ME02531,CA02165,100%,-0.0116,0.1
ME02532,CA03400,75%,-0.1099,0.174
ME02533,CA06221,50%,0.0814,0.123
ME02534,CA04139,25%,-0.1189,0.462
ME02535,CA05901,100%,-0.0005,0.41
ME02536,CA06450,50%,0.2377,0.398
ME02537,CA06787,25%,-0.0695,0.222
ME02538,CA02185,25%,0.4583,0.46
ME02539,CA01657,100%,0.0606,0.405
ME02540,CA01661,25%,-0.2711,0.304
ME02541,CA02160,25%,-0.155,0.269
ME02542,CA02414,75%,0.071,0.262
ME02543,CA03885,75%,0.0354,0.174
ME02544,CA06705,75%,-0.2262,0.208
ME02545,CA00651,100%,-0.1006,0.265
ME02546,CA06618,75%,0.2039,0.215
ME02547,CA06968,75%,0.0595,0.213
ME02548,CA04114,50%,0.2668,0.129
ME02549,CA02164,25%,0.0161,0.208
ME02550,CA04226,100%,-0.1609,0.151
ME02551,CA02538,25%,0.1804,0.109
ME02552,CA03272,75%,-0.1134,0.474
ME02553,CA03483,25%,-0.0599,0.44
ME02554,CA07055,50%,-0.0121,0.19
ME02555,CA02193,100%,-0.0406,0.301
ME02556,CA02551,75%,0.1455,0.212
ME02557,CA01302,50%,-0.1925,0.245
ME02558,CA04397,100%,-0.0323,0.483
ME02559,CA02350,50%,0.2985,0.35
ME02560,CA04574,25%,-0.0696,0.498
ME02561,CA06235,50%,-0.0804,0.29
ME02562,CA04855,50%,-0.081,0.171
ME02563,CA04998,50%,-0.2657,0.458
ME02564,CA06127,100%,-0.0151,0.39
ME02565,CA00333,75%,0.0392,0.239
ME02566,CA03583,75%,0.0702,0.117
ME02567,CA05706,75%,-0.0744,0.381
ME02568,CA07153,100%,-0.0073,0.327
ME02569,CA02971,50%,0.0888,0.163
ME02570,CA01624,25%,0.2575,0.329
ME02571,CA04997,100%,0.1013,0.209
ME02572,CA02100,100%,-0.0791,0.112
ME02573,CA00166,50%,0.2686,0.124
ME02574,CA07143,75%,-0.1112,0.132
ME02575,CA03412,25%,-0.1742,0.313
ME02576,CA04265,75%,-0.0541,0.155
ME02577,CA01359,75%,0.1498,0.396
ME02578,CA04859,100%,0.2538,0.159
ME02579,CA05257,100%,0.0179,0.28
ME02580,CA06489,25%,-0.1446,0.368
ME02581,CA07107,100%,-0.1322,0.494
ME02582,CA07114,100%,0.2824,0.15
ME02583,CA03410,50%,-0.0553,0.489
ME02584,CA06527,100%,-0.4026,0.263
ME02585,CA04583,50%,-0.027,0.191
ME02586,CA01525,25%,0.0916,0.391
ME02587,CA02837,50%,0.0366,0.39
ME02588,CA00109,100%,0.1651,0.435
ME02589,CA03320,75%,0.0317,0.367
ME02590,CA06455,50%,0.2591,0.499
ME02591,CA04898,50%,0.1605,0.377
ME02592,CA01820,100%,-0.0791,0.224
ME02593,CA02916,25%,-0.0089,0.32
ME02594,CA05079,25%,-0.0634,0.427
ME02595,CA00242,25%,-0.0656,0.387
ME02596,CA01727,50%,0.1901,0.347
ME02597,CA01792,50%,-0.0641,0.324
ME02598,CA03596,50%,-0.0975,0.256
ME02599,CA04584,50%,0.0221,0.5
ME02600,CA00132,75%,-0.2995,0.386
ME02601,CA05218,75%,-0.2085,0.276
ME02602,CA04943,25%,-0.2265,0.257
ME02603,CA05687,100%,0.1654,0.434
ME02604,CA02745,50%,-0.068,0.36
ME02605,CA06529,25%,0.1425,0.415
ME02606,CA06895,75%,-0.1477,0.457
ME02607,CA06906,75%,0.2908,0.464
ME02608,CA00036,50%,-0.0816,0.163
ME02609,CA03470,100%,0.2222,0.209
ME02610,CA01973,100%,-0.1812,0.368
ME02611,CA04039,25%,-0.0778,0.28
ME02612,CA05162,50%,-0.0821,0.409
ME02613,CA03185,100%,-0.0756,0.222
ME02614,CA06029,100%,0.0007,0.324
ME02615,CA05357,100%,-0.0936,0.387
ME02616,CA04196,50%,0.3911,0.114
ME02617,CA01580,25%,0.005,0.459
ME02618,CA01396,50%,-0.0031,0.48
ME02619,CA00421,50%,0.0276,0.387
ME02620,CA05976,25%,0.2135,0.423
ME02621,CA03274,50%,-0.159,0.404
ME02622,CA01496,75%,-0.0481,0.476
ME02623,CA06147,50%,0.2192,0.226
ME02624,CA04468,100%,0.4086,0.214
ME02625,CA02401,25%,0.0372,0.498
ME02626,CA00413,100%,0.0254,0.383
ME02627,CA06927,50%,-0.1119,0.5
ME02628,CA03118,25%,0.0704,0.419
ME02629,CA02715,25%,-0.1615,0.431
ME02630,CA05008,25%,-0.1306,0.439
ME02631,CA00898,100%,0.0973,0.173
ME02632,CA00981,50%,-0.306,0.482
ME02633,CA06992,75%,-0.057,0.477
ME02634,CA00133,50%,0.1086,0.191
ME02635,CA03077,25%,0.0211,0.412
ME02636,CA05300,75%,-0.2923,0.182
ME02637,CA02133,100%,-0.1599,0.489
ME02638,CA02918,100%,0.1683,0.309
ME02639,CA03496,100%,0.0304,0.183
ME02640,CA01183,100%,-0.0242,0.408
ME02641,CA00307,75%,0.0731,0.185
ME02642,CA03932,75%,-0.1266,0.442
ME02643,CA02345,25%,-0.0942,0.336
ME02644,CA04723,25%,-0.1455,0.292
ME02645,CA01408,100%,0.1985,0.437
ME02646,CA00198,50%,-0.1629,0.115
ME02647,CA01476,25%,0.1391,0.114
ME02648,CA07072,100%,-0.1361,0.419
ME02649,CA07082,75%,0.0208,0.232
ME02650,CA06050,50%,0.0553,0.382
ME02651,CA04315,100%,-0.0698,0.303
ME02652,CA03743,50%,0.1203,0.34
ME02653,CA03127,100%,0.0896,0.2
ME02654,CA06230,75%,-0.2688,0.19
ME02655,CA04914,100%,0.0933,0.189
ME02656,CA01778,25%,0.1406,0.15
ME02657,CA01339,75%,-0.1896,0.347
ME02658,CA02120,75%,-0.0374,0.298
ME02659,CA05254,25%,0.0185,0.451
ME02660,CA04246,25%,-0.1724,0.482
ME02661,CA05905,25%,0.0886,0.306
ME02662,CA05752,25%,0.0748,0.129
ME02663,CA03693,75%,-0.0137,0.377
ME02664,CA04250,25%,0.0411,0.438
ME02665,CA02023,25%,-0.0834,0.112
ME02666,CA07162,75%,-0.0695,0.337
ME02667,CA01745,25%,-0.0342,0.488
ME02668,CA04723,100%,0.0946,0.462
ME02669,CA00892,25%,-0.0189,0.102
ME02670,CA02783,100%,0.1115,0.125
ME02671,CA05773,75%,0.0939,0.426
ME02672,CA06428,75%,-0.2548,0.272
ME02673,CA04003,100%,0.0722,0.118
ME02674,CA05382,50%,0.0244,0.351
ME02675,CA03422,100%,-0.1071,0.388
ME02676,CA00356,100%,0.3032,0.21
ME02677,CA06030,75%,-0.1333,0.5
ME02678,CA02942,25%,0.0549,0.335
ME02679,CA00401,50%,-0.034,0.468
ME02680,CA04735,75%,0.0226,0.269
ME02681,CA07119,50%,-0.0411,0.247
ME02682,CA03774,50%,-0.1144,0.101
ME02683,CA01933,50%,-0.3371,0.204
ME02684,CA05641,50%,0.0937,0.125
ME02685,CA00856,50%,0.1123,0.487
ME02686,CA03335,25%,0.1651,0.161
ME02687,CA00808,50%,0.2809,0.473
ME02688,CA03916,100%,-0.0684,0.293
ME02689,CA04352,50%,-0.0278,0.399
ME02690,CA02017,25%,0.0461,0.173
ME02691,CA06675,75%,0.285,0.257
ME02692,CA07089,75%,0.1035,0.388
ME02693,CA06326,100%,0.2172,0.276
ME02694,CA07080,100%,-0.1447,0.329
ME02695,CA02915,50%,0.0438,0.445
ME02696,CA03532,25%,0.1326,0.167
ME02697,CA03843,25%,0.0366,0.156
ME02698,CA02458,25%,-0.3443,0.222
ME02699,CA07180,75%,-0.1024,0.2
ME02700,CA03838,100%,-0.0428,0.113
ME02701,CA01145,75%,0.1271,0.257
ME02702,CA06116,25%,-0.0403,0.159
ME02703,CA05976,100%,0.144,0.371
ME02704,CA02676,50%,0.0421,0.35
ME02705,CA04487,50%,0.085,0.457
ME02706,CA06522,50%,0.0577,0.386
ME02707,CA02924,50%,0.0021,0.106
ME02708,CA05745,50%,-0.2809,0.265
ME02709,CA03221,50%,0.1335,0.239
ME02710,CA03632,75%,0.057,0.155
ME02711,CA03920,75%,-0.0268,0.287
ME02712,CA02471,25%,0.4345,0.271
ME02713,CA04796,100%,0.088,0.424
ME02714,CA03445,25%,0.1592,0.111
ME02715,CA03628,100%,-0.2366,0.147
ME02716,CA06689,75%,-0.1136,0.407
ME02717,CA05966,50%,0.0639,0.441
ME02718,CA04414,75%,0.2873,0.445
ME02719,CA06678,50%,-0.2001,0.295
ME02720,CA03445,75%,-0.0102,0.366
ME02721,CA07191,50%,0.0503,0.249
ME02722,CA02296,25%,0.2801,0.213
ME02723,CA01499,50%,-0.1711,0.423
ME02724,CA01087,50%,-0.1835,0.138
ME02725,CA04969,75%,-0.1107,0.208
ME02726,CA06746,25%,0.1496,0.488
ME02727,CA06324,50%,-0.0692,0.122
ME02728,CA04951,75%,-0.15,0.323
ME02729,CA03925,100%,-0.0023,0.327
ME02730,CA00111,75%,0.3228,0.468
ME02731,CA03473,25%,-0.0067,0.254
ME02732,CA00470,75%,-0.2084,0.431
ME02733,CA00413,25%,-0.0204,0.361
ME02734,CA05085,50%,0.2227,0.427
ME02735,CA03452,75%,-0.2886,0.42
ME02736,CA01562,50%,-0.0567,0.421
ME02737,CA06503,75%,0.0737,0.388
ME02738,CA06312,25%,0.0831,0.373
ME02739,CA06816,50%,0.1117,0.213
ME02740,CA04203,100%,0.0004,0.14
ME02741,CA01518,100%,-0.0531,0.118
ME02742,CA05456,100%,-0.1888,0.471
ME02743,CA05874,50%,-0.1377,0.221
ME02744,CA06389,75%,-0.0328,0.239
ME02745,CA06750,75%,-0.2621,0.252
ME02746,CA00106,50%,0.2863,0.191
ME02747,CA06565,25%,-0.0409,0.431
ME02748,CA01834,75%,0.013,0.24
ME02749,CA00854,25%,-0.0667,0.348
ME02750,CA06045,25%,-0.0893,0.242
ME02751,CA06857,75%,0.0831,0.257
ME02752,CA02725,25%,-0.1278,0.23
ME02753,CA05631,75%,0.1403,0.157
ME02754,CA04390,25%,-0.1877,0.112
ME02755,CA02526,100%,-0.1014,0.149
ME02756,CA02208,100%,0.0768,0.363
ME02757,CA02712,25%,0.0377,0.408
ME02758,CA05715,75%,-0.1652,0.216
ME02759,CA01433,75%,-0.1833,0.409
ME02760,CA03717,100%,-0.294,0.229
ME02761,CA01633,50%,-0.0797,0.219
ME02762,CA00264,100%,-0.0244,0.445
ME02763,CA02329,50%,-0.0923,0.243
ME02764,CA02528,100%,-0.2399,0.171
ME02765,CA05828,75%,-0.0626,0.458
ME02766,CA02313,100%,-0.1884,0.142
ME02767,CA05651,50%,0.0469,0.409
ME02768,CA07064,50%,-0.1686,0.34
ME02769,CA01744,25%,0.0494,0.448
ME02770,CA00248,75%,-0.1365,0.296
ME02771,CA02429,25%,0.0724,0.211
ME02772,CA07177,75%,-0.1972,0.195
ME02773,CA00672,75%,0.275,0.472
ME02774,CA05709,50%,-0.0297,0.261
ME02775,CA03774,25%,0.3546,0.188
ME02776,CA00881,25%,-0.0174,0.271
ME02777,CA03528,75%,0.0623,0.378
ME02778,CA04500,50%,-0.2618,0.1
ME02779,CA06959,25%,-0.0061,0.213
ME02780,CA03638,25%,-0.1126,0.253
ME02781,CA03209,25%,-0.1224,0.198
ME02782,CA02317,100%,0.0345,0.441
ME02783,CA05146,75%,-0.0571,0.362
ME02784,CA05132,50%,-0.0535,0.429
ME02785,CA06883,50%,-0.1536,0.106
ME02786,CA04168,25%,-0.0703,0.447
ME02787,CA05005,50%,0.1451,0.5
ME02788,CA06420,50%,-0.2083,0.216
ME02789,CA07053,25%,-0.0878,0.432
ME02790,CA00838,50%,-0.1493,0.413
ME02791,CA04014,25%,0.0337,0.392
ME02792,CA06160,100%,-0.1689,0.366
ME02793,CA03229,100%,0.0566,0.42
ME02794,CA06286,25%,0.1129,0.107
ME02795,CA06438,25%,-0.1296,0.401
ME02796,CA06073,75%,-0.2054,0.16
ME02797,CA00972,100%,-0.1017,0.366
ME02798,CA04075,50%,-0.1576,0.489
ME02799,CA01932,50%,0.1796,0.325
ME02800,CA01837,25%,-0.013,0.186
ME02801,CA01893,25%,0.0741,0.14
ME02802,CA03673,100%,0.1244,0.311
ME02803,CA07088,100%,-0.2264,0.166
ME02804,CA01404,75%,-0.0061,0.197
ME02805,CA06185,50%,-0.333,0.263
ME02806,CA02349,50%,-0.0175,0.194
ME02807,CA00807,25%,-0.3433,0.308
ME02808,CA03106,50%,-0.0764,0.371
ME02809,CA06881,100%,-0.0254,0.39
ME02810,CA00624,25%,0.3101,0.185
ME02811,CA03662,25%,0.4615,0.19
ME02812,CA02050,100%,-0.0376,0.332
ME02813,CA04321,100%,0.2587,0.144
ME02814,CA02060,100%,-0.2186,0.394
ME02815,CA07198,50%,-0.2031,0.377
ME02816,CA01355,50%,0.2839,0.231
ME02817,CA06548,25%,0.0683,0.377
ME02818,CA04188,25%,-0.0329,0.313
ME02819,CA04911,100%,-0.087,0.31
ME02820,CA06773,75%,0.4039,0.361
ME02821,CA03972,25%,-0.0643,0.258
ME02822,CA05185,50%,-0.1271,0.267
ME02823,CA01931,50%,-0.2387,0.35
ME02824,CA05102,50%,-0.2691,0.368
ME02825,CA01427,100%,-0.0184,0.17
ME02826,CA00939,100%,0.1199,0.382
ME02827,CA05924,25%,0.118,0.325
ME02828,CA04493,50%,0.0462,0.498
ME02829,CA00262,25%,0.2437,0.331
ME02830,CA06959,100%,0.454,0.203
ME02831,CA04733,75%,0.1412,0.189
ME02832,CA04944,75%,0.1677,0.364
ME02833,CA06353,50%,-0.095,0.301
ME02834,CA04289,25%,-0.1753,0.331
ME02835,CA01943,50%,0.2908,0.243
ME02836,CA03706,100%,-0.0685,0.383
ME02837,CA00376,75%,-0.1025,0.184
ME02838,CA06515,100%,-0.012,0.117
ME02839,CA01403,75%,0.0548,0.463
ME02840,CA05097,25%,0.1088,0.276
ME02841,CA01014,50%,0.0957,0.271
ME02842,CA06173,75%,-0.0015,0.105
ME02843,CA01326,50%,0.0687,0.233
ME02844,CA06113,50%,0.0099,0.124
ME02845,CA02478,75%,-0.0866,0.394
ME02846,CA01961,75%,0.0478,0.223
ME02847,CA01261,25%,-0.3511,0.122
ME02848,CA04823,25%,0.0254,0.35
ME02849,CA05156,75%,-0.2732,0.458
ME02850,CA00297,75%,0.0838,0.137
ME02851,CA05978,100%,0.1148,0.234
ME02852,CA02830,25%,-0.1983,0.224
ME02853,CA00097,25%,0.1696,0.151
ME02854,CA02823,50%,-0.4412,0.269
ME02855,CA06276,50%,0.3115,0.192
ME02856,CA00115,75%,-0.0499,0.26
ME02857,CA03888,100%,-0.1429,0.266
ME02858,CA03948,75%,-0.409,0.335
ME02859,CA03623,100%,0.2469,0.179
ME02860,CA06002,100%,-0.0445,0.208
ME02861,CA05637,75%,-0.0123,0.268
ME02862,CA01497,50%,0.1994,0.484
ME02863,CA05508,100%,-0.2105,0.188
ME02864,CA00107,100%,0.0413,0.28
ME02865,CA03876,25%,0.0043,0.43
ME02866,CA06099,100%,0.1093,0.229
ME02867,CA01195,25%,0.0265,0.484
ME02868,CA00615,75%,-0.0653,0.356
ME02869,CA03632,25%,-0.2184,0.116
ME02870,CA02835,50%,-0.1054,0.264
ME02871,CA04100,75%,0.0889,0.407
ME02872,CA05417,100%,-0.2265,0.418
ME02873,CA07002,25%,-0.1174,0.359
ME02874,CA05817,50%,-0.0575,0.467
ME02875,CA01200,100%,0.2444,0.301
ME02876,CA03226,75%,-0.314,0.394
ME02877,CA05789,100%,-0.0072,0.134
ME02878,CA02921,100%,0.0664,0.137
ME02879,CA05550,25%,0.4945,0.112
ME02880,CA03861,75%,-0.1065,0.114
ME02881,CA01253,75%,0.1729,0.264
ME02882,CA00409,50%,0.2059,0.137
ME02883,CA02168,75%,-0.0881,0.301
ME02884,CA00628,25%,0.2233,0.307
ME02885,CA05896,100%,0.0532,0.173
ME02886,CA01597,100%,0.1651,0.488
ME02887,CA05152,100%,-0.0477,0.2
ME02888,CA03487,50%,-0.2424,0.464
ME02889,CA06275,100%,-0.0694,0.295
ME02890,CA03015,75%,0.1413,0.251
ME02891,CA05193,100%,0.194,0.177
ME02892,CA06946,25%,0.0775,0.444
ME02893,CA03415,100%,0.0532,0.463
ME02894,CA03001,100%,-0.2061,0.195
ME02895,CA03790,75%,-0.3106,0.383
ME02896,CA00546,50%,0.0811,0.413
ME02897,CA00823,100%,-0.1428,0.169
ME02898,CA01249,25%,-0.1323,0.128
ME02899,CA02614,50%,0.0049,0.215
ME02900,CA02421,75%,0.197,0.259
ME02901,CA00087,100%,-0.0079,0.261
ME02902,CA04623,50%,0.5996,0.472
ME02903,CA00627,50%,-0.2314,0.375
ME02904,CA04859,75%,-0.2415,0.486
ME02905,CA06648,100%,0.1191,0.411
ME02906,CA00493,100%,0.2514,0.431
ME02907,CA05484,100%,0.0767,0.487
ME02908,CA00648,75%,0.1001,0.348
ME02909,CA03605,75%,0.0488,0.16
ME02910,CA01697,75%,-0.0182,0.267
ME02911,CA05880,75%,0.0328,0.17
ME02912,CA00589,100%,-0.1769,0.218
ME02913,CA06294,50%,-0.2776,0.37
ME02914,CA06305,75%,-0.1013,0.242
ME02915,CA00635,25%,-0.0604,0.156
ME02916,CA06299,50%,-0.2071,0.208
ME02917,CA04388,25%,0.174,0.129
ME02918,CA06866,75%,0.0062,0.392
ME02919,CA01576,100%,-0.1909,0.144
ME02920,CA00428,25%,0.1519,0.197
ME02921,CA05995,25%,0.1624,0.462
ME02922,CA01969,75%,-0.024,0.466
ME02923,CA06810,75%,-0.1634,0.437
ME02924,CA02131,25%,0.0393,0.118
ME02925,CA07011,75%,0.1929,0.207
ME02926,CA06754,100%,-0.1148,0.242
ME02927,CA02771,100%,0.2324,0.115
ME02928,CA02764,100%,0.0512,0.41
ME02929,CA01428,50%,0.1707,0.269
ME02930,CA01850,50%,0.1209,0.321
ME02931,CA04343,50%,0.0154,0.243
ME02932,CA00057,100%,0.1811,0.486
ME02933,CA02503,75%,-0.0844,0.384
ME02934,CA02856,100%,0.0171,0.2
ME02935,CA05396,100%,-0.1122,0.101
ME02936,CA06306,50%,0.0342,0.196
ME02937,CA05754,50%,0.1103,0.148
ME02938,CA04764,75%,-0.0923,0.472
ME02939,CA04203,50%,-0.024,0.456
ME02940,CA02481,75%,-0.0621,0.375
ME02941,CA03085,50%,-0.1538,0.158
ME02942,CA05527,25%,-0.1519,0.301
ME02943,CA06046,50%,-0.0825,0.45
ME02944,CA06938,25%,0.147,0.174
ME02945,CA00042,50%,0.0755,0.18
ME02946,CA07188,50%,0.0831,0.357
ME02947,CA00926,50%,0.283,0.43
ME02948,CA04244,50%,0.2142,0.306
ME02949,CA01675,100%,-0.0978,0.271
ME02950,CA03225,25%,-0.1632,0.428
ME02951,CA00593,25%,0.1748,0.335
ME02952,CA02006,25%,0.393,0.131
ME02953,CA04349,75%,0.1642,0.141
ME02954,CA04718,50%,-0.0199,0.275
ME02955,CA01589,25%,0.2468,0.349
ME02956,CA07094,75%,-0.0626,0.169
ME02957,CA06201,100%,0.1816,0.332
ME02958,CA05547,50%,-0.0529,0.384
ME02959,CA02530,25%,0.0454,0.304
ME02960,CA05937,50%,-0.0607,0.31
ME02961,CA00824,100%,-0.2493,0.144
ME02962,CA05933,75%,-0.0127,0.262
ME02963,CA00898,100%,-0.1286,0.327
ME02964,CA02797,75%,0.0586,0.443
ME02965,CA06279,75%,0.2518,0.472
ME02966,CA06525,25%,-0.0095,0.451
ME02967,CA02226,75%,0.2301,0.355
ME02968,CA02010,100%,-0.2471,0.493
ME02969,CA06339,75%,-0.0853,0.336
ME02970,CA00497,50%,-0.2364,0.149
ME02971,CA03485,50%,0.1615,0.181
ME02972,CA05549,100%,-0.0901,0.399
ME02973,CA00431,25%,0.1025,0.291
ME02974,CA05781,50%,0.3083,0.445
ME02975,CA02667,75%,-0.3439,0.188
ME02976,CA01117,100%,0.0688,0.456
ME02977,CA06812,25%,0.046,0.444
ME02978,CA03428,100%,0.1573,0.48
ME02979,CA00655,100%,-0.0998,0.392
ME02980,CA07003,25%,-0.1896,0.479
ME02981,CA02803,50%,0.0231,0.427
ME02982,CA01219,25%,0.0509,0.188
ME02983,CA01808,25%,-0.0689,0.315
ME02984,CA04352,50%,-0.3014,0.271
ME02985,CA00282,25%,0.3057,0.172
ME02986,CA00117,25%,-0.2267,0.183
ME02987,CA01315,100%,0.001,0.142
ME02988,CA00465,25%,0.0501,0.276
ME02989,CA00975,50%,-0.0853,0.19
ME02990,CA01564,75%,-0.111,0.427
ME02991,CA00372,25%,0.2637,0.178
ME02992,CA04065,100%,-0.239,0.446
ME02993,CA04870,25%,0.0792,0.448
ME02994,CA03704,75%,0.1706,0.189
ME02995,CA02565,75%,-0.2886,0.353
ME02996,CA04751,100%,0.0752,0.486
ME02997,CA06983,50%,-0.1553,0.142
ME02998,CA04677,100%,0.0782,0.473
ME02999,CA02126,75%,0.2778,0.256
ME03000,CA07198,25%,0.2999,0.471
ME03001,CA04153,100%,-0.0503,0.347
ME03002,CA04886,75%,-0.0263,0.332
ME03003,CA05847,50%,0.0133,0.284
ME03004,CA04840,75%,0.1263,0.316
ME03005,CA02369,100%,0.1344,0.133
ME03006,CA00914,100%,0.0579,0.226
ME03007,CA06903,75%,-0.1729,0.281
ME03008,CA05590,100%,0.013,0.315
ME03009,CA04834,75%,0.1883,0.458
ME03010,CA02489,100%,-0.0725,0.486
ME03011,CA06893,75%,0.0907,0.321
ME03012,CA06103,75%,0.2175,0.3
ME03013,CA06290,25%,-0.1818,0.419
ME03014,CA02373,100%,-0.371,0.1
ME03015,CA03523,50%,-0.1544,0.308
ME03016,CA02662,50%,0.235,0.264
ME03017,CA06813,25%,0.0889,0.177
ME03018,CA03269,25%,0.0536,0.483
ME03019,CA04908,25%,0.178,0.111
ME03020,CA01738,100%,0.0761,0.331
ME03021,CA06479,100%,-0.1625,0.446
ME03022,CA00647,100%,0.1328,0.132
ME03023,CA05810,50%,-0.0523,0.376
ME03024,CA05942,100%,-0.1083,0.416
ME03025,CA02155,50%,-0.1568,0.46
ME03026,CA00140,25%,-0.1237,0.113
ME03027,CA03527,75%,0.1525,0.158
ME03028,CA05610,50%,0.0664,0.358
ME03029,CA04826,75%,-0.105,0.244
ME03030,CA04162,25%,-0.0692,0.478
ME03031,CA03236,100%,-0.0062,0.421
ME03032,CA06306,50%,-0.0302,0.483
ME03033,CA02107,100%,0.1257,0.317
ME03034,CA03159,100%,-0.276,0.337
ME03035,CA02765,25%,0.0404,0.301
ME03036,CA02678,25%,-0.3286,0.385
ME03037,CA04130,75%,-0.2457,0.489
ME03038,CA01618,50%,-0.1571,0.372
ME03039,CA03473,75%,-0.0292,0.37
ME03040,CA07099,25%,-0.0817,0.306
ME03041,CA02166,25%,0.0124,0.128
ME03042,CA02235,25%,-0.0468,0.307
ME03043,CA05368,25%,-0.2831,0.23
ME03044,CA01757,75%,-0.0885,0.112
ME03045,CA07062,25%,-0.042,0.498
ME03046,CA02996,25%,-0.0432,0.186
ME03047,CA01673,50%,-0.0386,0.206
ME03048,CA05046,25%,-0.2034,0.16
ME03049,CA05863,100%,-0.3046,0.443
ME03050,CA00209,50%,-0.1472,0.344
ME03051,CA05199,100%,-0.205,0.16
ME03052,CA00439,25%,0.0827,0.256
ME03053,CA05735,25%,-0.2416,0.47
ME03054,CA03172,25%,0.0795,0.414
ME03055,CA00507,25%,0.4385,0.133
ME03056,CA01981,50%,-0.3313,0.28
ME03057,CA04784,50%,0.0936,0.487
ME03058,CA04455,50%,0.0481,0.126
ME03059,CA01224,75%,0.0393,0.467
ME03060,CA05105,25%,0.0508,0.475
ME03061,CA04163,100%,-0.3794,0.204
ME03062,CA02255,25%,-0.0706,0.421
ME03063,CA03381,50%,0.3742,0.238
ME03064,CA06889,75%,-0.2985,0.475
ME03065,CA05550,50%,-0.2747,0.272
ME03066,CA01848,50%,0.0257,0.135
ME03067,CA00671,25%,0.0598,0.475
ME03068,CA02427,75%,0.0368,0.297
ME03069,CA04654,100%,-0.2441,0.168
ME03070,CA06006,25%,-0.0248,0.264
ME03071,CA03859,50%,0.0083,0.203
ME03072,CA07099,75%,-0.0206,0.202
ME03073,CA04384,50%,-0.3573,0.497
ME03074,CA06457,100%,0.0756,0.389
ME03075,CA02432,75%,-0.0743,0.224
ME03076,CA05807,25%,0.1977,0.164
ME03077,CA00250,100%,0.2002,0.233
ME03078,CA04119,25%,0.1397,0.164
ME03079,CA02846,75%,-0.1134,0.422
ME03080,CA00047,100%,0.0855,0.331
ME03081,CA00132,50%,0.1755,0.128
ME03082,CA00216,75%,0.0713,0.424
ME03083,CA00470,25%,-0.0793,0.304
ME03084,CA05606,75%,-0.0901,0.35
ME03085,CA04441,100%,0.1751,0.315
ME03086,CA01093,100%,-0.3461,0.279
ME03087,CA02805,25%,0.0453,0.173
ME03088,CA06993,25%,-0.1884,0.203
ME03089,CA02117,75%,-0.0959,0.276
ME03090,CA02563,25%,-0.0396,0.125
ME03091,CA00555,100%,0.2054,0.41
ME03092,CA03443,100%,-0.1482,0.151
ME03093,CA06025,75%,0.4044,0.338
ME03094,CA06032,25%,0.4655,0.11
ME03095,CA00409,25%,0.1571,0.444
ME03096,CA02690,75%,-0.2632,0.345
ME03097,CA04300,100%,-0.2114,0.36
ME03098,CA06139,50%,-0.0069,0.477
ME03099,CA06194,25%,0.0903,0.126
ME03100,CA02494,75%,-0.1718,0.141
ME03101,CA05927,100%,0.0932,0.412
ME03102,CA05258,100%,-0.3067,0.368
ME03103,CA06400,25%,0.2674,0.272
ME03104,CA02051,75%,-0.1114,0.106
ME03105,CA00762,75%,0.0215,0.126
ME03106,CA01591,25%,-0.1814,0.23
ME03107,CA01550,100%,0.0782,0.127
ME03108,CA04343,25%,-0.2082,0.194
ME03109,CA00749,50%,0.0214,0.427
ME03110,CA03371,75%,-0.0364,0.104
ME03111,CA04064,25%,-0.2997,0.187
ME03112,CA01116,75%,0.001,0.136
ME03113,CA00566,50%,0.0512,0.266
ME03114,CA06766,50%,0.2764,0.172
ME03115,CA06694,50%,-0.5489,0.388
ME03116,CA05631,50%,0.1019,0.258
ME03117,CA04067,100%,0.31,0.146
ME03118,CA05407,25%,-0.0264,0.494
ME03119,CA04652,50%,-0.0892,0.162
ME03120,CA06490,75%,-0.2659,0.475
ME03121,CA00176,75%,0.0607,0.483
ME03122,CA04251,100%,0.1422,0.458
ME03123,CA05771,50%,-0.0189,0.251
ME03124,CA03000,75%,0.0102,0.146
ME03125,CA06198,100%,-0.0491,0.432
ME03126,CA07035,75%,-0.0107,0.199
ME03127,CA02021,75%,-0.4858,0.254
ME03128,CA04809,75%,0.1418,0.345
ME03129,CA01171,50%,-0.0216,0.25
ME03130,CA06746,100%,0.2119,0.422
ME03131,CA06682,50%,-0.0699,0.482
ME03132,CA05578,25%,0.1733,0.263
ME03133,CA05014,25%,0.1891,0.23
ME03134,CA03969,25%,-0.1548,0.409
ME03135,CA05383,75%,0.0986,0.499
ME03136,CA00946,100%,-0.0875,0.153
ME03137,CA06608,25%,-0.0611,0.406
ME03138,CA04732,75%,-0.1532,0.28
ME03139,CA05579,50%,-0.1443,0.139
ME03140,CA00608,25%,-0.0834,0.206
ME03141,CA06801,50%,-0.3188,0.465
ME03142,CA00777,50%,-0.0559,0.32
ME03143,CA02885,75%,0.1195,0.279
ME03144,CA05230,100%,-0.4024,0.281
ME03145,CA00974,50%,-0.1052,0.261
ME03146,CA03889,50%,0.0779,0.455
ME03147,CA02019,75%,-0.2259,0.161
ME03148,CA05046,75%,0.0844,0.205
ME03149,CA04922,50%,0.1601,0.461
ME03150,CA01877,100%,-0.2643,0.139
ME03151,CA05918,75%,-0.0983,0.244
ME03152,CA05542,50%,-0.3361,0.409
ME03153,CA04846,50%,-0.1223,0.366
ME03154,CA01306,100%,0.1642,0.196
ME03155,CA06978,50%,-0.3558,0.461
ME03156,CA06405,100%,0.2123,0.462
ME03157,CA00493,75%,-0.1696,0.336
ME03158,CA06234,75%,0.2463,0.322
ME03159,CA00646,25%,-0.1635,0.129
ME03160,CA03471,100%,0.3374,0.438
ME03161,CA00208,25%,0.1495,0.146
ME03162,CA06455,100%,0.1539,0.162
ME03163,CA06605,25%,-0.2517,0.394
ME03164,CA00778,50%,0.1042,0.441
ME03165,CA01153,50%,0.0137,0.261
ME03166,CA02200,25%,-0.0155,0.391
ME03167,CA05003,75%,0.0753,0.412
ME03168,CA00545,75%,-0.18,0.372
ME03169,CA02120,75%,0.0289,0.174
ME03170,CA04830,75%,0.0563,0.276
ME03171,CA04376,100%,0.2881,0.145
ME03172,CA06835,25%,-0.3979,0.276
ME03173,CA04484,50%,0.0244,0.427
ME03174,CA02754,75%,0.1987,0.384
ME03175,CA04658,50%,-0.1568,0.203
ME03176,CA01342,25%,-0.2021,0.474
ME03177,CA04873,50%,0.2108,0.486
ME03178,CA02757,100%,-0.147,0.24
ME03179,CA02795,50%,0.1472,0.127
ME03180,CA06848,75%,0.0272,0.348
ME03181,CA07088,50%,-0.2251,0.261
ME03182,CA04341,50%,-0.1094,0.162
ME03183,CA02864,25%,0.0329,0.411
ME03184,CA04671,50%,-0.0125,0.24
ME03185,CA00534,100%,-0.1839,0.463
ME03186,CA01431,100%,0.0641,0.318
ME03187,CA01371,75%,0.2876,0.209
ME03188,CA04835,50%,-0.0169,0.429
ME03189,CA04865,100%,-0.2484,0.114
ME03190,CA04684,50%,-0.1364,0.302
ME03191,CA05716,50%,0.1145,0.328
ME03192,CA03382,75%,-0.0313,0.145
ME03193,CA03257,75%,-0.3279,0.232
ME03194,CA05623,50%,0.0514,0.288
ME03195,CA06502,25%,0.1246,0.179
ME03196,CA05374,50%,-0.0717,0.488
ME03197,CA00196,25%,0.0435,0.461
ME03198,CA01898,75%,-0.0319,0.476
ME03199,CA01134,100%,-0.1032,0.461
ME03200,CA02531,25%,-0.533,0.322
ME03201,CA05234,100%,0.0654,0.188
ME03202,CA00843,50%,-0.1101,0.24
ME03203,CA02835,100%,-0.0764,0.403
ME03204,CA03204,75%,-0.0937,0.121
ME03205,CA05816,100%,-0.013,0.489
ME03206,CA04451,75%,0.1601,0.293
ME03207,CA07080,50%,0.3236,0.234
ME03208,CA00094,75%,-0.0415,0.128
ME03209,CA06327,100%,-0.0958,0.401
ME03210,CA05253,75%,0.1135,0.213
ME03211,CA05884,100%,0.1257,0.406
ME03212,CA04963,75%,0.1539,0.218
ME03213,CA05286,50%,0.0012,0.24
ME03214,CA06856,50%,0.0854,0.297
ME03215,CA04899,25%,0.2632,0.281
ME03216,CA01471,75%,0.3783,0.476
ME03217,CA05841,50%,0.0587,0.244
ME03218,CA00578,75%,0.0465,0.453
ME03219,CA04245,100%,0.0348,0.139
ME03220,CA00955,50%,-0.1648,0.254
ME03221,CA06794,75%,-0.1967,0.135
ME03222,CA03731,75%,-0.1292,0.396
ME03223,CA03564,75%,-0.3799,0.295
ME03224,CA01205,100%,0.1639,0.448
ME03225,CA04620,50%,-0.0237,0.27
ME03226,CA02354,50%,-0.1148,0.211
ME03227,CA01630,75%,0.0233,0.207
ME03228,CA03126,100%,-0.0082,0.484
ME03229,CA03358,100%,-0.0016,0.395
ME03230,CA06758,50%,0.1532,0.187
ME03231,CA00995,75%,0.0525,0.101
ME03232,CA07075,100%,0.0052,0.454
ME03233,CA05115,50%,-0.0662,0.121
ME03234,CA02632,50%,0.3388,0.245
ME03235,CA04912,100%,-0.0049,0.47
ME03236,CA05038,100%,-0.147,0.298
ME03237,CA03415,75%,0.1122,0.384
ME03238,CA04063,100%,-0.0677,0.14
ME03239,CA06130,100%,0.2678,0.329
ME03240,CA06624,75%,0.0797,0.449
ME03241,CA02923,75%,0.0893,0.452
ME03242,CA04356,100%,0.1589,0.133
ME03243,CA03342,50%,0.3213,0.155
ME03244,CA00874,75%,0.21,0.201
ME03245,CA03840,50%,0.079,0.2
ME03246,CA04012,100%,-0.198,0.377
ME03247,CA06445,25%,-0.0032,0.305
ME03248,CA01861,100%,0.013,0.285
ME03249,CA02538,50%,0.3212,0.488
ME03250,CA06796,25%,-0.3598,0.43
ME03251,CA02753,75%,0.0918,0.409
ME03252,CA01397,50%,0.3211,0.221
ME03253,CA05637,25%,-0.296,0.227
ME03254,CA02581,100%,-0.2177,0.442
ME03255,CA05456,100%,0.0197,0.391
ME03256,CA01645,100%,0.0987,0.2
ME03257,CA04260,100%,0.2419,0.351
ME03258,CA00600,75%,-0.075,0.47
ME03259,CA04336,100%,-0.0505,0.342
ME03260,CA00240,100%,0.2459,0.225
ME03261,CA03887,75%,-0.0393,0.452
ME03262,CA04815,75%,-0.0287,0.38
ME03263,CA06886,50%,-0.225,0.316
ME03264,CA04095,100%,0.516,0.48
ME03265,CA03111,50%,0.1612,0.496
ME03266,CA02698,50%,0.1557,0.448
ME03267,CA03972,25%,0.1918,0.202
ME03268,CA01509,100%,-0.0404,0.362
ME03269,CA03927,50%,0.1277,0.264
ME03270,CA06958,75%,-0.3767,0.177
ME03271,CA05863,50%,-0.3161,0.479
ME03272,CA00981,75%,-0.2121,0.471
ME03273,CA02054,75%,-0.0812,0.401
ME03274,CA02521,75%,-0.0787,0.405
ME03275,CA04891,25%,0.0224,0.455
ME03276,CA01891,100%,-0.3942,0.216
ME03277,CA00708,25%,-0.0792,0.178
ME03278,CA00426,25%,0.2113,0.112
ME03279,CA03770,50%,-0.1483,0.103
ME03280,CA01601,25%,0.4136,0.192
ME03281,CA00104,25%,0.3003,0.168
ME03282,CA03013,100%,0.1798,0.168
ME03283,CA06038,50%,-0.3088,0.18
ME03284,CA00392,75%,-0.0884,0.271
ME03285,CA05776,100%,0.1755,0.337
ME03286,CA07086,75%,0.0957,0.483
ME03287,CA04959,25%,-0.0027,0.372
ME03288,CA01690,100%,0.1701,0.425
ME03289,CA05146,100%,-0.0267,0.24
ME03290,CA02778,50%,-0.1357,0.141
ME03291,CA03146,50%,-0.0074,0.346
ME03292,CA05627,100%,-0.2687,0.416
ME03293,CA02557,50%,-0.2888,0.431
ME03294,CA04883,50%,-0.1761,0.383
ME03295,CA04990,100%,-0.2671,0.165
ME03296,CA02538,75%,-0.0057,0.491
ME03297,CA06991,25%,-0.0204,0.488
ME03298,CA04564,100%,0.0514,0.415
ME03299,CA01116,25%,0.074,0.365
ME03300,CA00312,100%,0.2466,0.131
ME03301,CA06590,25%,0.1575,0.242
ME03302,CA03147,75%,-0.0249,0.244
ME03303,CA00077,75%,0.2256,0.193
ME03304,CA02177,50%,-0.0443,0.284
ME03305,CA02690,75%,0.2185,0.444
ME03306,CA00780,75%,0.4048,0.198
ME03307,CA03101,50%,0.199,0.451
ME03308,CA03572,100%,-0.0947,0.233
ME03309,CA01188,75%,0.1821,0.443
ME03310,CA06996,25%,-0.0366,0.231
ME03311,CA01200,50%,0.0374,0.125
ME03312,CA07084,100%,0.03,0.288
ME03313,CA01605,25%,-0.0974,0.347
ME03314,CA02964,75%,-0.106,0.484
ME03315,CA06937,25%,0.0587,0.16
ME03316,CA00006,100%,-0.2545,0.357
ME03317,CA00796,75%,-0.0589,0.477
ME03318,CA07037,100%,-0.0946,0.448
ME03319,CA00027,100%,0.2377,0.155
ME03320,CA04992,75%,-0.1794,0.382
ME03321,CA05462,50%,-0.2209,0.132
ME03322,CA03105,25%,0.1563,0.378
ME03323,CA06781,25%,-0.1345,0.123
ME03324,CA04910,50%,0.1657,0.187
ME03325,CA05459,75%,0.0393,0.316
ME03326,CA01445,75%,0.061,0.152
ME03327,CA03047,75%,0.2843,0.288
ME03328,CA03392,50%,-0.0371,0.328
ME03329,CA05539,100%,-0.1677,0.332
ME03330,CA04166,50%,0.1379,0.49
ME03331,CA02739,100%,0.2346,0.483
ME03332,CA02262,50%,0.0823,0.251
ME03333,CA01793,50%,0.2963,0.167
ME03334,CA04193,100%,-0.3521,0.162
ME03335,CA00547,100%,0.3304,0.109
ME03336,CA00304,100%,-0.3079,0.258
ME03337,CA06570,50%,-0.0398,0.229
ME03338,CA06190,75%,-0.1152,0.496
ME03339,CA06007,25%,-0.1662,0.268
ME03340,CA06346,100%,-0.3666,0.296
ME03341,CA04136,100%,0.0296,0.475
ME03342,CA03602,50%,0.1521,0.451
ME03343,CA05781,100%,0.0037,0.227
ME03344,CA04790,100%,0.4274,0.226
ME03345,CA05731,50%,-0.2189,0.276
ME03346,CA01808,50%,-0.0796,0.36
ME03347,CA04362,75%,-0.1147,0.207
ME03348,CA04244,50%,-0.205,0.365
ME03349,CA05061,100%,-0.1289,0.244
ME03350,CA05887,100%,0.3988,0.362
ME03351,CA03156,25%,-0.1288,0.181
ME03352,CA04615,50%,0.0611,0.24
ME03353,CA00502,50%,0.0775,0.145
ME03354,CA06778,25%,-0.0266,0.155
ME03355,CA05971,100%,0.3613,0.333
ME03356,CA05660,50%,0.0959,0.423
ME03357,CA00026,50%,0.6349,0.292
ME03358,CA03022,50%,0.0581,0.308
ME03359,CA04623,50%,-0.0432,0.412
ME03360,CA01542,25%,-0.0681,0.21
ME03361,CA04375,25%,0.2632,0.134
ME03362,CA01545,50%,-0.0759,0.139
ME03363,CA02531,50%,-0.0059,0.323
ME03364,CA02291,25%,0.0883,0.206
ME03365,CA01113,100%,0.0677,0.113
ME03366,CA03200,75%,-0.0301,0.396
ME03367,CA06741,50%,0.1604,0.219
ME03368,CA00572,50%,0.1205,0.125
ME03369,CA05931,50%,-0.1161,0.358
ME03370,CA03999,25%,0.0324,0.459
ME03371,CA04537,50%,0.2182,0.32
ME03372,CA06332,100%,-0.2662,0.496
ME03373,CA03801,50%,-0.1632,0.479
ME03374,CA03716,50%,0.1219,0.455
ME03375,CA04090,75%,0.0505,0.101
ME03376,CA05803,100%,-0.1491,0.226
ME03377,CA00640,100%,-0.0001,0.345
ME03378,CA01346,100%,-0.0796,0.455
ME03379,CA03038,75%,0.0348,0.37
ME03380,CA00669,50%,-0.3387,0.43
ME03381,CA04702,75%,0.2976,0.414
ME03382,CA00854,50%,0.0463,0.435
ME03383,CA04087,75%,-0.1845,0.148
ME03384,CA01064,50%,0.0418,0.448
ME03385,CA00507,100%,-0.2511,0.243
ME03386,CA00539,50%,0.1026,0.281
ME03387,CA04964,25%,0.1143,0.291
ME03388,CA01595,75%,0.0168,0.239
ME03389,CA01067,50%,-0.0417,0.382
ME03390,CA06881,100%,0.1143,0.108
ME03391,CA06904,50%,0.2922,0.22
ME03392,CA05459,25%,-0.2111,0.17
ME03393,CA07159,50%,0.1483,0.462
ME03394,CA02122,25%,0.2191,0.384
ME03395,CA01823,100%,-0.1946,0.242
ME03396,CA03661,25%,0.1082,0.213
ME03397,CA01564,75%,0.1055,0.181
ME03398,CA06206,25%,0.0626,0.349
ME03399,CA02341,50%,0.0565,0.203
ME03400,CA03651,75%,-0.1421,0.185
ME03401,CA05546,50%,-0.1366,0.396
ME03402,CA00459,50%,-0.1157,0.198
ME03403,CA06138,25%,0.0691,0.331
ME03404,CA01106,75%,0.0686,0.294
ME03405,CA06302,75%,0.0413,0.121
ME03406,CA07027,75%,0.0222,0.381
ME03407,CA05931,25%,0.0119,0.158
ME03408,CA03802,25%,0.2282,0.479
ME03409,CA02603,75%,0.159,0.286
ME03410,CA01776,25%,-0.0388,0.318
ME03411,CA06454,100%,0.1501,0.327
ME03412,CA04528,25%,-0.1581,0.47
ME03413,CA01797,75%,0.2982,0.141
ME03414,CA00027,25%,-0.1319,0.314
ME03415,CA02765,25%,-0.0944,0.316
ME03416,CA03095,50%,-0.1068,0.121
ME03417,CA05363,75%,-0.4088,0.443
ME03418,CA06831,75%,-0.2421,0.415
ME03419,CA03893,50%,-0.0143,0.197
ME03420,CA05754,25%,0.0209,0.129
ME03421,CA06384,25%,0.2297,0.184
ME03422,CA06463,75%,0.1811,0.165
ME03423,CA00282,50%,0.1141,0.32
ME03424,CA06046,100%,0.068,0.398
ME03425,CA06487,75%,-0.1172,0.446
ME03426,CA04250,75%,-0.0896,0.393
ME03427,CA03789,50%,-0.1216,0.111
ME03428,CA01413,50%,-0.0709,0.241
ME03429,CA04607,100%,0.111,0.19
ME03430,CA05086,25%,-0.4877,0.112
ME03431,CA02171,75%,-0.0094,0.499
ME03432,CA04173,75%,0.2541,0.407
ME03433,CA00468,75%,-0.1317,0.417
ME03434,CA02743,75%,-0.0076,0.401
ME03435,CA03026,75%,-0.2289,0.231
ME03436,CA02896,50%,-0.0048,0.271
ME03437,CA00351,25%,-0.1051,0.497
ME03438,CA00217,100%,-0.0946,0.126
ME03439,CA03591,75%,0.2852,0.34
ME03440,CA01801,25%,0.1915,0.24
ME03441,CA04060,100%,0.007,0.398
ME03442,CA00508,50%,-0.0107,0.48
ME03443,CA03867,75%,-0.024,0.489
ME03444,CA03740,100%,-0.1513,0.253
ME03445,CA05977,100%,-0.0457,0.39
ME03446,CA00375,50%,0.0094,0.316
ME03447,CA01799,75%,-0.0895,0.308
ME03448,CA02693,75%,0.0155,0.339
ME03449,CA04122,50%,0.0603,0.464
ME03450,CA06567,25%,-0.1541,0.488
ME03451,CA00240,100%,-0.0956,0.191
ME03452,CA02315,100%,0.0041,0.276
ME03453,CA04151,50%,-0.111,0.417
ME03454,CA03599,100%,0.0072,0.126
ME03455,CA02550,50%,-0.0311,0.278
ME03456,CA05883,50%,-0.1067,0.303
ME03457,CA06131,100%,-0.0671,0.124
ME03458,CA05808,75%,0.1626,0.306
ME03459,CA05678,100%,0.3366,0.33
ME03460,CA05296,25%,0.165,0.3
ME03461,CA05103,100%,0.1659,0.224
ME03462,CA02807,75%,0.1629,0.409
ME03463,CA04881,50%,-0.1732,0.122
ME03464,CA06362,75%,0.0412,0.413
ME03465,CA02742,50%,-0.212,0.118
ME03466,CA01646,25%,0.2033,0.325
ME03467,CA04613,75%,0.0026,0.405
ME03468,CA02347,75%,-0.1968,0.105
ME03469,CA00290,100%,-0.0703,0.322
ME03470,CA05041,50%,-0.0862,0.225
ME03471,CA05768,75%,0.0097,0.428
ME03472,CA05842,25%,-0.1781,0.101
ME03473,CA02527,75%,0.1279,0.441
ME03474,CA01730,25%,0.1879,0.291
ME03475,CA01266,100%,0.191,0.426
ME03476,CA06455,100%,0.0987,0.341
ME03477,CA00531,100%,-0.0502,0.405
ME03478,CA03332,100%,0.0,0.408
ME03479,CA05506,100%,0.006,0.359
ME03480,CA06099,75%,0.2978,0.319
ME03481,CA05570,25%,-0.063,0.164
ME03482,CA00962,75%,-0.0788,0.308
ME03483,CA03744,100%,-0.0249,0.436
ME03484,CA02366,25%,0.1495,0.5
ME03485,CA06041,25%,-0.0748,0.109
ME03486,CA03939,25%,0.0856,0.391
ME03487,CA03868,100%,-0.1669,0.372
ME03488,CA03469,100%,-0.0236,0.446
ME03489,CA05277,75%,0.0664,0.109
ME03490,CA06468,75%,0.078,0.156
ME03491,CA00857,50%,0.0018,0.126
ME03492,CA06833,25%,0.1964,0.262
ME03493,CA04209,100%,0.1409,0.397
ME03494,CA05364,25%,0.0454,0.149
ME03495,CA02205,100%,0.2241,0.206
ME03496,CA05846,100%,-0.0895,0.144
ME03497,CA06488,100%,-0.0213,0.357
ME03498,CA00636,100%,-0.03,0.374
ME03499,CA02934,100%,-0.2843,0.202
ME03500,CA01054,100%,-0.3046,0.154
ME03501,CA01236,50%,-0.1029,0.489
ME03502,CA06107,100%,-0.1631,0.442
ME03503,CA01700,100%,-0.1674,0.321
ME03504,CA06784,75%,-0.2678,0.449
ME03505,CA03398,100%,0.0492,0.128
ME03506,CA03627,50%,-0.0047,0.213
ME03507,CA02268,100%,0.1212,0.28
ME03508,CA03774,25%,0.4279,0.13
ME03509,CA06963,75%,-0.0402,0.462
ME03510,CA06874,25%,0.2566,0.153
ME03511,CA03605,100%,0.1637,0.47
ME03512,CA06838,25%,-0.2487,0.159
ME03513,CA06973,75%,0.0994,0.301
ME03514,CA05912,100%,0.0897,0.104
ME03515,CA01215,100%,-0.0257,0.149
ME03516,CA00325,25%,-0.0282,0.48
ME03517,CA06711,25%,0.0701,0.307
ME03518,CA02263,25%,-0.0353,0.159
ME03519,CA06850,25%,0.1964,0.128
ME03520,CA05840,100%,0.058,0.421
ME03521,CA03295,75%,-0.1056,0.39
ME03522,CA04910,25%,0.1169,0.226
ME03523,CA06945,25%,-0.0862,0.207
ME03524,CA05199,100%,-0.1431,0.339
ME03525,CA04533,50%,0.2801,0.404
ME03526,CA07123,50%,-0.1905,0.298
ME03527,CA01053,100%,-0.2031,0.128
ME03528,CA01811,25%,-0.1121,0.283
ME03529,CA01653,100%,0.1876,0.481
ME03530,CA00499,75%,0.1182,0.258
ME03531,CA06923,25%,0.3214,0.339
ME03532,CA03558,100%,0.0663,0.221
ME03533,CA05759,50%,-0.0712,0.11
ME03534,CA00556,100%,0.2691,0.411
ME03535,CA06618,25%,-0.1045,0.312
ME03536,CA06265,25%,-0.1215,0.372
ME03537,CA01024,25%,-0.0765,0.168
ME03538,CA04396,25%,-0.097,0.39
ME03539,CA00473,75%,0.0126,0.359
ME03540,CA02536,25%,-0.0711,0.175
ME03541,CA06285,100%,0.159,0.379
ME03542,CA04654,50%,-0.1794,0.109
ME03543,CA03827,50%,0.0217,0.22
ME03544,CA02909,50%,0.2686,0.254
ME03545,CA07076,75%,0.1133,0.284
ME03546,CA04753,50%,-0.0529,0.499
ME03547,CA06359,75%,-0.2127,0.305
ME03548,CA06409,25%,-0.0563,0.178
ME03549,CA00373,50%,-0.0268,0.281
ME03550,CA02474,100%,-0.1467,0.312
ME03551,CA07165,25%,-0.1543,0.366
ME03552,CA00339,25%,-0.0449,0.193
ME03553,CA00074,50%,0.0994,0.125
ME03554,CA00283,100%,0.0378,0.298
ME03555,CA05727,50%,-0.0033,0.126
ME03556,CA01820,75%,-0.0971,0.492
ME03557,CA00482,50%,0.0257,0.176
ME03558,CA07006,75%,-0.3293,0.288
ME03559,CA06522,25%,0.0932,0.343
ME03560,CA04031,25%,-0.0418,0.375
ME03561,CA00964,75%,0.0697,0.145
ME03562,CA01917,75%,-0.155,0.315
ME03563,CA03031,75%,-0.016,0.423
ME03564,CA02551,100%,0.0435,0.364
ME03565,CA06671,50%,0.0236,0.112
ME03566,CA01426,50%,-0.1197,0.479
ME03567,CA04327,25%,-0.1583,0.423
ME03568,CA06633,50%,-0.0202,0.391
ME03569,CA07059,100%,-0.1184,0.298
ME03570,CA01129,100%,0.0062,0.381
ME03571,CA00895,75%,0.2099,0.449
ME03572,CA05050,100%,-0.2122,0.246
ME03573,CA07025,25%,0.0031,0.352
ME03574,CA03487,25%,-0.0911,0.406
ME03575,CA00851,100%,-0.2403,0.389
ME03576,CA04025,75%,0.1593,0.133
ME03577,CA02731,50%,-0.177,0.474
ME03578,CA03481,75%,0.3942,0.498
ME03579,CA02469,25%,-0.174,0.273
ME03580,CA03824,25%,-0.2227,0.153
ME03581,CA04833,75%,-0.0135,0.236
ME03582,CA05896,100%,0.3285,0.193
ME03583,CA01170,75%,-0.2702,0.317
ME03584,CA02495,100%,0.0042,0.31
ME03585,CA05922,100%,-0.1237,0.174
ME03586,CA00819,75%,0.2079,0.447
ME03587,CA06938,75%,-0.2521,0.235
ME03588,CA05895,100%,-0.2018,0.107
ME03589,CA04206,75%,0.1284,0.392
ME03590,CA05014,50%,-0.0809,0.383
ME03591,CA05097,25%,-0.2603,0.102
ME03592,CA05560,50%,-0.0537,0.193
ME03593,CA00302,25%,0.2061,0.374
ME03594,CA02068,100%,0.2719,0.322
ME03595,CA00102,100%,0.2738,0.471
ME03596,CA02024,50%,-0.0946,0.184
ME03597,CA04359,75%,-0.3366,0.294
ME03598,CA05248,50%,0.2305,0.289
ME03599,CA05857,50%,0.08,0.351
ME03600,CA00401,25%,-0.0804,0.476
ME03601,CA03606,50%,-0.015,0.237
ME03602,CA02720,50%,0.0228,0.234
ME03603,CA03414,50%,0.2764,0.358
ME03604,CA04351,25%,-0.0379,0.47
ME03605,CA00101,25%,-0.2592,0.183
ME03606,CA00210,100%,0.1438,0.341
ME03607,CA02701,25%,0.4686,0.225
ME03608,CA03819,75%,0.1854,0.22
ME03609,CA00211,25%,0.2746,0.329
ME03610,CA05911,50%,0.0843,0.491
ME03611,CA04641,100%,0.1299,0.321
ME03612,CA04403,50%,0.0467,0.221
ME03613,CA02692,75%,0.2502,0.39
ME03614,CA03484,25%,-0.03,0.316
ME03615,CA01678,75%,0.1781,0.233
ME03616,CA04474,100%,-0.5235,0.119
ME03617,CA05602,75%,-0.0122,0.474
ME03618,CA04119,100%,-0.3754,0.489
ME03619,CA03298,75%,-0.024,0.242
ME03620,CA00966,25%,-0.0414,0.32
ME03621,CA06519,25%,0.3178,0.195
ME03622,CA05660,100%,0.116,0.495
ME03623,CA03821,100%,-0.0416,0.387
ME03624,CA06614,25%,0.1425,0.304
ME03625,CA05724,75%,0.197,0.374
ME03626,CA06851,25%,-0.1961,0.109
ME03627,CA05577,100%,0.1544,0.104
ME03628,CA05085,50%,-0.1549,0.436
ME03629,CA03738,50%,0.136,0.244
ME03630,CA00827,25%,-0.0989,0.164
ME03631,CA00790,75%,-0.1633,0.325
ME03632,CA03505,50%,0.2907,0.196
ME03633,CA05612,25%,0.0347,0.494
ME03634,CA06083,100%,-0.0333,0.11
ME03635,CA00392,75%,-0.2393,0.258
ME03636,CA05174,25%,-0.3375,0.496
ME03637,CA01023,75%,-0.0612,0.408
ME03638,CA03812,25%,-0.0179,0.448
ME03639,CA00368,25%,0.0373,0.273
ME03640,CA00155,25%,-0.2565,0.445
ME03641,CA06117,50%,-0.1724,0.305
ME03642,CA04961,100%,0.0972,0.464
ME03643,CA05020,100%,0.1143,0.191
ME03644,CA01034,75%,-0.1148,0.354
ME03645,CA00669,75%,0.2848,0.374
ME03646,CA06050,25%,0.0666,0.126
ME03647,CA05747,25%,-0.0704,0.402
ME03648,CA05455,25%,0.0028,0.309
ME03649,CA04623,25%,0.0561,0.375
ME03650,CA01517,50%,-0.1726,0.246
ME03651,CA02722,50%,0.0005,0.421
ME03652,CA05529,50%,0.0092,0.378
ME03653,CA06542,50%,-0.0232,0.244
ME03654,CA03856,75%,-0.0427,0.238
ME03655,CA05066,25%,-0.0219,0.16
ME03656,CA02766,50%,0.0793,0.141
ME03657,CA06069,75%,0.1946,0.137
ME03658,CA03582,75%,0.4045,0.422
ME03659,CA05493,100%,0.1838,0.294
ME03660,CA05152,75%,0.3412,0.444
ME03661,CA06313,75%,-0.0677,0.353
ME03662,CA04292,100%,0.0585,0.471
ME03663,CA05625,75%,0.1588,0.455
ME03664,CA01703,25%,0.0046,0.155
ME03665,CA04738,100%,0.1947,0.403
ME03666,CA01413,75%,-0.1243,0.233
ME03667,CA04660,50%,0.0106,0.433
ME03668,CA01775,100%,0.1904,0.237
ME03669,CA02847,25%,-0.0841,0.298
ME03670,CA03969,50%,0.1092,0.37
ME03671,CA05515,75%,-0.1065,0.468
ME03672,CA04507,25%,0.0328,0.485
ME03673,CA01134,25%,-0.0271,0.221
ME03674,CA01649,100%,0.1296,0.212
ME03675,CA03094,75%,0.2293,0.352
ME03676,CA01492,100%,-0.1174,0.432
ME03677,CA02593,75%,0.0483,0.19
ME03678,CA06978,100%,-0.2486,0.218
ME03679,CA06808,50%,-0.0599,0.196
ME03680,CA01236,75%,-0.2512,0.386
ME03681,CA06316,50%,0.0775,0.261
ME03682,CA04255,25%,0.1011,0.167
ME03683,CA04292,75%,0.2706,0.364
ME03684,CA06438,50%,-0.1717,0.461
ME03685,CA01277,100%,-0.2811,0.152
ME03686,CA06579,25%,0.2486,0.113
ME03687,CA03707,75%,0.4824,0.386
ME03688,CA02741,75%,-0.0904,0.312
ME03689,CA00152,100%,-0.0435,0.314
ME03690,CA01115,75%,-0.0573,0.431
ME03691,CA03309,25%,-0.3967,0.145
ME03692,CA05735,100%,0.088,0.241
ME03693,CA04688,100%,0.1529,0.295
ME03694,CA03536,25%,-0.076,0.399
ME03695,CA03996,75%,-0.3719,0.335
ME03696,CA04451,100%,0.0483,0.322
ME03697,CA00446,50%,-0.2632,0.481
ME03698,CA00871,75%,0.1019,0.346
ME03699,CA03940,100%,-0.075,0.252
ME03700,CA05845,25%,0.0365,0.329
ME03701,CA04779,25%,-0.0126,0.178
ME03702,CA01751,75%,-0.2313,0.407
ME03703,CA02948,25%,0.2464,0.498
ME03704,CA01391,50%,-0.0379,0.43
ME03705,CA01654,25%,0.123,0.477
ME03706,CA07128,50%,-0.0584,0.163
ME03707,CA03485,50%,0.0996,0.368
ME03708,CA05150,50%,0.0371,0.41
ME03709,CA06569,25%,0.0976,0.363
ME03710,CA04461,50%,-0.1774,0.315
ME03711,CA02121,50%,0.0148,0.195
ME03712,CA00931,75%,-0.0235,0.308
ME03713,CA06889,100%,-0.1796,0.499
ME03714,CA04708,75%,0.086,0.453
ME03715,CA01618,75%,0.0508,0.186
ME03716,CA02575,100%,0.1769,0.151
ME03717,CA00900,50%,0.1844,0.109
ME03718,CA01298,25%,0.0272,0.433
ME03719,CA02029,100%,0.1259,0.176
ME03720,CA02717,25%,-0.0699,0.348
ME03721,CA05043,25%,-0.2728,0.474
ME03722,CA01712,100%,0.1932,0.49
ME03723,CA06623,50%,-0.0097,0.258
ME03724,CA00340,75%,0.1563,0.473
ME03725,CA04770,75%,0.093,0.378
ME03726,CA01726,75%,-0.4406,0.315
ME03727,CA01712,100%,-0.1159,0.135
ME03728,CA01712,25%,0.0477,0.485
ME03729,CA03949,75%,-0.0136,0.213
ME03730,CA05701,50%,0.2483,0.326
ME03731,CA04962,100%,0.06,0.108
ME03732,CA00833,50%,-0.4194,0.126
ME03733,CA05186,50%,0.1473,0.309
ME03734,CA03080,100%,0.1829,0.203
ME03735,CA00657,75%,-0.0383,0.498
ME03736,CA02345,75%,0.1282,0.184
ME03737,CA04099,75%,0.2537,0.168
ME03738,CA06090,75%,-0.0155,0.231
ME03739,CA01242,50%,0.3959,0.108
ME03740,CA03973,75%,0.1783,0.118
ME03741,CA05157,100%,-0.1541,0.18
ME03742,CA00545,75%,0.1766,0.341
ME03743,CA01241,75%,0.0129,0.314
ME03744,CA04205,50%,-0.1166,0.314
ME03745,CA04229,75%,0.0899,0.234
ME03746,CA00727,25%,-0.1271,0.36
ME03747,CA02682,100%,0.1427,0.179
ME03748,CA03381,25%,0.1372,0.182
ME03749,CA05620,75%,0.0112,0.371
ME03750,CA00050,75%,-0.0199,0.388
ME03751,CA05011,25%,-0.2579,0.204
ME03752,CA04856,100%,0.0089,0.471
ME03753,CA06749,100%,0.0602,0.174
ME03754,CA07032,25%,0.0931,0.132
ME03755,CA05741,75%,-0.2219,0.14
ME03756,CA03240,25%,-0.1435,0.34
ME03757,CA05397,50%,0.053,0.236
ME03758,CA03808,50%,-0.5025,0.4
ME03759,CA01813,25%,0.0771,0.155
ME03760,CA04035,25%,0.1179,0.365
ME03761,CA02659,75%,-0.0241,0.183
ME03762,CA00722,75%,-0.3014,0.333
ME03763,CA03184,50%,0.0394,0.136
ME03764,CA05738,50%,0.2008,0.398
ME03765,CA04140,100%,-0.139,0.394
ME03766,CA02153,50%,-0.2835,0.327
ME03767,CA00498,50%,0.0751,0.496
ME03768,CA03356,75%,-0.0211,0.157
ME03769,CA05850,25%,-0.3066,0.31
ME03770,CA00896,100%,0.1607,0.176
ME03771,CA06078,75%,-0.2248,0.431
ME03772,CA06317,100%,-0.0743,0.257
ME03773,CA07082,75%,-0.2651,0.455
ME03774,CA02883,50%,0.0141,0.294
ME03775,CA00618,50%,-0.0284,0.476
ME03776,CA01985,25%,0.4264,0.227
ME03777,CA01735,75%,-0.2469,0.494
ME03778,CA06512,25%,0.0024,0.493
ME03779,CA00659,100%,0.0576,0.445
ME03780,CA07043,50%,0.2382,0.304
ME03781,CA04532,50%,0.085,0.264
ME03782,CA02602,75%,-0.0953,0.111
ME03783,CA04024,50%,-0.1606,0.23
ME03784,CA01613,75%,-0.2373,0.398
ME03785,CA04545,75%,0.0419,0.219
ME03786,CA01809,25%,0.0115,0.412
ME03787,CA01724,100%,0.0112,0.443
ME03788,CA06279,100%,0.1397,0.312
ME03789,CA01912,100%,-0.1465,0.385
ME03790,CA00256,50%,-0.0103,0.328
ME03791,CA00360,100%,-0.0622,0.173
ME03792,CA02498,100%,-0.2671,0.392
ME03793,CA05570,100%,0.1157,0.113
ME03794,CA00137,50%,0.0535,0.472
ME03795,CA03001,50%,-0.1325,0.297
ME03796,CA04200,25%,0.3155,0.121
ME03797,CA04253,100%,0.2767,0.117
ME03798,CA01350,100%,0.2643,0.276
ME03799,CA05028,25%,-0.0033,0.115
ME03800,CA03753,75%,0.2033,0.467
ME03801,CA02379,75%,0.0752,0.347
ME03802,CA00151,75%,-0.0989,0.108
ME03803,CA05045,50%,-0.1129,0.164
ME03804,CA00641,50%,0.113,0.47
ME03805,CA00804,100%,-0.0114,0.353
ME03806,CA01108,50%,0.171,0.47
ME03807,CA05445,50%,-0.1668,0.261
ME03808,CA04594,25%,0.2744,0.331
ME03809,CA07193,100%,-0.4057,0.244
ME03810,CA05411,50%,0.1298,0.337
ME03811,CA04270,100%,-0.0492,0.279
ME03812,CA06017,50%,-0.14,0.406
ME03813,CA00978,25%,0.0123,0.476
ME03814,CA03025,100%,-0.2234,0.139
ME03815,CA00433,100%,0.2395,0.28
ME03816,CA02885,100%,0.1559,0.191
ME03817,CA04232,100%,-0.1963,0.186
ME03818,CA00497,50%,0.0481,0.272
ME03819,CA00419,100%,0.0573,0.144
ME03820,CA04713,75%,-0.3972,0.335
ME03821,CA02645,75%,-0.2126,0.34
ME03822,CA00300,25%,-0.0225,0.287
ME03823,CA06034,25%,0.1177,0.286
ME03824,CA06099,50%,0.1807,0.407
ME03825,CA01971,75%,-0.1668,0.286
ME03826,CA02175,100%,0.2548,0.129
ME03827,CA06948,75%,0.214,0.243
ME03828,CA05525,25%,-0.1854,0.354
ME03829,CA04481,75%,-0.2727,0.27
ME03830,CA01776,100%,0.1453,0.277
ME03831,CA04679,25%,-0.0292,0.218
ME03832,CA04783,100%,0.1751,0.468
ME03833,CA02853,50%,-0.1394,0.347
ME03834,CA00323,100%,-0.2506,0.413
ME03835,CA01710,50%,0.1569,0.163
ME03836,CA04462,50%,0.2348,0.224
ME03837,CA06512,50%,-0.0966,0.207
ME03838,CA01153,25%,-0.0198,0.36
ME03839,CA04414,25%,0.1695,0.338
ME03840,CA06733,50%,-0.0062,0.29
ME03841,CA01713,75%,-0.0218,0.35
ME03842,CA06986,100%,0.1925,0.294
ME03843,CA02702,25%,-0.1287,0.211
ME03844,CA00290,50%,-0.285,0.281
ME03845,CA01518,100%,0.0809,0.35
ME03846,CA02572,75%,-0.0119,0.2
ME03847,CA01208,25%,-0.1264,0.372
ME03848,CA06641,75%,-0.0196,0.142
ME03849,CA02872,50%,-0.3062,0.497
ME03850,CA05106,75%,0.2556,0.178
ME03851,CA04617,100%,0.3202,0.195
ME03852,CA02308,100%,0.1593,0.475
ME03853,CA05679,100%,-0.1586,0.438
ME03854,CA06906,75%,-0.0397,0.222
ME03855,CA05641,25%,0.0307,0.43
ME03856,CA06735,25%,-0.209,0.206
ME03857,CA01296,75%,-0.204,0.474
ME03858,CA01225,25%,-0.3547,0.303
ME03859,CA03619,25%,-0.1035,0.399
ME03860,CA06654,100%,-0.3296,0.395
ME03861,CA06733,50%,-0.1455,0.405
ME03862,CA06030,100%,0.171,0.284
ME03863,CA02037,50%,-0.1671,0.39
ME03864,CA06919,75%,0.0299,0.173
ME03865,CA04003,50%,-0.0594,0.291
ME03866,CA03819,25%,-0.0238,0.225
ME03867,CA01879,100%,-0.1699,0.209
ME03868,CA03194,100%,-0.0114,0.401
ME03869,CA01394,50%,-0.0347,0.271
ME03870,CA06206,25%,0.1395,0.417
ME03871,CA05075,50%,0.2367,0.379
ME03872,CA03258,75%,-0.054,0.295
ME03873,CA01445,75%,-0.1953,0.163
ME03874,CA05683,100%,0.1053,0.424
ME03875,CA02857,75%,-0.043,0.154
ME03876,CA05709,50%,0.1044,0.343
ME03877,CA03323,50%,0.207,0.461
ME03878,CA03834,100%,0.125,0.139
ME03879,CA06603,50%,-0.3421,0.126
ME03880,CA00177,100%,-0.0465,0.156
ME03881,CA02614,75%,0.0288,0.361
ME03882,CA00660,25%,-0.0006,0.268
ME03883,CA03832,50%,-0.0225,0.209
ME03884,CA03790,100%,0.0337,0.115
ME03885,CA06292,50%,0.0795,0.195
ME03886,CA06778,50%,-0.2571,0.169
ME03887,CA00442,75%,-0.2467,0.115
ME03888,CA03114,50%,0.1298,0.29
ME03889,CA07117,100%,-0.3294,0.33
ME03890,CA05349,25%,0.2027,0.315
ME03891,CA04098,50%,-0.2379,0.474
ME03892,CA02571,25%,-0.043,0.201
ME03893,CA01326,75%,-0.0644,0.35
ME03894,CA05453,75%,0.2894,0.455
ME03895,CA01866,100%,-0.1995,0.258
ME03896,CA04405,100%,0.1754,0.485
ME03897,CA00333,100%,0.2877,0.155
ME03898,CA06017,25%,0.2357,0.302
ME03899,CA00737,100%,-0.1723,0.346
ME03900,CA05482,75%,0.082,0.17
ME03901,CA00938,25%,0.1201,0.452
ME03902,CA06654,25%,0.3317,0.176
ME03903,CA04639,50%,-0.0661,0.364
ME03904,CA04566,75%,0.0793,0.334
ME03905,CA00132,50%,0.1519,0.283
ME03906,CA05093,50%,0.1553,0.246
ME03907,CA02449,50%,-0.0922,0.363
ME03908,CA05298,25%,0.0442,0.229
ME03909,CA00712,100%,-0.3095,0.236
ME03910,CA04777,75%,-0.1742,0.352
ME03911,CA06438,25%,0.1101,0.47
ME03912,CA04353,25%,0.0477,0.208
ME03913,CA05984,25%,0.1427,0.24
ME03914,CA06430,50%,-0.0244,0.254
ME03915,CA01086,25%,-0.1562,0.443
ME03916,CA04613,100%,0.1504,0.187
ME03917,CA04274,50%,-0.2261,0.342
ME03918,CA05006,50%,-0.0275,0.235
ME03919,CA05927,25%,0.0913,0.19
ME03920,CA03576,100%,0.2514,0.323
ME03921,CA01216,100%,-0.1448,0.339
ME03922,CA00270,25%,-0.1092,0.336
ME03923,CA07115,25%,-0.2504,0.316
ME03924,CA05458,50%,0.1319,0.318
ME03925,CA02412,75%,0.0353,0.425
ME03926,CA04067,75%,-0.0072,0.282
ME03927,CA01886,50%,-0.0595,0.404
ME03928,CA04927,75%,-0.0333,0.278
ME03929,CA01751,50%,-0.0393,0.177
ME03930,CA04409,50%,-0.1709,0.27
ME03931,CA06203,100%,-0.3555,0.342
ME03932,CA04786,75%,0.0448,0.156
ME03933,CA03521,50%,-0.1374,0.261
ME03934,CA05585,50%,0.1039,0.26
ME03935,CA01062,100%,-0.0451,0.13
ME03936,CA01750,25%,0.1419,0.363
ME03937,CA00911,100%,0.1406,0.385
ME03938,CA02635,100%,-0.0628,0.179
ME03939,CA01456,50%,0.0567,0.489
ME03940,CA04162,100%,0.1446,0.212
ME03941,CA04352,75%,0.0627,0.282
ME03942,CA04754,75%,-0.0158,0.454
ME03943,CA03158,100%,-0.1698,0.294
ME03944,CA00691,100%,0.3416,0.256
ME03945,CA04852,100%,0.0659,0.319
ME03946,CA03727,50%,0.3224,0.443
ME03947,CA05709,100%,-0.0985,0.376
ME03948,CA06543,100%,-0.3577,0.226
ME03949,CA00286,75%,-0.1175,0.46
ME03950,CA04900,25%,-0.0508,0.289
ME03951,CA05583,50%,-0.0085,0.258
ME03952,CA05924,25%,0.0278,0.428
ME03953,CA03083,25%,-0.2946,0.287
ME03954,CA03103,50%,-0.4215,0.178
ME03955,CA01125,75%,-0.0147,0.101
ME03956,CA00482,50%,0.0499,0.38
ME03957,CA06369,25%,0.0591,0.198
ME03958,CA03268,50%,-0.0118,0.322
ME03959,CA03902,25%,-0.1692,0.366
ME03960,CA02213,100%,-0.1411,0.114
ME03961,CA05769,75%,0.1645,0.226
ME03962,CA04047,100%,-0.0434,0.2
ME03963,CA05208,100%,-0.1491,0.435
ME03964,CA03894,100%,0.0682,0.493
ME03965,CA05596,100%,0.132,0.378
ME03966,CA05910,100%,-0.0852,0.283
ME03967,CA03304,50%,0.1331,0.341
ME03968,CA03861,50%,0.3141,0.355
ME03969,CA05789,25%,0.1387,0.189
ME03970,CA04055,25%,0.1987,0.177
ME03971,CA01704,100%,-0.1014,0.115
ME03972,CA02484,50%,-0.0202,0.34
ME03973,CA05858,100%,0.1287,0.48
ME03974,CA00225,50%,-0.2518,0.133
ME03975,CA05304,25%,-0.1639,0.412
ME03976,CA06166,50%,0.0541,0.418
ME03977,CA00293,25%,-0.2802,0.14
ME03978,CA00548,75%,0.0933,0.462
ME03979,CA06834,25%,-0.0196,0.148
ME03980,CA05280,75%,0.1271,0.396
ME03981,CA01707,50%,0.084,0.49
ME03982,CA04437,75%,0.0811,0.425
ME03983,CA01895,75%,0.1494,0.364
ME03984,CA05195,50%,-0.1761,0.243
ME03985,CA00455,100%,0.0276,0.247
ME03986,CA05328,50%,-0.032,0.441
ME03987,CA03957,100%,-0.1404,0.139
ME03988,CA02031,50%,-0.0236,0.208
ME03989,CA01415,75%,0.1444,0.396
ME03990,CA02318,25%,0.0226,0.177
ME03991,CA05444,50%,0.0846,0.243
ME03992,CA02360,75%,-0.3117,0.303
ME03993,CA00570,25%,0.0645,0.408
ME03994,CA05509,75%,-0.0549,0.494
ME03995,CA03516,50%,0.3009,0.328
ME03996,CA04334,100%,0.278,0.468
ME03997,CA03464,50%,-0.2361,0.215
ME03998,CA00493,50%,-0.0316,0.275
ME03999,CA04894,75%,-0.0895,0.48
ME04000,CA02553,75%,-0.2829,0.278
ME04001,CA03013,75%,0.0965,0.312
ME04002,CA03777,25%,0.1712,0.3
ME04003,CA02317,100%,-0.1404,0.473
ME04004,CA03430,25%,0.0466,0.174
ME04005,CA00683,50%,0.0132,0.296
ME04006,CA06304,25%,0.0057,0.291
ME04007,CA04883,100%,0.076,0.177
ME04008,CA05237,75%,0.1146,0.189
ME04009,CA06302,50%,0.1104,0.428
ME04010,CA06415,75%,0.2506,0.326
ME04011,CA06485,100%,0.1425,0.375
ME04012,CA02749,100%,0.0358,0.12
ME04013,CA03692,25%,-0.1793,0.189
ME04014,CA00086,25%,0.0522,0.428
ME04015,CA00629,50%,-0.1818,0.405
ME04016,CA04051,75%,0.0505,0.23
ME04017,CA00390,100%,0.5916,0.421
ME04018,CA01228,75%,0.2641,0.49
ME04019,CA05515,25%,0.0705,0.245
ME04020,CA05760,100%,0.3601,0.464
ME04021,CA03914,75%,-0.1235,0.127
ME04022,CA01473,100%,-0.1871,0.285
ME04023,CA00450,100%,-0.0558,0.381
ME04024,CA05983,50%,0.0319,0.378
ME04025,CA06840,50%,-0.0391,0.427
ME04026,CA07083,100%,-0.0608,0.347
ME04027,CA00555,50%,0.1992,0.458
ME04028,CA02369,25%,-0.2414,0.209
ME04029,CA03261,75%,-0.352,0.411
ME04030,CA06694,75%,0.123,0.463
ME04031,CA01417,75%,-0.1867,0.204
ME04032,CA06573,50%,0.0316,0.112
ME04033,CA02168,50%,-0.2196,0.284
ME04034,CA05176,100%,0.0229,0.344
ME04035,CA05264,100%,-0.0228,0.24
ME04036,CA03144,100%,0.0202,0.175
ME04037,CA00450,50%,0.3131,0.324
ME04038,CA06123,25%,0.0227,0.49
ME04039,CA03551,75%,0.1778,0.31
ME04040,CA01684,75%,-0.0319,0.158
ME04041,CA03144,100%,-0.1826,0.218
ME04042,CA06301,75%,0.1682,0.307
ME04043,CA01762,25%,0.0796,0.47
ME04044,CA05352,75%,-0.2474,0.159
ME04045,CA02202,50%,0.3373,0.242
ME04046,CA02700,75%,0.1815,0.2
ME04047,CA05216,75%,-0.0858,0.405
ME04048,CA06854,100%,0.1894,0.182
ME04049,CA04943,50%,-0.2106,0.278
ME04050,CA06651,25%,-0.1688,0.139
ME04051,CA00253,50%,-0.2055,0.473
ME04052,CA03645,25%,0.2352,0.477
ME04053,CA00863,50%,0.0033,0.237
ME04054,CA03074,75%,0.014,0.386
ME04055,CA03128,75%,-0.2144,0.458
ME04056,CA01696,100%,-0.181,0.242
ME04057,CA02374,25%,0.3831,0.159
ME04058,CA03072,50%,-0.07,0.493
ME04059,CA05815,25%,-0.2362,0.18
ME04060,CA06152,75%,0.1397,0.478
ME04061,CA00899,25%,0.1173,0.233
ME04062,CA03088,100%,-0.0273,0.138
ME04063,CA05582,100%,0.1683,0.331
ME04064,CA00742,25%,-0.04,0.207
ME04065,CA07085,50%,0.1375,0.363
ME04066,CA02985,75%,0.0239,0.107
ME04067,CA02975,100%,0.324,0.262
ME04068,CA04644,75%,-0.2688,0.459
ME04069,CA01958,100%,0.0196,0.338
ME04070,CA00954,25%,0.1356,0.192
ME04071,CA04955,50%,-0.057,0.5
ME04072,CA00724,25%,0.1382,0.108
ME04073,CA02296,50%,-0.1173,0.384
ME04074,CA01489,100%,-0.2893,0.433
ME04075,CA03459,25%,-0.0052,0.155
ME04076,CA01675,75%,-0.2146,0.343
ME04077,CA03251,75%,0.1554,0.114
ME04078,CA01906,100%,0.1799,0.27
ME04079,CA02205,75%,-0.0268,0.473
ME04080,CA00078,75%,0.0019,0.401
ME04081,CA04308,50%,0.1378,0.387
ME04082,CA05199,25%,0.0862,0.252
ME04083,CA03460,100%,-0.1902,0.406
ME04084,CA02403,25%,0.2247,0.364
ME04085,CA00529,75%,-0.1766,0.4
ME04086,CA01235,75%,0.1272,0.205
ME04087,CA02198,100%,0.1464,0.41
ME04088,CA04002,75%,-0.181,0.301
ME04089,CA05677,75%,-0.0184,0.403
ME04090,CA03327,75%,-0.1671,0.471
ME04091,CA00720,75%,-0.1283,0.341
ME04092,CA00926,25%,-0.0067,0.154
ME04093,CA01466,50%,0.0578,0.485
ME04094,CA03471,75%,-0.0318,0.132
ME04095,CA00753,100%,-0.2344,0.148
ME04096,CA04470,75%,-0.0368,0.277
ME04097,CA00067,75%,-0.0255,0.39
ME04098,CA01899,25%,-0.0671,0.327
ME04099,CA04778,100%,-0.0122,0.446
ME04100,CA01420,75%,0.2574,0.249
ME04101,CA05699,75%,0.2367,0.239
ME04102,CA06941,25%,0.2587,0.249
ME04103,CA02951,50%,0.031,0.346
ME04104,CA05852,25%,0.2195,0.437
ME04105,CA04295,25%,-0.3383,0.438
ME04106,CA01120,100%,-0.0707,0.46
ME04107,CA06011,50%,0.0998,0.273
ME04108,CA01086,75%,-0.0239,0.218
ME04109,CA02998,50%,0.0555,0.388
ME04110,CA00066,100%,0.373,0.229
ME04111,CA05615,100%,0.1457,0.241
ME04112,CA00459,25%,-0.0905,0.168
ME04113,CA06057,25%,-0.0875,0.488
ME04114,CA00461,100%,-0.0528,0.343
ME04115,CA01544,50%,-0.2194,0.194
ME04116,CA01280,25%,0.1191,0.264
ME04117,CA04257,25%,-0.0338,0.121
ME04118,CA06854,25%,0.0798,0.352
ME04119,CA03219,50%,-0.0326,0.152
ME04120,CA04107,100%,-0.0629,0.364
ME04121,CA04455,50%,0.0909,0.44
ME04122,CA00699,75%,0.1522,0.234
ME04123,CA04662,75%,0.2934,0.468
ME04124,CA03772,25%,0.4657,0.426
ME04125,CA05501,75%,0.0474,0.195
ME04126,CA02872,100%,-0.0355,0.336
ME04127,CA03420,100%,0.1544,0.216
ME04128,CA05827,75%,-0.0509,0.105
ME04129,CA04711,25%,0.0011,0.148
ME04130,CA02759,100%,0.1209,0.382
ME04131,CA03712,50%,0.2692,0.453
ME04132,CA06457,25%,-0.2537,0.31
ME04133,CA02330,75%,-0.0769,0.456
ME04134,CA00911,75%,0.3403,0.263
ME04135,CA02763,50%,-0.171,0.285
ME04136,CA03686,100%,0.2349,0.206
ME04137,CA04694,50%,-0.1984,0.434
ME04138,CA03364,50%,0.0529,0.286
ME04139,CA03400,100%,0.1616,0.459
ME04140,CA05924,100%,0.0538,0.472
ME04141,CA01109,25%,-0.0794,0.261
ME04142,CA00680,50%,0.0062,0.291
ME04143,CA03281,75%,0.3244,0.402
ME04144,CA00578,25%,-0.0428,0.313
ME04145,CA00021,50%,0.0869,0.107
ME04146,CA02021,100%,-0.2868,0.415
ME04147,CA01686,25%,0.1901,0.17
ME04148,CA05631,100%,-0.0206,0.361
ME04149,CA06467,75%,0.2318,0.468
ME04150,CA03939,75%,-0.2704,0.335
ME04151,CA04499,100%,-0.222,0.424
ME04152,CA04499,25%,-0.3558,0.208
ME04153,CA04371,25%,0.2756,0.102
ME04154,CA03979,75%,-0.4076,0.408
ME04155,CA03363,25%,-0.1644,0.17
ME04156,CA06983,75%,-0.2197,0.494
ME04157,CA05621,100%,0.0624,0.208
ME04158,CA03932,100%,0.0565,0.18
ME04159,CA01457,75%,-0.0257,0.325
ME04160,CA03472,25%,0.1057,0.408
ME04161,CA04689,25%,0.1274,0.149
ME04162,CA07181,100%,-0.0156,0.302
ME04163,CA03618,25%,-0.1364,0.278
ME04164,CA02953,50%,0.1772,0.159
ME04165,CA02597,25%,-0.2546,0.42
ME04166,CA01971,50%,0.0482,0.358
ME04167,CA05251,50%,-0.2035,0.321
ME04168,CA05003,100%,0.1498,0.24
ME04169,CA01744,75%,-0.043,0.358
ME04170,CA02365,25%,-0.0683,0.263
ME04171,CA00262,50%,-0.0477,0.224
ME04172,CA02899,25%,-0.0411,0.186
ME04173,CA02638,100%,0.363,0.194
ME04174,CA00596,100%,-0.0138,0.457
ME04175,CA00640,75%,-0.1385,0.358
ME04176,CA04612,25%,-0.1528,0.465
ME04177,CA04311,25%,0.2641,0.252
ME04178,CA06660,75%,-0.272,0.491
ME04179,CA00544,100%,0.2939,0.325
ME04180,CA01293,50%,0.3024,0.239
ME04181,CA01323,50%,-0.1745,0.405
ME04182,CA00743,75%,0.1352,0.222
ME04183,CA06632,25%,-0.0222,0.498
ME04184,CA01000,100%,0.0587,0.254
ME04185,CA06499,75%,0.0869,0.345
ME04186,CA03583,75%,0.3555,0.235
ME04187,CA02404,25%,-0.3117,0.367
ME04188,CA04355,50%,0.0768,0.228
ME04189,CA02420,100%,0.0676,0.114
ME04190,CA06578,25%,0.2214,0.217
ME04191,CA00284,75%,-0.0375,0.3
ME04192,CA07033,75%,0.2256,0.188
ME04193,CA03756,25%,0.2164,0.356
ME04194,CA06474,75%,-0.0308,0.194
ME04195,CA05895,75%,-0.0857,0.151
ME04196,CA00826,50%,-0.2331,0.324
ME04197,CA01540,75%,0.1322,0.497
ME04198,CA06498,50%,0.012,0.26
ME04199,CA00257,100%,0.0644,0.1
ME04200,CA05408,100%,0.0866,0.336
ME04201,CA00047,50%,-0.0208,0.348
ME04202,CA02493,75%,0.0383,0.138
ME04203,CA06674,75%,0.1216,0.227
ME04204,CA04478,25%,0.1315,0.411
ME04205,CA05569,75%,-0.4068,0.288
ME04206,CA05687,25%,0.1153,0.2
ME04207,CA06822,50%,-0.1098,0.363
ME04208,CA07132,100%,0.1302,0.249
ME04209,CA00619,75%,0.0014,0.179
ME04210,CA02809,25%,-0.233,0.13
ME04211,CA00918,100%,-0.244,0.133
ME04212,CA03398,50%,0.3336,0.366
ME04213,CA01543,75%,-0.1485,0.105
ME04214,CA02542,75%,-0.084,0.358
ME04215,CA05671,25%,0.0239,0.129
ME04216,CA06314,25%,0.0468,0.342
ME04217,CA02064,50%,0.1418,0.289
ME04218,CA05041,50%,0.1896,0.188
ME04219,CA06025,75%,-0.4477,0.238
ME04220,CA04739,75%,-0.0844,0.188
ME04221,CA02942,100%,-0.281,0.192
ME04222,CA07161,25%,0.0549,0.426
ME04223,CA05521,75%,0.3125,0.16
ME04224,CA01107,100%,-0.2067,0.418
ME04225,CA07176,75%,0.2617,0.406
ME04226,CA02072,50%,0.0695,0.386
ME04227,CA06382,50%,-0.0455,0.196
ME04228,CA06742,75%,0.0724,0.318
ME04229,CA01161,100%,-0.3776,0.426
ME04230,CA01631,25%,0.0188,0.286
ME04231,CA00876,75%,-0.2108,0.469
ME04232,CA06565,25%,0.1117,0.194
ME04233,CA00100,100%,0.3691,0.149
ME04234,CA01857,50%,-0.1645,0.452
ME04235,CA03337,75%,0.0293,0.107
ME04236,CA01130,100%,0.077,0.233
ME04237,CA04594,100%,0.2688,0.358
ME04238,CA01700,100%,-0.1177,0.205
ME04239,CA03210,75%,0.0248,0.264
ME04240,CA01674,75%,-0.1775,0.144
ME04241,CA00932,50%,0.3006,0.191
ME04242,CA04770,75%,0.159,0.498
ME04243,CA02593,100%,0.0267,0.486
ME04244,CA06393,25%,-0.0706,0.2
ME04245,CA01339,50%,0.0379,0.14
ME04246,CA00444,100%,0.2259,0.104
ME04247,CA05208,100%,-0.142,0.296
ME04248,CA01403,50%,0.2835,0.496
ME04249,CA02104,50%,0.116,0.455
ME04250,CA03514,25%,0.2497,0.42
ME04251,CA04402,75%,-0.131,0.284
ME04252,CA00800,75%,0.1068,0.296
ME04253,CA02878,50%,0.0251,0.37
ME04254,CA00221,100%,0.0724,0.266
ME04255,CA01584,100%,0.1866,0.439
ME04256,CA06534,100%,0.0195,0.175
ME04257,CA00734,25%,-0.3121,0.451
ME04258,CA04012,100%,0.2091,0.462
ME04259,CA01221,100%,-0.2445,0.103
ME04260,CA02948,75%,-0.2018,0.291
ME04261,CA04242,25%,0.1452,0.198
ME04262,CA00666,25%,0.1198,0.143
ME04263,CA05642,75%,-0.0357,0.499
ME04264,CA04989,25%,0.323,0.373
ME04265,CA01125,50%,-0.201,0.364
ME04266,CA01012,100%,-0.2075,0.272
ME04267,CA06359,25%,-0.2243,0.242
ME04268,CA00171,25%,0.4122,0.474
ME04269,CA02538,50%,-0.1234,0.149
ME04270,CA03397,25%,-0.4124,0.425
ME04271,CA02946,50%,0.1038,0.185
ME04272,CA02734,50%,-0.1251,0.3
ME04273,CA01513,75%,-0.2307,0.49
ME04274,CA06238,75%,-0.1227,0.206
ME04275,CA00647,50%,-0.1749,0.349
ME04276,CA05691,75%,0.1072,0.43
ME04277,CA00476,100%,-0.2728,0.253
ME04278,CA05769,100%,0.2783,0.273
ME04279,CA03233,100%,-0.3434,0.15
ME04280,CA02707,50%,0.0618,0.486
ME04281,CA01375,100%,0.0884,0.196
ME04282,CA01832,100%,0.046,0.15
ME04283,CA04731,75%,-0.2567,0.193
ME04284,CA01662,100%,0.1247,0.49
ME04285,CA00283,75%,0.166,0.137
ME04286,CA04152,50%,-0.231,0.47
ME04287,CA05290,75%,0.3105,0.406
ME04288,CA02184,25%,-0.1281,0.459
ME04289,CA00472,50%,-0.0077,0.25
ME04290,CA00080,75%,-0.3345,0.436
ME04291,CA06859,75%,0.0839,0.377
ME04292,CA04041,100%,0.1285,0.211
ME04293,CA00287,100%,0.0426,0.21
ME04294,CA00179,50%,-0.1254,0.149
ME04295,CA05139,50%,0.1135,0.294
ME04296,CA01990,75%,-0.2023,0.406
ME04297,CA00601,75%,0.1136,0.376
ME04298,CA04161,50%,0.1391,0.454
ME04299,CA03034,25%,-0.1361,0.198
ME04300,CA03647,75%,0.002,0.16
ME04301,CA06768,100%,-0.1692,0.279
ME04302,CA05836,75%,0.0524,0.408
ME04303,CA06846,100%,0.0508,0.1
ME04304,CA01059,100%,-0.0276,0.402
ME04305,CA03077,100%,-0.0338,0.263
ME04306,CA04818,100%,0.2865,0.164
ME04307,CA02968,100%,0.2479,0.368
ME04308,CA06902,25%,-0.3016,0.343
ME04309,CA03580,50%,0.0685,0.456
ME04310,CA04663,75%,-0.158,0.252
ME04311,CA04497,100%,0.0444,0.293
ME04312,CA05975,50%,0.0638,0.483
ME04313,CA06743,100%,0.0585,0.448
ME04314,CA03322,25%,0.1829,0.295
ME04315,CA04845,100%,0.0188,0.437
ME04316,CA01747,25%,0.2252,0.339
ME04317,CA05857,100%,0.0447,0.201
ME04318,CA06406,25%,-0.1244,0.467
ME04319,CA05999,50%,-0.1539,0.27
ME04320,CA05267,50%,0.1452,0.101
ME04321,CA05198,50%,-0.2328,0.472
ME04322,CA04384,75%,0.0208,0.479
ME04323,CA03900,75%,0.0348,0.348
ME04324,CA03386,25%,-0.1083,0.188
ME04325,CA04491,50%,-0.0521,0.107
ME04326,CA06401,25%,0.3356,0.396
ME04327,CA01149,100%,-0.0968,0.414
ME04328,CA00779,100%,0.0383,0.464
ME04329,CA01423,100%,-0.0728,0.11
ME04330,CA01622,75%,0.0093,0.386
ME04331,CA03134,75%,-0.1839,0.389
ME04332,CA02073,50%,0.0198,0.294
ME04333,CA00682,50%,0.0519,0.283
ME04334,CA06860,50%,-0.3436,0.138
ME04335,CA04638,25%,-0.1324,0.204
ME04336,CA05160,100%,-0.1128,0.142
ME04337,CA07153,25%,-0.19,0.244
ME04338,CA01690,25%,-0.3498,0.319
ME04339,CA04984,100%,0.0272,0.419
ME04340,CA06369,50%,0.0055,0.198
ME04341,CA04476,25%,0.3086,0.304
ME04342,CA05694,100%,0.21,0.132
ME04343,CA04519,100%,0.113,0.426
ME04344,CA05787,50%,-0.0178,0.281
ME04345,CA00224,50%,0.17,0.41
ME04346,CA00867,50%,0.0345,0.247
ME04347,CA00168,25%,-0.0617,0.482
ME04348,CA06887,75%,-0.1343,0.42
ME04349,CA03947,50%,-0.029,0.466
ME04350,CA05180,75%,-0.0917,0.284
ME04351,CA04844,75%,0.3841,0.127
ME04352,CA06528,100%,-0.2326,0.412
ME04353,CA06092,50%,-0.0113,0.431
ME04354,CA05242,25%,0.192,0.225
ME04355,CA03153,50%,0.0261,0.307
ME04356,CA01329,25%,-0.1159,0.485
ME04357,CA05465,25%,-0.4114,0.485
ME04358,CA01898,100%,-0.1727,0.118
ME04359,CA05335,75%,-0.1802,0.162
ME04360,CA02343,50%,-0.1528,0.291
ME04361,CA06661,25%,0.1036,0.346
ME04362,CA01703,100%,-0.0948,0.389
ME04363,CA03416,50%,-0.2547,0.335
ME04364,CA00624,100%,0.3417,0.407
ME04365,CA01267,100%,-0.15,0.386
ME04366,CA02717,100%,-0.0866,0.459
ME04367,CA01854,25%,0.0539,0.411
ME04368,CA00768,75%,0.0951,0.132
ME04369,CA02593,100%,0.005,0.446
ME04370,CA06708,25%,-0.0564,0.269
ME04371,CA04129,100%,0.2034,0.219
ME04372,CA04557,50%,-0.2713,0.185
ME04373,CA06759,100%,-0.2832,0.373
ME04374,CA02796,100%,-0.0358,0.384
ME04375,CA06899,25%,-0.224,0.273
ME04376,CA06184,100%,-0.2781,0.119
ME04377,CA04363,100%,-0.0037,0.21
ME04378,CA03879,100%,-0.0455,0.45
ME04379,CA04409,100%,0.0973,0.214
ME04380,CA00156,25%,-0.1049,0.217
ME04381,CA06898,50%,-0.2737,0.115
ME04382,CA00210,25%,-0.1231,0.252
ME04383,CA06489,25%,0.1923,0.313
ME04384,CA02868,50%,0.1072,0.481
ME04385,CA05208,100%,0.2298,0.151
ME04386,CA04445,75%,-0.3232,0.357
ME04387,CA03191,100%,0.3297,0.217
ME04388,CA06435,100%,0.1513,0.318
ME04389,CA01213,50%,0.0639,0.381
ME04390,CA06682,50%,-0.0459,0.476
ME04391,CA01540,75%,0.2176,0.434
ME04392,CA05165,100%,0.1592,0.465
ME04393,CA04976,75%,-0.144,0.124
ME04394,CA00948,50%,-0.1116,0.187
ME04395,CA01223,75%,-0.3573,0.166
ME04396,CA06978,100%,-0.0887,0.257
ME04397,CA02862,75%,0.0686,0.346
ME04398,CA01722,75%,0.025,0.382
ME04399,CA03850,100%,-0.0136,0.365
ME04400,CA04065,75%,0.1946,0.262
ME04401,CA00250,50%,0.197,0.116
ME04402,CA02641,50%,0.1067,0.243
ME04403,CA02921,100%,-0.0451,0.315
ME04404,CA06950,75%,0.0495,0.14
ME04405,CA00294,100%,0.0384,0.139
ME04406,CA02223,75%,-0.2917,0.498
ME04407,CA01830,50%,-0.1384,0.372
ME04408,CA02191,100%,0.4377,0.327
ME04409,CA05698,25%,-0.0526,0.103
ME04410,CA03834,75%,0.0753,0.471
ME04411,CA04284,100%,-0.127,0.338
ME04412,CA02745,25%,-0.0263,0.148
ME04413,CA00043,100%,0.0501,0.403
ME04414,CA04254,75%,-0.1814,0.365
ME04415,CA00170,50%,0.1732,0.27
ME04416,CA05251,50%,0.1823,0.238
ME04417,CA05377,75%,0.1882,0.201
ME04418,CA03539,100%,-0.1218,0.416
ME04419,CA04283,100%,-0.0581,0.39
ME04420,CA06053,100%,-0.2585,0.348
ME04421,CA03005,75%,-0.2509,0.458
ME04422,CA05271,100%,0.1178,0.196
ME04423,CA06920,50%,0.0645,0.383
ME04424,CA06685,25%,0.3051,0.244
ME04425,CA02415,100%,0.1359,0.289
ME04426,CA02718,50%,-0.1071,0.31
ME04427,CA02374,75%,0.0314,0.428
ME04428,CA03505,75%,-0.0763,0.218
ME04429,CA02914,75%,-0.1236,0.359
ME04430,CA04031,50%,-0.2027,0.387
ME04431,CA02195,100%,-0.0164,0.119
ME04432,CA00547,25%,0.2155,0.136
ME04433,CA03014,25%,0.2278,0.366
ME04434,CA01912,75%,0.0115,0.22
ME04435,CA01955,75%,0.3454,0.441
ME04436,CA04617,100%,-0.1786,0.473
ME04437,CA00849,75%,0.1456,0.466
ME04438,CA02517,100%,0.0222,0.227
ME04439,CA06400,50%,-0.0716,0.217
ME04440,CA05076,100%,-0.3594,0.262
ME04441,CA01751,25%,-0.0821,0.17
ME04442,CA02941,50%,0.2181,0.123
ME04443,CA01728,100%,-0.0916,0.159
ME04444,CA01556,25%,-0.0027,0.339
ME04445,CA00645,50%,0.0922,0.129
ME04446,CA01983,25%,-0.0617,0.152
ME04447,CA05218,100%,0.1979,0.253
ME04448,CA04086,50%,-0.1544,0.151
ME04449,CA02247,100%,0.0255,0.163
ME04450,CA01403,75%,-0.062,0.468
ME04451,CA03787,50%,0.4405,0.361
ME04452,CA02275,100%,-0.0834,0.32
ME04453,CA00289,50%,0.0939,0.49
ME04454,CA00036,75%,0.327,0.473
ME04455,CA00534,100%,-0.1037,0.24
ME04456,CA03026,75%,-0.0966,0.131
ME04457,CA04474,75%,-0.2076,0.372
ME04458,CA00192,75%,0.245,0.133
ME04459,CA05556,100%,0.1311,0.101
ME04460,CA02426,25%,0.2691,0.241
ME04461,CA06457,50%,-0.0058,0.133
ME04462,CA02553,100%,-0.0143,0.462
ME04463,CA02826,75%,0.382,0.191
ME04464,CA01159,100%,0.1883,0.39
ME04465,CA00757,100%,-0.1892,0.393
ME04466,CA03737,75%,-0.0493,0.39
ME04467,CA02024,50%,-0.0058,0.187
ME04468,CA03080,50%,0.1135,0.231
ME04469,CA00520,75%,0.0807,0.175
ME04470,CA00089,50%,0.0192,0.263
ME04471,CA04779,75%,-0.0077,0.1
ME04472,CA06292,25%,0.0892,0.484
ME04473,CA06630,50%,0.0085,0.367
ME04474,CA02258,25%,0.1247,0.405
ME04475,CA02686,50%,-0.3088,0.264
ME04476,CA04039,50%,0.2926,0.367
ME04477,CA06408,50%,0.0676,0.153
ME04478,CA02854,25%,-0.1378,0.498
ME04479,CA02951,50%,-0.2018,0.357
ME04480,CA01349,100%,-0.0053,0.462
ME04481,CA05627,25%,-0.0184,0.359
ME04482,CA03005,100%,0.3874,0.159
ME04483,CA04711,25%,0.3215,0.277
ME04484,CA01000,100%,-0.1435,0.316
ME04485,CA00945,50%,-0.0561,0.276
ME04486,CA06796,25%,0.1912,0.283
ME04487,CA06547,100%,-0.1295,0.393
ME04488,CA01817,25%,-0.05,0.391
ME04489,CA00022,50%,-0.0956,0.441
ME04490,CA06603,25%,0.0616,0.342
ME04491,CA01957,100%,-0.0517,0.21
ME04492,CA02983,50%,-0.2951,0.499
ME04493,CA06762,25%,0.2152,0.177
ME04494,CA03842,50%,0.2453,0.187
ME04495,CA07190,25%,-0.0479,0.454
ME04496,CA03498,75%,0.3307,0.285
ME04497,CA02951,75%,-0.4212,0.192
ME04498,CA04367,100%,-0.2704,0.477
ME04499,CA01678,25%,-0.0182,0.154
ME04500,CA02937,50%,-0.1819,0.242
ME04501,CA04759,75%,-0.312,0.141
ME04502,CA04162,50%,0.1595,0.402
ME04503,CA04581,75%,0.2665,0.329
ME04504,CA06794,75%,-0.1576,0.376
ME04505,CA03404,50%,-0.1894,0.421
ME04506,CA01017,25%,-0.05,0.292
ME04507,CA05788,50%,-0.2338,0.267
ME04508,CA06593,25%,0.2659,0.321
ME04509,CA00194,25%,-0.0024,0.386
ME04510,CA07176,100%,0.1009,0.413
ME04511,CA05273,50%,-0.0943,0.389
ME04512,CA01750,50%,0.1904,0.426
ME04513,CA00865,50%,0.1036,0.153
ME04514,CA04774,75%,-0.1314,0.435
ME04515,CA00694,50%,-0.0269,0.246
ME04516,CA04154,75%,-0.1794,0.247
ME04517,CA06315,75%,0.2263,0.456
ME04518,CA00624,100%,0.1817,0.479
ME04519,CA05999,50%,0.2852,0.245
ME04520,CA04954,50%,0.1561,0.46
ME04521,CA05283,25%,0.1437,0.488
ME04522,CA00502,50%,-0.0153,0.121
ME04523,CA00327,50%,0.1536,0.497
ME04524,CA05052,25%,0.2145,0.161
ME04525,CA07179,25%,-0.1532,0.14
ME04526,CA06437,75%,-0.0283,0.482
ME04527,CA04351,25%,0.2526,0.388
ME04528,CA02616,50%,0.0061,0.172
ME04529,CA04540,75%,0.0465,0.404
ME04530,CA03822,25%,-0.1161,0.483
ME04531,CA00282,100%,-0.0214,0.142
ME04532,CA05050,50%,0.108,0.445
ME04533,CA06708,75%,-0.5889,0.204
ME04534,CA00929,100%,0.1364,0.405
ME04535,CA04354,75%,-0.0663,0.467
ME04536,CA01249,25%,-0.1044,0.219
ME04537,CA00935,75%,0.103,0.439
ME04538,CA02127,75%,-0.2577,0.325
ME04539,CA05089,50%,-0.0847,0.45
ME04540,CA05583,75%,-0.1898,0.281
ME04541,CA00445,25%,-0.2541,0.476
ME04542,CA02493,100%,0.1694,0.488
ME04543,CA05611,50%,-0.1575,0.291
ME04544,CA02979,100%,-0.004,0.12
ME04545,CA06695,100%,0.0631,0.199
ME04546,CA05073,50%,-0.0286,0.259
ME04547,CA03705,100%,-0.0535,0.12
ME04548,CA04708,25%,-0.1243,0.383
ME04549,CA02468,25%,-0.0257,0.466
ME04550,CA00939,25%,0.0409,0.443
ME04551,CA00190,50%,-0.0982,0.106
ME04552,CA02149,50%,-0.0186,0.464
ME04553,CA05053,50%,-0.0744,0.404
ME04554,CA03907,50%,-0.1271,0.265
ME04555,CA03508,100%,0.1048,0.318
ME04556,CA05665,50%,-0.1044,0.378
ME04557,CA05418,75%,0.192,0.192
ME04558,CA04534,25%,0.1117,0.133
ME04559,CA03494,50%,0.0022,0.317
ME04560,CA01234,100%,-0.0127,0.386
ME04561,CA06047,75%,-0.108,0.36
ME04562,CA06933,50%,-0.1752,0.104
ME04563,CA01446,25%,0.1325,0.453
ME04564,CA01276,100%,0.0217,0.387
ME04565,CA02492,100%,0.1289,0.25
ME04566,CA05828,25%,0.2579,0.129
ME04567,CA04691,25%,-0.0653,0.424
ME04568,CA04948,50%,0.1415,0.25
ME04569,CA07066,100%,-0.0914,0.154
ME04570,CA06946,50%,0.0416,0.39
ME04571,CA06938,25%,-0.5429,0.483
ME04572,CA05463,100%,-0.2278,0.201
ME04573,CA01968,50%,0.1692,0.459
ME04574,CA02477,75%,-0.0492,0.299
ME04575,CA02940,50%,-0.2205,0.234
ME04576,CA04568,75%,-0.2361,0.163
ME04577,CA02395,25%,-0.0437,0.185
ME04578,CA03809,100%,-0.1763,0.466
ME04579,CA00886,75%,-0.3883,0.405
ME04580,CA03551,75%,0.0225,0.247
ME04581,CA04302,25%,0.0311,0.38
ME04582,CA05385,50%,-0.1401,0.379
ME04583,CA07148,25%,0.1021,0.242
ME04584,CA02401,100%,0.2262,0.353
ME04585,CA04344,25%,0.3806,0.357
ME04586,CA06465,25%,0.2289,0.225
ME04587,CA00444,75%,0.0845,0.443
ME04588,CA05481,50%,0.0763,0.118
ME04589,CA02972,50%,0.0274,0.143
ME04590,CA00324,25%,0.0314,0.49
ME04591,CA02538,50%,0.0534,0.164
ME04592,CA02823,50%,-0.1558,0.219
ME04593,CA06215,25%,-0.2181,0.488
ME04594,CA04448,25%,0.0787,0.309
ME04595,CA00850,25%,0.0474,0.331
ME04596,CA00074,50%,-0.1466,0.248
ME04597,CA02280,100%,-0.0805,0.485
ME04598,CA05721,75%,0.2344,0.312
ME04599,CA02007,25%,0.0939,0.456
ME04600,CA05847,25%,-0.2496,0.362
ME04601,CA01894,100%,-0.0976,0.137
ME04602,CA05373,75%,-0.1817,0.256
ME04603,CA04075,50%,-0.0865,0.379
ME04604,CA06414,50%,0.0475,0.445
ME04605,CA02917,100%,0.092,0.479
ME04606,CA06328,50%,0.038,0.442
ME04607,CA05099,25%,-0.195,0.475
ME04608,CA05443,75%,-0.1395,0.479
ME04609,CA06656,50%,0.1054,0.423
ME04610,CA03047,100%,-0.049,0.319
ME04611,CA02892,50%,0.0234,0.146
ME04612,CA05500,50%,-0.1321,0.338
ME04613,CA02619,50%,-0.1414,0.138
ME04614,CA03759,25%,-0.1,0.247
ME04615,CA05325,25%,0.4863,0.119
ME04616,CA02299,100%,0.0257,0.103
ME04617,CA02348,100%,-0.2802,0.338
ME04618,CA00140,100%,0.2133,0.434
ME04619,CA01398,50%,-0.0832,0.3
ME04620,CA01087,100%,0.3141,0.386
ME04621,CA05834,50%,-0.2368,0.322
ME04622,CA00604,50%,-0.2957,0.488
ME04623,CA05185,50%,0.0359,0.105
ME04624,CA05306,50%,-0.0798,0.327
ME04625,CA03698,100%,-0.0274,0.26
ME04626,CA02973,50%,-0.3548,0.498
ME04627,CA01426,100%,-0.1087,0.409
ME04628,CA03153,100%,-0.2241,0.356
ME04629,CA06567,25%,0.1795,0.473
ME04630,CA04980,25%,0.0763,0.127
ME04631,CA05515,25%,0.2442,0.42
ME04632,CA06820,75%,-0.39,0.294
ME04633,CA06545,25%,-0.0119,0.261
ME04634,CA00645,25%,-0.0373,0.217
ME04635,CA02834,50%,-0.0655,0.44
ME04636,CA04771,50%,-0.0214,0.251
ME04637,CA00877,75%,-0.3224,0.17
ME04638,CA04335,100%,0.2339,0.132
ME04639,CA04435,25%,0.2307,0.446
ME04640,CA00740,75%,0.0674,0.419
ME04641,CA06927,75%,-0.0322,0.389
ME04642,CA00162,25%,0.0102,0.465
ME04643,CA04081,25%,0.1638,0.453
ME04644,CA01325,100%,-0.0585,0.319
ME04645,CA06954,100%,-0.1695,0.371
ME04646,CA00613,100%,0.0169,0.186
ME04647,CA01196,100%,0.2053,0.24
ME04648,CA01181,100%,-0.1136,0.422
ME04649,CA05999,100%,-0.1472,0.15
ME04650,CA00919,50%,0.1452,0.374
ME04651,CA04752,50%,-0.1529,0.365
ME04652,CA04859,50%,0.1389,0.371
ME04653,CA06056,50%,0.0285,0.116
ME04654,CA03760,25%,-0.578,0.476
ME04655,CA03573,100%,-0.119,0.347
ME04656,CA01714,25%,-0.1604,0.152
ME04657,CA04058,50%,-0.3564,0.408
ME04658,CA04323,50%,0.0589,0.366
ME04659,CA05122,50%,0.2137,0.323
ME04660,CA04203,75%,-0.0152,0.339
ME04661,CA00572,75%,0.5577,0.191
ME04662,CA04911,25%,-0.1489,0.383
ME04663,CA07041,50%,0.238,0.313
ME04664,CA06747,100%,0.3056,0.452
ME04665,CA03383,25%,-0.1728,0.492
ME04666,CA00062,25%,-0.1978,0.153
ME04667,CA04157,25%,0.024,0.415
ME04668,CA05715,25%,0.1023,0.291
ME04669,CA04956,100%,0.0966,0.34
ME04670,CA00662,75%,-0.3405,0.354
ME04671,CA07129,100%,0.1518,0.482
ME04672,CA03759,50%,0.0379,0.283
ME04673,CA04290,75%,0.0216,0.424
ME04674,CA01519,25%,-0.1474,0.331
ME04675,CA03131,25%,0.0274,0.318
ME04676,CA05675,100%,0.168,0.4
ME04677,CA02784,25%,0.088,0.286
ME04678,CA04445,100%,0.1091,0.281
ME04679,CA01491,75%,-0.2498,0.285
ME04680,CA05847,25%,0.0798,0.22
ME04681,CA03522,50%,0.0177,0.49
ME04682,CA05692,100%,-0.0961,0.181
ME04683,CA05378,25%,0.0931,0.416
ME04684,CA04519,75%,-0.2979,0.17
ME04685,CA05259,75%,0.0066,0.138
ME04686,CA00650,75%,0.0306,0.271
ME04687,CA00841,75%,0.1427,0.184
ME04688,CA02732,50%,-0.1993,0.111
ME04689,CA00939,25%,0.2254,0.479
ME04690,CA04641,25%,-0.0829,0.416
ME04691,CA00395,100%,-0.056,0.255
ME04692,CA02686,25%,-0.1121,0.49
ME04693,CA01544,50%,-0.1685,0.404
ME04694,CA05022,75%,-0.1334,0.146
ME04695,CA07178,75%,-0.5083,0.169
ME04696,CA04863,75%,-0.243,0.467
ME04697,CA05721,100%,0.0447,0.4
ME04698,CA05358,100%,0.1565,0.461
ME04699,CA06658,25%,-0.3454,0.296
ME04700,CA00211,25%,0.1292,0.372
ME04701,CA00970,100%,-0.1088,0.481
ME04702,CA01469,25%,0.1401,0.142
ME04703,CA02430,75%,0.0746,0.34
ME04704,CA00610,100%,0.0147,0.266
ME04705,CA05127,50%,-0.1268,0.257
ME04706,CA00766,75%,-0.0744,0.217
ME04707,CA05996,25%,-0.1195,0.296
ME04708,CA02825,25%,0.1313,0.193
ME04709,CA02762,75%,0.0582,0.293
ME04710,CA02288,50%,0.254,0.444
ME04711,CA01320,50%,0.3503,0.279
ME04712,CA01171,75%,0.0958,0.182
ME04713,CA06508,75%,0.042,0.106
ME04714,CA01733,75%,-0.2461,0.153
ME04715,CA01188,50%,-0.0971,0.114
ME04716,CA01107,75%,0.2676,0.248
ME04717,CA06303,25%,-0.2591,0.126
ME04718,CA04601,25%,0.0705,0.319
ME04719,CA00378,100%,0.1066,0.171
ME04720,CA00023,50%,-0.0709,0.324
ME04721,CA07174,50%,-0.0479,0.356
ME04722,CA06618,75%,0.0694,0.262
ME04723,CA00249,50%,0.3344,0.185
ME04724,CA06183,75%,0.1758,0.31
ME04725,CA05513,50%,0.1212,0.414
ME04726,CA01018,100%,-0.0434,0.228
ME04727,CA00833,25%,-0.1614,0.158
ME04728,CA05310,25%,-0.391,0.426
ME04729,CA02942,50%,-0.1614,0.426
ME04730,CA06248,50%,0.0867,0.328
ME04731,CA00672,100%,-0.0337,0.312
ME04732,CA01901,50%,0.0626,0.419
ME04733,CA06724,100%,-0.168,0.464
ME04734,CA01274,25%,0.227,0.342
ME04735,CA05663,50%,0.1427,0.157
ME04736,CA00170,75%,0.0406,0.414
ME04737,CA04958,50%,-0.0226,0.38
ME04738,CA04963,75%,-0.1759,0.23
ME04739,CA04039,50%,-0.0297,0.312
ME04740,CA03625,100%,0.2818,0.383
ME04741,CA01488,100%,-0.0756,0.291
ME04742,CA03535,25%,-0.218,0.303
ME04743,CA06527,75%,0.1939,0.166
ME04744,CA06474,100%,-0.2174,0.203
ME04745,CA04568,75%,0.0202,0.256
ME04746,CA01514,75%,0.0752,0.395
ME04747,CA01242,100%,-0.074,0.107
ME04748,CA06460,25%,-0.1956,0.22
ME04749,CA06998,100%,0.1257,0.324
ME04750,CA01708,100%,0.2131,0.33
ME04751,CA04918,100%,-0.1191,0.15
ME04752,CA05637,100%,0.3,0.246
ME04753,CA00727,50%,0.2749,0.304
ME04754,CA01637,75%,0.1212,0.301
ME04755,CA05280,25%,0.0772,0.461
ME04756,CA05426,25%,0.1605,0.232
ME04757,CA00961,25%,0.0532,0.499
ME04758,CA03094,25%,0.1192,0.329
ME04759,CA04993,50%,-0.0583,0.139
ME04760,CA06959,50%,0.1632,0.144
ME04761,CA05114,50%,0.2064,0.131
ME04762,CA02487,75%,-0.0411,0.146
ME04763,CA02109,75%,0.2024,0.258
ME04764,CA07030,50%,-0.2752,0.196
ME04765,CA04260,50%,0.0819,0.475
ME04766,CA06544,75%,-0.1309,0.263
ME04767,CA04670,75%,-0.0343,0.413
ME04768,CA05131,75%,0.0562,0.437
ME04769,CA02224,75%,-0.0202,0.231
ME04770,CA04547,75%,0.2342,0.496
ME04771,CA06362,50%,-0.0674,0.206
ME04772,CA00080,75%,-0.0903,0.157
ME04773,CA05990,50%,-0.1138,0.225
ME04774,CA05798,100%,0.1185,0.219
ME04775,CA02144,100%,-0.277,0.235
ME04776,CA02807,50%,-0.1785,0.207
ME04777,CA02180,75%,0.0091,0.257
ME04778,CA01728,100%,-0.0602,0.216
ME04779,CA00923,25%,-0.0628,0.395
ME04780,CA05806,25%,0.1093,0.119
ME04781,CA07080,25%,-0.1246,0.418
ME04782,CA06676,25%,-0.062,0.491
ME04783,CA06909,100%,0.2776,0.256
ME04784,CA00054,50%,-0.0475,0.168
ME04785,CA01782,25%,0.0815,0.175
ME04786,CA05759,50%,0.2837,0.35
ME04787,CA00580,75%,0.1851,0.235
ME04788,CA03003,75%,-0.1987,0.375
ME04789,CA00296,50%,0.057,0.222
ME04790,CA04246,75%,-0.0798,0.362
ME04791,CA07064,75%,0.0034,0.187
ME04792,CA02476,100%,-0.0293,0.156
ME04793,CA02880,100%,-0.0459,0.216
ME04794,CA05369,25%,0.2033,0.223
ME04795,CA00463,25%,0.1915,0.268
ME04796,CA06015,50%,-0.1147,0.262
ME04797,CA04887,50%,0.0285,0.185
ME04798,CA03555,75%,-0.0964,0.19
ME04799,CA02915,75%,-0.0734,0.149
ME04800,CA03947,50%,-0.2478,0.262
ME04801,CA01391,75%,0.2144,0.301
ME04802,CA07074,75%,-0.1863,0.337
ME04803,CA02867,100%,0.3169,0.162
ME04804,CA04419,50%,0.2515,0.21
ME04805,CA06640,50%,0.321,0.153
ME04806,CA06665,100%,-0.121,0.168
ME04807,CA04792,25%,-0.0041,0.173
ME04808,CA01851,50%,0.1594,0.499
ME04809,CA04865,50%,0.0298,0.321
ME04810,CA02226,75%,0.0541,0.293
ME04811,CA00535,100%,0.0948,0.463
ME04812,CA05941,100%,0.395,0.139
ME04813,CA04218,50%,-0.3058,0.307
ME04814,CA02864,100%,-0.0569,0.395
ME04815,CA03876,50%,-0.0809,0.384
ME04816,CA03644,100%,-0.1096,0.42
ME04817,CA03248,75%,0.0581,0.336
ME04818,CA04164,50%,0.0614,0.156
ME04819,CA00239,100%,-0.2232,0.291
ME04820,CA04315,25%,0.0894,0.26
ME04821,CA00897,25%,0.0351,0.275
ME04822,CA02887,25%,0.2446,0.117
ME04823,CA06276,75%,0.1174,0.142
ME04824,CA03486,25%,0.2556,0.271
ME04825,CA01749,75%,-0.2171,0.423
ME04826,CA06211,100%,-0.1509,0.258
ME04827,CA02131,100%,0.1314,0.434
ME04828,CA07164,50%,-0.2415,0.234
ME04829,CA06665,75%,0.1187,0.102
ME04830,CA02513,25%,0.0373,0.458
ME04831,CA05035,25%,-0.1336,0.275
ME04832,CA06098,100%,0.1651,0.297
ME04833,CA03459,75%,-0.0696,0.333
ME04834,CA04512,25%,0.2198,0.408
ME04835,CA01673,25%,-0.0968,0.459
ME04836,CA03767,75%,-0.1575,0.324
ME04837,CA05361,25%,-0.0487,0.135
ME04838,CA06131,100%,-0.1495,0.462
ME04839,CA00016,75%,-0.3062,0.279
ME04840,CA03212,25%,-0.2246,0.178
ME04841,CA06572,100%,0.1168,0.37
ME04842,CA01194,100%,0.2024,0.109
ME04843,CA02554,50%,-0.263,0.466
ME04844,CA03595,100%,-0.487,0.305
ME04845,CA01790,75%,-0.067,0.36
ME04846,CA00549,100%,0.3293,0.165
ME04847,CA01136,50%,0.1727,0.262
ME04848,CA06119,25%,-0.1235,0.428
ME04849,CA01921,50%,0.2185,0.462
ME04850,CA03444,25%,-0.2123,0.139
ME04851,CA06471,100%,0.0595,0.48
ME04852,CA00147,50%,0.5165,0.394
ME04853,CA06594,25%,0.4401,0.298
ME04854,CA03963,50%,-0.056,0.497
ME04855,CA05214,100%,-0.1007,0.161
ME04856,CA01831,75%,-0.0115,0.124
ME04857,CA03215,100%,-0.0626,0.484
ME04858,CA01597,100%,-0.0299,0.295
ME04859,CA05997,75%,-0.1385,0.385
ME04860,CA06448,100%,-0.1066,0.333
ME04861,CA04661,50%,0.1047,0.432
ME04862,CA01408,100%,0.064,0.135
ME04863,CA03263,100%,-0.1232,0.331
ME04864,CA03020,25%,0.1703,0.318
ME04865,CA01333,25%,-0.2379,0.446
ME04866,CA01948,75%,-0.0973,0.222
ME04867,CA04730,100%,-0.0994,0.477
ME04868,CA00386,75%,-0.1023,0.163
ME04869,CA00155,100%,-0.0224,0.35
ME04870,CA03682,100%,-0.0108,0.391
ME04871,CA00223,50%,0.0582,0.17
ME04872,CA03417,50%,-0.3001,0.164
ME04873,CA00419,25%,-0.1576,0.383
ME04874,CA02636,25%,-0.1305,0.182
ME04875,CA07012,50%,0.2115,0.483
ME04876,CA03115,100%,0.1527,0.304
ME04877,CA05743,100%,-0.0257,0.184
ME04878,CA00204,100%,-0.1864,0.47
ME04879,CA06388,100%,0.0327,0.461
ME04880,CA06801,75%,0.1072,0.259
ME04881,CA04538,100%,0.0432,0.458
ME04882,CA05976,50%,0.198,0.161
ME04883,CA00529,25%,-0.04,0.211
ME04884,CA05019,75%,-0.0706,0.282
ME04885,CA01785,75%,0.1364,0.386
ME04886,CA03607,25%,0.1668,0.46
ME04887,CA04712,50%,0.1088,0.305
ME04888,CA01462,50%,-0.0977,0.167
ME04889,CA07179,75%,0.103,0.484
ME04890,CA05911,50%,0.0275,0.379
ME04891,CA04544,50%,-0.2196,0.45
ME04892,CA01801,25%,-0.3431,0.394
ME04893,CA07168,100%,-0.1945,0.202
ME04894,CA02734,25%,-0.0661,0.241
ME04895,CA04092,50%,-0.1747,0.227
ME04896,CA00906,100%,0.0503,0.291
ME04897,CA04344,100%,-0.0897,0.319
ME04898,CA04824,50%,-0.1994,0.465
ME04899,CA03918,50%,0.1709,0.36
ME04900,CA07025,100%,-0.1925,0.258
ME04901,CA06000,50%,0.3238,0.254
ME04902,CA05027,100%,-0.0166,0.372
ME04903,CA05311,25%,0.0514,0.462
ME04904,CA05267,25%,0.0035,0.217
ME04905,CA05982,25%,-0.2865,0.242
ME04906,CA04718,25%,0.1765,0.182
ME04907,CA00260,100%,-0.1796,0.19
ME04908,CA05372,75%,0.1053,0.165
ME04909,CA01207,100%,-0.198,0.277
ME04910,CA03702,100%,0.011,0.479
ME04911,CA02179,25%,0.2656,0.238
ME04912,CA05495,100%,0.3597,0.38
ME04913,CA04035,100%,0.0476,0.266
ME04914,CA01117,50%,0.037,0.215
ME04915,CA00109,25%,0.0947,0.177
ME04916,CA01466,75%,0.1303,0.288
ME04917,CA02470,100%,-0.4039,0.486
ME04918,CA00725,100%,0.0932,0.313
ME04919,CA03379,25%,-0.255,0.428
ME04920,CA05093,75%,0.1896,0.34
ME04921,CA01926,100%,0.0304,0.22
ME04922,CA06898,50%,-0.111,0.334
ME04923,CA04175,25%,-0.0441,0.204
ME04924,CA06564,25%,0.0667,0.487
ME04925,CA02563,25%,-0.159,0.488
ME04926,CA06331,25%,-0.0272,0.188
ME04927,CA00471,100%,-0.0567,0.456
ME04928,CA06050,100%,0.1858,0.171
ME04929,CA04991,75%,-0.402,0.142
ME04930,CA04540,50%,0.0,0.439
ME04931,CA03131,50%,-0.0567,0.221
ME04932,CA04898,100%,-0.2071,0.463
ME04933,CA04428,25%,0.0073,0.362
ME04934,CA00931,100%,-0.205,0.186
ME04935,CA00407,100%,-0.1783,0.228
ME04936,CA06164,25%,0.0835,0.498
ME04937,CA07176,50%,-0.0191,0.299
ME04938,CA00623,50%,-0.0823,0.418
ME04939,CA05210,100%,0.0706,0.309
ME04940,CA02963,75%,-0.0033,0.415
ME04941,CA04938,100%,-0.1678,0.474
ME04942,CA02692,100%,-0.072,0.462
ME04943,CA03153,75%,-0.0037,0.356
ME04944,CA01964,75%,0.011,0.107
ME04945,CA02979,50%,0.0949,0.181
ME04946,CA07199,50%,0.109,0.431
ME04947,CA06894,50%,0.2164,0.116
ME04948,CA06422,75%,-0.2183,0.253
ME04949,CA05545,75%,0.2011,0.439
ME04950,CA07098,50%,0.1233,0.486
ME04951,CA06378,75%,-0.0521,0.142
ME04952,CA04735,100%,-0.152,0.23
ME04953,CA00391,25%,-0.12,0.11
ME04954,CA03981,25%,-0.1163,0.375
ME04955,CA05831,25%,0.2735,0.235
ME04956,CA04710,100%,-0.003,0.358
ME04957,CA00461,50%,-0.2518,0.309
ME04958,CA04546,50%,0.1491,0.373
ME04959,CA00258,100%,-0.0639,0.329
ME04960,CA03570,25%,0.036,0.294
ME04961,CA03589,100%,0.1349,0.253
ME04962,CA03294,75%,0.1144,0.278
ME04963,CA06771,75%,-0.4061,0.272
ME04964,CA05752,100%,0.1062,0.128
ME04965,CA03301,50%,-0.0447,0.181
ME04966,CA04873,100%,0.1279,0.195
ME04967,CA00715,50%,-0.0589,0.421
ME04968,CA04917,25%,-0.0187,0.126
ME04969,CA01225,25%,-0.2826,0.369
ME04970,CA00492,50%,0.1133,0.268
ME04971,CA04756,75%,-0.1401,0.305
ME04972,CA04948,100%,0.2474,0.246
ME04973,CA00010,50%,0.012,0.266
ME04974,CA02897,75%,0.1734,0.165
ME04975,CA01799,100%,-0.0492,0.297
ME04976,CA06919,50%,-0.0871,0.28
ME04977,CA02953,75%,0.0982,0.135
ME04978,CA05408,100%,0.0928,0.193
ME04979,CA03907,50%,0.2581,0.368
ME04980,CA05655,50%,0.1194,0.426
ME04981,CA01264,100%,0.3849,0.38
ME04982,CA02302,75%,0.3854,0.261
ME04983,CA02001,25%,-0.0917,0.132
ME04984,CA01348,50%,-0.1716,0.376
ME04985,CA02071,100%,-0.1393,0.422
ME04986,CA00811,50%,0.1947,0.392
ME04987,CA03348,100%,0.1763,0.497
ME04988,CA03248,50%,-0.1223,0.43
ME04989,CA06566,75%,-0.054,0.357
ME04990,CA03913,75%,-0.0254,0.228
ME04991,CA00677,25%,-0.1969,0.29
ME04992,CA01620,50%,0.1184,0.292
ME04993,CA05572,75%,0.0038,0.233
ME04994,CA04112,75%,0.0342,0.115
ME04995,CA07141,100%,0.0828,0.133
ME04996,CA02174,50%,0.2266,0.149
ME04997,CA03028,25%,0.3046,0.324
ME04998,CA05108,75%,0.3186,0.288
ME04999,CA03925,25%,-0.3698,0.367
ME05000,CA02035,25%,-0.0826,0.135
ME05001,CA01499,25%,0.0769,0.405
ME05002,CA03509,50%,-0.2961,0.237
ME05003,CA01795,50%,-0.0145,0.293
ME05004,CA00949,75%,-0.1537,0.351
ME05005,CA05637,100%,-0.2152,0.108
ME05006,CA00772,75%,0.128,0.223
ME05007,CA02558,100%,0.4091,0.354
ME05008,CA02193,100%,0.1215,0.1
ME05009,CA06451,100%,0.103,0.43
ME05010,CA03730,50%,-0.0243,0.195
ME05011,CA04421,50%,0.0588,0.226
ME05012,CA04226,100%,0.0032,0.193
ME05013,CA02843,50%,-0.0723,0.438
ME05014,CA01636,100%,0.1418,0.134
ME05015,CA01714,75%,-0.1658,0.496
ME05016,CA01671,50%,0.0072,0.346
ME05017,CA02772,25%,-0.2411,0.299
ME05018,CA05596,25%,0.1061,0.163
ME05019,CA01666,100%,-0.0596,0.38
ME05020,CA04081,50%,-0.1801,0.16
ME05021,CA06530,50%,0.174,0.412
ME05022,CA04222,50%,0.146,0.425
ME05023,CA03504,100%,0.2471,0.465
ME05024,CA04247,50%,-0.0976,0.498
ME05025,CA03386,25%,0.0402,0.252
ME05026,CA03072,100%,0.024,0.317
ME05027,CA03091,50%,-0.4366,0.255
ME05028,CA05666,50%,0.067,0.499
ME05029,CA06861,50%,0.0979,0.22
ME05030,CA02176,100%,-0.1467,0.339
ME05031,CA03402,25%,0.1065,0.137
ME05032,CA01378,100%,0.0166,0.197
ME05033,CA04742,50%,-0.0033,0.186
ME05034,CA06156,25%,0.0887,0.266
ME05035,CA06716,75%,0.1714,0.431
ME05036,CA03105,75%,0.1574,0.489
ME05037,CA06546,75%,-0.0217,0.128
ME05038,CA06444,50%,0.028,0.446
ME05039,CA02622,50%,0.0402,0.302
ME05040,CA01792,100%,0.0341,0.328
ME05041,CA03649,100%,0.1274,0.489
ME05042,CA01878,50%,-0.201,0.241
ME05043,CA06267,25%,-0.1405,0.465
ME05044,CA01963,25%,0.0012,0.406
ME05045,CA02780,25%,0.1149,0.201
ME05046,CA02045,100%,0.0223,0.41
ME05047,CA04399,50%,-0.2765,0.292
ME05048,CA04024,50%,-0.0379,0.251
ME05049,CA05537,50%,-0.18,0.43
ME05050,CA05251,50%,-0.171,0.154
ME05051,CA06112,25%,-0.1526,0.384
ME05052,CA04917,25%,-0.16,0.387
ME05053,CA05739,25%,0.2845,0.354
ME05054,CA01452,25%,0.0657,0.416
ME05055,CA00462,25%,-0.574,0.458
ME05056,CA03779,25%,0.1099,0.41
ME05057,CA05382,25%,-0.0979,0.25
ME05058,CA06385,50%,-0.0202,0.476
ME05059,CA01158,75%,-0.12,0.352
ME05060,CA05361,50%,0.3347,0.165
ME05061,CA03626,75%,-0.0756,0.454
ME05062,CA06070,75%,-0.1064,0.142
ME05063,CA01301,100%,-0.1761,0.443
ME05064,CA05686,75%,-0.0393,0.11
ME05065,CA02194,100%,-0.0872,0.289
ME05066,CA01542,100%,0.0477,0.204
ME05067,CA06738,50%,-0.1191,0.202
ME05068,CA00191,100%,0.1386,0.486
ME05069,CA04828,25%,-0.0941,0.353
ME05070,CA05360,50%,0.0347,0.471
ME05071,CA03238,75%,-0.0229,0.399
ME05072,CA00471,100%,0.0008,0.409
ME05073,CA01298,25%,-0.3135,0.438
ME05074,CA06953,50%,0.0323,0.132
ME05075,CA02084,75%,-0.1805,0.258
ME05076,CA06765,75%,-0.1069,0.494
ME05077,CA01123,50%,0.0476,0.397
ME05078,CA00600,100%,-0.1114,0.379
ME05079,CA07141,50%,-0.0594,0.199
ME05080,CA06293,25%,-0.1174,0.295
ME05081,CA04865,75%,0.1426,0.363
ME05082,CA00744,25%,0.0154,0.432
ME05083,CA07072,25%,0.1623,0.256
ME05084,CA05790,25%,0.1476,0.356
ME05085,CA05026,75%,-0.0316,0.394
ME05086,CA05112,50%,0.2993,0.374
ME05087,CA03355,75%,-0.086,0.376
ME05088,CA00830,75%,0.0754,0.301
ME05089,CA03925,25%,0.0098,0.428
ME05090,CA02089,50%,0.4953,0.16
ME05091,CA06629,75%,-0.2113,0.137
ME05092,CA01222,25%,0.042,0.439
ME05093,CA04083,25%,-0.0494,0.348
ME05094,CA06216,25%,0.07,0.158
ME05095,CA05539,75%,0.1753,0.257
ME05096,CA03662,100%,-0.1395,0.44
ME05097,CA03873,25%,0.254,0.43
ME05098,CA01439,100%,0.0665,0.235
ME05099,CA02354,100%,0.1357,0.317
ME05100,CA04890,25%,0.0267,0.358
ME05101,CA01808,25%,0.3048,0.273
ME05102,CA04872,75%,0.0776,0.272
ME05103,CA02237,25%,-0.0084,0.261
ME05104,CA03196,50%,-0.1639,0.428
ME05105,CA06919,75%,-0.0076,0.465
ME05106,CA05273,50%,-0.1924,0.111
ME05107,CA05611,25%,0.0675,0.244
ME05108,CA05051,75%,-0.1962,0.12
ME05109,CA01972,75%,0.237,0.215
ME05110,CA03024,50%,-0.0912,0.221
ME05111,CA01516,100%,0.0546,0.335
ME05112,CA05491,100%,0.0644,0.21
ME05113,CA03145,50%,0.1612,0.121
ME05114,CA05767,50%,0.1546,0.29
ME05115,CA06809,50%,-0.1407,0.373
ME05116,CA03140,50%,0.321,0.198
ME05117,CA01592,25%,0.1212,0.22
ME05118,CA03419,25%,-0.1453,0.262
ME05119,CA06247,50%,-0.2296,0.23
ME05120,CA01746,75%,-0.2183,0.206
ME05121,CA04640,100%,-0.0384,0.357
ME05122,CA06401,75%,0.127,0.284
ME05123,CA06321,50%,-0.0306,0.27
ME05124,CA06524,50%,0.2232,0.143
ME05125,CA03283,25%,0.4332,0.379
ME05126,CA01915,25%,-0.3246,0.327
ME05127,CA00199,50%,-0.1597,0.395
ME05128,CA00794,50%,0.1253,0.29
ME05129,CA00571,50%,-0.2413,0.261
ME05130,CA06595,25%,0.2581,0.195
ME05131,CA00618,25%,-0.1813,0.253
ME05132,CA06668,50%,-0.0139,0.21
ME05133,CA04432,50%,-0.0026,0.184
ME05134,CA02991,75%,0.0501,0.478
ME05135,CA03128,25%,0.2284,0.398
ME05136,CA02465,50%,0.0092,0.13
ME05137,CA05832,25%,0.2739,0.346
ME05138,CA06841,25%,0.0902,0.444
ME05139,CA06290,25%,-0.2808,0.113
ME05140,CA03347,50%,0.117,0.351
ME05141,CA01374,75%,0.0427,0.189
ME05142,CA02958,50%,0.0176,0.399
ME05143,CA03679,75%,0.1855,0.414
ME05144,CA00934,75%,-0.1431,0.187
ME05145,CA05233,25%,0.1465,0.348
ME05146,CA00152,50%,-0.2809,0.395
ME05147,CA00136,25%,-0.3685,0.459
ME05148,CA05334,100%,-0.074,0.334
ME05149,CA04289,100%,-0.0939,0.435
ME05150,CA00792,100%,-0.0028,0.249
ME05151,CA01670,75%,0.3829,0.148
ME05152,CA02575,50%,0.1467,0.447
ME05153,CA04043,75%,0.2629,0.404
ME05154,CA02726,50%,-0.2202,0.371
ME05155,CA02427,25%,0.0094,0.396
ME05156,CA02117,75%,-0.0111,0.427
ME05157,CA03947,50%,0.0466,0.425
ME05158,CA05064,75%,0.13,0.411
ME05159,CA06045,50%,0.1321,0.452
ME05160,CA01523,25%,-0.2593,0.255
ME05161,CA07163,50%,-0.0661,0.183
ME05162,CA01315,75%,-0.0434,0.207
ME05163,CA04344,25%,-0.2811,0.193
ME05164,CA03160,100%,-0.0005,0.181
ME05165,CA05978,100%,-0.0062,0.313
ME05166,CA02250,50%,0.0179,0.241
ME05167,CA00887,50%,0.1477,0.463
ME05168,CA04431,25%,0.2989,0.299
ME05169,CA01136,100%,0.0154,0.412
ME05170,CA04914,75%,-0.1864,0.361
ME05171,CA02005,50%,-0.2208,0.269
ME05172,CA03478,25%,0.0039,0.2
ME05173,CA04445,100%,-0.0609,0.444
ME05174,CA02067,75%,0.2065,0.473
ME05175,CA01150,75%,-0.1869,0.378
ME05176,CA02326,75%,0.0498,0.382
ME05177,CA06623,75%,0.2026,0.219
ME05178,CA05212,50%,-0.1048,0.322
ME05179,CA00154,25%,0.3229,0.256
ME05180,CA05592,100%,0.2567,0.419
ME05181,CA06366,75%,-0.1013,0.404
ME05182,CA06905,75%,-0.0669,0.18
ME05183,CA03313,25%,0.0577,0.238
ME05184,CA01932,75%,0.0973,0.267
ME05185,CA02671,25%,0.142,0.336
ME05186,CA03630,50%,-0.2257,0.257
ME05187,CA07063,50%,-0.1236,0.118
ME05188,CA00814,50%,0.3177,0.301
ME05189,CA03770,75%,-0.1929,0.499
ME05190,CA02166,50%,-0.2487,0.324
ME05191,CA00452,100%,0.0709,0.402
ME05192,CA00503,25%,-0.0084,0.251
ME05193,CA01092,75%,-0.3436,0.123
ME05194,CA01863,50%,-0.0539,0.102
ME05195,CA00875,75%,-0.1943,0.196
ME05196,CA01594,25%,0.2613,0.133
ME05197,CA00553,75%,0.2581,0.438
ME05198,CA04385,75%,-0.0762,0.345
ME05199,CA02080,50%,-0.2873,0.155
ME05200,CA00806,100%,0.2307,0.335
ME05201,CA06347,25%,0.0342,0.478
ME05202,CA04584,75%,-0.0393,0.336
ME05203,CA03727,75%,-0.3385,0.271
ME05204,CA07097,50%,-0.3436,0.42
ME05205,CA03581,50%,0.1802,0.133
ME05206,CA04720,50%,0.1915,0.208
ME05207,CA07126,100%,-0.213,0.418
ME05208,CA03200,75%,-0.0254,0.141
ME05209,CA06891,50%,0.0442,0.269
ME05210,CA04875,75%,-0.1102,0.264
ME05211,CA00007,50%,-0.1795,0.373
ME05212,CA00297,100%,-0.0645,0.259
ME05213,CA00662,75%,0.2257,0.148
ME05214,CA04493,100%,-0.1902,0.381
ME05215,CA05074,100%,-0.0377,0.421
ME05216,CA06851,100%,0.4802,0.288
ME05217,CA00173,25%,0.0095,0.229
ME05218,CA04289,25%,0.3473,0.287
ME05219,CA04310,25%,0.196,0.403
ME05220,CA03860,50%,0.0839,0.408
ME05221,CA03695,75%,-0.1161,0.281
ME05222,CA00585,75%,0.0984,0.167
ME05223,CA05695,50%,0.2356,0.472
ME05224,CA00960,50%,0.1639,0.488
ME05225,CA04511,75%,0.5054,0.406
ME05226,CA04205,25%,0.2502,0.472
ME05227,CA01869,25%,-0.2711,0.362
ME05228,CA05144,100%,0.0347,0.421
ME05229,CA04758,100%,0.2689,0.158
ME05230,CA05253,100%,0.0389,0.271
ME05231,CA00707,50%,-0.0993,0.484
ME05232,CA00168,75%,-0.2322,0.345
ME05233,CA03408,75%,0.1463,0.277
ME05234,CA06904,100%,0.0752,0.237
ME05235,CA00418,50%,-0.0958,0.3
ME05236,CA04087,25%,0.1481,0.401
ME05237,CA01354,50%,-0.0163,0.438
ME05238,CA07026,25%,0.0095,0.462
ME05239,CA06065,100%,0.2184,0.383
ME05240,CA00337,50%,0.1882,0.279
ME05241,CA04568,100%,0.2522,0.284
ME05242,CA05495,75%,-0.0654,0.322
ME05243,CA01209,100%,-0.3939,0.461
ME05244,CA06163,75%,0.018,0.238
ME05245,CA01053,75%,0.0825,0.266
ME05246,CA05052,100%,0.0719,0.464
ME05247,CA06229,50%,-0.1856,0.333
ME05248,CA06097,100%,-0.1543,0.362
ME05249,CA00240,50%,-0.2645,0.173
ME05250,CA03096,100%,-0.3343,0.219
ME05251,CA03072,100%,-0.1534,0.426
ME05252,CA02173,50%,-0.1212,0.497
ME05253,CA02525,100%,0.1114,0.116
ME05254,CA04151,75%,-0.1279,0.262
ME05255,CA00698,50%,0.134,0.315
ME05256,CA04853,50%,-0.0077,0.103
ME05257,CA04195,25%,-0.0409,0.411
ME05258,CA02119,100%,0.2782,0.232
ME05259,CA03578,100%,-0.268,0.396
ME05260,CA03713,50%,0.2653,0.168
ME05261,CA02813,100%,0.1446,0.188
ME05262,CA04175,50%,0.0179,0.271
ME05263,CA04400,75%,-0.2004,0.14
ME05264,CA02180,75%,0.1254,0.129
ME05265,CA02877,50%,0.1792,0.266
ME05266,CA04168,100%,-0.0611,0.348
ME05267,CA02492,100%,0.3394,0.294
ME05268,CA02672,50%,-0.0087,0.133
ME05269,CA04966,25%,-0.1403,0.399
ME05270,CA04211,75%,0.0749,0.141
ME05271,CA02532,100%,-0.2717,0.315
ME05272,CA05558,75%,-0.2851,0.404
ME05273,CA04479,25%,-0.1044,0.271
ME05274,CA04514,25%,0.2852,0.334
ME05275,CA03191,75%,-0.1016,0.419
ME05276,CA06127,25%,-0.1963,0.212
ME05277,CA05132,75%,0.0966,0.267
ME05278,CA00358,100%,-0.0662,0.265
ME05279,CA06393,75%,0.0905,0.438
ME05280,CA00149,50%,-0.1646,0.394
ME05281,CA06273,50%,0.0434,0.11
ME05282,CA02306,100%,-0.0093,0.446
ME05283,CA06664,50%,0.0736,0.361
ME05284,CA04021,75%,0.0158,0.111
ME05285,CA05295,50%,-0.1498,0.444
ME05286,CA06837,75%,0.1641,0.377
ME05287,CA02040,100%,-0.1104,0.472
ME05288,CA04750,75%,0.1855,0.173
ME05289,CA00742,25%,-0.0355,0.214
ME05290,CA06429,25%,-0.0308,0.268
ME05291,CA07123,75%,-0.1575,0.19
ME05292,CA05257,100%,-0.1428,0.436
ME05293,CA05585,75%,-0.2596,0.348
ME05294,CA04931,75%,0.111,0.1
ME05295,CA03705,75%,-0.057,0.141
ME05296,CA00085,100%,0.2199,0.404
ME05297,CA03075,25%,-0.3098,0.183
ME05298,CA06252,25%,0.0952,0.288
ME05299,CA02127,100%,-0.0469,0.122
ME05300,CA03163,50%,0.1381,0.248
ME05301,CA02543,100%,0.0474,0.125
ME05302,CA00055,100%,0.0934,0.353
ME05303,CA04910,100%,0.1679,0.351
ME05304,CA03169,25%,-0.0669,0.105
ME05305,CA01226,75%,0.1219,0.485
ME05306,CA02044,100%,0.0112,0.223
ME05307,CA02155,100%,0.2171,0.256
ME05308,CA05901,75%,0.0337,0.383
ME05309,CA05587,50%,-0.0561,0.332
ME05310,CA05800,25%,-0.2109,0.398
ME05311,CA04030,25%,-0.2422,0.133
ME05312,CA06234,100%,-0.1756,0.252
ME05313,CA05039,100%,-0.1398,0.29
ME05314,CA05507,50%,-0.198,0.35
ME05315,CA06921,50%,-0.0791,0.194
ME05316,CA06682,50%,-0.0516,0.339
ME05317,CA03131,50%,0.094,0.144
ME05318,CA00506,50%,-0.0601,0.298
ME05319,CA05913,100%,0.2368,0.49
ME05320,CA00607,25%,-0.513,0.411
ME05321,CA05341,75%,-0.1059,0.494
ME05322,CA05613,100%,0.1902,0.345
ME05323,CA03508,75%,0.0158,0.482
ME05324,CA03339,75%,-0.1033,0.469
ME05325,CA02109,100%,-0.1393,0.426
ME05326,CA04532,25%,0.2134,0.2
ME05327,CA05529,100%,-0.2084,0.443
ME05328,CA06556,50%,-0.0509,0.153
ME05329,CA00070,75%,-0.2372,0.145
ME05330,CA00220,25%,0.1505,0.156
ME05331,CA04405,100%,-0.0878,0.232
ME05332,CA04793,100%,0.0342,0.338
ME05333,CA03828,100%,0.2486,0.267
ME05334,CA06479,25%,-0.1427,0.247
ME05335,CA06870,100%,-0.2923,0.2
ME05336,CA07143,25%,-0.1248,0.195
ME05337,CA01077,25%,-0.0535,0.4
ME05338,CA01355,75%,0.0189,0.471
ME05339,CA03469,100%,0.0449,0.115
ME05340,CA03671,25%,0.0996,0.313
ME05341,CA05937,25%,-0.2267,0.205
ME05342,CA06262,100%,0.0313,0.355
ME05343,CA01820,100%,-0.1576,0.184
ME05344,CA02334,50%,-0.1371,0.181
ME05345,CA05220,25%,-0.0219,0.152
ME05346,CA01057,100%,-0.0847,0.161
ME05347,CA01094,100%,0.2098,0.276
ME05348,CA06356,25%,0.0623,0.268
ME05349,CA06578,50%,-0.0529,0.289
ME05350,CA03559,100%,-0.1979,0.402
ME05351,CA05622,75%,0.0576,0.392
ME05352,CA07178,50%,0.2546,0.223
ME05353,CA03446,100%,-0.0783,0.204
ME05354,CA06474,50%,-0.0138,0.253
ME05355,CA06902,75%,-0.2677,0.357
ME05356,CA05278,75%,0.0048,0.346
ME05357,CA05220,75%,-0.2983,0.148
ME05358,CA02033,100%,-0.1876,0.216
ME05359,CA02049,75%,-0.1232,0.339
ME05360,CA04017,25%,-0.482,0.296
ME05361,CA06071,75%,-0.0321,0.33
ME05362,CA01705,100%,-0.0352,0.221
ME05363,CA00455,50%,0.0624,0.221
ME05364,CA01243,50%,-0.1907,0.399
ME05365,CA00148,50%,-0.1572,0.122
ME05366,CA00491,100%,-0.2174,0.104
ME05367,CA06199,100%,0.0031,0.225
ME05368,CA00219,25%,0.1017,0.151
ME05369,CA03179,25%,0.0449,0.154
ME05370,CA03533,25%,-0.0982,0.1
ME05371,CA01672,25%,-0.0609,0.457
ME05372,CA00205,50%,-0.1829,0.134
ME05373,CA02119,50%,-0.46,0.308
ME05374,CA04557,100%,-0.0721,0.362
ME05375,CA03736,75%,-0.3087,0.427
ME05376,CA04304,25%,-0.0721,0.119
ME05377,CA05045,25%,-0.298,0.123
ME05378,CA04978,50%,0.2275,0.312
ME05379,CA03373,25%,-0.3995,0.198
ME05380,CA06266,25%,-0.2923,0.229
ME05381,CA05773,25%,0.315,0.116
ME05382,CA00897,50%,0.1672,0.311
ME05383,CA04095,50%,-0.0582,0.435
ME05384,CA02120,75%,-0.0714,0.205
ME05385,CA04940,50%,0.1349,0.328
ME05386,CA01966,100%,0.075,0.149
ME05387,CA02734,100%,0.0221,0.37
ME05388,CA05056,25%,0.2321,0.408
ME05389,CA04617,75%,0.3044,0.141
ME05390,CA04018,25%,-0.5855,0.402
ME05391,CA06192,25%,0.1017,0.287
ME05392,CA05034,25%,0.1707,0.482
ME05393,CA00613,50%,0.288,0.47
ME05394,CA06577,25%,-0.2413,0.241
ME05395,CA00762,75%,0.3404,0.366
ME05396,CA01589,50%,-0.1281,0.475
ME05397,CA00599,25%,-0.0563,0.31
ME05398,CA05085,100%,-0.2698,0.385
ME05399,CA03249,75%,-0.0125,0.241
ME05400,CA02512,75%,-0.0488,0.242
ME05401,CA05899,25%,0.0965,0.477
ME05402,CA06581,25%,0.106,0.176
ME05403,CA02526,50%,-0.0094,0.483
ME05404,CA01811,100%,-0.0934,0.358
ME05405,CA03414,100%,-0.1653,0.228
ME05406,CA05499,75%,0.2987,0.293
ME05407,CA05264,25%,0.0788,0.139
ME05408,CA00021,25%,-0.1736,0.303
ME05409,CA04121,75%,-0.2463,0.496
ME05410,CA03435,100%,-0.0207,0.368
ME05411,CA06277,75%,0.1812,0.233
ME05412,CA00996,25%,0.3837,0.33
ME05413,CA01423,50%,0.1297,0.261
ME05414,CA05257,100%,0.0323,0.479
ME05415,CA03687,75%,0.2472,0.129
ME05416,CA04253,100%,-0.0033,0.342
ME05417,CA04309,25%,0.3829,0.252
ME05418,CA05732,25%,-0.1716,0.197
ME05419,CA03755,100%,-0.168,0.315
ME05420,CA07024,50%,-0.0839,0.233
ME05421,CA06284,75%,0.2452,0.436
ME05422,CA02565,75%,-0.092,0.414
ME05423,CA03933,100%,0.0521,0.108
ME05424,CA03591,25%,-0.3744,0.172
ME05425,CA00451,75%,-0.1446,0.338
ME05426,CA03980,100%,0.084,0.116
ME05427,CA07193,50%,0.0414,0.236
ME05428,CA05891,75%,0.0113,0.485
ME05429,CA03419,100%,-0.1224,0.354
ME05430,CA01241,50%,0.0151,0.174
ME05431,CA03538,25%,-0.0212,0.456
ME05432,CA07071,75%,0.2196,0.246
ME05433,CA06644,75%,0.2114,0.499
ME05434,CA05589,100%,-0.3666,0.265
ME05435,CA04375,100%,-0.1966,0.215
ME05436,CA01035,75%,-0.0216,0.307
ME05437,CA03972,100%,0.0225,0.367
ME05438,CA04150,25%,-0.0866,0.267
ME05439,CA06587,50%,0.4105,0.241
ME05440,CA04525,100%,0.2286,0.126
ME05441,CA04530,100%,0.0468,0.216
ME05442,CA02473,75%,0.1966,0.273
ME05443,CA00073,50%,0.388,0.126
ME05444,CA07011,25%,0.2671,0.254
ME05445,CA00592,75%,0.0929,0.203
ME05446,CA04433,75%,-0.1884,0.447
ME05447,CA01255,50%,-0.0192,0.405
ME05448,CA03990,100%,0.1996,0.111
ME05449,CA00747,25%,0.2471,0.251
ME05450,CA06685,100%,-0.0713,0.22
ME05451,CA06729,50%,-0.0871,0.118
ME05452,CA02112,100%,0.0741,0.36
ME05453,CA05309,25%,-0.1563,0.115
ME05454,CA05516,100%,0.0979,0.214
ME05455,CA06528,75%,0.1727,0.493
ME05456,CA00906,25%,0.4259,0.302
ME05457,CA00548,25%,0.2832,0.102
ME05458,CA00216,75%,0.1151,0.497
ME05459,CA07068,25%,0.0388,0.19
ME05460,CA03105,50%,-0.133,0.257
ME05461,CA05653,25%,0.0565,0.407
ME05462,CA03007,75%,0.0017,0.33
ME05463,CA02747,50%,0.1192,0.29
ME05464,CA00587,100%,0.2528,0.226
ME05465,CA04494,75%,0.2662,0.41
ME05466,CA05317,75%,-0.1227,0.4
ME05467,CA04528,75%,-0.2886,0.418
ME05468,CA02308,50%,-0.2748,0.28
ME05469,CA04378,100%,-0.1185,0.295
ME05470,CA00890,50%,-0.1566,0.377
ME05471,CA06634,25%,0.1096,0.342
ME05472,CA00466,25%,0.0768,0.187
ME05473,CA02554,75%,0.054,0.21
ME05474,CA01449,75%,0.2188,0.492
ME05475,CA00886,75%,0.0403,0.227
ME05476,CA01771,100%,-0.2129,0.222
ME05477,CA02889,100%,0.2671,0.111
ME05478,CA03245,25%,-0.1661,0.333
ME05479,CA04223,100%,0.0905,0.262
ME05480,CA02062,100%,-0.2406,0.465
ME05481,CA04191,75%,0.1638,0.103
ME05482,CA06388,75%,-0.1418,0.177
ME05483,CA03080,50%,0.1172,0.493
ME05484,CA07109,75%,-0.1394,0.4
ME05485,CA02416,100%,-0.3343,0.351
ME05486,CA06701,100%,-0.1925,0.41
ME05487,CA05132,75%,0.244,0.477
ME05488,CA00665,100%,-0.0001,0.221
ME05489,CA02750,50%,-0.0572,0.392
ME05490,CA00337,100%,0.1318,0.228
ME05491,CA03637,50%,0.1509,0.354
ME05492,CA03968,25%,-0.0531,0.246
ME05493,CA01345,100%,0.2292,0.486
ME05494,CA03132,25%,0.0896,0.311
ME05495,CA06102,100%,0.3782,0.358
ME05496,CA05531,25%,-0.1999,0.297
ME05497,CA03490,25%,0.0144,0.22
ME05498,CA00900,50%,0.0123,0.303
ME05499,CA04773,100%,-0.2051,0.485
ME05500,CA02379,100%,-0.1371,0.191
ME05501,CA07179,100%,0.1304,0.279
ME05502,CA03668,25%,-0.1027,0.489
ME05503,CA01368,100%,-0.0317,0.314
ME05504,CA01380,100%,0.0273,0.399
ME05505,CA04196,25%,-0.149,0.154
ME05506,CA05573,25%,0.1009,0.171
ME05507,CA04424,100%,0.0683,0.326
ME05508,CA00232,75%,-0.1708,0.267
ME05509,CA02755,75%,0.2051,0.134
ME05510,CA00068,25%,0.0735,0.321
ME05511,CA04499,25%,0.2741,0.374
ME05512,CA05465,100%,-0.3113,0.448
ME05513,CA02854,25%,-0.3795,0.336
ME05514,CA01986,100%,0.1488,0.14
ME05515,CA05339,75%,0.0141,0.28
ME05516,CA03351,25%,0.1913,0.487
ME05517,CA01858,50%,0.0027,0.494
ME05518,CA04517,100%,0.2074,0.357
ME05519,CA02409,75%,0.1987,0.415
ME05520,CA00491,75%,0.0516,0.461
ME05521,CA04979,100%,-0.1021,0.271
ME05522,CA02998,100%,0.0432,0.205
ME05523,CA00618,75%,-0.1767,0.317
ME05524,CA01428,25%,0.023,0.139
ME05525,CA04834,100%,-0.1765,0.442
ME05526,CA02511,100%,-0.2107,0.43
ME05527,CA01813,100%,0.0513,0.158
ME05528,CA01869,100%,0.261,0.442
ME05529,CA02680,100%,0.0073,0.305
ME05530,CA02289,25%,-0.0793,0.39
ME05531,CA00671,25%,0.1921,0.3
ME05532,CA03406,75%,-0.1029,0.243
ME05533,CA04278,75%,0.0055,0.198
ME05534,CA06493,75%,0.3416,0.432
ME05535,CA01969,75%,0.2819,0.181
ME05536,CA02456,25%,-0.1489,0.441
ME05537,CA02476,50%,0.0455,0.357
ME05538,CA02157,75%,0.0514,0.183
ME05539,CA02445,25%,0.0001,0.418
ME05540,CA02272,25%,-0.2396,0.353
ME05541,CA06115,75%,0.1352,0.366
ME05542,CA04844,75%,0.1987,0.32
ME05543,CA03978,50%,-0.0104,0.373
ME05544,CA06083,100%,-0.0354,0.374
ME05545,CA05240,50%,-0.1224,0.313
ME05546,CA01180,100%,0.0417,0.171
ME05547,CA03860,75%,-0.189,0.22
ME05548,CA01889,75%,0.0809,0.402
ME05549,CA00186,75%,0.0587,0.144
ME05550,CA00394,100%,0.0653,0.368
ME05551,CA02125,100%,-0.3655,0.253
ME05552,CA01205,25%,-0.3762,0.268
ME05553,CA02282,100%,-0.0855,0.384
ME05554,CA03955,100%,0.381,0.27
ME05555,CA05002,50%,0.1433,0.117
ME05556,CA03401,25%,0.2617,0.181
ME05557,CA06141,50%,-0.2538,0.388
ME05558,CA06466,75%,0.2223,0.361
ME05559,CA04668,100%,-0.1418,0.121
ME05560,CA04331,50%,0.0095,0.304
ME05561,CA04860,100%,-0.0346,0.479
ME05562,CA04058,100%,0.0811,0.176
ME05563,CA01484,100%,0.117,0.256
ME05564,CA04228,50%,-0.1457,0.185
ME05565,CA03846,50%,-0.0235,0.441
ME05566,CA04013,75%,-0.2468,0.458
ME05567,CA04427,50%,-0.0629,0.375
ME05568,CA02154,25%,0.0894,0.359
ME05569,CA05622,25%,0.1788,0.475
ME05570,CA01724,50%,-0.2474,0.457
ME05571,CA06998,50%,0.397,0.349
ME05572,CA02703,50%,-0.1004,0.489
ME05573,CA02672,25%,0.1624,0.142
ME05574,CA00957,75%,0.0024,0.244
ME05575,CA03260,25%,0.0779,0.359
ME05576,CA00538,75%,-0.0145,0.161
ME05577,CA06825,100%,0.1269,0.427
ME05578,CA02232,50%,-0.4136,0.303
ME05579,CA03716,100%,0.092,0.442
ME05580,CA01923,50%,-0.1094,0.152
ME05581,CA03880,25%,-0.1499,0.11
ME05582,CA02536,50%,-0.019,0.258
ME05583,CA04793,100%,-0.1765,0.316
ME05584,CA05281,75%,0.1883,0.185
ME05585,CA07077,25%,-0.3492,0.145
ME05586,CA00806,75%,0.0547,0.474
ME05587,CA02961,100%,0.1153,0.102
ME05588,CA01610,25%,-0.1272,0.196
ME05589,CA02605,100%,0.4169,0.17
ME05590,CA00801,50%,0.1353,0.126
ME05591,CA03710,75%,-0.0848,0.289
ME05592,CA00002,100%,-0.0531,0.414
ME05593,CA04183,75%,0.0881,0.269
ME05594,CA04296,75%,-0.0583,0.343
ME05595,CA03919,75%,-0.1481,0.495
ME05596,CA05058,25%,0.1162,0.371
ME05597,CA04120,100%,-0.0517,0.311
ME05598,CA03384,100%,-0.0178,0.151
ME05599,CA04112,50%,0.0649,0.45
ME05600,CA01590,100%,-0.0555,0.324
ME05601,CA00919,100%,0.0102,0.12
ME05602,CA03271,75%,-0.0434,0.359
ME05603,CA05842,25%,0.0329,0.471
ME05604,CA01422,75%,0.1018,0.397
ME05605,CA00118,100%,0.1693,0.152
ME05606,CA03310,25%,-0.0714,0.28
ME05607,CA01017,50%,0.1774,0.469
ME05608,CA04681,50%,-0.1198,0.452
ME05609,CA05087,75%,0.0813,0.481
ME05610,CA01336,50%,-0.4054,0.359
ME05611,CA03415,50%,0.2959,0.485
ME05612,CA04906,75%,-0.1161,0.351
ME05613,CA05854,100%,0.1293,0.422
ME05614,CA05024,25%,-0.2713,0.335
ME05615,CA02983,75%,-0.2503,0.476
ME05616,CA03698,50%,-0.183,0.413
ME05617,CA05139,75%,-0.1416,0.18
ME05618,CA02322,50%,-0.1356,0.407
ME05619,CA03103,50%,0.1603,0.281
ME05620,CA00904,25%,-0.1918,0.33
ME05621,CA05527,25%,-0.0339,0.121
ME05622,CA01758,75%,0.293,0.14
ME05623,CA02805,25%,0.2713,0.305
ME05624,CA01545,50%,-0.0027,0.326
ME05625,CA01695,50%,-0.1369,0.489
ME05626,CA06796,50%,-0.0046,0.37
ME05627,CA00743,75%,0.2073,0.483
ME05628,CA06487,75%,-0.1655,0.123
ME05629,CA05947,100%,0.2275,0.333
ME05630,CA06013,25%,-0.1146,0.462
ME05631,CA01621,100%,0.2625,0.359
ME05632,CA04578,100%,-0.0426,0.213
ME05633,CA06198,25%,0.0421,0.249
ME05634,CA00207,25%,-0.3184,0.28
ME05635,CA03627,50%,0.0962,0.152
ME05636,CA01146,100%,0.0097,0.286
ME05637,CA00342,25%,0.2905,0.297
ME05638,CA03738,75%,-0.1509,0.45
ME05639,CA04673,100%,-0.075,0.336
ME05640,CA02864,25%,-0.1123,0.276
ME05641,CA00166,100%,-0.3785,0.174
ME05642,CA02438,75%,-0.1051,0.36
ME05643,CA01211,100%,-0.134,0.351
ME05644,CA01986,75%,-0.476,0.376
ME05645,CA05152,100%,0.5173,0.361
ME05646,CA01229,25%,0.1776,0.21
ME05647,CA06231,75%,-0.164,0.445
ME05648,CA01850,75%,0.335,0.232
ME05649,CA06388,25%,0.2517,0.325
ME05650,CA03326,100%,0.2577,0.443
ME05651,CA03507,50%,0.0221,0.469
ME05652,CA02743,100%,-0.1411,0.448
ME05653,CA01564,50%,0.1739,0.225
ME05654,CA02854,100%,0.1175,0.41
ME05655,CA01810,75%,0.0763,0.396
ME05656,CA02205,50%,0.0949,0.163
ME05657,CA06350,75%,0.006,0.357
ME05658,CA01823,75%,-0.1141,0.4
ME05659,CA00631,25%,-0.0789,0.375
ME05660,CA03591,100%,0.1032,0.266
ME05661,CA01501,75%,0.0685,0.474
ME05662,CA06004,50%,0.0151,0.497
ME05663,CA02765,100%,0.2866,0.435
ME05664,CA01706,100%,0.4145,0.136
ME05665,CA01571,50%,-0.0853,0.397
ME05666,CA05185,75%,-0.0264,0.376
ME05667,CA04608,75%,0.3104,0.257
ME05668,CA05237,75%,-0.1426,0.388
ME05669,CA06490,50%,0.0278,0.471
ME05670,CA07001,100%,-0.1588,0.256
ME05671,CA01372,75%,-0.0038,0.269
ME05672,CA05785,100%,-0.0212,0.415
ME05673,CA00392,75%,0.2609,0.422
ME05674,CA02553,50%,0.1789,0.222
ME05675,CA01332,75%,-0.5343,0.362
ME05676,CA03133,75%,0.0006,0.472
ME05677,CA03880,75%,0.0419,0.416
ME05678,CA03239,100%,0.0622,0.451
ME05679,CA02489,75%,0.1179,0.435
ME05680,CA05350,100%,0.0555,0.354
ME05681,CA00866,25%,0.2337,0.292
ME05682,CA03526,25%,-0.2706,0.102
ME05683,CA00027,25%,-0.0064,0.255
ME05684,CA00996,75%,0.0703,0.251
ME05685,CA07085,100%,0.0196,0.364
ME05686,CA03941,75%,0.1981,0.312
ME05687,CA04593,100%,0.0452,0.395
ME05688,CA06231,100%,0.0616,0.131
ME05689,CA00025,50%,0.1269,0.189
ME05690,CA04966,100%,0.1435,0.437
ME05691,CA04272,25%,0.1208,0.156
ME05692,CA04066,100%,0.0331,0.145
ME05693,CA03744,50%,-0.5762,0.2
ME05694,CA03665,25%,-0.184,0.463
ME05695,CA07081,100%,-0.2398,0.294
ME05696,CA05138,100%,0.1138,0.18
ME05697,CA02259,100%,-0.1244,0.464
ME05698,CA01890,100%,-0.0731,0.263
ME05699,CA01301,100%,-0.1481,0.138
ME05700,CA01199,50%,0.2587,0.216
ME05701,CA04401,75%,0.3358,0.299
ME05702,CA04850,25%,-0.1264,0.4
ME05703,CA03772,50%,-0.0154,0.351
ME05704,CA05437,50%,-0.0204,0.384
ME05705,CA04961,75%,-0.108,0.412
ME05706,CA06114,25%,-0.3399,0.12
ME05707,CA03025,25%,0.0361,0.434
ME05708,CA04729,50%,0.2754,0.176
ME05709,CA06635,75%,-0.3424,0.166
ME05710,CA06988,75%,0.2865,0.223
ME05711,CA06900,25%,-0.3496,0.416
ME05712,CA01294,75%,-0.2533,0.129
ME05713,CA02868,100%,0.0759,0.139
ME05714,CA04455,75%,0.2829,0.269
ME05715,CA00615,50%,0.0319,0.141
ME05716,CA05876,25%,0.1655,0.328
ME05717,CA00604,50%,-0.0631,0.322
ME05718,CA00427,75%,0.1558,0.139
ME05719,CA04937,75%,0.3223,0.269
ME05720,CA00671,100%,-0.1452,0.133
ME05721,CA06491,25%,0.1975,0.378
ME05722,CA00478,75%,0.1991,0.177
ME05723,CA01849,75%,0.0767,0.386
ME05724,CA03019,25%,-0.1033,0.334
ME05725,CA02484,25%,0.0138,0.266
ME05726,CA03909,25%,0.0952,0.401
ME05727,CA04589,50%,0.0264,0.446
ME05728,CA03230,100%,0.0554,0.101
ME05729,CA02672,100%,-0.1442,0.278
ME05730,CA01219,100%,-0.0988,0.11
ME05731,CA05936,25%,0.2645,0.15
ME05732,CA00705,75%,0.1823,0.14
ME05733,CA02389,50%,-0.2273,0.474
ME05734,CA01768,100%,-0.011,0.152
ME05735,CA01756,25%,0.1352,0.132
ME05736,CA05521,25%,0.2131,0.494
ME05737,CA00939,100%,0.0798,0.371
ME05738,CA03070,50%,-0.2552,0.467
ME05739,CA05968,75%,0.1912,0.286
ME05740,CA06134,50%,0.0429,0.178
ME05741,CA00285,75%,-0.1496,0.365
ME05742,CA04463,75%,-0.2309,0.236
ME05743,CA03298,75%,-0.2136,0.151
ME05744,CA04387,25%,-0.1207,0.471
ME05745,CA01375,75%,-0.1344,0.439
ME05746,CA06200,25%,0.1054,0.468
ME05747,CA03897,100%,-0.446,0.407
ME05748,CA01393,75%,0.0973,0.281
ME05749,CA04800,25%,0.1517,0.262
ME05750,CA03453,25%,0.1611,0.43
ME05751,CA02928,25%,0.008,0.48
ME05752,CA06605,25%,0.1439,0.1
ME05753,CA04484,25%,-0.1852,0.491
ME05754,CA06951,100%,0.2606,0.385
ME05755,CA00837,25%,-0.0317,0.495
ME05756,CA04803,50%,-0.0493,0.401
ME05757,CA05765,75%,0.0574,0.332
ME05758,CA05751,100%,0.2872,0.238
ME05759,CA00016,25%,-0.1392,0.17
ME05760,CA06317,100%,-0.209,0.378
ME05761,CA05957,50%,0.1747,0.246
ME05762,CA03662,75%,0.1042,0.167
ME05763,CA05239,50%,-0.0626,0.418
ME05764,CA00273,25%,0.0237,0.486
ME05765,CA05299,50%,0.2286,0.321
ME05766,CA05712,75%,0.0416,0.167
ME05767,CA04110,75%,0.1479,0.397
ME05768,CA05619,50%,0.0744,0.265
ME05769,CA03689,100%,-0.0722,0.343
ME05770,CA04869,75%,-0.0947,0.487
ME05771,CA00614,50%,0.4863,0.274
ME05772,CA01427,75%,0.0623,0.367
ME05773,CA04853,75%,-0.0862,0.456
ME05774,CA05819,75%,0.058,0.275
ME05775,CA03428,75%,-0.0243,0.323
ME05776,CA01599,100%,0.0634,0.191
ME05777,CA01237,25%,0.2166,0.271
ME05778,CA05822,100%,0.2375,0.497
ME05779,CA04781,100%,-0.0775,0.261
ME05780,CA03130,100%,-0.1557,0.204
ME05781,CA06858,50%,-0.0014,0.13
ME05782,CA06842,50%,-0.1976,0.193
ME05783,CA05091,75%,-0.1098,0.154
ME05784,CA00178,25%,0.0236,0.436
ME05785,CA00128,50%,-0.0046,0.461
ME05786,CA06584,100%,-0.085,0.169
ME05787,CA06787,100%,-0.1338,0.371
ME05788,CA04709,100%,0.1486,0.459
ME05789,CA05043,100%,-0.1391,0.158
ME05790,CA05974,50%,-0.4647,0.451
ME05791,CA06931,25%,0.2723,0.224
ME05792,CA02487,25%,-0.1385,0.111
ME05793,CA02153,25%,0.0406,0.228
ME05794,CA07152,25%,0.0566,0.39
ME05795,CA06158,25%,0.359,0.379
ME05796,CA06714,100%,0.3781,0.486
ME05797,CA00674,75%,-0.1435,0.102
ME05798,CA05381,100%,0.0385,0.4
ME05799,CA04099,25%,-0.2392,0.396
ME05800,CA02483,75%,-0.215,0.194
ME05801,CA00858,50%,-0.0282,0.415
ME05802,CA03814,100%,0.0094,0.181
ME05803,CA01574,75%,0.0232,0.192
ME05804,CA06386,100%,-0.1143,0.397
ME05805,CA07040,75%,-0.144,0.225
ME05806,CA06511,100%,0.0902,0.161
ME05807,CA03825,75%,0.0757,0.352
ME05808,CA07174,75%,0.1988,0.319
ME05809,CA06510,50%,0.1608,0.1
ME05810,CA01752,75%,0.1228,0.295
ME05811,CA03666,100%,0.0047,0.232
ME05812,CA00965,25%,0.252,0.377
ME05813,CA00472,75%,-0.3936,0.139
ME05814,CA03602,75%,0.136,0.48
ME05815,CA07154,75%,0.0127,0.157
ME05816,CA00334,50%,0.2745,0.27
ME05817,CA03550,75%,0.1901,0.198
ME05818,CA05180,75%,0.1263,0.138
ME05819,CA03081,75%,0.0428,0.477
ME05820,CA06768,25%,0.3472,0.159
ME05821,CA06397,100%,-0.0013,0.278
ME05822,CA05975,25%,0.3816,0.218
ME05823,CA02839,50%,0.2286,0.285
ME05824,CA00359,50%,-0.0883,0.126
ME05825,CA06615,100%,0.2568,0.427
ME05826,CA03328,50%,0.4732,0.141
ME05827,CA06866,25%,-0.1423,0.463
ME05828,CA05505,25%,0.0434,0.173
ME05829,CA02140,50%,-0.2345,0.348
ME05830,CA00854,75%,-0.0037,0.337
ME05831,CA04878,25%,-0.1639,0.268
ME05832,CA01421,100%,0.0367,0.13
ME05833,CA01687,25%,-0.1776,0.102
ME05834,CA06414,75%,0.2022,0.242
ME05835,CA04059,100%,-0.0456,0.296
ME05836,CA03385,25%,-0.2274,0.261
ME05837,CA04788,50%,0.1537,0.109
ME05838,CA04888,50%,-0.0699,0.215
ME05839,CA06403,100%,0.1125,0.258
ME05840,CA02493,50%,0.1723,0.405
ME05841,CA01799,100%,0.0066,0.258
ME05842,CA01125,75%,0.1488,0.43
ME05843,CA01039,100%,0.2526,0.191
ME05844,CA05440,75%,0.2226,0.17
ME05845,CA03478,50%,-0.1304,0.338
ME05846,CA00743,25%,-0.2045,0.213
ME05847,CA05647,75%,-0.098,0.436
ME05848,CA05738,25%,-0.0484,0.455
ME05849,CA01230,100%,-0.1503,0.276
ME05850,CA06277,100%,-0.2774,0.206
ME05851,CA06285,50%,-0.0052,0.179
ME05852,CA01427,100%,0.1221,0.276
ME05853,CA04681,100%,-0.1085,0.145
ME05854,CA05213,75%,0.0431,0.407
ME05855,CA01404,100%,-0.0654,0.121
ME05856,CA04626,100%,-0.1441,0.349
ME05857,CA03963,75%,0.1201,0.356
ME05858,CA03012,100%,0.1727,0.273
ME05859,CA00120,75%,0.0229,0.143
ME05860,CA07095,50%,-0.0017,0.433
ME05861,CA00954,75%,0.0273,0.328
ME05862,CA06681,75%,-0.128,0.378
ME05863,CA02680,75%,0.0132,0.144
ME05864,CA01325,25%,-0.0583,0.409
ME05865,CA04554,100%,-0.066,0.184
ME05866,CA03508,25%,0.1357,0.204
ME05867,CA01640,75%,0.0106,0.144
ME05868,CA00441,50%,-0.0267,0.226
ME05869,CA02646,50%,0.1437,0.469
ME05870,CA03509,50%,-0.1594,0.351
ME05871,CA03313,100%,0.2628,0.285
ME05872,CA06546,25%,-0.1731,0.203
ME05873,CA05729,100%,-0.031,0.327
ME05874,CA02952,75%,-0.0875,0.217
ME05875,CA00017,75%,-0.0444,0.115
ME05876,CA06534,50%,-0.0007,0.166
ME05877,CA04979,25%,0.1781,0.455
ME05878,CA02890,75%,0.1254,0.117
ME05879,CA02752,25%,-0.2674,0.239
ME05880,CA02018,25%,0.1438,0.409
ME05881,CA05402,100%,-0.0092,0.497
ME05882,CA05813,50%,-0.0632,0.29
ME05883,CA02287,50%,-0.0819,0.141
ME05884,CA04874,100%,-0.0291,0.159
ME05885,CA01672,75%,0.012,0.379
ME05886,CA06131,100%,-0.0808,0.163
ME05887,CA05016,25%,0.1681,0.483
ME05888,CA04263,50%,-0.0514,0.489
ME05889,CA01648,100%,0.2688,0.314
ME05890,CA00853,50%,0.1046,0.266
ME05891,CA06816,50%,0.1091,0.176
ME05892,CA06190,75%,0.1817,0.12
ME05893,CA01724,50%,-0.1789,0.307
ME05894,CA03579,75%,0.1524,0.301
ME05895,CA03865,25%,0.1971,0.457
ME05896,CA02944,75%,0.039,0.197
ME05897,CA04015,50%,-0.4611,0.291
ME05898,CA06938,100%,0.0927,0.105
ME05899,CA04019,100%,0.0589,0.192
ME05900,CA00397,50%,0.0803,0.138
ME05901,CA05869,75%,-0.1942,0.428
ME05902,CA01276,25%,-0.2238,0.236
ME05903,CA04032,75%,0.1666,0.222
ME05904,CA02879,100%,-0.0515,0.176
ME05905,CA03767,25%,0.0232,0.456
ME05906,CA03066,100%,0.0532,0.284
ME05907,CA03365,25%,0.2991,0.216
ME05908,CA05207,25%,-0.0544,0.229
ME05909,CA01537,100%,-0.0739,0.434
ME05910,CA03424,25%,0.0181,0.387
ME05911,CA04255,25%,0.1431,0.276
ME05912,CA06889,50%,0.1613,0.293
ME05913,CA05591,100%,-0.2799,0.297
ME05914,CA04527,25%,0.0682,0.363
ME05915,CA06561,100%,0.0707,0.249
ME05916,CA03624,75%,0.1417,0.221
ME05917,CA04481,75%,0.2089,0.348
ME05918,CA02861,100%,-0.1015,0.285
ME05919,CA02242,50%,0.0427,0.399
ME05920,CA04834,50%,0.2622,0.388
ME05921,CA06229,100%,-0.1335,0.41
ME05922,CA04575,100%,0.3867,0.371
ME05923,CA05568,75%,-0.2943,0.217
ME05924,CA06665,100%,-0.0155,0.247
ME05925,CA02908,25%,-0.1949,0.29
ME05926,CA06829,50%,0.3419,0.414
ME05927,CA06036,100%,-0.3489,0.166
ME05928,CA06554,25%,-0.4042,0.324
ME05929,CA01782,50%,-0.5242,0.243
ME05930,CA04234,75%,-0.373,0.48
ME05931,CA00075,100%,-0.0118,0.455
ME05932,CA02693,25%,0.3256,0.181
ME05933,CA02992,100%,0.0236,0.34
ME05934,CA04328,100%,0.3159,0.217
ME05935,CA02094,50%,-0.206,0.192
ME05936,CA05499,50%,-0.0695,0.235
ME05937,CA01599,100%,0.1466,0.175
ME05938,CA03196,25%,0.0738,0.101
ME05939,CA00845,25%,-0.1264,0.262
ME05940,CA05822,25%,-0.1166,0.41
ME05941,CA06636,50%,-0.1565,0.138
ME05942,CA06895,75%,0.1318,0.412
ME05943,CA00117,25%,0.1376,0.442
ME05944,CA01372,50%,-0.1921,0.219
ME05945,CA04030,75%,0.2481,0.349
ME05946,CA03363,50%,0.3254,0.329
ME05947,CA04069,25%,0.0881,0.223
ME05948,CA00349,50%,-0.124,0.21
ME05949,CA04979,75%,-0.1273,0.329
ME05950,CA00788,75%,0.044,0.368
ME05951,CA06909,50%,0.1055,0.223
ME05952,CA01871,25%,0.1182,0.234
ME05953,CA05741,25%,-0.2129,0.182
ME05954,CA04025,25%,-0.0813,0.181
ME05955,CA03738,75%,0.268,0.243
ME05956,CA03579,50%,-0.2129,0.28
ME05957,CA00231,50%,0.15,0.158
ME05958,CA06839,100%,0.3343,0.304
ME05959,CA00199,100%,-0.0398,0.307
ME05960,CA02888,25%,0.0272,0.253
ME05961,CA02217,50%,0.1335,0.474
ME05962,CA02684,50%,0.0611,0.465
ME05963,CA03870,100%,-0.3569,0.303
ME05964,CA03944,100%,0.0705,0.246
ME05965,CA00190,50%,0.2743,0.333
ME05966,CA05415,50%,0.0232,0.434
ME05967,CA04355,25%,0.0685,0.428
ME05968,CA03406,100%,-0.1454,0.303
ME05969,CA00698,25%,-0.1813,0.2
ME05970,CA07155,50%,-0.1886,0.25
ME05971,CA01285,25%,0.4154,0.436
ME05972,CA05049,50%,0.0595,0.152
ME05973,CA05162,100%,0.0614,0.154
ME05974,CA00459,25%,0.0209,0.192
ME05975,CA00816,25%,0.0099,0.41
ME05976,CA00763,100%,-0.1344,0.128
ME05977,CA05911,50%,-0.0372,0.333
ME05978,CA06571,75%,0.1988,0.103
ME05979,CA05703,75%,-0.0685,0.168
ME05980,CA06235,50%,-0.1405,0.407
ME05981,CA00552,100%,0.0635,0.141
ME05982,CA01237,50%,0.1729,0.397
ME05983,CA05261,25%,0.1169,0.484
ME05984,CA01048,75%,0.0082,0.174
ME05985,CA06742,100%,-0.0819,0.204
ME05986,CA00113,100%,0.1714,0.218
ME05987,CA06451,100%,0.1521,0.456
ME05988,CA03874,50%,-0.257,0.137
ME05989,CA00665,100%,-0.2768,0.268
ME05990,CA00665,50%,-0.1526,0.193
ME05991,CA05013,100%,-0.0245,0.232
ME05992,CA06875,25%,-0.116,0.264
ME05993,CA06618,25%,-0.0672,0.349
ME05994,CA06130,50%,0.2684,0.297
ME05995,CA04910,75%,-0.0675,0.188
ME05996,CA00256,100%,-0.1699,0.411
ME05997,CA05364,100%,-0.0126,0.231
ME05998,CA04999,100%,-0.4084,0.441
ME05999,CA03904,25%,0.0112,0.114
ME06000,CA03840,25%,-0.1255,0.433
ME06001,CA07116,25%,0.0247,0.379
ME06002,CA06400,75%,0.2097,0.243
ME06003,CA06459,75%,0.2366,0.333
ME06004,CA06595,75%,-0.6087,0.408
ME06005,CA00750,100%,0.1574,0.276
ME06006,CA03590,25%,-0.0602,0.439
ME06007,CA06767,100%,-0.2629,0.239
ME06008,CA00260,50%,0.0602,0.266
ME06009,CA04326,75%,0.197,0.109
ME06010,CA03308,50%,-0.1698,0.317
ME06011,CA02571,25%,0.143,0.299
ME06012,CA02979,100%,-0.0217,0.426
ME06013,CA03701,25%,-0.2195,0.102
ME06014,CA04305,75%,-0.0368,0.349
ME06015,CA01214,75%,0.0671,0.396
ME06016,CA00704,100%,0.0414,0.138
ME06017,CA03140,50%,0.2836,0.419
ME06018,CA03742,50%,-0.1929,0.185
ME06019,CA03078,50%,-0.068,0.168
ME06020,CA02155,100%,-0.1473,0.118
ME06021,CA02252,25%,0.026,0.254
ME06022,CA05919,50%,-0.0306,0.448
ME06023,CA06320,100%,0.2429,0.375
ME06024,CA05851,25%,-0.013,0.27
ME06025,CA03459,100%,-0.2065,0.33
ME06026,CA04583,100%,-0.11,0.375
ME06027,CA02514,50%,-0.1458,0.341
ME06028,CA04842,25%,0.1435,0.29
ME06029,CA06192,75%,0.1788,0.153
ME06030,CA00856,25%,0.0707,0.378
ME06031,CA06539,100%,0.0012,0.313
ME06032,CA03033,100%,-0.0624,0.476
ME06033,CA04869,75%,-0.2596,0.34
ME06034,CA01510,75%,-0.4183,0.198
ME06035,CA06940,75%,-0.2885,0.194
ME06036,CA06133,50%,-0.2078,0.248
ME06037,CA06483,25%,-0.1703,0.383
ME06038,CA00030,50%,-0.2642,0.355
ME06039,CA00306,25%,-0.1241,0.448
ME06040,CA05818,50%,-0.2084,0.481
ME06041,CA01407,75%,0.0746,0.198
ME06042,CA06247,75%,-0.0711,0.342
ME06043,CA02403,100%,-0.1508,0.184
ME06044,CA00605,25%,0.1013,0.414
ME06045,CA02767,50%,0.055,0.276
ME06046,CA01431,100%,0.2527,0.247
ME06047,CA05329,50%,0.1027,0.427
ME06048,CA01647,75%,0.1478,0.112
ME06049,CA01060,75%,0.0564,0.169
ME06050,CA05041,50%,-0.1198,0.41
ME06051,CA06081,75%,-0.0277,0.258
ME06052,CA06303,100%,0.169,0.375
ME06053,CA05513,100%,-0.0239,0.489
ME06054,CA00660,75%,-0.1312,0.279
ME06055,CA06573,100%,-0.0173,0.175
ME06056,CA04180,100%,-0.0167,0.176
ME06057,CA04241,50%,-0.1209,0.452
ME06058,CA06826,100%,0.1987,0.473
ME06059,CA01117,25%,-0.1528,0.113
ME06060,CA01421,25%,-0.1984,0.207
ME06061,CA00090,75%,-0.1059,0.386
ME06062,CA03633,100%,0.0176,0.467
ME06063,CA01500,25%,-0.2072,0.337
ME06064,CA04626,50%,-0.2899,0.201
ME06065,CA05614,75%,-0.2396,0.321
ME06066,CA01223,50%,-0.0504,0.456
ME06067,CA04751,75%,0.0107,0.172
ME06068,CA01623,75%,-0.2562,0.327
ME06069,CA02088,100%,-0.1303,0.346
ME06070,CA03490,50%,-0.2838,0.381
ME06071,CA06466,25%,-0.0547,0.393
ME06072,CA05113,50%,0.1192,0.293
ME06073,CA03494,100%,-0.1883,0.307
ME06074,CA06044,100%,-0.2371,0.198
ME06075,CA00478,25%,-0.0267,0.452
ME06076,CA03774,25%,-0.2329,0.48
ME06077,CA00989,75%,0.0575,0.119
ME06078,CA01335,100%,-0.2484,0.299
ME06079,CA02676,25%,-0.2133,0.462
ME06080,CA05652,100%,0.1152,0.139
ME06081,CA04000,50%,-0.3636,0.414
ME06082,CA03255,100%,0.1186,0.492
ME06083,CA04789,50%,0.2353,0.465
ME06084,CA06801,50%,0.2022,0.242
ME06085,CA04454,75%,-0.0438,0.108
ME06086,CA05552,75%,0.0689,0.209
ME06087,CA01832,50%,-0.318,0.198
ME06088,CA02039,25%,0.1358,0.421
ME06089,CA03728,25%,0.1255,0.441
ME06090,CA02114,75%,0.281,0.436
ME06091,CA01768,25%,-0.099,0.108
ME06092,CA04227,25%,0.144,0.236
ME06093,CA00731,25%,-0.0397,0.236
ME06094,CA03778,75%,0.0803,0.228
ME06095,CA04041,50%,0.0946,0.307
ME06096,CA01821,100%,0.0617,0.344
ME06097,CA00670,25%,-0.0145,0.189
ME06098,CA04902,100%,0.0225,0.373
ME06099,CA03075,100%,0.0287,0.122
ME06100,CA00266,75%,0.2753,0.431
ME06101,CA00164,25%,0.0888,0.313
ME06102,CA04826,50%,0.0441,0.149
ME06103,CA04862,100%,0.1335,0.338
ME06104,CA01324,100%,0.0033,0.46
ME06105,CA00943,50%,-0.2108,0.235
ME06106,CA03622,25%,-0.3913,0.335
ME06107,CA00717,75%,0.1611,0.386
ME06108,CA01136,50%,-0.1837,0.247
ME06109,CA02393,50%,-0.1851,0.203
ME06110,CA01106,50%,-0.0057,0.218
ME06111,CA05720,25%,-0.1537,0.338
ME06112,CA04732,75%,0.1086,0.128
ME06113,CA06595,100%,-0.2588,0.305
ME06114,CA03849,100%,0.0247,0.14
ME06115,CA00240,100%,0.1087,0.491
ME06116,CA05641,100%,0.057,0.197
ME06117,CA01350,100%,0.0853,0.242
ME06118,CA02614,100%,0.294,0.257
ME06119,CA01254,75%,-0.0853,0.427
ME06120,CA02760,75%,0.2061,0.468
ME06121,CA05071,25%,-0.6182,0.173
ME06122,CA06623,100%,0.136,0.173
ME06123,CA00262,75%,0.0491,0.407
ME06124,CA02886,25%,0.2225,0.171
ME06125,CA03317,25%,-0.1279,0.166
ME06126,CA00951,75%,-0.0205,0.233
ME06127,CA06373,50%,-0.2209,0.495
ME06128,CA04567,75%,0.1599,0.214
ME06129,CA00949,100%,0.341,0.214
ME06130,CA00754,50%,-0.2302,0.32
ME06131,CA00324,75%,0.1834,0.306
ME06132,CA06872,100%,-0.0845,0.226
ME06133,CA01146,100%,0.1193,0.417
ME06134,CA03651,100%,-0.1417,0.48
ME06135,CA05667,50%,0.201,0.405
ME06136,CA06177,100%,0.0022,0.413
ME06137,CA01382,50%,-0.0447,0.393
ME06138,CA03399,50%,0.3513,0.385
ME06139,CA05736,25%,-0.1235,0.178
ME06140,CA06098,75%,-0.1281,0.15
ME06141,CA04930,50%,-0.1898,0.26
ME06142,CA00119,100%,-0.0931,0.32
ME06143,CA00121,100%,-0.1748,0.241
ME06144,CA00212,75%,-0.0851,0.377
ME06145,CA06253,50%,-0.1693,0.14
ME06146,CA04625,50%,-0.276,0.188
ME06147,CA06984,25%,-0.236,0.247
ME06148,CA03680,100%,0.021,0.229
ME06149,CA01037,50%,-0.1578,0.208
ME06150,CA06059,75%,-0.0438,0.175
ME06151,CA00285,75%,0.0805,0.296
ME06152,CA00778,75%,0.5056,0.239
ME06153,CA04827,50%,-0.0266,0.382
ME06154,CA03694,50%,0.1571,0.258
ME06155,CA02290,50%,0.0773,0.248
ME06156,CA00713,50%,0.3559,0.245
ME06157,CA05265,75%,0.1414,0.168
ME06158,CA06825,75%,-0.2991,0.48
ME06159,CA00690,50%,-0.1053,0.163
ME06160,CA01770,75%,-0.2686,0.475
ME06161,CA02018,25%,-0.3035,0.298
ME06162,CA02573,75%,0.1619,0.365
ME06163,CA05403,100%,-0.0634,0.289
ME06164,CA03478,25%,0.0868,0.46
ME06165,CA00140,75%,0.3106,0.321
ME06166,CA04053,100%,0.151,0.109
ME06167,CA06191,25%,0.1851,0.278
ME06168,CA03960,50%,-0.0624,0.337
ME06169,CA05330,100%,0.0789,0.27
ME06170,CA04826,25%,-0.3552,0.21
ME06171,CA01924,25%,0.0241,0.132
ME06172,CA03718,25%,0.1004,0.47
ME06173,CA02788,25%,0.1154,0.113
ME06174,CA00630,25%,-0.0317,0.215
ME06175,CA04810,25%,-0.1711,0.229
ME06176,CA01981,25%,0.0141,0.25
ME06177,CA03661,100%,-0.0491,0.248
ME06178,CA02799,50%,-0.3538,0.265
ME06179,CA01555,50%,-0.1793,0.253
ME06180,CA02806,25%,0.1974,0.4
ME06181,CA01279,75%,-0.4016,0.372
ME06182,CA03054,25%,-0.1084,0.237
ME06183,CA00571,75%,-0.1182,0.217
ME06184,CA01432,75%,-0.0856,0.39
ME06185,CA01584,100%,0.3717,0.35
ME06186,CA04878,50%,-0.1636,0.381
ME06187,CA03660,25%,-0.2291,0.217
ME06188,CA03739,75%,0.0318,0.364
ME06189,CA04846,75%,0.0364,0.356
ME06190,CA03749,50%,0.0243,0.4
ME06191,CA01417,50%,0.1455,0.377
ME06192,CA00131,75%,0.0878,0.366
ME06193,CA03661,75%,0.0181,0.133
ME06194,CA01470,50%,-0.1183,0.444
ME06195,CA03711,50%,-0.197,0.112
ME06196,CA04214,25%,0.0604,0.493
ME06197,CA00891,25%,0.1268,0.44
ME06198,CA00558,25%,-0.0694,0.191
ME06199,CA02379,25%,0.1086,0.337
ME06200,CA06905,100%,-0.1395,0.481
ME06201,CA04792,50%,0.0378,0.358
ME06202,CA01894,75%,-0.0805,0.342
ME06203,CA04836,75%,-0.0926,0.169
ME06204,CA00897,50%,0.2374,0.103
ME06205,CA06494,25%,0.229,0.493
ME06206,CA03583,50%,0.358,0.317
ME06207,CA00979,50%,-0.1428,0.144
ME06208,CA05382,50%,0.1461,0.48
ME06209,CA01988,75%,-0.0676,0.426
ME06210,CA04132,100%,0.2871,0.206
ME06211,CA02277,100%,0.0464,0.285
ME06212,CA07037,75%,0.1016,0.465
ME06213,CA01211,100%,0.0477,0.234
ME06214,CA02391,75%,-0.3357,0.145
ME06215,CA00744,50%,0.4269,0.364
ME06216,CA02942,100%,0.0707,0.133
ME06217,CA03077,100%,0.2023,0.216
ME06218,CA00078,100%,-0.3193,0.158
ME06219,CA06028,50%,0.1472,0.198
ME06220,CA06251,100%,-0.1806,0.378
ME06221,CA03820,75%,0.2454,0.233
ME06222,CA02135,75%,-0.2151,0.26
ME06223,CA00262,25%,-0.1657,0.163
ME06224,CA01131,50%,0.2196,0.157
ME06225,CA04259,75%,0.1147,0.388
ME06226,CA03007,25%,0.2521,0.293
ME06227,CA02646,75%,-0.1639,0.304
ME06228,CA05562,25%,0.1511,0.169
ME06229,CA02043,75%,0.3184,0.369
ME06230,CA03003,25%,-0.0661,0.204
ME06231,CA02300,75%,0.1848,0.482
ME06232,CA05989,100%,-0.0581,0.257
ME06233,CA03282,25%,-0.1886,0.373
ME06234,CA01547,75%,-0.1802,0.435
ME06235,CA05964,50%,-0.048,0.435
ME06236,CA06339,75%,-0.1422,0.435
ME06237,CA01405,100%,0.2384,0.412
ME06238,CA00861,75%,0.0454,0.462
ME06239,CA04074,100%,0.1168,0.156
ME06240,CA05534,75%,0.3507,0.282
ME06241,CA06299,50%,0.2051,0.35
ME06242,CA04446,100%,-0.2215,0.333
ME06243,CA04364,50%,-0.0068,0.447
ME06244,CA00154,75%,-0.0841,0.16
ME06245,CA00767,75%,-0.0499,0.311
ME06246,CA04317,100%,-0.1625,0.228
ME06247,CA02982,25%,-0.0125,0.142
ME06248,CA04763,25%,-0.1535,0.121
ME06249,CA02214,100%,0.1926,0.38
ME06250,CA00105,75%,0.23,0.194
ME06251,CA04032,50%,0.1262,0.173
ME06252,CA04457,100%,-0.1596,0.482
ME06253,CA06526,25%,0.0859,0.333
ME06254,CA05882,25%,-0.2205,0.423
ME06255,CA01268,100%,-0.03,0.406
ME06256,CA00590,50%,0.1587,0.477
ME06257,CA07096,25%,-0.2306,0.436
ME06258,CA04409,100%,0.066,0.484
ME06259,CA01557,75%,0.0179,0.475
ME06260,CA06081,100%,-0.056,0.169
ME06261,CA03972,100%,0.082,0.33
ME06262,CA04509,25%,-0.1971,0.453
ME06263,CA03165,50%,0.1068,0.153
ME06264,CA05796,25%,0.0445,0.224
ME06265,CA04451,50%,0.1158,0.187
ME06266,CA04826,75%,0.0336,0.209
ME06267,CA00845,25%,0.1255,0.25
ME06268,CA03954,25%,-0.2101,0.257
ME06269,CA00047,75%,0.0878,0.153
ME06270,CA00210,100%,-0.3667,0.287
ME06271,CA04748,25%,0.0303,0.413
ME06272,CA05885,50%,-0.0817,0.248
ME06273,CA05452,25%,0.1412,0.432
ME06274,CA00998,75%,-0.0705,0.373
ME06275,CA04467,75%,-0.0864,0.167
ME06276,CA01883,75%,0.2932,0.389
ME06277,CA05976,25%,0.0518,0.427
ME06278,CA00649,100%,-0.0733,0.23
ME06279,CA03052,75%,-0.3427,0.373
ME06280,CA06723,25%,-0.0433,0.148
ME06281,CA05639,75%,-0.071,0.173
ME06282,CA00175,50%,-0.0444,0.215
ME06283,CA00558,25%,-0.0322,0.106
ME06284,CA04300,25%,0.2628,0.29
ME06285,CA00664,50%,-0.1894,0.314
ME06286,CA02798,100%,0.0009,0.436
ME06287,CA04492,25%,0.2658,0.113
ME06288,CA07000,100%,-0.1777,0.335
ME06289,CA00546,50%,-0.1064,0.463
ME06290,CA00388,100%,-0.0447,0.358
ME06291,CA03664,25%,-0.0455,0.304
ME06292,CA05099,100%,0.0393,0.482
ME06293,CA03605,100%,0.1522,0.412
ME06294,CA04150,100%,-0.0648,0.271
ME06295,CA06903,75%,-0.033,0.373
ME06296,CA04292,25%,0.1528,0.34
ME06297,CA01678,50%,0.0849,0.406
ME06298,CA02627,75%,0.0562,0.121
ME06299,CA01919,50%,0.118,0.377
ME06300,CA00789,25%,-0.0824,0.378
ME06301,CA00494,50%,-0.1486,0.358
ME06302,CA02812,50%,-0.0879,0.47
ME06303,CA03121,25%,-0.0959,0.293
ME06304,CA05752,100%,-0.0157,0.419
ME06305,CA06110,100%,0.1136,0.266
ME06306,CA03988,50%,-0.0196,0.421
ME06307,CA05262,100%,-0.2028,0.263
ME06308,CA05544,100%,0.2605,0.311
ME06309,CA04639,50%,0.0366,0.25
ME06310,CA01238,50%,0.2468,0.152
ME06311,CA02295,25%,-0.0428,0.459
ME06312,CA01575,75%,0.1573,0.234
ME06313,CA02315,100%,0.0838,0.137
ME06314,CA05273,25%,-0.0648,0.485
ME06315,CA05684,25%,0.0877,0.194
ME06316,CA03424,100%,-0.0501,0.232
ME06317,CA00820,75%,0.2482,0.443
ME06318,CA04517,25%,-0.0052,0.182
ME06319,CA02220,50%,0.0125,0.213
ME06320,CA06326,50%,0.2437,0.361
ME06321,CA03119,75%,-0.1602,0.476
ME06322,CA02680,75%,-0.1202,0.204
ME06323,CA00388,100%,0.4395,0.167
ME06324,CA06310,25%,-0.0353,0.281
ME06325,CA06910,50%,-0.2504,0.22
ME06326,CA03097,75%,-0.4231,0.427
ME06327,CA03028,75%,0.3292,0.417
ME06328,CA01790,50%,-0.0827,0.427
ME06329,CA03953,25%,-0.0187,0.485
ME06330,CA01759,75%,0.3081,0.329
ME06331,CA01132,25%,0.0434,0.105
ME06332,CA01992,25%,-0.2293,0.414
ME06333,CA02182,75%,-0.1955,0.152
ME06334,CA01802,75%,-0.1002,0.345
ME06335,CA01656,25%,-0.0404,0.481
ME06336,CA05911,75%,-0.2189,0.317
ME06337,CA03988,75%,-0.0262,0.47
ME06338,CA03274,100%,0.1011,0.145
ME06339,CA02615,75%,-0.0494,0.471
ME06340,CA03475,25%,-0.2153,0.272
ME06341,CA01567,50%,-0.3329,0.299
ME06342,CA00763,75%,0.3856,0.31
ME06343,CA01127,100%,-0.1903,0.133
ME06344,CA04712,100%,-0.0359,0.34
ME06345,CA02752,50%,0.1415,0.171
ME06346,CA02201,25%,0.1185,0.495
ME06347,CA02810,50%,-0.2689,0.124
ME06348,CA03350,50%,0.0739,0.346
ME06349,CA00137,25%,-0.301,0.499
ME06350,CA04236,100%,0.181,0.232
ME06351,CA01035,100%,-0.04,0.376
ME06352,CA04027,50%,0.1098,0.283
ME06353,CA01979,75%,-0.1242,0.274
ME06354,CA01383,25%,-0.002,0.128
ME06355,CA04965,25%,0.0107,0.35
ME06356,CA02195,100%,0.1261,0.199
ME06357,CA07131,75%,0.3252,0.461
ME06358,CA06921,75%,-0.0494,0.494
ME06359,CA05267,50%,-0.2543,0.437
ME06360,CA01921,25%,0.0452,0.334
ME06361,CA05734,100%,-0.127,0.192
ME06362,CA01786,75%,0.3877,0.127
ME06363,CA01856,100%,0.0717,0.338
ME06364,CA03164,100%,-0.0779,0.253
ME06365,CA02790,25%,0.3091,0.416
ME06366,CA02121,50%,-0.3621,0.357
ME06367,CA06098,100%,-0.0428,0.436
ME06368,CA06329,75%,0.1547,0.263
ME06369,CA02172,75%,0.1358,0.46
ME06370,CA04197,75%,0.4017,0.327
ME06371,CA04594,100%,-0.0817,0.279
ME06372,CA04648,75%,0.0665,0.438
ME06373,CA06956,50%,0.2749,0.244
ME06374,CA00154,100%,-0.3068,0.474
ME06375,CA00374,100%,-0.096,0.211
ME06376,CA02600,25%,-0.0811,0.242
ME06377,CA02982,75%,0.2609,0.295
ME06378,CA01616,50%,0.3763,0.151
ME06379,CA00593,75%,-0.128,0.188
ME06380,CA06515,75%,0.1282,0.128
ME06381,CA05627,75%,0.0716,0.326
ME06382,CA00219,75%,-0.0939,0.198
ME06383,CA06211,75%,-0.2102,0.346
ME06384,CA06041,25%,0.0046,0.125
ME06385,CA05610,100%,0.1739,0.191
ME06386,CA01993,100%,-0.0374,0.228
ME06387,CA02220,25%,0.056,0.281
ME06388,CA05025,50%,0.1981,0.379
ME06389,CA03463,75%,-0.0983,0.296
ME06390,CA00480,25%,0.2108,0.419
ME06391,CA04564,50%,-0.0807,0.373
ME06392,CA01839,50%,0.0074,0.478
ME06393,CA07011,50%,0.0576,0.397
ME06394,CA04172,100%,0.1113,0.213
ME06395,CA00606,75%,0.0489,0.354
ME06396,CA00761,25%,0.0224,0.46
ME06397,CA04942,100%,-0.0544,0.401
ME06398,CA01681,100%,-0.003,0.423
ME06399,CA02054,75%,0.3214,0.47
ME06400,CA05069,25%,-0.1623,0.242
ME06401,CA00908,75%,-0.0548,0.31
ME06402,CA04004,75%,-0.0812,0.179
ME06403,CA02175,75%,-0.1088,0.383
ME06404,CA00593,100%,-0.0615,0.14
ME06405,CA05439,100%,-0.0192,0.239
ME06406,CA00477,50%,0.0783,0.341
ME06407,CA00108,100%,-0.2886,0.282
ME06408,CA05172,25%,-0.07,0.398
ME06409,CA02418,25%,-0.0879,0.113
ME06410,CA02771,75%,-0.0106,0.455
ME06411,CA03207,50%,-0.1979,0.408
ME06412,CA03482,75%,0.1536,0.443
ME06413,CA00769,50%,0.1117,0.176
ME06414,CA03479,50%,-0.262,0.419
ME06415,CA00566,50%,0.1405,0.275
ME06416,CA05886,50%,-0.2079,0.102
ME06417,CA05544,25%,0.19,0.461
ME06418,CA00081,50%,-0.0836,0.323
ME06419,CA06620,50%,0.3326,0.315
ME06420,CA06391,25%,0.0473,0.1
ME06421,CA00008,100%,0.2059,0.489
ME06422,CA00009,50%,0.1206,0.1
ME06423,CA02939,50%,-0.4211,0.325
ME06424,CA02581,50%,0.078,0.28
ME06425,CA06704,50%,0.2384,0.101
ME06426,CA02113,100%,0.0093,0.24
ME06427,CA03270,50%,-0.4367,0.39
ME06428,CA04560,75%,-0.1352,0.209
ME06429,CA05547,25%,-0.2998,0.373
ME06430,CA00060,75%,-0.0461,0.374
ME06431,CA04554,100%,-0.0597,0.282
ME06432,CA04764,75%,-0.0873,0.458
ME06433,CA02266,100%,-0.0003,0.229
ME06434,CA01780,25%,0.0928,0.367
ME06435,CA05215,25%,0.0356,0.369
ME06436,CA05607,75%,-0.2476,0.153
ME06437,CA04928,100%,-0.1065,0.314
ME06438,CA04985,50%,0.1508,0.47
ME06439,CA06674,50%,0.0634,0.471
ME06440,CA06435,50%,-0.1512,0.437
ME06441,CA04664,25%,0.0124,0.126
ME06442,CA03081,75%,0.0098,0.43
ME06443,CA05670,25%,0.0924,0.482
ME06444,CA02106,75%,0.2038,0.446
ME06445,CA03793,100%,-0.0968,0.12
ME06446,CA05539,25%,-0.2925,0.338
ME06447,CA04495,75%,0.1168,0.434
ME06448,CA06576,100%,0.2089,0.433
ME06449,CA01721,50%,-0.1407,0.321
ME06450,CA00541,50%,0.1331,0.312
ME06451,CA02672,50%,-0.0705,0.193
ME06452,CA06888,25%,0.1385,0.18
ME06453,CA03428,50%,-0.0145,0.153
ME06454,CA01099,50%,0.0646,0.151
ME06455,CA04003,100%,-0.0375,0.48
ME06456,CA00934,75%,0.034,0.272
ME06457,CA02225,75%,0.092,0.447
ME06458,CA06734,50%,0.1581,0.11
ME06459,CA03689,25%,0.1332,0.163
ME06460,CA02813,100%,0.3825,0.276
ME06461,CA04725,50%,0.0268,0.291
ME06462,CA01635,100%,0.1637,0.102
ME06463,CA05847,100%,-0.2742,0.28
ME06464,CA06065,25%,-0.0442,0.307
ME06465,CA04504,100%,0.2051,0.179
ME06466,CA02593,25%,0.2702,0.269
ME06467,CA03346,50%,-0.1015,0.114
ME06468,CA05317,25%,-0.0313,0.204
ME06469,CA03565,50%,-0.3291,0.389
ME06470,CA01584,75%,0.1871,0.366
ME06471,CA02075,50%,0.0953,0.233
ME06472,CA01041,100%,0.1077,0.327
ME06473,CA03141,75%,0.2857,0.249
ME06474,CA04567,100%,0.0126,0.137
ME06475,CA03659,50%,0.1101,0.283
ME06476,CA01668,100%,-0.3888,0.245
ME06477,CA05029,100%,-0.0126,0.157
ME06478,CA00557,50%,-0.0483,0.11
ME06479,CA06119,75%,0.2612,0.132
ME06480,CA00156,75%,-0.1835,0.206
ME06481,CA03471,50%,-0.235,0.453
ME06482,CA03826,75%,0.2461,0.325
ME06483,CA01432,100%,0.1134,0.472
ME06484,CA05961,25%,0.0054,0.311
ME06485,CA02769,50%,-0.1004,0.229
ME06486,CA02341,75%,-0.0704,0.409
ME06487,CA06153,50%,0.1964,0.421
ME06488,CA02491,100%,0.1004,0.499
ME06489,CA04246,75%,0.2315,0.479
ME06490,CA04687,100%,0.0118,0.497
ME06491,CA04346,75%,-0.3254,0.18
ME06492,CA04239,100%,0.0797,0.463
ME06493,CA03982,50%,0.1425,0.119
ME06494,CA00556,75%,-0.0161,0.477
ME06495,CA06933,75%,-0.3548,0.291
ME06496,CA05738,25%,-0.0381,0.402
ME06497,CA03112,50%,-0.0507,0.26
ME06498,CA06373,25%,0.0126,0.4
ME06499,CA02396,25%,-0.1349,0.122
ME06500,CA04713,25%,-0.0869,0.273
ME06501,CA06158,100%,0.1674,0.12
ME06502,CA00669,100%,0.0379,0.345
ME06503,CA04293,75%,0.0769,0.299
ME06504,CA05641,75%,0.0928,0.138
ME06505,CA00977,75%,0.0914,0.143
ME06506,CA04276,75%,0.0671,0.245
ME06507,CA02677,100%,-0.0062,0.487
ME06508,CA07026,25%,-0.1333,0.363
ME06509,CA00312,100%,-0.0958,0.333
ME06510,CA02002,25%,-0.2014,0.206
ME06511,CA06748,100%,0.1129,0.181
ME06512,CA04069,100%,-0.2453,0.122
ME06513,CA02815,25%,-0.1754,0.175
ME06514,CA05881,100%,0.1963,0.206
ME06515,CA03053,75%,0.2299,0.46
ME06516,CA03658,75%,-0.0687,0.333
ME06517,CA04143,25%,0.0469,0.433
ME06518,CA03460,50%,-0.0444,0.262
ME06519,CA06445,25%,0.0941,0.224
ME06520,CA04001,100%,-0.3045,0.198
ME06521,CA06857,100%,0.1062,0.227
ME06522,CA04019,50%,-0.2167,0.322
ME06523,CA06293,75%,0.108,0.4
ME06524,CA01761,100%,0.0764,0.316
ME06525,CA01040,75%,-0.0499,0.316
ME06526,CA05495,25%,-0.3217,0.223
ME06527,CA01597,25%,-0.3367,0.39
ME06528,CA03654,25%,-0.1697,0.302
ME06529,CA00517,25%,-0.333,0.424
ME06530,CA04084,75%,-0.0103,0.425
ME06531,CA00683,50%,0.095,0.139
ME06532,CA05949,75%,-0.0325,0.255
ME06533,CA05629,50%,-0.0964,0.423
ME06534,CA00300,25%,-0.0029,0.367
ME06535,CA00946,100%,-0.4177,0.464
ME06536,CA06733,50%,-0.2202,0.305
ME06537,CA02752,100%,0.0359,0.368
ME06538,CA03840,75%,0.1245,0.4
ME06539,CA04419,50%,0.0116,0.191
ME06540,CA04940,100%,-0.2679,0.186
ME06541,CA05700,100%,0.0321,0.211
ME06542,CA02877,100%,0.0086,0.366
ME06543,CA02186,100%,-0.0408,0.142
ME06544,CA01248,25%,0.1262,0.142
ME06545,CA04791,75%,-0.0217,0.473
ME06546,CA03067,25%,-0.1347,0.379
ME06547,CA03324,100%,-0.1229,0.467
ME06548,CA05501,75%,-0.1852,0.343
ME06549,CA04024,25%,0.003,0.309
ME06550,CA05495,25%,0.2364,0.192
ME06551,CA05889,50%,0.1,0.331
ME06552,CA00397,100%,0.1208,0.321
ME06553,CA05285,100%,-0.0568,0.202
ME06554,CA00563,100%,-0.0481,0.219
ME06555,CA06792,100%,-0.1573,0.259
ME06556,CA00345,100%,0.1316,0.31
ME06557,CA04042,50%,-0.1106,0.259
ME06558,CA05497,25%,-0.2282,0.234
ME06559,CA05015,75%,0.1384,0.484
ME06560,CA01498,50%,0.33,0.197
ME06561,CA04677,50%,-0.0256,0.23
ME06562,CA00571,75%,0.1714,0.435
ME06563,CA02426,75%,0.0419,0.348
ME06564,CA05893,75%,-0.074,0.243
ME06565,CA04256,75%,0.2469,0.13
ME06566,CA02638,25%,-0.0306,0.15
ME06567,CA06147,75%,-0.3896,0.235
ME06568,CA05411,25%,0.0367,0.147
ME06569,CA03998,100%,0.0034,0.328
ME06570,CA02368,75%,0.2548,0.21
ME06571,CA04332,100%,0.3926,0.27
ME06572,CA02383,25%,-0.1896,0.442
ME06573,CA05668,50%,-0.2196,0.141
ME06574,CA02251,25%,0.282,0.326
ME06575,CA06322,75%,-0.0586,0.117
ME06576,CA02197,100%,0.1033,0.173
ME06577,CA04855,75%,0.0523,0.342
ME06578,CA05393,25%,-0.3984,0.333
ME06579,CA05716,50%,0.0265,0.278
ME06580,CA06448,75%,0.0445,0.283
ME06581,CA05636,100%,-0.1579,0.36
ME06582,CA03937,100%,-0.1041,0.116
ME06583,CA00848,25%,0.3399,0.387
ME06584,CA00709,75%,-0.1537,0.379
ME06585,CA00623,100%,-0.0979,0.292
ME06586,CA04009,75%,0.1076,0.248
ME06587,CA05333,25%,0.1354,0.159
ME06588,CA05958,75%,-0.023,0.147
ME06589,CA05678,25%,-0.214,0.246
ME06590,CA05627,25%,-0.0141,0.174
ME06591,CA02327,50%,-0.0425,0.21
ME06592,CA06477,75%,-0.1218,0.464
ME06593,CA06768,50%,-0.2243,0.333
ME06594,CA01623,25%,0.2791,0.152
ME06595,CA02830,75%,-0.1498,0.473
ME06596,CA05600,75%,-0.0574,0.13
ME06597,CA06072,75%,0.1303,0.326
ME06598,CA05960,75%,0.117,0.127
ME06599,CA04429,25%,0.0419,0.473
ME06600,CA03184,100%,0.0867,0.101
ME06601,CA04519,100%,-0.0716,0.188
ME06602,CA02505,75%,-0.0276,0.428
ME06603,CA07011,100%,-0.0055,0.116
ME06604,CA03567,25%,0.1006,0.261
ME06605,CA01829,50%,0.1353,0.492
ME06606,CA03503,100%,0.3168,0.387
ME06607,CA00754,75%,0.1684,0.338
ME06608,CA01895,100%,-0.2648,0.293
ME06609,CA05050,75%,0.015,0.216
ME06610,CA01102,75%,-0.0868,0.187
ME06611,CA06252,25%,-0.0241,0.299
ME06612,CA03334,100%,0.0332,0.312
ME06613,CA00488,25%,-0.3065,0.278
ME06614,CA02317,100%,0.177,0.249
ME06615,CA04803,50%,0.052,0.183
ME06616,CA06231,50%,-0.214,0.338
ME06617,CA02137,75%,-0.3015,0.123
ME06618,CA06301,25%,-0.1699,0.183
ME06619,CA02635,25%,-0.1359,0.112
ME06620,CA06036,75%,0.1066,0.204
ME06621,CA06490,75%,0.3095,0.23
ME06622,CA05293,50%,-0.0558,0.138
ME06623,CA01704,100%,-0.1517,0.169
ME06624,CA01843,50%,0.1088,0.256
ME06625,CA01792,25%,0.0447,0.194
ME06626,CA04961,100%,0.3137,0.18
ME06627,CA03980,50%,-0.0644,0.312
ME06628,CA04307,100%,-0.0934,0.388
ME06629,CA06153,100%,-0.0642,0.391
ME06630,CA00341,25%,0.2077,0.346
ME06631,CA00192,75%,-0.192,0.294
ME06632,CA06434,75%,-0.1122,0.441
ME06633,CA05484,75%,-0.0661,0.436
ME06634,CA03710,100%,-0.1086,0.376
ME06635,CA04750,25%,-0.2458,0.436
ME06636,CA00014,50%,-0.0865,0.251
ME06637,CA02580,75%,-0.0404,0.41
ME06638,CA04096,50%,0.0629,0.441
ME06639,CA00148,75%,0.1235,0.488
ME06640,CA01181,25%,-0.0449,0.205
ME06641,CA06971,25%,-0.085,0.309
ME06642,CA03215,25%,-0.0946,0.437
ME06643,CA01937,50%,0.3052,0.459
ME06644,CA03868,75%,-0.2755,0.324
ME06645,CA05220,50%,0.3613,0.125
ME06646,CA06067,100%,0.0336,0.297
ME06647,CA01210,75%,-0.0533,0.293
ME06648,CA02907,100%,-0.0891,0.161
ME06649,CA04361,100%,0.0303,0.337
ME06650,CA06609,75%,-0.1262,0.37
ME06651,CA03363,100%,0.1189,0.497
ME06652,CA00686,100%,-0.1385,0.459
ME06653,CA03140,75%,-0.3426,0.459
ME06654,CA01442,50%,0.4866,0.387
ME06655,CA02351,75%,-0.0766,0.304
ME06656,CA01123,25%,-0.2837,0.227
ME06657,CA03838,25%,-0.0969,0.203
ME06658,CA00031,25%,0.058,0.289
ME06659,CA00144,100%,0.0186,0.39
ME06660,CA02514,50%,-0.005,0.335
ME06661,CA01874,50%,-0.4343,0.132
ME06662,CA06296,75%,0.3582,0.44
ME06663,CA05403,75%,-0.1171,0.179
ME06664,CA06278,50%,0.1925,0.258
ME06665,CA04882,75%,0.0103,0.364
ME06666,CA01357,50%,-0.1291,0.191
ME06667,CA04295,75%,0.1169,0.292
ME06668,CA06105,25%,-0.1052,0.257
ME06669,CA01366,100%,-0.0927,0.424
ME06670,CA04405,25%,-0.2187,0.116
ME06671,CA04985,75%,-0.0466,0.37
ME06672,CA01182,100%,0.0219,0.27
ME06673,CA02744,50%,-0.2477,0.488
ME06674,CA01726,100%,0.1654,0.317
ME06675,CA01097,25%,0.0227,0.38
ME06676,CA06863,75%,-0.2005,0.429
ME06677,CA03890,75%,0.2081,0.116
ME06678,CA00912,100%,0.0439,0.308
ME06679,CA05390,100%,-0.246,0.28
ME06680,CA01179,25%,-0.0145,0.463
ME06681,CA01608,25%,0.0298,0.335
ME06682,CA01412,75%,-0.0644,0.174
ME06683,CA04314,75%,-0.0032,0.401
ME06684,CA03903,100%,-0.0446,0.118
ME06685,CA04183,75%,-0.0424,0.262
ME06686,CA02449,50%,-0.0036,0.377
ME06687,CA02112,25%,-0.0981,0.499
ME06688,CA03934,25%,0.0256,0.413
ME06689,CA01907,25%,-0.0523,0.493
ME06690,CA03068,50%,0.2365,0.199
ME06691,CA00928,75%,-0.1921,0.155
ME06692,CA04837,25%,0.1996,0.496
ME06693,CA06195,25%,0.2315,0.228
ME06694,CA05445,100%,-0.1819,0.158
ME06695,CA06942,100%,0.0073,0.327
ME06696,CA04787,50%,0.1132,0.178
ME06697,CA06093,25%,0.2546,0.439
ME06698,CA02446,50%,0.4719,0.489
ME06699,CA06785,100%,-0.0605,0.409
ME06700,CA03133,100%,0.0195,0.371
ME06701,CA05775,75%,-0.0598,0.148
ME06702,CA01065,100%,0.142,0.348
ME06703,CA03676,100%,-0.3787,0.267
ME06704,CA05162,75%,0.0682,0.485
ME06705,CA06309,100%,-0.0328,0.372
ME06706,CA01248,75%,0.0575,0.221
ME06707,CA05003,25%,0.1648,0.368
ME06708,CA06748,75%,-0.0819,0.491
ME06709,CA03831,50%,0.1944,0.254
ME06710,CA01092,75%,-0.0485,0.187
ME06711,CA03287,75%,-0.541,0.327
ME06712,CA01906,100%,-0.1936,0.485
ME06713,CA05129,25%,0.0995,0.422
ME06714,CA02858,25%,0.1219,0.314
ME06715,CA03619,100%,0.1851,0.29
ME06716,CA01110,50%,-0.2812,0.363
ME06717,CA05667,75%,0.106,0.269
ME06718,CA00744,75%,0.3469,0.335
ME06719,CA01798,100%,0.1502,0.16
ME06720,CA02470,50%,0.0532,0.393
ME06721,CA02070,75%,0.2509,0.268
ME06722,CA01518,25%,-0.4189,0.309
ME06723,CA06346,100%,-0.0357,0.27
ME06724,CA06680,75%,-0.0651,0.179
ME06725,CA00997,25%,0.0063,0.347
ME06726,CA07001,50%,0.0122,0.116
ME06727,CA01966,100%,-0.1627,0.435
ME06728,CA04149,100%,-0.0104,0.476
ME06729,CA03789,75%,-0.0751,0.491
ME06730,CA02540,75%,0.1199,0.287
ME06731,CA07171,75%,-0.1023,0.35
ME06732,CA06875,25%,0.2967,0.289
ME06733,CA04850,100%,-0.0081,0.389
ME06734,CA01977,25%,-0.0039,0.124
ME06735,CA02851,75%,0.1089,0.149
ME06736,CA03817,50%,0.1135,0.179
ME06737,CA00415,100%,-0.2229,0.486
ME06738,CA03542,100%,0.2813,0.38
ME06739,CA01424,100%,-0.1359,0.376
ME06740,CA06688,25%,-0.215,0.171
ME06741,CA06242,50%,0.2755,0.151
ME06742,CA03809,50%,-0.1651,0.239
ME06743,CA04033,75%,0.1,0.353
ME06744,CA02329,75%,-0.3613,0.161
ME06745,CA03756,50%,-0.1311,0.447
ME06746,CA01121,25%,-0.0864,0.221
ME06747,CA07149,75%,0.1373,0.417
ME06748,CA01618,50%,0.2547,0.284
ME06749,CA01531,75%,0.173,0.233
ME06750,CA05417,50%,-0.1622,0.148
ME06751,CA02316,50%,0.1396,0.192
ME06752,CA04047,25%,0.0885,0.199
ME06753,CA04713,25%,0.0132,0.4
ME06754,CA01803,75%,0.0414,0.117
ME06755,CA07189,50%,-0.0158,0.237
ME06756,CA04608,50%,-0.3086,0.159
ME06757,CA02470,25%,0.028,0.407
ME06758,CA07067,25%,0.3375,0.187
ME06759,CA04373,50%,0.1731,0.291
ME06760,CA03151,25%,-0.2278,0.417
ME06761,CA03021,50%,-0.2096,0.139
ME06762,CA03680,50%,-0.0574,0.354
ME06763,CA03383,75%,-0.2312,0.473
ME06764,CA00519,100%,-0.0444,0.469
ME06765,CA03904,100%,0.2257,0.364
ME06766,CA01842,100%,-0.1542,0.24
ME06767,CA05395,75%,-0.1892,0.328
ME06768,CA04685,50%,0.0154,0.359
ME06769,CA07092,75%,-0.2389,0.12
ME06770,CA03561,25%,-0.1442,0.482
ME06771,CA01129,25%,-0.357,0.344
ME06772,CA06114,25%,-0.0496,0.124
ME06773,CA03581,50%,0.0678,0.353
ME06774,CA06175,50%,0.0699,0.106
ME06775,CA04518,50%,0.072,0.11
ME06776,CA01344,25%,0.107,0.276
ME06777,CA00823,100%,-0.0009,0.105
ME06778,CA05984,75%,0.0824,0.475
ME06779,CA04809,100%,-0.0455,0.19
ME06780,CA05652,100%,0.0115,0.316
ME06781,CA00064,75%,-0.1297,0.191
ME06782,CA01895,75%,0.0494,0.434
ME06783,CA05074,25%,0.1105,0.218
ME06784,CA03781,50%,0.0861,0.342
ME06785,CA03507,25%,0.2891,0.308
ME06786,CA01556,75%,-0.1036,0.364
ME06787,CA06131,100%,-0.0816,0.232
ME06788,CA05085,50%,0.2322,0.395
ME06789,CA00424,50%,-0.1288,0.366
ME06790,CA02300,50%,0.1114,0.114
ME06791,CA06168,50%,0.0542,0.411
ME06792,CA03194,100%,0.0901,0.274
ME06793,CA00449,75%,0.0203,0.238
ME06794,CA05916,25%,-0.0847,0.484
ME06795,CA04429,50%,0.1922,0.205
ME06796,CA06220,25%,-0.1152,0.325
ME06797,CA03662,100%,0.5182,0.386
ME06798,CA03289,75%,0.0111,0.369
ME06799,CA03927,50%,-0.2487,0.424
ME06800,CA02518,50%,-0.1031,0.454
ME06801,CA00126,75%,0.0823,0.149
ME06802,CA01752,100%,-0.2696,0.248
ME06803,CA03540,100%,0.0115,0.446
ME06804,CA00858,50%,0.0059,0.224
ME06805,CA02389,75%,0.131,0.252
ME06806,CA02616,25%,-0.0009,0.141
ME06807,CA05106,25%,0.0936,0.264
ME06808,CA01984,100%,0.5447,0.338
ME06809,CA02502,50%,0.1074,0.392
ME06810,CA05526,25%,0.0088,0.222
ME06811,CA07168,25%,0.0079,0.205
ME06812,CA06755,25%,-0.0543,0.458
ME06813,CA02049,50%,-0.0478,0.176
ME06814,CA00130,50%,-0.3441,0.347
ME06815,CA05394,100%,-0.2489,0.415
ME06816,CA06730,75%,-0.319,0.276
ME06817,CA02055,50%,0.0226,0.382
ME06818,CA01929,25%,0.0442,0.394
ME06819,CA05376,50%,0.3276,0.43
ME06820,CA01688,100%,-0.0756,0.412
ME06821,CA00307,25%,-0.0008,0.285
ME06822,CA01593,75%,0.442,0.339
ME06823,CA00288,50%,-0.3143,0.119
ME06824,CA04011,75%,0.0763,0.363
ME06825,CA05156,100%,0.2219,0.328
ME06826,CA06135,50%,0.009,0.125
ME06827,CA03834,100%,0.0401,0.224
ME06828,CA00926,100%,-0.2126,0.13
ME06829,CA03330,75%,0.0922,0.224
ME06830,CA01307,50%,-0.0087,0.355
ME06831,CA00933,100%,0.3138,0.227
ME06832,CA02871,25%,-0.0405,0.363
ME06833,CA05390,50%,0.6703,0.405
ME06834,CA03087,100%,-0.0825,0.385
ME06835,CA04944,25%,0.1452,0.345
ME06836,CA04037,50%,0.0465,0.337
ME06837,CA04348,100%,-0.117,0.159
ME06838,CA06624,50%,-0.0044,0.113
ME06839,CA05382,100%,0.159,0.399
ME06840,CA05576,100%,0.0572,0.157
ME06841,CA00467,100%,0.1642,0.331
ME06842,CA07159,75%,-0.1452,0.212
ME06843,CA04489,25%,0.1405,0.327
ME06844,CA05405,25%,-0.1254,0.151
ME06845,CA02335,50%,0.0698,0.217
ME06846,CA02810,75%,0.1309,0.153
ME06847,CA01830,75%,-0.1672,0.145
ME06848,CA02037,75%,-0.1867,0.334
ME06849,CA01804,50%,-0.2067,0.301
ME06850,CA03960,50%,-0.0772,0.279
ME06851,CA01080,75%,-0.0501,0.234
ME06852,CA00907,100%,0.1496,0.311
ME06853,CA03148,75%,0.3443,0.114
ME06854,CA00265,100%,-0.0341,0.167
ME06855,CA01215,100%,0.2191,0.231
ME06856,CA03661,100%,-0.1255,0.125
ME06857,CA05140,50%,-0.1213,0.246
ME06858,CA02486,100%,0.1649,0.451
ME06859,CA00567,25%,0.0453,0.448
ME06860,CA02355,50%,-0.1349,0.165
ME06861,CA01839,75%,0.2174,0.141
ME06862,CA05378,50%,0.0055,0.481
ME06863,CA04913,75%,0.138,0.492
ME06864,CA01104,50%,0.0472,0.199
ME06865,CA06688,75%,-0.1413,0.336
ME06866,CA04320,50%,0.0205,0.472
ME06867,CA05707,25%,0.0175,0.121
ME06868,CA04504,25%,0.3086,0.459
ME06869,CA05277,75%,0.0059,0.144
ME06870,CA04776,100%,0.1059,0.478
ME06871,CA03545,75%,0.4216,0.124
ME06872,CA03456,75%,0.02,0.105
ME06873,CA04358,50%,0.3868,0.377
ME06874,CA03600,25%,0.235,0.385
ME06875,CA02094,25%,0.094,0.192
ME06876,CA01605,50%,0.0022,0.474
ME06877,CA03476,100%,-0.2495,0.308
ME06878,CA06624,25%,-0.0603,0.271
ME06879,CA06314,50%,-0.1918,0.487
ME06880,CA06348,75%,0.2091,0.18
ME06881,CA03847,100%,-0.2639,0.39
ME06882,CA06712,50%,0.0586,0.359
ME06883,CA05203,25%,-0.0989,0.293
ME06884,CA02008,25%,0.006,0.136
ME06885,CA06929,25%,0.1411,0.494
ME06886,CA00919,25%,0.1258,0.101
ME06887,CA03559,100%,-0.3401,0.346
ME06888,CA06287,75%,-0.1422,0.138
ME06889,CA06435,100%,0.0281,0.379
ME06890,CA01554,75%,-0.1749,0.334
ME06891,CA03356,75%,0.0408,0.391
ME06892,CA00714,50%,0.3821,0.371
ME06893,CA04051,100%,-0.093,0.493
ME06894,CA02778,50%,0.1851,0.146
ME06895,CA01286,100%,-0.0502,0.489
ME06896,CA05316,25%,0.4008,0.267
ME06897,CA03276,75%,0.0192,0.432
ME06898,CA06805,75%,-0.3549,0.281
ME06899,CA00635,75%,0.1754,0.104
ME06900,CA06100,25%,-0.0935,0.353
ME06901,CA01472,50%,-0.1187,0.138
ME06902,CA05437,75%,0.1301,0.177
ME06903,CA04126,75%,-0.0044,0.459
ME06904,CA01752,75%,-0.0865,0.111
ME06905,CA02461,50%,0.185,0.314
ME06906,CA04439,25%,-0.3465,0.192
ME06907,CA03880,75%,0.1199,0.196
ME06908,CA00669,25%,0.0809,0.179
ME06909,CA03291,50%,0.0264,0.439
ME06910,CA02180,75%,0.1896,0.276
ME06911,CA01437,25%,-0.1413,0.183
ME06912,CA05938,50%,-0.1987,0.337
ME06913,CA06578,50%,-0.1674,0.208
ME06914,CA04650,75%,0.0217,0.46
ME06915,CA05061,100%,0.2508,0.447
ME06916,CA01629,50%,-0.245,0.226
ME06917,CA01959,100%,0.0682,0.152
ME06918,CA03199,25%,0.0616,0.411
ME06919,CA01642,75%,0.155,0.296
ME06920,CA00555,75%,-0.3935,0.356
ME06921,CA06082,50%,-0.0752,0.346
ME06922,CA02844,100%,0.0198,0.373
ME06923,CA02923,100%,0.0766,0.377
ME06924,CA00385,100%,-0.1211,0.491
ME06925,CA05946,50%,-0.2576,0.326
ME06926,CA05621,50%,-0.0492,0.117
ME06927,CA06963,50%,-0.0192,0.212
ME06928,CA02436,50%,0.1513,0.259
ME06929,CA01792,100%,-0.1333,0.129
ME06930,CA03639,25%,-0.1852,0.294
ME06931,CA04554,100%,-0.2727,0.381
ME06932,CA03824,75%,0.1233,0.345
ME06933,CA05331,25%,0.0475,0.242
ME06934,CA02653,75%,-0.3422,0.168
ME06935,CA01696,75%,-0.0874,0.256
ME06936,CA04068,50%,-0.2828,0.244
ME06937,CA01540,75%,0.2215,0.248
ME06938,CA05105,50%,-0.1113,0.474
ME06939,CA01982,100%,0.2834,0.233
ME06940,CA06814,25%,0.3193,0.462
ME06941,CA05701,100%,-0.036,0.255
ME06942,CA03089,25%,0.0934,0.14
ME06943,CA06802,100%,0.0724,0.397
ME06944,CA01862,50%,0.0744,0.101
ME06945,CA03790,100%,0.1608,0.493
ME06946,CA04680,100%,-0.1479,0.417
ME06947,CA03926,50%,0.1887,0.483
ME06948,CA05028,75%,0.0369,0.322
ME06949,CA04943,75%,0.4264,0.289
ME06950,CA03650,75%,-0.1398,0.347
ME06951,CA04051,75%,0.055,0.471
ME06952,CA04325,50%,-0.128,0.175
ME06953,CA06200,50%,-0.3073,0.252
ME06954,CA04047,50%,-0.2982,0.447
ME06955,CA02174,25%,0.0297,0.123
ME06956,CA00783,75%,0.3951,0.489
ME06957,CA04447,50%,0.0467,0.437
ME06958,CA05031,50%,0.3687,0.256
ME06959,CA04188,25%,-0.1491,0.171
ME06960,CA02280,75%,-0.4714,0.322
ME06961,CA02168,25%,-0.1028,0.282
ME06962,CA03280,100%,-0.1256,0.378
ME06963,CA02816,25%,-0.1177,0.106
ME06964,CA00693,25%,0.0031,0.397
ME06965,CA06629,25%,0.334,0.488
ME06966,CA05227,25%,0.0505,0.201
ME06967,CA01025,100%,-0.1173,0.436
ME06968,CA01431,75%,-0.1787,0.298
ME06969,CA06673,75%,0.0303,0.46
ME06970,CA05957,25%,0.0227,0.171
ME06971,CA00381,75%,0.112,0.205
ME06972,CA02635,25%,0.1264,0.436
ME06973,CA03672,25%,0.1491,0.1
ME06974,CA02489,100%,0.1291,0.282
ME06975,CA04763,75%,0.2101,0.42
ME06976,CA03993,100%,-0.0138,0.318
ME06977,CA02220,50%,-0.0887,0.324
ME06978,CA02326,50%,-0.1737,0.25
ME06979,CA04522,100%,-0.217,0.356
ME06980,CA03594,50%,0.0214,0.349
ME06981,CA02009,100%,0.3946,0.296
ME06982,CA05844,100%,-0.0177,0.294
ME06983,CA02047,100%,-0.1412,0.429
ME06984,CA05708,100%,0.1889,0.101
ME06985,CA05703,75%,-0.2507,0.142
ME06986,CA00350,75%,0.1916,0.104
ME06987,CA00681,75%,0.1847,0.161
ME06988,CA03892,25%,-0.3504,0.218
ME06989,CA00209,25%,-0.1859,0.113
ME06990,CA02413,25%,0.1921,0.152
ME06991,CA00371,25%,0.1389,0.282
ME06992,CA04914,75%,-0.2229,0.367
ME06993,CA05333,25%,-0.0354,0.326
ME06994,CA01813,75%,0.2535,0.392
ME06995,CA02184,25%,-0.2308,0.361
ME06996,CA01160,100%,-0.1879,0.194
ME06997,CA05417,100%,-0.0221,0.356
ME06998,CA05896,100%,-0.0165,0.459
ME06999,CA06799,75%,0.0446,0.436
ME07000,CA01077,75%,0.1942,0.274
ME07001,CA00084,100%,0.0314,0.476
ME07002,CA00311,50%,0.1662,0.406
ME07003,CA06371,25%,-0.4373,0.215
ME07004,CA05071,100%,0.0767,0.119
ME07005,CA02989,100%,0.0591,0.441
ME07006,CA04466,75%,-0.0643,0.456
ME07007,CA06399,50%,-0.0872,0.344
ME07008,CA01190,50%,-0.0147,0.402
ME07009,CA02782,50%,0.146,0.168
ME07010,CA02875,100%,-0.1369,0.108
ME07011,CA02122,75%,0.1868,0.201
ME07012,CA01382,75%,-0.1038,0.356
ME07013,CA03906,25%,0.0354,0.347
ME07014,CA02226,25%,0.2896,0.355
ME07015,CA02031,25%,-0.2058,0.362
ME07016,CA00756,75%,0.0612,0.396
ME07017,CA04691,100%,-0.1898,0.168
ME07018,CA03579,75%,-0.3276,0.216
ME07019,CA06919,75%,-0.3759,0.144
ME07020,CA03829,100%,0.3932,0.119
ME07021,CA02744,75%,0.0693,0.29
ME07022,CA03015,50%,-0.1237,0.243
ME07023,CA06437,25%,0.1646,0.267
ME07024,CA01795,25%,0.0783,0.333
ME07025,CA06237,50%,-0.1493,0.307
ME07026,CA01742,75%,0.0939,0.24
ME07027,CA01914,75%,-0.0483,0.176
ME07028,CA01092,25%,0.1326,0.445
ME07029,CA03460,25%,0.1526,0.182
ME07030,CA02800,75%,-0.0099,0.126
ME07031,CA06244,50%,-0.176,0.315
ME07032,CA06652,25%,-0.1808,0.247
ME07033,CA05160,25%,-0.1178,0.146
ME07034,CA04621,50%,0.0,0.323
ME07035,CA00414,75%,0.1352,0.227
ME07036,CA05670,50%,0.0726,0.281
ME07037,CA01976,75%,0.0131,0.206
ME07038,CA02832,75%,-0.392,0.307
ME07039,CA06025,100%,0.0785,0.148
ME07040,CA00782,75%,0.3239,0.297
ME07041,CA06931,25%,-0.26,0.398
ME07042,CA00156,25%,-0.1715,0.452
ME07043,CA00583,75%,0.1128,0.378
ME07044,CA01622,25%,0.0923,0.352
ME07045,CA02155,25%,-0.3426,0.243
ME07046,CA01322,75%,-0.3872,0.37
ME07047,CA00134,25%,-0.0642,0.303
ME07048,CA00439,75%,-0.093,0.438
ME07049,CA01526,75%,0.0803,0.125
ME07050,CA04536,75%,-0.032,0.229
ME07051,CA02273,100%,-0.1071,0.491
ME07052,CA03507,25%,0.173,0.319
ME07053,CA01945,75%,-0.0986,0.304
ME07054,CA02662,100%,-0.0523,0.243
ME07055,CA02128,75%,-0.2008,0.315
ME07056,CA02504,50%,-0.0606,0.262
ME07057,CA01580,75%,-0.1679,0.286
ME07058,CA04954,50%,-0.0458,0.493
ME07059,CA01443,75%,-0.0562,0.121
ME07060,CA02061,25%,-0.0516,0.117
ME07061,CA04261,50%,-0.0014,0.183
ME07062,CA00410,75%,-0.088,0.182
ME07063,CA04757,50%,0.0908,0.315
ME07064,CA02393,25%,0.2392,0.403
ME07065,CA04073,100%,0.0798,0.33
ME07066,CA00032,50%,-0.2322,0.225
ME07067,CA05668,75%,0.0911,0.374
ME07068,CA01833,25%,-0.1905,0.391
ME07069,CA05597,100%,0.1445,0.109
ME07070,CA02013,75%,-0.0638,0.395
ME07071,CA06051,25%,-0.112,0.251
ME07072,CA00899,100%,-0.059,0.133
ME07073,CA06076,25%,0.074,0.411
ME07074,CA02510,100%,0.2485,0.21
ME07075,CA05360,75%,-0.2997,0.24
ME07076,CA03716,25%,-0.2307,0.175
ME07077,CA02295,75%,-0.1875,0.127
ME07078,CA02576,100%,0.2655,0.396
ME07079,CA01321,100%,0.1566,0.486
ME07080,CA05040,50%,0.3863,0.127
ME07081,CA01544,25%,0.078,0.399
ME07082,CA02401,25%,-0.2171,0.207
ME07083,CA06889,25%,0.0137,0.101
ME07084,CA06873,50%,0.0947,0.193
ME07085,CA00479,100%,-0.0532,0.398
ME07086,CA02935,75%,0.0587,0.125
ME07087,CA06621,50%,-0.1653,0.398
ME07088,CA06645,25%,0.0044,0.266
ME07089,CA00624,100%,-0.1398,0.452
ME07090,CA00484,100%,-0.1443,0.111
ME07091,CA04741,100%,-0.0527,0.221
ME07092,CA06894,100%,-0.1231,0.109
ME07093,CA04352,75%,0.149,0.412
ME07094,CA06566,100%,0.1211,0.136
ME07095,CA01244,100%,-0.0612,0.372
ME07096,CA02898,75%,-0.0302,0.308
ME07097,CA01793,100%,-0.1297,0.358
ME07098,CA06815,50%,0.0079,0.234
ME07099,CA01489,25%,-0.0193,0.484
ME07100,CA02476,75%,0.1589,0.243
ME07101,CA00913,100%,0.2724,0.183
ME07102,CA04306,50%,0.0081,0.345
ME07103,CA02081,50%,0.0011,0.34
ME07104,CA06814,50%,-0.0194,0.164
ME07105,CA01279,75%,-0.0767,0.108
ME07106,CA06014,100%,0.0621,0.232
ME07107,CA04434,75%,0.0729,0.243
ME07108,CA00624,100%,0.0494,0.12
ME07109,CA00515,50%,-0.1071,0.117
ME07110,CA02696,50%,-0.0002,0.423
ME07111,CA02282,50%,-0.0843,0.311
ME07112,CA03615,50%,0.059,0.336
ME07113,CA00113,50%,-0.0451,0.434
ME07114,CA04372,25%,0.0131,0.283
ME07115,CA02071,100%,-0.2837,0.213
ME07116,CA03258,75%,-0.1381,0.139
ME07117,CA06032,100%,0.1501,0.115
ME07118,CA06810,100%,-0.2512,0.437
ME07119,CA05336,50%,-0.014,0.424
ME07120,CA01731,75%,0.1411,0.293
ME07121,CA00492,50%,0.0158,0.38
ME07122,CA04268,75%,-0.0065,0.452
ME07123,CA00569,25%,-0.0307,0.336
ME07124,CA04073,100%,-0.1218,0.191
ME07125,CA05092,25%,0.2944,0.244
ME07126,CA05286,25%,-0.0958,0.474
ME07127,CA00492,100%,-0.3049,0.269
ME07128,CA05705,100%,-0.4979,0.312
ME07129,CA03675,25%,-0.1707,0.293
ME07130,CA04395,75%,0.0864,0.441
ME07131,CA01272,25%,0.145,0.296
ME07132,CA06326,25%,-0.3133,0.26
ME07133,CA00861,25%,0.128,0.176
ME07134,CA05781,25%,-0.2419,0.417
ME07135,CA04140,25%,-0.0134,0.324
ME07136,CA02302,50%,-0.0825,0.443
ME07137,CA03873,50%,0.1216,0.414
ME07138,CA00270,100%,0.4491,0.213
ME07139,CA06631,50%,-0.0951,0.145
ME07140,CA03225,25%,0.1147,0.223
ME07141,CA00062,25%,0.0561,0.229
ME07142,CA02729,100%,-0.3283,0.237
ME07143,CA05367,75%,-0.1582,0.2
ME07144,CA06991,75%,-0.2486,0.402
ME07145,CA05133,75%,0.0188,0.267
ME07146,CA01264,75%,0.0486,0.407
ME07147,CA06001,50%,0.0746,0.122
ME07148,CA00295,100%,-0.2024,0.488
ME07149,CA04665,75%,0.0281,0.383
ME07150,CA05049,25%,0.2423,0.228
ME07151,CA06204,25%,-0.408,0.497
ME07152,CA00681,25%,-0.0012,0.107
ME07153,CA06831,25%,0.0846,0.322
ME07154,CA02522,100%,0.0932,0.162
ME07155,CA00910,100%,-0.2068,0.448
ME07156,CA04687,25%,-0.247,0.157
ME07157,CA03915,75%,0.0005,0.297
ME07158,CA03035,100%,-0.0547,0.371
ME07159,CA06484,100%,0.2046,0.286
ME07160,CA00974,25%,-0.1921,0.325
ME07161,CA05605,75%,0.3195,0.161
ME07162,CA07093,25%,-0.0622,0.216
ME07163,CA04149,50%,-0.1023,0.345
ME07164,CA04168,25%,0.1171,0.298
ME07165,CA06677,50%,-0.4219,0.103
ME07166,CA06684,50%,0.1079,0.377
ME07167,CA03788,50%,-0.1184,0.167
ME07168,CA05504,25%,0.2605,0.412
ME07169,CA03909,100%,-0.0227,0.312
ME07170,CA05746,25%,0.0173,0.292
ME07171,CA01431,50%,0.1173,0.212
ME07172,CA01685,50%,0.0514,0.141
ME07173,CA00180,75%,-0.083,0.146
ME07174,CA05244,25%,0.273,0.237
ME07175,CA04772,25%,-0.0373,0.129
ME07176,CA05757,75%,-0.0917,0.457
ME07177,CA06832,50%,0.4147,0.441
ME07178,CA01673,75%,0.0141,0.453
ME07179,CA05229,50%,0.0013,0.457
ME07180,CA02767,25%,0.0114,0.272
ME07181,CA03301,100%,-0.2817,0.19
ME07182,CA06029,100%,0.2136,0.395
ME07183,CA02043,50%,-0.2874,0.197
ME07184,CA05500,50%,-0.2092,0.175
ME07185,CA03769,100%,-0.0547,0.337
ME07186,CA07020,25%,-0.1374,0.435
ME07187,CA01217,50%,-0.1973,0.159
ME07188,CA04574,100%,0.0541,0.464
ME07189,CA01011,75%,-0.3219,0.483
ME07190,CA00297,75%,0.101,0.333
ME07191,CA05719,50%,0.2793,0.224
ME07192,CA02247,100%,-0.0256,0.461
ME07193,CA05942,100%,-0.118,0.231
ME07194,CA01862,50%,-0.1342,0.147
ME07195,CA07059,50%,0.014,0.494
ME07196,CA02958,50%,0.0245,0.137
ME07197,CA02125,100%,0.0309,0.245
ME07198,CA06772,75%,0.3622,0.395
ME07199,CA04106,100%,0.1161,0.213
ME07200,CA02802,25%,-0.0894,0.247
ME07201,CA01259,25%,0.0113,0.168
ME07202,CA04177,100%,-0.1358,0.411
ME07203,CA07066,100%,-0.3515,0.416
ME07204,CA01075,100%,-0.0337,0.254
ME07205,CA03382,25%,0.3342,0.102
ME07206,CA05159,75%,0.0913,0.381
ME07207,CA03908,50%,0.2833,0.407
ME07208,CA06348,75%,-0.0084,0.317
ME07209,CA00560,100%,-0.1372,0.347
ME07210,CA04453,50%,-0.0744,0.457
ME07211,CA07064,25%,-0.0522,0.154
ME07212,CA04293,50%,0.2165,0.191
ME07213,CA02677,25%,-0.0697,0.375
ME07214,CA07021,100%,-0.2251,0.155
ME07215,CA05411,75%,0.2479,0.426
ME07216,CA02724,100%,-0.1436,0.201
ME07217,CA02126,50%,0.0471,0.273
ME07218,CA01759,75%,-0.0322,0.193
ME07219,CA00255,75%,0.1256,0.492
ME07220,CA03928,50%,-0.1299,0.443
ME07221,CA00961,100%,-0.0714,0.221
ME07222,CA02481,75%,-0.1269,0.312
ME07223,CA05504,75%,0.0618,0.116
ME07224,CA00517,50%,-0.1124,0.366
ME07225,CA05256,25%,0.0493,0.314
ME07226,CA04873,25%,0.1072,0.486
ME07227,CA01449,25%,-0.0438,0.228
ME07228,CA06056,75%,-0.0703,0.279
ME07229,CA04573,100%,-0.0867,0.439
ME07230,CA06378,75%,0.1173,0.408
ME07231,CA03457,100%,0.0211,0.389
ME07232,CA05992,50%,-0.0746,0.451
ME07233,CA00372,25%,-0.0131,0.344
ME07234,CA03805,75%,0.0022,0.227
ME07235,CA02848,25%,-0.1191,0.275
ME07236,CA00031,25%,-0.0936,0.345
ME07237,CA00283,100%,0.1067,0.282
ME07238,CA02126,25%,-0.2042,0.436
ME07239,CA02479,25%,0.0631,0.407
ME07240,CA01354,75%,0.0261,0.296
ME07241,CA02621,50%,0.1317,0.427
ME07242,CA04379,100%,0.0285,0.462
ME07243,CA01617,75%,-0.0615,0.473
ME07244,CA04477,50%,-0.1536,0.242
ME07245,CA06476,100%,-0.0574,0.335
ME07246,CA04014,25%,0.046,0.216
ME07247,CA02804,50%,0.0512,0.365
ME07248,CA00910,100%,0.3804,0.25
ME07249,CA02630,75%,-0.1096,0.327
ME07250,CA05832,100%,0.0176,0.162
ME07251,CA03578,50%,0.0686,0.477
ME07252,CA00899,50%,0.1193,0.281
ME07253,CA03235,25%,-0.1316,0.415
ME07254,CA02144,100%,0.1681,0.171
ME07255,CA02227,75%,0.0572,0.489
ME07256,CA04691,25%,-0.0531,0.211
ME07257,CA02495,50%,-0.3425,0.164
ME07258,CA00252,50%,-0.1613,0.483
ME07259,CA06183,25%,-0.0089,0.251
ME07260,CA04070,25%,0.1285,0.385
ME07261,CA03100,75%,-0.1191,0.175
ME07262,CA03352,25%,0.0886,0.11
ME07263,CA00341,25%,-0.0549,0.449
ME07264,CA02754,100%,0.4238,0.272
ME07265,CA00710,100%,-0.0703,0.208
ME07266,CA01834,100%,0.0791,0.178
ME07267,CA01904,50%,0.0401,0.279
ME07268,CA06871,50%,0.14,0.365
ME07269,CA00988,25%,0.0894,0.49
ME07270,CA00390,50%,-0.1409,0.192
ME07271,CA06533,75%,0.0627,0.207
ME07272,CA01963,100%,-0.1505,0.119
ME07273,CA02425,100%,0.1609,0.195
ME07274,CA02493,75%,0.0243,0.124
ME07275,CA00523,75%,0.1784,0.447
ME07276,CA03662,75%,-0.0009,0.368
ME07277,CA05638,25%,-0.0597,0.433
ME07278,CA03610,50%,0.0786,0.452
ME07279,CA06062,75%,-0.2092,0.257
ME07280,CA01528,100%,0.0342,0.375
ME07281,CA03272,100%,-0.1023,0.355
ME07282,CA03961,25%,0.3594,0.148
ME07283,CA06787,50%,-0.1556,0.371
ME07284,CA06174,75%,-0.3052,0.165
ME07285,CA07130,25%,-0.068,0.311
ME07286,CA04423,75%,-0.0509,0.259
ME07287,CA04679,100%,0.0806,0.109
ME07288,CA04168,100%,0.0805,0.203
ME07289,CA05431,50%,-0.1292,0.402
ME07290,CA06974,75%,0.0365,0.421
ME07291,CA00114,50%,-0.0038,0.313
ME07292,CA04382,100%,-0.0937,0.304
ME07293,CA06486,50%,-0.1054,0.196
ME07294,CA06482,25%,0.0146,0.46
ME07295,CA02992,100%,0.0182,0.276
ME07296,CA06983,100%,0.5129,0.328
ME07297,CA02416,50%,-0.0572,0.13
ME07298,CA04471,50%,0.1716,0.128
ME07299,CA00617,75%,0.4619,0.479
ME07300,CA06120,100%,0.0815,0.325
ME07301,CA05669,50%,-0.1776,0.448
ME07302,CA03845,50%,0.2566,0.468
ME07303,CA00233,75%,0.0748,0.361
ME07304,CA06081,50%,0.2576,0.216
ME07305,CA00831,100%,0.215,0.485
ME07306,CA06486,100%,0.2768,0.291
ME07307,CA00068,100%,0.1985,0.125
ME07308,CA02857,25%,0.0043,0.106
ME07309,CA04249,50%,0.1409,0.386
ME07310,CA05570,25%,-0.1835,0.2
ME07311,CA06946,50%,-0.3646,0.471
ME07312,CA03662,75%,0.0346,0.252
ME07313,CA02468,100%,0.2354,0.265
ME07314,CA04214,25%,0.2019,0.279
ME07315,CA01371,75%,0.0456,0.314
ME07316,CA04752,100%,0.1641,0.425
ME07317,CA00506,75%,-0.1377,0.473
ME07318,CA04342,25%,-0.0135,0.317
ME07319,CA05881,25%,-0.0593,0.441
ME07320,CA02915,75%,0.0575,0.209
ME07321,CA00267,25%,0.094,0.106
ME07322,CA05538,100%,-0.2169,0.478
ME07323,CA00342,25%,-0.111,0.184
ME07324,CA04172,75%,0.2794,0.467
ME07325,CA05654,25%,-0.2017,0.116
ME07326,CA00601,100%,-0.0633,0.434
ME07327,CA05776,50%,-0.238,0.409
ME07328,CA03138,75%,0.1085,0.417
ME07329,CA06257,100%,0.0709,0.174
ME07330,CA03254,50%,-0.32,0.266
ME07331,CA01778,50%,-0.2188,0.276
ME07332,CA01605,50%,-0.3293,0.113
ME07333,CA03356,100%,-0.0585,0.391
ME07334,CA02551,50%,-0.0742,0.253
ME07335,CA00391,75%,-0.2602,0.182
ME07336,CA01837,25%,0.0348,0.111
ME07337,CA01694,75%,-0.0194,0.411
ME07338,CA03510,75%,0.0693,0.148
ME07339,CA01317,75%,-0.0786,0.142
ME07340,CA05084,25%,0.3147,0.263
ME07341,CA07107,75%,-0.0315,0.113
ME07342,CA00266,100%,0.2633,0.442
ME07343,CA01717,50%,-0.0057,0.288
ME07344,CA06971,75%,0.1893,0.221
ME07345,CA01674,75%,0.047,0.499
ME07346,CA03117,25%,0.013,0.441
ME07347,CA03085,100%,-0.0097,0.254
ME07348,CA06283,75%,0.2938,0.35
ME07349,CA02108,75%,0.2195,0.445
ME07350,CA01379,100%,0.179,0.413
ME07351,CA00814,100%,-0.0778,0.13
ME07352,CA03707,100%,0.1879,0.225
ME07353,CA00618,75%,0.0045,0.25
ME07354,CA04277,75%,-0.0329,0.409
ME07355,CA07175,50%,0.3032,0.147
ME07356,CA06073,75%,0.1281,0.127
ME07357,CA07120,75%,-0.1126,0.16
ME07358,CA05385,100%,-0.1374,0.34
ME07359,CA01026,25%,0.0479,0.307
ME07360,CA02733,100%,-0.0674,0.294
ME07361,CA03169,100%,-0.0226,0.241
ME07362,CA00265,25%,-0.2951,0.345
ME07363,CA00637,75%,0.039,0.163
ME07364,CA02691,75%,-0.1397,0.444
ME07365,CA04108,50%,0.0262,0.223
ME07366,CA01799,100%,-0.174,0.369
ME07367,CA06619,25%,0.0828,0.4
ME07368,CA04177,100%,0.2012,0.449
ME07369,CA06446,100%,0.1693,0.456
ME07370,CA06680,50%,-0.2958,0.325
ME07371,CA02281,75%,0.0227,0.424
ME07372,CA00365,100%,0.1894,0.19
ME07373,CA06891,25%,0.1186,0.491
ME07374,CA03806,50%,0.2304,0.454
ME07375,CA06393,100%,-0.1972,0.11
ME07376,CA03022,100%,0.1277,0.143
ME07377,CA05410,25%,0.2537,0.277
ME07378,CA02770,25%,-0.0114,0.17
ME07379,CA04999,50%,0.0069,0.161
ME07380,CA06867,50%,-0.2109,0.229
ME07381,CA04513,75%,0.3457,0.377
ME07382,CA05791,100%,0.0686,0.241
ME07383,CA03519,25%,-0.049,0.239
ME07384,CA03969,25%,-0.1138,0.355
ME07385,CA00532,50%,-0.0534,0.118
ME07386,CA06053,50%,0.3414,0.175
ME07387,CA02140,100%,0.0232,0.336
ME07388,CA05007,50%,0.2064,0.163
ME07389,CA04377,100%,0.2301,0.147
ME07390,CA01890,75%,0.1543,0.241
ME07391,CA04779,100%,-0.2169,0.215
ME07392,CA00491,100%,-0.14,0.466
ME07393,CA06262,75%,0.229,0.207
ME07394,CA03614,25%,0.1494,0.474
ME07395,CA05617,75%,0.0759,0.344
ME07396,CA04676,75%,-0.1475,0.309
ME07397,CA02865,50%,-0.1654,0.228
ME07398,CA05690,25%,-0.0594,0.314
ME07399,CA02033,75%,-0.0446,0.369
ME07400,CA03952,75%,-0.3843,0.41
ME07401,CA06361,75%,0.1102,0.315
ME07402,CA05047,50%,-0.0128,0.468
ME07403,CA02397,50%,0.3538,0.21
ME07404,CA05536,50%,-0.0994,0.135
ME07405,CA06523,75%,-0.0348,0.243
ME07406,CA02861,50%,0.124,0.194
ME07407,CA00435,75%,-0.1944,0.461
ME07408,CA01721,100%,0.2313,0.137
ME07409,CA05603,100%,-0.0789,0.39
ME07410,CA06343,50%,0.2944,0.247
ME07411,CA00526,75%,0.0723,0.16
ME07412,CA03307,75%,-0.0855,0.436
ME07413,CA01231,50%,-0.2552,0.147
ME07414,CA04230,75%,-0.0513,0.218
ME07415,CA05220,25%,0.3116,0.346
ME07416,CA06967,100%,-0.2634,0.436
ME07417,CA01690,25%,0.2329,0.162
ME07418,CA07125,75%,0.1088,0.484
ME07419,CA04042,25%,-0.0382,0.29
ME07420,CA06348,100%,-0.1222,0.417
ME07421,CA01227,75%,0.0721,0.275
ME07422,CA03669,75%,0.0653,0.466
ME07423,CA01662,100%,0.4381,0.133
ME07424,CA00678,25%,-0.0528,0.418
ME07425,CA00480,100%,-0.1431,0.238
ME07426,CA00187,100%,0.1908,0.34
ME07427,CA02320,75%,-0.0646,0.499
ME07428,CA02307,50%,-0.149,0.393
ME07429,CA00954,50%,-0.4872,0.179
ME07430,CA03586,50%,-0.0043,0.158
ME07431,CA00800,50%,-0.0423,0.453
ME07432,CA06662,50%,-0.1232,0.13
ME07433,CA00202,75%,-0.2597,0.365
ME07434,CA05971,50%,0.1273,0.311
ME07435,CA00047,100%,0.0811,0.238
ME07436,CA04843,75%,0.2104,0.485
ME07437,CA03633,50%,0.2062,0.168
ME07438,CA06230,50%,-0.3162,0.18
ME07439,CA01664,75%,0.0392,0.239
ME07440,CA02922,50%,0.2645,0.258
ME07441,CA02672,75%,-0.0039,0.229
ME07442,CA03262,50%,0.2651,0.15
ME07443,CA03697,100%,0.246,0.429
ME07444,CA01911,75%,-0.0333,0.205
ME07445,CA06551,25%,0.2503,0.187
ME07446,CA05534,75%,0.0934,0.457
ME07447,CA00441,50%,0.1519,0.125
ME07448,CA02127,25%,0.1179,0.173
ME07449,CA01329,50%,0.0416,0.218
ME07450,CA04145,100%,-0.0557,0.114
ME07451,CA01979,75%,0.0214,0.361
ME07452,CA06652,50%,0.0415,0.423
ME07453,CA02339,50%,0.2332,0.282
ME07454,CA04499,25%,0.0801,0.314
ME07455,CA01423,25%,0.0923,0.409
ME07456,CA01492,25%,-0.0694,0.311
ME07457,CA07133,75%,-0.1222,0.358
ME07458,CA02871,100%,-0.0283,0.346
ME07459,CA02456,100%,-0.2234,0.255
ME07460,CA00537,25%,-0.0861,0.413
ME07461,CA05874,50%,-0.1207,0.179
ME07462,CA05500,75%,-0.2621,0.141
ME07463,CA00745,50%,0.0578,0.268
ME07464,CA03329,75%,0.2319,0.421
ME07465,CA04933,50%,-0.0098,0.279
ME07466,CA04828,50%,0.0664,0.227
ME07467,CA03391,50%,-0.2609,0.134
ME07468,CA05190,50%,-0.0093,0.141
ME07469,CA00861,100%,0.1561,0.119
ME07470,CA06474,25%,0.0734,0.175
ME07471,CA00618,75%,-0.0918,0.417
ME07472,CA00504,100%,-0.2983,0.484
ME07473,CA03026,100%,0.173,0.274
ME07474,CA03759,25%,0.016,0.422
ME07475,CA02721,25%,0.0355,0.151
ME07476,CA05096,50%,-0.1358,0.307
ME07477,CA06436,75%,0.243,0.342
ME07478,CA05642,25%,0.297,0.403
ME07479,CA02394,50%,-0.1744,0.487
ME07480,CA00457,50%,-0.0196,0.411
ME07481,CA02560,50%,-0.6081,0.424
ME07482,CA03892,25%,-0.2727,0.43
ME07483,CA05137,25%,-0.0224,0.465
ME07484,CA02411,100%,0.1631,0.347
ME07485,CA02930,75%,0.048,0.167
ME07486,CA06658,100%,0.1699,0.161
ME07487,CA05347,100%,0.2022,0.292
ME07488,CA04897,50%,-0.0268,0.242
ME07489,CA05566,50%,-0.15,0.284
ME07490,CA02892,25%,0.0446,0.385
ME07491,CA02427,75%,0.2252,0.456
ME07492,CA04297,75%,-0.0584,0.349
ME07493,CA04063,50%,0.0556,0.398
ME07494,CA00401,50%,-0.0288,0.115
ME07495,CA06722,25%,0.1683,0.38
ME07496,CA06165,75%,0.1548,0.434
ME07497,CA01087,50%,-0.1882,0.416
ME07498,CA05433,50%,0.0802,0.267
ME07499,CA04084,100%,-0.1109,0.425
ME07500,CA05941,50%,-0.2917,0.439
ME07501,CA00755,75%,-0.0247,0.338
ME07502,CA06942,100%,-0.0958,0.5
ME07503,CA02708,75%,-0.2087,0.249
ME07504,CA06335,75%,0.502,0.44
ME07505,CA01097,25%,0.0887,0.195
ME07506,CA02626,50%,0.283,0.159
ME07507,CA05180,100%,0.0477,0.387
ME07508,CA04740,50%,-0.1722,0.115
ME07509,CA02593,50%,-0.0675,0.353
ME07510,CA03542,75%,0.0539,0.119
ME07511,CA06684,25%,0.2713,0.364
ME07512,CA01993,75%,-0.1129,0.34
ME07513,CA01810,75%,-0.0017,0.273
ME07514,CA02567,50%,0.1819,0.182
ME07515,CA06303,25%,0.2638,0.305
ME07516,CA05401,75%,-0.3219,0.293
ME07517,CA03805,100%,-0.2365,0.373
ME07518,CA04584,75%,-0.011,0.146
ME07519,CA00150,75%,0.018,0.454
ME07520,CA05800,50%,-0.0054,0.166
ME07521,CA06983,25%,-0.3516,0.295
ME07522,CA00105,100%,-0.1297,0.12
ME07523,CA06462,50%,0.0153,0.259
ME07524,CA00195,100%,0.0441,0.216
ME07525,CA03801,25%,-0.272,0.377
ME07526,CA04584,25%,-0.2163,0.198
ME07527,CA03724,25%,0.0969,0.372
ME07528,CA01146,100%,-0.074,0.261
ME07529,CA03599,100%,-0.1443,0.398
ME07530,CA05990,75%,-0.3127,0.189
ME07531,CA04071,100%,0.0426,0.184
ME07532,CA04220,50%,0.2727,0.344
ME07533,CA06136,75%,0.005,0.17
ME07534,CA01404,100%,-0.2032,0.146
ME07535,CA06517,100%,-0.1611,0.449
ME07536,CA06837,25%,0.1636,0.258
ME07537,CA01673,100%,-0.0243,0.397
ME07538,CA04052,100%,-0.0978,0.428
ME07539,CA06352,75%,-0.2555,0.112
ME07540,CA05944,50%,0.0122,0.139
ME07541,CA07166,75%,0.3584,0.242
ME07542,CA00803,50%,0.1437,0.311
ME07543,CA00590,50%,-0.0968,0.272
ME07544,CA01732,75%,0.3287,0.191
ME07545,CA04086,25%,-0.1649,0.271
ME07546,CA03322,75%,-0.4643,0.234
ME07547,CA05542,100%,-0.0943,0.438
ME07548,CA03005,50%,-0.0434,0.345
ME07549,CA03148,50%,0.1451,0.25
ME07550,CA06786,75%,-0.0859,0.123
ME07551,CA06608,75%,0.1796,0.211
ME07552,CA01437,75%,0.0346,0.157
ME07553,CA01259,75%,0.0788,0.303
ME07554,CA07052,100%,-0.1395,0.407
ME07555,CA00588,75%,-0.1095,0.476
ME07556,CA01290,75%,-0.0495,0.197
ME07557,CA06342,75%,-0.021,0.171
ME07558,CA04198,100%,0.2124,0.154
ME07559,CA04336,50%,0.0366,0.149
ME07560,CA04452,100%,0.2262,0.5
ME07561,CA02762,100%,0.1772,0.313
ME07562,CA03283,50%,-0.0884,0.215
ME07563,CA04364,25%,-0.0751,0.477
ME07564,CA03767,75%,0.1732,0.257
ME07565,CA03414,100%,0.1426,0.321
ME07566,CA03747,75%,-0.1306,0.197
ME07567,CA03818,75%,-0.009,0.425
ME07568,CA06703,50%,-0.0177,0.225
ME07569,CA06217,50%,-0.109,0.211
ME07570,CA05971,50%,-0.1745,0.495
ME07571,CA06467,50%,0.2215,0.272
ME07572,CA03239,75%,0.4156,0.18
ME07573,CA03512,75%,0.1552,0.298
ME07574,CA01438,100%,-0.1383,0.315
ME07575,CA01240,25%,-0.0793,0.116
ME07576,CA01658,75%,-0.2175,0.203
ME07577,CA03522,100%,-0.1035,0.488
ME07578,CA04676,50%,0.0782,0.406
ME07579,CA00019,25%,-0.0157,0.243
ME07580,CA06076,75%,-0.2476,0.268
ME07581,CA06395,25%,0.1983,0.315
ME07582,CA01299,50%,0.011,0.463
ME07583,CA03408,75%,0.0786,0.202
ME07584,CA02842,50%,-0.2195,0.303
ME07585,CA01077,100%,-0.1107,0.159
ME07586,CA02752,25%,-0.1683,0.277
ME07587,CA02351,75%,0.0203,0.442
ME07588,CA06389,100%,-0.2834,0.466
ME07589,CA02195,75%,-0.0859,0.178
ME07590,CA02074,100%,-0.0269,0.128
ME07591,CA02425,25%,0.1128,0.344
ME07592,CA05040,25%,-0.112,0.139
ME07593,CA06777,25%,0.179,0.345
ME07594,CA03509,75%,-0.0891,0.267
ME07595,CA00274,100%,0.1131,0.287
ME07596,CA02572,75%,-0.0898,0.38
ME07597,CA01667,25%,0.0713,0.283
ME07598,CA03668,50%,-0.2414,0.265
ME07599,CA05315,25%,0.3324,0.257
ME07600,CA04303,25%,0.0406,0.395
ME07601,CA02586,50%,-0.0573,0.123
ME07602,CA05361,25%,0.0497,0.173
ME07603,CA05016,50%,-0.3176,0.188
ME07604,CA02740,75%,0.0163,0.34
ME07605,CA03391,50%,0.0761,0.494
ME07606,CA05405,75%,0.1696,0.462
ME07607,CA06579,75%,-0.0087,0.327
ME07608,CA06131,75%,-0.0725,0.22
ME07609,CA01988,50%,0.0106,0.432
ME07610,CA03754,100%,-0.2051,0.352
ME07611,CA06628,100%,-0.0694,0.304
ME07612,CA05610,50%,-0.2726,0.2
ME07613,CA04247,50%,-0.2464,0.141
ME07614,CA07080,25%,-0.0276,0.154
ME07615,CA06064,75%,-0.0618,0.439
ME07616,CA04193,25%,-0.1678,0.147
ME07617,CA04311,100%,0.0109,0.436
ME07618,CA02398,75%,-0.1177,0.283
ME07619,CA00456,50%,0.1422,0.304
ME07620,CA05618,75%,-0.2961,0.112
ME07621,CA01572,75%,0.0043,0.373
ME07622,CA01716,100%,-0.082,0.263
ME07623,CA06410,50%,-0.1086,0.427
ME07624,CA03839,100%,0.0748,0.102
ME07625,CA04830,100%,0.0781,0.281
ME07626,CA02268,50%,-0.1852,0.103
ME07627,CA04645,50%,-0.3213,0.261
ME07628,CA03658,75%,0.0979,0.184
ME07629,CA00139,75%,-0.1631,0.163
ME07630,CA01054,25%,-0.5308,0.203
ME07631,CA00822,25%,0.2044,0.171
ME07632,CA06070,75%,0.1501,0.33
ME07633,CA04196,100%,0.1351,0.105
ME07634,CA02962,50%,0.2628,0.258
ME07635,CA03530,75%,-0.1947,0.274
ME07636,CA07096,100%,0.2159,0.106
ME07637,CA06689,100%,-0.06,0.262
ME07638,CA04377,25%,-0.0583,0.123
ME07639,CA05841,75%,-0.2447,0.4
ME07640,CA00839,100%,-0.1003,0.174
ME07641,CA03130,75%,-0.3892,0.418
ME07642,CA01985,25%,0.3128,0.118
ME07643,CA07057,75%,0.0279,0.293
ME07644,CA00148,100%,-0.0978,0.481
ME07645,CA01443,50%,0.3089,0.23
ME07646,CA00599,25%,0.2442,0.22
ME07647,CA01997,25%,-0.2181,0.462
ME07648,CA02126,75%,-0.2773,0.337
ME07649,CA01067,50%,-0.0516,0.173
ME07650,CA06103,75%,0.1161,0.233
ME07651,CA03960,25%,0.0165,0.135
ME07652,CA02765,25%,-0.0422,0.18
ME07653,CA04314,75%,0.2102,0.209
ME07654,CA04343,100%,0.229,0.289
ME07655,CA00548,25%,-0.2692,0.233
ME07656,CA02008,75%,0.1699,0.456
ME07657,CA06145,75%,0.2295,0.2
ME07658,CA06223,50%,-0.0269,0.472
ME07659,CA06407,75%,-0.0187,0.336
ME07660,CA01340,50%,0.093,0.183
ME07661,CA00415,75%,0.0221,0.268
ME07662,CA02434,50%,-0.126,0.296
ME07663,CA00891,75%,0.0478,0.139
ME07664,CA06366,25%,0.0949,0.264
ME07665,CA04596,25%,0.1155,0.145
ME07666,CA01900,100%,0.1126,0.415
ME07667,CA00001,50%,-0.0718,0.294
ME07668,CA00508,50%,-0.0308,0.254
ME07669,CA06211,25%,-0.1125,0.296
ME07670,CA03489,75%,-0.1279,0.345
ME07671,CA01420,100%,-0.1574,0.237
ME07672,CA01660,25%,-0.0793,0.148
ME07673,CA04151,75%,0.2751,0.436
ME07674,CA03448,100%,0.1453,0.324
ME07675,CA06011,50%,-0.0752,0.406
ME07676,CA06768,25%,0.3271,0.158
ME07677,CA05568,50%,-0.0687,0.49
ME07678,CA04313,100%,0.2526,0.415
ME07679,CA02752,50%,-0.0579,0.327
ME07680,CA00900,50%,-0.2331,0.471
ME07681,CA04956,100%,-0.1829,0.494
ME07682,CA05204,75%,0.2782,0.487
ME07683,CA05713,50%,0.0285,0.308
ME07684,CA01907,50%,-0.1538,0.366
ME07685,CA01170,75%,-0.0003,0.307
ME07686,CA05910,50%,-0.0716,0.264
ME07687,CA04605,100%,0.0615,0.483
ME07688,CA01073,100%,-0.3678,0.258
ME07689,CA01803,75%,-0.0686,0.202
ME07690,CA00123,100%,0.2056,0.301
ME07691,CA01129,50%,0.1522,0.239
ME07692,CA03584,25%,0.1703,0.249
ME07693,CA04063,100%,0.2502,0.44
ME07694,CA06949,25%,-0.0869,0.202
ME07695,CA01474,75%,-0.3031,0.41
ME07696,CA06921,100%,0.1632,0.45
ME07697,CA06894,25%,-0.1625,0.245
ME07698,CA04010,50%,-0.0518,0.254
ME07699,CA03422,50%,0.0559,0.104
ME07700,CA03704,50%,0.0951,0.488
ME07701,CA03641,100%,0.2129,0.487
ME07702,CA04365,50%,-0.3034,0.492
ME07703,CA04067,75%,-0.1027,0.263
ME07704,CA02353,50%,-0.1839,0.45
ME07705,CA01909,25%,0.2514,0.305
ME07706,CA04408,75%,0.1232,0.275
ME07707,CA03790,25%,0.126,0.405
ME07708,CA06209,100%,0.1228,0.101
ME07709,CA03286,25%,-0.0029,0.191
ME07710,CA05563,50%,0.1253,0.248
ME07711,CA03536,25%,-0.0083,0.478
ME07712,CA00737,100%,-0.3553,0.499
ME07713,CA01719,75%,-0.1201,0.115
ME07714,CA01414,50%,0.0156,0.486
ME07715,CA00644,100%,0.0191,0.366
ME07716,CA01919,75%,0.0093,0.145
ME07717,CA01893,25%,0.1043,0.205
ME07718,CA01861,50%,-0.2779,0.42
ME07719,CA03520,25%,0.3619,0.456
ME07720,CA05871,25%,-0.0467,0.175
ME07721,CA04556,100%,0.2414,0.433
ME07722,CA00407,75%,0.0479,0.159
ME07723,CA01781,50%,0.0552,0.353
ME07724,CA03717,25%,-0.0855,0.104
ME07725,CA06806,50%,0.1658,0.178
ME07726,CA07159,25%,0.1545,0.319
ME07727,CA03178,75%,-0.204,0.334
ME07728,CA00843,50%,0.0639,0.334
ME07729,CA03480,25%,-0.0845,0.473
ME07730,CA04153,50%,-0.0971,0.333
ME07731,CA04842,25%,-0.3971,0.229
ME07732,CA04315,25%,0.0668,0.35
ME07733,CA06314,25%,0.0619,0.229
ME07734,CA03106,25%,-0.0985,0.373
ME07735,CA04377,50%,0.07,0.477
ME07736,CA02400,25%,0.1145,0.359
ME07737,CA05647,50%,0.0602,0.244
ME07738,CA00502,25%,-0.0252,0.495
ME07739,CA01220,75%,-0.051,0.396
ME07740,CA06937,50%,0.2264,0.485
ME07741,CA05111,50%,-0.0082,0.343
ME07742,CA00126,75%,-0.3493,0.187
ME07743,CA02577,25%,0.1715,0.244
ME07744,CA00534,25%,-0.0713,0.108
ME07745,CA02889,50%,0.1041,0.445
ME07746,CA03081,100%,-0.1311,0.134
ME07747,CA04012,100%,0.2565,0.227
ME07748,CA00175,50%,0.1114,0.259
ME07749,CA03309,50%,0.1548,0.299
ME07750,CA02630,50%,-0.2119,0.184
ME07751,CA05214,25%,0.1115,0.181
ME07752,CA02218,75%,-0.245,0.484
ME07753,CA00863,25%,0.5018,0.402
ME07754,CA06193,100%,-0.1794,0.344
ME07755,CA06433,50%,0.0249,0.349
ME07756,CA03254,50%,0.0886,0.143
ME07757,CA06877,50%,-0.0683,0.123
ME07758,CA04533,50%,-0.0797,0.152
ME07759,CA05286,25%,-0.0369,0.426
ME07760,CA03867,75%,0.2295,0.131
ME07761,CA00033,100%,-0.1299,0.103
ME07762,CA05783,25%,0.0615,0.203
ME07763,CA02593,100%,0.3619,0.264
ME07764,CA04031,75%,-0.5638,0.47
ME07765,CA01245,100%,-0.1258,0.234
ME07766,CA01690,50%,0.3428,0.346
ME07767,CA00381,100%,-0.4177,0.166
ME07768,CA01619,75%,-0.0983,0.284
ME07769,CA05149,50%,0.1789,0.488
ME07770,CA02194,75%,0.1768,0.37
ME07771,CA02875,75%,0.2246,0.462
ME07772,CA05603,50%,0.084,0.267
ME07773,CA03754,25%,-0.0736,0.184
ME07774,CA05580,75%,0.0097,0.187
ME07775,CA03807,75%,-0.2159,0.117
ME07776,CA00813,25%,0.0448,0.258
ME07777,CA01843,50%,-0.0893,0.321
ME07778,CA06771,75%,0.1971,0.274
ME07779,CA05235,100%,0.3678,0.385
ME07780,CA03407,25%,-0.0237,0.213
ME07781,CA01365,75%,-0.2933,0.367
ME07782,CA01419,75%,0.3478,0.209
ME07783,CA04536,100%,-0.0175,0.364
ME07784,CA04619,100%,-0.025,0.258
ME07785,CA01088,25%,-0.3501,0.106
ME07786,CA00354,50%,-0.1481,0.121
ME07787,CA06663,75%,-0.0027,0.346
ME07788,CA02577,75%,0.1336,0.21
ME07789,CA06031,25%,0.3059,0.399
ME07790,CA01588,25%,0.0859,0.481
ME07791,CA01522,100%,0.023,0.465
ME07792,CA02216,75%,-0.0376,0.477
ME07793,CA00801,50%,0.0537,0.188
ME07794,CA05501,25%,-0.0406,0.459
ME07795,CA00122,50%,-0.124,0.329
ME07796,CA05567,25%,-0.2193,0.375
ME07797,CA01498,75%,-0.3052,0.38
ME07798,CA00680,25%,0.0969,0.407
ME07799,CA03747,75%,-0.0762,0.208
ME07800,CA01767,50%,-0.1959,0.239
ME07801,CA02896,50%,-0.038,0.189
ME07802,CA05382,25%,-0.3268,0.198
ME07803,CA04925,50%,0.1087,0.217
ME07804,CA05352,100%,0.188,0.44
ME07805,CA03636,75%,-0.043,0.319
ME07806,CA03266,75%,0.0124,0.304
ME07807,CA04510,50%,-0.1942,0.15
ME07808,CA05642,50%,0.0913,0.307
ME07809,CA06088,25%,0.0523,0.164
ME07810,CA02013,25%,-0.0638,0.202
ME07811,CA00396,50%,-0.2019,0.274
ME07812,CA02846,50%,0.0707,0.432
ME07813,CA05681,50%,0.0538,0.291
ME07814,CA01157,100%,-0.1521,0.469
ME07815,CA06920,25%,-0.4144,0.392
ME07816,CA05669,75%,-0.2576,0.133
ME07817,CA05514,25%,-0.0282,0.264
ME07818,CA07181,25%,-0.3227,0.271
ME07819,CA05459,75%,-0.4093,0.233
ME07820,CA04094,50%,-0.0191,0.144
ME07821,CA06368,100%,-0.0526,0.42
ME07822,CA00393,100%,-0.2788,0.118
ME07823,CA03466,25%,-0.0575,0.455
ME07824,CA00340,75%,-0.1414,0.475
ME07825,CA03368,100%,-0.0492,0.324
ME07826,CA04595,75%,-0.116,0.253
ME07827,CA02756,25%,-0.1009,0.319
ME07828,CA05915,100%,-0.1723,0.38
ME07829,CA01424,100%,-0.1053,0.423
ME07830,CA03592,50%,0.1405,0.314
ME07831,CA01640,25%,0.0561,0.111
ME07832,CA02883,75%,-0.161,0.257
ME07833,CA01274,100%,-0.0858,0.139
ME07834,CA05809,50%,0.1231,0.442
ME07835,CA01896,25%,0.3406,0.138
ME07836,CA01898,75%,-0.1655,0.394
ME07837,CA06755,100%,-0.1512,0.159
ME07838,CA04995,75%,-0.1389,0.241
ME07839,CA01992,50%,-0.1682,0.261
ME07840,CA06294,25%,0.1819,0.262
ME07841,CA02031,100%,0.3855,0.337
ME07842,CA07068,75%,0.2217,0.226
ME07843,CA05920,50%,-0.1742,0.145
ME07844,CA06955,100%,0.1654,0.382
ME07845,CA05441,50%,0.0776,0.498
ME07846,CA02701,75%,-0.1272,0.104
ME07847,CA03667,75%,-0.0364,0.206
ME07848,CA01269,50%,-0.1733,0.436
ME07849,CA06423,25%,0.3068,0.469
ME07850,CA03956,50%,0.0514,0.197
ME07851,CA06084,100%,0.2397,0.136
ME07852,CA06237,75%,-0.0719,0.128
ME07853,CA00967,25%,-0.1374,0.281
ME07854,CA01384,75%,0.003,0.464
ME07855,CA03441,100%,0.0787,0.177
ME07856,CA02477,75%,-0.275,0.444
ME07857,CA00640,75%,-0.0365,0.254
ME07858,CA04383,100%,-0.116,0.353
ME07859,CA01143,100%,-0.0438,0.327
ME07860,CA01638,75%,0.3008,0.268
ME07861,CA01796,50%,0.0451,0.261
ME07862,CA00520,75%,0.2061,0.248
ME07863,CA01397,100%,0.2373,0.467
ME07864,CA01124,25%,-0.4419,0.484
ME07865,CA04317,75%,-0.0666,0.437
ME07866,CA05485,50%,0.2067,0.149
ME07867,CA05040,50%,-0.0742,0.152
ME07868,CA05659,25%,0.3352,0.163
ME07869,CA02819,75%,-0.521,0.394
ME07870,CA06840,75%,0.1455,0.326
ME07871,CA01233,50%,-0.0309,0.384
ME07872,CA05982,100%,0.0167,0.141
ME07873,CA04396,100%,-0.0676,0.25
ME07874,CA05003,25%,-0.0599,0.234
ME07875,CA04443,50%,0.1008,0.168
ME07876,CA00319,25%,0.2081,0.316
ME07877,CA05369,75%,-0.0804,0.354
ME07878,CA03504,100%,0.0974,0.106
ME07879,CA03400,25%,0.0193,0.426
ME07880,CA03504,50%,-0.2566,0.398
ME07881,CA02557,50%,-0.0662,0.262
ME07882,CA02009,25%,-0.0633,0.471
ME07883,CA05522,75%,0.0323,0.182
ME07884,CA05924,75%,0.2736,0.103
ME07885,CA06599,100%,-0.2729,0.319
ME07886,CA05008,75%,-0.2332,0.206
ME07887,CA00221,75%,0.269,0.22
ME07888,CA06904,75%,0.2156,0.187
ME07889,CA00155,75%,0.0715,0.385
ME07890,CA00858,75%,-0.0013,0.25
ME07891,CA02579,25%,-0.2763,0.474
ME07892,CA06093,50%,-0.0836,0.276
ME07893,CA02357,100%,0.089,0.365
ME07894,CA00500,50%,-0.2184,0.151
ME07895,CA03133,75%,0.091,0.158
ME07896,CA01568,50%,-0.1533,0.495
ME07897,CA04777,25%,0.0371,0.202
ME07898,CA05365,25%,0.0635,0.255
ME07899,CA05852,25%,0.2572,0.115
ME07900,CA02930,75%,-0.36,0.187
ME07901,CA05917,75%,-0.0053,0.188
ME07902,CA07175,50%,-0.4786,0.223
ME07903,CA06910,100%,-0.0242,0.491
ME07904,CA06576,100%,0.1299,0.254
ME07905,CA03771,75%,-0.0188,0.152
ME07906,CA04680,100%,-0.0096,0.144
ME07907,CA06009,100%,0.0377,0.294
ME07908,CA00808,100%,0.0607,0.155
ME07909,CA01856,75%,-0.198,0.387
ME07910,CA05610,100%,-0.0331,0.343
ME07911,CA01349,50%,-0.2267,0.167
ME07912,CA01268,75%,0.2542,0.445
ME07913,CA03834,25%,0.4461,0.161
ME07914,CA02251,100%,0.1241,0.325
ME07915,CA05645,50%,-0.1541,0.171
ME07916,CA05386,100%,-0.2042,0.344
ME07917,CA00119,50%,0.1708,0.15
ME07918,CA06406,75%,-0.3443,0.153
ME07919,CA04490,75%,0.035,0.437
ME07920,CA01755,100%,0.1106,0.45
ME07921,CA05464,50%,-0.1371,0.375
ME07922,CA05153,25%,0.0494,0.104
ME07923,CA04843,25%,0.0875,0.331
ME07924,CA05882,75%,-0.2188,0.131
ME07925,CA06383,50%,0.0102,0.234
ME07926,CA00988,100%,0.1846,0.398
ME07927,CA06177,75%,-0.3012,0.468
ME07928,CA01898,75%,0.1887,0.146
ME07929,CA06309,50%,-0.0372,0.394
ME07930,CA03521,75%,-0.0788,0.259
ME07931,CA05013,25%,-0.1305,0.195
ME07932,CA00793,25%,0.093,0.307
ME07933,CA05652,25%,0.0311,0.39
ME07934,CA05138,100%,-0.0961,0.422
ME07935,CA00580,50%,0.0306,0.337
ME07936,CA05351,100%,0.0651,0.223
ME07937,CA01419,100%,0.175,0.225
ME07938,CA06978,25%,-0.0838,0.264
ME07939,CA02127,100%,-0.0553,0.24
ME07940,CA02448,25%,0.2438,0.372
ME07941,CA05929,25%,-0.0628,0.306
ME07942,CA06957,75%,0.3734,0.383
ME07943,CA00142,100%,0.2779,0.419
ME07944,CA05259,25%,0.0513,0.481
ME07945,CA01686,25%,0.2599,0.484
ME07946,CA05195,100%,-0.0656,0.106
ME07947,CA07102,50%,-0.1699,0.101
ME07948,CA03407,50%,0.215,0.448
ME07949,CA04747,100%,-0.2337,0.483
ME07950,CA01010,50%,-0.196,0.451
ME07951,CA02770,25%,0.2586,0.131
ME07952,CA03522,75%,-0.3211,0.245
ME07953,CA05156,100%,-0.1901,0.27
ME07954,CA06649,75%,0.1482,0.408
ME07955,CA05799,50%,-0.1991,0.286
ME07956,CA05604,50%,0.1564,0.491
ME07957,CA04254,25%,-0.2411,0.186
ME07958,CA04934,75%,-0.3916,0.272
ME07959,CA04736,25%,-0.3693,0.424
ME07960,CA00066,75%,0.2094,0.187
ME07961,CA06732,75%,0.1322,0.142
ME07962,CA04201,25%,0.3252,0.236
ME07963,CA04418,25%,0.242,0.243
ME07964,CA06571,100%,0.0183,0.437
ME07965,CA06345,25%,0.4011,0.377
ME07966,CA01512,50%,0.1578,0.342
ME07967,CA04748,50%,-0.3944,0.354
ME07968,CA04070,25%,-0.0413,0.39
ME07969,CA03621,75%,-0.011,0.235
ME07970,CA01060,50%,-0.1603,0.278
ME07971,CA04848,25%,-0.1032,0.105
ME07972,CA01477,25%,0.1078,0.256
ME07973,CA03583,50%,0.2185,0.314
ME07974,CA02575,75%,0.0604,0.167
ME07975,CA03148,25%,0.3025,0.284
ME07976,CA05254,75%,-0.1251,0.251
ME07977,CA02806,25%,-0.0249,0.289
ME07978,CA05144,25%,0.1786,0.497
ME07979,CA05833,50%,0.1217,0.207
ME07980,CA01982,50%,0.355,0.147
ME07981,CA00321,25%,0.3028,0.369
ME07982,CA05611,50%,0.1102,0.348
ME07983,CA02248,50%,0.0134,0.449
ME07984,CA06555,25%,-0.1344,0.225
ME07985,CA01436,50%,0.1913,0.326
ME07986,CA00815,100%,0.0676,0.225
ME07987,CA03123,25%,-0.0664,0.459
ME07988,CA06112,50%,0.2202,0.262
ME07989,CA01557,75%,-0.0603,0.45
ME07990,CA06275,50%,0.3562,0.233
ME07991,CA04530,100%,0.0613,0.385
ME07992,CA01104,100%,0.2834,0.266
ME07993,CA01432,75%,-0.2893,0.46
ME07994,CA06003,100%,0.2964,0.365
ME07995,CA03196,100%,-0.1077,0.168
ME07996,CA02300,25%,0.0689,0.237
ME07997,CA06532,75%,0.3666,0.322
ME07998,CA05913,25%,-0.1278,0.48
ME07999,CA02465,50%,0.1785,0.205
ME08000,CA05511,100%,0.026,0.369
ME08001,CA04273,75%,0.1737,0.445
ME08002,CA04426,25%,0.0183,0.218
ME08003,CA04356,50%,-0.1927,0.248
ME08004,CA06105,75%,-0.0168,0.391
ME08005,CA06034,100%,-0.1092,0.207
ME08006,CA04919,50%,0.0654,0.313
ME08007,CA03228,25%,-0.2433,0.434
ME08008,CA00758,50%,-0.0705,0.369
ME08009,CA01368,25%,-0.1947,0.405
ME08010,CA04714,25%,-0.0275,0.204
ME08011,CA00720,50%,0.1945,0.426
ME08012,CA01697,50%,0.2785,0.343
ME08013,CA00495,50%,0.0918,0.14
ME08014,CA07135,50%,-0.227,0.2
ME08015,CA02134,25%,-0.0094,0.134
ME08016,CA04677,75%,0.047,0.351
ME08017,CA00414,50%,-0.0438,0.181
ME08018,CA06405,25%,-0.3567,0.284
ME08019,CA00931,100%,-0.2434,0.148
ME08020,CA05219,50%,0.0591,0.228
ME08021,CA03828,50%,0.2813,0.353
ME08022,CA00264,50%,0.237,0.101
ME08023,CA04634,25%,0.1187,0.1
ME08024,CA01741,50%,0.0215,0.32
ME08025,CA03761,75%,-0.132,0.482
ME08026,CA02317,50%,-0.0673,0.489
ME08027,CA00959,50%,0.127,0.486
ME08028,CA01994,75%,0.0931,0.169
ME08029,CA01401,100%,-0.0256,0.393
ME08030,CA00977,75%,-0.0419,0.113
ME08031,CA03055,100%,-0.1176,0.415
ME08032,CA02313,25%,-0.0852,0.314
ME08033,CA04372,75%,-0.1506,0.101
ME08034,CA01592,100%,0.0848,0.443
ME08035,CA01413,100%,0.0286,0.151
ME08036,CA01733,50%,0.0391,0.471
ME08037,CA06741,50%,0.1596,0.185
ME08038,CA00902,50%,0.3726,0.414
ME08039,CA03349,100%,0.0936,0.495
ME08040,CA03054,100%,0.0035,0.454
ME08041,CA03169,75%,0.2225,0.435
ME08042,CA00285,50%,-0.1891,0.176
ME08043,CA06027,50%,0.3707,0.433
ME08044,CA05419,50%,-0.0186,0.134
ME08045,CA07044,75%,-0.1986,0.261
ME08046,CA00704,75%,-0.04,0.463
ME08047,CA07095,25%,-0.478,0.462
ME08048,CA02429,25%,0.344,0.44
ME08049,CA02721,100%,-0.0249,0.129
ME08050,CA04426,50%,0.1242,0.14
ME08051,CA03571,50%,-0.0852,0.316
ME08052,CA03549,100%,0.3627,0.434
ME08053,CA06517,100%,0.0238,0.287
ME08054,CA03395,50%,-0.1182,0.184
ME08055,CA03363,75%,-0.1322,0.107
ME08056,CA03392,75%,0.3477,0.182
ME08057,CA06295,75%,0.2548,0.248
ME08058,CA01105,75%,0.1573,0.313
ME08059,CA03255,25%,-0.1304,0.256
ME08060,CA02926,50%,-0.0128,0.107
ME08061,CA03469,50%,-0.1166,0.238
ME08062,CA01582,75%,0.1446,0.335
ME08063,CA04465,25%,-0.0309,0.368
ME08064,CA04997,100%,-0.1139,0.483
ME08065,CA02293,75%,0.0141,0.228
ME08066,CA02705,75%,-0.2174,0.261
ME08067,CA06124,25%,0.0222,0.398
ME08068,CA00009,100%,-0.1143,0.424
ME08069,CA05917,50%,-0.0038,0.337
ME08070,CA06272,25%,-0.0386,0.132
ME08071,CA03710,50%,-0.0375,0.318
ME08072,CA02592,100%,-0.0267,0.454
ME08073,CA04261,75%,0.3271,0.108
ME08074,CA06896,100%,0.0151,0.272
ME08075,CA05747,100%,-0.04,0.109
ME08076,CA03722,100%,-0.0802,0.14
ME08077,CA03077,25%,-0.1957,0.345
ME08078,CA02187,100%,-0.0245,0.137
ME08079,CA06322,50%,-0.0139,0.429
ME08080,CA01299,50%,0.1504,0.124
ME08081,CA06175,50%,-0.1406,0.176
ME08082,CA07024,100%,0.0669,0.334
ME08083,CA03342,25%,0.1687,0.366
ME08084,CA02859,100%,-0.4369,0.358
ME08085,CA05784,100%,0.1444,0.357
ME08086,CA04581,25%,0.0883,0.49
ME08087,CA05409,75%,0.1647,0.191
ME08088,CA06345,75%,0.233,0.266
ME08089,CA03673,50%,-0.045,0.425
ME08090,CA05885,100%,-0.0289,0.388
ME08091,CA03195,50%,-0.1334,0.225
ME08092,CA02702,100%,-0.1482,0.17
ME08093,CA01508,50%,0.1265,0.43
ME08094,CA00959,100%,0.2225,0.468
ME08095,CA04275,50%,0.0664,0.314
ME08096,CA00948,25%,-0.0406,0.102
ME08097,CA00227,75%,-0.0681,0.485
ME08098,CA03936,25%,0.0158,0.148
ME08099,CA04063,100%,-0.0496,0.304
ME08100,CA00408,75%,-0.0622,0.432
ME08101,CA01065,75%,0.1088,0.135
ME08102,CA03091,25%,-0.2047,0.163
ME08103,CA00342,100%,0.272,0.196
ME08104,CA05515,100%,-0.1736,0.399
ME08105,CA01639,25%,-0.3644,0.347
ME08106,CA06144,100%,-0.023,0.218
ME08107,CA06906,75%,-0.0123,0.424
ME08108,CA00344,100%,-0.1977,0.376
ME08109,CA02227,25%,0.0189,0.384
ME08110,CA02693,100%,0.4411,0.144
ME08111,CA01084,100%,-0.0108,0.451
ME08112,CA06319,75%,0.0248,0.151
ME08113,CA01503,100%,0.2171,0.225
ME08114,CA04755,75%,0.2206,0.43
ME08115,CA05570,50%,-0.2587,0.395
ME08116,CA03570,25%,-0.1394,0.464
ME08117,CA04696,50%,-0.0111,0.314
ME08118,CA05996,50%,0.0067,0.358
ME08119,CA05627,75%,0.0709,0.386
ME08120,CA04644,25%,-0.3509,0.113
ME08121,CA03995,100%,0.2051,0.255
ME08122,CA02898,50%,0.195,0.365
ME08123,CA02883,100%,0.2756,0.239
ME08124,CA00334,50%,0.0221,0.276
ME08125,CA01538,50%,0.0187,0.103
ME08126,CA02590,25%,-0.0896,0.175
ME08127,CA04285,50%,-0.2215,0.371
ME08128,CA05252,75%,-0.0337,0.126
ME08129,CA04013,75%,-0.1216,0.216
ME08130,CA06851,75%,0.057,0.221
ME08131,CA00977,25%,0.1064,0.496
ME08132,CA06336,100%,-0.0446,0.219
ME08133,CA02823,100%,-0.0867,0.436
ME08134,CA01180,25%,-0.3441,0.121
ME08135,CA04490,25%,-0.2594,0.414
ME08136,CA00378,75%,-0.0185,0.232
ME08137,CA01836,100%,-0.0903,0.406
ME08138,CA00879,100%,-0.1344,0.404
ME08139,CA06069,50%,-0.1184,0.425
ME08140,CA03205,100%,0.2225,0.297
ME08141,CA03204,50%,0.0219,0.383
ME08142,CA03031,25%,0.0062,0.253
ME08143,CA06578,25%,-0.0948,0.39
ME08144,CA03566,100%,0.1034,0.432
ME08145,CA02243,100%,-0.0162,0.366
ME08146,CA06956,75%,-0.1017,0.38
ME08147,CA04449,25%,0.0452,0.351
ME08148,CA06670,50%,-0.3282,0.317
ME08149,CA01982,50%,0.1277,0.15
ME08150,CA00763,75%,-0.2267,0.19
ME08151,CA03593,75%,0.2045,0.218
ME08152,CA04642,50%,-0.1449,0.256
ME08153,CA01759,50%,-0.2389,0.128
ME08154,CA06297,75%,0.1745,0.162
ME08155,CA05296,25%,0.0335,0.492
ME08156,CA03036,50%,-0.0289,0.231
ME08157,CA06017,100%,-0.0621,0.188
ME08158,CA05446,25%,-0.2031,0.357
ME08159,CA06386,50%,0.1483,0.257
ME08160,CA06144,75%,-0.3601,0.492
ME08161,CA00533,25%,-0.2495,0.346
ME08162,CA05727,25%,-0.2133,0.224
ME08163,CA01325,50%,-0.1688,0.444
ME08164,CA03968,100%,0.0355,0.446
ME08165,CA07013,75%,-0.067,0.303
ME08166,CA06310,25%,-0.0079,0.103
ME08167,CA03374,75%,-0.0659,0.109
ME08168,CA00339,100%,0.2355,0.442
ME08169,CA04745,75%,0.0237,0.397
ME08170,CA07062,50%,-0.0899,0.444
ME08171,CA07087,50%,0.072,0.347
ME08172,CA01454,25%,0.1114,0.123
ME08173,CA02068,100%,0.3706,0.228
ME08174,CA03863,100%,0.3314,0.291
ME08175,CA04673,25%,-0.1051,0.106
ME08176,CA01752,100%,0.0085,0.343
ME08177,CA03044,100%,-0.1161,0.383
ME08178,CA06065,50%,-0.0693,0.418
ME08179,CA03879,100%,0.0446,0.384
ME08180,CA05691,75%,-0.3407,0.221
ME08181,CA02339,100%,0.1275,0.109
ME08182,CA01481,100%,0.1262,0.391
ME08183,CA00567,25%,0.0228,0.338
ME08184,CA04450,75%,-0.0105,0.15
ME08185,CA02183,75%,0.0163,0.286
ME08186,CA04959,75%,-0.1092,0.179
ME08187,CA00580,100%,0.0576,0.29
ME08188,CA04428,75%,-0.2061,0.154
ME08189,CA04302,100%,-0.2704,0.122
ME08190,CA02119,100%,0.1659,0.351
ME08191,CA03269,50%,0.1774,0.413
ME08192,CA00008,25%,0.136,0.287
ME08193,CA04411,25%,0.0277,0.194
ME08194,CA05746,75%,-0.1907,0.396
ME08195,CA00803,50%,0.1147,0.249
ME08196,CA04160,25%,0.0731,0.495
ME08197,CA04629,75%,-0.0708,0.288
ME08198,CA02151,75%,-0.0355,0.149
ME08199,CA00363,75%,0.1054,0.271
ME08200,CA06944,75%,0.0226,0.391
ME08201,CA06173,50%,0.2441,0.321
ME08202,CA00317,75%,0.1374,0.295
ME08203,CA02991,25%,0.1315,0.203
ME08204,CA06707,75%,-0.0741,0.114
ME08205,CA00282,75%,-0.1025,0.198
ME08206,CA01362,25%,0.2251,0.321
ME08207,CA06591,75%,0.0076,0.454
ME08208,CA00044,25%,-0.0372,0.267
ME08209,CA06850,100%,-0.0333,0.289
ME08210,CA06956,50%,0.0295,0.298
ME08211,CA01032,50%,-0.092,0.49
ME08212,CA01490,50%,-0.0511,0.118
ME08213,CA01861,25%,-0.3647,0.268
ME08214,CA05044,100%,0.2841,0.353
ME08215,CA01397,100%,-0.0475,0.361
ME08216,CA07095,75%,-0.0911,0.208
ME08217,CA05349,100%,0.1774,0.127
ME08218,CA05567,100%,-0.1132,0.402
ME08219,CA02272,25%,-0.2702,0.155
ME08220,CA06593,25%,-0.0784,0.203
ME08221,CA05926,75%,-0.1441,0.39
ME08222,CA04465,50%,-0.116,0.415
ME08223,CA00476,100%,0.1025,0.389
ME08224,CA01550,75%,0.1706,0.207
ME08225,CA05066,75%,0.0995,0.166
ME08226,CA01033,100%,0.0594,0.369
ME08227,CA00080,25%,0.1954,0.449
ME08228,CA01897,100%,0.1373,0.177
ME08229,CA01871,100%,-0.1168,0.402
ME08230,CA04344,75%,-0.1027,0.323
ME08231,CA06813,50%,-0.2351,0.412
ME08232,CA00925,100%,0.0371,0.157
ME08233,CA02022,50%,-0.0685,0.235
ME08234,CA00177,25%,0.037,0.213
ME08235,CA04278,75%,-0.0559,0.428
ME08236,CA04565,25%,0.2291,0.364
ME08237,CA02275,75%,-0.0306,0.249
ME08238,CA00083,75%,0.0957,0.392
ME08239,CA04557,50%,-0.2694,0.451
ME08240,CA02644,25%,0.0704,0.187
ME08241,CA02806,75%,-0.353,0.244
ME08242,CA06972,25%,-0.1077,0.167
ME08243,CA03372,25%,-0.4651,0.259
ME08244,CA01480,50%,0.3206,0.25
ME08245,CA04562,25%,0.2099,0.492
ME08246,CA02334,50%,-0.0771,0.444
ME08247,CA04306,75%,-0.026,0.295
ME08248,CA01889,100%,0.2456,0.239
ME08249,CA05970,50%,0.128,0.201
ME08250,CA01395,25%,-0.3614,0.471
ME08251,CA03181,50%,-0.3633,0.375
ME08252,CA04217,25%,-0.0156,0.451
ME08253,CA01975,50%,-0.0183,0.24
ME08254,CA01215,50%,-0.2503,0.304
ME08255,CA02714,100%,0.1073,0.406
ME08256,CA06035,75%,-0.2042,0.121
ME08257,CA03040,75%,-0.1038,0.224
ME08258,CA02509,50%,-0.0023,0.233
ME08259,CA01157,100%,0.1503,0.164
ME08260,CA07022,75%,0.0358,0.324
ME08261,CA01011,100%,-0.0115,0.205
ME08262,CA04680,75%,0.06,0.267
ME08263,CA07114,100%,-0.0943,0.187
ME08264,CA04558,50%,0.0392,0.343
ME08265,CA05988,100%,-0.2318,0.21
ME08266,CA05283,75%,-0.3201,0.426
ME08267,CA04963,50%,0.1543,0.302
ME08268,CA04722,25%,-0.0209,0.142
ME08269,CA01707,75%,0.0678,0.244
ME08270,CA06549,25%,-0.1081,0.181
ME08271,CA05643,25%,-0.2519,0.302
ME08272,CA04179,100%,0.1238,0.373
ME08273,CA01163,75%,-0.013,0.46
ME08274,CA04303,25%,0.2218,0.237
ME08275,CA05441,25%,0.3905,0.397
ME08276,CA03671,75%,0.4106,0.21
ME08277,CA02536,75%,0.1985,0.352
ME08278,CA01007,25%,-0.0809,0.49
ME08279,CA05265,50%,0.2022,0.451
ME08280,CA06416,50%,-0.199,0.354
ME08281,CA06336,50%,0.0371,0.474
ME08282,CA02382,50%,0.1634,0.432
ME08283,CA04144,75%,0.2385,0.484
ME08284,CA06161,25%,0.0865,0.362
ME08285,CA01902,100%,-0.126,0.143
ME08286,CA04440,75%,0.5534,0.387
ME08287,CA04599,100%,0.0263,0.425
ME08288,CA03448,75%,0.1983,0.265
ME08289,CA03078,25%,-0.0444,0.24
ME08290,CA02849,25%,-0.0853,0.434
ME08291,CA06654,25%,-0.1188,0.138
ME08292,CA03561,75%,-0.0432,0.166
ME08293,CA02833,50%,-0.0329,0.348
ME08294,CA05664,75%,-0.1129,0.446
ME08295,CA06039,50%,0.1117,0.317
ME08296,CA00101,75%,-0.1426,0.18
ME08297,CA06325,25%,-0.0114,0.175
ME08298,CA01991,50%,0.062,0.374
ME08299,CA03385,50%,-0.137,0.42
ME08300,CA07085,75%,-0.114,0.252
ME08301,CA01971,75%,0.0543,0.483
ME08302,CA02266,100%,-0.2557,0.472
ME08303,CA06808,25%,-0.1111,0.101
ME08304,CA05944,100%,-0.0515,0.157
ME08305,CA02236,75%,-0.0083,0.168
ME08306,CA01912,100%,0.1826,0.265
ME08307,CA01998,75%,-0.0326,0.198
ME08308,CA06708,100%,0.1441,0.168
ME08309,CA01229,100%,0.2308,0.401
ME08310,CA03203,50%,-0.116,0.332
ME08311,CA00082,25%,0.1127,0.405
ME08312,CA02017,75%,-0.0748,0.227
ME08313,CA03058,50%,-0.0849,0.303
ME08314,CA00005,25%,0.0778,0.163
ME08315,CA03476,50%,0.5237,0.133
ME08316,CA02983,50%,-0.0302,0.406
ME08317,CA06468,100%,0.0975,0.222
ME08318,CA00706,75%,0.1577,0.427
ME08319,CA05508,50%,-0.137,0.158
ME08320,CA01001,25%,0.0548,0.34
ME08321,CA02226,25%,0.2276,0.49
ME08322,CA00376,100%,0.2122,0.253
ME08323,CA06825,75%,0.0382,0.406
ME08324,CA00237,100%,0.2087,0.308
ME08325,CA00985,25%,0.0102,0.156
ME08326,CA00890,25%,-0.0745,0.483
ME08327,CA03224,25%,0.0093,0.299
ME08328,CA04482,25%,-0.142,0.251
ME08329,CA06090,75%,-0.0883,0.204
ME08330,CA01938,50%,0.1038,0.26
ME08331,CA02743,50%,0.0688,0.274
ME08332,CA01391,50%,-0.0228,0.191
ME08333,CA04888,50%,0.0122,0.23
ME08334,CA07104,25%,0.0692,0.314
ME08335,CA00194,25%,0.2544,0.4
ME08336,CA04638,100%,0.2226,0.227
ME08337,CA02292,75%,-0.1652,0.125
ME08338,CA02495,50%,0.0498,0.173
ME08339,CA03252,75%,0.098,0.353
ME08340,CA01529,75%,0.1469,0.107
ME08341,CA03643,100%,-0.282,0.473
ME08342,CA05888,25%,0.167,0.426
ME08343,CA05015,25%,0.0642,0.143
ME08344,CA05385,25%,0.0513,0.446
ME08345,CA02296,100%,-0.0235,0.27
ME08346,CA06058,25%,0.0186,0.469
ME08347,CA03970,100%,-0.0441,0.191
ME08348,CA03013,75%,0.0168,0.378
ME08349,CA02183,75%,-0.1327,0.473
ME08350,CA04189,50%,0.0451,0.499
ME08351,CA03091,25%,0.1792,0.231
ME08352,CA00585,50%,0.1861,0.425
ME08353,CA01531,100%,-0.1634,0.441
ME08354,CA01580,75%,-0.0794,0.333
ME08355,CA03939,100%,-0.1334,0.13
ME08356,CA06367,50%,-0.1323,0.177
ME08357,CA03179,50%,-0.0658,0.182
ME08358,CA04431,100%,0.2877,0.216
ME08359,CA06954,100%,-0.1589,0.418
ME08360,CA04888,50%,-0.1693,0.322
ME08361,CA02904,25%,-0.1585,0.29
ME08362,CA05741,50%,0.1536,0.265
ME08363,CA05114,50%,-0.0146,0.12
ME08364,CA03995,25%,0.0359,0.365
ME08365,CA04657,75%,0.3797,0.105
ME08366,CA03371,25%,-0.1615,0.262
ME08367,CA02050,25%,-0.1471,0.261
ME08368,CA00687,50%,-0.4021,0.129
ME08369,CA03315,100%,0.2437,0.226
ME08370,CA00768,25%,-0.3044,0.194
ME08371,CA02882,75%,0.0193,0.132
ME08372,CA06959,100%,0.0165,0.383
ME08373,CA02722,25%,-0.0081,0.499
ME08374,CA04308,100%,0.3279,0.259
ME08375,CA04548,100%,0.1681,0.298
ME08376,CA05191,25%,0.206,0.178
ME08377,CA01744,25%,0.0677,0.434
ME08378,CA05526,100%,0.0792,0.395
ME08379,CA04474,100%,0.0935,0.151
ME08380,CA06827,75%,-0.3192,0.201
ME08381,CA03768,75%,0.3693,0.146
ME08382,CA07147,100%,-0.2147,0.231
ME08383,CA02307,50%,0.2431,0.234
ME08384,CA04786,50%,0.4241,0.131
ME08385,CA04698,100%,-0.101,0.191
ME08386,CA02392,25%,-0.0745,0.124
ME08387,CA02400,25%,-0.0441,0.118
ME08388,CA02592,100%,-0.0684,0.138
ME08389,CA02047,50%,-0.0034,0.481
ME08390,CA01846,50%,0.1786,0.211
ME08391,CA06216,50%,-0.0929,0.37
ME08392,CA04655,75%,0.1758,0.494
ME08393,CA07162,100%,-0.2786,0.146
ME08394,CA02608,25%,0.1448,0.27
ME08395,CA02620,50%,0.1807,0.104
ME08396,CA03750,50%,-0.0021,0.283
ME08397,CA03299,25%,0.0258,0.156
ME08398,CA02631,75%,0.1585,0.494
ME08399,CA04419,25%,-0.1052,0.3
ME08400,CA00827,100%,0.0339,0.358
ME08401,CA04789,100%,-0.1643,0.412
ME08402,CA03397,100%,-0.0043,0.399
ME08403,CA05307,100%,-0.1002,0.429
ME08404,CA00289,25%,-0.0572,0.29
ME08405,CA00300,100%,0.0907,0.221
ME08406,CA01511,25%,-0.1557,0.384
ME08407,CA00134,50%,-0.2286,0.467
ME08408,CA02611,75%,0.1598,0.295
ME08409,CA03497,100%,0.2838,0.231
ME08410,CA06265,25%,-0.0599,0.199
ME08411,CA04535,75%,0.2398,0.127
ME08412,CA05504,50%,-0.1858,0.319
ME08413,CA04965,50%,-0.3227,0.326
ME08414,CA02031,50%,0.162,0.22
ME08415,CA05094,50%,-0.2127,0.456
ME08416,CA02585,100%,-0.0649,0.405
ME08417,CA06080,50%,0.0434,0.423
ME08418,CA03022,100%,-0.1502,0.267
ME08419,CA03336,25%,-0.2206,0.318
ME08420,CA05543,75%,0.002,0.108
ME08421,CA02294,100%,0.1634,0.441
ME08422,CA05466,75%,0.0889,0.408
ME08423,CA03986,75%,0.3853,0.33
ME08424,CA02025,25%,0.0435,0.216
ME08425,CA06486,25%,-0.045,0.198
ME08426,CA05045,100%,0.2504,0.118
ME08427,CA03068,75%,-0.0133,0.447
ME08428,CA03148,100%,-0.0615,0.11
ME08429,CA00680,100%,0.1158,0.271
ME08430,CA00283,25%,-0.1764,0.242
ME08431,CA06661,75%,-0.2845,0.294
ME08432,CA04154,100%,-0.0975,0.208
ME08433,CA06861,25%,0.1904,0.423
ME08434,CA05908,50%,0.1736,0.201
ME08435,CA01402,50%,-0.2363,0.394
ME08436,CA01805,50%,0.0212,0.325
ME08437,CA02594,75%,-0.097,0.185
ME08438,CA02841,25%,0.1562,0.468
ME08439,CA01185,100%,0.1682,0.458
ME08440,CA06673,100%,-0.0496,0.287
ME08441,CA03511,50%,-0.0302,0.194
ME08442,CA00533,25%,-0.2442,0.464
ME08443,CA01630,75%,-0.1393,0.274
ME08444,CA06087,100%,-0.1127,0.426
ME08445,CA01092,75%,0.2316,0.409
ME08446,CA02571,50%,-0.3338,0.33
ME08447,CA06948,25%,0.1723,0.254
ME08448,CA00709,75%,-0.1626,0.298
ME08449,CA05693,25%,-0.1454,0.124
ME08450,CA01375,100%,-0.4331,0.3
ME08451,CA07200,50%,0.1054,0.301
ME08452,CA03414,100%,0.1782,0.44
ME08453,CA06804,50%,0.1994,0.175
ME08454,CA05281,50%,0.2036,0.335
ME08455,CA01552,25%,0.0761,0.226
ME08456,CA06984,100%,-0.0166,0.298
ME08457,CA00577,25%,-0.1242,0.112
ME08458,CA04403,25%,-0.135,0.284
ME08459,CA03659,25%,0.1812,0.42
ME08460,CA04816,100%,-0.1543,0.436
ME08461,CA03946,75%,-0.2478,0.4
ME08462,CA00474,100%,-0.0456,0.489
ME08463,CA02412,75%,-0.0429,0.382
ME08464,CA06776,100%,0.4531,0.441
ME08465,CA05149,75%,0.0908,0.418
ME08466,CA06416,75%,-0.0442,0.204
ME08467,CA07135,50%,-0.1549,0.385
ME08468,CA04220,100%,0.1955,0.215
ME08469,CA05258,100%,0.105,0.295
ME08470,CA05326,75%,0.1136,0.292
ME08471,CA06694,100%,-0.0703,0.102
ME08472,CA05193,75%,0.0751,0.216
ME08473,CA06541,100%,-0.2757,0.439
ME08474,CA04743,50%,-0.1309,0.227
ME08475,CA05539,100%,-0.0591,0.112
ME08476,CA04797,100%,0.1372,0.206
ME08477,CA06693,50%,0.3688,0.454
ME08478,CA01874,25%,0.204,0.244
ME08479,CA06048,100%,-0.0652,0.499
ME08480,CA01540,100%,-0.0383,0.43
ME08481,CA05562,50%,0.152,0.243
ME08482,CA03185,75%,0.3399,0.27
ME08483,CA06520,100%,0.131,0.297
ME08484,CA01590,25%,-0.0602,0.181
ME08485,CA02785,75%,-0.2146,0.399
ME08486,CA00793,75%,-0.0795,0.365
ME08487,CA01959,75%,0.1822,0.494
ME08488,CA01001,50%,0.0261,0.334
ME08489,CA03811,75%,-0.3329,0.392
ME08490,CA06782,25%,0.2999,0.398
ME08491,CA05335,25%,-0.379,0.363
ME08492,CA00329,25%,-0.1382,0.289
ME08493,CA04180,100%,-0.0103,0.136
ME08494,CA04791,75%,-0.3536,0.115
ME08495,CA00562,100%,-0.1243,0.439
ME08496,CA03116,25%,0.0481,0.485
ME08497,CA04423,100%,0.1164,0.197
ME08498,CA03510,50%,0.0533,0.274
ME08499,CA00433,50%,0.1497,0.111
ME08500,CA03171,50%,-0.0291,0.155
ME08501,CA03078,75%,-0.0042,0.128
ME08502,CA02332,100%,0.0192,0.234
ME08503,CA07044,100%,-0.0843,0.272
ME08504,CA04144,75%,-0.177,0.454
ME08505,CA07099,25%,-0.0283,0.333
ME08506,CA06916,50%,0.2364,0.189
ME08507,CA00092,75%,-0.1296,0.267
ME08508,CA03658,75%,0.336,0.229
ME08509,CA04943,50%,-0.1492,0.167
ME08510,CA06319,50%,-0.1957,0.498
ME08511,CA01635,50%,0.1419,0.172
ME08512,CA00463,75%,0.2585,0.451
ME08513,CA06967,75%,-0.2629,0.259
ME08514,CA06538,50%,0.3172,0.419
ME08515,CA00493,75%,0.2273,0.456
ME08516,CA04451,75%,-0.1551,0.471
ME08517,CA03397,100%,0.097,0.24
ME08518,CA01580,100%,0.0814,0.458
ME08519,CA06700,75%,-0.063,0.121
ME08520,CA06959,25%,0.0814,0.14
ME08521,CA03688,100%,-0.0834,0.245
ME08522,CA01663,50%,-0.232,0.455
ME08523,CA03592,75%,0.0426,0.293
ME08524,CA02197,100%,0.3379,0.155
ME08525,CA06453,100%,-0.0385,0.309
ME08526,CA00532,50%,0.0027,0.222
ME08527,CA06620,75%,-0.2044,0.24
ME08528,CA03249,50%,-0.3108,0.446
ME08529,CA00415,25%,0.0261,0.243
ME08530,CA00802,100%,-0.3894,0.261
ME08531,CA07015,25%,0.0232,0.249
ME08532,CA05012,25%,0.0942,0.227
ME08533,CA04657,25%,0.2028,0.119
ME08534,CA04333,25%,-0.1539,0.338
ME08535,CA03756,100%,-0.1309,0.234
ME08536,CA06406,100%,0.0862,0.273
ME08537,CA03405,75%,0.1363,0.129
ME08538,CA05353,100%,-0.0005,0.479
ME08539,CA06898,50%,0.1193,0.144
ME08540,CA03956,100%,0.192,0.495
ME08541,CA02414,75%,-0.0168,0.468
ME08542,CA00614,100%,0.0319,0.248
ME08543,CA01324,50%,0.0181,0.272
ME08544,CA02806,50%,-0.0254,0.128
ME08545,CA06020,25%,-0.0704,0.12
ME08546,CA02701,50%,0.0838,0.163
ME08547,CA03676,50%,0.1532,0.328
ME08548,CA04661,75%,-0.0502,0.113
ME08549,CA04306,75%,0.0475,0.487
ME08550,CA01408,75%,-0.0679,0.332
ME08551,CA06744,25%,0.1591,0.213
ME08552,CA05479,25%,-0.1068,0.457
ME08553,CA05175,50%,0.0167,0.372
ME08554,CA00126,50%,-0.1105,0.129
ME08555,CA03790,75%,-0.062,0.34
ME08556,CA04103,100%,0.0402,0.272
ME08557,CA00229,75%,0.0517,0.158
ME08558,CA04659,75%,0.2078,0.118
ME08559,CA06030,75%,-0.204,0.346
ME08560,CA05960,50%,0.0466,0.211
ME08561,CA02617,100%,-0.2846,0.125
ME08562,CA03201,75%,0.0347,0.382
ME08563,CA02501,100%,0.2474,0.248
ME08564,CA01441,50%,0.0056,0.429
ME08565,CA02977,100%,-0.0669,0.257
ME08566,CA03323,100%,0.3048,0.394
ME08567,CA00228,50%,0.0618,0.187
ME08568,CA05031,25%,-0.1859,0.442
ME08569,CA06709,100%,0.249,0.482
ME08570,CA00123,50%,-0.5131,0.214
ME08571,CA00678,100%,-0.0037,0.232
ME08572,CA03318,25%,-0.3432,0.263
ME08573,CA04593,75%,0.0098,0.303
ME08574,CA01321,100%,-0.1287,0.271
ME08575,CA06269,50%,-0.2315,0.449
ME08576,CA04689,25%,0.2799,0.346
ME08577,CA03775,25%,0.1198,0.439
ME08578,CA00181,100%,0.0469,0.213
ME08579,CA00689,25%,0.0997,0.182
ME08580,CA01110,75%,0.0525,0.184
ME08581,CA00999,25%,-0.0083,0.409
ME08582,CA06002,25%,-0.1241,0.365
ME08583,CA02380,50%,-0.1066,0.118
ME08584,CA01119,50%,0.1227,0.298
ME08585,CA04675,100%,0.095,0.213
ME08586,CA06938,50%,0.0598,0.148
ME08587,CA00781,75%,0.26,0.12
ME08588,CA02713,50%,-0.2461,0.364
ME08589,CA00566,100%,-0.1635,0.18
ME08590,CA04327,75%,-0.3732,0.224
ME08591,CA02172,100%,0.0588,0.394
ME08592,CA03836,100%,0.0593,0.437
ME08593,CA01360,100%,0.1229,0.209
ME08594,CA05682,100%,0.1733,0.454
ME08595,CA05682,75%,0.2456,0.232
ME08596,CA05229,50%,-0.3457,0.296
ME08597,CA05170,50%,-0.0571,0.308
ME08598,CA05379,100%,-0.3574,0.197
ME08599,CA05856,75%,0.1765,0.448
ME08600,CA06669,25%,-0.0627,0.106
ME08601,CA04989,25%,-0.1954,0.422
ME08602,CA04872,50%,-0.0531,0.131
ME08603,CA02901,50%,-0.0335,0.137
ME08604,CA02706,50%,-0.1488,0.123
ME08605,CA05056,75%,-0.0005,0.29
ME08606,CA04827,25%,-0.0809,0.334
ME08607,CA03312,100%,-0.1045,0.271
ME08608,CA05233,100%,0.0769,0.431
ME08609,CA03369,75%,0.0207,0.186
ME08610,CA04683,100%,0.1359,0.354
ME08611,CA03108,50%,-0.1181,0.114
ME08612,CA04647,50%,0.2693,0.261
ME08613,CA05474,25%,-0.3043,0.477
ME08614,CA02600,25%,0.1939,0.154
ME08615,CA00922,75%,0.2072,0.187
ME08616,CA00157,100%,-0.0323,0.158
ME08617,CA00573,75%,-0.0295,0.392
ME08618,CA04367,50%,-0.1268,0.209
ME08619,CA00761,50%,0.0659,0.226
ME08620,CA05502,75%,-0.17,0.435
ME08621,CA02818,50%,-0.0632,0.17
ME08622,CA06236,75%,-0.2521,0.352
ME08623,CA04955,25%,-0.0854,0.215
ME08624,CA00703,50%,-0.3246,0.279
ME08625,CA02962,75%,0.1065,0.366
ME08626,CA02851,50%,0.0757,0.498
ME08627,CA05983,75%,-0.1587,0.238
ME08628,CA06727,75%,-0.0105,0.3
ME08629,CA00766,75%,0.0103,0.223
ME08630,CA03594,75%,0.2896,0.191
ME08631,CA03081,25%,-0.1422,0.336
ME08632,CA01370,25%,0.126,0.311
ME08633,CA03105,50%,-0.1626,0.163
ME08634,CA06514,100%,0.1752,0.32
ME08635,CA06581,75%,-0.0987,0.326
ME08636,CA04285,50%,-0.0553,0.137
ME08637,CA04458,50%,-0.2306,0.457
ME08638,CA02567,75%,0.1725,0.359
ME08639,CA06859,75%,0.177,0.404
ME08640,CA02945,100%,0.0062,0.446
ME08641,CA02257,50%,0.11,0.401
ME08642,CA00809,100%,0.1494,0.217
ME08643,CA00759,75%,0.1116,0.127
ME08644,CA00244,100%,-0.4654,0.381
ME08645,CA00061,100%,0.2302,0.361
ME08646,CA06146,75%,0.0066,0.445
ME08647,CA02006,100%,0.0569,0.144
ME08648,CA02344,50%,-0.08,0.38
ME08649,CA04636,100%,0.114,0.34
ME08650,CA03587,25%,0.0786,0.278
ME08651,CA00783,100%,-0.2052,0.257
ME08652,CA03725,100%,-0.0967,0.392
ME08653,CA02289,75%,-0.1933,0.229
ME08654,CA05498,100%,-0.1458,0.149
ME08655,CA02747,100%,0.1685,0.394
ME08656,CA02039,25%,0.1477,0.377
ME08657,CA01784,50%,0.0002,0.312
ME08658,CA03192,75%,0.1727,0.13
ME08659,CA00234,75%,-0.1118,0.145
ME08660,CA02149,25%,-0.0324,0.282
ME08661,CA05380,25%,-0.2532,0.346
ME08662,CA01201,100%,-0.0323,0.361
ME08663,CA04479,50%,0.1188,0.3
ME08664,CA04089,50%,-0.0876,0.428
ME08665,CA00583,25%,0.0277,0.242
ME08666,CA05540,25%,-0.1653,0.209
ME08667,CA00041,50%,0.3889,0.111
ME08668,CA05244,100%,0.0687,0.203
ME08669,CA06264,25%,-0.0607,0.49
ME08670,CA05989,75%,-0.1614,0.155
ME08671,CA06355,100%,-0.0292,0.229
ME08672,CA04247,100%,0.1319,0.319
ME08673,CA05462,50%,0.0683,0.143
ME08674,CA02726,75%,0.2088,0.272
ME08675,CA01042,100%,-0.1045,0.277
ME08676,CA05087,50%,-0.0932,0.159
ME08677,CA00878,25%,-0.304,0.107
ME08678,CA05735,100%,0.0397,0.137
ME08679,CA04311,25%,0.1136,0.256
ME08680,CA06453,25%,-0.1108,0.464
ME08681,CA04151,75%,0.0736,0.216
ME08682,CA01422,25%,-0.0578,0.229
ME08683,CA01209,50%,0.2496,0.471
ME08684,CA07052,100%,0.0308,0.38
ME08685,CA02315,25%,0.0183,0.19
ME08686,CA00865,100%,0.0311,0.403
ME08687,CA00488,50%,-0.0729,0.297
ME08688,CA00913,25%,0.0972,0.244
ME08689,CA06314,50%,0.3369,0.385
ME08690,CA03668,50%,-0.1349,0.202
ME08691,CA04156,25%,0.3098,0.346
ME08692,CA00881,100%,-0.1071,0.122
ME08693,CA05207,75%,0.091,0.398
ME08694,CA03110,25%,0.1237,0.332
ME08695,CA00710,75%,-0.0938,0.192
ME08696,CA04699,100%,0.0979,0.208
ME08697,CA04458,50%,-0.3953,0.483
ME08698,CA04214,25%,-0.368,0.111
ME08699,CA06940,25%,-0.0813,0.286
ME08700,CA07012,25%,0.2445,0.193
ME08701,CA04517,100%,0.0899,0.487
ME08702,CA00197,75%,-0.0054,0.275
ME08703,CA01839,25%,-0.4989,0.318
ME08704,CA01240,50%,-0.0108,0.378
ME08705,CA03144,75%,-0.0596,0.291
ME08706,CA06272,100%,-0.1674,0.121
ME08707,CA07190,50%,0.0782,0.368
ME08708,CA00118,75%,-0.1442,0.181
ME08709,CA04099,25%,0.0645,0.418
ME08710,CA00633,25%,0.5002,0.123
ME08711,CA03622,75%,-0.0935,0.267
ME08712,CA05733,100%,0.1045,0.243
ME08713,CA00772,75%,0.2141,0.106
ME08714,CA01440,75%,-0.0142,0.388
ME08715,CA06723,25%,0.4076,0.393
ME08716,CA05053,100%,0.1623,0.102
ME08717,CA00874,75%,0.2102,0.454
ME08718,CA04742,50%,-0.1153,0.49
ME08719,CA03294,75%,-0.1546,0.499
ME08720,CA04831,50%,-0.3434,0.163
ME08721,CA06940,100%,-0.0702,0.484
ME08722,CA06969,75%,-0.0457,0.371
ME08723,CA00853,25%,0.1827,0.305
ME08724,CA00292,75%,-0.0413,0.396
ME08725,CA00017,50%,-0.0332,0.131
ME08726,CA04781,100%,-0.0092,0.176
ME08727,CA02233,100%,-0.0752,0.368
ME08728,CA05804,75%,0.2112,0.349
ME08729,CA03373,100%,0.1784,0.418
ME08730,CA00959,100%,0.0307,0.34
ME08731,CA07079,50%,0.0677,0.218
ME08732,CA03264,75%,0.2917,0.243
ME08733,CA06061,50%,-0.2149,0.435
ME08734,CA02739,100%,-0.1551,0.499
ME08735,CA03804,75%,-0.2499,0.153
ME08736,CA05325,100%,0.0333,0.256
ME08737,CA00978,50%,0.032,0.111
ME08738,CA01976,25%,-0.0442,0.367
ME08739,CA00272,50%,-0.1401,0.256
ME08740,CA03969,25%,-0.0629,0.266
ME08741,CA05399,100%,0.2612,0.133
ME08742,CA06708,50%,0.0452,0.411
ME08743,CA00520,75%,-0.1726,0.487
ME08744,CA04103,50%,0.2269,0.462
ME08745,CA05335,100%,0.2006,0.425
ME08746,CA04562,100%,0.3333,0.128
ME08747,CA02859,50%,-0.0982,0.439
ME08748,CA01006,25%,0.2757,0.494
ME08749,CA02655,50%,-0.0394,0.307
ME08750,CA03307,50%,0.2748,0.177
ME08751,CA04275,50%,0.1773,0.455
ME08752,CA01587,100%,-0.0418,0.387
ME08753,CA00136,75%,-0.2131,0.107
ME08754,CA03542,25%,0.0565,0.398
ME08755,CA06463,25%,0.1253,0.113
ME08756,CA02973,75%,0.1968,0.18
ME08757,CA04671,50%,0.0346,0.469
ME08758,CA03594,50%,-0.2102,0.419
ME08759,CA01349,50%,-0.3042,0.366
ME08760,CA05848,100%,0.0071,0.39
ME08761,CA03221,50%,0.0137,0.414
ME08762,CA02493,75%,-0.1346,0.147
ME08763,CA01152,50%,0.2311,0.107
ME08764,CA07038,75%,0.4025,0.103
ME08765,CA01758,75%,0.0922,0.129
ME08766,CA01693,50%,0.2147,0.157
ME08767,CA04951,75%,0.107,0.369
ME08768,CA01787,50%,0.1893,0.257
ME08769,CA04737,50%,0.2473,0.168
ME08770,CA06396,75%,-0.0197,0.124
ME08771,CA03774,25%,0.168,0.306
ME08772,CA06445,75%,-0.1645,0.166
ME08773,CA03647,25%,0.3082,0.459
ME08774,CA06046,25%,0.2539,0.466
ME08775,CA06011,50%,0.1375,0.375
ME08776,CA02054,50%,0.0406,0.112
ME08777,CA02182,25%,-0.0419,0.14
ME08778,CA02750,75%,0.3211,0.247
ME08779,CA06059,100%,0.0967,0.159
ME08780,CA02705,50%,-0.0202,0.365
ME08781,CA00210,100%,-0.4596,0.347
ME08782,CA07095,50%,-0.4077,0.175
ME08783,CA06895,50%,-0.2489,0.397
ME08784,CA02796,100%,-0.0538,0.383
ME08785,CA03768,75%,0.0411,0.259
ME08786,CA04514,50%,0.3659,0.492
ME08787,CA00933,75%,-0.094,0.228
ME08788,CA01111,75%,-0.033,0.251
ME08789,CA04590,50%,0.3518,0.384
ME08790,CA06063,25%,0.1053,0.199
ME08791,CA01816,75%,-0.0537,0.317
ME08792,CA04416,100%,0.3044,0.34
ME08793,CA06283,25%,-0.0679,0.145
ME08794,CA01788,25%,-0.1493,0.487
ME08795,CA01742,25%,0.0518,0.205
ME08796,CA01120,100%,0.027,0.132
ME08797,CA00745,25%,0.162,0.392
ME08798,CA05375,100%,-0.332,0.402
ME08799,CA03009,25%,0.167,0.232
ME08800,CA01629,100%,-0.1212,0.471
ME08801,CA00702,100%,0.096,0.11
ME08802,CA04246,25%,0.2285,0.254
ME08803,CA04801,50%,0.0891,0.243
ME08804,CA05041,50%,0.1375,0.128
ME08805,CA05088,50%,0.1615,0.496
ME08806,CA05313,100%,0.1759,0.469
ME08807,CA04273,75%,-0.1524,0.314
ME08808,CA06724,50%,0.2861,0.46
ME08809,CA02576,75%,0.0184,0.252
ME08810,CA01062,50%,0.1534,0.391
ME08811,CA03210,25%,-0.0561,0.447
ME08812,CA06209,100%,0.2902,0.319
ME08813,CA01770,50%,0.2703,0.309
ME08814,CA03315,25%,-0.1054,0.203
ME08815,CA01082,100%,-0.0253,0.374
ME08816,CA01687,100%,0.1833,0.211
ME08817,CA01975,75%,0.0096,0.349
ME08818,CA01299,25%,0.2723,0.358
ME08819,CA01821,100%,-0.2412,0.27
ME08820,CA04837,50%,-0.1763,0.167
ME08821,CA06796,100%,-0.2268,0.249
ME08822,CA01725,75%,0.1899,0.349
ME08823,CA05603,50%,-0.0693,0.47
ME08824,CA05766,100%,-0.2363,0.438
ME08825,CA02251,25%,0.1383,0.335
ME08826,CA03017,100%,-0.0561,0.136
ME08827,CA06265,50%,-0.1673,0.413
ME08828,CA04083,100%,-0.2652,0.406
ME08829,CA07121,100%,0.1134,0.454
ME08830,CA03905,75%,0.1905,0.313
ME08831,CA00172,25%,0.3686,0.197
ME08832,CA07103,75%,0.0444,0.488
ME08833,CA06806,50%,-0.1045,0.296
ME08834,CA03983,75%,-0.2821,0.311
ME08835,CA00993,75%,-0.0229,0.188
ME08836,CA01125,50%,-0.2467,0.208
ME08837,CA04398,75%,0.1671,0.165
ME08838,CA03495,100%,0.2,0.418
ME08839,CA01873,100%,0.0191,0.173
ME08840,CA01972,100%,0.0553,0.227
ME08841,CA01196,100%,0.1308,0.192
ME08842,CA03943,100%,0.1957,0.378
ME08843,CA04370,25%,0.1942,0.104
ME08844,CA00307,75%,-0.1471,0.135
ME08845,CA02163,25%,0.2491,0.499
ME08846,CA00418,50%,-0.0311,0.258
ME08847,CA01724,100%,0.0755,0.189
ME08848,CA00605,25%,-0.2424,0.47
ME08849,CA04242,25%,0.3154,0.382
ME08850,CA00621,100%,-0.047,0.497
ME08851,CA07003,50%,-0.3311,0.104
ME08852,CA03155,50%,-0.2391,0.457
ME08853,CA05335,50%,0.2347,0.235
ME08854,CA04501,50%,0.162,0.441
ME08855,CA05762,50%,0.1308,0.182
ME08856,CA06130,75%,-0.2274,0.353
ME08857,CA03703,100%,-0.0885,0.145
ME08858,CA03282,50%,-0.1682,0.284
ME08859,CA05516,50%,-0.0151,0.449
ME08860,CA06600,50%,-0.1268,0.46
ME08861,CA01832,25%,0.1282,0.422
ME08862,CA03278,100%,-0.1578,0.495
ME08863,CA03127,25%,-0.2224,0.132
ME08864,CA04882,75%,0.2208,0.408
ME08865,CA04583,50%,-0.1237,0.498
ME08866,CA04073,100%,0.0147,0.157
ME08867,CA06367,50%,-0.1295,0.44
ME08868,CA02646,25%,-0.0225,0.385
ME08869,CA04781,75%,-0.1516,0.284
ME08870,CA04620,75%,0.1499,0.156
ME08871,CA02028,50%,0.0887,0.178
ME08872,CA00629,75%,0.0379,0.365
ME08873,CA02304,100%,0.0105,0.122
ME08874,CA03801,50%,0.0773,0.22
ME08875,CA01647,25%,0.1167,0.227
ME08876,CA06312,50%,-0.1462,0.124
ME08877,CA01827,100%,-0.0219,0.483
ME08878,CA03569,50%,-0.1731,0.332
ME08879,CA06522,100%,0.0136,0.303
ME08880,CA07019,25%,-0.0977,0.432
ME08881,CA01590,75%,0.1424,0.362
ME08882,CA02953,25%,-0.3273,0.253
ME08883,CA03526,75%,0.1135,0.2
ME08884,CA02024,75%,-0.1465,0.489
ME08885,CA04033,50%,0.1545,0.314
ME08886,CA00748,25%,-0.202,0.246
ME08887,CA01389,100%,-0.2453,0.122
ME08888,CA03581,50%,-0.2429,0.171
ME08889,CA00467,100%,-0.0077,0.2
ME08890,CA00033,100%,0.0152,0.151
ME08891,CA01431,75%,-0.1853,0.173
ME08892,CA03322,75%,-0.6198,0.137
ME08893,CA06614,100%,0.2969,0.317
ME08894,CA05372,100%,0.0256,0.353
ME08895,CA00209,50%,0.3514,0.493
ME08896,CA03259,50%,0.1011,0.431
ME08897,CA02000,75%,0.0171,0.391
ME08898,CA01568,100%,0.0993,0.181
ME08899,CA01352,75%,0.0683,0.282
ME08900,CA02693,75%,0.0473,0.158
ME08901,CA04623,75%,-0.059,0.18
ME08902,CA06387,25%,0.0674,0.479
ME08903,CA05312,25%,-0.0999,0.463
ME08904,CA06111,50%,-0.164,0.305
ME08905,CA03014,75%,-0.1641,0.268
ME08906,CA06611,50%,-0.0982,0.372
ME08907,CA05891,100%,0.0323,0.478
ME08908,CA05358,25%,0.1383,0.496
ME08909,CA04268,100%,0.1046,0.428
ME08910,CA00871,50%,-0.0738,0.336
ME08911,CA06055,75%,-0.0285,0.244
ME08912,CA05402,25%,-0.0494,0.124
ME08913,CA00508,50%,0.0726,0.5
ME08914,CA00060,75%,-0.1647,0.384
ME08915,CA04121,100%,-0.2,0.469
ME08916,CA04136,50%,0.0091,0.415
ME08917,CA02030,75%,0.0448,0.457
ME08918,CA01829,25%,0.0051,0.383
ME08919,CA04840,25%,0.3131,0.308
ME08920,CA01540,50%,-0.1767,0.162
ME08921,CA00455,100%,-0.2063,0.2
ME08922,CA00612,75%,0.0626,0.39
ME08923,CA03587,50%,-0.2209,0.48
ME08924,CA06446,75%,0.564,0.445
ME08925,CA01045,50%,0.07,0.445
ME08926,CA05038,25%,-0.0282,0.448
ME08927,CA06717,75%,-0.0186,0.204
ME08928,CA02106,25%,0.1727,0.161
ME08929,CA00940,25%,0.0246,0.357
ME08930,CA01224,75%,0.0035,0.208
ME08931,CA01594,75%,-0.0278,0.276
ME08932,CA03883,25%,-0.1347,0.455
ME08933,CA02197,25%,0.0545,0.494
ME08934,CA04654,25%,0.0587,0.182
ME08935,CA04607,100%,-0.1964,0.303
ME08936,CA07013,100%,0.3606,0.244
ME08937,CA03738,50%,0.1606,0.286
ME08938,CA02450,100%,0.2686,0.429
ME08939,CA04859,25%,0.3041,0.434
ME08940,CA01408,75%,0.0164,0.336
ME08941,CA02302,25%,0.1466,0.288
ME08942,CA05338,100%,0.2009,0.332
ME08943,CA05871,75%,-0.3169,0.458
ME08944,CA05938,100%,-0.2871,0.43
ME08945,CA03213,50%,-0.2309,0.424
ME08946,CA06413,50%,-0.028,0.475
ME08947,CA00553,50%,0.3314,0.216
ME08948,CA06208,50%,0.1433,0.345
ME08949,CA00920,100%,-0.3902,0.446
ME08950,CA05758,25%,0.3443,0.384
ME08951,CA00353,75%,0.0415,0.4
ME08952,CA06641,75%,-0.191,0.453
ME08953,CA05956,25%,-0.0695,0.155
ME08954,CA06023,25%,-0.0782,0.204
ME08955,CA00253,75%,-0.1029,0.22
ME08956,CA00183,100%,0.0233,0.457
ME08957,CA02255,25%,-0.0927,0.261
ME08958,CA01201,75%,-0.2118,0.328
ME08959,CA05529,100%,0.0274,0.313
ME08960,CA00209,100%,-0.0313,0.172
ME08961,CA00021,100%,0.0441,0.388
ME08962,CA01969,50%,0.0263,0.433
ME08963,CA01977,50%,0.0362,0.267
ME08964,CA00196,75%,0.016,0.434
ME08965,CA01151,50%,0.0297,0.196
ME08966,CA03136,100%,0.0135,0.361
ME08967,CA01150,50%,-0.0919,0.254
ME08968,CA02888,50%,0.0658,0.379
ME08969,CA00748,25%,0.3058,0.392
ME08970,CA06382,25%,0.068,0.159
ME08971,CA03670,100%,0.0003,0.361
ME08972,CA03460,75%,0.1805,0.313
ME08973,CA00824,100%,0.1545,0.156
ME08974,CA00288,75%,-0.3662,0.468
ME08975,CA03360,75%,-0.1573,0.428
ME08976,CA07197,25%,-0.0704,0.268
ME08977,CA03596,50%,0.1234,0.481
ME08978,CA06019,100%,0.0592,0.392
ME08979,CA00395,25%,-0.2304,0.131
ME08980,CA00725,100%,0.2273,0.182
ME08981,CA01372,50%,0.1255,0.471
ME08982,CA06458,25%,-0.1106,0.429
ME08983,CA02315,75%,0.1164,0.207
ME08984,CA01440,50%,-0.1224,0.151
ME08985,CA02522,75%,-0.0521,0.288
ME08986,CA02261,50%,0.1574,0.243
ME08987,CA02630,100%,0.1706,0.27
ME08988,CA04756,100%,0.1275,0.149
ME08989,CA04394,100%,0.0662,0.46
ME08990,CA06250,25%,0.0323,0.3
ME08991,CA03557,100%,-0.3206,0.198
ME08992,CA01798,25%,0.0279,0.348
ME08993,CA05302,75%,-0.2834,0.427
ME08994,CA05278,100%,0.0305,0.137
ME08995,CA05555,25%,-0.0205,0.217
ME08996,CA00140,100%,-0.1055,0.212
ME08997,CA06549,100%,0.1468,0.182
ME08998,CA03111,75%,0.072,0.489
ME08999,CA04225,75%,0.1573,0.186
ME09000,CA03731,75%,0.0077,0.151
ME09001,CA01202,50%,0.0241,0.26
ME09002,CA02896,100%,-0.2402,0.453
ME09003,CA04992,75%,-0.0879,0.286
ME09004,CA03296,75%,0.2165,0.193
ME09005,CA00090,25%,0.1955,0.449
ME09006,CA03197,50%,0.1859,0.259
ME09007,CA00293,25%,0.0427,0.204
ME09008,CA01776,75%,0.1312,0.16
ME09009,CA06346,100%,-0.2264,0.435
ME09010,CA06222,75%,-0.0586,0.15
ME09011,CA03296,75%,0.2047,0.36
ME09012,CA00740,50%,-0.0076,0.305
ME09013,CA05797,50%,0.167,0.267
ME09014,CA06939,25%,0.3419,0.269
ME09015,CA07041,50%,0.0034,0.286
ME09016,CA01107,100%,0.1137,0.107
ME09017,CA06408,75%,0.0914,0.195
ME09018,CA05162,50%,-0.0424,0.419
ME09019,CA00834,100%,0.2154,0.432
ME09020,CA03893,50%,-0.0493,0.454
ME09021,CA00684,25%,-0.0903,0.425
ME09022,CA04630,50%,-0.2413,0.411
ME09023,CA04682,100%,-0.0596,0.263
ME09024,CA07160,25%,-0.0108,0.373
ME09025,CA05235,75%,0.1847,0.263
ME09026,CA06480,75%,0.1831,0.493
ME09027,CA00135,25%,0.2326,0.461
ME09028,CA02217,25%,0.4759,0.46
ME09029,CA05802,25%,0.3485,0.151
ME09030,CA00117,100%,-0.1506,0.305
ME09031,CA02402,100%,0.311,0.142
ME09032,CA05870,50%,0.1242,0.332
ME09033,CA03836,25%,-0.0525,0.152
ME09034,CA04518,75%,-0.0423,0.435
ME09035,CA01814,100%,0.1007,0.237
ME09036,CA05282,50%,0.0038,0.381
ME09037,CA07040,50%,-0.1154,0.449
ME09038,CA00083,50%,0.1602,0.107
ME09039,CA02275,100%,-0.1818,0.211
ME09040,CA06010,100%,0.1423,0.13
ME09041,CA01024,75%,0.1124,0.151
ME09042,CA01302,50%,-0.0941,0.292
ME09043,CA05565,50%,-0.0182,0.117
ME09044,CA01736,75%,0.0249,0.216
ME09045,CA01439,75%,0.0633,0.483
ME09046,CA02020,25%,0.1212,0.283
ME09047,CA05060,75%,-0.0701,0.265
ME09048,CA02626,25%,0.0183,0.487
ME09049,CA02626,75%,0.1023,0.368
ME09050,CA01842,50%,0.0275,0.267
ME09051,CA04826,75%,-0.0757,0.338
ME09052,CA04484,50%,0.0192,0.481
ME09053,CA00773,50%,-0.118,0.458
ME09054,CA06691,100%,0.1777,0.396
ME09055,CA00352,75%,0.1232,0.48
ME09056,CA04314,100%,0.0244,0.194
ME09057,CA04875,25%,-0.0138,0.231
ME09058,CA02045,75%,-0.0663,0.451
ME09059,CA05182,25%,0.0087,0.467
ME09060,CA01495,50%,-0.0485,0.342
ME09061,CA01210,50%,-0.0909,0.156
ME09062,CA01985,100%,0.1946,0.488
ME09063,CA03822,100%,-0.0619,0.245
ME09064,CA01024,25%,-0.2434,0.475
ME09065,CA05520,50%,0.1332,0.145
ME09066,CA00167,100%,0.0122,0.448
ME09067,CA01796,50%,-0.4004,0.402
ME09068,CA00382,50%,0.3253,0.435
ME09069,CA00554,50%,0.0553,0.314
ME09070,CA02489,75%,0.1734,0.391
ME09071,CA05391,25%,-0.2298,0.362
ME09072,CA03963,100%,0.0936,0.106
ME09073,CA03229,25%,-0.2556,0.365
ME09074,CA01292,75%,-0.3757,0.166
ME09075,CA04115,50%,-0.2446,0.194
ME09076,CA05224,75%,-0.2612,0.101
ME09077,CA01667,100%,0.5643,0.27
ME09078,CA02468,25%,0.1437,0.168
ME09079,CA03326,50%,-0.1704,0.323
ME09080,CA00133,75%,-0.3416,0.163
ME09081,CA07144,75%,-0.0776,0.34
ME09082,CA00063,100%,-0.2296,0.333
ME09083,CA05734,100%,-0.164,0.477
ME09084,CA02055,25%,-0.0202,0.378
ME09085,CA02573,75%,-0.1296,0.397
ME09086,CA05639,25%,-0.0204,0.226
ME09087,CA02100,25%,0.1085,0.373
ME09088,CA05945,25%,0.0069,0.467
ME09089,CA04858,50%,0.0264,0.244
ME09090,CA01887,100%,-0.0582,0.111
ME09091,CA02929,100%,-0.3355,0.125
ME09092,CA01070,100%,-0.2303,0.2
ME09093,CA02888,25%,0.0852,0.497
ME09094,CA07142,25%,-0.0271,0.398
ME09095,CA00627,75%,-0.2496,0.492
ME09096,CA02424,50%,0.1966,0.42
ME09097,CA06683,100%,-0.0116,0.211
ME09098,CA00003,50%,0.4382,0.273
ME09099,CA03699,25%,0.4191,0.443
ME09100,CA02186,100%,0.0385,0.253
ME09101,CA07198,100%,-0.0521,0.328
ME09102,CA04267,25%,-0.0405,0.421
ME09103,CA01054,75%,0.029,0.242
ME09104,CA07090,50%,-0.2082,0.479
ME09105,CA05523,50%,0.2375,0.186
ME09106,CA01385,100%,-0.0542,0.309
ME09107,CA02500,100%,-0.2223,0.364
ME09108,CA04090,25%,0.4448,0.41
ME09109,CA06385,75%,-0.1519,0.497
ME09110,CA01594,25%,0.3451,0.101
ME09111,CA06851,50%,0.0512,0.244
ME09112,CA04021,50%,0.3131,0.415
ME09113,CA00123,25%,0.0188,0.424
ME09114,CA02120,100%,0.0821,0.144
ME09115,CA05060,50%,0.0732,0.477
ME09116,CA04319,100%,0.0462,0.241
ME09117,CA05203,100%,0.204,0.243
ME09118,CA02781,25%,-0.0917,0.36
ME09119,CA03924,75%,0.1477,0.483
ME09120,CA05237,100%,-0.0808,0.367
ME09121,CA01717,100%,-0.2098,0.293
ME09122,CA03444,100%,-0.1638,0.288
ME09123,CA05396,75%,-0.3472,0.217
ME09124,CA00055,100%,0.3923,0.117
ME09125,CA01629,75%,0.2641,0.37
ME09126,CA02478,25%,0.1221,0.27
ME09127,CA00766,50%,-0.0762,0.335
ME09128,CA01869,100%,-0.0688,0.312
ME09129,CA03941,100%,0.0887,0.225
ME09130,CA04715,75%,0.338,0.164
ME09131,CA00254,75%,0.0211,0.312
ME09132,CA01317,100%,0.0073,0.172
ME09133,CA06096,25%,0.1297,0.329
ME09134,CA04545,100%,0.0279,0.23
ME09135,CA00358,50%,-0.1959,0.106
ME09136,CA04824,100%,0.1762,0.354
ME09137,CA03355,75%,-0.1277,0.39
ME09138,CA03137,100%,0.2305,0.136
ME09139,CA07162,75%,0.2047,0.217
ME09140,CA01846,100%,-0.1447,0.445
ME09141,CA06353,100%,0.0081,0.224
ME09142,CA00155,50%,-0.0883,0.278
ME09143,CA06188,75%,-0.0554,0.375
ME09144,CA03365,50%,0.3113,0.356
ME09145,CA06542,50%,-0.1289,0.32
ME09146,CA03839,75%,0.1025,0.205
ME09147,CA05138,25%,0.2381,0.306
ME09148,CA07176,50%,0.1766,0.486
ME09149,CA02303,50%,-0.0816,0.177
ME09150,CA05657,100%,-0.1159,0.191
ME09151,CA06279,25%,0.1917,0.312
ME09152,CA01022,25%,-0.13,0.369
ME09153,CA05032,25%,0.0303,0.283
ME09154,CA02379,75%,-0.0841,0.258
ME09155,CA05523,25%,0.1211,0.405
ME09156,CA03701,25%,0.1114,0.371
ME09157,CA04483,25%,-0.0018,0.129
ME09158,CA05282,100%,0.1087,0.283
ME09159,CA05357,100%,0.4406,0.417
ME09160,CA05027,100%,-0.0844,0.148
ME09161,CA03986,50%,0.1713,0.198
ME09162,CA06819,50%,-0.2297,0.304
ME09163,CA06798,75%,-0.1409,0.113
ME09164,CA04121,25%,-0.0077,0.404
ME09165,CA06436,100%,-0.2777,0.206
ME09166,CA01032,50%,0.0229,0.293
ME09167,CA03791,25%,-0.203,0.372
ME09168,CA02441,100%,0.0096,0.154
ME09169,CA01757,50%,-0.0386,0.475
ME09170,CA02817,75%,-0.0442,0.399
ME09171,CA04394,50%,0.1488,0.178
ME09172,CA05258,50%,-0.1506,0.323
ME09173,CA01237,25%,-0.0861,0.293
ME09174,CA02462,75%,0.0857,0.411
ME09175,CA05241,75%,-0.0323,0.114
ME09176,CA01119,75%,-0.1496,0.376
ME09177,CA00989,25%,0.1874,0.325
ME09178,CA04472,100%,0.1127,0.432
ME09179,CA05598,50%,-0.3026,0.401
ME09180,CA01479,100%,0.0652,0.405
ME09181,CA05332,25%,-0.0031,0.219
ME09182,CA03532,25%,0.1524,0.13
ME09183,CA02196,75%,-0.3437,0.493
ME09184,CA06645,100%,0.1549,0.44
ME09185,CA03913,50%,-0.0819,0.21
ME09186,CA01888,100%,-0.1431,0.197
ME09187,CA04115,100%,-0.0661,0.347
ME09188,CA07096,25%,0.0223,0.483
ME09189,CA05978,75%,0.1312,0.465
ME09190,CA04253,75%,0.1237,0.174
ME09191,CA00178,25%,0.3624,0.405
ME09192,CA03156,100%,-0.0541,0.183
ME09193,CA05313,25%,-0.0586,0.394
ME09194,CA04065,25%,0.1971,0.483
ME09195,CA02874,75%,-0.0255,0.315
ME09196,CA06370,100%,-0.0167,0.24
ME09197,CA01462,75%,-0.1047,0.12
ME09198,CA03803,25%,-0.2375,0.483
ME09199,CA05926,50%,0.041,0.473
ME09200,CA04867,100%,0.1561,0.408
ME09201,CA05816,50%,-0.221,0.468
ME09202,CA01626,25%,-0.1981,0.142
ME09203,CA05089,25%,-0.1005,0.147
ME09204,CA07063,50%,0.0747,0.333
ME09205,CA06414,25%,0.1664,0.164
ME09206,CA04572,50%,0.2004,0.145
ME09207,CA04840,50%,0.0148,0.295
ME09208,CA03497,50%,-0.0234,0.434
ME09209,CA03653,25%,0.0048,0.11
ME09210,CA06512,100%,-0.1643,0.325
ME09211,CA02892,100%,-0.2721,0.386
ME09212,CA03695,75%,-0.0647,0.216
ME09213,CA07058,25%,-0.1435,0.322
ME09214,CA00996,50%,0.2334,0.279
ME09215,CA01499,25%,0.1924,0.425
ME09216,CA04973,100%,0.1102,0.256
ME09217,CA00265,75%,0.0165,0.168
ME09218,CA01146,100%,0.3816,0.223
ME09219,CA01083,100%,0.2334,0.429
ME09220,CA06053,25%,0.0272,0.123
ME09221,CA06732,25%,-0.0189,0.359
ME09222,CA04444,50%,0.108,0.234
ME09223,CA01332,25%,0.0636,0.371
ME09224,CA03775,100%,0.2927,0.334
ME09225,CA00300,25%,0.0145,0.255
ME09226,CA00485,50%,0.0805,0.145
ME09227,CA01423,75%,-0.2128,0.173
ME09228,CA02572,50%,0.3158,0.295
ME09229,CA05384,75%,0.0949,0.409
ME09230,CA04865,50%,-0.0616,0.264
ME09231,CA04672,75%,0.0699,0.415
ME09232,CA04535,25%,0.071,0.113
ME09233,CA06410,50%,-0.0777,0.126
ME09234,CA06679,100%,0.2173,0.237
ME09235,CA02728,100%,-0.192,0.252
ME09236,CA06573,25%,0.0931,0.167
ME09237,CA03333,75%,-0.0613,0.178
ME09238,CA03172,50%,-0.1121,0.18
ME09239,CA05934,25%,-0.0837,0.425
ME09240,CA05660,100%,-0.371,0.189
ME09241,CA05544,25%,0.2759,0.195
ME09242,CA04443,25%,-0.0498,0.261
ME09243,CA04826,25%,0.1048,0.123
ME09244,CA03174,50%,0.0293,0.152
ME09245,CA06306,75%,-0.1829,0.451
ME09246,CA05935,50%,-0.3117,0.331
ME09247,CA05681,25%,-0.0046,0.321
ME09248,CA04476,25%,0.3672,0.121
ME09249,CA05732,25%,-0.1619,0.284
ME09250,CA00859,50%,0.396,0.397
ME09251,CA06184,100%,-0.25,0.156
ME09252,CA06147,100%,0.1386,0.436
ME09253,CA06345,25%,0.2308,0.119
ME09254,CA02135,100%,-0.0221,0.265
ME09255,CA05254,25%,-0.3102,0.163
ME09256,CA02394,50%,0.0819,0.151
ME09257,CA02026,75%,0.1614,0.383
ME09258,CA02364,25%,0.0702,0.191
ME09259,CA01668,75%,0.171,0.46
ME09260,CA05201,25%,0.1613,0.161
ME09261,CA04553,50%,-0.1362,0.317
ME09262,CA06138,50%,-0.0412,0.4
ME09263,CA05402,75%,-0.0963,0.451
ME09264,CA01386,100%,0.1128,0.144
ME09265,CA01469,75%,-0.1294,0.119
ME09266,CA06073,50%,-0.0319,0.162
ME09267,CA04263,50%,-0.0802,0.447
ME09268,CA01777,75%,-0.0283,0.214
ME09269,CA02255,100%,0.3508,0.423
ME09270,CA02923,75%,-0.0039,0.292
ME09271,CA01587,25%,-0.0029,0.259
ME09272,CA02040,50%,0.355,0.202
ME09273,CA06211,25%,0.1161,0.187
ME09274,CA01888,100%,0.1625,0.19
ME09275,CA05662,100%,-0.0841,0.279
ME09276,CA02035,75%,-0.0145,0.197
ME09277,CA01397,100%,-0.025,0.114
ME09278,CA06647,50%,0.1295,0.443
ME09279,CA07106,75%,-0.0581,0.213
ME09280,CA01539,25%,-0.058,0.416
ME09281,CA06230,50%,0.3095,0.209
ME09282,CA02733,25%,-0.064,0.109
ME09283,CA01268,100%,-0.2316,0.391
ME09284,CA03500,25%,0.27,0.405
ME09285,CA04868,50%,-0.1356,0.331
ME09286,CA00621,75%,-0.3162,0.478
ME09287,CA01983,25%,0.0699,0.247
ME09288,CA05807,25%,-0.0506,0.498
ME09289,CA06256,50%,0.3421,0.379
ME09290,CA00056,50%,0.0793,0.122
ME09291,CA04749,50%,-0.0862,0.147
ME09292,CA06315,100%,0.0072,0.102
ME09293,CA04566,25%,-0.1577,0.158
ME09294,CA06236,25%,-0.0636,0.268
ME09295,CA01619,50%,0.1849,0.28
ME09296,CA01506,100%,0.1855,0.421
ME09297,CA04434,25%,-0.1106,0.488
ME09298,CA01726,100%,-0.1948,0.407
ME09299,CA00239,100%,0.0177,0.416
ME09300,CA04602,75%,0.0631,0.28
ME09301,CA06680,25%,0.0636,0.361
ME09302,CA06445,50%,0.3165,0.329
ME09303,CA03039,75%,-0.045,0.304
ME09304,CA04312,75%,0.0981,0.208
ME09305,CA04219,25%,0.19,0.188
ME09306,CA06910,25%,0.0359,0.474
ME09307,CA05365,100%,0.0683,0.317
ME09308,CA00937,50%,-0.2084,0.212
ME09309,CA05608,25%,-0.0006,0.49
ME09310,CA05820,25%,0.1377,0.187
ME09311,CA06789,75%,0.0654,0.271
ME09312,CA03641,50%,-0.2323,0.466
ME09313,CA06330,75%,0.2659,0.166
ME09314,CA05235,100%,-0.1688,0.461
ME09315,CA03153,100%,-0.0138,0.327
ME09316,CA06141,25%,-0.0294,0.465
ME09317,CA02730,100%,0.1144,0.207
ME09318,CA03584,75%,0.2713,0.271
ME09319,CA05697,75%,0.0584,0.27
ME09320,CA06402,25%,-0.0505,0.359
ME09321,CA06077,75%,-0.2792,0.416
ME09322,CA06903,100%,0.2134,0.151
ME09323,CA06485,75%,0.384,0.488
ME09324,CA00728,25%,0.1223,0.44
ME09325,CA05612,25%,-0.0972,0.19
ME09326,CA01128,25%,-0.1621,0.269
ME09327,CA03896,25%,-0.2303,0.381
ME09328,CA02438,50%,0.2902,0.229
ME09329,CA00128,50%,0.0485,0.194
ME09330,CA02041,25%,0.0603,0.19
ME09331,CA01308,25%,-0.2952,0.225
ME09332,CA00602,50%,0.3197,0.258
ME09333,CA03150,100%,0.4106,0.403
ME09334,CA05400,100%,-0.3825,0.225
ME09335,CA04029,25%,0.1575,0.105
ME09336,CA01388,75%,-0.1,0.419
ME09337,CA06121,50%,-0.1654,0.105
ME09338,CA03559,25%,-0.2469,0.223
ME09339,CA06951,100%,-0.1823,0.389
ME09340,CA00249,50%,-0.0249,0.362
ME09341,CA05810,100%,0.1368,0.262
ME09342,CA00110,100%,-0.3972,0.15
ME09343,CA02840,100%,0.0626,0.43
ME09344,CA03889,50%,0.1381,0.311
ME09345,CA02319,50%,-0.2014,0.405
ME09346,CA03115,100%,-0.4846,0.447
ME09347,CA06344,100%,-0.1764,0.467
ME09348,CA02233,100%,0.2323,0.204
ME09349,CA04427,50%,-0.0392,0.496
ME09350,CA03354,25%,-0.0831,0.308
ME09351,CA06998,25%,0.4496,0.386
ME09352,CA02299,100%,0.0023,0.284
ME09353,CA02869,50%,-0.3118,0.35
ME09354,CA03899,75%,0.3055,0.223
ME09355,CA03259,50%,0.1816,0.402
ME09356,CA06957,100%,-0.0019,0.109
ME09357,CA06616,25%,0.1157,0.102
ME09358,CA05433,75%,0.0421,0.104
ME09359,CA00008,75%,0.1465,0.219
ME09360,CA02770,75%,0.0002,0.395
ME09361,CA06589,100%,-0.3217,0.473
ME09362,CA06612,50%,0.0001,0.488
ME09363,CA03782,100%,0.1709,0.466
ME09364,CA01436,75%,-0.4055,0.346
ME09365,CA06079,100%,-0.0199,0.112
ME09366,CA01093,50%,0.253,0.205
ME09367,CA00971,50%,0.1488,0.299
ME09368,CA00335,75%,-0.1642,0.416
ME09369,CA06480,50%,-0.2395,0.242
ME09370,CA06840,50%,0.3338,0.456
ME09371,CA05531,75%,0.0015,0.395
ME09372,CA06278,100%,-0.0124,0.488
ME09373,CA06592,100%,0.0026,0.439
ME09374,CA00184,100%,0.0436,0.368
ME09375,CA06527,50%,-0.1639,0.173
ME09376,CA06515,75%,0.1323,0.5
ME09377,CA03379,25%,-0.0799,0.381
ME09378,CA06685,100%,-0.0378,0.31
ME09379,CA02355,50%,-0.0349,0.414
ME09380,CA01257,25%,0.129,0.47
ME09381,CA06751,75%,-0.1294,0.375
ME09382,CA00261,25%,0.0599,0.431
ME09383,CA02201,75%,0.3833,0.228
ME09384,CA01172,100%,-0.0302,0.418
ME09385,CA04838,100%,0.2336,0.221
ME09386,CA03369,50%,-0.1096,0.33
ME09387,CA06654,100%,-0.3336,0.327
ME09388,CA00449,25%,-0.1364,0.163
ME09389,CA00209,100%,0.248,0.257
ME09390,CA05909,50%,0.1532,0.442
ME09391,CA04869,25%,-0.0503,0.418
ME09392,CA05541,100%,0.0839,0.349
ME09393,CA03965,25%,0.0699,0.246
ME09394,CA06382,50%,0.2252,0.22
ME09395,CA01674,50%,-0.1026,0.287
ME09396,CA04633,25%,-0.2964,0.483
ME09397,CA02044,25%,-0.0742,0.368
ME09398,CA01900,50%,-0.0731,0.289
ME09399,CA05076,25%,-0.0032,0.295
ME09400,CA00219,50%,0.1569,0.196
ME09401,CA01870,75%,-0.4274,0.39
ME09402,CA06807,50%,-0.1506,0.18
ME09403,CA03399,25%,0.0884,0.36
ME09404,CA01055,50%,-0.0744,0.196
ME09405,CA02423,75%,-0.4673,0.334
ME09406,CA05659,25%,0.201,0.139
ME09407,CA06277,25%,0.1557,0.122
ME09408,CA03900,100%,0.057,0.123
ME09409,CA01927,100%,0.0896,0.269
ME09410,CA06788,75%,-0.0935,0.491
ME09411,CA00041,75%,-0.1719,0.128
ME09412,CA04475,50%,0.0089,0.185
ME09413,CA02812,25%,0.0958,0.449
ME09414,CA01921,75%,-0.2246,0.397
ME09415,CA04933,50%,-0.2067,0.311
ME09416,CA02036,75%,-0.1522,0.297
ME09417,CA07057,75%,0.1546,0.359
ME09418,CA06381,100%,0.175,0.345
ME09419,CA00274,25%,0.1202,0.184
ME09420,CA02451,25%,0.0862,0.471
ME09421,CA04098,75%,-0.3685,0.414
ME09422,CA01799,25%,0.0594,0.414
ME09423,CA04761,100%,-0.0695,0.299
ME09424,CA00453,25%,0.1977,0.235
ME09425,CA03371,75%,0.2922,0.34
ME09426,CA04296,25%,0.1326,0.436
ME09427,CA01212,75%,-0.1769,0.306
ME09428,CA05563,50%,-0.0318,0.284
ME09429,CA01021,25%,0.013,0.15
ME09430,CA03035,25%,0.0731,0.474
ME09431,CA06861,25%,-0.086,0.112
ME09432,CA05719,50%,0.3006,0.305
ME09433,CA06505,50%,-0.1621,0.5
ME09434,CA05102,25%,0.1706,0.199
ME09435,CA00970,25%,0.1618,0.415
ME09436,CA00713,25%,-0.2423,0.159
ME09437,CA03547,75%,0.2196,0.45
ME09438,CA07174,50%,0.18,0.41
ME09439,CA01567,100%,-0.2685,0.215
ME09440,CA02252,25%,0.0586,0.217
ME09441,CA04646,50%,-0.0249,0.368
ME09442,CA02003,75%,0.1672,0.452
ME09443,CA03359,100%,0.1347,0.104
ME09444,CA06700,100%,-0.1404,0.104
ME09445,CA03440,50%,-0.0005,0.267
ME09446,CA05142,50%,0.0646,0.189
ME09447,CA02850,50%,-0.2839,0.158
ME09448,CA06923,75%,0.0812,0.141
ME09449,CA07064,25%,-0.0068,0.267
ME09450,CA05388,50%,0.1787,0.23
ME09451,CA02001,25%,-0.0347,0.234
ME09452,CA04587,25%,0.1547,0.476
ME09453,CA02472,25%,-0.2494,0.435
ME09454,CA01779,75%,-0.2096,0.385
ME09455,CA04439,75%,0.0865,0.293
ME09456,CA03059,50%,-0.2304,0.155
ME09457,CA00747,50%,-0.0336,0.351
ME09458,CA04015,100%,-0.1088,0.492
ME09459,CA02278,100%,-0.4723,0.369
ME09460,CA04723,50%,-0.1005,0.463
ME09461,CA04627,25%,0.1201,0.156
ME09462,CA05795,75%,-0.1138,0.276
ME09463,CA07049,100%,-0.0091,0.45
ME09464,CA01633,25%,0.1863,0.368
ME09465,CA07199,50%,-0.1272,0.382
ME09466,CA05269,75%,-0.0616,0.221
ME09467,CA01913,75%,0.0696,0.158
ME09468,CA00051,100%,-0.0468,0.453
ME09469,CA04353,50%,-0.3496,0.418
ME09470,CA04731,25%,0.2538,0.452
ME09471,CA02101,50%,-0.0414,0.32
ME09472,CA02441,25%,-0.2539,0.216
ME09473,CA01916,100%,0.1879,0.19
ME09474,CA01247,100%,0.0885,0.113
ME09475,CA00897,100%,0.0509,0.359
ME09476,CA00629,50%,-0.2129,0.167
ME09477,CA01447,25%,-0.136,0.39
ME09478,CA01360,75%,-0.1518,0.343
ME09479,CA01057,100%,0.0749,0.105
ME09480,CA02621,25%,0.0497,0.354
ME09481,CA00410,25%,-0.188,0.33
ME09482,CA00765,50%,-0.183,0.432
ME09483,CA00858,100%,0.0386,0.243
ME09484,CA00026,50%,0.1434,0.212
ME09485,CA05459,25%,-0.2457,0.206
ME09486,CA03095,50%,-0.0097,0.465
ME09487,CA04414,50%,-0.1037,0.108
ME09488,CA04917,100%,0.0609,0.41
ME09489,CA03975,25%,-0.0702,0.419
ME09490,CA06233,75%,0.1636,0.248
ME09491,CA05056,75%,0.0957,0.146
ME09492,CA03159,100%,0.0498,0.449
ME09493,CA05341,25%,0.0666,0.151
ME09494,CA03037,25%,-0.169,0.165
ME09495,CA02530,100%,0.1271,0.129
ME09496,CA03681,50%,0.0785,0.32
ME09497,CA02226,50%,-0.1158,0.231
ME09498,CA02024,25%,0.055,0.429
ME09499,CA04767,75%,-0.199,0.119
ME09500,CA00884,100%,-0.1307,0.423
ME09501,CA03619,100%,-0.189,0.445
ME09502,CA03574,50%,-0.1169,0.432
ME09503,CA04785,75%,-0.1027,0.471
ME09504,CA06666,75%,0.0644,0.368
ME09505,CA06291,25%,-0.0901,0.418
ME09506,CA06715,25%,0.2359,0.163
ME09507,CA04585,50%,-0.1871,0.31
ME09508,CA01826,25%,0.0212,0.273
ME09509,CA04942,25%,0.1231,0.252
ME09510,CA03281,75%,0.1311,0.106
ME09511,CA00704,25%,0.2055,0.198
ME09512,CA03252,25%,-0.1886,0.142
ME09513,CA02384,25%,0.0035,0.114
ME09514,CA05240,25%,-0.2387,0.443
ME09515,CA02191,100%,-0.3289,0.264
ME09516,CA02070,25%,-0.3078,0.307
ME09517,CA01351,50%,-0.0384,0.381
ME09518,CA06235,25%,-0.0478,0.111
ME09519,CA07088,25%,0.0729,0.333
ME09520,CA00881,75%,-0.0215,0.412
ME09521,CA05035,100%,-0.0827,0.18
ME09522,CA06848,100%,0.1091,0.317
ME09523,CA02931,50%,-0.1508,0.165
ME09524,CA03139,75%,-0.2136,0.313
ME09525,CA03985,100%,-0.0779,0.488
ME09526,CA05750,50%,-0.1409,0.308
ME09527,CA06913,100%,-0.0883,0.492
ME09528,CA04466,25%,0.0432,0.426
ME09529,CA01768,75%,0.1109,0.455
ME09530,CA05230,25%,-0.2821,0.244
ME09531,CA05694,25%,0.0901,0.478
ME09532,CA05795,50%,0.0714,0.357
ME09533,CA04759,25%,-0.0342,0.142
ME09534,CA01731,100%,0.089,0.441
ME09535,CA00061,25%,-0.1333,0.157
ME09536,CA05283,100%,0.0726,0.492
ME09537,CA00900,75%,0.024,0.43
ME09538,CA06946,100%,0.009,0.199
ME09539,CA03866,75%,-0.075,0.434
ME09540,CA01210,25%,0.4019,0.26
ME09541,CA03163,25%,-0.2578,0.315
ME09542,CA05877,50%,-0.024,0.103
ME09543,CA06627,100%,-0.2367,0.277
ME09544,CA05753,25%,-0.1259,0.396
ME09545,CA00303,75%,-0.1812,0.175
ME09546,CA07181,75%,-0.0752,0.477
ME09547,CA03841,25%,-0.0824,0.282
ME09548,CA02823,50%,0.2627,0.302
ME09549,CA05923,25%,-0.0296,0.124
ME09550,CA06455,100%,-0.3774,0.408
ME09551,CA03498,25%,0.0145,0.369
ME09552,CA01345,100%,0.4636,0.225
ME09553,CA05818,100%,0.0913,0.198
ME09554,CA05826,100%,0.1954,0.44
ME09555,CA03938,50%,0.1585,0.41
ME09556,CA04672,75%,0.1288,0.469
ME09557,CA03215,100%,0.0919,0.237
ME09558,CA06880,75%,-0.1385,0.309
ME09559,CA01420,100%,0.1353,0.159
ME09560,CA02428,25%,0.1038,0.435
ME09561,CA01014,100%,0.0018,0.443
ME09562,CA04538,25%,-0.052,0.216
ME09563,CA00121,75%,0.2052,0.136
ME09564,CA01853,25%,-0.1031,0.149
ME09565,CA02336,25%,-0.2026,0.178
ME09566,CA00013,25%,0.1099,0.352
ME09567,CA00680,50%,-0.1022,0.182
ME09568,CA02403,50%,0.0148,0.188
ME09569,CA04040,50%,-0.1217,0.138
ME09570,CA03600,100%,0.1118,0.309
ME09571,CA06507,100%,0.0814,0.488
ME09572,CA04634,100%,-0.1593,0.453
ME09573,CA02393,75%,-0.035,0.172
ME09574,CA00642,50%,0.2822,0.188
ME09575,CA04212,50%,0.1368,0.321
ME09576,CA05414,100%,-0.055,0.427
ME09577,CA00823,50%,0.0169,0.441
ME09578,CA01890,25%,-0.2196,0.272
ME09579,CA03050,25%,-0.2706,0.398
ME09580,CA02389,75%,0.1404,0.391
ME09581,CA05346,25%,0.0078,0.459
ME09582,CA01892,100%,-0.1684,0.154
ME09583,CA02091,100%,-0.0707,0.241
ME09584,CA03498,75%,-0.0008,0.368
ME09585,CA07159,50%,0.3377,0.196
ME09586,CA01540,75%,-0.1614,0.371
ME09587,CA00157,100%,0.1201,0.265
ME09588,CA06637,50%,0.0684,0.132
ME09589,CA06908,25%,-0.0778,0.495
ME09590,CA06933,25%,0.3443,0.206
ME09591,CA05263,100%,0.1517,0.394
ME09592,CA00476,50%,0.0617,0.2
ME09593,CA02909,50%,0.0707,0.197
ME09594,CA01083,100%,0.3072,0.358
ME09595,CA01353,75%,-0.3509,0.22
ME09596,CA00089,75%,-0.0559,0.373
ME09597,CA05510,75%,0.2079,0.373
ME09598,CA03225,100%,-0.0032,0.394
ME09599,CA01926,100%,-0.1745,0.292
ME09600,CA02177,75%,0.1632,0.173
ME09601,CA02701,75%,-0.1016,0.207
ME09602,CA06331,50%,-0.2327,0.152
ME09603,CA01053,25%,0.1243,0.459
ME09604,CA02354,100%,0.076,0.445
ME09605,CA00560,75%,-0.2149,0.437
ME09606,CA05780,50%,-0.0152,0.249
ME09607,CA00665,25%,-0.2672,0.315
ME09608,CA01002,25%,0.1022,0.32
ME09609,CA02985,75%,0.063,0.398
ME09610,CA03239,25%,-0.0895,0.416
ME09611,CA05835,100%,0.2969,0.429
ME09612,CA05629,100%,-0.2383,0.465
ME09613,CA05386,25%,0.1617,0.109
ME09614,CA05778,25%,-0.0977,0.411
ME09615,CA06223,75%,-0.2146,0.129
ME09616,CA00720,100%,-0.1208,0.343
ME09617,CA03452,50%,-0.0473,0.195
ME09618,CA05422,50%,0.3553,0.139
ME09619,CA06782,50%,0.1487,0.273
ME09620,CA01293,25%,-0.3456,0.153
ME09621,CA01828,75%,-0.2928,0.384
ME09622,CA00110,75%,-0.4324,0.208
ME09623,CA01573,100%,-0.1269,0.398
ME09624,CA02227,100%,0.169,0.421
ME09625,CA05976,75%,0.2151,0.336
ME09626,CA06910,75%,-0.0747,0.169
ME09627,CA05766,75%,-0.1472,0.127
ME09628,CA01186,50%,0.0363,0.141
ME09629,CA07058,100%,-0.3264,0.494
ME09630,CA06185,50%,0.0482,0.446
ME09631,CA04690,100%,-0.0829,0.174
ME09632,CA06988,25%,0.019,0.282
ME09633,CA00635,25%,0.0844,0.418
ME09634,CA07144,25%,-0.0277,0.317
ME09635,CA05142,75%,0.0396,0.316
ME09636,CA03251,50%,0.1405,0.175
ME09637,CA01673,50%,0.0893,0.42
ME09638,CA03670,75%,0.1215,0.347
ME09639,CA02790,100%,-0.0102,0.218
ME09640,CA03929,50%,0.1265,0.148
ME09641,CA03664,50%,0.2285,0.461
ME09642,CA02403,50%,-0.1978,0.304
ME09643,CA00349,25%,-0.0097,0.365
ME09644,CA05339,100%,-0.0082,0.387
ME09645,CA01411,25%,0.0485,0.237
ME09646,CA04567,50%,-0.1288,0.219
ME09647,CA06283,75%,-0.0251,0.165
ME09648,CA00334,100%,-0.0289,0.338
ME09649,CA06620,100%,0.0895,0.177
ME09650,CA06771,75%,-0.0836,0.183
ME09651,CA06050,75%,0.0738,0.257
ME09652,CA05546,25%,0.2718,0.258
ME09653,CA03867,100%,0.0202,0.499
ME09654,CA03570,50%,0.0112,0.187
ME09655,CA06143,100%,-0.0152,0.248
ME09656,CA06242,100%,0.1287,0.491
ME09657,CA00613,75%,-0.1427,0.185
ME09658,CA01256,100%,-0.15,0.448
ME09659,CA05904,100%,-0.4049,0.363
ME09660,CA07045,100%,0.0025,0.304
ME09661,CA01005,100%,-0.1036,0.317
ME09662,CA05571,75%,-0.3529,0.482
ME09663,CA03100,75%,0.2002,0.42
ME09664,CA02964,100%,-0.1984,0.359
ME09665,CA05443,25%,0.0492,0.347
ME09666,CA05000,50%,-0.304,0.434
ME09667,CA03363,50%,-0.1932,0.14
ME09668,CA01213,25%,-0.1055,0.486
ME09669,CA04251,50%,-0.0478,0.372
ME09670,CA06692,25%,0.2914,0.283
ME09671,CA01337,100%,0.0939,0.252
ME09672,CA01814,25%,0.0596,0.25
ME09673,CA03643,75%,0.0443,0.337
ME09674,CA06254,100%,-0.3546,0.302
ME09675,CA05738,50%,0.0951,0.11
ME09676,CA03203,100%,-0.2534,0.365
ME09677,CA06131,100%,0.1397,0.178
ME09678,CA05984,100%,-0.1509,0.387
ME09679,CA00828,50%,-0.0325,0.131
ME09680,CA02220,100%,-0.386,0.117
ME09681,CA01263,50%,-0.2688,0.478
ME09682,CA05631,100%,0.1831,0.344
ME09683,CA03123,75%,0.0278,0.185
ME09684,CA03882,50%,-0.0649,0.288
ME09685,CA02898,75%,0.3382,0.421
ME09686,CA06765,100%,-0.2478,0.384
ME09687,CA04417,100%,-0.337,0.383
ME09688,CA02073,75%,-0.0788,0.45
ME09689,CA00870,25%,-0.0093,0.269
ME09690,CA03649,100%,0.0099,0.405
ME09691,CA00956,50%,0.0379,0.114
ME09692,CA03323,100%,-0.3796,0.249
ME09693,CA05210,25%,-0.2144,0.202
ME09694,CA01413,50%,0.1402,0.353
ME09695,CA06534,100%,0.2073,0.423
ME09696,CA06173,100%,-0.3833,0.356
ME09697,CA04881,25%,0.0319,0.357
ME09698,CA06751,50%,-0.0157,0.254
ME09699,CA02297,75%,-0.1727,0.432
ME09700,CA03331,25%,-0.2632,0.419
ME09701,CA06544,75%,0.1948,0.221
ME09702,CA01558,75%,-0.0705,0.206
ME09703,CA03935,100%,-0.0181,0.353
ME09704,CA05312,75%,0.2637,0.369
ME09705,CA05682,75%,-0.1667,0.249
ME09706,CA04935,75%,-0.2108,0.35
ME09707,CA04949,50%,0.0552,0.474
ME09708,CA04013,25%,-0.0192,0.309
ME09709,CA02005,50%,0.0116,0.311
ME09710,CA06464,75%,-0.4348,0.205
ME09711,CA00947,50%,-0.127,0.376
ME09712,CA05552,75%,-0.2141,0.327
ME09713,CA06700,25%,-0.0995,0.42
ME09714,CA05493,75%,-0.09,0.481
ME09715,CA01688,75%,-0.1888,0.47
ME09716,CA04743,75%,0.1481,0.12
ME09717,CA05883,75%,-0.0807,0.223
ME09718,CA02084,50%,-0.3029,0.161
ME09719,CA03660,25%,0.1792,0.452
ME09720,CA00436,75%,0.0199,0.276
ME09721,CA04055,75%,-0.0366,0.144
ME09722,CA03828,75%,0.164,0.409
ME09723,CA06693,50%,0.127,0.167
ME09724,CA05012,100%,-0.1559,0.338
ME09725,CA00814,25%,0.1023,0.268
ME09726,CA06009,100%,0.1257,0.12
ME09727,CA06995,75%,-0.0622,0.181
ME09728,CA01202,50%,-0.0953,0.49
ME09729,CA03229,75%,0.0643,0.402
ME09730,CA05756,25%,0.0509,0.163
ME09731,CA00194,25%,0.2339,0.331
ME09732,CA06672,25%,0.0326,0.409
ME09733,CA02573,100%,0.0431,0.109
ME09734,CA05959,50%,-0.2387,0.41
ME09735,CA02649,25%,0.2265,0.454
ME09736,CA06788,25%,0.2353,0.296
ME09737,CA02232,100%,-0.0316,0.107
ME09738,CA07127,75%,0.0127,0.296
ME09739,CA04792,50%,-0.2121,0.442
ME09740,CA07039,25%,0.089,0.371
ME09741,CA01332,100%,-0.084,0.428
ME09742,CA03290,50%,0.278,0.145
ME09743,CA02724,25%,0.0358,0.385
ME09744,CA04740,50%,0.11,0.279
ME09745,CA01425,50%,0.0537,0.322
ME09746,CA07039,25%,0.3784,0.453
ME09747,CA03977,100%,0.1283,0.17
ME09748,CA05929,75%,0.0718,0.248
ME09749,CA06331,75%,0.1533,0.363
ME09750,CA05408,100%,0.2745,0.279
ME09751,CA01277,50%,0.0094,0.453
ME09752,CA02744,25%,0.1676,0.13
ME09753,CA02330,50%,0.0177,0.132
ME09754,CA02455,75%,-0.025,0.163
ME09755,CA02120,50%,-0.3506,0.338
ME09756,CA01629,100%,-0.1288,0.427
ME09757,CA03553,50%,-0.2562,0.333
ME09758,CA04837,25%,0.1924,0.407
ME09759,CA03399,50%,-0.0725,0.257
ME09760,CA05952,100%,0.153,0.274
ME09761,CA03643,75%,0.1655,0.205
ME09762,CA06791,25%,0.1688,0.194
ME09763,CA01621,75%,-0.1077,0.403
ME09764,CA03391,25%,-0.1433,0.197
ME09765,CA04367,75%,-0.2335,0.255
ME09766,CA05612,50%,-0.507,0.441
ME09767,CA06443,100%,0.034,0.178
ME09768,CA03984,25%,0.2038,0.183
ME09769,CA04004,100%,-0.0876,0.29
ME09770,CA01287,75%,0.0127,0.3
ME09771,CA06978,75%,-0.0618,0.418
ME09772,CA04737,50%,0.2462,0.334
ME09773,CA03743,75%,-0.0789,0.16
ME09774,CA02875,100%,-0.0847,0.375
ME09775,CA04271,75%,0.0558,0.434
ME09776,CA04197,50%,-0.3082,0.285
ME09777,CA03997,50%,-0.1368,0.23
ME09778,CA05535,100%,-0.0531,0.343
ME09779,CA05488,75%,0.1042,0.333
ME09780,CA01152,100%,0.0002,0.247
ME09781,CA04292,50%,0.0206,0.38
ME09782,CA05577,100%,-0.0694,0.299
ME09783,CA04871,100%,0.3018,0.494
ME09784,CA01007,25%,0.0788,0.29
ME09785,CA06828,75%,0.2406,0.378
ME09786,CA00184,75%,0.1903,0.187
ME09787,CA04223,100%,-0.1114,0.208
ME09788,CA05863,25%,-0.0974,0.446
ME09789,CA05449,100%,0.0828,0.247
ME09790,CA00608,75%,0.1384,0.48
ME09791,CA01640,50%,-0.3229,0.151
ME09792,CA03776,50%,-0.3451,0.33
ME09793,CA01318,100%,-0.1828,0.455
ME09794,CA02872,75%,0.0278,0.235
ME09795,CA01997,75%,-0.0183,0.127
ME09796,CA06883,50%,-0.1801,0.336
ME09797,CA00710,50%,0.1836,0.354
ME09798,CA01848,75%,0.0438,0.395
ME09799,CA05575,25%,-0.3033,0.128
ME09800,CA00035,25%,-0.0781,0.396
ME09801,CA05155,75%,-0.0221,0.355
ME09802,CA04464,75%,0.1173,0.471
ME09803,CA06485,100%,-0.0035,0.45
ME09804,CA00876,50%,-0.0765,0.12
ME09805,CA01039,50%,0.2891,0.245
ME09806,CA00330,25%,0.0226,0.136
ME09807,CA03501,25%,0.0496,0.353
ME09808,CA02019,100%,-0.0811,0.253
ME09809,CA03716,25%,0.0274,0.258
ME09810,CA02457,50%,0.2035,0.208
ME09811,CA06688,25%,0.4271,0.442
ME09812,CA06488,50%,-0.0428,0.351
ME09813,CA06026,100%,0.0907,0.14
ME09814,CA03878,75%,0.0866,0.344
ME09815,CA00497,50%,0.0704,0.206
ME09816,CA01791,100%,0.0505,0.446
ME09817,CA03080,50%,-0.1771,0.456
ME09818,CA03460,50%,0.0687,0.144
ME09819,CA05357,100%,0.012,0.144
ME09820,CA01197,100%,0.2334,0.369
ME09821,CA05175,75%,0.0314,0.239
ME09822,CA03485,50%,-0.1176,0.326
ME09823,CA00878,50%,0.0064,0.289
ME09824,CA01212,75%,0.1832,0.154
ME09825,CA05098,75%,-0.0786,0.423
ME09826,CA01400,75%,0.2996,0.398
ME09827,CA06519,75%,-0.4613,0.355
ME09828,CA05667,50%,-0.1929,0.426
ME09829,CA03460,50%,0.0223,0.318
ME09830,CA03903,75%,0.2692,0.438
ME09831,CA02052,25%,0.2552,0.164
ME09832,CA03062,100%,0.1972,0.267
ME09833,CA01468,25%,-0.2288,0.413
ME09834,CA02841,25%,-0.1306,0.488
ME09835,CA03488,50%,-0.2661,0.112
ME09836,CA02382,75%,0.1578,0.178
ME09837,CA05855,75%,-0.313,0.123
ME09838,CA03453,25%,0.0296,0.335
ME09839,CA04491,50%,-0.0329,0.252
ME09840,CA02494,75%,0.1164,0.439
ME09841,CA03109,25%,-0.212,0.495
ME09842,CA06904,100%,0.261,0.12
ME09843,CA03130,25%,-0.1695,0.401
ME09844,CA01249,25%,-0.0229,0.158
ME09845,CA01419,75%,-0.2009,0.144
ME09846,CA04721,100%,-0.0422,0.291
ME09847,CA01547,50%,0.0321,0.199
ME09848,CA03927,50%,-0.1052,0.272
ME09849,CA04367,25%,-0.1813,0.448
ME09850,CA04722,75%,-0.0213,0.332
ME09851,CA02364,75%,0.0185,0.252
ME09852,CA00156,100%,0.1064,0.199
ME09853,CA05928,100%,0.052,0.218
ME09854,CA00510,100%,-0.0079,0.148
ME09855,CA00491,25%,-0.0331,0.369
ME09856,CA05282,75%,-0.0863,0.491
ME09857,CA05850,25%,-0.0219,0.405
ME09858,CA05241,100%,-0.05,0.341
ME09859,CA07072,50%,0.4391,0.481
ME09860,CA00443,75%,-0.0026,0.236
ME09861,CA05091,100%,0.027,0.39
ME09862,CA06400,25%,-0.0149,0.121
ME09863,CA05258,100%,-0.0655,0.476
ME09864,CA02309,50%,0.0966,0.288
ME09865,CA04199,25%,0.0867,0.37
ME09866,CA01997,75%,-0.2385,0.332
ME09867,CA02241,75%,-0.159,0.172
ME09868,CA05572,100%,0.1868,0.363
ME09869,CA04313,100%,-0.1961,0.317
ME09870,CA05196,50%,0.2541,0.16
ME09871,CA05222,25%,-0.1599,0.201
ME09872,CA05345,75%,0.0316,0.178
ME09873,CA01954,25%,0.2613,0.138
ME09874,CA00659,25%,0.3799,0.483
ME09875,CA00852,50%,0.134,0.173
ME09876,CA03046,25%,0.1265,0.359
ME09877,CA03525,100%,0.0375,0.217
ME09878,CA05983,25%,0.0906,0.412
ME09879,CA02994,25%,0.0624,0.184
ME09880,CA05996,100%,-0.262,0.434
ME09881,CA00064,25%,-0.4424,0.154
ME09882,CA03503,50%,0.1969,0.258
ME09883,CA04791,25%,-0.2776,0.25
ME09884,CA02620,75%,0.1766,0.171
ME09885,CA06231,100%,0.1906,0.18
ME09886,CA02931,75%,0.0367,0.467
ME09887,CA01630,50%,-0.2208,0.199
ME09888,CA05793,25%,0.0751,0.101
ME09889,CA00226,75%,0.135,0.42
ME09890,CA01256,100%,-0.0499,0.287
ME09891,CA03582,25%,-0.0804,0.444
ME09892,CA04012,100%,-0.0963,0.142
ME09893,CA01189,50%,-0.351,0.232
ME09894,CA01516,100%,0.1991,0.163
ME09895,CA01298,50%,0.2828,0.243
ME09896,CA05748,25%,-0.3714,0.3
ME09897,CA01944,25%,-0.0691,0.292
ME09898,CA00274,25%,0.0575,0.191
ME09899,CA01601,25%,0.1103,0.246
ME09900,CA01007,100%,0.0483,0.433
ME09901,CA04405,100%,0.2101,0.284
ME09902,CA05752,50%,0.2078,0.109
ME09903,CA03448,100%,-0.3169,0.426
ME09904,CA03102,50%,0.3143,0.449
ME09905,CA02273,100%,0.0534,0.467
ME09906,CA02494,25%,0.084,0.403
ME09907,CA06638,75%,0.2318,0.266
ME09908,CA02342,50%,0.2526,0.423
ME09909,CA03551,100%,0.1755,0.163
ME09910,CA06739,75%,0.1393,0.346
ME09911,CA01968,25%,0.1691,0.237
ME09912,CA01614,100%,-0.0851,0.211
ME09913,CA03494,50%,-0.264,0.482
ME09914,CA07192,25%,-0.3425,0.103
ME09915,CA05120,50%,-0.0551,0.111
ME09916,CA01700,75%,-0.2547,0.237
ME09917,CA04392,50%,-0.3064,0.377
ME09918,CA02080,100%,-0.1796,0.325
ME09919,CA05124,25%,-0.09,0.126
ME09920,CA06969,25%,-0.0434,0.174
ME09921,CA01867,50%,0.0369,0.167
ME09922,CA05111,75%,0.1791,0.418
ME09923,CA03190,100%,0.2415,0.368
ME09924,CA03588,25%,0.2619,0.167
ME09925,CA00423,50%,-0.0713,0.148
ME09926,CA01452,75%,-0.13,0.233
ME09927,CA05078,75%,0.1923,0.217
ME09928,CA06806,50%,0.1393,0.336
ME09929,CA00228,75%,-0.0622,0.115
ME09930,CA06479,75%,-0.0684,0.415
ME09931,CA05657,50%,-0.1682,0.486
ME09932,CA00014,100%,0.0245,0.228
ME09933,CA00533,25%,0.1512,0.209
ME09934,CA05861,100%,-0.4711,0.25
ME09935,CA02739,50%,-0.1119,0.264
ME09936,CA06909,25%,-0.2726,0.102
ME09937,CA06723,75%,0.0621,0.441
ME09938,CA05499,25%,-0.0243,0.469
ME09939,CA02612,25%,-0.0635,0.36
ME09940,CA04775,75%,-0.0675,0.169
ME09941,CA02563,75%,-0.4289,0.13
ME09942,CA04342,75%,0.1463,0.233
ME09943,CA00871,50%,-0.1797,0.298
ME09944,CA00497,25%,-0.1065,0.115
ME09945,CA01159,25%,0.2972,0.188
ME09946,CA01278,100%,-0.2567,0.326
ME09947,CA05454,25%,-0.1323,0.293
ME09948,CA05763,25%,0.2361,0.423
ME09949,CA05196,75%,0.0538,0.299
ME09950,CA03411,25%,0.0753,0.412
ME09951,CA03976,75%,-0.1326,0.416
ME09952,CA04042,100%,-0.1378,0.122
ME09953,CA01505,25%,0.0635,0.397
ME09954,CA02220,50%,-0.0518,0.104
ME09955,CA03267,50%,0.2273,0.336
ME09956,CA03427,25%,-0.1938,0.12
ME09957,CA05061,75%,0.1608,0.25
ME09958,CA03589,75%,0.0968,0.484
ME09959,CA04351,100%,0.2593,0.353
ME09960,CA01663,75%,0.2175,0.296
ME09961,CA05299,100%,-0.2373,0.31
ME09962,CA05662,50%,0.0502,0.437
ME09963,CA06369,100%,-0.0866,0.194
ME09964,CA03930,25%,0.0939,0.441
ME09965,CA05406,75%,0.2517,0.418
ME09966,CA01612,75%,-0.1682,0.178
ME09967,CA05945,25%,-0.1784,0.367
ME09968,CA03422,100%,0.1309,0.438
ME09969,CA06223,50%,0.1881,0.369
ME09970,CA03602,25%,0.444,0.492
ME09971,CA03288,100%,-0.0972,0.294
ME09972,CA03707,50%,-0.3372,0.399
ME09973,CA03243,25%,0.103,0.414
ME09974,CA04467,100%,-0.3172,0.313
ME09975,CA05188,25%,-0.1798,0.462
ME09976,CA06732,25%,-0.0197,0.203
ME09977,CA06986,25%,0.0072,0.431
ME09978,CA05577,100%,-0.0178,0.257
ME09979,CA04138,50%,0.2991,0.461
ME09980,CA01033,25%,-0.3341,0.104
ME09981,CA01041,25%,-0.045,0.217
ME09982,CA05970,25%,0.077,0.481
ME09983,CA06515,50%,0.0003,0.417
ME09984,CA03278,50%,0.4723,0.246
ME09985,CA06222,50%,0.3609,0.49
ME09986,CA00084,50%,0.0059,0.322
ME09987,CA03863,100%,0.1074,0.2
ME09988,CA00731,50%,-0.0423,0.276
ME09989,CA02582,75%,0.3205,0.351
ME09990,CA04355,75%,0.2053,0.474
ME09991,CA04486,25%,-0.4762,0.442
ME09992,CA04860,100%,0.0653,0.396
ME09993,CA04924,100%,0.0569,0.288
ME09994,CA02499,75%,-0.0482,0.13
ME09995,CA04411,50%,-0.0752,0.41
ME09996,CA02444,25%,0.0091,0.292
ME09997,CA02621,100%,-0.047,0.43
ME09998,CA02908,25%,-0.1604,0.157
ME09999,CA02946,100%,-0.1524,0.363
ME10000,CA04474,100%,0.1159,0.12
ME10001,CA01028,100%,0.001,0.4
ME10002,CA02436,100%,0.1225,0.314
ME10003,CA04322,25%,-0.3335,0.397
ME10004,CA06498,25%,0.0402,0.479
ME10005,CA00642,25%,0.0696,0.317
ME10006,CA00466,25%,0.0335,0.215
ME10007,CA07199,25%,-0.0636,0.13
ME10008,CA01636,75%,-0.0702,0.392
ME10009,CA06336,50%,-0.2141,0.108
ME10010,CA03996,25%,0.0764,0.299
ME10011,CA06849,25%,-0.0727,0.499
ME10012,CA03053,100%,-0.048,0.455
ME10013,CA04322,75%,-0.3662,0.5
ME10014,CA06708,75%,-0.0497,0.417
ME10015,CA06157,50%,-0.1781,0.271
ME10016,CA04076,50%,0.0202,0.116
ME10017,CA05339,50%,-0.2913,0.226
ME10018,CA03527,25%,-0.0831,0.266
ME10019,CA04265,100%,-0.2881,0.414
ME10020,CA04952,50%,0.1583,0.271
ME10021,CA01735,75%,0.1461,0.297
ME10022,CA05748,25%,-0.2214,0.452
ME10023,CA01601,75%,0.1189,0.234
ME10024,CA02696,75%,-0.096,0.253
ME10025,CA05265,25%,0.2568,0.277
ME10026,CA06686,25%,0.0576,0.263
ME10027,CA06025,50%,-0.2693,0.264
ME10028,CA05522,100%,0.0354,0.471
ME10029,CA05740,75%,-0.2151,0.367
ME10030,CA05442,100%,0.0953,0.175
ME10031,CA01939,50%,-0.1226,0.187
ME10032,CA05861,50%,0.2904,0.417
ME10033,CA04302,25%,-0.0135,0.414
ME10034,CA03684,50%,0.0092,0.477
ME10035,CA06213,50%,0.145,0.169
ME10036,CA04941,25%,0.1981,0.31
ME10037,CA01676,75%,-0.1298,0.261
ME10038,CA05657,75%,0.0148,0.146
ME10039,CA02584,75%,0.1011,0.391
ME10040,CA00844,100%,-0.2575,0.31
ME10041,CA06138,75%,0.1906,0.271
ME10042,CA04299,100%,-0.0646,0.228
ME10043,CA05580,50%,-0.1869,0.221
ME10044,CA03630,100%,0.2193,0.194
ME10045,CA00114,25%,-0.0113,0.405
ME10046,CA05393,50%,-0.1397,0.385
ME10047,CA02570,50%,-0.2155,0.271
ME10048,CA06167,75%,0.0676,0.141
ME10049,CA03155,100%,-0.1325,0.437
ME10050,CA05729,100%,-0.1215,0.262
ME10051,CA06586,50%,0.0092,0.198
ME10052,CA01161,75%,0.0474,0.28
ME10053,CA04902,25%,-0.3144,0.4
ME10054,CA05150,50%,0.2372,0.186
ME10055,CA04653,75%,0.0484,0.402
ME10056,CA05865,100%,-0.0604,0.358
ME10057,CA00589,50%,0.0254,0.347
ME10058,CA00816,50%,-0.1904,0.178
ME10059,CA04508,50%,-0.0284,0.432
ME10060,CA04219,25%,0.0869,0.385
ME10061,CA04580,50%,0.0802,0.176
ME10062,CA06318,50%,0.0973,0.293
ME10063,CA01504,100%,-0.0428,0.214
ME10064,CA01538,25%,-0.0315,0.454
ME10065,CA06758,50%,-0.2121,0.269
ME10066,CA05337,75%,-0.0961,0.223
ME10067,CA05083,25%,-0.0774,0.24
ME10068,CA04695,25%,0.1689,0.16
ME10069,CA06174,75%,-0.0709,0.414
ME10070,CA01805,100%,0.0134,0.455
ME10071,CA06301,25%,-0.0551,0.129
ME10072,CA06964,75%,-0.1797,0.381
ME10073,CA00990,50%,-0.0274,0.46
ME10074,CA06659,50%,0.0865,0.442
ME10075,CA06591,50%,0.135,0.365
ME10076,CA02535,50%,-0.2348,0.361
ME10077,CA05349,50%,0.1405,0.199
ME10078,CA02093,100%,-0.1249,0.182
ME10079,CA05051,75%,-0.1685,0.224
ME10080,CA05553,50%,-0.1508,0.198
ME10081,CA02860,100%,-0.092,0.232
ME10082,CA04620,50%,-0.1264,0.432
ME10083,CA00225,100%,-0.0106,0.202
ME10084,CA02046,75%,0.0947,0.404
ME10085,CA01180,50%,0.0811,0.431
ME10086,CA04298,25%,0.0034,0.386
ME10087,CA01634,25%,-0.1107,0.294
ME10088,CA04107,25%,0.1038,0.462
ME10089,CA00161,75%,-0.1795,0.133
ME10090,CA06684,75%,-0.1763,0.22
ME10091,CA06771,25%,0.0001,0.237
ME10092,CA05248,50%,-0.1072,0.397
ME10093,CA00913,100%,-0.1284,0.343
ME10094,CA02838,100%,-0.2396,0.156
ME10095,CA00387,25%,-0.0683,0.228
ME10096,CA01830,75%,0.1495,0.483
ME10097,CA01768,75%,-0.1319,0.36
ME10098,CA05900,100%,-0.4342,0.235
ME10099,CA01149,100%,-0.1111,0.352
ME10100,CA05226,50%,0.08,0.4
ME10101,CA03374,50%,-0.3903,0.437
ME10102,CA01930,75%,0.1739,0.206
ME10103,CA06193,50%,0.0336,0.313
ME10104,CA01272,100%,-0.0143,0.444
ME10105,CA03523,75%,-0.2096,0.438
ME10106,CA01291,75%,-0.2833,0.317
ME10107,CA01961,50%,0.1635,0.188
ME10108,CA00570,100%,-0.0765,0.377
ME10109,CA07182,75%,-0.0421,0.184
ME10110,CA01402,100%,-0.1513,0.252
ME10111,CA01118,50%,0.1897,0.428
ME10112,CA01168,50%,-0.1213,0.252
ME10113,CA00965,25%,-0.0489,0.38
ME10114,CA07146,25%,0.2798,0.204
ME10115,CA01193,75%,0.2422,0.412
ME10116,CA05841,100%,-0.4601,0.467
ME10117,CA00776,100%,0.1359,0.331
ME10118,CA03310,50%,0.1826,0.466
ME10119,CA02980,25%,-0.0925,0.479
ME10120,CA05769,50%,0.1257,0.333
ME10121,CA01730,100%,-0.0221,0.391
ME10122,CA05984,25%,0.1201,0.385
ME10123,CA02469,25%,0.0871,0.267
ME10124,CA03913,100%,0.2663,0.108
ME10125,CA05015,25%,-0.1286,0.132
ME10126,CA02914,75%,0.1206,0.46
ME10127,CA01890,75%,0.3537,0.309
ME10128,CA06546,75%,0.2347,0.35
ME10129,CA02873,25%,-0.0097,0.466
ME10130,CA02904,100%,-0.1964,0.5
ME10131,CA05148,75%,0.0039,0.411
ME10132,CA00019,75%,-0.0387,0.227
ME10133,CA05338,25%,-0.1258,0.387
ME10134,CA05082,25%,-0.2689,0.375
ME10135,CA05076,75%,-0.1347,0.412
ME10136,CA05305,75%,-0.2057,0.225
ME10137,CA02425,100%,0.0861,0.482
ME10138,CA03083,25%,-0.0545,0.182
ME10139,CA06818,25%,0.2027,0.349
ME10140,CA02204,100%,-0.055,0.281
ME10141,CA01560,25%,-0.1697,0.19
ME10142,CA04913,25%,0.2163,0.349
ME10143,CA01539,50%,-0.0018,0.202
ME10144,CA04620,100%,0.1814,0.333
ME10145,CA03052,100%,-0.0445,0.188
ME10146,CA05916,75%,-0.2849,0.251
ME10147,CA04160,100%,0.3481,0.266
ME10148,CA04774,75%,0.0883,0.27
ME10149,CA04658,50%,-0.0772,0.267
ME10150,CA02005,75%,0.2909,0.233
ME10151,CA06696,50%,0.1503,0.196
ME10152,CA02713,100%,0.1931,0.21
ME10153,CA05896,75%,0.0795,0.166
ME10154,CA04522,100%,0.1743,0.43
ME10155,CA01846,25%,-0.1965,0.411
ME10156,CA01115,100%,0.2012,0.497
ME10157,CA01316,50%,0.0008,0.295
ME10158,CA04649,50%,0.0178,0.367
ME10159,CA04094,75%,0.2469,0.49
ME10160,CA02050,50%,-0.0997,0.359
ME10161,CA05901,75%,0.2829,0.337
ME10162,CA05935,75%,-0.3046,0.223
ME10163,CA01810,50%,0.2106,0.445
ME10164,CA05053,50%,0.1223,0.354
ME10165,CA01427,75%,-0.0355,0.276
ME10166,CA00538,50%,-0.0065,0.301
ME10167,CA06038,100%,0.1395,0.411
ME10168,CA00272,100%,0.1795,0.427
ME10169,CA04800,25%,0.1088,0.335
ME10170,CA02361,50%,0.2572,0.3
ME10171,CA01401,75%,0.0835,0.357
ME10172,CA04593,25%,0.1267,0.157
ME10173,CA06643,75%,0.2143,0.131
ME10174,CA05652,100%,0.0617,0.23
ME10175,CA02367,100%,0.0316,0.335
ME10176,CA03808,50%,-0.1276,0.385
ME10177,CA04708,50%,0.0331,0.355
ME10178,CA00357,50%,0.0827,0.479
ME10179,CA05755,50%,0.0556,0.26
ME10180,CA04487,75%,-0.3902,0.375
ME10181,CA04596,100%,-0.2135,0.227
ME10182,CA04844,50%,-0.0447,0.261
ME10183,CA01526,25%,-0.2291,0.272
ME10184,CA04712,100%,-0.1006,0.243
ME10185,CA03106,75%,0.2267,0.367
ME10186,CA05277,100%,-0.1034,0.178
ME10187,CA06087,100%,0.3446,0.118
ME10188,CA05965,50%,-0.1483,0.125
ME10189,CA07019,50%,-0.2524,0.115
ME10190,CA02481,75%,0.1002,0.145
ME10191,CA00401,75%,-0.1636,0.184
ME10192,CA00402,25%,0.3072,0.466
ME10193,CA04664,25%,0.0688,0.4
ME10194,CA06860,25%,-0.0713,0.239
ME10195,CA04958,25%,-0.1385,0.373
ME10196,CA06857,25%,-0.2987,0.387
ME10197,CA02778,75%,-0.0028,0.433
ME10198,CA00902,75%,0.0347,0.212
ME10199,CA00988,75%,0.1322,0.383
ME10200,CA00310,75%,0.1026,0.403
ME10201,CA03709,75%,0.2038,0.46
ME10202,CA01657,100%,0.0496,0.332
ME10203,CA04027,25%,-0.1089,0.404
ME10204,CA05248,75%,0.1274,0.118
ME10205,CA05968,100%,0.3126,0.155
ME10206,CA01303,75%,0.5233,0.258
ME10207,CA02669,100%,0.1022,0.392
ME10208,CA04344,75%,0.11,0.115
ME10209,CA07166,50%,0.0761,0.38
ME10210,CA01437,25%,0.0505,0.151
ME10211,CA02755,50%,0.3619,0.265
ME10212,CA00429,25%,0.0737,0.153
ME10213,CA03011,50%,-0.1708,0.149
ME10214,CA04301,25%,0.1594,0.373
ME10215,CA04020,75%,-0.1016,0.439
ME10216,CA02064,75%,0.3184,0.341
ME10217,CA05392,75%,-0.044,0.344
ME10218,CA02029,75%,-0.0098,0.45
ME10219,CA00755,50%,-0.1557,0.179
ME10220,CA04559,75%,-0.0822,0.303
ME10221,CA02869,100%,0.1107,0.168
ME10222,CA04912,100%,-0.0206,0.374
ME10223,CA01255,100%,0.0027,0.265
ME10224,CA00557,50%,0.0411,0.38
ME10225,CA01923,75%,0.2764,0.113
ME10226,CA05747,50%,-0.1477,0.46
ME10227,CA05086,75%,-0.039,0.322
ME10228,CA06701,75%,0.1029,0.335
ME10229,CA06375,75%,-0.2943,0.117
ME10230,CA05001,75%,-0.0611,0.317
ME10231,CA06721,100%,0.2654,0.255
ME10232,CA02401,100%,0.0255,0.345
ME10233,CA04567,25%,-0.1416,0.364
ME10234,CA02943,25%,-0.1399,0.16
ME10235,CA05747,75%,0.0746,0.39
ME10236,CA03430,100%,0.0918,0.382
ME10237,CA06375,75%,0.1723,0.17
ME10238,CA05999,50%,-0.0885,0.421
ME10239,CA01955,50%,0.2286,0.204
ME10240,CA03378,75%,0.0562,0.432
ME10241,CA06315,50%,-0.1437,0.473
ME10242,CA00219,75%,0.0644,0.207
ME10243,CA05834,50%,0.4217,0.242
ME10244,CA02250,100%,0.0555,0.475
ME10245,CA02741,25%,0.0473,0.462
ME10246,CA04478,75%,0.1612,0.364
ME10247,CA01780,50%,0.2354,0.359
ME10248,CA00437,75%,-0.0583,0.4
ME10249,CA01388,25%,-0.4201,0.486
ME10250,CA00288,75%,-0.1327,0.424
ME10251,CA02571,75%,0.0181,0.281
ME10252,CA01560,100%,-0.0204,0.213
ME10253,CA03288,50%,-0.1475,0.113
ME10254,CA01749,25%,-0.0254,0.498
ME10255,CA04486,100%,0.1601,0.409
ME10256,CA03031,50%,-0.1025,0.292
ME10257,CA00673,50%,-0.166,0.344
ME10258,CA04912,50%,0.1657,0.438
ME10259,CA01616,75%,0.0047,0.107
ME10260,CA03774,25%,0.0265,0.277
ME10261,CA01649,75%,0.0254,0.408
ME10262,CA00526,100%,0.1621,0.289
ME10263,CA02978,50%,0.0794,0.464
ME10264,CA02914,100%,-0.0406,0.381
ME10265,CA04047,75%,-0.1451,0.433
ME10266,CA06069,50%,0.1514,0.443
ME10267,CA03818,25%,-0.0023,0.429
ME10268,CA01951,75%,-0.1236,0.231
ME10269,CA03714,25%,-0.0353,0.278
ME10270,CA06844,25%,-0.0678,0.11
ME10271,CA03064,25%,0.2076,0.113
ME10272,CA04262,100%,-0.1864,0.279
ME10273,CA03894,75%,0.0681,0.385
ME10274,CA03684,25%,0.3539,0.429
ME10275,CA04701,100%,0.0674,0.107
ME10276,CA02443,50%,-0.018,0.394
ME10277,CA00827,25%,0.076,0.339
ME10278,CA01512,75%,0.1261,0.477
ME10279,CA00969,50%,-0.008,0.177
ME10280,CA04420,100%,0.1104,0.389
ME10281,CA01911,50%,0.0805,0.459
ME10282,CA03594,50%,-0.0548,0.428
ME10283,CA02313,25%,0.0171,0.218
ME10284,CA03087,100%,-0.0284,0.241
ME10285,CA00226,25%,0.1091,0.262
ME10286,CA01044,75%,-0.1257,0.113
ME10287,CA07190,25%,-0.0979,0.104
ME10288,CA04385,75%,0.3872,0.102
ME10289,CA05475,100%,-0.2235,0.353
ME10290,CA04102,75%,0.2601,0.403
ME10291,CA00210,25%,-0.0483,0.204
ME10292,CA03794,50%,-0.1739,0.271
ME10293,CA03269,100%,0.021,0.169
ME10294,CA00798,75%,-0.1287,0.214
ME10295,CA05143,50%,-0.2431,0.4
ME10296,CA07028,100%,-0.1592,0.325
ME10297,CA05756,75%,-0.1731,0.137
ME10298,CA00231,25%,0.1638,0.21
ME10299,CA04505,25%,0.2257,0.236
ME10300,CA00219,25%,-0.2385,0.179
ME10301,CA02549,75%,-0.1106,0.325
ME10302,CA06642,50%,0.1078,0.252
ME10303,CA07080,25%,0.1547,0.468
ME10304,CA04137,50%,0.0605,0.137
ME10305,CA00258,50%,0.5354,0.278
ME10306,CA04887,75%,0.2951,0.16
ME10307,CA05809,25%,0.2657,0.345
ME10308,CA02289,75%,0.223,0.261
ME10309,CA02051,75%,0.172,0.112
ME10310,CA06453,25%,0.1543,0.115
ME10311,CA01905,50%,0.1463,0.392
ME10312,CA02422,100%,-0.1217,0.499
ME10313,CA02887,25%,-0.065,0.403
ME10314,CA04094,75%,-0.1233,0.437
ME10315,CA02495,100%,-0.0534,0.488
ME10316,CA00311,25%,0.0032,0.36
ME10317,CA03511,100%,-0.0261,0.341
ME10318,CA06223,50%,0.0731,0.477
ME10319,CA06357,25%,-0.016,0.34
ME10320,CA01562,100%,-0.1058,0.41
ME10321,CA05956,25%,-0.1698,0.291
ME10322,CA06624,100%,-0.1376,0.459
ME10323,CA01244,100%,-0.0549,0.221
ME10324,CA05912,25%,0.0468,0.203
ME10325,CA03549,25%,0.0826,0.481
ME10326,CA00736,75%,0.0262,0.245
ME10327,CA05199,100%,-0.2249,0.398
ME10328,CA03729,100%,-0.1522,0.11
ME10329,CA00687,75%,0.0171,0.294
ME10330,CA05164,100%,-0.0727,0.374
ME10331,CA03897,100%,-0.3431,0.444
ME10332,CA03282,100%,0.0799,0.242
ME10333,CA00690,50%,-0.2541,0.491
ME10334,CA04476,50%,0.1537,0.377
ME10335,CA07151,25%,-0.3799,0.242
ME10336,CA04257,50%,0.2242,0.223
ME10337,CA00898,75%,-0.0231,0.112
ME10338,CA03591,25%,-0.249,0.497
ME10339,CA02815,100%,-0.0666,0.46
ME10340,CA06574,75%,0.0255,0.362
ME10341,CA03202,25%,-0.0373,0.365
ME10342,CA02482,75%,-0.1507,0.454
ME10343,CA03071,75%,0.2049,0.156
ME10344,CA02025,50%,-0.1071,0.188
ME10345,CA03196,75%,-0.1863,0.251
ME10346,CA03234,25%,-0.4348,0.37
ME10347,CA04199,50%,0.0868,0.263
ME10348,CA01542,100%,-0.1724,0.377
ME10349,CA02674,50%,-0.1329,0.292
ME10350,CA00181,75%,0.0242,0.26
ME10351,CA01950,50%,-0.0862,0.424
ME10352,CA00704,100%,0.0159,0.319
ME10353,CA05177,75%,-0.1008,0.137
ME10354,CA04939,50%,-0.0428,0.271
ME10355,CA06348,100%,-0.0831,0.287
ME10356,CA02693,50%,0.2064,0.253
ME10357,CA03201,25%,-0.1008,0.352
ME10358,CA06032,25%,0.0612,0.168
ME10359,CA01766,100%,0.2958,0.455
ME10360,CA00839,25%,0.1245,0.45
ME10361,CA05866,100%,0.0156,0.258
ME10362,CA02358,25%,0.024,0.262
ME10363,CA06326,50%,-0.1168,0.441
ME10364,CA00777,100%,-0.1721,0.105
ME10365,CA01876,25%,0.3604,0.156
ME10366,CA01888,75%,-0.1145,0.42
ME10367,CA05720,50%,-0.545,0.438
ME10368,CA05347,50%,-0.2966,0.476
ME10369,CA06256,50%,-0.4882,0.344
ME10370,CA05491,75%,-0.0502,0.164
ME10371,CA03450,75%,-0.0519,0.383
ME10372,CA00922,25%,0.0137,0.476
ME10373,CA02882,100%,-0.029,0.411
ME10374,CA05372,25%,-0.2237,0.311
ME10375,CA03347,75%,0.1772,0.109
ME10376,CA03646,100%,-0.0046,0.256
ME10377,CA02868,100%,-0.1542,0.237
ME10378,CA02247,75%,-0.097,0.364
ME10379,CA04300,100%,0.1563,0.416
ME10380,CA04969,50%,-0.0146,0.469
ME10381,CA00028,50%,0.0534,0.156
ME10382,CA01536,75%,-0.1512,0.255
ME10383,CA05301,100%,0.18,0.454
ME10384,CA03266,75%,0.342,0.406
ME10385,CA06949,75%,-0.1776,0.294
ME10386,CA05075,50%,-0.2284,0.225
ME10387,CA05367,25%,-0.018,0.155
ME10388,CA05373,75%,0.2993,0.374
ME10389,CA05577,50%,0.0401,0.105
ME10390,CA06994,100%,-0.0276,0.111
ME10391,CA02588,50%,-0.1112,0.392
ME10392,CA06107,50%,-0.3518,0.371
ME10393,CA06040,50%,0.2654,0.312
ME10394,CA03925,100%,-0.0041,0.173
ME10395,CA06593,50%,0.2855,0.225
ME10396,CA01974,75%,0.0424,0.465
ME10397,CA01997,25%,0.2078,0.122
ME10398,CA01255,100%,0.2919,0.119
ME10399,CA05667,75%,0.0717,0.112
ME10400,CA04253,50%,-0.4058,0.177
ME10401,CA00388,25%,-0.0635,0.346
ME10402,CA07088,75%,-0.0093,0.403
ME10403,CA02727,50%,0.074,0.22
ME10404,CA06889,100%,-0.1825,0.491
ME10405,CA06541,50%,-0.1532,0.392
ME10406,CA04892,75%,-0.0332,0.173
ME10407,CA02077,100%,-0.0824,0.231
ME10408,CA02091,25%,-0.1499,0.333
ME10409,CA03758,50%,-0.0809,0.182
ME10410,CA05782,75%,0.1122,0.286
ME10411,CA01545,25%,0.448,0.207
ME10412,CA05822,75%,-0.1227,0.324
ME10413,CA06113,75%,0.0277,0.296
ME10414,CA05134,75%,0.2853,0.116
ME10415,CA06287,75%,0.0263,0.126
ME10416,CA06157,50%,-0.0084,0.447
ME10417,CA05958,75%,0.1934,0.195
ME10418,CA04971,100%,-0.0504,0.335
ME10419,CA03394,100%,0.2425,0.292
ME10420,CA02498,100%,-0.0997,0.185
ME10421,CA02419,25%,0.2501,0.443
ME10422,CA04629,50%,-0.2054,0.12
ME10423,CA06976,75%,0.1452,0.182
ME10424,CA01286,25%,-0.0494,0.417
ME10425,CA01102,50%,-0.2557,0.323
ME10426,CA01026,75%,-0.1163,0.305
ME10427,CA06530,75%,0.0454,0.39
ME10428,CA01476,25%,-0.0286,0.491
ME10429,CA00719,75%,-0.2924,0.279
ME10430,CA01624,50%,-0.0924,0.411
ME10431,CA03609,75%,0.0751,0.311
ME10432,CA00165,75%,-0.1988,0.194
ME10433,CA06867,100%,0.1618,0.328
ME10434,CA00529,25%,0.0617,0.329
ME10435,CA02177,25%,0.0087,0.167
ME10436,CA00053,50%,-0.1207,0.162
ME10437,CA03300,75%,0.2067,0.188
ME10438,CA04227,75%,-0.1979,0.255
ME10439,CA02412,25%,-0.1296,0.476
ME10440,CA05687,25%,0.0168,0.278
ME10441,CA06673,75%,-0.0301,0.404
ME10442,CA01358,100%,0.4952,0.152
ME10443,CA00272,25%,0.1093,0.488
ME10444,CA06023,75%,-0.0905,0.235
ME10445,CA05337,100%,-0.4767,0.302
ME10446,CA00403,75%,-0.015,0.394
ME10447,CA04851,100%,-0.2207,0.444
ME10448,CA01626,100%,0.1525,0.133
ME10449,CA04665,100%,-0.0955,0.139
ME10450,CA05112,50%,-0.1972,0.109
ME10451,CA01778,75%,0.0622,0.377
ME10452,CA04822,25%,-0.0583,0.263
ME10453,CA01721,50%,0.2547,0.183
ME10454,CA00522,75%,-0.0347,0.248
ME10455,CA05955,100%,-0.0808,0.466
ME10456,CA04474,75%,-0.0367,0.123
ME10457,CA03542,50%,-0.0371,0.448
ME10458,CA05025,75%,0.337,0.27
ME10459,CA03887,50%,-0.0023,0.291
ME10460,CA05790,25%,-0.3564,0.381
ME10461,CA03988,100%,-0.2484,0.498
ME10462,CA01299,25%,-0.0861,0.171
ME10463,CA05423,50%,-0.2605,0.305
ME10464,CA06564,75%,-0.0309,0.416
ME10465,CA06017,25%,-0.2932,0.442
ME10466,CA02732,75%,0.0878,0.298
ME10467,CA01991,75%,0.31,0.392
ME10468,CA01967,25%,-0.2227,0.296
ME10469,CA04584,25%,-0.1616,0.392
ME10470,CA02820,25%,-0.1805,0.194
ME10471,CA01768,75%,0.2535,0.199
ME10472,CA00284,100%,0.0463,0.284
ME10473,CA00147,25%,-0.1543,0.221
ME10474,CA01152,100%,-0.087,0.161
ME10475,CA00964,75%,0.3303,0.494
ME10476,CA05789,75%,-0.0928,0.484
ME10477,CA00533,100%,-0.0701,0.24
ME10478,CA03738,75%,0.01,0.221
ME10479,CA04224,25%,-0.0533,0.369
ME10480,CA04138,75%,-0.2314,0.296
ME10481,CA01987,50%,-0.0058,0.453
ME10482,CA03960,75%,-0.1338,0.398
ME10483,CA01215,25%,-0.1576,0.187
ME10484,CA00788,50%,-0.1111,0.296
ME10485,CA04697,75%,0.3675,0.423
ME10486,CA01603,75%,-0.1228,0.286
ME10487,CA03459,25%,-0.0372,0.223
ME10488,CA01030,50%,-0.0728,0.146
ME10489,CA01188,75%,-0.0889,0.235
ME10490,CA06272,100%,-0.0633,0.182
ME10491,CA05605,100%,-0.1266,0.266
ME10492,CA03136,100%,-0.1398,0.213
ME10493,CA03986,75%,0.1691,0.344
ME10494,CA06922,50%,-0.0764,0.329
ME10495,CA05930,100%,-0.003,0.361
ME10496,CA07034,100%,0.0453,0.317
ME10497,CA04591,50%,0.0985,0.333
ME10498,CA01902,50%,0.0859,0.182
ME10499,CA00276,50%,-0.2192,0.224
ME10500,CA01107,25%,0.2116,0.402
ME10501,CA04400,50%,-0.2865,0.37
ME10502,CA05021,25%,0.0911,0.144
ME10503,CA05270,75%,0.2106,0.251
ME10504,CA04585,25%,0.0506,0.443
ME10505,CA05803,50%,-0.1607,0.293
ME10506,CA02845,75%,0.1068,0.177
ME10507,CA06628,100%,0.1966,0.364
ME10508,CA05057,50%,-0.0156,0.156
ME10509,CA02925,75%,-0.0574,0.26
ME10510,CA02717,100%,-0.2324,0.336
ME10511,CA05009,25%,-0.0346,0.367
ME10512,CA00755,50%,0.1681,0.302
ME10513,CA01761,100%,-0.5322,0.39
ME10514,CA06013,100%,0.1657,0.23
ME10515,CA00307,50%,-0.0246,0.45
ME10516,CA03543,75%,-0.0986,0.194
ME10517,CA01616,25%,-0.1785,0.105
ME10518,CA02494,50%,0.0631,0.298
ME10519,CA00763,50%,0.1747,0.416
ME10520,CA02257,25%,0.1217,0.225
ME10521,CA02846,100%,-0.0519,0.203
ME10522,CA03954,100%,-0.1298,0.342
ME10523,CA05835,100%,-0.1034,0.474
ME10524,CA06142,50%,0.0567,0.155
ME10525,CA02526,50%,-0.225,0.141
ME10526,CA01010,50%,-0.1787,0.132
ME10527,CA02075,50%,0.2968,0.355
ME10528,CA06156,100%,0.2146,0.138
ME10529,CA06807,50%,-0.0666,0.154
ME10530,CA04635,50%,0.3886,0.393
ME10531,CA04563,100%,0.0119,0.307
ME10532,CA06913,25%,-0.0608,0.292
ME10533,CA00375,75%,-0.0305,0.205
ME10534,CA03943,100%,-0.2643,0.179
ME10535,CA02098,75%,0.4157,0.144
ME10536,CA05046,100%,0.2076,0.365
ME10537,CA02831,25%,-0.1915,0.105
ME10538,CA06331,50%,-0.0775,0.213
ME10539,CA00156,50%,0.1191,0.383
ME10540,CA02282,50%,-0.0489,0.376
ME10541,CA00892,25%,-0.0862,0.24
ME10542,CA02676,100%,-0.0463,0.359
ME10543,CA01385,25%,-0.0054,0.34
ME10544,CA03742,25%,0.1662,0.143
ME10545,CA06470,50%,-0.0927,0.324
ME10546,CA06845,75%,-0.183,0.408
ME10547,CA02953,25%,-0.3433,0.264
ME10548,CA01987,50%,0.1165,0.319
ME10549,CA01605,50%,0.2597,0.321
ME10550,CA02774,25%,0.134,0.451
ME10551,CA06022,50%,-0.2207,0.4
ME10552,CA05010,50%,0.1527,0.466
ME10553,CA05677,100%,-0.262,0.246
ME10554,CA01148,50%,0.1375,0.386
ME10555,CA01633,100%,0.1177,0.404
ME10556,CA02308,50%,-0.2316,0.321
ME10557,CA02658,50%,0.2248,0.347
ME10558,CA00952,50%,0.2555,0.177
ME10559,CA07082,100%,0.1819,0.12
ME10560,CA05334,100%,0.1296,0.439
ME10561,CA02760,100%,-0.188,0.169
ME10562,CA02362,50%,0.1379,0.263
ME10563,CA03448,75%,0.0841,0.308
ME10564,CA04584,25%,-0.1654,0.393
ME10565,CA00209,75%,-0.1272,0.238
ME10566,CA02575,25%,-0.0168,0.277
ME10567,CA05704,25%,0.0476,0.279
ME10568,CA01853,25%,0.1741,0.284
ME10569,CA06720,75%,-0.1979,0.133
ME10570,CA00088,75%,0.2021,0.325
ME10571,CA03734,100%,0.126,0.158
ME10572,CA04660,50%,0.2564,0.28
ME10573,CA01057,100%,-0.161,0.256
ME10574,CA07141,25%,-0.0087,0.375
ME10575,CA06454,25%,-0.1025,0.468
ME10576,CA00432,25%,-0.5931,0.421
ME10577,CA02063,75%,0.0104,0.363
ME10578,CA03046,75%,-0.0622,0.303
ME10579,CA02951,100%,0.151,0.353
ME10580,CA03811,25%,0.0795,0.455
ME10581,CA01756,50%,-0.1109,0.131
ME10582,CA04012,25%,0.0203,0.278
ME10583,CA01309,100%,0.2056,0.214
ME10584,CA02768,25%,-0.4937,0.1
ME10585,CA00009,50%,0.1745,0.126
ME10586,CA05266,100%,0.0254,0.106
ME10587,CA00588,75%,-0.0024,0.296
ME10588,CA06270,50%,0.0648,0.257
ME10589,CA00500,75%,0.1732,0.22
ME10590,CA03229,50%,0.1474,0.444
ME10591,CA00118,25%,0.1028,0.271
ME10592,CA00486,75%,-0.1637,0.322
ME10593,CA00328,75%,0.1383,0.2
ME10594,CA00975,100%,-0.018,0.489
ME10595,CA06485,100%,0.2791,0.297
ME10596,CA03946,25%,0.254,0.328
ME10597,CA05736,50%,-0.1695,0.337
ME10598,CA07117,50%,0.1541,0.295
ME10599,CA06059,50%,0.1208,0.436
ME10600,CA06986,75%,-0.0399,0.353
ME10601,CA00386,100%,-0.2788,0.234
ME10602,CA03370,75%,0.1839,0.439
ME10603,CA01395,100%,0.1079,0.178
ME10604,CA06871,100%,-0.0428,0.305
ME10605,CA07146,100%,-0.24,0.379
ME10606,CA00378,100%,-0.0541,0.25
ME10607,CA03192,50%,0.1689,0.166
ME10608,CA03530,25%,-0.0033,0.468
ME10609,CA05298,25%,-0.0318,0.262
ME10610,CA00743,50%,-0.1446,0.223
ME10611,CA04254,25%,0.245,0.28
ME10612,CA04128,75%,-0.1595,0.482
ME10613,CA04384,100%,0.2706,0.204
ME10614,CA03377,50%,0.2353,0.4
ME10615,CA01042,25%,0.0106,0.302
ME10616,CA01360,50%,0.337,0.266
ME10617,CA05741,50%,-0.0736,0.423
ME10618,CA01952,100%,0.084,0.103
ME10619,CA01529,100%,0.0221,0.38
ME10620,CA03294,25%,-0.0335,0.247
ME10621,CA07102,50%,-0.0406,0.352
ME10622,CA01291,100%,0.3159,0.208
ME10623,CA02806,50%,0.1864,0.191
ME10624,CA04478,75%,0.0634,0.16
ME10625,CA07090,75%,0.0453,0.406
ME10626,CA02682,75%,-0.0795,0.125
ME10627,CA04961,50%,-0.2644,0.408
ME10628,CA00600,75%,-0.1863,0.357
ME10629,CA01125,50%,0.0301,0.13
ME10630,CA01121,50%,0.1587,0.234
ME10631,CA05379,100%,0.0888,0.195
ME10632,CA06848,75%,-0.3151,0.353
ME10633,CA01514,25%,0.3146,0.311
ME10634,CA06311,100%,-0.1666,0.237
ME10635,CA05279,75%,-0.0108,0.476
ME10636,CA03843,50%,0.1958,0.326
ME10637,CA06091,75%,0.341,0.172
ME10638,CA02389,25%,-0.0106,0.145
ME10639,CA05536,50%,-0.1025,0.173
ME10640,CA00821,100%,-0.0587,0.108
ME10641,CA01151,100%,0.1048,0.131
ME10642,CA01472,100%,-0.1571,0.126
ME10643,CA00015,75%,-0.1176,0.306
ME10644,CA02359,25%,-0.1783,0.221
ME10645,CA00712,50%,0.2607,0.228
ME10646,CA00999,75%,0.1235,0.406
ME10647,CA05263,50%,-0.0154,0.357
ME10648,CA01057,100%,0.1002,0.339
ME10649,CA06721,75%,-0.1212,0.357
ME10650,CA06239,100%,-0.2317,0.332
ME10651,CA05147,75%,0.2213,0.11
ME10652,CA04889,100%,0.1462,0.319
ME10653,CA01315,75%,0.2189,0.343
ME10654,CA06802,100%,0.6658,0.103
ME10655,CA02372,50%,0.0968,0.398
ME10656,CA06075,50%,0.0136,0.254
ME10657,CA02364,75%,0.3127,0.178
ME10658,CA02797,75%,-0.098,0.242
ME10659,CA00426,50%,0.0647,0.14
ME10660,CA05845,50%,0.2054,0.499
ME10661,CA05297,25%,-0.378,0.389
ME10662,CA05486,75%,-0.1623,0.23
ME10663,CA02436,50%,0.1093,0.283
ME10664,CA01835,25%,0.1033,0.394
ME10665,CA05909,75%,0.1068,0.412
ME10666,CA03799,50%,0.0535,0.415
ME10667,CA01474,100%,0.1762,0.425
ME10668,CA06377,75%,-0.0508,0.293
ME10669,CA03425,25%,-0.0113,0.106
ME10670,CA00209,100%,0.1637,0.166
ME10671,CA00632,75%,-0.148,0.226
ME10672,CA00006,50%,-0.1574,0.319
ME10673,CA03827,75%,0.1609,0.128
ME10674,CA01512,100%,0.006,0.497
ME10675,CA00862,100%,0.1459,0.257
ME10676,CA03255,50%,-0.3504,0.453
ME10677,CA02531,75%,0.0995,0.351
ME10678,CA06589,50%,0.3334,0.164
ME10679,CA04958,100%,-0.02,0.456
ME10680,CA02539,25%,0.0036,0.259
ME10681,CA03306,25%,-0.0275,0.391
ME10682,CA02235,75%,0.074,0.276
ME10683,CA02505,100%,-0.0117,0.178
ME10684,CA01073,50%,0.0776,0.395
ME10685,CA04002,100%,-0.1804,0.369
ME10686,CA00095,100%,-0.108,0.399
ME10687,CA03337,25%,0.1115,0.216
ME10688,CA05056,25%,-0.1194,0.176
ME10689,CA00917,100%,0.3903,0.428
ME10690,CA05729,50%,-0.0209,0.239
ME10691,CA03523,75%,0.075,0.353
ME10692,CA05293,50%,-0.2094,0.263
ME10693,CA06984,75%,-0.1558,0.129
ME10694,CA06085,100%,0.2122,0.161
ME10695,CA03711,100%,0.1811,0.27
ME10696,CA06942,25%,0.0813,0.142
ME10697,CA05343,50%,0.0512,0.129
ME10698,CA00402,75%,-0.0333,0.308
ME10699,CA04709,25%,-0.0923,0.357
ME10700,CA00164,50%,0.1356,0.244
ME10701,CA06388,25%,0.0305,0.475
ME10702,CA05830,100%,-0.0476,0.274
ME10703,CA04911,25%,-0.0105,0.151
ME10704,CA01194,50%,-0.1709,0.439
ME10705,CA01537,50%,0.0722,0.354
ME10706,CA03202,50%,-0.0913,0.275
ME10707,CA04669,100%,0.0383,0.451
ME10708,CA03828,25%,0.1157,0.479
ME10709,CA07105,75%,-0.2769,0.301
ME10710,CA06030,50%,0.1506,0.373
ME10711,CA04465,75%,0.1703,0.328
ME10712,CA00394,50%,-0.3542,0.207
ME10713,CA04474,25%,0.1945,0.465
ME10714,CA01598,100%,0.0896,0.389
ME10715,CA05742,25%,-0.1248,0.322
ME10716,CA03095,100%,0.0802,0.468
ME10717,CA00821,100%,0.2794,0.414
ME10718,CA06573,50%,0.2417,0.257
ME10719,CA00374,50%,-0.0766,0.442
ME10720,CA02884,50%,-0.1253,0.299
ME10721,CA06660,100%,-0.1811,0.257
ME10722,CA03479,25%,-0.0456,0.485
ME10723,CA01325,75%,0.085,0.124
ME10724,CA01929,25%,-0.0446,0.427
ME10725,CA07095,75%,-0.2137,0.326
ME10726,CA01395,100%,0.299,0.404
ME10727,CA04139,25%,0.1012,0.189
ME10728,CA04088,50%,0.2652,0.338
ME10729,CA05135,100%,0.1105,0.349
ME10730,CA02583,100%,0.1898,0.16
ME10731,CA00996,50%,0.2139,0.489
ME10732,CA00712,25%,-0.0095,0.318
ME10733,CA02124,25%,0.2432,0.476
ME10734,CA04274,100%,0.048,0.372
ME10735,CA00513,75%,0.1185,0.439
ME10736,CA03411,25%,0.1623,0.171
ME10737,CA06782,25%,-0.0037,0.442
ME10738,CA00458,50%,0.1498,0.179
ME10739,CA02958,100%,-0.0501,0.31
ME10740,CA00806,100%,-0.2711,0.125
ME10741,CA01054,50%,-0.1338,0.273
ME10742,CA01607,75%,0.0799,0.461
ME10743,CA04745,75%,0.3345,0.177
ME10744,CA00836,50%,-0.0751,0.117
ME10745,CA02151,100%,-0.2587,0.237
ME10746,CA06818,25%,0.0076,0.202
ME10747,CA01185,75%,0.2132,0.49
ME10748,CA04689,100%,-0.1446,0.233
ME10749,CA05899,50%,0.0531,0.21
ME10750,CA04991,25%,0.1444,0.205
ME10751,CA03872,25%,-0.2815,0.417
ME10752,CA04154,75%,0.0667,0.277
ME10753,CA03433,50%,0.3491,0.438
ME10754,CA07037,100%,-0.1314,0.353
ME10755,CA00008,100%,0.072,0.284
ME10756,CA03089,50%,0.1077,0.279
ME10757,CA03410,75%,-0.1596,0.103
ME10758,CA01463,100%,0.1302,0.109
ME10759,CA02720,50%,-0.0725,0.105
ME10760,CA07148,100%,0.2381,0.251
ME10761,CA01185,100%,0.0915,0.382
ME10762,CA06163,75%,0.2223,0.278
ME10763,CA01888,75%,-0.1154,0.295
ME10764,CA04837,75%,0.2879,0.199
ME10765,CA04076,25%,-0.1257,0.241
ME10766,CA02835,50%,-0.1082,0.428
ME10767,CA00716,50%,0.0894,0.196
ME10768,CA05885,25%,-0.0685,0.492
ME10769,CA02902,75%,-0.2515,0.363
ME10770,CA01163,50%,0.1554,0.425
ME10771,CA06532,100%,0.024,0.491
ME10772,CA06044,50%,0.0953,0.101
ME10773,CA01652,25%,-0.1034,0.212
ME10774,CA04477,50%,-0.3675,0.329
ME10775,CA05704,25%,0.3163,0.191
ME10776,CA04568,25%,0.0541,0.361
ME10777,CA02887,100%,0.2666,0.233
ME10778,CA05842,50%,-0.2565,0.368
ME10779,CA05469,75%,0.1084,0.353
ME10780,CA04047,100%,-0.28,0.393
ME10781,CA01854,75%,-0.0171,0.418
ME10782,CA04055,25%,-0.1684,0.333
ME10783,CA07174,25%,-0.0621,0.499
ME10784,CA05216,75%,-0.2467,0.39
ME10785,CA03824,100%,0.0525,0.307
ME10786,CA06820,50%,-0.0491,0.191
ME10787,CA04533,25%,-0.1233,0.353
ME10788,CA06447,75%,0.0044,0.111
ME10789,CA02346,100%,-0.0579,0.484
ME10790,CA05863,25%,-0.284,0.39
ME10791,CA06584,25%,-0.1906,0.28
ME10792,CA04452,75%,-0.0622,0.222
ME10793,CA05036,50%,-0.101,0.47
ME10794,CA03623,100%,-0.2264,0.225
ME10795,CA01428,25%,0.0771,0.414
ME10796,CA03420,50%,0.0974,0.131
ME10797,CA03294,25%,-0.2161,0.486
ME10798,CA00819,100%,0.1379,0.32
ME10799,CA02016,100%,-0.2357,0.225
ME10800,CA04375,75%,0.1208,0.1
ME10801,CA06356,25%,-0.0469,0.388
ME10802,CA01560,25%,0.0098,0.239
ME10803,CA03664,50%,-0.1324,0.137
ME10804,CA01669,100%,0.3114,0.194
ME10805,CA06129,100%,-0.2352,0.346
ME10806,CA03678,25%,0.065,0.376
ME10807,CA01346,75%,-0.0518,0.416
ME10808,CA03224,25%,0.0234,0.258
ME10809,CA05828,50%,-0.0149,0.301
ME10810,CA03727,75%,-0.1131,0.251
ME10811,CA06145,75%,-0.2041,0.27
ME10812,CA05866,50%,0.3367,0.417
ME10813,CA04506,100%,-0.029,0.373
ME10814,CA00766,100%,-0.2217,0.274
ME10815,CA03017,75%,0.2344,0.383
ME10816,CA02099,50%,-0.129,0.213
ME10817,CA02868,50%,-0.1499,0.32
ME10818,CA02947,100%,-0.0287,0.249
ME10819,CA04796,25%,0.0083,0.248
ME10820,CA06807,50%,0.1966,0.231
ME10821,CA02716,100%,0.0978,0.196
ME10822,CA01495,100%,0.0291,0.454
ME10823,CA07157,25%,0.1744,0.404
ME10824,CA03450,50%,0.0639,0.288
ME10825,CA03736,50%,-0.2739,0.404
ME10826,CA02875,100%,-0.11,0.107
ME10827,CA02039,75%,-0.0543,0.403
ME10828,CA04046,25%,-0.1516,0.42
ME10829,CA06162,100%,-0.4398,0.276
ME10830,CA01400,25%,0.1042,0.439
ME10831,CA00830,50%,0.0144,0.17
ME10832,CA03267,100%,0.2529,0.17
ME10833,CA06132,100%,0.0072,0.289
ME10834,CA06927,25%,-0.0287,0.47
ME10835,CA00581,100%,-0.0704,0.239
ME10836,CA00548,50%,-0.034,0.138
ME10837,CA02821,25%,-0.0532,0.226
ME10838,CA06232,75%,0.2196,0.268
ME10839,CA00473,25%,-0.1233,0.476
ME10840,CA04052,100%,0.3176,0.407
ME10841,CA00733,100%,0.2209,0.477
ME10842,CA00392,25%,0.1776,0.225
ME10843,CA01391,100%,-0.0445,0.123
ME10844,CA00344,100%,0.2514,0.116
ME10845,CA03796,75%,0.193,0.46
ME10846,CA03855,75%,-0.2598,0.285
ME10847,CA01662,75%,0.1287,0.325
ME10848,CA05414,25%,0.0199,0.119
ME10849,CA04255,25%,0.0541,0.101
ME10850,CA01044,25%,-0.0801,0.264
ME10851,CA03817,25%,-0.0991,0.364
ME10852,CA02773,100%,-0.1266,0.109
ME10853,CA05751,50%,-0.0335,0.246
ME10854,CA02697,50%,0.0693,0.226
ME10855,CA00797,75%,-0.009,0.24
ME10856,CA01129,50%,0.0121,0.498
ME10857,CA07107,100%,0.5239,0.295
ME10858,CA06221,75%,-0.1467,0.281
ME10859,CA04495,25%,-0.1145,0.185
ME10860,CA05351,75%,-0.0958,0.471
ME10861,CA02631,25%,-0.3332,0.248
ME10862,CA06986,50%,-0.1666,0.478
ME10863,CA02930,50%,-0.0957,0.47
ME10864,CA00530,75%,0.086,0.121
ME10865,CA00427,50%,0.0992,0.444
ME10866,CA01380,100%,-0.0645,0.216
ME10867,CA01620,25%,-0.2596,0.334
ME10868,CA02175,50%,0.1782,0.286
ME10869,CA04678,100%,0.0109,0.313
ME10870,CA00359,75%,0.0249,0.475
ME10871,CA02284,25%,-0.2697,0.178
ME10872,CA04378,25%,-0.0705,0.34
ME10873,CA04652,100%,-0.3959,0.344
ME10874,CA04065,50%,-0.0529,0.195
ME10875,CA04762,75%,-0.1578,0.115
ME10876,CA06854,50%,-0.1771,0.217
ME10877,CA00334,50%,0.0334,0.101
ME10878,CA02085,100%,0.1384,0.405
ME10879,CA02600,25%,0.3688,0.252
ME10880,CA04029,100%,-0.3574,0.261
ME10881,CA02420,50%,-0.0477,0.41
ME10882,CA04086,75%,-0.178,0.452
ME10883,CA03049,75%,-0.3124,0.438
ME10884,CA05152,25%,-0.088,0.291
ME10885,CA06555,25%,0.1711,0.225
ME10886,CA04576,100%,-0.0846,0.451
ME10887,CA06022,100%,0.0949,0.372
ME10888,CA04014,50%,0.0397,0.216
ME10889,CA05588,50%,0.0641,0.317
ME10890,CA06415,50%,0.2146,0.372
ME10891,CA04156,50%,-0.1602,0.273
ME10892,CA02376,25%,0.066,0.315
ME10893,CA03321,100%,0.2974,0.26
ME10894,CA05218,50%,-0.0097,0.202
ME10895,CA03946,50%,-0.1655,0.282
ME10896,CA06770,50%,-0.1299,0.276
ME10897,CA06825,50%,-0.0078,0.499
ME10898,CA05673,50%,-0.272,0.376
ME10899,CA05592,100%,-0.2628,0.164
ME10900,CA04557,50%,0.1108,0.218
ME10901,CA05360,25%,-0.0417,0.267
ME10902,CA05431,50%,0.2405,0.217
ME10903,CA07023,100%,0.0899,0.273
ME10904,CA03574,100%,0.0935,0.196
ME10905,CA02121,50%,-0.3625,0.435
ME10906,CA00625,75%,0.0668,0.222
ME10907,CA01993,75%,-0.1906,0.481
ME10908,CA05307,75%,-0.1213,0.171
ME10909,CA02617,100%,0.2721,0.113
ME10910,CA03104,50%,-0.2795,0.295
ME10911,CA01801,100%,0.206,0.21
ME10912,CA01889,75%,0.2049,0.101
ME10913,CA02836,25%,0.0852,0.229
ME10914,CA05380,25%,0.006,0.472
ME10915,CA00120,50%,-0.1304,0.123
ME10916,CA02072,75%,0.1382,0.424
ME10917,CA06283,100%,-0.1771,0.137
ME10918,CA03809,75%,0.0622,0.279
ME10919,CA03873,100%,-0.1086,0.191
ME10920,CA06382,50%,-0.3376,0.272
ME10921,CA03016,75%,0.3693,0.247
ME10922,CA02826,50%,-0.1054,0.397
ME10923,CA01798,50%,-0.1737,0.394
ME10924,CA04054,25%,0.2768,0.141
ME10925,CA01825,75%,-0.2112,0.141
ME10926,CA00216,50%,-0.241,0.243
ME10927,CA05077,75%,-0.1876,0.179
ME10928,CA00656,100%,-0.011,0.167
ME10929,CA01168,100%,0.1393,0.288
ME10930,CA01675,25%,0.0506,0.449
ME10931,CA07114,25%,-0.2006,0.141
ME10932,CA04797,25%,-0.2127,0.278
ME10933,CA04832,50%,-0.2175,0.495
ME10934,CA00818,100%,-0.1165,0.334
ME10935,CA03725,75%,-0.0546,0.403
ME10936,CA04547,75%,-0.0145,0.236
ME10937,CA01283,100%,0.0471,0.106
ME10938,CA04599,25%,0.0243,0.342
ME10939,CA01269,50%,-0.0592,0.365
ME10940,CA05218,100%,0.0743,0.35
ME10941,CA06319,100%,-0.1133,0.212
ME10942,CA03938,75%,-0.0665,0.424
ME10943,CA06443,50%,0.0306,0.358
ME10944,CA02773,25%,0.1409,0.195
ME10945,CA06544,50%,0.2145,0.254
ME10946,CA05756,25%,-0.144,0.101
ME10947,CA04335,75%,0.1572,0.127
ME10948,CA05846,100%,0.1926,0.4
ME10949,CA06471,75%,-0.1958,0.292
ME10950,CA03472,50%,-0.1046,0.25
ME10951,CA05645,100%,0.0534,0.328
ME10952,CA02541,50%,0.1439,0.161
ME10953,CA04208,50%,0.1768,0.165
ME10954,CA01908,50%,-0.0669,0.326
ME10955,CA04091,50%,-0.1155,0.264
ME10956,CA00179,50%,-0.1586,0.457
ME10957,CA02677,50%,0.217,0.156
ME10958,CA03238,25%,-0.1428,0.188
ME10959,CA04062,50%,0.4466,0.462
ME10960,CA01599,50%,-0.1349,0.13
ME10961,CA05427,50%,-0.1864,0.22
ME10962,CA00720,25%,-0.222,0.391
ME10963,CA00759,100%,-0.0649,0.429
ME10964,CA03960,50%,-0.1542,0.361
ME10965,CA03346,100%,0.1312,0.169
ME10966,CA01320,50%,0.0493,0.444
ME10967,CA05795,25%,-0.1064,0.298
ME10968,CA06253,100%,0.0031,0.386
ME10969,CA01838,50%,-0.2495,0.358
ME10970,CA03645,25%,0.1949,0.242
ME10971,CA02602,75%,-0.1289,0.447
ME10972,CA03444,100%,0.3004,0.431
ME10973,CA05755,100%,0.065,0.155
ME10974,CA01030,25%,0.3249,0.194
ME10975,CA01825,25%,-0.1668,0.284
ME10976,CA03683,100%,0.2816,0.369
ME10977,CA05795,25%,-0.1334,0.168
ME10978,CA00403,100%,-0.3881,0.19
ME10979,CA01710,100%,0.2138,0.391
ME10980,CA04033,25%,-0.0813,0.118
ME10981,CA04633,25%,-0.1674,0.257
ME10982,CA04308,25%,0.113,0.486
ME10983,CA06187,100%,0.1172,0.298
ME10984,CA01369,50%,0.0974,0.331
ME10985,CA03035,25%,0.004,0.419
ME10986,CA06091,75%,-0.2067,0.47
ME10987,CA05828,100%,-0.4591,0.45
ME10988,CA07148,75%,-0.0726,0.274
ME10989,CA05752,100%,0.0378,0.147
ME10990,CA03826,75%,0.1654,0.135
ME10991,CA03034,100%,-0.185,0.313
ME10992,CA04112,50%,0.1787,0.159
ME10993,CA06728,100%,0.3092,0.416
ME10994,CA05781,100%,-0.2105,0.464
ME10995,CA04009,75%,0.0019,0.271
ME10996,CA06812,75%,0.2174,0.421
ME10997,CA04271,75%,-0.1942,0.397
ME10998,CA05429,50%,-0.0525,0.182
ME10999,CA01303,75%,-0.2401,0.389
ME11000,CA01926,75%,0.2315,0.482
ME11001,CA01129,75%,0.096,0.314
ME11002,CA02145,25%,-0.1153,0.246
ME11003,CA04439,50%,0.3539,0.475
ME11004,CA02416,75%,0.0244,0.14
ME11005,CA00236,75%,-0.0371,0.169
ME11006,CA01575,25%,-0.2297,0.158
ME11007,CA03130,75%,-0.2265,0.253
ME11008,CA00466,100%,0.0598,0.472
ME11009,CA04773,75%,-0.0046,0.141
ME11010,CA02323,50%,-0.0955,0.18
ME11011,CA01819,50%,0.4038,0.147
ME11012,CA04753,75%,0.0611,0.127
ME11013,CA06516,75%,0.0317,0.282
ME11014,CA02637,25%,0.0591,0.257
ME11015,CA02613,100%,-0.2705,0.126
ME11016,CA06049,50%,0.1154,0.465
ME11017,CA02273,100%,0.1147,0.366
ME11018,CA03365,100%,0.112,0.313
ME11019,CA06214,25%,0.1284,0.464
ME11020,CA06313,25%,0.1923,0.493
ME11021,CA00839,100%,-0.0262,0.176
ME11022,CA00694,100%,0.0104,0.494
ME11023,CA02039,25%,0.1014,0.213
ME11024,CA03958,50%,-0.1267,0.115
ME11025,CA04312,25%,0.3646,0.231
ME11026,CA07070,100%,0.1578,0.114
ME11027,CA06809,100%,0.0149,0.432
ME11028,CA01678,75%,0.0186,0.187
ME11029,CA00745,50%,0.0891,0.228
ME11030,CA07063,75%,0.0425,0.442
ME11031,CA03114,50%,-0.4944,0.219
ME11032,CA03987,100%,0.6255,0.346
ME11033,CA00353,25%,-0.2663,0.393
ME11034,CA01209,75%,0.2005,0.112
ME11035,CA03620,25%,-0.0627,0.282
ME11036,CA04596,50%,-0.0416,0.26
ME11037,CA05818,50%,-0.1892,0.198
ME11038,CA02558,100%,-0.0431,0.14
ME11039,CA07160,75%,0.146,0.459
ME11040,CA04969,25%,-0.0638,0.381
ME11041,CA03153,50%,-0.0126,0.313
ME11042,CA05682,75%,0.1471,0.162
ME11043,CA03182,25%,0.0599,0.477
ME11044,CA00377,100%,0.0489,0.495
ME11045,CA05019,25%,-0.2494,0.238
ME11046,CA00705,100%,-0.1187,0.218
ME11047,CA05482,100%,0.0452,0.327
ME11048,CA04365,25%,0.0801,0.23
ME11049,CA04248,75%,-0.162,0.311
ME11050,CA01762,50%,0.1576,0.135
ME11051,CA06009,75%,0.1555,0.142
ME11052,CA02056,50%,0.1659,0.108
ME11053,CA01292,75%,0.3583,0.316
ME11054,CA02649,50%,0.1546,0.363
ME11055,CA03999,100%,0.049,0.405
ME11056,CA00863,75%,0.1743,0.189
ME11057,CA02950,25%,0.0299,0.273
ME11058,CA02480,50%,0.2423,0.119
ME11059,CA00156,75%,0.1432,0.158
ME11060,CA01830,100%,-0.1179,0.488
ME11061,CA04725,50%,0.036,0.273
ME11062,CA03588,75%,0.0322,0.312
ME11063,CA04081,25%,-0.0833,0.419
ME11064,CA02577,25%,-0.2378,0.382
ME11065,CA03767,75%,0.1217,0.192
ME11066,CA02155,75%,0.1929,0.332
ME11067,CA06265,75%,-0.1047,0.178
ME11068,CA00829,50%,0.0522,0.362
ME11069,CA06513,75%,-0.0303,0.41
ME11070,CA02948,25%,-0.0672,0.326
ME11071,CA02454,50%,-0.4877,0.229
ME11072,CA01060,100%,-0.0943,0.344
ME11073,CA06290,75%,-0.0034,0.351
ME11074,CA00078,50%,-0.103,0.464
ME11075,CA05918,50%,0.1027,0.441
ME11076,CA01597,50%,0.0321,0.293
ME11077,CA05615,100%,0.022,0.41
ME11078,CA03860,100%,0.1066,0.456
ME11079,CA04673,75%,-0.0915,0.368
ME11080,CA02608,50%,-0.0018,0.292
ME11081,CA05017,75%,0.13,0.158
ME11082,CA01472,100%,0.0832,0.141
ME11083,CA05791,100%,0.1307,0.109
ME11084,CA01850,100%,-0.2293,0.317
ME11085,CA00622,25%,-0.0285,0.221
ME11086,CA04415,75%,-0.04,0.141
ME11087,CA02282,50%,-0.122,0.159
ME11088,CA01045,50%,-0.2789,0.463
ME11089,CA06244,25%,0.0376,0.33
ME11090,CA00699,100%,0.013,0.32
ME11091,CA03835,100%,-0.2894,0.415
ME11092,CA05722,25%,0.0724,0.207
ME11093,CA06754,50%,0.0732,0.345
ME11094,CA06006,100%,-0.0956,0.12
ME11095,CA00422,100%,-0.1281,0.481
ME11096,CA00453,50%,0.0609,0.234
ME11097,CA03225,75%,0.0531,0.493
ME11098,CA05046,25%,0.2283,0.413
ME11099,CA01709,25%,-0.2466,0.272
ME11100,CA06876,25%,-0.0066,0.292
ME11101,CA00621,25%,0.1112,0.139
ME11102,CA00696,25%,0.1966,0.154
ME11103,CA02551,50%,0.1199,0.202
ME11104,CA06427,25%,0.0415,0.269
ME11105,CA01439,75%,0.3379,0.329
ME11106,CA00749,75%,-0.3158,0.163
ME11107,CA04840,100%,0.0649,0.299
ME11108,CA06020,50%,-0.0295,0.225
ME11109,CA01574,50%,0.1722,0.412
ME11110,CA03457,75%,-0.2061,0.3
ME11111,CA02054,50%,-0.3125,0.356
ME11112,CA03260,75%,0.0739,0.36
ME11113,CA04162,25%,-0.3704,0.462
ME11114,CA00548,50%,-0.1782,0.216
ME11115,CA05287,75%,-0.1258,0.2
ME11116,CA06845,75%,-0.2696,0.342
ME11117,CA01445,100%,-0.051,0.493
ME11118,CA03951,100%,-0.1647,0.305
ME11119,CA05481,75%,-0.3954,0.154
ME11120,CA03265,50%,-0.3106,0.17
ME11121,CA04204,50%,-0.1762,0.259
ME11122,CA01158,75%,-0.0335,0.228
ME11123,CA00056,50%,0.1092,0.367
ME11124,CA01712,100%,0.2435,0.324
ME11125,CA07074,100%,-0.0543,0.273
ME11126,CA01036,75%,0.0802,0.421
ME11127,CA05155,75%,0.1024,0.351
ME11128,CA01591,25%,0.0753,0.396
ME11129,CA02329,100%,0.1877,0.349
ME11130,CA00971,50%,0.3588,0.13
ME11131,CA05689,100%,-0.0418,0.201
ME11132,CA00504,50%,0.235,0.497
ME11133,CA02419,100%,0.1366,0.207
ME11134,CA05706,25%,-0.1328,0.266
ME11135,CA01678,25%,0.0939,0.112
ME11136,CA01126,25%,0.2107,0.155
ME11137,CA05755,50%,-0.0407,0.484
ME11138,CA04432,25%,0.1342,0.478
ME11139,CA05238,75%,0.1725,0.481
ME11140,CA04328,75%,-0.0351,0.478
ME11141,CA04079,75%,0.1154,0.423
ME11142,CA06769,50%,-0.1331,0.426
ME11143,CA05837,25%,-0.3425,0.49
ME11144,CA03234,50%,-0.1898,0.279
ME11145,CA03625,75%,0.0135,0.125
ME11146,CA04660,75%,-0.0872,0.318
ME11147,CA06718,100%,-0.0728,0.241
ME11148,CA06708,50%,-0.2946,0.443
ME11149,CA02500,100%,0.3818,0.109
ME11150,CA01754,100%,0.3423,0.164
ME11151,CA05538,100%,0.1312,0.216
ME11152,CA02526,100%,-0.1071,0.384
ME11153,CA06866,100%,0.6481,0.136
ME11154,CA00283,25%,0.0443,0.447
ME11155,CA05704,100%,0.2514,0.209
ME11156,CA01977,75%,0.0092,0.306
ME11157,CA04791,25%,-0.0728,0.441
ME11158,CA06714,25%,-0.1498,0.497
ME11159,CA06386,25%,0.2915,0.253
ME11160,CA04850,25%,0.0539,0.372
ME11161,CA04053,75%,0.0973,0.492
ME11162,CA01389,75%,0.1563,0.238
ME11163,CA01575,75%,0.0139,0.276
ME11164,CA00448,100%,0.1379,0.419
ME11165,CA02234,25%,-0.1374,0.411
ME11166,CA02360,75%,-0.1292,0.139
ME11167,CA00550,25%,-0.1835,0.286
ME11168,CA04183,25%,0.195,0.384
ME11169,CA03794,100%,0.1031,0.387
ME11170,CA07186,100%,-0.167,0.24
ME11171,CA00100,75%,0.1272,0.315
ME11172,CA03333,100%,0.243,0.447
ME11173,CA04126,75%,-0.0051,0.254
ME11174,CA03446,50%,-0.1892,0.396
ME11175,CA00340,25%,-0.1005,0.408
ME11176,CA05616,50%,0.0656,0.287
ME11177,CA03518,25%,-0.0643,0.457
ME11178,CA01083,25%,0.3045,0.323
ME11179,CA00786,25%,0.201,0.21
ME11180,CA03769,50%,-0.051,0.191
ME11181,CA02439,50%,-0.2171,0.11
ME11182,CA03630,75%,-0.3845,0.335
ME11183,CA00383,25%,0.2814,0.324
ME11184,CA02577,100%,0.0785,0.151
ME11185,CA05947,50%,0.5344,0.395
ME11186,CA06499,100%,0.2783,0.447
ME11187,CA01869,100%,-0.2352,0.375
ME11188,CA00989,50%,0.3724,0.215
ME11189,CA01903,75%,0.3027,0.225
ME11190,CA00929,25%,0.2027,0.415
ME11191,CA04454,100%,-0.0329,0.296
ME11192,CA02357,100%,0.1017,0.366
ME11193,CA02826,25%,0.3848,0.4
ME11194,CA03723,100%,-0.1782,0.397
ME11195,CA05073,100%,0.0336,0.285
ME11196,CA02207,50%,0.3827,0.328
ME11197,CA05886,100%,-0.0672,0.278
ME11198,CA05722,100%,0.0345,0.143
ME11199,CA05967,25%,0.1392,0.301
ME11200,CA01504,75%,0.1381,0.359
ME11201,CA04057,50%,0.1501,0.403
ME11202,CA01399,50%,-0.3479,0.212
ME11203,CA03734,75%,-0.1436,0.177
ME11204,CA00993,75%,-0.0141,0.398
ME11205,CA04454,100%,0.2076,0.373
ME11206,CA00989,100%,-0.1805,0.26
ME11207,CA07094,75%,-0.1851,0.188
ME11208,CA05211,50%,-0.0048,0.426
ME11209,CA05513,100%,0.1448,0.341
ME11210,CA06914,50%,0.4401,0.494
ME11211,CA05702,75%,0.043,0.442
ME11212,CA06561,100%,-0.0057,0.384
ME11213,CA03767,50%,-0.0558,0.486
ME11214,CA02200,75%,-0.0686,0.241
ME11215,CA05787,75%,0.4201,0.5
ME11216,CA03690,75%,0.0582,0.379
ME11217,CA05568,75%,0.3285,0.251
ME11218,CA01952,50%,0.0584,0.231
ME11219,CA06061,25%,0.2785,0.37
ME11220,CA07162,100%,-0.0738,0.131
ME11221,CA00144,100%,-0.0342,0.133
ME11222,CA06370,50%,-0.0117,0.244
ME11223,CA03114,25%,0.2576,0.227
ME11224,CA03525,100%,0.1087,0.106
ME11225,CA05330,50%,0.0505,0.462
ME11226,CA02038,50%,0.2703,0.261
ME11227,CA06601,50%,-0.3808,0.131
ME11228,CA03181,50%,-0.2382,0.361
ME11229,CA01938,25%,0.2388,0.362
ME11230,CA02846,25%,0.1948,0.199
ME11231,CA05498,75%,0.3299,0.467
ME11232,CA05628,50%,-0.0735,0.286
ME11233,CA03488,50%,0.0596,0.194
ME11234,CA01821,75%,0.2508,0.254
ME11235,CA02527,50%,0.0767,0.408
ME11236,CA04742,25%,0.0899,0.29
ME11237,CA04737,50%,-0.1775,0.157
ME11238,CA01394,50%,-0.0638,0.33
ME11239,CA01507,100%,-0.1113,0.366
ME11240,CA05767,75%,-0.0017,0.434
ME11241,CA00102,50%,-0.2887,0.112
ME11242,CA00401,25%,-0.1746,0.327
ME11243,CA06561,75%,0.269,0.237
ME11244,CA01352,100%,-0.0242,0.33
ME11245,CA06243,25%,-0.2505,0.194
ME11246,CA03490,75%,-0.035,0.465
ME11247,CA06398,100%,0.3143,0.394
ME11248,CA04111,100%,-0.3024,0.257
ME11249,CA06532,100%,0.1219,0.202
ME11250,CA06908,50%,-0.0497,0.137
ME11251,CA04751,50%,-0.2857,0.201
ME11252,CA01653,25%,0.2376,0.201
ME11253,CA01017,75%,0.2084,0.274
ME11254,CA01262,25%,0.0385,0.49
ME11255,CA07022,100%,-0.4389,0.123
ME11256,CA03634,50%,0.1642,0.178
ME11257,CA03227,75%,0.1168,0.154
ME11258,CA06289,75%,0.0484,0.243
ME11259,CA02915,100%,0.0339,0.426
ME11260,CA03937,75%,0.1621,0.327
ME11261,CA00391,75%,-0.1726,0.488
ME11262,CA05675,100%,0.0403,0.165
ME11263,CA06778,50%,-0.0273,0.155
ME11264,CA07110,100%,0.036,0.19
ME11265,CA04306,50%,-0.0532,0.293
ME11266,CA05804,100%,-0.0852,0.305
ME11267,CA00405,100%,-0.2945,0.408
ME11268,CA02432,75%,-0.177,0.207
ME11269,CA06763,100%,-0.0484,0.335
ME11270,CA00003,50%,0.0095,0.185
ME11271,CA03592,25%,-0.2777,0.44
ME11272,CA04340,25%,-0.2226,0.491
ME11273,CA07037,100%,0.2545,0.148
ME11274,CA01899,75%,-0.2931,0.101
ME11275,CA05097,100%,0.1691,0.328
ME11276,CA00666,25%,0.1499,0.376
ME11277,CA03563,100%,0.0432,0.15
ME11278,CA02843,50%,0.1262,0.388
ME11279,CA00548,100%,0.0733,0.266
ME11280,CA03617,75%,-0.3333,0.42
ME11281,CA03413,25%,0.0064,0.277
ME11282,CA03849,75%,0.1377,0.159
ME11283,CA02546,75%,0.3514,0.35
ME11284,CA01363,50%,-0.0031,0.464
ME11285,CA06343,75%,-0.0907,0.16
ME11286,CA03060,100%,-0.0203,0.224
ME11287,CA01082,75%,0.1514,0.489
ME11288,CA05794,75%,0.0397,0.233
ME11289,CA03721,100%,0.0071,0.239
ME11290,CA02482,50%,-0.0202,0.38
ME11291,CA06250,25%,-0.079,0.381
ME11292,CA03895,75%,-0.0465,0.309
ME11293,CA01710,50%,0.1113,0.265
ME11294,CA02922,100%,0.0538,0.379
ME11295,CA03007,25%,-0.1141,0.142
ME11296,CA02245,50%,-0.1293,0.247
ME11297,CA04132,50%,-0.3159,0.184
ME11298,CA01836,50%,0.1606,0.423
ME11299,CA03211,75%,-0.3017,0.107
ME11300,CA01012,75%,-0.0537,0.344
ME11301,CA03924,25%,0.2896,0.243
ME11302,CA04481,25%,0.0717,0.495
ME11303,CA01828,50%,-0.1109,0.198
ME11304,CA02002,100%,0.0351,0.36
ME11305,CA05809,50%,-0.0237,0.33
ME11306,CA06650,100%,0.1976,0.199
ME11307,CA05979,25%,0.3072,0.337
ME11308,CA03051,25%,-0.0986,0.253
ME11309,CA02442,25%,-0.0245,0.123
ME11310,CA03093,100%,-0.1713,0.132
ME11311,CA04316,25%,-0.0418,0.225
ME11312,CA04400,75%,-0.0479,0.413
ME11313,CA04956,25%,0.1028,0.237
ME11314,CA04030,75%,-0.0379,0.136
ME11315,CA01413,100%,0.0628,0.223
ME11316,CA01625,50%,0.1057,0.421
ME11317,CA03153,75%,0.0583,0.22
ME11318,CA00855,50%,-0.0706,0.262
ME11319,CA06363,100%,0.0011,0.263
ME11320,CA01668,75%,-0.2124,0.494
ME11321,CA01949,25%,0.0824,0.115
ME11322,CA05806,100%,0.1607,0.143
ME11323,CA02582,50%,-0.0744,0.226
ME11324,CA00023,75%,0.0043,0.445
ME11325,CA02931,25%,0.2522,0.382
ME11326,CA03909,25%,0.1698,0.414
ME11327,CA03804,50%,-0.1518,0.177
ME11328,CA00544,25%,-0.0266,0.391
ME11329,CA01243,100%,-0.1472,0.344
ME11330,CA03079,25%,0.2042,0.38
ME11331,CA04968,100%,0.0403,0.456
ME11332,CA06753,100%,0.2556,0.467
ME11333,CA01120,25%,0.1606,0.293
ME11334,CA01974,50%,0.0668,0.406
ME11335,CA04284,50%,0.2291,0.224
ME11336,CA05178,75%,-0.179,0.282
ME11337,CA01869,75%,-0.3518,0.185
ME11338,CA03779,75%,-0.2272,0.312
ME11339,CA03178,100%,0.1178,0.405
ME11340,CA06659,25%,0.3805,0.343
ME11341,CA00372,75%,-0.207,0.435
ME11342,CA00702,50%,-0.2364,0.364
ME11343,CA06227,50%,-0.1914,0.185
ME11344,CA03482,50%,-0.1886,0.421
ME11345,CA03718,100%,-0.242,0.233
ME11346,CA02129,25%,-0.2834,0.375
ME11347,CA04044,50%,-0.1558,0.33
ME11348,CA01381,100%,0.1513,0.471
ME11349,CA06817,50%,0.1061,0.18
ME11350,CA02791,100%,0.1068,0.176
ME11351,CA03010,50%,0.2538,0.127
ME11352,CA01025,50%,0.0251,0.274
ME11353,CA04905,50%,0.1514,0.327
ME11354,CA04229,50%,0.1175,0.243
ME11355,CA00100,75%,-0.1846,0.309
ME11356,CA05572,75%,-0.2966,0.39
ME11357,CA02665,75%,-0.0139,0.312
ME11358,CA02537,100%,0.0405,0.204
ME11359,CA05905,50%,0.1389,0.259
ME11360,CA01810,50%,-0.0123,0.425
ME11361,CA03167,100%,-0.0282,0.429
ME11362,CA00990,75%,-0.237,0.25
ME11363,CA02540,25%,-0.0144,0.322
ME11364,CA03728,25%,-0.3434,0.363
ME11365,CA04503,100%,0.0147,0.45
ME11366,CA05305,100%,0.2287,0.37
ME11367,CA06421,75%,0.1971,0.5
ME11368,CA01140,100%,0.1875,0.114
ME11369,CA00816,50%,-0.0799,0.355
ME11370,CA03569,100%,0.0045,0.365
ME11371,CA01644,75%,0.309,0.431
ME11372,CA06510,75%,0.0234,0.203
ME11373,CA02110,25%,0.2461,0.227
ME11374,CA02371,50%,0.01,0.12
ME11375,CA06499,25%,-0.0968,0.214
ME11376,CA00082,25%,-0.0355,0.347
ME11377,CA00001,25%,-0.1271,0.19
ME11378,CA04504,100%,-0.0477,0.143
ME11379,CA06082,25%,-0.1107,0.288
ME11380,CA02285,25%,0.1386,0.338
ME11381,CA06333,100%,0.1213,0.289
ME11382,CA06660,25%,-0.1064,0.129
ME11383,CA02230,25%,-0.0656,0.468
ME11384,CA06539,50%,0.0704,0.105
ME11385,CA00424,75%,0.0096,0.336
ME11386,CA06720,50%,0.0667,0.171
ME11387,CA02584,25%,0.4441,0.296
ME11388,CA00842,25%,-0.2365,0.2
ME11389,CA00532,25%,-0.181,0.112
ME11390,CA06003,75%,-0.257,0.145
ME11391,CA05672,25%,0.0909,0.146
ME11392,CA06976,100%,0.1855,0.206
ME11393,CA02352,75%,0.2679,0.358
ME11394,CA01358,75%,-0.1668,0.103
ME11395,CA06792,25%,0.1436,0.341
ME11396,CA05504,50%,-0.0453,0.451
ME11397,CA00419,100%,0.3102,0.497
ME11398,CA01609,100%,-0.4234,0.306
ME11399,CA00410,25%,-0.0075,0.197
ME11400,CA05235,25%,0.0684,0.452
ME11401,CA07128,100%,-0.0776,0.34
ME11402,CA06053,50%,0.2206,0.133
ME11403,CA03587,100%,-0.0728,0.392
ME11404,CA03176,100%,0.1853,0.265
ME11405,CA06728,100%,-0.1647,0.239
ME11406,CA03040,25%,-0.356,0.207
ME11407,CA01354,75%,0.068,0.237
ME11408,CA03411,25%,0.0681,0.182
ME11409,CA05386,75%,-0.0207,0.243
ME11410,CA00943,100%,-0.119,0.157
ME11411,CA02075,75%,0.0044,0.256
ME11412,CA05560,50%,0.0297,0.264
ME11413,CA06343,25%,0.1017,0.192
ME11414,CA00866,75%,0.0489,0.196
ME11415,CA03787,25%,0.0965,0.488
ME11416,CA02960,50%,0.0306,0.154
ME11417,CA07137,75%,-0.1843,0.282
ME11418,CA00607,25%,0.0794,0.234
ME11419,CA01441,25%,-0.1001,0.109
ME11420,CA00390,75%,0.0339,0.332
ME11421,CA06094,25%,0.0486,0.322
ME11422,CA05764,25%,0.003,0.288
ME11423,CA02691,100%,0.0178,0.465
ME11424,CA04684,50%,0.0627,0.245
ME11425,CA06595,50%,0.0498,0.409
ME11426,CA02314,100%,-0.023,0.185
ME11427,CA04400,75%,0.2042,0.139
ME11428,CA06578,100%,0.0192,0.461
ME11429,CA04172,50%,0.0423,0.187
ME11430,CA05628,75%,-0.1395,0.308
ME11431,CA05527,50%,-0.1527,0.262
ME11432,CA02533,75%,-0.1358,0.146
ME11433,CA04048,75%,0.0704,0.11
ME11434,CA03270,25%,0.0047,0.164
ME11435,CA04919,75%,0.2366,0.369
ME11436,CA06465,75%,0.1925,0.41
ME11437,CA02131,25%,-0.0587,0.433
ME11438,CA01032,50%,0.3152,0.393
ME11439,CA04178,75%,0.0651,0.415
ME11440,CA04897,50%,-0.0135,0.411
ME11441,CA03008,25%,0.1378,0.229
ME11442,CA06519,50%,-0.1801,0.315
ME11443,CA06498,25%,-0.3646,0.129
ME11444,CA00962,50%,-0.0859,0.464
ME11445,CA06181,100%,0.0221,0.33
ME11446,CA02511,100%,0.1646,0.408
ME11447,CA00768,75%,0.095,0.252
ME11448,CA06332,25%,-0.0031,0.128
ME11449,CA00675,25%,0.1151,0.459
ME11450,CA01289,50%,0.2066,0.273
ME11451,CA07162,50%,-0.1645,0.403
ME11452,CA02156,75%,0.0482,0.1
ME11453,CA04644,75%,-0.1857,0.383
ME11454,CA03023,75%,0.3261,0.449
ME11455,CA02735,100%,-0.1197,0.474
ME11456,CA05989,75%,-0.0635,0.269
ME11457,CA03027,100%,0.0187,0.191
ME11458,CA01503,100%,-0.0042,0.111
ME11459,CA06583,25%,0.1619,0.289
ME11460,CA03627,100%,-0.0568,0.11
ME11461,CA05813,75%,0.2445,0.336
ME11462,CA00281,75%,0.2104,0.499
ME11463,CA01532,75%,0.2053,0.181
ME11464,CA06100,75%,0.0413,0.281
ME11465,CA06087,50%,-0.0445,0.26
ME11466,CA02441,75%,0.1784,0.284
ME11467,CA00300,75%,0.116,0.142
ME11468,CA01185,100%,-0.2175,0.314
ME11469,CA04499,100%,0.4406,0.426
ME11470,CA05779,100%,0.0328,0.127
ME11471,CA03965,75%,0.0648,0.266
ME11472,CA02644,50%,-0.2587,0.328
ME11473,CA06954,50%,0.1892,0.256
ME11474,CA03376,75%,0.0081,0.186
ME11475,CA03551,100%,0.05,0.378
ME11476,CA00208,75%,-0.0598,0.48
ME11477,CA04580,25%,0.0421,0.296
ME11478,CA01561,75%,-0.0957,0.199
ME11479,CA04818,25%,0.0102,0.281
ME11480,CA03977,75%,-0.2774,0.35
ME11481,CA02931,75%,-0.0042,0.46
ME11482,CA01590,50%,0.1945,0.412
ME11483,CA02053,100%,-0.0994,0.274
ME11484,CA02783,75%,-0.0187,0.245
ME11485,CA00885,50%,-0.4843,0.144
ME11486,CA02228,25%,-0.0961,0.315
ME11487,CA01316,25%,-0.1521,0.464
ME11488,CA03826,25%,-0.0481,0.464
ME11489,CA06241,100%,0.1891,0.162
ME11490,CA05781,50%,-0.1653,0.47
ME11491,CA03093,25%,-0.1959,0.24
ME11492,CA03568,100%,0.1019,0.177
ME11493,CA06321,75%,0.054,0.217
ME11494,CA05257,25%,-0.0571,0.494
ME11495,CA05948,50%,0.0663,0.452
ME11496,CA05425,100%,-0.0624,0.254
ME11497,CA01478,25%,-0.0716,0.148
ME11498,CA01280,25%,-0.1916,0.279
ME11499,CA03216,50%,-0.113,0.32
ME11500,CA02150,100%,0.1356,0.285
ME11501,CA00710,50%,0.149,0.491
ME11502,CA04867,50%,-0.192,0.246
ME11503,CA00721,50%,0.0719,0.489
ME11504,CA03135,25%,-0.0431,0.453
ME11505,CA01206,75%,0.3557,0.439
ME11506,CA04840,50%,0.0169,0.117
ME11507,CA01891,50%,0.1713,0.277
ME11508,CA06698,75%,0.2265,0.212
ME11509,CA06115,100%,0.0914,0.239
ME11510,CA05415,75%,0.2321,0.301
ME11511,CA03254,50%,0.1727,0.425
ME11512,CA02824,100%,0.0112,0.341
ME11513,CA04762,25%,0.0789,0.411
ME11514,CA01047,25%,0.1309,0.262
ME11515,CA02833,100%,0.1095,0.415
ME11516,CA02133,25%,0.1686,0.378
ME11517,CA02569,75%,0.0791,0.5
ME11518,CA04486,75%,-0.1244,0.298
ME11519,CA00115,50%,0.1964,0.425
ME11520,CA05324,50%,-0.0278,0.312
ME11521,CA03791,50%,0.1217,0.237
ME11522,CA04540,50%,-0.3369,0.281
ME11523,CA05851,100%,-0.0168,0.334
ME11524,CA05772,100%,0.0702,0.112
ME11525,CA02315,75%,0.0264,0.241
ME11526,CA03392,50%,-0.3114,0.256
ME11527,CA03542,100%,-0.002,0.499
ME11528,CA01009,100%,0.3577,0.308
ME11529,CA00624,25%,0.2328,0.323
ME11530,CA05348,50%,-0.0575,0.215
ME11531,CA04498,50%,0.1694,0.423
ME11532,CA04176,50%,0.157,0.431
ME11533,CA01568,50%,-0.0086,0.18
ME11534,CA04781,100%,-0.0869,0.101
ME11535,CA00979,50%,-0.1032,0.345
ME11536,CA00879,25%,-0.2712,0.267
ME11537,CA06292,100%,-0.0027,0.419
ME11538,CA05346,100%,-0.1562,0.421
ME11539,CA01613,100%,-0.3771,0.104
ME11540,CA04549,50%,-0.0632,0.266
ME11541,CA01244,100%,-0.0688,0.316
ME11542,CA05721,100%,0.2944,0.485
ME11543,CA04588,75%,0.0313,0.168
ME11544,CA00219,25%,0.1384,0.317
ME11545,CA05938,25%,-0.182,0.36
ME11546,CA01000,100%,-0.3017,0.326
ME11547,CA05502,75%,0.124,0.323
ME11548,CA06283,50%,-0.0745,0.265
ME11549,CA00135,100%,0.3197,0.114
ME11550,CA04246,25%,-0.2361,0.446
ME11551,CA00834,50%,0.1618,0.495
ME11552,CA01738,100%,-0.2793,0.404
ME11553,CA00507,50%,-0.2952,0.381
ME11554,CA00611,50%,0.0206,0.188
ME11555,CA00350,75%,-0.2367,0.145
ME11556,CA03756,50%,0.2766,0.432
ME11557,CA00675,50%,-0.0099,0.396
ME11558,CA04554,100%,-0.1344,0.402
ME11559,CA00190,75%,-0.131,0.488
ME11560,CA01100,25%,0.151,0.314
ME11561,CA06422,25%,-0.1372,0.102
ME11562,CA05165,100%,-0.4676,0.425
ME11563,CA06445,100%,-0.0621,0.119
ME11564,CA05208,50%,0.0531,0.158
ME11565,CA00898,75%,-0.0948,0.164
ME11566,CA05164,25%,-0.0221,0.43
ME11567,CA03846,75%,-0.306,0.205
ME11568,CA06809,75%,0.1916,0.308
ME11569,CA01306,25%,0.0017,0.304
ME11570,CA05705,100%,0.0149,0.29
ME11571,CA01762,100%,-0.0549,0.366
ME11572,CA03835,25%,0.2459,0.443
ME11573,CA05222,75%,-0.169,0.486
ME11574,CA04689,25%,-0.2175,0.255
ME11575,CA03836,75%,-0.1448,0.368
ME11576,CA06329,50%,0.0748,0.208
ME11577,CA07041,50%,0.1509,0.196
ME11578,CA00113,25%,-0.2357,0.387
ME11579,CA00449,100%,-0.2654,0.155
ME11580,CA01088,100%,0.0732,0.243
ME11581,CA05545,25%,-0.0761,0.288
ME11582,CA00174,100%,0.1961,0.251
ME11583,CA00546,50%,0.0978,0.456
ME11584,CA06556,75%,-0.2018,0.22
ME11585,CA05734,100%,0.4024,0.229
ME11586,CA02543,25%,0.0126,0.487
ME11587,CA03607,25%,-0.0599,0.147
ME11588,CA01092,50%,-0.1041,0.263
ME11589,CA06400,75%,0.2099,0.343
ME11590,CA01715,100%,0.2204,0.133
ME11591,CA01214,50%,0.0803,0.426
ME11592,CA01934,100%,0.1759,0.365
ME11593,CA05535,50%,-0.2541,0.273
ME11594,CA01796,50%,-0.0708,0.138
ME11595,CA02655,50%,-0.0026,0.39
ME11596,CA01413,50%,0.0277,0.103
ME11597,CA02119,25%,-0.0074,0.398
ME11598,CA00823,75%,0.0289,0.113
ME11599,CA02432,100%,-0.0857,0.156
ME11600,CA03488,75%,-0.027,0.104
ME11601,CA01767,100%,0.3059,0.108
ME11602,CA05419,75%,-0.0521,0.343
ME11603,CA05273,100%,-0.0235,0.443
ME11604,CA01357,25%,-0.013,0.349
ME11605,CA05459,25%,-0.2494,0.426
ME11606,CA02075,50%,0.1601,0.346
ME11607,CA05318,100%,0.1854,0.197
ME11608,CA05333,50%,-0.1537,0.341
ME11609,CA00035,100%,0.0686,0.486
ME11610,CA06933,100%,0.0059,0.223
ME11611,CA02919,25%,0.1516,0.137
ME11612,CA00573,25%,-0.0739,0.206
ME11613,CA01577,25%,-0.1835,0.339
ME11614,CA05323,100%,0.188,0.418
ME11615,CA05399,50%,-0.0648,0.408
ME11616,CA00990,75%,-0.146,0.41
ME11617,CA05902,50%,-0.1037,0.301
ME11618,CA01873,25%,-0.1118,0.152
ME11619,CA06179,25%,-0.1734,0.332
ME11620,CA06909,25%,-0.1064,0.352
ME11621,CA05904,75%,-0.1954,0.215
ME11622,CA00689,25%,0.0349,0.339
ME11623,CA06340,75%,-0.3538,0.14
ME11624,CA01760,25%,-0.1183,0.373
ME11625,CA03926,75%,0.0879,0.154
ME11626,CA05219,50%,-0.0402,0.161
ME11627,CA07081,50%,0.035,0.326
ME11628,CA00096,25%,0.2474,0.377
ME11629,CA00961,75%,0.0141,0.444
ME11630,CA00008,50%,-0.1046,0.34
ME11631,CA06426,100%,0.0644,0.127
ME11632,CA03045,50%,-0.1094,0.445
ME11633,CA01766,100%,0.1195,0.187
ME11634,CA05311,75%,0.1311,0.401
ME11635,CA00278,100%,-0.1885,0.181
ME11636,CA03566,50%,0.1338,0.492
ME11637,CA00308,25%,-0.0108,0.377
ME11638,CA05649,50%,-0.2076,0.269
ME11639,CA02438,50%,-0.1208,0.222
ME11640,CA04720,50%,0.3828,0.448
ME11641,CA04530,25%,-0.0417,0.288
ME11642,CA01299,25%,-0.043,0.461
ME11643,CA04924,25%,-0.0452,0.167
ME11644,CA05243,50%,-0.0251,0.372
ME11645,CA04368,100%,-0.1004,0.366
ME11646,CA04642,50%,0.0927,0.389
ME11647,CA07121,75%,-0.0741,0.498
ME11648,CA05553,25%,0.1494,0.189
ME11649,CA07130,25%,-0.0612,0.16
ME11650,CA02520,50%,-0.0004,0.477
ME11651,CA00919,75%,0.1641,0.359
ME11652,CA06253,75%,0.0451,0.399
ME11653,CA02508,100%,0.1402,0.177
ME11654,CA03824,50%,0.1867,0.146
ME11655,CA01025,100%,-0.1828,0.473
ME11656,CA03132,75%,-0.1431,0.374
ME11657,CA06508,50%,0.1304,0.407
ME11658,CA06883,100%,-0.1456,0.208
ME11659,CA02250,50%,-0.159,0.387
ME11660,CA01020,25%,0.038,0.115
ME11661,CA05417,25%,0.04,0.146
ME11662,CA00065,25%,-0.1443,0.346
ME11663,CA04908,50%,0.1187,0.394
ME11664,CA03637,50%,0.0596,0.339
ME11665,CA06874,25%,0.0327,0.28
ME11666,CA04092,50%,-0.0602,0.237
ME11667,CA00097,75%,0.0469,0.368
ME11668,CA02493,25%,-0.1128,0.214
ME11669,CA00041,75%,0.0773,0.305
ME11670,CA02126,25%,-0.0543,0.28
ME11671,CA04644,25%,0.1039,0.286
ME11672,CA01524,25%,-0.1302,0.301
ME11673,CA03034,100%,0.0869,0.202
ME11674,CA06124,50%,0.2066,0.183
ME11675,CA03326,25%,0.0612,0.221
ME11676,CA00740,75%,0.1082,0.312
ME11677,CA00579,25%,0.2524,0.491
ME11678,CA03174,50%,-0.2673,0.223
ME11679,CA04230,100%,-0.0418,0.42
ME11680,CA00472,75%,-0.2425,0.417
ME11681,CA00915,75%,0.2356,0.277
ME11682,CA06691,25%,-0.2863,0.364
ME11683,CA00154,25%,-0.0218,0.433
ME11684,CA06932,100%,0.1266,0.232
ME11685,CA02704,50%,-0.3125,0.386
ME11686,CA00257,50%,-0.3451,0.16
ME11687,CA07078,25%,0.0825,0.363
ME11688,CA01958,100%,-0.0338,0.435
ME11689,CA03913,50%,-0.1033,0.249
ME11690,CA07149,100%,0.0581,0.276
ME11691,CA05856,25%,0.447,0.117
ME11692,CA03883,75%,-0.0367,0.219
ME11693,CA06175,50%,-0.02,0.233
ME11694,CA06763,75%,0.1572,0.175
ME11695,CA00985,25%,-0.3565,0.321
ME11696,CA04072,100%,0.0744,0.48
ME11697,CA03288,50%,0.1693,0.27
ME11698,CA06062,100%,-0.1208,0.342
ME11699,CA05854,100%,0.0461,0.207
ME11700,CA02626,50%,-0.1738,0.157
ME11701,CA04656,50%,0.1742,0.132
ME11702,CA03999,50%,-0.134,0.341
ME11703,CA05004,50%,-0.1035,0.309
ME11704,CA01733,25%,-0.1021,0.287
ME11705,CA05484,25%,-0.0092,0.321
ME11706,CA04819,100%,-0.1457,0.238
ME11707,CA03104,75%,-0.0285,0.172
ME11708,CA02356,75%,-0.1902,0.15
ME11709,CA00393,25%,-0.1541,0.119
ME11710,CA06699,50%,0.2339,0.454
ME11711,CA04436,75%,0.2804,0.215
ME11712,CA04958,50%,0.181,0.49
ME11713,CA00043,25%,0.2357,0.224
ME11714,CA03174,25%,0.1947,0.406
ME11715,CA04398,25%,0.4104,0.188
ME11716,CA05670,100%,-0.2172,0.486
ME11717,CA06309,50%,0.1582,0.416
ME11718,CA04426,25%,-0.0065,0.402
ME11719,CA03833,75%,0.1027,0.276
ME11720,CA05527,50%,0.1515,0.24
ME11721,CA02716,50%,-0.067,0.342
ME11722,CA01980,75%,-0.0662,0.299
ME11723,CA03484,50%,0.2348,0.428
ME11724,CA02933,100%,-0.0086,0.379
ME11725,CA00672,25%,-0.3679,0.29
ME11726,CA00889,25%,-0.3057,0.458
ME11727,CA00713,50%,-0.0601,0.334
ME11728,CA02820,100%,0.1665,0.426
ME11729,CA05075,50%,-0.2978,0.284
ME11730,CA06177,100%,-0.0027,0.391
ME11731,CA04502,50%,0.2576,0.388
ME11732,CA01439,100%,-0.2126,0.416
ME11733,CA03010,75%,0.023,0.467
ME11734,CA05761,75%,-0.1355,0.424
ME11735,CA04924,25%,0.1219,0.49
ME11736,CA02024,75%,-0.1102,0.215
ME11737,CA01432,75%,-0.1319,0.317
ME11738,CA07172,100%,0.1968,0.15
ME11739,CA06602,25%,-0.1485,0.181
ME11740,CA01952,100%,-0.0601,0.148
ME11741,CA03595,50%,0.1752,0.384
ME11742,CA01717,75%,0.1755,0.227
ME11743,CA00508,50%,-0.1565,0.4
ME11744,CA02363,25%,0.4382,0.423
ME11745,CA06298,75%,0.0712,0.304
ME11746,CA02874,100%,0.3539,0.289
ME11747,CA06504,50%,0.073,0.25
ME11748,CA06139,75%,0.0927,0.105
ME11749,CA00265,50%,-0.1976,0.463
ME11750,CA05014,50%,0.3381,0.351
ME11751,CA01465,75%,-0.0834,0.274
ME11752,CA03207,100%,0.0447,0.161
ME11753,CA01471,25%,0.0644,0.482
ME11754,CA00636,25%,0.1324,0.246
ME11755,CA04689,75%,0.0566,0.276
ME11756,CA03296,100%,-0.4054,0.292
ME11757,CA00601,50%,-0.3233,0.469
ME11758,CA01088,75%,0.0838,0.434
ME11759,CA04192,25%,0.027,0.324
ME11760,CA04708,100%,-0.0893,0.417
ME11761,CA04291,25%,-0.0504,0.169
ME11762,CA00313,50%,-0.3368,0.321
ME11763,CA00553,100%,0.322,0.218
ME11764,CA01798,75%,0.1362,0.124
ME11765,CA03531,50%,0.0113,0.48
ME11766,CA05854,75%,-0.2464,0.199
ME11767,CA04511,100%,0.2794,0.168
ME11768,CA04619,75%,-0.1336,0.354
ME11769,CA02833,75%,0.1459,0.401
ME11770,CA05340,50%,0.0306,0.25
ME11771,CA06064,50%,0.1982,0.169
ME11772,CA03415,25%,-0.0802,0.173
ME11773,CA01232,75%,-0.0304,0.396
ME11774,CA01039,25%,-0.1258,0.337
ME11775,CA01850,100%,0.0393,0.229
ME11776,CA00736,25%,0.1262,0.2
ME11777,CA01170,75%,-0.0297,0.197
ME11778,CA05766,25%,-0.0125,0.106
ME11779,CA05764,100%,-0.099,0.26
ME11780,CA00745,50%,-0.2135,0.459
ME11781,CA04515,50%,-0.0644,0.207
ME11782,CA01139,25%,0.1182,0.472
ME11783,CA01691,50%,-0.2686,0.157
ME11784,CA00510,50%,0.045,0.487
ME11785,CA03308,25%,0.2508,0.288
ME11786,CA02283,25%,0.1871,0.307
ME11787,CA02650,75%,0.1004,0.436
ME11788,CA00719,50%,0.128,0.184
ME11789,CA05034,25%,0.4737,0.114
ME11790,CA02188,25%,-0.0464,0.295
ME11791,CA02640,75%,0.1664,0.171
ME11792,CA05355,25%,0.1316,0.499
ME11793,CA02842,25%,0.0523,0.414
ME11794,CA06173,75%,0.0745,0.223
ME11795,CA00688,100%,0.3095,0.38
ME11796,CA00488,25%,0.165,0.325
ME11797,CA04089,50%,-0.0444,0.132
ME11798,CA02151,100%,0.1393,0.37
ME11799,CA06768,75%,-0.1812,0.146
ME11800,CA06857,25%,-0.0859,0.238
ME11801,CA04512,75%,-0.1462,0.172
ME11802,CA04007,100%,0.128,0.149
ME11803,CA06820,25%,-0.0328,0.344
ME11804,CA03349,50%,-0.0347,0.461
ME11805,CA03511,25%,-0.0205,0.264
ME11806,CA06717,75%,0.0567,0.463
ME11807,CA03132,50%,0.3869,0.276
ME11808,CA04286,50%,-0.0709,0.439
ME11809,CA05260,75%,0.2171,0.383
ME11810,CA01226,50%,0.22,0.119
ME11811,CA04221,100%,-0.0566,0.273
ME11812,CA00858,50%,0.0517,0.491
ME11813,CA05595,25%,0.0325,0.293
ME11814,CA04119,75%,0.1193,0.304
ME11815,CA02984,75%,-0.2005,0.356
ME11816,CA01987,75%,0.1301,0.367
ME11817,CA00047,25%,0.0402,0.469
ME11818,CA01399,25%,0.1249,0.231
ME11819,CA05062,100%,-0.0299,0.358
ME11820,CA02623,25%,-0.0026,0.463
ME11821,CA00579,25%,0.1612,0.342
ME11822,CA00436,50%,0.023,0.42
ME11823,CA00669,25%,-0.1514,0.205
ME11824,CA04099,25%,-0.1785,0.3
ME11825,CA04284,75%,0.0829,0.369
ME11826,CA06504,75%,-0.3906,0.166
ME11827,CA01744,100%,-0.0462,0.203
ME11828,CA00120,100%,0.0213,0.477
ME11829,CA01001,100%,-0.322,0.44
ME11830,CA03347,100%,0.1911,0.47
ME11831,CA07155,50%,-0.1088,0.164
ME11832,CA06722,75%,-0.0288,0.283
ME11833,CA04660,50%,-0.1966,0.201
ME11834,CA05161,100%,-0.174,0.453
ME11835,CA00610,50%,0.1208,0.372
ME11836,CA01208,100%,0.0742,0.324
ME11837,CA02623,75%,0.4137,0.191
ME11838,CA00268,50%,-0.1622,0.109
ME11839,CA05072,50%,-0.1424,0.311
ME11840,CA01691,100%,-0.1119,0.294
ME11841,CA04356,100%,0.1629,0.142
ME11842,CA05447,50%,-0.0797,0.324
ME11843,CA00783,75%,-0.0128,0.318
ME11844,CA03937,50%,0.148,0.442
ME11845,CA03797,25%,-0.2564,0.396
ME11846,CA03714,100%,0.1297,0.168
ME11847,CA00403,100%,-0.3391,0.27
ME11848,CA06659,100%,0.217,0.324
ME11849,CA05389,25%,-0.0291,0.409
ME11850,CA01789,100%,-0.0994,0.305
ME11851,CA05396,75%,-0.2037,0.315
ME11852,CA00368,100%,-0.0984,0.303
ME11853,CA04689,25%,-0.0717,0.207
ME11854,CA04043,50%,0.061,0.306
ME11855,CA01843,25%,-0.0883,0.282
ME11856,CA04107,50%,0.2469,0.286
ME11857,CA06248,50%,-0.2877,0.385
ME11858,CA02722,50%,0.1808,0.374
ME11859,CA07052,25%,-0.0651,0.172
ME11860,CA04320,100%,-0.2786,0.263
ME11861,CA01501,50%,-0.1966,0.311
ME11862,CA05927,100%,-0.0165,0.116
ME11863,CA01226,50%,0.2835,0.252
ME11864,CA05245,25%,0.1902,0.196
ME11865,CA06304,75%,-0.1232,0.144
ME11866,CA02888,50%,-0.1595,0.347
ME11867,CA02326,50%,0.1546,0.429
ME11868,CA01556,100%,-0.0142,0.267
ME11869,CA03223,25%,-0.0177,0.284
ME11870,CA05929,100%,-0.0595,0.295
ME11871,CA01188,25%,-0.0371,0.241
ME11872,CA06892,25%,0.1716,0.324
ME11873,CA02855,100%,-0.1395,0.219
ME11874,CA00509,25%,0.2244,0.141
ME11875,CA05644,25%,0.2594,0.247
ME11876,CA01072,50%,-0.129,0.296
ME11877,CA05160,25%,0.1016,0.359
ME11878,CA00221,75%,-0.1252,0.364
ME11879,CA02250,25%,0.1963,0.182
ME11880,CA02357,50%,0.1779,0.279
ME11881,CA06965,75%,-0.041,0.341
ME11882,CA06078,100%,-0.285,0.445
ME11883,CA05970,100%,0.082,0.167
ME11884,CA02602,50%,-0.0367,0.215
ME11885,CA04187,100%,-0.0563,0.402
ME11886,CA06996,100%,0.1232,0.352
ME11887,CA04183,50%,-0.3139,0.489
ME11888,CA06653,75%,-0.0257,0.189
ME11889,CA06093,100%,-0.4483,0.441
ME11890,CA02383,50%,0.0747,0.343
ME11891,CA05010,50%,-0.0047,0.231
ME11892,CA07033,50%,0.1838,0.227
ME11893,CA04077,50%,-0.2071,0.302
ME11894,CA06822,25%,-0.063,0.106
ME11895,CA02099,100%,-0.0434,0.262
ME11896,CA04210,50%,-0.0061,0.221
ME11897,CA02899,75%,0.5324,0.486
ME11898,CA05586,100%,0.1568,0.316
ME11899,CA06784,50%,-0.0714,0.379
ME11900,CA05355,50%,0.1587,0.356
ME11901,CA00296,50%,-0.2312,0.43
ME11902,CA04142,100%,-0.1435,0.152
ME11903,CA04732,50%,-0.1409,0.271
ME11904,CA05518,100%,-0.188,0.474
ME11905,CA01841,50%,-0.153,0.384
ME11906,CA03711,50%,-0.0915,0.412
ME11907,CA03216,100%,-0.0103,0.44
ME11908,CA00716,50%,-0.0056,0.336
ME11909,CA03577,100%,-0.0225,0.329
ME11910,CA00196,100%,-0.2081,0.376
ME11911,CA00963,50%,0.0149,0.242
ME11912,CA06173,50%,0.1924,0.353
ME11913,CA05427,50%,-0.4997,0.437
ME11914,CA06903,50%,0.1846,0.389
ME11915,CA06075,100%,0.4196,0.169
ME11916,CA01228,50%,0.0752,0.343
ME11917,CA03426,100%,-0.0581,0.14
ME11918,CA03744,50%,-0.2469,0.211
ME11919,CA02623,25%,-0.1145,0.171
ME11920,CA00479,25%,0.0685,0.467
ME11921,CA04735,25%,0.0382,0.404
ME11922,CA06210,25%,-0.0714,0.388
ME11923,CA03229,75%,-0.081,0.14
ME11924,CA05647,25%,-0.0903,0.479
ME11925,CA04846,25%,-0.1958,0.109
ME11926,CA02238,50%,-0.1246,0.228
ME11927,CA00348,100%,-0.4079,0.461
ME11928,CA01619,50%,-0.2963,0.484
ME11929,CA07145,25%,0.2196,0.421
ME11930,CA01017,100%,-0.1469,0.465
ME11931,CA03150,100%,0.0449,0.47
ME11932,CA04001,25%,0.4538,0.183
ME11933,CA00196,50%,-0.0851,0.49
ME11934,CA06769,50%,0.1227,0.171
ME11935,CA06904,100%,0.1353,0.338
ME11936,CA01826,75%,0.7456,0.16
ME11937,CA00487,50%,0.1009,0.118
ME11938,CA00254,75%,-0.1551,0.416
ME11939,CA03259,25%,-0.2133,0.386
ME11940,CA03742,50%,-0.0239,0.222
ME11941,CA05436,50%,-0.0773,0.117
ME11942,CA06129,75%,0.0904,0.402
ME11943,CA01375,100%,-0.4135,0.116
ME11944,CA04982,25%,0.1494,0.351
ME11945,CA04667,25%,-0.1958,0.407
ME11946,CA03220,75%,0.1119,0.245
ME11947,CA06204,25%,0.3237,0.453
ME11948,CA01733,50%,0.0271,0.418
ME11949,CA04471,75%,-0.2465,0.486
ME11950,CA00537,75%,-0.2065,0.285
ME11951,CA06196,50%,0.1405,0.358
ME11952,CA06769,100%,0.0526,0.392
ME11953,CA01741,25%,0.0064,0.46
ME11954,CA03082,50%,0.3159,0.349
ME11955,CA04571,50%,0.0818,0.219
ME11956,CA03947,25%,-0.1201,0.237
ME11957,CA05527,25%,0.0019,0.266
ME11958,CA01968,25%,0.05,0.138
ME11959,CA05803,100%,-0.0413,0.174
ME11960,CA02420,75%,0.0832,0.191
ME11961,CA07088,75%,-0.0413,0.458
ME11962,CA03911,25%,-0.114,0.226
ME11963,CA04440,25%,-0.0804,0.143
ME11964,CA03956,50%,-0.1486,0.328
ME11965,CA03270,100%,-0.2038,0.357
ME11966,CA05650,50%,0.084,0.34
ME11967,CA00986,75%,0.3356,0.397
ME11968,CA02431,50%,-0.1726,0.408
ME11969,CA02374,25%,-0.0206,0.314
ME11970,CA02094,50%,0.0649,0.172
ME11971,CA00673,75%,-0.0533,0.298
ME11972,CA01689,75%,0.0982,0.216
ME11973,CA03591,75%,-0.1715,0.349
ME11974,CA00568,25%,0.0603,0.373
ME11975,CA07136,100%,0.0657,0.272
ME11976,CA01084,75%,0.0618,0.118
ME11977,CA00015,75%,0.0141,0.291
ME11978,CA05535,100%,-0.0257,0.219
ME11979,CA05583,25%,-0.0374,0.219
ME11980,CA06690,50%,-0.3791,0.345
ME11981,CA04598,75%,0.0405,0.276
ME11982,CA04133,100%,-0.153,0.304
ME11983,CA01886,50%,-0.0075,0.193
ME11984,CA06410,25%,0.2666,0.232
ME11985,CA04803,100%,0.3291,0.212
ME11986,CA02047,25%,-0.0874,0.361
ME11987,CA01634,50%,-0.0873,0.483
ME11988,CA02428,50%,0.1201,0.27
ME11989,CA05669,50%,0.2118,0.271
ME11990,CA05233,50%,0.0998,0.345
ME11991,CA06239,25%,-0.2174,0.433
ME11992,CA04283,100%,-0.1539,0.412
ME11993,CA02782,25%,0.0739,0.286
ME11994,CA04077,50%,-0.027,0.41
ME11995,CA06423,75%,-0.0535,0.334
ME11996,CA02116,100%,0.0931,0.351
ME11997,CA01943,100%,-0.0671,0.208
ME11998,CA00617,75%,-0.125,0.131
ME11999,CA00733,100%,-0.0647,0.436
ME12000,CA04290,100%,0.0498,0.18
ME12001,CA07052,100%,-0.1416,0.343
ME12002,CA01353,50%,-0.183,0.115
ME12003,CA02846,25%,-0.0476,0.181
ME12004,CA01449,50%,0.0706,0.269
ME12005,CA06327,75%,0.311,0.394
ME12006,CA05212,50%,-0.0085,0.473
ME12007,CA04479,50%,-0.1071,0.444
ME12008,CA01701,25%,-0.0453,0.168
ME12009,CA02745,75%,0.0004,0.372
ME12010,CA03844,50%,0.0814,0.439
ME12011,CA04789,75%,-0.0351,0.251
ME12012,CA00830,25%,-0.024,0.335
ME12013,CA00649,75%,-0.3017,0.372
ME12014,CA02923,100%,0.1861,0.479
ME12015,CA05092,25%,0.2086,0.495
ME12016,CA05918,75%,-0.2088,0.361
ME12017,CA03727,75%,0.0983,0.46
ME12018,CA03241,50%,0.1884,0.104
ME12019,CA04905,100%,0.0092,0.456
ME12020,CA01606,75%,-0.0292,0.284
ME12021,CA02560,25%,0.3111,0.121
ME12022,CA01955,25%,0.0228,0.399
ME12023,CA06602,50%,-0.1172,0.382
ME12024,CA06855,75%,-0.0621,0.191
ME12025,CA06972,25%,-0.019,0.161
ME12026,CA05174,50%,0.1295,0.212
ME12027,CA04491,25%,0.0221,0.442
ME12028,CA00759,100%,0.0282,0.249
ME12029,CA02279,100%,0.0306,0.395
ME12030,CA04819,50%,-0.1126,0.355
ME12031,CA02126,75%,0.2653,0.331
ME12032,CA04228,100%,-0.0287,0.467
ME12033,CA01771,100%,-0.1767,0.458
ME12034,CA06482,50%,0.3447,0.451
ME12035,CA03836,100%,-0.6222,0.337
ME12036,CA03231,100%,-0.1537,0.177
ME12037,CA06373,75%,0.0335,0.319
ME12038,CA06347,100%,0.2326,0.256
ME12039,CA00824,25%,0.2804,0.22
ME12040,CA00043,100%,0.121,0.179
ME12041,CA07070,50%,0.0397,0.492
ME12042,CA02015,50%,-0.1996,0.49
ME12043,CA04583,100%,-0.0162,0.382
ME12044,CA03670,50%,-0.2282,0.266
ME12045,CA05240,75%,-0.1605,0.488
ME12046,CA01127,100%,-0.0978,0.245
ME12047,CA04272,50%,-0.012,0.397
ME12048,CA06277,50%,-0.1189,0.479
ME12049,CA05427,100%,-0.2672,0.113
ME12050,CA02027,25%,-0.2692,0.451
ME12051,CA05385,50%,-0.254,0.309
ME12052,CA02179,25%,0.1085,0.391
ME12053,CA06418,50%,0.1519,0.272
ME12054,CA02909,25%,-0.1646,0.21
ME12055,CA03891,75%,-0.0922,0.49
ME12056,CA01042,75%,-0.1261,0.194
ME12057,CA01838,50%,-0.0758,0.402
ME12058,CA06625,100%,0.2282,0.329
ME12059,CA03335,75%,0.3421,0.306
ME12060,CA01321,100%,0.0255,0.479
ME12061,CA00393,75%,-0.0754,0.473
ME12062,CA04250,75%,0.0208,0.388
ME12063,CA03111,75%,-0.1541,0.335
ME12064,CA03487,75%,0.1075,0.342
ME12065,CA02135,100%,-0.1132,0.25
ME12066,CA06549,50%,0.1944,0.216
ME12067,CA06703,50%,0.0663,0.131
ME12068,CA04445,75%,-0.4189,0.255
ME12069,CA01459,25%,-0.0715,0.275
ME12070,CA00340,25%,0.0182,0.177
ME12071,CA06993,75%,-0.0043,0.242
ME12072,CA00693,75%,-0.0058,0.271
ME12073,CA01509,50%,0.0226,0.463
ME12074,CA04199,75%,-0.3465,0.482
ME12075,CA06760,100%,0.3086,0.273
ME12076,CA00792,25%,0.3786,0.463
ME12077,CA02795,25%,0.222,0.1
ME12078,CA00513,75%,0.1069,0.119
ME12079,CA02019,25%,-0.1244,0.264
ME12080,CA05763,25%,0.211,0.234
ME12081,CA05881,100%,-0.0638,0.213
ME12082,CA05134,100%,-0.2895,0.361
ME12083,CA06842,100%,0.0046,0.31
ME12084,CA01604,75%,0.141,0.413
ME12085,CA05052,100%,0.2035,0.406
ME12086,CA00139,75%,-0.3284,0.377
ME12087,CA03651,75%,0.3063,0.262
ME12088,CA04570,100%,0.0145,0.23
ME12089,CA00295,25%,-0.0513,0.322
ME12090,CA05311,100%,0.1107,0.448
ME12091,CA05846,25%,0.0791,0.138
ME12092,CA04854,75%,-0.1515,0.128
ME12093,CA00881,75%,0.0284,0.138
ME12094,CA02993,100%,-0.2374,0.482
ME12095,CA00808,50%,0.125,0.183
ME12096,CA03537,25%,0.0029,0.278
ME12097,CA01711,100%,0.0103,0.493
ME12098,CA00273,50%,-0.1535,0.153
ME12099,CA05869,25%,-0.2086,0.427
ME12100,CA01325,75%,-0.027,0.484
ME12101,CA02563,25%,-0.0241,0.42
ME12102,CA01037,75%,-0.1286,0.146
ME12103,CA01182,75%,0.0328,0.235
ME12104,CA04265,100%,-0.1808,0.139
ME12105,CA06528,25%,-0.0483,0.149
ME12106,CA04341,50%,0.1183,0.353
ME12107,CA04889,75%,-0.1688,0.425
ME12108,CA03500,25%,0.1579,0.277
ME12109,CA01777,50%,0.0749,0.21
ME12110,CA02789,75%,-0.0489,0.446
ME12111,CA00897,50%,0.2265,0.269
ME12112,CA05463,25%,0.1578,0.261
ME12113,CA01393,25%,0.188,0.336
ME12114,CA04590,100%,-0.0099,0.429
ME12115,CA03996,100%,0.1843,0.162
ME12116,CA05203,100%,0.2459,0.465
ME12117,CA04239,25%,-0.1204,0.349
ME12118,CA06708,100%,0.1996,0.485
ME12119,CA06839,25%,0.0917,0.379
ME12120,CA01708,25%,-0.1875,0.371
ME12121,CA00410,75%,0.0996,0.197
ME12122,CA05642,75%,0.0083,0.185
ME12123,CA04187,50%,-0.1768,0.299
ME12124,CA02954,50%,0.0761,0.235
ME12125,CA06244,100%,0.2527,0.211
ME12126,CA00790,75%,0.053,0.162
ME12127,CA05950,75%,-0.1967,0.348
ME12128,CA06238,25%,0.1175,0.352
ME12129,CA01233,75%,0.0178,0.193
ME12130,CA01794,75%,-0.039,0.143
ME12131,CA06702,50%,0.1891,0.445
ME12132,CA03017,25%,-0.2236,0.293
ME12133,CA06985,100%,-0.0077,0.105
ME12134,CA00987,75%,-0.1244,0.286
ME12135,CA02866,75%,0.1351,0.499
ME12136,CA04941,25%,0.0105,0.206
ME12137,CA05097,75%,-0.2118,0.468
ME12138,CA00637,25%,-0.0941,0.377
ME12139,CA03654,75%,0.0061,0.372
ME12140,CA04322,100%,-0.0909,0.12
ME12141,CA04248,75%,-0.0031,0.221
ME12142,CA00113,25%,-0.224,0.234
ME12143,CA02341,25%,-0.1675,0.245
ME12144,CA06096,25%,0.2804,0.213
ME12145,CA02483,75%,0.3393,0.222
ME12146,CA04438,50%,0.0676,0.417
ME12147,CA03723,50%,-0.0156,0.167
ME12148,CA04737,25%,0.0703,0.342
ME12149,CA01558,100%,-0.2255,0.117
ME12150,CA00861,50%,-0.0447,0.149
ME12151,CA03143,50%,-0.0233,0.329
ME12152,CA02731,100%,-0.0695,0.315
ME12153,CA02961,50%,0.0761,0.363
ME12154,CA03749,75%,0.2547,0.486
ME12155,CA02225,100%,-0.0769,0.172
ME12156,CA00217,75%,-0.2506,0.181
ME12157,CA01914,25%,-0.0906,0.225
ME12158,CA01334,75%,0.1156,0.492
ME12159,CA04857,100%,-0.1661,0.229
ME12160,CA03312,50%,0.0891,0.249
ME12161,CA02357,100%,0.1709,0.37
ME12162,CA05347,75%,0.0385,0.1
ME12163,CA04034,100%,-0.3922,0.477
ME12164,CA02749,50%,0.2341,0.472
ME12165,CA03200,75%,-0.1226,0.484
ME12166,CA00673,25%,-0.2311,0.376
ME12167,CA01138,75%,-0.2352,0.315
ME12168,CA06318,50%,-0.0769,0.444
ME12169,CA03885,100%,-0.0348,0.288
ME12170,CA05615,50%,-0.0387,0.397
ME12171,CA00893,100%,-0.021,0.104
ME12172,CA05869,50%,-0.0309,0.254
ME12173,CA04836,100%,-0.2654,0.45
ME12174,CA01561,100%,0.054,0.288
ME12175,CA02312,25%,0.0759,0.419
ME12176,CA04985,100%,-0.1891,0.397
ME12177,CA03955,50%,-0.0141,0.358
ME12178,CA01508,100%,0.0203,0.471
ME12179,CA06452,75%,0.1273,0.468
ME12180,CA04788,25%,0.1314,0.318
ME12181,CA06730,50%,0.1824,0.11
ME12182,CA03357,25%,0.0522,0.418
ME12183,CA01789,25%,-0.0562,0.315
ME12184,CA02013,100%,-0.0571,0.258
ME12185,CA02396,100%,0.3187,0.23
ME12186,CA02243,75%,0.2964,0.371
ME12187,CA02602,100%,0.0813,0.181
ME12188,CA05552,50%,0.0786,0.296
ME12189,CA03963,75%,-0.0593,0.205
ME12190,CA06365,100%,-0.0387,0.271
ME12191,CA02816,100%,-0.0371,0.307
ME12192,CA07130,75%,-0.3428,0.394
ME12193,CA01197,25%,0.3781,0.225
ME12194,CA05244,75%,0.1069,0.486
ME12195,CA03004,100%,0.3171,0.252
ME12196,CA04164,50%,0.2374,0.398
ME12197,CA01763,25%,0.4741,0.199
ME12198,CA00032,75%,0.0724,0.398
ME12199,CA05822,25%,-0.3901,0.358
ME12200,CA02835,75%,0.3037,0.109
ME12201,CA03368,50%,-0.2189,0.4
ME12202,CA01647,25%,-0.308,0.299
ME12203,CA07163,100%,-0.0889,0.4
ME12204,CA00136,50%,-0.0126,0.27
ME12205,CA03623,100%,-0.1735,0.333
ME12206,CA02834,25%,-0.2453,0.411
ME12207,CA04004,100%,-0.0005,0.202
ME12208,CA05931,25%,-0.3104,0.427
ME12209,CA02564,75%,-0.0967,0.243
ME12210,CA04584,25%,-0.0816,0.116
ME12211,CA01424,50%,0.187,0.491
ME12212,CA06935,75%,-0.1357,0.145
ME12213,CA01351,25%,-0.0338,0.312
ME12214,CA04888,25%,0.1534,0.418
ME12215,CA04519,50%,-0.0345,0.416
ME12216,CA00121,25%,0.0894,0.34
ME12217,CA05711,50%,-0.0117,0.424
ME12218,CA04951,25%,0.2599,0.188
ME12219,CA03136,50%,-0.1016,0.115
ME12220,CA02546,75%,-0.088,0.476
ME12221,CA06501,100%,0.1657,0.476
ME12222,CA03465,50%,0.2068,0.229
ME12223,CA04386,75%,-0.0248,0.127
ME12224,CA04763,50%,0.2397,0.127
ME12225,CA00742,100%,0.096,0.235
ME12226,CA01738,50%,-0.0996,0.409
ME12227,CA06066,100%,-0.101,0.359
ME12228,CA00131,100%,-0.1965,0.396
ME12229,CA02717,25%,0.0331,0.277
ME12230,CA02990,50%,0.1831,0.462
ME12231,CA06668,25%,0.2822,0.476
ME12232,CA06265,25%,0.195,0.393
ME12233,CA04221,75%,-0.0589,0.204
ME12234,CA04939,25%,0.103,0.371
ME12235,CA03549,25%,-0.1748,0.362
ME12236,CA01319,100%,0.1045,0.477
ME12237,CA04286,25%,0.0845,0.282
ME12238,CA03362,100%,-0.1666,0.4
ME12239,CA06159,50%,-0.3222,0.201
ME12240,CA00678,100%,0.0074,0.308
ME12241,CA03274,100%,0.0135,0.269
ME12242,CA00063,100%,0.0671,0.122
ME12243,CA02834,25%,-0.2617,0.375
ME12244,CA06284,50%,0.0387,0.381
ME12245,CA04563,25%,-0.3946,0.379
ME12246,CA01529,100%,0.0703,0.148
ME12247,CA01028,25%,-0.1797,0.174
ME12248,CA05515,100%,-0.0164,0.433
ME12249,CA02830,25%,0.0553,0.208
ME12250,CA06844,25%,0.0583,0.146
ME12251,CA00745,75%,0.0114,0.176
ME12252,CA00372,25%,0.4438,0.338
ME12253,CA03842,50%,-0.2429,0.398
ME12254,CA06349,50%,-0.0671,0.25
ME12255,CA01987,50%,-0.1243,0.112
ME12256,CA01824,50%,-0.0174,0.173
ME12257,CA00263,100%,-0.311,0.485
ME12258,CA02150,75%,-0.3484,0.238
ME12259,CA06391,100%,-0.0075,0.145
ME12260,CA00704,50%,-0.0685,0.451
ME12261,CA00419,100%,-0.1317,0.492
ME12262,CA00991,100%,0.0757,0.279
ME12263,CA06908,25%,0.2247,0.325
ME12264,CA04201,75%,-0.4037,0.329
ME12265,CA06882,75%,0.0847,0.419
ME12266,CA05591,75%,0.0116,0.226
ME12267,CA05157,75%,0.1267,0.151
ME12268,CA05799,25%,-0.1936,0.447
ME12269,CA05254,75%,-0.2672,0.164
ME12270,CA02939,100%,0.3143,0.314
ME12271,CA04709,25%,0.0549,0.333
ME12272,CA01199,25%,-0.1801,0.132
ME12273,CA01112,75%,0.1589,0.217
ME12274,CA04066,50%,-0.1573,0.473
ME12275,CA01748,75%,0.1133,0.475
ME12276,CA00782,25%,-0.2137,0.198
ME12277,CA06310,100%,0.3439,0.436
ME12278,CA06920,25%,-0.5868,0.388
ME12279,CA01014,100%,0.0833,0.371
ME12280,CA00364,100%,-0.1074,0.332
ME12281,CA04714,25%,0.1213,0.143
ME12282,CA00807,25%,-0.1264,0.299
ME12283,CA06722,50%,-0.2913,0.464
ME12284,CA01505,25%,-0.1151,0.232
ME12285,CA02184,75%,0.2527,0.436
ME12286,CA06642,75%,-0.2534,0.138
ME12287,CA01092,100%,-0.0403,0.49
ME12288,CA03955,50%,0.1699,0.173
ME12289,CA03582,50%,-0.3852,0.378
ME12290,CA07016,100%,-0.0329,0.473
ME12291,CA00332,100%,-0.039,0.12
ME12292,CA06684,100%,-0.0456,0.285
ME12293,CA05539,100%,-0.0719,0.324
ME12294,CA06913,75%,-0.3116,0.12
ME12295,CA02910,100%,0.0155,0.447
ME12296,CA00503,25%,0.0311,0.141
ME12297,CA05604,75%,-0.087,0.331
ME12298,CA01467,100%,-0.1531,0.465
ME12299,CA03867,75%,0.1043,0.463
ME12300,CA01486,25%,-0.2683,0.465
ME12301,CA04792,50%,-0.1332,0.421
ME12302,CA03545,50%,0.1828,0.247
ME12303,CA04110,75%,0.0104,0.346
ME12304,CA02946,25%,0.0603,0.132
ME12305,CA03729,100%,0.1039,0.335
ME12306,CA04191,100%,0.0423,0.347
ME12307,CA05004,75%,-0.1749,0.449
ME12308,CA07044,75%,-0.2419,0.359
ME12309,CA03592,25%,0.0871,0.158
ME12310,CA03788,75%,-0.1597,0.418
ME12311,CA03596,100%,-0.0439,0.307
ME12312,CA05284,100%,0.1587,0.266
ME12313,CA05843,50%,0.0632,0.499
ME12314,CA03589,50%,0.1154,0.32
ME12315,CA06097,100%,0.2829,0.227
ME12316,CA07180,25%,0.0148,0.43
ME12317,CA03974,50%,-0.0273,0.172
ME12318,CA02227,25%,0.2855,0.301
ME12319,CA05748,100%,-0.0139,0.349
ME12320,CA00283,75%,0.1527,0.482
ME12321,CA05751,100%,0.0862,0.259
ME12322,CA05596,50%,0.1288,0.333
ME12323,CA05423,50%,-0.0416,0.213
ME12324,CA02219,25%,0.1613,0.191
ME12325,CA02267,75%,0.0093,0.199
ME12326,CA06030,100%,-0.003,0.434
ME12327,CA06217,25%,-0.0253,0.118
ME12328,CA00908,50%,-0.1646,0.356
ME12329,CA02092,25%,-0.1309,0.432
ME12330,CA03080,25%,0.1655,0.334
ME12331,CA05420,50%,-0.017,0.215
ME12332,CA05501,75%,0.0317,0.444
ME12333,CA01408,75%,0.1834,0.102
ME12334,CA04071,100%,-0.1211,0.406
ME12335,CA04942,50%,-0.4706,0.285
ME12336,CA02546,75%,0.1945,0.203
ME12337,CA04909,25%,-0.1102,0.33
ME12338,CA02701,25%,0.0452,0.12
ME12339,CA04283,100%,0.0137,0.125
ME12340,CA03802,25%,0.1594,0.49
ME12341,CA06419,75%,-0.1725,0.358
ME12342,CA04988,100%,-0.0903,0.48
ME12343,CA05207,100%,-0.2249,0.134
ME12344,CA03667,50%,-0.2577,0.367
ME12345,CA02166,50%,0.1648,0.47
ME12346,CA03291,25%,-0.2019,0.299
ME12347,CA06162,25%,0.1125,0.333
ME12348,CA05861,50%,0.0063,0.229
ME12349,CA01942,25%,-0.1869,0.493
ME12350,CA01418,100%,0.5499,0.454
ME12351,CA04201,25%,0.1152,0.439
ME12352,CA00508,75%,0.4168,0.148
ME12353,CA03291,25%,-0.0455,0.208
ME12354,CA03193,100%,0.131,0.288
ME12355,CA02466,25%,-0.0334,0.492
ME12356,CA06695,50%,-0.327,0.171
ME12357,CA06358,50%,0.0368,0.109
ME12358,CA04675,50%,0.0175,0.372
ME12359,CA04223,100%,-0.335,0.227
ME12360,CA00128,25%,-0.0461,0.406
ME12361,CA02866,50%,-0.0431,0.209
ME12362,CA04551,100%,-0.1881,0.197
ME12363,CA06687,50%,0.1635,0.142
ME12364,CA03948,50%,0.0558,0.433
ME12365,CA03558,50%,0.2475,0.237
ME12366,CA02382,100%,-0.0017,0.375
ME12367,CA01837,50%,-0.1638,0.41
ME12368,CA06614,50%,0.1397,0.126
ME12369,CA00278,75%,-0.0945,0.281
ME12370,CA07199,100%,0.0746,0.252
ME12371,CA00708,50%,-0.0858,0.376
ME12372,CA01967,25%,-0.0876,0.11
ME12373,CA06581,50%,0.0487,0.471
ME12374,CA03641,25%,-0.1117,0.287
ME12375,CA02092,75%,-0.2003,0.385
ME12376,CA02262,100%,-0.0809,0.346
ME12377,CA05645,75%,0.1714,0.158
ME12378,CA01411,100%,-0.5404,0.137
ME12379,CA02218,75%,-0.191,0.319
ME12380,CA01504,75%,-0.2417,0.139
ME12381,CA00684,50%,-0.1249,0.438
ME12382,CA00210,25%,-0.1428,0.186
ME12383,CA04578,50%,0.2029,0.403
ME12384,CA06914,25%,-0.2059,0.149
ME12385,CA01661,25%,-0.24,0.187
ME12386,CA03244,25%,0.214,0.495
ME12387,CA00358,50%,-0.1324,0.437
ME12388,CA02779,50%,0.1111,0.367
ME12389,CA02769,100%,0.0537,0.426
ME12390,CA06028,100%,-0.028,0.489
ME12391,CA01813,25%,0.5199,0.18
ME12392,CA03389,50%,-0.0952,0.331
ME12393,CA06215,100%,-0.2602,0.159
ME12394,CA06207,100%,-0.1145,0.307
ME12395,CA05932,25%,-0.0069,0.319
ME12396,CA06163,25%,0.1259,0.119
ME12397,CA01181,75%,0.3012,0.38
ME12398,CA04576,75%,0.2501,0.453
ME12399,CA05754,75%,0.3141,0.128
ME12400,CA00918,75%,0.001,0.462
ME12401,CA00942,75%,-0.3219,0.445
ME12402,CA04104,75%,0.0295,0.224
ME12403,CA03509,75%,-0.3845,0.346
ME12404,CA05451,50%,0.2365,0.465
ME12405,CA01608,75%,0.1506,0.399
ME12406,CA03092,100%,-0.2707,0.334
ME12407,CA01376,75%,-0.288,0.174
ME12408,CA06007,50%,-0.107,0.219
ME12409,CA01594,75%,0.2073,0.372
ME12410,CA00112,25%,-0.0104,0.134
ME12411,CA02214,100%,0.1626,0.491
ME12412,CA01087,50%,0.0145,0.453
ME12413,CA06513,75%,0.0014,0.452
ME12414,CA05403,25%,0.3186,0.14
ME12415,CA01546,75%,0.0884,0.153
ME12416,CA00500,75%,0.1345,0.204
ME12417,CA02058,50%,0.1899,0.473
ME12418,CA01876,75%,-0.1397,0.203
ME12419,CA00680,25%,-0.1216,0.343
ME12420,CA03390,75%,-0.0162,0.249
ME12421,CA04262,25%,0.0215,0.389
ME12422,CA06552,75%,0.1449,0.338
ME12423,CA05847,100%,-0.2891,0.251
ME12424,CA06412,50%,-0.0023,0.439
ME12425,CA04763,75%,0.3597,0.39
ME12426,CA06979,100%,-0.2332,0.453
ME12427,CA02131,75%,-0.012,0.224
ME12428,CA02571,25%,0.2705,0.316
ME12429,CA04224,25%,-0.2032,0.433
ME12430,CA05103,25%,0.2379,0.235
ME12431,CA03411,100%,0.1338,0.323
ME12432,CA01779,100%,-0.206,0.472
ME12433,CA01987,25%,0.143,0.334
ME12434,CA03956,25%,-0.0525,0.46
ME12435,CA02134,50%,-0.302,0.349
ME12436,CA06211,75%,0.4983,0.459
ME12437,CA05394,75%,-0.266,0.474
ME12438,CA03965,25%,0.0074,0.214
ME12439,CA01818,75%,0.045,0.21
ME12440,CA00466,25%,0.2679,0.348
ME12441,CA05974,25%,-0.1391,0.403
ME12442,CA07049,75%,0.278,0.316
ME12443,CA03181,25%,-0.3377,0.203
ME12444,CA00530,75%,-0.009,0.319
ME12445,CA02745,100%,0.3323,0.265
ME12446,CA05726,25%,0.2059,0.373
ME12447,CA05691,75%,-0.2101,0.368
ME12448,CA00623,50%,0.3003,0.416
ME12449,CA02414,100%,-0.1253,0.449
ME12450,CA03595,25%,-0.0583,0.322
ME12451,CA01104,100%,-0.0461,0.341
ME12452,CA03582,25%,-0.1717,0.159
ME12453,CA05164,25%,0.1932,0.406
ME12454,CA02701,75%,0.3426,0.311
ME12455,CA04347,100%,0.0664,0.477
ME12456,CA01664,100%,0.044,0.111
ME12457,CA06761,75%,-0.0736,0.418
ME12458,CA01915,25%,-0.083,0.472
ME12459,CA03977,50%,-0.4484,0.496
ME12460,CA07132,50%,0.0971,0.216
ME12461,CA03166,75%,0.0468,0.25
ME12462,CA00670,75%,-0.0349,0.148
ME12463,CA06279,100%,-0.2318,0.195
ME12464,CA05577,25%,-0.1057,0.212
ME12465,CA02139,100%,-0.0234,0.415
ME12466,CA02508,25%,0.0232,0.171
ME12467,CA04539,75%,0.1326,0.312
ME12468,CA01644,50%,0.1186,0.221
ME12469,CA03777,100%,-0.243,0.145
ME12470,CA06531,50%,0.0937,0.398
ME12471,CA01920,100%,-0.0335,0.406
ME12472,CA03076,100%,-0.1754,0.49
ME12473,CA04130,50%,0.0912,0.378
ME12474,CA04167,50%,-0.1002,0.48
ME12475,CA01360,75%,-0.2315,0.174
ME12476,CA05479,75%,-0.1206,0.188
ME12477,CA06407,100%,0.1654,0.358
ME12478,CA05626,25%,0.1872,0.467
ME12479,CA03877,75%,-0.1823,0.316
ME12480,CA01218,100%,0.2908,0.185
ME12481,CA02098,50%,-0.0994,0.192
ME12482,CA05455,50%,-0.0796,0.29
ME12483,CA04402,100%,0.0546,0.163
ME12484,CA05376,25%,0.4608,0.268
ME12485,CA06683,50%,0.0384,0.415
ME12486,CA06838,25%,0.1598,0.464
ME12487,CA03053,25%,-0.055,0.381
ME12488,CA05063,25%,0.2059,0.112
ME12489,CA05660,25%,0.0847,0.493
ME12490,CA00699,75%,-0.4411,0.305
ME12491,CA00834,25%,-0.0532,0.368
ME12492,CA03032,100%,0.1258,0.426
ME12493,CA06905,50%,0.0618,0.323
ME12494,CA04556,75%,0.0001,0.153
ME12495,CA03551,25%,0.314,0.356
ME12496,CA05419,25%,-0.0054,0.265
ME12497,CA01178,25%,0.1003,0.199
ME12498,CA01051,50%,-0.1603,0.434
ME12499,CA03429,25%,0.0079,0.219
ME12500,CA06861,50%,0.21,0.358
ME12501,CA07059,75%,-0.1295,0.479
ME12502,CA06037,25%,0.0434,0.498
ME12503,CA03314,75%,0.2408,0.426
ME12504,CA00102,50%,0.0609,0.348
ME12505,CA00473,75%,-0.221,0.439
ME12506,CA00365,75%,0.1327,0.12
ME12507,CA04493,50%,-0.2079,0.388
ME12508,CA02573,75%,-0.3518,0.168
ME12509,CA04955,50%,-0.561,0.221
ME12510,CA06838,75%,-0.1475,0.184
ME12511,CA03351,25%,0.3856,0.283
ME12512,CA03124,25%,-0.1084,0.418
ME12513,CA02908,25%,0.0688,0.136
ME12514,CA07046,25%,-0.0608,0.281
ME12515,CA03302,50%,-0.2661,0.207
ME12516,CA01055,75%,-0.1091,0.291
ME12517,CA00037,25%,-0.1287,0.121
ME12518,CA06843,75%,0.2231,0.373
ME12519,CA03070,100%,-0.39,0.492
ME12520,CA03818,25%,-0.1578,0.277
ME12521,CA02659,50%,-0.2104,0.39
ME12522,CA01071,25%,-0.0562,0.432
ME12523,CA06150,100%,-0.1915,0.277
ME12524,CA05834,25%,0.0995,0.225
ME12525,CA01792,75%,-0.3497,0.164
ME12526,CA06800,25%,-0.119,0.288
ME12527,CA01357,100%,-0.0758,0.273
ME12528,CA07181,75%,-0.1593,0.379
ME12529,CA01285,50%,0.3558,0.411
ME12530,CA05490,75%,-0.2766,0.341
ME12531,CA01379,100%,-0.2919,0.25
ME12532,CA06481,75%,0.19,0.459
ME12533,CA00951,75%,0.0928,0.165
ME12534,CA07003,50%,0.2522,0.426
ME12535,CA00848,100%,-0.2886,0.491
ME12536,CA03804,25%,0.0831,0.381
ME12537,CA01691,25%,-0.1161,0.209
ME12538,CA07197,75%,-0.1621,0.303
ME12539,CA05595,50%,-0.203,0.402
ME12540,CA01009,50%,0.0886,0.451
ME12541,CA02835,25%,-0.3279,0.126
ME12542,CA02601,100%,-0.1048,0.214
ME12543,CA01809,50%,-0.1618,0.276
ME12544,CA06271,100%,0.0869,0.103
ME12545,CA02446,50%,0.157,0.173
ME12546,CA00922,75%,0.0238,0.127
ME12547,CA01137,25%,0.1675,0.462
ME12548,CA02583,100%,-0.2869,0.442
ME12549,CA03136,75%,0.0533,0.293
ME12550,CA04201,25%,-0.2152,0.486
ME12551,CA01892,75%,-0.0927,0.311
ME12552,CA02855,100%,0.1187,0.319
ME12553,CA02229,75%,-0.1059,0.485
ME12554,CA04781,50%,0.06,0.358
ME12555,CA00002,75%,-0.0984,0.238
ME12556,CA02945,100%,0.0129,0.292
ME12557,CA02163,25%,-0.0881,0.194
ME12558,CA03563,100%,-0.2092,0.181
ME12559,CA00956,50%,0.1741,0.254
ME12560,CA03598,25%,0.0412,0.407
ME12561,CA03704,50%,0.1621,0.463
ME12562,CA02464,75%,-0.1706,0.232
ME12563,CA06135,75%,-0.2939,0.126
ME12564,CA03719,50%,0.0566,0.18
ME12565,CA05151,25%,0.056,0.415
ME12566,CA05532,50%,0.0642,0.209
ME12567,CA06799,50%,-0.1013,0.467
ME12568,CA03235,50%,-0.0732,0.216
ME12569,CA04533,50%,-0.2544,0.177
ME12570,CA00211,50%,-0.0471,0.422
ME12571,CA01782,75%,-0.1199,0.31
ME12572,CA02864,50%,0.1235,0.365
ME12573,CA04520,50%,-0.1196,0.401
ME12574,CA01009,25%,0.0044,0.433
ME12575,CA05931,50%,0.1282,0.172
ME12576,CA03097,50%,-0.0396,0.427
ME12577,CA07154,100%,0.3136,0.153
ME12578,CA03424,75%,0.0117,0.486
ME12579,CA01874,25%,-0.189,0.223
ME12580,CA06775,50%,-0.0082,0.382
ME12581,CA04962,50%,-0.0425,0.147
ME12582,CA04612,100%,-0.0626,0.374
ME12583,CA04867,25%,0.002,0.376
ME12584,CA01334,25%,0.0581,0.383
ME12585,CA00244,75%,-0.0005,0.497
ME12586,CA00398,25%,0.0037,0.292
ME12587,CA02905,100%,-0.0876,0.301
ME12588,CA01816,25%,0.5159,0.47
ME12589,CA06580,25%,-0.0008,0.378
ME12590,CA00999,75%,0.0175,0.318
ME12591,CA04607,100%,-0.3267,0.354
ME12592,CA03114,100%,0.1532,0.263
ME12593,CA00722,25%,-0.0438,0.42
ME12594,CA05352,100%,0.0145,0.189
ME12595,CA03432,25%,-0.181,0.324
ME12596,CA00510,25%,0.1115,0.125
ME12597,CA00970,50%,-0.0318,0.393
ME12598,CA00664,25%,-0.0203,0.472
ME12599,CA06526,75%,0.1809,0.26
ME12600,CA05061,75%,-0.0093,0.411
ME12601,CA00785,25%,0.1165,0.168
ME12602,CA03400,50%,0.1619,0.242
ME12603,CA03426,75%,-0.102,0.305
ME12604,CA05450,75%,-0.0481,0.465
ME12605,CA02706,100%,-0.2386,0.311
ME12606,CA06007,50%,-0.2429,0.433
ME12607,CA03040,100%,0.1206,0.225
ME12608,CA03679,100%,-0.1665,0.223
ME12609,CA02880,100%,-0.0718,0.311
ME12610,CA05285,50%,0.1388,0.33
ME12611,CA04762,25%,-0.0806,0.349
ME12612,CA05304,100%,-0.2278,0.15
ME12613,CA05360,100%,0.2759,0.176
ME12614,CA06414,100%,0.237,0.132
ME12615,CA05788,75%,0.0688,0.422
ME12616,CA03610,25%,-0.1847,0.221
ME12617,CA05802,100%,0.163,0.43
ME12618,CA02845,75%,-0.1431,0.24
ME12619,CA05052,25%,0.0689,0.196
ME12620,CA00737,100%,-0.0572,0.172
ME12621,CA05710,50%,0.0595,0.3
ME12622,CA06918,25%,0.5568,0.197
ME12623,CA00280,100%,0.0528,0.429
ME12624,CA01114,50%,-0.1012,0.133
ME12625,CA02612,100%,0.0125,0.172
ME12626,CA05174,50%,-0.3589,0.285
ME12627,CA05325,50%,-0.094,0.46
ME12628,CA05761,25%,0.0653,0.407
ME12629,CA04382,50%,0.3959,0.213
ME12630,CA05052,75%,-0.4152,0.284
ME12631,CA04485,100%,0.2969,0.18
ME12632,CA01593,75%,0.1531,0.39
ME12633,CA06586,25%,0.0803,0.415
ME12634,CA01431,25%,0.047,0.159
ME12635,CA01870,75%,0.0009,0.305
ME12636,CA05273,100%,0.0752,0.118
ME12637,CA00619,75%,-0.268,0.297
ME12638,CA06784,25%,-0.0243,0.447
ME12639,CA02002,50%,0.0288,0.299
ME12640,CA05098,100%,0.1276,0.458
ME12641,CA04965,50%,0.2907,0.475
ME12642,CA04715,50%,-0.2151,0.337
ME12643,CA00198,50%,-0.252,0.454
ME12644,CA03272,100%,0.046,0.373
ME12645,CA00575,25%,-0.3986,0.387
ME12646,CA00927,75%,0.2706,0.244
ME12647,CA03501,100%,-0.1825,0.102
ME12648,CA00838,50%,-0.0127,0.425
ME12649,CA06671,50%,-0.161,0.397
ME12650,CA01280,50%,0.0241,0.404
ME12651,CA04020,50%,0.0543,0.354
ME12652,CA01540,50%,0.1526,0.457
ME12653,CA04934,75%,-0.0793,0.29
ME12654,CA03299,100%,0.1177,0.402
ME12655,CA01831,50%,0.087,0.119
ME12656,CA05527,25%,-0.0628,0.315
ME12657,CA01968,100%,-0.0994,0.386
ME12658,CA05963,25%,0.1293,0.432
ME12659,CA05420,75%,-0.113,0.165
ME12660,CA05438,75%,-0.002,0.485
ME12661,CA01258,75%,-0.1212,0.43
ME12662,CA06553,25%,0.0225,0.146
ME12663,CA06709,50%,-0.2693,0.198
ME12664,CA06977,100%,0.1098,0.432
ME12665,CA00055,25%,-0.1621,0.144
ME12666,CA03063,50%,-0.252,0.131
ME12667,CA04712,100%,-0.0599,0.363
ME12668,CA01763,50%,0.2367,0.106
ME12669,CA01733,25%,-0.1729,0.481
ME12670,CA06587,25%,0.045,0.325
ME12671,CA02896,50%,-0.0194,0.193
ME12672,CA07149,50%,0.1145,0.114
ME12673,CA06932,100%,0.0866,0.402
ME12674,CA03104,50%,0.1254,0.108
ME12675,CA00290,50%,0.3321,0.307
ME12676,CA04300,25%,0.1494,0.228
ME12677,CA04429,25%,-0.0165,0.185
ME12678,CA03969,75%,-0.2358,0.234
ME12679,CA03617,25%,-0.0797,0.2
ME12680,CA04784,100%,-0.078,0.471
ME12681,CA03768,100%,-0.2058,0.384
ME12682,CA05157,50%,-0.0591,0.27
ME12683,CA01087,50%,-0.3034,0.134
ME12684,CA03761,50%,-0.2707,0.426
ME12685,CA02011,50%,0.1679,0.274
ME12686,CA01146,100%,0.4015,0.363
ME12687,CA03167,50%,0.058,0.104
ME12688,CA02063,75%,-0.176,0.265
ME12689,CA04724,25%,-0.1742,0.453
ME12690,CA05856,25%,-0.1958,0.192
ME12691,CA03998,50%,-0.0893,0.36
ME12692,CA01608,100%,-0.169,0.45
ME12693,CA04797,100%,-0.3604,0.21
ME12694,CA06672,25%,-0.0049,0.138
ME12695,CA06068,50%,0.5169,0.496
ME12696,CA02378,50%,0.3806,0.205
ME12697,CA04654,50%,0.158,0.302
ME12698,CA03038,75%,0.0648,0.483
ME12699,CA04713,75%,0.0188,0.217
ME12700,CA05677,75%,0.033,0.476
ME12701,CA00486,100%,0.1919,0.124
ME12702,CA02129,50%,0.1003,0.496
ME12703,CA06868,50%,-0.3104,0.103
ME12704,CA00397,25%,-0.1235,0.304
ME12705,CA00485,75%,0.0017,0.349
ME12706,CA03479,100%,0.0003,0.469
ME12707,CA04634,50%,-0.0831,0.16
ME12708,CA03070,75%,0.0973,0.152
ME12709,CA05740,75%,-0.2097,0.403
ME12710,CA02286,25%,0.0611,0.485
ME12711,CA05706,25%,0.0094,0.304
ME12712,CA00848,50%,-0.2093,0.353
ME12713,CA00499,25%,-0.0165,0.396
ME12714,CA02997,100%,0.1278,0.241
ME12715,CA05683,100%,0.1081,0.359
ME12716,CA05825,50%,0.1434,0.473
ME12717,CA01912,100%,0.0192,0.423
ME12718,CA01291,100%,-0.1817,0.174
ME12719,CA05207,50%,-0.414,0.415
ME12720,CA00035,75%,0.1797,0.42
ME12721,CA04159,50%,0.014,0.469
ME12722,CA03634,75%,0.2145,0.425
ME12723,CA05226,25%,0.4072,0.173
ME12724,CA00489,50%,-0.2807,0.307
ME12725,CA07148,75%,-0.082,0.384
ME12726,CA06498,50%,0.1154,0.278
ME12727,CA03174,25%,-0.2118,0.129
ME12728,CA03440,75%,-0.0283,0.366
ME12729,CA04735,50%,-0.0233,0.359
ME12730,CA01168,75%,-0.1212,0.119
ME12731,CA06896,100%,-0.3816,0.132
ME12732,CA04025,50%,-0.0165,0.484
ME12733,CA03077,25%,0.1206,0.352
ME12734,CA05440,100%,-0.0936,0.102
ME12735,CA06811,25%,0.3863,0.249
ME12736,CA05791,50%,0.392,0.397
ME12737,CA04143,50%,0.0453,0.216
ME12738,CA03518,100%,-0.0576,0.429
ME12739,CA02816,50%,0.3547,0.245
ME12740,CA02451,75%,0.2419,0.336
ME12741,CA04324,25%,-0.0524,0.176
ME12742,CA01458,100%,-0.0906,0.323
ME12743,CA06436,25%,0.0128,0.249
ME12744,CA02616,75%,0.0415,0.453
ME12745,CA05948,100%,0.1998,0.269
ME12746,CA00996,50%,0.1977,0.4
ME12747,CA00502,50%,-0.0262,0.387
ME12748,CA03054,75%,0.224,0.115
ME12749,CA05632,75%,0.0717,0.348
ME12750,CA02817,75%,-0.166,0.172
ME12751,CA01917,25%,-0.0549,0.313
ME12752,CA05820,100%,-0.1674,0.482
ME12753,CA01861,25%,-0.1724,0.233
ME12754,CA01133,75%,-0.1352,0.192
ME12755,CA03342,75%,-0.0767,0.496
ME12756,CA04705,75%,-0.0058,0.323
ME12757,CA00776,50%,-0.0969,0.39
ME12758,CA05030,50%,-0.0495,0.468
ME12759,CA03065,25%,0.0731,0.12
ME12760,CA03031,75%,0.3034,0.39
ME12761,CA05477,75%,0.2155,0.399
ME12762,CA01334,25%,-0.3287,0.367
ME12763,CA07176,25%,-0.1084,0.418
ME12764,CA03979,100%,-0.0483,0.207
ME12765,CA03389,75%,0.1543,0.387
ME12766,CA05803,100%,0.2421,0.349
ME12767,CA06650,75%,-0.1172,0.324
ME12768,CA05211,75%,-0.439,0.399
ME12769,CA05080,50%,0.0344,0.297
ME12770,CA00828,75%,0.2918,0.422
ME12771,CA01143,50%,0.1661,0.431
ME12772,CA04628,25%,-0.0139,0.455
ME12773,CA06446,25%,-0.0541,0.15
ME12774,CA00813,75%,0.1073,0.262
ME12775,CA01725,25%,0.0447,0.441
ME12776,CA00153,25%,-0.0471,0.326
ME12777,CA01637,50%,0.1041,0.25
ME12778,CA05962,100%,-0.1122,0.433
ME12779,CA02047,25%,0.1197,0.305
ME12780,CA04055,100%,0.0345,0.386
ME12781,CA00445,100%,0.2525,0.362
ME12782,CA00327,100%,-0.1746,0.498
ME12783,CA05716,75%,-0.1731,0.101
ME12784,CA04473,25%,0.0448,0.401
ME12785,CA00476,75%,-0.0301,0.395
ME12786,CA00384,50%,-0.1125,0.21
ME12787,CA01500,25%,-0.0158,0.306
ME12788,CA06392,25%,0.0419,0.375
ME12789,CA02507,75%,0.0112,0.133
ME12790,CA04082,75%,-0.1423,0.401
ME12791,CA02291,25%,0.0105,0.487
ME12792,CA01953,100%,0.0651,0.2
ME12793,CA03357,75%,0.2504,0.496
ME12794,CA00647,100%,0.2621,0.142
ME12795,CA01379,100%,0.0991,0.243
ME12796,CA05781,75%,0.0841,0.38
ME12797,CA05665,25%,0.1838,0.148
ME12798,CA02183,50%,-0.2379,0.484
ME12799,CA05802,75%,-0.1258,0.197
ME12800,CA06206,75%,0.169,0.393
ME12801,CA06782,100%,-0.1522,0.432
ME12802,CA03921,25%,-0.3242,0.336
ME12803,CA05789,75%,-0.1009,0.283
ME12804,CA06910,75%,0.0959,0.352
ME12805,CA00141,75%,0.1697,0.182
ME12806,CA01822,50%,0.2291,0.118
ME12807,CA00147,100%,-0.011,0.284
ME12808,CA06019,100%,-0.2529,0.167
ME12809,CA03160,75%,0.282,0.444
ME12810,CA02850,25%,-0.2751,0.372
ME12811,CA04183,100%,-0.0979,0.149
ME12812,CA02943,100%,-0.1208,0.207
ME12813,CA06022,100%,0.0831,0.374
ME12814,CA03633,25%,0.076,0.156
ME12815,CA04591,100%,0.0802,0.143
ME12816,CA02807,50%,0.0547,0.453
ME12817,CA00716,100%,-0.0202,0.12
ME12818,CA03447,50%,0.1709,0.238
ME12819,CA06481,50%,0.3191,0.12
ME12820,CA01186,75%,-0.0334,0.418
ME12821,CA06501,100%,-0.1126,0.408
ME12822,CA02100,50%,-0.2035,0.466
ME12823,CA07130,100%,0.0596,0.421
ME12824,CA03455,100%,0.1348,0.401
ME12825,CA00308,25%,0.1047,0.492
ME12826,CA03189,50%,-0.078,0.103
ME12827,CA02796,25%,0.2088,0.235
ME12828,CA03858,50%,0.02,0.416
ME12829,CA01925,50%,0.1112,0.246
ME12830,CA05272,100%,0.1454,0.244
ME12831,CA05515,100%,-0.1628,0.493
ME12832,CA02457,75%,-0.0855,0.486
ME12833,CA02366,100%,-0.3114,0.278
ME12834,CA02871,75%,0.0911,0.437
ME12835,CA05012,75%,0.4591,0.143
ME12836,CA03422,100%,-0.0771,0.161
ME12837,CA00137,75%,-0.0683,0.383
ME12838,CA05181,100%,-0.0872,0.228
ME12839,CA01127,25%,-0.0197,0.182
ME12840,CA03934,50%,-0.1334,0.273
ME12841,CA02780,100%,-0.1554,0.496
ME12842,CA05374,25%,-0.273,0.136
ME12843,CA05148,25%,0.0057,0.166
ME12844,CA02067,100%,-0.0153,0.349
ME12845,CA03378,25%,-0.1708,0.354
ME12846,CA04320,75%,0.1542,0.261
ME12847,CA02829,75%,0.0733,0.447
ME12848,CA00566,100%,0.1904,0.129
ME12849,CA05818,100%,-0.0359,0.184
ME12850,CA06236,75%,-0.2089,0.394
ME12851,CA03551,50%,-0.06,0.287
ME12852,CA00094,75%,0.106,0.129
ME12853,CA02954,75%,0.174,0.495
ME12854,CA05803,100%,0.0941,0.461
ME12855,CA06782,100%,0.0496,0.183
ME12856,CA00334,100%,-0.067,0.326
ME12857,CA02832,25%,-0.0268,0.271
ME12858,CA00045,25%,0.0844,0.126
ME12859,CA04519,25%,-0.2065,0.366
ME12860,CA00480,25%,0.2349,0.236
ME12861,CA02985,25%,-0.0924,0.443
ME12862,CA03429,25%,-0.5485,0.357
ME12863,CA03583,100%,0.0543,0.48
ME12864,CA00753,100%,-0.5966,0.229
ME12865,CA01729,75%,-0.1121,0.296
ME12866,CA00503,50%,0.2107,0.208
ME12867,CA05277,100%,-0.0097,0.225
ME12868,CA06265,75%,-0.187,0.404
ME12869,CA01823,25%,-0.2295,0.344
ME12870,CA04707,100%,-0.1077,0.339
ME12871,CA01553,25%,-0.1072,0.335
ME12872,CA01242,50%,-0.1294,0.282
ME12873,CA06507,100%,0.0184,0.126
ME12874,CA02594,75%,0.0218,0.172
ME12875,CA00375,75%,0.1745,0.306
ME12876,CA06172,50%,-0.1005,0.345
ME12877,CA04224,75%,-0.1134,0.105
ME12878,CA00506,75%,-0.0033,0.203
ME12879,CA03669,75%,0.0415,0.109
ME12880,CA05948,50%,-0.2482,0.172
ME12881,CA03310,100%,-0.4555,0.256
ME12882,CA06199,25%,0.0235,0.234
ME12883,CA02199,25%,0.031,0.496
ME12884,CA03607,50%,0.0551,0.441
ME12885,CA02277,50%,-0.1049,0.222
ME12886,CA00040,50%,0.0439,0.358
ME12887,CA01680,75%,-0.1542,0.183
ME12888,CA01789,50%,0.1965,0.226
ME12889,CA03147,50%,0.1544,0.487
ME12890,CA03777,100%,0.3642,0.356
ME12891,CA02174,100%,-0.186,0.323
ME12892,CA06610,75%,0.0215,0.188
ME12893,CA06902,50%,-0.1303,0.221
ME12894,CA00280,100%,-0.0825,0.304
ME12895,CA04014,50%,-0.045,0.485
ME12896,CA06919,50%,-0.1607,0.428
ME12897,CA02927,25%,-0.2652,0.371
ME12898,CA01128,25%,0.2087,0.428
ME12899,CA05284,50%,0.1019,0.217
ME12900,CA06698,100%,0.229,0.463
ME12901,CA00983,100%,0.0542,0.303
ME12902,CA02177,25%,0.1988,0.44
ME12903,CA02071,100%,-0.1498,0.268
ME12904,CA01136,75%,0.011,0.34
ME12905,CA00388,50%,0.0277,0.381
ME12906,CA01553,75%,0.2169,0.477
ME12907,CA01445,50%,0.0163,0.354
ME12908,CA06449,100%,0.208,0.335
ME12909,CA01863,75%,-0.122,0.306
ME12910,CA04414,100%,0.301,0.111
ME12911,CA06401,25%,0.1924,0.18
ME12912,CA06214,25%,-0.1366,0.185
ME12913,CA01274,50%,-0.1299,0.177
ME12914,CA04963,75%,-0.0359,0.288
ME12915,CA02007,75%,-0.1976,0.404
ME12916,CA00547,25%,0.0837,0.363
ME12917,CA01785,75%,-0.3298,0.157
ME12918,CA02141,75%,0.316,0.196
ME12919,CA04328,50%,0.0274,0.108
ME12920,CA02284,75%,-0.1686,0.378
ME12921,CA03999,50%,-0.18,0.318
ME12922,CA06301,50%,0.3076,0.499
ME12923,CA01935,25%,-0.4257,0.374
ME12924,CA04384,50%,-0.241,0.328
ME12925,CA03973,50%,-0.1124,0.251
ME12926,CA02225,25%,0.2021,0.211
ME12927,CA03451,25%,0.1733,0.339
ME12928,CA06001,100%,-0.0534,0.267
ME12929,CA04201,25%,-0.0706,0.347
ME12930,CA00162,75%,-0.1322,0.258
ME12931,CA04235,50%,-0.0902,0.296
ME12932,CA06793,75%,-0.0352,0.203
ME12933,CA06803,100%,-0.1593,0.282
ME12934,CA04767,25%,-0.1579,0.24
ME12935,CA04635,75%,-0.4822,0.168
ME12936,CA01616,75%,-0.073,0.462
ME12937,CA04234,100%,0.081,0.183
ME12938,CA00872,25%,0.0798,0.104
ME12939,CA03507,75%,-0.2405,0.412
ME12940,CA03511,25%,-0.1492,0.431
ME12941,CA03280,50%,-0.1036,0.429
ME12942,CA01996,25%,0.0487,0.447
ME12943,CA02978,75%,-0.1191,0.239
ME12944,CA02577,100%,0.3272,0.398
ME12945,CA07120,25%,0.2003,0.183
ME12946,CA03844,25%,-0.1214,0.415
ME12947,CA03737,25%,-0.1432,0.435
ME12948,CA04764,25%,-0.2723,0.436
ME12949,CA07130,75%,-0.2135,0.14
ME12950,CA01506,75%,0.001,0.405
ME12951,CA03517,100%,0.0127,0.236
ME12952,CA03573,75%,-0.1006,0.292
ME12953,CA04822,50%,0.4509,0.309
ME12954,CA03646,25%,0.3353,0.407
ME12955,CA01295,50%,-0.2428,0.2
ME12956,CA00677,75%,0.1491,0.408
ME12957,CA03703,50%,-0.2189,0.175
ME12958,CA05179,75%,-0.2511,0.328
ME12959,CA04157,75%,0.0694,0.355
ME12960,CA05410,75%,0.009,0.117
ME12961,CA00478,25%,-0.2268,0.492
ME12962,CA05520,75%,0.0425,0.343
ME12963,CA05660,50%,0.045,0.17
ME12964,CA05803,50%,-0.055,0.449
ME12965,CA05804,50%,0.2163,0.479
ME12966,CA04782,75%,-0.1885,0.161
ME12967,CA02194,50%,0.0214,0.154
ME12968,CA06702,100%,0.021,0.442
ME12969,CA00469,25%,0.1822,0.277
ME12970,CA05307,100%,0.2925,0.455
ME12971,CA01429,100%,0.194,0.386
ME12972,CA01767,100%,0.0902,0.365
ME12973,CA04692,75%,-0.0047,0.455
ME12974,CA01936,75%,0.0074,0.313
ME12975,CA05994,25%,0.0037,0.288
ME12976,CA06293,25%,-0.0518,0.141
ME12977,CA01394,50%,-0.1023,0.327
ME12978,CA05264,100%,-0.3402,0.363
ME12979,CA03400,100%,0.4416,0.418
ME12980,CA00134,75%,0.1081,0.494
ME12981,CA06562,75%,-0.0372,0.306
ME12982,CA05106,75%,-0.3197,0.209
ME12983,CA07200,50%,-0.0194,0.406
ME12984,CA02117,75%,-0.0429,0.449
ME12985,CA01732,25%,0.1463,0.279
ME12986,CA01097,25%,0.0732,0.426
ME12987,CA01284,75%,0.2489,0.343
ME12988,CA04776,50%,-0.1159,0.431
ME12989,CA04351,100%,0.1437,0.456
ME12990,CA05666,75%,0.0287,0.48
ME12991,CA03663,50%,0.2618,0.132
ME12992,CA03232,100%,-0.0733,0.247
ME12993,CA03025,25%,-0.1443,0.223
ME12994,CA03438,25%,0.0986,0.394
ME12995,CA02727,75%,-0.2188,0.197
ME12996,CA03657,100%,-0.1266,0.269
ME12997,CA03553,50%,-0.073,0.401
ME12998,CA05378,50%,-0.0915,0.284
ME12999,CA06005,100%,0.0591,0.243
ME13000,CA05035,100%,0.281,0.183
ME13001,CA00774,100%,-0.0754,0.27
ME13002,CA00739,50%,0.1856,0.246
ME13003,CA06112,25%,-0.0153,0.467
ME13004,CA05676,75%,-0.0872,0.134
ME13005,CA06873,100%,0.3057,0.174
ME13006,CA07188,25%,-0.0115,0.104
ME13007,CA07022,50%,0.4872,0.2
ME13008,CA00752,50%,-0.0338,0.385
ME13009,CA05907,75%,0.2891,0.303
ME13010,CA00523,100%,0.1492,0.467
ME13011,CA06672,75%,0.4771,0.323
ME13012,CA07005,75%,0.0002,0.376
ME13013,CA01212,100%,-0.1525,0.365
ME13014,CA00377,75%,0.1125,0.142
ME13015,CA00080,25%,0.2236,0.277
ME13016,CA01665,25%,-0.1395,0.288
ME13017,CA04759,25%,0.093,0.401
ME13018,CA05022,100%,0.1914,0.109
ME13019,CA07116,100%,0.1917,0.307
ME13020,CA01893,50%,0.1515,0.184
ME13021,CA06975,100%,0.0696,0.264
ME13022,CA04353,50%,-0.1407,0.48
ME13023,CA02565,75%,0.1888,0.396
ME13024,CA00066,25%,-0.4818,0.218
ME13025,CA06073,75%,-0.1098,0.245
ME13026,CA01030,50%,0.1198,0.236
ME13027,CA03595,75%,0.493,0.345
ME13028,CA06608,25%,0.1163,0.161
ME13029,CA01450,25%,0.0001,0.368
ME13030,CA01432,75%,-0.0563,0.28
ME13031,CA04820,50%,0.0549,0.22
ME13032,CA04997,75%,-0.1189,0.24
ME13033,CA03681,50%,0.0507,0.419
ME13034,CA06776,50%,-0.0109,0.213
ME13035,CA00464,75%,0.0831,0.435
ME13036,CA05991,25%,0.2923,0.385
ME13037,CA03737,75%,-0.0374,0.411
ME13038,CA01217,50%,-0.235,0.42
ME13039,CA07043,100%,0.1985,0.407
ME13040,CA02131,25%,-0.0307,0.415
ME13041,CA03153,25%,-0.0158,0.137
ME13042,CA01042,50%,-0.4994,0.137
ME13043,CA05672,25%,-0.1271,0.15
ME13044,CA04113,50%,0.2038,0.411
ME13045,CA03368,75%,-0.1054,0.366
ME13046,CA00848,50%,-0.0617,0.129
ME13047,CA03501,75%,0.0715,0.357
ME13048,CA06058,25%,0.4677,0.432
ME13049,CA06594,75%,0.11,0.279
ME13050,CA01753,75%,-0.0658,0.279
ME13051,CA06844,100%,0.7823,0.156
ME13052,CA02860,25%,-0.1268,0.402
ME13053,CA02520,50%,-0.0857,0.37
ME13054,CA05106,50%,-0.2884,0.163
ME13055,CA04612,25%,-0.1353,0.395
ME13056,CA03229,100%,-0.2424,0.304
ME13057,CA03741,50%,0.0907,0.117
ME13058,CA02672,50%,-0.2154,0.312
ME13059,CA03430,25%,0.0977,0.384
ME13060,CA01709,100%,0.1161,0.457
ME13061,CA00868,50%,0.0356,0.165
ME13062,CA04701,50%,-0.1046,0.38
ME13063,CA01201,25%,-0.1545,0.315
ME13064,CA01650,75%,0.0291,0.179
ME13065,CA02443,25%,-0.0713,0.326
ME13066,CA05775,50%,0.1763,0.32
ME13067,CA04616,25%,-0.0178,0.365
ME13068,CA04998,25%,0.131,0.397
ME13069,CA03990,50%,-0.022,0.11
ME13070,CA02605,100%,0.0178,0.121
ME13071,CA01051,50%,-0.2076,0.494
ME13072,CA01105,75%,0.057,0.184
ME13073,CA04767,25%,-0.0073,0.188
ME13074,CA04212,50%,0.2161,0.21
ME13075,CA04033,100%,0.1015,0.115
ME13076,CA06167,75%,-0.0994,0.264
ME13077,CA05302,25%,0.0518,0.219
ME13078,CA06452,100%,0.281,0.353
ME13079,CA06673,25%,0.1098,0.413
ME13080,CA02006,50%,-0.0295,0.321
ME13081,CA02456,100%,-0.0583,0.411
ME13082,CA06660,50%,-0.1695,0.289
ME13083,CA07159,75%,-0.0641,0.242
ME13084,CA04058,75%,0.2979,0.279
ME13085,CA00764,75%,0.0825,0.488
ME13086,CA03321,50%,0.0974,0.42
ME13087,CA06593,100%,-0.1051,0.467
ME13088,CA03183,100%,-0.1959,0.183
ME13089,CA05113,50%,-0.139,0.494
ME13090,CA07114,100%,-0.1433,0.184
ME13091,CA01269,25%,-0.0983,0.243
ME13092,CA00672,75%,0.1885,0.136
ME13093,CA03942,100%,-0.2824,0.204
ME13094,CA01010,75%,0.1547,0.491
ME13095,CA07046,100%,-0.0436,0.252
ME13096,CA06917,100%,0.018,0.275
ME13097,CA02159,50%,-0.0976,0.376
ME13098,CA02026,100%,-0.0589,0.179
ME13099,CA03817,75%,0.0979,0.146
ME13100,CA06603,50%,-0.368,0.161
ME13101,CA00084,75%,-0.1614,0.127
ME13102,CA02708,100%,0.0845,0.29
ME13103,CA05335,100%,0.0828,0.459
ME13104,CA00368,50%,0.2037,0.307
ME13105,CA03640,75%,0.228,0.254
ME13106,CA03243,100%,-0.0406,0.253
ME13107,CA02503,75%,-0.0791,0.464
ME13108,CA04218,50%,0.1973,0.329
ME13109,CA00174,25%,-0.0348,0.219
ME13110,CA02862,50%,-0.1638,0.112
ME13111,CA03659,75%,-0.3245,0.407
ME13112,CA01343,25%,0.1029,0.232
ME13113,CA03689,100%,-0.1475,0.29
ME13114,CA06608,75%,0.1043,0.294
ME13115,CA06925,75%,-0.0135,0.141
ME13116,CA02081,100%,-0.0186,0.368
ME13117,CA03528,50%,0.1303,0.348
ME13118,CA03514,50%,0.1684,0.481
ME13119,CA00313,25%,-0.0769,0.156
ME13120,CA06639,75%,0.1097,0.452
ME13121,CA05846,100%,0.0256,0.253
ME13122,CA00545,50%,0.2316,0.291
ME13123,CA04778,50%,-0.1078,0.32
ME13124,CA07187,75%,0.0231,0.414
ME13125,CA06378,75%,0.0781,0.309
ME13126,CA06282,100%,0.2574,0.219
ME13127,CA05798,50%,0.0608,0.2
ME13128,CA00122,75%,0.3652,0.23
ME13129,CA02062,50%,0.1543,0.47
ME13130,CA02481,100%,0.2338,0.399
ME13131,CA02906,50%,0.1792,0.402
ME13132,CA05005,75%,0.003,0.362
ME13133,CA04467,100%,0.0005,0.231
ME13134,CA06007,100%,-0.1423,0.272
ME13135,CA04831,75%,0.0319,0.417
ME13136,CA05292,75%,-0.3361,0.398
ME13137,CA05559,75%,0.0467,0.364
ME13138,CA00536,50%,-0.1029,0.196
ME13139,CA02286,25%,0.0838,0.332
ME13140,CA05184,50%,0.0645,0.404
ME13141,CA00512,25%,-0.2516,0.103
ME13142,CA00450,100%,-0.1187,0.264
ME13143,CA04056,100%,-0.1134,0.198
ME13144,CA03805,100%,0.493,0.202
ME13145,CA00421,25%,0.0786,0.141
ME13146,CA04451,75%,0.1376,0.4
ME13147,CA06196,50%,0.1408,0.213
ME13148,CA05743,75%,-0.1036,0.137
ME13149,CA00540,75%,-0.0879,0.238
ME13150,CA00453,75%,-0.0692,0.267
ME13151,CA06247,100%,0.1098,0.41
ME13152,CA07173,50%,-0.1632,0.287
ME13153,CA04325,100%,0.1099,0.353
ME13154,CA04144,25%,0.1673,0.335
ME13155,CA03398,25%,0.1298,0.105
ME13156,CA05949,50%,-0.0617,0.254
ME13157,CA05486,25%,-0.1267,0.254
ME13158,CA03258,100%,-0.2795,0.363
ME13159,CA00731,50%,0.118,0.446
ME13160,CA00657,25%,-0.0179,0.321
ME13161,CA04067,25%,-0.1831,0.466
ME13162,CA06893,75%,0.1493,0.147
ME13163,CA05002,50%,-0.097,0.215
ME13164,CA00961,50%,-0.0443,0.419
ME13165,CA04651,100%,0.1872,0.176
ME13166,CA05519,25%,0.152,0.118
ME13167,CA04313,100%,-0.2077,0.29
ME13168,CA03467,50%,0.1219,0.163
ME13169,CA05035,75%,-0.0317,0.164
ME13170,CA00235,25%,-0.0303,0.323
ME13171,CA06802,25%,0.1119,0.322
ME13172,CA03020,100%,-0.1326,0.468
ME13173,CA01479,25%,0.0251,0.204
ME13174,CA04160,50%,0.0948,0.244
ME13175,CA02236,100%,0.595,0.244
ME13176,CA05656,75%,-0.0268,0.481
ME13177,CA03304,25%,-0.0552,0.194
ME13178,CA01599,25%,0.1617,0.253
ME13179,CA06800,25%,0.2202,0.375
ME13180,CA01826,25%,0.0014,0.13
ME13181,CA04005,100%,-0.0473,0.437
ME13182,CA03361,25%,0.0773,0.476
ME13183,CA05366,100%,0.2354,0.253
ME13184,CA03792,100%,-0.2218,0.281
ME13185,CA01950,75%,-0.2513,0.141
ME13186,CA04000,50%,0.1434,0.205
ME13187,CA02274,100%,0.1492,0.106
ME13188,CA05696,75%,-0.0157,0.162
ME13189,CA02330,100%,-0.0926,0.433
ME13190,CA03942,75%,0.2415,0.33
ME13191,CA02045,100%,-0.1909,0.493
ME13192,CA04416,50%,-0.2896,0.175
ME13193,CA05745,50%,0.2575,0.347
ME13194,CA01936,75%,0.059,0.376
ME13195,CA03978,25%,-0.4328,0.172
ME13196,CA04789,75%,-0.1382,0.207
ME13197,CA00798,25%,-0.1682,0.402
ME13198,CA06137,100%,0.0992,0.411
ME13199,CA01398,50%,-0.1725,0.265
ME13200,CA05057,75%,0.0825,0.332
ME13201,CA01227,50%,0.1379,0.235
ME13202,CA01826,50%,0.1659,0.252
ME13203,CA03428,100%,0.3989,0.388
ME13204,CA05395,100%,-0.1078,0.145
ME13205,CA01047,25%,0.0335,0.139
ME13206,CA03528,100%,-0.0261,0.374
ME13207,CA00239,75%,0.0983,0.344
ME13208,CA04192,100%,-0.0718,0.166
ME13209,CA00303,25%,0.1155,0.322
ME13210,CA02872,100%,-0.0909,0.301
ME13211,CA01170,75%,0.1178,0.225
ME13212,CA01487,25%,-0.0757,0.4
ME13213,CA05738,100%,0.0316,0.31
ME13214,CA01848,100%,-0.1455,0.315
ME13215,CA01742,50%,-0.2507,0.391
ME13216,CA03910,100%,-0.0193,0.255
ME13217,CA01754,50%,-0.053,0.123
ME13218,CA05341,75%,0.2686,0.316
ME13219,CA06579,100%,0.011,0.119
ME13220,CA00833,75%,-0.0832,0.295
ME13221,CA01639,75%,0.0072,0.296
ME13222,CA04434,100%,0.1442,0.23
ME13223,CA00018,25%,0.0753,0.453
ME13224,CA05847,75%,0.4039,0.396
ME13225,CA05116,75%,0.0895,0.239
ME13226,CA00491,75%,-0.105,0.14
ME13227,CA02004,75%,-0.0898,0.381
ME13228,CA05683,100%,0.0609,0.15
ME13229,CA03501,50%,-0.0833,0.308
ME13230,CA03503,50%,-0.2732,0.343
ME13231,CA03700,75%,0.0352,0.168
ME13232,CA03430,75%,0.1289,0.326
ME13233,CA03753,75%,-0.02,0.126
ME13234,CA03272,75%,0.1823,0.447
ME13235,CA02780,75%,-0.0171,0.487
ME13236,CA07124,25%,-0.406,0.28
ME13237,CA00070,25%,-0.1281,0.464
ME13238,CA04208,100%,-0.0378,0.458
ME13239,CA02562,25%,-0.0706,0.458
ME13240,CA05169,100%,0.4398,0.121
ME13241,CA06946,50%,0.175,0.39
ME13242,CA00180,50%,0.2446,0.246
ME13243,CA03598,100%,0.026,0.432
ME13244,CA02749,50%,0.0522,0.287
ME13245,CA04059,50%,0.0529,0.353
ME13246,CA06222,75%,0.1954,0.198
ME13247,CA04353,50%,0.1878,0.392
ME13248,CA02097,100%,0.0171,0.125
ME13249,CA01706,50%,-0.034,0.433
ME13250,CA06841,75%,-0.0392,0.46
ME13251,CA04218,25%,-0.0568,0.329
ME13252,CA04267,75%,-0.2272,0.141
ME13253,CA01089,50%,0.0001,0.418
ME13254,CA04330,75%,-0.2272,0.271
ME13255,CA04440,25%,0.1852,0.136
ME13256,CA02643,75%,-0.064,0.418
ME13257,CA02976,100%,-0.0703,0.355
ME13258,CA06904,50%,0.0094,0.213
ME13259,CA02082,100%,-0.0503,0.36
ME13260,CA02343,50%,0.272,0.204
ME13261,CA02803,100%,-0.3136,0.282
ME13262,CA04311,25%,-0.0107,0.237
ME13263,CA01477,25%,-0.2653,0.195
ME13264,CA03763,100%,0.0749,0.266
ME13265,CA02208,25%,0.0055,0.458
ME13266,CA01573,75%,0.0705,0.196
ME13267,CA03923,100%,-0.0556,0.295
ME13268,CA01609,50%,0.3398,0.456
ME13269,CA04891,100%,-0.0439,0.481
ME13270,CA02544,100%,-0.2199,0.189
ME13271,CA02736,25%,0.0277,0.298
ME13272,CA03019,100%,-0.0634,0.472
ME13273,CA01193,75%,-0.091,0.351
ME13274,CA00437,25%,0.0915,0.384
ME13275,CA04781,25%,-0.0594,0.384
ME13276,CA05642,25%,-0.1765,0.281
ME13277,CA06660,50%,0.1312,0.21
ME13278,CA00442,50%,0.1922,0.445
ME13279,CA05453,50%,0.2194,0.19
ME13280,CA05039,75%,-0.3044,0.268
ME13281,CA04605,25%,0.3086,0.258
ME13282,CA00290,100%,0.1548,0.343
ME13283,CA05634,25%,-0.1695,0.435
ME13284,CA01238,75%,0.0684,0.31
ME13285,CA05330,75%,-0.0811,0.275
ME13286,CA00944,75%,-0.063,0.303
ME13287,CA03717,100%,-0.0831,0.311
ME13288,CA03893,25%,0.2714,0.48
ME13289,CA01429,75%,-0.2348,0.301
ME13290,CA03360,25%,-0.2569,0.181
ME13291,CA04574,100%,-0.0401,0.468
ME13292,CA02585,100%,-0.0316,0.411
ME13293,CA03225,25%,0.2945,0.159
ME13294,CA03234,50%,0.1896,0.34
ME13295,CA01407,75%,0.0573,0.187
ME13296,CA06929,50%,-0.2364,0.389
ME13297,CA00764,50%,0.1062,0.473
ME13298,CA02217,75%,0.2084,0.275
ME13299,CA05230,75%,-0.0087,0.269
ME13300,CA06240,100%,0.2106,0.122
ME13301,CA00449,50%,-0.1742,0.138
ME13302,CA02582,50%,-0.596,0.323
ME13303,CA06556,50%,-0.2339,0.117
ME13304,CA03157,50%,0.0227,0.47
ME13305,CA02290,25%,-0.0289,0.407
ME13306,CA03879,100%,-0.0856,0.41
ME13307,CA02939,50%,-0.3238,0.282
ME13308,CA04118,75%,-0.2112,0.491
ME13309,CA06279,75%,0.3789,0.203
ME13310,CA00811,75%,0.0123,0.374
ME13311,CA04252,50%,0.1898,0.371
ME13312,CA01128,75%,-0.3083,0.196
ME13313,CA01139,50%,-0.0243,0.134
ME13314,CA04495,25%,0.3531,0.139
ME13315,CA07198,100%,-0.2474,0.272
ME13316,CA01561,50%,-0.0634,0.23
ME13317,CA04987,25%,-0.0413,0.463
ME13318,CA04573,25%,-0.0396,0.474
ME13319,CA02513,25%,-0.1048,0.149
ME13320,CA06456,75%,0.2813,0.231
ME13321,CA03784,75%,-0.3023,0.307
ME13322,CA06154,25%,0.0667,0.201
ME13323,CA03370,50%,0.3446,0.225
ME13324,CA04975,100%,-0.044,0.448
ME13325,CA02117,25%,-0.2602,0.241
ME13326,CA07152,100%,-0.0843,0.191
ME13327,CA05087,75%,0.0448,0.49
ME13328,CA02829,75%,0.2944,0.495
ME13329,CA06227,50%,0.0973,0.212
ME13330,CA01047,50%,0.091,0.198
ME13331,CA00233,50%,-0.0768,0.36
ME13332,CA05803,100%,-0.3531,0.453
ME13333,CA02443,100%,0.2881,0.267
ME13334,CA06558,25%,-0.1237,0.484
ME13335,CA05053,100%,-0.5326,0.321
ME13336,CA00064,100%,0.1908,0.109
ME13337,CA04495,75%,-0.156,0.288
ME13338,CA02961,75%,-0.0956,0.419
ME13339,CA03282,25%,0.0536,0.447
ME13340,CA06112,75%,-0.0117,0.425
ME13341,CA06792,25%,0.0695,0.298
ME13342,CA05565,25%,-0.1439,0.151
ME13343,CA00859,50%,0.1534,0.393
ME13344,CA00739,100%,-0.0373,0.426
ME13345,CA00974,75%,0.0692,0.368
ME13346,CA06912,75%,-0.0927,0.115
ME13347,CA01838,75%,-0.2639,0.325
ME13348,CA05038,75%,0.1346,0.109
ME13349,CA01790,100%,0.2738,0.269
ME13350,CA06773,100%,-0.2031,0.215
ME13351,CA03804,75%,-0.1708,0.123
ME13352,CA05593,25%,-0.0024,0.126
ME13353,CA02128,100%,-0.0254,0.408
ME13354,CA04389,75%,-0.067,0.181
ME13355,CA01425,50%,-0.2166,0.482
ME13356,CA03301,50%,-0.0761,0.448
ME13357,CA05020,75%,-0.0059,0.257
ME13358,CA05782,75%,0.0165,0.401
ME13359,CA03720,25%,0.0007,0.404
ME13360,CA00523,25%,-0.0647,0.118
ME13361,CA02200,25%,0.0806,0.188
ME13362,CA01063,100%,-0.03,0.411
ME13363,CA04452,50%,0.1823,0.468
ME13364,CA01728,75%,0.1819,0.305
ME13365,CA03386,50%,-0.1119,0.265
ME13366,CA03156,25%,0.0646,0.104
ME13367,CA02815,25%,0.069,0.362
ME13368,CA03279,25%,-0.1657,0.382
ME13369,CA01318,25%,-0.278,0.363
ME13370,CA04681,25%,0.028,0.126
ME13371,CA00368,75%,0.0094,0.485
ME13372,CA03295,50%,0.0318,0.198
ME13373,CA00371,25%,0.395,0.139
ME13374,CA00593,100%,-0.1073,0.471
ME13375,CA05000,25%,0.2135,0.362
ME13376,CA03874,100%,-0.0671,0.332
ME13377,CA00283,100%,-0.1524,0.256
ME13378,CA02030,75%,0.0394,0.195
ME13379,CA02304,100%,0.1581,0.291
ME13380,CA00874,100%,-0.1301,0.136
ME13381,CA02994,100%,0.0444,0.127
ME13382,CA02518,75%,0.0405,0.475
ME13383,CA04359,75%,-0.0803,0.184
ME13384,CA04631,75%,0.1543,0.183
ME13385,CA05884,50%,-0.1088,0.457
ME13386,CA00025,25%,-0.1774,0.119
ME13387,CA02633,50%,0.1425,0.481
ME13388,CA06108,75%,-0.2161,0.152
ME13389,CA01242,75%,-0.4412,0.212
ME13390,CA04340,50%,0.0213,0.496
ME13391,CA04924,50%,-0.6699,0.45
ME13392,CA05911,25%,-0.1837,0.402
ME13393,CA06250,50%,-0.396,0.109
ME13394,CA04838,75%,-0.2147,0.114
ME13395,CA04827,25%,0.0649,0.409
ME13396,CA04810,75%,0.0747,0.121
ME13397,CA03490,25%,0.0028,0.487
ME13398,CA00536,25%,0.2925,0.389
ME13399,CA02071,100%,0.081,0.357
ME13400,CA02044,75%,-0.0767,0.354
ME13401,CA00936,25%,0.1771,0.223
ME13402,CA06665,100%,-0.2001,0.129
ME13403,CA05053,75%,0.0401,0.212
ME13404,CA06897,75%,-0.0372,0.295
ME13405,CA05099,100%,-0.0238,0.236
ME13406,CA03269,75%,0.0625,0.479
ME13407,CA06513,50%,0.0444,0.166
ME13408,CA05900,50%,0.0146,0.21
ME13409,CA06587,100%,0.0912,0.453
ME13410,CA00017,100%,-0.3588,0.291
ME13411,CA03736,75%,0.2085,0.429
ME13412,CA00490,25%,-0.1451,0.212
ME13413,CA04252,25%,-0.0877,0.392
ME13414,CA03581,100%,-0.0596,0.39
ME13415,CA04121,75%,-0.1386,0.22
ME13416,CA06289,75%,0.1663,0.132
ME13417,CA04984,75%,-0.1052,0.415
ME13418,CA05283,75%,-0.0064,0.192
ME13419,CA07143,25%,0.2542,0.197
ME13420,CA00547,25%,-0.0786,0.314
ME13421,CA03442,50%,0.2678,0.118
ME13422,CA06897,75%,0.2271,0.338
ME13423,CA04868,50%,0.0577,0.322
ME13424,CA04087,50%,0.0183,0.293
ME13425,CA01338,50%,0.415,0.166
ME13426,CA05403,100%,-0.0656,0.355
ME13427,CA03511,100%,0.1961,0.347
ME13428,CA00188,100%,0.035,0.217
ME13429,CA03624,50%,-0.0752,0.255
ME13430,CA03884,75%,-0.091,0.276
ME13431,CA05441,75%,0.11,0.201
ME13432,CA03731,75%,0.0558,0.238
ME13433,CA00749,50%,0.0686,0.401
ME13434,CA02211,75%,0.1251,0.269
ME13435,CA01591,25%,0.0497,0.33
ME13436,CA01475,25%,-0.0797,0.182
ME13437,CA06398,25%,0.3332,0.21
ME13438,CA04687,50%,0.0123,0.292
ME13439,CA05276,100%,-0.1041,0.439
ME13440,CA05760,100%,0.3479,0.148
ME13441,CA00811,25%,-0.1016,0.172
ME13442,CA00984,100%,0.0767,0.372
ME13443,CA02686,50%,0.0625,0.449
ME13444,CA07079,50%,-0.2089,0.284
ME13445,CA03592,100%,-0.0278,0.216
ME13446,CA02789,100%,0.1872,0.496
ME13447,CA03968,100%,-0.0973,0.198
ME13448,CA02804,50%,-0.2396,0.264
ME13449,CA01049,100%,-0.0535,0.229
ME13450,CA04778,75%,0.1245,0.44
ME13451,CA01733,50%,0.0233,0.43
ME13452,CA02861,25%,-0.2882,0.325
ME13453,CA03766,100%,0.2122,0.133
ME13454,CA05844,100%,-0.1328,0.366
ME13455,CA05444,25%,0.0068,0.234
ME13456,CA00955,25%,0.0864,0.439
ME13457,CA03002,25%,0.1217,0.173
ME13458,CA06108,100%,0.0481,0.4
ME13459,CA03449,75%,-0.1898,0.276
ME13460,CA05688,100%,0.0464,0.114
ME13461,CA02938,50%,-0.0415,0.424
ME13462,CA05196,50%,0.1526,0.488
ME13463,CA05567,50%,0.2408,0.414
ME13464,CA06334,25%,-0.1865,0.165
ME13465,CA02898,50%,-0.2352,0.125
ME13466,CA06141,100%,-0.1719,0.375
ME13467,CA03092,25%,0.0163,0.109
ME13468,CA01091,50%,-0.1657,0.487
ME13469,CA00404,50%,-0.0725,0.365
ME13470,CA03864,25%,-0.1412,0.266
ME13471,CA06774,100%,0.3002,0.152
ME13472,CA02028,50%,0.1599,0.373
ME13473,CA03497,25%,0.3153,0.401
ME13474,CA00561,50%,0.1607,0.193
ME13475,CA00390,25%,0.1257,0.353
ME13476,CA04344,75%,-0.0546,0.12
ME13477,CA00704,25%,-0.1174,0.367
ME13478,CA06378,25%,-0.018,0.359
ME13479,CA06165,100%,-0.2606,0.415
ME13480,CA03830,25%,0.2047,0.379
ME13481,CA06207,100%,-0.0299,0.255
ME13482,CA00688,25%,0.2952,0.203
ME13483,CA05155,50%,0.0723,0.329
ME13484,CA05236,100%,-0.2191,0.276
ME13485,CA05592,100%,-0.1372,0.412
ME13486,CA04902,25%,-0.1071,0.236
ME13487,CA01425,25%,0.4382,0.265
ME13488,CA01259,75%,-0.0904,0.301
ME13489,CA00087,75%,-0.1985,0.313
ME13490,CA04188,50%,0.2408,0.169
ME13491,CA02920,50%,-0.0156,0.329
ME13492,CA04587,100%,0.0303,0.202
ME13493,CA02096,100%,0.0181,0.474
ME13494,CA04969,100%,0.1951,0.432
ME13495,CA04820,50%,-0.136,0.485
ME13496,CA07107,50%,-0.1302,0.489
ME13497,CA02525,100%,0.1044,0.147
ME13498,CA04570,100%,0.0025,0.385
ME13499,CA02595,25%,-0.0535,0.148
ME13500,CA02446,50%,0.1407,0.102
ME13501,CA00673,75%,0.2021,0.275
ME13502,CA00307,25%,0.2069,0.244
ME13503,CA05431,75%,0.0338,0.145
ME13504,CA01152,100%,0.1145,0.267
ME13505,CA01044,100%,-0.2192,0.481
ME13506,CA01250,25%,-0.1563,0.184
ME13507,CA05623,100%,0.1484,0.225
ME13508,CA03338,50%,0.1496,0.244
ME13509,CA04907,50%,0.1308,0.433
ME13510,CA06295,100%,-0.0273,0.159
ME13511,CA00131,75%,0.1236,0.218
ME13512,CA05623,75%,-0.1732,0.448
ME13513,CA02860,100%,0.059,0.441
ME13514,CA05657,75%,-0.043,0.122
ME13515,CA04667,75%,0.2813,0.248
ME13516,CA01454,75%,0.0633,0.422
ME13517,CA01507,25%,-0.0878,0.372
ME13518,CA03226,25%,-0.2616,0.474
ME13519,CA00465,25%,-0.2797,0.426
ME13520,CA06485,25%,-0.272,0.26
ME13521,CA03128,100%,-0.0622,0.205
ME13522,CA00622,50%,-0.1622,0.166
ME13523,CA06296,50%,0.0613,0.169
ME13524,CA05771,75%,-0.0322,0.451
ME13525,CA01828,50%,0.1179,0.354
ME13526,CA06255,25%,0.1962,0.361
ME13527,CA05852,100%,0.0433,0.199
ME13528,CA03849,25%,0.2645,0.406
ME13529,CA06149,50%,-0.1617,0.429
ME13530,CA00514,25%,0.2624,0.477
ME13531,CA04598,75%,0.0194,0.147
ME13532,CA03918,100%,0.0624,0.38
ME13533,CA06632,100%,-0.0355,0.482
ME13534,CA04447,50%,0.4571,0.33
ME13535,CA01554,50%,-0.0225,0.342
ME13536,CA06661,25%,-0.1394,0.426
ME13537,CA02810,75%,0.3232,0.231
ME13538,CA04966,75%,-0.1887,0.22
ME13539,CA06438,50%,-0.3896,0.482
ME13540,CA00454,100%,0.084,0.142
ME13541,CA06063,25%,0.0636,0.294
ME13542,CA05772,75%,0.1863,0.125
ME13543,CA05768,25%,-0.1668,0.133
ME13544,CA01741,50%,-0.017,0.151
ME13545,CA01161,75%,0.0561,0.387
ME13546,CA03754,25%,0.2045,0.26
ME13547,CA06868,100%,0.0147,0.17
ME13548,CA02124,75%,-0.0289,0.373
ME13549,CA01205,50%,-0.1137,0.197
ME13550,CA01218,50%,-0.0857,0.413
ME13551,CA00290,50%,0.0525,0.488
ME13552,CA04388,100%,0.2426,0.12
ME13553,CA06613,25%,-0.1936,0.127
ME13554,CA06695,75%,0.0728,0.351
ME13555,CA01198,25%,-0.121,0.263
ME13556,CA04892,100%,0.0934,0.35
ME13557,CA06608,75%,-0.0616,0.288
ME13558,CA00102,25%,-0.3553,0.477
ME13559,CA03143,100%,0.0443,0.236
ME13560,CA04942,100%,-0.2855,0.484
ME13561,CA07082,100%,-0.2038,0.194
ME13562,CA04847,50%,-0.26,0.234
ME13563,CA00521,25%,0.1042,0.202
ME13564,CA03462,25%,-0.0121,0.199
ME13565,CA03563,100%,0.2486,0.142
ME13566,CA01343,100%,-0.1941,0.166
ME13567,CA02666,75%,-0.1998,0.499
ME13568,CA06784,100%,0.1635,0.335
ME13569,CA05968,75%,0.0101,0.174
ME13570,CA00740,100%,0.0335,0.172
ME13571,CA04252,75%,0.1832,0.178
ME13572,CA02531,25%,0.2268,0.399
ME13573,CA03715,100%,0.0249,0.295
ME13574,CA03146,75%,0.3129,0.114
ME13575,CA06784,100%,0.0248,0.234
ME13576,CA01953,25%,-0.039,0.387
ME13577,CA01069,25%,0.107,0.121
ME13578,CA01955,25%,-0.2229,0.116
ME13579,CA05953,50%,-0.2319,0.147
ME13580,CA06096,75%,0.1958,0.26
ME13581,CA01534,100%,0.2813,0.499
ME13582,CA03201,75%,0.0906,0.407
ME13583,CA07092,75%,0.2235,0.256
ME13584,CA06554,50%,0.0477,0.356
ME13585,CA01734,25%,-0.384,0.209
ME13586,CA01277,100%,-0.016,0.286
ME13587,CA04440,50%,0.1582,0.389
ME13588,CA05174,100%,0.1085,0.418
ME13589,CA01586,100%,-0.1078,0.463
ME13590,CA06504,25%,-0.1001,0.425
ME13591,CA05385,25%,-0.2262,0.305
ME13592,CA00231,100%,-0.0403,0.399
ME13593,CA05047,75%,-0.2011,0.128
ME13594,CA03323,100%,0.2135,0.154
ME13595,CA02856,75%,-0.108,0.37
ME13596,CA04464,25%,0.0991,0.368
ME13597,CA03105,100%,0.0431,0.339
ME13598,CA06684,100%,-0.1205,0.172
ME13599,CA02088,25%,0.1836,0.254
ME13600,CA04401,100%,0.2495,0.317
ME13601,CA02906,100%,0.3879,0.208
ME13602,CA00387,100%,-0.5226,0.422
ME13603,CA03429,75%,0.0666,0.486
ME13604,CA01468,50%,-0.0366,0.111
ME13605,CA03481,50%,0.0383,0.371
ME13606,CA03579,100%,-0.0862,0.376
ME13607,CA04806,75%,0.0157,0.167
ME13608,CA00267,75%,0.1651,0.298
ME13609,CA04473,100%,-0.3306,0.151
ME13610,CA06392,100%,0.1442,0.178
ME13611,CA00020,75%,0.1233,0.151
ME13612,CA02475,100%,0.0039,0.204
ME13613,CA03348,100%,-0.062,0.139
ME13614,CA01817,75%,-0.2035,0.493
ME13615,CA04645,75%,-0.1643,0.166
ME13616,CA00574,100%,-0.1196,0.494
ME13617,CA06269,50%,-0.3234,0.171
ME13618,CA05997,50%,0.2326,0.375
ME13619,CA06419,75%,-0.1601,0.453
ME13620,CA05101,100%,-0.1488,0.157
ME13621,CA04974,75%,0.1953,0.47
ME13622,CA03533,75%,0.293,0.12
ME13623,CA06699,50%,-0.1018,0.331
ME13624,CA00831,25%,-0.038,0.183
ME13625,CA01062,75%,0.1097,0.145
ME13626,CA01722,75%,0.0565,0.343
ME13627,CA03491,50%,0.2226,0.173
ME13628,CA07130,50%,0.0137,0.213
ME13629,CA02638,50%,-0.1101,0.435
ME13630,CA05661,75%,-0.2677,0.303
ME13631,CA03398,25%,0.1228,0.104
ME13632,CA00120,50%,0.0179,0.35
ME13633,CA06277,50%,-0.1211,0.237
ME13634,CA03300,50%,0.1137,0.385
ME13635,CA06945,100%,0.2101,0.318
ME13636,CA06348,100%,0.1638,0.244
ME13637,CA05364,100%,0.0794,0.465
ME13638,CA06759,100%,-0.0112,0.441
ME13639,CA02785,25%,-0.1212,0.431
ME13640,CA02536,25%,-0.436,0.17
ME13641,CA00722,100%,0.0703,0.314
ME13642,CA04551,25%,0.1547,0.131
ME13643,CA02096,50%,-0.174,0.158
ME13644,CA03842,50%,-0.0747,0.16
ME13645,CA07020,100%,-0.0084,0.488
ME13646,CA04983,25%,0.0061,0.472
ME13647,CA00604,75%,0.0331,0.284
ME13648,CA05955,75%,0.123,0.497
ME13649,CA05723,100%,-0.19,0.253
ME13650,CA06020,100%,0.0121,0.284
ME13651,CA01301,75%,-0.1311,0.152
ME13652,CA03061,75%,-0.0691,0.484
ME13653,CA04453,100%,-0.1773,0.409
ME13654,CA00971,100%,-0.2479,0.146
ME13655,CA03805,50%,-0.0448,0.405
ME13656,CA05077,75%,-0.1204,0.147
ME13657,CA04394,100%,0.088,0.28
ME13658,CA06950,100%,0.3289,0.448
ME13659,CA00063,100%,0.0223,0.343
ME13660,CA01366,50%,0.0221,0.307
ME13661,CA05825,100%,-0.1192,0.171
ME13662,CA05450,75%,0.2887,0.314
ME13663,CA00758,25%,0.0733,0.124
ME13664,CA00650,100%,-0.0056,0.185
ME13665,CA07047,75%,0.0882,0.309
ME13666,CA04255,25%,-0.3098,0.345
ME13667,CA03427,75%,0.0542,0.465
ME13668,CA06633,50%,0.2185,0.204
ME13669,CA05812,50%,-0.1064,0.21
ME13670,CA04701,25%,-0.0855,0.143
ME13671,CA02179,50%,0.022,0.401
ME13672,CA05932,50%,-0.036,0.285
ME13673,CA05777,75%,0.0886,0.213
ME13674,CA03188,75%,-0.1403,0.107
ME13675,CA00293,25%,-0.2545,0.48
ME13676,CA06867,100%,0.0293,0.409
ME13677,CA04714,25%,-0.1287,0.18
ME13678,CA05074,75%,0.0054,0.303
ME13679,CA04282,50%,0.2337,0.391
ME13680,CA04245,100%,0.2016,0.359
ME13681,CA02643,25%,-0.0891,0.445
ME13682,CA01307,25%,-0.1021,0.204
ME13683,CA07094,50%,-0.2425,0.206
ME13684,CA05864,25%,0.1739,0.407
ME13685,CA04553,75%,0.1459,0.408
ME13686,CA03474,100%,0.3025,0.406
ME13687,CA04359,100%,-0.1134,0.387
ME13688,CA00533,25%,0.0266,0.343
ME13689,CA01474,75%,-0.1732,0.106
ME13690,CA03117,100%,0.347,0.287
ME13691,CA05813,50%,-0.0839,0.281
ME13692,CA06432,100%,-0.0219,0.439
ME13693,CA06817,75%,-0.2844,0.37
ME13694,CA05294,25%,-0.1664,0.382
ME13695,CA05678,100%,0.0933,0.271
ME13696,CA04981,75%,-0.0478,0.488
ME13697,CA04461,25%,-0.1528,0.402
ME13698,CA07034,75%,0.3694,0.374
ME13699,CA01647,50%,-0.1138,0.397
ME13700,CA00423,50%,-0.0398,0.472
ME13701,CA05172,50%,-0.1746,0.181
ME13702,CA00074,50%,-0.0719,0.245
ME13703,CA05536,50%,-0.012,0.323
ME13704,CA05636,100%,-0.3007,0.158
ME13705,CA00019,25%,-0.3171,0.207
ME13706,CA04613,50%,-0.0223,0.324
ME13707,CA03251,75%,0.0531,0.127
ME13708,CA07193,75%,0.3934,0.438
ME13709,CA06620,50%,0.0017,0.154
ME13710,CA04061,100%,-0.2396,0.24
ME13711,CA05326,100%,0.0661,0.297
ME13712,CA05536,50%,0.154,0.206
ME13713,CA05723,50%,0.1717,0.306
ME13714,CA03066,25%,-0.0081,0.266
ME13715,CA03076,100%,0.0997,0.149
ME13716,CA06024,100%,-0.0904,0.188
ME13717,CA04636,75%,-0.1077,0.338
ME13718,CA03073,100%,-0.0466,0.5
ME13719,CA06142,75%,0.2645,0.307
ME13720,CA01559,50%,0.2434,0.356
ME13721,CA05527,50%,-0.2531,0.438
ME13722,CA00638,100%,0.1645,0.438
ME13723,CA05351,50%,-0.0606,0.454
ME13724,CA02270,50%,0.1124,0.416
ME13725,CA07137,75%,-0.0735,0.118
ME13726,CA04903,100%,-0.0381,0.443
ME13727,CA01620,25%,0.3619,0.349
ME13728,CA05626,100%,0.1399,0.328
ME13729,CA03690,50%,0.0617,0.431
ME13730,CA01836,100%,-0.1484,0.119
ME13731,CA00251,75%,-0.2989,0.153
ME13732,CA01495,50%,0.2119,0.153
ME13733,CA04828,50%,0.2306,0.403
ME13734,CA00822,25%,-0.2189,0.21
ME13735,CA02575,100%,0.1194,0.214
ME13736,CA03747,100%,-0.1377,0.297
ME13737,CA03463,75%,-0.1436,0.417
ME13738,CA05668,75%,0.0604,0.467
ME13739,CA01558,25%,0.1798,0.406
ME13740,CA02031,100%,0.0805,0.499
ME13741,CA00405,100%,0.0402,0.492
ME13742,CA01983,75%,0.049,0.2
ME13743,CA01713,100%,-0.2426,0.117
ME13744,CA02250,100%,0.2682,0.335
ME13745,CA03832,25%,0.0063,0.156
ME13746,CA06475,25%,0.3411,0.426
ME13747,CA04986,50%,0.2869,0.286
ME13748,CA01764,75%,0.0925,0.328
ME13749,CA04823,75%,-0.0017,0.416
ME13750,CA02346,25%,-0.1561,0.49
ME13751,CA03815,50%,0.2534,0.372
ME13752,CA06382,25%,0.0743,0.165
ME13753,CA04144,50%,0.0265,0.333
ME13754,CA00594,50%,0.2519,0.442
ME13755,CA01406,50%,0.0359,0.103
ME13756,CA05863,75%,0.0241,0.176
ME13757,CA07060,75%,0.073,0.458
ME13758,CA05939,75%,-0.2212,0.439
ME13759,CA04291,25%,0.0798,0.284
ME13760,CA03211,50%,-0.3708,0.438
ME13761,CA03318,100%,0.1992,0.193
ME13762,CA06221,25%,0.13,0.255
ME13763,CA05742,50%,0.1177,0.22
ME13764,CA04223,75%,0.0516,0.377
ME13765,CA01292,100%,0.32,0.414
ME13766,CA02022,50%,0.2461,0.172
ME13767,CA05735,25%,0.176,0.242
ME13768,CA04385,50%,-0.1104,0.181
ME13769,CA06712,25%,-0.3081,0.486
ME13770,CA01058,100%,-0.0409,0.392
ME13771,CA00511,25%,-0.1015,0.494
ME13772,CA01035,25%,-0.1304,0.325
ME13773,CA00983,50%,-0.1974,0.35
ME13774,CA04624,75%,-0.1419,0.128
ME13775,CA01540,100%,0.1113,0.412
ME13776,CA04022,75%,0.2631,0.393
ME13777,CA00722,25%,0.1386,0.466
ME13778,CA04341,25%,-0.1253,0.288
ME13779,CA06416,25%,-0.1065,0.304
ME13780,CA00965,75%,-0.0117,0.188
ME13781,CA03725,75%,0.0014,0.204
ME13782,CA03764,100%,0.0607,0.207
ME13783,CA03054,75%,-0.1935,0.493
ME13784,CA05765,25%,0.0633,0.159
ME13785,CA02239,100%,0.0449,0.363
ME13786,CA05147,100%,0.2864,0.186
ME13787,CA01204,50%,0.0886,0.189
ME13788,CA03926,25%,0.0274,0.142
ME13789,CA02694,25%,0.1975,0.244
ME13790,CA01102,50%,0.1488,0.386
ME13791,CA02445,50%,0.2879,0.494
ME13792,CA02414,75%,0.079,0.182
ME13793,CA04779,50%,-0.3298,0.232
ME13794,CA02034,100%,-0.2553,0.446
ME13795,CA06911,50%,0.0637,0.251
ME13796,CA04844,75%,-0.1622,0.386
ME13797,CA01471,25%,0.2052,0.129
ME13798,CA03286,75%,0.2264,0.401
ME13799,CA07083,25%,0.187,0.462
ME13800,CA04797,25%,-0.0997,0.172
ME13801,CA02043,100%,-0.1682,0.171
ME13802,CA03433,50%,0.1545,0.347
ME13803,CA02799,100%,-0.0764,0.379
ME13804,CA02162,50%,-0.1551,0.477
ME13805,CA03944,75%,-0.032,0.462
ME13806,CA04223,50%,0.0532,0.342
ME13807,CA03941,25%,-0.0381,0.122
ME13808,CA05298,50%,-0.0221,0.37
ME13809,CA01540,50%,-0.0353,0.409
ME13810,CA00861,75%,-0.0375,0.5
ME13811,CA05361,75%,-0.3053,0.268
ME13812,CA01007,100%,0.1124,0.362
ME13813,CA05194,25%,-0.2932,0.404
ME13814,CA03095,75%,-0.0015,0.25
ME13815,CA01705,50%,0.0285,0.455
ME13816,CA01935,100%,-0.4668,0.16
ME13817,CA03774,75%,0.1,0.208
ME13818,CA01291,50%,-0.5226,0.321
ME13819,CA04904,75%,-0.1506,0.294
ME13820,CA02887,25%,0.0266,0.475
ME13821,CA02621,100%,-0.3543,0.326
ME13822,CA00226,75%,0.0875,0.344
ME13823,CA04913,100%,0.0914,0.329
ME13824,CA03898,25%,-0.0496,0.385
ME13825,CA06883,75%,0.0635,0.477
ME13826,CA06499,100%,0.0833,0.305
ME13827,CA03159,75%,-0.1737,0.288
ME13828,CA04674,75%,-0.5154,0.317
ME13829,CA07076,75%,0.0086,0.333
ME13830,CA01094,50%,-0.205,0.354
ME13831,CA04454,100%,0.1598,0.385
ME13832,CA03089,100%,0.0699,0.268
ME13833,CA06906,100%,0.0561,0.455
ME13834,CA02004,100%,0.132,0.178
ME13835,CA06557,100%,-0.0574,0.125
ME13836,CA06167,100%,-0.1153,0.302
ME13837,CA06316,75%,0.1126,0.292
ME13838,CA05345,25%,-0.206,0.255
ME13839,CA01402,50%,-0.2347,0.181
ME13840,CA00301,25%,0.0757,0.415
ME13841,CA04050,25%,-0.0445,0.319
ME13842,CA05413,25%,-0.0473,0.171
ME13843,CA05440,25%,-0.2629,0.476
ME13844,CA06081,100%,-0.2305,0.146
ME13845,CA00405,75%,0.0722,0.29
ME13846,CA03875,75%,-0.0518,0.226
ME13847,CA00661,50%,-0.1674,0.4
ME13848,CA02296,25%,-0.1342,0.249
ME13849,CA06343,75%,-0.2805,0.468
ME13850,CA06865,100%,-0.3043,0.108
ME13851,CA00053,25%,0.0502,0.5
ME13852,CA05863,50%,-0.0779,0.161
ME13853,CA04034,50%,0.1883,0.481
ME13854,CA05620,25%,0.3417,0.142
ME13855,CA06812,75%,-0.0562,0.141
ME13856,CA05552,25%,0.124,0.428
ME13857,CA02630,75%,-0.0792,0.246
ME13858,CA00321,50%,-0.0301,0.297
ME13859,CA03882,50%,-0.041,0.288
ME13860,CA04909,50%,-0.2045,0.254
ME13861,CA00464,100%,-0.0257,0.281
ME13862,CA00384,75%,-0.1588,0.185
ME13863,CA05226,50%,-0.1385,0.124
ME13864,CA00508,25%,-0.1108,0.205
ME13865,CA02279,100%,0.2493,0.4
ME13866,CA04507,50%,-0.1055,0.398
ME13867,CA06261,75%,-0.19,0.135
ME13868,CA05911,100%,-0.0405,0.286
ME13869,CA06306,50%,-0.0021,0.493
ME13870,CA04295,100%,-0.3508,0.18
ME13871,CA06278,50%,0.2095,0.451
ME13872,CA04161,50%,0.4049,0.113
ME13873,CA01796,50%,-0.1105,0.164
ME13874,CA07183,50%,-0.1783,0.469
ME13875,CA02024,75%,0.0836,0.15
ME13876,CA01941,25%,-0.0552,0.385
ME13877,CA03038,50%,-0.1944,0.451
ME13878,CA02925,75%,0.2479,0.149
ME13879,CA04480,75%,0.0004,0.492
ME13880,CA00249,75%,-0.1255,0.189
ME13881,CA02866,25%,-0.1966,0.308
ME13882,CA07168,25%,0.0776,0.167
ME13883,CA00436,25%,-0.3144,0.466
ME13884,CA00539,100%,0.0574,0.276
ME13885,CA02945,50%,-0.1958,0.251
ME13886,CA05055,50%,-0.2605,0.305
ME13887,CA07169,100%,-0.1393,0.136
ME13888,CA06417,100%,0.0011,0.109
ME13889,CA02320,100%,0.2319,0.324
ME13890,CA04956,50%,-0.1803,0.473
ME13891,CA05861,50%,-0.1221,0.255
ME13892,CA01687,25%,0.2292,0.405
ME13893,CA02638,100%,-0.0489,0.243
ME13894,CA06366,25%,0.1964,0.162
ME13895,CA02874,50%,-0.0447,0.173
ME13896,CA06826,75%,0.155,0.378
ME13897,CA00683,100%,0.1673,0.252
ME13898,CA06214,50%,0.056,0.1
ME13899,CA06423,25%,0.0965,0.136
ME13900,CA03076,25%,0.0592,0.405
ME13901,CA04591,25%,-0.2183,0.109
ME13902,CA02752,50%,0.2233,0.235
ME13903,CA04197,100%,0.1056,0.159
ME13904,CA04150,50%,-0.09,0.418
ME13905,CA00572,50%,-0.2424,0.196
ME13906,CA01846,25%,-0.1422,0.138
ME13907,CA04673,50%,0.2709,0.497
ME13908,CA01822,100%,-0.1074,0.412
ME13909,CA05663,75%,-0.047,0.342
ME13910,CA03489,100%,0.0299,0.297
ME13911,CA05372,50%,0.1851,0.386
ME13912,CA00711,50%,0.0593,0.368
ME13913,CA06703,100%,-0.1326,0.213
ME13914,CA05312,100%,-0.3806,0.109
ME13915,CA03592,25%,-0.0987,0.399
ME13916,CA02873,25%,0.0373,0.487
ME13917,CA00494,75%,-0.1043,0.384
ME13918,CA05398,100%,0.2922,0.147
ME13919,CA05942,75%,-0.0021,0.134
ME13920,CA03599,50%,-0.086,0.325
ME13921,CA02479,25%,0.0258,0.36
ME13922,CA00799,50%,0.0204,0.248
ME13923,CA03442,50%,-0.0206,0.171
ME13924,CA04256,100%,-0.1497,0.156
ME13925,CA04946,100%,0.1449,0.323
ME13926,CA02253,25%,0.1853,0.286
ME13927,CA02642,50%,0.2485,0.431
ME13928,CA00079,50%,-0.3137,0.292
ME13929,CA02237,25%,-0.0445,0.449
ME13930,CA06015,75%,-0.2424,0.33
ME13931,CA04316,75%,-0.156,0.4
ME13932,CA02861,75%,0.0346,0.423
ME13933,CA00450,75%,0.3015,0.126
ME13934,CA00078,25%,0.1785,0.402
ME13935,CA02190,75%,0.0095,0.415
ME13936,CA04621,25%,-0.0456,0.171
ME13937,CA01784,50%,-0.0648,0.266
ME13938,CA06911,75%,0.1425,0.233
ME13939,CA04586,75%,-0.2962,0.126
ME13940,CA00850,50%,-0.0317,0.121
ME13941,CA06943,25%,-0.1841,0.423
ME13942,CA05689,25%,0.0978,0.391
ME13943,CA05421,25%,-0.1756,0.378
ME13944,CA03552,75%,-0.0764,0.494
ME13945,CA01584,75%,0.1438,0.103
ME13946,CA04480,100%,0.2973,0.323
ME13947,CA03260,25%,-0.1998,0.451
ME13948,CA04387,50%,0.1299,0.156
ME13949,CA04022,100%,-0.2252,0.312
ME13950,CA04680,100%,0.3631,0.473
ME13951,CA06221,75%,-0.1914,0.422
ME13952,CA06804,25%,0.2736,0.398
ME13953,CA01091,25%,-0.3529,0.368
ME13954,CA01836,25%,0.0162,0.358
ME13955,CA06170,50%,0.065,0.319
ME13956,CA00165,50%,-0.0358,0.294
ME13957,CA02315,100%,0.1657,0.122
ME13958,CA05821,50%,-0.2395,0.332
ME13959,CA05287,50%,0.2093,0.101
ME13960,CA05157,75%,-0.2841,0.292
ME13961,CA00361,100%,-0.1928,0.416
ME13962,CA04247,50%,-0.0452,0.323
ME13963,CA04833,75%,-0.473,0.399
ME13964,CA04552,50%,0.1531,0.397
ME13965,CA00015,50%,0.0052,0.109
ME13966,CA02373,75%,0.1598,0.268
ME13967,CA03963,25%,0.1216,0.195
ME13968,CA01597,25%,-0.0437,0.226
ME13969,CA04152,100%,0.2742,0.292
ME13970,CA06118,100%,-0.2724,0.352
ME13971,CA00039,100%,-0.0395,0.428
ME13972,CA01325,100%,-0.1537,0.442
ME13973,CA05449,50%,0.1216,0.433
ME13974,CA01215,50%,0.1943,0.455
ME13975,CA06362,50%,-0.0374,0.109
ME13976,CA00867,75%,0.1108,0.251
ME13977,CA05628,25%,-0.0855,0.173
ME13978,CA05323,25%,-0.026,0.45
ME13979,CA05592,50%,-0.0294,0.445
ME13980,CA01514,25%,-0.1227,0.211
ME13981,CA01798,50%,0.1136,0.138
ME13982,CA04251,100%,0.0931,0.322
ME13983,CA02646,50%,-0.0027,0.202
ME13984,CA04160,75%,-0.0921,0.138
ME13985,CA06923,25%,0.0001,0.184
ME13986,CA01391,50%,-0.173,0.407
ME13987,CA02475,50%,0.0106,0.301
ME13988,CA00902,25%,0.0652,0.161
ME13989,CA02484,50%,-0.2819,0.304
ME13990,CA03056,50%,-0.1404,0.202
ME13991,CA06326,75%,0.0216,0.419
ME13992,CA06764,75%,0.1179,0.343
ME13993,CA00546,75%,0.0726,0.171
ME13994,CA05886,25%,0.1931,0.278
ME13995,CA01429,100%,0.1737,0.32
ME13996,CA01348,75%,0.1126,0.269
ME13997,CA04097,75%,-0.0454,0.17
ME13998,CA05938,100%,0.2325,0.128
ME13999,CA02246,100%,0.0152,0.478
ME14000,CA01210,50%,-0.0989,0.33
ME14001,CA06302,75%,-0.0765,0.217
ME14002,CA00767,25%,-0.0412,0.193
ME14003,CA06145,75%,-0.2096,0.244
ME14004,CA06493,100%,-0.0165,0.129
ME14005,CA04259,25%,0.0556,0.158
ME14006,CA05895,75%,-0.1744,0.11
ME14007,CA03598,100%,0.1157,0.396
ME14008,CA06074,75%,-0.0153,0.222
ME14009,CA04713,25%,-0.0678,0.4
ME14010,CA04467,100%,-0.2762,0.21
ME14011,CA02889,25%,0.136,0.375
ME14012,CA00368,50%,0.2025,0.486
ME14013,CA05842,25%,0.0965,0.434
ME14014,CA06644,100%,-0.0063,0.242
ME14015,CA06102,50%,0.1013,0.332
ME14016,CA05162,100%,-0.2454,0.294
ME14017,CA05202,25%,0.0243,0.359
ME14018,CA00250,75%,0.0658,0.338
ME14019,CA06050,75%,-0.1797,0.112
ME14020,CA06954,75%,-0.2286,0.365
ME14021,CA02767,50%,0.0333,0.136
ME14022,CA06793,50%,0.0632,0.195
ME14023,CA06770,100%,0.0898,0.3
ME14024,CA03459,50%,0.1093,0.148
ME14025,CA02330,100%,0.053,0.365
ME14026,CA03088,50%,-0.0422,0.433
ME14027,CA05782,25%,0.1896,0.242
ME14028,CA02721,75%,0.2397,0.387
ME14029,CA06221,75%,0.3089,0.274
ME14030,CA00657,75%,-0.0751,0.31
ME14031,CA05411,25%,0.3174,0.171
ME14032,CA02762,75%,-0.6815,0.386
ME14033,CA06117,75%,0.0482,0.371
ME14034,CA03055,75%,-0.0235,0.112
ME14035,CA00576,25%,0.1983,0.221
ME14036,CA06301,25%,0.2626,0.1
ME14037,CA04642,50%,0.2218,0.332
ME14038,CA07186,50%,-0.2259,0.423
ME14039,CA05108,100%,0.0514,0.371
ME14040,CA00787,50%,-0.0606,0.49
ME14041,CA05107,100%,-0.1126,0.415
ME14042,CA06170,25%,-0.0824,0.147
ME14043,CA01023,75%,-0.0041,0.497
ME14044,CA06424,25%,0.1229,0.48
ME14045,CA01482,50%,-0.0595,0.499
ME14046,CA00331,75%,0.2357,0.34
ME14047,CA03008,100%,-0.0586,0.306
ME14048,CA05730,50%,0.1373,0.302
ME14049,CA06737,25%,-0.0822,0.166
ME14050,CA04971,25%,-0.1639,0.124
ME14051,CA01513,50%,0.1668,0.118
ME14052,CA03645,75%,0.1158,0.244
ME14053,CA00761,100%,0.1077,0.412
ME14054,CA03466,100%,-0.0591,0.372
ME14055,CA03945,100%,0.4032,0.278
ME14056,CA01074,100%,-0.2496,0.38
ME14057,CA06708,75%,0.1066,0.202
ME14058,CA06465,75%,-0.15,0.311
ME14059,CA03204,25%,0.0251,0.488
ME14060,CA06251,100%,0.2018,0.135
ME14061,CA04441,25%,0.0149,0.311
ME14062,CA01744,100%,0.0734,0.137
ME14063,CA01615,100%,0.2811,0.279
ME14064,CA01075,75%,0.07,0.227
ME14065,CA00514,100%,-0.3117,0.158
ME14066,CA02658,100%,0.0617,0.167
ME14067,CA00814,75%,0.2582,0.134
ME14068,CA00931,25%,0.2625,0.197
ME14069,CA01655,75%,-0.0061,0.287
ME14070,CA04096,50%,0.3121,0.356
ME14071,CA03984,50%,-0.1007,0.404
ME14072,CA07168,75%,-0.2759,0.247
ME14073,CA06913,100%,-0.0379,0.263
ME14074,CA05618,100%,-0.1123,0.475
ME14075,CA03339,100%,-0.0428,0.123
ME14076,CA02121,75%,0.0141,0.407
ME14077,CA04562,100%,0.2444,0.462
ME14078,CA04926,50%,-0.2123,0.191
ME14079,CA02136,25%,0.1127,0.253
ME14080,CA04448,75%,-0.0099,0.299
ME14081,CA05420,50%,0.0142,0.266
ME14082,CA06400,25%,0.1612,0.295
ME14083,CA04393,50%,-0.2022,0.181
ME14084,CA02306,100%,-0.3352,0.148
ME14085,CA05190,75%,0.0975,0.129
ME14086,CA03035,25%,-0.0111,0.38
ME14087,CA05623,50%,0.1713,0.173
ME14088,CA02676,100%,0.0757,0.181
ME14089,CA01700,25%,-0.1391,0.454
ME14090,CA00003,100%,-0.1729,0.318
ME14091,CA04039,75%,-0.0544,0.367
ME14092,CA02372,25%,0.0758,0.136
ME14093,CA02003,50%,0.2863,0.315
ME14094,CA05813,100%,-0.2516,0.143
ME14095,CA04852,75%,0.1591,0.183
ME14096,CA00096,75%,-0.1494,0.37
ME14097,CA01408,100%,-0.1083,0.108
ME14098,CA00986,50%,-0.1333,0.249
ME14099,CA02233,25%,0.1751,0.197
ME14100,CA04740,50%,0.0998,0.255
ME14101,CA00324,75%,0.1517,0.285
ME14102,CA06781,100%,0.0472,0.148
ME14103,CA00576,100%,0.0907,0.431
ME14104,CA06829,75%,-0.0873,0.102
ME14105,CA05877,25%,-0.1594,0.204
ME14106,CA01632,75%,-0.1251,0.391
ME14107,CA01960,50%,-0.2022,0.163
ME14108,CA03166,75%,-0.1354,0.163
ME14109,CA00283,25%,0.1316,0.443
ME14110,CA02748,25%,0.1504,0.307
ME14111,CA03366,50%,0.1997,0.443
ME14112,CA05773,75%,-0.1353,0.293
ME14113,CA04271,100%,-0.1689,0.474
ME14114,CA03811,25%,-0.0257,0.351
ME14115,CA00250,50%,0.16,0.138
ME14116,CA02935,25%,0.1993,0.297
ME14117,CA03301,75%,-0.1218,0.36
ME14118,CA02623,100%,-0.273,0.374
ME14119,CA01832,100%,-0.1998,0.475
ME14120,CA04649,50%,0.3833,0.206
ME14121,CA04689,75%,-0.3368,0.181
ME14122,CA04034,100%,0.0481,0.232
ME14123,CA06534,25%,0.1127,0.185
ME14124,CA03342,75%,0.0123,0.42
ME14125,CA00540,100%,0.1344,0.104
ME14126,CA05128,25%,0.0411,0.432
ME14127,CA01492,50%,-0.1784,0.417
ME14128,CA04693,25%,0.1736,0.362
ME14129,CA02231,100%,0.3233,0.252
ME14130,CA03594,75%,0.2358,0.453
ME14131,CA01950,75%,0.1092,0.374
ME14132,CA02226,75%,0.0518,0.26
ME14133,CA01571,50%,-0.1484,0.348
ME14134,CA05225,25%,-0.0346,0.424
ME14135,CA04833,100%,0.3665,0.5
ME14136,CA07073,75%,-0.0548,0.206
ME14137,CA00536,50%,0.21,0.411
ME14138,CA01380,100%,-0.3399,0.483
ME14139,CA02509,50%,0.0846,0.356
ME14140,CA02510,75%,-0.0316,0.496
ME14141,CA04573,50%,0.0835,0.252
ME14142,CA00089,100%,0.0447,0.198
ME14143,CA06355,25%,0.0672,0.256
ME14144,CA06116,25%,-0.068,0.466
ME14145,CA05083,75%,0.3854,0.265
ME14146,CA02184,75%,-0.0639,0.303
ME14147,CA03628,25%,0.3438,0.156
ME14148,CA00647,100%,-0.1207,0.359
ME14149,CA04822,50%,0.011,0.246
ME14150,CA02516,100%,0.2078,0.471
ME14151,CA02063,100%,-0.2149,0.341
ME14152,CA05316,75%,-0.1925,0.281
ME14153,CA03248,75%,-0.1094,0.355
ME14154,CA00620,75%,0.0452,0.499
ME14155,CA06641,75%,0.0483,0.277
ME14156,CA03975,50%,-0.3159,0.374
ME14157,CA00489,25%,0.0525,0.494
ME14158,CA05469,25%,0.0498,0.378
ME14159,CA01885,50%,0.1941,0.262
ME14160,CA06464,75%,0.0516,0.247
ME14161,CA01427,75%,-0.2217,0.123
ME14162,CA05981,75%,-0.1472,0.228
ME14163,CA03214,25%,-0.0678,0.191
ME14164,CA03084,25%,-0.127,0.31
ME14165,CA01295,75%,0.0178,0.164
ME14166,CA07186,100%,-0.2536,0.28
ME14167,CA04415,25%,0.0963,0.424
ME14168,CA02293,75%,-0.0893,0.395
ME14169,CA05713,100%,0.286,0.326
ME14170,CA07055,100%,0.0041,0.337
ME14171,CA02708,100%,0.2406,0.288
ME14172,CA06125,100%,0.2313,0.174
ME14173,CA03807,50%,0.2025,0.282
ME14174,CA04192,75%,0.0371,0.191
ME14175,CA05671,25%,-0.031,0.372
ME14176,CA04188,25%,-0.1256,0.286
ME14177,CA04573,25%,0.0068,0.228
ME14178,CA03834,50%,-0.1798,0.253
ME14179,CA01393,75%,-0.0426,0.21
ME14180,CA02025,75%,0.2246,0.483
ME14181,CA03692,25%,0.0918,0.123
ME14182,CA03089,75%,0.052,0.177
ME14183,CA04433,100%,-0.2693,0.193
ME14184,CA03329,25%,0.1792,0.146
ME14185,CA06986,100%,0.0213,0.23
ME14186,CA05601,75%,0.1768,0.173
ME14187,CA06934,100%,-0.1659,0.41
ME14188,CA04997,25%,-0.0805,0.475
ME14189,CA07186,100%,-0.0286,0.437
ME14190,CA03768,75%,0.0091,0.296
ME14191,CA02102,50%,-0.2106,0.233
ME14192,CA04112,50%,0.0447,0.17
ME14193,CA04243,50%,-0.1322,0.188
ME14194,CA02721,50%,0.0935,0.434
ME14195,CA05005,25%,-0.0542,0.323
ME14196,CA05254,75%,-0.0456,0.289
ME14197,CA05357,50%,-0.0392,0.391
ME14198,CA04632,100%,0.207,0.324
ME14199,CA01949,75%,-0.3,0.145
ME14200,CA03960,75%,-0.0759,0.405
ME14201,CA02229,75%,0.1363,0.219
ME14202,CA01818,25%,-0.1766,0.386
ME14203,CA01611,25%,-0.1274,0.268
ME14204,CA03960,50%,-0.1484,0.243
ME14205,CA03193,25%,-0.0014,0.295
ME14206,CA02899,25%,-0.5382,0.448
ME14207,CA04618,100%,-0.2565,0.396
ME14208,CA04109,25%,0.0191,0.157
ME14209,CA00644,75%,-0.1666,0.161
ME14210,CA03090,25%,-0.0238,0.414
ME14211,CA02564,50%,0.0664,0.233
ME14212,CA01913,25%,0.0272,0.352
ME14213,CA01748,100%,-0.1993,0.391
ME14214,CA03572,50%,-0.1591,0.136
ME14215,CA01981,25%,-0.1428,0.265
ME14216,CA02548,25%,0.0818,0.251
ME14217,CA01180,50%,0.4796,0.464
ME14218,CA03203,50%,0.0285,0.443
ME14219,CA04883,25%,-0.447,0.47
ME14220,CA06724,25%,-0.0587,0.414
ME14221,CA01493,75%,0.0347,0.24
ME14222,CA06350,50%,0.0954,0.152
ME14223,CA03774,75%,-0.5903,0.25
ME14224,CA04118,25%,0.2108,0.162
ME14225,CA02132,100%,-0.2711,0.492
ME14226,CA04982,75%,-0.1556,0.454
ME14227,CA06524,25%,-0.2916,0.236
ME14228,CA05628,25%,-0.2092,0.136
ME14229,CA02999,25%,0.2062,0.295
ME14230,CA04200,75%,0.0008,0.329
ME14231,CA02501,25%,-0.0203,0.378
ME14232,CA00984,100%,0.0254,0.326
ME14233,CA01218,50%,0.0206,0.199
ME14234,CA05187,50%,-0.0025,0.463
ME14235,CA06637,50%,0.1932,0.352
ME14236,CA03270,100%,-0.1805,0.243
ME14237,CA01825,25%,0.1387,0.398
ME14238,CA04898,75%,-0.0179,0.366
ME14239,CA02789,100%,-0.0343,0.295
ME14240,CA00523,25%,0.0822,0.213
ME14241,CA05281,75%,0.0387,0.341
ME14242,CA00884,75%,-0.1683,0.15
ME14243,CA01846,100%,-0.1872,0.279
ME14244,CA04582,25%,0.1779,0.465
ME14245,CA04192,50%,0.0491,0.137
ME14246,CA00733,75%,0.005,0.131
ME14247,CA01676,100%,0.091,0.172
ME14248,CA03543,100%,-0.1199,0.342
ME14249,CA07072,50%,0.215,0.233
ME14250,CA00494,50%,0.0158,0.464
ME14251,CA04088,75%,-0.0204,0.212
ME14252,CA04420,75%,0.1196,0.485
ME14253,CA03222,100%,0.3492,0.383
ME14254,CA05153,50%,-0.0084,0.262
ME14255,CA03502,75%,0.2407,0.38
ME14256,CA02803,25%,-0.1125,0.379
ME14257,CA04463,25%,-0.3225,0.114
ME14258,CA06222,50%,-0.0121,0.219
ME14259,CA00478,100%,-0.5278,0.426
ME14260,CA07012,75%,0.1056,0.412
ME14261,CA05906,25%,-0.1529,0.273
ME14262,CA00117,50%,-0.0637,0.146
ME14263,CA00144,75%,0.2629,0.319
ME14264,CA04708,25%,-0.4135,0.41
ME14265,CA00363,75%,0.036,0.266
ME14266,CA00964,75%,0.0916,0.267
ME14267,CA04241,75%,0.349,0.307
ME14268,CA06398,75%,0.1588,0.185
ME14269,CA06823,100%,-0.1838,0.461
ME14270,CA00827,25%,0.3196,0.422
ME14271,CA02308,100%,0.0463,0.445
ME14272,CA06059,75%,-0.0779,0.463
ME14273,CA05408,50%,0.1562,0.321
ME14274,CA02072,50%,0.1647,0.146
ME14275,CA04625,100%,-0.1975,0.174
ME14276,CA03222,100%,-0.1987,0.204
ME14277,CA03220,75%,-0.1577,0.13
ME14278,CA04622,75%,-0.288,0.434
ME14279,CA03763,50%,-0.1985,0.267
ME14280,CA02254,25%,0.0388,0.337
ME14281,CA02888,50%,-0.1772,0.117
ME14282,CA01655,25%,-0.2115,0.408
ME14283,CA04863,75%,-0.1295,0.368
ME14284,CA06360,50%,0.1754,0.427
ME14285,CA03334,50%,-0.358,0.241
ME14286,CA07055,75%,0.1332,0.299
ME14287,CA04015,75%,0.0746,0.223
ME14288,CA02689,50%,-0.1591,0.492
ME14289,CA04435,50%,0.1912,0.266
ME14290,CA02961,25%,-0.0438,0.458
ME14291,CA00115,50%,0.3844,0.366
ME14292,CA03117,50%,0.0847,0.406
ME14293,CA03397,50%,0.2219,0.198
ME14294,CA00248,75%,0.0587,0.364
ME14295,CA06842,100%,0.1506,0.153
ME14296,CA04758,50%,-0.1601,0.207
ME14297,CA01771,100%,0.0081,0.197
ME14298,CA03302,75%,-0.1767,0.246
ME14299,CA01194,100%,0.11,0.337
ME14300,CA05954,75%,-0.0048,0.245
ME14301,CA07073,25%,0.1132,0.35
ME14302,CA03390,75%,0.2516,0.249
ME14303,CA00740,50%,0.1607,0.209
ME14304,CA00539,75%,-0.1526,0.427
ME14305,CA04739,25%,-0.0988,0.225
ME14306,CA01724,25%,0.0032,0.322
ME14307,CA02540,25%,0.0086,0.474
ME14308,CA06603,100%,0.245,0.352
ME14309,CA06915,25%,0.0517,0.205
ME14310,CA05056,75%,0.1235,0.363
ME14311,CA04382,100%,0.144,0.301
ME14312,CA06957,50%,-0.2991,0.324
ME14313,CA03648,75%,-0.2172,0.251
ME14314,CA06505,75%,-0.0052,0.286
ME14315,CA01026,50%,0.083,0.361
ME14316,CA06459,75%,0.2594,0.204
ME14317,CA02712,100%,0.2704,0.175
ME14318,CA03083,25%,-0.0308,0.149
ME14319,CA01841,75%,-0.0821,0.393
ME14320,CA00984,25%,0.5727,0.289
ME14321,CA02687,25%,0.2057,0.344
ME14322,CA03631,75%,-0.206,0.157
ME14323,CA01523,50%,-0.2746,0.327
ME14324,CA05625,75%,-0.1261,0.145
ME14325,CA01018,25%,0.2704,0.333
ME14326,CA04070,100%,-0.1904,0.304
ME14327,CA07004,75%,0.0682,0.212
ME14328,CA06358,25%,-0.175,0.175
ME14329,CA03714,100%,-0.2636,0.391
ME14330,CA06516,50%,0.0552,0.197
ME14331,CA06050,75%,-0.2404,0.19
ME14332,CA05000,75%,0.125,0.353
ME14333,CA07058,100%,0.0793,0.12
ME14334,CA04147,100%,-0.0097,0.162
ME14335,CA04934,100%,0.2499,0.342
ME14336,CA04479,75%,-0.159,0.479
ME14337,CA04586,50%,0.0942,0.304
ME14338,CA04894,50%,0.1316,0.381
ME14339,CA04213,75%,0.1047,0.49
ME14340,CA02274,50%,-0.0627,0.269
ME14341,CA06028,75%,-0.03,0.224
ME14342,CA04886,25%,-0.1342,0.109
ME14343,CA04951,100%,-0.1081,0.426
ME14344,CA03790,50%,-0.1757,0.169
ME14345,CA04288,75%,-0.0185,0.122
ME14346,CA03986,75%,0.1087,0.152
ME14347,CA02717,100%,-0.089,0.281
ME14348,CA00156,50%,0.0,0.384
ME14349,CA00724,75%,-0.0956,0.425
ME14350,CA00570,25%,0.1283,0.257
ME14351,CA00687,100%,0.2755,0.22
ME14352,CA01865,75%,-0.1187,0.29
ME14353,CA01842,50%,0.3195,0.208
ME14354,CA05978,100%,-0.0213,0.337
ME14355,CA05968,25%,0.0848,0.324
ME14356,CA02752,25%,0.2704,0.421
ME14357,CA05603,75%,-0.0979,0.248
ME14358,CA00875,25%,0.1245,0.103
ME14359,CA06025,50%,-0.0806,0.346
ME14360,CA01481,75%,-0.2084,0.274
ME14361,CA03038,75%,0.0964,0.151
ME14362,CA05820,75%,0.1064,0.207
ME14363,CA02412,100%,0.259,0.387
ME14364,CA04560,75%,-0.1916,0.175
ME14365,CA01652,25%,-0.1071,0.448
ME14366,CA05307,50%,0.2084,0.486
ME14367,CA01784,25%,-0.0049,0.299
ME14368,CA00528,25%,-0.3818,0.154
ME14369,CA03729,75%,-0.1127,0.478
ME14370,CA04243,75%,0.1498,0.182
ME14371,CA05934,75%,-0.0519,0.381
ME14372,CA02282,25%,0.0446,0.367
ME14373,CA05097,50%,-0.0405,0.208
ME14374,CA02719,25%,0.1512,0.148
ME14375,CA00701,25%,0.1484,0.349
ME14376,CA01198,100%,0.0037,0.109
ME14377,CA02404,100%,0.238,0.361
ME14378,CA02278,25%,-0.0492,0.422
ME14379,CA06148,75%,0.3805,0.159
ME14380,CA05173,50%,0.0995,0.103
ME14381,CA05863,100%,-0.0767,0.494
ME14382,CA05737,25%,-0.0679,0.245
ME14383,CA04168,50%,-0.1673,0.235
ME14384,CA04594,25%,0.0773,0.485
ME14385,CA05849,75%,-0.1743,0.141
ME14386,CA01953,75%,0.155,0.156
ME14387,CA01597,50%,-0.0599,0.488
ME14388,CA02662,75%,0.2211,0.346
ME14389,CA01286,100%,-0.1578,0.151
ME14390,CA04004,75%,0.1197,0.272
ME14391,CA05265,100%,-0.1203,0.169
ME14392,CA02816,100%,0.1208,0.302
ME14393,CA02475,100%,0.3548,0.192
ME14394,CA00630,50%,0.1555,0.249
ME14395,CA05831,75%,-0.1418,0.467
ME14396,CA05416,100%,0.0208,0.312
ME14397,CA05333,25%,-0.0744,0.391
ME14398,CA04183,25%,-0.0286,0.216
ME14399,CA04280,25%,-0.2225,0.484
ME14400,CA06207,75%,-0.1743,0.308
ME14401,CA04429,75%,0.024,0.383
ME14402,CA02015,25%,0.055,0.5
ME14403,CA06288,100%,-0.3458,0.175
ME14404,CA06591,75%,-0.099,0.224
ME14405,CA05586,100%,0.0234,0.353
ME14406,CA07155,50%,0.0848,0.373
ME14407,CA02855,75%,-0.0775,0.159
ME14408,CA01828,25%,0.0264,0.195
ME14409,CA01745,25%,0.0889,0.45
ME14410,CA03713,50%,0.1246,0.344
ME14411,CA06983,50%,0.0512,0.297
ME14412,CA02688,100%,0.1789,0.35
ME14413,CA01163,100%,-0.1769,0.286
ME14414,CA01885,100%,-0.2961,0.158
ME14415,CA00938,100%,-0.09,0.458
ME14416,CA04702,50%,0.0987,0.18
ME14417,CA02571,100%,0.0422,0.396
ME14418,CA05134,25%,0.0285,0.262
ME14419,CA02803,25%,0.0059,0.162
ME14420,CA01424,75%,-0.1034,0.19
ME14421,CA06906,75%,0.014,0.264
ME14422,CA01187,50%,0.1233,0.389
ME14423,CA05108,25%,-0.0026,0.436
ME14424,CA04254,50%,0.4841,0.464
ME14425,CA00993,25%,0.1044,0.461
ME14426,CA05966,50%,-0.0567,0.138
ME14427,CA06504,50%,0.2756,0.239
ME14428,CA06923,100%,0.2456,0.102
ME14429,CA02019,25%,-0.3843,0.409
ME14430,CA06056,75%,0.1377,0.14
ME14431,CA06309,75%,-0.0193,0.272
ME14432,CA01439,75%,0.0088,0.292
ME14433,CA05245,25%,-0.0583,0.255
ME14434,CA01593,50%,0.124,0.104
ME14435,CA00557,100%,0.2904,0.25
ME14436,CA05958,75%,0.1108,0.357
ME14437,CA00472,75%,-0.3137,0.359
ME14438,CA02961,25%,-0.0534,0.288
ME14439,CA01279,75%,0.064,0.273
ME14440,CA02957,75%,-0.0822,0.238
ME14441,CA00724,75%,-0.0452,0.214
ME14442,CA02320,50%,-0.0065,0.486
ME14443,CA06353,100%,0.3486,0.478
ME14444,CA06906,100%,-0.0819,0.416
ME14445,CA04732,100%,-0.2599,0.489
ME14446,CA06226,50%,-0.0628,0.467
ME14447,CA00014,75%,-0.1259,0.415
ME14448,CA01933,25%,0.2144,0.143
ME14449,CA04159,75%,0.0642,0.441
ME14450,CA06674,50%,-0.1722,0.471
ME14451,CA00983,50%,-0.0018,0.285
ME14452,CA03042,100%,-0.1853,0.162
ME14453,CA00809,50%,0.0252,0.269
ME14454,CA07174,25%,0.1464,0.418
ME14455,CA00539,75%,-0.2633,0.452
ME14456,CA04213,50%,-0.2266,0.122
ME14457,CA01939,50%,0.0325,0.43
ME14458,CA05089,100%,0.0845,0.243
ME14459,CA02185,100%,0.046,0.318
ME14460,CA06326,100%,-0.0196,0.238
ME14461,CA01221,75%,0.1754,0.494
ME14462,CA06461,100%,0.1981,0.409
ME14463,CA03062,50%,0.2093,0.208
ME14464,CA05252,75%,-0.2986,0.42
ME14465,CA04734,100%,0.0247,0.245
ME14466,CA01470,100%,-0.0308,0.419
ME14467,CA07037,100%,-0.1426,0.253
ME14468,CA03266,100%,0.1059,0.382
ME14469,CA00272,75%,-0.0035,0.323
ME14470,CA06223,100%,0.1076,0.266
ME14471,CA01683,25%,-0.1028,0.455
ME14472,CA00912,25%,-0.1357,0.371
ME14473,CA05199,75%,0.0641,0.129
ME14474,CA05600,100%,-0.0935,0.3
ME14475,CA00069,25%,-0.1146,0.38
ME14476,CA06341,100%,0.1028,0.373
ME14477,CA04864,25%,-0.0195,0.31
ME14478,CA00849,75%,-0.1162,0.309
ME14479,CA01678,50%,-0.1037,0.46
ME14480,CA03276,100%,-0.0169,0.123
ME14481,CA01037,50%,-0.1403,0.297
ME14482,CA05063,75%,-0.1994,0.223
ME14483,CA05622,25%,-0.1815,0.264
ME14484,CA03687,50%,0.2035,0.397
ME14485,CA01617,50%,0.119,0.251
ME14486,CA04540,75%,-0.1438,0.265
ME14487,CA05361,25%,-0.3144,0.361
ME14488,CA02567,50%,0.0532,0.211
ME14489,CA01209,25%,-0.1984,0.255
ME14490,CA01541,75%,0.1235,0.207
ME14491,CA06644,50%,0.2791,0.179
ME14492,CA06653,25%,-0.1915,0.315
ME14493,CA05666,75%,-0.2041,0.447
ME14494,CA04917,100%,-0.0341,0.45
ME14495,CA03275,75%,0.0893,0.279
ME14496,CA07103,100%,0.2853,0.224
ME14497,CA04062,25%,-0.0245,0.396
ME14498,CA06988,25%,0.1406,0.133
ME14499,CA01458,25%,0.2146,0.451
ME14500,CA03471,50%,0.0396,0.351
ME14501,CA00145,100%,0.0219,0.483
ME14502,CA00869,50%,-0.0683,0.382
ME14503,CA02256,100%,-0.1326,0.272
ME14504,CA02058,75%,-0.2458,0.38
ME14505,CA02536,50%,0.0472,0.121
ME14506,CA02524,75%,0.018,0.163
ME14507,CA02469,25%,0.3745,0.207
ME14508,CA01200,25%,-0.215,0.279
ME14509,CA00237,25%,0.1503,0.472
ME14510,CA00607,75%,0.4074,0.467
ME14511,CA05214,25%,-0.06,0.42
ME14512,CA03229,75%,0.0131,0.406
ME14513,CA01074,25%,0.1255,0.19
ME14514,CA02952,75%,-0.064,0.237
ME14515,CA02810,50%,0.0347,0.402
ME14516,CA00920,50%,0.2366,0.187
ME14517,CA03094,50%,-0.0593,0.322
ME14518,CA03325,100%,-0.1219,0.156
ME14519,CA01104,100%,0.0732,0.329
ME14520,CA03921,75%,0.0397,0.462
ME14521,CA02337,50%,-0.0064,0.234
ME14522,CA02423,50%,-0.0424,0.425
ME14523,CA05431,50%,-0.0631,0.27
ME14524,CA00920,25%,0.1604,0.148
ME14525,CA03031,100%,-0.1056,0.462
ME14526,CA06468,100%,0.0008,0.163
ME14527,CA02694,100%,0.2232,0.266
ME14528,CA06624,75%,-0.1136,0.443
ME14529,CA04071,100%,0.3622,0.283
ME14530,CA05300,50%,-0.0889,0.41
ME14531,CA05939,25%,-0.3248,0.299
ME14532,CA05977,100%,0.3016,0.225
ME14533,CA04260,75%,0.0607,0.227
ME14534,CA00600,25%,-0.0398,0.308
ME14535,CA01804,75%,-0.2592,0.406
ME14536,CA00503,75%,0.1637,0.119
ME14537,CA04158,100%,-0.468,0.159
ME14538,CA04768,25%,-0.3503,0.46
ME14539,CA05599,25%,0.0179,0.28
ME14540,CA01054,25%,0.1966,0.355
ME14541,CA04658,50%,0.1227,0.271
ME14542,CA04747,25%,0.2362,0.287
ME14543,CA01204,50%,-0.1584,0.165
ME14544,CA06791,50%,-0.3423,0.479
ME14545,CA00678,25%,-0.0474,0.222
ME14546,CA00383,25%,-0.1807,0.223
ME14547,CA02825,100%,-0.0195,0.379
ME14548,CA00027,50%,-0.0619,0.252
ME14549,CA02880,75%,-0.3368,0.178
ME14550,CA04167,75%,0.0109,0.467
ME14551,CA06073,100%,0.2004,0.494
ME14552,CA00832,25%,0.123,0.232
ME14553,CA00494,25%,-0.101,0.426
ME14554,CA01300,25%,0.192,0.231
ME14555,CA03749,75%,0.1361,0.472
ME14556,CA04049,50%,-0.0669,0.44
ME14557,CA01230,25%,0.1377,0.238
ME14558,CA01303,75%,-0.1221,0.369
ME14559,CA00473,50%,0.154,0.153
ME14560,CA02061,25%,0.0483,0.36
ME14561,CA00250,75%,-0.0873,0.289
ME14562,CA02690,25%,0.2027,0.128
ME14563,CA00109,75%,0.2095,0.229
ME14564,CA06905,100%,-0.1211,0.137
ME14565,CA02025,75%,-0.2134,0.297
ME14566,CA05834,50%,0.2078,0.459
ME14567,CA03282,75%,-0.0964,0.415
ME14568,CA04332,25%,0.2929,0.209
ME14569,CA03128,50%,-0.2426,0.1
ME14570,CA01517,25%,0.0642,0.224
ME14571,CA04569,100%,0.0131,0.445
ME14572,CA04679,25%,-0.1525,0.372
ME14573,CA04597,50%,-0.06,0.463
ME14574,CA07006,100%,-0.0702,0.391
ME14575,CA01593,25%,0.1983,0.155
ME14576,CA02520,50%,-0.0648,0.302
ME14577,CA02154,75%,-0.1119,0.335
ME14578,CA04477,25%,0.1834,0.286
ME14579,CA03088,50%,0.47,0.245
ME14580,CA04977,100%,0.0435,0.244
ME14581,CA04953,75%,-0.0355,0.329
ME14582,CA01648,25%,0.2383,0.499
ME14583,CA05649,75%,0.0133,0.263
ME14584,CA02675,100%,-0.0146,0.122
ME14585,CA04616,25%,-0.1592,0.304
ME14586,CA00691,100%,0.0211,0.382
ME14587,CA04958,100%,-0.0047,0.322
ME14588,CA03260,100%,0.2536,0.499
ME14589,CA05244,25%,0.1266,0.152
ME14590,CA03044,25%,0.1232,0.431
ME14591,CA06648,100%,0.1408,0.189
ME14592,CA01171,75%,-0.0032,0.394
ME14593,CA06990,75%,0.0394,0.476
ME14594,CA04563,25%,0.1895,0.304
ME14595,CA05547,100%,-0.143,0.115
ME14596,CA00954,50%,-0.1895,0.148
ME14597,CA06034,75%,0.042,0.315
ME14598,CA03769,100%,-0.2088,0.188
ME14599,CA01944,50%,-0.0216,0.196
ME14600,CA01054,100%,0.1832,0.353
ME14601,CA01775,100%,-0.0852,0.368
ME14602,CA06781,100%,-0.229,0.339
ME14603,CA03293,100%,-0.0791,0.243
ME14604,CA04281,25%,0.0912,0.334
ME14605,CA04437,50%,0.0525,0.2
ME14606,CA03191,25%,-0.1487,0.131
ME14607,CA05560,50%,-0.1853,0.353
ME14608,CA04836,25%,0.0007,0.21
ME14609,CA04139,100%,0.18,0.42
ME14610,CA02466,75%,-0.1846,0.468
ME14611,CA00847,25%,-0.1645,0.479
ME14612,CA00365,50%,0.0811,0.413
ME14613,CA05048,75%,0.0736,0.279
ME14614,CA05011,25%,0.0925,0.105
ME14615,CA05282,75%,-0.0396,0.463
ME14616,CA05189,50%,-0.1613,0.219
ME14617,CA02262,75%,-0.0551,0.161
ME14618,CA04213,100%,-0.2193,0.155
ME14619,CA06146,25%,-0.3139,0.186
ME14620,CA02787,75%,-0.0105,0.344
ME14621,CA02098,100%,0.0805,0.304
ME14622,CA01023,50%,-0.238,0.337
ME14623,CA01674,50%,-0.0711,0.441
ME14624,CA06526,100%,-0.0517,0.29
ME14625,CA04953,25%,0.2774,0.104
ME14626,CA05002,50%,-0.2196,0.289
ME14627,CA00807,25%,-0.0652,0.239
ME14628,CA03005,100%,-0.0017,0.158
ME14629,CA05252,100%,-0.0769,0.408
ME14630,CA05587,25%,0.0127,0.171
ME14631,CA00794,50%,0.0848,0.22
ME14632,CA02916,100%,-0.1125,0.309
ME14633,CA05342,50%,-0.1032,0.275
ME14634,CA01920,50%,0.1885,0.33
ME14635,CA03316,75%,0.4278,0.271
ME14636,CA04913,25%,-0.1053,0.304
ME14637,CA01198,100%,0.0597,0.372
ME14638,CA03319,100%,0.044,0.447
ME14639,CA06004,75%,0.4004,0.112
ME14640,CA02147,100%,0.1991,0.367
ME14641,CA03523,75%,-0.0168,0.429
ME14642,CA02223,25%,0.152,0.381
ME14643,CA05080,75%,0.0896,0.41
ME14644,CA06226,100%,0.2535,0.427
ME14645,CA05713,75%,-0.0501,0.109
ME14646,CA00158,75%,0.1075,0.22
ME14647,CA05007,25%,-0.0982,0.414
ME14648,CA06998,50%,-0.4124,0.355
ME14649,CA02397,25%,0.0132,0.266
ME14650,CA01724,100%,-0.2067,0.211
ME14651,CA05623,100%,-0.2097,0.474
ME14652,CA01373,75%,-0.1545,0.49
ME14653,CA00105,75%,-0.2229,0.272
ME14654,CA06524,75%,-0.1486,0.498
ME14655,CA06176,25%,0.2396,0.203
ME14656,CA05794,75%,0.0483,0.194
ME14657,CA01342,75%,-0.2034,0.353
ME14658,CA04169,75%,0.0332,0.367
ME14659,CA01310,50%,0.0392,0.481
ME14660,CA05210,50%,-0.3191,0.497
ME14661,CA06800,50%,0.1199,0.362
ME14662,CA02812,100%,-0.084,0.169
ME14663,CA00882,25%,0.3038,0.233
ME14664,CA02968,100%,0.1063,0.185
ME14665,CA03308,25%,0.0632,0.309
ME14666,CA04298,75%,-0.0116,0.384
ME14667,CA00689,25%,0.0666,0.173
ME14668,CA07200,25%,-0.1057,0.271
ME14669,CA06572,50%,-0.5406,0.474
ME14670,CA01432,25%,0.0489,0.174
ME14671,CA02879,100%,0.1731,0.325
ME14672,CA04172,100%,-0.243,0.238
ME14673,CA06408,25%,0.0394,0.158
ME14674,CA04670,75%,-0.125,0.475
ME14675,CA03207,50%,0.0227,0.466
ME14676,CA01930,25%,-0.1556,0.177
ME14677,CA02153,25%,-0.112,0.257
ME14678,CA04428,50%,0.139,0.44
ME14679,CA04589,50%,0.1566,0.141
ME14680,CA04430,50%,-0.3462,0.468
ME14681,CA06474,25%,-0.0183,0.492
ME14682,CA04871,100%,0.3,0.388
ME14683,CA01535,75%,0.0676,0.253
ME14684,CA02691,100%,-0.4891,0.242
ME14685,CA03290,75%,-0.0392,0.442
ME14686,CA01821,50%,-0.0214,0.202
ME14687,CA05704,50%,0.0365,0.194
ME14688,CA00899,100%,-0.1556,0.213
ME14689,CA06773,75%,0.0377,0.365
ME14690,CA02096,75%,-0.2045,0.44
ME14691,CA01361,50%,0.0043,0.109
ME14692,CA01438,100%,-0.2948,0.417
ME14693,CA05036,25%,-0.23,0.17
ME14694,CA02727,25%,-0.1334,0.32
ME14695,CA06294,25%,0.0816,0.261
ME14696,CA06133,50%,-0.0564,0.377
ME14697,CA04072,100%,0.2773,0.158
ME14698,CA00768,25%,0.2856,0.361
ME14699,CA01187,100%,-0.187,0.329
ME14700,CA06048,25%,-0.1404,0.379
ME14701,CA01741,25%,0.2716,0.46
ME14702,CA01137,100%,-0.0067,0.208
ME14703,CA04924,25%,-0.2915,0.13
ME14704,CA03598,75%,-0.0711,0.196
ME14705,CA06750,100%,0.1042,0.108
ME14706,CA06150,75%,0.1224,0.315
ME14707,CA04203,75%,-0.3257,0.196
ME14708,CA00572,75%,0.0207,0.243
ME14709,CA02656,100%,-0.3019,0.262
ME14710,CA03872,75%,-0.1095,0.439
ME14711,CA01048,75%,-0.0362,0.234
ME14712,CA03562,25%,0.0534,0.416
ME14713,CA06474,50%,-0.211,0.431
ME14714,CA04260,50%,0.0475,0.307
ME14715,CA04098,50%,-0.2034,0.245
ME14716,CA05385,25%,0.0806,0.276
ME14717,CA04904,25%,-0.1121,0.17
ME14718,CA04199,75%,-0.0621,0.18
ME14719,CA02282,25%,0.1313,0.421
ME14720,CA05465,50%,0.0287,0.447
ME14721,CA04449,25%,-0.2027,0.194
ME14722,CA00695,25%,-0.0517,0.166
ME14723,CA05488,75%,0.0811,0.397
ME14724,CA00980,75%,-0.1382,0.408
ME14725,CA03067,25%,-0.3208,0.251
ME14726,CA03661,100%,0.0106,0.461
ME14727,CA02150,50%,0.1441,0.377
ME14728,CA00978,100%,-0.109,0.302
ME14729,CA02793,75%,0.1064,0.274
ME14730,CA01895,50%,0.1141,0.113
ME14731,CA04038,25%,0.002,0.27
ME14732,CA06569,25%,-0.1014,0.355
ME14733,CA04549,25%,0.1206,0.489
ME14734,CA06928,25%,0.1576,0.407
ME14735,CA03114,100%,0.2378,0.17
ME14736,CA05968,50%,-0.0336,0.267
ME14737,CA06765,50%,0.0978,0.132
ME14738,CA00192,25%,0.0051,0.165
ME14739,CA04994,75%,0.1469,0.371
ME14740,CA00724,25%,0.0662,0.367
ME14741,CA06425,50%,0.012,0.387
ME14742,CA04901,75%,-0.0194,0.236
ME14743,CA04714,75%,-0.0472,0.168
ME14744,CA04787,100%,-0.0347,0.282
ME14745,CA01241,50%,0.1237,0.271
ME14746,CA03369,75%,-0.4118,0.426
ME14747,CA05510,25%,-0.2241,0.249
ME14748,CA04878,100%,0.1005,0.435
ME14749,CA00186,50%,-0.2448,0.229
ME14750,CA05799,25%,0.3344,0.14
ME14751,CA01162,25%,0.1185,0.447
ME14752,CA06480,100%,0.0166,0.179
ME14753,CA03805,25%,0.2266,0.363
ME14754,CA04609,100%,0.071,0.254
ME14755,CA07123,25%,-0.0592,0.257
ME14756,CA03148,25%,-0.1756,0.337
ME14757,CA06028,100%,-0.2997,0.234
ME14758,CA02939,50%,-0.0756,0.15
ME14759,CA02487,100%,-0.0701,0.127
ME14760,CA05865,100%,0.162,0.333
ME14761,CA05595,100%,-0.0942,0.233
ME14762,CA02683,25%,-0.0731,0.286
ME14763,CA04985,25%,-0.1954,0.11
ME14764,CA05288,50%,0.1859,0.159
ME14765,CA01751,100%,-0.293,0.322
ME14766,CA02429,25%,0.0229,0.123
ME14767,CA06231,50%,-0.1803,0.381
ME14768,CA02781,50%,0.0158,0.168
ME14769,CA00760,50%,0.0621,0.136
ME14770,CA03575,50%,0.0491,0.211
ME14771,CA04194,25%,-0.306,0.462
ME14772,CA04226,75%,-0.3026,0.177
ME14773,CA02509,25%,0.0233,0.396
ME14774,CA00372,25%,-0.361,0.434
ME14775,CA06746,100%,0.0452,0.328
ME14776,CA02825,25%,0.0426,0.425
ME14777,CA01132,25%,-0.2029,0.11
ME14778,CA06153,75%,0.2704,0.175
ME14779,CA01159,100%,0.0917,0.246
ME14780,CA00362,75%,0.0744,0.125
ME14781,CA05014,25%,-0.045,0.201
ME14782,CA06585,25%,-0.1116,0.465
ME14783,CA01987,25%,0.045,0.323
ME14784,CA00601,50%,0.1735,0.334
ME14785,CA06799,100%,-0.0123,0.141
ME14786,CA05050,75%,0.3167,0.382
ME14787,CA04586,75%,0.5174,0.237
ME14788,CA06500,100%,-0.0455,0.148
ME14789,CA06841,75%,-0.3163,0.449
ME14790,CA03575,100%,-0.0975,0.489
ME14791,CA01821,25%,0.0723,0.409
ME14792,CA00228,75%,-0.3442,0.413
ME14793,CA00401,75%,0.337,0.143
ME14794,CA06363,50%,0.0141,0.295
ME14795,CA07021,100%,-0.0814,0.126
ME14796,CA05277,25%,-0.0436,0.324
ME14797,CA06320,75%,0.2398,0.47
ME14798,CA05275,75%,0.3769,0.179
ME14799,CA01246,25%,0.255,0.47
ME14800,CA01195,75%,-0.0696,0.16
ME14801,CA00944,25%,0.203,0.472
ME14802,CA04925,100%,-0.0578,0.432
ME14803,CA03087,75%,0.2099,0.255
ME14804,CA01700,100%,-0.0346,0.252
ME14805,CA00205,75%,-0.0989,0.275
ME14806,CA00911,100%,0.0742,0.127
ME14807,CA01726,25%,0.3122,0.431
ME14808,CA00324,50%,0.197,0.186
ME14809,CA05632,75%,-0.1513,0.118
ME14810,CA05216,25%,0.1622,0.154
ME14811,CA04996,75%,-0.0484,0.294
ME14812,CA07035,25%,0.1082,0.447
ME14813,CA03672,75%,0.0786,0.27
ME14814,CA03220,50%,0.1967,0.133
ME14815,CA04881,100%,-0.0805,0.231
ME14816,CA06541,100%,0.0051,0.338
ME14817,CA03053,50%,0.1243,0.475
ME14818,CA07082,50%,0.0086,0.218
ME14819,CA00865,25%,-0.3036,0.219
ME14820,CA04102,25%,0.1311,0.478
ME14821,CA01378,75%,0.1749,0.468
ME14822,CA06560,25%,-0.3388,0.311
ME14823,CA03784,50%,0.0089,0.259
ME14824,CA07088,25%,0.2062,0.473
ME14825,CA04505,25%,-0.3327,0.276
ME14826,CA03713,50%,-0.1927,0.312
ME14827,CA04259,75%,0.0161,0.265
ME14828,CA04922,25%,-0.1663,0.255
ME14829,CA04224,100%,-0.1618,0.179
ME14830,CA01272,50%,0.3448,0.186
ME14831,CA04243,25%,-0.4147,0.369
ME14832,CA01776,100%,0.2294,0.263
ME14833,CA01692,75%,0.4709,0.136
ME14834,CA03445,100%,-0.1769,0.357
ME14835,CA06590,100%,0.0179,0.389
ME14836,CA05252,50%,-0.178,0.143
ME14837,CA03829,100%,0.3683,0.381
ME14838,CA00560,50%,-0.3523,0.261
ME14839,CA05030,25%,-0.0846,0.376
ME14840,CA05475,25%,-0.139,0.343
ME14841,CA01855,75%,0.2106,0.418
ME14842,CA06408,75%,-0.0175,0.147
ME14843,CA02957,75%,0.1426,0.496
ME14844,CA01003,100%,-0.0176,0.147
ME14845,CA04774,25%,-0.1915,0.37
ME14846,CA03986,25%,-0.091,0.233
ME14847,CA03285,100%,0.1637,0.138
ME14848,CA02301,50%,-0.0164,0.405
ME14849,CA03893,25%,0.1924,0.339
ME14850,CA02791,100%,0.0363,0.375
ME14851,CA01502,25%,-0.4368,0.378
ME14852,CA06865,25%,0.2192,0.2
ME14853,CA07011,100%,-0.1364,0.208
ME14854,CA04273,75%,0.0714,0.108
ME14855,CA03559,50%,-0.0333,0.431
ME14856,CA02318,100%,-0.1317,0.109
ME14857,CA04043,50%,-0.0432,0.442
ME14858,CA00734,25%,-0.1413,0.277
ME14859,CA00808,100%,-0.0253,0.263
ME14860,CA03824,75%,-0.0232,0.491
ME14861,CA02827,75%,-0.3996,0.158
ME14862,CA00992,25%,-0.3322,0.281
ME14863,CA02515,25%,0.1099,0.486
ME14864,CA02736,100%,-0.0875,0.11
ME14865,CA04793,25%,-0.0596,0.403
ME14866,CA00239,25%,0.0972,0.234
ME14867,CA00365,100%,-0.1204,0.25
ME14868,CA03257,100%,0.0441,0.101
ME14869,CA00500,50%,0.3199,0.135
ME14870,CA06742,75%,0.3167,0.234
ME14871,CA06285,75%,0.0153,0.282
ME14872,CA01383,50%,0.3418,0.312
ME14873,CA05816,50%,-0.1761,0.3
ME14874,CA01936,100%,-0.0248,0.165
ME14875,CA04435,75%,-0.1539,0.17
ME14876,CA01647,50%,-0.4026,0.443
ME14877,CA03138,25%,-0.0912,0.321
ME14878,CA06720,25%,0.3821,0.369
ME14879,CA06108,100%,0.3144,0.335
ME14880,CA00548,25%,0.0178,0.466
ME14881,CA05814,100%,-0.2916,0.359
ME14882,CA02722,50%,-0.2969,0.192
ME14883,CA06480,25%,0.1923,0.353
ME14884,CA03933,50%,0.0942,0.16
ME14885,CA02099,100%,-0.1216,0.46
ME14886,CA02411,25%,-0.0105,0.451
ME14887,CA03290,25%,0.0845,0.348
ME14888,CA01397,50%,-0.1902,0.333
ME14889,CA00108,75%,-0.1711,0.404
ME14890,CA03425,25%,0.1571,0.47
ME14891,CA06850,25%,0.2634,0.384
ME14892,CA05721,50%,0.0368,0.384
ME14893,CA01275,75%,-0.0547,0.476
ME14894,CA06307,75%,0.154,0.35
ME14895,CA00456,25%,0.2288,0.38
ME14896,CA05539,50%,-0.0715,0.351
ME14897,CA06647,75%,-0.0664,0.354
ME14898,CA01604,100%,0.2567,0.278
ME14899,CA02653,25%,0.0929,0.137
ME14900,CA05504,75%,-0.137,0.12
ME14901,CA02850,50%,0.0557,0.196
ME14902,CA02842,100%,0.0255,0.248
ME14903,CA00566,50%,0.0234,0.309
ME14904,CA03550,75%,-0.0609,0.324
ME14905,CA05003,25%,0.0606,0.415
ME14906,CA02944,50%,0.0607,0.237
ME14907,CA06312,100%,-0.1922,0.387
ME14908,CA06428,75%,-0.0532,0.446
ME14909,CA01252,25%,-0.2047,0.109
ME14910,CA02869,25%,-0.0307,0.17
ME14911,CA01923,50%,0.0224,0.399
ME14912,CA05658,75%,0.3716,0.289
ME14913,CA05735,75%,-0.1199,0.394
ME14914,CA02798,25%,0.422,0.286
ME14915,CA05916,75%,-0.1015,0.223
ME14916,CA01041,50%,-0.0665,0.239
ME14917,CA00772,75%,-0.2193,0.444
ME14918,CA01882,25%,0.0403,0.219
ME14919,CA06325,100%,-0.3054,0.462
ME14920,CA06343,50%,0.0126,0.269
ME14921,CA06821,75%,-0.1972,0.472
ME14922,CA02716,25%,-0.1117,0.296
ME14923,CA06969,75%,-0.0329,0.23
ME14924,CA04070,25%,0.0495,0.259
ME14925,CA01831,50%,0.5433,0.372
ME14926,CA05618,25%,-0.1217,0.164
ME14927,CA04289,100%,0.1589,0.322
ME14928,CA05823,75%,0.0597,0.23
ME14929,CA04506,100%,0.0249,0.39
ME14930,CA04325,75%,-0.0698,0.163
ME14931,CA01100,75%,-0.0466,0.326
ME14932,CA05506,25%,0.0016,0.341
ME14933,CA06757,25%,0.2459,0.298
ME14934,CA06675,100%,0.2173,0.458
ME14935,CA03692,100%,-0.41,0.307
ME14936,CA02280,50%,-0.153,0.241
ME14937,CA04261,75%,-0.2427,0.254
ME14938,CA05656,50%,-0.0519,0.381
ME14939,CA06306,25%,-0.3501,0.132
ME14940,CA01354,75%,-0.1186,0.105
ME14941,CA00978,75%,-0.0838,0.369
ME14942,CA02465,75%,-0.1313,0.191
ME14943,CA06383,25%,0.0026,0.206
ME14944,CA06806,50%,0.102,0.346
ME14945,CA05355,75%,0.4817,0.183
ME14946,CA01263,50%,-0.3984,0.151
ME14947,CA06938,75%,-0.2465,0.434
ME14948,CA03430,25%,-0.0395,0.448
ME14949,CA07186,50%,-0.061,0.207
ME14950,CA07069,100%,0.0453,0.104
ME14951,CA00671,100%,-0.2107,0.475
ME14952,CA02492,75%,0.1598,0.471
ME14953,CA06616,50%,0.0293,0.232
ME14954,CA05074,100%,0.1676,0.22
ME14955,CA04591,25%,0.0271,0.115
ME14956,CA02476,50%,-0.3069,0.227
ME14957,CA02792,100%,0.0616,0.302
ME14958,CA03749,25%,0.1523,0.358
ME14959,CA04867,25%,-0.0504,0.375
ME14960,CA03544,50%,0.4316,0.292
ME14961,CA04686,75%,0.1296,0.249
ME14962,CA04339,25%,-0.2558,0.436
ME14963,CA00938,50%,-0.336,0.191
ME14964,CA07079,75%,0.0102,0.356
ME14965,CA05883,75%,-0.2171,0.461
ME14966,CA03033,25%,-0.3875,0.31
ME14967,CA07054,50%,0.0769,0.13
ME14968,CA01919,25%,-0.1723,0.441
ME14969,CA01023,75%,0.0391,0.221
ME14970,CA02667,50%,-0.2729,0.184
ME14971,CA00326,100%,-0.4297,0.146
ME14972,CA04892,100%,-0.0301,0.299
ME14973,CA05707,25%,-0.1339,0.251
ME14974,CA02852,100%,-0.1989,0.405
ME14975,CA00997,100%,-0.1272,0.189
ME14976,CA02238,50%,-0.011,0.406
ME14977,CA00979,75%,-0.421,0.192
ME14978,CA05289,50%,-0.014,0.318
ME14979,CA05454,75%,-0.0624,0.301
ME14980,CA05124,50%,-0.0815,0.388
ME14981,CA02904,50%,-0.0594,0.124
ME14982,CA01158,100%,-0.1247,0.233
ME14983,CA00882,75%,0.0706,0.326
ME14984,CA04511,50%,0.001,0.488
ME14985,CA00264,75%,0.0737,0.472
ME14986,CA06324,25%,0.1983,0.297
ME14987,CA04371,25%,-0.0672,0.176
ME14988,CA04191,25%,0.2805,0.271
ME14989,CA01269,25%,0.1682,0.286
ME14990,CA06311,75%,0.0412,0.269
ME14991,CA05755,50%,0.1721,0.276
ME14992,CA05467,75%,-0.1817,0.379
ME14993,CA00615,25%,0.2577,0.304
ME14994,CA02970,75%,-0.3253,0.125
ME14995,CA02435,50%,0.1513,0.316
ME14996,CA01183,100%,0.0695,0.479
ME14997,CA00774,75%,0.3876,0.248
ME14998,CA03229,75%,0.0676,0.162
ME14999,CA05800,25%,0.1116,0.186
ME15000,CA01761,50%,0.1256,0.18
ME15001,CA04328,25%,0.1797,0.345
ME15002,CA05962,25%,-0.1059,0.238
ME15003,CA06781,50%,0.1129,0.416
ME15004,CA02612,75%,0.197,0.387
ME15005,CA01782,25%,0.2621,0.121
ME15006,CA01573,50%,0.0638,0.432
ME15007,CA03445,75%,0.0185,0.366
ME15008,CA04127,75%,-0.0268,0.121
ME15009,CA05019,25%,-0.274,0.338
ME15010,CA04910,25%,0.1802,0.177
ME15011,CA00888,75%,-0.2827,0.197
ME15012,CA06597,50%,0.0179,0.469
ME15013,CA04547,75%,-0.1055,0.115
ME15014,CA04922,25%,-0.0013,0.188
ME15015,CA03645,50%,-0.2409,0.292
ME15016,CA06891,25%,0.0453,0.406
ME15017,CA07103,100%,-0.0327,0.379
ME15018,CA05285,50%,0.0792,0.203
ME15019,CA00935,100%,-0.1258,0.294
ME15020,CA00783,75%,0.2887,0.312
ME15021,CA04247,75%,-0.2576,0.44
ME15022,CA01772,50%,-0.3655,0.412
ME15023,CA07099,50%,-0.3183,0.193
ME15024,CA00780,50%,0.2135,0.206
ME15025,CA06475,50%,0.0516,0.406
ME15026,CA01589,75%,-0.0809,0.18
ME15027,CA04380,50%,0.0256,0.283
ME15028,CA04078,50%,-0.4082,0.358
ME15029,CA07164,25%,0.2086,0.198
ME15030,CA05006,75%,-0.0809,0.16
ME15031,CA00925,100%,-0.2175,0.478
ME15032,CA05552,100%,-0.0102,0.172
ME15033,CA04977,50%,0.057,0.239
ME15034,CA06995,100%,-0.1726,0.171
ME15035,CA05793,100%,0.2407,0.128
ME15036,CA04313,75%,0.1269,0.258
ME15037,CA04080,50%,0.1448,0.25
ME15038,CA04796,25%,-0.0798,0.26
ME15039,CA01467,50%,0.1224,0.437
ME15040,CA02957,100%,-0.1756,0.278
ME15041,CA00616,25%,0.0537,0.271
ME15042,CA05225,50%,0.3522,0.16
ME15043,CA03288,100%,0.1451,0.444
ME15044,CA06466,100%,0.0318,0.29
ME15045,CA00973,25%,-0.0787,0.273
ME15046,CA02712,50%,-0.1436,0.432
ME15047,CA00076,50%,-0.0445,0.395
ME15048,CA04738,100%,0.1842,0.176
ME15049,CA02073,50%,-0.1468,0.121
ME15050,CA03499,50%,0.2423,0.102
ME15051,CA02465,25%,-0.032,0.356
ME15052,CA01205,100%,0.1028,0.321
ME15053,CA00358,75%,-0.0956,0.363
ME15054,CA01274,75%,-0.2053,0.217
ME15055,CA05226,25%,-0.3453,0.499
ME15056,CA02666,50%,0.2142,0.39
ME15057,CA00098,100%,0.189,0.15
ME15058,CA01683,25%,0.0479,0.461
ME15059,CA01523,100%,0.0903,0.459
ME15060,CA02214,50%,0.08,0.285
ME15061,CA01725,25%,-0.0204,0.322
ME15062,CA04020,25%,-0.2302,0.292
ME15063,CA00625,50%,0.0933,0.385
ME15064,CA01883,100%,0.104,0.195
ME15065,CA04756,75%,0.0222,0.461
ME15066,CA02637,25%,0.0471,0.44
ME15067,CA06338,25%,0.1908,0.419
ME15068,CA07151,100%,0.0885,0.243
ME15069,CA02885,75%,0.1218,0.327
ME15070,CA02453,50%,-0.0577,0.396
ME15071,CA04485,75%,0.1486,0.291
ME15072,CA00726,25%,0.0062,0.112
ME15073,CA05418,25%,-0.1893,0.387
ME15074,CA01806,50%,-0.0478,0.386
ME15075,CA04415,100%,0.1026,0.278
ME15076,CA03109,75%,0.0046,0.319
ME15077,CA05523,100%,-0.2262,0.314
ME15078,CA03836,100%,0.2726,0.356
ME15079,CA00209,100%,0.172,0.338
ME15080,CA00074,50%,0.0283,0.177
ME15081,CA04336,25%,0.1601,0.201
ME15082,CA04743,25%,-0.1097,0.241
ME15083,CA05753,25%,0.2504,0.273
ME15084,CA04984,75%,-0.1974,0.291
ME15085,CA05013,50%,0.0041,0.103
ME15086,CA06383,50%,-0.1909,0.279
ME15087,CA04122,50%,0.5182,0.342
ME15088,CA04494,100%,-0.1386,0.499
ME15089,CA03756,50%,0.4051,0.253
ME15090,CA04921,100%,0.06,0.183
ME15091,CA01451,100%,-0.0048,0.408
ME15092,CA06753,25%,0.0662,0.172
ME15093,CA04430,25%,-0.132,0.143
ME15094,CA05471,75%,-0.12,0.194
ME15095,CA01548,25%,-0.0259,0.221
ME15096,CA03686,75%,-0.0024,0.113
ME15097,CA05604,100%,-0.0502,0.454
ME15098,CA06094,75%,0.1987,0.398
ME15099,CA03552,50%,0.1457,0.363
ME15100,CA06579,50%,-0.033,0.459
ME15101,CA06790,100%,-0.1064,0.248
ME15102,CA05225,75%,-0.3615,0.298
ME15103,CA03012,25%,-0.2139,0.104
ME15104,CA01886,25%,-0.0737,0.426
ME15105,CA06489,25%,0.1286,0.127
ME15106,CA06787,50%,-0.0727,0.404
ME15107,CA06114,100%,0.1693,0.355
ME15108,CA06585,50%,-0.0083,0.455
ME15109,CA01227,50%,-0.1147,0.335
ME15110,CA00232,25%,-0.0635,0.392
ME15111,CA03416,25%,0.0703,0.153
ME15112,CA01634,25%,0.2478,0.188
ME15113,CA04679,100%,0.045,0.139
ME15114,CA02725,75%,-0.0401,0.487
ME15115,CA00073,100%,-0.0713,0.409
ME15116,CA01232,50%,0.1904,0.29
ME15117,CA04095,25%,0.1245,0.489
ME15118,CA05540,75%,-0.1661,0.292
ME15119,CA07043,100%,0.1149,0.463
ME15120,CA04869,100%,0.0174,0.423
ME15121,CA04505,75%,-0.0091,0.252
ME15122,CA06613,75%,-0.3288,0.109
ME15123,CA04108,75%,0.1831,0.21
ME15124,CA03842,25%,0.1665,0.117
ME15125,CA03351,50%,-0.0248,0.15
ME15126,CA06541,50%,-0.0699,0.42
ME15127,CA01747,100%,0.0995,0.464
ME15128,CA06408,25%,-0.1747,0.139
ME15129,CA05127,100%,-0.2519,0.288
ME15130,CA06381,25%,0.1096,0.371
ME15131,CA04562,50%,0.0148,0.495
ME15132,CA04274,75%,-0.2679,0.234
ME15133,CA00020,100%,0.1035,0.363
ME15134,CA05363,100%,0.0888,0.139
ME15135,CA01827,100%,-0.1427,0.459
ME15136,CA06142,75%,0.2238,0.44
ME15137,CA02956,75%,0.1659,0.112
ME15138,CA00556,100%,-0.1524,0.429
ME15139,CA02021,75%,-0.1811,0.408
ME15140,CA02482,25%,-0.254,0.156
ME15141,CA03178,75%,0.1816,0.119
ME15142,CA02613,75%,-0.0949,0.327
ME15143,CA02390,25%,-0.2092,0.441
ME15144,CA04207,75%,-0.1161,0.426
ME15145,CA04429,100%,0.2875,0.489
ME15146,CA04136,100%,-0.2611,0.144
ME15147,CA02634,50%,-0.0383,0.285
ME15148,CA05735,100%,-0.0501,0.279
ME15149,CA03234,100%,0.0347,0.38
ME15150,CA00756,25%,0.0729,0.437
ME15151,CA06250,100%,0.0203,0.451
ME15152,CA06182,100%,0.2969,0.397
ME15153,CA02360,100%,0.0069,0.163
ME15154,CA03439,25%,-0.0215,0.373
ME15155,CA01704,25%,-0.0906,0.114
ME15156,CA02339,25%,0.164,0.199
ME15157,CA00482,50%,-0.1502,0.22
ME15158,CA01864,100%,0.0957,0.205
ME15159,CA05465,75%,-0.0851,0.144
ME15160,CA01041,100%,-0.0577,0.149
ME15161,CA05176,75%,0.1914,0.335
ME15162,CA01922,25%,-0.1025,0.435
ME15163,CA04392,75%,-0.0611,0.399
ME15164,CA00047,100%,-0.0726,0.159
ME15165,CA02272,100%,-0.0427,0.35
ME15166,CA05513,50%,-0.1658,0.451
ME15167,CA05721,100%,-0.0089,0.398
ME15168,CA06843,75%,0.0781,0.199
ME15169,CA03720,25%,-0.0051,0.314
ME15170,CA04539,100%,-0.3571,0.321
ME15171,CA04275,75%,0.059,0.259
ME15172,CA03469,50%,0.1775,0.118
ME15173,CA02877,100%,0.0963,0.222
ME15174,CA00962,25%,0.1043,0.158
ME15175,CA03977,25%,0.049,0.499
ME15176,CA07008,50%,0.2893,0.406
ME15177,CA05439,25%,0.2114,0.131
ME15178,CA02521,100%,-0.1124,0.486
ME15179,CA06095,25%,-0.0412,0.229
ME15180,CA02986,50%,-0.2826,0.193
ME15181,CA01671,25%,-0.0793,0.166
ME15182,CA06307,75%,0.1888,0.43
ME15183,CA02758,50%,0.4595,0.425
ME15184,CA02045,75%,-0.2381,0.304
ME15185,CA05715,75%,0.1034,0.293
ME15186,CA02094,25%,0.0435,0.204
ME15187,CA02328,50%,0.0645,0.332
ME15188,CA05551,100%,0.1682,0.172
ME15189,CA00918,50%,-0.1981,0.475
ME15190,CA05514,100%,-0.0828,0.118
ME15191,CA05652,100%,-0.057,0.44
ME15192,CA06541,50%,-0.0323,0.333
ME15193,CA02464,100%,-0.14,0.24
ME15194,CA05332,50%,0.0585,0.394
ME15195,CA07012,75%,-0.2286,0.273
ME15196,CA02533,75%,0.0333,0.171
ME15197,CA00910,100%,0.1605,0.312
ME15198,CA02739,25%,-0.2315,0.355
ME15199,CA01827,100%,0.0997,0.12
ME15200,CA00964,25%,0.0927,0.305
ME15201,CA03112,25%,0.0044,0.347
ME15202,CA02306,25%,-0.3694,0.415
ME15203,CA04046,50%,-0.1354,0.482
ME15204,CA04535,100%,-0.2451,0.293
ME15205,CA00363,100%,-0.2194,0.28
ME15206,CA02675,75%,0.2322,0.466
ME15207,CA05394,100%,0.0727,0.211
ME15208,CA02724,50%,-0.0341,0.102
ME15209,CA05725,75%,-0.1515,0.423
ME15210,CA03482,25%,0.0853,0.493
ME15211,CA01857,25%,-0.3034,0.446
ME15212,CA02759,50%,0.2159,0.467
ME15213,CA04140,25%,0.0363,0.159
ME15214,CA03484,50%,-0.0395,0.138
ME15215,CA05045,50%,0.0633,0.335
ME15216,CA01144,75%,-0.0121,0.49
ME15217,CA03998,100%,-0.1977,0.428
ME15218,CA03408,25%,-0.1605,0.293
ME15219,CA01126,50%,0.0273,0.337
ME15220,CA01551,100%,0.2116,0.362
ME15221,CA00879,25%,0.1011,0.144
ME15222,CA00672,25%,-0.099,0.136
ME15223,CA03611,50%,-0.0278,0.116
ME15224,CA03129,25%,0.2163,0.337
ME15225,CA05964,25%,-0.1551,0.347
ME15226,CA03857,25%,-0.2482,0.197
ME15227,CA07070,25%,-0.0798,0.473
ME15228,CA02948,75%,0.0469,0.352
ME15229,CA00312,75%,0.1699,0.477
ME15230,CA03855,75%,0.3207,0.31
ME15231,CA05816,100%,-0.0212,0.203
ME15232,CA07091,100%,-0.3965,0.49
ME15233,CA05277,100%,-0.0136,0.331
ME15234,CA02344,50%,-0.1162,0.123
ME15235,CA06784,100%,0.1611,0.418
ME15236,CA01561,25%,0.232,0.29
ME15237,CA01694,75%,0.064,0.186
ME15238,CA05174,100%,-0.3869,0.494
ME15239,CA03658,50%,0.1947,0.35
ME15240,CA00861,75%,-0.0925,0.397
ME15241,CA01109,75%,0.0765,0.284
ME15242,CA01522,25%,0.0466,0.414
ME15243,CA05601,100%,0.0766,0.308
ME15244,CA00537,50%,-0.177,0.458
ME15245,CA06444,75%,0.0395,0.392
ME15246,CA02095,75%,-0.0765,0.498
ME15247,CA04786,100%,-0.0917,0.489
ME15248,CA03798,50%,0.2212,0.241
ME15249,CA00358,25%,0.2586,0.216
ME15250,CA00936,50%,-0.2939,0.414
ME15251,CA04179,75%,-0.1136,0.29
ME15252,CA00110,25%,0.0414,0.484
ME15253,CA04441,50%,0.061,0.144
ME15254,CA06064,100%,0.0835,0.201
ME15255,CA00273,25%,-0.2897,0.456
ME15256,CA01105,75%,-0.1187,0.137
ME15257,CA00310,50%,-0.1748,0.155
ME15258,CA03893,25%,-0.0308,0.466
ME15259,CA00992,75%,-0.1411,0.186
ME15260,CA00351,50%,-0.0615,0.308
ME15261,CA05991,75%,0.1105,0.373
ME15262,CA01291,100%,0.0358,0.493
ME15263,CA01799,100%,-0.1724,0.193
ME15264,CA01033,25%,0.4035,0.164
ME15265,CA04770,75%,-0.3499,0.323
ME15266,CA01157,100%,0.6103,0.475
ME15267,CA06960,100%,0.2364,0.197
ME15268,CA06649,75%,-0.215,0.342
ME15269,CA03141,75%,0.0939,0.213
ME15270,CA03702,75%,0.0168,0.311
ME15271,CA00622,75%,0.0091,0.316
ME15272,CA03720,50%,0.1078,0.415
ME15273,CA05299,100%,0.2366,0.376
ME15274,CA06174,25%,0.0874,0.135
ME15275,CA01476,25%,0.0038,0.361
ME15276,CA04829,100%,-0.1154,0.393
ME15277,CA01952,75%,0.0046,0.327
ME15278,CA06003,50%,0.0194,0.367
ME15279,CA02765,75%,-0.1663,0.126
ME15280,CA02456,100%,0.3148,0.172
ME15281,CA05947,25%,-0.0507,0.228
ME15282,CA06482,25%,-0.0681,0.193
ME15283,CA01773,50%,-0.201,0.221
ME15284,CA01395,50%,-0.0861,0.34
ME15285,CA06930,25%,-0.3052,0.377
ME15286,CA04448,25%,0.294,0.171
ME15287,CA06238,25%,0.2269,0.257
ME15288,CA00343,100%,0.4488,0.27
ME15289,CA02061,50%,-0.1456,0.481
ME15290,CA02129,25%,0.256,0.152
ME15291,CA04155,50%,-0.0429,0.19
ME15292,CA03029,100%,-0.286,0.432
ME15293,CA00189,25%,-0.1393,0.417
ME15294,CA00920,50%,-0.0219,0.471
ME15295,CA06881,50%,-0.1395,0.421
ME15296,CA04844,100%,0.0559,0.174
ME15297,CA01000,75%,-0.0071,0.117
ME15298,CA03153,50%,-0.2002,0.231
ME15299,CA00626,75%,0.3164,0.203
ME15300,CA05942,25%,0.0982,0.203
ME15301,CA03680,25%,0.1449,0.462
ME15302,CA06234,50%,-0.3339,0.383
ME15303,CA06225,75%,-0.0414,0.281
ME15304,CA01755,25%,0.1023,0.38
ME15305,CA03071,100%,0.0434,0.245
ME15306,CA01327,75%,0.3453,0.158
ME15307,CA01503,100%,-0.0412,0.297
ME15308,CA00743,25%,-0.0031,0.296
ME15309,CA00473,100%,-0.0688,0.184
ME15310,CA03594,25%,0.1833,0.313
ME15311,CA00366,100%,-0.0309,0.442
ME15312,CA02740,50%,0.0135,0.153
ME15313,CA01454,75%,-0.2845,0.319
ME15314,CA04246,50%,0.026,0.225
ME15315,CA06035,25%,-0.0426,0.35
ME15316,CA07076,75%,-0.0451,0.273
ME15317,CA04049,50%,-0.1938,0.421
ME15318,CA04408,25%,-0.2821,0.178
ME15319,CA03864,25%,0.0344,0.462
ME15320,CA01777,100%,0.1709,0.246
ME15321,CA03684,25%,-0.1367,0.441
ME15322,CA05850,50%,-0.1489,0.195
ME15323,CA02820,100%,-0.2266,0.129
ME15324,CA03187,100%,-0.0819,0.39
ME15325,CA03128,50%,0.0426,0.269
ME15326,CA01334,75%,0.1303,0.483
ME15327,CA00251,75%,-0.0078,0.119
ME15328,CA00387,75%,0.0033,0.254
ME15329,CA00298,50%,-0.0448,0.219
ME15330,CA04288,25%,-0.0241,0.133
ME15331,CA03034,100%,0.0135,0.397
ME15332,CA00055,75%,-0.0662,0.334
ME15333,CA02641,75%,0.3276,0.388
ME15334,CA06153,50%,0.2471,0.376
ME15335,CA06535,25%,0.173,0.211
ME15336,CA00800,75%,-0.164,0.449
ME15337,CA05832,25%,0.1545,0.324
ME15338,CA06081,25%,-0.4535,0.132
ME15339,CA06886,75%,-0.1661,0.155
ME15340,CA06724,75%,0.1457,0.237
ME15341,CA01579,100%,0.4788,0.247
ME15342,CA04103,100%,0.2035,0.289
ME15343,CA01553,100%,-0.1617,0.326
ME15344,CA00415,75%,-0.0169,0.476
ME15345,CA05543,75%,-0.1379,0.102
ME15346,CA03168,50%,-0.3052,0.276
ME15347,CA00413,100%,-0.1101,0.225
ME15348,CA00800,50%,0.2281,0.163
ME15349,CA00986,25%,-0.1334,0.157
ME15350,CA04455,50%,0.0599,0.256
ME15351,CA01568,50%,-0.1881,0.191
ME15352,CA00562,25%,0.0235,0.488
ME15353,CA05322,100%,-0.1727,0.346
ME15354,CA05127,25%,0.1376,0.176
ME15355,CA00312,75%,0.15,0.379
ME15356,CA00575,75%,-0.0678,0.442
ME15357,CA06327,75%,0.2888,0.291
ME15358,CA03290,25%,-0.089,0.132
ME15359,CA00591,100%,0.2675,0.222
ME15360,CA00321,25%,0.1514,0.258
ME15361,CA06720,75%,0.2831,0.113
ME15362,CA03314,100%,0.0964,0.131
ME15363,CA00740,25%,-0.2314,0.338
ME15364,CA05020,75%,-0.1139,0.273
ME15365,CA06686,50%,-0.1452,0.258
ME15366,CA02222,75%,0.0308,0.342
ME15367,CA04507,100%,0.1201,0.111
ME15368,CA04045,100%,-0.0356,0.385
ME15369,CA02518,25%,-0.0117,0.389
ME15370,CA01924,50%,0.0386,0.344
ME15371,CA06625,75%,-0.0993,0.279
ME15372,CA01068,75%,0.2549,0.211
ME15373,CA06655,75%,-0.1981,0.175
ME15374,CA06538,25%,0.0728,0.37
ME15375,CA06631,50%,0.136,0.107
ME15376,CA06825,25%,-0.2721,0.352
ME15377,CA03771,50%,-0.2217,0.26
ME15378,CA00519,25%,-0.1583,0.343
ME15379,CA06532,100%,0.1926,0.368
ME15380,CA01664,75%,-0.1959,0.477
ME15381,CA01220,25%,0.2107,0.495
ME15382,CA01976,100%,-0.135,0.148
ME15383,CA06222,25%,0.062,0.334
ME15384,CA06249,25%,-0.145,0.216
ME15385,CA04688,25%,0.0211,0.34
ME15386,CA03533,50%,0.0481,0.428
ME15387,CA05315,50%,0.0721,0.43
ME15388,CA02651,75%,-0.1518,0.417
ME15389,CA02118,100%,0.0378,0.381
ME15390,CA06045,100%,-0.0145,0.226
ME15391,CA01094,50%,-0.0201,0.35
ME15392,CA04121,100%,-0.1392,0.316
ME15393,CA04652,75%,0.0363,0.247
ME15394,CA01574,100%,0.1369,0.129
ME15395,CA05178,100%,0.1363,0.347
ME15396,CA03767,25%,0.4914,0.48
ME15397,CA05333,25%,-0.1333,0.118
ME15398,CA04798,75%,-0.2541,0.341
ME15399,CA05625,75%,0.3395,0.23
ME15400,CA03456,25%,-0.0257,0.169
ME15401,CA01355,25%,-0.137,0.208
ME15402,CA02001,50%,0.1253,0.479
ME15403,CA07065,75%,-0.3211,0.405
ME15404,CA06937,75%,-0.03,0.37
ME15405,CA01705,50%,-0.3577,0.38
ME15406,CA04072,75%,-0.1574,0.361
ME15407,CA05682,25%,-0.2782,0.344
ME15408,CA05171,100%,-0.1131,0.288
ME15409,CA06581,50%,0.0611,0.491
ME15410,CA03004,100%,0.1826,0.165
ME15411,CA07183,100%,-0.0005,0.11
ME15412,CA06389,25%,-0.0789,0.214
ME15413,CA00005,50%,-0.34,0.2
ME15414,CA06301,25%,0.1114,0.266
ME15415,CA05225,75%,0.0006,0.302
ME15416,CA05837,75%,0.0687,0.447
ME15417,CA02919,50%,-0.1629,0.358
ME15418,CA02715,50%,0.0499,0.437
ME15419,CA00185,25%,0.0997,0.369
ME15420,CA04811,50%,-0.0201,0.348
ME15421,CA01934,100%,0.3925,0.371
ME15422,CA05436,50%,-0.243,0.136
ME15423,CA07114,25%,-0.088,0.476
ME15424,CA03870,25%,-0.0589,0.227
ME15425,CA04874,100%,-0.1181,0.314
ME15426,CA03772,75%,-0.3309,0.226
ME15427,CA05163,75%,-0.4212,0.473
ME15428,CA05818,25%,0.0198,0.186
ME15429,CA02613,100%,-0.0393,0.21
ME15430,CA06805,50%,-0.051,0.317
ME15431,CA01431,25%,0.1061,0.465
ME15432,CA00209,50%,-0.138,0.19
ME15433,CA06623,50%,0.2024,0.199
ME15434,CA05283,50%,0.1059,0.49
ME15435,CA04801,100%,0.064,0.187
ME15436,CA03068,25%,-0.0965,0.478
ME15437,CA04338,25%,0.0487,0.206
ME15438,CA03276,100%,-0.0674,0.346
ME15439,CA01626,100%,-0.0411,0.106
ME15440,CA02439,50%,0.0467,0.254
ME15441,CA00936,50%,-0.0156,0.361
ME15442,CA00371,50%,0.3134,0.351
ME15443,CA03454,25%,-0.0639,0.119
ME15444,CA00181,25%,0.0121,0.37
ME15445,CA04216,75%,0.2518,0.459
ME15446,CA06788,75%,-0.1308,0.324
ME15447,CA00422,25%,0.0095,0.263
ME15448,CA06760,100%,-0.1746,0.251
ME15449,CA03643,25%,-0.0217,0.278
ME15450,CA00965,50%,0.1511,0.333
ME15451,CA05678,25%,0.0324,0.214
ME15452,CA01755,75%,-0.0936,0.399
ME15453,CA01019,25%,0.079,0.469
ME15454,CA05576,50%,-0.1482,0.451
ME15455,CA02159,75%,-0.4379,0.304
ME15456,CA07169,100%,0.153,0.249
ME15457,CA05476,100%,-0.0983,0.144
ME15458,CA00140,50%,0.0241,0.147
ME15459,CA05544,50%,0.3548,0.258
ME15460,CA03269,25%,-0.3495,0.412
ME15461,CA03274,50%,-0.1661,0.288
ME15462,CA06242,75%,0.2538,0.111
ME15463,CA01868,25%,0.0173,0.148
ME15464,CA04200,75%,-0.0843,0.141
ME15465,CA00872,50%,-0.0126,0.14
ME15466,CA03803,75%,-0.1298,0.107
ME15467,CA01449,75%,-0.0347,0.432
ME15468,CA04996,100%,-0.1012,0.204
ME15469,CA06515,100%,0.2187,0.494
ME15470,CA02836,50%,0.1575,0.103
ME15471,CA06354,75%,-0.1516,0.17
ME15472,CA04481,75%,0.2336,0.44
ME15473,CA02999,100%,-0.0647,0.11
ME15474,CA00199,75%,-0.2646,0.269
ME15475,CA06320,100%,-0.2001,0.352
ME15476,CA04741,25%,-0.008,0.25
ME15477,CA03008,25%,-0.239,0.423
ME15478,CA06820,50%,-0.1098,0.441
ME15479,CA02320,75%,-0.0484,0.301
ME15480,CA03791,25%,0.0866,0.319
ME15481,CA03939,25%,0.1344,0.188
ME15482,CA01991,25%,0.028,0.371
ME15483,CA03687,25%,-0.1765,0.276
ME15484,CA01365,50%,0.228,0.356
ME15485,CA06691,25%,0.0433,0.276
ME15486,CA02677,25%,0.0197,0.214
ME15487,CA06068,50%,-0.1769,0.442
ME15488,CA04581,25%,-0.0107,0.27
ME15489,CA06126,75%,-0.1615,0.195
ME15490,CA05740,100%,0.1313,0.384
ME15491,CA05353,100%,-0.2049,0.462
ME15492,CA04773,75%,-0.1625,0.293
ME15493,CA05208,50%,0.3524,0.177
ME15494,CA02032,75%,0.31,0.253
ME15495,CA01002,25%,0.1119,0.184
ME15496,CA04019,75%,0.0847,0.175
ME15497,CA06254,75%,0.1756,0.151
ME15498,CA02296,75%,0.2784,0.383
ME15499,CA01535,25%,0.0303,0.42
ME15500,CA00601,50%,-0.184,0.18
ME15501,CA04847,50%,-0.1743,0.219
ME15502,CA01763,100%,0.0927,0.312
ME15503,CA03343,100%,0.0874,0.348
ME15504,CA06261,50%,-0.0123,0.443
ME15505,CA01506,50%,0.0317,0.104
ME15506,CA02747,75%,-0.1878,0.464
ME15507,CA03877,75%,0.0853,0.106
ME15508,CA04131,100%,0.0549,0.378
ME15509,CA00976,75%,-0.0527,0.141
ME15510,CA03250,75%,0.2668,0.464
ME15511,CA04571,100%,0.0804,0.148
ME15512,CA06023,25%,-0.0451,0.417
ME15513,CA03995,100%,-0.2348,0.282
ME15514,CA00096,75%,-0.2418,0.462
ME15515,CA02538,75%,0.3769,0.241
ME15516,CA03829,75%,0.4017,0.121
ME15517,CA04929,25%,-0.0345,0.302
ME15518,CA00150,50%,-0.1421,0.423
ME15519,CA00536,25%,-0.0315,0.414
ME15520,CA02586,25%,0.3585,0.214
ME15521,CA02745,100%,-0.3184,0.438
ME15522,CA06791,50%,-0.0857,0.343
ME15523,CA02802,100%,-0.1626,0.353
ME15524,CA01059,50%,0.0159,0.274
ME15525,CA02478,75%,-0.1637,0.316
ME15526,CA05286,100%,0.3793,0.291
ME15527,CA04104,25%,-0.2328,0.26
ME15528,CA01265,75%,-0.0677,0.443
ME15529,CA00643,50%,-0.253,0.416
ME15530,CA02967,75%,-0.0184,0.464
ME15531,CA01739,75%,0.4231,0.21
ME15532,CA04887,75%,-0.1368,0.314
ME15533,CA00337,25%,0.1145,0.207
ME15534,CA00128,50%,0.0092,0.415
ME15535,CA06369,100%,0.0558,0.406
ME15536,CA03383,25%,-0.2997,0.14
ME15537,CA06280,25%,-0.1292,0.333
ME15538,CA01804,50%,-0.0026,0.239
ME15539,CA05166,50%,0.4263,0.469
ME15540,CA01346,50%,-0.2067,0.209
ME15541,CA07087,75%,-0.0176,0.363
ME15542,CA04650,50%,-0.2527,0.371
ME15543,CA05459,50%,0.3082,0.391
ME15544,CA00588,75%,0.2284,0.125
ME15545,CA00177,25%,0.0936,0.255
ME15546,CA00828,75%,-0.1147,0.456
ME15547,CA03741,100%,-0.1735,0.191
ME15548,CA06111,50%,-0.1481,0.344
ME15549,CA00541,100%,0.1348,0.381
ME15550,CA05887,75%,0.0195,0.382
ME15551,CA03118,75%,0.2099,0.381
ME15552,CA01433,50%,0.0427,0.176
ME15553,CA01300,25%,-0.0569,0.433
ME15554,CA05265,50%,-0.0354,0.239
ME15555,CA03312,100%,0.0109,0.357
ME15556,CA02931,50%,-0.108,0.195
ME15557,CA02141,50%,0.0045,0.31
ME15558,CA01918,100%,-0.2284,0.373
ME15559,CA03599,25%,-0.0618,0.32
ME15560,CA02855,75%,-0.3121,0.241
ME15561,CA06230,100%,-0.1495,0.114
ME15562,CA01864,100%,0.0138,0.187
ME15563,CA01197,100%,0.2218,0.18
ME15564,CA05648,100%,-0.0886,0.48
ME15565,CA04753,100%,0.1753,0.137
ME15566,CA01275,100%,0.1668,0.463
ME15567,CA05134,75%,0.0123,0.367
ME15568,CA06651,75%,-0.1708,0.378
ME15569,CA06814,100%,-0.2051,0.105
ME15570,CA04047,100%,0.0215,0.101
ME15571,CA03435,50%,0.138,0.418
ME15572,CA04461,75%,0.0746,0.469
ME15573,CA01537,100%,0.016,0.38
ME15574,CA04330,50%,-0.0599,0.325
ME15575,CA04619,25%,-0.1014,0.239
ME15576,CA01584,50%,-0.1141,0.339
ME15577,CA01445,100%,0.2796,0.29
ME15578,CA06666,100%,0.2276,0.147
ME15579,CA04743,100%,0.0525,0.214
ME15580,CA01905,75%,0.1614,0.446
ME15581,CA06085,25%,-0.285,0.112
ME15582,CA00696,50%,-0.1065,0.269
ME15583,CA00419,25%,0.4196,0.426
ME15584,CA06621,75%,0.0937,0.421
ME15585,CA00594,25%,0.1519,0.411
ME15586,CA04592,75%,0.0981,0.242
ME15587,CA04118,75%,-0.0714,0.141
ME15588,CA03868,100%,0.0703,0.375
ME15589,CA06933,25%,0.0257,0.326
ME15590,CA00594,75%,0.0073,0.243
ME15591,CA02251,100%,0.0807,0.218
ME15592,CA01161,100%,-0.244,0.311
ME15593,CA04675,75%,0.034,0.419
ME15594,CA01397,50%,-0.0739,0.126
ME15595,CA06444,25%,-0.2274,0.235
ME15596,CA07030,25%,-0.1985,0.485
ME15597,CA00753,25%,0.1486,0.129
ME15598,CA05088,100%,-0.0758,0.195
ME15599,CA00464,75%,-0.2491,0.455
ME15600,CA05157,50%,0.0195,0.264
ME15601,CA02816,75%,-0.3624,0.176
ME15602,CA00688,75%,-0.0241,0.242
ME15603,CA06736,50%,-0.0904,0.31
ME15604,CA03227,50%,-0.2254,0.382
ME15605,CA05998,25%,0.025,0.366
ME15606,CA02246,100%,-0.1552,0.142
ME15607,CA02702,75%,0.0889,0.213
ME15608,CA05818,100%,-0.0179,0.142
ME15609,CA05433,50%,0.1529,0.309
ME15610,CA01458,25%,-0.1949,0.273
ME15611,CA05964,25%,0.2027,0.335
ME15612,CA00362,25%,0.4665,0.432
ME15613,CA02401,100%,0.0735,0.243
ME15614,CA06905,25%,0.1082,0.459
ME15615,CA06527,100%,0.1102,0.39
ME15616,CA04691,100%,0.377,0.269
ME15617,CA02196,50%,-0.1693,0.331
ME15618,CA05897,100%,0.1009,0.189
ME15619,CA00654,50%,0.096,0.241
ME15620,CA04334,75%,-0.1231,0.251
ME15621,CA02284,25%,0.1013,0.311
ME15622,CA00325,75%,-0.3002,0.128
ME15623,CA03456,75%,0.0818,0.392
ME15624,CA02354,75%,-0.2802,0.365
ME15625,CA03258,100%,0.2125,0.336
ME15626,CA01464,100%,-0.3768,0.226
ME15627,CA02936,75%,-0.2505,0.36
ME15628,CA01011,25%,0.0294,0.196
ME15629,CA03526,75%,0.0601,0.435
ME15630,CA02487,25%,0.2502,0.163
ME15631,CA03521,25%,0.0215,0.409
ME15632,CA03186,25%,-0.1572,0.289
ME15633,CA02684,100%,-0.0081,0.235
ME15634,CA01930,100%,-0.0889,0.137
ME15635,CA05460,100%,0.0626,0.388
ME15636,CA06822,100%,-0.2923,0.451
ME15637,CA00690,25%,-0.0057,0.129
ME15638,CA05486,75%,0.1732,0.439
ME15639,CA02501,50%,0.2627,0.142
ME15640,CA02995,25%,-0.0072,0.226
ME15641,CA01163,50%,0.3126,0.422
ME15642,CA01018,25%,0.1082,0.436
ME15643,CA01370,50%,-0.1402,0.32
ME15644,CA03042,50%,-0.0491,0.462
ME15645,CA05665,50%,-0.1567,0.499
ME15646,CA03624,50%,-0.2331,0.231
ME15647,CA02374,25%,0.2099,0.195
ME15648,CA07121,100%,-0.1992,0.237
ME15649,CA05442,25%,-0.0073,0.245
ME15650,CA00235,75%,0.0009,0.316
ME15651,CA01587,75%,-0.0848,0.163
ME15652,CA03378,75%,-0.2929,0.206
ME15653,CA00623,75%,0.0058,0.417
ME15654,CA02980,50%,-0.0668,0.173
ME15655,CA05933,75%,-0.2377,0.208
ME15656,CA03895,50%,-0.0104,0.417
ME15657,CA04531,100%,0.128,0.361
ME15658,CA01702,25%,-0.1992,0.193
ME15659,CA02633,100%,0.3891,0.146
ME15660,CA00109,50%,-0.2809,0.202
ME15661,CA05696,75%,0.0782,0.336
ME15662,CA00580,75%,0.3151,0.142
ME15663,CA06144,100%,0.1849,0.288
ME15664,CA01116,100%,-0.14,0.316
ME15665,CA00708,25%,0.015,0.224
ME15666,CA07165,25%,0.1432,0.133
ME15667,CA03589,50%,-0.1595,0.2
ME15668,CA00171,100%,0.0172,0.445
ME15669,CA01661,50%,-0.1276,0.489
ME15670,CA01824,75%,-0.0402,0.104
ME15671,CA05010,25%,0.0075,0.202
ME15672,CA01996,100%,0.0128,0.459
ME15673,CA03717,100%,0.2018,0.39
ME15674,CA05067,25%,0.0486,0.247
ME15675,CA01341,50%,-0.1866,0.393
ME15676,CA01776,75%,0.1532,0.191
ME15677,CA02213,25%,-0.0233,0.227
ME15678,CA02916,50%,0.133,0.329
ME15679,CA01885,100%,-0.3002,0.119
ME15680,CA06981,75%,-0.0065,0.116
ME15681,CA02728,25%,0.0232,0.34
ME15682,CA06649,50%,0.3018,0.247
ME15683,CA02740,100%,0.1228,0.469
ME15684,CA02774,50%,-0.1445,0.417
ME15685,CA00637,100%,-0.2518,0.299
ME15686,CA06433,50%,-0.0945,0.401
ME15687,CA05243,25%,-0.2852,0.473
ME15688,CA00290,75%,0.177,0.221
ME15689,CA06264,75%,0.1034,0.165
ME15690,CA03004,75%,-0.1774,0.405
ME15691,CA04065,50%,-0.1172,0.396
ME15692,CA00669,25%,0.2477,0.462
ME15693,CA04508,50%,-0.012,0.206
ME15694,CA00540,50%,0.0036,0.188
ME15695,CA00428,100%,-0.0395,0.447
ME15696,CA01984,25%,-0.0806,0.335
ME15697,CA06429,25%,0.0985,0.481
ME15698,CA06830,75%,0.311,0.4
ME15699,CA06178,75%,-0.0752,0.455
ME15700,CA00328,100%,0.0604,0.479
ME15701,CA02221,50%,-0.0609,0.296
ME15702,CA04794,50%,-0.0697,0.108
ME15703,CA06962,75%,0.0171,0.138
ME15704,CA06405,50%,-0.0979,0.133
ME15705,CA03688,75%,-0.1286,0.41
ME15706,CA06299,25%,0.0664,0.25
ME15707,CA05959,25%,0.0301,0.255
ME15708,CA02668,100%,-0.229,0.473
ME15709,CA06674,25%,-0.2052,0.228
ME15710,CA04119,50%,-0.0226,0.315
ME15711,CA05844,25%,0.0808,0.318
ME15712,CA02649,100%,0.0117,0.408
ME15713,CA02478,100%,-0.1175,0.199
ME15714,CA06540,25%,0.2076,0.112
ME15715,CA05006,75%,-0.0988,0.228
ME15716,CA01297,50%,-0.2584,0.396
ME15717,CA03770,100%,-0.183,0.358
ME15718,CA05439,25%,-0.2163,0.102
ME15719,CA01088,100%,-0.0653,0.355
ME15720,CA03179,25%,0.3028,0.151
ME15721,CA04603,25%,-0.1832,0.351
ME15722,CA03111,75%,-0.0741,0.477
ME15723,CA02105,75%,0.1107,0.303
ME15724,CA05682,75%,0.249,0.3
ME15725,CA03227,100%,-0.006,0.105
ME15726,CA02408,100%,-0.3598,0.331
ME15727,CA05144,75%,0.3189,0.294
ME15728,CA01262,75%,-0.0051,0.46
ME15729,CA04845,25%,0.026,0.261
ME15730,CA03339,50%,-0.0829,0.313
ME15731,CA02550,100%,-0.4658,0.16
ME15732,CA05345,50%,0.0073,0.104
ME15733,CA05903,50%,-0.1957,0.204
ME15734,CA00792,75%,0.1637,0.28
ME15735,CA01019,25%,-0.1474,0.166
ME15736,CA02242,25%,0.0463,0.309
ME15737,CA07196,100%,-0.2378,0.307
ME15738,CA06583,75%,-0.0187,0.462
ME15739,CA00767,100%,-0.3152,0.498
ME15740,CA01782,75%,-0.0326,0.175
ME15741,CA04740,50%,-0.1171,0.286
ME15742,CA06094,100%,0.018,0.493
ME15743,CA03493,50%,0.313,0.468
ME15744,CA03765,100%,-0.1492,0.491
ME15745,CA00115,25%,-0.1885,0.305
ME15746,CA04854,100%,-0.2578,0.324
ME15747,CA06272,100%,0.0109,0.254
ME15748,CA04670,100%,0.2092,0.454
ME15749,CA01012,75%,-0.1177,0.309
ME15750,CA01187,75%,-0.2539,0.497
ME15751,CA02478,25%,0.1186,0.361
ME15752,CA00956,100%,0.0251,0.354
ME15753,CA06144,75%,-0.2846,0.265
ME15754,CA04985,100%,-0.0116,0.136
ME15755,CA05359,75%,0.2585,0.203
ME15756,CA02465,50%,0.0081,0.436
ME15757,CA01859,100%,0.2692,0.391
ME15758,CA06277,75%,0.1778,0.307
ME15759,CA00853,75%,0.0085,0.254
ME15760,CA04119,50%,-0.1235,0.475
ME15761,CA00853,50%,-0.0899,0.284
ME15762,CA05888,75%,0.0517,0.101
ME15763,CA01603,75%,-0.0827,0.216
ME15764,CA02417,50%,0.3043,0.285
ME15765,CA02092,100%,0.0475,0.124
ME15766,CA02742,25%,-0.0444,0.499
ME15767,CA07151,50%,0.0283,0.446
ME15768,CA06581,100%,0.1078,0.386
ME15769,CA05109,50%,-0.0699,0.165
ME15770,CA03098,75%,-0.2532,0.273
ME15771,CA01299,75%,-0.2133,0.345
ME15772,CA03607,75%,-0.2758,0.214
ME15773,CA03458,25%,-0.3172,0.24
ME15774,CA03686,75%,0.0125,0.274
ME15775,CA05562,75%,-0.2433,0.338
ME15776,CA01191,25%,-0.1146,0.471
ME15777,CA00051,75%,0.4075,0.419
ME15778,CA00570,25%,-0.245,0.456
ME15779,CA04221,100%,-0.1251,0.31
ME15780,CA02697,75%,-0.1168,0.293
ME15781,CA02030,100%,0.1543,0.34
ME15782,CA05852,100%,0.1206,0.406
ME15783,CA02370,100%,0.1951,0.438
ME15784,CA03644,50%,0.0917,0.384
ME15785,CA03640,75%,-0.1494,0.161
ME15786,CA06311,25%,-0.0293,0.223
ME15787,CA04082,25%,0.0345,0.276
ME15788,CA00448,100%,-0.0981,0.151
ME15789,CA02173,25%,0.1994,0.335
ME15790,CA05778,100%,0.2442,0.403
ME15791,CA06576,75%,-0.227,0.271
ME15792,CA06900,75%,0.1875,0.437
ME15793,CA05693,25%,-0.3956,0.418
ME15794,CA04947,50%,0.1697,0.172
ME15795,CA03350,75%,0.0569,0.239
ME15796,CA05173,50%,-0.1539,0.41
ME15797,CA02628,100%,-0.1216,0.428
ME15798,CA06744,25%,-0.0605,0.155
ME15799,CA05858,25%,-0.2705,0.158
ME15800,CA04467,100%,-0.0869,0.437
ME15801,CA04447,100%,0.2462,0.436
ME15802,CA02119,50%,0.1112,0.371
ME15803,CA02614,25%,0.2736,0.397
ME15804,CA00301,50%,0.2807,0.358
ME15805,CA00181,50%,0.0486,0.296
ME15806,CA03938,50%,0.4511,0.409
ME15807,CA03201,100%,-0.1204,0.184
ME15808,CA02246,50%,-0.0324,0.366
ME15809,CA01288,100%,-0.0848,0.331
ME15810,CA03016,75%,-0.2112,0.363
ME15811,CA05942,100%,-0.0264,0.197
ME15812,CA05151,100%,0.0988,0.369
ME15813,CA06902,50%,-0.0871,0.281
ME15814,CA02265,75%,0.1501,0.164
ME15815,CA02541,75%,0.3179,0.147
ME15816,CA03270,25%,-0.002,0.398
ME15817,CA06618,25%,-0.1213,0.1
ME15818,CA01467,75%,-0.2697,0.374
ME15819,CA01977,25%,0.3731,0.289
ME15820,CA06710,100%,0.1899,0.367
ME15821,CA04398,25%,-0.0906,0.448
ME15822,CA05377,100%,-0.0074,0.153
ME15823,CA05250,75%,0.0385,0.422
ME15824,CA06168,50%,0.0076,0.181
ME15825,CA02562,75%,0.1683,0.185
ME15826,CA04409,25%,0.1682,0.435
ME15827,CA05710,75%,0.1152,0.351
ME15828,CA05175,50%,0.2101,0.221
ME15829,CA07072,25%,-0.0429,0.322
ME15830,CA04451,50%,-0.3744,0.346
ME15831,CA03109,25%,-0.1365,0.155
ME15832,CA01287,75%,0.1654,0.397
ME15833,CA04337,75%,0.0002,0.499
ME15834,CA01535,50%,0.1686,0.241
ME15835,CA07131,100%,0.0029,0.105
ME15836,CA07060,50%,0.374,0.493
ME15837,CA05799,50%,0.0926,0.163
ME15838,CA05042,75%,0.0852,0.427
ME15839,CA04676,100%,0.2482,0.467
ME15840,CA01316,75%,0.2362,0.401
ME15841,CA06985,25%,0.1,0.313
ME15842,CA03929,25%,-0.2721,0.339
ME15843,CA06062,100%,0.1361,0.473
ME15844,CA06272,50%,-0.1104,0.401
ME15845,CA00072,50%,0.0901,0.306
ME15846,CA05599,100%,-0.2633,0.491
ME15847,CA01188,100%,-0.1729,0.375
ME15848,CA07145,100%,-0.3461,0.487
ME15849,CA03450,75%,-0.2742,0.162
ME15850,CA04929,25%,-0.1989,0.445
ME15851,CA03288,75%,0.1472,0.465
ME15852,CA03078,75%,0.1212,0.488
ME15853,CA05241,25%,0.1004,0.303
ME15854,CA00227,75%,0.2135,0.288
ME15855,CA01033,50%,-0.1916,0.163
ME15856,CA05885,50%,0.4439,0.311
ME15857,CA02744,50%,0.5024,0.241
ME15858,CA04231,75%,-0.2463,0.432
ME15859,CA03641,100%,-0.0605,0.324
ME15860,CA03658,75%,-0.0283,0.405
ME15861,CA00097,50%,0.2377,0.349
ME15862,CA00689,50%,0.0765,0.354
ME15863,CA05317,25%,0.0814,0.16
ME15864,CA01915,50%,0.2705,0.142
ME15865,CA06187,25%,0.1956,0.217
ME15866,CA04291,50%,0.0519,0.267
ME15867,CA01313,25%,0.2362,0.145
ME15868,CA03753,75%,-0.0704,0.311
ME15869,CA05379,100%,0.0912,0.334
ME15870,CA00682,25%,0.0949,0.418
ME15871,CA03197,50%,-0.0197,0.201
ME15872,CA00390,75%,-0.1292,0.264
ME15873,CA02936,100%,-0.4007,0.282
ME15874,CA04988,50%,-0.2076,0.329
ME15875,CA04480,50%,-0.1885,0.338
ME15876,CA06187,50%,0.1867,0.288
ME15877,CA04990,50%,-0.0771,0.355
ME15878,CA04935,75%,-0.2397,0.133
ME15879,CA03998,100%,-0.066,0.115
ME15880,CA03704,25%,0.297,0.355
ME15881,CA00457,100%,0.1603,0.23
ME15882,CA04637,100%,-0.1284,0.212
ME15883,CA00851,75%,0.0781,0.172
ME15884,CA06381,100%,0.0139,0.306
ME15885,CA06443,25%,0.3938,0.311
ME15886,CA02052,25%,0.0567,0.479
ME15887,CA02116,50%,-0.0102,0.125
ME15888,CA01539,75%,-0.0602,0.38
ME15889,CA02265,25%,0.1672,0.112
ME15890,CA04023,50%,0.2318,0.434
ME15891,CA03695,25%,-0.0329,0.221
ME15892,CA02521,75%,-0.1421,0.421
ME15893,CA04923,25%,0.0738,0.147
ME15894,CA04131,25%,0.0785,0.188
ME15895,CA02848,25%,-0.2366,0.271
ME15896,CA06364,50%,0.097,0.334
ME15897,CA04730,75%,0.0874,0.444
ME15898,CA02814,100%,-0.133,0.416
ME15899,CA06812,100%,-0.1776,0.179
ME15900,CA00519,50%,-0.156,0.455
ME15901,CA06119,75%,0.1443,0.181
ME15902,CA06728,75%,-0.1157,0.485
ME15903,CA00883,100%,0.2161,0.489
ME15904,CA06737,100%,0.2592,0.315
ME15905,CA00883,100%,0.2562,0.475
ME15906,CA01937,25%,0.1059,0.496
ME15907,CA01789,75%,-0.0331,0.239
ME15908,CA06574,25%,-0.0781,0.437
ME15909,CA05752,75%,0.271,0.329
ME15910,CA03043,75%,0.0498,0.417
ME15911,CA02897,50%,-0.0072,0.252
ME15912,CA01032,50%,-0.0849,0.354
ME15913,CA04268,50%,-0.2671,0.337
ME15914,CA05739,75%,0.2866,0.31
ME15915,CA04195,100%,-0.1074,0.316
ME15916,CA04440,50%,-0.2173,0.307
ME15917,CA01720,100%,0.2534,0.226
ME15918,CA00174,75%,0.2326,0.148
ME15919,CA03915,100%,0.1406,0.456
ME15920,CA02291,50%,-0.2113,0.468
ME15921,CA05302,100%,-0.1248,0.211
ME15922,CA06088,100%,0.1381,0.436
ME15923,CA01349,100%,0.3745,0.393
ME15924,CA01364,50%,0.164,0.411
ME15925,CA04824,75%,0.1877,0.305
ME15926,CA05511,50%,-0.1915,0.347
ME15927,CA01276,25%,0.2076,0.123
ME15928,CA00588,100%,0.0463,0.412
ME15929,CA02572,50%,0.0209,0.488
ME15930,CA01849,75%,-0.2564,0.133
ME15931,CA00576,75%,0.0017,0.438
ME15932,CA00500,75%,0.0809,0.233
ME15933,CA07133,100%,-0.042,0.281
ME15934,CA03666,25%,0.1877,0.228
ME15935,CA03695,75%,-0.0448,0.209
ME15936,CA02108,75%,0.1778,0.448
ME15937,CA02428,100%,-0.3003,0.353
ME15938,CA06101,75%,-0.0748,0.112
ME15939,CA04720,75%,0.0566,0.173
ME15940,CA00965,25%,0.0231,0.137
ME15941,CA01599,50%,-0.1667,0.218
ME15942,CA02716,50%,-0.1981,0.497
ME15943,CA05513,100%,-0.018,0.246
ME15944,CA02177,75%,0.2319,0.36
ME15945,CA02134,100%,-0.0652,0.346
ME15946,CA03823,50%,-0.2406,0.298
ME15947,CA03040,50%,-0.1102,0.394
ME15948,CA04639,75%,0.0259,0.178
ME15949,CA03434,75%,-0.0001,0.298
ME15950,CA03661,75%,-0.1474,0.386
ME15951,CA05290,75%,-0.0266,0.109
ME15952,CA04965,50%,0.2284,0.102
ME15953,CA04266,75%,0.0426,0.144
ME15954,CA00597,25%,-0.3537,0.357
ME15955,CA03995,100%,-0.2689,0.328
ME15956,CA00762,75%,0.1258,0.18
ME15957,CA04665,100%,-0.1523,0.399
ME15958,CA04929,100%,0.0278,0.218
ME15959,CA07018,50%,-0.1329,0.5
ME15960,CA01460,25%,-0.3391,0.389
ME15961,CA06471,25%,-0.165,0.133
ME15962,CA03532,50%,-0.1328,0.38
ME15963,CA05680,25%,-0.2132,0.28
ME15964,CA04904,100%,-0.3297,0.353
ME15965,CA02450,75%,0.0693,0.317
ME15966,CA05820,25%,0.184,0.498
ME15967,CA01893,50%,-0.0198,0.214
ME15968,CA00085,25%,-0.0412,0.176
ME15969,CA06153,25%,0.2098,0.177
ME15970,CA05544,50%,0.0083,0.351
ME15971,CA01496,100%,0.0706,0.333
ME15972,CA05230,75%,-0.1415,0.286
ME15973,CA05093,100%,0.3208,0.492
ME15974,CA01311,50%,-0.178,0.491
ME15975,CA05628,75%,-0.0247,0.35
ME15976,CA00571,25%,0.1438,0.182
ME15977,CA01012,100%,-0.141,0.175
ME15978,CA05931,50%,-0.0706,0.424
ME15979,CA02933,50%,-0.1007,0.141
ME15980,CA03079,100%,0.1034,0.166
ME15981,CA02228,75%,0.0197,0.37
ME15982,CA00263,75%,-0.0783,0.443
ME15983,CA00486,100%,0.0373,0.443
ME15984,CA03862,25%,0.214,0.227
ME15985,CA07106,100%,0.2006,0.299
ME15986,CA07122,100%,0.0723,0.293
ME15987,CA07072,25%,-0.2356,0.268
ME15988,CA06960,50%,-0.2789,0.172
ME15989,CA02358,50%,-0.0747,0.382
ME15990,CA00670,100%,0.1469,0.468
ME15991,CA07019,100%,0.1638,0.243
ME15992,CA03541,75%,0.1713,0.445
ME15993,CA04924,75%,-0.3665,0.262
ME15994,CA00920,100%,-0.0318,0.405
ME15995,CA05490,25%,0.0163,0.299
ME15996,CA00509,75%,0.2608,0.135
ME15997,CA05833,75%,-0.3598,0.301
ME15998,CA04004,50%,0.0348,0.31
ME15999,CA06227,25%,-0.0464,0.41
ME16000,CA00464,75%,0.0407,0.393
ME16001,CA04109,50%,-0.0749,0.129
ME16002,CA04405,50%,0.2087,0.109
ME16003,CA00957,75%,-0.1026,0.217
ME16004,CA05220,100%,0.3189,0.257
ME16005,CA02304,50%,-0.1852,0.206
ME16006,CA06964,50%,-0.0076,0.432
ME16007,CA03295,75%,-0.1689,0.344
ME16008,CA05703,50%,-0.4103,0.145
ME16009,CA05039,50%,0.3174,0.386
ME16010,CA04701,50%,-0.2836,0.489
ME16011,CA01632,50%,-0.0512,0.216
ME16012,CA01286,100%,-0.2008,0.268
ME16013,CA04679,50%,0.0316,0.396
ME16014,CA04225,50%,0.0462,0.338
ME16015,CA04673,50%,-0.0315,0.389
ME16016,CA05290,25%,-0.1149,0.189
ME16017,CA00496,25%,0.0234,0.203
ME16018,CA04245,25%,-0.1045,0.138
ME16019,CA00718,75%,0.2715,0.378
ME16020,CA04009,100%,0.209,0.166
ME16021,CA00011,25%,0.1832,0.453
ME16022,CA05704,100%,-0.0225,0.116
ME16023,CA06667,25%,0.0349,0.367
ME16024,CA00415,100%,0.1202,0.482
ME16025,CA04524,50%,0.152,0.378
ME16026,CA02496,100%,0.1313,0.22
ME16027,CA03663,25%,0.0924,0.453
ME16028,CA05186,50%,-0.3071,0.461
ME16029,CA02052,50%,-0.3009,0.416
ME16030,CA03203,25%,0.0708,0.142
ME16031,CA06637,100%,0.0816,0.418
ME16032,CA01172,75%,-0.0234,0.116
ME16033,CA03019,75%,-0.41,0.162
ME16034,CA01967,100%,0.0666,0.238
ME16035,CA02479,50%,0.1287,0.447
ME16036,CA03079,100%,-0.0592,0.243
ME16037,CA02555,50%,0.1164,0.378
ME16038,CA02114,75%,-0.1849,0.378
ME16039,CA03266,100%,0.0516,0.371
ME16040,CA06940,75%,0.0417,0.457
ME16041,CA04452,100%,-0.2336,0.348
ME16042,CA02778,25%,0.0166,0.444
ME16043,CA04513,25%,0.2354,0.343
ME16044,CA05388,50%,0.0574,0.446
ME16045,CA03188,75%,0.0272,0.161
ME16046,CA04285,100%,-0.1514,0.399
ME16047,CA00667,100%,0.155,0.267
ME16048,CA04283,25%,-0.0284,0.163
ME16049,CA00627,50%,0.2375,0.498
ME16050,CA01081,75%,0.0364,0.2
ME16051,CA05277,75%,0.1579,0.446
ME16052,CA02307,100%,-0.0419,0.161
ME16053,CA02445,75%,0.2095,0.326
ME16054,CA03923,100%,0.4178,0.155
ME16055,CA05867,100%,0.2014,0.439
ME16056,CA06303,25%,0.3404,0.352
ME16057,CA00724,100%,0.4389,0.139
ME16058,CA06565,50%,-0.1432,0.342
ME16059,CA06734,25%,-0.1379,0.208
ME16060,CA02472,75%,0.0255,0.264
ME16061,CA07054,75%,0.2264,0.283
ME16062,CA00300,75%,-0.1191,0.495
ME16063,CA01325,75%,0.0403,0.487
ME16064,CA04383,25%,-0.1679,0.425
ME16065,CA01498,100%,-0.0783,0.445
ME16066,CA03907,100%,-0.1489,0.419
ME16067,CA04308,50%,-0.2036,0.302
ME16068,CA05400,100%,0.0659,0.359
ME16069,CA01073,25%,-0.1043,0.269
ME16070,CA01904,100%,-0.0401,0.404
ME16071,CA06167,50%,0.2739,0.215
ME16072,CA06567,50%,-0.0312,0.287
ME16073,CA03259,75%,0.328,0.44
ME16074,CA01133,50%,0.0109,0.181
ME16075,CA04837,25%,0.1248,0.327
ME16076,CA02111,50%,-0.1067,0.495
ME16077,CA03135,100%,0.1094,0.239
ME16078,CA01749,25%,0.2969,0.45
ME16079,CA02139,75%,-0.0459,0.314
ME16080,CA03106,75%,-0.0767,0.443
ME16081,CA00756,75%,0.2948,0.239
ME16082,CA04409,75%,-0.0187,0.319
ME16083,CA05683,75%,0.044,0.413
ME16084,CA01325,50%,0.1611,0.295
ME16085,CA02396,75%,0.2908,0.333
ME16086,CA00278,100%,-0.0963,0.429
ME16087,CA04020,75%,0.2935,0.327
ME16088,CA04456,50%,-0.0187,0.283
ME16089,CA07154,100%,0.1414,0.116
ME16090,CA04076,50%,0.0679,0.397
ME16091,CA02891,50%,0.1132,0.135
ME16092,CA05676,25%,-0.1861,0.428
ME16093,CA05383,25%,-0.0552,0.169
ME16094,CA06128,25%,0.1638,0.168
ME16095,CA03026,75%,0.2585,0.108
ME16096,CA06401,100%,0.126,0.473
ME16097,CA02812,25%,-0.1657,0.477
ME16098,CA02549,50%,0.0745,0.231
ME16099,CA02552,25%,0.0126,0.43
ME16100,CA01709,50%,0.0929,0.44
ME16101,CA03350,75%,-0.1662,0.15
ME16102,CA01706,50%,0.0416,0.193
ME16103,CA06514,75%,-0.0999,0.487
ME16104,CA02716,75%,-0.0941,0.208
ME16105,CA01500,25%,0.03,0.304
ME16106,CA00530,75%,-0.1556,0.352
ME16107,CA01284,75%,0.1106,0.18
ME16108,CA05882,50%,-0.1247,0.399
ME16109,CA01972,100%,0.0011,0.409
ME16110,CA03818,50%,0.0175,0.186
ME16111,CA07153,25%,-0.089,0.304
ME16112,CA02901,100%,0.2231,0.396
ME16113,CA06655,100%,0.1246,0.108
ME16114,CA04138,25%,-0.0859,0.158
ME16115,CA02072,50%,0.0347,0.479
ME16116,CA04443,100%,0.197,0.216
ME16117,CA01205,100%,0.0173,0.197
ME16118,CA04237,25%,-0.1455,0.197
ME16119,CA01704,100%,0.2842,0.248
ME16120,CA05877,75%,-0.0889,0.293
ME16121,CA00486,25%,0.1293,0.124
ME16122,CA00874,75%,0.149,0.184
ME16123,CA04929,100%,-0.1052,0.377
ME16124,CA03921,25%,-0.3191,0.124
ME16125,CA00612,50%,-0.0867,0.2
ME16126,CA04020,75%,-0.1197,0.34
ME16127,CA02471,25%,-0.1169,0.159
ME16128,CA05810,25%,-0.1377,0.321
ME16129,CA04722,25%,0.0566,0.191
ME16130,CA00672,75%,-0.0424,0.416
ME16131,CA01781,50%,-0.0609,0.128
ME16132,CA00703,25%,-0.187,0.435
ME16133,CA00617,100%,-0.1607,0.168
ME16134,CA06056,75%,-0.1825,0.389
ME16135,CA06771,75%,0.0512,0.345
ME16136,CA03468,100%,-0.0986,0.495
ME16137,CA04135,25%,-0.0264,0.204
ME16138,CA06845,75%,-0.0453,0.173
ME16139,CA01339,100%,0.1662,0.217
ME16140,CA02752,100%,0.2572,0.219
ME16141,CA06350,75%,0.1686,0.432
ME16142,CA04908,25%,0.4188,0.116
ME16143,CA02930,100%,-0.3295,0.318
ME16144,CA00735,100%,-0.0868,0.46
ME16145,CA04808,25%,0.1495,0.352
ME16146,CA03836,50%,-0.0788,0.141
ME16147,CA03359,75%,0.1518,0.418
ME16148,CA00660,75%,-0.0154,0.404
ME16149,CA05052,25%,-0.0325,0.42
ME16150,CA05102,25%,-0.0146,0.214
ME16151,CA01770,100%,-0.0765,0.217
ME16152,CA01479,100%,0.0139,0.145
ME16153,CA02568,25%,0.1318,0.254
ME16154,CA04296,25%,-0.2542,0.407
ME16155,CA06157,100%,0.1736,0.38
ME16156,CA00775,25%,-0.1496,0.231
ME16157,CA06747,50%,0.0018,0.224
ME16158,CA04045,25%,0.1373,0.27
ME16159,CA03805,100%,-0.1989,0.349
ME16160,CA05131,100%,0.2055,0.449
ME16161,CA02081,25%,0.1051,0.169
ME16162,CA03302,50%,-0.0054,0.413
ME16163,CA00179,25%,-0.2519,0.185
ME16164,CA07028,25%,0.2242,0.167
ME16165,CA05490,50%,-0.053,0.106
ME16166,CA06510,75%,-0.0699,0.107
ME16167,CA00867,25%,0.0114,0.211
ME16168,CA06468,25%,0.0019,0.209
ME16169,CA02478,25%,0.0845,0.361
ME16170,CA01840,25%,-0.0343,0.463
ME16171,CA04204,75%,0.1601,0.311
ME16172,CA00445,25%,0.0398,0.137
ME16173,CA00790,100%,-0.1592,0.396
ME16174,CA06858,100%,0.0749,0.389
ME16175,CA05312,75%,0.3289,0.32
ME16176,CA02807,100%,0.0786,0.336
ME16177,CA00422,75%,-0.201,0.466
ME16178,CA02548,50%,-0.245,0.122
ME16179,CA06662,100%,-0.1528,0.308
ME16180,CA00369,100%,0.0206,0.239
ME16181,CA06280,50%,0.1007,0.302
ME16182,CA05104,100%,0.058,0.419
ME16183,CA06857,25%,0.3029,0.297
ME16184,CA03042,50%,-0.0139,0.299
ME16185,CA03881,50%,0.0736,0.495
ME16186,CA03031,100%,-0.0381,0.359
ME16187,CA00902,100%,-0.2115,0.433
ME16188,CA01870,75%,0.0975,0.236
ME16189,CA05167,50%,0.1871,0.123
ME16190,CA02233,100%,-0.3036,0.144
ME16191,CA05434,100%,-0.3331,0.429
ME16192,CA06312,100%,0.1057,0.442
ME16193,CA03494,50%,-0.2001,0.143
ME16194,CA01761,25%,-0.3053,0.286
ME16195,CA05349,75%,0.01,0.45
ME16196,CA04420,25%,0.1906,0.111
ME16197,CA06384,50%,-0.051,0.144
ME16198,CA06096,100%,0.0475,0.382
ME16199,CA03428,50%,-0.2122,0.286
ME16200,CA01483,50%,-0.1375,0.222
ME16201,CA02202,50%,0.085,0.2
ME16202,CA06193,50%,-0.1654,0.296
ME16203,CA05799,100%,-0.2708,0.178
ME16204,CA01250,75%,0.092,0.233
ME16205,CA03267,25%,0.0541,0.217
ME16206,CA06238,50%,0.1068,0.279
ME16207,CA01948,75%,0.0365,0.449
ME16208,CA04228,25%,-0.1118,0.448
ME16209,CA05483,75%,-0.0199,0.228
ME16210,CA04935,100%,-0.1556,0.319
ME16211,CA05656,50%,-0.1364,0.276
ME16212,CA01221,100%,-0.164,0.455
ME16213,CA00758,75%,-0.3371,0.489
ME16214,CA02476,75%,0.0027,0.2
ME16215,CA04240,75%,-0.0673,0.471
ME16216,CA03412,75%,-0.4007,0.265
ME16217,CA05338,75%,0.1227,0.139
ME16218,CA01395,25%,0.2265,0.44
ME16219,CA01627,25%,-0.1344,0.499
ME16220,CA03064,100%,-0.2746,0.306
ME16221,CA05276,50%,-0.0593,0.123
ME16222,CA02333,100%,0.1158,0.47
ME16223,CA04932,100%,-0.323,0.311
ME16224,CA06868,50%,0.0377,0.119
ME16225,CA05621,75%,-0.2261,0.377
ME16226,CA00340,75%,-0.0935,0.371
ME16227,CA06397,100%,0.2287,0.477
ME16228,CA06572,100%,0.2777,0.122
ME16229,CA01321,50%,0.0579,0.397
ME16230,CA04437,75%,-0.0516,0.293
ME16231,CA05586,75%,-0.0578,0.271
ME16232,CA07051,25%,0.1626,0.239
ME16233,CA05921,100%,0.4293,0.283
ME16234,CA04520,75%,0.1325,0.269
ME16235,CA06717,100%,0.0286,0.314
ME16236,CA05569,75%,0.2338,0.214
ME16237,CA03064,50%,-0.182,0.15
ME16238,CA01082,50%,-0.2263,0.128
ME16239,CA03774,25%,-0.1812,0.342
ME16240,CA03625,25%,-0.0821,0.448
ME16241,CA01123,25%,-0.1875,0.249
ME16242,CA01816,100%,-0.1762,0.427
ME16243,CA04049,25%,0.1885,0.237
ME16244,CA05022,75%,-0.3295,0.389
ME16245,CA01525,50%,-0.3163,0.182
ME16246,CA04804,100%,0.0574,0.475
ME16247,CA02889,100%,-0.1973,0.405
ME16248,CA03998,50%,0.4946,0.392
ME16249,CA05816,50%,0.0807,0.389
ME16250,CA06534,75%,-0.3517,0.105
ME16251,CA05567,100%,0.0036,0.311
ME16252,CA04029,75%,0.1465,0.276
ME16253,CA04541,75%,0.0584,0.496
ME16254,CA07000,25%,-0.0141,0.132
ME16255,CA00795,100%,0.2798,0.269
ME16256,CA02586,25%,-0.1469,0.205
ME16257,CA02948,100%,0.0122,0.12
ME16258,CA06856,25%,-0.2437,0.488
ME16259,CA02375,100%,-0.0453,0.24
ME16260,CA06416,75%,-0.144,0.152
ME16261,CA05880,25%,0.1638,0.496
ME16262,CA02755,75%,0.23,0.43
ME16263,CA05652,25%,-0.4151,0.238
ME16264,CA00869,25%,-0.107,0.108
ME16265,CA03225,25%,-0.0108,0.222
ME16266,CA02901,50%,-0.191,0.219
ME16267,CA04227,100%,-0.0316,0.188
ME16268,CA04286,100%,0.1292,0.206
ME16269,CA02650,100%,0.3367,0.478
ME16270,CA00837,25%,-0.1848,0.398
ME16271,CA05424,75%,0.4273,0.204
ME16272,CA03508,75%,0.0119,0.477
ME16273,CA02864,100%,0.304,0.172
ME16274,CA02382,25%,-0.1464,0.118
ME16275,CA05616,75%,-0.0798,0.137
ME16276,CA04286,50%,0.4145,0.228
ME16277,CA02291,50%,-0.3457,0.387
ME16278,CA02140,25%,-0.1141,0.155
ME16279,CA00284,25%,0.114,0.167
ME16280,CA07184,100%,0.2654,0.256
ME16281,CA02948,75%,-0.3377,0.31
ME16282,CA04573,75%,-0.2334,0.475
ME16283,CA02040,50%,0.3008,0.126
ME16284,CA00529,100%,-0.0398,0.266
ME16285,CA04548,25%,0.0189,0.436
ME16286,CA03901,25%,0.0609,0.176
ME16287,CA04472,25%,-0.1438,0.122
ME16288,CA03745,75%,-0.0472,0.445
ME16289,CA03925,75%,0.114,0.335
ME16290,CA03680,75%,-0.0333,0.133
ME16291,CA06404,50%,-0.2343,0.118
ME16292,CA06706,75%,0.0112,0.381
ME16293,CA05237,50%,-0.1275,0.32
ME16294,CA03171,75%,-0.1319,0.367
ME16295,CA03684,75%,-0.1945,0.294
ME16296,CA04723,25%,-0.2239,0.202
ME16297,CA02659,75%,-0.0291,0.436
ME16298,CA06473,25%,0.2613,0.28
ME16299,CA00641,50%,0.0699,0.474
ME16300,CA04566,100%,-0.0136,0.312
ME16301,CA06775,50%,-0.0399,0.342
ME16302,CA05573,75%,0.3233,0.361
ME16303,CA01745,25%,-0.1589,0.179
ME16304,CA02933,50%,0.2577,0.134
ME16305,CA00373,25%,-0.0712,0.177
ME16306,CA01278,100%,-0.0734,0.15
ME16307,CA03994,50%,-0.1401,0.476
ME16308,CA06890,50%,-0.256,0.227
ME16309,CA00667,75%,0.2683,0.336
ME16310,CA06833,75%,-0.1321,0.177
ME16311,CA04253,100%,0.0296,0.47
ME16312,CA02289,50%,0.1557,0.299
ME16313,CA04962,50%,-0.1879,0.182
ME16314,CA00019,50%,0.1964,0.34
ME16315,CA07076,75%,0.135,0.273
ME16316,CA02949,25%,-0.0277,0.362
ME16317,CA06528,100%,0.083,0.144
ME16318,CA01426,100%,0.1888,0.458
ME16319,CA06203,50%,0.1868,0.206
ME16320,CA02672,50%,-0.2567,0.155
ME16321,CA02377,75%,0.2477,0.334
ME16322,CA04637,75%,-0.0764,0.209
ME16323,CA06094,75%,0.1982,0.316
ME16324,CA01553,25%,0.2276,0.385
ME16325,CA00959,100%,-0.0929,0.401
ME16326,CA00714,50%,-0.2698,0.192
ME16327,CA06290,25%,0.1147,0.432
ME16328,CA04283,50%,0.0424,0.214
ME16329,CA01601,50%,-0.1159,0.186
ME16330,CA00802,75%,0.1395,0.266
ME16331,CA05077,75%,0.0295,0.382
ME16332,CA06118,100%,0.1182,0.384
ME16333,CA05448,100%,0.12,0.23
ME16334,CA05988,50%,0.0872,0.169
ME16335,CA03249,25%,0.0089,0.223
ME16336,CA03062,100%,0.0069,0.133
ME16337,CA01378,50%,-0.4523,0.486
ME16338,CA00512,100%,0.2314,0.339
ME16339,CA05637,75%,-0.0749,0.323
ME16340,CA03238,50%,0.0751,0.125
ME16341,CA04719,100%,-0.125,0.271
ME16342,CA04971,75%,0.0148,0.357
ME16343,CA05858,50%,-0.267,0.185
ME16344,CA00969,25%,0.1962,0.445
ME16345,CA03551,25%,-0.1494,0.227
ME16346,CA05778,75%,0.0551,0.228
ME16347,CA02723,100%,-0.0371,0.33
ME16348,CA03883,75%,-0.0523,0.255
ME16349,CA00475,75%,0.1078,0.384
ME16350,CA04348,100%,-0.0502,0.43
ME16351,CA00010,50%,-0.1949,0.268
ME16352,CA01436,75%,-0.0613,0.179
ME16353,CA03798,100%,0.2982,0.297
ME16354,CA04561,75%,-0.0788,0.172
ME16355,CA00484,100%,0.2627,0.39
ME16356,CA05832,50%,-0.0279,0.174
ME16357,CA07035,75%,0.3402,0.276
ME16358,CA04235,75%,0.3605,0.405
ME16359,CA01262,75%,0.1882,0.392
ME16360,CA06937,75%,0.2979,0.497
ME16361,CA05491,25%,-0.1242,0.484
ME16362,CA01206,25%,-0.0522,0.332
ME16363,CA01799,50%,0.2454,0.243
ME16364,CA00950,75%,0.2365,0.274
ME16365,CA05436,25%,0.0107,0.387
ME16366,CA05474,100%,0.003,0.347
ME16367,CA01321,50%,-0.1597,0.467
ME16368,CA05567,100%,-0.0171,0.306
ME16369,CA00509,50%,-0.0155,0.16
ME16370,CA05450,25%,0.2443,0.342
ME16371,CA00087,50%,-0.1933,0.254
ME16372,CA04212,50%,-0.1078,0.472
ME16373,CA02091,100%,0.2845,0.393
ME16374,CA03987,25%,0.1344,0.286
ME16375,CA04463,100%,0.2269,0.385
ME16376,CA05079,75%,-0.0918,0.402
ME16377,CA03381,50%,0.0714,0.33
ME16378,CA02673,50%,-0.3052,0.259
ME16379,CA03893,100%,0.0795,0.255
ME16380,CA05811,25%,0.252,0.173
ME16381,CA01705,50%,-0.0458,0.402
ME16382,CA00884,75%,-0.2892,0.195
ME16383,CA06550,25%,0.0195,0.19
ME16384,CA07160,75%,0.02,0.396
ME16385,CA07112,100%,-0.0161,0.203
ME16386,CA05758,50%,0.2127,0.243
ME16387,CA06443,50%,-0.0121,0.491
ME16388,CA06923,100%,-0.0469,0.36
ME16389,CA01158,100%,0.0254,0.102
ME16390,CA01983,50%,0.3204,0.338
ME16391,CA04105,25%,-0.2657,0.363
ME16392,CA06676,50%,-0.2854,0.402
ME16393,CA03159,25%,-0.0488,0.307
ME16394,CA04446,50%,-0.0173,0.346
ME16395,CA02250,50%,0.1711,0.112
ME16396,CA04676,25%,0.0705,0.18
ME16397,CA05644,25%,-0.0229,0.276
ME16398,CA05141,25%,-0.3346,0.414
ME16399,CA01437,50%,-0.019,0.36
ME16400,CA03451,50%,-0.0278,0.19
ME16401,CA06607,75%,-0.1494,0.462
ME16402,CA03884,75%,0.0232,0.208
ME16403,CA03024,25%,0.1255,0.364
ME16404,CA00623,100%,-0.0375,0.3
ME16405,CA04041,100%,0.0697,0.265
ME16406,CA02425,75%,0.2318,0.376
ME16407,CA05935,50%,0.0413,0.212
ME16408,CA06453,75%,0.1379,0.495
ME16409,CA00236,50%,0.1386,0.266
ME16410,CA05164,100%,-0.0863,0.227
ME16411,CA01238,25%,0.1989,0.254
ME16412,CA03660,100%,0.2436,0.276
ME16413,CA05516,25%,-0.4464,0.113
ME16414,CA03363,75%,-0.0396,0.166
ME16415,CA05861,25%,-0.0424,0.201
ME16416,CA03052,50%,-0.0739,0.367
ME16417,CA01689,100%,0.0964,0.476
ME16418,CA04734,50%,-0.2968,0.149
ME16419,CA01841,75%,0.0576,0.293
ME16420,CA00494,75%,0.0722,0.484
ME16421,CA06456,50%,-0.1972,0.208
ME16422,CA05574,100%,0.1464,0.312
ME16423,CA04276,50%,0.1463,0.293
ME16424,CA04166,50%,0.1956,0.461
ME16425,CA05993,50%,0.1127,0.184
ME16426,CA02895,50%,-0.2169,0.146
ME16427,CA06222,25%,-0.0406,0.337
ME16428,CA05787,25%,-0.2865,0.429
ME16429,CA02106,25%,0.1541,0.338
ME16430,CA01746,50%,0.2689,0.383
ME16431,CA04429,50%,-0.3069,0.229
ME16432,CA01977,75%,0.1959,0.15
ME16433,CA06000,100%,0.0953,0.2
ME16434,CA02885,100%,0.3552,0.344
ME16435,CA04879,75%,0.0148,0.445
ME16436,CA02325,75%,-0.0753,0.351
ME16437,CA02524,50%,0.115,0.246
ME16438,CA02723,100%,-0.1811,0.234
ME16439,CA06066,50%,0.0754,0.297
ME16440,CA01763,25%,0.158,0.151
ME16441,CA01935,50%,0.2619,0.146
ME16442,CA00619,25%,0.1248,0.46
ME16443,CA03359,50%,-0.101,0.473
ME16444,CA06024,50%,-0.0702,0.427
ME16445,CA05243,25%,0.1799,0.347
ME16446,CA05364,50%,-0.3685,0.24
ME16447,CA03599,25%,0.1974,0.433
ME16448,CA04203,50%,0.5896,0.164
ME16449,CA03359,100%,0.1742,0.13
ME16450,CA03046,75%,0.0836,0.49
ME16451,CA03865,25%,-0.2592,0.453
ME16452,CA04307,75%,0.2541,0.411
ME16453,CA06329,50%,0.125,0.312
ME16454,CA01320,50%,-0.0932,0.279
ME16455,CA00217,75%,0.4049,0.275
ME16456,CA00227,75%,0.0621,0.16
ME16457,CA04974,75%,0.2705,0.481
ME16458,CA00154,100%,-0.1778,0.462
ME16459,CA00038,75%,0.2823,0.298
ME16460,CA04355,25%,-0.2504,0.193
ME16461,CA05788,75%,0.1448,0.318
ME16462,CA02549,50%,-0.1502,0.235
ME16463,CA02272,100%,-0.2198,0.377
ME16464,CA00031,50%,0.0908,0.439
ME16465,CA04264,75%,-0.1787,0.136
ME16466,CA00099,100%,-0.1869,0.136
ME16467,CA01600,25%,-0.0545,0.28
ME16468,CA03837,25%,-0.1078,0.362
ME16469,CA02809,25%,-0.2207,0.169
ME16470,CA06874,100%,-0.0902,0.131
ME16471,CA05568,100%,-0.2025,0.139
ME16472,CA04561,25%,0.0734,0.254
ME16473,CA00719,50%,-0.3913,0.105
ME16474,CA06992,50%,-0.045,0.226
ME16475,CA01427,100%,0.2378,0.128
ME16476,CA01583,75%,-0.4189,0.444
ME16477,CA04814,75%,-0.2126,0.124
ME16478,CA05552,75%,0.225,0.223
ME16479,CA05808,50%,-0.2299,0.345
ME16480,CA03250,25%,-0.042,0.272
ME16481,CA00100,100%,-0.1162,0.441
ME16482,CA05024,25%,-0.4332,0.153
ME16483,CA06579,100%,-0.2161,0.324
ME16484,CA01570,50%,-0.1208,0.459
ME16485,CA06549,50%,0.1878,0.414
ME16486,CA00143,75%,0.0676,0.43
ME16487,CA04879,75%,-0.1504,0.145
ME16488,CA05335,75%,-0.0826,0.435
ME16489,CA00236,50%,-0.1415,0.346
ME16490,CA02288,25%,-0.0371,0.426
ME16491,CA04332,25%,-0.2582,0.125
ME16492,CA02941,50%,0.058,0.444
ME16493,CA05388,75%,0.1089,0.434
ME16494,CA00872,75%,0.0312,0.187
ME16495,CA06062,100%,-0.0551,0.486
ME16496,CA06502,100%,-0.2812,0.313
ME16497,CA02487,75%,0.0926,0.483
ME16498,CA02597,100%,0.1292,0.274
ME16499,CA06406,50%,-0.0021,0.308
ME16500,CA06624,25%,-0.2515,0.431
ME16501,CA04253,50%,-0.0112,0.398
ME16502,CA03635,100%,-0.0046,0.472
ME16503,CA02168,75%,0.1365,0.261
ME16504,CA01734,100%,-0.0495,0.476
ME16505,CA03654,25%,-0.0537,0.247
ME16506,CA03555,75%,-0.2327,0.157
ME16507,CA06885,25%,-0.1189,0.341
ME16508,CA01486,50%,0.0677,0.248
ME16509,CA01978,25%,-0.2086,0.164
ME16510,CA05555,50%,0.0269,0.364
ME16511,CA06292,25%,-0.0225,0.399
ME16512,CA04922,25%,-0.2514,0.229
ME16513,CA06324,50%,-0.1736,0.484
ME16514,CA00416,50%,0.6434,0.22
ME16515,CA02048,100%,-0.1766,0.45
ME16516,CA00971,50%,0.0292,0.272
ME16517,CA02459,50%,0.0057,0.484
ME16518,CA05365,25%,0.2612,0.386
ME16519,CA00153,25%,-0.1389,0.496
ME16520,CA00265,75%,0.0462,0.386
ME16521,CA02136,50%,0.1292,0.343
ME16522,CA00613,50%,-0.0019,0.144
ME16523,CA06930,25%,-0.0646,0.366
ME16524,CA00550,25%,-0.0908,0.475
ME16525,CA01689,25%,0.1314,0.48
ME16526,CA05101,25%,0.0155,0.191
ME16527,CA02849,50%,0.3264,0.457
ME16528,CA04598,25%,0.1368,0.495
ME16529,CA01365,75%,0.0041,0.179
ME16530,CA03675,100%,-0.0223,0.236
ME16531,CA04034,75%,-0.0245,0.331
ME16532,CA00716,100%,0.0818,0.287
ME16533,CA03064,100%,0.049,0.492
ME16534,CA03763,50%,-0.1524,0.205
ME16535,CA06707,50%,-0.0323,0.11
ME16536,CA02029,100%,-0.0084,0.448
ME16537,CA04029,75%,-0.0587,0.473
ME16538,CA05288,100%,-0.0739,0.275
ME16539,CA04099,100%,-0.0061,0.15
ME16540,CA01497,75%,0.0247,0.103
ME16541,CA06184,75%,0.0306,0.178
ME16542,CA03630,50%,-0.097,0.301
ME16543,CA01939,100%,-0.1749,0.4
ME16544,CA03179,75%,0.3576,0.19
ME16545,CA02877,50%,0.0514,0.227
ME16546,CA02624,25%,-0.1604,0.255
ME16547,CA03983,75%,-0.1343,0.453
ME16548,CA03490,75%,0.122,0.279
ME16549,CA02865,75%,-0.1286,0.455
ME16550,CA06728,100%,-0.1178,0.104
ME16551,CA06308,50%,0.1983,0.222
ME16552,CA03654,100%,0.1646,0.217
ME16553,CA04317,75%,-0.0748,0.276
ME16554,CA01794,75%,0.0097,0.158
ME16555,CA00376,100%,-0.0108,0.206
ME16556,CA00457,50%,-0.2535,0.284
ME16557,CA04262,50%,-0.2396,0.452
ME16558,CA07044,75%,-0.2942,0.332
ME16559,CA01425,100%,0.0934,0.382
ME16560,CA04661,100%,-0.0758,0.24
ME16561,CA02205,75%,-0.3008,0.318
ME16562,CA06031,75%,-0.3556,0.182
ME16563,CA00854,75%,0.0477,0.461
ME16564,CA00642,50%,0.0373,0.447
ME16565,CA04044,100%,-0.0654,0.135
ME16566,CA02413,75%,0.1756,0.303
ME16567,CA02093,50%,-0.019,0.369
ME16568,CA06824,100%,0.1592,0.343
ME16569,CA03364,100%,0.0812,0.188
ME16570,CA04956,50%,-0.1111,0.272
ME16571,CA01481,50%,0.2399,0.377
ME16572,CA05294,100%,-0.1763,0.446
ME16573,CA04932,75%,0.0381,0.101
ME16574,CA00465,100%,-0.0888,0.373
ME16575,CA03672,75%,0.0445,0.282
ME16576,CA02354,75%,-0.3309,0.262
ME16577,CA06521,50%,-0.0685,0.189
ME16578,CA03373,75%,-0.0592,0.292
ME16579,CA02283,50%,0.4074,0.164
ME16580,CA01178,50%,0.134,0.224
ME16581,CA02953,25%,-0.177,0.382
ME16582,CA02668,50%,0.2614,0.488
ME16583,CA04749,100%,-0.1454,0.303
ME16584,CA07158,25%,0.0059,0.154
ME16585,CA04734,75%,0.5123,0.282
ME16586,CA05256,25%,0.2817,0.116
ME16587,CA06516,75%,0.09,0.282
ME16588,CA00873,25%,-0.1242,0.316
ME16589,CA00659,50%,0.3125,0.115
ME16590,CA02511,25%,0.015,0.161
ME16591,CA00432,25%,-0.3063,0.222
ME16592,CA07112,25%,-0.0018,0.424
ME16593,CA03342,50%,0.1347,0.475
ME16594,CA03707,50%,-0.3783,0.278
ME16595,CA06748,25%,-0.0463,0.468
ME16596,CA03066,75%,0.0155,0.349
ME16597,CA00134,25%,-0.0006,0.335
ME16598,CA01008,100%,0.002,0.238
ME16599,CA03488,50%,0.1312,0.494
ME16600,CA01931,100%,-0.3068,0.302
ME16601,CA03456,25%,0.0762,0.313
ME16602,CA00776,25%,-0.2358,0.181
ME16603,CA05288,100%,-0.0087,0.356
ME16604,CA00335,50%,0.0821,0.334
ME16605,CA06904,50%,0.1395,0.297
ME16606,CA00467,25%,0.0219,0.132
ME16607,CA02222,100%,-0.0476,0.201
ME16608,CA00276,25%,0.2506,0.121
ME16609,CA05206,75%,0.0041,0.356
ME16610,CA00673,75%,-0.0975,0.495
ME16611,CA04674,50%,0.1478,0.465
ME16612,CA06277,50%,-0.208,0.449
ME16613,CA01940,25%,0.1811,0.154
ME16614,CA05701,25%,-0.0196,0.222
ME16615,CA05898,50%,-0.0403,0.417
ME16616,CA03871,100%,0.2003,0.11
ME16617,CA05453,50%,0.06,0.445
ME16618,CA03349,50%,0.0251,0.484
ME16619,CA03583,25%,-0.0764,0.449
ME16620,CA01464,100%,0.2509,0.461
ME16621,CA00945,100%,0.024,0.257
ME16622,CA06747,75%,0.0257,0.132
ME16623,CA06284,75%,0.0325,0.476
ME16624,CA04909,25%,0.0932,0.214
ME16625,CA04071,25%,0.0594,0.305
ME16626,CA00200,100%,0.103,0.364
ME16627,CA05979,100%,-0.1945,0.25
ME16628,CA01648,50%,-0.2725,0.478
ME16629,CA01016,75%,-0.0818,0.16
ME16630,CA01862,25%,-0.0837,0.207
ME16631,CA06806,25%,-0.1622,0.292
ME16632,CA07070,100%,-0.2122,0.358
ME16633,CA04036,25%,0.014,0.227
ME16634,CA00797,100%,-0.0813,0.191
ME16635,CA06579,100%,-0.0774,0.281
ME16636,CA05589,75%,-0.3405,0.161
ME16637,CA06663,100%,-0.1634,0.132
ME16638,CA04957,75%,0.1055,0.237
ME16639,CA01902,75%,-0.1351,0.264
ME16640,CA06745,75%,-0.0013,0.266
ME16641,CA05884,75%,-0.2245,0.405
ME16642,CA00237,100%,-0.023,0.192
ME16643,CA07130,25%,0.1719,0.281
ME16644,CA02373,100%,-0.3662,0.262
ME16645,CA01425,100%,-0.3054,0.336
ME16646,CA03016,75%,0.4069,0.307
ME16647,CA04351,75%,-0.1643,0.42
ME16648,CA00933,25%,-0.2402,0.161
ME16649,CA02936,100%,0.0562,0.484
ME16650,CA04344,100%,-0.0853,0.292
ME16651,CA04905,100%,0.2924,0.234
ME16652,CA06495,25%,0.112,0.243
ME16653,CA03620,100%,-0.1086,0.268
ME16654,CA06827,75%,0.1585,0.466
ME16655,CA02976,75%,-0.0683,0.479
ME16656,CA02533,25%,-0.0772,0.434
ME16657,CA00572,100%,-0.0045,0.269
ME16658,CA00506,75%,-0.1574,0.459
ME16659,CA05089,25%,0.3392,0.475
ME16660,CA07039,50%,-0.1588,0.384
ME16661,CA06262,75%,-0.006,0.102
ME16662,CA04054,100%,-0.1418,0.131
ME16663,CA02276,75%,0.2763,0.437
ME16664,CA06335,50%,-0.3755,0.313
ME16665,CA01905,100%,0.2836,0.455
ME16666,CA04542,75%,-0.0231,0.199
ME16667,CA04795,100%,0.0967,0.438
ME16668,CA01252,100%,-0.2344,0.251
ME16669,CA01413,75%,0.1223,0.281
ME16670,CA05145,75%,-0.2364,0.212
ME16671,CA01346,75%,-0.2367,0.167
ME16672,CA02460,100%,0.0114,0.252
ME16673,CA00554,100%,-0.3654,0.154
ME16674,CA00256,50%,-0.1369,0.125
ME16675,CA01178,25%,0.199,0.343
ME16676,CA03287,25%,0.0791,0.452
ME16677,CA02276,75%,0.1061,0.152
ME16678,CA02354,50%,-0.0209,0.286
ME16679,CA06557,100%,0.1878,0.249
ME16680,CA00058,100%,-0.1719,0.368
ME16681,CA04253,75%,0.0846,0.318
ME16682,CA04635,25%,-0.0462,0.352
ME16683,CA04051,50%,0.1392,0.45
ME16684,CA05034,100%,0.126,0.443
ME16685,CA05217,75%,-0.0383,0.403
ME16686,CA03251,25%,0.1167,0.431
ME16687,CA02064,50%,0.1636,0.355
ME16688,CA03440,100%,-0.0964,0.369
ME16689,CA05718,100%,-0.2359,0.25
ME16690,CA00084,50%,-0.4434,0.22
ME16691,CA01682,75%,0.0525,0.161
ME16692,CA00503,75%,-0.2494,0.205
ME16693,CA04297,50%,-0.025,0.296
ME16694,CA05399,75%,0.0527,0.285
ME16695,CA03370,25%,0.2749,0.204
ME16696,CA06940,100%,0.2307,0.274
ME16697,CA04698,50%,0.1754,0.493
ME16698,CA06973,75%,-0.3842,0.429
ME16699,CA03859,25%,0.1596,0.368
ME16700,CA01702,25%,-0.1959,0.158
ME16701,CA03260,50%,0.0668,0.151
ME16702,CA06691,50%,0.2071,0.203
ME16703,CA07051,25%,0.3178,0.467
ME16704,CA00779,75%,-0.2159,0.341
ME16705,CA05088,50%,-0.2666,0.183
ME16706,CA06557,25%,0.2996,0.184
ME16707,CA01378,100%,0.1242,0.229
ME16708,CA01859,75%,-0.1674,0.213
ME16709,CA05295,25%,-0.0979,0.432
ME16710,CA03213,75%,-0.1135,0.169
ME16711,CA06028,50%,-0.2459,0.456
ME16712,CA06909,50%,-0.0471,0.364
ME16713,CA02646,50%,-0.4346,0.164
ME16714,CA03476,100%,-0.338,0.373
ME16715,CA04646,50%,-0.1749,0.31
ME16716,CA04304,100%,-0.1053,0.189
ME16717,CA07132,50%,-0.0342,0.425
ME16718,CA01340,75%,-0.1345,0.484
ME16719,CA04585,100%,-0.6076,0.172
ME16720,CA05761,25%,0.1523,0.408
ME16721,CA06161,25%,-0.3019,0.122
ME16722,CA04860,25%,-0.1743,0.467
ME16723,CA03414,25%,0.0052,0.292
ME16724,CA00111,50%,0.3059,0.105
ME16725,CA06126,25%,-0.1948,0.367
ME16726,CA04320,25%,0.2793,0.288
ME16727,CA05376,75%,-0.1231,0.341
ME16728,CA05677,75%,0.0732,0.188
ME16729,CA04339,100%,-0.0064,0.166
ME16730,CA00010,100%,-0.0096,0.194
ME16731,CA03384,50%,0.3749,0.209
ME16732,CA00533,50%,0.1973,0.15
ME16733,CA05588,75%,0.3183,0.422
ME16734,CA05499,25%,0.2913,0.423
ME16735,CA06227,25%,-0.0582,0.377
ME16736,CA03119,100%,-0.1277,0.244
ME16737,CA01640,25%,0.0815,0.289
ME16738,CA04418,75%,0.0974,0.127
ME16739,CA03829,50%,-0.1892,0.268
ME16740,CA05163,100%,-0.1964,0.305
ME16741,CA02313,75%,0.0179,0.248
ME16742,CA05359,25%,-0.2337,0.362
ME16743,CA00773,50%,0.1124,0.268
ME16744,CA01452,50%,-0.0805,0.478
ME16745,CA02206,100%,-0.3197,0.337
ME16746,CA03892,75%,-0.2257,0.154
ME16747,CA01794,100%,-0.0952,0.249
ME16748,CA03062,50%,0.3621,0.47
ME16749,CA05101,50%,-0.0146,0.453
ME16750,CA05115,25%,0.2678,0.299
ME16751,CA02324,25%,0.2079,0.237
ME16752,CA04756,25%,0.1386,0.213
ME16753,CA00867,50%,-0.1533,0.272
ME16754,CA03606,50%,-0.2669,0.128
ME16755,CA00978,75%,-0.028,0.379
ME16756,CA05532,100%,0.1573,0.472
ME16757,CA06870,25%,0.0583,0.103
ME16758,CA05361,50%,-0.0074,0.422
ME16759,CA01164,25%,-0.321,0.389
ME16760,CA06620,75%,-0.1113,0.199
ME16761,CA06961,100%,-0.1935,0.355
ME16762,CA05323,75%,0.2268,0.172
ME16763,CA05165,25%,-0.0356,0.324
ME16764,CA07027,25%,-0.0621,0.169
ME16765,CA03012,50%,0.0176,0.154
ME16766,CA02737,100%,-0.2115,0.15
ME16767,CA02595,50%,-0.0445,0.358
ME16768,CA02618,50%,-0.0899,0.151
ME16769,CA03909,100%,-0.4863,0.429
ME16770,CA06984,50%,-0.0008,0.38
ME16771,CA03960,100%,0.0846,0.401
ME16772,CA07043,25%,0.5065,0.43
ME16773,CA05786,25%,0.2634,0.409
ME16774,CA03183,100%,-0.1372,0.46
ME16775,CA00825,50%,-0.1954,0.28
ME16776,CA00751,75%,0.0559,0.133
ME16777,CA04224,100%,0.3446,0.128
ME16778,CA03369,50%,-0.2284,0.353
ME16779,CA03233,50%,-0.0446,0.256
ME16780,CA00093,75%,-0.3761,0.468
ME16781,CA02089,25%,0.1432,0.221
ME16782,CA04437,100%,0.1592,0.186
ME16783,CA04641,50%,-0.2178,0.454
ME16784,CA05446,25%,-0.1263,0.265
ME16785,CA04698,25%,0.0744,0.208
ME16786,CA02971,75%,-0.0795,0.195
ME16787,CA05383,50%,0.0054,0.169
ME16788,CA05021,25%,0.3811,0.294
ME16789,CA00770,100%,-0.1082,0.286
ME16790,CA05304,75%,0.2383,0.409
ME16791,CA05573,75%,0.0784,0.381
ME16792,CA04835,50%,0.3041,0.378
ME16793,CA04673,50%,0.126,0.188
ME16794,CA02242,50%,0.0874,0.357
ME16795,CA05248,100%,0.0971,0.357
ME16796,CA04347,75%,0.1214,0.325
ME16797,CA05139,25%,-0.0143,0.258
ME16798,CA00240,50%,0.1092,0.361
ME16799,CA04976,25%,0.0862,0.135
ME16800,CA05627,75%,0.2214,0.282
ME16801,CA03465,75%,0.1168,0.223
ME16802,CA06193,25%,0.0472,0.449
ME16803,CA03618,100%,-0.0814,0.162
ME16804,CA04980,100%,-0.1109,0.196
ME16805,CA04384,50%,-0.174,0.304
ME16806,CA03888,25%,0.1415,0.406
ME16807,CA06637,50%,0.1778,0.19
ME16808,CA05668,50%,0.1546,0.458
ME16809,CA06392,75%,0.0529,0.165
ME16810,CA01316,75%,-0.0457,0.203
ME16811,CA02011,50%,-0.0499,0.12
ME16812,CA04525,25%,0.1897,0.135
ME16813,CA00356,25%,-0.1383,0.202
ME16814,CA02105,25%,0.0538,0.439
ME16815,CA04760,75%,-0.1114,0.265
ME16816,CA00541,50%,0.1554,0.152
ME16817,CA06518,25%,-0.1792,0.208
ME16818,CA05675,50%,0.0031,0.192
ME16819,CA04197,100%,-0.1056,0.278
ME16820,CA06830,75%,0.1863,0.286
ME16821,CA07038,25%,0.1028,0.343
ME16822,CA00224,50%,0.1763,0.436
ME16823,CA06556,100%,-0.02,0.226
ME16824,CA00933,75%,-0.1334,0.102
ME16825,CA01355,25%,0.3066,0.126
ME16826,CA06576,75%,0.2389,0.435
ME16827,CA05286,50%,0.2294,0.449
ME16828,CA01170,25%,-0.0259,0.417
ME16829,CA02922,50%,-0.254,0.329
ME16830,CA02737,50%,0.1631,0.461
ME16831,CA02690,25%,-0.0872,0.254
ME16832,CA04705,100%,-0.147,0.421
ME16833,CA04425,75%,0.0288,0.1
ME16834,CA02641,100%,0.3002,0.463
ME16835,CA02945,50%,-0.1068,0.386
ME16836,CA01678,100%,0.336,0.121
ME16837,CA06256,50%,-0.1416,0.38
ME16838,CA06102,75%,-0.0878,0.249
ME16839,CA00524,25%,0.2388,0.425
ME16840,CA06357,25%,-0.2017,0.429
ME16841,CA04286,25%,-0.0015,0.486
ME16842,CA00417,50%,0.1464,0.334
ME16843,CA04985,75%,0.1071,0.108
ME16844,CA04449,50%,0.0683,0.222
ME16845,CA02953,100%,-0.1201,0.356
ME16846,CA00409,50%,0.1051,0.162
ME16847,CA06554,75%,0.212,0.113
ME16848,CA05761,100%,0.1926,0.193
ME16849,CA02293,50%,-0.0147,0.396
ME16850,CA00714,25%,-0.068,0.269
ME16851,CA06052,100%,0.3801,0.464
ME16852,CA03861,100%,0.2143,0.327
ME16853,CA01275,50%,0.0953,0.394
ME16854,CA04332,25%,0.0816,0.409
ME16855,CA00613,25%,-0.0487,0.382
ME16856,CA06540,50%,-0.0161,0.431
ME16857,CA05580,75%,0.0849,0.161
ME16858,CA06940,50%,-0.0685,0.454
ME16859,CA04127,25%,-0.0322,0.332
ME16860,CA07182,25%,0.1232,0.243
ME16861,CA00104,25%,0.126,0.241
ME16862,CA03068,75%,0.0867,0.277
ME16863,CA00375,50%,0.039,0.244
ME16864,CA00394,100%,0.1017,0.416
ME16865,CA03238,50%,0.0736,0.17
ME16866,CA05153,100%,0.3699,0.215
ME16867,CA05300,50%,-0.0875,0.38
ME16868,CA02710,100%,-0.2068,0.493
ME16869,CA05383,25%,0.0232,0.174
ME16870,CA00575,100%,-0.2081,0.168
ME16871,CA04793,25%,0.1097,0.217
ME16872,CA03396,100%,0.1602,0.247
ME16873,CA05787,100%,-0.2361,0.483
ME16874,CA00113,75%,-0.1996,0.262
ME16875,CA04868,50%,0.0021,0.353
ME16876,CA00341,50%,0.243,0.348
ME16877,CA07023,75%,0.1565,0.41
ME16878,CA01616,75%,-0.2592,0.369
ME16879,CA03353,100%,-0.09,0.295
ME16880,CA02985,25%,-0.0565,0.298
ME16881,CA05352,50%,-0.5058,0.35
ME16882,CA05251,50%,0.0483,0.309
ME16883,CA05427,25%,0.1188,0.331
ME16884,CA00624,75%,-0.229,0.281
ME16885,CA01260,50%,0.3132,0.409
ME16886,CA01340,50%,-0.3536,0.444
ME16887,CA05329,50%,-0.1382,0.271
ME16888,CA01641,100%,-0.4454,0.261
ME16889,CA05054,50%,-0.0214,0.158
ME16890,CA04384,100%,0.1215,0.31
ME16891,CA04495,100%,0.0302,0.157
ME16892,CA03035,50%,0.0103,0.124
ME16893,CA06361,100%,0.0424,0.359
ME16894,CA05585,75%,-0.0538,0.356
ME16895,CA00496,75%,-0.0601,0.328
ME16896,CA06315,100%,-0.2219,0.481
ME16897,CA04841,25%,-0.3179,0.242
ME16898,CA05893,25%,0.0776,0.217
ME16899,CA00409,50%,-0.0044,0.396
ME16900,CA05906,50%,-0.0237,0.145
ME16901,CA06249,75%,-0.1475,0.108
ME16902,CA01341,25%,-0.0584,0.232
ME16903,CA01816,75%,-0.1251,0.456
ME16904,CA02526,25%,-0.12,0.144
ME16905,CA00776,75%,-0.263,0.376
ME16906,CA03186,50%,-0.3309,0.226
ME16907,CA01245,25%,-0.0115,0.404
ME16908,CA05305,50%,0.109,0.185
ME16909,CA02495,100%,0.1856,0.473
ME16910,CA06584,100%,0.1075,0.406
ME16911,CA04166,75%,0.031,0.172
ME16912,CA00418,100%,0.2079,0.278
ME16913,CA00617,50%,0.2494,0.477
ME16914,CA01137,75%,0.1062,0.267
ME16915,CA01394,50%,0.0452,0.341
ME16916,CA06726,75%,0.272,0.402
ME16917,CA00529,75%,-0.0918,0.316
ME16918,CA02138,50%,0.0376,0.199
ME16919,CA07031,75%,0.1237,0.308
ME16920,CA02283,75%,0.0374,0.453
ME16921,CA03296,100%,-0.0411,0.315
ME16922,CA02707,100%,0.3072,0.449
ME16923,CA01015,75%,-0.1119,0.472
ME16924,CA05685,100%,-0.2235,0.373
ME16925,CA00280,100%,-0.2032,0.441
ME16926,CA06349,75%,-0.068,0.103
ME16927,CA05521,75%,0.248,0.43
ME16928,CA02428,50%,0.2153,0.12
ME16929,CA01992,25%,-0.0917,0.169
ME16930,CA02159,50%,0.1348,0.465
ME16931,CA00425,50%,-0.0361,0.431
ME16932,CA00178,50%,0.1912,0.347
ME16933,CA01367,100%,0.2124,0.203
ME16934,CA02170,50%,-0.3333,0.457
ME16935,CA03393,100%,0.2359,0.206
ME16936,CA06686,50%,-0.1818,0.35
ME16937,CA03460,75%,0.0672,0.122
ME16938,CA03303,50%,0.001,0.207
ME16939,CA00609,50%,-0.0701,0.371
ME16940,CA00103,100%,-0.1043,0.448
ME16941,CA03806,25%,0.0747,0.495
ME16942,CA00322,75%,-0.1859,0.14
ME16943,CA03580,25%,0.2959,0.287
ME16944,CA01229,75%,0.2157,0.454
ME16945,CA06150,75%,-0.158,0.483
ME16946,CA06066,75%,0.0793,0.139
ME16947,CA05315,50%,-0.1487,0.46
ME16948,CA04650,75%,-0.2072,0.39
ME16949,CA02348,25%,-0.2829,0.315
ME16950,CA06856,75%,0.3685,0.451
ME16951,CA05439,25%,-0.2548,0.336
ME16952,CA07200,100%,0.0883,0.401
ME16953,CA01964,100%,-0.1492,0.367
ME16954,CA01446,75%,-0.0448,0.394
ME16955,CA01324,50%,0.1406,0.448
ME16956,CA04916,75%,-0.0308,0.229
ME16957,CA05937,25%,-0.2248,0.12
ME16958,CA06100,100%,0.0929,0.38
ME16959,CA04262,25%,-0.1644,0.191
ME16960,CA04113,75%,-0.0085,0.231
ME16961,CA02522,75%,0.1147,0.396
ME16962,CA06793,75%,-0.0157,0.224
ME16963,CA02702,50%,-0.0643,0.267
ME16964,CA06840,100%,-0.0279,0.237
ME16965,CA02767,100%,-0.0088,0.232
ME16966,CA02419,75%,-0.0647,0.169
ME16967,CA05318,25%,0.1671,0.441
ME16968,CA01222,25%,0.0915,0.214
ME16969,CA04197,100%,0.0566,0.156
ME16970,CA03879,25%,0.1762,0.342
ME16971,CA01998,25%,0.12,0.294
ME16972,CA00953,25%,0.098,0.122
ME16973,CA04298,25%,0.0594,0.409
ME16974,CA05290,50%,-0.0743,0.336
ME16975,CA07105,50%,0.0285,0.423
ME16976,CA00833,100%,-0.0745,0.192
ME16977,CA02845,75%,0.0614,0.302
ME16978,CA01845,50%,0.4063,0.167
ME16979,CA01742,75%,0.0657,0.34
ME16980,CA06878,100%,-0.1188,0.449
ME16981,CA00322,100%,-0.0654,0.405
ME16982,CA03057,25%,0.174,0.367
ME16983,CA04244,25%,0.1837,0.289
ME16984,CA05995,50%,-0.0552,0.27
ME16985,CA03815,75%,-0.0589,0.427
ME16986,CA01761,50%,0.0427,0.431
ME16987,CA00613,50%,0.0708,0.44
ME16988,CA05174,100%,0.1438,0.248
ME16989,CA05714,50%,-0.1776,0.255
ME16990,CA03285,50%,0.3082,0.355
ME16991,CA01304,75%,-0.0991,0.297
ME16992,CA00770,25%,-0.0526,0.258
ME16993,CA06255,100%,-0.0131,0.489
ME16994,CA06947,100%,-0.1021,0.279
ME16995,CA06301,50%,0.1643,0.409
ME16996,CA05267,50%,0.2036,0.345
ME16997,CA01159,25%,0.2425,0.181
ME16998,CA04054,100%,-0.1791,0.499
ME16999,CA02443,25%,-0.1719,0.497
ME17000,CA00244,75%,0.1912,0.438
ME17001,CA01187,100%,0.1866,0.208
ME17002,CA05626,75%,0.2259,0.402
ME17003,CA04189,25%,0.1647,0.49
ME17004,CA01431,75%,0.1009,0.229
ME17005,CA01485,100%,-0.505,0.383
ME17006,CA00679,25%,0.0883,0.235
ME17007,CA06338,25%,0.0062,0.21
ME17008,CA01593,75%,0.1366,0.158
ME17009,CA06114,50%,0.0342,0.481
ME17010,CA03575,75%,-0.3587,0.371
ME17011,CA00718,75%,-0.2995,0.439
ME17012,CA05729,25%,0.3604,0.454
ME17013,CA04923,100%,0.2391,0.466
ME17014,CA05995,100%,0.0065,0.158
ME17015,CA05569,50%,0.0879,0.426
ME17016,CA03834,50%,-0.3649,0.129
ME17017,CA01069,50%,0.0619,0.45
ME17018,CA05104,25%,-0.0108,0.412
ME17019,CA05261,100%,-0.1182,0.468
ME17020,CA05199,75%,-0.1183,0.418
ME17021,CA02102,25%,0.0331,0.225
ME17022,CA02692,75%,-0.0961,0.231
ME17023,CA06869,75%,0.0902,0.461
ME17024,CA01536,100%,-0.1344,0.227
ME17025,CA02976,25%,0.1103,0.152
ME17026,CA06218,75%,-0.0422,0.355
ME17027,CA03240,25%,-0.2611,0.322
ME17028,CA02326,50%,0.191,0.438
ME17029,CA06343,25%,0.076,0.424
ME17030,CA01903,100%,-0.1423,0.208
ME17031,CA00551,50%,0.1124,0.254
ME17032,CA03139,100%,0.1363,0.414
ME17033,CA05871,25%,0.0279,0.497
ME17034,CA05035,75%,0.0812,0.403
ME17035,CA04439,25%,-0.0094,0.102
ME17036,CA06316,25%,-0.1573,0.475
ME17037,CA07157,50%,-0.0657,0.143
ME17038,CA06987,75%,-0.0702,0.122
ME17039,CA07004,50%,0.0256,0.15
ME17040,CA03095,50%,-0.1757,0.393
ME17041,CA03805,25%,0.2761,0.151
ME17042,CA01751,75%,-0.0259,0.147
ME17043,CA05125,25%,-0.1885,0.269
ME17044,CA03718,75%,-0.0977,0.45
ME17045,CA02053,75%,0.1797,0.156
ME17046,CA00848,100%,-0.2061,0.465
ME17047,CA02014,25%,-0.2363,0.458
ME17048,CA03621,100%,-0.1893,0.498
ME17049,CA02410,75%,0.0911,0.109
ME17050,CA04507,100%,-0.025,0.401
ME17051,CA02190,25%,-0.0481,0.112
ME17052,CA07120,25%,0.0034,0.363
ME17053,CA00859,50%,-0.4568,0.285
ME17054,CA00691,100%,0.0339,0.249
ME17055,CA00362,50%,-0.1116,0.127
ME17056,CA05958,50%,0.2487,0.145
ME17057,CA04941,25%,0.2064,0.262
ME17058,CA05068,75%,0.0324,0.204
ME17059,CA04115,50%,0.0194,0.257
ME17060,CA05016,100%,0.3184,0.187
ME17061,CA04161,50%,0.2456,0.185
ME17062,CA03572,50%,0.1879,0.307
ME17063,CA04087,75%,0.0783,0.159
ME17064,CA03430,25%,0.0542,0.305
ME17065,CA02111,50%,0.0664,0.301
ME17066,CA05973,100%,-0.0537,0.42
ME17067,CA01532,25%,-0.247,0.454
ME17068,CA02787,75%,0.1626,0.307
ME17069,CA06982,25%,0.065,0.368
ME17070,CA06023,100%,0.1228,0.403
ME17071,CA06336,50%,0.0279,0.482
ME17072,CA06253,50%,0.1135,0.44
ME17073,CA03018,50%,0.0097,0.235
ME17074,CA05269,25%,0.2344,0.116
ME17075,CA03138,25%,-0.0754,0.492
ME17076,CA05304,75%,-0.1028,0.127
ME17077,CA00581,75%,0.2457,0.109
ME17078,CA01251,50%,-0.1816,0.15
ME17079,CA04295,75%,-0.1254,0.133
ME17080,CA01680,100%,-0.2887,0.128
ME17081,CA01948,75%,0.1336,0.442
ME17082,CA00539,50%,0.0732,0.497
ME17083,CA05602,50%,0.0221,0.223
ME17084,CA02609,25%,0.172,0.268
ME17085,CA05597,75%,-0.2428,0.223
ME17086,CA04415,75%,0.0992,0.394
ME17087,CA01612,25%,-0.1778,0.305
ME17088,CA02246,100%,0.1419,0.132
ME17089,CA05577,50%,-0.1215,0.282
ME17090,CA06197,50%,-0.1898,0.238
ME17091,CA03590,50%,0.0144,0.403
ME17092,CA02013,100%,0.1569,0.159
ME17093,CA02915,25%,-0.3087,0.425
ME17094,CA06311,25%,0.336,0.202
ME17095,CA02912,75%,0.0092,0.327
ME17096,CA06073,75%,-0.189,0.4
ME17097,CA00266,100%,-0.023,0.316
ME17098,CA01051,75%,-0.3654,0.118
ME17099,CA03122,75%,0.2285,0.45
ME17100,CA04323,25%,-0.0159,0.415
ME17101,CA05861,75%,0.1053,0.383
ME17102,CA00691,75%,0.1984,0.386
ME17103,CA04533,25%,-0.2438,0.451
ME17104,CA03290,75%,-0.112,0.395
ME17105,CA04156,75%,-0.1431,0.487
ME17106,CA04423,100%,0.0146,0.156
ME17107,CA02103,50%,0.3142,0.45
ME17108,CA00977,25%,0.141,0.23
ME17109,CA03970,25%,-0.1486,0.44
ME17110,CA03260,25%,0.0644,0.447
ME17111,CA04527,100%,0.1853,0.239
ME17112,CA01021,75%,-0.0127,0.152
ME17113,CA06267,100%,-0.0337,0.447
ME17114,CA01050,25%,-0.2345,0.49
ME17115,CA07040,50%,-0.2263,0.174
ME17116,CA06534,75%,-0.0393,0.208
ME17117,CA06728,75%,0.1558,0.474
ME17118,CA00981,25%,0.1558,0.293
ME17119,CA00375,100%,-0.069,0.224
ME17120,CA03862,50%,-0.0537,0.427
ME17121,CA05418,25%,-0.0033,0.266
ME17122,CA03661,50%,-0.2745,0.458
ME17123,CA05632,75%,0.0186,0.142
ME17124,CA03046,100%,0.0415,0.186
ME17125,CA01352,50%,0.1293,0.36
ME17126,CA00966,25%,-0.0026,0.366
ME17127,CA02072,100%,0.3617,0.314
ME17128,CA04359,50%,-0.0394,0.237
ME17129,CA06564,75%,-0.1816,0.368
ME17130,CA01580,75%,0.1633,0.131
ME17131,CA03488,50%,0.1667,0.182
ME17132,CA04972,75%,0.0082,0.373
ME17133,CA00790,100%,0.332,0.199
ME17134,CA04432,100%,0.0406,0.182
ME17135,CA05045,50%,-0.0706,0.391
ME17136,CA05968,75%,0.3763,0.405
ME17137,CA04950,50%,0.0565,0.449
ME17138,CA06016,100%,0.2818,0.181
ME17139,CA02186,25%,0.1207,0.125
ME17140,CA02065,50%,-0.0777,0.42
ME17141,CA05141,100%,0.1556,0.381
ME17142,CA00968,50%,0.1093,0.369
ME17143,CA02356,75%,-0.1467,0.416
ME17144,CA06150,100%,-0.2036,0.244
ME17145,CA06872,100%,0.0945,0.289
ME17146,CA00282,75%,0.3448,0.31
ME17147,CA01622,25%,0.0192,0.132
ME17148,CA05827,75%,0.0539,0.342
ME17149,CA00630,75%,-0.0352,0.175
ME17150,CA04483,100%,0.2537,0.177
ME17151,CA01066,100%,-0.1159,0.14
ME17152,CA04725,25%,0.2511,0.148
ME17153,CA02499,100%,0.2356,0.47
ME17154,CA06770,100%,0.449,0.465
ME17155,CA02292,75%,0.0429,0.393
ME17156,CA03891,75%,0.2423,0.413
ME17157,CA02603,25%,0.3136,0.476
ME17158,CA04531,25%,-0.179,0.247
ME17159,CA05990,25%,0.0239,0.255
ME17160,CA04259,50%,0.027,0.151
ME17161,CA00497,50%,-0.0377,0.141
ME17162,CA06581,100%,-0.1997,0.259
ME17163,CA04468,100%,0.0813,0.282
ME17164,CA02464,100%,-0.0042,0.228
ME17165,CA04465,100%,0.0083,0.464
ME17166,CA01810,50%,0.0502,0.152
ME17167,CA00106,100%,-0.3742,0.215
ME17168,CA06366,75%,-0.2799,0.21
ME17169,CA00787,75%,-0.1605,0.231
ME17170,CA03403,25%,0.1005,0.325
ME17171,CA03393,100%,-0.0218,0.254
ME17172,CA04705,50%,0.2225,0.234
ME17173,CA04795,25%,0.1008,0.255
ME17174,CA05917,50%,-0.1863,0.387
ME17175,CA03489,75%,-0.2661,0.157
ME17176,CA05794,100%,0.1366,0.385
ME17177,CA04095,75%,0.0224,0.476
ME17178,CA02400,75%,-0.2244,0.368
ME17179,CA01682,25%,0.2332,0.295
ME17180,CA00093,75%,0.0317,0.169
ME17181,CA06284,100%,0.041,0.371
ME17182,CA04273,100%,0.2974,0.2
ME17183,CA00284,100%,-0.1768,0.122
ME17184,CA06676,100%,0.0203,0.27
ME17185,CA06584,25%,-0.4007,0.22
ME17186,CA06294,75%,-0.1091,0.375
ME17187,CA06889,100%,0.0002,0.331
ME17188,CA00473,75%,0.0526,0.259
ME17189,CA03477,25%,0.2189,0.397
ME17190,CA01587,75%,0.2541,0.174
ME17191,CA05512,75%,0.0211,0.493
ME17192,CA05861,75%,-0.1642,0.292
ME17193,CA01122,50%,-0.0446,0.315
ME17194,CA06670,75%,-0.0008,0.35
ME17195,CA02066,50%,-0.167,0.494
ME17196,CA03497,50%,-0.2212,0.336
ME17197,CA02059,75%,-0.0566,0.482
ME17198,CA05800,25%,0.3035,0.426
ME17199,CA03283,100%,-0.0837,0.257
ME17200,CA06284,100%,0.2223,0.222
ME17201,CA05131,25%,0.0069,0.273
ME17202,CA00296,25%,-0.214,0.476
ME17203,CA04252,25%,0.1207,0.227
ME17204,CA05300,50%,0.1203,0.411
ME17205,CA00412,75%,-0.211,0.173
ME17206,CA05206,50%,-0.197,0.252
ME17207,CA05851,25%,0.2445,0.401
ME17208,CA06303,50%,0.2204,0.4
ME17209,CA05192,25%,0.2731,0.138
ME17210,CA01520,25%,-0.1316,0.126
ME17211,CA02465,100%,-0.022,0.243
ME17212,CA03294,25%,0.1387,0.316
ME17213,CA04512,100%,0.2179,0.192
ME17214,CA00490,25%,-0.2572,0.338
ME17215,CA04234,25%,-0.1732,0.43
ME17216,CA05566,75%,0.0346,0.114
ME17217,CA07164,25%,-0.0368,0.436
ME17218,CA03604,50%,-0.0463,0.372
ME17219,CA04338,100%,-0.1373,0.114
ME17220,CA04588,25%,0.0595,0.154
ME17221,CA06850,100%,0.1056,0.299
ME17222,CA06965,100%,-0.1147,0.21
ME17223,CA04969,100%,0.3387,0.179
ME17224,CA05138,100%,-0.0961,0.15
ME17225,CA01019,50%,0.0735,0.412
ME17226,CA05555,50%,0.3308,0.223
ME17227,CA01621,75%,0.0999,0.265
ME17228,CA05192,25%,0.0891,0.46
ME17229,CA05455,100%,0.0577,0.347
ME17230,CA00065,50%,0.4127,0.404
ME17231,CA00630,75%,0.0486,0.358
ME17232,CA04535,25%,0.1048,0.31
ME17233,CA03567,75%,0.1251,0.158
ME17234,CA06775,50%,-0.1762,0.378
ME17235,CA03091,100%,0.0033,0.45
ME17236,CA06349,100%,-0.0493,0.385
ME17237,CA02851,25%,-0.1123,0.122
ME17238,CA01560,75%,0.3412,0.472
ME17239,CA05017,75%,-0.1053,0.367
ME17240,CA05361,50%,0.0682,0.408
ME17241,CA00990,100%,-0.0468,0.425
ME17242,CA05062,50%,-0.1017,0.472
ME17243,CA06682,75%,-0.0808,0.224
ME17244,CA04757,100%,-0.0454,0.32
ME17245,CA00742,25%,0.0403,0.421
ME17246,CA06531,50%,0.0412,0.473
ME17247,CA02957,100%,-0.3838,0.143
ME17248,CA06270,25%,-0.1429,0.489
ME17249,CA02213,100%,0.1804,0.27
ME17250,CA03482,75%,-0.0078,0.308
ME17251,CA05504,100%,-0.0791,0.259
ME17252,CA02516,75%,-0.2261,0.267
ME17253,CA01838,50%,0.0355,0.349
ME17254,CA01552,50%,0.0521,0.288
ME17255,CA00166,50%,-0.0952,0.48
ME17256,CA00165,25%,0.3898,0.29
ME17257,CA02664,75%,0.1409,0.352
ME17258,CA04589,100%,-0.0544,0.154
ME17259,CA05879,50%,0.2869,0.15
ME17260,CA05865,50%,0.1006,0.247
ME17261,CA04508,100%,0.0778,0.44
ME17262,CA00706,25%,0.2192,0.46
ME17263,CA00364,50%,0.0564,0.436
ME17264,CA02244,100%,0.0623,0.396
ME17265,CA05855,25%,0.181,0.393
ME17266,CA07026,100%,-0.0005,0.253
ME17267,CA00212,50%,0.0043,0.44
ME17268,CA01141,50%,-0.009,0.418
ME17269,CA02204,100%,0.0804,0.181
ME17270,CA01716,50%,0.2158,0.282
ME17271,CA02246,50%,0.3837,0.467
ME17272,CA03174,75%,-0.1058,0.464
ME17273,CA00454,25%,0.1826,0.178
ME17274,CA03964,25%,-0.4839,0.116
ME17275,CA05951,100%,-0.0351,0.322
ME17276,CA01088,75%,0.0033,0.181
ME17277,CA00545,50%,0.0153,0.443
ME17278,CA03098,25%,0.2534,0.376
ME17279,CA05973,100%,-0.0174,0.351
ME17280,CA01282,75%,0.0783,0.366
ME17281,CA00900,25%,-0.2154,0.149
ME17282,CA06759,75%,0.1829,0.496
ME17283,CA05104,50%,-0.2124,0.461
ME17284,CA05859,75%,-0.045,0.437
ME17285,CA03391,50%,0.6091,0.11
ME17286,CA04676,75%,-0.0912,0.403
ME17287,CA06481,75%,0.1791,0.469
ME17288,CA06908,75%,-0.0887,0.199
ME17289,CA01693,50%,-0.0396,0.462
ME17290,CA05140,100%,0.004,0.235
ME17291,CA06327,75%,0.2686,0.411
ME17292,CA05965,75%,0.1402,0.464
ME17293,CA06015,50%,-0.1432,0.127
ME17294,CA04729,75%,-0.3432,0.31
ME17295,CA04779,25%,-0.1218,0.192
ME17296,CA05670,75%,0.1307,0.217
ME17297,CA00927,75%,-0.0419,0.203
ME17298,CA04906,50%,0.2644,0.431
ME17299,CA06176,25%,0.0156,0.359
ME17300,CA07108,75%,0.1675,0.145
ME17301,CA01218,50%,-0.0218,0.409
ME17302,CA00861,50%,0.3684,0.446
ME17303,CA02478,75%,0.2096,0.113
ME17304,CA04350,100%,-0.0312,0.413
ME17305,CA01570,25%,-0.0949,0.167
ME17306,CA06399,50%,-0.0798,0.278
ME17307,CA06613,25%,0.1542,0.332
ME17308,CA00690,75%,0.0683,0.249
ME17309,CA02625,75%,-0.03,0.454
ME17310,CA00773,100%,-0.235,0.128
ME17311,CA06878,50%,-0.0682,0.131
ME17312,CA02093,50%,-0.2315,0.426
ME17313,CA03402,25%,-0.0899,0.272
ME17314,CA02129,50%,0.0742,0.445
ME17315,CA02282,75%,-0.1447,0.298
ME17316,CA03974,25%,0.267,0.138
ME17317,CA04739,100%,0.1421,0.131
ME17318,CA05088,100%,-0.2158,0.476
ME17319,CA05457,75%,0.1907,0.162
ME17320,CA06430,25%,0.0952,0.307
ME17321,CA04350,100%,-0.3516,0.429
ME17322,CA05953,100%,-0.1106,0.125
ME17323,CA01530,50%,0.145,0.354
ME17324,CA02932,25%,0.2157,0.1
ME17325,CA05706,50%,-0.0905,0.349
ME17326,CA05865,50%,-0.053,0.161
ME17327,CA01216,50%,-0.2801,0.367
ME17328,CA01460,25%,0.2404,0.475
ME17329,CA05860,50%,0.2671,0.119
ME17330,CA00691,50%,0.1485,0.308
ME17331,CA04170,25%,0.2236,0.463
ME17332,CA01920,50%,-0.0613,0.267
ME17333,CA02007,50%,-0.066,0.439
ME17334,CA01297,100%,0.1504,0.411
ME17335,CA00127,100%,-0.0084,0.139
ME17336,CA00909,75%,0.1394,0.31
ME17337,CA04515,100%,-0.0695,0.388
ME17338,CA01134,75%,-0.0315,0.156
ME17339,CA02092,75%,0.0472,0.112
ME17340,CA00960,75%,0.1334,0.133
ME17341,CA00554,100%,-0.4071,0.461
ME17342,CA03070,100%,0.1085,0.181
ME17343,CA04161,25%,0.0293,0.442
ME17344,CA00690,75%,-0.3219,0.298
ME17345,CA04128,50%,0.0164,0.262
ME17346,CA01484,25%,-0.141,0.203
ME17347,CA03936,75%,-0.0554,0.13
ME17348,CA00559,100%,0.2812,0.477
ME17349,CA00608,50%,-0.1075,0.142
ME17350,CA06789,25%,0.0567,0.143
ME17351,CA01450,25%,-0.1804,0.495
ME17352,CA00155,25%,-0.1285,0.418
ME17353,CA01929,25%,0.0095,0.117
ME17354,CA01196,75%,0.2498,0.112
ME17355,CA05326,50%,-0.0115,0.138
ME17356,CA04221,75%,-0.04,0.344
ME17357,CA00450,25%,0.2712,0.345
ME17358,CA05644,50%,0.0309,0.359
ME17359,CA05907,25%,0.0256,0.444
ME17360,CA05409,50%,0.1034,0.178
ME17361,CA02659,25%,-0.4069,0.24
ME17362,CA07139,75%,0.2902,0.106
ME17363,CA03237,100%,0.0937,0.416
ME17364,CA06880,75%,-0.4501,0.345
ME17365,CA04217,50%,-0.0205,0.423
ME17366,CA03807,50%,-0.1673,0.138
ME17367,CA03848,25%,0.1229,0.493
ME17368,CA07110,25%,0.0039,0.178
ME17369,CA00765,25%,0.0728,0.195
ME17370,CA03820,25%,-0.2016,0.325
ME17371,CA01822,50%,0.0565,0.379
ME17372,CA06512,50%,0.1242,0.302
ME17373,CA03047,25%,0.4325,0.307
ME17374,CA05158,50%,0.1645,0.464
ME17375,CA07127,75%,-0.1982,0.424
ME17376,CA02552,50%,0.2723,0.335
ME17377,CA04955,75%,0.0037,0.273
ME17378,CA06303,100%,-0.1303,0.309
ME17379,CA01352,50%,0.1246,0.391
ME17380,CA06974,100%,0.0115,0.427
ME17381,CA04988,100%,0.0421,0.303
ME17382,CA05174,75%,-0.2013,0.253
ME17383,CA00104,50%,-0.0412,0.22
ME17384,CA04852,50%,0.0038,0.237
ME17385,CA01184,25%,0.0619,0.144
ME17386,CA03336,75%,-0.1289,0.351
ME17387,CA02762,25%,0.0877,0.381
ME17388,CA05003,100%,-0.3663,0.263
ME17389,CA03144,25%,0.2065,0.334
ME17390,CA07110,100%,-0.1111,0.466
ME17391,CA05417,25%,-0.1495,0.106
ME17392,CA03610,100%,0.2239,0.33
ME17393,CA00815,50%,-0.0458,0.151
ME17394,CA05056,100%,0.3463,0.112
ME17395,CA06500,50%,-0.0142,0.407
ME17396,CA06846,75%,0.1012,0.162
ME17397,CA00032,75%,-0.1999,0.433
ME17398,CA07061,25%,-0.1157,0.237
ME17399,CA04635,100%,-0.0437,0.476
ME17400,CA01633,50%,-0.0376,0.348
ME17401,CA01204,75%,-0.0529,0.156
ME17402,CA05888,25%,0.2453,0.234
ME17403,CA01614,50%,-0.0362,0.373
ME17404,CA04751,25%,0.1998,0.191
ME17405,CA06991,75%,-0.1315,0.218
ME17406,CA02191,100%,0.1525,0.148
ME17407,CA04170,100%,-0.0128,0.311
ME17408,CA06785,100%,-0.162,0.478
ME17409,CA03295,100%,0.1759,0.13
ME17410,CA04657,25%,-0.2158,0.194
ME17411,CA06813,75%,-0.0727,0.146
ME17412,CA02275,50%,0.1981,0.184
ME17413,CA06123,25%,-0.1144,0.445
ME17414,CA01668,75%,0.1335,0.141
ME17415,CA06370,100%,0.1956,0.366
ME17416,CA06098,75%,0.1187,0.324
ME17417,CA01537,50%,0.0116,0.414
ME17418,CA00066,75%,0.4209,0.109
ME17419,CA06305,50%,-0.1404,0.462
ME17420,CA01821,100%,0.1753,0.307
ME17421,CA04432,100%,0.102,0.168
ME17422,CA03451,100%,-0.2397,0.292
ME17423,CA05782,100%,-0.298,0.228
ME17424,CA05961,75%,0.256,0.445
ME17425,CA05168,100%,-0.2409,0.227
ME17426,CA04901,50%,-0.1998,0.439
ME17427,CA03878,50%,-0.0309,0.395
ME17428,CA05024,100%,0.0597,0.318
ME17429,CA03454,50%,-0.1472,0.132
ME17430,CA04245,75%,-0.166,0.477
ME17431,CA00726,50%,-0.1421,0.12
ME17432,CA06559,50%,-0.338,0.292
ME17433,CA03727,100%,-0.0473,0.222
ME17434,CA01899,100%,0.3395,0.229
ME17435,CA03552,75%,0.1425,0.402
ME17436,CA04231,75%,0.2035,0.309
ME17437,CA06623,50%,-0.3894,0.451
ME17438,CA07035,75%,0.148,0.187
ME17439,CA01340,50%,0.3837,0.268
ME17440,CA04544,100%,0.0263,0.374
ME17441,CA04720,100%,-0.1212,0.104
ME17442,CA00084,75%,-0.4615,0.252
ME17443,CA02302,100%,0.245,0.149
ME17444,CA06274,100%,-0.0945,0.466
ME17445,CA04362,25%,0.0315,0.486
ME17446,CA06948,75%,-0.1261,0.112
ME17447,CA01871,50%,-0.1348,0.184
ME17448,CA04541,100%,-0.0186,0.191
ME17449,CA01654,100%,0.1827,0.436
ME17450,CA03566,50%,-0.0775,0.138
ME17451,CA03000,50%,0.2692,0.472
ME17452,CA05620,75%,0.1767,0.299
ME17453,CA00582,25%,0.1805,0.387
ME17454,CA06563,50%,-0.0392,0.27
ME17455,CA06830,75%,-0.2886,0.438
ME17456,CA03320,75%,-0.1041,0.249
ME17457,CA04340,25%,-0.1838,0.423
ME17458,CA00415,50%,0.1233,0.229
ME17459,CA00997,75%,-0.1964,0.34
ME17460,CA01592,50%,0.0393,0.413
ME17461,CA03739,75%,-0.1138,0.116
ME17462,CA01343,25%,-0.013,0.199
ME17463,CA01138,25%,0.1617,0.257
ME17464,CA00386,50%,-0.0522,0.47
ME17465,CA03505,75%,-0.3,0.256
ME17466,CA03245,75%,0.1576,0.172
ME17467,CA03972,100%,0.2075,0.474
ME17468,CA00697,75%,-0.2439,0.193
ME17469,CA03013,50%,-0.2244,0.268
ME17470,CA01093,100%,0.0847,0.448
ME17471,CA06474,50%,0.1458,0.443
ME17472,CA01956,50%,0.1431,0.101
ME17473,CA04571,50%,0.1283,0.12
ME17474,CA02439,100%,-0.2968,0.408
ME17475,CA01604,50%,0.0084,0.116
ME17476,CA04363,50%,0.2706,0.116
ME17477,CA04281,75%,-0.0156,0.113
ME17478,CA04088,50%,0.1516,0.218
ME17479,CA06504,100%,0.4168,0.245
ME17480,CA00528,25%,0.2583,0.478
ME17481,CA05469,75%,-0.1669,0.194
ME17482,CA01093,75%,0.4802,0.232
ME17483,CA05776,25%,-0.1065,0.279
ME17484,CA00992,100%,0.0155,0.143
ME17485,CA03059,25%,0.221,0.13
ME17486,CA04473,50%,0.0924,0.485
ME17487,CA06622,100%,0.0935,0.202
ME17488,CA02542,25%,0.1883,0.412
ME17489,CA02250,75%,0.111,0.339
ME17490,CA00831,25%,0.0557,0.442
ME17491,CA03502,25%,-0.3022,0.353
ME17492,CA04469,75%,0.1414,0.151
ME17493,CA03214,50%,-0.2124,0.238
ME17494,CA02071,75%,-0.2569,0.294
ME17495,CA00658,25%,-0.0883,0.352
ME17496,CA02216,75%,0.2255,0.18
ME17497,CA04600,75%,-0.2207,0.446
ME17498,CA02711,25%,-0.3753,0.119
ME17499,CA01981,75%,0.3566,0.232
ME17500,CA05827,25%,-0.2553,0.152
ME17501,CA05083,25%,0.096,0.491
ME17502,CA03686,75%,0.2578,0.192
ME17503,CA00486,25%,0.2194,0.361
ME17504,CA01350,50%,-0.24,0.409
ME17505,CA04136,75%,0.1104,0.297
ME17506,CA00993,25%,0.057,0.289
ME17507,CA06294,25%,0.1439,0.226
ME17508,CA04893,25%,0.1539,0.395
ME17509,CA05989,75%,0.2521,0.176
ME17510,CA02171,50%,0.0035,0.439
ME17511,CA01035,50%,-0.1846,0.432
ME17512,CA04894,25%,-0.2524,0.285
ME17513,CA06452,75%,0.1487,0.204
ME17514,CA01401,25%,-0.2779,0.428
ME17515,CA03649,50%,0.1173,0.454
ME17516,CA03564,100%,-0.3207,0.226
ME17517,CA00131,75%,0.2566,0.352
ME17518,CA03604,50%,0.1381,0.392
ME17519,CA04730,75%,-0.0414,0.377
ME17520,CA02699,75%,0.0026,0.329
ME17521,CA01734,75%,0.3688,0.136
ME17522,CA01277,75%,0.1111,0.487
ME17523,CA04454,50%,0.1979,0.271
ME17524,CA05305,50%,-0.1091,0.402
ME17525,CA00601,50%,0.0298,0.468
ME17526,CA03462,25%,-0.1705,0.477
ME17527,CA05362,75%,-0.1311,0.29
ME17528,CA01730,100%,0.0441,0.487
ME17529,CA04303,75%,-0.2205,0.447
ME17530,CA02364,25%,0.4948,0.191
ME17531,CA02606,50%,0.1953,0.381
ME17532,CA05999,50%,0.1036,0.463
ME17533,CA03359,50%,0.2942,0.397
ME17534,CA04656,50%,0.15,0.425
ME17535,CA04470,25%,-0.2356,0.139
ME17536,CA01061,25%,0.2183,0.328
ME17537,CA01579,25%,-0.0061,0.189
ME17538,CA05780,100%,-0.0361,0.34
ME17539,CA04768,25%,-0.1781,0.488
ME17540,CA06708,50%,0.47,0.398
ME17541,CA04052,25%,-0.022,0.433
ME17542,CA04892,75%,-0.2175,0.289
ME17543,CA06080,25%,0.1343,0.276
ME17544,CA05862,100%,-0.2493,0.305
ME17545,CA01441,50%,0.1453,0.495
ME17546,CA03059,75%,0.0443,0.46
ME17547,CA03926,50%,0.0353,0.292
ME17548,CA03576,50%,-0.0101,0.103
ME17549,CA05417,100%,0.1456,0.409
ME17550,CA05188,100%,0.0242,0.303
ME17551,CA00405,50%,-0.0009,0.139
ME17552,CA00740,50%,-0.1433,0.166
ME17553,CA06191,25%,-0.2547,0.479
ME17554,CA04300,75%,-0.054,0.473
ME17555,CA00522,25%,-0.0567,0.36
ME17556,CA04643,25%,0.1428,0.379
ME17557,CA04506,100%,-0.2923,0.3
ME17558,CA05116,100%,-0.0617,0.424
ME17559,CA07132,100%,-0.2583,0.156
ME17560,CA00177,25%,0.1427,0.478
ME17561,CA07149,100%,-0.356,0.228
ME17562,CA06149,75%,-0.0562,0.367
ME17563,CA05855,100%,0.0667,0.333
ME17564,CA02798,25%,0.1,0.131
ME17565,CA05753,50%,0.1433,0.252
ME17566,CA01288,50%,0.0749,0.241
ME17567,CA06124,100%,-0.1432,0.326
ME17568,CA02162,25%,-0.0211,0.435
ME17569,CA01594,25%,-0.0141,0.122
ME17570,CA03651,100%,0.0076,0.195
ME17571,CA06490,75%,-0.1957,0.359
ME17572,CA01510,25%,-0.0898,0.338
ME17573,CA03230,25%,0.1153,0.163
ME17574,CA02192,75%,-0.1527,0.438
ME17575,CA04228,50%,-0.2519,0.219
ME17576,CA03297,75%,0.1439,0.2
ME17577,CA01667,25%,0.4006,0.174
ME17578,CA07124,50%,0.1178,0.357
ME17579,CA04373,75%,0.1299,0.434
ME17580,CA00009,75%,-0.1406,0.187
ME17581,CA05042,50%,0.0262,0.123
ME17582,CA01475,75%,0.2054,0.353
ME17583,CA06984,75%,0.0075,0.243
ME17584,CA07031,25%,-0.1215,0.247
ME17585,CA00143,100%,-0.3524,0.447
ME17586,CA06467,100%,0.1636,0.198
ME17587,CA00759,100%,-0.0978,0.187
ME17588,CA00833,25%,0.0946,0.371
ME17589,CA01155,50%,-0.1498,0.49
ME17590,CA00468,75%,-0.2067,0.23
ME17591,CA03971,25%,0.0103,0.345
ME17592,CA01111,100%,0.3614,0.321
ME17593,CA05058,25%,0.0215,0.104
ME17594,CA01397,25%,0.018,0.103
ME17595,CA05623,25%,0.135,0.393
ME17596,CA05379,50%,0.0393,0.139
ME17597,CA00504,75%,0.0748,0.133
ME17598,CA04817,50%,0.1169,0.451
ME17599,CA04657,25%,0.2419,0.28
ME17600,CA05541,50%,-0.0539,0.327
ME17601,CA05670,50%,-0.0028,0.367
ME17602,CA04536,50%,0.2017,0.47
ME17603,CA00912,50%,0.0719,0.228
ME17604,CA03268,50%,0.2194,0.107
ME17605,CA00312,100%,0.1751,0.398
ME17606,CA02693,25%,-0.0825,0.426
ME17607,CA02872,75%,-0.0333,0.476
ME17608,CA06424,75%,0.0226,0.36
ME17609,CA03398,50%,-0.0708,0.455
ME17610,CA02301,75%,0.0461,0.365
ME17611,CA07025,50%,-0.1149,0.379
ME17612,CA05973,100%,0.3314,0.312
ME17613,CA06176,75%,-0.0363,0.174
ME17614,CA05372,100%,-0.1822,0.478
ME17615,CA03184,75%,0.2681,0.331
ME17616,CA02267,25%,0.1841,0.408
ME17617,CA03891,100%,0.0465,0.496
ME17618,CA05835,50%,-0.1701,0.398
ME17619,CA04220,25%,-0.3048,0.28
ME17620,CA01672,25%,0.206,0.388
ME17621,CA02598,75%,-0.2593,0.213
ME17622,CA02873,75%,0.1487,0.441
ME17623,CA03906,25%,-0.1942,0.17
ME17624,CA03257,25%,0.1026,0.26
ME17625,CA05347,75%,-0.3838,0.211
ME17626,CA03234,50%,-0.0393,0.448
ME17627,CA05652,50%,-0.0254,0.351
ME17628,CA00386,25%,0.2322,0.12
ME17629,CA03182,100%,-0.0077,0.49
ME17630,CA00713,100%,-0.0375,0.366
ME17631,CA03449,75%,-0.1108,0.485
ME17632,CA04726,50%,0.1155,0.464
ME17633,CA04226,25%,0.3867,0.307
ME17634,CA01112,50%,-0.0531,0.146
ME17635,CA07048,25%,-0.0017,0.412
ME17636,CA03203,50%,-0.0841,0.216
ME17637,CA04668,100%,0.2323,0.411
ME17638,CA04813,75%,-0.0379,0.22
ME17639,CA00449,50%,0.0993,0.135
ME17640,CA06551,50%,-0.2968,0.316
ME17641,CA01726,75%,-0.1503,0.151
ME17642,CA05927,100%,-0.2878,0.201
ME17643,CA06889,75%,0.4803,0.371
ME17644,CA01794,100%,0.2035,0.483
ME17645,CA01498,100%,-0.1159,0.266
ME17646,CA06007,100%,-0.1348,0.459
ME17647,CA05635,25%,-0.2346,0.354
ME17648,CA02145,25%,-0.1023,0.296
ME17649,CA04988,100%,0.2622,0.462
ME17650,CA05738,100%,0.0721,0.272
ME17651,CA05222,75%,-0.2599,0.184
ME17652,CA06093,100%,-0.2369,0.481
ME17653,CA04128,75%,0.0177,0.339
ME17654,CA06800,25%,0.0399,0.179
ME17655,CA01563,25%,0.023,0.472
ME17656,CA03265,50%,-0.1642,0.225
ME17657,CA04712,25%,0.2071,0.5
ME17658,CA01399,75%,-0.1912,0.244
ME17659,CA03656,50%,-0.2006,0.414
ME17660,CA06498,100%,-0.1845,0.331
ME17661,CA05535,75%,-0.027,0.387
ME17662,CA06860,25%,0.1538,0.261
ME17663,CA00053,50%,-0.1308,0.305
ME17664,CA06943,50%,0.616,0.317
ME17665,CA03249,50%,0.109,0.25
ME17666,CA01708,100%,0.3889,0.368
ME17667,CA00305,25%,0.136,0.187
ME17668,CA03101,75%,-0.0341,0.271
ME17669,CA04937,75%,0.0673,0.106
ME17670,CA03535,25%,0.3718,0.309
ME17671,CA01332,75%,-0.1513,0.104
ME17672,CA03996,50%,0.0425,0.113
ME17673,CA00161,50%,0.1236,0.498
ME17674,CA04215,75%,0.2875,0.358
ME17675,CA04825,75%,-0.1443,0.182
ME17676,CA04561,75%,0.0308,0.133
ME17677,CA02315,75%,0.1294,0.376
ME17678,CA03404,50%,0.2074,0.16
ME17679,CA03997,100%,0.3258,0.496
ME17680,CA04135,100%,0.0876,0.218
ME17681,CA01016,25%,0.2283,0.313
ME17682,CA02879,75%,-0.2285,0.28
ME17683,CA06549,25%,0.2248,0.351
ME17684,CA04962,100%,0.2226,0.341
ME17685,CA04504,100%,-0.0294,0.359
ME17686,CA02666,75%,0.2729,0.373
ME17687,CA01317,100%,-0.1587,0.1
ME17688,CA00969,50%,0.2837,0.178
ME17689,CA04203,25%,0.0612,0.394
ME17690,CA07154,25%,-0.097,0.128
ME17691,CA02234,50%,0.0533,0.374
ME17692,CA00199,100%,0.106,0.454
ME17693,CA05277,25%,-0.0642,0.239
ME17694,CA04057,25%,-0.1385,0.346
ME17695,CA02685,100%,-0.1569,0.178
ME17696,CA05744,100%,-0.1112,0.421
ME17697,CA05265,75%,0.0017,0.195
ME17698,CA02579,50%,-0.1768,0.227
ME17699,CA01797,50%,0.0918,0.401
ME17700,CA03445,50%,-0.0195,0.272
ME17701,CA01605,25%,0.0051,0.129
ME17702,CA03780,75%,0.3209,0.298
ME17703,CA06058,75%,0.2796,0.463
ME17704,CA07040,25%,-0.0146,0.278
ME17705,CA01156,75%,0.3123,0.466
ME17706,CA02986,75%,0.1566,0.431
ME17707,CA03845,100%,0.0903,0.481
ME17708,CA06986,25%,-0.0085,0.146
ME17709,CA00462,25%,-0.0265,0.421
ME17710,CA00261,75%,0.3718,0.324
ME17711,CA00224,50%,-0.1011,0.103
ME17712,CA01172,100%,-0.1097,0.438
ME17713,CA02000,75%,-0.1023,0.464
ME17714,CA02293,50%,-0.3634,0.381
ME17715,CA03661,50%,-0.0572,0.496
ME17716,CA04082,75%,0.1416,0.189
ME17717,CA07187,100%,-0.1738,0.254
ME17718,CA05610,100%,-0.0018,0.417
ME17719,CA01990,75%,0.0273,0.373
ME17720,CA00830,50%,-0.0746,0.392
ME17721,CA02251,25%,0.0231,0.395
ME17722,CA01310,50%,0.268,0.392
ME17723,CA06584,100%,-0.0573,0.205
ME17724,CA00346,75%,-0.1914,0.388
ME17725,CA01562,25%,0.0411,0.402
ME17726,CA06320,100%,0.1383,0.293
ME17727,CA02695,75%,0.2521,0.141
ME17728,CA06824,75%,0.0319,0.393
ME17729,CA00696,50%,0.0436,0.157
ME17730,CA02702,75%,-0.1234,0.367
ME17731,CA05686,75%,-0.2881,0.287
ME17732,CA03709,50%,-0.3185,0.374
ME17733,CA00934,50%,-0.0418,0.13
ME17734,CA01645,75%,0.0596,0.265
ME17735,CA03267,25%,-0.1774,0.494
ME17736,CA01619,50%,-0.1152,0.49
ME17737,CA00637,100%,-0.0537,0.393
ME17738,CA04294,100%,-0.3251,0.165
ME17739,CA00964,75%,-0.0024,0.464
ME17740,CA06078,75%,-0.0828,0.137
ME17741,CA02571,50%,0.0433,0.25
ME17742,CA01079,50%,-0.2438,0.209
ME17743,CA03847,50%,-0.0291,0.315
ME17744,CA06038,75%,0.0202,0.395
ME17745,CA06909,25%,-0.0376,0.323
ME17746,CA02258,75%,0.0778,0.249
ME17747,CA00376,100%,-0.1553,0.492
ME17748,CA06265,50%,-0.0738,0.494
ME17749,CA01726,50%,0.1074,0.476
ME17750,CA01343,75%,-0.0656,0.129
ME17751,CA00693,75%,0.1953,0.328
ME17752,CA01125,75%,-0.2278,0.295
ME17753,CA02023,100%,-0.0251,0.322
ME17754,CA03843,75%,0.1839,0.104
ME17755,CA00925,50%,-0.1352,0.276
ME17756,CA02120,50%,-0.0679,0.482
ME17757,CA06958,75%,0.4344,0.365
ME17758,CA06018,100%,0.0242,0.204
ME17759,CA00231,25%,0.3057,0.293
ME17760,CA06002,100%,-0.1018,0.468
ME17761,CA02421,50%,-0.0905,0.192
ME17762,CA04119,50%,-0.1267,0.181
ME17763,CA04916,25%,-0.0953,0.492
ME17764,CA00934,25%,-0.0242,0.155
ME17765,CA05685,25%,-0.2683,0.219
ME17766,CA00350,25%,0.17,0.374
ME17767,CA00280,25%,-0.1246,0.425
ME17768,CA00973,75%,0.2005,0.261
ME17769,CA02330,75%,0.2519,0.24
ME17770,CA06563,25%,0.2798,0.203
ME17771,CA04012,100%,0.0104,0.2
ME17772,CA03518,75%,-0.1166,0.133
ME17773,CA07113,100%,0.0633,0.409
ME17774,CA00505,50%,0.0894,0.45
ME17775,CA04211,50%,-0.0558,0.395
ME17776,CA02437,100%,-0.1695,0.269
ME17777,CA03495,75%,0.0226,0.471
ME17778,CA04423,50%,0.0318,0.122
ME17779,CA01962,50%,0.287,0.328
ME17780,CA00420,50%,-0.1226,0.4
ME17781,CA03929,50%,-0.1839,0.131
ME17782,CA04517,75%,0.0215,0.44
ME17783,CA04639,50%,0.0903,0.386
ME17784,CA07034,100%,-0.0088,0.434
ME17785,CA04515,100%,-0.0998,0.116
ME17786,CA00923,25%,-0.0456,0.396
ME17787,CA03910,50%,-0.2888,0.391
ME17788,CA00625,75%,0.2995,0.12
ME17789,CA06674,100%,0.0565,0.283
ME17790,CA06500,25%,-0.143,0.255
ME17791,CA05330,75%,-0.1172,0.192
ME17792,CA03238,75%,-0.2403,0.194
ME17793,CA00939,100%,0.1703,0.179
ME17794,CA02840,25%,-0.1902,0.37
ME17795,CA01190,100%,-0.0111,0.425
ME17796,CA03563,100%,-0.0816,0.257
ME17797,CA05437,75%,-0.0774,0.468
ME17798,CA04491,25%,0.2359,0.114
ME17799,CA01569,75%,-0.1324,0.346
ME17800,CA03427,25%,0.0007,0.384
ME17801,CA05451,75%,0.2452,0.314
ME17802,CA04885,25%,0.1045,0.469
ME17803,CA00296,25%,-0.1825,0.297
ME17804,CA03230,50%,0.1329,0.312
ME17805,CA06921,25%,-0.2128,0.27
ME17806,CA06260,75%,0.0336,0.195
ME17807,CA06367,75%,-0.0551,0.176
ME17808,CA06749,75%,0.1851,0.343
ME17809,CA05447,25%,-0.0384,0.133
ME17810,CA01020,50%,0.0907,0.245
ME17811,CA00978,25%,0.0749,0.387
ME17812,CA00718,100%,-0.2306,0.302
ME17813,CA06912,25%,-0.1953,0.382
ME17814,CA05095,100%,0.0554,0.431
ME17815,CA02689,75%,-0.1985,0.276
ME17816,CA06478,100%,-0.1506,0.286
ME17817,CA03348,50%,0.1237,0.485
ME17818,CA01666,100%,0.0967,0.115
ME17819,CA01148,100%,0.005,0.229
ME17820,CA05073,25%,0.1444,0.293
ME17821,CA00640,25%,-0.3537,0.169
ME17822,CA06736,25%,-0.0706,0.152
ME17823,CA06317,100%,-0.2268,0.168
ME17824,CA05095,50%,-0.089,0.193
ME17825,CA07111,75%,-0.0755,0.123
ME17826,CA02654,50%,-0.3467,0.206
ME17827,CA01560,100%,0.2698,0.398
ME17828,CA03022,50%,0.1589,0.228
ME17829,CA04415,25%,-0.0653,0.443
ME17830,CA03125,100%,0.0158,0.412
ME17831,CA06016,100%,-0.0635,0.263
ME17832,CA04277,25%,-0.0988,0.369
ME17833,CA00702,25%,0.048,0.291
ME17834,CA03040,75%,-0.1552,0.27
ME17835,CA00597,75%,-0.0232,0.476
ME17836,CA05342,50%,-0.1323,0.169
ME17837,CA01769,75%,0.0709,0.386
ME17838,CA03820,50%,0.0857,0.361
ME17839,CA06992,25%,-0.0288,0.421
ME17840,CA05687,50%,-0.283,0.374
ME17841,CA04285,50%,-0.0359,0.447
ME17842,CA02602,75%,0.2687,0.172
ME17843,CA04234,50%,0.1422,0.433
ME17844,CA04251,50%,0.0201,0.43
ME17845,CA03380,75%,-0.164,0.246
ME17846,CA00225,25%,-0.0975,0.154
ME17847,CA01186,75%,0.2598,0.467
ME17848,CA02136,25%,-0.2033,0.299
ME17849,CA07059,100%,0.0872,0.44
ME17850,CA02969,50%,0.0069,0.112
ME17851,CA06536,75%,-0.1781,0.356
ME17852,CA06370,25%,-0.1433,0.365
ME17853,CA03885,75%,0.0851,0.156
ME17854,CA01443,100%,0.2473,0.319
ME17855,CA06067,75%,0.1695,0.121
ME17856,CA05968,100%,0.164,0.361
ME17857,CA00550,75%,-0.1351,0.29
ME17858,CA02796,25%,0.3033,0.399
ME17859,CA03120,50%,-0.0932,0.249
ME17860,CA01758,25%,0.0672,0.315
ME17861,CA02853,50%,0.1366,0.135
ME17862,CA03285,50%,0.0188,0.291
ME17863,CA05692,100%,-0.654,0.331
ME17864,CA05838,75%,0.1211,0.157
ME17865,CA05424,25%,0.0427,0.472
ME17866,CA00774,75%,-0.005,0.358
ME17867,CA02481,25%,0.4359,0.424
ME17868,CA07174,50%,0.0565,0.363
ME17869,CA02355,75%,0.4499,0.382
ME17870,CA02735,75%,0.1473,0.366
ME17871,CA03761,25%,0.0528,0.363
ME17872,CA01008,50%,-0.1531,0.342
ME17873,CA07102,75%,-0.2075,0.29
ME17874,CA03515,50%,0.0718,0.384
ME17875,CA04107,25%,-0.1144,0.405
ME17876,CA04646,100%,-0.0893,0.396
ME17877,CA01422,100%,0.0372,0.159
ME17878,CA05785,100%,0.0551,0.255
ME17879,CA01241,50%,0.0392,0.295
ME17880,CA06626,100%,0.0301,0.252
ME17881,CA05880,75%,-0.1898,0.287
ME17882,CA05239,50%,0.2266,0.183
ME17883,CA05330,100%,-0.0738,0.47
ME17884,CA00062,75%,0.3166,0.292
ME17885,CA05330,25%,-0.0205,0.492
ME17886,CA00312,100%,-0.1095,0.444
ME17887,CA00866,75%,0.2654,0.28
ME17888,CA02938,75%,-0.2047,0.308
ME17889,CA05693,100%,-0.0832,0.264
ME17890,CA07115,100%,-0.041,0.191
ME17891,CA00711,75%,-0.0413,0.189
ME17892,CA04267,25%,0.1382,0.307
ME17893,CA01539,50%,-0.006,0.178
ME17894,CA03536,25%,0.1472,0.387
ME17895,CA06179,50%,-0.0469,0.165
ME17896,CA02094,25%,0.1467,0.459
ME17897,CA01029,25%,0.0911,0.113
ME17898,CA05172,75%,-0.1754,0.132
ME17899,CA03278,100%,-0.1307,0.309
ME17900,CA01097,75%,0.1551,0.443
ME17901,CA03730,50%,-0.0964,0.313
ME17902,CA05971,100%,0.0702,0.408
ME17903,CA02723,25%,0.1845,0.302
ME17904,CA06994,100%,0.0498,0.369
ME17905,CA02080,75%,-0.0875,0.24
ME17906,CA06920,50%,0.1284,0.167
ME17907,CA07166,100%,-0.2294,0.246
ME17908,CA05750,25%,-0.2099,0.238
ME17909,CA06339,50%,0.2628,0.368
ME17910,CA03545,100%,-0.1523,0.473
ME17911,CA06119,100%,0.1196,0.394
ME17912,CA00258,25%,0.1752,0.214
ME17913,CA04503,100%,0.0525,0.211
ME17914,CA03801,50%,0.0742,0.427
ME17915,CA06103,75%,0.0059,0.162
ME17916,CA00363,25%,0.2758,0.272
ME17917,CA04990,25%,0.2279,0.299
ME17918,CA06495,25%,0.2553,0.156
ME17919,CA05591,75%,-0.3275,0.154
ME17920,CA00322,75%,0.1979,0.135
ME17921,CA04449,25%,-0.1155,0.435
ME17922,CA03265,100%,-0.0815,0.397
ME17923,CA04412,25%,-0.0413,0.26
ME17924,CA01257,100%,0.1352,0.414
ME17925,CA03371,25%,-0.1877,0.4
ME17926,CA05388,50%,0.1863,0.358
ME17927,CA02337,75%,-0.4218,0.214
ME17928,CA02145,25%,0.101,0.453
ME17929,CA05171,25%,0.1861,0.371
ME17930,CA05833,100%,-0.0319,0.431
ME17931,CA05205,25%,-0.3026,0.178
ME17932,CA04387,25%,-0.1915,0.381
ME17933,CA03599,100%,0.2157,0.499
ME17934,CA01681,100%,0.001,0.168
ME17935,CA05649,100%,0.0632,0.27
ME17936,CA01856,25%,-0.0313,0.199
ME17937,CA04914,100%,0.0085,0.253
ME17938,CA06550,75%,-0.1016,0.375
ME17939,CA01278,75%,0.4519,0.27
ME17940,CA02654,50%,-0.1991,0.374
ME17941,CA03780,50%,-0.1053,0.269
ME17942,CA03722,100%,0.0943,0.409
ME17943,CA03055,25%,-0.2375,0.149
ME17944,CA04861,25%,0.1523,0.483
ME17945,CA03266,100%,-0.1859,0.278
ME17946,CA04525,25%,0.3278,0.111
ME17947,CA04040,50%,-0.331,0.233
ME17948,CA03681,100%,-0.1436,0.453
ME17949,CA03677,25%,-0.096,0.446
ME17950,CA01652,100%,-0.1184,0.488
ME17951,CA04550,50%,-0.058,0.461
ME17952,CA07185,100%,0.1893,0.176
ME17953,CA00648,75%,0.0375,0.331
ME17954,CA03399,100%,-0.2032,0.497
ME17955,CA02045,50%,-0.0409,0.289
ME17956,CA03310,25%,0.2849,0.325
ME17957,CA07074,50%,0.087,0.334
ME17958,CA05735,100%,-0.2896,0.399
ME17959,CA04625,50%,0.0379,0.118
ME17960,CA00285,25%,0.1115,0.386
ME17961,CA02355,50%,0.0929,0.486
ME17962,CA02420,50%,-0.4901,0.204
ME17963,CA06964,100%,0.1516,0.205
ME17964,CA02356,25%,-0.0396,0.469
ME17965,CA06211,50%,-0.2223,0.119
ME17966,CA07005,50%,-0.2906,0.182
ME17967,CA07118,75%,0.1931,0.109
ME17968,CA06757,50%,0.0176,0.193
ME17969,CA02757,75%,0.014,0.461
ME17970,CA03556,75%,-0.1002,0.31
ME17971,CA06212,100%,0.0045,0.324
ME17972,CA01257,50%,-0.2373,0.396
ME17973,CA00950,25%,0.4659,0.183
ME17974,CA05408,100%,-0.3096,0.139
ME17975,CA05464,50%,0.0948,0.455
ME17976,CA05315,50%,-0.0984,0.353
ME17977,CA04671,75%,0.1753,0.496
ME17978,CA02022,50%,-0.1084,0.369
ME17979,CA02743,50%,0.5471,0.438
ME17980,CA05990,100%,0.0302,0.236
ME17981,CA05627,25%,0.2547,0.479
ME17982,CA03147,100%,-0.0936,0.347
ME17983,CA01757,50%,-0.3892,0.188
ME17984,CA02825,25%,0.2873,0.359
ME17985,CA00984,100%,-0.0555,0.151
ME17986,CA00758,75%,-0.0646,0.24
ME17987,CA05903,50%,0.0876,0.432
ME17988,CA05869,25%,0.0979,0.325
ME17989,CA06871,75%,0.1164,0.165
ME17990,CA00864,50%,-0.2042,0.383
ME17991,CA02207,25%,-0.0174,0.317
ME17992,CA03794,25%,-0.0992,0.355
ME17993,CA03431,100%,-0.3011,0.291
ME17994,CA04922,100%,0.1137,0.15
ME17995,CA04508,25%,-0.2275,0.474
ME17996,CA03541,100%,-0.0378,0.188
ME17997,CA04957,50%,0.3967,0.415
ME17998,CA06094,50%,0.1544,0.323
ME17999,CA06085,75%,0.0896,0.247
ME18000,CA04794,75%,0.1754,0.488
ME18001,CA01789,75%,0.1436,0.245
ME18002,CA01077,100%,0.3702,0.458
ME18003,CA05287,100%,0.1633,0.327
ME18004,CA00162,100%,0.095,0.186
ME18005,CA05885,25%,0.4019,0.323
ME18006,CA03751,75%,-0.5749,0.464
ME18007,CA00406,25%,0.0045,0.352
ME18008,CA05234,100%,0.0341,0.174
ME18009,CA01428,50%,0.1486,0.291
ME18010,CA00885,25%,-0.0247,0.141
ME18011,CA02137,75%,0.1541,0.308
ME18012,CA05669,50%,-0.0768,0.407
ME18013,CA05533,50%,0.1533,0.434
ME18014,CA00061,25%,0.1389,0.323
ME18015,CA04610,25%,-0.1539,0.353
ME18016,CA02669,100%,-0.28,0.353
ME18017,CA01316,25%,-0.0792,0.245
ME18018,CA02566,75%,-0.124,0.157
ME18019,CA07008,50%,0.0331,0.143
ME18020,CA01005,100%,0.201,0.19
ME18021,CA03178,100%,0.0172,0.226
ME18022,CA03773,75%,-0.0678,0.462
ME18023,CA04642,100%,-0.122,0.268
ME18024,CA00156,50%,-0.0914,0.237
ME18025,CA03612,25%,-0.1675,0.437
ME18026,CA01635,75%,-0.1733,0.25
ME18027,CA06395,50%,-0.0014,0.101
ME18028,CA06657,75%,0.1569,0.413
ME18029,CA02623,25%,0.0392,0.427
ME18030,CA04059,50%,0.3134,0.116
ME18031,CA01295,50%,-0.0427,0.166
ME18032,CA03269,25%,-0.0954,0.24
ME18033,CA01053,100%,0.0771,0.271
ME18034,CA06435,100%,0.1527,0.392
ME18035,CA01519,25%,0.2757,0.234
ME18036,CA04780,25%,0.4273,0.328
ME18037,CA04620,100%,0.1362,0.274
ME18038,CA02844,25%,-0.0986,0.441
ME18039,CA01007,75%,0.0466,0.155
ME18040,CA02012,100%,-0.028,0.353
ME18041,CA06099,100%,-0.1574,0.194
ME18042,CA05393,50%,0.3297,0.297
ME18043,CA03870,75%,0.0316,0.385
ME18044,CA05731,25%,0.0455,0.13
ME18045,CA01932,50%,0.0891,0.455
ME18046,CA05939,75%,0.0031,0.334
ME18047,CA00935,25%,0.1411,0.239
ME18048,CA05070,75%,0.3647,0.49
ME18049,CA05636,25%,0.041,0.334
ME18050,CA03212,75%,-0.3188,0.395
ME18051,CA01406,25%,0.0042,0.489
ME18052,CA05788,75%,0.1416,0.381
ME18053,CA02619,50%,0.1041,0.156
ME18054,CA02718,75%,0.1365,0.251
ME18055,CA01191,50%,0.1215,0.311
ME18056,CA05833,25%,-0.3806,0.234
ME18057,CA03236,50%,-0.2483,0.22
ME18058,CA06569,25%,-0.4703,0.413
ME18059,CA02007,50%,-0.0177,0.143
ME18060,CA04141,50%,0.1492,0.183
ME18061,CA03211,100%,0.301,0.276
ME18062,CA01288,100%,-0.0908,0.329
ME18063,CA05604,50%,0.1748,0.247
ME18064,CA02853,100%,0.2581,0.191
ME18065,CA05394,75%,-0.1451,0.374
ME18066,CA01444,25%,0.0544,0.276
ME18067,CA02114,75%,-0.0313,0.421
ME18068,CA00568,50%,-0.1063,0.129
ME18069,CA01454,75%,0.197,0.333
ME18070,CA02402,75%,0.0107,0.201
ME18071,CA06398,100%,0.0699,0.386
ME18072,CA02911,50%,0.0811,0.163
ME18073,CA03253,25%,-0.2144,0.456
ME18074,CA05717,75%,0.0305,0.384
ME18075,CA06538,75%,0.054,0.39
ME18076,CA02317,75%,-0.1487,0.266
ME18077,CA05121,75%,-0.2601,0.149
ME18078,CA00105,75%,-0.11,0.286
ME18079,CA06620,100%,0.1876,0.376
ME18080,CA02209,75%,-0.0091,0.18
ME18081,CA01063,25%,0.4606,0.336
ME18082,CA00169,75%,-0.1429,0.314
ME18083,CA02122,100%,-0.2001,0.443
ME18084,CA06149,50%,0.1556,0.157
ME18085,CA02586,25%,-0.1913,0.472
ME18086,CA02998,50%,-0.0905,0.152
ME18087,CA00651,75%,-0.1257,0.326
ME18088,CA02998,100%,-0.3527,0.443
ME18089,CA03667,100%,-0.019,0.352
ME18090,CA06272,100%,-0.4089,0.262
ME18091,CA03280,75%,-0.1155,0.293
ME18092,CA05180,100%,-0.0329,0.119
ME18093,CA05337,75%,-0.0178,0.166
ME18094,CA06587,100%,-0.1331,0.173
ME18095,CA05013,25%,0.1191,0.191
ME18096,CA02177,100%,-0.3213,0.433
ME18097,CA02138,25%,0.2026,0.257
ME18098,CA05738,25%,0.0965,0.174
ME18099,CA01842,75%,0.2846,0.178
ME18100,CA00476,25%,0.0588,0.21
ME18101,CA01725,100%,0.1234,0.181
ME18102,CA01243,75%,-0.2517,0.191
ME18103,CA05944,25%,0.3388,0.101
ME18104,CA06505,75%,-0.2797,0.286
ME18105,CA00980,75%,-0.1049,0.2
ME18106,CA04118,75%,0.0163,0.258
ME18107,CA03326,75%,0.1613,0.14
ME18108,CA03493,100%,-0.0256,0.404
ME18109,CA01681,50%,-0.0149,0.351
ME18110,CA03260,100%,-0.0991,0.384
ME18111,CA05868,25%,0.0136,0.489
ME18112,CA05452,25%,0.0993,0.304
ME18113,CA01819,25%,-0.1882,0.298
ME18114,CA05988,100%,-0.0964,0.22
ME18115,CA05885,50%,0.2606,0.111
ME18116,CA04114,25%,0.1619,0.443
ME18117,CA01626,100%,-0.1317,0.17
ME18118,CA04325,100%,0.0371,0.431
ME18119,CA05244,25%,-0.0112,0.123
ME18120,CA02899,75%,0.0171,0.12
ME18121,CA06676,75%,0.2672,0.221
ME18122,CA05007,50%,-0.0261,0.231
ME18123,CA03425,25%,-0.1455,0.355
ME18124,CA02750,75%,-0.3704,0.487
ME18125,CA03027,25%,0.0146,0.184
ME18126,CA03643,100%,-0.0257,0.446
ME18127,CA04882,25%,-0.1245,0.116
ME18128,CA05247,50%,-0.0854,0.173
ME18129,CA06017,25%,0.0532,0.391
ME18130,CA05874,100%,0.4898,0.223
ME18131,CA01234,50%,0.0179,0.371
ME18132,CA02298,75%,-0.5247,0.29
ME18133,CA04564,75%,-0.2666,0.499
ME18134,CA06052,25%,-0.0054,0.18
ME18135,CA07200,50%,-0.0197,0.138
ME18136,CA02411,25%,-0.1652,0.183
ME18137,CA05178,100%,-0.1089,0.471
ME18138,CA00144,50%,-0.0687,0.441
ME18139,CA04406,100%,-0.2612,0.133
ME18140,CA03306,100%,-0.1238,0.378
ME18141,CA02095,25%,0.173,0.485
ME18142,CA02238,25%,-0.0227,0.149
ME18143,CA04106,25%,0.2749,0.402
ME18144,CA00468,75%,0.2022,0.483
ME18145,CA01281,100%,0.4398,0.451
ME18146,CA03546,50%,-0.0169,0.199
ME18147,CA05916,100%,0.1794,0.139
ME18148,CA04611,75%,-0.097,0.426
ME18149,CA02472,25%,0.1424,0.255
ME18150,CA03469,100%,-0.0189,0.35
ME18151,CA03230,75%,0.0727,0.253
ME18152,CA04374,100%,-0.0318,0.396
ME18153,CA00141,50%,-0.2765,0.117
ME18154,CA03498,75%,0.0805,0.154
ME18155,CA01711,25%,0.0902,0.263
ME18156,CA02630,25%,-0.27,0.428
ME18157,CA06835,50%,-0.0422,0.489
ME18158,CA03987,75%,-0.1894,0.194
ME18159,CA05866,25%,0.0644,0.435
ME18160,CA01358,75%,0.1568,0.297
ME18161,CA01218,25%,0.0017,0.35
ME18162,CA04504,50%,0.2158,0.29
ME18163,CA02120,100%,0.1927,0.478
ME18164,CA04442,75%,0.1007,0.366
ME18165,CA03641,100%,-0.393,0.123
ME18166,CA05322,25%,-0.1877,0.331
ME18167,CA01872,50%,0.486,0.444
ME18168,CA05988,25%,0.1338,0.169
ME18169,CA03927,100%,0.0437,0.354
ME18170,CA05290,100%,0.0525,0.456
ME18171,CA04602,50%,0.2489,0.274
ME18172,CA02603,50%,0.5735,0.247
ME18173,CA00667,50%,0.0769,0.316
ME18174,CA03098,75%,-0.0654,0.322
ME18175,CA03136,75%,-0.0011,0.405
ME18176,CA00932,100%,0.0424,0.141
ME18177,CA00795,25%,-0.0951,0.309
ME18178,CA00251,100%,0.1217,0.352
ME18179,CA00828,100%,-0.0312,0.476
ME18180,CA02032,75%,0.2573,0.413
ME18181,CA01565,100%,0.0047,0.25
ME18182,CA06499,50%,-0.0834,0.29
ME18183,CA05134,50%,0.2986,0.384
ME18184,CA04566,50%,0.1636,0.443
ME18185,CA03428,100%,0.0378,0.201
ME18186,CA00517,100%,-0.0221,0.231
ME18187,CA02570,25%,0.3471,0.129
ME18188,CA03883,25%,0.3609,0.187
ME18189,CA00252,100%,0.1634,0.489
ME18190,CA02095,50%,0.1979,0.213
ME18191,CA07074,25%,0.3076,0.385
ME18192,CA04768,100%,0.207,0.415
ME18193,CA04659,75%,-0.3231,0.446
ME18194,CA02732,75%,0.1402,0.19
ME18195,CA02916,75%,-0.3059,0.349
ME18196,CA00253,50%,-0.2493,0.298
ME18197,CA04395,100%,0.1633,0.259
ME18198,CA04011,75%,0.0554,0.326
ME18199,CA01248,75%,-0.038,0.442
ME18200,CA05857,100%,0.2289,0.463
ME18201,CA03455,50%,-0.0601,0.237
ME18202,CA05024,50%,-0.1683,0.254
ME18203,CA05645,100%,-0.1418,0.25
ME18204,CA06518,25%,0.1039,0.326
ME18205,CA06717,50%,0.1146,0.299
ME18206,CA06099,50%,-0.1677,0.136
ME18207,CA03678,25%,0.1239,0.191
ME18208,CA01682,75%,-0.0975,0.463
ME18209,CA05592,50%,0.1391,0.333
ME18210,CA02779,75%,0.3106,0.342
ME18211,CA03822,25%,-0.0039,0.413
ME18212,CA06565,75%,-0.0953,0.332
ME18213,CA06302,75%,-0.3072,0.455
ME18214,CA02118,75%,-0.0124,0.368
ME18215,CA06971,25%,0.0076,0.154
ME18216,CA02806,75%,-0.0842,0.475
ME18217,CA06251,25%,-0.1536,0.128
ME18218,CA03070,50%,0.0663,0.341
ME18219,CA04666,50%,-0.2776,0.162
ME18220,CA01403,75%,-0.1099,0.345
ME18221,CA03954,50%,0.2305,0.2
ME18222,CA06113,100%,-0.0538,0.263
ME18223,CA05628,50%,0.0049,0.231
ME18224,CA01140,25%,-0.0907,0.311
ME18225,CA04563,50%,-0.1046,0.221
ME18226,CA03779,100%,0.3818,0.425
ME18227,CA03220,75%,0.1397,0.431
ME18228,CA06636,50%,-0.1512,0.335
ME18229,CA05688,100%,-0.0139,0.446
ME18230,CA06334,50%,-0.1535,0.413
ME18231,CA02250,75%,0.2367,0.182
ME18232,CA06930,25%,0.1308,0.487
ME18233,CA05861,50%,-0.0753,0.154
ME18234,CA00897,25%,-0.1679,0.295
ME18235,CA04243,25%,-0.1557,0.369
ME18236,CA06229,50%,0.0646,0.375
ME18237,CA02342,50%,0.0959,0.278
ME18238,CA01300,100%,-0.1353,0.104
ME18239,CA04323,50%,-0.069,0.438
ME18240,CA04048,100%,0.1834,0.337
ME18241,CA06814,100%,0.1564,0.447
ME18242,CA03787,75%,-0.0515,0.469
ME18243,CA04483,50%,0.174,0.241
ME18244,CA02596,25%,0.2396,0.383
ME18245,CA04984,50%,0.1926,0.317
ME18246,CA02154,100%,0.0839,0.27
ME18247,CA06856,25%,0.2216,0.158
ME18248,CA03421,50%,0.2447,0.4
ME18249,CA04334,100%,0.1081,0.112
ME18250,CA06000,100%,-0.062,0.404
ME18251,CA01707,75%,-0.1533,0.481
ME18252,CA05478,25%,0.2297,0.27
ME18253,CA01497,50%,-0.3175,0.101
ME18254,CA01594,50%,0.0463,0.361
ME18255,CA00571,50%,0.2561,0.145
ME18256,CA01195,25%,-0.1191,0.37
ME18257,CA00884,100%,-0.535,0.376
ME18258,CA02572,100%,-0.144,0.473
ME18259,CA00806,75%,-0.0588,0.175
ME18260,CA05910,25%,0.1326,0.199
ME18261,CA04930,50%,0.1503,0.274
ME18262,CA04730,50%,-0.2494,0.426
ME18263,CA05611,50%,-0.3009,0.303
ME18264,CA07112,50%,-0.1208,0.314
ME18265,CA06252,25%,0.5894,0.364
ME18266,CA05340,75%,-0.1763,0.26
ME18267,CA03524,25%,0.0116,0.136
ME18268,CA06905,50%,-0.0447,0.374
ME18269,CA01826,25%,0.0299,0.462
ME18270,CA03432,25%,0.1462,0.235
ME18271,CA05475,100%,0.1649,0.419
ME18272,CA07144,50%,-0.2009,0.18
ME18273,CA04307,100%,0.2093,0.275
ME18274,CA01221,75%,-0.2676,0.138
ME18275,CA04868,50%,-0.4264,0.467
ME18276,CA00372,100%,0.1859,0.443
ME18277,CA01739,50%,-0.0335,0.325
ME18278,CA00153,50%,0.0417,0.292
ME18279,CA04456,75%,0.1844,0.423
ME18280,CA02744,25%,0.1939,0.157
ME18281,CA03396,25%,0.0773,0.351
ME18282,CA04348,100%,-0.0544,0.486
ME18283,CA06946,100%,0.2127,0.249
ME18284,CA01118,100%,0.0504,0.223
ME18285,CA07154,50%,-0.2308,0.42
ME18286,CA04385,50%,0.2003,0.438
ME18287,CA06311,100%,0.2032,0.241
ME18288,CA00939,75%,-0.3256,0.264
ME18289,CA01085,25%,-0.0839,0.285
ME18290,CA06882,50%,0.3837,0.344
ME18291,CA02279,75%,0.0546,0.306
ME18292,CA02785,100%,0.1751,0.339
ME18293,CA03332,50%,-0.0947,0.397
ME18294,CA04313,25%,0.2238,0.304
ME18295,CA05936,50%,-0.0673,0.133
ME18296,CA00293,50%,-0.0372,0.195
ME18297,CA05273,50%,-0.1193,0.29
ME18298,CA00366,75%,0.0093,0.175
ME18299,CA00503,50%,0.3294,0.469
ME18300,CA01020,75%,-0.3004,0.394
ME18301,CA04070,100%,-0.0161,0.473
ME18302,CA04718,100%,-0.0172,0.354
ME18303,CA02163,100%,-0.1968,0.256
ME18304,CA05914,50%,0.1249,0.451
ME18305,CA03663,100%,0.0943,0.241
ME18306,CA04771,100%,-0.5944,0.372
ME18307,CA01332,25%,-0.0391,0.479
ME18308,CA06162,100%,-0.1161,0.129
ME18309,CA05095,75%,-0.2457,0.456
ME18310,CA05716,25%,-0.0747,0.222
ME18311,CA04623,50%,0.3049,0.134
ME18312,CA02717,50%,-0.1856,0.115
ME18313,CA00638,25%,-0.0151,0.27
ME18314,CA00970,25%,-0.141,0.5
ME18315,CA04362,100%,0.3567,0.335
ME18316,CA05607,25%,0.0254,0.476
ME18317,CA02483,25%,-0.2289,0.171
ME18318,CA00978,25%,0.1592,0.16
ME18319,CA03394,75%,-0.0215,0.17
ME18320,CA03873,50%,0.2906,0.376
ME18321,CA02637,100%,0.3151,0.411
ME18322,CA00259,100%,0.3901,0.394
ME18323,CA06391,50%,-0.2495,0.343
ME18324,CA01170,75%,-0.34,0.261
ME18325,CA05531,100%,0.1904,0.145
ME18326,CA02230,50%,0.0958,0.24
ME18327,CA05787,25%,-0.2209,0.39
ME18328,CA05980,25%,-0.242,0.101
ME18329,CA05752,75%,0.2226,0.492
ME18330,CA05475,50%,0.0732,0.438
ME18331,CA04876,50%,-0.0801,0.399
ME18332,CA03182,25%,-0.0725,0.135
ME18333,CA00826,50%,-0.2962,0.494
ME18334,CA05311,50%,0.1795,0.117
ME18335,CA04393,100%,-0.0026,0.103
ME18336,CA02843,75%,-0.1207,0.203
ME18337,CA01489,75%,0.2435,0.421
ME18338,CA04266,75%,0.0629,0.425
ME18339,CA00723,75%,-0.0604,0.174
ME18340,CA05303,100%,-0.102,0.315
ME18341,CA04899,75%,-0.1639,0.489
ME18342,CA06328,50%,0.4197,0.241
ME18343,CA04986,50%,0.1582,0.365
ME18344,CA05068,100%,0.346,0.119
ME18345,CA02380,50%,0.1065,0.284
ME18346,CA03211,100%,-0.0314,0.446
ME18347,CA00151,100%,0.037,0.453
ME18348,CA01762,50%,0.0825,0.347
ME18349,CA06306,25%,-0.2988,0.117
ME18350,CA01758,25%,-0.3997,0.415
ME18351,CA01576,100%,-0.0153,0.168
ME18352,CA06739,100%,-0.0121,0.132
ME18353,CA03837,25%,-0.3685,0.414
ME18354,CA06601,25%,-0.1645,0.379
ME18355,CA00815,50%,-0.0196,0.386
ME18356,CA01806,25%,-0.053,0.371
ME18357,CA06663,100%,0.5018,0.274
ME18358,CA01333,25%,-0.185,0.47
ME18359,CA06918,75%,-0.0173,0.41
ME18360,CA01553,75%,0.1807,0.212
ME18361,CA06574,100%,-0.3291,0.165
ME18362,CA06606,75%,0.0874,0.114
ME18363,CA07188,100%,0.0328,0.225
ME18364,CA00948,75%,0.2234,0.486
ME18365,CA01784,25%,-0.0625,0.258
ME18366,CA05052,75%,0.4007,0.184
ME18367,CA01027,100%,-0.4775,0.362
ME18368,CA06377,75%,-0.3255,0.233
ME18369,CA00023,100%,-0.1028,0.184
ME18370,CA04916,100%,0.0123,0.398
ME18371,CA02119,100%,0.0157,0.353
ME18372,CA04800,75%,0.1704,0.49
ME18373,CA01763,25%,0.0817,0.5
ME18374,CA01549,50%,-0.0561,0.291
ME18375,CA07144,25%,0.0469,0.456
ME18376,CA03650,50%,-0.1254,0.106
ME18377,CA03459,25%,-0.0558,0.146
ME18378,CA03731,25%,-0.1535,0.338
ME18379,CA06696,100%,-0.1615,0.444
ME18380,CA01970,25%,0.102,0.48
ME18381,CA01736,50%,-0.0987,0.289
ME18382,CA01812,50%,0.0608,0.363
ME18383,CA01281,75%,-0.0277,0.426
ME18384,CA03049,100%,0.3512,0.477
ME18385,CA07191,50%,-0.292,0.395
ME18386,CA05428,50%,0.0188,0.418
ME18387,CA05568,25%,0.0105,0.392
ME18388,CA05968,25%,-0.1837,0.386
ME18389,CA04393,75%,-0.2532,0.302
ME18390,CA02787,50%,-0.0665,0.325
ME18391,CA04852,100%,-0.1953,0.322
ME18392,CA01652,25%,-0.4143,0.291
ME18393,CA01454,50%,0.1086,0.12
ME18394,CA01052,75%,0.1482,0.123
ME18395,CA04886,100%,0.1356,0.227
ME18396,CA07066,25%,0.1982,0.326
ME18397,CA06113,100%,0.0593,0.216
ME18398,CA05285,25%,0.1028,0.374
ME18399,CA03161,100%,-0.1717,0.232
ME18400,CA03770,100%,-0.0837,0.272
ME18401,CA01251,50%,0.2069,0.212
ME18402,CA05103,25%,-0.3256,0.376
ME18403,CA03453,100%,0.1145,0.101
ME18404,CA06921,25%,-0.1079,0.412
ME18405,CA06791,100%,0.134,0.374
ME18406,CA02949,25%,-0.2075,0.309
ME18407,CA04966,100%,-0.3288,0.205
ME18408,CA03181,100%,0.1923,0.423
ME18409,CA03343,50%,-0.0178,0.499
ME18410,CA03816,100%,-0.0939,0.297
ME18411,CA02036,25%,0.0802,0.184
ME18412,CA03989,25%,-0.1521,0.162
ME18413,CA06560,75%,-0.3316,0.451
ME18414,CA05530,75%,0.1671,0.326
ME18415,CA03410,100%,0.4028,0.186
ME18416,CA06460,100%,-0.1677,0.361
ME18417,CA00991,75%,-0.0801,0.142
ME18418,CA03725,50%,0.1285,0.475
ME18419,CA06524,75%,0.1172,0.148
ME18420,CA03512,50%,0.3298,0.174
ME18421,CA00884,25%,-0.1582,0.236
ME18422,CA05200,50%,-0.3495,0.488
ME18423,CA00150,25%,0.167,0.117
ME18424,CA00598,100%,-0.1569,0.351
ME18425,CA02617,100%,0.1161,0.247
ME18426,CA04282,25%,-0.155,0.411
ME18427,CA06674,75%,0.1838,0.473
ME18428,CA03208,50%,0.1527,0.444
ME18429,CA05778,75%,-0.0956,0.272
ME18430,CA02178,100%,-0.0077,0.295
ME18431,CA03011,75%,0.0644,0.215
ME18432,CA01257,50%,0.3405,0.455
ME18433,CA03309,50%,-0.0077,0.409
ME18434,CA04688,100%,0.4309,0.254
ME18435,CA00369,75%,0.0035,0.242
ME18436,CA02756,100%,0.0187,0.294
ME18437,CA02660,75%,-0.1987,0.113
ME18438,CA00441,25%,-0.0158,0.278
ME18439,CA05301,75%,-0.2382,0.145
ME18440,CA02235,50%,-0.0089,0.479
ME18441,CA02809,100%,-0.0179,0.241
ME18442,CA01047,25%,0.181,0.428
ME18443,CA02449,100%,0.25,0.427
ME18444,CA06763,75%,-0.262,0.471
ME18445,CA01848,75%,-0.1058,0.216
ME18446,CA00351,50%,0.0957,0.107
ME18447,CA02996,75%,0.1388,0.235
ME18448,CA06294,25%,0.0086,0.329
ME18449,CA05041,50%,-0.0161,0.405
ME18450,CA01921,100%,0.0931,0.392
ME18451,CA00264,50%,-0.0606,0.306
ME18452,CA03970,25%,-0.0985,0.12
ME18453,CA04221,25%,-0.2506,0.179
ME18454,CA05574,25%,0.0022,0.183
ME18455,CA05136,50%,0.1215,0.227
ME18456,CA02238,100%,-0.0534,0.123
ME18457,CA01010,50%,-0.1391,0.158
ME18458,CA03253,50%,-0.1857,0.332
ME18459,CA04785,25%,-0.0243,0.135
ME18460,CA01060,75%,-0.0037,0.364
ME18461,CA06541,25%,0.2198,0.224
ME18462,CA02791,100%,-0.1983,0.461
ME18463,CA05552,50%,-0.1118,0.111
ME18464,CA00219,50%,0.3831,0.3
ME18465,CA02662,25%,0.1464,0.221
ME18466,CA04682,100%,0.1081,0.278
ME18467,CA06729,50%,0.4165,0.2
ME18468,CA02650,25%,0.3477,0.413
ME18469,CA05080,75%,0.026,0.287
ME18470,CA03729,75%,-0.287,0.434
ME18471,CA02631,25%,0.0437,0.288
ME18472,CA01745,25%,0.0848,0.367
ME18473,CA05356,25%,-0.0609,0.246
ME18474,CA02661,100%,-0.2731,0.359
ME18475,CA04577,100%,-0.0667,0.356
ME18476,CA04042,50%,0.0115,0.248
ME18477,CA00586,50%,0.0269,0.339
ME18478,CA03761,75%,0.1933,0.326
ME18479,CA05375,25%,-0.0494,0.495
ME18480,CA03820,50%,0.3672,0.134
ME18481,CA03319,25%,-0.0391,0.433
ME18482,CA05323,25%,0.2437,0.475
ME18483,CA04645,100%,-0.2488,0.357
ME18484,CA04441,50%,-0.2125,0.331
ME18485,CA03034,75%,-0.0628,0.259
ME18486,CA06033,25%,-0.0225,0.11
ME18487,CA05523,25%,-0.3371,0.311
ME18488,CA02914,25%,0.2657,0.352
ME18489,CA04963,25%,0.1445,0.32
ME18490,CA05219,75%,-0.3531,0.182
ME18491,CA06756,50%,0.2722,0.262
ME18492,CA01353,75%,0.2262,0.119
ME18493,CA02991,100%,-0.3315,0.179
ME18494,CA02530,100%,-0.3826,0.48
ME18495,CA06563,100%,0.0939,0.32
ME18496,CA00943,25%,-0.0611,0.298
ME18497,CA06849,75%,-0.2356,0.425
ME18498,CA04792,25%,-0.194,0.466
ME18499,CA05523,100%,0.0699,0.358
ME18500,CA00985,50%,0.2691,0.38
ME18501,CA06660,25%,-0.3522,0.222
ME18502,CA04959,75%,-0.0831,0.318
ME18503,CA06584,75%,0.0538,0.457
ME18504,CA04420,25%,0.0676,0.128
ME18505,CA02753,50%,-0.049,0.29
ME18506,CA06565,75%,-0.1105,0.362
ME18507,CA02727,100%,-0.0682,0.432
ME18508,CA02686,25%,0.0017,0.193
ME18509,CA01364,75%,-0.0067,0.492
ME18510,CA04095,75%,0.2059,0.103
ME18511,CA06727,100%,0.1628,0.142
ME18512,CA03657,50%,0.0399,0.103
ME18513,CA02813,25%,-0.0554,0.308
ME18514,CA05252,50%,-0.0974,0.454
ME18515,CA02409,75%,-0.0495,0.395
ME18516,CA05616,50%,0.0059,0.202
ME18517,CA00792,25%,-0.0278,0.374
ME18518,CA01931,100%,-0.1159,0.233
ME18519,CA03004,25%,0.1805,0.143
ME18520,CA00303,50%,0.1405,0.393
ME18521,CA05844,100%,-0.1193,0.49
ME18522,CA00667,75%,-0.148,0.114
ME18523,CA02818,50%,0.0247,0.177
ME18524,CA05412,75%,-0.1591,0.164
ME18525,CA06956,25%,0.3978,0.487
ME18526,CA06331,100%,0.4563,0.207
ME18527,CA04714,100%,-0.0922,0.35
ME18528,CA06809,50%,0.1021,0.367
ME18529,CA05968,75%,-0.1731,0.412
ME18530,CA01590,25%,0.0305,0.352
ME18531,CA06450,100%,0.3377,0.473
ME18532,CA05281,25%,-0.0279,0.41
ME18533,CA01193,25%,-0.1156,0.309
ME18534,CA03008,25%,0.268,0.108
ME18535,CA04506,75%,0.1534,0.433
ME18536,CA06425,100%,0.195,0.167
ME18537,CA00903,25%,-0.1658,0.223
ME18538,CA04304,75%,-0.1261,0.309
ME18539,CA04585,50%,0.1561,0.379
ME18540,CA03057,100%,0.2973,0.16
ME18541,CA00104,50%,-0.0669,0.496
ME18542,CA05874,100%,0.0759,0.491
ME18543,CA06237,25%,0.1529,0.484
ME18544,CA01227,75%,-0.0079,0.13
ME18545,CA05659,100%,0.023,0.221
ME18546,CA02083,25%,-0.0657,0.382
ME18547,CA02774,25%,0.2213,0.164
ME18548,CA05705,100%,-0.3798,0.317
ME18549,CA01341,100%,-0.1202,0.271
ME18550,CA04303,100%,-0.3172,0.111
ME18551,CA05083,25%,0.0936,0.382
ME18552,CA06716,75%,0.1026,0.212
ME18553,CA02865,75%,0.4905,0.343
ME18554,CA07138,25%,-0.2621,0.428
ME18555,CA02712,25%,-0.2267,0.297
ME18556,CA01892,25%,0.4922,0.354
ME18557,CA05708,50%,0.0013,0.267
ME18558,CA04627,100%,-0.0092,0.285
ME18559,CA00159,50%,-0.1518,0.317
ME18560,CA05347,75%,0.0239,0.36
ME18561,CA02952,50%,-0.0985,0.444
ME18562,CA04906,50%,-0.0651,0.103
ME18563,CA06034,75%,-0.0477,0.149
ME18564,CA02042,50%,0.3091,0.111
ME18565,CA03131,25%,-0.1696,0.319
ME18566,CA05307,50%,0.0217,0.351
ME18567,CA06420,75%,0.0561,0.107
ME18568,CA01625,75%,0.1976,0.312
ME18569,CA05330,50%,0.1166,0.361
ME18570,CA04927,50%,0.2151,0.145
ME18571,CA01109,100%,0.1353,0.365
ME18572,CA05591,75%,-0.3638,0.379
ME18573,CA05062,25%,0.0713,0.223
ME18574,CA01833,50%,0.0408,0.161
ME18575,CA05525,25%,-0.121,0.323
ME18576,CA02177,50%,0.0042,0.179
ME18577,CA01458,100%,0.1478,0.115
ME18578,CA04686,25%,-0.057,0.197
ME18579,CA04120,75%,0.1481,0.472
ME18580,CA04528,50%,-0.3181,0.383
ME18581,CA05214,75%,-0.1417,0.201
ME18582,CA02940,100%,0.1826,0.474
ME18583,CA04316,75%,0.4829,0.4
ME18584,CA02955,75%,-0.0531,0.457
ME18585,CA02644,50%,-0.3958,0.344
ME18586,CA01361,25%,-0.1167,0.308
ME18587,CA07031,100%,-0.2938,0.429
ME18588,CA04573,75%,-0.194,0.241
ME18589,CA02566,100%,0.0291,0.402
ME18590,CA05364,100%,-0.0259,0.461
ME18591,CA05696,50%,-0.0856,0.391
ME18592,CA00314,50%,-0.0266,0.288
ME18593,CA01511,75%,-0.1191,0.203
ME18594,CA06636,50%,-0.3092,0.33
ME18595,CA06889,75%,0.044,0.207
ME18596,CA03210,75%,0.0208,0.482
ME18597,CA04184,25%,-0.072,0.396
ME18598,CA04400,100%,0.2264,0.441
ME18599,CA03684,50%,0.1718,0.475
ME18600,CA00443,100%,0.3016,0.137
ME18601,CA02024,75%,0.2001,0.368
ME18602,CA06282,50%,0.0456,0.343
ME18603,CA06551,25%,0.2144,0.153
ME18604,CA02552,100%,-0.1752,0.252
ME18605,CA05779,50%,-0.0053,0.224
ME18606,CA06477,75%,-0.1726,0.366
ME18607,CA05304,100%,-0.2372,0.342
ME18608,CA03894,25%,0.1338,0.273
ME18609,CA06425,25%,0.0693,0.267
ME18610,CA02802,50%,0.0548,0.395
ME18611,CA05070,100%,-0.3281,0.325
ME18612,CA05449,50%,-0.2949,0.48
ME18613,CA00942,25%,0.1124,0.313
ME18614,CA01338,100%,0.0734,0.443
ME18615,CA00396,25%,0.1109,0.126
ME18616,CA05138,75%,-0.0263,0.471
ME18617,CA03870,25%,-0.042,0.179
ME18618,CA02974,100%,-0.0375,0.204
ME18619,CA03488,25%,0.046,0.291
ME18620,CA00870,50%,-0.2049,0.455
ME18621,CA00594,100%,0.4252,0.224
ME18622,CA00058,75%,0.0314,0.187
ME18623,CA05395,50%,-0.3832,0.455
ME18624,CA05523,75%,0.3445,0.431
ME18625,CA03898,75%,-0.1551,0.303
ME18626,CA05406,25%,0.1923,0.26
ME18627,CA02370,50%,0.1854,0.324
ME18628,CA04806,100%,0.0565,0.39
ME18629,CA04905,25%,0.0222,0.45
ME18630,CA02581,75%,-0.1217,0.206
ME18631,CA06168,100%,0.1681,0.232
ME18632,CA02389,50%,-0.2181,0.209
ME18633,CA04140,75%,0.0719,0.487
ME18634,CA04440,75%,-0.4491,0.271
ME18635,CA03174,50%,-0.2362,0.127
ME18636,CA06972,100%,0.0965,0.489
ME18637,CA05075,25%,-0.0895,0.185
ME18638,CA01183,75%,0.2648,0.467
ME18639,CA02476,25%,0.2623,0.486
ME18640,CA01479,50%,-0.0194,0.275
ME18641,CA04512,50%,-0.1124,0.186
ME18642,CA04680,100%,-0.2237,0.447
ME18643,CA06711,50%,0.2138,0.101
ME18644,CA04125,25%,0.2351,0.309
ME18645,CA07186,25%,0.0586,0.423
ME18646,CA04288,25%,-0.3435,0.158
ME18647,CA06567,100%,-0.0784,0.333
ME18648,CA06024,75%,0.0504,0.425
ME18649,CA02659,25%,0.1526,0.2
ME18650,CA02249,100%,0.1109,0.372
ME18651,CA00026,100%,-0.0009,0.301
ME18652,CA05640,50%,-0.056,0.451
ME18653,CA03530,75%,0.0854,0.287
ME18654,CA03019,25%,-0.1103,0.204
ME18655,CA07182,50%,-0.1485,0.179
ME18656,CA06122,25%,0.3828,0.394
ME18657,CA02437,75%,-0.0527,0.464
ME18658,CA02913,50%,-0.0925,0.487
ME18659,CA02415,50%,-0.1185,0.254
ME18660,CA03376,50%,-0.0523,0.436
ME18661,CA03317,25%,-0.0465,0.38
ME18662,CA06775,50%,0.1893,0.448
ME18663,CA02784,50%,0.1729,0.107
ME18664,CA05246,50%,-0.2409,0.409
ME18665,CA00224,50%,-0.168,0.237
ME18666,CA00126,100%,0.0568,0.206
ME18667,CA02977,50%,0.3849,0.147
ME18668,CA06415,75%,-0.0286,0.118
ME18669,CA04062,100%,0.2326,0.331
ME18670,CA03512,75%,0.2222,0.209
ME18671,CA00027,100%,0.1834,0.498
ME18672,CA05255,25%,-0.1768,0.333
ME18673,CA06447,100%,-0.1494,0.32
ME18674,CA05575,25%,0.0896,0.328
ME18675,CA06511,25%,0.0997,0.439
ME18676,CA05868,25%,-0.0671,0.373
ME18677,CA05854,50%,0.0211,0.484
ME18678,CA02884,75%,0.2032,0.263
ME18679,CA00039,25%,0.0323,0.368
ME18680,CA02217,75%,0.2181,0.35
ME18681,CA03143,50%,-0.2983,0.331
ME18682,CA01867,50%,0.0209,0.398
ME18683,CA03331,100%,0.0992,0.181
ME18684,CA00105,75%,-0.0233,0.299
ME18685,CA03122,75%,-0.3321,0.101
ME18686,CA00717,75%,-0.101,0.233
ME18687,CA06665,50%,-0.1316,0.153
ME18688,CA01866,50%,0.2434,0.333
ME18689,CA06769,75%,-0.0901,0.192
ME18690,CA03946,75%,0.0514,0.262
ME18691,CA05788,50%,-0.0477,0.387
ME18692,CA00386,50%,-0.1694,0.319
ME18693,CA00474,25%,-0.0132,0.339
ME18694,CA06598,25%,-0.0521,0.179
ME18695,CA03757,100%,-0.201,0.401
ME18696,CA07136,50%,0.1417,0.355
ME18697,CA06088,50%,0.1509,0.394
ME18698,CA01096,50%,0.1213,0.428
ME18699,CA06569,100%,-0.017,0.229
ME18700,CA00680,25%,-0.2593,0.113
ME18701,CA01762,75%,-0.4631,0.401
ME18702,CA05038,25%,0.285,0.481
ME18703,CA05327,100%,-0.047,0.395
ME18704,CA01064,25%,-0.1219,0.457
ME18705,CA03223,100%,0.1904,0.172
ME18706,CA00183,50%,-0.1276,0.426
ME18707,CA00963,75%,0.1317,0.111
ME18708,CA04461,50%,-0.1475,0.245
ME18709,CA06059,100%,-0.1615,0.276
ME18710,CA04665,75%,0.1761,0.438
ME18711,CA01030,75%,0.1555,0.464
ME18712,CA00626,100%,-0.2069,0.217
ME18713,CA03561,100%,0.217,0.38
ME18714,CA01768,100%,-0.0619,0.132
ME18715,CA02409,75%,0.1505,0.134
ME18716,CA01956,100%,-0.0222,0.306
ME18717,CA03064,50%,-0.1729,0.238
ME18718,CA02731,25%,0.0154,0.392
ME18719,CA06772,50%,0.1954,0.226
ME18720,CA05896,75%,0.117,0.352
ME18721,CA04211,50%,0.3119,0.253
ME18722,CA03730,25%,0.0838,0.379
ME18723,CA06062,25%,0.2718,0.268
ME18724,CA03229,100%,-0.1191,0.3
ME18725,CA02991,75%,0.0128,0.363
ME18726,CA03512,75%,0.1922,0.488
ME18727,CA04772,100%,-0.0818,0.15
ME18728,CA05766,75%,0.238,0.34
ME18729,CA03311,25%,0.3833,0.35
ME18730,CA04078,75%,-0.0302,0.326
ME18731,CA02286,50%,0.0879,0.32
ME18732,CA05901,50%,-0.0065,0.276
ME18733,CA06147,75%,-0.0365,0.414
ME18734,CA03679,75%,0.15,0.139
ME18735,CA03109,75%,0.071,0.159
ME18736,CA05846,50%,0.014,0.308
ME18737,CA00489,75%,-0.1183,0.305
ME18738,CA00797,25%,-0.2297,0.396
ME18739,CA05300,50%,-0.0718,0.172
ME18740,CA00114,25%,-0.0875,0.203
ME18741,CA02748,100%,0.2114,0.105
ME18742,CA05503,75%,-0.089,0.355
ME18743,CA04951,75%,-0.0196,0.103
ME18744,CA07008,100%,-0.1235,0.264
ME18745,CA06196,75%,0.1636,0.204
ME18746,CA06042,50%,0.2461,0.35
ME18747,CA06078,50%,0.0991,0.218
ME18748,CA06570,75%,0.1741,0.267
ME18749,CA06109,75%,0.0037,0.112
ME18750,CA03638,50%,-0.0798,0.413
ME18751,CA02111,50%,-0.1826,0.354
ME18752,CA05322,50%,0.0543,0.322
ME18753,CA06251,25%,0.0293,0.106
ME18754,CA04971,100%,-0.0214,0.128
ME18755,CA02568,50%,0.2251,0.169
ME18756,CA05575,25%,0.0972,0.292
ME18757,CA03354,50%,-0.0129,0.416
ME18758,CA05151,75%,0.1094,0.304
ME18759,CA04194,25%,0.4771,0.48
ME18760,CA00748,25%,0.2661,0.225
ME18761,CA07101,50%,-0.1217,0.394
ME18762,CA05561,50%,0.1214,0.139
ME18763,CA05920,50%,0.1029,0.301
ME18764,CA02631,25%,0.4728,0.236
ME18765,CA00728,75%,-0.1043,0.206
ME18766,CA02074,100%,-0.1181,0.191
ME18767,CA03805,75%,-0.039,0.362
ME18768,CA04241,100%,-0.2446,0.471
ME18769,CA03043,25%,0.2226,0.282
ME18770,CA04644,25%,0.1747,0.189
ME18771,CA04947,50%,-0.1139,0.242
ME18772,CA04038,25%,0.0083,0.225
ME18773,CA03770,50%,-0.0994,0.208
ME18774,CA05845,75%,-0.1074,0.481
ME18775,CA05596,25%,-0.0442,0.451
ME18776,CA03178,100%,0.1507,0.21
ME18777,CA04582,75%,0.0962,0.278
ME18778,CA01651,50%,-0.0826,0.17
ME18779,CA00738,50%,-0.3083,0.455
ME18780,CA01903,25%,0.1201,0.396
ME18781,CA01888,100%,0.0993,0.254
ME18782,CA05157,100%,-0.1306,0.476
ME18783,CA03803,50%,0.0947,0.168
ME18784,CA02080,25%,0.1307,0.265
ME18785,CA01242,50%,-0.0472,0.349
ME18786,CA02492,75%,0.3332,0.368
ME18787,CA00658,50%,0.2299,0.367
ME18788,CA03042,75%,0.1022,0.28
ME18789,CA03351,25%,-0.0509,0.402
ME18790,CA05027,25%,0.0919,0.494
ME18791,CA06425,75%,-0.0028,0.232
ME18792,CA03029,75%,-0.1935,0.192
ME18793,CA04139,100%,0.0811,0.416
ME18794,CA03586,100%,-0.1291,0.265
ME18795,CA06187,50%,-0.0694,0.351
ME18796,CA06033,75%,0.2472,0.432
ME18797,CA05527,50%,-0.1097,0.259
ME18798,CA01187,75%,-0.0634,0.21
ME18799,CA02843,75%,-0.1674,0.197
ME18800,CA02496,100%,0.3965,0.275
ME18801,CA01303,50%,0.0167,0.381
ME18802,CA05396,25%,0.1307,0.14
ME18803,CA00160,50%,0.2155,0.302
ME18804,CA03858,100%,0.0077,0.117
ME18805,CA02062,25%,-0.0213,0.334
ME18806,CA06177,100%,0.1558,0.329
ME18807,CA00133,75%,-0.3074,0.131
ME18808,CA01060,75%,-0.1253,0.325
ME18809,CA04894,25%,-0.1113,0.404
ME18810,CA05663,25%,0.0516,0.246
ME18811,CA03422,100%,-0.0364,0.219
ME18812,CA03395,75%,0.0695,0.298
ME18813,CA07109,75%,0.201,0.178
ME18814,CA00150,75%,-0.3647,0.405
ME18815,CA01916,75%,0.1566,0.487
ME18816,CA00852,75%,0.1308,0.483
ME18817,CA02354,25%,0.0374,0.405
ME18818,CA01465,100%,-0.1871,0.116
ME18819,CA00045,25%,-0.2624,0.451
ME18820,CA01710,25%,0.1421,0.371
ME18821,CA06573,100%,-0.3306,0.288
ME18822,CA00931,25%,0.286,0.487
ME18823,CA06746,75%,-0.1688,0.457
ME18824,CA00630,50%,0.0733,0.429
ME18825,CA00037,75%,0.0609,0.31
ME18826,CA05029,75%,-0.3652,0.495
ME18827,CA02281,25%,0.2101,0.29
ME18828,CA01043,75%,-0.2876,0.2
ME18829,CA01735,100%,-0.206,0.278
ME18830,CA04939,25%,0.1145,0.125
ME18831,CA04496,75%,0.1327,0.483
ME18832,CA03023,25%,-0.2183,0.382
ME18833,CA00648,100%,-0.2179,0.387
ME18834,CA06286,100%,0.0081,0.46
ME18835,CA05443,50%,0.1238,0.115
ME18836,CA00618,75%,-0.0167,0.361
ME18837,CA02820,25%,0.0192,0.117
ME18838,CA06530,75%,-0.1158,0.184
ME18839,CA00726,100%,-0.0117,0.291
ME18840,CA06657,25%,0.1038,0.197
ME18841,CA05963,25%,0.1068,0.29
ME18842,CA05079,100%,0.0835,0.297
ME18843,CA04778,50%,-0.0562,0.23
ME18844,CA06322,100%,-0.1495,0.25
ME18845,CA00273,25%,-0.0817,0.384
ME18846,CA01374,75%,0.2261,0.268
ME18847,CA06873,75%,0.0912,0.44
ME18848,CA00841,25%,-0.2181,0.186
ME18849,CA02143,75%,-0.028,0.168
ME18850,CA03716,50%,0.1132,0.39
ME18851,CA01921,75%,-0.035,0.266
ME18852,CA06685,25%,-0.0789,0.265
ME18853,CA01604,100%,-0.0826,0.269
ME18854,CA04250,25%,-0.0409,0.256
ME18855,CA02104,100%,0.2075,0.389
ME18856,CA05998,75%,-0.0703,0.132
ME18857,CA06709,25%,-0.1496,0.474
ME18858,CA00544,25%,0.0202,0.253
ME18859,CA01633,25%,-0.0129,0.256
ME18860,CA00279,75%,0.0789,0.226
ME18861,CA04822,25%,-0.0825,0.303
ME18862,CA07142,100%,0.2605,0.418
ME18863,CA05770,25%,-0.0123,0.471
ME18864,CA01882,50%,-0.3515,0.436
ME18865,CA05578,75%,0.0664,0.464
ME18866,CA00888,75%,0.0373,0.402
ME18867,CA01196,25%,0.1501,0.312
ME18868,CA06732,50%,-0.0531,0.34
ME18869,CA06646,100%,-0.0281,0.169
ME18870,CA04057,75%,0.0289,0.189
ME18871,CA06045,25%,-0.2192,0.279
ME18872,CA01744,50%,-0.0891,0.374
ME18873,CA05564,75%,0.3263,0.189
ME18874,CA01536,25%,-0.2021,0.392
ME18875,CA00536,100%,0.3908,0.145
ME18876,CA04546,50%,0.1682,0.143
ME18877,CA06955,75%,-0.0504,0.408
ME18878,CA00977,25%,0.5127,0.234
ME18879,CA00575,50%,-0.0087,0.353
ME18880,CA00360,100%,0.1374,0.374
ME18881,CA01793,75%,0.0732,0.239
ME18882,CA00890,100%,0.1506,0.256
ME18883,CA00988,50%,0.0706,0.379
ME18884,CA03260,50%,-0.2784,0.119
ME18885,CA01222,25%,-0.2428,0.46
ME18886,CA04689,75%,-0.0187,0.363
ME18887,CA02709,100%,0.2254,0.132
ME18888,CA05890,75%,-0.2283,0.393
ME18889,CA03848,25%,-0.0823,0.175
ME18890,CA00354,100%,0.0385,0.248
ME18891,CA05854,50%,0.1485,0.412
ME18892,CA01850,50%,0.0918,0.395
ME18893,CA03729,100%,-0.3187,0.309
ME18894,CA05386,50%,0.0158,0.368
ME18895,CA00582,25%,-0.0356,0.324
ME18896,CA00372,100%,0.1277,0.225
ME18897,CA00531,25%,0.0321,0.307
ME18898,CA04608,25%,-0.2264,0.304
ME18899,CA04465,25%,0.0493,0.482
ME18900,CA00474,75%,0.2693,0.291
ME18901,CA05948,75%,0.0962,0.426
ME18902,CA03267,75%,-0.2923,0.455
ME18903,CA06567,100%,-0.0144,0.381
ME18904,CA00220,25%,0.003,0.325
ME18905,CA01540,100%,-0.1068,0.312
ME18906,CA00111,75%,0.0548,0.173
ME18907,CA04856,50%,-0.0303,0.329
ME18908,CA02281,25%,-0.0568,0.194
ME18909,CA05701,75%,-0.0365,0.488
ME18910,CA06525,50%,-0.1005,0.193
ME18911,CA06681,75%,0.2755,0.164
ME18912,CA06347,75%,-0.2879,0.326
ME18913,CA04028,50%,-0.032,0.345
ME18914,CA05473,75%,0.2544,0.441
ME18915,CA01035,75%,-0.0387,0.194
ME18916,CA02968,100%,-0.2792,0.411
ME18917,CA05073,25%,-0.2809,0.457
ME18918,CA00669,50%,0.1372,0.188
ME18919,CA00079,50%,-0.0843,0.272
ME18920,CA05021,25%,0.0386,0.255
ME18921,CA02029,25%,0.273,0.44
ME18922,CA04528,75%,-0.2631,0.132
ME18923,CA02895,100%,0.447,0.222
ME18924,CA02621,25%,0.0206,0.46
ME18925,CA00216,25%,0.1941,0.247
ME18926,CA05259,75%,0.3289,0.493
ME18927,CA06926,100%,0.1351,0.183
ME18928,CA03828,25%,-0.1869,0.341
ME18929,CA02034,25%,0.0259,0.344
ME18930,CA04447,100%,0.3174,0.465
ME18931,CA02086,75%,0.2984,0.473
ME18932,CA00120,50%,-0.3686,0.367
ME18933,CA06064,100%,0.0435,0.394
ME18934,CA01989,50%,0.0354,0.308
ME18935,CA04815,75%,-0.3325,0.237
ME18936,CA01435,75%,0.0352,0.261
ME18937,CA00026,25%,-0.1617,0.474
ME18938,CA01902,75%,0.4581,0.315
ME18939,CA07055,50%,-0.1311,0.433
ME18940,CA05840,100%,-0.1983,0.109
ME18941,CA03528,25%,-0.0348,0.307
ME18942,CA00321,25%,0.1261,0.16
ME18943,CA04583,25%,-0.0094,0.431
ME18944,CA00327,50%,0.0773,0.125
ME18945,CA03043,100%,-0.1458,0.31
ME18946,CA00843,75%,0.0453,0.402
ME18947,CA00781,100%,-0.2674,0.134
ME18948,CA01881,100%,-0.0245,0.454
ME18949,CA00663,100%,-0.2776,0.476
ME18950,CA06329,25%,0.0211,0.312
ME18951,CA07115,100%,0.2085,0.22
ME18952,CA03030,100%,0.0824,0.48
ME18953,CA04535,100%,-0.0312,0.202
ME18954,CA03034,50%,0.2622,0.298
ME18955,CA04164,75%,-0.3793,0.152
ME18956,CA00680,75%,0.1066,0.249
ME18957,CA01523,25%,-0.0645,0.176
ME18958,CA02710,50%,-0.0122,0.254
ME18959,CA01868,50%,0.0201,0.451
ME18960,CA04423,100%,0.0573,0.276
ME18961,CA00362,100%,0.1252,0.152
ME18962,CA04352,50%,-0.055,0.25
ME18963,CA06546,50%,0.4358,0.499
ME18964,CA04146,50%,-0.0009,0.38
ME18965,CA02330,50%,0.1207,0.244
ME18966,CA00011,50%,-0.0854,0.294
ME18967,CA00902,75%,0.2796,0.455
ME18968,CA02478,25%,-0.2924,0.179
ME18969,CA03803,25%,0.0775,0.277
ME18970,CA05629,50%,-0.0357,0.379
ME18971,CA01288,25%,0.0052,0.416
ME18972,CA05703,50%,0.1653,0.256
ME18973,CA05876,75%,0.238,0.225
ME18974,CA00149,50%,0.432,0.302
ME18975,CA07132,100%,-0.16,0.248
ME18976,CA04967,50%,0.3174,0.175
ME18977,CA01232,75%,-0.0233,0.145
ME18978,CA05595,50%,0.1229,0.112
ME18979,CA01173,25%,-0.1916,0.3
ME18980,CA06719,100%,-0.0934,0.299
ME18981,CA00282,50%,0.1079,0.376
ME18982,CA05697,100%,-0.0665,0.448
ME18983,CA03969,25%,-0.0543,0.122
ME18984,CA03201,75%,0.1587,0.147
ME18985,CA04015,100%,0.175,0.419
ME18986,CA02635,100%,-0.1223,0.129
ME18987,CA00771,75%,-0.0621,0.478
ME18988,CA07107,100%,-0.1422,0.423
ME18989,CA02133,75%,-0.2385,0.379
ME18990,CA02701,25%,0.2145,0.481
ME18991,CA01519,100%,0.2647,0.309
ME18992,CA01275,25%,-0.1641,0.48
ME18993,CA01497,50%,-0.0709,0.3
ME18994,CA06199,100%,0.0032,0.182
ME18995,CA02772,75%,0.0066,0.36
ME18996,CA06661,75%,0.1322,0.135
ME18997,CA00569,100%,0.0966,0.446
ME18998,CA05902,100%,-0.2547,0.367
ME18999,CA05027,75%,-0.0078,0.482
ME19000,CA05798,50%,-0.1345,0.454
ME19001,CA01322,75%,0.023,0.348
ME19002,CA03321,50%,0.1469,0.172
ME19003,CA02117,50%,-0.1973,0.299
ME19004,CA01512,25%,0.179,0.357
ME19005,CA02872,50%,-0.0559,0.399
ME19006,CA04438,100%,-0.0477,0.144
ME19007,CA03509,25%,-0.0199,0.473
ME19008,CA02533,50%,-0.1023,0.119
ME19009,CA01735,25%,-0.2076,0.119
ME19010,CA00201,75%,-0.3102,0.172
ME19011,CA06849,75%,-0.1248,0.25
ME19012,CA02168,25%,-0.1341,0.236
ME19013,CA06178,100%,0.0282,0.454
ME19014,CA05083,100%,-0.186,0.499
ME19015,CA01484,50%,-0.2588,0.324
ME19016,CA05984,100%,0.1627,0.337
ME19017,CA01127,25%,-0.1284,0.26
ME19018,CA05739,25%,-0.0911,0.5
ME19019,CA01018,75%,-0.073,0.32
ME19020,CA04795,50%,-0.0038,0.306
ME19021,CA01269,100%,0.0591,0.128
ME19022,CA05012,100%,0.2921,0.199
ME19023,CA05753,100%,0.1608,0.172
ME19024,CA04766,75%,-0.1054,0.31
ME19025,CA01004,100%,-0.2308,0.1
ME19026,CA02424,25%,0.0289,0.445
ME19027,CA04981,25%,-0.0198,0.164
ME19028,CA00568,75%,0.017,0.135
ME19029,CA00427,50%,-0.1757,0.171
ME19030,CA03000,25%,-0.0106,0.156
ME19031,CA04785,75%,-0.234,0.191
ME19032,CA04466,25%,-0.2301,0.159
ME19033,CA05066,50%,-0.3052,0.405
ME19034,CA00197,50%,0.1326,0.353
ME19035,CA02689,100%,-0.0475,0.294
ME19036,CA00121,75%,0.0455,0.237
ME19037,CA03839,50%,0.1411,0.327
ME19038,CA06052,25%,0.0922,0.216
ME19039,CA05187,50%,0.3593,0.317
ME19040,CA00543,100%,-0.0835,0.355
ME19041,CA04827,100%,-0.2764,0.383
ME19042,CA00285,100%,-0.0849,0.434
ME19043,CA00817,100%,-0.2086,0.281
ME19044,CA05171,100%,-0.0109,0.498
ME19045,CA03162,25%,0.0354,0.375
ME19046,CA05633,50%,-0.326,0.275
ME19047,CA02555,25%,0.1811,0.372
ME19048,CA04171,25%,-0.1311,0.2
ME19049,CA00218,75%,0.0575,0.465
ME19050,CA00938,100%,-0.1926,0.329
ME19051,CA06932,50%,-0.2511,0.158
ME19052,CA04116,75%,0.0366,0.427
ME19053,CA06357,25%,-0.1381,0.47
ME19054,CA03247,50%,-0.1196,0.135
ME19055,CA00967,75%,-0.3407,0.357
ME19056,CA01073,25%,-0.0372,0.315
ME19057,CA02777,25%,-0.0409,0.23
ME19058,CA00525,25%,0.0169,0.478
ME19059,CA03771,25%,0.0937,0.354
ME19060,CA05393,25%,0.0753,0.494
ME19061,CA04535,25%,0.0138,0.113
ME19062,CA04921,25%,-0.2891,0.138
ME19063,CA03657,50%,-0.1669,0.474
ME19064,CA05720,75%,-0.2083,0.233
ME19065,CA06632,50%,0.1128,0.112
ME19066,CA02018,75%,0.0962,0.183
ME19067,CA02437,75%,0.0426,0.255
ME19068,CA00416,25%,-0.049,0.293
ME19069,CA00245,75%,0.4184,0.352
ME19070,CA06842,75%,-0.4382,0.399
ME19071,CA02685,100%,0.0647,0.193
ME19072,CA02113,25%,-0.2109,0.347
ME19073,CA06953,50%,0.0525,0.293
ME19074,CA02691,50%,0.0985,0.266
ME19075,CA01026,75%,0.0794,0.42
ME19076,CA06158,25%,0.1353,0.364
ME19077,CA03006,50%,-0.0639,0.217
ME19078,CA01966,100%,0.2352,0.137
ME19079,CA03876,25%,0.1407,0.177
ME19080,CA02825,100%,-0.0217,0.332
ME19081,CA05489,25%,0.0259,0.229
ME19082,CA00840,25%,-0.27,0.12
ME19083,CA05198,50%,0.0754,0.396
ME19084,CA00290,50%,-0.0453,0.469
ME19085,CA01150,75%,-0.223,0.264
ME19086,CA03659,75%,0.2514,0.141
ME19087,CA03781,50%,0.1149,0.342
ME19088,CA02545,100%,0.4267,0.37
ME19089,CA01535,50%,-0.1071,0.3
ME19090,CA04791,100%,-0.2692,0.259
ME19091,CA01840,100%,0.1098,0.491
ME19092,CA06581,100%,0.0647,0.308
ME19093,CA01713,100%,0.1398,0.233
ME19094,CA01273,50%,-0.1102,0.161
ME19095,CA02152,75%,0.3306,0.33
ME19096,CA04941,50%,0.1659,0.307
ME19097,CA04991,25%,-0.014,0.363
ME19098,CA06196,50%,0.1568,0.47
ME19099,CA03677,25%,-0.2259,0.264
ME19100,CA02188,50%,-0.2149,0.112
ME19101,CA05931,50%,-0.0031,0.469
ME19102,CA00741,25%,0.085,0.11
ME19103,CA06412,75%,-0.01,0.18
ME19104,CA03327,100%,0.3103,0.422
ME19105,CA00867,25%,-0.1669,0.359
ME19106,CA04130,100%,0.0505,0.104
ME19107,CA00116,100%,-0.0349,0.46
ME19108,CA01902,50%,0.2153,0.306
ME19109,CA01286,50%,-0.1801,0.158
ME19110,CA03288,50%,-0.2576,0.388
ME19111,CA05946,25%,0.1728,0.107
ME19112,CA05779,100%,-0.264,0.135
ME19113,CA04229,75%,-0.117,0.112
ME19114,CA04902,50%,-0.3964,0.398
ME19115,CA02602,100%,-0.1194,0.371
ME19116,CA01471,100%,0.3313,0.115
ME19117,CA01516,25%,0.0451,0.33
ME19118,CA02292,25%,0.2082,0.296
ME19119,CA04799,75%,-0.2604,0.321
ME19120,CA03237,50%,-0.2765,0.465
ME19121,CA00929,25%,0.1198,0.239
ME19122,CA05783,25%,-0.0884,0.436
ME19123,CA04688,50%,0.383,0.308
ME19124,CA02779,25%,-0.0883,0.111
ME19125,CA04648,50%,0.0241,0.125
ME19126,CA00750,25%,-0.0636,0.486
ME19127,CA04362,100%,-0.1687,0.239
ME19128,CA00316,50%,-0.0814,0.429
ME19129,CA01596,50%,-0.0386,0.141
ME19130,CA01898,50%,0.1091,0.255
ME19131,CA01167,25%,-0.2747,0.327
ME19132,CA06235,25%,0.0664,0.238
ME19133,CA06621,50%,-0.0962,0.433
ME19134,CA06532,75%,0.1356,0.39
ME19135,CA00834,75%,-0.1433,0.105
ME19136,CA04086,50%,0.2458,0.253
ME19137,CA00038,75%,0.1004,0.373
ME19138,CA04207,50%,-0.1678,0.15
ME19139,CA05140,100%,-0.0468,0.263
ME19140,CA06105,75%,-0.2413,0.474
ME19141,CA02863,50%,-0.0902,0.195
ME19142,CA01576,25%,-0.2676,0.371
ME19143,CA02913,25%,0.2521,0.251
ME19144,CA02657,25%,-0.0974,0.12
ME19145,CA00498,25%,-0.0165,0.301
ME19146,CA03291,50%,0.1008,0.284
ME19147,CA04815,25%,-0.061,0.434
ME19148,CA03729,75%,-0.1237,0.378
ME19149,CA04214,25%,0.2972,0.13
ME19150,CA05315,50%,0.1731,0.224
ME19151,CA02965,75%,-0.2434,0.194
ME19152,CA07088,25%,-0.0888,0.273
ME19153,CA05987,50%,0.0357,0.216
ME19154,CA05020,25%,-0.1111,0.274
ME19155,CA04593,75%,0.1399,0.268
ME19156,CA04619,100%,-0.11,0.294
ME19157,CA03204,25%,0.1328,0.455
ME19158,CA05876,25%,-0.0832,0.388
ME19159,CA01501,25%,0.0294,0.18
ME19160,CA06721,50%,-0.0193,0.234
ME19161,CA01144,100%,-0.4004,0.288
ME19162,CA07111,25%,0.1516,0.282
ME19163,CA05757,100%,-0.1725,0.1
ME19164,CA05383,100%,-0.0512,0.168
ME19165,CA02396,75%,-0.1089,0.371
ME19166,CA06886,75%,0.0095,0.221
ME19167,CA03764,100%,-0.0038,0.273
ME19168,CA05054,75%,0.2174,0.333
ME19169,CA07093,50%,0.1887,0.354
ME19170,CA00143,25%,0.1059,0.48
ME19171,CA04791,75%,-0.0209,0.382
ME19172,CA05096,25%,0.2017,0.4
ME19173,CA05441,25%,-0.0296,0.323
ME19174,CA05794,100%,0.1194,0.204
ME19175,CA02319,75%,0.0274,0.115
ME19176,CA02147,100%,0.0192,0.126
ME19177,CA04972,50%,0.0327,0.435
ME19178,CA04184,50%,0.0586,0.401
ME19179,CA03040,25%,0.1633,0.111
ME19180,CA01724,100%,-0.0189,0.49
ME19181,CA01141,75%,0.3885,0.395
ME19182,CA00883,50%,-0.148,0.472
ME19183,CA03450,100%,0.2122,0.177
ME19184,CA01070,50%,0.0837,0.44
ME19185,CA02649,50%,-0.0193,0.49
ME19186,CA02205,75%,0.0657,0.3
ME19187,CA04806,50%,-0.319,0.494
ME19188,CA04610,100%,-0.2654,0.139
ME19189,CA05701,100%,-0.1744,0.141
ME19190,CA06131,75%,0.2699,0.15
ME19191,CA03960,25%,0.109,0.308
ME19192,CA04115,75%,-0.2884,0.389
ME19193,CA05787,50%,-0.0192,0.348
ME19194,CA05170,100%,-0.1901,0.268
ME19195,CA05999,75%,-0.1012,0.385
ME19196,CA03098,100%,0.0565,0.181
ME19197,CA02848,75%,0.0544,0.228
ME19198,CA05906,25%,-0.1461,0.402
ME19199,CA01115,100%,0.3036,0.11
ME19200,CA03810,75%,-0.1941,0.152
ME19201,CA01701,25%,0.0358,0.213
ME19202,CA03359,25%,-0.413,0.308
ME19203,CA01910,75%,-0.0044,0.462
ME19204,CA05634,75%,-0.0651,0.214
ME19205,CA03272,25%,0.1322,0.343
ME19206,CA05767,100%,0.1491,0.107
ME19207,CA01011,50%,0.0348,0.205
ME19208,CA02241,100%,0.1194,0.179
ME19209,CA01954,75%,0.0897,0.369
ME19210,CA06523,100%,0.0905,0.271
ME19211,CA03302,50%,-0.1116,0.327
ME19212,CA02558,50%,-0.1765,0.379
ME19213,CA05059,50%,0.213,0.404
ME19214,CA02177,25%,-0.1762,0.469
ME19215,CA01010,25%,-0.2054,0.252
ME19216,CA06587,50%,0.2037,0.248
ME19217,CA03759,25%,-0.0836,0.353
ME19218,CA04852,25%,-0.366,0.402
ME19219,CA05184,50%,0.0053,0.104
ME19220,CA00746,100%,-0.0745,0.2
ME19221,CA00138,50%,-0.0304,0.268
ME19222,CA06409,100%,0.2306,0.441
ME19223,CA00849,50%,-0.1569,0.459
ME19224,CA04414,75%,-0.0175,0.247
ME19225,CA01725,25%,-0.3159,0.188
ME19226,CA01983,25%,0.0412,0.237
ME19227,CA06386,50%,0.1568,0.182
ME19228,CA05657,100%,0.078,0.364
ME19229,CA00527,100%,0.1616,0.296
ME19230,CA05982,50%,0.0946,0.402
ME19231,CA06052,75%,-0.3562,0.496
ME19232,CA06604,75%,0.0978,0.409
ME19233,CA01819,75%,0.0294,0.292
ME19234,CA01724,75%,-0.0724,0.205
ME19235,CA01344,75%,-0.4176,0.368
ME19236,CA06457,25%,0.3008,0.446
ME19237,CA03840,75%,0.1257,0.421
ME19238,CA02738,100%,-0.1336,0.404
ME19239,CA00517,25%,-0.1799,0.206
ME19240,CA06463,25%,0.167,0.1
ME19241,CA03737,100%,-0.0731,0.131
ME19242,CA00472,75%,0.2535,0.216
ME19243,CA06904,25%,-0.1067,0.147
ME19244,CA02316,75%,-0.0446,0.331
ME19245,CA05415,75%,-0.1557,0.391
ME19246,CA00500,75%,0.0182,0.278
ME19247,CA05757,100%,-0.1701,0.133
ME19248,CA06480,75%,0.0411,0.172
ME19249,CA02949,100%,-0.0014,0.281
ME19250,CA05673,25%,0.0037,0.265
ME19251,CA01929,25%,-0.0109,0.225
ME19252,CA01602,25%,0.0754,0.314
ME19253,CA01460,100%,-0.0656,0.283
ME19254,CA06959,50%,-0.1968,0.498
ME19255,CA05240,50%,-0.4002,0.231
ME19256,CA05955,100%,-0.2866,0.127
ME19257,CA00210,50%,0.1632,0.424
ME19258,CA02008,25%,0.0961,0.443
ME19259,CA05211,25%,0.0982,0.385
ME19260,CA05748,100%,-0.2552,0.399
ME19261,CA02383,100%,-0.072,0.273
ME19262,CA00807,25%,0.3142,0.394
ME19263,CA03919,25%,0.247,0.464
ME19264,CA06682,25%,-0.3021,0.278
ME19265,CA02504,25%,0.0465,0.108
ME19266,CA04100,75%,0.0533,0.269
ME19267,CA06196,50%,0.2682,0.103
ME19268,CA01670,100%,0.0252,0.489
ME19269,CA02483,100%,0.0008,0.215
ME19270,CA07141,25%,0.0373,0.358
ME19271,CA06420,100%,-0.1378,0.413
ME19272,CA02200,100%,-0.2111,0.222
ME19273,CA01303,50%,-0.1347,0.366
ME19274,CA05682,25%,-0.1435,0.269
ME19275,CA02163,100%,0.258,0.437
ME19276,CA02707,100%,-0.1661,0.102
ME19277,CA03327,75%,0.2352,0.352
ME19278,CA06059,100%,0.2552,0.256
ME19279,CA03507,75%,0.1512,0.275
ME19280,CA05118,50%,-0.072,0.359
ME19281,CA01040,75%,-0.0778,0.189
ME19282,CA02626,50%,-0.1023,0.479
ME19283,CA04773,75%,0.1273,0.202
ME19284,CA03150,25%,0.1877,0.283
ME19285,CA03443,100%,0.3173,0.357
ME19286,CA03719,75%,0.0731,0.102
ME19287,CA05891,75%,0.0274,0.342
ME19288,CA04919,50%,0.1524,0.485
ME19289,CA06867,75%,0.3036,0.444
ME19290,CA02486,75%,0.1676,0.399
ME19291,CA05892,25%,-0.0247,0.482
ME19292,CA05417,25%,-0.0712,0.473
ME19293,CA04753,25%,-0.0391,0.301
ME19294,CA05867,75%,0.3237,0.489
ME19295,CA06592,100%,-0.117,0.11
ME19296,CA03668,75%,-0.065,0.428
ME19297,CA02569,75%,0.0547,0.175
ME19298,CA03390,75%,-0.0698,0.208
ME19299,CA01803,100%,0.1498,0.127
ME19300,CA03211,50%,0.1431,0.232
ME19301,CA01805,50%,-0.3911,0.178
ME19302,CA03522,75%,-0.0743,0.389
ME19303,CA05517,50%,-0.0755,0.232
ME19304,CA03828,75%,0.1847,0.38
ME19305,CA00759,50%,0.0228,0.317
ME19306,CA04842,100%,-0.014,0.315
ME19307,CA05179,25%,0.2297,0.394
ME19308,CA05122,75%,-0.2681,0.374
ME19309,CA05024,100%,0.0901,0.473
ME19310,CA02793,50%,0.3606,0.152
ME19311,CA04889,50%,0.0383,0.261
ME19312,CA06101,50%,-0.1426,0.476
ME19313,CA01708,25%,-0.0682,0.375
ME19314,CA00728,75%,-0.1697,0.484
ME19315,CA01903,100%,0.1302,0.479
ME19316,CA07112,100%,-0.1097,0.232
ME19317,CA06672,75%,0.154,0.204
ME19318,CA04927,100%,0.2809,0.266
ME19319,CA02290,50%,0.3115,0.313
ME19320,CA05204,50%,0.1694,0.387
ME19321,CA01652,75%,0.0594,0.252
ME19322,CA01443,100%,0.0468,0.112
ME19323,CA01690,25%,0.1364,0.325
ME19324,CA06848,100%,0.1407,0.157
ME19325,CA03759,25%,-0.2994,0.215
ME19326,CA04200,25%,-0.2845,0.103
ME19327,CA00415,75%,-0.0473,0.305
ME19328,CA00268,75%,-0.1834,0.199
ME19329,CA00640,75%,0.0012,0.396
ME19330,CA00008,25%,0.1328,0.488
ME19331,CA00062,25%,-0.0382,0.178
ME19332,CA01655,75%,0.0507,0.291
ME19333,CA02239,50%,0.0002,0.425
ME19334,CA01965,75%,-0.166,0.259
ME19335,CA04603,50%,0.2061,0.449
ME19336,CA04353,100%,-0.0526,0.275
ME19337,CA01516,50%,0.1334,0.336
ME19338,CA00381,50%,-0.0058,0.5
ME19339,CA01245,75%,0.2906,0.337
ME19340,CA04048,75%,0.0429,0.489
ME19341,CA03256,25%,0.0709,0.389
ME19342,CA04455,25%,-0.2314,0.343
ME19343,CA06587,25%,0.1184,0.451
ME19344,CA03650,100%,-0.0042,0.399
ME19345,CA00089,25%,0.3041,0.348
ME19346,CA01149,50%,-0.0633,0.454
ME19347,CA00041,25%,0.0616,0.361
ME19348,CA06756,25%,-0.0749,0.22
ME19349,CA02008,75%,0.2256,0.179
ME19350,CA06738,100%,-0.0038,0.373
ME19351,CA05929,75%,0.0977,0.344
ME19352,CA01274,75%,-0.3567,0.248
ME19353,CA05896,75%,0.0987,0.438
ME19354,CA02989,100%,-0.0115,0.404
ME19355,CA06324,25%,-0.0565,0.162
ME19356,CA02792,75%,-0.0191,0.387
ME19357,CA04176,100%,-0.0879,0.366
ME19358,CA01700,100%,-0.1587,0.152
ME19359,CA00618,25%,0.141,0.357
ME19360,CA03628,50%,0.2588,0.471
ME19361,CA05959,75%,0.0252,0.31
ME19362,CA01754,75%,0.1679,0.103
ME19363,CA04149,50%,-0.0506,0.161
ME19364,CA01125,100%,0.2142,0.355
ME19365,CA06630,75%,-0.0768,0.343
ME19366,CA00037,75%,-0.2102,0.469
ME19367,CA02303,25%,-0.1552,0.169
ME19368,CA04500,25%,-0.0531,0.34
ME19369,CA05777,100%,-0.1269,0.363
ME19370,CA01451,75%,-0.2499,0.198
ME19371,CA02508,75%,-0.0377,0.182
ME19372,CA02105,50%,-0.0025,0.141
ME19373,CA04072,100%,-0.3923,0.252
ME19374,CA02887,50%,0.0475,0.103
ME19375,CA03630,25%,-0.1663,0.443
ME19376,CA05153,25%,0.0721,0.303
ME19377,CA01367,25%,-0.0186,0.192
ME19378,CA06288,50%,0.1044,0.342
ME19379,CA05243,25%,-0.1704,0.451
ME19380,CA06288,25%,-0.0727,0.469
ME19381,CA06003,75%,-0.0693,0.39
ME19382,CA06435,25%,0.0656,0.126
ME19383,CA00187,50%,0.2504,0.1
ME19384,CA01239,25%,-0.2989,0.207
ME19385,CA06241,50%,0.162,0.164
ME19386,CA06949,75%,0.436,0.215
ME19387,CA00659,100%,0.1305,0.23
ME19388,CA03464,100%,-0.1123,0.17
ME19389,CA06096,75%,0.1269,0.143
ME19390,CA04372,75%,-0.2646,0.145
ME19391,CA01871,25%,-0.0798,0.386
ME19392,CA00121,25%,-0.0313,0.251
ME19393,CA05473,50%,-0.0756,0.172
ME19394,CA06437,25%,-0.185,0.412
ME19395,CA06759,50%,-0.2592,0.361
ME19396,CA01882,50%,-0.4892,0.257
ME19397,CA05967,100%,0.1478,0.16
ME19398,CA00633,50%,-0.0129,0.186
ME19399,CA03349,100%,0.2732,0.137
ME19400,CA03489,75%,-0.2925,0.133
ME19401,CA02051,25%,-0.0454,0.226
ME19402,CA03273,75%,0.0335,0.145
ME19403,CA02174,25%,-0.3721,0.222
ME19404,CA00622,50%,-0.1209,0.326
ME19405,CA04851,50%,0.0777,0.447
ME19406,CA01969,25%,-0.2675,0.351
ME19407,CA02825,50%,-0.0044,0.272
ME19408,CA03783,50%,-0.0075,0.131
ME19409,CA01675,100%,0.1625,0.266
ME19410,CA05895,50%,-0.1969,0.164
ME19411,CA01876,75%,0.077,0.395
ME19412,CA06632,100%,0.0587,0.287
ME19413,CA03951,25%,-0.0194,0.458
ME19414,CA04486,100%,0.0257,0.315
ME19415,CA00425,75%,-0.158,0.291
ME19416,CA00094,75%,-0.1667,0.127
ME19417,CA00953,50%,-0.0155,0.167
ME19418,CA05812,100%,-0.1213,0.329
ME19419,CA01243,50%,-0.0799,0.272
ME19420,CA00632,75%,-0.1633,0.482
ME19421,CA02882,50%,-0.0943,0.498
ME19422,CA06812,100%,0.1279,0.441
ME19423,CA00017,100%,0.0263,0.321
ME19424,CA02692,75%,-0.0534,0.219
ME19425,CA02670,75%,0.0129,0.424
ME19426,CA06322,75%,-0.0103,0.461
ME19427,CA03306,75%,0.2998,0.468
ME19428,CA05266,75%,0.1152,0.373
ME19429,CA06764,75%,0.0052,0.335
ME19430,CA05401,75%,0.175,0.254
ME19431,CA04096,50%,0.1985,0.361
ME19432,CA04783,100%,0.2971,0.435
ME19433,CA04473,100%,0.2496,0.491
ME19434,CA01277,100%,0.0816,0.249
ME19435,CA06581,75%,0.0704,0.163
ME19436,CA03908,50%,-0.2199,0.362
ME19437,CA00653,50%,-0.0988,0.203
ME19438,CA02119,50%,0.2268,0.454
ME19439,CA03472,75%,0.1071,0.153
ME19440,CA06973,75%,-0.0968,0.152
ME19441,CA00011,50%,-0.3599,0.172
ME19442,CA05789,25%,-0.2037,0.236
ME19443,CA00790,50%,0.0627,0.126
ME19444,CA03029,100%,0.2089,0.156
ME19445,CA02532,75%,-0.3831,0.236
ME19446,CA04342,75%,0.3085,0.113
ME19447,CA04653,50%,-0.1864,0.168
ME19448,CA01764,100%,-0.2692,0.215
ME19449,CA06656,75%,-0.289,0.272
ME19450,CA01903,75%,-0.0495,0.135
ME19451,CA05111,100%,0.3177,0.457
ME19452,CA06379,50%,-0.3174,0.244
ME19453,CA06527,50%,0.367,0.469
ME19454,CA03565,75%,-0.1558,0.373
ME19455,CA02786,50%,0.0051,0.432
ME19456,CA02196,75%,0.2084,0.297
ME19457,CA03223,50%,-0.0667,0.373
ME19458,CA02821,25%,0.0036,0.371
ME19459,CA03582,75%,0.3863,0.115
ME19460,CA05529,100%,0.2294,0.47
ME19461,CA03128,75%,0.0182,0.195
ME19462,CA05156,100%,0.0715,0.465
ME19463,CA01829,25%,-0.5346,0.36
ME19464,CA00636,25%,-0.0593,0.109
ME19465,CA04982,100%,-0.0139,0.312
ME19466,CA04100,25%,0.2103,0.163
ME19467,CA03110,50%,-0.2161,0.316
ME19468,CA02984,50%,0.0138,0.132
ME19469,CA07123,100%,0.3013,0.205
ME19470,CA05283,25%,0.079,0.403
ME19471,CA07174,25%,-0.2543,0.298
ME19472,CA01334,25%,-0.1245,0.291
ME19473,CA05248,50%,0.1165,0.137
ME19474,CA06838,25%,0.1178,0.227
ME19475,CA04206,75%,0.155,0.49
ME19476,CA02755,100%,-0.1858,0.219
ME19477,CA06087,25%,-0.143,0.389
ME19478,CA04361,75%,0.0254,0.481
ME19479,CA04881,50%,0.3631,0.332
ME19480,CA03498,75%,-0.0652,0.441
ME19481,CA01024,50%,-0.1286,0.121
ME19482,CA00469,75%,0.1877,0.462
ME19483,CA04646,25%,0.05,0.157
ME19484,CA05742,100%,-0.2491,0.117
ME19485,CA01063,25%,0.3581,0.308
ME19486,CA02516,50%,0.0142,0.347
ME19487,CA00115,50%,-0.1983,0.39
ME19488,CA00508,100%,-0.0387,0.469
ME19489,CA03603,75%,0.0401,0.133
ME19490,CA04646,100%,-0.0152,0.175
ME19491,CA06253,50%,0.2903,0.231
ME19492,CA00993,25%,0.212,0.418
ME19493,CA06708,50%,-0.6295,0.291
ME19494,CA06183,50%,0.1083,0.217
ME19495,CA02686,75%,-0.2516,0.327
ME19496,CA04472,25%,0.1198,0.49
ME19497,CA01284,50%,-0.1037,0.355
ME19498,CA01127,50%,0.1235,0.156
ME19499,CA06272,100%,0.2396,0.189
ME19500,CA05179,50%,0.4064,0.486
ME19501,CA04528,50%,-0.1684,0.288
ME19502,CA02380,50%,0.2531,0.409
ME19503,CA04367,25%,-0.0115,0.365
ME19504,CA05018,50%,-0.0517,0.121
ME19505,CA05480,75%,0.1529,0.217
ME19506,CA05884,100%,-0.0391,0.308
ME19507,CA01271,75%,0.0865,0.447
ME19508,CA00459,100%,-0.2496,0.483
ME19509,CA06862,100%,0.0267,0.114
ME19510,CA02572,50%,-0.0127,0.382
ME19511,CA05053,50%,0.1495,0.106
ME19512,CA02431,25%,0.043,0.427
ME19513,CA06090,75%,0.0148,0.118
ME19514,CA02183,50%,-0.0105,0.219
ME19515,CA06907,50%,-0.1376,0.271
ME19516,CA02171,25%,-0.0864,0.348
ME19517,CA02946,50%,0.0238,0.322
ME19518,CA04595,50%,-0.0532,0.405
ME19519,CA01915,50%,-0.3095,0.42
ME19520,CA05322,75%,0.0157,0.406
ME19521,CA03588,50%,-0.2352,0.488
ME19522,CA00619,75%,-0.3863,0.235
ME19523,CA02491,50%,-0.188,0.101
ME19524,CA02380,100%,-0.1981,0.162
ME19525,CA00603,50%,0.0797,0.274
ME19526,CA07004,75%,-0.3827,0.31
ME19527,CA03055,50%,0.3568,0.404
ME19528,CA06723,25%,-0.1613,0.394
ME19529,CA01301,50%,0.0842,0.262
ME19530,CA06853,75%,-0.1698,0.263
ME19531,CA05186,25%,-0.0253,0.167
ME19532,CA02868,100%,0.088,0.309
ME19533,CA04039,25%,0.2341,0.357
ME19534,CA01712,75%,0.1703,0.189
ME19535,CA04015,100%,0.0459,0.282
ME19536,CA01119,75%,0.3489,0.334
ME19537,CA07048,25%,0.0284,0.336
ME19538,CA02093,100%,0.2259,0.442
ME19539,CA03805,25%,-0.045,0.124
ME19540,CA05520,50%,0.1347,0.245
ME19541,CA03377,25%,0.2076,0.274
ME19542,CA04632,50%,0.4249,0.134
ME19543,CA07164,25%,-0.0682,0.359
ME19544,CA06313,50%,0.0587,0.33
ME19545,CA00371,25%,-0.1687,0.298
ME19546,CA02740,50%,-0.0661,0.124
ME19547,CA01971,50%,0.1419,0.413
ME19548,CA01256,75%,0.2902,0.139
ME19549,CA06467,100%,-0.0419,0.153
ME19550,CA05542,25%,0.2793,0.217
ME19551,CA02334,50%,-0.5011,0.152
ME19552,CA03168,25%,-0.205,0.15
ME19553,CA04576,25%,0.0508,0.265
ME19554,CA05613,25%,0.204,0.467
ME19555,CA06018,75%,-0.0808,0.441
ME19556,CA06750,75%,-0.043,0.406
ME19557,CA02227,50%,0.0623,0.34
ME19558,CA05198,75%,0.3158,0.485
ME19559,CA01863,100%,-0.0249,0.103
ME19560,CA06691,100%,0.1718,0.401
ME19561,CA02334,75%,0.126,0.425
ME19562,CA04746,100%,0.0833,0.141
ME19563,CA04859,25%,-0.1145,0.304
ME19564,CA01180,25%,0.3048,0.19
ME19565,CA04722,75%,0.2398,0.203
ME19566,CA04695,50%,-0.0802,0.127
ME19567,CA02760,50%,0.1127,0.399
ME19568,CA06644,100%,-0.1119,0.457
ME19569,CA05331,50%,-0.1563,0.406
ME19570,CA04724,25%,0.2449,0.178
ME19571,CA01251,75%,0.3856,0.237
ME19572,CA01277,50%,0.1739,0.448
ME19573,CA00502,25%,0.0179,0.157
ME19574,CA07035,75%,0.2315,0.379
ME19575,CA00730,50%,-0.2322,0.402
ME19576,CA00827,25%,-0.0723,0.46
ME19577,CA03461,100%,-0.2907,0.119
ME19578,CA04191,25%,-0.2953,0.266
ME19579,CA04282,50%,-0.3353,0.379
ME19580,CA04800,50%,-0.125,0.106
ME19581,CA07105,75%,0.1181,0.131
ME19582,CA05752,50%,-0.051,0.33
ME19583,CA07022,50%,-0.0883,0.373
ME19584,CA06659,100%,0.0848,0.348
ME19585,CA00420,100%,-0.1624,0.497
ME19586,CA00295,100%,0.2437,0.378
ME19587,CA01458,50%,0.061,0.467
ME19588,CA05268,50%,0.0813,0.273
ME19589,CA05536,50%,0.1647,0.146
ME19590,CA06843,100%,-0.2223,0.215
ME19591,CA04065,100%,0.0374,0.402
ME19592,CA03949,100%,-0.1461,0.393
ME19593,CA01879,75%,0.102,0.256
ME19594,CA02916,50%,0.1131,0.294
ME19595,CA02506,50%,-0.1418,0.395
ME19596,CA06625,25%,0.1071,0.363
ME19597,CA02267,50%,0.1634,0.294
ME19598,CA04340,25%,0.224,0.41
ME19599,CA03106,100%,0.1081,0.449
ME19600,CA01566,75%,-0.1045,0.143
ME19601,CA06422,50%,0.459,0.428
ME19602,CA06690,75%,-0.0466,0.123
ME19603,CA01134,100%,0.0635,0.114
ME19604,CA01310,50%,-0.1614,0.486
ME19605,CA00894,50%,0.068,0.245
ME19606,CA02698,75%,-0.193,0.487
ME19607,CA05928,25%,0.072,0.318
ME19608,CA04825,100%,0.2636,0.431
ME19609,CA01219,100%,-0.1547,0.443
ME19610,CA01942,75%,-0.3237,0.254
ME19611,CA00565,50%,0.1722,0.29
ME19612,CA02200,100%,-0.3398,0.257
ME19613,CA03845,100%,-0.0119,0.17
ME19614,CA03260,50%,0.0028,0.114
ME19615,CA04211,75%,0.0686,0.472
ME19616,CA02410,25%,0.0489,0.449
ME19617,CA07167,100%,-0.1055,0.288
ME19618,CA02092,50%,-0.2871,0.126
ME19619,CA04201,25%,0.1657,0.468
ME19620,CA03528,75%,0.0895,0.331
ME19621,CA05007,25%,-0.0498,0.153
ME19622,CA00660,25%,-0.0003,0.201
ME19623,CA05352,100%,-0.1257,0.304
ME19624,CA01306,50%,0.0775,0.334
ME19625,CA04856,50%,0.1793,0.358
ME19626,CA05186,100%,0.2556,0.136
ME19627,CA00131,75%,0.1538,0.28
ME19628,CA03441,25%,-0.0968,0.482
ME19629,CA04178,100%,-0.0577,0.399
ME19630,CA00235,75%,0.1707,0.252
ME19631,CA06047,100%,0.0107,0.394
ME19632,CA03878,100%,0.1612,0.438
ME19633,CA05671,75%,-0.1603,0.446
ME19634,CA06317,50%,-0.0152,0.16
ME19635,CA06304,100%,0.1326,0.234
ME19636,CA00880,75%,-0.0073,0.323
ME19637,CA01259,50%,0.0844,0.47
ME19638,CA05193,50%,0.2793,0.427
ME19639,CA00003,75%,-0.1721,0.451
ME19640,CA01617,75%,0.0911,0.141
ME19641,CA02272,75%,0.0298,0.25
ME19642,CA01629,25%,0.0062,0.267
ME19643,CA00024,75%,-0.2733,0.446
ME19644,CA02829,100%,-0.5621,0.36
ME19645,CA05108,75%,-0.251,0.423
ME19646,CA00184,100%,0.0756,0.281
ME19647,CA03781,50%,-0.1197,0.483
ME19648,CA05523,50%,0.1765,0.101
ME19649,CA00255,100%,-0.0368,0.31
ME19650,CA03771,25%,-0.1501,0.205
ME19651,CA00954,100%,0.3157,0.387
ME19652,CA01620,25%,-0.1025,0.244
ME19653,CA01883,50%,-0.016,0.119
ME19654,CA04431,50%,0.0949,0.129
ME19655,CA05355,25%,-0.1585,0.44
ME19656,CA03217,25%,0.1189,0.36
ME19657,CA06101,100%,0.1311,0.492
ME19658,CA07064,50%,0.0358,0.353
ME19659,CA04836,25%,0.2049,0.347
ME19660,CA00416,75%,-0.1175,0.433
ME19661,CA04449,75%,-0.1086,0.291
ME19662,CA05519,25%,0.1964,0.455
ME19663,CA01302,100%,0.0484,0.129
ME19664,CA04038,50%,-0.1718,0.213
ME19665,CA05185,25%,0.3051,0.215
ME19666,CA02314,75%,-0.1046,0.203
ME19667,CA05741,25%,0.1593,0.122
ME19668,CA05025,100%,-0.0113,0.47
ME19669,CA01768,100%,0.202,0.292
ME19670,CA01109,100%,-0.2151,0.186
ME19671,CA03431,100%,0.251,0.349
ME19672,CA00214,25%,-0.156,0.163
ME19673,CA00457,75%,0.1265,0.236
ME19674,CA02376,25%,0.0149,0.22
ME19675,CA01137,50%,0.0956,0.39
ME19676,CA04435,75%,-0.0987,0.468
ME19677,CA03073,75%,0.1285,0.12
ME19678,CA04831,50%,0.2574,0.439
ME19679,CA02259,100%,-0.0662,0.109
ME19680,CA05891,75%,0.1426,0.243
ME19681,CA05843,100%,0.2513,0.309
ME19682,CA06258,100%,0.1027,0.191
ME19683,CA01088,100%,0.0701,0.376
ME19684,CA02171,75%,-0.0229,0.235
ME19685,CA06220,75%,0.0577,0.143
ME19686,CA05077,25%,0.1569,0.463
ME19687,CA06275,50%,0.0614,0.482
ME19688,CA02407,25%,-0.0033,0.212
ME19689,CA04208,50%,-0.3172,0.312
ME19690,CA05548,25%,-0.1046,0.225
ME19691,CA06070,75%,0.2267,0.432
ME19692,CA07036,75%,-0.0701,0.29
ME19693,CA01935,100%,0.0121,0.335
ME19694,CA03953,50%,-0.0163,0.204
ME19695,CA04581,25%,-0.1942,0.353
ME19696,CA03406,50%,0.3463,0.314
ME19697,CA06423,100%,0.1246,0.247
ME19698,CA00578,75%,-0.154,0.249
ME19699,CA01595,25%,-0.0577,0.267
ME19700,CA05775,50%,0.2104,0.361
ME19701,CA07048,100%,-0.1927,0.221
ME19702,CA01497,75%,-0.0514,0.282
ME19703,CA06584,100%,0.2937,0.199
ME19704,CA03153,50%,-0.0668,0.335
ME19705,CA06674,75%,-0.1453,0.429
ME19706,CA05181,50%,-0.1319,0.441
ME19707,CA00385,100%,-0.0696,0.393
ME19708,CA01922,75%,-0.2083,0.476
ME19709,CA05782,100%,-0.2594,0.121
ME19710,CA05432,75%,0.1504,0.111
ME19711,CA02053,25%,0.0446,0.47
ME19712,CA04336,25%,-0.027,0.212
ME19713,CA06808,75%,0.1606,0.235
ME19714,CA06638,25%,0.0465,0.235
ME19715,CA00331,75%,0.0827,0.167
ME19716,CA05051,75%,-0.0283,0.161
ME19717,CA04641,75%,-0.0346,0.25
ME19718,CA05604,75%,0.0716,0.42
ME19719,CA02157,25%,0.2873,0.185
ME19720,CA05557,75%,-0.0965,0.328
ME19721,CA03120,50%,-0.0559,0.124
ME19722,CA04572,75%,0.3893,0.201
ME19723,CA01759,75%,0.2312,0.41
ME19724,CA02466,100%,-0.1629,0.261
ME19725,CA05540,75%,0.0484,0.273
ME19726,CA06908,25%,-0.2731,0.39
ME19727,CA02777,25%,-0.1972,0.143
ME19728,CA06084,50%,0.2393,0.259
ME19729,CA01368,50%,0.181,0.475
ME19730,CA04608,50%,-0.2889,0.383
ME19731,CA01939,50%,0.1956,0.324
ME19732,CA02940,50%,-0.1305,0.307
ME19733,CA03009,50%,0.0742,0.452
ME19734,CA02948,25%,-0.1147,0.145
ME19735,CA02367,100%,0.1148,0.409
ME19736,CA05720,100%,0.0386,0.328
ME19737,CA06650,100%,0.1946,0.117
ME19738,CA06305,75%,-0.0823,0.442
ME19739,CA05022,100%,-0.1483,0.487
ME19740,CA04215,100%,0.0485,0.143
ME19741,CA05948,75%,-0.0827,0.391
ME19742,CA06971,100%,-0.3065,0.39
ME19743,CA05615,50%,0.1125,0.149
ME19744,CA04892,50%,0.1029,0.29
ME19745,CA03902,100%,-0.0047,0.429
ME19746,CA05005,25%,0.1057,0.24
ME19747,CA03257,75%,-0.2936,0.333
ME19748,CA00916,25%,-0.3811,0.39
ME19749,CA03758,50%,-0.073,0.303
ME19750,CA03698,75%,-0.0237,0.267
ME19751,CA00302,100%,-0.0666,0.267
ME19752,CA01973,25%,-0.0836,0.287
ME19753,CA03106,100%,0.1628,0.215
ME19754,CA06914,25%,-0.1446,0.418
ME19755,CA05535,50%,0.1583,0.218
ME19756,CA01764,75%,-0.1309,0.404
ME19757,CA01242,75%,0.0857,0.495
ME19758,CA00775,75%,-0.0176,0.149
ME19759,CA03689,100%,0.1415,0.496
ME19760,CA05922,100%,-0.0491,0.294
ME19761,CA02685,100%,0.0938,0.339
ME19762,CA04902,50%,0.0082,0.247
ME19763,CA01909,100%,0.4282,0.226
ME19764,CA02584,100%,0.2796,0.487
ME19765,CA02183,50%,-0.3587,0.284
ME19766,CA04794,75%,-0.1334,0.261
ME19767,CA05766,75%,-0.016,0.257
ME19768,CA04568,100%,0.0154,0.43
ME19769,CA04263,50%,0.0617,0.1
ME19770,CA07104,50%,0.2563,0.401
ME19771,CA06270,50%,-0.1336,0.114
ME19772,CA03374,50%,0.0541,0.235
ME19773,CA05387,25%,-0.3225,0.288
ME19774,CA00629,100%,-0.3586,0.118
ME19775,CA06597,75%,0.3071,0.188
ME19776,CA06388,75%,0.1563,0.101
ME19777,CA06015,75%,-0.0417,0.123
ME19778,CA07033,25%,-0.0831,0.309
ME19779,CA00100,25%,0.1524,0.174
ME19780,CA02405,75%,0.0861,0.382
ME19781,CA01250,100%,0.0663,0.102
ME19782,CA01228,50%,0.3818,0.102
ME19783,CA06374,25%,0.0579,0.118
ME19784,CA06733,25%,-0.2336,0.478
ME19785,CA00817,100%,-0.0705,0.167
ME19786,CA03607,50%,-0.1177,0.292
ME19787,CA06724,75%,-0.0095,0.49
ME19788,CA06744,25%,-0.1389,0.263
ME19789,CA04029,50%,-0.0766,0.27
ME19790,CA03482,75%,0.267,0.355
ME19791,CA03229,50%,-0.0875,0.215
ME19792,CA05262,25%,0.1288,0.276
ME19793,CA00961,50%,-0.1712,0.317
ME19794,CA00675,50%,-0.0999,0.426
ME19795,CA04755,75%,-0.2045,0.467
ME19796,CA05061,100%,-0.2613,0.225
ME19797,CA00428,100%,-0.043,0.205
ME19798,CA00552,100%,0.2136,0.407
ME19799,CA01745,50%,0.0382,0.261
ME19800,CA00171,100%,-0.1276,0.147
ME19801,CA02228,100%,-0.1745,0.465
ME19802,CA00503,100%,0.4357,0.367
ME19803,CA02399,50%,-0.1554,0.363
ME19804,CA01372,75%,0.0443,0.281
ME19805,CA07110,75%,0.0568,0.312
ME19806,CA01981,100%,0.114,0.449
ME19807,CA02714,75%,0.0944,0.446
ME19808,CA04812,25%,-0.3346,0.497
ME19809,CA05956,25%,-0.1161,0.498
ME19810,CA00864,100%,-0.0805,0.229
ME19811,CA04563,100%,0.0295,0.161
ME19812,CA04774,100%,-0.1552,0.351
ME19813,CA07098,25%,0.0068,0.163
ME19814,CA00080,75%,0.2008,0.206
ME19815,CA03156,25%,0.0269,0.237
ME19816,CA04156,75%,0.1189,0.474
ME19817,CA03464,75%,-0.0613,0.113
ME19818,CA06997,50%,-0.0734,0.417
ME19819,CA02785,75%,-0.1663,0.322
ME19820,CA06901,100%,0.0747,0.155
ME19821,CA03580,100%,0.208,0.317
ME19822,CA02632,100%,0.1864,0.136
ME19823,CA06835,75%,0.1949,0.156
ME19824,CA02321,25%,-0.0511,0.47
ME19825,CA01658,25%,0.447,0.477
ME19826,CA03509,75%,-0.1544,0.366
ME19827,CA06388,100%,0.0216,0.483
ME19828,CA01445,75%,-0.1093,0.308
ME19829,CA05246,75%,-0.2805,0.283
ME19830,CA02532,100%,-0.138,0.415
ME19831,CA01815,50%,0.0549,0.351
ME19832,CA03224,25%,0.233,0.397
ME19833,CA03686,75%,0.0497,0.253
ME19834,CA01912,100%,0.1596,0.268
ME19835,CA00835,100%,0.1597,0.168
ME19836,CA06795,100%,-0.0385,0.385
ME19837,CA00558,50%,-0.0892,0.492
ME19838,CA01448,100%,-0.0565,0.226
ME19839,CA00561,75%,0.0944,0.142
ME19840,CA04678,25%,-0.172,0.159
ME19841,CA02081,25%,0.1849,0.372
ME19842,CA03077,25%,0.0377,0.189
ME19843,CA01436,25%,-0.0364,0.32
ME19844,CA05459,50%,-0.1229,0.305
ME19845,CA06063,75%,0.075,0.495
ME19846,CA02413,75%,0.2464,0.256
ME19847,CA02856,75%,0.2334,0.115
ME19848,CA06964,100%,-0.1039,0.235
ME19849,CA04751,25%,0.0896,0.443
ME19850,CA01509,50%,0.2706,0.289
ME19851,CA02810,25%,0.1897,0.405
ME19852,CA03522,25%,0.2967,0.174
ME19853,CA06831,25%,0.0379,0.283
ME19854,CA05441,50%,0.1766,0.214
ME19855,CA00658,75%,0.15,0.13
ME19856,CA01590,50%,-0.2264,0.318
ME19857,CA05200,50%,-0.0154,0.449
ME19858,CA01918,100%,-0.0548,0.413
ME19859,CA03889,100%,0.1228,0.342
ME19860,CA04536,75%,-0.0331,0.339
ME19861,CA06185,75%,-0.1499,0.155
ME19862,CA06276,100%,0.2489,0.173
ME19863,CA03665,50%,-0.1551,0.228
ME19864,CA01703,100%,-0.0285,0.136
ME19865,CA05785,50%,0.3636,0.322
ME19866,CA05141,25%,0.0687,0.248
ME19867,CA06113,50%,-0.0638,0.192
ME19868,CA02668,50%,0.2169,0.213
ME19869,CA02423,50%,-0.0121,0.308
ME19870,CA00975,100%,-0.0948,0.299
ME19871,CA07110,50%,-0.1277,0.197
ME19872,CA03053,75%,-0.2253,0.26
ME19873,CA04747,75%,-0.0604,0.374
ME19874,CA02267,50%,-0.01,0.421
ME19875,CA05538,25%,-0.0232,0.277
ME19876,CA00255,75%,0.1506,0.114
ME19877,CA02020,50%,0.0333,0.296
ME19878,CA02460,50%,-0.0697,0.231
ME19879,CA06880,75%,0.1248,0.111
ME19880,CA02120,50%,0.4626,0.277
ME19881,CA01135,100%,-0.0112,0.171
ME19882,CA02210,50%,0.1241,0.473
ME19883,CA02831,75%,-0.2658,0.43
ME19884,CA02372,25%,-0.1036,0.287
ME19885,CA02351,50%,0.2444,0.222
ME19886,CA00024,100%,-0.0223,0.333
ME19887,CA02697,25%,0.031,0.465
ME19888,CA05408,50%,0.0916,0.465
ME19889,CA00342,100%,-0.4375,0.349
ME19890,CA05256,25%,-0.2666,0.172
ME19891,CA05091,100%,-0.2739,0.318
ME19892,CA04620,75%,-0.0329,0.164
ME19893,CA02501,25%,0.157,0.285
ME19894,CA06173,100%,-0.1563,0.28
ME19895,CA01952,25%,0.0495,0.479
ME19896,CA03564,25%,-0.3551,0.433
ME19897,CA06526,25%,0.1573,0.452
ME19898,CA02065,25%,0.3445,0.11
ME19899,CA01315,75%,-0.096,0.351
ME19900,CA01639,25%,-0.0404,0.447
ME19901,CA02114,50%,0.1285,0.296
ME19902,CA06165,25%,-0.1201,0.196
ME19903,CA04607,25%,0.1038,0.184
ME19904,CA06954,75%,0.1952,0.335
ME19905,CA03202,50%,-0.2681,0.295
ME19906,CA02334,50%,0.1808,0.194
ME19907,CA05777,75%,0.1626,0.218
ME19908,CA00032,50%,0.2213,0.244
ME19909,CA06993,25%,-0.2052,0.267
ME19910,CA03531,50%,-0.3903,0.225
ME19911,CA05411,75%,-0.1301,0.444
ME19912,CA02540,100%,0.1679,0.11
ME19913,CA06889,25%,-0.1151,0.267
ME19914,CA01123,100%,0.1392,0.381
ME19915,CA02127,75%,-0.0856,0.188
ME19916,CA01965,50%,-0.2208,0.43
ME19917,CA00068,50%,0.0444,0.202
ME19918,CA00589,100%,-0.0245,0.343
ME19919,CA00418,100%,0.0,0.395
ME19920,CA00722,50%,-0.0379,0.382
ME19921,CA01881,50%,-0.0305,0.346
ME19922,CA00800,50%,0.218,0.164
ME19923,CA00988,75%,-0.036,0.128
ME19924,CA04660,100%,-0.0299,0.338
ME19925,CA06451,50%,0.1406,0.155
ME19926,CA02919,50%,0.0575,0.126
ME19927,CA06849,75%,0.0575,0.186
ME19928,CA02462,25%,0.067,0.304
ME19929,CA02298,25%,0.1661,0.214
ME19930,CA06724,75%,-0.1183,0.48
ME19931,CA05771,75%,0.1428,0.405
ME19932,CA05620,50%,-0.1415,0.316
ME19933,CA05998,50%,0.0134,0.252
ME19934,CA01055,75%,0.0844,0.246
ME19935,CA03807,75%,0.1829,0.233
ME19936,CA02415,100%,0.1145,0.379
ME19937,CA06808,25%,-0.0782,0.227
ME19938,CA05131,25%,0.0319,0.394
ME19939,CA05148,50%,0.0441,0.487
ME19940,CA00517,50%,-0.0348,0.276
ME19941,CA05394,25%,0.1374,0.449
ME19942,CA04326,75%,0.0546,0.231
ME19943,CA02682,75%,0.0439,0.147
ME19944,CA01252,50%,-0.2647,0.187
ME19945,CA03933,25%,0.0427,0.181
ME19946,CA05403,50%,-0.1499,0.367
ME19947,CA00029,50%,0.282,0.347
ME19948,CA03424,75%,0.0795,0.466
ME19949,CA03874,100%,-0.0491,0.422
ME19950,CA03250,50%,-0.0079,0.452
ME19951,CA03026,75%,0.3434,0.479
ME19952,CA03542,75%,0.1036,0.206
ME19953,CA00361,100%,-0.0759,0.286
ME19954,CA06097,100%,-0.0415,0.125
ME19955,CA00952,25%,0.1124,0.123
ME19956,CA02276,75%,0.0982,0.402
ME19957,CA06155,50%,-0.0132,0.304
ME19958,CA05919,100%,0.0675,0.18
ME19959,CA00718,25%,-0.1881,0.212
ME19960,CA02972,75%,0.1077,0.381
ME19961,CA07189,50%,0.0288,0.465
ME19962,CA04447,100%,0.1315,0.228
ME19963,CA06790,75%,-0.1516,0.146
ME19964,CA05868,50%,-0.2733,0.144
ME19965,CA04877,75%,-0.1058,0.286
ME19966,CA02138,50%,0.1655,0.376
ME19967,CA05755,75%,0.2639,0.136
ME19968,CA02529,50%,-0.4637,0.481
ME19969,CA00396,25%,0.1931,0.208
ME19970,CA06023,75%,-0.378,0.132
ME19971,CA01301,75%,0.1275,0.396
ME19972,CA03916,25%,-0.1638,0.488
ME19973,CA03921,75%,0.1262,0.315
ME19974,CA04018,75%,-0.1863,0.185
ME19975,CA03430,100%,-0.0129,0.401
ME19976,CA01613,75%,0.0974,0.234
ME19977,CA02173,50%,0.1806,0.181
ME19978,CA06321,75%,0.065,0.414
ME19979,CA00939,75%,0.0364,0.128
ME19980,CA06219,25%,0.0586,0.279
ME19981,CA05077,50%,-0.0083,0.411
ME19982,CA05168,25%,0.1388,0.337
ME19983,CA04757,100%,-0.325,0.476
ME19984,CA05011,75%,0.1236,0.293
ME19985,CA07010,100%,0.103,0.276
ME19986,CA00476,25%,-0.2503,0.34
ME19987,CA04967,50%,-0.157,0.431
ME19988,CA00084,100%,0.0765,0.325
ME19989,CA00915,75%,-0.028,0.174
ME19990,CA01992,75%,0.1883,0.383
ME19991,CA00425,75%,-0.3625,0.149
ME19992,CA01159,50%,0.0146,0.293
ME19993,CA01355,50%,0.0732,0.253
ME19994,CA02222,25%,-0.0102,0.469
ME19995,CA05101,75%,-0.1777,0.422
ME19996,CA03887,25%,-0.0296,0.164
ME19997,CA04730,50%,0.2339,0.114
ME19998,CA02843,50%,0.2136,0.247
ME19999,CA05450,50%,0.0321,0.249
ME20000,CA01631,25%,-0.2013,0.143
ME20001,CA04388,25%,0.056,0.491
ME20002,CA03346,25%,-0.1005,0.475
ME20003,CA01508,100%,0.0213,0.372
ME20004,CA00284,75%,0.3116,0.231
ME20005,CA02973,50%,0.2441,0.481
ME20006,CA02261,50%,-0.2429,0.134
ME20007,CA00217,75%,-0.0654,0.186
ME20008,CA03669,25%,0.0472,0.225
ME20009,CA00190,75%,-0.1207,0.242
ME20010,CA03133,50%,-0.1127,0.104
ME20011,CA04947,75%,-0.1373,0.352
ME20012,CA07091,50%,-0.0907,0.488
ME20013,CA04889,75%,0.418,0.196
ME20014,CA04596,100%,-0.2345,0.327
ME20015,CA00647,50%,0.3328,0.411
ME20016,CA02734,50%,-0.2304,0.142
ME20017,CA01666,25%,0.0931,0.313
ME20018,CA06627,25%,-0.0443,0.185
ME20019,CA06319,25%,-0.0241,0.133
ME20020,CA07178,50%,0.4478,0.1
ME20021,CA02872,25%,-0.1498,0.39
ME20022,CA01358,25%,0.0773,0.452
ME20023,CA06193,75%,0.0221,0.391
ME20024,CA06753,50%,-0.0901,0.191
ME20025,CA04810,25%,0.3019,0.439
ME20026,CA02566,100%,-0.2328,0.459
ME20027,CA02691,75%,-0.096,0.394
ME20028,CA04247,75%,0.2127,0.123
ME20029,CA05220,75%,0.1656,0.251
ME20030,CA01297,25%,0.1756,0.42
ME20031,CA05525,50%,-0.2945,0.487
ME20032,CA05078,100%,0.3679,0.325
ME20033,CA01469,75%,-0.0513,0.263
ME20034,CA04044,100%,0.0607,0.303
ME20035,CA03821,75%,-0.3063,0.261
ME20036,CA00297,100%,-0.1774,0.47
ME20037,CA00893,75%,-0.4075,0.162
ME20038,CA02982,100%,-0.231,0.397
ME20039,CA04178,100%,0.5092,0.295
ME20040,CA00985,100%,-0.0285,0.34
ME20041,CA05495,100%,0.3605,0.49
ME20042,CA05028,50%,-0.105,0.409
ME20043,CA00311,25%,0.0385,0.284
ME20044,CA06879,25%,0.2409,0.121
ME20045,CA06300,100%,0.0821,0.152
ME20046,CA03988,50%,-0.1845,0.248
ME20047,CA02919,100%,-0.0308,0.184
ME20048,CA01367,75%,-0.3391,0.441
ME20049,CA06650,50%,0.0332,0.433
ME20050,CA06945,25%,0.0826,0.313
ME20051,CA05732,100%,0.0274,0.156
ME20052,CA00681,100%,0.071,0.386
ME20053,CA02691,75%,0.1785,0.411
ME20054,CA01288,50%,0.0761,0.239
ME20055,CA05102,100%,0.2236,0.245
ME20056,CA05447,25%,-0.2367,0.306
ME20057,CA04948,25%,0.0263,0.48
ME20058,CA04329,75%,0.0185,0.138
ME20059,CA02732,50%,-0.2568,0.267
ME20060,CA02415,50%,0.3043,0.213
ME20061,CA04207,100%,-0.0438,0.302
ME20062,CA03199,25%,-0.0339,0.122
ME20063,CA03598,100%,-0.0556,0.425
ME20064,CA02295,75%,-0.0068,0.139
ME20065,CA04035,50%,0.0707,0.407
ME20066,CA02507,25%,-0.0907,0.144
ME20067,CA02009,50%,-0.25,0.337
ME20068,CA05658,50%,-0.3931,0.332
ME20069,CA05940,50%,-0.0552,0.258
ME20070,CA05332,75%,-0.1239,0.426
ME20071,CA02422,75%,0.0093,0.421
ME20072,CA02414,75%,0.1576,0.398
ME20073,CA04330,75%,0.0966,0.172
ME20074,CA02224,75%,0.0029,0.185
ME20075,CA04215,100%,0.0655,0.231
ME20076,CA00920,50%,-0.4558,0.208
ME20077,CA05010,100%,-0.0078,0.141
ME20078,CA01485,100%,-0.1267,0.177
ME20079,CA05044,25%,-0.0947,0.249
ME20080,CA06030,100%,-0.0666,0.428
ME20081,CA04710,50%,0.0085,0.364
ME20082,CA01067,25%,-0.0832,0.396
ME20083,CA01225,50%,-0.1095,0.483
ME20084,CA00230,25%,0.279,0.177
ME20085,CA04290,50%,0.1297,0.306
ME20086,CA03034,75%,0.1097,0.248
ME20087,CA05265,25%,0.0817,0.287
ME20088,CA01819,75%,-0.3256,0.463
ME20089,CA03828,50%,-0.2034,0.29
ME20090,CA01130,50%,0.2736,0.315
ME20091,CA04926,75%,0.0354,0.457
ME20092,CA03371,100%,-0.3275,0.292
ME20093,CA04280,75%,-0.1556,0.288
ME20094,CA00914,50%,-0.5539,0.486
ME20095,CA01502,50%,-0.2249,0.164
ME20096,CA04390,25%,0.0248,0.409
ME20097,CA05947,25%,-0.1454,0.436
ME20098,CA02101,75%,0.0312,0.323
ME20099,CA03639,100%,-0.052,0.305
ME20100,CA03567,100%,-0.4168,0.171
ME20101,CA05492,75%,0.1305,0.238
ME20102,CA01161,75%,0.1284,0.428
ME20103,CA00134,50%,0.1323,0.38
ME20104,CA05575,50%,-0.3513,0.141
ME20105,CA02436,25%,-0.1327,0.467
ME20106,CA01243,100%,0.2417,0.187
ME20107,CA05071,50%,-0.0436,0.408
ME20108,CA02753,50%,-0.2749,0.192
ME20109,CA07127,50%,-0.0445,0.48
ME20110,CA06021,100%,0.2802,0.42
ME20111,CA04664,25%,0.2865,0.379
ME20112,CA02594,50%,-0.1698,0.231
ME20113,CA05517,50%,-0.0525,0.163
ME20114,CA00071,50%,0.2214,0.259
ME20115,CA02516,100%,-0.0218,0.38
ME20116,CA01478,50%,-0.0978,0.177
ME20117,CA07103,50%,-0.2076,0.203
ME20118,CA06812,100%,-0.2021,0.142
ME20119,CA02143,25%,0.0261,0.494
ME20120,CA04303,50%,0.1182,0.285
ME20121,CA00245,100%,0.1228,0.349
ME20122,CA06106,25%,0.2009,0.296
ME20123,CA00949,100%,0.2217,0.254
ME20124,CA01797,75%,-0.0588,0.17
ME20125,CA03358,50%,-0.2344,0.123
ME20126,CA04703,50%,0.2182,0.476
ME20127,CA04889,25%,-0.0963,0.273
ME20128,CA02708,100%,-0.2395,0.253
ME20129,CA02895,100%,-0.1083,0.214
ME20130,CA00353,75%,0.3382,0.183
ME20131,CA00840,25%,0.0066,0.234
ME20132,CA03729,75%,-0.0273,0.321
ME20133,CA05112,25%,0.1724,0.202
ME20134,CA05268,100%,-0.0427,0.473
ME20135,CA04530,25%,0.1247,0.312
ME20136,CA05676,100%,0.0179,0.389
ME20137,CA05856,25%,0.3128,0.479
ME20138,CA01950,100%,0.2138,0.193
ME20139,CA02067,100%,-0.0035,0.418
ME20140,CA06434,25%,-0.0144,0.496
ME20141,CA05390,75%,0.0642,0.159
ME20142,CA06674,25%,-0.1449,0.337
ME20143,CA06532,50%,0.3174,0.409
ME20144,CA01933,100%,0.032,0.123
ME20145,CA05372,75%,0.1286,0.23
ME20146,CA06570,75%,0.3419,0.217
ME20147,CA03443,25%,0.1742,0.186
ME20148,CA06652,25%,0.2676,0.41
ME20149,CA06294,75%,-0.2962,0.421
ME20150,CA04409,25%,-0.032,0.104
ME20151,CA06785,25%,0.0103,0.433
ME20152,CA00333,50%,0.3419,0.133
ME20153,CA03621,100%,-0.0895,0.462
ME20154,CA03952,100%,0.4161,0.118
ME20155,CA02748,100%,0.0864,0.375
ME20156,CA02272,75%,-0.2317,0.201
ME20157,CA02787,100%,-0.0237,0.154
ME20158,CA03030,50%,0.0001,0.231
ME20159,CA03497,100%,0.3677,0.376
ME20160,CA03869,25%,0.1768,0.439
ME20161,CA03051,100%,-0.4618,0.295
ME20162,CA04936,50%,-0.1048,0.376
ME20163,CA06732,100%,-0.0943,0.429
ME20164,CA07154,75%,0.195,0.458
ME20165,CA02024,100%,0.1828,0.197
ME20166,CA02945,25%,-0.1684,0.127
ME20167,CA06568,25%,-0.0676,0.393
ME20168,CA06030,25%,0.4637,0.354
ME20169,CA06884,100%,0.135,0.226
ME20170,CA06341,75%,-0.1782,0.312
ME20171,CA07053,50%,-0.1617,0.158
ME20172,CA01027,25%,0.0191,0.476
ME20173,CA03859,25%,0.5295,0.257
ME20174,CA06861,100%,0.1688,0.448
ME20175,CA07107,25%,0.295,0.208
ME20176,CA06153,25%,-0.0318,0.257
ME20177,CA05256,100%,0.0274,0.117
ME20178,CA04975,75%,0.0642,0.262
ME20179,CA05324,25%,0.033,0.35
ME20180,CA04678,25%,-0.1553,0.148
ME20181,CA00503,25%,-0.4589,0.422
ME20182,CA06935,75%,0.0769,0.241
ME20183,CA02521,75%,0.2078,0.438
ME20184,CA01427,25%,0.0286,0.394
ME20185,CA01191,25%,-0.1874,0.128
ME20186,CA02361,25%,0.3501,0.103
ME20187,CA03240,50%,-0.0079,0.129
ME20188,CA05544,100%,0.0886,0.302
ME20189,CA02710,100%,-0.12,0.13
ME20190,CA00213,50%,0.1758,0.272
ME20191,CA01364,50%,-0.1301,0.342
ME20192,CA04165,25%,-0.1129,0.262
ME20193,CA03833,100%,0.2312,0.212
ME20194,CA04784,75%,0.1767,0.157
ME20195,CA02614,75%,0.0798,0.103
ME20196,CA05016,75%,0.5059,0.429
ME20197,CA00604,75%,-0.2467,0.33
ME20198,CA02894,25%,-0.1079,0.176
ME20199,CA01114,100%,-0.0631,0.166
ME20200,CA03711,50%,0.083,0.208
ME20201,CA05917,100%,0.0018,0.181
ME20202,CA03865,75%,-0.348,0.292
ME20203,CA02611,100%,0.2809,0.168
ME20204,CA05920,25%,-0.1689,0.447
ME20205,CA05061,75%,-0.0165,0.17
ME20206,CA06373,50%,-0.0946,0.473
ME20207,CA00128,100%,-0.0734,0.358
ME20208,CA05719,100%,0.1121,0.489
ME20209,CA07137,50%,0.1494,0.343
ME20210,CA03846,100%,-0.3684,0.214
ME20211,CA00953,75%,-0.0049,0.273
ME20212,CA01625,25%,0.1676,0.21
ME20213,CA01012,25%,-0.1254,0.187
ME20214,CA01944,100%,0.2278,0.435
ME20215,CA01372,100%,-0.2342,0.274
ME20216,CA01497,100%,0.099,0.371
ME20217,CA00157,100%,-0.0026,0.492
ME20218,CA04476,50%,0.0843,0.104
ME20219,CA01915,75%,-0.2699,0.351
ME20220,CA05043,100%,-0.0061,0.397
ME20221,CA03124,50%,0.1275,0.491
ME20222,CA02548,25%,0.0571,0.211
ME20223,CA06209,75%,0.1776,0.311
ME20224,CA00336,25%,-0.1419,0.465
ME20225,CA05446,75%,-0.0827,0.276
ME20226,CA04213,75%,0.0169,0.169
ME20227,CA05464,75%,0.0091,0.103
ME20228,CA02606,75%,-0.2398,0.376
ME20229,CA03970,100%,0.3469,0.271
ME20230,CA06941,100%,-0.1366,0.47
ME20231,CA06471,50%,0.0197,0.31
ME20232,CA00295,50%,-0.1462,0.449
ME20233,CA02018,100%,-0.1184,0.495
ME20234,CA03069,100%,-0.1762,0.234
ME20235,CA04114,75%,0.1414,0.47
ME20236,CA02839,75%,0.0955,0.368
ME20237,CA06355,75%,-0.5086,0.414
ME20238,CA03067,100%,-0.2707,0.189
ME20239,CA03981,50%,0.0057,0.161
ME20240,CA01922,25%,0.1405,0.112
ME20241,CA02601,25%,0.0582,0.346
ME20242,CA01220,75%,-0.1116,0.348
ME20243,CA06556,50%,-0.0603,0.294
ME20244,CA02160,50%,-0.2718,0.182
ME20245,CA06613,25%,0.4522,0.355
ME20246,CA00633,75%,0.0191,0.117
ME20247,CA01240,25%,-0.0724,0.115
ME20248,CA02005,75%,-0.2478,0.2
ME20249,CA01857,100%,-0.0479,0.306
ME20250,CA04185,25%,0.0114,0.247
ME20251,CA00276,75%,-0.1779,0.3
ME20252,CA03183,100%,0.0452,0.295
ME20253,CA06450,100%,0.1131,0.31
ME20254,CA03356,25%,-0.2369,0.132
ME20255,CA02148,75%,-0.2646,0.441
ME20256,CA02377,75%,-0.2007,0.333
ME20257,CA00061,100%,-0.126,0.198
ME20258,CA02715,50%,0.0248,0.106
ME20259,CA00755,100%,0.1896,0.19
ME20260,CA02361,100%,0.2308,0.471
ME20261,CA01218,25%,-0.0561,0.44
ME20262,CA00852,25%,0.0348,0.314
ME20263,CA04204,100%,0.1767,0.254
ME20264,CA04912,50%,-0.1321,0.278
ME20265,CA00710,25%,-0.0214,0.332
ME20266,CA04716,25%,-0.2197,0.487
ME20267,CA00476,100%,-0.2272,0.203
ME20268,CA03217,50%,-0.0168,0.406
ME20269,CA03751,75%,0.1399,0.374
ME20270,CA05781,50%,0.1992,0.124
ME20271,CA03346,100%,-0.0921,0.232
ME20272,CA02493,25%,-0.1008,0.422
ME20273,CA03487,50%,-0.2214,0.389
ME20274,CA00251,50%,-0.2084,0.108
ME20275,CA01209,25%,0.1819,0.309
ME20276,CA05703,75%,0.082,0.221
ME20277,CA03954,100%,-0.0943,0.287
ME20278,CA00626,100%,0.1365,0.232
ME20279,CA06446,75%,-0.003,0.315
ME20280,CA06536,75%,-0.2249,0.407
ME20281,CA03628,100%,-0.0379,0.297
ME20282,CA03839,50%,0.0926,0.313
ME20283,CA03451,50%,0.1347,0.169
ME20284,CA01186,50%,0.1742,0.155
ME20285,CA07118,25%,0.1652,0.417
ME20286,CA02738,25%,-0.5374,0.418
ME20287,CA05541,75%,-0.2717,0.446
ME20288,CA06352,75%,-0.2735,0.376
ME20289,CA01994,25%,0.0191,0.162
ME20290,CA00870,25%,0.2897,0.309
ME20291,CA00164,25%,0.0253,0.34
ME20292,CA02324,75%,-0.0721,0.433
ME20293,CA02747,25%,-0.2919,0.14
ME20294,CA00307,100%,0.1015,0.271
ME20295,CA02872,50%,-0.078,0.259
ME20296,CA00665,100%,0.122,0.412
ME20297,CA03266,50%,-0.0496,0.178
ME20298,CA02411,100%,-0.1306,0.423
ME20299,CA06440,50%,0.0696,0.195
ME20300,CA01858,75%,0.137,0.279
ME20301,CA01098,75%,-0.1524,0.252
ME20302,CA06161,100%,0.2909,0.368
ME20303,CA03434,50%,0.1381,0.271
ME20304,CA01980,50%,-0.1401,0.166
ME20305,CA03929,25%,-0.1657,0.371
ME20306,CA03954,25%,-0.0705,0.194
ME20307,CA00394,50%,0.088,0.426
ME20308,CA03539,25%,0.0341,0.121
ME20309,CA03225,100%,-0.0679,0.451
ME20310,CA00692,75%,0.0641,0.219
ME20311,CA03007,50%,0.0835,0.438
ME20312,CA01917,100%,-0.129,0.487
ME20313,CA03791,50%,0.1175,0.415
ME20314,CA01375,50%,-0.2516,0.212
ME20315,CA04394,100%,0.0822,0.332
ME20316,CA06049,75%,0.2107,0.384
ME20317,CA01669,25%,0.0482,0.194
ME20318,CA03496,50%,0.0512,0.368
ME20319,CA04016,25%,-0.3063,0.245
ME20320,CA04802,25%,0.0724,0.268
ME20321,CA01245,100%,-0.0389,0.481
ME20322,CA03128,50%,0.1168,0.417
ME20323,CA01826,25%,0.2305,0.427
ME20324,CA01996,50%,-0.2947,0.157
ME20325,CA04389,25%,-0.1465,0.244
ME20326,CA06053,25%,-0.3004,0.262
ME20327,CA05562,25%,0.1821,0.473
ME20328,CA04896,100%,-0.0416,0.123
ME20329,CA02127,75%,-0.1064,0.169
ME20330,CA06749,50%,-0.0553,0.43
ME20331,CA01584,75%,0.1185,0.493
ME20332,CA03742,50%,-0.3519,0.167
ME20333,CA03081,100%,-0.0443,0.295
ME20334,CA05257,50%,0.1164,0.497
ME20335,CA05259,100%,-0.1763,0.139
ME20336,CA04387,100%,-0.1452,0.478
ME20337,CA01608,75%,-0.0356,0.218
ME20338,CA04431,75%,0.2555,0.189
ME20339,CA05374,100%,-0.0205,0.429
ME20340,CA05096,75%,0.2723,0.259
ME20341,CA01987,75%,0.029,0.14
ME20342,CA04772,100%,0.1798,0.171
ME20343,CA00561,50%,-0.1102,0.458
ME20344,CA01461,25%,-0.1452,0.111
ME20345,CA02504,100%,-0.172,0.169
ME20346,CA00827,75%,-0.2013,0.129
ME20347,CA05076,75%,0.1666,0.179
ME20348,CA03369,75%,0.0869,0.351
ME20349,CA00579,100%,-0.2389,0.216
ME20350,CA03499,100%,0.4039,0.401
ME20351,CA03490,50%,-0.0144,0.161
ME20352,CA05420,75%,0.0267,0.457
ME20353,CA01669,25%,-0.1728,0.304
ME20354,CA06666,50%,0.0341,0.39
ME20355,CA02308,25%,-0.2681,0.321
ME20356,CA03425,100%,0.0131,0.161
ME20357,CA01925,75%,-0.1647,0.486
ME20358,CA06328,50%,0.1228,0.105
ME20359,CA06534,50%,-0.2391,0.174
ME20360,CA06274,75%,-0.0723,0.245
ME20361,CA04781,50%,-0.1706,0.147
ME20362,CA01825,50%,-0.3108,0.17
ME20363,CA03813,75%,-0.3178,0.469
ME20364,CA05423,25%,0.2996,0.148
ME20365,CA07029,50%,-0.1837,0.286
ME20366,CA03777,50%,-0.0929,0.266
ME20367,CA04565,25%,0.2254,0.459
ME20368,CA00909,75%,-0.1601,0.189
ME20369,CA04722,75%,-0.0489,0.495
ME20370,CA07116,75%,0.2018,0.123
ME20371,CA03571,75%,-0.0966,0.421
ME20372,CA00149,50%,0.0457,0.5
ME20373,CA01848,50%,0.0075,0.307
ME20374,CA02134,75%,-0.1332,0.315
ME20375,CA06298,25%,-0.3535,0.267
ME20376,CA03050,100%,0.1019,0.252
ME20377,CA05686,75%,-0.1224,0.262
ME20378,CA06920,75%,-0.3129,0.353
ME20379,CA05567,100%,0.0926,0.138
ME20380,CA01219,25%,-0.0407,0.252
ME20381,CA06464,75%,0.0775,0.375
ME20382,CA02522,75%,0.0832,0.478
ME20383,CA05180,75%,-0.1484,0.178
ME20384,CA00253,50%,-0.0378,0.225
ME20385,CA04400,50%,0.0965,0.325
ME20386,CA01986,50%,0.1352,0.205
ME20387,CA01379,25%,0.18,0.139
ME20388,CA04447,25%,-0.0879,0.478
ME20389,CA04406,75%,-0.2962,0.248
ME20390,CA04830,50%,-0.1771,0.191
ME20391,CA00977,50%,-0.0585,0.44
ME20392,CA01557,50%,-0.2155,0.336
ME20393,CA05677,50%,0.1416,0.116
ME20394,CA03315,75%,-0.0797,0.425
ME20395,CA07039,100%,0.267,0.2
ME20396,CA00633,25%,-0.1,0.437
ME20397,CA02950,50%,0.2006,0.338
ME20398,CA02603,50%,0.2691,0.483
ME20399,CA00706,75%,0.052,0.143
ME20400,CA03337,50%,-0.1501,0.139
ME20401,CA03421,50%,-0.023,0.393
ME20402,CA04025,25%,0.0523,0.15
ME20403,CA03278,25%,-0.0337,0.123
ME20404,CA04441,100%,-0.2469,0.327
ME20405,CA05099,100%,0.3137,0.319
ME20406,CA06400,25%,0.1646,0.325
ME20407,CA04797,75%,-0.0263,0.228
ME20408,CA02609,50%,0.0517,0.23
ME20409,CA04749,100%,0.1873,0.459
ME20410,CA05341,25%,-0.0776,0.203
ME20411,CA04403,25%,0.4914,0.395
ME20412,CA00265,50%,0.2372,0.181
ME20413,CA01965,100%,-0.0532,0.392
ME20414,CA00407,75%,-0.1055,0.352
ME20415,CA01602,50%,-0.0642,0.404
ME20416,CA05330,100%,0.1498,0.378
ME20417,CA04110,50%,0.1169,0.38
ME20418,CA06554,100%,0.3784,0.371
ME20419,CA00085,50%,-0.1129,0.405
ME20420,CA00173,75%,-0.1119,0.155
ME20421,CA05658,25%,0.2251,0.257
ME20422,CA03958,100%,-0.0563,0.172
ME20423,CA06626,50%,-0.0659,0.123
ME20424,CA06185,100%,-0.0618,0.245
ME20425,CA04740,100%,-0.0711,0.28
ME20426,CA03036,75%,0.3137,0.323
ME20427,CA03083,75%,-0.3131,0.177
ME20428,CA01734,25%,0.1052,0.305
ME20429,CA01369,100%,-0.0993,0.252
ME20430,CA03744,25%,0.1638,0.177
ME20431,CA00671,25%,-0.1686,0.141
ME20432,CA03094,25%,0.2648,0.431
ME20433,CA07127,75%,-0.0594,0.43
ME20434,CA02735,100%,-0.1063,0.218
ME20435,CA00536,50%,0.237,0.358
ME20436,CA03447,100%,-0.2109,0.22
ME20437,CA04544,50%,0.0199,0.242
ME20438,CA03598,25%,-0.0661,0.162
ME20439,CA00635,100%,-0.0816,0.403
ME20440,CA03699,25%,0.1191,0.362
ME20441,CA01689,50%,-0.2131,0.24
ME20442,CA05113,75%,-0.0792,0.323
ME20443,CA05561,100%,0.0803,0.44
ME20444,CA03747,75%,0.0326,0.442
ME20445,CA04861,50%,0.0747,0.344
ME20446,CA03409,75%,-0.0955,0.272
ME20447,CA03605,100%,0.1978,0.135
ME20448,CA00850,50%,-0.0884,0.413
ME20449,CA03446,50%,0.253,0.149
ME20450,CA01248,25%,0.1764,0.172
ME20451,CA06199,75%,-0.2877,0.348
ME20452,CA00576,50%,0.3099,0.215
ME20453,CA05847,50%,0.3306,0.276
ME20454,CA06337,50%,0.0635,0.181
ME20455,CA04519,100%,-0.2593,0.406
ME20456,CA06954,100%,0.0382,0.297
ME20457,CA06623,25%,0.168,0.19
ME20458,CA02338,75%,-0.1233,0.105
ME20459,CA01718,100%,0.1824,0.429
ME20460,CA03682,100%,0.1903,0.157
ME20461,CA01246,75%,-0.0783,0.163
ME20462,CA00094,75%,0.038,0.207
ME20463,CA02745,75%,-0.1943,0.306
ME20464,CA00204,25%,-0.2115,0.136
ME20465,CA01256,75%,-0.1572,0.474
ME20466,CA00138,25%,-0.0123,0.349
ME20467,CA00229,100%,-0.0202,0.173
ME20468,CA04607,75%,0.1659,0.329
ME20469,CA00113,100%,-0.0197,0.368
ME20470,CA06249,50%,-0.2327,0.2
ME20471,CA00233,75%,0.228,0.216
ME20472,CA03942,100%,-0.2368,0.464
ME20473,CA07132,75%,-0.097,0.366
ME20474,CA05253,75%,0.2315,0.127
ME20475,CA04041,100%,-0.0362,0.131
ME20476,CA02334,50%,0.1201,0.153
ME20477,CA04203,100%,0.1116,0.343
ME20478,CA02019,50%,0.1771,0.284
ME20479,CA05619,100%,0.0175,0.438
ME20480,CA02484,100%,-0.0692,0.289
ME20481,CA04741,25%,0.1761,0.47
ME20482,CA04599,50%,-0.0635,0.449
ME20483,CA05063,50%,-0.1,0.148
ME20484,CA00520,75%,-0.1287,0.392
ME20485,CA06802,25%,0.036,0.363
ME20486,CA06112,100%,0.2803,0.151
ME20487,CA07186,100%,-0.1142,0.483
ME20488,CA06212,25%,0.093,0.472
ME20489,CA04203,50%,-0.2365,0.299
ME20490,CA04858,100%,0.0545,0.326
ME20491,CA04345,75%,-0.0135,0.25
ME20492,CA01439,25%,0.0619,0.463
ME20493,CA04851,25%,0.1989,0.143
ME20494,CA02435,75%,-0.0492,0.321
ME20495,CA02914,75%,-0.1966,0.396
ME20496,CA06388,50%,0.0148,0.162
ME20497,CA03123,25%,-0.155,0.171
ME20498,CA03147,75%,0.0273,0.123
ME20499,CA01452,25%,0.2946,0.376
ME20500,CA04390,50%,0.1188,0.377
ME20501,CA01169,25%,-0.3417,0.463
ME20502,CA00787,25%,-0.1001,0.159
ME20503,CA01173,75%,-0.0298,0.281
ME20504,CA02413,25%,0.0846,0.12
ME20505,CA04422,75%,0.0328,0.491
ME20506,CA02586,100%,0.1108,0.493
ME20507,CA03371,75%,0.0045,0.42
ME20508,CA06595,25%,0.3023,0.167
ME20509,CA04147,25%,0.349,0.332
ME20510,CA03605,25%,-0.1748,0.125
ME20511,CA02483,50%,0.0224,0.344
ME20512,CA02956,50%,0.0637,0.398
ME20513,CA02692,75%,0.0307,0.41
ME20514,CA00484,25%,-0.1922,0.119
ME20515,CA01812,50%,0.1292,0.169
ME20516,CA06720,75%,0.0055,0.106
ME20517,CA00974,25%,0.0032,0.425
ME20518,CA02255,50%,0.1252,0.139
ME20519,CA02754,50%,0.1735,0.196
ME20520,CA02434,50%,0.1256,0.222
ME20521,CA06512,50%,-0.2156,0.14
ME20522,CA01438,25%,0.2256,0.429
ME20523,CA05098,25%,-0.1389,0.28
ME20524,CA05505,50%,-0.2418,0.152
ME20525,CA02129,100%,-0.0575,0.47
ME20526,CA04102,75%,-0.0483,0.28
ME20527,CA06389,25%,0.0577,0.315
ME20528,CA01225,75%,0.0314,0.198
ME20529,CA00754,100%,0.1893,0.303
ME20530,CA03555,100%,-0.111,0.159
ME20531,CA00884,25%,0.1968,0.349
ME20532,CA00495,25%,0.4056,0.42
ME20533,CA04944,25%,0.4825,0.405
ME20534,CA03220,100%,-0.2857,0.348
ME20535,CA05794,25%,-0.0094,0.307
ME20536,CA02397,25%,-0.0595,0.453
ME20537,CA01562,25%,-0.2276,0.244
ME20538,CA00605,100%,-0.1668,0.46
ME20539,CA03798,25%,-0.0057,0.205
ME20540,CA05145,100%,-0.0802,0.103
ME20541,CA06652,50%,0.1623,0.445
ME20542,CA05364,100%,0.1014,0.384
ME20543,CA04979,25%,0.4016,0.13
ME20544,CA06526,50%,-0.247,0.286
ME20545,CA06791,25%,-0.0211,0.493
ME20546,CA05155,25%,-0.286,0.424
ME20547,CA03160,50%,-0.2191,0.217
ME20548,CA00210,50%,0.0198,0.177
ME20549,CA05928,50%,-0.0347,0.357
ME20550,CA04245,25%,0.2183,0.439
ME20551,CA05256,75%,-0.2803,0.175
ME20552,CA04224,50%,0.1468,0.485
ME20553,CA04988,75%,-0.0595,0.262
ME20554,CA05179,75%,-0.0823,0.102
ME20555,CA06043,25%,-0.0101,0.219
ME20556,CA04437,75%,-0.2318,0.427
ME20557,CA05053,75%,-0.0255,0.231
ME20558,CA04528,100%,-0.0143,0.296
ME20559,CA04222,25%,-0.0953,0.222
ME20560,CA07170,25%,0.2862,0.33
ME20561,CA03155,25%,-0.2745,0.329
ME20562,CA03539,50%,0.2255,0.408
ME20563,CA04284,75%,-0.2565,0.252
ME20564,CA05021,25%,0.0902,0.476
ME20565,CA01142,25%,-0.1853,0.323
ME20566,CA02658,25%,0.0462,0.131
ME20567,CA05947,50%,0.0251,0.431
ME20568,CA02336,100%,-0.0327,0.344
ME20569,CA06635,75%,0.0922,0.45
ME20570,CA07074,25%,-0.2398,0.489
ME20571,CA04223,25%,0.1065,0.221
ME20572,CA02796,100%,-0.112,0.119
ME20573,CA04829,50%,0.0322,0.437
ME20574,CA04957,100%,-0.1214,0.144
ME20575,CA05147,100%,-0.0113,0.148
ME20576,CA01378,25%,-0.0304,0.173
ME20577,CA00375,75%,-0.1324,0.135
ME20578,CA01934,75%,-0.2928,0.419
ME20579,CA04912,25%,-0.0544,0.332
ME20580,CA06945,50%,0.031,0.182
ME20581,CA02396,100%,-0.0374,0.252
ME20582,CA01543,50%,-0.2062,0.236
ME20583,CA01511,75%,-0.3534,0.337
ME20584,CA05470,100%,0.0245,0.385
ME20585,CA01021,100%,0.236,0.253
ME20586,CA02464,25%,-0.07,0.49
ME20587,CA03466,75%,0.1531,0.48
ME20588,CA01229,25%,-0.0564,0.138
ME20589,CA00274,25%,0.0034,0.226
ME20590,CA03778,75%,0.0083,0.362
ME20591,CA06332,100%,0.1266,0.135
ME20592,CA04669,50%,0.2055,0.321
ME20593,CA02944,75%,0.0618,0.395
ME20594,CA04060,50%,-0.3183,0.162
ME20595,CA03839,100%,-0.1959,0.17
ME20596,CA04603,100%,-0.0488,0.199
ME20597,CA00272,75%,0.0749,0.354
ME20598,CA03867,100%,-0.2018,0.191
ME20599,CA04608,50%,0.0791,0.339
ME20600,CA06784,75%,0.124,0.135
ME20601,CA02407,100%,-0.1103,0.371
ME20602,CA00076,100%,-0.0969,0.172
ME20603,CA02472,100%,0.1691,0.31
ME20604,CA00415,50%,0.2083,0.157
ME20605,CA03514,50%,-0.1565,0.122
ME20606,CA05392,100%,-0.2733,0.478
ME20607,CA02403,75%,0.3254,0.429
ME20608,CA05275,25%,0.0735,0.142
ME20609,CA01234,75%,0.2885,0.242
ME20610,CA02804,100%,-0.467,0.269
ME20611,CA04914,50%,0.1767,0.192
ME20612,CA01297,100%,0.0474,0.302
ME20613,CA01989,25%,0.0528,0.102
ME20614,CA00220,75%,0.192,0.276
ME20615,CA04863,75%,-0.093,0.325
ME20616,CA05610,25%,-0.0371,0.278
ME20617,CA05847,75%,-0.0983,0.355
ME20618,CA03225,50%,0.0885,0.283
ME20619,CA04140,25%,-0.0233,0.477
ME20620,CA03621,50%,0.216,0.173
ME20621,CA06410,50%,0.0334,0.389
ME20622,CA02777,100%,-0.1431,0.397
ME20623,CA02451,75%,0.0369,0.25
ME20624,CA05257,50%,0.1493,0.405
ME20625,CA00777,75%,0.1815,0.404
ME20626,CA01317,100%,-0.2304,0.46
ME20627,CA04878,50%,-0.097,0.182
ME20628,CA06112,75%,0.089,0.115
ME20629,CA01598,75%,-0.1507,0.433
ME20630,CA06133,100%,-0.4087,0.312
ME20631,CA07087,25%,-0.0804,0.25
ME20632,CA01750,75%,-0.0765,0.336
ME20633,CA01933,25%,-0.303,0.179
ME20634,CA05501,25%,0.0052,0.132
ME20635,CA00028,25%,-0.1664,0.209
ME20636,CA01402,50%,-0.1101,0.129
ME20637,CA02329,25%,-0.4309,0.312
ME20638,CA06639,25%,0.1643,0.399
ME20639,CA03060,25%,0.2307,0.451
ME20640,CA00611,25%,-0.3459,0.375
ME20641,CA01034,25%,0.2797,0.364
ME20642,CA03408,50%,-0.0813,0.5
ME20643,CA06524,25%,-0.1038,0.197
ME20644,CA07032,25%,0.0951,0.483
ME20645,CA05936,75%,-0.3386,0.398
ME20646,CA06465,50%,-0.0222,0.269
ME20647,CA02620,100%,-0.0647,0.13
ME20648,CA06560,50%,0.0976,0.191
ME20649,CA05695,75%,-0.0918,0.336
ME20650,CA02676,50%,0.2079,0.122
ME20651,CA06708,25%,-0.2,0.419
ME20652,CA02895,50%,0.3098,0.468
ME20653,CA03879,100%,-0.1069,0.297
ME20654,CA05748,25%,0.3334,0.415
ME20655,CA00158,75%,0.0562,0.384
ME20656,CA03676,100%,-0.1401,0.291
ME20657,CA07065,50%,0.0217,0.389
ME20658,CA02406,100%,-0.101,0.133
ME20659,CA05620,75%,-0.1072,0.368
ME20660,CA03382,25%,0.2059,0.294
ME20661,CA00092,100%,-0.2328,0.108
ME20662,CA00050,25%,-0.4387,0.443
ME20663,CA06301,25%,0.0704,0.14
ME20664,CA00859,25%,-0.194,0.372
ME20665,CA02299,100%,0.1687,0.341
ME20666,CA02614,50%,-0.0977,0.209
ME20667,CA06030,100%,-0.0919,0.193
ME20668,CA05109,75%,0.019,0.396
ME20669,CA06689,25%,-0.065,0.485
ME20670,CA01692,100%,-0.1323,0.33
ME20671,CA04442,25%,0.0225,0.469
ME20672,CA06807,100%,0.2148,0.238
ME20673,CA00809,100%,-0.0997,0.129
ME20674,CA03469,25%,-0.0527,0.234
ME20675,CA06214,100%,-0.0682,0.233
ME20676,CA06039,100%,0.2162,0.289
ME20677,CA03121,100%,-0.3127,0.43
ME20678,CA06418,25%,-0.2105,0.449
ME20679,CA05427,50%,-0.2017,0.297
ME20680,CA01934,100%,-0.1435,0.454
ME20681,CA00355,25%,0.0264,0.286
ME20682,CA04663,50%,0.0202,0.249
ME20683,CA01605,100%,0.0342,0.201
ME20684,CA00693,25%,0.1614,0.487
ME20685,CA00398,75%,-0.2752,0.462
ME20686,CA00834,75%,-0.2422,0.282
ME20687,CA06841,50%,-0.0225,0.338
ME20688,CA05635,25%,-0.0698,0.231
ME20689,CA03385,50%,-0.1195,0.228
ME20690,CA05811,75%,-0.2513,0.37
ME20691,CA01702,25%,0.2071,0.186
ME20692,CA04147,25%,-0.3219,0.209
ME20693,CA05157,75%,-0.2665,0.173
ME20694,CA01304,100%,-0.0911,0.288
ME20695,CA04668,100%,-0.0605,0.39
ME20696,CA00494,75%,0.026,0.369
ME20697,CA03275,75%,-0.1797,0.124
ME20698,CA06045,75%,-0.1126,0.214
ME20699,CA02329,75%,0.1007,0.344
ME20700,CA00675,100%,0.0021,0.308
ME20701,CA03246,100%,0.07,0.207
ME20702,CA01040,25%,-0.3714,0.315
ME20703,CA06529,25%,0.0957,0.347
ME20704,CA06108,100%,0.2333,0.174
ME20705,CA06982,100%,0.2091,0.253
ME20706,CA01917,75%,0.0894,0.159
ME20707,CA04092,25%,0.1435,0.127
ME20708,CA02888,50%,-0.5178,0.286
ME20709,CA06560,100%,-0.0397,0.366
ME20710,CA04694,100%,-0.1254,0.135
ME20711,CA03269,100%,-0.1401,0.332
ME20712,CA04583,25%,0.0901,0.14
ME20713,CA03393,100%,0.272,0.2
ME20714,CA00024,100%,0.125,0.194
ME20715,CA02976,50%,0.3039,0.407
ME20716,CA06386,75%,0.1763,0.495
ME20717,CA05534,75%,0.1465,0.341
ME20718,CA00707,50%,-0.3064,0.156
ME20719,CA05992,50%,-0.2126,0.223
ME20720,CA01239,100%,-0.2297,0.372
ME20721,CA06181,75%,0.2324,0.332
ME20722,CA02294,25%,0.0585,0.446
ME20723,CA04903,50%,0.0829,0.363
ME20724,CA04122,50%,-0.2107,0.157
ME20725,CA02000,75%,0.0312,0.46
ME20726,CA01678,50%,0.1298,0.221
ME20727,CA04826,100%,-0.1046,0.432
ME20728,CA07129,75%,0.23,0.3
ME20729,CA07005,75%,-0.1621,0.281
ME20730,CA03812,75%,-0.2315,0.441
ME20731,CA00339,50%,0.0678,0.397
ME20732,CA01862,50%,0.0316,0.289
ME20733,CA06216,50%,0.3103,0.125
ME20734,CA01812,75%,-0.0198,0.361
ME20735,CA05217,100%,0.244,0.21
ME20736,CA06499,75%,0.1699,0.371
ME20737,CA06173,75%,0.0059,0.13
ME20738,CA02917,25%,-0.1292,0.164
ME20739,CA00049,25%,-0.0816,0.237
ME20740,CA02814,75%,0.0643,0.299
ME20741,CA02733,100%,-0.3452,0.339
ME20742,CA00735,100%,-0.2505,0.135
ME20743,CA05774,25%,-0.1633,0.432
ME20744,CA04344,50%,-0.2192,0.363
ME20745,CA00450,75%,0.2145,0.485
ME20746,CA00177,25%,0.1036,0.317
ME20747,CA02601,100%,0.0411,0.158
ME20748,CA06172,75%,0.0899,0.333
ME20749,CA03865,100%,0.2371,0.23
ME20750,CA03754,50%,-0.0232,0.277
ME20751,CA04443,75%,-0.1861,0.263
ME20752,CA00996,75%,-0.0987,0.313
ME20753,CA01207,25%,-0.0735,0.177
ME20754,CA06224,25%,-0.0041,0.457
ME20755,CA02379,75%,-0.0335,0.166
ME20756,CA02283,100%,-0.1702,0.1
ME20757,CA06527,75%,-0.0959,0.316
ME20758,CA04852,25%,-0.0887,0.197
ME20759,CA05809,50%,-0.2125,0.432
ME20760,CA04355,50%,-0.1316,0.347
ME20761,CA01517,50%,-0.09,0.182
ME20762,CA04775,75%,-0.1161,0.365
ME20763,CA00049,75%,0.0431,0.183
ME20764,CA02241,100%,0.0808,0.301
ME20765,CA04465,50%,-0.0974,0.389
ME20766,CA06125,75%,0.1864,0.13
ME20767,CA03185,100%,-0.0492,0.498
ME20768,CA04720,25%,0.1117,0.18
ME20769,CA03989,100%,0.0443,0.24
ME20770,CA06214,25%,0.1638,0.203
ME20771,CA05519,50%,-0.095,0.293
ME20772,CA02367,50%,0.1077,0.385
ME20773,CA05234,25%,-0.0642,0.127
ME20774,CA05232,50%,0.0772,0.44
ME20775,CA07139,100%,0.1156,0.448
ME20776,CA03260,75%,-0.06,0.403
ME20777,CA04050,25%,-0.1581,0.166
ME20778,CA00058,50%,-0.1962,0.467
ME20779,CA00267,100%,-0.1602,0.192
ME20780,CA03513,50%,-0.1171,0.443
ME20781,CA07097,75%,0.036,0.466
ME20782,CA04508,75%,0.1756,0.373
ME20783,CA06894,50%,0.2219,0.243
ME20784,CA04971,50%,-0.0142,0.254
ME20785,CA05647,50%,-0.0076,0.389
ME20786,CA03351,50%,0.1543,0.312
ME20787,CA06546,25%,0.5441,0.169
ME20788,CA06574,75%,-0.0055,0.402
ME20789,CA00285,75%,0.1534,0.149
ME20790,CA02435,100%,0.2093,0.228
ME20791,CA04040,50%,0.2051,0.478
ME20792,CA07169,50%,-0.1184,0.431
ME20793,CA04100,25%,0.158,0.148
ME20794,CA00824,25%,0.0008,0.423
ME20795,CA06604,75%,-0.1102,0.165
ME20796,CA07041,75%,-0.1899,0.481
ME20797,CA03979,75%,-0.2601,0.383
ME20798,CA01949,25%,0.1511,0.233
ME20799,CA01666,25%,0.2,0.492
ME20800,CA02367,75%,0.0926,0.228
ME20801,CA04485,75%,0.2042,0.4
ME20802,CA02475,25%,-0.0559,0.447
ME20803,CA00429,100%,-0.1451,0.497
ME20804,CA03040,50%,0.014,0.1
ME20805,CA04380,25%,0.1709,0.391
ME20806,CA04309,50%,-0.0032,0.283
ME20807,CA06152,50%,0.0899,0.324
ME20808,CA05794,75%,0.176,0.455
ME20809,CA05795,100%,0.0813,0.27
ME20810,CA07164,25%,-0.0573,0.494
ME20811,CA07181,50%,0.2139,0.185
ME20812,CA06707,25%,-0.023,0.306
ME20813,CA06022,25%,0.0371,0.378
ME20814,CA01362,75%,-0.0963,0.269
ME20815,CA04446,50%,0.1464,0.312
ME20816,CA05303,75%,0.0051,0.219
ME20817,CA00226,50%,-0.0384,0.363
ME20818,CA02499,100%,-0.3372,0.348
ME20819,CA01821,50%,-0.1544,0.237
ME20820,CA03527,50%,-0.2441,0.238
ME20821,CA07098,25%,-0.0237,0.224
ME20822,CA03292,75%,-0.2668,0.434
ME20823,CA06453,50%,0.1584,0.129
ME20824,CA00569,25%,-0.1009,0.46
ME20825,CA00344,50%,-0.0444,0.103
ME20826,CA04329,50%,-0.0271,0.11
ME20827,CA03917,50%,-0.0679,0.297
ME20828,CA07166,100%,-0.1498,0.238
ME20829,CA00251,100%,0.1868,0.399
ME20830,CA01319,50%,-0.0005,0.332
ME20831,CA01179,50%,0.1727,0.479
ME20832,CA05085,75%,0.0883,0.231
ME20833,CA06741,50%,0.3088,0.102
ME20834,CA06231,25%,0.1316,0.292
ME20835,CA05687,100%,0.1778,0.395
ME20836,CA06517,25%,0.2144,0.177
ME20837,CA00390,25%,-0.1294,0.338
ME20838,CA02776,75%,0.2042,0.263
ME20839,CA02629,50%,-0.0212,0.462
ME20840,CA06538,100%,-0.1889,0.269
ME20841,CA06767,75%,0.0857,0.254
ME20842,CA06445,50%,-0.2711,0.203
ME20843,CA03168,25%,-0.0868,0.132
ME20844,CA03384,100%,0.0492,0.121
ME20845,CA04910,50%,-0.1203,0.144
ME20846,CA06945,100%,0.1642,0.231
ME20847,CA06248,100%,0.1089,0.313
ME20848,CA00203,25%,0.0338,0.185
ME20849,CA07108,25%,-0.0816,0.448
ME20850,CA06879,25%,-0.1226,0.321
ME20851,CA06855,50%,-0.1762,0.137
ME20852,CA06326,100%,0.0622,0.213
ME20853,CA06655,100%,-0.054,0.169
ME20854,CA01012,100%,0.1026,0.17
ME20855,CA02612,75%,0.2474,0.16
ME20856,CA04844,25%,0.0432,0.239
ME20857,CA03485,50%,0.0403,0.205
ME20858,CA00172,25%,0.0604,0.245
ME20859,CA03259,50%,-0.1741,0.174
ME20860,CA05793,50%,0.1692,0.164
ME20861,CA06356,75%,-0.1889,0.379
ME20862,CA07007,100%,0.1232,0.411
ME20863,CA06545,100%,-0.1032,0.39
ME20864,CA03983,75%,-0.478,0.486
ME20865,CA03029,25%,-0.1909,0.423
ME20866,CA05753,25%,0.0209,0.396
ME20867,CA01397,50%,0.352,0.246
ME20868,CA06470,100%,0.0373,0.107
ME20869,CA06718,100%,0.2202,0.14
ME20870,CA05976,25%,-0.0269,0.289
ME20871,CA02940,75%,-0.0254,0.342
ME20872,CA00124,100%,0.0516,0.22
ME20873,CA00226,50%,0.3159,0.143
ME20874,CA04089,100%,0.3298,0.153
ME20875,CA05119,100%,-0.1337,0.104
ME20876,CA06433,50%,-0.1507,0.308
ME20877,CA05376,100%,0.1065,0.134
ME20878,CA02633,100%,0.0139,0.317
ME20879,CA04549,75%,0.0245,0.11
ME20880,CA02621,50%,0.1355,0.234
ME20881,CA03857,100%,0.174,0.216
ME20882,CA06640,50%,-0.0004,0.186
ME20883,CA07169,75%,-0.0649,0.216
ME20884,CA01458,25%,0.2161,0.369
ME20885,CA06877,50%,0.3422,0.156
ME20886,CA00992,25%,0.1351,0.486
ME20887,CA00086,25%,0.1712,0.138
ME20888,CA01846,50%,-0.0751,0.461
ME20889,CA04525,25%,0.2389,0.401
ME20890,CA00021,25%,-0.0101,0.294
ME20891,CA04016,100%,-0.0913,0.364
ME20892,CA04580,25%,0.1741,0.484
ME20893,CA01182,75%,0.0594,0.145
ME20894,CA00369,25%,-0.0444,0.275
ME20895,CA00814,75%,0.2217,0.253
ME20896,CA05723,50%,0.3072,0.403
ME20897,CA06650,100%,0.0365,0.333
ME20898,CA04879,25%,0.1744,0.346
ME20899,CA06530,25%,-0.0145,0.481
ME20900,CA02076,25%,-0.1611,0.4
ME20901,CA03015,100%,0.0307,0.366
ME20902,CA04605,25%,-0.2299,0.48
ME20903,CA00430,50%,0.1392,0.483
ME20904,CA03366,75%,-0.1393,0.474
ME20905,CA05762,100%,-0.1259,0.348
ME20906,CA01342,50%,-0.1026,0.153
ME20907,CA01802,25%,-0.1534,0.403
ME20908,CA02289,25%,0.1818,0.312
ME20909,CA05572,50%,-0.2516,0.438
ME20910,CA05649,100%,-0.1302,0.25
ME20911,CA07013,25%,-0.1695,0.277
ME20912,CA04874,50%,0.2507,0.29
ME20913,CA03357,100%,0.0962,0.238
ME20914,CA02539,50%,-0.0026,0.376
ME20915,CA02483,50%,-0.1082,0.193
ME20916,CA03945,25%,0.0882,0.142
ME20917,CA00682,100%,-0.1579,0.332
ME20918,CA03559,75%,-0.0132,0.112
ME20919,CA01007,50%,0.3639,0.402
ME20920,CA01039,75%,0.0348,0.346
ME20921,CA04083,50%,-0.0997,0.157
ME20922,CA03684,100%,0.0837,0.431
ME20923,CA06992,100%,0.189,0.309
ME20924,CA00564,25%,-0.1936,0.406
ME20925,CA05612,100%,-0.0406,0.225
ME20926,CA02920,100%,-0.023,0.269
ME20927,CA03326,75%,0.0679,0.232
ME20928,CA02162,100%,-0.2822,0.21
ME20929,CA04836,50%,0.1049,0.458
ME20930,CA01553,75%,-0.0894,0.158
ME20931,CA04525,50%,0.1071,0.154
ME20932,CA04421,50%,0.0661,0.174
ME20933,CA02701,75%,-0.2052,0.15
ME20934,CA00069,25%,0.4351,0.487
ME20935,CA04545,100%,0.0894,0.214
ME20936,CA05568,50%,0.1388,0.314
ME20937,CA04701,25%,0.1324,0.31
ME20938,CA03299,25%,0.0513,0.486
ME20939,CA02187,25%,-0.1254,0.118
ME20940,CA01645,100%,0.3252,0.441
ME20941,CA03177,50%,-0.039,0.264
ME20942,CA04501,75%,0.1635,0.124
ME20943,CA03496,50%,-0.3175,0.123
ME20944,CA06017,75%,0.3756,0.382
ME20945,CA02725,25%,0.0966,0.328
ME20946,CA06527,75%,0.1687,0.335
ME20947,CA05714,25%,-0.0182,0.144
ME20948,CA00388,75%,0.2041,0.124
ME20949,CA00089,50%,-0.3866,0.218
ME20950,CA03502,50%,0.1318,0.323
ME20951,CA00252,25%,0.1948,0.279
ME20952,CA05122,50%,-0.0228,0.142
ME20953,CA00290,50%,-0.0758,0.333
ME20954,CA00656,50%,-0.1807,0.366
ME20955,CA01004,100%,-0.051,0.409
ME20956,CA03678,100%,0.0628,0.492
ME20957,CA06520,75%,-0.1377,0.441
ME20958,CA02880,25%,0.0859,0.35
ME20959,CA05557,75%,-0.0307,0.466
ME20960,CA04029,100%,-0.1608,0.184
ME20961,CA05444,50%,0.0594,0.497
ME20962,CA00016,75%,0.0446,0.23
ME20963,CA00310,25%,-0.2237,0.29
ME20964,CA05065,25%,0.1943,0.177
ME20965,CA03503,100%,-0.0101,0.176
ME20966,CA00393,100%,0.0864,0.447
ME20967,CA02133,100%,0.2963,0.12
ME20968,CA00895,25%,-0.2011,0.111
ME20969,CA04419,100%,-0.1943,0.165
ME20970,CA03542,100%,-0.3756,0.456
ME20971,CA02052,75%,-0.0239,0.235
ME20972,CA04417,25%,0.0677,0.17
ME20973,CA03783,75%,-0.0749,0.18
ME20974,CA02080,25%,-0.1974,0.374
ME20975,CA05074,100%,-0.0285,0.103
ME20976,CA01430,25%,-0.0209,0.284
ME20977,CA04734,75%,0.0471,0.236
ME20978,CA04396,25%,0.0849,0.451
ME20979,CA00953,25%,0.2473,0.439
ME20980,CA02074,75%,-0.0405,0.414
ME20981,CA06667,100%,-0.1335,0.298
ME20982,CA01645,75%,-0.1196,0.285
ME20983,CA00375,75%,0.0114,0.417
ME20984,CA01531,50%,0.051,0.324
ME20985,CA01885,50%,-0.0551,0.131
ME20986,CA06945,25%,-0.1819,0.133
ME20987,CA02154,25%,-0.0516,0.317
ME20988,CA07167,50%,-0.3462,0.161
ME20989,CA05176,100%,0.192,0.472
ME20990,CA05456,100%,-0.3933,0.443
ME20991,CA04276,75%,-0.1193,0.349
ME20992,CA04842,100%,0.2497,0.231
ME20993,CA00249,25%,-0.1706,0.487
ME20994,CA01075,100%,-0.0976,0.248
ME20995,CA00342,50%,-0.0048,0.17
ME20996,CA04673,50%,-0.1988,0.448
ME20997,CA06864,75%,-0.0129,0.224
ME20998,CA04625,75%,0.0278,0.21
ME20999,CA03312,100%,0.0102,0.129
ME21000,CA04031,25%,-0.1464,0.345
