garantia_id;reparo_id;inicio;fim;status;retorno
1;1;  2025-09-04  ;2025-12-03;Expirada;0
2;2;  2025-09-23  ;2025-12-22;Acionada;1
3;4;  2025-08-05  ;2025-11-03;Expirada;0
4;5;  2025-10-12  ;2026-01-10;Expirada;0
5;7;2026-04-10;2026-07-09;Vigente;0
6;8;2025-08-29;2025-11-27;Expirada;0
7;9;2026-04-26;2026-07-25;Expirada;0
8;10;2025-11-24;2026-02-22;Vigente;0
9;11;2026-06-07;2026-09-05;Acionada;0
10;12;2026-01-28;2026-04-28;Expirada;0
11;14;2025-09-10;2025-12-09;Expirada;0
12;16;2025-08-18;2025-11-16;Vigente;0
13;17;2026-02-25;2026-05-26;Expirada;0
14;19;2026-06-18;2026-09-16;Acionada;0
15;20;2026-06-29;2026-09-27;Vigente;0
16;21;2026-02-17;2026-05-18;Vigente;0
17;22;2025-09-01;2025-11-30;Vigente;0
18;23;2026-06-05;2026-09-03;Vigente;0
19;24;2026-02-23;2026-05-24;Acionada;0
20;26;2026-04-27;2026-07-26;Acionada;0
21;27;2025-12-16;2026-03-16;Vigente;0
22;28;2025-07-29;2025-10-27;Expirada;0
23;30;2025-11-14;2026-02-12;Expirada;1
24;31;2026-02-20;2026-05-21;Acionada;0
25;34;2026-01-06;2026-04-06;Vigente;0
26;35;2025-11-08;2026-02-06;Vigente;0
27;36;2026-04-22;2026-07-21;Acionada;0
28;37;2026-04-20;2026-07-19;Acionada;0
29;39;2026-01-22;2026-04-22;Vigente;0
30;40;2026-01-26;2026-04-26;Vigente;0
31;41;2026-05-29;2026-08-27;Expirada;0
32;42;2025-12-16;2026-03-16;Expirada;1
33;44;2025-08-27;2025-11-25;Vigente;0
34;45;2026-03-24;2026-06-22;Expirada;0
35;46;2025-10-01;2025-12-30;Acionada;0
36;47;2026-02-21;2026-05-22;Vigente;0
37;48;2026-05-04;2026-08-02;Acionada;0
38;49;2026-06-20;2026-09-18;Acionada;0
39;50;2025-09-29;2025-12-28;Vigente;0
40;51;2025-07-28;2025-10-26;Vigente;0
41;52;2026-05-02;2026-07-31;Expirada;0
42;53;2026-05-24;2026-08-22;Expirada;0
43;55;2026-02-02;2026-05-03;Acionada;0
44;57;2025-11-21;2026-02-19;Expirada;0
45;58;2026-01-18;2026-04-18;Vigente;0
46;59;2026-01-26;2026-04-26;Expirada;0
47;61;2025-09-05;2025-12-04;Acionada;0
48;63;2026-03-05;2026-06-03;Acionada;0
49;64;2026-04-07;2026-07-06;Vigente;0
50;67;2026-07-02;2026-09-30;Expirada;0
51;68;2025-11-05;2026-02-03;Vigente;0
52;70;2025-10-16;2026-01-14;Expirada;0
53;71;2026-05-31;2026-08-29;Acionada;0
54;72;2026-05-11;2026-08-09;Acionada;0
55;73;2025-11-11;2026-02-09;Vigente;0
56;74;2026-06-15;2026-09-13;Expirada;0
57;75;2026-05-13;2026-08-11;Acionada;0
58;76;2025-09-24;2025-12-23;Acionada;0
59;77;2026-03-10;2026-06-08;Vigente;0
60;79;2026-07-05;2026-10-03;Expirada;0
61;80;2025-11-11;2026-02-09;Expirada;0
62;82;2025-11-13;2026-02-11;Acionada;0
63;83;2026-04-10;2026-07-09;Acionada;0
64;84;2025-08-19;2025-11-17;Vigente;0
65;85;2026-03-18;2026-06-16;Vigente;0
66;86;2025-12-11;2026-03-11;Acionada;0
67;87;2026-02-06;2026-05-07;Vigente;0
68;88;2026-06-30;2026-09-28;Acionada;0
69;91;2025-09-22;2025-12-21;Vigente;0
70;93;2025-11-06;2026-02-04;Acionada;0
71;94;2026-06-09;2026-09-07;Vigente;0
72;95;2026-02-24;2026-05-25;Expirada;0
73;96;2026-06-22;2026-09-20;Expirada;0
74;97;2025-10-30;2026-01-28;Expirada;0
75;98;2026-03-27;2026-06-25;Vigente;0
76;100;2025-11-09;2026-02-07;Expirada;0
77;102;2025-10-03;2026-01-01;Vigente;1
78;106;2025-11-13;2026-02-11;Vigente;0
79;108;2026-03-17;2026-06-15;Acionada;0
80;109;2026-04-19;2026-07-18;Acionada;0
81;110;2025-10-07;2026-01-05;Vigente;0
82;111;2025-08-26;2025-11-24;Acionada;0
83;112;2025-07-22;2025-10-20;Vigente;0
84;114;2026-03-31;2026-06-29;Vigente;0
85;116;2025-07-17;2025-10-15;Expirada;0
86;117;2026-06-30;2026-09-28;Acionada;0
87;118;2025-09-01;2025-11-30;Acionada;0
88;119;2025-07-14;2025-10-12;Vigente;0
89;120;2026-05-05;2026-08-03;Vigente;0
90;121;2025-07-28;2025-10-26;Acionada;0
91;122;2025-10-03;2026-01-01;Expirada;1
92;123;2026-02-18;2026-05-19;Vigente;0
93;124;2026-06-05;2026-09-03;Vigente;0
94;126;2025-09-26;2025-12-25;Expirada;0
95;127;2026-01-09;2026-04-09;Vigente;0
96;130;2026-03-05;2026-06-03;Expirada;1
97;131;2025-12-16;2026-03-16;Expirada;0
98;132;2025-12-03;2026-03-03;Expirada;0
99;134;2025-09-09;2025-12-08;Acionada;0
100;135;2026-01-09;2026-04-09;Acionada;0
101;136;2025-10-18;2026-01-16;Acionada;0
102;138;2026-06-26;2026-09-24;Acionada;0
103;139;2025-12-20;2026-03-20;Acionada;0
104;140;2025-09-29;2025-12-28;Acionada;0
105;141;2026-05-31;2026-08-29;Expirada;0
106;142;2025-11-14;2026-02-12;Vigente;0
107;143;2025-10-15;2026-01-13;Acionada;0
108;144;2026-03-07;2026-06-05;Vigente;0
109;145;2026-04-08;2026-07-07;Acionada;0
110;146;2025-07-10;2025-10-08;Acionada;0
111;147;2026-03-05;2026-06-03;Vigente;1
112;148;2025-07-25;2025-10-23;Acionada;0
113;151;2025-07-02;2025-09-30;Acionada;0
114;152;2025-11-09;2026-02-07;Vigente;0
115;154;2025-11-09;2026-02-07;Vigente;0
116;155;2026-04-18;2026-07-17;Expirada;0
117;158;2026-05-18;2026-08-16;Vigente;1
118;159;2025-12-30;2026-03-30;Acionada;0
119;160;2025-07-19;2025-10-17;Expirada;0
120;162;2025-10-31;2026-01-29;Expirada;0
121;163;2025-11-26;2026-02-24;Expirada;0
122;164;2025-10-17;2026-01-15;Vigente;0
123;165;2025-12-19;2026-03-19;Vigente;0
124;166;2025-07-28;2025-10-26;Expirada;0
125;169;2026-01-09;2026-04-09;Acionada;0
126;170;2025-11-19;2026-02-17;Acionada;0
127;171;2026-05-27;2026-08-25;Acionada;0
128;174;2025-12-15;2026-03-15;Vigente;0
129;176;2026-03-15;2026-06-13;Expirada;0
130;177;2025-07-30;2025-10-28;Vigente;0
131;178;2026-02-19;2026-05-20;Vigente;0
132;179;2026-06-13;2026-09-11;Acionada;0
133;180;2025-10-18;2026-01-16;Acionada;0
134;181;2025-07-18;2025-10-16;Expirada;0
135;182;2025-11-23;2026-02-21;Expirada;0
136;183;2026-04-15;2026-07-14;Vigente;0
137;185;2026-04-24;2026-07-23;Expirada;0
138;186;2025-12-03;2026-03-03;Acionada;0
139;187;2025-07-29;2025-10-27;Expirada;0
140;188;2026-07-05;2026-10-03;Vigente;0
141;189;2026-05-09;2026-08-07;Vigente;0
142;190;2026-05-29;2026-08-27;Expirada;0
143;193;2025-12-17;2026-03-17;Vigente;0
144;194;2025-08-31;2025-11-29;Acionada;0
145;195;2025-10-23;2026-01-21;Acionada;0
146;196;2026-04-20;2026-07-19;Vigente;0
147;199;2026-03-29;2026-06-27;Expirada;0
148;200;2026-02-24;2026-05-25;Expirada;0
149;201;2026-01-03;2026-04-03;Vigente;0
150;202;2026-01-22;2026-04-22;Expirada;0
151;203;2026-03-20;2026-06-18;Acionada;0
152;205;2026-04-03;2026-07-02;Vigente;1
153;206;2026-01-20;2026-04-20;Vigente;0
154;207;2025-09-24;2025-12-23;Expirada;0
155;208;2026-04-15;2026-07-14;Expirada;0
156;211;2025-12-23;2026-03-23;Vigente;0
157;212;2026-01-12;2026-04-12;Vigente;0
158;213;2025-09-05;2025-12-04;Acionada;1
159;214;2026-06-22;2026-09-20;Expirada;0
160;215;2025-12-11;2026-03-11;Expirada;0
161;216;2025-09-11;2025-12-10;Vigente;0
162;217;2026-04-04;2026-07-03;Expirada;0
163;218;2026-03-01;2026-05-30;Expirada;0
164;219;2025-10-26;2026-01-24;Expirada;1
165;220;2026-06-20;2026-09-18;Expirada;0
166;221;2025-10-21;2026-01-19;Expirada;0
167;223;2025-12-26;2026-03-26;Vigente;0
168;224;2026-05-14;2026-08-12;Vigente;0
169;225;2025-11-06;2026-02-04;Expirada;0
170;226;2026-06-25;2026-09-23;Vigente;0
171;227;2026-05-28;2026-08-26;Vigente;0
172;228;2026-03-14;2026-06-12;Vigente;0
173;229;2025-12-14;2026-03-14;Acionada;0
174;230;2025-12-01;2026-03-01;Acionada;0
175;231;2025-07-08;2025-10-06;Acionada;0
176;232;2025-08-08;2025-11-06;Expirada;0
177;233;2026-05-15;2026-08-13;Vigente;0
178;234;2025-09-23;2025-12-22;Vigente;0
179;235;2025-08-21;2025-11-19;Acionada;0
180;237;2026-02-07;2026-05-08;Vigente;0
181;238;2026-05-19;2026-08-17;Acionada;0
182;239;2026-04-07;2026-07-06;Vigente;1
183;240;2025-08-27;2025-11-25;Vigente;0
184;241;2025-09-03;2025-12-02;Expirada;0
185;242;2026-03-30;2026-06-28;Expirada;0
186;244;2025-09-23;2025-12-22;Acionada;0
187;245;2025-11-02;2026-01-31;Expirada;0
188;247;2025-10-23;2026-01-21;Expirada;0
189;248;2025-09-17;2025-12-16;Expirada;0
190;250;2026-05-08;2026-08-06;Acionada;0
191;251;2025-08-21;2025-11-19;Vigente;0
192;252;2026-04-08;2026-07-07;Acionada;0
193;253;2026-01-05;2026-04-05;Expirada;0
194;254;2026-05-04;2026-08-02;Acionada;0
195;255;2026-01-24;2026-04-24;Vigente;0
196;256;2026-04-08;2026-07-07;Expirada;0
197;258;2026-02-24;2026-05-25;Vigente;0
198;259;2025-07-31;2025-10-29;Expirada;0
199;260;2026-04-18;2026-07-17;Expirada;0
200;261;2025-10-24;2026-01-22;Expirada;0
201;262;2026-03-23;2026-06-21;Expirada;0
202;263;2026-01-18;2026-04-18;Vigente;0
203;265;2026-01-07;2026-04-07;Acionada;0
204;266;2026-02-02;2026-05-03;Vigente;0
205;267;2026-05-12;2026-08-10;Expirada;0
206;269;2026-05-20;2026-08-18;Vigente;0
207;270;2025-10-06;2026-01-04;Expirada;0
208;271;2025-07-24;2025-10-22;Expirada;0
209;272;2025-11-23;2026-02-21;Acionada;1
210;273;2025-09-28;2025-12-27;Acionada;0
211;274;2026-03-20;2026-06-18;Expirada;0
212;275;2026-02-13;2026-05-14;Expirada;0
213;276;2025-08-09;2025-11-07;Vigente;0
214;277;2026-06-06;2026-09-04;Acionada;0
215;278;2026-01-06;2026-04-06;Vigente;0
216;279;2026-06-07;2026-09-05;Expirada;0
217;282;2025-07-26;2025-10-24;Vigente;0
218;283;2026-01-23;2026-04-23;Vigente;0
219;284;2025-11-11;2026-02-09;Expirada;1
220;285;2026-06-18;2026-09-16;Acionada;0
221;288;2025-09-14;2025-12-13;Vigente;0
222;290;2025-07-21;2025-10-19;Acionada;0
223;292;2025-12-22;2026-03-22;Vigente;0
224;293;2025-11-27;2026-02-25;Acionada;0
225;294;2025-07-25;2025-10-23;Vigente;0
226;295;2026-06-16;2026-09-14;Vigente;0
227;296;2026-05-22;2026-08-20;Expirada;1
228;297;2026-05-16;2026-08-14;Expirada;0
229;298;2025-11-26;2026-02-24;Expirada;0
230;299;2025-07-23;2025-10-21;Expirada;0
231;300;2025-12-07;2026-03-07;Acionada;0
232;301;2026-06-01;2026-08-30;Vigente;0
233;302;2025-09-30;2025-12-29;Acionada;0
234;303;2025-10-04;2026-01-02;Acionada;0
235;305;2025-10-10;2026-01-08;Expirada;0
236;306;2026-06-19;2026-09-17;Acionada;0
237;308;2025-09-20;2025-12-19;Expirada;0
238;309;2025-11-25;2026-02-23;Acionada;0
239;311;2026-06-30;2026-09-28;Expirada;0
240;313;2026-01-26;2026-04-26;Acionada;0
241;314;2025-08-05;2025-11-03;Acionada;0
242;315;2025-08-28;2025-11-26;Expirada;0
243;316;2025-08-19;2025-11-17;Acionada;0
244;318;2025-07-29;2025-10-27;Vigente;0
245;320;2026-04-14;2026-07-13;Acionada;0
246;321;2026-03-14;2026-06-12;Expirada;0
247;322;2025-09-27;2025-12-26;Vigente;0
248;323;2026-02-16;2026-05-17;Vigente;0
249;324;2025-10-30;2026-01-28;Expirada;0
250;325;2026-01-14;2026-04-14;Vigente;1
251;327;2026-02-02;2026-05-03;Acionada;0
252;328;2025-12-09;2026-03-09;Expirada;0
253;329;2026-01-20;2026-04-20;Vigente;0
254;330;2026-03-11;2026-06-09;Expirada;0
255;331;2026-01-12;2026-04-12;Expirada;0
256;332;2026-02-12;2026-05-13;Acionada;0
257;333;2026-02-03;2026-05-04;Expirada;0
258;334;2026-04-18;2026-07-17;Expirada;0
259;335;2026-06-21;2026-09-19;Acionada;0
260;336;2026-01-30;2026-04-30;Acionada;0
261;337;2025-12-31;2026-03-31;Acionada;0
262;338;2025-10-15;2026-01-13;Vigente;0
263;339;2025-11-22;2026-02-20;Vigente;0
264;340;2026-06-09;2026-09-07;Acionada;0
265;341;2025-12-08;2026-03-08;Vigente;0
266;342;2025-07-25;2025-10-23;Acionada;0
267;343;2025-11-25;2026-02-23;Expirada;0
268;344;2025-12-09;2026-03-09;Vigente;0
269;345;2025-11-04;2026-02-02;Vigente;0
270;346;2026-04-16;2026-07-15;Expirada;0
271;347;2026-03-10;2026-06-08;Expirada;0
272;348;2026-05-12;2026-08-10;Vigente;0
273;349;2025-09-29;2025-12-28;Expirada;0
274;352;2026-02-17;2026-05-18;Expirada;0
275;354;2026-06-26;2026-09-24;Vigente;0
276;355;2025-08-04;2025-11-02;Acionada;0
277;356;2025-07-13;2025-10-11;Vigente;0
278;357;2025-10-20;2026-01-18;Expirada;0
279;358;2025-09-14;2025-12-13;Vigente;0
280;359;2026-02-12;2026-05-13;Expirada;0
281;360;2026-03-30;2026-06-28;Expirada;0
282;361;2025-08-14;2025-11-12;Expirada;0
283;362;2026-03-24;2026-06-22;Acionada;0
284;364;2026-03-09;2026-06-07;Acionada;0
285;365;2026-01-23;2026-04-23;Vigente;0
286;366;2026-03-11;2026-06-09;Vigente;0
287;367;2026-06-24;2026-09-22;Expirada;0
288;368;2026-04-30;2026-07-29;Vigente;0
289;369;2026-04-21;2026-07-20;Acionada;0
290;370;2026-02-20;2026-05-21;Expirada;0
291;371;2025-08-26;2025-11-24;Vigente;0
292;372;2025-07-25;2025-10-23;Expirada;0
293;373;2025-11-13;2026-02-11;Vigente;0
294;374;2025-07-22;2025-10-20;Vigente;0
295;376;2026-01-02;2026-04-02;Acionada;0
296;377;2026-01-04;2026-04-04;Expirada;0
297;378;2026-07-05;2026-10-03;Expirada;0
298;379;2025-09-13;2025-12-12;Vigente;0
299;380;2026-05-08;2026-08-06;Expirada;0
300;381;2026-02-06;2026-05-07;Acionada;0
301;382;2025-09-25;2025-12-24;Expirada;0
302;384;2025-08-18;2025-11-16;Expirada;0
303;385;2026-05-14;2026-08-12;Vigente;0
304;386;2026-05-14;2026-08-12;Acionada;0
305;387;2025-08-30;2025-11-28;Vigente;0
306;388;2026-01-15;2026-04-15;Expirada;0
307;389;2026-06-29;2026-09-27;Acionada;0
308;390;2026-01-17;2026-04-17;Acionada;0
309;391;2025-10-24;2026-01-22;Acionada;0
310;392;2026-06-07;2026-09-05;Expirada;0
311;393;2026-04-30;2026-07-29;Expirada;0
312;397;2025-09-16;2025-12-15;Vigente;1
313;398;2026-02-16;2026-05-17;Expirada;0
314;399;2026-02-05;2026-05-06;Acionada;0
315;400;2025-10-15;2026-01-13;Expirada;0
316;401;2026-06-19;2026-09-17;Acionada;0
317;404;2026-02-19;2026-05-20;Vigente;0
318;407;2026-03-13;2026-06-11;Expirada;0
319;408;2025-09-26;2025-12-25;Expirada;0
320;409;2026-02-17;2026-05-18;Expirada;0
321;411;2025-09-16;2025-12-15;Acionada;0
322;412;2026-04-22;2026-07-21;Expirada;0
323;414;2026-01-14;2026-04-14;Expirada;0
324;417;2026-02-15;2026-05-16;Expirada;0
325;418;2025-09-27;2025-12-26;Acionada;0
326;419;2026-01-01;2026-04-01;Acionada;0
327;420;2025-08-09;2025-11-07;Acionada;0
328;421;2026-05-23;2026-08-21;Vigente;0
329;422;2026-04-12;2026-07-11;Expirada;0
330;423;2025-11-01;2026-01-30;Vigente;0
331;426;2025-09-27;2025-12-26;Expirada;0
332;427;2025-08-05;2025-11-03;Vigente;0
333;428;2026-04-26;2026-07-25;Acionada;0
334;430;2026-03-29;2026-06-27;Vigente;1
335;431;2026-01-23;2026-04-23;Vigente;0
336;432;2026-03-30;2026-06-28;Vigente;0
337;433;2026-02-19;2026-05-20;Vigente;0
338;434;2025-11-17;2026-02-15;Acionada;0
339;435;2025-11-08;2026-02-06;Expirada;0
340;436;2026-06-21;2026-09-19;Expirada;0
341;438;2026-02-03;2026-05-04;Vigente;0
342;440;2026-02-17;2026-05-18;Acionada;1
343;442;2026-03-25;2026-06-23;Expirada;0
344;443;2025-07-22;2025-10-20;Acionada;0
345;444;2026-05-26;2026-08-24;Vigente;0
346;445;2025-08-05;2025-11-03;Expirada;0
347;447;2026-01-10;2026-04-10;Expirada;0
348;448;2026-07-01;2026-09-29;Acionada;0
349;450;2026-05-17;2026-08-15;Acionada;0
350;451;2025-10-01;2025-12-30;Expirada;0
351;452;2025-08-19;2025-11-17;Acionada;0
352;453;2026-07-04;2026-10-02;Acionada;0
353;454;2026-05-07;2026-08-05;Expirada;0
354;455;2025-10-11;2026-01-09;Expirada;1
355;456;2025-10-07;2026-01-05;Expirada;0
356;457;2025-08-17;2025-11-15;Expirada;0
357;458;2026-05-15;2026-08-13;Acionada;0
358;459;2025-08-20;2025-11-18;Acionada;0
359;461;2025-07-16;2025-10-14;Expirada;1
360;464;2026-06-29;2026-09-27;Expirada;0
361;466;2026-06-01;2026-08-30;Expirada;0
362;467;2026-02-25;2026-05-26;Expirada;0
363;470;2025-11-24;2026-02-22;Expirada;0
364;471;2026-02-02;2026-05-03;Expirada;0
365;473;2025-10-03;2026-01-01;Expirada;0
366;474;2026-06-02;2026-08-31;Vigente;0
367;475;2025-08-29;2025-11-27;Acionada;0
368;476;2025-08-05;2025-11-03;Expirada;0
369;477;2026-02-01;2026-05-02;Acionada;0
370;478;2025-08-11;2025-11-09;Acionada;0
371;479;2026-04-06;2026-07-05;Expirada;0
372;480;2026-04-15;2026-07-14;Vigente;0
373;481;2026-04-23;2026-07-22;Vigente;1
374;482;2025-11-30;2026-02-28;Acionada;0
375;483;2026-03-10;2026-06-08;Expirada;0
376;484;2025-11-06;2026-02-04;Expirada;1
377;485;2025-11-29;2026-02-27;Expirada;1
378;487;2026-03-17;2026-06-15;Expirada;1
379;488;2025-07-30;2025-10-28;Expirada;0
380;489;2026-04-14;2026-07-13;Vigente;0
381;490;2026-04-26;2026-07-25;Vigente;0
382;491;2026-07-01;2026-09-29;Expirada;0
383;492;2025-11-16;2026-02-14;Acionada;0
384;493;2025-10-03;2026-01-01;Expirada;0
385;494;2025-09-16;2025-12-15;Acionada;0
386;496;2025-11-18;2026-02-16;Expirada;1
387;498;2026-03-21;2026-06-19;Acionada;0
388;499;2025-11-04;2026-02-02;Vigente;0
389;502;2025-08-20;2025-11-18;Vigente;0
390;503;2025-12-16;2026-03-16;Expirada;0
391;504;2025-12-27;2026-03-27;Expirada;0
392;505;2025-11-22;2026-02-20;Expirada;0
393;506;2025-10-30;2026-01-28;Acionada;0
394;507;2026-01-21;2026-04-21;Vigente;0
395;508;2026-02-24;2026-05-25;Acionada;0
396;509;2026-03-18;2026-06-16;Vigente;0
397;510;2026-01-25;2026-04-25;Acionada;0
398;511;2026-05-07;2026-08-05;Vigente;0
399;512;2026-02-14;2026-05-15;Vigente;0
400;513;2025-08-18;2025-11-16;Acionada;1
401;514;2025-10-08;2026-01-06;Vigente;0
402;515;2026-03-28;2026-06-26;Vigente;1
403;516;2026-01-06;2026-04-06;Expirada;0
404;517;2025-10-30;2026-01-28;Vigente;0
405;518;2025-10-07;2026-01-05;Expirada;0
406;519;2026-01-20;2026-04-20;Acionada;0
407;520;2026-01-29;2026-04-29;Vigente;0
408;521;2025-12-31;2026-03-31;Acionada;0
409;522;2026-06-01;2026-08-30;Expirada;0
410;523;2025-08-22;2025-11-20;Vigente;0
411;524;2025-09-21;2025-12-20;Expirada;0
412;526;2025-10-17;2026-01-15;Expirada;0
413;527;2025-10-15;2026-01-13;Vigente;0
414;528;2025-12-19;2026-03-19;Vigente;0
415;529;2026-03-31;2026-06-29;Vigente;0
416;530;2026-03-30;2026-06-28;Vigente;0
417;532;2026-05-20;2026-08-18;Vigente;0
418;533;2025-10-03;2026-01-01;Acionada;0
419;534;2026-02-26;2026-05-27;Expirada;0
420;535;2026-05-23;2026-08-21;Vigente;0
421;536;2026-03-02;2026-05-31;Acionada;0
422;537;2026-03-24;2026-06-22;Expirada;0
423;538;2026-03-01;2026-05-30;Expirada;0
424;539;2026-01-20;2026-04-20;Acionada;0
425;541;2026-05-24;2026-08-22;Acionada;1
426;542;2026-05-15;2026-08-13;Expirada;0
427;543;2026-01-09;2026-04-09;Expirada;0
428;544;2026-02-05;2026-05-06;Expirada;1
429;545;2026-01-26;2026-04-26;Vigente;0
430;546;2026-03-13;2026-06-11;Expirada;0
431;547;2026-01-08;2026-04-08;Acionada;0
432;548;2026-01-23;2026-04-23;Vigente;0
433;550;2025-11-25;2026-02-23;Vigente;0
434;551;2025-07-08;2025-10-06;Acionada;0
435;552;2025-08-09;2025-11-07;Expirada;0
436;553;2026-06-28;2026-09-26;Acionada;0
437;555;2026-02-08;2026-05-09;Vigente;0
438;557;2026-05-14;2026-08-12;Expirada;0
439;558;2026-06-28;2026-09-26;Expirada;0
440;559;2026-06-12;2026-09-10;Expirada;0
441;560;2026-06-25;2026-09-23;Expirada;0
442;561;2025-11-30;2026-02-28;Acionada;0
443;562;2026-01-05;2026-04-05;Expirada;0
444;563;2026-02-14;2026-05-15;Expirada;0
445;564;2025-10-23;2026-01-21;Vigente;0
446;565;2026-05-22;2026-08-20;Vigente;0
447;567;2026-03-21;2026-06-19;Expirada;0
448;568;2026-05-19;2026-08-17;Vigente;0
449;569;2025-10-25;2026-01-23;Expirada;0
450;570;2025-12-30;2026-03-30;Vigente;0
451;572;2025-12-17;2026-03-17;Vigente;0
452;573;2026-03-01;2026-05-30;Vigente;0
453;574;2025-10-10;2026-01-08;Acionada;0
454;575;2025-12-30;2026-03-30;Vigente;0
455;576;2025-07-14;2025-10-12;Expirada;0
456;577;2026-02-07;2026-05-08;Acionada;0
457;578;2025-08-08;2025-11-06;Expirada;0
458;579;2025-08-04;2025-11-02;Acionada;0
459;581;2026-03-08;2026-06-06;Acionada;0
460;583;2026-02-17;2026-05-18;Expirada;0
461;584;2025-12-08;2026-03-08;Expirada;0
462;585;2025-08-01;2025-10-30;Vigente;0
463;586;2025-12-06;2026-03-06;Vigente;0
464;588;2026-01-13;2026-04-13;Expirada;0
465;589;2025-07-08;2025-10-06;Expirada;0
466;590;2025-10-04;2026-01-02;Acionada;0
467;591;2026-06-29;2026-09-27;Acionada;0
468;592;2025-08-08;2025-11-06;Vigente;0
469;593;2026-03-29;2026-06-27;Expirada;0
470;594;2025-10-05;2026-01-03;Acionada;0
471;595;2025-12-04;2026-03-04;Acionada;0
472;596;2025-11-08;2026-02-06;Vigente;0
473;597;2025-12-07;2026-03-07;Expirada;0
474;598;2025-07-14;2025-10-12;Acionada;0
475;599;2026-04-30;2026-07-29;Vigente;0
476;601;2025-07-26;2025-10-24;Expirada;0
477;602;2026-06-14;2026-09-12;Expirada;0
478;603;2025-10-06;2026-01-04;Expirada;0
479;604;2025-10-04;2026-01-02;Expirada;0
480;606;2025-11-07;2026-02-05;Acionada;0
481;608;2026-02-25;2026-05-26;Vigente;0
482;609;2025-12-18;2026-03-18;Expirada;0
483;610;2026-03-01;2026-05-30;Acionada;0
484;611;2026-06-14;2026-09-12;Vigente;0
485;612;2025-08-26;2025-11-24;Expirada;0
486;613;2025-08-19;2025-11-17;Expirada;0
487;614;2025-08-06;2025-11-04;Expirada;0
488;615;2025-09-14;2025-12-13;Expirada;0
489;617;2026-07-01;2026-09-29;Vigente;0
490;618;2025-11-07;2026-02-05;Expirada;0
491;620;2025-09-03;2025-12-02;Vigente;0
492;621;2026-04-14;2026-07-13;Expirada;0
493;623;2026-01-18;2026-04-18;Acionada;0
494;624;2026-06-18;2026-09-16;Expirada;0
495;626;2026-02-02;2026-05-03;Vigente;0
496;628;2025-10-12;2026-01-10;Vigente;0
497;629;2026-05-18;2026-08-16;Vigente;0
498;630;2025-08-30;2025-11-28;Expirada;0
499;631;2026-06-13;2026-09-11;Expirada;0
500;633;2026-02-10;2026-05-11;Expirada;0
501;634;2026-05-23;2026-08-21;Acionada;0
502;636;2025-07-16;2025-10-14;Expirada;0
503;638;2025-11-19;2026-02-17;Expirada;0
504;639;2026-05-05;2026-08-03;Vigente;0
505;640;2025-07-12;2025-10-10;Acionada;0
506;641;2026-03-30;2026-06-28;Expirada;0
507;642;2025-12-14;2026-03-14;Vigente;0
508;646;2025-10-26;2026-01-24;Expirada;0
509;648;2025-12-18;2026-03-18;Vigente;0
510;649;2026-03-03;2026-06-01;Vigente;0
511;650;2026-06-18;2026-09-16;Expirada;0
512;651;2026-03-07;2026-06-05;Vigente;0
513;653;2026-03-11;2026-06-09;Acionada;0
514;654;2026-05-05;2026-08-03;Acionada;0
515;655;2026-01-06;2026-04-06;Vigente;0
516;657;2026-03-10;2026-06-08;Acionada;0
517;658;2026-05-10;2026-08-08;Acionada;0
518;660;2025-12-30;2026-03-30;Expirada;1
519;661;2025-08-16;2025-11-14;Vigente;0
520;662;2026-04-05;2026-07-04;Vigente;0
521;665;2026-04-27;2026-07-26;Vigente;0
522;666;2025-07-31;2025-10-29;Acionada;1
523;667;2026-05-02;2026-07-31;Acionada;0
524;668;2025-08-21;2025-11-19;Vigente;0
525;669;2025-09-02;2025-12-01;Vigente;0
526;670;2025-11-26;2026-02-24;Expirada;0
527;671;2026-01-17;2026-04-17;Acionada;0
528;672;2026-04-08;2026-07-07;Vigente;0
529;673;2025-08-30;2025-11-28;Acionada;1
530;674;2026-04-23;2026-07-22;Vigente;0
531;675;2026-01-17;2026-04-17;Vigente;0
532;677;2025-12-06;2026-03-06;Expirada;0
533;678;2026-06-04;2026-09-02;Acionada;0
534;679;2025-10-12;2026-01-10;Acionada;0
535;680;2026-06-06;2026-09-04;Vigente;0
536;681;2026-04-13;2026-07-12;Acionada;0
537;682;2026-03-16;2026-06-14;Acionada;0
538;683;2026-04-09;2026-07-08;Expirada;0
539;684;2026-05-10;2026-08-08;Vigente;0
540;686;2026-04-17;2026-07-16;Expirada;0
541;687;2026-06-03;2026-09-01;Expirada;0
542;688;2026-03-07;2026-06-05;Vigente;0
543;689;2026-02-21;2026-05-22;Vigente;0
544;691;2025-10-23;2026-01-21;Vigente;1
545;693;2026-01-05;2026-04-05;Expirada;0
546;694;2025-08-23;2025-11-21;Vigente;0
547;695;2025-09-06;2025-12-05;Vigente;0
548;697;2025-09-02;2025-12-01;Vigente;0
549;698;2025-09-28;2025-12-27;Expirada;0
550;699;2025-10-16;2026-01-14;Vigente;0
551;700;2026-01-16;2026-04-16;Acionada;0
552;701;2025-08-16;2025-11-14;Vigente;0
553;702;2026-02-21;2026-05-22;Acionada;0
554;703;2025-09-06;2025-12-05;Expirada;0
555;704;2025-10-17;2026-01-15;Expirada;0
556;706;2026-06-20;2026-09-18;Acionada;0
557;707;2026-04-20;2026-07-19;Vigente;0
558;708;2026-03-29;2026-06-27;Expirada;0
559;711;2025-09-03;2025-12-02;Expirada;1
560;712;2026-03-03;2026-06-01;Acionada;0
561;713;2026-01-23;2026-04-23;Expirada;0
562;714;2026-06-07;2026-09-05;Vigente;0
563;715;2025-09-11;2025-12-10;Acionada;0
564;717;2026-02-08;2026-05-09;Acionada;0
565;719;2025-10-22;2026-01-20;Acionada;0
566;720;2026-01-08;2026-04-08;Acionada;0
567;721;2025-10-05;2026-01-03;Acionada;0
568;722;2026-07-04;2026-10-02;Acionada;0
569;723;2026-07-14;2026-10-12;Expirada;0
570;724;2026-02-12;2026-05-13;Acionada;0
571;725;2025-09-11;2025-12-10;Expirada;0
572;726;2025-10-17;2026-01-15;Expirada;0
573;727;2025-10-31;2026-01-29;Vigente;0
574;728;2025-11-27;2026-02-25;Acionada;0
575;729;2026-03-19;2026-06-17;Acionada;0
576;730;2025-09-02;2025-12-01;Vigente;0
577;731;2025-08-01;2025-10-30;Acionada;0
578;732;2025-09-15;2025-12-14;Acionada;0
579;733;2025-07-20;2025-10-18;Vigente;1
580;734;2025-08-08;2025-11-06;Expirada;0
581;735;2025-12-08;2026-03-08;Acionada;0
582;736;2025-12-19;2026-03-19;Acionada;0
583;737;2025-11-21;2026-02-19;Vigente;0
584;741;2025-11-25;2026-02-23;Acionada;0
585;742;2025-08-14;2025-11-12;Vigente;0
586;743;2025-10-03;2026-01-01;Vigente;1
587;744;2025-09-19;2025-12-18;Vigente;0
588;745;2025-10-19;2026-01-17;Acionada;0
589;746;2025-09-21;2025-12-20;Expirada;0
590;747;2026-03-22;2026-06-20;Acionada;0
591;748;2025-10-03;2026-01-01;Expirada;0
592;749;2026-03-12;2026-06-10;Acionada;0
593;750;2026-03-21;2026-06-19;Acionada;0
594;751;2026-03-11;2026-06-09;Acionada;0
595;752;2025-10-21;2026-01-19;Expirada;0
596;753;2025-10-22;2026-01-20;Expirada;0
597;754;2026-01-25;2026-04-25;Acionada;0
598;755;2025-10-22;2026-01-20;Vigente;0
599;756;2025-10-21;2026-01-19;Expirada;0
600;757;2026-01-18;2026-04-18;Vigente;0
601;758;2026-05-29;2026-08-27;Vigente;0
602;759;2025-08-22;2025-11-20;Vigente;0
603;761;2026-06-16;2026-09-14;Vigente;0
604;762;2026-02-21;2026-05-22;Expirada;0
605;763;2026-03-11;2026-06-09;Expirada;0
606;766;2025-11-18;2026-02-16;Expirada;0
607;767;2026-02-22;2026-05-23;Vigente;0
608;768;2025-12-27;2026-03-27;Expirada;0
609;770;2026-05-25;2026-08-23;Expirada;0
610;771;2026-05-16;2026-08-14;Expirada;0
611;772;2025-08-05;2025-11-03;Vigente;0
612;773;2026-06-12;2026-09-10;Acionada;0
613;774;2026-01-19;2026-04-19;Vigente;0
614;775;2025-11-24;2026-02-22;Vigente;0
615;776;2025-12-16;2026-03-16;Expirada;0
616;777;2026-05-16;2026-08-14;Expirada;0
617;779;2025-09-28;2025-12-27;Vigente;0
618;780;2026-06-20;2026-09-18;Expirada;0
619;781;2026-06-01;2026-08-30;Acionada;0
620;782;2026-03-26;2026-06-24;Acionada;0
621;783;2025-12-13;2026-03-13;Acionada;0
622;784;2026-01-24;2026-04-24;Acionada;0
623;785;2025-12-07;2026-03-07;Expirada;0
624;786;2025-10-19;2026-01-17;Acionada;0
625;787;2025-12-09;2026-03-09;Acionada;0
626;788;2025-10-13;2026-01-11;Vigente;0
627;789;2025-10-20;2026-01-18;Expirada;0
628;790;2026-06-21;2026-09-19;Vigente;0
629;793;2026-06-27;2026-09-25;Vigente;0
630;794;2025-12-02;2026-03-02;Acionada;0
631;795;2025-09-01;2025-11-30;Acionada;0
632;798;2026-03-24;2026-06-22;Vigente;0
633;801;2025-10-26;2026-01-24;Expirada;0
634;802;2025-08-16;2025-11-14;Expirada;0
635;805;2026-02-04;2026-05-05;Expirada;0
636;806;2025-12-22;2026-03-22;Vigente;1
637;807;2025-08-15;2025-11-13;Expirada;0
638;808;2025-07-26;2025-10-24;Acionada;0
639;809;2025-11-25;2026-02-23;Expirada;0
640;810;2025-07-20;2025-10-18;Acionada;0
641;811;2026-04-08;2026-07-07;Vigente;1
642;815;2026-03-31;2026-06-29;Vigente;0
643;816;2026-01-17;2026-04-17;Acionada;0
644;817;2025-09-06;2025-12-05;Vigente;0
645;818;2026-03-06;2026-06-04;Expirada;0
646;819;2026-03-14;2026-06-12;Vigente;0
647;820;2026-05-28;2026-08-26;Vigente;0
648;821;2026-05-16;2026-08-14;Expirada;0
649;822;2026-06-20;2026-09-18;Vigente;0
650;823;2026-02-16;2026-05-17;Vigente;0
651;826;2026-04-09;2026-07-08;Expirada;1
652;827;2026-05-28;2026-08-26;Acionada;0
653;828;2026-03-14;2026-06-12;Vigente;0
654;829;2026-02-13;2026-05-14;Vigente;0
655;830;2026-03-13;2026-06-11;Acionada;0
656;831;2026-06-30;2026-09-28;Acionada;0
657;832;2025-08-15;2025-11-13;Vigente;0
658;833;2025-10-31;2026-01-29;Vigente;1
659;834;2025-07-17;2025-10-15;Acionada;0
660;835;2026-04-02;2026-07-01;Expirada;0
661;836;2026-02-13;2026-05-14;Vigente;0
662;837;2025-08-18;2025-11-16;Vigente;0
663;840;2026-06-18;2026-09-16;Expirada;0
664;841;2026-04-04;2026-07-03;Expirada;0
665;842;2025-09-07;2025-12-06;Expirada;0
666;843;2025-08-12;2025-11-10;Expirada;0
667;844;2025-08-23;2025-11-21;Acionada;1
668;845;2026-06-17;2026-09-15;Expirada;1
669;846;2025-12-06;2026-03-06;Vigente;1
670;847;2025-07-16;2025-10-14;Vigente;0
671;848;2026-07-06;2026-10-04;Acionada;0
672;849;2026-04-07;2026-07-06;Expirada;0
673;850;2025-12-08;2026-03-08;Expirada;0
674;851;2025-10-22;2026-01-20;Vigente;0
675;852;2026-03-25;2026-06-23;Acionada;0
676;853;2025-12-18;2026-03-18;Acionada;0
677;854;2026-02-19;2026-05-20;Expirada;1
678;856;2026-04-24;2026-07-23;Acionada;0
679;857;2026-04-20;2026-07-19;Acionada;0
680;858;2025-10-29;2026-01-27;Acionada;0
681;859;2026-04-13;2026-07-12;Vigente;0
682;860;2026-05-30;2026-08-28;Vigente;0
683;861;2026-04-09;2026-07-08;Vigente;0
684;862;2025-07-17;2025-10-15;Expirada;0
685;863;2026-05-11;2026-08-09;Vigente;0
686;864;2026-06-11;2026-09-09;Expirada;0
687;866;2026-01-04;2026-04-04;Vigente;0
688;867;2026-04-14;2026-07-13;Acionada;1
689;870;2026-01-06;2026-04-06;Expirada;0
690;871;2025-09-10;2025-12-09;Expirada;0
691;872;2026-02-14;2026-05-15;Acionada;0
692;873;2025-07-06;2025-10-04;Vigente;0
693;874;2025-12-01;2026-03-01;Vigente;0
694;875;2026-06-04;2026-09-02;Vigente;0
695;876;2026-04-16;2026-07-15;Expirada;0
696;877;2026-03-26;2026-06-24;Vigente;0
697;878;2025-07-11;2025-10-09;Vigente;0
698;880;2025-12-24;2026-03-24;Vigente;0
699;881;2026-01-01;2026-04-01;Acionada;0
700;882;2025-08-09;2025-11-07;Acionada;0
701;883;2025-12-14;2026-03-14;Acionada;0
702;884;2026-02-20;2026-05-21;Expirada;0
703;885;2025-11-25;2026-02-23;Acionada;0
704;887;2025-09-23;2025-12-22;Acionada;0
705;888;2025-09-25;2025-12-24;Vigente;0
706;890;2025-09-23;2025-12-22;Expirada;0
707;891;2025-12-27;2026-03-27;Vigente;0
708;892;2025-08-21;2025-11-19;Acionada;0
709;893;2026-05-05;2026-08-03;Expirada;0
710;894;2026-01-30;2026-04-30;Acionada;1
711;895;2025-07-11;2025-10-09;Expirada;0
712;897;2025-08-10;2025-11-08;Acionada;0
713;898;2026-03-31;2026-06-29;Expirada;0
714;899;2026-07-04;2026-10-02;Acionada;0
715;902;2025-08-25;2025-11-23;Vigente;0
716;903;2025-09-18;2025-12-17;Vigente;0
717;905;2025-08-10;2025-11-08;Vigente;0
718;906;2026-01-30;2026-04-30;Vigente;0
719;907;2025-08-15;2025-11-13;Expirada;0
720;908;2026-05-03;2026-08-01;Acionada;0
721;909;2026-04-24;2026-07-23;Expirada;0
722;910;2026-02-13;2026-05-14;Expirada;0
723;911;2025-10-25;2026-01-23;Vigente;1
724;912;2025-12-05;2026-03-05;Acionada;0
725;913;2025-07-28;2025-10-26;Expirada;0
726;914;2025-08-13;2025-11-11;Expirada;0
727;915;2026-05-12;2026-08-10;Expirada;0
728;916;2025-08-31;2025-11-29;Vigente;0
729;917;2025-09-19;2025-12-18;Acionada;0
730;918;2025-08-02;2025-10-31;Acionada;0
731;919;2025-10-22;2026-01-20;Vigente;0
732;920;2025-08-02;2025-10-31;Acionada;0
733;921;2026-04-03;2026-07-02;Vigente;0
734;922;2026-04-14;2026-07-13;Vigente;0
735;923;2025-10-16;2026-01-14;Acionada;0
736;924;2026-01-30;2026-04-30;Expirada;0
737;925;2025-07-21;2025-10-19;Acionada;0
738;926;2026-06-21;2026-09-19;Expirada;0
739;927;2025-08-14;2025-11-12;Vigente;0
740;928;2025-08-21;2025-11-19;Expirada;0
741;930;2026-03-31;2026-06-29;Expirada;0
742;931;2026-02-05;2026-05-06;Expirada;1
743;932;2025-11-22;2026-02-20;Expirada;0
744;934;2026-01-11;2026-04-11;Expirada;0
745;935;2026-03-16;2026-06-14;Vigente;0
746;936;2025-09-07;2025-12-06;Expirada;0
747;937;2026-06-13;2026-09-11;Expirada;0
748;938;2026-01-13;2026-04-13;Expirada;0
749;939;2025-12-11;2026-03-11;Acionada;0
750;940;2025-07-24;2025-10-22;Vigente;0
751;942;2025-11-30;2026-02-28;Expirada;0
752;943;2025-10-14;2026-01-12;Vigente;0
753;944;2026-02-21;2026-05-22;Vigente;0
754;945;2025-10-26;2026-01-24;Acionada;0
755;946;2026-04-07;2026-07-06;Vigente;1
756;947;2026-04-16;2026-07-15;Vigente;0
757;948;2026-06-11;2026-09-09;Vigente;0
758;949;2026-06-10;2026-09-08;Vigente;1
759;950;2025-08-13;2025-11-11;Expirada;0
760;951;2026-04-06;2026-07-05;Vigente;1
761;953;2026-03-13;2026-06-11;Acionada;0
762;954;2026-05-04;2026-08-02;Acionada;0
763;955;2025-12-10;2026-03-10;Vigente;0
764;957;2025-12-03;2026-03-03;Vigente;0
765;958;2026-04-25;2026-07-24;Acionada;0
766;959;2025-08-09;2025-11-07;Expirada;0
767;961;2025-11-29;2026-02-27;Vigente;0
768;962;2026-04-16;2026-07-15;Vigente;0
769;963;2025-10-26;2026-01-24;Expirada;1
770;964;2025-08-22;2025-11-20;Acionada;1
771;965;2026-04-28;2026-07-27;Vigente;0
772;966;2026-06-06;2026-09-04;Expirada;0
773;967;2025-12-20;2026-03-20;Acionada;0
774;968;2025-09-09;2025-12-08;Expirada;0
775;971;2025-08-30;2025-11-28;Expirada;0
776;972;2025-11-21;2026-02-19;Vigente;0
777;973;2026-02-23;2026-05-24;Vigente;0
778;974;2025-12-24;2026-03-24;Acionada;0
779;975;2026-06-14;2026-09-12;Expirada;0
780;976;2025-10-05;2026-01-03;Expirada;0
781;978;2026-01-24;2026-04-24;Acionada;1
782;980;2026-02-15;2026-05-16;Expirada;0
783;982;2026-03-06;2026-06-04;Expirada;0
784;983;2025-08-04;2025-11-02;Acionada;0
785;984;2025-10-16;2026-01-14;Expirada;0
786;985;2026-03-09;2026-06-07;Vigente;0
787;986;2026-06-25;2026-09-23;Acionada;0
788;987;2025-11-23;2026-02-21;Acionada;0
789;988;2026-06-28;2026-09-26;Vigente;0
790;989;2025-07-13;2025-10-11;Vigente;0
791;990;2025-12-21;2026-03-21;Acionada;0
792;992;2026-04-01;2026-06-30;Expirada;1
793;993;2025-07-03;2025-10-01;Vigente;0
794;994;2026-02-28;2026-05-29;Acionada;0
795;995;2026-05-04;2026-08-02;Expirada;0
796;996;2025-12-31;2026-03-31;Acionada;0
797;998;2025-07-17;2025-10-15;Vigente;0
798;1001;2026-05-22;2026-08-20;Acionada;0
799;1002;2025-10-05;2026-01-03;Vigente;0
800;1003;2025-09-25;2025-12-24;Acionada;0
801;1004;2025-11-15;2026-02-13;Expirada;0
802;1006;2026-01-05;2026-04-05;Vigente;0
803;1007;2026-02-24;2026-05-25;Acionada;0
804;1009;2025-09-15;2025-12-14;Vigente;0
805;1011;2026-04-26;2026-07-25;Vigente;0
806;1012;2025-09-16;2025-12-15;Expirada;0
807;1013;2025-10-30;2026-01-28;Vigente;0
808;1015;2025-07-28;2025-10-26;Acionada;0
809;1016;2025-11-26;2026-02-24;Acionada;0
810;1018;2025-07-23;2025-10-21;Vigente;0
811;1019;2026-04-27;2026-07-26;Acionada;0
812;1020;2025-11-11;2026-02-09;Expirada;0
813;1022;2025-10-28;2026-01-26;Vigente;0
814;1023;2025-08-15;2025-11-13;Vigente;0
815;1024;2026-06-16;2026-09-14;Expirada;0
816;1026;2026-03-18;2026-06-16;Vigente;0
817;1027;2026-03-15;2026-06-13;Acionada;0
818;1028;2026-01-12;2026-04-12;Expirada;0
819;1029;2026-06-22;2026-09-20;Expirada;0
820;1030;2026-04-17;2026-07-16;Expirada;0
821;1031;2026-03-18;2026-06-16;Vigente;0
822;1034;2026-06-09;2026-09-07;Acionada;1
823;1035;2026-06-05;2026-09-03;Acionada;0
824;1036;2026-05-25;2026-08-23;Vigente;0
825;1037;2026-01-10;2026-04-10;Vigente;0
826;1038;2025-10-20;2026-01-18;Acionada;0
827;1039;2026-06-22;2026-09-20;Vigente;0
828;1040;2025-08-01;2025-10-30;Vigente;0
829;1042;2026-03-31;2026-06-29;Acionada;1
830;1043;2025-10-10;2026-01-08;Acionada;0
831;1045;2026-06-05;2026-09-03;Expirada;0
832;1046;2026-03-29;2026-06-27;Vigente;0
833;1047;2025-07-13;2025-10-11;Expirada;0
834;1048;2026-03-30;2026-06-28;Expirada;0
835;1049;2026-01-10;2026-04-10;Expirada;0
836;1052;2026-06-08;2026-09-06;Expirada;0
837;1053;2025-10-02;2025-12-31;Expirada;0
838;1055;2025-08-29;2025-11-27;Vigente;0
839;1057;2026-02-02;2026-05-03;Vigente;0
840;1058;2026-03-25;2026-06-23;Expirada;0
841;1059;2026-06-09;2026-09-07;Acionada;0
842;1060;2025-09-15;2025-12-14;Acionada;0
843;1061;2026-04-04;2026-07-03;Vigente;0
844;1062;2026-03-26;2026-06-24;Acionada;0
845;1063;2025-11-10;2026-02-08;Vigente;0
846;1065;2026-04-08;2026-07-07;Expirada;0
847;1066;2026-06-24;2026-09-22;Acionada;0
848;1067;2026-03-12;2026-06-10;Acionada;0
849;1068;2025-11-16;2026-02-14;Acionada;0
850;1069;2026-03-03;2026-06-01;Expirada;0
851;1070;2025-08-14;2025-11-12;Expirada;0
852;1072;2025-10-31;2026-01-29;Vigente;1
853;1073;2026-03-11;2026-06-09;Expirada;0
854;1075;2025-10-05;2026-01-03;Expirada;0
855;1076;2025-08-12;2025-11-10;Acionada;0
856;1077;2025-07-18;2025-10-16;Vigente;0
857;1078;2026-03-09;2026-06-07;Expirada;0
858;1079;2025-10-04;2026-01-02;Vigente;0
859;1081;2025-12-08;2026-03-08;Acionada;0
860;1082;2025-08-14;2025-11-12;Acionada;0
861;1083;2026-06-15;2026-09-13;Expirada;0
862;1084;2026-03-16;2026-06-14;Vigente;0
863;1085;2025-08-01;2025-10-30;Vigente;0
864;1086;2026-03-03;2026-06-01;Vigente;0
865;1087;2025-12-21;2026-03-21;Vigente;0
866;1088;2026-05-22;2026-08-20;Vigente;0
867;1089;2025-07-15;2025-10-13;Expirada;0
868;1090;2025-07-21;2025-10-19;Vigente;0
869;1091;2025-08-15;2025-11-13;Vigente;0
870;1092;2025-11-07;2026-02-05;Expirada;0
871;1093;2025-09-06;2025-12-05;Expirada;0
872;1094;2026-04-04;2026-07-03;Expirada;0
873;1095;2026-05-31;2026-08-29;Acionada;0
874;1096;2026-04-13;2026-07-12;Expirada;0
875;1097;2025-10-04;2026-01-02;Acionada;0
876;1099;2025-09-11;2025-12-10;Vigente;0
877;1100;2025-11-30;2026-02-28;Expirada;1
878;1101;2026-06-18;2026-09-16;Vigente;0
879;1103;2026-07-05;2026-10-03;Acionada;1
880;1104;2025-08-07;2025-11-05;Vigente;0
881;1105;2025-12-31;2026-03-31;Vigente;0
882;1106;2025-08-15;2025-11-13;Vigente;0
883;1107;2025-10-05;2026-01-03;Expirada;0
884;1108;2025-11-06;2026-02-04;Vigente;0
885;1109;2025-08-11;2025-11-09;Vigente;0
886;1110;2025-10-14;2026-01-12;Expirada;0
887;1111;2025-10-25;2026-01-23;Acionada;0
888;1114;2026-06-01;2026-08-30;Vigente;0
889;1115;2026-06-25;2026-09-23;Acionada;1
890;1116;2026-03-19;2026-06-17;Expirada;0
891;1117;2025-10-26;2026-01-24;Acionada;0
892;1118;2025-10-07;2026-01-05;Vigente;0
893;1119;2026-05-03;2026-08-01;Acionada;0
894;1120;2026-01-17;2026-04-17;Expirada;0
895;1121;2025-09-10;2025-12-09;Acionada;0
896;1123;2025-07-09;2025-10-07;Expirada;0
897;1124;2026-05-25;2026-08-23;Acionada;0
898;1125;2025-12-27;2026-03-27;Vigente;0
899;1126;2025-10-02;2025-12-31;Vigente;0
900;1127;2026-05-25;2026-08-23;Acionada;0
901;1128;2025-11-05;2026-02-03;Vigente;0
902;1129;2025-10-26;2026-01-24;Expirada;0
903;1130;2026-02-25;2026-05-26;Acionada;0
904;1131;2025-11-15;2026-02-13;Expirada;0
905;1132;2026-06-09;2026-09-07;Vigente;0
906;1133;2025-07-21;2025-10-19;Expirada;0
907;1134;2026-03-07;2026-06-05;Expirada;0
908;1135;2026-06-02;2026-08-31;Vigente;0
909;1138;2026-03-29;2026-06-27;Vigente;0
910;1140;2026-02-27;2026-05-28;Expirada;0
911;1141;2026-06-20;2026-09-18;Vigente;0
912;1142;2026-01-03;2026-04-03;Vigente;0
913;1143;2025-12-30;2026-03-30;Acionada;0
914;1144;2026-02-13;2026-05-14;Acionada;0
915;1146;2026-05-13;2026-08-11;Expirada;0
916;1147;2025-09-06;2025-12-05;Expirada;0
917;1148;2025-07-20;2025-10-18;Vigente;0
918;1149;2026-06-29;2026-09-27;Vigente;0
919;1151;2026-04-10;2026-07-09;Expirada;1
920;1152;2026-01-13;2026-04-13;Vigente;0
921;1153;2026-01-21;2026-04-21;Vigente;0
922;1154;2026-01-08;2026-04-08;Expirada;0
923;1155;2026-02-24;2026-05-25;Acionada;0
924;1157;2026-05-17;2026-08-15;Acionada;0
925;1158;2025-10-29;2026-01-27;Acionada;0
926;1159;2025-11-11;2026-02-09;Vigente;0
927;1160;2026-05-16;2026-08-14;Vigente;0
928;1161;2025-10-07;2026-01-05;Vigente;0
929;1164;2026-04-17;2026-07-16;Expirada;0
930;1165;2025-10-09;2026-01-07;Acionada;0
931;1166;2025-12-19;2026-03-19;Vigente;0
932;1167;2025-10-12;2026-01-10;Expirada;0
933;1168;2026-03-14;2026-06-12;Vigente;0
934;1173;2026-02-14;2026-05-15;Expirada;0
935;1174;2026-04-12;2026-07-11;Expirada;0
936;1175;2026-04-21;2026-07-20;Acionada;0
937;1176;2025-12-25;2026-03-25;Vigente;0
938;1177;2025-09-09;2025-12-08;Expirada;0
939;1179;2026-06-30;2026-09-28;Acionada;0
940;1181;2025-10-12;2026-01-10;Expirada;0
941;1183;2026-01-09;2026-04-09;Acionada;0
942;1184;2026-07-03;2026-10-01;Expirada;0
943;1185;2025-08-14;2025-11-12;Expirada;0
944;1186;2026-02-13;2026-05-14;Acionada;0
945;1187;2025-11-03;2026-02-01;Vigente;0
946;1188;2026-01-24;2026-04-24;Acionada;0
947;1190;2025-12-08;2026-03-08;Expirada;0
948;1191;2025-12-20;2026-03-20;Vigente;0
949;1192;2026-05-06;2026-08-04;Acionada;0
950;1193;2026-01-09;2026-04-09;Expirada;0
951;1194;2026-03-31;2026-06-29;Expirada;0
952;1196;2025-07-24;2025-10-22;Expirada;0
953;1197;2026-01-08;2026-04-08;Acionada;0
954;1199;2026-06-29;2026-09-27;Expirada;0
955;1200;2026-05-24;2026-08-22;Expirada;0
956;1201;2025-11-27;2026-02-25;Vigente;1
957;1202;2026-04-13;2026-07-12;Vigente;0
958;1204;2025-09-30;2025-12-29;Vigente;0
959;1205;2026-04-15;2026-07-14;Vigente;0
960;1206;2025-12-26;2026-03-26;Acionada;0
961;1207;2026-02-09;2026-05-10;Vigente;0
962;1208;2026-05-03;2026-08-01;Vigente;0
963;1209;2026-06-09;2026-09-07;Expirada;0
964;1210;2026-04-06;2026-07-05;Vigente;0
965;1211;2025-11-14;2026-02-12;Expirada;0
966;1212;2025-10-18;2026-01-16;Expirada;0
967;1214;2026-03-09;2026-06-07;Expirada;0
968;1215;2025-09-25;2025-12-24;Acionada;0
969;1216;2026-01-29;2026-04-29;Expirada;0
970;1217;2025-11-18;2026-02-16;Vigente;0
971;1218;2026-01-07;2026-04-07;Vigente;0
972;1219;2025-09-22;2025-12-21;Expirada;0
973;1220;2026-01-07;2026-04-07;Acionada;0
974;1221;2025-08-13;2025-11-11;Expirada;0
975;1222;2025-08-27;2025-11-25;Vigente;0
976;1223;2026-06-24;2026-09-22;Vigente;0
977;1224;2025-10-28;2026-01-26;Acionada;0
978;1225;2025-07-30;2025-10-28;Expirada;0
979;1226;2025-10-12;2026-01-10;Vigente;0
980;1227;2026-04-10;2026-07-09;Acionada;0
981;1228;2025-08-12;2025-11-10;Expirada;0
982;1229;2025-12-17;2026-03-17;Acionada;0
983;1230;2025-07-30;2025-10-28;Acionada;0
984;1231;2026-05-03;2026-08-01;Expirada;0
985;1232;2025-11-14;2026-02-12;Vigente;0
986;1233;2026-04-03;2026-07-02;Acionada;0
987;1234;2025-12-05;2026-03-05;Expirada;0
988;1235;2026-03-21;2026-06-19;Expirada;0
989;1236;2025-12-16;2026-03-16;Vigente;1
990;1237;2026-04-02;2026-07-01;Acionada;1
991;1238;2026-05-13;2026-08-11;Expirada;0
992;1239;2026-02-01;2026-05-02;Expirada;0
993;1241;2025-11-28;2026-02-26;Acionada;0
994;1242;2026-07-02;2026-09-30;Expirada;0
995;1243;2026-01-15;2026-04-15;Acionada;0
996;1244;2025-09-30;2025-12-29;Vigente;0
997;1245;2026-03-20;2026-06-18;Acionada;0
998;1246;2026-02-19;2026-05-20;Acionada;0
999;1247;2026-01-10;2026-04-10;Expirada;0
1000;1249;2025-08-12;2025-11-10;Expirada;0
1001;1250;2025-10-21;2026-01-19;Acionada;0
1002;1252;2025-08-16;2025-11-14;Vigente;0
1003;1254;2025-12-08;2026-03-08;Vigente;0
1004;1257;2026-01-27;2026-04-27;Vigente;0
1005;1258;2026-04-19;2026-07-18;Expirada;0
1006;1259;2025-11-26;2026-02-24;Acionada;0
1007;1260;2025-12-05;2026-03-05;Acionada;0
1008;1261;2026-01-14;2026-04-14;Expirada;0
1009;1262;2026-04-26;2026-07-25;Acionada;0
1010;1266;2026-05-19;2026-08-17;Vigente;0
1011;1267;2025-08-08;2025-11-06;Expirada;0
1012;1268;2025-12-02;2026-03-02;Acionada;0
1013;1269;2026-02-14;2026-05-15;Expirada;0
1014;1271;2026-03-14;2026-06-12;Expirada;0
1015;1272;2025-10-10;2026-01-08;Expirada;0
1016;1273;2026-02-05;2026-05-06;Vigente;0
1017;1275;2025-09-03;2025-12-02;Vigente;0
1018;1276;2025-12-12;2026-03-12;Expirada;0
1019;1277;2025-12-26;2026-03-26;Expirada;0
1020;1278;2026-05-08;2026-08-06;Acionada;0
1021;1280;2025-11-14;2026-02-12;Vigente;0
1022;1281;2026-06-22;2026-09-20;Expirada;0
1023;1282;2025-09-08;2025-12-07;Acionada;0
1024;1283;2025-07-20;2025-10-18;Expirada;1
1025;1284;2025-07-18;2025-10-16;Acionada;0
1026;1285;2026-01-31;2026-05-01;Expirada;0
1027;1286;2026-02-17;2026-05-18;Vigente;1
1028;1287;2025-07-15;2025-10-13;Expirada;0
1029;1288;2026-03-31;2026-06-29;Acionada;0
1030;1289;2025-12-23;2026-03-23;Vigente;0
1031;1290;2026-03-28;2026-06-26;Vigente;0
1032;1291;2026-02-08;2026-05-09;Acionada;0
1033;1292;2026-07-06;2026-10-04;Expirada;0
1034;1293;2025-07-08;2025-10-06;Vigente;0
1035;1294;2026-02-16;2026-05-17;Expirada;0
1036;1295;2025-10-24;2026-01-22;Vigente;0
1037;1296;2026-01-11;2026-04-11;Expirada;0
1038;1297;2026-05-07;2026-08-05;Acionada;0
1039;1298;2025-12-25;2026-03-25;Expirada;0
1040;1299;2026-01-02;2026-04-02;Acionada;0
1041;1300;2026-05-07;2026-08-05;Expirada;0
1042;1301;2026-05-11;2026-08-09;Acionada;0
1043;1302;2026-02-08;2026-05-09;Vigente;0
1044;1303;2026-04-16;2026-07-15;Expirada;0
1045;1304;2026-06-15;2026-09-13;Acionada;0
1046;1306;2026-03-02;2026-05-31;Expirada;0
1047;1307;2025-08-18;2025-11-16;Expirada;0
1048;1308;2026-01-08;2026-04-08;Expirada;0
1049;1310;2025-07-28;2025-10-26;Vigente;0
1050;1311;2025-12-11;2026-03-11;Vigente;0
1051;1312;2026-06-05;2026-09-03;Vigente;0
1052;1313;2026-06-09;2026-09-07;Vigente;0
1053;1314;2025-09-03;2025-12-02;Expirada;0
1054;1315;2026-03-19;2026-06-17;Expirada;0
1055;1316;2025-12-05;2026-03-05;Acionada;0
1056;1318;2026-03-27;2026-06-25;Expirada;0
1057;1319;2026-02-27;2026-05-28;Acionada;0
1058;1320;2026-05-10;2026-08-08;Vigente;0
1059;1321;2026-05-21;2026-08-19;Vigente;0
1060;1322;2025-12-03;2026-03-03;Acionada;0
1061;1323;2026-02-03;2026-05-04;Expirada;0
1062;1324;2025-11-08;2026-02-06;Acionada;1
1063;1325;2026-06-27;2026-09-25;Vigente;1
1064;1326;2025-09-29;2025-12-28;Acionada;0
1065;1327;2025-07-22;2025-10-20;Expirada;0
1066;1328;2026-03-26;2026-06-24;Acionada;0
1067;1329;2026-03-31;2026-06-29;Expirada;0
1068;1330;2026-06-03;2026-09-01;Expirada;0
1069;1331;2025-08-12;2025-11-10;Vigente;0
1070;1332;2025-12-26;2026-03-26;Vigente;0
1071;1333;2026-03-18;2026-06-16;Expirada;0
1072;1334;2025-08-12;2025-11-10;Acionada;0
1073;1335;2025-11-05;2026-02-03;Acionada;0
1074;1337;2025-12-15;2026-03-15;Acionada;0
1075;1338;2026-02-01;2026-05-02;Vigente;0
1076;1340;2025-07-16;2025-10-14;Expirada;0
1077;1341;2025-10-26;2026-01-24;Vigente;0
1078;1342;2026-04-07;2026-07-06;Acionada;0
1079;1343;2026-06-18;2026-09-16;Expirada;0
1080;1344;2026-04-16;2026-07-15;Expirada;1
1081;1346;2026-05-03;2026-08-01;Expirada;0
1082;1347;2025-09-11;2025-12-10;Vigente;0
1083;1348;2026-06-22;2026-09-20;Vigente;0
1084;1349;2025-09-05;2025-12-04;Expirada;0
1085;1350;2026-01-01;2026-04-01;Acionada;0
1086;1351;2026-03-15;2026-06-13;Vigente;0
1087;1353;2026-06-25;2026-09-23;Acionada;0
1088;1354;2026-07-11;2026-10-09;Vigente;0
1089;1357;2025-09-18;2025-12-17;Vigente;0
1090;1359;2026-06-04;2026-09-02;Vigente;0
1091;1360;2025-07-18;2025-10-16;Expirada;0
1092;1361;2026-05-19;2026-08-17;Expirada;0
1093;1362;2025-11-13;2026-02-11;Acionada;1
1094;1363;2026-06-16;2026-09-14;Expirada;0
1095;1364;2026-02-07;2026-05-08;Vigente;0
1096;1365;2026-05-10;2026-08-08;Acionada;1
1097;1366;2025-09-02;2025-12-01;Expirada;1
1098;1368;2025-12-07;2026-03-07;Vigente;0
1099;1369;2026-06-23;2026-09-21;Acionada;0
1100;1371;2025-08-03;2025-11-01;Acionada;0
1101;1372;2025-10-17;2026-01-15;Vigente;0
1102;1373;2025-12-05;2026-03-05;Acionada;0
1103;1374;2025-09-14;2025-12-13;Expirada;0
1104;1375;2026-05-17;2026-08-15;Expirada;0
1105;1376;2026-05-20;2026-08-18;Vigente;0
1106;1377;2026-07-02;2026-09-30;Acionada;0
1107;1378;2026-05-23;2026-08-21;Vigente;0
1108;1379;2026-02-25;2026-05-26;Acionada;0
1109;1380;2025-08-03;2025-11-01;Acionada;0
1110;1381;2025-11-25;2026-02-23;Vigente;0
1111;1382;2026-06-19;2026-09-17;Acionada;0
1112;1383;2026-04-08;2026-07-07;Expirada;0
1113;1384;2025-09-29;2025-12-28;Vigente;0
1114;1385;2026-03-31;2026-06-29;Acionada;0
1115;1386;2025-12-08;2026-03-08;Expirada;1
1116;1389;2026-03-24;2026-06-22;Vigente;0
1117;1390;2026-03-19;2026-06-17;Expirada;0
1118;1392;2025-07-25;2025-10-23;Acionada;0
1119;1395;2025-07-29;2025-10-27;Vigente;1
1120;1396;2025-10-26;2026-01-24;Vigente;1
1121;1398;2026-06-26;2026-09-24;Vigente;0
1122;1399;2026-02-27;2026-05-28;Vigente;0
1123;1400;2026-06-14;2026-09-12;Vigente;0
1124;1401;2025-09-01;2025-11-30;Acionada;0
1125;1402;2026-05-26;2026-08-24;Acionada;0
1126;1404;2025-12-26;2026-03-26;Expirada;0
1127;1405;2026-01-06;2026-04-06;Vigente;0
1128;1406;2026-05-31;2026-08-29;Expirada;0
1129;1408;2026-05-25;2026-08-23;Expirada;0
1130;1409;2025-07-26;2025-10-24;Expirada;0
1131;1410;2025-10-13;2026-01-11;Acionada;0
1132;1412;2026-02-03;2026-05-04;Expirada;0
1133;1413;2025-09-20;2025-12-19;Acionada;1
1134;1414;2025-09-21;2025-12-20;Acionada;0
1135;1415;2026-05-12;2026-08-10;Acionada;0
1136;1416;2026-04-27;2026-07-26;Acionada;0
1137;1417;2026-01-27;2026-04-27;Vigente;0
1138;1418;2026-06-14;2026-09-12;Vigente;0
1139;1419;2026-05-30;2026-08-28;Acionada;0
1140;1420;2025-07-10;2025-10-08;Vigente;0
1141;1422;2025-09-18;2025-12-17;Vigente;0
1142;1424;2026-06-02;2026-08-31;Vigente;0
1143;1425;2026-05-06;2026-08-04;Expirada;0
1144;1426;2025-09-27;2025-12-26;Expirada;0
1145;1427;2025-11-04;2026-02-02;Acionada;0
1146;1429;2025-09-06;2025-12-05;Expirada;0
1147;1430;2025-09-21;2025-12-20;Expirada;1
1148;1431;2025-09-09;2025-12-08;Acionada;0
1149;1433;2025-12-30;2026-03-30;Expirada;0
1150;1434;2026-02-26;2026-05-27;Expirada;0
1151;1435;2026-06-11;2026-09-09;Expirada;0
1152;1436;2026-02-23;2026-05-24;Vigente;0
1153;1437;2025-12-28;2026-03-28;Acionada;0
1154;1439;2025-08-13;2025-11-11;Vigente;0
1155;1440;2025-10-30;2026-01-28;Vigente;0
1156;1441;2025-11-30;2026-02-28;Acionada;0
1157;1442;2026-06-24;2026-09-22;Vigente;0
1158;1443;2026-05-06;2026-08-04;Vigente;0
1159;1445;2025-11-01;2026-01-30;Vigente;0
1160;1446;2026-01-24;2026-04-24;Vigente;1
1161;1447;2025-09-12;2025-12-11;Vigente;0
1162;1448;2025-12-21;2026-03-21;Expirada;0
1163;1449;2026-05-23;2026-08-21;Vigente;0
1164;1450;2025-09-18;2025-12-17;Acionada;0
1165;1451;2026-01-01;2026-04-01;Expirada;0
1166;1453;2026-01-11;2026-04-11;Acionada;0
1167;1454;2026-01-21;2026-04-21;Acionada;0
1168;1455;2025-12-05;2026-03-05;Vigente;0
1169;1456;2025-10-13;2026-01-11;Vigente;0
1170;1458;2025-09-18;2025-12-17;Vigente;0
1171;1459;2026-03-23;2026-06-21;Vigente;0
1172;1461;2025-12-31;2026-03-31;Expirada;0
1173;1465;2025-11-20;2026-02-18;Acionada;1
1174;1466;2025-10-30;2026-01-28;Acionada;0
1175;1467;2026-03-28;2026-06-26;Acionada;0
1176;1468;2026-05-08;2026-08-06;Vigente;0
1177;1469;2026-06-18;2026-09-16;Expirada;0
1178;1470;2026-06-16;2026-09-14;Expirada;0
1179;1471;2026-03-27;2026-06-25;Vigente;0
1180;1472;2025-10-11;2026-01-09;Expirada;0
1181;1473;2026-01-21;2026-04-21;Expirada;0
1182;1474;2025-12-01;2026-03-01;Acionada;0
1183;1475;2026-01-07;2026-04-07;Expirada;0
1184;1476;2026-04-01;2026-06-30;Vigente;0
1185;1478;2026-04-05;2026-07-04;Expirada;0
1186;1479;2026-04-21;2026-07-20;Expirada;0
1187;1480;2026-05-21;2026-08-19;Expirada;0
1188;1482;2026-02-15;2026-05-16;Expirada;0
1189;1483;2026-03-21;2026-06-19;Acionada;0
1190;1484;2025-12-16;2026-03-16;Vigente;0
1191;1485;2026-03-19;2026-06-17;Vigente;0
1192;1486;2025-08-18;2025-11-16;Vigente;0
1193;1487;2025-08-01;2025-10-30;Vigente;0
1194;1488;2025-11-02;2026-01-31;Acionada;0
1195;1489;2026-03-18;2026-06-16;Vigente;0
1196;1490;2025-10-15;2026-01-13;Vigente;1
1197;1491;2026-06-15;2026-09-13;Acionada;0
1198;1492;2025-10-15;2026-01-13;Vigente;0
1199;1493;2026-05-01;2026-07-30;Expirada;0
1200;1494;2026-02-04;2026-05-05;Expirada;0
1201;1495;2026-07-02;2026-09-30;Vigente;0
1202;1496;2025-12-04;2026-03-04;Acionada;0
1203;1497;2025-10-18;2026-01-16;Vigente;0
1204;1498;2025-10-14;2026-01-12;Vigente;0
1205;1499;2025-09-12;2025-12-11;Expirada;0
1206;1500;2026-05-29;2026-08-27;Acionada;0
1207;1504;2025-08-30;2025-11-28;Acionada;0
1208;1505;2025-10-12;2026-01-10;Expirada;0
1209;1506;2026-04-16;2026-07-15;Vigente;0
1210;1507;2026-01-08;2026-04-08;Expirada;0
1211;1508;2026-06-20;2026-09-18;Acionada;0
1212;1509;2026-04-22;2026-07-21;Vigente;0
1213;1510;2025-11-18;2026-02-16;Expirada;1
1214;1511;2026-01-14;2026-04-14;Acionada;0
1215;1512;2026-03-29;2026-06-27;Vigente;0
1216;1514;2026-03-04;2026-06-02;Acionada;0
1217;1515;2026-03-14;2026-06-12;Vigente;0
1218;1516;2026-01-14;2026-04-14;Vigente;0
1219;1517;2025-09-29;2025-12-28;Vigente;0
1220;1518;2025-08-03;2025-11-01;Expirada;1
1221;1519;2025-11-17;2026-02-15;Acionada;0
1222;1520;2026-05-27;2026-08-25;Acionada;0
1223;1521;2025-08-10;2025-11-08;Vigente;0
1224;1522;2025-08-18;2025-11-16;Acionada;0
1225;1523;2026-05-20;2026-08-18;Acionada;0
1226;1525;2025-10-08;2026-01-06;Expirada;0
1227;1526;2025-09-13;2025-12-12;Expirada;0
1228;1527;2025-10-16;2026-01-14;Expirada;0
1229;1528;2026-01-25;2026-04-25;Acionada;0
1230;1530;2026-06-23;2026-09-21;Expirada;1
1231;1531;2026-05-15;2026-08-13;Vigente;0
1232;1532;2025-09-12;2025-12-11;Expirada;0
1233;1533;2025-12-09;2026-03-09;Acionada;0
1234;1534;2025-10-12;2026-01-10;Expirada;0
1235;1535;2025-12-28;2026-03-28;Vigente;0
1236;1536;2025-07-28;2025-10-26;Acionada;0
1237;1537;2026-03-21;2026-06-19;Vigente;0
1238;1538;2026-04-25;2026-07-24;Vigente;0
1239;1539;2026-05-18;2026-08-16;Acionada;0
1240;1540;2025-07-23;2025-10-21;Vigente;0
1241;1541;2025-10-31;2026-01-29;Acionada;0
1242;1542;2026-02-11;2026-05-12;Acionada;0
1243;1543;2025-07-15;2025-10-13;Expirada;0
1244;1544;2026-06-22;2026-09-20;Expirada;0
1245;1545;2026-04-19;2026-07-18;Vigente;0
1246;1546;2025-10-12;2026-01-10;Vigente;0
1247;1547;2026-05-26;2026-08-24;Acionada;0
1248;1549;2025-08-22;2025-11-20;Expirada;0
1249;1550;2025-08-20;2025-11-18;Expirada;0
1250;1551;2025-08-30;2025-11-28;Acionada;0
1251;1552;2025-11-01;2026-01-30;Acionada;0
1252;1553;2026-03-30;2026-06-28;Acionada;0
1253;1554;2026-05-31;2026-08-29;Vigente;0
1254;1555;2025-07-19;2025-10-17;Expirada;0
1255;1556;2026-02-21;2026-05-22;Vigente;0
1256;1558;2025-09-17;2025-12-16;Vigente;1
1257;1559;2025-09-19;2025-12-18;Vigente;0
1258;1560;2026-05-24;2026-08-22;Expirada;0
1259;1561;2025-09-20;2025-12-19;Expirada;0
1260;1562;2026-02-26;2026-05-27;Vigente;0
1261;1564;2026-06-18;2026-09-16;Acionada;0
1262;1565;2026-04-30;2026-07-29;Acionada;0
1263;1566;2026-05-15;2026-08-13;Expirada;1
1264;1567;2026-06-29;2026-09-27;Vigente;0
1265;1568;2026-07-04;2026-10-02;Expirada;0
1266;1569;2025-07-18;2025-10-16;Acionada;0
1267;1570;2026-06-20;2026-09-18;Expirada;0
1268;1571;2026-03-16;2026-06-14;Vigente;0
1269;1572;2025-11-09;2026-02-07;Acionada;0
1270;1573;2026-04-03;2026-07-02;Expirada;0
1271;1574;2025-09-17;2025-12-16;Acionada;0
1272;1575;2026-05-30;2026-08-28;Vigente;0
1273;1576;2026-07-04;2026-10-02;Vigente;0
1274;1577;2026-01-22;2026-04-22;Expirada;0
1275;1579;2025-11-03;2026-02-01;Acionada;0
1276;1580;2026-01-31;2026-05-01;Expirada;0
1277;1581;2026-02-09;2026-05-10;Acionada;0
1278;1582;2025-10-26;2026-01-24;Acionada;0
1279;1583;2025-12-23;2026-03-23;Vigente;0
1280;1584;2026-01-05;2026-04-05;Acionada;0
1281;1585;2025-09-15;2025-12-14;Vigente;0
1282;1586;2026-01-16;2026-04-16;Vigente;0
1283;1588;2026-02-01;2026-05-02;Acionada;0
1284;1589;2026-07-05;2026-10-03;Acionada;0
1285;1590;2026-05-13;2026-08-11;Acionada;0
1286;1591;2026-06-22;2026-09-20;Vigente;0
1287;1592;2026-01-07;2026-04-07;Expirada;0
1288;1593;2026-04-26;2026-07-25;Expirada;0
1289;1595;2025-12-15;2026-03-15;Vigente;0
1290;1596;2026-02-27;2026-05-28;Expirada;0
1291;1597;2025-12-25;2026-03-25;Vigente;0
1292;1600;2025-12-08;2026-03-08;Acionada;0
1293;1601;2025-07-09;2025-10-07;Expirada;0
1294;1602;2025-09-17;2025-12-16;Expirada;0
1295;1603;2026-05-18;2026-08-16;Acionada;0
1296;1605;2025-11-21;2026-02-19;Acionada;0
1297;1606;2025-09-10;2025-12-09;Vigente;0
1298;1607;2026-04-03;2026-07-02;Vigente;0
1299;1609;2026-06-08;2026-09-06;Expirada;0
1300;1610;2025-11-15;2026-02-13;Vigente;0
1301;1611;2026-05-03;2026-08-01;Acionada;0
1302;1612;2026-05-11;2026-08-09;Vigente;0
1303;1613;2025-07-06;2025-10-04;Vigente;0
1304;1615;2026-02-26;2026-05-27;Acionada;0
1305;1616;2025-12-04;2026-03-04;Acionada;0
1306;1617;2026-03-09;2026-06-07;Acionada;1
1307;1618;2026-02-08;2026-05-09;Acionada;0
1308;1619;2026-03-20;2026-06-18;Acionada;0
1309;1620;2026-06-08;2026-09-06;Vigente;0
1310;1621;2026-05-10;2026-08-08;Expirada;0
1311;1622;2025-11-26;2026-02-24;Acionada;0
1312;1623;2026-01-16;2026-04-16;Acionada;0
1313;1624;2026-05-30;2026-08-28;Vigente;1
1314;1625;2025-12-08;2026-03-08;Vigente;0
1315;1626;2026-03-05;2026-06-03;Vigente;0
1316;1627;2025-12-26;2026-03-26;Acionada;0
1317;1628;2025-12-25;2026-03-25;Acionada;1
1318;1629;2026-02-14;2026-05-15;Expirada;0
1319;1630;2026-02-12;2026-05-13;Acionada;0
1320;1632;2026-02-09;2026-05-10;Expirada;0
1321;1633;2026-05-23;2026-08-21;Expirada;0
1322;1635;2025-08-17;2025-11-15;Expirada;0
1323;1636;2026-04-02;2026-07-01;Vigente;0
1324;1637;2025-11-24;2026-02-22;Vigente;0
1325;1638;2025-12-12;2026-03-12;Acionada;0
1326;1639;2025-07-11;2025-10-09;Acionada;0
1327;1640;2026-05-27;2026-08-25;Acionada;0
1328;1641;2026-02-14;2026-05-15;Expirada;0
1329;1642;2025-11-04;2026-02-02;Vigente;0
1330;1643;2025-07-18;2025-10-16;Acionada;0
1331;1644;2026-07-13;2026-10-11;Expirada;0
1332;1645;2025-10-25;2026-01-23;Acionada;0
1333;1646;2026-05-31;2026-08-29;Acionada;0
1334;1647;2025-12-04;2026-03-04;Vigente;0
1335;1648;2026-05-10;2026-08-08;Acionada;0
1336;1649;2026-01-24;2026-04-24;Vigente;1
1337;1650;2025-07-06;2025-10-04;Expirada;0
1338;1651;2025-12-25;2026-03-25;Expirada;0
1339;1652;2025-11-16;2026-02-14;Vigente;0
1340;1654;2025-11-01;2026-01-30;Expirada;0
1341;1655;2026-04-22;2026-07-21;Expirada;0
1342;1657;2025-09-06;2025-12-05;Vigente;0
1343;1658;2026-04-26;2026-07-25;Vigente;0
1344;1659;2025-10-03;2026-01-01;Expirada;0
1345;1660;2026-01-02;2026-04-02;Expirada;0
1346;1661;2026-06-16;2026-09-14;Acionada;0
1347;1662;2026-06-14;2026-09-12;Vigente;0
1348;1663;2025-07-23;2025-10-21;Acionada;0
1349;1664;2025-08-25;2025-11-23;Vigente;0
1350;1665;2026-06-17;2026-09-15;Vigente;0
1351;1666;2026-01-26;2026-04-26;Acionada;0
1352;1668;2025-10-28;2026-01-26;Acionada;0
1353;1669;2025-11-22;2026-02-20;Acionada;0
1354;1671;2025-08-12;2025-11-10;Acionada;0
1355;1672;2025-08-01;2025-10-30;Expirada;0
1356;1673;2026-02-05;2026-05-06;Vigente;0
1357;1674;2026-05-13;2026-08-11;Expirada;0
1358;1675;2025-07-09;2025-10-07;Expirada;0
1359;1677;2025-07-20;2025-10-18;Expirada;0
1360;1678;2025-09-14;2025-12-13;Expirada;0
1361;1679;2026-05-03;2026-08-01;Expirada;0
1362;1681;2026-01-11;2026-04-11;Acionada;0
1363;1682;2026-02-26;2026-05-27;Vigente;0
1364;1683;2025-09-11;2025-12-10;Expirada;0
1365;1684;2025-07-29;2025-10-27;Expirada;0
1366;1685;2026-05-26;2026-08-24;Acionada;0
1367;1686;2025-11-28;2026-02-26;Expirada;1
1368;1687;2025-09-03;2025-12-02;Vigente;0
1369;1688;2026-04-22;2026-07-21;Vigente;0
1370;1689;2025-08-02;2025-10-31;Acionada;0
1371;1690;2025-12-04;2026-03-04;Expirada;0
1372;1691;2025-11-05;2026-02-03;Acionada;1
1373;1693;2026-02-04;2026-05-05;Vigente;0
1374;1694;2025-09-07;2025-12-06;Expirada;0
1375;1695;2025-08-28;2025-11-26;Acionada;0
1376;1696;2025-07-24;2025-10-22;Acionada;0
1377;1699;2025-09-01;2025-11-30;Expirada;0
1378;1700;2026-02-10;2026-05-11;Acionada;0
1379;1701;2025-12-14;2026-03-14;Vigente;0
1380;1702;2025-09-01;2025-11-30;Vigente;0
1381;1704;2026-01-28;2026-04-28;Acionada;0
1382;1705;2026-06-05;2026-09-03;Vigente;0
1383;1707;2025-12-11;2026-03-11;Expirada;0
1384;1708;2025-08-28;2025-11-26;Vigente;0
1385;1709;2026-05-11;2026-08-09;Expirada;0
1386;1710;2025-08-30;2025-11-28;Expirada;0
1387;1711;2025-10-15;2026-01-13;Expirada;0
1388;1712;2026-01-16;2026-04-16;Vigente;0
1389;1713;2026-04-16;2026-07-15;Acionada;0
1390;1714;2026-07-03;2026-10-01;Acionada;1
1391;1715;2025-12-03;2026-03-03;Vigente;1
1392;1716;2026-04-24;2026-07-23;Acionada;0
1393;1717;2026-05-25;2026-08-23;Vigente;0
1394;1718;2026-05-18;2026-08-16;Expirada;0
1395;1719;2025-12-22;2026-03-22;Vigente;0
1396;1720;2025-07-26;2025-10-24;Vigente;0
1397;1721;2026-02-19;2026-05-20;Acionada;1
1398;1722;2025-08-21;2025-11-19;Acionada;1
1399;1723;2026-01-17;2026-04-17;Vigente;0
1400;1724;2025-08-31;2025-11-29;Vigente;0
1401;1726;2026-06-20;2026-09-18;Acionada;0
1402;1727;2026-04-27;2026-07-26;Acionada;0
1403;1728;2025-08-10;2025-11-08;Expirada;0
1404;1729;2025-10-28;2026-01-26;Vigente;0
1405;1730;2025-10-31;2026-01-29;Vigente;0
1406;1731;2026-06-17;2026-09-15;Acionada;0
1407;1732;2025-08-26;2025-11-24;Expirada;0
1408;1733;2025-07-19;2025-10-17;Vigente;0
1409;1734;2026-05-28;2026-08-26;Expirada;0
1410;1735;2026-05-15;2026-08-13;Vigente;0
1411;1736;2026-02-12;2026-05-13;Acionada;0
1412;1737;2026-02-25;2026-05-26;Expirada;0
1413;1738;2026-04-30;2026-07-29;Vigente;0
1414;1739;2025-07-13;2025-10-11;Acionada;0
1415;1740;2025-08-21;2025-11-19;Vigente;0
1416;1741;2026-02-10;2026-05-11;Expirada;0
1417;1742;2025-08-16;2025-11-14;Vigente;0
1418;1743;2026-02-19;2026-05-20;Vigente;0
1419;1744;2026-03-04;2026-06-02;Acionada;0
1420;1745;2025-08-04;2025-11-02;Acionada;0
1421;1746;2025-08-21;2025-11-19;Vigente;0
1422;1747;2025-12-03;2026-03-03;Acionada;0
1423;1748;2026-04-04;2026-07-03;Acionada;0
1424;1749;2026-03-22;2026-06-20;Expirada;1
1425;1750;2025-08-24;2025-11-22;Vigente;0
1426;1751;2026-01-11;2026-04-11;Vigente;0
1427;1753;2026-05-10;2026-08-08;Expirada;0
1428;1754;2025-11-29;2026-02-27;Vigente;0
1429;1755;2025-08-19;2025-11-17;Acionada;0
1430;1756;2026-06-06;2026-09-04;Expirada;0
1431;1757;2026-05-16;2026-08-14;Expirada;0
1432;1758;2026-06-29;2026-09-27;Expirada;0
1433;1759;2026-04-20;2026-07-19;Vigente;0
1434;1760;2025-07-22;2025-10-20;Acionada;0
1435;1761;2026-05-23;2026-08-21;Acionada;0
1436;1762;2026-01-13;2026-04-13;Acionada;0
1437;1763;2025-12-28;2026-03-28;Vigente;0
1438;1764;2025-08-20;2025-11-18;Acionada;0
1439;1765;2025-11-29;2026-02-27;Acionada;0
1440;1768;2026-01-18;2026-04-18;Vigente;0
1441;1770;2026-05-23;2026-08-21;Acionada;0
1442;1771;2026-03-25;2026-06-23;Acionada;0
1443;1772;2025-07-07;2025-10-05;Vigente;0
1444;1773;2025-12-12;2026-03-12;Expirada;0
1445;1774;2026-03-12;2026-06-10;Acionada;0
1446;1775;2026-04-24;2026-07-23;Acionada;0
1447;1776;2026-02-16;2026-05-17;Acionada;0
1448;1778;2025-12-27;2026-03-27;Acionada;0
1449;1779;2026-02-02;2026-05-03;Expirada;0
1450;1780;2025-12-29;2026-03-29;Expirada;0
1451;1781;2025-07-28;2025-10-26;Expirada;0
1452;1782;2026-04-06;2026-07-05;Acionada;0
1453;1783;2025-10-02;2025-12-31;Acionada;0
1454;1784;2026-03-12;2026-06-10;Acionada;0
1455;1785;2026-04-16;2026-07-15;Acionada;0
1456;1786;2026-06-19;2026-09-17;Expirada;0
1457;1787;2026-01-01;2026-04-01;Vigente;0
1458;1788;2026-05-01;2026-07-30;Vigente;0
1459;1789;2026-03-19;2026-06-17;Expirada;0
1460;1790;2025-08-31;2025-11-29;Acionada;0
1461;1792;2025-09-21;2025-12-20;Expirada;0
1462;1793;2026-04-17;2026-07-16;Expirada;0
1463;1794;2026-05-23;2026-08-21;Expirada;0
1464;1796;2025-09-25;2025-12-24;Expirada;0
1465;1797;2026-04-11;2026-07-10;Acionada;0
1466;1799;2026-05-24;2026-08-22;Expirada;0
1467;1800;2026-05-25;2026-08-23;Acionada;0
1468;1802;2026-04-04;2026-07-03;Acionada;0
1469;1803;2026-06-21;2026-09-19;Acionada;0
1470;1804;2026-01-04;2026-04-04;Acionada;0
1471;1805;2026-06-30;2026-09-28;Acionada;0
1472;1806;2025-12-04;2026-03-04;Expirada;0
1473;1807;2026-03-07;2026-06-05;Acionada;0
1474;1808;2025-09-23;2025-12-22;Acionada;0
1475;1809;2025-11-08;2026-02-06;Vigente;0
1476;1810;2026-05-13;2026-08-11;Vigente;0
1477;1812;2026-03-11;2026-06-09;Vigente;0
1478;1813;2025-09-02;2025-12-01;Acionada;1
1479;1814;2025-08-23;2025-11-21;Vigente;0
1480;1816;2025-07-15;2025-10-13;Expirada;0
1481;1817;2026-02-04;2026-05-05;Expirada;0
1482;1818;2026-01-13;2026-04-13;Acionada;0
1483;1819;2026-05-05;2026-08-03;Vigente;0
1484;1821;2026-02-06;2026-05-07;Expirada;0
1485;1822;2025-10-10;2026-01-08;Expirada;0
1486;1824;2026-05-08;2026-08-06;Acionada;0
1487;1825;2026-01-07;2026-04-07;Vigente;0
1488;1826;2025-10-12;2026-01-10;Vigente;0
1489;1827;2026-01-07;2026-04-07;Expirada;0
1490;1829;2025-07-27;2025-10-25;Expirada;0
1491;1831;2025-08-27;2025-11-25;Acionada;0
1492;1834;2025-09-12;2025-12-11;Expirada;0
1493;1835;2026-04-04;2026-07-03;Vigente;0
1494;1836;2025-12-14;2026-03-14;Expirada;0
1495;1837;2026-02-20;2026-05-21;Acionada;1
1496;1838;2026-04-09;2026-07-08;Acionada;0
1497;1842;2025-07-26;2025-10-24;Expirada;0
1498;1843;2026-03-08;2026-06-06;Vigente;0
1499;1844;2026-05-26;2026-08-24;Acionada;0
1500;1846;2025-10-20;2026-01-18;Vigente;0
1501;1847;2026-03-27;2026-06-25;Acionada;0
1502;1848;2026-04-08;2026-07-07;Acionada;0
1503;1850;2026-04-23;2026-07-22;Vigente;0
1504;1851;2025-10-08;2026-01-06;Vigente;1
1505;1852;2026-02-25;2026-05-26;Acionada;0
1506;1853;2026-01-22;2026-04-22;Acionada;0
1507;1854;2026-01-25;2026-04-25;Vigente;0
1508;1856;2026-01-26;2026-04-26;Acionada;0
1509;1857;2026-04-19;2026-07-18;Acionada;0
1510;1858;2026-04-27;2026-07-26;Acionada;0
1511;1860;2025-08-25;2025-11-23;Acionada;0
1512;1861;2026-03-07;2026-06-05;Expirada;0
1513;1862;2025-08-06;2025-11-04;Vigente;0
1514;1863;2026-02-07;2026-05-08;Expirada;0
1515;1864;2025-11-05;2026-02-03;Expirada;0
1516;1865;2026-02-28;2026-05-29;Acionada;0
1517;1866;2025-11-05;2026-02-03;Acionada;0
1518;1868;2025-08-23;2025-11-21;Vigente;0
1519;1869;2026-04-14;2026-07-13;Acionada;0
1520;1870;2026-06-04;2026-09-02;Acionada;0
1521;1871;2026-02-05;2026-05-06;Acionada;0
1522;1873;2026-06-29;2026-09-27;Vigente;0
1523;1875;2026-02-15;2026-05-16;Expirada;0
1524;1876;2026-05-17;2026-08-15;Vigente;0
1525;1877;2026-04-30;2026-07-29;Expirada;0
1526;1878;2026-05-23;2026-08-21;Expirada;0
1527;1879;2026-04-28;2026-07-27;Expirada;0
1528;1880;2026-02-19;2026-05-20;Acionada;0
1529;1881;2025-12-21;2026-03-21;Expirada;0
1530;1882;2025-07-15;2025-10-13;Expirada;0
1531;1883;2026-05-11;2026-08-09;Acionada;0
1532;1884;2026-06-22;2026-09-20;Vigente;0
1533;1885;2026-01-17;2026-04-17;Expirada;0
1534;1886;2026-03-27;2026-06-25;Expirada;0
1535;1887;2025-11-30;2026-02-28;Acionada;0
1536;1888;2026-03-16;2026-06-14;Expirada;1
1537;1889;2025-11-21;2026-02-19;Expirada;0
1538;1890;2025-10-21;2026-01-19;Expirada;0
1539;1891;2026-01-24;2026-04-24;Vigente;0
1540;1892;2025-07-16;2025-10-14;Vigente;0
1541;1893;2026-07-03;2026-10-01;Vigente;0
1542;1894;2026-06-27;2026-09-25;Expirada;0
1543;1896;2026-01-12;2026-04-12;Expirada;0
1544;1897;2025-11-14;2026-02-12;Acionada;0
1545;1900;2026-06-10;2026-09-08;Expirada;0
1546;1901;2026-06-02;2026-08-31;Acionada;0
1547;1904;2026-01-26;2026-04-26;Expirada;1
1548;1905;2026-05-10;2026-08-08;Vigente;0
1549;1906;2026-04-21;2026-07-20;Acionada;0
1550;1907;2026-03-18;2026-06-16;Expirada;0
1551;1908;2026-05-18;2026-08-16;Acionada;0
1552;1910;2026-01-04;2026-04-04;Expirada;0
1553;1911;2025-10-01;2025-12-30;Expirada;0
1554;1913;2026-01-17;2026-04-17;Acionada;0
1555;1915;2025-09-05;2025-12-04;Acionada;0
1556;1916;2026-05-02;2026-07-31;Acionada;0
1557;1919;2025-12-07;2026-03-07;Acionada;0
1558;1920;2025-10-21;2026-01-19;Vigente;0
1559;1922;2025-12-30;2026-03-30;Vigente;0
1560;1924;2026-05-09;2026-08-07;Expirada;0
1561;1925;2026-01-29;2026-04-29;Vigente;0
1562;1926;2025-07-11;2025-10-09;Vigente;0
1563;1927;2026-03-11;2026-06-09;Expirada;0
1564;1928;2026-03-29;2026-06-27;Vigente;0
1565;1929;2025-09-08;2025-12-07;Acionada;0
1566;1930;2026-05-03;2026-08-01;Vigente;0
1567;1931;2025-08-07;2025-11-05;Vigente;0
1568;1932;2026-02-12;2026-05-13;Vigente;0
1569;1933;2025-11-09;2026-02-07;Expirada;0
1570;1934;2026-04-27;2026-07-26;Vigente;0
1571;1935;2025-08-02;2025-10-31;Acionada;0
1572;1936;2025-10-13;2026-01-11;Acionada;0
1573;1937;2025-09-04;2025-12-03;Acionada;0
1574;1939;2025-09-06;2025-12-05;Vigente;0
1575;1941;2025-08-28;2025-11-26;Expirada;0
1576;1943;2025-12-14;2026-03-14;Vigente;0
1577;1944;2026-06-25;2026-09-23;Expirada;0
1578;1945;2025-12-06;2026-03-06;Acionada;0
1579;1946;2025-10-20;2026-01-18;Expirada;0
1580;1947;2025-07-12;2025-10-10;Vigente;0
1581;1950;2025-07-24;2025-10-22;Expirada;0
1582;1951;2026-04-22;2026-07-21;Vigente;0
1583;1952;2025-10-26;2026-01-24;Acionada;0
1584;1953;2025-12-13;2026-03-13;Vigente;0
1585;1954;2025-08-25;2025-11-23;Vigente;0
1586;1955;2026-05-31;2026-08-29;Acionada;0
1587;1956;2025-09-08;2025-12-07;Expirada;1
1588;1960;2026-03-24;2026-06-22;Vigente;0
1589;1961;2025-08-04;2025-11-02;Expirada;0
1590;1965;2026-02-03;2026-05-04;Expirada;0
1591;1966;2025-07-20;2025-10-18;Expirada;0
1592;1967;2025-07-21;2025-10-19;Expirada;0
1593;1968;2026-02-12;2026-05-13;Vigente;0
1594;1969;2026-01-13;2026-04-13;Expirada;0
1595;1970;2026-06-16;2026-09-14;Vigente;0
1596;1971;2025-07-03;2025-10-01;Acionada;0
1597;1973;2026-02-12;2026-05-13;Expirada;0
1598;1974;2026-05-14;2026-08-12;Vigente;1
1599;1975;2025-11-18;2026-02-16;Acionada;1
1600;1976;2026-03-07;2026-06-05;Acionada;0
1601;1979;2026-02-22;2026-05-23;Vigente;0
1602;1981;2026-03-14;2026-06-12;Acionada;0
1603;1982;2025-07-10;2025-10-08;Expirada;0
1604;1983;2026-05-29;2026-08-27;Acionada;0
1605;1984;2025-10-07;2026-01-05;Vigente;0
1606;1987;2025-12-26;2026-03-26;Acionada;0
1607;1989;2026-07-01;2026-09-29;Expirada;0
1608;1990;2025-12-31;2026-03-31;Acionada;0
1609;1991;2026-04-22;2026-07-21;Acionada;0
1610;1992;2026-03-21;2026-06-19;Acionada;0
1611;1995;2025-09-07;2025-12-06;Expirada;0
1612;1996;2026-01-10;2026-04-10;Expirada;0
1613;1997;2026-02-07;2026-05-08;Acionada;0
1614;2000;2025-09-21;2025-12-20;Vigente;0
1615;2002;2026-04-29;2026-07-28;Expirada;0
1616;2003;2025-10-14;2026-01-12;Expirada;0
1617;2004;2025-07-14;2025-10-12;Vigente;0
1618;2005;2025-12-31;2026-03-31;Expirada;0
1619;2006;2025-12-24;2026-03-24;Expirada;0
1620;2007;2025-12-27;2026-03-27;Vigente;0
1621;2008;2025-11-03;2026-02-01;Acionada;0
1622;2010;2026-04-10;2026-07-09;Acionada;0
1623;2011;2025-12-17;2026-03-17;Acionada;0
1624;2012;2026-04-01;2026-06-30;Vigente;0
1625;2013;2025-09-30;2025-12-29;Expirada;0
1626;2014;2026-05-12;2026-08-10;Expirada;0
1627;2015;2025-07-07;2025-10-05;Acionada;0
1628;2016;2026-02-03;2026-05-04;Acionada;0
1629;2018;2026-04-16;2026-07-15;Vigente;0
1630;2020;2025-09-26;2025-12-25;Vigente;0
1631;2022;2026-03-31;2026-06-29;Expirada;0
1632;2023;2025-11-22;2026-02-20;Vigente;0
1633;2024;2026-06-02;2026-08-31;Acionada;0
1634;2025;2025-12-14;2026-03-14;Vigente;0
1635;2026;2025-09-19;2025-12-18;Acionada;0
1636;2027;2025-10-07;2026-01-05;Acionada;0
1637;2028;2026-04-02;2026-07-01;Expirada;0
1638;2029;2025-09-16;2025-12-15;Acionada;0
1639;2030;2025-11-16;2026-02-14;Acionada;0
1640;2031;2025-12-23;2026-03-23;Acionada;0
1641;2032;2025-12-08;2026-03-08;Vigente;0
1642;2033;2026-06-29;2026-09-27;Acionada;0
1643;2034;2026-01-01;2026-04-01;Vigente;0
1644;2035;2025-11-11;2026-02-09;Expirada;0
1645;2036;2026-05-06;2026-08-04;Vigente;0
1646;2038;2026-02-03;2026-05-04;Vigente;0
1647;2039;2025-09-25;2025-12-24;Vigente;1
1648;2040;2026-02-15;2026-05-16;Expirada;0
1649;2041;2026-05-12;2026-08-10;Vigente;0
1650;2042;2025-10-12;2026-01-10;Acionada;0
1651;2043;2026-06-01;2026-08-30;Vigente;0
1652;2044;2025-11-01;2026-01-30;Expirada;0
1653;2045;2025-12-15;2026-03-15;Expirada;0
1654;2046;2025-07-19;2025-10-17;Expirada;0
1655;2047;2026-07-09;2026-10-07;Vigente;0
1656;2048;2025-11-09;2026-02-07;Vigente;0
1657;2049;2026-06-19;2026-09-17;Vigente;0
1658;2050;2025-09-12;2025-12-11;Vigente;0
1659;2051;2026-03-29;2026-06-27;Vigente;0
1660;2052;2025-08-22;2025-11-20;Vigente;0
1661;2053;2025-07-30;2025-10-28;Expirada;0
1662;2054;2026-06-02;2026-08-31;Expirada;0
1663;2056;2026-06-21;2026-09-19;Acionada;0
1664;2057;2025-11-10;2026-02-08;Expirada;0
1665;2058;2025-12-04;2026-03-04;Expirada;0
1666;2059;2025-08-03;2025-11-01;Acionada;0
1667;2060;2025-10-13;2026-01-11;Vigente;0
1668;2061;2026-01-26;2026-04-26;Vigente;0
1669;2062;2026-05-05;2026-08-03;Vigente;0
1670;2064;2026-01-20;2026-04-20;Expirada;0
1671;2066;2025-07-04;2025-10-02;Expirada;0
1672;2067;2026-05-26;2026-08-24;Expirada;0
1673;2068;2025-12-15;2026-03-15;Vigente;0
1674;2071;2025-08-03;2025-11-01;Expirada;0
1675;2072;2025-09-30;2025-12-29;Expirada;0
1676;2075;2026-01-08;2026-04-08;Vigente;0
1677;2076;2026-05-26;2026-08-24;Vigente;0
1678;2078;2025-09-11;2025-12-10;Expirada;0
1679;2080;2026-01-26;2026-04-26;Expirada;0
1680;2081;2025-08-05;2025-11-03;Acionada;0
1681;2082;2026-04-29;2026-07-28;Expirada;0
1682;2084;2025-10-01;2025-12-30;Expirada;1
1683;2085;2026-04-27;2026-07-26;Acionada;0
1684;2086;2025-07-17;2025-10-15;Vigente;0
1685;2087;2025-10-22;2026-01-20;Vigente;0
1686;2088;2026-06-02;2026-08-31;Acionada;0
1687;2089;2026-03-26;2026-06-24;Vigente;0
1688;2090;2025-12-22;2026-03-22;Expirada;0
1689;2091;2026-06-17;2026-09-15;Expirada;0
1690;2092;2026-04-26;2026-07-25;Vigente;0
1691;2093;2026-02-12;2026-05-13;Expirada;0
1692;2094;2026-03-27;2026-06-25;Vigente;0
1693;2096;2026-06-02;2026-08-31;Expirada;0
1694;2097;2025-09-30;2025-12-29;Expirada;1
1695;2098;2025-07-18;2025-10-16;Vigente;0
1696;2099;2026-06-28;2026-09-26;Vigente;0
1697;2100;2026-06-21;2026-09-19;Acionada;0
1698;2101;2026-07-02;2026-09-30;Vigente;0
1699;2103;2025-07-25;2025-10-23;Vigente;0
1700;2104;2026-06-07;2026-09-05;Expirada;0
1701;2105;2026-01-31;2026-05-01;Vigente;0
1702;2106;2026-05-16;2026-08-14;Vigente;0
1703;2107;2025-10-26;2026-01-24;Vigente;0
1704;2110;2026-06-06;2026-09-04;Vigente;0
1705;2111;2025-12-05;2026-03-05;Vigente;0
1706;2112;2025-07-19;2025-10-17;Expirada;0
1707;2113;2025-10-18;2026-01-16;Acionada;0
1708;2114;2026-04-09;2026-07-08;Acionada;0
1709;2115;2025-11-18;2026-02-16;Expirada;0
1710;2116;2026-02-05;2026-05-06;Expirada;0
1711;2117;2026-01-28;2026-04-28;Expirada;0
1712;2119;2026-05-31;2026-08-29;Vigente;0
1713;2120;2025-12-09;2026-03-09;Vigente;0
1714;2122;2026-04-12;2026-07-11;Vigente;0
1715;2123;2026-04-30;2026-07-29;Vigente;0
1716;2124;2025-10-22;2026-01-20;Expirada;0
1717;2126;2026-02-21;2026-05-22;Vigente;0
1718;2127;2025-12-07;2026-03-07;Expirada;0
1719;2129;2026-06-04;2026-09-02;Vigente;0
1720;2130;2025-07-14;2025-10-12;Vigente;0
1721;2131;2026-03-02;2026-05-31;Acionada;0
1722;2132;2026-04-14;2026-07-13;Expirada;0
1723;2133;2026-06-28;2026-09-26;Acionada;0
1724;2134;2025-10-07;2026-01-05;Vigente;0
1725;2135;2025-09-24;2025-12-23;Vigente;0
1726;2136;2026-01-28;2026-04-28;Acionada;0
1727;2137;2026-04-19;2026-07-18;Expirada;1
1728;2138;2026-04-16;2026-07-15;Expirada;0
1729;2139;2026-01-20;2026-04-20;Vigente;0
1730;2140;2025-12-28;2026-03-28;Acionada;0
1731;2142;2026-06-07;2026-09-05;Expirada;0
1732;2143;2025-12-14;2026-03-14;Acionada;0
1733;2145;2026-04-04;2026-07-03;Acionada;0
1734;2147;2026-05-02;2026-07-31;Vigente;0
1735;2148;2025-10-30;2026-01-28;Acionada;0
1736;2149;2025-08-27;2025-11-25;Acionada;0
1737;2152;2026-04-13;2026-07-12;Expirada;0
1738;2153;2026-03-15;2026-06-13;Vigente;0
1739;2154;2025-10-06;2026-01-04;Expirada;0
1740;2155;2025-10-06;2026-01-04;Expirada;0
1741;2156;2026-04-10;2026-07-09;Acionada;0
1742;2157;2025-07-22;2025-10-20;Expirada;0
1743;2158;2025-09-14;2025-12-13;Vigente;0
1744;2159;2025-09-20;2025-12-19;Expirada;0
1745;2160;2025-10-13;2026-01-11;Vigente;0
1746;2162;2025-08-24;2025-11-22;Acionada;0
1747;2163;2025-07-22;2025-10-20;Expirada;0
1748;2164;2026-02-23;2026-05-24;Expirada;0
1749;2166;2025-11-10;2026-02-08;Expirada;0
1750;2167;2026-05-04;2026-08-02;Expirada;0
1751;2168;2025-08-22;2025-11-20;Acionada;0
1752;2169;2026-06-09;2026-09-07;Expirada;0
1753;2170;2026-05-26;2026-08-24;Expirada;0
1754;2171;2025-11-15;2026-02-13;Expirada;0
1755;2172;2026-05-31;2026-08-29;Expirada;0
1756;2173;2025-09-15;2025-12-14;Expirada;0
1757;2174;2025-09-14;2025-12-13;Expirada;0
1758;2175;2026-06-10;2026-09-08;Vigente;0
1759;2176;2026-01-01;2026-04-01;Vigente;0
1760;2177;2025-09-14;2025-12-13;Acionada;0
1761;2178;2025-12-29;2026-03-29;Acionada;1
1762;2179;2026-02-20;2026-05-21;Acionada;0
1763;2180;2025-07-26;2025-10-24;Acionada;0
1764;2182;2025-09-27;2025-12-26;Vigente;0
1765;2184;2025-12-17;2026-03-17;Expirada;0
1766;2186;2026-01-11;2026-04-11;Expirada;0
1767;2188;2026-06-07;2026-09-05;Acionada;0
1768;2190;2025-10-24;2026-01-22;Vigente;0
1769;2192;2025-12-06;2026-03-06;Expirada;0
1770;2193;2025-09-09;2025-12-08;Expirada;0
1771;2194;2026-05-17;2026-08-15;Expirada;0
1772;2195;2026-03-18;2026-06-16;Acionada;0
1773;2196;2025-10-08;2026-01-06;Expirada;0
1774;2197;2026-02-11;2026-05-12;Vigente;0
1775;2199;2026-02-14;2026-05-15;Acionada;0
1776;2200;2025-12-22;2026-03-22;Acionada;0
1777;2201;2025-11-12;2026-02-10;Expirada;0
1778;2202;2025-09-21;2025-12-20;Vigente;0
1779;2206;2025-12-18;2026-03-18;Vigente;0
1780;2207;2025-09-28;2025-12-27;Acionada;0
1781;2208;2025-07-08;2025-10-06;Vigente;0
1782;2209;2025-12-31;2026-03-31;Expirada;0
1783;2210;2025-11-04;2026-02-02;Vigente;0
1784;2211;2026-05-17;2026-08-15;Expirada;0
1785;2212;2025-11-18;2026-02-16;Vigente;0
1786;2213;2026-06-09;2026-09-07;Acionada;0
1787;2214;2026-04-20;2026-07-19;Expirada;0
1788;2216;2026-05-06;2026-08-04;Expirada;0
1789;2217;2026-05-15;2026-08-13;Acionada;0
1790;2218;2026-04-25;2026-07-24;Expirada;0
1791;2219;2026-02-12;2026-05-13;Expirada;0
1792;2221;2026-03-26;2026-06-24;Expirada;0
1793;2222;2026-03-05;2026-06-03;Expirada;0
1794;2223;2025-12-29;2026-03-29;Vigente;0
1795;2224;2026-04-18;2026-07-17;Expirada;0
1796;2225;2025-08-19;2025-11-17;Expirada;0
1797;2226;2025-12-22;2026-03-22;Acionada;0
1798;2227;2025-07-31;2025-10-29;Expirada;0
1799;2228;2025-11-30;2026-02-28;Expirada;0
1800;2229;2025-10-03;2026-01-01;Vigente;0
1801;2231;2026-05-27;2026-08-25;Vigente;0
1802;2233;2026-06-20;2026-09-18;Expirada;0
1803;2234;2026-06-15;2026-09-13;Vigente;0
1804;2235;2025-08-09;2025-11-07;Acionada;0
1805;2237;2025-09-23;2025-12-22;Expirada;0
1806;2239;2026-02-06;2026-05-07;Vigente;0
1807;2240;2026-05-25;2026-08-23;Acionada;1
1808;2241;2026-05-13;2026-08-11;Expirada;0
1809;2242;2026-02-23;2026-05-24;Expirada;0
1810;2244;2025-10-02;2025-12-31;Vigente;1
1811;2245;2025-11-08;2026-02-06;Vigente;0
1812;2246;2026-06-15;2026-09-13;Expirada;0
1813;2248;2025-09-16;2025-12-15;Expirada;0
1814;2249;2026-01-20;2026-04-20;Acionada;0
1815;2250;2026-02-19;2026-05-20;Expirada;1
1816;2251;2026-05-04;2026-08-02;Vigente;0
1817;2252;2026-05-20;2026-08-18;Vigente;0
1818;2253;2026-05-04;2026-08-02;Vigente;0
1819;2254;2025-11-24;2026-02-22;Vigente;0
1820;2255;2026-03-15;2026-06-13;Acionada;0
1821;2256;2025-09-25;2025-12-24;Expirada;0
1822;2257;2025-12-27;2026-03-27;Vigente;0
1823;2258;2026-01-17;2026-04-17;Expirada;0
1824;2259;2026-06-03;2026-09-01;Acionada;0
1825;2260;2025-08-29;2025-11-27;Acionada;0
1826;2261;2026-01-15;2026-04-15;Acionada;0
1827;2262;2026-05-11;2026-08-09;Expirada;0
1828;2263;2025-12-03;2026-03-03;Acionada;0
1829;2264;2025-08-07;2025-11-05;Vigente;0
1830;2265;2026-06-25;2026-09-23;Acionada;0
1831;2266;2025-11-17;2026-02-15;Acionada;0
1832;2267;2025-10-04;2026-01-02;Vigente;0
1833;2268;2025-08-30;2025-11-28;Expirada;0
1834;2269;2025-11-30;2026-02-28;Expirada;0
1835;2270;2025-07-27;2025-10-25;Expirada;0
1836;2271;2025-11-04;2026-02-02;Vigente;0
1837;2272;2025-08-21;2025-11-19;Vigente;0
1838;2273;2026-06-04;2026-09-02;Vigente;0
1839;2274;2025-10-10;2026-01-08;Vigente;0
1840;2275;2026-02-16;2026-05-17;Vigente;0
1841;2276;2026-01-25;2026-04-25;Acionada;0
1842;2277;2025-11-13;2026-02-11;Vigente;0
1843;2278;2025-08-24;2025-11-22;Vigente;0
1844;2279;2026-04-28;2026-07-27;Acionada;0
1845;2280;2026-02-15;2026-05-16;Expirada;0
1846;2281;2026-03-11;2026-06-09;Vigente;1
1847;2282;2025-08-28;2025-11-26;Expirada;0
1848;2283;2025-12-12;2026-03-12;Vigente;0
1849;2284;2025-07-18;2025-10-16;Acionada;1
1850;2285;2025-08-13;2025-11-11;Acionada;0
1851;2287;2026-04-01;2026-06-30;Acionada;0
1852;2288;2026-01-05;2026-04-05;Acionada;0
1853;2289;2026-02-15;2026-05-16;Acionada;0
1854;2290;2026-06-25;2026-09-23;Vigente;0
1855;2291;2026-01-24;2026-04-24;Expirada;0
1856;2293;2025-12-02;2026-03-02;Expirada;0
1857;2294;2025-07-29;2025-10-27;Vigente;0
1858;2297;2025-07-13;2025-10-11;Vigente;1
1859;2298;2026-07-09;2026-10-07;Acionada;0
1860;2299;2026-03-21;2026-06-19;Expirada;0
1861;2300;2026-06-21;2026-09-19;Expirada;1
1862;2301;2026-04-08;2026-07-07;Vigente;0
1863;2302;2026-03-16;2026-06-14;Acionada;0
1864;2304;2026-02-08;2026-05-09;Expirada;0
1865;2305;2025-12-08;2026-03-08;Acionada;0
1866;2307;2025-07-24;2025-10-22;Acionada;0
1867;2308;2026-01-18;2026-04-18;Vigente;0
1868;2309;2025-12-20;2026-03-20;Expirada;0
1869;2310;2026-02-10;2026-05-11;Expirada;0
1870;2311;2025-11-07;2026-02-05;Expirada;0
1871;2312;2026-04-29;2026-07-28;Acionada;0
1872;2313;2026-01-20;2026-04-20;Acionada;0
1873;2314;2025-08-01;2025-10-30;Expirada;0
1874;2315;2026-02-04;2026-05-05;Expirada;0
1875;2316;2025-08-12;2025-11-10;Acionada;0
1876;2317;2025-10-21;2026-01-19;Vigente;0
1877;2318;2025-07-17;2025-10-15;Expirada;0
1878;2320;2026-04-17;2026-07-16;Vigente;0
1879;2321;2026-03-18;2026-06-16;Expirada;0
1880;2322;2025-07-23;2025-10-21;Expirada;0
1881;2323;2025-11-25;2026-02-23;Expirada;0
1882;2324;2026-01-01;2026-04-01;Expirada;0
1883;2325;2025-11-09;2026-02-07;Expirada;0
1884;2326;2025-11-15;2026-02-13;Expirada;0
1885;2327;2025-09-04;2025-12-03;Vigente;0
1886;2329;2026-03-27;2026-06-25;Expirada;0
1887;2330;2025-10-30;2026-01-28;Expirada;0
1888;2332;2026-05-31;2026-08-29;Expirada;0
1889;2333;2025-07-18;2025-10-16;Acionada;0
1890;2334;2026-04-07;2026-07-06;Vigente;0
1891;2335;2025-10-06;2026-01-04;Acionada;0
1892;2336;2025-07-26;2025-10-24;Vigente;0
1893;2337;2025-09-18;2025-12-17;Vigente;0
1894;2338;2026-03-01;2026-05-30;Acionada;0
1895;2339;2025-11-15;2026-02-13;Expirada;1
1896;2341;2025-12-28;2026-03-28;Expirada;0
1897;2342;2025-11-15;2026-02-13;Acionada;0
1898;2344;2025-12-31;2026-03-31;Expirada;0
1899;2348;2025-12-17;2026-03-17;Expirada;0
1900;2349;2026-04-24;2026-07-23;Acionada;0
1901;2351;2026-02-14;2026-05-15;Vigente;0
1902;2352;2025-11-02;2026-01-31;Acionada;0
1903;2353;2026-06-09;2026-09-07;Acionada;0
1904;2354;2026-03-17;2026-06-15;Acionada;0
1905;2355;2026-03-31;2026-06-29;Expirada;1
1906;2356;2025-08-11;2025-11-09;Acionada;0
1907;2357;2025-09-19;2025-12-18;Expirada;0
1908;2358;2026-02-16;2026-05-17;Acionada;0
1909;2360;2026-02-04;2026-05-05;Acionada;1
1910;2361;2026-04-05;2026-07-04;Vigente;0
1911;2362;2026-06-26;2026-09-24;Vigente;0
1912;2363;2026-04-13;2026-07-12;Expirada;0
1913;2364;2026-07-05;2026-10-03;Acionada;0
1914;2366;2026-05-08;2026-08-06;Expirada;0
1915;2367;2025-08-05;2025-11-03;Vigente;0
1916;2368;2025-08-07;2025-11-05;Expirada;0
1917;2369;2026-01-23;2026-04-23;Vigente;0
1918;2370;2026-04-17;2026-07-16;Expirada;0
1919;2371;2026-03-05;2026-06-03;Acionada;0
1920;2372;2025-11-29;2026-02-27;Expirada;0
1921;2373;2026-06-17;2026-09-15;Expirada;0
1922;2374;2025-07-16;2025-10-14;Acionada;0
1923;2375;2025-10-02;2025-12-31;Vigente;0
1924;2376;2026-01-07;2026-04-07;Vigente;0
1925;2377;2025-08-16;2025-11-14;Vigente;0
1926;2378;2026-04-10;2026-07-09;Acionada;0
1927;2379;2026-01-30;2026-04-30;Vigente;0
1928;2380;2026-07-14;2026-10-12;Vigente;1
1929;2382;2025-10-28;2026-01-26;Vigente;0
1930;2383;2025-08-10;2025-11-08;Vigente;0
1931;2384;2025-08-13;2025-11-11;Vigente;0
1932;2385;2026-06-30;2026-09-28;Vigente;0
1933;2386;2025-12-16;2026-03-16;Expirada;0
1934;2387;2026-04-13;2026-07-12;Vigente;0
1935;2388;2026-02-13;2026-05-14;Expirada;0
1936;2389;2025-08-15;2025-11-13;Acionada;0
1937;2390;2026-05-26;2026-08-24;Expirada;0
1938;2392;2025-12-20;2026-03-20;Acionada;0
1939;2393;2026-03-30;2026-06-28;Acionada;0
1940;2394;2026-02-27;2026-05-28;Acionada;0
1941;2395;2026-05-28;2026-08-26;Acionada;0
1942;2396;2026-03-15;2026-06-13;Vigente;1
1943;2397;2026-04-30;2026-07-29;Vigente;0
1944;2400;2026-01-06;2026-04-06;Vigente;0
1945;2401;2026-01-23;2026-04-23;Acionada;0
1946;2402;2026-03-13;2026-06-11;Expirada;0
1947;2403;2026-05-04;2026-08-02;Vigente;0
1948;2404;2025-12-28;2026-03-28;Vigente;0
1949;2405;2026-04-19;2026-07-18;Expirada;0
1950;2406;2026-02-03;2026-05-04;Acionada;0
1951;2407;2026-04-08;2026-07-07;Expirada;0
1952;2408;2026-06-02;2026-08-31;Vigente;0
1953;2409;2025-07-29;2025-10-27;Vigente;0
1954;2410;2025-09-25;2025-12-24;Vigente;0
1955;2413;2026-01-05;2026-04-05;Acionada;0
1956;2414;2026-03-31;2026-06-29;Vigente;0
1957;2415;2025-12-16;2026-03-16;Acionada;0
1958;2416;2025-08-29;2025-11-27;Acionada;0
1959;2417;2026-05-29;2026-08-27;Expirada;0
1960;2418;2026-05-12;2026-08-10;Vigente;0
1961;2419;2025-12-14;2026-03-14;Expirada;0
1962;2420;2025-12-14;2026-03-14;Acionada;0
1963;2421;2026-06-05;2026-09-03;Acionada;0
1964;2422;2025-12-06;2026-03-06;Vigente;0
1965;2423;2026-01-08;2026-04-08;Vigente;0
1966;2424;2026-04-15;2026-07-14;Acionada;0
1967;2425;2025-11-07;2026-02-05;Acionada;0
1968;2426;2026-02-03;2026-05-04;Expirada;0
1969;2427;2025-07-17;2025-10-15;Expirada;0
1970;2428;2025-08-08;2025-11-06;Acionada;0
1971;2429;2026-03-30;2026-06-28;Expirada;0
1972;2433;2026-05-06;2026-08-04;Expirada;0
1973;2434;2025-07-17;2025-10-15;Expirada;0
1974;2435;2026-05-05;2026-08-03;Expirada;0
1975;2436;2026-01-28;2026-04-28;Expirada;0
1976;2438;2026-01-04;2026-04-04;Expirada;0
1977;2439;2025-10-17;2026-01-15;Vigente;0
1978;2440;2026-02-22;2026-05-23;Expirada;0
1979;2441;2025-08-16;2025-11-14;Vigente;0
1980;2442;2026-01-26;2026-04-26;Acionada;0
1981;2443;2025-12-30;2026-03-30;Expirada;0
1982;2444;2026-04-24;2026-07-23;Expirada;0
1983;2445;2025-12-03;2026-03-03;Expirada;0
1984;2446;2026-03-31;2026-06-29;Acionada;0
1985;2448;2025-09-27;2025-12-26;Expirada;0
1986;2451;2025-10-20;2026-01-18;Expirada;0
1987;2452;2026-06-28;2026-09-26;Acionada;0
1988;2453;2026-01-04;2026-04-04;Vigente;0
1989;2454;2026-05-22;2026-08-20;Acionada;0
1990;2455;2026-06-13;2026-09-11;Vigente;0
1991;2456;2026-02-12;2026-05-13;Acionada;0
1992;2457;2025-12-20;2026-03-20;Expirada;0
1993;2459;2025-07-06;2025-10-04;Acionada;1
1994;2460;2026-01-04;2026-04-04;Vigente;0
1995;2461;2026-02-12;2026-05-13;Expirada;0
1996;2462;2025-09-22;2025-12-21;Vigente;0
1997;2464;2026-02-15;2026-05-16;Expirada;0
1998;2465;2025-10-22;2026-01-20;Expirada;0
1999;2466;2026-01-08;2026-04-08;Vigente;0
2000;2467;2026-05-22;2026-08-20;Expirada;0
2001;2468;2025-10-23;2026-01-21;Expirada;0
2002;2469;2026-06-23;2026-09-21;Acionada;0
2003;2470;2025-07-13;2025-10-11;Expirada;0
2004;2471;2026-05-10;2026-08-08;Acionada;0
2005;2472;2025-12-24;2026-03-24;Expirada;0
2006;2473;2026-06-16;2026-09-14;Expirada;1
2007;2475;2026-05-30;2026-08-28;Vigente;0
2008;2477;2025-08-12;2025-11-10;Expirada;0
2009;2478;2026-05-25;2026-08-23;Vigente;0
2010;2479;2026-05-23;2026-08-21;Expirada;0
2011;2480;2025-09-18;2025-12-17;Expirada;0
2012;2481;2026-06-08;2026-09-06;Expirada;0
2013;2483;2025-09-02;2025-12-01;Vigente;0
2014;2484;2026-01-29;2026-04-29;Expirada;0
2015;2485;2025-11-05;2026-02-03;Acionada;0
2016;2486;2026-05-26;2026-08-24;Acionada;0
2017;2487;2026-03-05;2026-06-03;Vigente;0
2018;2488;2026-04-09;2026-07-08;Acionada;0
2019;2489;2025-11-12;2026-02-10;Vigente;0
2020;2490;2025-11-19;2026-02-17;Expirada;0
2021;2491;2025-10-04;2026-01-02;Vigente;0
2022;2492;2026-05-19;2026-08-17;Expirada;0
2023;2493;2025-08-18;2025-11-16;Expirada;0
2024;2495;2025-11-08;2026-02-06;Acionada;0
2025;2496;2026-07-11;2026-10-09;Vigente;0
2026;2497;2026-06-12;2026-09-10;Acionada;0
2027;2498;2025-11-14;2026-02-12;Vigente;0
2028;2499;2026-05-30;2026-08-28;Acionada;0
2029;2500;2026-04-25;2026-07-24;Expirada;0
2030;2502;2026-02-02;2026-05-03;Vigente;0
2031;2503;2026-03-22;2026-06-20;Acionada;0
2032;2504;2026-01-10;2026-04-10;Acionada;0
2033;2505;2025-10-31;2026-01-29;Expirada;0
2034;2506;2026-05-13;2026-08-11;Acionada;0
2035;2508;2025-12-29;2026-03-29;Acionada;0
2036;2509;2026-05-25;2026-08-23;Expirada;0
2037;2510;2026-05-20;2026-08-18;Acionada;0
2038;2511;2026-02-15;2026-05-16;Acionada;0
2039;2512;2025-08-02;2025-10-31;Expirada;0
2040;2513;2025-10-29;2026-01-27;Vigente;1
2041;2514;2026-06-21;2026-09-19;Acionada;0
2042;2515;2026-01-17;2026-04-17;Expirada;0
2043;2516;2025-08-13;2025-11-11;Acionada;0
2044;2517;2026-03-31;2026-06-29;Vigente;0
2045;2518;2025-09-25;2025-12-24;Vigente;0
2046;2519;2026-02-11;2026-05-12;Acionada;0
2047;2520;2025-12-14;2026-03-14;Expirada;0
2048;2521;2026-01-26;2026-04-26;Acionada;0
2049;2522;2025-11-22;2026-02-20;Expirada;0
2050;2523;2026-02-02;2026-05-03;Vigente;0
2051;2525;2026-04-20;2026-07-19;Acionada;0
2052;2526;2025-12-18;2026-03-18;Expirada;0
2053;2527;2025-09-25;2025-12-24;Vigente;0
2054;2528;2025-08-06;2025-11-04;Vigente;0
2055;2529;2026-05-19;2026-08-17;Expirada;0
2056;2530;2025-10-12;2026-01-10;Expirada;0
2057;2531;2025-12-26;2026-03-26;Expirada;0
2058;2532;2026-05-18;2026-08-16;Acionada;0
2059;2533;2025-12-20;2026-03-20;Vigente;0
2060;2534;2026-05-05;2026-08-03;Acionada;0
2061;2535;2026-01-26;2026-04-26;Acionada;0
2062;2536;2025-07-25;2025-10-23;Expirada;0
2063;2538;2026-03-25;2026-06-23;Expirada;0
2064;2539;2025-12-30;2026-03-30;Acionada;0
2065;2541;2025-10-07;2026-01-05;Acionada;0
2066;2542;2025-12-17;2026-03-17;Vigente;0
2067;2543;2025-10-15;2026-01-13;Acionada;0
2068;2545;2026-01-07;2026-04-07;Acionada;0
2069;2546;2025-07-26;2025-10-24;Acionada;0
2070;2547;2026-06-06;2026-09-04;Vigente;0
2071;2548;2026-03-11;2026-06-09;Acionada;1
2072;2549;2026-02-24;2026-05-25;Acionada;0
2073;2550;2026-01-14;2026-04-14;Vigente;0
2074;2552;2026-01-16;2026-04-16;Expirada;0
2075;2553;2025-09-02;2025-12-01;Vigente;0
2076;2554;2025-10-03;2026-01-01;Vigente;0
2077;2555;2026-01-02;2026-04-02;Vigente;0
2078;2556;2025-10-09;2026-01-07;Expirada;0
2079;2557;2026-03-29;2026-06-27;Expirada;0
2080;2558;2026-04-16;2026-07-15;Vigente;0
2081;2559;2026-02-07;2026-05-08;Vigente;0
2082;2561;2026-01-31;2026-05-01;Acionada;0
2083;2563;2025-07-14;2025-10-12;Expirada;0
2084;2564;2025-08-13;2025-11-11;Acionada;0
2085;2565;2025-09-02;2025-12-01;Acionada;0
2086;2566;2025-10-28;2026-01-26;Acionada;0
2087;2567;2026-05-05;2026-08-03;Vigente;0
2088;2568;2026-03-09;2026-06-07;Vigente;0
2089;2570;2026-03-10;2026-06-08;Vigente;0
2090;2571;2025-11-10;2026-02-08;Vigente;0
2091;2573;2025-10-27;2026-01-25;Vigente;0
2092;2575;2026-02-24;2026-05-25;Acionada;0
2093;2577;2025-10-15;2026-01-13;Vigente;0
2094;2580;2026-03-05;2026-06-03;Acionada;0
2095;2581;2025-11-06;2026-02-04;Expirada;0
2096;2582;2026-01-07;2026-04-07;Expirada;0
2097;2583;2026-04-25;2026-07-24;Acionada;0
2098;2584;2026-07-02;2026-09-30;Vigente;0
2099;2586;2026-01-17;2026-04-17;Expirada;0
2100;2588;2026-02-18;2026-05-19;Acionada;0
2101;2589;2026-04-29;2026-07-28;Vigente;0
2102;2591;2025-12-11;2026-03-11;Acionada;0
2103;2592;2025-08-16;2025-11-14;Expirada;0
2104;2593;2026-06-05;2026-09-03;Expirada;0
2105;2594;2025-11-27;2026-02-25;Vigente;0
2106;2596;2026-04-24;2026-07-23;Vigente;0
2107;2597;2026-04-10;2026-07-09;Acionada;0
2108;2598;2025-10-11;2026-01-09;Vigente;0
2109;2599;2026-03-03;2026-06-01;Acionada;0
2110;2600;2025-08-26;2025-11-24;Expirada;0
2111;2601;2025-12-04;2026-03-04;Vigente;0
2112;2602;2026-04-21;2026-07-20;Expirada;0
2113;2603;2025-07-23;2025-10-21;Expirada;0
2114;2604;2026-02-13;2026-05-14;Expirada;0
2115;2605;2026-02-16;2026-05-17;Expirada;0
2116;2607;2025-07-31;2025-10-29;Expirada;0
2117;2608;2025-09-14;2025-12-13;Expirada;0
2118;2610;2026-05-03;2026-08-01;Expirada;0
2119;2611;2026-05-10;2026-08-08;Expirada;0
2120;2612;2025-10-24;2026-01-22;Vigente;0
2121;2613;2025-09-14;2025-12-13;Acionada;0
2122;2614;2025-09-07;2025-12-06;Acionada;0
2123;2615;2025-12-25;2026-03-25;Vigente;0
2124;2617;2025-10-22;2026-01-20;Vigente;0
2125;2618;2025-07-19;2025-10-17;Vigente;1
2126;2619;2025-07-28;2025-10-26;Acionada;0
2127;2621;2026-01-27;2026-04-27;Vigente;0
2128;2622;2026-02-19;2026-05-20;Acionada;0
2129;2623;2025-12-01;2026-03-01;Expirada;0
2130;2624;2026-01-31;2026-05-01;Expirada;0
2131;2626;2025-08-05;2025-11-03;Vigente;0
2132;2627;2025-09-14;2025-12-13;Expirada;1
2133;2628;2025-11-23;2026-02-21;Expirada;0
2134;2629;2025-10-08;2026-01-06;Acionada;0
2135;2630;2026-04-12;2026-07-11;Vigente;0
2136;2631;2025-10-05;2026-01-03;Acionada;0
2137;2634;2026-05-24;2026-08-22;Vigente;0
2138;2635;2025-08-13;2025-11-11;Expirada;1
2139;2636;2025-08-07;2025-11-05;Acionada;0
2140;2637;2026-03-21;2026-06-19;Acionada;0
2141;2638;2025-09-20;2025-12-19;Expirada;0
2142;2640;2026-01-12;2026-04-12;Vigente;1
2143;2641;2026-06-19;2026-09-17;Acionada;0
2144;2643;2025-12-23;2026-03-23;Acionada;0
2145;2644;2026-03-11;2026-06-09;Vigente;0
2146;2648;2025-12-18;2026-03-18;Expirada;0
2147;2651;2026-06-21;2026-09-19;Vigente;0
2148;2653;2025-09-17;2025-12-16;Vigente;0
2149;2654;2026-03-24;2026-06-22;Expirada;0
2150;2655;2026-05-04;2026-08-02;Acionada;0
2151;2656;2025-12-13;2026-03-13;Acionada;0
2152;2657;2025-07-05;2025-10-03;Expirada;0
2153;2658;2025-08-23;2025-11-21;Vigente;0
2154;2659;2025-10-10;2026-01-08;Vigente;0
2155;2661;2025-08-26;2025-11-24;Vigente;0
2156;2662;2025-12-20;2026-03-20;Expirada;0
2157;2663;2026-01-22;2026-04-22;Vigente;0
2158;2664;2025-12-26;2026-03-26;Acionada;0
2159;2665;2025-07-16;2025-10-14;Expirada;0
2160;2666;2026-06-25;2026-09-23;Vigente;0
2161;2667;2025-10-21;2026-01-19;Acionada;0
2162;2669;2026-04-15;2026-07-14;Vigente;0
2163;2670;2026-05-17;2026-08-15;Vigente;0
2164;2671;2026-06-26;2026-09-24;Acionada;0
2165;2673;2026-01-18;2026-04-18;Expirada;0
2166;2674;2025-09-01;2025-11-30;Acionada;0
2167;2675;2026-05-26;2026-08-24;Vigente;0
2168;2676;2026-02-24;2026-05-25;Acionada;0
2169;2677;2026-02-21;2026-05-22;Expirada;0
2170;2679;2026-01-19;2026-04-19;Vigente;0
2171;2680;2026-06-22;2026-09-20;Acionada;0
2172;2681;2026-02-28;2026-05-29;Vigente;0
2173;2682;2025-07-25;2025-10-23;Expirada;0
2174;2685;2026-01-23;2026-04-23;Vigente;0
2175;2686;2025-08-16;2025-11-14;Vigente;0
2176;2688;2026-03-28;2026-06-26;Vigente;0
2177;2689;2026-02-18;2026-05-19;Expirada;0
2178;2690;2026-03-09;2026-06-07;Expirada;0
2179;2691;2026-05-09;2026-08-07;Expirada;0
2180;2692;2025-12-22;2026-03-22;Acionada;0
2181;2693;2026-02-13;2026-05-14;Acionada;0
2182;2694;2026-06-19;2026-09-17;Vigente;0
2183;2695;2026-03-03;2026-06-01;Acionada;0
2184;2697;2026-01-29;2026-04-29;Expirada;0
2185;2698;2025-11-02;2026-01-31;Vigente;0
2186;2699;2026-03-14;2026-06-12;Expirada;0
2187;2700;2026-04-12;2026-07-11;Acionada;1
2188;2702;2026-02-13;2026-05-14;Vigente;0
2189;2703;2025-08-02;2025-10-31;Vigente;0
2190;2707;2026-05-15;2026-08-13;Vigente;0
2191;2709;2026-03-21;2026-06-19;Expirada;0
2192;2711;2025-10-16;2026-01-14;Expirada;0
2193;2714;2026-07-07;2026-10-05;Acionada;0
2194;2715;2026-02-05;2026-05-06;Acionada;0
2195;2716;2025-11-23;2026-02-21;Acionada;0
2196;2717;2026-03-27;2026-06-25;Acionada;0
2197;2718;2025-12-07;2026-03-07;Acionada;0
2198;2719;2026-02-14;2026-05-15;Expirada;0
2199;2720;2025-09-06;2025-12-05;Expirada;0
2200;2721;2026-01-19;2026-04-19;Acionada;0
2201;2722;2026-06-04;2026-09-02;Vigente;0
2202;2725;2025-08-15;2025-11-13;Expirada;0
2203;2726;2025-08-17;2025-11-15;Expirada;0
2204;2727;2025-12-23;2026-03-23;Vigente;0
2205;2728;2026-05-20;2026-08-18;Vigente;0
2206;2729;2026-06-14;2026-09-12;Acionada;0
2207;2730;2026-02-01;2026-05-02;Expirada;0
2208;2731;2026-03-21;2026-06-19;Acionada;0
2209;2733;2025-11-18;2026-02-16;Expirada;0
2210;2735;2025-08-11;2025-11-09;Vigente;0
2211;2736;2025-11-19;2026-02-17;Expirada;0
2212;2737;2025-12-09;2026-03-09;Expirada;0
2213;2738;2026-02-11;2026-05-12;Vigente;0
2214;2741;2026-03-19;2026-06-17;Vigente;0
2215;2742;2026-02-28;2026-05-29;Expirada;0
2216;2743;2026-04-06;2026-07-05;Acionada;0
2217;2744;2025-09-10;2025-12-09;Acionada;0
2218;2745;2026-04-26;2026-07-25;Acionada;0
2219;2746;2025-09-17;2025-12-16;Expirada;0
2220;2748;2025-09-26;2025-12-25;Vigente;0
2221;2750;2026-01-24;2026-04-24;Vigente;0
2222;2751;2026-01-30;2026-04-30;Vigente;0
2223;2753;2025-10-21;2026-01-19;Expirada;0
2224;2754;2026-01-10;2026-04-10;Expirada;0
2225;2755;2025-11-05;2026-02-03;Acionada;1
2226;2756;2026-04-12;2026-07-11;Vigente;0
2227;2757;2025-10-18;2026-01-16;Vigente;0
2228;2758;2026-04-29;2026-07-28;Expirada;0
2229;2759;2026-04-13;2026-07-12;Acionada;0
2230;2760;2026-05-10;2026-08-08;Vigente;0
2231;2761;2025-12-12;2026-03-12;Acionada;0
2232;2764;2026-04-29;2026-07-28;Expirada;0
2233;2765;2026-04-14;2026-07-13;Acionada;0
2234;2767;2026-07-02;2026-09-30;Acionada;0
2235;2768;2026-05-07;2026-08-05;Vigente;0
2236;2772;2026-04-07;2026-07-06;Acionada;0
2237;2774;2025-08-24;2025-11-22;Acionada;0
2238;2775;2026-06-12;2026-09-10;Vigente;0
2239;2776;2025-08-04;2025-11-02;Acionada;0
2240;2777;2025-12-26;2026-03-26;Expirada;0
2241;2778;2025-10-04;2026-01-02;Vigente;1
2242;2779;2026-06-05;2026-09-03;Acionada;0
2243;2780;2026-05-15;2026-08-13;Expirada;0
2244;2781;2025-08-07;2025-11-05;Acionada;0
2245;2782;2026-05-20;2026-08-18;Acionada;1
2246;2783;2025-07-17;2025-10-15;Acionada;0
2247;2786;2026-03-14;2026-06-12;Acionada;0
2248;2787;2025-11-10;2026-02-08;Vigente;0
2249;2788;2025-10-28;2026-01-26;Acionada;1
2250;2789;2026-04-27;2026-07-26;Vigente;0
2251;2790;2026-01-08;2026-04-08;Expirada;0
2252;2791;2025-10-25;2026-01-23;Acionada;0
2253;2792;2025-12-07;2026-03-07;Acionada;0
2254;2793;2026-04-15;2026-07-14;Acionada;0
2255;2795;2026-04-27;2026-07-26;Expirada;0
2256;2796;2025-07-20;2025-10-18;Vigente;0
2257;2797;2025-12-21;2026-03-21;Acionada;1
2258;2799;2026-03-01;2026-05-30;Vigente;0
2259;2800;2025-10-18;2026-01-16;Expirada;0
2260;2802;2026-06-02;2026-08-31;Expirada;0
2261;2803;2026-03-07;2026-06-05;Acionada;0
2262;2805;2025-12-25;2026-03-25;Acionada;0
2263;2806;2025-11-20;2026-02-18;Expirada;0
2264;2807;2025-10-29;2026-01-27;Expirada;0
2265;2810;2026-01-13;2026-04-13;Acionada;0
2266;2812;2025-12-10;2026-03-10;Expirada;0
2267;2813;2025-09-02;2025-12-01;Acionada;0
2268;2814;2026-04-20;2026-07-19;Vigente;0
2269;2815;2026-02-24;2026-05-25;Vigente;0
2270;2816;2025-11-08;2026-02-06;Vigente;0
2271;2817;2025-09-24;2025-12-23;Acionada;0
2272;2818;2026-04-22;2026-07-21;Expirada;0
2273;2819;2026-01-08;2026-04-08;Vigente;0
2274;2822;2025-11-28;2026-02-26;Expirada;0
2275;2823;2026-04-05;2026-07-04;Acionada;0
2276;2826;2026-03-03;2026-06-01;Expirada;0
2277;2827;2026-06-29;2026-09-27;Expirada;0
2278;2828;2026-02-11;2026-05-12;Expirada;0
2279;2829;2025-12-08;2026-03-08;Vigente;0
2280;2830;2026-07-01;2026-09-29;Expirada;0
2281;2831;2026-07-02;2026-09-30;Vigente;0
2282;2833;2025-09-06;2025-12-05;Expirada;0
2283;2838;2025-09-02;2025-12-01;Acionada;0
2284;2839;2025-10-23;2026-01-21;Vigente;0
2285;2840;2025-07-23;2025-10-21;Expirada;0
2286;2841;2026-07-12;2026-10-10;Vigente;0
2287;2842;2026-02-13;2026-05-14;Expirada;0
2288;2843;2025-07-22;2025-10-20;Expirada;1
2289;2845;2026-05-23;2026-08-21;Vigente;0
2290;2846;2025-08-02;2025-10-31;Expirada;0
2291;2847;2025-09-16;2025-12-15;Expirada;0
2292;2848;2025-12-04;2026-03-04;Expirada;0
2293;2849;2026-04-11;2026-07-10;Expirada;0
2294;2850;2025-09-28;2025-12-27;Acionada;0
2295;2856;2025-09-19;2025-12-18;Expirada;0
2296;2857;2026-02-09;2026-05-10;Acionada;0
2297;2858;2025-08-23;2025-11-21;Expirada;0
2298;2859;2026-05-18;2026-08-16;Expirada;0
2299;2860;2026-01-25;2026-04-25;Acionada;0
2300;2861;2026-06-12;2026-09-10;Acionada;0
2301;2862;2026-07-03;2026-10-01;Expirada;0
2302;2863;2025-11-11;2026-02-09;Acionada;0
2303;2865;2026-06-09;2026-09-07;Expirada;0
2304;2867;2026-04-28;2026-07-27;Expirada;0
2305;2868;2025-07-27;2025-10-25;Acionada;0
2306;2869;2025-08-26;2025-11-24;Acionada;0
2307;2870;2025-09-17;2025-12-16;Vigente;0
2308;2871;2025-11-24;2026-02-22;Acionada;0
2309;2872;2025-11-18;2026-02-16;Acionada;0
2310;2873;2026-06-17;2026-09-15;Vigente;0
2311;2874;2025-12-24;2026-03-24;Expirada;0
2312;2876;2026-03-14;2026-06-12;Expirada;0
2313;2877;2026-02-22;2026-05-23;Vigente;0
2314;2879;2026-05-21;2026-08-19;Acionada;0
2315;2880;2026-03-06;2026-06-04;Vigente;0
2316;2881;2025-08-12;2025-11-10;Expirada;0
2317;2882;2026-02-02;2026-05-03;Vigente;0
2318;2883;2025-10-11;2026-01-09;Acionada;0
2319;2884;2026-06-18;2026-09-16;Expirada;0
2320;2885;2026-01-19;2026-04-19;Vigente;0
2321;2886;2025-11-28;2026-02-26;Vigente;0
2322;2887;2025-12-01;2026-03-01;Acionada;0
2323;2888;2025-12-10;2026-03-10;Vigente;0
2324;2889;2025-11-26;2026-02-24;Acionada;0
2325;2894;2025-12-20;2026-03-20;Expirada;0
2326;2895;2025-10-27;2026-01-25;Acionada;0
2327;2896;2026-02-01;2026-05-02;Acionada;0
2328;2897;2026-04-29;2026-07-28;Vigente;1
2329;2898;2025-12-22;2026-03-22;Vigente;0
2330;2899;2025-09-22;2025-12-21;Vigente;0
2331;2900;2026-03-09;2026-06-07;Vigente;0
2332;2901;2025-07-10;2025-10-08;Vigente;0
2333;2902;2025-10-29;2026-01-27;Expirada;0
2334;2903;2026-06-11;2026-09-09;Vigente;0
2335;2904;2026-06-13;2026-09-11;Acionada;0
2336;2906;2025-08-18;2025-11-16;Vigente;0
2337;2907;2025-10-06;2026-01-04;Expirada;0
2338;2908;2026-05-24;2026-08-22;Acionada;0
2339;2909;2026-04-30;2026-07-29;Acionada;0
2340;2911;2026-06-18;2026-09-16;Acionada;0
2341;2912;2026-04-30;2026-07-29;Vigente;0
2342;2913;2025-08-02;2025-10-31;Acionada;0
2343;2914;2025-11-28;2026-02-26;Expirada;0
2344;2916;2025-08-22;2025-11-20;Vigente;0
2345;2917;2026-02-11;2026-05-12;Vigente;0
2346;2918;2025-08-25;2025-11-23;Vigente;0
2347;2919;2025-09-12;2025-12-11;Vigente;0
2348;2920;2026-04-13;2026-07-12;Vigente;0
2349;2921;2025-09-18;2025-12-17;Expirada;0
2350;2922;2026-06-16;2026-09-14;Expirada;0
2351;2923;2025-09-17;2025-12-16;Vigente;0
2352;2924;2025-09-09;2025-12-08;Acionada;0
2353;2926;2026-05-25;2026-08-23;Expirada;0
2354;2929;2026-01-08;2026-04-08;Acionada;0
2355;2930;2025-08-28;2025-11-26;Expirada;0
2356;2933;2026-01-06;2026-04-06;Expirada;0
2357;2934;2026-05-17;2026-08-15;Vigente;1
2358;2935;2025-11-05;2026-02-03;Vigente;1
2359;2936;2025-09-15;2025-12-14;Acionada;0
2360;2937;2026-05-31;2026-08-29;Acionada;0
2361;2938;2026-04-15;2026-07-14;Vigente;0
2362;2939;2025-12-25;2026-03-25;Expirada;0
2363;2940;2025-09-25;2025-12-24;Acionada;0
2364;2941;2025-11-20;2026-02-18;Expirada;1
2365;2942;2025-11-28;2026-02-26;Vigente;0
2366;2944;2025-08-19;2025-11-17;Acionada;0
2367;2945;2025-09-08;2025-12-07;Vigente;0
2368;2946;2025-12-16;2026-03-16;Expirada;0
2369;2949;2026-06-23;2026-09-21;Vigente;0
2370;2950;2026-01-29;2026-04-29;Expirada;0
2371;2952;2026-03-10;2026-06-08;Vigente;0
2372;2953;2026-04-17;2026-07-16;Acionada;0
2373;2954;2026-03-30;2026-06-28;Acionada;0
2374;2955;2026-01-29;2026-04-29;Expirada;0
2375;2956;2026-01-08;2026-04-08;Acionada;0
2376;2957;2026-07-02;2026-09-30;Expirada;0
2377;2958;2025-10-27;2026-01-25;Acionada;0
2378;2959;2026-02-09;2026-05-10;Vigente;0
2379;2960;2026-03-24;2026-06-22;Vigente;0
2380;2962;2025-09-03;2025-12-02;Expirada;0
2381;2963;2025-08-31;2025-11-29;Vigente;0
2382;2966;2025-12-25;2026-03-25;Acionada;0
2383;2968;2025-07-25;2025-10-23;Acionada;0
2384;2969;2026-05-12;2026-08-10;Expirada;0
2385;2970;2025-12-14;2026-03-14;Expirada;0
2386;2971;2026-06-29;2026-09-27;Expirada;0
2387;2972;2025-10-11;2026-01-09;Acionada;0
2388;2973;2025-07-10;2025-10-08;Acionada;0
2389;2974;2026-03-13;2026-06-11;Acionada;0
2390;2975;2026-01-22;2026-04-22;Vigente;0
2391;2977;2025-11-10;2026-02-08;Acionada;0
2392;2978;2025-11-13;2026-02-11;Vigente;0
2393;2980;2025-12-04;2026-03-04;Acionada;0
2394;2982;2026-01-21;2026-04-21;Vigente;0
2395;2983;2026-04-26;2026-07-25;Acionada;0
2396;2984;2025-09-18;2025-12-17;Vigente;0
2397;2985;2026-02-25;2026-05-26;Vigente;1
2398;2987;2025-10-21;2026-01-19;Vigente;0
2399;2989;2025-07-26;2025-10-24;Expirada;0
2400;2990;2025-09-10;2025-12-09;Expirada;0
2401;2991;2026-06-26;2026-09-24;Vigente;0
2402;2992;2026-01-19;2026-04-19;Acionada;0
2403;2994;2026-05-24;2026-08-22;Vigente;0
2404;2995;2025-12-21;2026-03-21;Acionada;0
2405;2996;2026-03-15;2026-06-13;Expirada;0
2406;2999;2025-09-03;2025-12-02;Vigente;0
2407;3000;2025-08-10;2025-11-08;Acionada;0
2408;3001;2026-03-11;2026-06-09;Vigente;0
2409;3003;2026-01-17;2026-04-17;Vigente;0
2410;3004;2025-08-20;2025-11-18;Vigente;0
2411;3005;2026-01-07;2026-04-07;Vigente;0
2412;3006;2026-05-02;2026-07-31;Vigente;0
2413;3007;2025-07-11;2025-10-09;Vigente;0
2414;3009;2026-02-22;2026-05-23;Expirada;0
2415;3010;2025-09-03;2025-12-02;Vigente;0
2416;3011;2026-03-03;2026-06-01;Expirada;0
2417;3012;2025-11-15;2026-02-13;Acionada;0
2418;3013;2025-12-25;2026-03-25;Vigente;0
2419;3014;2026-01-22;2026-04-22;Acionada;0
2420;3015;2026-04-27;2026-07-26;Expirada;0
2421;3016;2026-01-01;2026-04-01;Acionada;0
2422;3018;2025-11-19;2026-02-17;Acionada;0
2423;3019;2026-05-11;2026-08-09;Vigente;0
2424;3021;2025-11-20;2026-02-18;Acionada;1
2425;3022;2025-10-24;2026-01-22;Expirada;0
2426;3023;2026-06-09;2026-09-07;Expirada;0
2427;3024;2026-05-07;2026-08-05;Acionada;0
2428;3025;2025-11-14;2026-02-12;Expirada;0
2429;3026;2025-07-22;2025-10-20;Acionada;0
2430;3027;2026-04-10;2026-07-09;Acionada;0
2431;3028;2025-12-15;2026-03-15;Acionada;0
2432;3029;2025-10-11;2026-01-09;Acionada;0
2433;3030;2026-01-12;2026-04-12;Expirada;0
2434;3031;2025-11-18;2026-02-16;Acionada;0
2435;3032;2025-11-23;2026-02-21;Vigente;0
2436;3033;2025-10-12;2026-01-10;Expirada;0
2437;3034;2026-01-04;2026-04-04;Vigente;0
2438;3035;2026-04-03;2026-07-02;Acionada;0
2439;3036;2026-05-06;2026-08-04;Expirada;0
2440;3037;2026-02-27;2026-05-28;Vigente;0
2441;3038;2025-11-28;2026-02-26;Vigente;0
2442;3039;2025-10-28;2026-01-26;Acionada;0
2443;3040;2025-08-19;2025-11-17;Expirada;0
2444;3042;2025-07-19;2025-10-17;Acionada;0
2445;3043;2026-04-16;2026-07-15;Vigente;0
2446;3045;2025-08-26;2025-11-24;Expirada;0
2447;3048;2026-03-28;2026-06-26;Acionada;0
2448;3049;2025-12-16;2026-03-16;Expirada;0
2449;3050;2025-08-30;2025-11-28;Expirada;0
2450;3051;2026-03-31;2026-06-29;Expirada;0
2451;3052;2025-09-05;2025-12-04;Acionada;0
2452;3053;2026-03-08;2026-06-06;Vigente;0
2453;3054;2025-12-31;2026-03-31;Vigente;0
2454;3056;2026-01-14;2026-04-14;Acionada;0
2455;3057;2025-11-15;2026-02-13;Expirada;0
2456;3058;2026-07-10;2026-10-08;Expirada;0
2457;3059;2026-01-19;2026-04-19;Acionada;0
2458;3060;2025-11-17;2026-02-15;Vigente;0
2459;3061;2026-04-28;2026-07-27;Vigente;0
2460;3062;2025-12-15;2026-03-15;Expirada;0
2461;3063;2026-04-26;2026-07-25;Acionada;0
2462;3064;2026-05-11;2026-08-09;Vigente;0
2463;3068;2025-07-17;2025-10-15;Acionada;0
2464;3070;2025-07-28;2025-10-26;Vigente;0
2465;3071;2025-11-19;2026-02-17;Expirada;0
2466;3072;2026-01-08;2026-04-08;Vigente;0
2467;3073;2025-11-16;2026-02-14;Expirada;0
2468;3074;2025-09-21;2025-12-20;Vigente;0
2469;3075;2026-02-23;2026-05-24;Vigente;0
2470;3076;2026-03-16;2026-06-14;Vigente;0
2471;3077;2026-04-01;2026-06-30;Vigente;0
2472;3078;2026-03-09;2026-06-07;Acionada;0
2473;3079;2025-10-22;2026-01-20;Vigente;0
2474;3080;2026-04-14;2026-07-13;Vigente;0
2475;3081;2026-04-12;2026-07-11;Acionada;0
2476;3082;2026-03-05;2026-06-03;Vigente;0
2477;3083;2026-07-02;2026-09-30;Vigente;0
2478;3084;2026-07-05;2026-10-03;Acionada;0
2479;3085;2026-03-14;2026-06-12;Acionada;0
2480;3086;2025-11-19;2026-02-17;Expirada;0
2481;3087;2025-11-03;2026-02-01;Expirada;0
2482;3088;2026-01-09;2026-04-09;Vigente;0
2483;3090;2025-10-30;2026-01-28;Acionada;0
2484;3091;2025-07-21;2025-10-19;Expirada;0
2485;3092;2025-10-19;2026-01-17;Expirada;1
2486;3094;2026-06-23;2026-09-21;Expirada;0
2487;3095;2026-05-21;2026-08-19;Vigente;0
2488;3097;2025-08-26;2025-11-24;Expirada;0
2489;3098;2025-07-14;2025-10-12;Vigente;0
2490;3099;2025-09-25;2025-12-24;Vigente;0
2491;3101;2026-03-01;2026-05-30;Acionada;0
2492;3102;2025-10-01;2025-12-30;Vigente;0
2493;3105;2025-08-19;2025-11-17;Acionada;0
2494;3106;2026-01-24;2026-04-24;Expirada;1
2495;3107;2026-07-02;2026-09-30;Vigente;0
2496;3108;2026-05-14;2026-08-12;Vigente;0
2497;3109;2026-04-11;2026-07-10;Expirada;0
2498;3111;2025-11-21;2026-02-19;Vigente;0
2499;3112;2025-11-28;2026-02-26;Acionada;0
2500;3113;2025-09-29;2025-12-28;Expirada;1
2501;3115;2026-01-16;2026-04-16;Expirada;0
2502;3116;2025-09-22;2025-12-21;Acionada;1
2503;3117;2025-12-23;2026-03-23;Acionada;0
2504;3118;2026-05-19;2026-08-17;Expirada;0
2505;3119;2025-10-26;2026-01-24;Expirada;0
2506;3120;2025-08-31;2025-11-29;Vigente;0
2507;3121;2026-02-03;2026-05-04;Acionada;0
2508;3122;2026-02-05;2026-05-06;Acionada;0
2509;3123;2025-11-12;2026-02-10;Expirada;0
2510;3124;2025-10-18;2026-01-16;Acionada;0
2511;3125;2025-07-28;2025-10-26;Acionada;0
2512;3127;2026-04-01;2026-06-30;Acionada;0
2513;3128;2025-10-19;2026-01-17;Expirada;0
2514;3130;2026-05-21;2026-08-19;Acionada;1
2515;3131;2026-05-15;2026-08-13;Expirada;0
2516;3134;2025-10-12;2026-01-10;Expirada;0
2517;3136;2025-09-22;2025-12-21;Expirada;0
2518;3137;2025-07-18;2025-10-16;Vigente;0
2519;3138;2025-08-13;2025-11-11;Acionada;0
2520;3139;2026-04-29;2026-07-28;Acionada;0
2521;3140;2025-11-12;2026-02-10;Vigente;0
2522;3141;2025-10-31;2026-01-29;Expirada;0
2523;3142;2025-08-10;2025-11-08;Acionada;0
2524;3143;2026-02-21;2026-05-22;Expirada;0
2525;3144;2025-09-10;2025-12-09;Vigente;0
2526;3145;2026-05-23;2026-08-21;Acionada;0
2527;3146;2025-08-28;2025-11-26;Expirada;0
2528;3147;2025-07-14;2025-10-12;Expirada;1
2529;3149;2026-04-13;2026-07-12;Expirada;0
2530;3151;2026-06-20;2026-09-18;Acionada;0
2531;3152;2026-06-14;2026-09-12;Acionada;0
2532;3153;2025-12-08;2026-03-08;Acionada;0
2533;3154;2026-01-14;2026-04-14;Vigente;0
2534;3155;2026-05-25;2026-08-23;Acionada;0
2535;3156;2025-08-16;2025-11-14;Expirada;0
2536;3157;2025-11-09;2026-02-07;Expirada;1
2537;3158;2025-12-22;2026-03-22;Vigente;0
2538;3160;2026-02-04;2026-05-05;Vigente;0
2539;3161;2026-06-29;2026-09-27;Expirada;0
2540;3162;2025-11-04;2026-02-02;Vigente;0
2541;3163;2026-05-31;2026-08-29;Acionada;0
2542;3164;2025-09-18;2025-12-17;Expirada;0
2543;3165;2026-01-15;2026-04-15;Vigente;0
2544;3166;2026-03-30;2026-06-28;Expirada;0
2545;3167;2026-05-29;2026-08-27;Vigente;0
2546;3168;2025-11-28;2026-02-26;Acionada;0
2547;3169;2026-03-04;2026-06-02;Expirada;0
2548;3170;2026-02-18;2026-05-19;Vigente;0
2549;3171;2026-06-09;2026-09-07;Expirada;0
2550;3172;2026-05-30;2026-08-28;Acionada;0
2551;3173;2025-08-09;2025-11-07;Acionada;0
2552;3174;2026-01-19;2026-04-19;Expirada;0
2553;3176;2026-02-23;2026-05-24;Acionada;1
2554;3177;2025-07-10;2025-10-08;Expirada;0
2555;3178;2026-01-16;2026-04-16;Expirada;0
2556;3180;2026-04-29;2026-07-28;Vigente;0
2557;3181;2025-08-03;2025-11-01;Acionada;0
2558;3182;2026-04-22;2026-07-21;Acionada;0
2559;3183;2025-08-04;2025-11-02;Vigente;0
2560;3184;2025-10-13;2026-01-11;Acionada;0
2561;3186;2025-12-02;2026-03-02;Vigente;0
2562;3187;2025-09-18;2025-12-17;Acionada;0
2563;3188;2025-10-07;2026-01-05;Vigente;0
2564;3189;2025-12-07;2026-03-07;Expirada;0
2565;3190;2026-05-25;2026-08-23;Expirada;0
2566;3191;2025-07-14;2025-10-12;Acionada;0
2567;3192;2026-04-01;2026-06-30;Vigente;0
2568;3193;2025-12-14;2026-03-14;Acionada;0
2569;3194;2026-03-10;2026-06-08;Expirada;0
2570;3195;2025-08-28;2025-11-26;Acionada;1
2571;3196;2025-12-16;2026-03-16;Acionada;0
2572;3197;2025-09-08;2025-12-07;Acionada;0
2573;3198;2025-09-09;2025-12-08;Acionada;0
2574;3200;2026-05-03;2026-08-01;Vigente;0
2575;3202;2026-02-22;2026-05-23;Vigente;0
2576;3203;2025-12-18;2026-03-18;Expirada;0
2577;3204;2025-07-05;2025-10-03;Acionada;0
2578;3205;2026-04-24;2026-07-23;Acionada;0
2579;3206;2026-05-24;2026-08-22;Expirada;0
2580;3208;2026-04-12;2026-07-11;Expirada;0
2581;3209;2026-05-25;2026-08-23;Vigente;0
2582;3210;2025-08-09;2025-11-07;Vigente;0
2583;3211;2025-09-08;2025-12-07;Expirada;0
2584;3212;2025-07-19;2025-10-17;Expirada;0
2585;3213;2025-10-27;2026-01-25;Vigente;0
2586;3214;2026-05-04;2026-08-02;Expirada;0
2587;3215;2026-03-03;2026-06-01;Expirada;0
2588;3216;2026-06-27;2026-09-25;Acionada;0
2589;3218;2026-02-10;2026-05-11;Vigente;0
2590;3219;2025-11-02;2026-01-31;Expirada;0
2591;3220;2025-12-11;2026-03-11;Acionada;0
2592;3222;2026-04-18;2026-07-17;Expirada;1
2593;3223;2026-04-25;2026-07-24;Vigente;0
2594;3224;2026-05-17;2026-08-15;Expirada;0
2595;3225;2026-05-05;2026-08-03;Acionada;0
2596;3226;2025-12-02;2026-03-02;Expirada;0
2597;3228;2025-10-01;2025-12-30;Vigente;0
2598;3229;2026-02-19;2026-05-20;Expirada;0
2599;3232;2026-05-10;2026-08-08;Expirada;0
2600;3233;2025-10-23;2026-01-21;Expirada;0
2601;3235;2026-03-06;2026-06-04;Acionada;0
2602;3236;2026-01-01;2026-04-01;Acionada;0
2603;3237;2026-04-15;2026-07-14;Expirada;0
2604;3238;2026-04-25;2026-07-24;Expirada;0
2605;3239;2026-05-17;2026-08-15;Expirada;0
2606;3240;2026-01-21;2026-04-21;Vigente;1
2607;3241;2026-04-30;2026-07-29;Expirada;0
2608;3242;2025-07-24;2025-10-22;Vigente;0
2609;3244;2026-05-04;2026-08-02;Vigente;0
2610;3245;2026-03-26;2026-06-24;Acionada;0
2611;3247;2025-08-17;2025-11-15;Expirada;0
2612;3248;2026-04-03;2026-07-02;Vigente;0
2613;3251;2025-12-16;2026-03-16;Vigente;0
2614;3252;2026-05-29;2026-08-27;Expirada;0
2615;3254;2025-10-10;2026-01-08;Acionada;0
2616;3256;2025-09-18;2025-12-17;Acionada;0
2617;3257;2025-11-24;2026-02-22;Acionada;0
2618;3258;2026-04-22;2026-07-21;Acionada;0
2619;3259;2025-09-19;2025-12-18;Acionada;0
2620;3260;2025-10-04;2026-01-02;Expirada;0
2621;3261;2026-01-18;2026-04-18;Vigente;0
2622;3262;2025-07-15;2025-10-13;Vigente;0
2623;3264;2025-08-02;2025-10-31;Acionada;0
2624;3266;2026-02-03;2026-05-04;Acionada;0
2625;3267;2025-11-29;2026-02-27;Vigente;0
2626;3268;2026-03-13;2026-06-11;Acionada;0
2627;3269;2026-03-18;2026-06-16;Acionada;0
2628;3270;2025-11-14;2026-02-12;Expirada;0
2629;3271;2025-07-15;2025-10-13;Expirada;0
2630;3274;2025-11-06;2026-02-04;Vigente;0
2631;3275;2026-01-11;2026-04-11;Expirada;0
2632;3277;2025-09-14;2025-12-13;Expirada;0
2633;3278;2025-12-12;2026-03-12;Expirada;0
2634;3279;2025-08-22;2025-11-20;Expirada;0
2635;3280;2025-11-06;2026-02-04;Vigente;0
2636;3281;2026-05-25;2026-08-23;Expirada;0
2637;3282;2025-09-15;2025-12-14;Vigente;0
2638;3283;2026-03-29;2026-06-27;Expirada;1
2639;3284;2026-01-06;2026-04-06;Expirada;0
2640;3287;2026-02-24;2026-05-25;Acionada;0
2641;3291;2025-11-09;2026-02-07;Expirada;0
2642;3292;2026-02-19;2026-05-20;Vigente;0
2643;3293;2025-07-13;2025-10-11;Acionada;0
2644;3294;2025-10-11;2026-01-09;Acionada;0
2645;3296;2026-04-05;2026-07-04;Acionada;0
2646;3297;2026-05-10;2026-08-08;Expirada;0
2647;3299;2025-07-28;2025-10-26;Acionada;0
2648;3300;2025-10-07;2026-01-05;Expirada;0
2649;3301;2025-07-16;2025-10-14;Vigente;0
2650;3302;2026-04-22;2026-07-21;Acionada;0
2651;3303;2025-10-02;2025-12-31;Expirada;0
2652;3304;2025-10-15;2026-01-13;Expirada;0
2653;3305;2026-01-05;2026-04-05;Expirada;0
2654;3306;2026-03-24;2026-06-22;Expirada;0
2655;3307;2025-10-26;2026-01-24;Expirada;0
2656;3308;2025-08-16;2025-11-14;Vigente;0
2657;3309;2025-11-09;2026-02-07;Expirada;0
2658;3310;2026-02-18;2026-05-19;Vigente;0
2659;3311;2026-05-22;2026-08-20;Expirada;0
2660;3314;2026-02-17;2026-05-18;Expirada;0
2661;3317;2025-09-19;2025-12-18;Expirada;0
2662;3318;2026-05-26;2026-08-24;Expirada;0
2663;3319;2025-09-09;2025-12-08;Vigente;0
2664;3320;2026-03-11;2026-06-09;Acionada;0
2665;3321;2026-01-07;2026-04-07;Vigente;0
2666;3322;2025-11-20;2026-02-18;Vigente;0
2667;3323;2026-05-07;2026-08-05;Expirada;0
2668;3324;2026-06-15;2026-09-13;Acionada;0
2669;3327;2026-02-02;2026-05-03;Acionada;0
2670;3328;2026-01-12;2026-04-12;Acionada;0
2671;3329;2025-08-01;2025-10-30;Acionada;0
2672;3330;2025-10-07;2026-01-05;Acionada;0
2673;3332;2025-12-19;2026-03-19;Expirada;0
2674;3333;2026-06-14;2026-09-12;Expirada;0
2675;3335;2026-06-29;2026-09-27;Expirada;0
2676;3336;2025-07-30;2025-10-28;Expirada;0
2677;3337;2025-08-02;2025-10-31;Acionada;0
2678;3338;2026-02-06;2026-05-07;Expirada;0
2679;3339;2026-05-24;2026-08-22;Acionada;0
2680;3340;2025-11-23;2026-02-21;Acionada;0
2681;3341;2025-07-10;2025-10-08;Expirada;0
2682;3343;2025-11-26;2026-02-24;Expirada;0
2683;3346;2026-05-12;2026-08-10;Vigente;0
2684;3347;2026-03-08;2026-06-06;Vigente;0
2685;3348;2026-03-29;2026-06-27;Acionada;0
2686;3349;2026-05-23;2026-08-21;Expirada;0
2687;3350;2026-05-10;2026-08-08;Vigente;0
2688;3351;2025-07-29;2025-10-27;Expirada;0
2689;3353;2026-04-15;2026-07-14;Acionada;0
2690;3354;2025-12-16;2026-03-16;Vigente;0
2691;3355;2025-08-05;2025-11-03;Vigente;0
2692;3356;2026-01-25;2026-04-25;Vigente;0
2693;3357;2025-08-16;2025-11-14;Expirada;0
2694;3359;2025-10-30;2026-01-28;Vigente;0
2695;3360;2026-02-25;2026-05-26;Acionada;0
2696;3361;2025-08-29;2025-11-27;Expirada;0
2697;3362;2025-11-11;2026-02-09;Expirada;0
2698;3363;2026-01-05;2026-04-05;Expirada;0
2699;3364;2026-01-17;2026-04-17;Vigente;0
2700;3365;2025-08-25;2025-11-23;Expirada;0
2701;3366;2025-09-13;2025-12-12;Acionada;0
2702;3367;2026-04-26;2026-07-25;Expirada;0
2703;3368;2026-01-13;2026-04-13;Vigente;0
2704;3369;2025-10-13;2026-01-11;Acionada;0
2705;3370;2026-04-04;2026-07-03;Vigente;0
2706;3371;2025-07-17;2025-10-15;Vigente;0
2707;3372;2026-05-27;2026-08-25;Expirada;0
2708;3373;2025-11-30;2026-02-28;Acionada;0
2709;3374;2026-02-13;2026-05-14;Acionada;0
2710;3377;2026-06-20;2026-09-18;Expirada;0
2711;3378;2025-11-23;2026-02-21;Expirada;0
2712;3380;2025-09-02;2025-12-01;Expirada;0
2713;3381;2026-02-07;2026-05-08;Expirada;0
2714;3382;2026-01-12;2026-04-12;Expirada;0
2715;3383;2026-02-21;2026-05-22;Expirada;0
2716;3385;2025-07-12;2025-10-10;Acionada;0
2717;3387;2026-01-15;2026-04-15;Acionada;0
2718;3390;2026-02-01;2026-05-02;Vigente;0
2719;3391;2025-07-11;2025-10-09;Acionada;0
2720;3392;2025-09-21;2025-12-20;Acionada;0
2721;3393;2026-05-09;2026-08-07;Vigente;0
2722;3394;2026-01-05;2026-04-05;Expirada;0
2723;3396;2025-12-23;2026-03-23;Acionada;0
2724;3397;2025-12-23;2026-03-23;Acionada;0
2725;3398;2025-09-13;2025-12-12;Expirada;0
2726;3400;2025-12-05;2026-03-05;Acionada;0
2727;3402;2025-12-05;2026-03-05;Expirada;0
2728;3403;2026-01-27;2026-04-27;Acionada;0
2729;3404;2026-01-17;2026-04-17;Vigente;0
2730;3405;2025-09-18;2025-12-17;Vigente;0
2731;3407;2026-03-06;2026-06-04;Acionada;0
2732;3408;2026-04-28;2026-07-27;Vigente;1
2733;3409;2026-01-15;2026-04-15;Vigente;0
2734;3410;2026-02-07;2026-05-08;Expirada;0
2735;3411;2026-03-20;2026-06-18;Vigente;0
2736;3412;2025-09-30;2025-12-29;Acionada;0
2737;3413;2026-04-25;2026-07-24;Expirada;0
2738;3415;2026-04-29;2026-07-28;Acionada;0
2739;3416;2025-08-18;2025-11-16;Expirada;0
2740;3417;2026-05-17;2026-08-15;Expirada;0
2741;3418;2026-02-14;2026-05-15;Acionada;0
2742;3420;2026-03-04;2026-06-02;Expirada;0
2743;3421;2025-09-17;2025-12-16;Vigente;0
2744;3422;2025-11-12;2026-02-10;Vigente;0
2745;3423;2026-01-10;2026-04-10;Acionada;0
2746;3424;2026-03-23;2026-06-21;Vigente;0
2747;3425;2026-03-13;2026-06-11;Acionada;0
2748;3426;2025-09-24;2025-12-23;Acionada;0
2749;3427;2026-07-06;2026-10-04;Acionada;0
2750;3428;2026-03-15;2026-06-13;Vigente;0
2751;3429;2026-04-26;2026-07-25;Acionada;0
2752;3431;2026-05-26;2026-08-24;Acionada;0
2753;3433;2026-04-17;2026-07-16;Acionada;0
2754;3434;2025-09-23;2025-12-22;Vigente;0
2755;3437;2025-08-31;2025-11-29;Vigente;0
2756;3438;2026-04-01;2026-06-30;Vigente;0
2757;3439;2026-04-27;2026-07-26;Vigente;1
2758;3440;2026-01-18;2026-04-18;Expirada;0
2759;3441;2026-05-13;2026-08-11;Acionada;0
2760;3442;2025-10-01;2025-12-30;Vigente;0
2761;3443;2025-09-17;2025-12-16;Acionada;0
2762;3444;2026-07-11;2026-10-09;Acionada;0
2763;3445;2025-11-12;2026-02-10;Vigente;0
2764;3446;2025-07-22;2025-10-20;Expirada;0
2765;3448;2026-01-12;2026-04-12;Expirada;0
2766;3449;2026-04-08;2026-07-07;Expirada;0
2767;3450;2026-07-02;2026-09-30;Acionada;0
2768;3451;2026-04-13;2026-07-12;Expirada;0
2769;3452;2025-09-02;2025-12-01;Acionada;1
2770;3455;2026-01-13;2026-04-13;Expirada;0
2771;3456;2026-04-17;2026-07-16;Vigente;0
2772;3457;2025-11-21;2026-02-19;Vigente;0
2773;3458;2025-10-08;2026-01-06;Expirada;0
2774;3459;2025-12-12;2026-03-12;Acionada;0
2775;3460;2025-09-05;2025-12-04;Expirada;0
2776;3461;2026-04-04;2026-07-03;Vigente;0
2777;3462;2026-03-28;2026-06-26;Vigente;0
2778;3463;2025-08-22;2025-11-20;Acionada;0
2779;3464;2026-03-30;2026-06-28;Acionada;0
2780;3465;2026-05-30;2026-08-28;Vigente;1
2781;3466;2026-05-06;2026-08-04;Expirada;0
2782;3468;2026-03-03;2026-06-01;Vigente;0
2783;3469;2026-07-10;2026-10-08;Acionada;0
2784;3470;2026-05-27;2026-08-25;Vigente;0
2785;3471;2025-12-19;2026-03-19;Vigente;0
2786;3472;2025-12-28;2026-03-28;Vigente;0
2787;3473;2025-07-13;2025-10-11;Vigente;0
2788;3474;2025-07-25;2025-10-23;Acionada;0
2789;3475;2025-09-17;2025-12-16;Vigente;0
2790;3476;2026-05-04;2026-08-02;Acionada;0
2791;3477;2026-06-18;2026-09-16;Vigente;0
2792;3478;2025-08-08;2025-11-06;Expirada;0
2793;3479;2025-10-12;2026-01-10;Expirada;0
2794;3480;2025-09-04;2025-12-03;Vigente;0
2795;3482;2026-06-22;2026-09-20;Vigente;0
2796;3483;2025-07-19;2025-10-17;Acionada;0
2797;3484;2025-10-29;2026-01-27;Expirada;0
2798;3485;2026-05-03;2026-08-01;Vigente;0
2799;3487;2026-05-31;2026-08-29;Acionada;0
2800;3488;2025-12-09;2026-03-09;Acionada;0
2801;3489;2025-07-20;2025-10-18;Expirada;0
2802;3490;2025-07-20;2025-10-18;Expirada;0
2803;3491;2025-09-14;2025-12-13;Vigente;0
2804;3492;2025-09-11;2025-12-10;Vigente;0
2805;3494;2025-08-17;2025-11-15;Vigente;0
2806;3495;2026-03-23;2026-06-21;Expirada;0
2807;3496;2026-01-27;2026-04-27;Acionada;0
2808;3497;2026-03-19;2026-06-17;Vigente;0
2809;3498;2025-12-15;2026-03-15;Vigente;0
2810;3499;2026-01-02;2026-04-02;Expirada;0
2811;3500;2026-01-15;2026-04-15;Expirada;0
2812;3501;2026-05-16;2026-08-14;Vigente;0
2813;3502;2025-07-26;2025-10-24;Vigente;0
2814;3503;2025-11-22;2026-02-20;Vigente;0
2815;3504;2025-12-01;2026-03-01;Vigente;0
2816;3505;2026-02-22;2026-05-23;Vigente;0
2817;3507;2025-12-31;2026-03-31;Expirada;0
2818;3509;2025-12-14;2026-03-14;Acionada;0
2819;3510;2026-03-19;2026-06-17;Acionada;0
2820;3511;2026-03-05;2026-06-03;Vigente;0
2821;3513;2026-04-22;2026-07-21;Expirada;0
2822;3514;2025-10-03;2026-01-01;Vigente;0
2823;3515;2025-11-03;2026-02-01;Acionada;0
2824;3516;2026-06-22;2026-09-20;Vigente;0
2825;3517;2026-03-22;2026-06-20;Expirada;0
2826;3518;2025-09-30;2025-12-29;Vigente;0
2827;3519;2025-11-07;2026-02-05;Vigente;0
2828;3520;2026-01-20;2026-04-20;Vigente;0
2829;3521;2025-11-10;2026-02-08;Expirada;0
2830;3523;2025-11-14;2026-02-12;Acionada;0
2831;3524;2026-02-13;2026-05-14;Vigente;0
2832;3525;2026-03-17;2026-06-15;Expirada;0
2833;3526;2025-08-11;2025-11-09;Acionada;0
2834;3527;2026-02-07;2026-05-08;Vigente;0
2835;3528;2025-07-10;2025-10-08;Expirada;0
2836;3529;2026-06-10;2026-09-08;Acionada;0
2837;3530;2026-05-26;2026-08-24;Vigente;1
2838;3533;2026-03-25;2026-06-23;Vigente;0
2839;3534;2026-02-03;2026-05-04;Vigente;0
2840;3535;2026-01-21;2026-04-21;Vigente;0
2841;3538;2025-11-20;2026-02-18;Vigente;0
2842;3539;2025-10-22;2026-01-20;Acionada;0
2843;3540;2026-05-28;2026-08-26;Expirada;0
2844;3541;2026-01-26;2026-04-26;Expirada;0
2845;3542;2026-04-24;2026-07-23;Acionada;0
2846;3544;2025-09-28;2025-12-27;Acionada;0
2847;3546;2026-03-21;2026-06-19;Vigente;0
2848;3547;2025-10-20;2026-01-18;Expirada;0
2849;3549;2026-04-25;2026-07-24;Acionada;0
2850;3550;2025-07-20;2025-10-18;Vigente;0
2851;3551;2026-05-24;2026-08-22;Vigente;0
2852;3552;2026-06-06;2026-09-04;Acionada;0
2853;3554;2026-01-01;2026-04-01;Vigente;0
2854;3555;2025-09-05;2025-12-04;Expirada;0
2855;3556;2026-01-02;2026-04-02;Expirada;0
2856;3557;2025-09-06;2025-12-05;Vigente;0
2857;3558;2026-07-09;2026-10-07;Expirada;0
2858;3559;2025-12-27;2026-03-27;Acionada;0
2859;3560;2025-11-07;2026-02-05;Acionada;0
2860;3561;2026-02-09;2026-05-10;Expirada;0
2861;3564;2026-06-07;2026-09-05;Acionada;0
2862;3566;2026-03-17;2026-06-15;Acionada;0
2863;3567;2025-10-23;2026-01-21;Vigente;0
2864;3568;2026-03-25;2026-06-23;Acionada;0
2865;3569;2026-05-21;2026-08-19;Acionada;0
2866;3570;2025-10-22;2026-01-20;Expirada;1
2867;3571;2025-09-30;2025-12-29;Vigente;1
2868;3573;2025-12-09;2026-03-09;Expirada;0
2869;3574;2025-09-24;2025-12-23;Vigente;0
2870;3575;2025-09-15;2025-12-14;Vigente;0
2871;3577;2026-03-03;2026-06-01;Expirada;0
2872;3578;2026-05-20;2026-08-18;Expirada;0
2873;3579;2026-04-07;2026-07-06;Expirada;0
2874;3581;2025-11-18;2026-02-16;Acionada;0
2875;3582;2026-01-14;2026-04-14;Expirada;1
2876;3583;2025-08-24;2025-11-22;Vigente;0
2877;3584;2026-02-07;2026-05-08;Vigente;0
2878;3586;2025-10-10;2026-01-08;Vigente;0
2879;3588;2025-10-13;2026-01-11;Acionada;0
2880;3589;2026-02-18;2026-05-19;Expirada;0
2881;3591;2025-09-07;2025-12-06;Expirada;0
2882;3593;2025-10-16;2026-01-14;Acionada;0
2883;3594;2025-09-03;2025-12-02;Vigente;1
2884;3595;2026-03-29;2026-06-27;Expirada;0
2885;3596;2025-12-19;2026-03-19;Acionada;0
2886;3597;2026-07-03;2026-10-01;Acionada;0
2887;3598;2025-12-14;2026-03-14;Acionada;0
2888;3599;2026-06-12;2026-09-10;Acionada;0
2889;3600;2025-07-14;2025-10-12;Expirada;0
2890;3601;2025-09-02;2025-12-01;Vigente;0
2891;3602;2025-12-11;2026-03-11;Acionada;0
2892;3603;2026-05-20;2026-08-18;Vigente;0
2893;3604;2026-04-22;2026-07-21;Expirada;0
2894;3605;2025-07-15;2025-10-13;Vigente;0
2895;3608;2026-04-12;2026-07-11;Vigente;0
2896;3609;2025-12-27;2026-03-27;Expirada;0
2897;3610;2025-11-11;2026-02-09;Vigente;0
2898;3611;2026-03-03;2026-06-01;Expirada;0
2899;3612;2026-02-09;2026-05-10;Acionada;0
2900;3613;2026-01-23;2026-04-23;Expirada;0
2901;3614;2025-09-01;2025-11-30;Vigente;0
2902;3615;2026-01-11;2026-04-11;Expirada;0
2903;3616;2026-03-17;2026-06-15;Vigente;0
2904;3617;2025-10-30;2026-01-28;Acionada;0
2905;3618;2026-05-15;2026-08-13;Vigente;0
2906;3619;2026-01-11;2026-04-11;Expirada;1
2907;3621;2026-04-07;2026-07-06;Vigente;0
2908;3622;2026-05-11;2026-08-09;Acionada;0
2909;3623;2026-02-22;2026-05-23;Acionada;0
2910;3624;2026-04-22;2026-07-21;Expirada;1
2911;3625;2026-03-20;2026-06-18;Acionada;0
2912;3626;2025-12-20;2026-03-20;Vigente;0
2913;3627;2025-09-15;2025-12-14;Vigente;0
2914;3628;2026-01-16;2026-04-16;Expirada;0
2915;3629;2026-05-10;2026-08-08;Acionada;0
2916;3631;2025-08-15;2025-11-13;Acionada;0
2917;3632;2026-05-25;2026-08-23;Vigente;0
2918;3634;2026-01-13;2026-04-13;Vigente;0
2919;3635;2025-09-15;2025-12-14;Vigente;0
2920;3636;2025-08-23;2025-11-21;Vigente;0
2921;3637;2025-10-08;2026-01-06;Expirada;0
2922;3638;2025-11-01;2026-01-30;Acionada;0
2923;3639;2026-06-06;2026-09-04;Vigente;0
2924;3641;2025-11-28;2026-02-26;Acionada;0
2925;3642;2025-10-13;2026-01-11;Vigente;0
2926;3643;2025-10-09;2026-01-07;Vigente;0
2927;3644;2025-12-23;2026-03-23;Vigente;0
2928;3645;2026-02-07;2026-05-08;Vigente;0
2929;3646;2026-07-12;2026-10-10;Vigente;0
2930;3647;2026-05-16;2026-08-14;Vigente;0
2931;3648;2025-12-07;2026-03-07;Acionada;0
2932;3649;2026-06-01;2026-08-30;Vigente;0
2933;3650;2026-04-26;2026-07-25;Vigente;0
2934;3651;2026-02-27;2026-05-28;Expirada;0
2935;3652;2025-12-05;2026-03-05;Expirada;0
2936;3653;2025-09-02;2025-12-01;Acionada;0
2937;3656;2026-04-14;2026-07-13;Acionada;0
2938;3657;2025-11-19;2026-02-17;Expirada;0
2939;3658;2026-01-06;2026-04-06;Vigente;0
2940;3659;2026-04-04;2026-07-03;Vigente;0
2941;3660;2026-03-06;2026-06-04;Acionada;0
2942;3661;2026-03-05;2026-06-03;Expirada;0
2943;3662;2025-08-14;2025-11-12;Expirada;0
2944;3664;2026-02-03;2026-05-04;Expirada;0
2945;3665;2025-12-23;2026-03-23;Expirada;0
2946;3666;2025-10-09;2026-01-07;Expirada;0
2947;3667;2026-06-23;2026-09-21;Expirada;0
2948;3668;2026-02-16;2026-05-17;Vigente;0
2949;3670;2026-05-22;2026-08-20;Acionada;0
2950;3671;2025-08-25;2025-11-23;Expirada;0
2951;3672;2025-10-10;2026-01-08;Vigente;0
2952;3673;2025-11-26;2026-02-24;Vigente;0
2953;3675;2025-12-07;2026-03-07;Vigente;0
2954;3676;2026-03-06;2026-06-04;Vigente;0
2955;3677;2025-11-19;2026-02-17;Acionada;0
2956;3678;2026-04-28;2026-07-27;Vigente;0
2957;3681;2026-06-28;2026-09-26;Acionada;0
2958;3682;2026-06-19;2026-09-17;Expirada;0
2959;3684;2025-12-15;2026-03-15;Expirada;0
2960;3686;2025-08-21;2025-11-19;Expirada;0
2961;3687;2026-04-03;2026-07-02;Vigente;0
2962;3690;2026-01-27;2026-04-27;Expirada;0
2963;3692;2026-05-01;2026-07-30;Acionada;0
2964;3693;2025-07-22;2025-10-20;Acionada;1
2965;3694;2025-10-19;2026-01-17;Acionada;0
2966;3696;2026-03-17;2026-06-15;Vigente;0
2967;3697;2026-03-17;2026-06-15;Acionada;0
2968;3698;2025-11-28;2026-02-26;Acionada;0
2969;3699;2025-08-02;2025-10-31;Vigente;0
2970;3700;2025-09-29;2025-12-28;Acionada;0
2971;3701;2026-03-01;2026-05-30;Vigente;0
2972;3702;2026-06-03;2026-09-01;Expirada;0
2973;3703;2025-10-06;2026-01-04;Expirada;0
2974;3704;2025-08-23;2025-11-21;Expirada;0
2975;3705;2026-02-17;2026-05-18;Acionada;0
2976;3706;2025-09-04;2025-12-03;Expirada;0
2977;3707;2026-02-21;2026-05-22;Acionada;0
2978;3708;2026-01-13;2026-04-13;Vigente;0
2979;3710;2025-12-09;2026-03-09;Acionada;0
2980;3711;2025-09-11;2025-12-10;Vigente;1
2981;3712;2025-09-26;2025-12-25;Acionada;0
2982;3713;2025-12-14;2026-03-14;Vigente;0
2983;3714;2026-04-20;2026-07-19;Expirada;0
2984;3715;2026-02-04;2026-05-05;Vigente;0
2985;3716;2025-11-27;2026-02-25;Acionada;0
2986;3717;2025-12-10;2026-03-10;Vigente;0
2987;3718;2026-01-02;2026-04-02;Expirada;0
2988;3719;2025-08-31;2025-11-29;Vigente;0
2989;3720;2026-01-01;2026-04-01;Vigente;0
2990;3721;2025-10-25;2026-01-23;Acionada;0
2991;3723;2026-05-07;2026-08-05;Expirada;0
2992;3724;2026-01-07;2026-04-07;Vigente;0
2993;3725;2026-05-12;2026-08-10;Vigente;0
2994;3726;2026-05-23;2026-08-21;Acionada;1
2995;3727;2026-06-21;2026-09-19;Expirada;0
2996;3728;2025-12-12;2026-03-12;Vigente;0
2997;3729;2025-10-02;2025-12-31;Acionada;0
2998;3730;2026-05-20;2026-08-18;Expirada;0
2999;3731;2025-08-27;2025-11-25;Acionada;0
3000;3733;2025-08-08;2025-11-06;Expirada;0
3001;3734;2026-05-03;2026-08-01;Vigente;0
3002;3735;2026-02-09;2026-05-10;Acionada;0
3003;3736;2026-04-30;2026-07-29;Vigente;1
3004;3737;2025-07-22;2025-10-20;Vigente;0
3005;3739;2025-12-17;2026-03-17;Expirada;0
3006;3740;2026-02-11;2026-05-12;Expirada;0
3007;3742;2025-12-23;2026-03-23;Vigente;0
3008;3743;2025-12-31;2026-03-31;Acionada;0
3009;3744;2026-05-28;2026-08-26;Vigente;0
3010;3745;2026-06-23;2026-09-21;Vigente;0
3011;3747;2025-09-23;2025-12-22;Vigente;0
3012;3749;2025-10-22;2026-01-20;Acionada;0
3013;3751;2026-03-02;2026-05-31;Expirada;0
3014;3752;2025-11-04;2026-02-02;Expirada;0
3015;3753;2026-01-02;2026-04-02;Acionada;0
3016;3754;2025-11-11;2026-02-09;Vigente;0
3017;3755;2025-12-14;2026-03-14;Acionada;0
3018;3756;2026-02-10;2026-05-11;Expirada;0
3019;3757;2025-10-18;2026-01-16;Acionada;0
3020;3758;2026-05-10;2026-08-08;Acionada;0
3021;3759;2026-07-05;2026-10-03;Acionada;0
3022;3760;2026-06-06;2026-09-04;Acionada;0
3023;3761;2026-06-15;2026-09-13;Expirada;0
3024;3763;2025-09-23;2025-12-22;Expirada;0
3025;3764;2026-03-16;2026-06-14;Acionada;0
3026;3765;2025-07-12;2025-10-10;Vigente;0
3027;3766;2026-05-13;2026-08-11;Acionada;0
3028;3767;2025-11-30;2026-02-28;Expirada;0
3029;3768;2025-08-02;2025-10-31;Acionada;0
3030;3769;2025-10-25;2026-01-23;Vigente;0
3031;3770;2026-03-13;2026-06-11;Vigente;0
3032;3771;2026-01-30;2026-04-30;Expirada;0
3033;3772;2025-10-21;2026-01-19;Acionada;0
3034;3773;2026-06-27;2026-09-25;Acionada;0
3035;3774;2025-10-17;2026-01-15;Expirada;0
3036;3775;2025-09-07;2025-12-06;Vigente;1
3037;3776;2026-05-11;2026-08-09;Expirada;0
3038;3777;2026-06-18;2026-09-16;Acionada;0
3039;3778;2025-11-22;2026-02-20;Vigente;0
3040;3779;2026-04-27;2026-07-26;Acionada;0
3041;3780;2025-08-16;2025-11-14;Acionada;0
3042;3781;2026-06-14;2026-09-12;Expirada;1
3043;3782;2026-03-07;2026-06-05;Expirada;0
3044;3784;2026-06-29;2026-09-27;Acionada;0
3045;3785;2026-03-31;2026-06-29;Vigente;0
3046;3786;2026-05-09;2026-08-07;Vigente;0
3047;3787;2025-07-13;2025-10-11;Expirada;0
3048;3788;2026-01-27;2026-04-27;Acionada;0
3049;3789;2026-03-17;2026-06-15;Expirada;0
3050;3790;2026-03-29;2026-06-27;Vigente;0
3051;3791;2025-12-09;2026-03-09;Vigente;0
3052;3792;2025-12-24;2026-03-24;Acionada;0
3053;3793;2025-12-19;2026-03-19;Acionada;0
3054;3795;2026-03-17;2026-06-15;Expirada;0
3055;3796;2026-01-28;2026-04-28;Vigente;1
3056;3797;2026-01-16;2026-04-16;Acionada;0
3057;3798;2026-03-08;2026-06-06;Acionada;0
3058;3799;2025-10-24;2026-01-22;Expirada;0
3059;3800;2026-06-12;2026-09-10;Expirada;0
3060;3801;2026-07-12;2026-10-10;Acionada;0
3061;3802;2025-09-20;2025-12-19;Acionada;0
3062;3803;2026-03-23;2026-06-21;Expirada;0
3063;3804;2025-08-25;2025-11-23;Vigente;0
3064;3806;2025-10-19;2026-01-17;Acionada;0
3065;3807;2026-02-03;2026-05-04;Expirada;0
3066;3808;2026-04-03;2026-07-02;Expirada;0
3067;3809;2026-03-18;2026-06-16;Acionada;0
3068;3810;2025-12-07;2026-03-07;Expirada;0
3069;3811;2026-01-01;2026-04-01;Vigente;0
3070;3812;2025-12-04;2026-03-04;Vigente;0
3071;3813;2026-01-11;2026-04-11;Expirada;0
3072;3814;2025-07-14;2025-10-12;Expirada;0
3073;3815;2025-10-19;2026-01-17;Acionada;0
3074;3816;2026-05-09;2026-08-07;Acionada;1
3075;3818;2026-05-11;2026-08-09;Expirada;0
3076;3819;2026-06-17;2026-09-15;Vigente;0
3077;3821;2026-05-28;2026-08-26;Vigente;0
3078;3822;2025-08-11;2025-11-09;Vigente;0
3079;3823;2025-09-20;2025-12-19;Acionada;0
3080;3824;2025-08-18;2025-11-16;Vigente;0
3081;3826;2026-03-31;2026-06-29;Expirada;0
3082;3828;2025-12-11;2026-03-11;Vigente;0
3083;3829;2025-12-03;2026-03-03;Vigente;0
3084;3830;2026-05-30;2026-08-28;Vigente;0
3085;3831;2026-02-03;2026-05-04;Vigente;0
3086;3832;2026-01-15;2026-04-15;Acionada;0
3087;3833;2026-04-12;2026-07-11;Acionada;0
3088;3834;2026-05-14;2026-08-12;Vigente;0
3089;3835;2026-01-13;2026-04-13;Vigente;1
3090;3836;2026-03-12;2026-06-10;Vigente;0
3091;3837;2026-01-09;2026-04-09;Expirada;0
3092;3838;2026-02-09;2026-05-10;Acionada;0
3093;3839;2025-09-15;2025-12-14;Acionada;0
3094;3840;2026-04-10;2026-07-09;Expirada;0
3095;3841;2026-01-28;2026-04-28;Expirada;0
3096;3842;2025-11-01;2026-01-30;Acionada;0
3097;3843;2026-03-02;2026-05-31;Vigente;0
3098;3844;2025-07-03;2025-10-01;Acionada;0
3099;3845;2026-04-14;2026-07-13;Acionada;0
3100;3846;2025-10-18;2026-01-16;Expirada;0
3101;3847;2026-07-05;2026-10-03;Vigente;0
3102;3848;2026-03-28;2026-06-26;Acionada;0
3103;3849;2026-04-18;2026-07-17;Acionada;0
3104;3850;2025-09-26;2025-12-25;Vigente;0
3105;3851;2025-08-25;2025-11-23;Acionada;0
3106;3853;2026-06-19;2026-09-17;Vigente;0
3107;3854;2026-06-14;2026-09-12;Vigente;0
3108;3856;2025-11-10;2026-02-08;Vigente;0
3109;3857;2026-03-13;2026-06-11;Vigente;0
3110;3858;2026-06-16;2026-09-14;Acionada;0
3111;3859;2026-03-25;2026-06-23;Acionada;0
3112;3860;2026-07-06;2026-10-04;Acionada;0
3113;3862;2026-06-22;2026-09-20;Expirada;0
3114;3863;2025-08-19;2025-11-17;Vigente;0
3115;3864;2026-05-09;2026-08-07;Acionada;0
3116;3865;2026-06-27;2026-09-25;Acionada;0
3117;3866;2025-07-20;2025-10-18;Expirada;0
3118;3868;2025-07-20;2025-10-18;Vigente;1
3119;3869;2026-01-04;2026-04-04;Acionada;0
3120;3870;2026-02-12;2026-05-13;Vigente;0
3121;3871;2026-06-18;2026-09-16;Expirada;0
3122;3873;2025-08-12;2025-11-10;Acionada;0
3123;3874;2025-11-21;2026-02-19;Expirada;0
3124;3875;2026-05-30;2026-08-28;Vigente;0
3125;3876;2026-06-01;2026-08-30;Vigente;0
3126;3877;2025-09-29;2025-12-28;Expirada;0
3127;3880;2026-02-25;2026-05-26;Expirada;0
3128;3881;2025-10-23;2026-01-21;Expirada;0
3129;3882;2025-12-08;2026-03-08;Vigente;0
3130;3883;2025-09-15;2025-12-14;Expirada;0
3131;3887;2025-10-25;2026-01-23;Acionada;0
3132;3888;2025-12-05;2026-03-05;Expirada;0
3133;3889;2025-10-09;2026-01-07;Expirada;0
3134;3890;2025-07-23;2025-10-21;Acionada;0
3135;3891;2026-01-30;2026-04-30;Vigente;0
3136;3893;2025-07-31;2025-10-29;Vigente;0
3137;3894;2025-12-27;2026-03-27;Vigente;0
3138;3895;2025-12-09;2026-03-09;Expirada;0
3139;3897;2026-01-22;2026-04-22;Acionada;1
3140;3898;2025-11-02;2026-01-31;Acionada;0
3141;3899;2026-03-11;2026-06-09;Acionada;0
3142;3902;2026-01-31;2026-05-01;Vigente;0
3143;3903;2026-03-29;2026-06-27;Acionada;0
3144;3905;2026-04-22;2026-07-21;Expirada;0
3145;3906;2025-07-28;2025-10-26;Vigente;0
3146;3907;2025-12-14;2026-03-14;Vigente;0
3147;3908;2025-09-05;2025-12-04;Acionada;0
3148;3909;2026-02-25;2026-05-26;Acionada;0
3149;3910;2025-11-25;2026-02-23;Vigente;0
3150;3911;2026-01-02;2026-04-02;Vigente;0
3151;3912;2025-08-23;2025-11-21;Acionada;0
3152;3913;2025-09-26;2025-12-25;Vigente;0
3153;3914;2025-07-19;2025-10-17;Expirada;0
3154;3915;2026-01-25;2026-04-25;Vigente;0
3155;3916;2025-09-24;2025-12-23;Expirada;0
3156;3917;2026-02-23;2026-05-24;Acionada;1
3157;3919;2025-08-28;2025-11-26;Vigente;0
3158;3920;2025-11-10;2026-02-08;Vigente;0
3159;3921;2025-10-15;2026-01-13;Acionada;1
3160;3923;2025-10-12;2026-01-10;Vigente;0
3161;3924;2025-09-18;2025-12-17;Vigente;0
3162;3925;2026-01-06;2026-04-06;Expirada;0
3163;3927;2025-11-10;2026-02-08;Vigente;0
3164;3928;2025-10-09;2026-01-07;Vigente;1
3165;3929;2026-06-28;2026-09-26;Expirada;1
3166;3930;2025-12-20;2026-03-20;Expirada;0
3167;3931;2025-12-10;2026-03-10;Vigente;0
3168;3932;2025-09-19;2025-12-18;Expirada;0
3169;3933;2026-01-22;2026-04-22;Acionada;0
3170;3934;2025-10-25;2026-01-23;Vigente;0
3171;3935;2026-02-18;2026-05-19;Vigente;0
3172;3936;2026-03-15;2026-06-13;Expirada;0
3173;3937;2025-11-15;2026-02-13;Expirada;0
3174;3938;2026-01-01;2026-04-01;Expirada;0
3175;3939;2026-06-21;2026-09-19;Acionada;0
3176;3940;2026-04-25;2026-07-24;Vigente;0
3177;3941;2026-06-12;2026-09-10;Expirada;0
3178;3943;2025-07-30;2025-10-28;Acionada;0
3179;3944;2026-06-04;2026-09-02;Vigente;0
3180;3945;2026-03-30;2026-06-28;Expirada;0
3181;3946;2026-03-17;2026-06-15;Acionada;0
3182;3947;2026-06-11;2026-09-09;Expirada;0
3183;3948;2025-12-22;2026-03-22;Vigente;0
3184;3949;2025-07-31;2025-10-29;Expirada;0
3185;3950;2026-06-11;2026-09-09;Acionada;0
3186;3951;2025-10-18;2026-01-16;Vigente;0
3187;3952;2025-10-10;2026-01-08;Expirada;0
3188;3953;2025-08-28;2025-11-26;Expirada;0
3189;3954;2026-04-28;2026-07-27;Vigente;0
3190;3955;2026-04-13;2026-07-12;Vigente;0
3191;3957;2026-01-15;2026-04-15;Acionada;1
3192;3959;2026-05-13;2026-08-11;Acionada;0
3193;3960;2025-10-30;2026-01-28;Expirada;0
3194;3961;2026-03-17;2026-06-15;Vigente;0
3195;3962;2026-06-29;2026-09-27;Acionada;0
3196;3964;2026-02-26;2026-05-27;Vigente;0
3197;3965;2025-08-19;2025-11-17;Acionada;0
3198;3966;2026-05-27;2026-08-25;Acionada;0
3199;3967;2025-09-30;2025-12-29;Acionada;0
3200;3968;2025-08-20;2025-11-18;Vigente;0
3201;3969;2025-11-16;2026-02-14;Acionada;0
3202;3971;2025-09-03;2025-12-02;Vigente;0
3203;3974;2026-04-07;2026-07-06;Acionada;0
3204;3975;2025-07-23;2025-10-21;Expirada;0
3205;3976;2025-12-07;2026-03-07;Expirada;0
3206;3977;2026-04-02;2026-07-01;Expirada;0
3207;3978;2025-09-06;2025-12-05;Acionada;0
3208;3979;2025-07-22;2025-10-20;Vigente;0
3209;3981;2026-01-26;2026-04-26;Expirada;0
3210;3982;2026-03-12;2026-06-10;Acionada;0
3211;3984;2026-05-05;2026-08-03;Expirada;0
3212;3985;2025-08-13;2025-11-11;Vigente;0
3213;3986;2025-11-08;2026-02-06;Acionada;0
3214;3987;2025-09-02;2025-12-01;Acionada;0
3215;3988;2025-08-27;2025-11-25;Expirada;1
3216;3989;2025-11-07;2026-02-05;Vigente;0
3217;3990;2026-01-06;2026-04-06;Acionada;0
3218;3991;2025-12-21;2026-03-21;Expirada;0
3219;3992;2025-07-14;2025-10-12;Vigente;0
3220;3993;2025-10-05;2026-01-03;Vigente;0
3221;3994;2026-01-11;2026-04-11;Vigente;0
3222;3996;2025-09-28;2025-12-27;Expirada;0
3223;3998;2025-08-09;2025-11-07;Vigente;0
3224;3999;2026-06-10;2026-09-08;Acionada;0
3225;4000;2025-11-12;2026-02-10;Vigente;0
1822;2257;2025-12-27;2026-03-27;Vigente;0
248;323;2026-02-16;2026-05-17;Vigente;0
1910;2361;2026-04-05;2026-07-04;Vigente;0
3327;1;31/02/2026;2025-12-03;Expirada;0
