lote_id;produto_id;unidade_id;data_inicio;quantidade_planejada;quantidade_produzida;horas_planejadas;horas_reais;refugo_kg;consumo_energia_kwh;consumo_agua_l
L000001;P007;U03;2025-10-06;1269,84;1096,59;8,03;9,01;15,37;296,01;2759,69
L000002;P001;U03;2026-06-09;443,86;402,23;2,87;2,81;12,74;149,7;983,34
L000003;P005;U03;2024-03-11;1091,15;1063,1;6,0;6,87;16,61;398,53;2098,09
L000004;P007;U01;2025-06-03;1990,04;2020,29;13,11;11,99;38,12;740,34;5161,27
L000005;P004;U03;2025-07-25;314,79;295,71;1,59;1,97;6,28;69,24;575,18
L000006;P001;U03;2026-03-23;550,42;515,37;2,64;2,47;15,35;119,72;1387,41
L000007;P004;U02;2025-01-17;1092,35;1087,78;6,55;6,99;29,98;368,63;2202,34
L000008;P008;U02;2026-04-04;1371,44;1228,94;8,88;8,25;22,37;559,3;2661,3
L000009;P003;U03;2026-01-09;339,67;297,66;1,77;1,64;12,11;119,04;377,78
L000010;P004;U02;2025-02-07;1039,51;1016,61;7,65;9,59;35,56;601,62;2627,85
L000011;P007;U03;2026-03-15;1384,85;1209,2;10,9;11,17;33,43;587,94;1720,06
L000012;P006;U01;2026-05-03;2069,82;1791,99;16,42;18,54;32,87;593,72;4811,39
L000013;P004;U02;2025-06-03;869,31;757,18;4,7;4,8;3,41;239,63;1960,67
L000014;P002;U01;2026-07-02;1853,88;1848,51;9,72;9,08;47,19;1028,24;2463,22
L000015;P008;U02;2025-10-03;868,51;766,78;6,35;7,62;15,55;443,02;1227,35
L000016;P007;U03;2026-02-22;1820,13;1587,77;11,27;12,31;61,21;667,62;1917,22
L000017;P008;U02;2025-05-17;1327,18;1317,31;6,96;9,04;32,37;755,1;3398,11
L000018;P008;U01;2025-04-13;964,4;943,53;5,35;6,69;25,67;454,55;821,84
L000019;P001;U01;2025-01-23;526,94;480,97;2,55;2,41;18,17;253,06;1236,83
L000020;P002;U01;2024-03-02;425,19;408,34;2,61;2,71;571,6759999999999;238,14;966,04
L000021;P006;U02;2024-05-10;1142,16;989,2;8,29;7,48;7,48;317,45;1957,3
L000022;P006;U02;2024-02-07;404,01;372,53;3,25;3,61;13,3;178,8;574,91
L000023;P001;U03;2025-12-20;2066,12;1915,47;10,42;9,89;74,84;574,52;1582,62
L000024;P008;U03;2024-07-08;423,39;372,39;2,5;2,7;1,2;176,86;671,02
L000025;P005;U03;2025-03-24;2099,02;1932,17;15,07;19,69;9,37;792,72;3135,78
L000026;P007;U03;2026-03-14;1982,5;1904,53;14,37;16,07;78,66;1161,36;4525,06
L000027;P008;U02;2025-04-08;1304,24;1156,68;7,79;9,99;4,19;571,05;2372,11
L000028;P007;U01;2025-04-02;2166,86;2210,39;15,4;16,32;58,55;1284,96;2467,43
L000029;P008;U02;2024-10-17;524,0;457,01;3,75;3,81;4,35;108,82;1194,66
L000030;P002;U03;2024-05-14;1366,63;1396,7;7,15;7,71;42,5;343,0;3474,43
L000031;P005;U03;2024-12-09;1687,31;1626,16;12,34;11,59;46,84;833,79;2653,42
L000032;P005;U03;2025-12-15;2188,12;1925,41;14,14;15,44;74,18;1060,4;2771,61
L000033;P001;U02;2024-03-15;229,97;233,05;1,65;1,94;4,56;124,55;579,97
L000034;P005;U03;2026-03-22;300,63;258,85;1,52;1,83;7,37;67,86;216,7
L000035;P006;U03;2025-08-01;2098,27;1827,46;15,82;15,56;60,25;988,17;1342,21
L000036;P001;U03;2026-01-14;1091,83;1064,61;6,22;6,82;27,61;467,37;2215,85
L000037;P004;U03;2026-01-11;360,27;370,24;2,31;2,19;8,91;142,98;395,15
L000038;P002;U03;2025-09-08;1234,87;1156,22;9,2;8,94;27,9;616,41;3073,93
L000039;P006;U03;2026-02-22;1169,62;1170,14;5,63;7,57;38,51;450,06;2625,2
L000040;P008;U01;2026-02-23;471,07;470,99;2,34;2,66;19,25;219,24;1146,34
L000041;P008;U03;2025-01-27;1030,47;1040,21;7,02;9,15;36,48;352,67;1813,71
L000042;P007;U03;2025-10-07;1090,56;1004,04;8,24;8,23;40,85;548,85;2016,79
L000043;P004;U03;2024-07-03;1403,11;1342,83;10,7;13,18;33,52;700,22;3451,67
L000044;P001;U03;2024-12-04;411,31;373,37;2,96;3,18;11,62;206,17;802,97
L000045;P006;U03;2025-07-27;1501,71;1312,11;7,92;8,14;29,66;370,11;2362,79
L000046;P008;U02;2024-04-28;687,73;705,76;3,66;4,52;28,47;313,75;1344,74
L000047;P007;U03;2024-12-03;235,9;221,19;1,8;2,37;5,41;102,03;417,56
L000048;P001;U01;2026-02-15;2072,27;1997,6;10,19;10,31;51,15;797,28;2065,99
L000049;P008;U02;2024-11-13;1087,35;1022,97;5,59;6,95;37,52;420,77;2146,6
L000050;P003;U01;2026-02-24;1769,67;1601,73;9,21;11,39;46,49;885,19;2331,78
L000051;P002;U01;2025-10-07;1384,77;1373,33;8,06;9,72;29,96;328,79;3493,26
L000052;P002;U03;2024-10-25;855,72;766,75;6,43;8,27;3,6;317,67;674,35
L000053;P008;U01;2026-07-06;492,98;453,4;3,14;4,11;12,69;253,21;663,12
L000054;P006;U01;2026-06-14;1072,42;1074,61;6,22;8,12;38,74;565,88;1479,61
L000055;P007;U03;2026-01-13;663,76;627,73;3,51;3,22;14,47;368,74;1372,74
L000056;P007;U03;2024-03-02;1563,94;1534,39;9,23;9,22;34,17;859,98;3428,14
L000057;P008;U03;2026-03-27;1057,45;914,5;5,1;5,02;9,45;392,54;2424,95
L000058;P005;U03;2024-07-24;1029,71;976,22;7,63;9,8;11,46;531,33;2708,1
L000059;P004;U01;2026-07-06;1282,47;1104,67;6,68;7,41;43,6;252,54;1585,46
L000060;P005;U02;2024-05-19;229,31;203,16;1,78;2,18;7,13;74,81;223,04
L000061;P007;U02;2025-06-04;1935,93;1780,49;12,58;15,41;27,07;417,66;3978,48
L000062;P005;U03;2024-04-27;837,74;770,93;5,94;6,87;5,82;339,12;653,08
L000063;P002;U02;2026-06-04;1866,79;1898,21;15,51;17,19;76,77;601,1;1671,41
L000064;P001;U02;2024-06-16;1557,7;1348,98;11,99;13,85;14,71;487,64;2137,24
L000065;P006;U02;2024-03-01;673,66;636,22;3,66;4,57;27,16;159,82;631,38
L000066;P008;U02;2024-08-14;1764,5;1707,01;8,63;10,3;5,05;659,13;3100,96
L000067;P008;U01;2025-01-08;399,81;391,93;2,59;2,53;9,72;235,77;392,86
L000068;P004;U02;2026-03-31;1444,6;1313,02;8,74;10,62;20,58;719,18;945,43
L000069;P001;U03;2025-05-16;1299,5;1310,55;7,84;10,05;21,76;643,66;3305,33
L000070;P004;U02;2024-06-23;1438,5;1270,22;9,57;12,67;46,05;457,37;3521,75
L000071;P008;U03;2024-01-07;835,12;761,29;5,03;5,71;9,08;352,31;1344,43
L000072;P004;U02;2025-05-04;1431,22;1240,97;6,86;8,39;9,17;655,95;1147,4
L000073;P003;U02;2024-09-28;1606,53;1382,08;7,93;10,42;9,08;627,8;3468,44
L000074;P007;U02;2025-06-08;859,94;755,07;5,88;7,7;20,1;249,01;915,29
L000075;P004;U02;2025-07-22;1276,68;1142,26;6,91;8,27;20,84;375,96;1337,8
L000076;P006;U01;2026-07-29;1920,84;1756,02;15,72;20,57;25,17;1003,72;3345,77
L000077;P002;U03;2026-07-29;1707,14;1663,04;11,13;10,15;12,04;600,85;2090,33
L000078;P007;U01;2025-07-03;2067,1;1969,88;10,17;9,99;87,52;450,67;4758,52
L000079;P003;U02;2025-02-21;2093,06;2031,18;15,31;14,07;17,11;656,86;1911,05
L000080;P007;U03;2025-04-25;1149,81;1067,85;5,83;5,36;47,85;532,39;1506,91
L000081;P007;U03;2025-03-26;1908,61;1832,64;9,93;10,91;36,24;460,52;4302,37
L000082;P002;U03;2025-11-29;1957,69;1882,23;9,57;9,11;73,94;604,61;1428,88
L000083;P008;U01;2024-01-19;1033,52;1048,64;7,57;7,15;25,84;631,4;2723,01
L000084;P002;U01;2024-12-22;838,96;821,77;5,54;5,66;2,98;464,97;1853,77
L000085;P003;U03;2025-09-22;1142,0;1174,13;6,39;5,78;49,89;653,91;1027,25
L000086;P006;U03;2025-03-23;2012,79;1928,41;13,86;13,96;5,87;594,5;1804,39
L000087;P005;U03;2024-10-21;2068,42;1821,97;12,03;15,35;63,65;479,27;4563,7
L000088;P003;U03;2025-07-05;1725,25;1507,09;9,77;9,43;50,71;587,79;3415,01
L000089;P007;U02;2026-03-14;1417,65;1257,08;11,18;10,99;34,6;348,72;932,39
L000090;P002;U01;2025-08-09;783,8;777,03;3,99;5,25;14,39;379,58;1313,85
L000091;P004;U02;2024-10-31;1296,67;1303,09;6,41;7,38;24,99;736,29;1773,37
L000092;P006;U03;2024-03-14;2181,23;2178,04;16,05;17,97;79,3;487,79;2304,75
L000093;P002;U01;2024-12-14;1879,78;1752,91;13,55;14,18;72,56;1045,96;1602,51
L000094;P004;U01;2026-04-13;827,17;796,66;4,72;4,94;35,8;430,68;605,21
L000095;P002;U02;2025-04-18;328,37;337,02;2,05;2,45;1,03;75,33;680,78
L000096;P001;U01;2026-01-16;992,05;1017,21;7,73;7,05;16,7;413,02;2362,52
L000097;P006;U03;2024-01-15;2075,82;1840,11;15,77;14,96;25,41;804,14;3079,53
L000098;P003;U02;2024-06-08;824,5;740,42;4,21;4,03;12,06;260,93;1770,7
L000099;P008;U01;2025-07-04;847,28;800,54;5,76;6,46;25,19;270,78;1774,72
L000100;P003;U03;2024-10-24;1738,89;1521,18;10,2;11,71;37,03;358,59;1885,98
L000101;P006;U01;2024-12-20;544,2;484,08;3,72;4,08;13,66;124,98;1279,63
L000102;P008;U02;2024-04-20;588,53;603,82;3,53;3,65;22,23;196,41;1132,7
L000103;P005;U01;2025-04-15;757,03;729,75;3,66;3,61;29,35;214,3;945,7
L000104;P003;U01;2024-04-14;803,56;756,02;4,77;4,81;4,96;281,38;2030,85
L000105;P001;U02;2026-07-25;691,7;608,8;3,72;4,71;25,98;136,7;617,57
L000106;P001;U02;2025-09-14;2101,54;2086,01;11,9;13,95;38,38;1035,89;1574,38
L000107;P002;U03;2024-06-02;586,06;587,27;3,5;4,35;8,92;190,08;1638,9
L000108;P002;U01;2025-01-07;347,69;350,74;1,72;1,58;15,75;119,48;539,56
L000109;P005;U01;2025-02-09;1330,6;1185,1;7,02;9,01;16,0;286,58;2639,87
L000110;P004;U01;2026-07-16;2137,68;2018,78;16,13;18,73;72,03;1145,56;3350,88
L000111;P008;U01;2024-11-27;1421,73;1354,31;9,32;12,26;11,67;311,36;1383,62
L000112;P001;U01;2025-05-20;461,0;459,75;2,54;2,65;19,98;112,16;575,27
L000113;P008;U02;2025-06-16;355,43;328,29;1,76;2,31;5,87;88,36;408,92
L000114;P001;U02;2025-08-16;791,8;811,42;4,18;3,78;8,26;332,34;627,19
L000115;P002;U03;2025-05-21;698,31;670,79;5,03;5,84;6,24;264,39;1557,51
L000116;P008;U01;2026-03-08;814,02;835,12;6,53;6,22;28,83;365,8;2220,78
L000117;P003;U03;2026-01-03;1024,84;891,39;5,91;6,09;34,83;443,17;1727,56
L000118;P007;U02;2024-04-05;959,89;946,43;5,33;6,24;33,19;575,84;1821,56
L000119;P002;U01;2024-09-20;409,38;415,32;2,02;1,99;5,39;139,54;315,72
L000120;P005;U02;2026-04-10;1822,49;1602,48;9,63;10,14;21,44;596,67;2579,11
L000121;P006;U01;2026-06-23;208,53;203,2;1,08;1,44;4,8;108,25;472,91
L000122;P008;U01;2026-03-18;1175,02;1054,31;7,41;8,34;36,68;524,53;2473,22
L000123;P004;U03;2026-01-03;599,69;550,4;3,01;3,64;7,11;256,82;529,16
L000124;P006;U03;2026-04-16;217,51;196,35;1,25;1,53;7,79;99,09;277,06
L000125;P006;U02;2026-05-27;715,92;643,96;3,61;4,27;22,85;230,53;671,88
L000126;P005;U03;2024-09-22;1833,3;1591,94;11,22;13,54;69,99;562,9;1841,97
L000127;P007;U02;2026-03-01;505,45;472,95;3,93;4,25;18,38;150,27;1033,17
L000128;P004;U02;2026-07-05;947,05;869,02;7,77;8,29;35,74;325,16;1519,84
L000129;P007;U02;2025-03-15;1580,97;1614,64;11,46;12,76;15,49;713,06;4467,57
L000130;P008;U02;2025-02-09;1749,11;1580,12;14,3;18,28;24,73;770,27;1216,55
L000131;P003;U03;2024-01-02;1566,12;1354,1;10,65;10,94;52,3;776,55;3110,7
L000132;P008;U01;2025-02-26;1776,65;1739,45;8,71;8,25;64,53;785,99;4844,6
L000133;P004;U01;2025-11-29;1729,3;1543,5;9,66;11,52;43,97;514,14;2019,3
L000134;P005;U02;2025-02-12;1194,0;1183,36;6,34;6,02;30,09;323,71;2039,46
L000135;P002;U03;2026-04-08;996,37;950,79;7,09;8,57;34,51;428,8;1178,43
L000136;P005;U02;2025-04-29;377,06;358,44;2,85;2,58;11,87;104,63;382,22
L000137;P002;U02;2024-01-27;1982,48;1807,42;14,83;19,64;35,27;592,31;3922,95
L000138;P008;U03;2024-10-31;1120,78;976,6;6,09;5,58;37,61;354,72;1569,75
L000139;P003;U02;2025-06-12;786,27;785,72;4,52;4,45;32,28;224,51;1311,93
L000140;P001;U01;2025-06-07;1718,48;1502,32;13,58;15,3;7,95;617,1;2037,83
L000141;P006;U03;2025-06-30;1714,64;1584,34;8,8;8,84;46,14;766,1;1637,3
L000142;P006;U02;2024-03-31;1564,49;1532,56;12,61;14,14;33,48;886,93;1580,0
L000143;P007;U03;2025-08-12;981,25;893,13;6,96;7,0;38,87;225,35;1736,03
L000144;P008;U03;2025-06-16;276,92;267,85;2,31;2,91;9,02;85,42;656,38
L000145;P005;U02;2025-01-09;324,84;280,37;1,8;1,81;5,67;137,59;596,0
L000146;P008;U02;2024-05-22;226,03;216,78;1,08;1,2;4,16;128,25;297,54
L000147;P002;U02;2026-05-07;658,03;677,52;3,27;3,65;3,39;219,19;1389,5
L000148;P002;U02;2026-07-01;1088,53;1057,74;5,52;6,32;16,51;613,86;1756,92
L000149;P001;U01;2024-03-28;1142,59;1019,65;6,6;8,27;25,6;403,73;2490,03
L000150;P005;U03;2024-06-04;2066,01;1994,46;15,86;15,85;35,02;640,73;2857,34
L000151;P005;U02;2024-02-27;1640,31;1467,47;9,66;12,29;45,41;408,95;4054,28
L000152;P001;U01;2024-07-15;1015,88;922,12;5,74;5,76;26,93;291,97;955,53
L000153;P007;U01;2025-04-17;1299,92;1287,96;6,84;8,45;9,44;429,94;2323,44
L000154;P003;U02;2026-04-30;1801,12;1622,23;11,16;14,53;55,52;833,84;3347,71
L000155;P003;U02;2026-04-10;969,51;930,81;4,84;6,2;24,0;489,37;2012,6
L000156;P001;U03;2026-01-08;841,58;842,11;4,14;3,79;28,19;510,3;1701,9
L000157;P008;U02;2025-12-06;1101,46;980,93;6,89;8,65;25,51;561,16;1548,02
L000158;P005;U02;2024-02-02;356,87;350,53;1,77;1,74;8,24;212,15;476,95
L000159;P005;U02;2024-01-03;1447,46;1448,09;9,6;8,78;7,5;531,55;2027,96
L000160;P002;U01;2025-07-31;364,26;316,91;2,08;2,38;2,71;144,5;574,05
L000161;P006;U01;2026-04-17;613,73;544,26;4,59;5,23;5,24;318,73;513,19
L000162;P003;U02;2024-07-02;1164,01;1146,4;5,68;5,79;23,72;681,83;2045,61
L000163;P001;U02;2025-04-07;2075,64;1896,78;17,27;17,55;28,46;631,9;5217,6
L000164;P003;U01;2024-12-18;460,71;465,47;2,3;2,7;11,51;190,68;1061,42
L000165;P002;U03;2025-01-03;1777,51;1656,65;12,22;11,13;27,24;587,98;3377,52
L000166;P007;U03;2026-04-13;1747,56;1547,78;13,77;18,41;58,51;348,51;3629,31
L000167;P004;U02;2025-12-17;828,97;725,82;4,04;4,88;15,98;167,25;1860,96
L000168;P003;U03;2024-05-08;1243,95;1217,44;9,99;10,32;1704,416;586,5;3070,3
L000169;P006;U01;2025-03-30;332,88;306,8;1,59;1,73;2,28;74,12;795,9
L000170;P007;U03;2025-09-28;1263,09;1105,64;8,35;8,2;45,65;486,83;2281,97
L000171;P003;U03;2025-04-13;427,12;405,66;3,51;4,11;5,53;143,55;1043,83
L000172;P003;U03;2026-03-27;1025,27;906,92;6,15;7,09;34,67;403,46;1268,29
L000173;P005;U01;2026-03-03;1127,58;1056,48;6,65;7,04;44,44;523,78;1127,28
L000174;P003;U02;2024-10-07;1774,62;1621,64;11,99;12,95;54,37;873,33;2434,81
L000175;P006;U03;2025-11-06;748,11;658,19;3,57;3,27;4,54;399,71;1041,35
L000176;P006;U01;2024-03-11;655,84;601,13;3,69;3,42;25,81;136,73;1366,13
L000177;P002;U01;2025-04-01;1335,26;1359,46;8,21;9,52;17,94;757,88;2079,43
L000178;P001;U02;2024-09-19;1552,28;1379,18;8,03;8,96;9,32;815,28;3131,45
L000179;P002;U02;2024-10-19;1293,85;1187,65;7,12;7,0;43,09;409,92;1457,28
L000180;P001;U01;2024-06-11;766,53;777,3;4,2;3,95;6,47;300,78;986,45
L000181;P007;U02;2025-05-26;697,03;634,2;4,35;5,14;18,81;303,69;747,47
L000182;P004;U01;2025-05-04;1354,24;1301,74;10,11;9,54;22,39;371,4;3498,87
L000183;P008;U02;2026-06-01;438,22;407,68;3,44;3,22;570,752;110,4;987,49
L000184;P008;U02;2025-06-03;358,73;332,63;1,77;1,86;5,19;122,58;535,86
L000185;P008;U01;2024-02-08;885,01;872,96;7,06;7,75;8,32;395,45;1876,14
L000186;P006;U02;2025-01-31;2010,74;1751,91;12,02;12,7;46,3;530,02;1658,4
L000187;P002;U01;2025-03-10;862,33;765,41;4,51;5,44;18,71;244,04;893,63
L000188;P004;U01;2025-02-26;666,18;582,73;5,13;6,59;815,822;162,56;1503,68
L000189;P003;U02;2024-02-23;2129,67;2189,66;12,25;14,96;54,06;709,91;1578,42
L000190;P005;U03;2024-08-18;1160,59;1025,85;7,76;8,85;25,89;375,33;2317,36
L000191;P005;U03;2024-09-24;739,75;692,22;4,65;4,7;24,55;219,45;575,91
L000192;P005;U02;2024-10-21;1487,32;1453,84;9,56;12,84;8,37;339,19;2329,98
L000193;P007;U03;2025-06-27;926,93;865,14;6,54;6,4;30,61;423,78;1864,92
L000194;P001;U02;2025-10-25;1025,82;992,66;6,08;5,49;17,56;568,83;1503,15
L000195;P004;U03;2025-12-21;740,02;674,83;5,92;6,04;6,45;417,35;1766,06
L000196;P001;U02;2024-02-16;755,21;711,95;3,85;4,59;6,15;418,1;1019,25
L000197;P001;U03;2025-01-06;696,72;603,89;3,96;4,72;21,05;221,08;1486,68
L000198;P002;U03;2025-06-08;281,93;255,49;1,84;2,26;9,81;156,75;630,26
L000199;P004;U03;2024-02-22;668,78;682,76;4,07;4,58;26,13;382,91;1706,16
L000200;P001;U03;2024-05-22;245,95;228,12;2,04;2,7;10,17;73,38;567,3
L000201;P008;U02;2026-03-22;1279,08;1138,59;10,58;13,68;13,52;532,32;1174,43
L000202;P003;U01;2024-09-15;267,29;259,39;1,96;2,26;9,79;74,33;454,5
L000203;P003;U03;2024-07-17;500,77;510,92;3,9;3,9;19,1;267,75;819,29
L000204;P007;U01;2025-11-03;1188,37;1159,58;8,35;10,5;9,93;600,51;3144,81
L000205;P003;U01;2024-11-09;993,91;900,75;4,81;4,89;33,35;384,52;985,81
L000206;P005;U01;2024-01-29;1394,91;1372,98;10,95;12,48;52,16;311,42;1421,87
L000207;P008;U02;2024-08-28;304,79;286,58;1,89;2,23;1,53;138,6;535,64
L000208;P004;U01;2026-03-06;395,24;387,19;2,8;3,04;1,21;207,67;486,62
L000209;P008;U02;2025-05-25;1264,96;1256,79;8,46;10,03;52,21;529,57;1258,35
L000210;P008;U02;2024-05-29;653,01;671,48;3,81;3,89;26,57;323,98;1097,63
L000211;P008;U03;2025-11-20;846,09;778,64;6,46;8,21;34,64;450,05;2006,82
L000212;P008;U03;2025-12-25;923,2;841,89;5,36;6,75;21,46;253,21;1565,15
L000213;P001;U01;2025-05-27;735,12;712,49;3,72;3,38;6,1;376,12;1802,13
L000214;P007;U03;2024-12-17;798,43;797,04;4,32;4,49;18,53;221,58;794,39
L000215;P003;U02;2024-11-09;894,31;866,13;6,82;7,77;36,23;301,55;1384,59
L000216;P007;U02;2024-01-28;522,11;518,23;3,75;4,49;22,59;176,17;723,43
L000217;P008;U01;2024-07-18;1110,74;997,58;5,71;7,27;14,36;334,2;1794,94
L000218;P001;U02;2024-04-13;1347,62;1237,66;7,23;8,82;2,7;582,93;2216,53
L000219;P003;U01;2024-04-13;604,57;547,09;2,92;3,53;1,9;155,53;838,92
L000220;P001;U03;2024-08-22;586,18;551,45;2,82;2,75;21,91;302,68;821,51
L000221;P005;U02;2024-10-26;1135,69;1169,13;7,95;9,18;14,19;488,5;2579,54
L000222;P006;U01;2025-09-07;1765,8;1816,25;8,63;11,07;42,07;757,77;4664,93
L000223;P003;U03;2024-01-06;287,89;249,55;2,0;2,61;2,03;95,74;294,81
L000224;P002;U03;2026-04-07;258,61;224,5;1,37;1,73;5,22;93,2;217,13
L000225;P002;U01;2025-11-09;296,51;304,83;1,43;1,51;1,3;148,98;243,66
L000226;P002;U02;2025-03-16;692,61;635,45;5,55;6,39;10,8;274,17;1675,3
L000227;P008;U03;2024-11-18;1292,99;1138,33;7,03;7,54;36,36;288,14;2486,2
L000228;P007;U03;2026-01-22;1975,62;1921,68;10,04;12,15;38,0;982,46;2215,88
L000229;P006;U02;2026-02-09;798,87;696,46;3,95;5,2;20,56;173,3;787,0
L000230;P007;U01;2025-10-27;2015,1;1818,92;13,78;15,41;3,78;663,61;2970,58
L000231;P008;U01;2026-05-03;816,44;715,22;5,79;6,44;3,71;312,46;1172,1
L000232;P001;U02;2024-12-22;992,67;974,71;6,15;7,37;37,29;459,63;1567,25
L000233;P004;U01;2026-01-25;1030,43;1032,93;6,56;6,14;11,11;491,96;2273,42
L000234;P004;U02;2025-01-08;353,76;341,89;2,41;3,24;14,63;93,27;690,07
L000235;P006;U02;2024-09-24;1954,67;1774,56;15,91;14,98;13,7;398,8;4780,5
L000236;P006;U03;2025-11-27;1803,61;1551,39;10,94;12,6;27,15;933,3;1483,46
L000237;P002;U03;2025-11-25;1075,24;1085,14;6,76;8,18;46,19;513,84;2107,3
L000238;P003;U01;2025-01-25;1874,42;1632,09;10,86;11,18;11,19;992,02;2536,71
L000239;P006;U02;2025-06-10;443,91;428,97;3,56;3,53;13,11;253,92;610,09
L000240;P003;U01;2026-04-03;481,71;447,66;3,13;3,16;9,44;173,44;1096,89
L000241;P002;U03;2025-08-17;1460,77;1451,24;7,09;8,39;44,45;640,32;3159,27
L000242;P001;U01;2025-11-16;387,01;379,03;2,85;3,56;14,19;175,07;923,93
L000243;P003;U01;2024-09-17;320,7;299,71;2,49;2,36;7,6;166,38;365,44
L000244;P007;U03;2025-08-20;1428,94;1453,86;7,52;8,89;29,59;475,77;3923,03
L000245;P005;U02;2024-11-22;730,67;637,34;3,62;4,64;21,92;207,9;1140,73
L000246;P002;U01;2025-12-31;2139,6;2074,47;12,28;15,01;30,72;655,27;5578,29
L000247;P002;U01;2026-01-15;720,85;719,07;5,98;5,57;24,85;312,79;1615,68
L000248;P007;U01;2024-07-24;243,21;223,3;1,98;2,66;3,89;76,97;530,21
L000249;P005;U02;2025-02-13;1552,22;1440,9;7,41;9,58;13,09;734,08;2147,18
L000250;P005;U03;2025-12-20;1456,29;1256,35;7,4;7,15;14,4;435,63;2288,12
L000251;P006;U02;2025-12-02;1514,25;1469,3;9,83;13,09;56,77;752,38;3944,9
L000252;P005;U02;2024-11-05;553,05;566,44;2,9;3,52;24,99;247,69;1200,41
L000253;P002;U03;2024-10-28;1163,49;1095,79;6,82;8,58;4,31;364,79;1338,34
L000254;P006;U02;2025-11-29;938,73;882,92;5,58;5,44;8,76;383,5;1094,56
L000255;P006;U01;2025-07-27;444,82;442,94;2,69;3,38;1,27;227,13;725,91
L000256;P007;U03;2024-08-18;1107,71;994,86;8,36;10,66;15,43;570,74;895,39
L000257;P002;U01;2024-01-12;1126,57;1007,25;5,45;6,77;5,72;571,31;2411,53
L000258;P007;U01;2024-07-18;695,01;702,56;5,75;5,26;28,33;163,36;611,87
L000259;P002;U01;2026-05-13;990,36;887,3;5,91;7,95;26,67;224,62;792,96
L000260;P007;U03;2026-04-03;674,6;674,88;4,27;4,17;7,8;163,6;1600,7
L000261;P002;U02;2026-03-13;2173,6;2007,03;11,44;11,22;71,66;452,14;5338,65
L000262;P008;U03;2024-10-04;307,25;266,64;2,05;2,75;5,95;162,54;244,82
L000263;P002;U02;2025-06-12;667,96;584,92;3,28;3,14;4,08;209,14;453,6
L000264;P007;U01;2025-08-12;1942,39;1797,93;12,45;15,15;20,18;1041,52;4845,12
L000265;P001;U01;2024-09-16;597,11;528,26;3,22;3,88;21,15;241,87;839,05
L000266;P002;U03;2024-04-21;435,44;439,08;3,14;3,43;19,47;265,3;326,7
L000267;P002;U01;2024-10-19;710,87;692,98;4,71;6,03;16,33;343,53;1936,93
L000268;P001;U02;2024-02-28;358,83;356,71;2,71;3,0;10,48;116,27;465,2
L000269;P005;U01;2026-06-25;1685,67;1698,41;8,45;10,84;8,53;496,79;1736,27
L000270;P001;U03;2024-05-22;1277,49;1172,82;7,3;6,84;10,67;447,48;2650,06
L000271;P006;U03;2026-01-09;923,92;846,34;7,02;7,07;13,84;502,17;929,71
L000272;P002;U02;2026-04-24;2085,84;1950,32;17,3;22,5;21,99;869,7;2999,17
L000273;P006;U01;2024-02-18;1975,42;1824,29;14,3;15,41;4,01;847,32;3516,61
L000274;P005;U01;2025-12-06;2164,23;1985,61;11,93;12,82;52,0;695,89;2149,86
L000275;P002;U03;2024-10-14;2180,89;2144,63;10,74;14,09;47,2;1312,66;3777,62
L000276;P005;U03;2025-04-15;1521,57;1560,21;10,64;14,08;63,29;356,5;1416,63
L000277;P004;U02;2026-06-13;659,13;671,1;4,98;5,87;939,54;280,61;556,35
L000278;P008;U01;2024-09-26;2066,16;1953,81;10,21;13,66;55,48;979,1;2023,73
L000279;P001;U03;2026-04-11;1415,25;1383,79;10,54;10,04;16,64;519,04;1734,67
L000280;P001;U03;2024-04-10;764,89;693,56;4,9;4,81;28,07;412,17;1084,27
L000281;P002;U02;2026-03-19;449,39;449,5;2,19;2,28;10,39;186,75;566,48
L000282;P005;U03;2025-04-24;1718,56;1639,67;13,2;15,05;15,01;451,36;2088,44
L000283;P002;U03;2025-03-05;938,46;921,08;7,48;7,64;38,16;223,01;965,19
L000284;P003;U03;2024-02-06;1031,33;965,67;6,91;8,13;3,76;432,4;2328,27
L000285;P003;U01;2025-02-25;1370,07;1190,78;8,57;10,16;52,03;457,23;1870,44
L000286;P005;U02;2024-08-07;1917,4;1831,85;14,26;13,01;32,53;778,09;3130,73
L000287;P006;U02;2025-03-07;2059,85;2082,59;13,15;17,26;83,01;560,55;5688,29
L000288;P005;U01;2024-12-23;1564,14;1531,46;11,12;13,56;56,47;456,1;1798,78
L000289;P005;U03;2025-06-06;515,39;521,23;4,05;5,02;13,26;189,25;629,06
L000290;P001;U02;2024-12-05;261,22;257,77;1,46;1,64;5,6;63,06;670,3
L000291;P003;U03;2024-07-18;949,51;907,51;5,21;5,44;19,31;215,02;2373,84
L000292;P005;U02;2025-08-24;1250,39;1170,34;9,91;10,29;30,65;541,97;2011,06
L000293;P001;U01;2025-01-09;1732,24;1571,41;14,39;15,28;18,27;898,91;1179,16
L000294;P007;U02;2025-09-11;911,47;796,88;6,58;7,63;13,17;282,2;1959,99
L000295;P007;U02;2025-09-08;2152,94;1875,88;15,14;17,57;75,48;1054,35;4884,4
L000296;P004;U01;2024-09-15;1912,69;1725,45;10,47;14,08;76,89;641,39;2487,91
L000297;P002;U03;2025-03-03;1326,43;1297,02;8,25;9,11;42,14;699,81;1392,19
L000298;P005;U01;2025-07-15;912,22;904,62;5,16;5,06;8,9;295,51;2121,33
L000299;P003;U01;2025-09-09;1535,74;1563,47;7,4;8,36;68,86;698,14;1234,95
L000300;P004;U02;2025-10-18;679,0;645,15;4,66;4,93;4,45;146,8;1690,95
L000301;P008;U03;2025-05-30;1511,54;1446,1;8,34;8,04;44,55;622,4;3624,12
L000302;P004;U03;2025-03-05;2094,58;2096,17;15,28;18,16;52,79;838,25;3801,29
L000303;P005;U02;2025-08-30;999,44;994,0;5,66;7,03;30,22;469,14;1598,23
L000304;P001;U01;2024-04-10;1836,02;1803,7;9,97;12,62;58,05;878,46;2936,52
L000305;P004;U02;2025-02-08;622,83;577,04;4,78;4,53;4,45;339,48;1018,39
L000306;P002;U01;2024-03-14;1363,61;1274,43;6,66;8,03;31,07;633,8;910,46
L000307;P005;U01;2025-07-13;2032,79;1854,05;11,75;10,77;15,13;1118,27;1884,48
L000308;P004;U02;2024-07-15;337,94;316,61;2,64;3,05;3,0;177,83;630,75
L000309;P003;U01;2024-08-06;1720,59;1586,14;9,93;10,08;22,42;741,62;3905,24
L000310;P008;U03;2024-07-12;863,08;765,39;6,04;6,77;4,96;473,22;1893,98
L000311;P005;U01;2025-02-06;1279,0;1215,94;6,7;7,59;42,18;739,42;2071,31
L000312;P001;U01;2024-07-07;1063,54;982,51;6,36;7,95;1375,514;565,31;1061,66
L000313;P008;U02;2025-11-24;903,63;844,23;7,16;6,57;12,94;378,78;1496,06
L000314;P001;U01;2024-11-04;469,24;482,83;2,52;2,67;17,24;139,5;352,51
L000315;P001;U02;2024-01-09;1008,6;982,37;6,86;7,43;1375,318;341,69;1895,44
L000316;P007;U03;2025-04-26;214,2;186,8;1,19;1,35;2,86;100,82;216,46
L000317;P006;U01;2024-09-05;1871,68;1750,38;12,62;12,65;42,25;525,54;1512,72
L000318;P005;U01;2025-08-22;701,12;647,22;4,54;6,11;25,31;251,84;1695,01
L000319;P002;U01;2026-02-19;1751,05;1778,95;10,64;13,11;56,14;548,96;3139,11
L000320;P001;U02;2024-02-11;406,96;385,01;2,74;3,25;6,4;158,2;1067,32
L000321;P003;U01;2024-02-19;1217,79;1154,62;8,08;8,41;49,87;274,33;2306,88
L000322;P002;U02;2025-10-16;1627,94;1627,84;9,18;11,2;52,95;693,36;3314,05
L000323;P003;U01;2025-05-31;1402,36;1243,64;10,03;12,7;5,06;284,18;1946,08
L000324;P001;U03;2025-01-07;441,86;420,5;2,89;3,74;4,59;160,43;600,61
L000325;P006;U01;2024-02-04;1768,84;1626,97;11,7;11,09;61,06;886,37;2074,13
L000326;P004;U02;2025-01-12;1157,12;1153,7;5,79;6,26;40,66;652,95;2509,81
L000327;P008;U01;2026-02-14;1064,91;1008,45;6,14;7,49;16,53;399,53;1322,12
L000328;P003;U02;2025-06-22;394,33;346,58;2,44;3,27;6,13;91,56;323,86
L000329;P006;U02;2026-01-28;987,34;997,96;6,47;6,64;21,58;601,95;1834,15
L000330;P003;U01;2024-08-22;991,04;971,05;5,66;5,68;1359,4699999999998;214,53;1627,77
L000331;P003;U02;2025-02-04;2141,43;2195,06;14,43;14,62;5,74;1175,13;4306,3
L000332;P002;U03;2026-02-07;887,99;773,97;6,08;6,5;32,32;471,86;1509,4
L000333;P001;U03;2025-06-15;2133,42;1857,61;14,51;14,33;44,78;454,89;1312,89
L000334;P008;U02;2025-03-04;1954,08;1962,04;12,32;14,64;44,02;740,4;4772,25
L000335;P001;U03;2026-01-19;822,89;747,12;6,18;7,93;30,97;274,65;913,15
L000336;P002;U03;2024-11-24;229,68;205,63;1,23;1,19;7,84;122,42;412,53
L000337;P007;U01;2025-04-23;437,55;448,61;2,88;3,24;3,31;163,64;369,15
L000338;P006;U01;2025-09-05;1745,37;1592,25;9,95;13,22;2229,1499999999996;351,61;2608,14
L000339;P005;U01;2025-08-05;1133,47;1067,55;7,18;9,17;5,0;544,95;2765,96
L000340;P003;U01;2024-05-29;891,61;883,17;6,6;8,71;23,71;404,67;1445,14
L000341;P008;U03;2024-08-19;1558,7;1359,84;12,92;13,78;61,11;312,76;2614,62
L000342;P001;U01;2024-02-13;1272,57;1166,73;7,87;7,27;51,48;722,87;1527,57
L000343;P008;U03;2024-01-02;492,16;495,83;3,1;4,03;7,14;271,96;673,35
L000344;P003;U02;2024-06-22;490,59;496,97;3,26;3,05;17,64;226,53;1023,73
L000345;P001;U03;2025-01-10;1041,45;915,4;5,29;5,8;38,83;427,35;2341,88
L000346;P003;U03;2026-07-27;2178,83;1896,47;17,72;18,88;79,55;522,37;2412,36
L000347;P002;U03;2024-11-23;1574,51;1376,09;10,11;10,48;24,27;517,88;2815,53
L000348;P001;U03;2024-02-01;2058,38;1835,03;11,42;14,74;37,88;591,75;3098,28
L000349;P006;U02;2025-11-26;1054,97;1057,01;5,99;7,74;5,66;639,4;2879,59
L000350;P001;U01;2026-07-20;1317,83;1147,06;10,05;9,84;15,64;618,81;2494,54
L000351;P007;U03;2025-12-07;1926,57;1683,69;11,98;14,72;28,46;404,33;3496,97
L000352;P002;U02;2025-07-28;532,34;511,67;3,72;4,63;14,9;279,33;1135,31
L000353;P002;U01;2024-06-12;1262,89;1257,26;6,57;7,51;30,7;475,81;2700,16
L000354;P006;U03;2024-08-30;1111,61;986,81;5,52;5,43;21,13;394,52;845,47
L000355;P005;U02;2025-06-19;657,34;662,54;3,94;4,56;21,17;380,63;907,3
L000356;P007;U02;2025-01-29;2050,84;2033,47;11,19;12,33;61,48;515,91;4929,58
L000357;P007;U03;2025-01-11;2171,59;1927,3;10,69;9,62;68,91;818,07;3549,49
L000358;P002;U02;2025-04-27;1517,51;1323,36;9,2;8,94;34,66;554,51;1339,83
L000359;P005;U03;2025-05-16;253,92;223,1;2,0;2,66;3,7;129,18;449,62
L000360;P003;U02;2024-05-09;600,62;584,75;3,01;2,89;21,34;329,53;1196,12
L000361;P004;U03;2025-07-02;1417,4;1317,55;7,59;7,38;33,32;587,85;2428,48
L000362;P004;U02;2026-07-22;1440,87;1374,2;10,5;10,25;18,91;470,33;3542,75
L000363;P003;U02;2025-06-26;1819,07;1807,65;14,86;16,82;2530,71;740,59;4430,15
L000364;P008;U02;2025-02-04;1623,68;1490,73;8,74;8,37;46,73;510,7;2990,09
L000365;P008;U01;2024-08-11;1301,89;1205,68;8,55;10,99;51,15;725,84;1574,94
L000366;P003;U01;2025-05-06;2103,58;2011,98;11,95;12,94;5,1;571,23;4895,96
L000367;P008;U03;2025-11-09;426,6;424,42;3,06;2,84;8,24;157,84;327,22
L000368;P007;U01;2025-06-24;956,16;900,74;6,11;5,61;4,13;389,15;939,38
L000369;P002;U03;2026-03-14;854,9;770,6;5,34;5,72;5,21;387,07;836,11
L000370;P007;U02;2024-01-03;468,06;411,23;3,68;3,63;12,22;224,22;537,21
L000371;P004;U03;2026-04-24;264,0;269,59;1,34;1,22;1,68;131,61;291,43
L000372;P004;U02;2024-01-08;787,62;758,32;4,55;5,85;3,12;274,1;1376,68
L000373;P006;U02;2024-03-07;1848,39;1829,03;14,08;14,16;58,86;694,07;2421,35
L000374;P001;U02;2024-09-07;1755,12;1512,63;9,76;12,97;7,57;799,29;1398,38
L000375;P001;U03;2024-08-30;1754,97;1701,31;9,83;10,09;7,18;578,96;3689,35
L000376;P004;U01;2024-09-22;202,26;185,62;0,98;1,12;0,99;64,66;221,96
L000377;P004;U01;2025-04-13;2112,85;2107,85;10,87;12,46;77,71;1260,44;5820,0
L000378;P006;U02;2024-06-17;932,3;909,14;6,73;7,84;37,84;468,23;1469,21
L000379;P001;U02;2024-10-15;1294,51;1150,36;6,9;8,44;10,29;647,4;925,32
L000380;P008;U02;2026-06-13;1625,7;1546,19;9,49;12,13;30,37;564,01;1115,11
L000381;P007;U02;2025-02-20;1636,86;1408,62;10,21;11,9;41,11;622,85;1668,75
L000382;P008;U03;2024-08-04;1018,51;900,87;8,17;7,6;11,51;268,55;1925,23
L000383;P008;U02;2026-03-09;1192,18;1182,53;5,87;5,42;30,61;612,4;3046,43
L000384;P003;U02;2025-03-10;716,51;639,61;4,48;4,23;1,41;283,62;862,79
L000385;P007;U02;2024-08-05;1928,31;1953,61;13,32;13,97;2735,0539999999996;597,73;2293,21
L000386;P002;U03;2025-11-10;690,27;676,16;4,39;3,96;12,17;293,67;1810,49
L000387;P002;U03;2025-08-24;768,1;762,54;4,28;3,87;5,33;399,53;724,92
L000388;P002;U03;2025-12-02;623,63;545,75;3,28;4,04;19,84;127,42;859,23
L000389;P001;U02;2024-02-12;1627,25;1456,24;7,99;9,7;35,05;401,19;3386,05
L000390;P001;U03;2026-07-13;1831,76;1725,57;14,53;15,73;25,47;836,46;2076,17
L000391;P001;U01;2025-02-18;1689,75;1603,61;13,28;16,36;40,95;567,45;1199,03
L000392;P007;U03;2025-12-25;1895,1;1707,86;12,67;11,55;55,89;940,68;3339,44
L000393;P006;U02;2026-03-21;658,65;644,39;5,14;5,67;14,37;269,63;684,41
L000394;P001;U01;2025-07-21;731,19;657,75;4,79;6,44;15,08;378,86;913,97
L000395;P008;U03;2025-03-12;1323,6;1280,04;8,21;9,78;20,58;776,69;3185,56
L000396;P002;U01;2026-05-07;1528,85;1491,28;9,63;11,2;5,02;528,56;1560,04
L000397;P005;U02;2024-11-20;1667,2;1447,57;9,04;10,29;46,86;477,83;3824,93
L000398;P003;U02;2024-07-20;593,83;539,25;3,89;5,17;10,74;224,11;745,7
L000399;P006;U01;2025-03-18;380,19;370,87;3,0;3,34;7,47;198,21;872,21
L000400;P007;U01;2025-09-04;591,91;586,34;4,2;4,47;6,91;310,76;863,48
L000401;P006;U03;2025-10-03;1966,3;1693,24;10,36;9,81;35,77;671,0;1952,1
L000402;P004;U03;2024-05-12;1445,76;1450,37;10,84;14,32;11,68;576,94;3741,42
L000403;P004;U02;2024-09-10;1422,07;1354,89;10,45;14,03;15,56;675,98;1028,32
L000404;P003;U01;2025-05-10;1130,98;1137,39;7,75;9,6;9,8;317,45;2224,12
L000405;P002;U02;2025-06-02;778,01;778,68;4,33;5,14;33,86;377,46;1396,35
L000406;P002;U03;2024-07-31;512,39;512,43;3,91;3,63;2,82;135,81;1025,21
L000407;P002;U02;2026-01-26;1404,71;1238,6;9,2;12,13;40,45;296,21;3102,96
L000408;P007;U01;2024-06-11;1988,99;1805,66;13,14;17,13;57,32;1005,57;3107,25
L000409;P001;U02;2026-02-22;512,08;489,18;3,83;5,14;13,24;218,87;348,67
L000410;P003;U03;2025-03-30;1184,56;1175,46;6,98;6,89;7,56;326,67;828,67
L000411;P007;U01;2026-03-04;1498,68;1368,94;7,5;7,78;8,43;333,82;3597,38
L000412;P006;U01;2025-09-22;1889,74;1701,51;13,15;14,38;46,02;929,99;3040,15
L000413;P003;U03;2026-05-30;1225,6;1170,13;7,72;8,02;18,75;462,67;1510,03
L000414;P003;U02;2025-07-20;316,39;276,87;2,22;2,24;2,69;166,69;478,69
L000415;P004;U01;2024-10-19;1783,76;1831,18;8,96;11,59;35,12;959,84;2326,69
L000416;P005;U01;2024-09-05;885,76;824,24;5,49;6,52;23,72;315,38;2020,17
L000417;P007;U02;2026-06-06;1649,62;1619,45;8,42;7,75;52,41;717,26;2984,02
L000418;P003;U03;2025-01-17;1458,6;1421,14;11,47;13,24;39,52;409,27;3824,61
L000419;P008;U01;2024-07-27;1492,28;1333,02;7,91;7,13;36,64;623,32;2068,67
L000420;P005;U01;2026-07-15;1046,22;900,47;5,13;6,15;16,16;551,68;1356,6
L000421;P001;U02;2025-09-05;353,42;334,79;1,78;1,67;14,18;174,93;304,91
L000422;P002;U01;2024-02-06;408,0;357,22;2,36;2,89;3,62;163,63;405,69
L000423;P001;U02;2024-05-04;1818,14;1746,18;11,46;13,16;49,66;1038,36;1581,86
L000424;P002;U01;2024-10-27;280,62;262,25;2,26;2,38;9,04;161,09;533,6
L000425;P005;U01;2025-11-20;1348,73;1234,07;6,74;7,45;20,86;375,94;1266,97
L000426;P006;U03;2024-05-02;768,28;734,68;4,42;5,04;16,14;326,02;1220,11
L000427;P005;U01;2024-07-09;1273,6;1162,36;8,34;8,33;27,9;561,3;3082,9
L000428;P002;U03;2025-08-04;1020,04;915,63;6,51;6,41;6,35;560,83;2026,15
L000429;P008;U01;2024-07-09;1594,32;1603,31;9,02;10,35;7,98;747,87;3232,85
L000430;P001;U03;2026-07-20;1782,46;1820,46;10,24;10,82;52,28;1056,75;2817,03
L000431;P004;U03;2026-06-23;293,05;299,48;1,44;1,65;3,54;79,41;790,92
L000432;P002;U01;2024-03-05;2161,02;2182,74;10,82;10,25;31,39;1057,9;2378,93
L000433;P005;U02;2024-05-14;685,49;660,54;4,81;4,68;11,76;273,22;1222,63
L000434;P001;U03;2024-08-13;387,77;367,55;2,23;2,73;7,41;172,86;666,11
L000435;P001;U01;2024-09-19;1590,64;1483,58;11,07;14,7;47,32;852,47;1711,47
L000436;P002;U03;2024-01-24;2008,74;1906,1;10,41;10,09;34,63;501,03;2449,72
L000437;P004;U02;2026-06-26;1780,23;1789,04;8,53;10,69;77,16;1026,83;3856,1
L000438;P002;U01;2025-05-13;809,84;726,81;4,92;5,35;9,68;255,51;1311,15
L000439;P003;U03;2024-09-11;1096,93;1022,23;6,86;9,26;5,62;306,23;2115,52
L000440;P001;U01;2025-01-15;784,43;693,92;4,12;4,98;7,15;190,68;1646,45
L000441;P004;U01;2025-07-27;1042,47;1038,08;5,82;6,46;8,47;319,5;2797,07
L000442;P007;U02;2026-07-24;253,35;258,13;2,08;2,78;1,94;110,72;213,2
L000443;P003;U01;2025-10-05;1977,8;1802,5;14,8;19,1;64,29;986,81;1856,41
L000444;P006;U02;2026-03-05;1079,09;1070,99;6,09;5,77;14,69;298,59;1799,97
L000445;P008;U02;2024-11-13;681,95;611,88;3,53;3,84;6,14;321,98;1289,97
L000446;P005;U03;2024-04-20;415,88;365,61;2,05;1,92;3,44;223,81;463,37
L000447;P006;U03;2025-11-11;1657,33;1567,07;9,24;11,09;17,03;919,28;1215,37
L000448;P005;U03;2024-02-08;1510,44;1451,46;8,58;11,17;50,47;681,0;2504,64
L000449;P007;U03;2026-01-30;1015,66;906,61;5,92;6,67;25,0;533,9;796,3
L000450;P005;U03;2025-11-20;1500,15;1416,41;7,37;9,29;26,51;651,21;2203,53
L000451;P005;U03;2026-04-17;984,26;951,73;5,95;6,46;2,92;504,84;1411,76
L000452;P007;U01;2025-11-13;970,39;986,76;7,4;7,18;24,14;600,3;1700,91
L000453;P008;U01;2025-10-19;1268,06;1227,27;7,59;9,77;26,46;572,12;3003,45
L000454;P003;U01;2024-10-26;717,61;624,71;3,83;4,42;27,29;274,45;850,83
L000455;P007;U01;2024-08-13;953,31;902,69;4,68;5,57;12,65;294,81;1490,45
L000456;P002;U01;2026-07-13;2037,04;1876,73;11,39;11,3;33,27;858,44;2871,89
L000457;P004;U03;2025-11-14;1704,18;1681,33;8,26;8,57;39,11;816,69;1731,95
L000458;P006;U03;2025-07-14;907,01;798,26;5,4;5,31;12,41;379,98;1266,88
L000459;P005;U01;2024-04-22;551,83;503,34;2,8;2,58;16,96;307,92;1341,35
L000460;P001;U02;2025-06-02;243,67;245,85;1,61;1,68;8,33;83,93;264,64
L000461;P008;U03;2025-12-03;1437,94;1305,63;7,21;6,68;26,15;641,81;3384,35
L000462;P004;U01;2025-05-13;1855,42;1910,08;14,66;19,09;54,94;437,1;5014,43
L000463;P005;U02;2026-03-24;1923,41;1799,97;15,8;15,95;41,7;555,18;2108,81
L000464;P003;U01;2025-04-27;278,33;241,52;1,99;2,24;2,3;103,85;417,53
L000465;P005;U01;2024-10-16;1672,46;1569,5;8,69;7,94;2197,2999999999997;397,81;3964,15
L000466;P002;U02;2025-02-26;1666,47;1439,04;10,31;13,89;53,84;483,14;3533,01
L000467;P002;U01;2025-11-18;1904,68;1915,55;13,76;16,67;61,53;1149,63;2501,0
L000468;P006;U01;2025-03-15;1579,5;1529,32;12,83;12,26;15,1;713,29;1620,86
L000469;P002;U01;2026-02-11;1244,13;1219,36;5,97;6,07;2,89;472,2;2506,34
L000470;P004;U02;2025-12-30;787,93;744,15;3,83;3,84;19,9;193,58;575,34
L000471;P004;U03;2025-11-19;577,28;573,12;3,09;3,56;1,78;337,84;1361,66
L000472;P002;U01;2024-01-03;362,37;355,06;2,23;2,87;6,81;105,91;752,37
L000473;P002;U01;2024-11-29;1534,94;1538,01;7,67;10,12;33,4;401,07;1423,39
L000474;P005;U01;2026-04-06;1099,56;968,47;6,66;7,19;26,26;340,06;1262,57
L000475;P003;U03;2024-05-20;749,23;697,13;4,83;6,27;31,05;377,75;1509,09
L000476;P005;U03;2025-09-19;1828,21;1672,96;9,5;12,59;47,19;888,85;3967,47
L000477;P002;U02;2025-09-13;847,04;815,49;4,99;6,66;7,95;225,64;2021,44
L000478;P006;U01;2024-08-10;1023,88;988,34;7,0;9,39;32,55;349,85;822,53
L000479;P004;U03;2024-09-03;227,6;197,67;1,41;1,51;1,28;107,84;282,12
L000480;P003;U01;2026-05-03;1303,59;1209,95;7,92;9,83;29,62;581,97;1256,84
L000481;P001;U01;2026-05-02;527,01;507,74;4,0;5,32;9,52;186,24;404,68
L000482;P004;U01;2024-12-29;405,81;370,01;2,11;2,62;14,41;132,25;841,76
L000483;P004;U02;2025-12-03;1210,69;1134,91;9,02;11,73;18,51;637,49;1345,69
L000484;P007;U01;2024-06-18;980,74;944,83;6,56;6,2;18,06;315,43;1434,41
L000485;P007;U02;2025-11-11;1859,77;1732,33;9,9;11,44;45,3;945,9;1501,19
L000486;P004;U01;2024-08-29;1688,51;1603,57;11,07;13,81;69,29;443,02;2782,13
L000487;P006;U01;2025-01-24;261,34;262,38;1,28;1,53;7,3;58,69;258,3
L000488;P004;U01;2024-08-24;1998,15;2017,66;10,03;10,6;64,67;949,5;3612,9
L000489;P003;U01;2025-10-12;668,73;632,33;4,66;5,88;4,07;257,93;1692,16
L000490;P002;U01;2025-07-11;1375,7;1185,64;9,88;9,08;16,31;303,61;1853,27
L000491;P003;U02;2026-04-20;785,61;688,43;4,52;4,22;4,63;187,58;715,58
L000492;P007;U01;2024-05-06;628,47;602,82;3,52;4,69;2,38;325,38;1122,38
L000493;P002;U03;2025-02-24;1789,78;1760,01;10,38;11,66;37,54;575,76;2449,59
L000494;P006;U01;2025-08-24;1477,17;1497,96;9,7;12,45;60,2;664,2;1226,55
L000495;P007;U01;2026-02-19;2084,18;2029,93;11,84;15,97;33,22;1230,77;2533,99
L000496;P004;U01;2024-12-18;691,64;707,34;5,28;6,16;21,86;228,13;1357,54
L000497;P002;U01;2026-05-10;590,97;598,38;3,45;3,49;13,05;296,13;1372,25
L000498;P006;U02;2024-04-17;963,03;958,93;8,0;10,12;3,48;470,94;1039,12
L000499;P006;U03;2025-04-05;506,07;457,3;2,99;2,9;4,47;216,62;782,06
L000500;P003;U01;2024-01-01;840,91;766,0;4,69;5,7;22,99;430,11;1532,2
L000501;P007;U02;2024-11-27;1989,87;1848,63;13,96;13,74;41,38;673,31;5165,56
L000502;P003;U02;2026-02-28;418,49;428,16;2,57;3,41;9,12;188,81;710,02
L000503;P003;U03;2024-12-29;785,04;681,82;4,95;5,62;16,79;400,5;1267,22
L000504;P006;U01;2026-07-07;1898,19;1712,7;13,09;16,44;14,2;553,06;1972,81
L000505;P005;U02;2024-11-10;2069,91;1832,13;16,15;20,9;67,5;1120,35;3234,91
L000506;P008;U03;2025-04-01;2058,17;1997,84;10,27;12,42;69,63;442,15;3684,62
L000507;P004;U03;2024-12-24;1454,31;1396,8;7,33;7,93;59,66;450,36;1399,15
L000508;P007;U01;2024-12-25;1840,45;1864,17;10,28;12,06;75,88;637,67;2313,12
L000509;P008;U03;2024-01-31;239,38;227,02;1,99;2,58;6,74;61,78;560,18
L000510;P003;U03;2025-09-30;435,77;422,08;3,12;2,89;13,3;96,49;732,3
L000511;P002;U01;2024-04-25;2034,74;1883,25;12,96;15,86;9,07;1146,19;4277,0
L000512;P007;U01;2024-05-31;2164,92;2202,4;13,55;12,33;55,57;905,7;3102,83
L000513;P007;U01;2025-09-02;2167,48;1917,72;12,3;14,81;45,63;470,06;5196,83
L000514;P003;U01;2024-02-11;1266,71;1257,82;6,29;8,44;5,78;741,23;1051,67
L000515;P001;U03;2024-04-27;416,98;407,45;2,4;2,62;10,35;169,91;558,78
L000516;P001;U03;2025-08-04;1168,45;1010,78;7,91;10,65;23,94;290,49;2741,73
L000517;P008;U02;2024-01-18;1812,16;1818,14;12,39;15,72;45,95;647,5;5073,39
L000518;P002;U02;2024-06-14;878,16;870,92;6,96;7,26;19,04;259,04;2287,56
L000519;P006;U01;2025-01-07;564,27;539,83;2,73;3,46;14,65;222,79;1064,29
L000520;P004;U02;2024-07-06;451,82;404,43;2,68;2,81;7,54;108,3;1005,19
L000521;P003;U03;2026-03-31;713,18;655,32;5,22;7,02;15,91;400,44;1580,45
L000522;P008;U03;2025-06-18;2142,25;2157,86;15,06;18,01;71,29;549,77;4880,42
L000523;P003;U02;2024-05-10;432,39;441,25;2,34;2,83;6,31;153,76;588,41
L000524;P008;U03;2025-04-13;849,46;813,94;4,67;5,65;6,11;181,88;1723,26
L000525;P002;U01;2025-06-01;1716,73;1491,5;10,81;12,77;49,62;768,7;2058,37
L000526;P004;U03;2025-04-09;375,04;381,5;2,73;3,33;14,98;145,51;567,42
L000527;P002;U03;2026-07-01;1874,39;1923,9;12,94;11,82;53,12;771,28;3040,68
L000528;P007;U01;2024-10-06;1170,09;1044,06;6,19;7,05;46,44;601,28;2183,81
L000529;P002;U03;2026-02-27;498,43;453,5;3,3;3,75;2,18;134,78;548,96
L000530;P003;U02;2025-09-29;2071,05;1973,54;10,14;9,15;73,44;630,82;5119,63
L000531;P004;U02;2025-12-16;1036,26;959,7;6,13;8,22;27,16;418,94;2202,29
L000532;P003;U01;2025-02-21;2001,4;1785,16;16,41;17,27;59,89;919,87;2790,09
L000533;P002;U03;2024-07-11;1240,58;1229,03;9,55;10,04;35,15;329,0;1943,4
L000534;P006;U03;2024-03-03;1158,58;1178,84;8,23;9,7;13,57;489,35;1946,13
L000535;P002;U01;2025-08-01;1313,23;1226,4;6,27;7,43;40,7;565,79;3003,85
L000536;P008;U03;2026-05-26;1379,31;1399,8;7,58;7,33;33,46;603,95;2709,91
L000537;P006;U01;2026-01-15;1307,78;1252,36;7,81;9,45;11,89;748,61;2522,43
L000538;P006;U01;2025-09-13;971,68;929,58;4,84;6,21;4,84;297,9;2135,12
L000539;P005;U01;2026-01-26;1770,79;1736,44;10,89;10,89;28,42;948,97;2627,65
L000540;P003;U01;2026-01-24;1827,51;1859,14;10,4;13,75;5,67;447,17;2440,93
L000541;P006;U01;2026-06-16;1274,56;1263,71;6,22;5,85;43,54;494,34;1713,82
L000542;P006;U02;2024-03-18;2192,53;1933,98;15,75;15,6;47,13;1136,67;4982,12
L000543;P007;U01;2024-11-13;293,41;289,18;1,5;1,46;1,64;70,94;518,29
L000544;P003;U01;2024-03-05;2024,57;1878,27;13,72;16,97;37,0;1142,68;4560,51
L000545;P003;U01;2025-02-12;1888,24;1938,59;12,32;16,27;19,66;686,23;1591,97
L000546;P007;U01;2024-06-27;372,34;359,36;2,66;2,56;2,49;132,3;429,96
L000547;P003;U02;2025-05-23;1441,69;1262,97;7,37;9,88;53,83;411,12;3088,54
L000548;P003;U01;2024-03-10;1259,17;1282,65;6,56;6,18;45,27;462,19;3181,43
L000549;P002;U02;2024-03-18;447,81;445,49;2,41;2,52;15,4;206,72;581,75
L000550;P008;U03;2024-07-04;689,7;615,89;5,3;5,25;10,69;341,47;940,75
L000551;P001;U02;2025-08-15;718,91;670,33;4,1;3,75;15,29;151,28;1572,08
L000552;P001;U01;2024-11-01;761,56;744,95;5,23;6,6;5,26;164,5;1838,21
L000553;P001;U03;2025-01-22;2173,88;2144,34;14,43;18,96;3002,076;1007,32;5158,17
L000554;P006;U03;2024-11-06;248,58;216,58;1,96;2,4;2,25;105,67;309,61
L000555;P001;U03;2025-10-22;1250,52;1100,78;10,0;13,08;18,49;381,38;961,63
L000556;P005;U01;2025-10-10;1537,11;1405,3;8,42;8,79;9,81;421,77;2573,14
L000557;P008;U03;2025-09-15;1196,26;1143,08;7,18;9,26;9,22;520,86;1993,4
L000558;P001;U02;2024-04-29;1005,45;875,78;7,19;7,8;5,52;455,54;1593,31
L000559;P007;U01;2025-03-20;742,95;756,93;4,35;5,79;9,87;332,79;1480,75
L000560;P002;U01;2026-05-22;617,67;628,28;4,79;6,32;13,61;364,65;472,69
L000561;P001;U01;2025-09-14;1311,52;1220,15;7,07;9,32;53,89;522,19;2504,09
L000562;P001;U02;2025-01-04;1277,94;1274,07;6,42;6,74;44,1;404,46;1772,95
L000563;P008;U03;2024-07-04;433,25;410,57;3,44;3,92;2,18;233,87;633,51
L000564;P004;U03;2025-10-12;306,12;282,81;1,7;1,9;3,27;96,88;279,17
L000565;P002;U02;2026-02-13;337,32;314,39;2,7;3,02;11,87;119,23;584,87
L000566;P003;U03;2026-04-08;1762,69;1542,84;12,18;11,88;58,1;628,13;1201,39
L000567;P006;U03;2026-02-19;1197,71;1165,54;9,48;10,52;30,02;336,05;826,46
L000568;P006;U01;2025-02-03;2093,81;1963,15;13,74;16,28;10,09;482,87;4437,12
L000569;P002;U03;2025-03-02;1606,43;1524,53;11,77;14,5;45,8;869,33;3087,6
L000570;P007;U02;2025-03-30;680,8;611,09;3,56;4,33;8,71;334,76;1635,54
L000571;P006;U03;2024-08-06;1952,36;1875,44;9,57;12,22;65,21;1081,71;1530,34
L000572;P005;U01;2025-07-17;2130,19;1989,29;13,54;16,5;22,02;458,43;2977,02
L000573;P006;U03;2024-12-11;1929,69;1861,73;9,89;11,58;83,05;523,96;3851,4
L000574;P007;U02;2025-12-04;2125,45;1844,12;12,64;12,06;38,42;1020,26;1430,61
L000575;P004;U01;2024-01-24;1928,01;1769,05;14,79;17,9;79,54;457,29;2962,96
L000576;P006;U03;2025-11-09;2041,16;1917,59;14,39;19,11;12,32;955,81;3559,05
L000577;P003;U02;2024-04-12;1114,89;1028,36;6,43;8,1;24,99;294,66;793,66
L000578;P007;U03;2025-07-30;1000,3;939,57;5,91;7,62;35,32;379,03;1692,56
L000579;P007;U02;2024-10-23;679,04;586,21;4,79;5,76;2,55;280,55;505,9
L000580;P006;U02;2025-03-09;715,97;709,7;3,7;3,41;17,25;213,71;921,36
L000581;P001;U02;2024-09-09;1445,92;1349,89;9,47;8,75;34,56;429,79;2824,35
L000582;P008;U01;2025-08-02;886,52;906,48;4,55;5,13;15,8;311,93;1538,14
L000583;P007;U02;2026-02-07;1838,18;1721,75;10,86;10,31;60,24;505,58;4780,08
L000584;P002;U03;2025-10-26;841,52;762,08;5,53;7,01;34,28;381,27;1348,86
L000585;P002;U03;2024-03-17;2154,43;2172,61;15,13;19,1;92,54;576,44;4597,94
L000586;P001;U02;2025-03-31;1092,66;1098,2;5,62;6,85;40,08;277,63;2990,24
L000587;P008;U02;2024-12-23;396,92;395,86;2,02;2,3;12,49;135,56;1058,64
L000588;P003;U03;2024-12-12;1871,55;1890,32;11,06;13,89;38,09;704,55;3462,65
L000589;P004;U01;2025-04-02;675,87;587,0;4,04;4,96;15,47;150,97;1295,47
L000590;P008;U01;2024-02-26;2101,24;1897,82;14,38;18,17;15,02;1137,55;2436,62
L000591;P008;U03;2025-09-22;1404,19;1335,46;9,7;10,98;37,04;718,18;2160,2
L000592;P004;U01;2025-10-24;226,11;194,79;1,45;1,4;8,48;64,57;395,49
L000593;P008;U02;2024-11-19;1478,06;1371,64;9,17;8,95;53,73;492,09;2113,43
L000594;P001;U01;2024-04-06;1021,44;932,92;6,43;6,93;22,73;229,1;1663,02
L000595;P004;U02;2025-04-01;749,87;696,72;4,5;5,58;3,51;313,88;1526,54
L000596;P005;U01;2024-08-18;1278,54;1145,93;6,42;6,16;19,4;501,2;2737,2
L000597;P008;U02;2026-03-06;1399,49;1363,25;8,35;7,78;30,06;782,07;3195,98
L000598;P002;U03;2024-09-14;465,78;458,52;3,06;3,7;16,7;236,14;376,58
L000599;P003;U03;2024-01-19;309,1;301,77;1,49;1,56;6,59;123,42;313,78
L000600;P008;U03;2024-02-15;2005,91;1873,22;16,43;15,56;21,92;468,53;3738,56
L000601;P003;U03;2026-04-28;672,46;668,27;4,78;5,08;24,56;184,4;1118,75
L000602;P002;U03;2025-08-17;2003,23;1734,69;13,62;17,38;74,21;526,34;1532,7
L000603;P003;U02;2024-03-12;774,2;725,19;4,9;4,57;23,26;356,66;826,44
L000604;P006;U02;2024-10-25;1881,83;1785,97;13,62;16,77;28,09;802,41;2611,09
L000605;P003;U01;2025-03-07;1001,67;988,27;7,07;8,3;9,7;391,01;1269,16
L000606;P001;U03;2024-05-23;1092,53;989,6;7,69;7,76;17,29;291,96;2418,55
L000607;P006;U03;2024-12-30;862,32;791,63;4,22;4,41;9,45;486,19;1209,56
L000608;P006;U03;2024-09-01;1119,28;1122,89;8,32;11,21;27,47;633,49;2777,77
L000609;P008;U01;2025-11-06;399,64;409,25;2,62;3,48;3,35;110,75;641,22
L000610;P004;U03;2025-12-05;868,26;786,75;5,21;5,0;13,45;335,48;1404,42
L000611;P002;U03;2024-03-03;1408,66;1262,13;7,39;6,67;13,22;376,34;1326,75
L000612;P001;U02;2026-04-21;1052,87;940,78;7,08;8,07;7,42;369,4;1214,51
L000613;P001;U02;2024-07-11;639,95;583,2;3,42;4,12;2,2;247,86;594,6
L000614;P002;U03;2024-09-25;1384,26;1266,08;7,35;9,43;43,89;494,13;1628,96
L000615;P002;U03;2025-09-18;1550,3;1544,97;8,46;7,85;30,26;760,02;2791,65
L000616;P004;U03;2025-07-31;2043,08;1942,08;14,96;15,71;58,57;716,69;2811,43
L000617;P007;U01;2026-03-25;2158,87;2047,46;16,4;21,59;62,89;1064,41;1828,08
L000618;P002;U02;2026-07-27;470,93;472,94;3,31;3,06;16,64;109,95;817,61
L000619;P008;U02;2025-06-06;600,72;591,49;3,47;4,43;24,55;141,63;1453,94
L000620;P001;U01;2025-08-17;1921,26;1716,0;11,13;12,84;36,48;766,41;3441,08
L000621;P008;U01;2024-12-10;1692,8;1538,44;10,73;10,39;41,28;750,23;3136,94
L000622;P003;U03;2024-06-21;1536,92;1394,7;7,41;7,18;52,51;654,11;3232,28
L000623;P005;U03;2024-10-14;1822,87;1780,85;11,94;14,68;41,67;658,33;3300,35
L000624;P006;U03;2025-10-20;2182,82;1931,92;10,81;12,65;78,06;470,88;3666,28
L000625;P006;U01;2026-02-06;2196,85;2244,88;11,12;14,25;48,64;539,02;5548,69
L000626;P001;U03;2024-09-03;213,81;213,34;1,13;1,29;1,82;64,61;541,2
L000627;P006;U02;2024-12-29;1973,15;1961,21;11,71;12,06;38,26;574,41;4857,36
L000628;P001;U02;2025-05-13;1114,19;978,35;6,59;7,02;43,35;455,93;1875,58
L000629;P003;U02;2025-09-16;329,58;283,46;2,05;2,15;12,02;149,83;715,68
L000630;P004;U01;2025-11-09;1737,7;1646,55;12,49;11,6;7,76;475,17;2837,26
L000631;P001;U02;2026-04-27;1616,44;1527,54;11,12;13,37;55,23;466,84;1738,88
L000632;P002;U01;2025-10-20;1160,22;1142,98;6,43;6,9;38,8;389,13;1211,55
L000633;P004;U01;2026-05-22;1752,83;1642,38;10,4;12,36;15,41;663,02;2200,95
L000634;P006;U02;2024-12-29;1983,57;1825,38;16,29;14,82;35,56;916,79;2782,02
L000635;P006;U03;2024-03-26;226,87;213,45;1,27;1,15;7,16;131,26;257,95
L000636;P005;U02;2025-07-05;1622,29;1645,85;8,83;8,9;35,04;916,05;3530,2
L000637;P007;U01;2024-01-21;1494,7;1344,89;9,43;8,69;49,53;473,2;2984,13
L000638;P001;U01;2025-03-28;276,83;256,35;1,72;1,6;3,98;158,11;277,23
L000639;P003;U03;2026-01-14;2016,95;2014,34;9,69;11,2;68,63;489,63;3032,0
L000640;P005;U02;2024-05-08;1925,72;1771,2;13,2;15,99;18,89;611,61;3746,34
L000641;P004;U01;2024-06-16;877,5;831,94;5,33;6,06;32,53;221,99;1175,31
L000642;P006;U03;2025-11-11;759,98;761,13;3,83;4,01;29,51;430,42;634,79
L000643;P003;U02;2026-07-23;1493,41;1367,43;8,84;10,05;39,13;786,33;3546,0
L000644;P006;U01;2024-03-11;964,31;947,65;7,41;7,9;24,81;270,89;2379,38
L000645;P008;U02;2025-11-14;1563,85;1515,74;12,44;11,75;26,65;820,06;2299,68
L000646;P001;U03;2024-06-28;1680,5;1720,44;13,74;13,71;29,99;998,32;1726,57
L000647;P002;U02;2025-01-12;1974,46;1752,76;11,51;14,22;54,17;391,92;2487,46
L000648;P001;U02;2024-05-23;285,27;262,21;2,32;3,01;8,76;83,33;634,15
L000649;P006;U02;2025-09-06;1354,49;1228,27;9,73;11,74;49,2;670,96;3019,71
L000650;P001;U03;2025-10-17;321,71;312,49;2,65;2,77;11,67;152,45;780,8
L000651;P006;U03;2025-11-24;970,58;999,42;5,81;5,67;6,12;505,15;1243,24
L000652;P006;U01;2026-03-24;2047,91;1770,38;13,83;18,17;45,5;451,98;3900,48
L000653;P003;U03;2025-07-19;1007,54;886,72;5,82;7,71;7,98;451,48;741,08
L000654;P003;U03;2026-02-11;994,78;865,82;6,14;5,72;18,67;529,83;2154,7
L000655;P001;U03;2026-03-30;701,79;687,01;5,25;6,58;12,42;292,34;1388,05
L000656;P008;U01;2024-10-02;1854,7;1635,06;12,49;11,5;41,47;469,53;2044,21
L000657;P008;U01;2026-05-22;1550,27;1457,92;10,23;10,16;16,82;805,44;3029,16
L000658;P006;U03;2024-09-16;1061,62;916,58;5,96;6,65;6,61;390,48;1637,68
L000659;P004;U03;2025-03-11;385,2;388,58;1,9;2,15;9,13;184,74;833,39
L000660;P007;U03;2025-09-20;334,71;321,81;1,91;2,57;14,13;114,98;384,52
L000661;P005;U01;2025-10-19;336,87;317,76;1,76;1,89;13,1;104,22;766,23
L000662;P008;U02;2024-10-29;2042,04;1893,05;11,73;13,01;36,74;1007,13;1548,24
L000663;P006;U01;2026-06-09;1464,51;1432,72;7,44;8,6;6,43;345,81;2166,46
L000664;P008;U02;2025-06-28;409,02;404,78;1,99;2,16;10,61;220,02;612,57
L000665;P002;U03;2026-02-05;977,39;866,69;6,94;9,04;6,38;435,33;1137,34
L000666;P001;U02;2024-08-17;1799,62;1843,65;11,99;11,62;61,98;507,79;2572,18
L000667;P003;U01;2026-01-24;1690,04;1608,41;11,11;14,44;28,49;858,46;1756,17
L000668;P003;U01;2024-12-27;1797,67;1707,99;11,53;12,17;22,35;402,34;3816,34
L000669;P001;U03;2024-12-06;2135,67;1930,46;10,87;14,48;32,43;641,05;1860,17
L000670;P005;U02;2025-01-20;569,38;581,46;3,21;3,08;23,36;342,07;1032,74
L000671;P001;U02;2025-01-30;309,15;294,4;1,9;1,85;9,88;110,27;697,76
L000672;P003;U03;2024-10-26;1454,8;1320,05;8,22;7,4;55,07;725,89;3647,83
L000673;P003;U02;2025-07-25;721,18;630,15;3,88;4,31;3,09;364,27;874,45
L000674;P007;U03;2024-12-23;2186,75;2120,12;14,17;14,72;84,03;838,56;4912,52
L000675;P004;U03;2024-07-23;1211,47;1121,22;6,52;6,66;25,07;454,67;2463,45
L000676;P003;U03;2025-05-11;1527,93;1317,95;9,24;12,24;37,75;803,47;2941,56
L000677;P007;U03;2024-02-03;1518,05;1482,24;10,54;13,95;6,57;519,22;3233,28
L000678;P004;U01;2024-08-07;348,05;342,4;1,73;1,7;5,11;187,88;908,26
L000679;P007;U03;2026-01-20;2104,33;1869,2;13,17;13,73;71,97;592,98;2380,14
L000680;P003;U03;2025-07-31;1791,5;1839,74;13,51;16,38;75,05;434,86;2099,91
L000681;P001;U03;2026-04-27;1970,58;1958,74;11,55;13,18;66,49;456,99;5244,0
L000682;P007;U01;2025-07-31;2038,8;1981,25;10,01;10,4;40,53;1004,76;4405,5
L000683;P008;U01;2025-12-01;358,36;322,52;1,79;1,64;2,63;187,88;620,62
L000684;P003;U02;2024-04-09;1946,73;1991,4;13,69;14,71;51,75;1177,86;3458,09
L000685;P001;U01;2024-04-19;1476,28;1345,13;10,28;13,28;45,52;781,36;3473,32
L000686;P001;U01;2026-06-04;405,92;364,45;2,36;2,58;2,28;181,2;911,83
L000687;P003;U01;2025-10-22;1856,51;1801,31;13,66;16,24;54,68;692,47;1561,76
L000688;P004;U01;2025-12-10;1651,83;1584,7;10,97;13,62;62,02;924,02;1472,88
L000689;P006;U01;2024-11-07;962,06;935,54;5,79;6,58;33,98;230,24;1149,46
L000690;P003;U03;2024-01-03;1822,69;1778,74;14,22;19,01;5,12;726,84;1637,63
L000691;P002;U02;2024-01-29;2172,74;1976,03;15,03;14,28;81,91;901,98;4600,72
L000692;P001;U02;2024-09-03;699,49;660,37;3,7;4,79;19,41;174,67;708,29
L000693;P002;U03;2024-12-13;491,68;466,8;2,48;2,28;6,01;281,87;458,48
L000694;P005;U02;2025-08-17;493,47;501,6;3,38;4,06;22,26;145,28;1241,07
L000695;P004;U03;2025-08-18;456,11;450,15;3,26;3,82;1,42;243,92;630,7
L000696;P003;U02;2025-11-07;1062,6;1029,35;5,96;5,94;9,68;484,03;1268,38
L000697;P005;U03;2024-05-27;2121,94;2019,23;16,51;21,05;14,04;921,29;5122,91
L000698;P003;U02;2026-01-25;2128,54;1961,14;15,49;19,29;21,07;1053,9;2942,5
L000699;P002;U02;2025-03-27;1171,38;1123,75;6,87;9,17;28,23;636,34;1194,37
L000700;P002;U03;2026-07-26;537,69;464,21;2,91;3,19;11,79;158,03;693,07
L000701;P008;U03;2025-12-23;1853,53;1653,79;14,29;15,4;48,17;559,93;2582,55
L000702;P003;U03;2026-01-11;332,36;301,88;2,28;2,22;9,89;165,16;741,53
L000703;P005;U01;2025-11-21;1762,24;1772,42;11,0;11,22;60,73;580,69;1252,83
L000704;P002;U02;2025-11-22;1496,68;1360,29;8,27;7,46;60,9;360,64;2306,43
L000705;P003;U03;2024-11-07;1094,68;1121,46;9,08;11,51;41,12;331,37;872,18
L000706;P003;U03;2024-12-25;1055,85;996,68;6,68;8,03;17,17;597,99;751,34
L000707;P002;U02;2025-04-01;1291,74;1187,18;8,07;8,51;8,27;692,98;1722,47
L000708;P008;U02;2025-10-09;1721,31;1748,85;9,07;8,95;2448,39;966,98;2801,17
L000709;P002;U02;2025-07-18;1781,14;1671,95;9,42;8,71;67,51;735,27;1542,7
L000710;P007;U02;2025-05-14;1377,42;1197,37;7,03;6,67;24,62;398,44;2465,28
L000711;P001;U03;2024-01-25;1753,51;1730,53;10,02;12,88;77,63;1071,0;3135,94
L000712;P007;U01;2024-08-16;1467,46;1427,83;10,58;12,65;12,6;611,45;1624,11
L000713;P008;U01;2024-07-11;1358,91;1198,1;9,6;12,03;28,5;533,71;862,43
L000714;P007;U01;2026-04-21;1581,58;1454,73;8,74;10,74;5,3;486,01;3015,82
L000715;P003;U02;2024-09-04;1039,62;1048,79;7,37;8,43;33,76;578,74;2704,38
L000716;P003;U03;2025-04-29;463,92;421,27;3,76;4,69;3,22;146,2;462,48
L000717;P007;U03;2024-09-30;732,88;683,45;5,43;6,27;2,49;380,58;778,24
L000718;P005;U02;2025-07-13;1995,53;1892,62;11,57;10,64;16,84;606,71;4057,46
L000719;P005;U03;2024-02-20;593,56;519,95;3,87;4,05;6,08;264,0;1003,17
L000720;P001;U01;2024-01-14;822,34;773,01;4,02;5,28;25,05;378,13;1716,22
L000721;P001;U02;2026-01-16;698,63;615,91;4,28;4,31;8,76;215,8;926,86
L000722;P005;U02;2025-02-28;1157,54;1016,93;5,65;7,33;27,53;539,17;2240,1
L000723;P005;U02;2024-05-19;1146,59;1045,84;6,41;6,72;18,52;581,85;2482,23
L000724;P008;U01;2026-03-17;857,47;782,59;5,89;6,36;8,94;341,14;1143,53
L000725;P004;U02;2025-08-22;1120,04;1038,54;6,96;8,45;14,92;555,51;2230,88
L000726;P002;U01;2025-01-02;323,22;323,91;2,18;2,23;7,65;79,68;515,88
L000727;P008;U01;2025-09-18;1301,07;1221,91;6,37;7,56;26,74;659,06;2213,23
L000728;P007;U03;2025-01-02;367,34;363,8;1,94;2,01;13,53;206,38;971,49
L000729;P008;U02;2026-03-27;855,91;829,56;6,68;8,69;21,45;376,37;1685,37
L000730;P002;U01;2024-07-28;1346,64;1185,96;8,25;8,31;8,68;518,08;3173,54
L000731;P002;U02;2025-04-14;1029,98;984,8;8,28;10,49;42,94;228,21;2399,08
L000732;P005;U03;2026-04-18;861,25;759,37;4,26;5,39;28,2;462,09;971,55
L000733;P003;U01;2025-10-09;780,51;743,55;5,07;4,56;28,02;448,03;834,91
L000734;P002;U01;2026-02-24;728,85;689,08;4,34;4,62;3,62;191,28;1644,23
L000735;P007;U01;2026-07-01;1678,2;1641,32;8,82;9,06;71,31;450,78;2847,6
L000736;P002;U02;2024-11-06;484,37;425,46;2,32;2,58;2,17;141,71;906,75
L000737;P004;U02;2026-02-25;1780,95;1631,16;10,47;13,22;8,76;786,97;3470,38
L000738;P002;U01;2025-11-16;1130,47;1029,28;7,45;8,78;25,77;521,59;2457,78
L000739;P003;U02;2024-09-03;1950,94;1715,33;11,73;13,54;63,75;1032,2;2496,33
L000740;P005;U01;2025-02-22;347,46;313,1;1,91;2,5;6,35;94,66;811,65
L000741;P003;U02;2024-08-18;1314,65;1336,65;6,4;8,28;27,61;301,77;2968,57
L000742;P007;U01;2026-04-21;545,73;511,93;2,79;2,69;13,26;277,92;526,88
L000743;P002;U02;2024-11-14;2182,28;2124,72;13,3;14,73;87,83;947,21;4724,74
L000744;P008;U03;2024-09-04;1565,02;1422,87;7,56;8,87;55,98;848,48;1492,93
L000745;P008;U01;2024-06-20;846,4;733,58;4,87;4,74;3,88;380,18;1635,78
L000746;P004;U03;2026-02-05;2056,98;1820,97;13,18;11,94;53,41;474,77;2248,14
L000747;P006;U02;2026-03-08;1347,37;1199,91;8,17;9,25;48,81;627,68;1852,71
L000748;P005;U01;2025-10-21;1890,44;1735,94;11,25;12,62;41,64;637,97;2279,65
L000749;P005;U02;2024-10-25;522,49;471,76;3,99;4,7;9,65;119,05;892,51
L000750;P002;U01;2024-10-10;753,53;762,72;4,49;4,3;15,83;177,05;2025,26
L000751;P003;U03;2026-02-03;1553,2;1453,03;8,92;10,8;44,12;743,13;1955,04
L000752;P002;U03;2026-03-09;801,0;807,57;5,86;5,96;5,01;302,26;1647,93
L000753;P001;U02;2026-04-11;498,03;497,41;3,81;3,61;15,78;123,4;878,76
L000754;P005;U02;2025-11-29;1343,95;1367,51;7,95;7,64;24,95;786,77;1054,95
L000755;P005;U01;2024-05-07;1735,77;1695,57;8,95;9,77;45,31;393,1;3584,02
L000756;P005;U01;2025-01-31;1270,6;1115,92;9,1;8,76;40,21;476,76;851,86
L000757;P002;U02;2024-12-06;718,89;629,84;4,34;4,45;15,3;239,0;1264,95
L000758;P004;U01;2026-02-18;451,7;416,73;2,43;3,06;8,38;254,83;473,64
L000759;P006;U03;2025-05-18;1112,09;969,56;5,66;5,24;2,48;372,55;727,3
L000760;P008;U01;2024-12-08;1719,18;1668,47;12,34;12,04;47,55;532,49;1721,47
L000761;P002;U01;2026-01-28;2077,08;1800,36;13,82;16,9;58,18;806,34;3410,49
L000762;P003;U03;2026-03-30;1022,19;964,74;8,4;9,64;27,34;572,4;2548,02
L000763;P008;U02;2024-08-01;270,06;272,3;1,91;2,16;9,38;78,47;738,47
L000764;P006;U01;2026-01-21;1278,97;1282,3;7,32;7,89;13,93;515,94;2798,21
L000765;P008;U03;2025-11-18;1167,75;1036,6;6,84;7,46;13,9;363,27;1972,83
L000766;P006;U01;2024-07-23;1365,48;1278,84;8,0;8,32;21,08;283,85;1050,77
L000767;P005;U02;2025-01-01;1268,36;1148,67;8,5;9,23;38,37;386,05;1929,31
L000768;P005;U03;2025-08-17;2134,39;2119,46;11,29;12,18;59,55;950,55;4356,52
L000769;P005;U03;2025-11-16;405,46;365,51;2,28;2,32;10,09;112,8;640,04
L000770;P003;U01;2026-04-21;560,62;531,41;4,55;4,94;15,42;151,39;1414,7
L000771;P007;U02;2024-12-24;1848,47;1850,1;14,37;14,04;58,06;823,62;2074,18
L000772;P008;U03;2024-05-31;811,57;813,88;6,64;6,27;2,86;301,42;1366,25
L000773;P002;U02;2024-11-03;1600,09;1427,84;8,9;8,46;15,85;788,37;2384,81
L000774;P002;U02;2025-12-15;1004,3;942,58;5,19;5,78;36,13;564,65;1751,56
L000775;P005;U03;2025-05-18;331,02;316,33;2,01;2,52;12,6;195,92;629,35
L000776;P001;U03;2025-04-03;2084,78;2091,37;13,07;17,4;12,58;611,17;1876,74
L000777;P007;U03;2024-06-19;1652,97;1689,06;11,66;12,77;42,53;894,28;2366,86
L000778;P008;U02;2024-09-04;818,69;798,41;6,77;8,32;22,94;230,52;577,05
L000779;P002;U03;2025-09-17;543,55;476,98;4,32;4,59;8,21;220,9;407,95
L000780;P002;U03;2025-03-09;1565,12;1418,16;7,92;10,6;39,23;402,83;1137,09
L000781;P003;U01;2024-09-11;1084,88;1040,16;6,08;7,18;42,48;541,41;1471,87
L000782;P008;U03;2024-02-21;983,78;978,73;8,11;9,94;6,68;276,23;955,56
L000783;P004;U02;2024-11-26;2141,73;2008,82;14,04;14,66;34,53;1104,61;4229,59
L000784;P002;U01;2024-06-15;821,59;758,15;5,84;6,9;20,19;454,51;590,32
L000785;P006;U02;2025-08-09;786,1;777,15;5,9;5,7;9,95;185,76;1171,04
L000786;P002;U03;2024-02-17;1315,78;1204,47;10,28;12,79;50,64;552,5;2891,7
L000787;P005;U02;2024-03-29;1667,54;1451,61;9,97;10,02;9,67;629,22;3671,05
L000788;P005;U03;2024-01-26;1953,76;1894,93;14,75;16,76;66,62;1110,88;2138,41
L000789;P002;U01;2025-05-05;1282,59;1174,79;8,79;9,04;52,16;358,85;2015,34
L000790;P002;U03;2025-12-10;2169,39;2094,37;14,63;15,62;69,19;819,71;4723,16
L000791;P006;U03;2025-01-27;1104,51;1075,81;7,23;7,62;9,24;610,66;2242,69
L000792;P002;U03;2024-02-15;1453,13;1485,92;9,68;11,03;31,27;410,45;1103,83
L000793;P002;U02;2026-06-18;309,34;275,96;1,59;1,77;7,21;163,18;688,47
L000794;P004;U01;2025-01-31;581,61;557,66;4,3;4,08;20,99;182,43;942,0
L000795;P004;U02;2024-09-09;1518,93;1530,88;9,59;8,71;48,86;565,91;3652,61
L000796;P002;U01;2026-06-21;1749,35;1506,37;13,38;12,8;27,9;699,66;3557,66
L000797;P001;U02;2026-04-19;1935,76;1869,27;10,41;12,78;27,32;619,64;4242,35
L000798;P003;U01;2024-11-24;1814,44;1720,19;11,43;12,97;18,99;887,28;1301,45
L000799;P001;U03;2025-08-21;736,01;712,25;5,1;5,88;2,38;410,15;1016,01
L000800;P007;U01;2024-02-28;671,51;635,18;3,43;3,18;1,29;141,33;718,55
L000801;P001;U02;2024-07-16;679,05;642,92;4,71;4,41;7,41;293,59;635,96
L000802;P004;U01;2026-07-03;293,76;263,24;1,44;1,94;10,66;147,94;669,64
L000803;P001;U03;2024-02-19;900,95;803,79;4,81;4,72;23,83;237,16;953,02
L000804;P002;U02;2025-07-28;2088,06;2057,3;10,98;12,11;43,15;468,14;2175,5
L000805;P008;U01;2024-08-09;1896,21;1751,02;11,53;12,55;70,3;981,64;4452,3
L000806;P001;U03;2025-09-06;569,75;519,53;4,35;5,43;15,59;249,7;424,5
L000807;P006;U01;2026-03-31;1308,44;1326,32;7,74;9,36;35,18;456,86;2685,16
L000808;P006;U02;2024-04-04;1465,77;1428,81;8,9;9,98;39,5;733,88;3403,76
L000809;P006;U02;2025-04-15;1277,03;1231,64;10,05;9,75;10,59;418,94;1930,21
L000810;P005;U02;2025-04-10;795,56;737,91;3,95;5,27;10,01;337,67;1755,86
L000811;P004;U02;2026-04-19;1542,51;1363,49;12,49;11,64;16,5;520,09;2093,92
L000812;P005;U03;2025-06-20;801,66;808,26;4,51;5,13;15,5;202,9;708,36
L000813;P006;U01;2026-05-07;1426,03;1322,69;6,9;6,76;37,07;667,1;3293,29
L000814;P006;U01;2025-09-02;2108,54;1975,14;17,06;19,72;11,61;848,52;5095,0
L000815;P006;U03;2025-12-13;244,18;225,76;1,38;1,59;1,04;84,43;540,97
L000816;P004;U02;2026-05-21;505,26;511,35;3,03;4,01;9,19;304,16;631,14
L000817;P004;U01;2025-10-12;902,61;836,18;5,4;7,15;37,47;461,87;1672,28
L000818;P008;U03;2024-11-29;2130,87;2174,76;13,05;12,93;94,79;1160,36;3480,21
L000819;P007;U02;2025-06-17;2044,08;2023,93;16,24;17,85;88,36;613,63;2417,63
L000820;P003;U02;2025-07-13;1271,18;1182,3;10,03;9,09;46,1;443,78;994,45
L000821;P007;U01;2025-12-12;629,18;560,77;5,23;6,58;4,59;253,33;1224,02
L000822;P002;U02;2025-03-12;900,34;831,98;6,01;6,7;18,6;372,94;1356,63
L000823;P006;U03;2026-07-12;820,95;731,11;5,2;5,57;24,73;190,59;1848,56
L000824;P002;U01;2024-03-08;660,62;597,47;5,24;6,5;5,22;135,91;514,92
L000825;P001;U02;2025-01-11;1451,05;1464,3;8,0;9,03;18,38;539,13;2859,77
L000826;P007;U01;2026-04-03;2032,47;1855,87;9,98;12,26;10,65;864,95;3844,76
L000827;P004;U01;2025-06-15;287,39;265,78;2,17;2,7;8,28;116,3;688,3
L000828;P003;U01;2025-05-28;1990,68;1722,2;11,65;11,55;30,88;939,22;2898,64
L000829;P007;U02;2024-12-26;739,22;753,85;4,67;5,91;11,35;207,77;1114,51
L000830;P001;U01;2026-03-07;363,13;371,4;2,58;2,6;16,53;175,1;598,81
L000831;P004;U02;2026-06-02;1820,12;1716,73;10,53;10,56;42,37;988,79;4293,37
L000832;P003;U02;2024-08-04;1940,59;1865,34;10,51;13,51;37,52;1126,35;3341,57
L000833;P001;U01;2026-03-26;2028,83;1895,43;11,39;12,27;28,92;637,61;2769,19
L000834;P006;U02;2024-03-22;1603,94;1466,63;9,97;10,16;58,75;829,42;1481,41
L000835;P004;U02;2024-01-13;1786,85;1594,0;8,72;11,47;54,47;746,88;3085,34
L000836;P004;U02;2026-02-09;2193,46;2206,35;14,0;14,56;93,82;1167,36;4188,69
L000837;P005;U01;2026-01-21;742,74;690,05;4,39;4,96;11,27;280,54;1555,84
L000838;P005;U03;2024-07-30;682,77;600,46;4,9;5,79;6,73;200,07;608,11
L000839;P005;U01;2024-05-01;1490,73;1392,49;10,45;9,93;54,49;538,31;2120,52
L000840;P007;U01;2025-05-21;372,21;320,7;2,76;2,57;4,88;180,4;313,87
L000841;P003;U03;2026-07-08;795,51;725,98;4,6;5,31;23,45;320,45;1625,82
L000842;P002;U03;2025-12-06;1305,11;1212,3;8,62;11,44;37,97;439,82;1250,44
L000843;P007;U02;2024-06-25;1180,91;1097,76;7,44;8,41;46,2;536,08;1094,1
L000844;P004;U02;2026-06-04;1027,27;995,67;6,49;7,11;6,64;402,89;2572,97
L000845;P004;U01;2025-08-24;2174,42;1889,32;12,73;16,69;58,93;783,5;2673,14
L000846;P004;U01;2025-10-24;909,23;849,83;4,34;4,2;29,72;235,4;2020,47
L000847;P005;U02;2025-02-02;1485,61;1456,29;10,17;11,39;43,57;394,78;2944,0
L000848;P002;U03;2026-01-11;1783,49;1621,58;13,81;12,89;11,29;768,08;1908,91
L000849;P005;U02;2026-05-25;1575,64;1447,17;7,79;8,22;15,17;703,73;3782,02
L000850;P004;U03;2025-05-15;1786,57;1636,68;8,87;10,87;4,77;445,72;3588,58
L000851;P005;U03;2025-12-16;1764,56;1563,63;9,68;10,89;32,01;710,16;2131,77
L000852;P007;U02;2024-12-18;1100,28;1055,86;8,26;10,96;26,45;628,16;2607,83
L000853;P004;U02;2025-12-16;1563,41;1370,17;7,64;9,63;31,75;428,38;2275,04
L000854;P007;U03;2024-06-15;230,96;237,5;1,68;1,83;0,75;80,34;577,32
L000855;P004;U01;2025-09-29;1884,54;1818,03;12,9;16,75;25,6;933,2;2125,75
L000856;P004;U03;2026-04-10;1747,6;1521,74;9,2;11,34;55,11;770,46;3249,8
L000857;P004;U03;2025-07-22;1467,16;1402,19;9,75;11,75;40,44;808,5;2942,98
L000858;P006;U02;2024-12-01;1284,31;1166,66;7,26;7,63;31,27;369,11;1092,86
L000859;P008;U03;2024-11-17;1358,35;1339,44;8,52;8,13;28,23;297,71;969,96
L000860;P006;U01;2025-07-22;1344,6;1183,63;10,25;11,69;47,37;584,04;1868,07
L000861;P001;U02;2025-03-22;293,04;296,08;1,67;1,88;12,96;92,56;291,17
L000862;P003;U02;2025-11-11;1396,57;1337,24;10,91;10,49;23,31;608,9;2165,02
L000863;P005;U03;2025-02-04;645,65;619,89;5,08;5,13;13,15;159,27;723,69
L000864;P003;U02;2024-02-11;2120,66;1870,23;12,25;13,8;34,62;526,9;3860,29
L000865;P001;U02;2026-06-04;1728,91;1574,17;11,05;10,31;22,87;892,76;2951,55
L000866;P005;U02;2024-02-08;630,21;618,22;3,89;4,89;3,33;226,16;1654,61
L000867;P001;U02;2026-07-27;638,08;635,94;3,95;4,92;14,76;382,28;1492,88
L000868;P004;U01;2024-10-14;1751,17;1646,99;9,5;11,82;74,07;707,42;1995,17
L000869;P004;U01;2026-03-20;971,69;877,5;4,78;6,32;28,81;221,52;2228,89
L000870;P003;U03;2026-03-02;1739,52;1721,53;12,48;16,45;46,81;763,73;3457,19
L000871;P005;U02;2025-07-13;701,22;680,81;4,04;3,66;14,63;311,78;1016,36
L000872;P007;U01;2024-01-04;761,79;711,78;6,29;7,25;20,48;386,01;1001,48
L000873;P004;U02;2025-10-19;355,67;328,1;1,81;2,08;11,05;184,25;592,1
L000874;P006;U02;2026-04-24;528,03;510,25;3,61;3,68;6,0;282,46;774,59
L000875;P003;U03;2026-07-18;722,23;653,72;5,31;6,13;3,74;325,43;1133,29
L000876;P007;U02;2024-01-11;1445,25;1464,98;8,08;7,86;40,36;415,76;2796,71
L000877;P005;U02;2026-01-28;2015,93;2019,42;10,35;13,3;85,77;818,61;2440,96
L000878;P001;U01;2025-06-11;877,99;868,08;6,78;7,7;27,19;393,36;2416,81
L000879;P004;U02;2024-10-23;1563,77;1609,0;9,57;12,51;70,07;960,66;3792,75
L000880;P003;U03;2025-02-02;1869,89;1612,99;10,64;10,45;19,98;402,44;3026,44
L000881;P001;U01;2024-09-26;847,62;815,69;6,85;7,39;17,39;367,72;1530,51
L000882;P005;U03;2024-12-01;759,49;769,88;3,83;5,05;9,04;245,9;760,61
L000883;P006;U03;2024-09-12;953,57;933,69;4,57;4,63;22,05;283,41;1032,21
L000884;P001;U02;2025-09-20;1354,73;1276,81;7,4;8,44;54,7;748,69;2456,86
L000885;P004;U03;2025-07-14;887,58;872,93;7,09;7,38;17,38;503,29;1818,41
L000886;P004;U02;2024-04-21;732,85;708,67;4,53;5,8;5,88;163,19;1375,25
L000887;P006;U01;2026-06-03;1889,33;1743,35;12,37;14,14;71,08;610,9;4192,53
L000888;P006;U02;2026-02-02;1765,85;1803,59;11,05;11,24;6,34;851,86;2273,99
L000889;P005;U03;2025-07-07;308,01;293,4;2,36;2,82;6,62;139,93;217,04
L000890;P003;U02;2024-09-01;247,94;237,52;1,36;1,7;9,77;106,73;392,63
L000891;P002;U01;2025-12-27;1747,71;1767,28;10,64;11,75;5,06;770,91;4903,07
L000892;P006;U01;2025-11-29;1387,57;1285,4;8,31;8,13;36,32;563,18;2363,51
L000893;P004;U03;2025-07-18;933,35;924,69;5,92;7,91;24,89;477,03;1175,22
L000894;P006;U03;2026-07-24;1198,55;1205,27;5,92;6,18;35,32;618,63;2623,02
L000895;P003;U01;2024-04-09;1617,44;1536,48;8,27;7,47;44,85;832,14;2836,0
L000896;P004;U02;2025-01-13;528,91;506,1;3,5;3,34;2,91;225,0;1159,22
L000897;P003;U02;2024-09-06;623,57;607,36;4,99;5,85;27,19;367,38;805,0
L000898;P005;U03;2026-04-06;699,16;674,61;3,79;4,12;21,37;384,85;722,27
L000899;P008;U03;2024-11-29;1086,74;1047,73;7,08;7,89;10,64;368,18;746,61
L000900;P005;U03;2025-09-29;259,24;228,81;1,26;1,63;3,5;132,16;606,17
L000901;P008;U02;2025-08-26;1470,52;1352,68;7,17;7,84;10,81;633,95;3124,67
L000902;P005;U03;2024-02-04;687,89;645,68;3,52;3,92;20,54;186,19;1478,75
L000903;P004;U02;2024-01-21;1504,31;1446,78;7,24;7,91;59,24;828,16;2006,41
L000904;P001;U03;2026-04-05;399,25;371,49;2,35;2,42;2,26;192,25;463,63
L000905;P008;U03;2026-07-08;779,81;701,95;5,42;6,77;12,1;289,78;1464,31
L000906;P008;U02;2025-05-31;1559,51;1573,01;11,74;12,44;65,7;584,62;1901,2
L000907;P007;U02;2025-10-05;1895,16;1641,27;12,68;13,51;51,59;633,19;4478,4
L000908;P006;U01;2025-05-21;1417,52;1248,01;9,51;12,06;37,04;467,11;2353,6
L000909;P001;U01;2024-01-25;640,17;586,61;4,42;4,73;14,63;166,5;974,01
L000910;P002;U01;2026-03-27;1141,6;1107,11;7,02;7,52;33,54;346,43;1091,17
L000911;P003;U02;2025-11-27;1537,78;1404,82;12,6;13,54;29,39;402,28;1580,7
L000912;P004;U02;2025-06-07;1379,86;1328,14;9,25;12,34;23,12;462,37;2604,98
L000913;P007;U03;2026-05-09;506,14;499,72;2,43;2,74;8,22;300,09;1353,31
L000914;P002;U02;2025-11-22;2113,26;2041,19;11,45;12,13;79,8;590,2;2564,09
L000915;P007;U01;2025-10-09;658,52;589,51;3,95;3,79;18,6;193,7;1453,99
L000916;P004;U02;2024-11-17;1218,2;1168,64;5,94;7,59;33,88;328,47;2762,25
L000917;P007;U02;2024-04-02;2002,55;1970,18;11,03;13,12;76,35;581,16;2723,79
L000918;P008;U02;2024-04-01;394,46;357,61;2,85;2,96;12,34;204,66;667,82
L000919;P004;U02;2025-08-18;1416,63;1321,43;11,2;12,61;1850,002;469,34;1772,54
L000920;P007;U01;2025-09-20;1520,23;1416,79;8,03;9,86;27,04;452,19;3755,04
L000921;P008;U03;2025-05-17;1035,18;1008,59;6,86;7,51;12,17;612,77;783,85
L000922;P003;U03;2025-09-18;1882,31;1734,21;11,69;14,89;57,65;585,24;3214,24
L000923;P003;U03;2025-09-01;638,5;606,18;3,8;4,13;18,77;325,19;1273,53
L000924;P001;U02;2025-12-11;1101,47;1097,44;6,28;6,06;20,05;505,69;2227,33
L000925;P007;U03;2026-04-08;1806,83;1680,98;14,1;14,83;9,46;965,89;1695,61
L000926;P005;U01;2026-04-26;324,92;307,22;2,39;2,97;4,28;78,14;800,56
L000927;P002;U02;2024-03-15;2173,06;2156,04;12,63;14,89;20,41;981,12;1565,2
L000928;P005;U01;2026-06-21;1465,5;1487,21;9,24;12,24;47,05;797,24;1243,73
L000929;P004;U02;2025-11-19;557,68;500,73;2,75;2,63;1,16;137,0;1212,88
L000930;P006;U01;2024-04-28;801,46;729,01;3,99;3,74;9,21;443,57;1596,44
L000931;P005;U01;2024-05-14;1132,11;1133,11;6,08;6,41;4,77;596,88;2763,96
L000932;P006;U01;2025-10-02;2098,23;1841,09;11,25;12,47;44,57;607,3;4274,56
L000933;P008;U02;2025-10-16;355,79;357,43;1,7;2,08;9,76;143,42;631,2
L000934;P006;U01;2024-12-31;835,68;800,55;5,4;6,58;24,66;488,7;1455,16
L000935;P003;U01;2025-07-08;471,35;431,26;3,15;3,38;0,87;156,24;420,14
L000936;P007;U01;2026-07-26;1345,26;1278,62;7,48;7,31;48,41;575,05;1718,54
L000937;P008;U03;2024-09-28;2021,18;1752,64;10,26;12,7;40,67;654,49;3790,03
L000938;P001;U02;2024-10-04;716,86;684,43;5,55;7,35;29,26;358,25;1533,36
L000939;P001;U03;2025-08-19;2055,86;1999,12;11,09;10,73;49,56;632,59;5568,34
L000940;P002;U01;2026-07-11;1904,75;1929,31;9,98;12,24;86,42;797,71;5138,29
L000941;P007;U02;2025-10-24;1564,77;1446,05;8,82;10,5;50,21;383,71;2612,7
L000942;P005;U01;2025-07-29;1807,95;1594,13;9,12;10,23;33,1;662,53;1693,89
L000943;P007;U03;2025-05-24;615,07;604,3;3,52;3,36;20,33;295,41;719,07
L000944;P005;U03;2025-02-04;1211,15;1151,44;7,75;9,44;48,17;259,76;2597,88
L000945;P003;U01;2026-02-23;484,34;444,62;2,44;3,19;13,79;180,1;1115,67
L000946;P001;U01;2025-11-21;341,42;337,1;1,85;2,1;11,63;125,63;317,3
L000947;P008;U02;2025-07-11;1636,06;1665,42;12,06;12,84;44,85;993,98;3105,71
L000948;P003;U03;2025-04-23;903,99;916,25;4,33;4,59;11,39;502,37;841,5
L000949;P004;U03;2025-05-03;415,12;384,95;2,04;1,94;17,12;186,79;529,59
L000950;P002;U03;2025-12-18;1142,25;1062,57;5,86;7,05;12,77;252,55;2635,01
L000951;P008;U02;2025-11-25;1850,53;1894,13;13,72;18,29;82,89;597,02;4519,82
L000952;P006;U01;2026-01-02;1243,2;1212,91;7,18;8,27;24,73;523,12;2432,74
L000953;P007;U02;2025-01-15;1073,94;981,63;8,36;11,22;34,86;508,01;1809,23
L000954;P004;U01;2025-04-08;2061,48;1951,77;14,04;13,31;32,66;807,61;1416,49
L000955;P002;U02;2024-04-27;1744,9;1776,8;11,8;14,48;32,42;621,25;4297,89
L000956;P004;U01;2025-11-08;1566,08;1413,2;8,42;11,03;21,46;448,32;1750,14
L000957;P001;U02;2025-06-18;1150,14;1144,76;7,72;10,2;45,84;384,63;2936,38
L000958;P001;U02;2025-05-22;1410,63;1427,0;8,48;9,08;15,87;371,66;2275,28
L000959;P008;U01;2025-01-05;1575,11;1384,29;10,17;11,62;19,84;786,99;3047,01
L000960;P004;U03;2024-03-25;264,91;229,77;1,83;1,94;9,43;71,51;627,18
L000961;P007;U03;2025-02-03;1484,91;1422,15;12,05;11,35;36,21;365,48;3228,66
L000962;P002;U03;2024-03-14;1267,91;1119,63;8,17;8,44;10,14;440,2;2569,23
L000963;P008;U01;2026-02-22;1460,38;1483,62;7,65;9,22;46,19;563,79;1913,16
L000964;P005;U01;2024-09-19;1307,85;1341,0;7,18;6,65;38,28;748,25;1278,04
L000965;P002;U02;2024-08-26;1411,15;1397,27;10,2;9,34;4,75;586,15;2517,64
L000966;P008;U01;2024-12-09;814,48;783,83;6,3;5,84;35,18;326,03;1817,48
L000967;P002;U01;2024-09-05;2064,52;1873,83;13,99;15,1;21,0;616,95;2358,75
L000968;P002;U02;2024-01-14;547,13;517,87;4,1;5,4;16,92;212,42;1343,14
L000969;P003;U02;2024-01-23;359,55;311,81;1,81;1,73;3,82;82,06;738,88
L000970;P007;U02;2025-07-31;2019,93;1799,58;12,75;17,05;12,49;717,29;4864,47
L000971;P003;U01;2026-03-22;1670,53;1548,74;13,0;15,86;45,56;894,81;1656,09
L000972;P005;U02;2026-02-09;1944,37;1849,6;9,77;8,99;7,34;539,47;4994,72
L000973;P001;U02;2025-10-24;1355,32;1225,46;8,76;8,39;25,97;380,19;2528,4
L000974;P001;U02;2024-10-31;1201,37;1078,19;8,68;8,33;41,7;502,75;2143,63
L000975;P008;U03;2026-03-30;813,75;776,77;5,27;5,49;5,86;452,27;1384,55
L000976;P003;U01;2026-02-22;452,58;426,51;3,13;3,74;18,25;111,4;302,08
L000977;P004;U03;2024-02-07;1174,28;1157,64;7,15;8,74;19,08;702,12;2143,14
L000978;P007;U01;2025-02-07;1348,14;1299,86;10,83;10,96;36,61;472,96;1648,93
L000979;P001;U03;2026-02-15;2089,06;2056,56;12,17;14,61;49,98;460,21;4190,41
L000980;P005;U03;2025-03-29;2102,95;2090,67;12,32;11,43;34,82;923,91;2236,44
L000981;P002;U01;2024-11-21;1938,61;1961,73;11,6;12,33;28,35;556,62;1917,04
L000982;P005;U01;2024-02-18;1254,03;1086,88;8,18;8,37;11,09;272,02;883,15
L000983;P002;U03;2024-06-03;564,7;502,65;4,24;5,6;16,05;257,9;551,07
L000984;P006;U01;2025-06-29;1255,57;1171,19;9,37;9,57;25,72;428,67;3005,19
L000985;P008;U03;2025-09-20;1782,53;1786,56;8,54;10,79;54,79;674,79;1301,18
L000986;P006;U02;2025-03-19;2198,38;2240,34;13,75;12,56;76,74;879,35;5945,27
L000987;P007;U03;2026-01-07;1278,31;1282,23;10,42;12,85;17,84;643,48;3557,77
L000988;P004;U02;2025-12-28;1355,72;1185,54;7,5;8,8;24,95;510,1;1823,33
L000989;P008;U02;2026-05-25;1463,12;1474,43;8,69;10,33;52,69;691,15;1161,96
L000990;P007;U01;2024-10-27;857,4;760,66;4,11;3,83;10,86;403,43;1447,24
L000991;P001;U03;2024-10-13;1272,89;1233,03;10,24;12,06;28,91;704,42;2944,74
L000992;P008;U01;2024-07-14;528,74;509,51;2,61;2,44;4,46;219,37;608,73
L000993;P004;U03;2025-05-18;210,99;212,02;1,29;1,4;4,06;97,38;350,38
L000994;P003;U03;2024-03-26;2083,1;2076,56;12,27;11,3;78,58;1064,12;2797,57
L000995;P002;U03;2025-07-22;1651,76;1607,56;7,96;9,26;71,03;518,96;1499,46
L000996;P004;U02;2025-12-18;1630,02;1665,74;8,28;10,45;62,01;515,88;2185,58
L000997;P002;U01;2025-03-03;961,28;954,96;4,67;5,12;4,01;568,9;2544,0
L000998;P007;U03;2025-09-21;419,73;364,37;2,08;2,29;6,15;209,1;684,75
L000999;P003;U03;2025-11-22;2149,37;1985,88;16,41;15,61;52,4;1028,02;2550,68
L001000;P003;U03;2025-04-10;854,91;828,28;6,1;7,59;6,09;395,18;1756,1
L001001;P006;U01;2024-02-26;352,48;351,96;2,28;2,47;7,39;89,98;444,59
L001002;P007;U02;2025-04-27;838,02;829,89;4,01;4,04;28,8;352,09;895,04
L001003;P003;U02;2024-07-21;1106,96;1072,12;7,35;7,9;13,41;311,67;2959,94
L001004;P008;U03;2026-07-13;1759,34;1772,98;10,88;10,06;17,4;1088,73;3588,93
L001005;P007;U01;2025-04-05;634,25;648,88;4,3;4,97;4,61;302,98;999,83
L001006;P001;U03;2024-08-30;1417,16;1450,83;7,1;9,23;9,63;422,74;2037,77
L001007;P003;U02;2024-12-13;528,18;457,37;3,21;3,41;12,46;265,12;646,12
L001008;P001;U01;2025-12-21;738,34;700,34;4,12;5,3;25,39;325,02;1464,38
L001009;P007;U02;2024-06-20;542,84;540,15;2,82;2,62;1,44;290,75;1432,78
L001010;P002;U01;2026-04-02;807,74;729,14;6,51;8,22;27,88;341,21;1343,85
L001011;P002;U01;2024-03-18;550,77;565,84;4,14;3,99;18,74;189,48;762,91
L001012;P004;U02;2024-01-26;738,54;640,03;6,06;6,2;24,59;256,4;563,17
L001013;P001;U02;2025-10-31;1461,1;1288,5;11,9;11,96;25,1;650,61;3123,71
L001014;P001;U03;2024-03-03;627,54;596,63;4,94;6,14;8,92;250,36;1339,43
L001015;P002;U01;2024-07-02;1500,12;1457,98;7,18;7,67;33,1;889,87;2082,99
L001016;P008;U02;2024-06-03;1931,06;1891,96;11,66;12,27;30,22;796,91;3441,04
L001017;P007;U01;2024-05-04;931,77;827,31;4,76;5,94;10,57;390,78;615,8
L001018;P007;U02;2025-07-20;1431,18;1423,99;10,58;10,16;29,57;335,59;1931,94
L001019;P002;U02;2025-05-06;1319,95;1337,9;7,59;9,26;52,62;415,45;3337,5
L001020;P002;U02;2024-08-31;1331,46;1174,96;9,25;11,17;28,52;545,13;2527,45
L001021;P005;U02;2025-08-11;211,05;201,26;1,1;1,39;0,68;122,86;392,14
L001022;P002;U03;2024-01-15;968,68;850,65;4,83;4,88;30,6;516,77;895,36
L001023;P001;U01;2024-12-08;970,03;864,69;4,63;5,39;31,53;271,95;703,74
L001024;P002;U02;2025-01-11;1784,14;1748,26;11,2;12,83;27,07;849,85;2640,68
L001025;P005;U02;2024-09-30;1379,79;1358,08;7,37;6,94;17,32;472,16;1719,01
L001026;P003;U03;2025-12-02;785,62;805,33;4,3;5,25;26,45;225,56;1101,58
L001027;P006;U02;2024-05-05;2000,47;1825,85;10,79;11,57;72,91;889,56;4266,71
L001028;P008;U01;2024-11-05;419,37;387,62;2,85;2,9;10,77;216,46;549,0
L001029;P002;U02;2024-02-17;1620,64;1551,13;11,01;12,13;53,21;404,45;2384,46
L001030;P007;U02;2024-03-20;303,24;311,34;1,63;1,85;1,5;89,75;411,85
L001031;P008;U02;2024-11-25;1537,5;1477,23;9,39;12,1;20,31;595,33;1247,3
L001032;P007;U03;2024-02-06;1250,35;1093,17;9,25;11,46;27,84;386,39;2189,85
L001033;P004;U02;2024-08-03;588,79;545,98;3,9;4,14;13,56;250,4;1330,09
L001034;P005;U01;2025-06-02;1920,83;1710,65;9,46;10,7;46,19;1024,24;1648,31
L001035;P005;U02;2024-03-24;620,74;604,53;3,1;3,78;20,6;346,29;1554,02
L001036;P002;U02;2024-02-02;612,39;550,79;3,35;4,19;14,95;183,68;629,4
L001037;P001;U02;2026-05-11;1916,02;1868,17;9,44;9,99;31,64;734,22;1639,41
L001038;P002;U02;2024-01-03;434,63;378,28;3,11;3,39;1,44;164,24;1003,22
L001039;P003;U01;2026-05-04;891,44;845,93;5,86;7,76;37,93;503,89;722,11
L001040;P005;U01;2024-09-10;1550,31;1590,49;8,77;8,62;30,61;561,82;1218,38
L001041;P005;U01;2026-04-19;1645,68;1686,66;12,92;12,97;67,38;527,63;3683,7
L001042;P002;U03;2024-12-25;2161,14;1969,08;11,97;11,14;75,87;634,83;5333,48
L001043;P006;U03;2024-08-02;1791,29;1746,73;10,88;13,52;34,52;1026,14;4717,02
L001044;P006;U01;2024-03-21;1757,64;1666,62;10,34;10,01;59,27;1031,09;2407,56
L001045;P008;U01;2024-11-22;1750,0;1563,64;10,73;10,4;44,95;423,84;3935,5
L001046;P007;U03;2026-01-26;299,72;258,75;2,04;2,01;9,09;157,08;696,74
L001047;P007;U01;2025-03-04;1738,24;1716,48;11,29;12,31;43,67;885,96;1548,58
L001048;P004;U01;2024-05-04;1577,26;1426,81;12,24;12,33;63,81;398,42;3597,16
L001049;P002;U01;2025-05-02;2095,98;2053,98;15,61;18,81;79,69;1089,33;4425,03
L001050;P002;U02;2024-07-19;2100,84;2002,88;16,19;18,46;34,11;1169,16;5563,13
L001051;P001;U03;2024-01-02;1763,45;1682,15;13,62;15,86;19,47;498,91;4570,04
L001052;P001;U01;2026-01-21;614,97;556,58;3,37;4,48;6,41;184,78;397,36
L001053;P006;U03;2025-02-11;1207,68;1142,94;6,98;7,97;1600,116;451,44;1941,61
L001054;P001;U02;2024-10-01;1095,99;1087,6;8,62;9,85;24,52;636,17;1295,12
L001055;P008;U03;2026-05-06;1825,92;1821,09;12,79;15,73;16,08;967,77;3950,71
L001056;P007;U02;2025-01-08;310,28;311,52;2,3;2,2;2,95;131,25;871,89
L001057;P008;U01;2025-11-21;1762,78;1679,82;8,79;8,49;6,03;370,63;4231,12
L001058;P004;U01;2026-06-24;875,18;840,54;4,56;5,66;34,89;366,95;1496,56
L001059;P008;U02;2024-03-15;1587,22;1408,98;11,15;14,52;53,69;408,31;2201,1
L001060;P004;U03;2026-03-23;642,17;623,26;3,98;5,11;25,96;201,6;666,64
L001061;P008;U02;2024-06-02;989,78;1004,24;5,61;7,52;35,78;367,93;2355,71
L001062;P001;U02;2025-07-12;1084,8;1035,73;6,63;6,12;14,23;380,12;2860,89
L001063;P002;U01;2024-02-22;937,59;808,22;5,82;7,24;22,28;403,93;1975,12
L001064;P003;U01;2026-05-19;284,16;278,81;1,71;2,3;2,37;89,98;328,92
L001065;P007;U03;2024-03-11;975,26;958,55;4,92;6,55;7,18;226,19;2267,79
L001066;P003;U02;2024-02-07;783,72;727,54;5,85;7,21;17,04;167,85;705,7
L001067;P008;U01;2024-06-22;1680,59;1682,28;9,1;9,27;55,19;429,06;2915,83
L001068;P001;U03;2024-11-16;1872,35;1926,04;11,63;15,69;27,76;504,25;4015,99
L001069;P004;U01;2024-02-20;233,7;238,21;1,69;1,95;6,74;86,99;408,25
L001070;P007;U01;2025-09-21;702,99;626,97;4,04;4,51;19,91;221,6;1687,29
L001071;P005;U01;2025-11-30;1180,75;1162,4;6,18;6,21;19,24;285,06;1221,39
L001072;P004;U03;2024-03-03;1770,99;1766,66;10,29;10,05;36,16;531,03;2574,93
L001073;P008;U01;2025-11-10;1804,05;1705,54;14,95;17,82;19,53;910,85;4277,83
L001074;P006;U02;2025-12-04;856,82;857,9;4,72;5,81;12,73;469,64;869,2
L001075;P005;U01;2026-04-05;306,02;309,68;1,74;1,94;4,12;135,79;340,26
L001076;P001;U01;2025-10-09;864,31;811,4;5,06;5,96;11,4;407,69;2217,25
L001077;P005;U02;2026-07-23;2158,78;2197,58;12,72;14,82;34,17;606,58;1755,61
L001078;P002;U02;2024-08-11;625,1;631,13;3,46;3,13;25,75;201,45;1382,52
L001079;P006;U01;2026-01-10;820,46;817,4;4,17;5,39;33,83;362,86;1323,79
L001080;P001;U03;2025-12-29;571,64;581,14;4,15;5,55;24,59;271,73;1113,88
L001081;P006;U01;2025-09-14;938,89;861,92;7,33;9,87;19,1;356,71;1660,31
L001082;P002;U01;2025-02-09;1744,91;1702,99;12,37;11,28;48,17;554,22;4577,28
L001083;P005;U03;2026-01-22;1307,15;1327,25;9,26;10,12;36,21;416,26;1576,26
L001084;P007;U02;2026-07-14;2177,34;2219,66;10,51;11,08;90,51;959,4;4178,75
L001085;P007;U03;2026-01-20;828,22;835,55;4,13;5,38;23,09;502,84;1153,87
L001086;P005;U02;2024-10-29;1011,74;941,57;6,69;7,75;12,17;269,62;2020,5
L001087;P008;U01;2026-07-28;825,18;833,92;6,55;6,45;33,13;370,25;2038,19
L001088;P008;U02;2026-05-24;933,58;875,49;7,64;8,07;7,04;237,43;1770,32
L001089;P007;U02;2024-07-31;2111,36;2112,97;11,78;15,34;84,03;691,9;2036,15
L001090;P001;U01;2026-05-12;2192,95;2063,91;17,01;22,41;83,24;519,46;4680,76
L001091;P008;U01;2024-12-23;208,21;212,42;1,28;1,64;2,85;111,67;236,73
L001092;P006;U01;2025-03-11;1328,35;1266,06;6,52;6,11;13,64;747,9;1552,27
L001093;P004;U02;2026-01-05;867,15;745,88;4,2;4,55;7,6;367,83;2001,9
L001094;P004;U01;2025-10-16;1668,85;1622,18;9,53;11,16;46,38;773,26;2821,99
L001095;P005;U03;2024-12-01;407,18;374,53;2,34;2,38;16,3;98,12;747,82
L001096;P006;U03;2026-03-07;601,68;568,87;4,19;5,34;18,57;334,82;1100,49
L001097;P005;U01;2026-01-19;1014,35;887,39;5,43;5,79;8,17;374,88;2479,83
L001098;P003;U02;2025-04-05;423,7;389,69;3,37;4,4;2,09;193,05;637,88
L001099;P005;U02;2025-02-13;1200,93;1074,62;8,94;11,38;36,53;470,54;2212,81
L001100;P001;U01;2024-09-03;978,42;905,3;5,09;5,15;3,8;349,7;2373,99
L001101;P008;U01;2026-07-26;226,61;224,89;1,26;1,7;9,93;52,84;226,83
L001102;P001;U01;2025-07-29;1598,59;1502,4;8,89;9,87;24,86;513,39;3152,11
L001103;P006;U03;2024-05-08;1977,77;1804,08;12,03;12,3;59,19;812,69;4479,16
L001104;P008;U03;2024-06-18;333,44;309,74;2,62;2,86;5,7;106,52;420,06
L001105;P002;U01;2025-06-20;461,32;448,1;3,77;3,43;2,98;195,55;980,3
L001106;P005;U02;2024-05-19;1818,02;1790,7;10,94;12,47;39,4;934,15;3092,66
L001107;P006;U03;2025-06-30;1174,86;1177,59;6,89;7,79;14,81;277,75;1668,91
L001108;P004;U02;2024-01-09;1000,24;889,45;6,75;8,9;16,13;255,22;1683,93
L001109;P004;U01;2025-05-22;1418,9;1258,53;6,76;7,76;37,18;423,01;1832,33
L001110;P006;U01;2024-10-18;701,06;603,51;5,3;5,97;8,32;362,27;1377,4
L001111;P002;U02;2024-04-16;1928,2;1779,53;9,74;8,82;43,57;1045,81;2621,26
L001112;P004;U01;2024-02-03;1457,87;1494,92;8,26;8,34;46,61;761,06;3844,79
L001113;P002;U02;2024-05-03;1810,65;1631,17;14,5;19,34;46,63;739,27;4384,58
L001114;P002;U02;2024-08-22;1511,64;1414,01;9,95;12,53;6,21;461,53;2394,37
L001115;P006;U02;2025-10-20;1422,07;1342,52;8,82;11,37;23,88;780,52;1153,21
L001116;P003;U01;2024-05-13;1932,95;1778,34;11,16;14,1;50,3;1064,38;3913,83
L001117;P003;U02;2025-04-27;1039,15;1000,01;6,39;8,44;22,09;609,52;2778,19
L001118;P002;U02;2025-06-05;303,78;300,39;1,91;2,55;11,74;91,65;279,97
L001119;P007;U03;2025-03-15;2109,1;1919,07;15,76;15,9;68,2;833,81;1928,71
L001120;P007;U01;2024-10-16;2188,71;1908,36;15,93;18,15;8,89;958,93;1974,0
L001121;P004;U02;2025-07-02;1953,83;1810,58;10,81;10,3;41,3;504,05;2350,25
L001122;P002;U01;2026-07-20;1006,72;1028,08;5,85;7,88;40,49;587,55;1325,43
L001123;P004;U02;2025-06-26;260,07;243,27;1,42;1,62;10,82;98,47;492,42
L001124;P006;U03;2025-11-01;473,84;484,16;3,06;4,12;4,44;200,99;639,13
L001125;P006;U01;2024-04-19;1787,79;1692,27;13,29;13,92;60,79;925,05;2784,2
L001126;P008;U03;2026-05-31;454,19;410,93;2,72;3,12;3,54;211,02;1056,56
L001127;P006;U03;2025-11-29;1142,47;1132,01;8,24;11,08;14,03;283,94;1348,59
L001128;P006;U03;2026-05-11;991,96;991,98;7,09;8,65;9,62;553,82;1799,68
L001129;P005;U01;2024-04-20;1727,9;1597,77;12,03;11,85;10,89;983,32;1986,37
L001130;P006;U03;2026-02-12;1000,13;983,75;5,96;6,02;30,27;271,09;2449,4
L001131;P008;U03;2026-07-03;981,62;858,16;4,78;5,78;29,56;251,74;1560,31
L001132;P001;U03;2026-04-07;2131,69;2107,82;13,17;14,92;92,72;1093,1;3620,91
L001133;P003;U01;2024-09-05;1910,79;1947,06;14,36;12,93;15,88;923,46;5174,36
L001134;P002;U02;2024-03-22;816,27;835,55;4,81;5,91;2,92;496,9;1045,09
L001135;P002;U01;2024-05-23;360,67;358,09;2,14;2,05;501,3259999999999;152,72;351,89
L001136;P006;U02;2024-09-12;339,7;329,96;1,98;2,5;13,74;192,72;753,57
L001137;P006;U03;2025-02-22;836,83;771,84;4,59;5,49;4,94;414,97;1945,73
L001138;P006;U02;2025-10-18;351,13;343,1;2,34;2,42;4,21;158,91;554,19
L001139;P004;U01;2025-01-09;2067,03;2117,87;10,7;10,2;93,22;736,73;5561,1
L001140;P004;U02;2025-01-03;961,44;959,88;6,54;8,05;14,91;441,72;2396,46
L001141;P002;U02;2024-07-27;1409,44;1277,11;7,07;8,26;5,09;283,3;972,43
L001142;P005;U01;2025-09-06;1379,94;1307,66;10,03;9,03;1830,724;786,89;3021,95
L001143;P008;U01;2025-12-09;1096,0;1004,32;8,32;10,86;25,65;619,34;1818,81
L001144;P007;U02;2024-04-28;475,18;438,94;3,67;4,63;16,45;251,05;1191,9
L001145;P007;U03;2026-03-16;2171,49;2222,58;16,92;19,93;46,75;1081,02;2864,11
L001146;P004;U02;2024-05-28;703,11;706,85;3,91;5,07;23,16;336,81;1620,46
L001147;P001;U01;2026-06-12;1183,9;1127,48;8,17;10,16;37,09;379,6;1724,36
L001148;P002;U03;2024-07-08;891,11;766,64;5,06;4,68;25,81;316,13;1046,47
L001149;P005;U02;2025-07-16;1268,8;1139,27;7,39;9,1;3,17;555,3;1999,21
L001150;P005;U02;2024-05-06;486,72;492,25;3,18;3,11;13,17;273,48;687,73
L001151;P002;U03;2025-05-19;1193,31;1052,45;9,38;8,94;7,64;598,07;2142,09
L001152;P002;U03;2025-12-08;2026,24;1818,81;10,29;9,64;18,58;433,99;1966,04
L001153;P007;U03;2024-09-04;1091,88;1055,05;7,13;9,33;14,36;460,91;1709,91
L001154;P004;U03;2025-10-02;758,85;663,44;5,07;6,11;2,01;219,95;616,55
L001155;P002;U01;2025-12-01;1306,1;1336,35;8,5;8,16;30,92;394,61;2451,79
L001156;P007;U01;2026-04-19;541,81;496,77;2,61;2,71;5,65;234,65;1331,38
L001157;P003;U03;2024-06-12;2064,49;1916,69;17,08;22,73;68,38;564,63;4722,43
L001158;P001;U01;2026-07-30;295,06;275,19;2,21;2,62;5,42;169,73;436,44
L001159;P001;U03;2024-09-28;2006,29;1944,99;11,58;12,08;17,07;848,38;1778,77
L001160;P004;U01;2024-09-04;362,87;364,04;1,73;1,7;16,14;112,27;746,73
L001161;P002;U03;2026-06-25;1332,5;1284,6;9,02;9,38;20,72;512,43;1935,71
L001162;P005;U01;2025-08-23;2055,89;1957,22;11,76;15,34;47,46;1107,52;4713,57
L001163;P002;U01;2026-03-17;1696,37;1522,61;8,96;11,93;21,67;805,01;2389,3
L001164;P001;U01;2024-02-18;1674,79;1515,32;10,94;12,66;26,52;729,44;2380,74
L001165;P002;U01;2024-02-26;800,81;712,9;4,72;4,47;16,58;227,44;827,8
L001166;P006;U01;2026-07-24;530,19;456,65;3,66;4,31;14,15;236,32;868,64
L001167;P006;U02;2024-12-17;926,93;843,07;6,47;6,52;23,24;312,06;668,45
L001168;P006;U01;2025-01-16;753,08;691,55;5,81;7,79;1,55;408,25;866,97
L001169;P005;U02;2025-03-31;737,31;662,64;3,63;3,81;15,91;173,86;1481,12
L001170;P004;U02;2024-01-29;1260,21;1216,41;8,71;8,99;41,15;526,29;2331,68
L001171;P006;U03;2024-12-07;1985,05;2043,16;10,16;10,23;84,89;641,09;5050,08
L001172;P001;U02;2024-11-19;1323,21;1335,94;10,48;11,83;25,46;477,24;3030,42
L001173;P003;U01;2024-08-05;807,35;798,24;3,95;3,81;8,16;244,94;1005,22
L001174;P007;U01;2026-01-11;1366,57;1383,95;8,39;7,74;46,07;363,29;1335,43
L001175;P006;U01;2024-12-16;726,65;652,66;4,73;6,36;15,25;146,67;1581,61
L001176;P002;U02;2026-07-12;590,1;568,92;4,58;4,92;2,86;277,4;724,31
L001177;P003;U01;2026-05-02;762,24;724,04;5,12;4,64;27,33;252,81;592,17
L001178;P001;U01;2024-10-07;1236,99;1215,02;7,68;7,61;5,46;485,69;2146,51
L001179;P008;U03;2025-04-22;551,68;475,22;4,5;4,66;10,39;184,5;767,22
L001180;P001;U01;2024-02-20;972,45;968,52;6,63;6,23;42,91;267,96;2340,38
L001181;P007;U02;2024-12-14;1646,25;1668,07;7,95;7,92;22,79;982,15;3223,82
L001182;P005;U02;2024-12-08;278,97;257,74;1,97;1,9;11,36;115,8;320,35
L001183;P001;U02;2025-12-22;1178,07;1120,85;5,88;7,23;16,54;420,67;1069,7
L001184;P004;U02;2024-12-14;613,09;545,24;5,06;5,19;13,72;165,3;1193,86
L001185;P002;U03;2026-07-16;289,81;280,81;1,54;1,83;10,19;66,48;268,25
L001186;P003;U03;2025-03-20;945,08;907,87;7,08;9,47;26,0;374,72;1435,61
L001187;P005;U02;2025-06-24;1733,99;1508,86;10,49;10,35;47,73;709,44;4159,34
L001188;P002;U03;2024-12-29;415,92;366,69;2,72;3,28;1,77;130,34;406,53
L001189;P006;U03;2025-08-16;640,42;609,17;3,5;3,51;5,32;220,32;719,68
L001190;P002;U02;2024-12-02;505,31;451,32;2,78;2,72;9,94;128,12;635,2
L001191;P007;U02;2026-03-06;1658,53;1553,14;9,34;10,47;43,08;655,25;4281,74
L001192;P001;U03;2025-12-10;1898,82;1669,55;9,72;10,28;36,4;880,89;1453,8
L001193;P001;U01;2026-07-18;2029,57;1948,2;16,46;19,08;8,19;752,19;5394,42
L001194;P004;U01;2026-03-18;1730,15;1749,86;13,77;12,44;5,07;587,29;3558,11
L001195;P003;U03;2025-09-19;928,91;885,01;7,35;6,73;2,2;434,66;2098,52
L001196;P005;U01;2025-10-12;1975,74;1734,66;12,45;13,81;15,75;518,21;1852,64
L001197;P006;U03;2024-04-12;1543,58;1531,56;11,14;12,62;66,06;631,44;1081,99
L001198;P006;U02;2024-10-15;1274,59;1134,74;7,82;10,54;42,26;443,24;1060,36
L001199;P003;U02;2025-10-19;777,68;775,41;4,1;4,09;28,56;277,22;641,14
L001200;P008;U01;2025-01-16;1069,26;944,74;7,24;9,1;36,32;391,66;1251,61
L001201;P006;U01;2026-04-28;1600,31;1480,94;8,36;9,08;40,36;742,31;2532,93
L001202;P005;U03;2024-01-24;645,6;587,04;5,01;5,17;6,07;230,89;1428,44
L001203;P007;U03;2024-09-20;756,34;688,43;3,96;4,49;8,92;183,45;1552,75
L001204;P008;U01;2025-12-25;934,77;908,54;7,73;9,53;4,03;261,01;1201,83
L001205;P006;U01;2025-09-16;1561,42;1350,57;8,19;9,59;33,7;802,05;1045,82
L001206;P004;U02;2024-02-19;1907,51;1775,65;11,78;12,66;77,38;447,91;2617,94
L001207;P001;U03;2026-07-28;877,35;763,12;6,06;7,81;29,84;230,78;1814,66
L001208;P001;U02;2026-04-19;1346,55;1193,65;6,73;8,18;18,23;581,91;1345,71
L001209;P007;U03;2025-06-27;298,36;264,49;1,68;2,21;4,68;87,6;665,98
L001210;P002;U03;2024-10-27;1579,04;1521,36;8,25;11,09;56,52;382,03;4103,98
L001211;P007;U01;2024-04-13;1745,66;1700,85;9,46;11,82;20,61;760,56;3701,1
L001212;P006;U02;2025-01-16;411,69;368,23;2,45;3,15;13,7;190,64;986,52
L001213;P005;U03;2024-09-02;2105,98;1883,89;11,13;11,94;18,95;1062,62;2370,35
L001214;P005;U03;2025-07-01;1413,76;1358,45;9,8;12,63;34,32;771,99;3523,72
L001215;P005;U03;2025-06-21;336,11;320,56;2,13;2,03;8,2;91,25;657,86
L001216;P002;U02;2024-03-05;346,99;325,78;2,47;3,12;11,67;162,16;827,46
L001217;P001;U03;2024-09-26;1606,42;1471,44;8,7;8,79;9,59;668,11;1186,95
L001218;P006;U03;2026-04-30;1670,3;1642,65;11,45;11,23;35,87;466,75;2162,49
L001219;P003;U03;2026-02-17;1159,63;1123,99;5,71;7,51;40,81;292,22;1466,98
L001220;P007;U03;2024-04-06;820,34;840,43;4,09;5,48;7,22;475,49;1068,17
L001221;P003;U03;2024-05-01;1956,52;1760,45;10,9;10,69;37,52;834,74;4085,43
L001222;P002;U02;2025-06-04;709,46;621,41;5,28;6,68;16,39;189,31;1119,76
L001223;P002;U02;2026-01-24;1083,98;1008,86;6,27;6,23;25,78;285,98;1226,89
L001224;P007;U01;2025-09-22;1433,95;1389,77;8,15;8,46;13,91;581,32;1535,23
L001225;P004;U01;2025-09-22;1705,53;1603,88;12,1;14,22;68,07;823,62;2527,47
L001226;P008;U01;2025-06-22;1664,82;1672,31;8,47;10,11;11,35;888,97;1225,95
L001227;P001;U02;2025-01-10;1872,55;1830,27;8,94;8,07;27,24;569,77;3149,6
L001228;P007;U01;2025-10-10;1749,81;1764,03;9,86;12,96;35,1;450,72;3314,37
L001229;P004;U01;2025-12-15;1615,5;1633,56;10,64;12,39;48,73;425,69;2512,49
L001230;P003;U03;2024-06-18;1390,09;1356,24;7,46;8,42;3,2;435,61;2857,51
L001231;P007;U02;2026-05-30;2081,21;2043,96;11,4;14,51;66,27;970,16;3958,5
L001232;P006;U02;2025-08-07;335,69;320,56;1,97;2,25;4,33;184,03;269,81
L001233;P001;U02;2024-10-31;1438,89;1301,78;6,86;7,32;36,19;802,09;1799,57
L001234;P008;U02;2025-12-22;843,63;806,74;6,56;6,35;12,85;346,93;1267,35
L001235;P005;U01;2026-01-01;1298,69;1253,41;7,79;9,85;5,33;718,12;2323,95
L001236;P004;U03;2026-07-14;314,37;270,71;1,86;2,29;4,74;75,7;353,2
L001237;P006;U03;2024-07-31;654,41;580,08;4,77;4,41;2,43;192,85;1560,84
L001238;P005;U01;2024-07-01;1225,99;1163,84;8,33;8,31;3,65;407,28;1490,4
L001239;P002;U02;2025-04-23;1094,23;951,47;6,28;6,14;26,21;245,66;2310,55
L001240;P006;U02;2024-01-24;634,14;631,54;5,07;4,74;13,71;280,5;1450,05
L001241;P001;U02;2024-09-18;986,57;854,42;8,04;10,31;11,94;245,27;1072,99
L001242;P003;U03;2026-01-27;873,29;756,53;7,25;7,64;23,84;233,13;572,77
L001243;P001;U03;2025-07-28;1799,35;1566,23;8,89;9,9;38,56;426,17;1483,68
L001244;P008;U02;2026-07-31;1258,49;1111,14;6,86;6,42;7,14;522,35;3033,54
L001245;P003;U03;2025-02-03;505,79;444,5;2,41;3,22;13,78;256,62;723,79
L001246;P007;U02;2025-05-16;1237,42;1165,94;8,75;8,38;32,98;700,46;1167,28
L001247;P005;U02;2024-03-29;1113,11;1070,12;7,6;7,52;17,65;495,48;1105,73
L001248;P004;U03;2024-07-18;1927,04;1670,97;11,14;14,87;67,85;680,07;4619,78
L001249;P001;U01;2026-06-02;1981,76;1858,56;12,29;12,41;66,01;587,15;3135,59
L001250;P002;U02;2026-03-11;206,86;178,3;1,06;1,4;4,63;59,17;428,19
L001251;P006;U02;2025-06-30;1351,18;1199,2;6,51;8,29;24,75;633,24;2397,95
L001252;P001;U03;2026-07-29;353,5;353,35;2,79;3,6;2,45;151,82;956,72
L001253;P006;U01;2025-06-22;1199,24;1086,82;5,81;7,42;14,93;370,05;1625,91
L001254;P001;U03;2024-04-21;2166,65;2063,88;16,28;15,73;10,07;1141,46;5209,19
L001255;P002;U01;2024-06-29;1289,65;1296,06;7,23;9,58;52,14;790,2;2980,79
L001256;P005;U01;2025-05-07;1125,58;992,13;5,83;7,38;13,6;390,03;1640,27
L001257;P006;U02;2024-01-12;841,46;737,65;5,39;5,64;19,39;316,12;1399,68
L001258;P002;U03;2024-05-14;1264,91;1218,42;6,42;8,24;15,75;635,03;991,68
L001259;P007;U03;2026-03-31;1577,26;1521,79;7,88;9,0;13,38;455,91;2362,86
L001260;P001;U03;2026-04-22;1921,8;1654,49;11,67;12,69;3,72;772,51;3638,99
L001261;P003;U01;2025-12-22;568,68;553,04;3,1;3,87;6,2;283,04;1061,13
L001262;P008;U03;2025-02-12;677,33;661,75;3,57;4,36;25,92;265,69;1521,82
L001263;P002;U03;2025-10-18;686,24;663,16;4,66;5,97;22,72;297,0;971,05
L001264;P006;U03;2025-05-30;812,69;806,29;5,93;6,65;24,2;202,12;1205,22
L001265;P006;U02;2024-01-08;1568,68;1393,15;8,13;10,55;18,37;833,13;3139,13
L001266;P008;U02;2025-01-16;614,18;632,22;4,74;4,78;27,38;253,65;531,72
L001267;P003;U02;2024-09-12;1919,63;1796,06;10,65;10,01;60,0;434,98;3493,98
L001268;P003;U03;2025-12-25;1662,43;1710,61;8,39;10,1;35,13;857,72;4055,83
L001269;P006;U03;2025-03-23;2082,87;1853,86;10,07;13,5;6,65;848,91;4759,69
L001270;P004;U02;2026-03-26;1470,91;1375,24;8,99;8,52;36,13;405,53;2053,18
L001271;P006;U02;2025-06-23;1828,92;1861,63;11,61;15,35;28,53;676,84;2678,24
L001272;P003;U02;2026-01-05;2099,67;2079,29;12,39;15,28;49,94;925,79;4467,95
L001273;P008;U01;2026-03-30;1347,0;1226,98;9,57;9,71;2,78;410,18;3269,52
L001274;P005;U02;2025-04-15;396,31;385,13;2,69;3,53;10,5;112,74;868,08
L001275;P006;U01;2025-08-13;1091,94;1107,84;5,69;5,7;41,45;353,64;1287,88
L001276;P001;U03;2025-03-07;1970,93;1871,62;10,16;13,24;8,88;472,67;3733,72
L001277;P006;U03;2024-03-27;1810,73;1777,95;10,3;9,72;75,8;836,87;4150,89
L001278;P002;U02;2024-04-17;593,12;607,03;3,39;3,31;3,05;322,85;1247,5
L001279;P005;U01;2024-02-20;916,35;793,92;6,05;7,9;20,26;381,81;996,41
L001280;P008;U01;2024-06-25;2084,57;2002,4;11,62;15,45;2803,36;653,87;1486,92
L001281;P006;U02;2025-05-13;978,87;988,52;4,67;5,82;4,34;258,74;1278,39
L001282;P008;U01;2024-12-04;1459,69;1482,79;9,03;10,69;49,88;555,61;2023,56
L001283;P005;U03;2025-05-23;1043,6;931,77;6,69;8,45;20,77;430,83;921,85
L001284;P007;U01;2024-01-17;668,43;574,98;3,55;3,57;19,74;347,01;712,85
L001285;P004;U01;2025-01-03;284,71;283,97;1,49;1,44;8,02;159,98;488,63
L001286;P005;U02;2025-06-06;1151,57;1007,46;8,7;10,42;22,5;504,5;1039,58
L001287;P003;U03;2024-08-26;2057,5;2069,55;13,4;15,52;49,43;952,88;2373,22
L001288;P004;U02;2025-07-12;756,79;653,34;4,95;6,42;4,26;385,32;1172,44
L001289;P008;U03;2025-11-12;602,88;573,6;4,17;4,31;12,11;174,26;1139,67
L001290;P004;U03;2024-01-11;1697,17;1601,08;12,21;11,19;41,01;576,08;3956,88
L001291;P006;U03;2024-12-29;1128,12;998,36;6,4;7,69;42,43;470,8;1555,81
L001292;P003;U01;2025-10-05;830,26;752,66;6,17;8,16;5,12;440,79;1184,13
L001293;P003;U03;2024-06-16;748,41;659,24;5,63;5,73;29,12;393,35;586,88
L001294;P008;U03;2025-02-24;494,89;465,79;2,75;3,26;20,6;250,4;1186,91
L001295;P007;U02;2025-12-16;1251,64;1237,92;6,55;8,13;1733,088;534,14;2890,27
L001296;P004;U03;2025-02-28;1231,91;1108,36;8,57;8,18;31,92;591,08;1604,84
L001297;P001;U02;2026-01-26;612,05;627,48;3,59;3,54;14,34;388,12;1511,66
L001298;P001;U02;2025-01-21;359,67;314,52;2,03;2,34;8,7;166,21;432,9
L001299;P001;U01;2025-02-15;678,74;620,71;3,61;4,01;23,0;154,68;1248,56
L001300;P008;U02;2025-01-01;1545,77;1519,89;9,27;11,5;39,11;648,47;1705,47
L001301;P002;U03;2026-06-26;798,39;774,67;5,96;7,48;5,23;192,9;1352,0
L001302;P001;U02;2024-01-17;510,79;517,91;3,0;2,95;11,25;209,51;1097,66
L001303;P003;U03;2024-07-15;1908,28;1815,25;11,85;11,7;67,64;983,21;2300,04
L001304;P001;U03;2025-03-31;997,84;960,68;5,16;5,13;34,98;288,01;1566,61
L001305;P007;U03;2025-06-25;1047,86;1077,76;5,68;6,95;18,59;313,43;2764,49
L001306;P002;U01;2024-04-10;1698,01;1711,09;13,57;17,14;15,28;939,66;1670,33
L001307;P004;U03;2026-04-03;1119,13;1152,0;5,77;7,68;13,29;655,66;2320,42
L001308;P004;U03;2024-12-11;1467,36;1492,41;10,97;12,29;44,69;888,88;1916,05
L001309;P003;U01;2024-01-22;884,76;910,56;5,74;5,18;31,89;533,1;1774,24
L001310;P005;U03;2024-10-06;1924,53;1919,99;10,8;10,6;47,01;1043,4;2894,49
L001311;P008;U02;2025-05-12;1583,82;1541,39;7,78;9,92;43,75;508,18;1920,59
L001312;P003;U03;2025-10-12;1457,71;1368,34;9,09;10,53;28,24;724,21;1651,23
L001313;P002;U03;2026-07-05;1617,69;1634,07;11,23;11,8;17,77;688,13;1550,73
L001314;P001;U02;2026-04-04;412,93;356,73;2,1;2,41;5,16;221,09;721,54
L001315;P002;U02;2024-12-19;1841,8;1761,89;11,42;12,97;15,45;977,83;1549,44
L001316;P003;U01;2025-03-14;998,81;1020,22;4,8;5,34;13,21;538,58;2361,24
L001317;P005;U02;2026-01-01;1446,2;1309,3;7,3;7,33;54,75;684,72;1297,19
L001318;P008;U02;2024-11-27;2006,7;1764,77;10,15;9,3;47,49;735,56;1836,55
L001319;P001;U03;2024-03-19;1650,51;1535,06;8,38;9,34;46,05;572,01;1707,97
L001320;P001;U01;2025-12-24;612,26;623,73;4,92;5,1;23,94;308,0;483,15
L001321;P001;U02;2025-05-21;760,66;771,96;5,11;5,97;32,28;245,4;1301,67
L001322;P008;U01;2025-07-21;1140,89;1053,34;6,84;6,35;40,96;462,14;1932,7
L001323;P002;U02;2026-06-27;952,99;849,54;5,02;4,76;32,99;499,14;1897,28
L001324;P004;U01;2026-01-14;2144,74;2036,5;10,88;14,43;70,94;841,17;3273,2
L001325;P005;U02;2026-03-19;1699,23;1731,33;12,21;14,74;18,4;944,09;1333,05
L001326;P001;U02;2024-01-21;1752,54;1786,57;9,41;9,75;36,69;1052,0;4833,21
L001327;P006;U02;2024-06-02;1603,91;1482,66;10,82;14,31;47,18;602,39;2127,25
L001328;P002;U01;2026-06-15;1636,0;1470,77;8,23;9,23;61,35;348,25;4065,96
L001329;P006;U02;2024-11-26;906,81;790,07;5,49;4,98;14,14;265,37;1156,43
L001330;P004;U03;2026-03-01;1497,87;1533,74;10,71;12,44;54,79;540,08;3712,89
L001331;P001;U02;2025-01-31;1340,68;1256,41;7,72;10,16;3,01;304,13;1572,21
L001332;P008;U03;2024-04-02;2085,86;1852,37;14,34;16,93;15,63;1007,09;1684,47
L001333;P005;U01;2025-03-08;2082,47;1904,43;17,15;20,46;72,68;747,6;4098,81
L001334;P003;U02;2024-02-17;1773,08;1722,44;14,73;18,9;42,68;758,68;3107,19
L001335;P004;U01;2025-09-30;1719,76;1481,5;14,18;15,15;60,1;687,93;2463,4
L001336;P001;U01;2025-09-28;337,12;347,03;2,46;2,94;10,09;94,11;788,75
L001337;P008;U03;2025-11-05;1517,49;1333,64;11,31;12,29;53,99;462,5;3600,53
L001338;P002;U02;2025-08-15;1814,81;1592,33;10,64;11,07;37,68;697,84;1769,79
L001339;P006;U01;2025-06-19;556,41;547,7;2,84;2,89;1,92;192,84;535,5
L001340;P001;U02;2025-05-21;1419,88;1430,52;10,19;9,7;44,19;864,59;1632,86
L001341;P001;U03;2025-06-25;2030,33;1876,26;15,19;17,06;61,49;617,55;3951,55
L001342;P008;U03;2025-12-05;1175,5;1115,07;6,78;8,23;22,12;457,04;2311,64
L001343;P005;U02;2024-02-05;1876,3;1728,33;12,08;12,17;44,44;444,94;1686,98
L001344;P008;U02;2024-01-12;450,66;462,11;2,3;3,02;5,41;253,27;1218,23
L001345;P003;U02;2025-12-22;1501,82;1436,32;10,34;11,18;15,32;561,26;1963,68
L001346;P003;U01;2025-01-07;372,68;383,5;2,39;2,83;2,42;205,95;926,93
L001347;P007;U02;2024-02-16;1461,74;1405,02;7,27;8,45;47,8;865,54;3319,07
L001348;P006;U02;2025-01-06;1891,74;1710,52;10,77;12,76;36,08;433,14;3450,5
L001349;P002;U01;2024-08-16;750,7;755,46;3,99;5,31;4,71;326,81;846,27
L001350;P003;U03;2025-05-26;1126,44;1153,93;5,68;5,37;17,96;376,31;1800,37
L001351;P003;U03;2024-12-03;862,65;781,73;5,23;6,46;27,99;445,16;841,42
L001352;P002;U02;2024-06-08;2056,5;2016,25;13,13;16,41;2822,75;556,16;3120,46
L001353;P004;U02;2025-10-04;376,79;383,03;2,15;2,33;3,57;98,5;858,51
L001354;P004;U01;2024-01-22;958,16;847,2;5,12;4,91;11,46;488,38;1906,44
L001355;P005;U03;2025-02-27;333,51;338,97;1,91;1,74;9,3;172,59;243,05
L001356;P008;U02;2025-01-20;832,81;846,46;6,51;8,76;15,79;234,74;1279,9
L001357;P005;U02;2024-07-25;1606,82;1593,14;9,28;8,42;24,6;969,62;3781,54
L001358;P005;U01;2024-04-06;1223,85;1131,15;8,95;11,22;7,62;586,53;2006,96
L001359;P003;U02;2025-02-02;1980,78;2000,27;10,44;11,44;16,97;892,24;3512,01
L001360;P005;U03;2025-02-11;562,5;530,25;3,64;3,35;6,45;272,04;430,85
L001361;P002;U01;2026-05-10;315,59;321,56;1,7;1,84;12,39;152,74;397,1
L001362;P007;U02;2026-05-22;1242,84;1278,47;7,94;9,85;41,8;640,4;3415,55
L001363;P002;U01;2025-12-01;1690,11;1678,56;13,37;15,57;59,1;705,62;3645,36
L001364;P003;U03;2025-12-05;673,04;676,35;3,95;3,68;4,7;355,13;778,23
L001365;P008;U01;2025-07-20;749,77;737,9;5,27;5,83;29,34;335,56;974,31
L001366;P002;U01;2024-12-26;246,93;253,85;1,56;1,41;3,97;122,74;473,75
L001367;P008;U03;2025-02-09;1760,99;1695,34;9,76;10,48;57,5;838,06;3887,29
L001368;P006;U01;2025-01-29;1074,35;1034,59;7,63;9,59;32,8;402,9;1540,08
L001369;P005;U02;2026-05-11;2146,56;2164,06;15,15;13,92;77,59;1059,69;3189,37
L001370;P001;U01;2026-05-21;1328,77;1232,78;9,71;11,92;40,83;610,03;2481,16
L001371;P001;U03;2024-09-04;1128,85;1151,26;6,07;7,02;32,25;308,11;1982,49
L001372;P006;U02;2024-08-27;1122,42;1107,82;5,98;6,11;8,32;353,5;905,37
L001373;P005;U03;2024-05-07;473,17;453,18;2,99;3,5;4,54;156,47;1046,18
L001374;P002;U03;2025-12-29;2057,94;2052,18;10,79;12,39;38,25;553,59;2202,47
L001375;P005;U02;2026-06-28;1941,03;1982,12;14,19;14,94;43,84;538,2;5432,44
L001376;P002;U03;2024-05-03;268,89;242,34;1,73;1,98;3,36;76,96;574,95
L001377;P007;U02;2026-05-20;2087,55;1857,96;11,54;12,47;3,72;828,79;3892,05
L001378;P003;U01;2025-10-14;633,36;569,96;3,07;3,68;11,9;343,29;1097,63
L001379;P004;U03;2025-12-06;840,98;798,29;5,07;5,45;4,81;471,65;2182,03
L001380;P001;U02;2025-02-27;1299,03;1171,81;9,34;10,41;37,9;665,8;1448,57
L001381;P003;U02;2025-11-10;1826,1;1671,93;11,85;14,14;13,79;414,99;3384,74
L001382;P001;U01;2025-11-10;776,37;753,67;3,95;4,36;24,02;173,12;1870,03
L001383;P008;U03;2026-04-18;624,07;545,02;3,66;3,45;4,14;183,25;1028,93
L001384;P006;U02;2025-07-17;1002,76;899,46;4,78;5,57;21,02;501,48;1401,85
L001385;P006;U02;2025-07-30;667,19;629,48;4,14;5,43;13,86;198,93;734,89
L001386;P001;U03;2025-05-06;1710,82;1682,45;12,27;12,37;3,83;401,82;1342,39
L001387;P002;U03;2024-07-24;1618,0;1515,21;8,42;8,43;3,04;563,6;3731,81
L001388;P006;U03;2026-07-26;1042,61;957,61;7,72;10,19;4,35;230,87;1506,79
L001389;P008;U02;2026-03-24;1204,55;1087,31;9,95;9,62;11,45;500,3;3040,32
L001390;P005;U02;2025-03-22;993,11;920,34;5,55;6,19;29,51;435,45;2351,46
L001391;P004;U01;2024-02-08;451,18;459,2;2,97;3,77;15,58;203,34;661,04
L001392;P008;U01;2025-05-19;1776,01;1687,29;13,09;15,46;62,49;478,02;2788,76
L001393;P006;U03;2024-04-06;1917,68;1755,03;12,44;12,28;29,24;418,37;1331,23
L001394;P002;U01;2024-10-05;1749,6;1505,0;12,44;13,44;48,78;790,22;3591,21
L001395;P005;U01;2025-08-03;1533,23;1355,01;11,65;12,07;19,33;689,02;3581,58
L001396;P006;U01;2026-03-07;1146,78;1064,93;9,52;8,73;18,5;458,76;841,13
L001397;P008;U01;2024-01-05;967,98;980,97;6,05;7,59;41,87;589,04;1846,4
L001398;P004;U01;2025-02-15;1719,37;1601,65;8,53;8,2;17,58;489,78;3941,68
L001399;P007;U01;2024-07-15;666,22;663,05;5,0;4,51;21,67;174,43;1198,26
L001400;P003;U02;2026-03-01;854,0;822,29;5,79;6,31;35,69;452,42;1407,12
L001401;P005;U01;2026-04-09;360,77;331,16;2,61;3,02;6,55;179,8;814,71
L001402;P004;U02;2024-10-14;649,5;608,56;4,51;5,62;22,93;254,72;1020,09
L001403;P008;U02;2026-01-07;1789,6;1826,55;8,92;8,49;15,67;607,46;1670,88
L001404;P008;U02;2024-04-21;2004,22;2036,48;10,84;13,35;86,76;953,98;2000,65
L001405;P005;U01;2024-11-18;1386,23;1426,73;11,44;14,58;14,99;447,34;1854,8
L001406;P002;U03;2026-04-10;335,07;292,37;2,52;3,35;1,28;150,2;743,73
L001407;P003;U02;2025-06-23;260,33;240,73;2,02;2,13;0,92;88,14;238,37
L001408;P005;U01;2025-06-25;1473,16;1493,65;9,14;12,17;7,22;514,73;1178,71
L001409;P002;U02;2026-07-08;1961,78;1799,77;12,86;16,6;50,56;1024,77;4430,96
L001410;P005;U01;2024-08-07;1308,23;1243,09;6,41;7,69;27,47;386,95;2027,25
L001411;P001;U02;2024-08-05;490,33;469,41;2,9;3,59;14,02;229,42;660,8
L001412;P008;U02;2024-01-25;507,92;518,79;3,52;4,51;11,95;166,58;725,13
L001413;P005;U01;2025-08-04;1394,86;1237,86;8,98;8,99;41,59;380,22;1284,42
L001414;P006;U02;2024-02-24;1187,73;1160,3;6,53;7,14;36,63;435,2;2055,24
L001415;P005;U01;2024-11-07;288,87;283,14;1,81;1,82;2,92;140,76;210,95
L001416;P003;U02;2024-02-15;1836,34;1602,75;13,05;12,88;65,75;727,94;3165,61
L001417;P008;U03;2024-11-13;1269,03;1272,57;7,6;9,31;17,93;593,88;1658,35
L001418;P007;U02;2024-01-10;595,19;611,08;3,9;5,23;11,0;189,56;850,34
L001419;P002;U02;2024-03-22;743,41;734,44;5,3;5,84;18,69;177,89;1085,11
L001420;P004;U03;2024-09-21;1086,21;1067,45;6,9;6,24;35,22;651,95;2814,47
L001421;P007;U02;2024-12-18;1930,4;1861,48;10,11;11,86;64,01;1070,14;2645,67
L001422;P001;U01;2025-09-18;1056,44;1028,24;5,08;6,27;12,27;484,01;2176,79
L001423;P001;U03;2026-02-05;2194,33;2146,8;10,46;13,67;14,93;1165,37;2238,73
L001424;P003;U03;2025-09-21;903,57;806,94;4,38;5,31;33,11;219,94;1071,3
L001425;P001;U02;2026-06-13;1039,1;1066,83;6,35;6,63;3,06;315,96;1092,74
L001426;P005;U03;2026-06-08;1379,74;1345,25;6,91;8,69;48,28;612,65;1476,25
L001427;P004;U01;2024-12-12;655,49;626,5;5,0;4,9;9,94;383,78;831,92
L001428;P002;U01;2025-03-30;824,01;848,0;4,2;5,13;33,55;261,61;960,81
L001429;P003;U02;2026-01-16;645,08;655,91;3,59;3,63;14,5;220,99;1716,65
L001430;P001;U02;2026-02-19;1939,83;1858,01;15,0;18,55;45,47;701,15;4384,22
L001431;P001;U01;2025-02-15;964,86;833,16;4,76;4,32;20,15;434,76;2204,43
L001432;P005;U03;2025-06-27;1129,81;1130,85;6,57;7,73;43,84;580,4;2610,8
L001433;P007;U03;2025-11-13;902,23;879,82;5,52;6,18;15,59;230,15;1888,01
L001434;P001;U03;2024-01-12;1475,8;1436,09;12,17;15,63;17,18;689,64;3921,34
L001435;P003;U02;2024-01-30;383,65;342,6;2,52;3,34;6,81;149,02;950,01
L001436;P004;U01;2025-08-20;1472,52;1403,07;10,76;11,44;11,79;529,36;987,38
L001437;P002;U03;2024-12-20;1839,91;1825,85;13,09;12,29;68,2;765,77;2671,24
L001438;P002;U02;2025-03-28;1778,6;1790,7;9,68;11,42;54,93;1003,12;3061,32
L001439;P008;U03;2024-11-16;666,02;627,45;4,62;5,43;878,4300000000001;207,28;1247,88
L001440;P008;U02;2025-01-19;928,53;908,1;5,8;7,12;33,76;391,62;1862,62
L001441;P007;U02;2024-06-18;1283,25;1156,02;6,21;8,1;1618,4279999999999;657,01;2312,72
L001442;P004;U02;2025-06-07;1734,51;1778,02;8,93;11,66;46,06;655,3;1732,07
L001443;P003;U01;2025-09-01;308,0;270,33;1,53;1,45;6,37;130,25;739,64
L001444;P002;U02;2025-07-17;337,67;291,49;1,89;2,42;12,32;102,51;398,56
L001445;P002;U03;2026-01-13;553,95;479,04;2,92;3,34;14,71;269,16;408,15
L001446;P002;U01;2024-06-05;731,7;724,42;3,89;4,26;3,55;351,59;1238,14
L001447;P005;U02;2024-10-02;685,03;615,37;3,67;3,46;15,42;288,35;1643,7
L001448;P006;U01;2025-08-14;1239,46;1220,78;10,26;13,52;54,01;402,08;1155,36
L001449;P008;U03;2026-05-18;1651,96;1631,92;8,33;10,43;6,94;913,12;3286,97
L001450;P001;U01;2024-05-23;739,35;722,09;3,6;4,71;9,02;371,78;747,95
L001451;P005;U01;2025-09-25;964,78;936,18;7,64;8,17;25,26;483,51;1553,53
L001452;P006;U03;2025-03-31;415,77;385,38;3,11;3,23;4,54;203,12;558,82
L001453;P006;U01;2024-10-18;731,05;731,28;3,91;4,68;10,16;252,69;1629,69
L001454;P002;U02;2026-07-13;1590,22;1486,95;10,11;11,4;61,74;698,99;1117,66
L001455;P008;U02;2026-05-08;1989,97;2018,57;14,7;18,73;84,13;586,37;5005,04
L001456;P007;U02;2025-04-01;1434,64;1252,21;10,84;12,12;29,64;321,77;884,19
L001457;P004;U02;2025-03-06;483,62;443,62;2,55;2,75;1,64;193,85;379,35
L001458;P001;U03;2026-06-19;2075,83;2063,61;16,2;19,13;36,59;1270,83;2044,61
L001459;P007;U02;2026-01-04;1291,45;1233,71;6,22;6,36;15,89;571,42;2393,12
L001460;P008;U01;2024-01-03;1700,06;1533,17;8,15;9,78;22,45;487,13;3919,35
L001461;P007;U03;2024-05-02;1449,85;1263,18;10,63;10,57;35,44;622,26;2676,37
L001462;P004;U01;2025-08-29;2097,48;1930,53;12,23;15,86;68,39;988,8;4839,89
L001463;P003;U02;2025-04-15;1359,17;1188,41;8,62;7,98;7,12;415,92;2519,63
L001464;P008;U01;2026-05-30;1897,35;1748,17;13,17;14,36;7,89;822,49;3925,16
L001465;P007;U02;2024-08-15;966,97;973,53;5,15;6,59;28,66;256,04;2380,86
L001466;P008;U02;2024-02-10;564,66;570,51;3,65;4,03;6,29;317,45;1477,47
L001467;P002;U03;2024-01-30;1091,44;1047,01;7,11;9,35;2,95;613,07;1515,78
L001468;P002;U01;2026-03-31;271,15;236,11;1,42;1,64;4,65;110,05;340,78
L001469;P001;U01;2024-02-02;1726,32;1516,05;12,61;12,77;16,68;621,08;1712,73
L001470;P003;U01;2026-01-09;1119,15;1135,27;6,52;7,45;1589,378;697,15;2897,39
L001471;P002;U01;2024-04-25;581,83;524,72;3,49;3,27;9,5;303,22;1168,96
L001472;P008;U03;2025-07-20;1706,25;1643,65;13,67;15,63;26,27;802,31;4185,82
L001473;P008;U03;2024-06-12;1448,11;1305,99;10,18;10,25;57,24;773,07;1872,05
L001474;P008;U02;2024-01-29;1574,95;1362,58;9,39;12,12;4,54;530,94;1038,15
L001475;P005;U02;2025-04-04;2024,51;2031,42;15,99;17,95;29,35;1022,97;2670,25
L001476;P001;U02;2024-01-24;1554,5;1366,44;10,82;12,7;55,92;321,24;2386,76
L001477;P004;U03;2025-11-15;453,7;430,78;3,3;3,74;2,22;167,69;540,87
L001478;P004;U02;2026-03-21;1647,99;1461,99;11,49;12,9;44,68;572,93;3956,99
L001479;P005;U01;2024-06-22;1173,34;1132,7;5,74;5,7;49,37;667,13;930,55
L001480;P001;U03;2025-10-16;1275,67;1161,27;9,48;9,05;5,28;271,25;1083,83
L001481;P005;U02;2024-05-18;761,43;712,03;4,02;3,69;6,63;436,54;806,25
L001482;P001;U03;2024-08-07;2194,71;2177,49;13,86;18,14;42,77;578,35;4644,87
L001483;P008;U02;2025-01-25;1068,05;985,41;6,39;8,23;18,12;509,99;2659,08
L001484;P006;U03;2026-06-04;287,39;287,21;1,63;1,58;2,78;65,63;611,98
L001485;P002;U03;2025-06-05;983,31;879,34;6,96;7,05;23,26;412,09;1719,97
L001486;P007;U02;2025-12-16;1607,42;1493,54;9,54;8,7;13,18;637,38;3349,88
L001487;P006;U02;2025-11-26;1278,6;1276,42;8,81;8,5;54,81;541,83;2733,87
L001488;P005;U03;2025-12-08;1951,96;1919,47;12,84;12,63;57,44;621,53;3728,78
L001489;P001;U01;2025-10-18;294,9;261,34;2,18;2,49;10,05;65,67;705,78
L001490;P003;U03;2024-03-02;2086,68;1869,8;16,05;17,01;8,25;806,31;1834,66
L001491;P006;U02;2024-02-26;1581,1;1621,63;7,9;8,97;11,85;468,69;3096,9
L001492;P001;U01;2025-11-28;1335,39;1364,01;10,17;12,45;4,03;742,41;2745,67
L001493;P007;U03;2024-02-25;1634,74;1440,15;9,08;8,47;52,71;604,73;3926,55
L001494;P001;U03;2026-01-25;1483,58;1469,98;10,53;9,59;20,44;878,34;3650,42
L001495;P003;U02;2026-01-04;1721,61;1614,55;11,65;10,52;66,88;750,16;1358,28
L001496;P004;U02;2024-09-10;947,99;911,1;5,1;5,15;17,39;275,9;2389,28
L001497;P008;U02;2025-11-23;430,71;371,47;2,21;2,64;16,63;212,5;275,27
L001498;P005;U03;2024-06-16;856,44;861,4;4,14;4,73;30,23;485,31;2233,54
L001499;P008;U02;2024-01-24;1707,95;1531,32;10,02;10,32;36,93;664,55;3182,64
L001500;P005;U03;2025-03-01;777,5;714,39;5,69;6,43;9,19;221,97;1036,1
L001501;P006;U01;2025-05-02;1759,76;1673,55;11,39;13,75;36,05;606,92;2314,32
L001502;P005;U02;2026-02-07;1585,49;1538,93;8,33;9,95;45,26;611,53;3258,38
L001503;P006;U03;2025-02-06;309,04;274,39;2,42;2,96;4,29;77,72;254,4
L001504;P007;U03;2025-07-19;613,67;602,13;3,93;3,77;12,31;329,02;1677,12
L001505;P005;U02;2024-02-05;343,16;337,85;2,11;2,44;15,15;115,74;614,5
L001506;P001;U01;2025-11-04;2082,02;2044,17;12,83;16,15;67,41;899,28;4103,24
L001507;P008;U02;2024-03-04;630,17;557,48;4,74;4,99;5,67;213,37;669,87
L001508;P008;U02;2025-03-07;1027,8;976,28;6,05;5,99;8,74;516,94;1500,3
L001509;P002;U02;2024-07-17;950,0;888,65;5,0;5,45;3,91;287,14;2196,44
L001510;P001;U03;2026-01-14;471,72;456,49;3,26;3,37;19,66;113,98;657,67
L001511;P005;U01;2025-03-17;967,32;846,0;5,81;7,05;22,08;461,54;1845,65
L001512;P002;U02;2026-05-18;356,4;327,23;2,27;2,38;2,15;178,23;467,41
L001513;P008;U03;2026-06-08;1169,39;1037,49;7,46;9,06;36,6;620,7;2250,52
L001514;P008;U02;2025-01-11;2120,2;2085,18;10,61;11,05;75,2;1036,57;3988,16
L001515;P004;U02;2025-03-10;1471,45;1270,68;8,22;7,67;52,74;786,4;2111,07
L001516;P005;U02;2025-12-06;1486,11;1333,03;7,56;9,63;15,25;315,56;2429,03
L001517;P001;U01;2024-02-15;369,21;346,1;2,72;3,14;12,11;161,41;931,82
L001518;P004;U02;2026-06-13;2053,01;2027,72;16,86;19,64;65,57;720,78;3883,73
L001519;P006;U01;2024-12-17;367,57;363,21;2,2;2,42;10,41;143,55;363,91
L001520;P005;U03;2024-03-29;521,31;535,37;2,68;2,99;2,79;274,81;931,4
L001521;P008;U03;2024-01-25;1932,18;1739,37;11,73;10,61;36,28;971,34;3780,51
L001522;P005;U01;2024-05-29;417,06;411,02;2,07;2,79;2,49;224,09;733,75
L001523;P008;U02;2025-10-26;1720,27;1593,78;14,09;17,79;39,83;731,11;1719,63
L001524;P005;U02;2024-03-12;566,79;569,12;3,93;4,56;5,33;125,24;494,65
L001525;P003;U01;2024-10-23;939,87;911,63;5,03;5,87;3,74;338,41;1926,85
L001526;P004;U01;2026-01-14;1159,81;1002,64;9,28;10,98;18,43;583,32;1805,04
L001527;P007;U03;2024-05-26;364,06;316,13;1,94;1,83;2,64;90,43;346,54
L001528;P004;U02;2025-07-10;1628,89;1639,36;7,84;9,8;55,01;630,28;1631,96
L001529;P001;U03;2026-02-17;1100,42;1090,86;8,27;9,15;31,01;488,43;2056,3
L001530;P006;U03;2026-05-01;2089,84;1870,78;11,3;11,72;38,59;898,05;2794,75
L001531;P001;U02;2025-08-31;1613,87;1464,54;8,72;9,12;53,38;373,61;1752,84
L001532;P007;U01;2025-06-01;998,59;888,83;5,22;5,06;31,82;515,01;1192,42
L001533;P006;U03;2024-04-08;1127,08;1142,97;8,01;8,1;15,4;465,67;1328,49
L001534;P006;U01;2024-11-01;1123,11;1024,59;7,79;10,43;12,89;416,23;752,74
L001535;P004;U02;2025-04-29;1518,04;1324,27;7,5;8,54;57,72;738,59;1823,07
L001536;P002;U03;2026-01-07;2165,17;2161,27;14,71;15,15;64,3;863,17;2195,67
L001537;P001;U03;2026-07-31;850,22;809,22;4,12;4,75;15,39;359,53;1742,06
L001538;P003;U01;2025-10-07;1831,37;1690,31;12,1;14,27;17,02;695,21;2093,63
L001539;P003;U03;2024-06-11;1206,67;1198,0;7,73;8,06;11,72;294,01;2235,56
L001540;P001;U01;2026-06-26;1770,14;1623,04;8,45;8,91;23,96;827,72;2999,69
L001541;P005;U01;2024-11-05;1923,96;1791,9;13,76;16,12;65,78;1093,02;2890,89
L001542;P006;U03;2024-09-21;473,92;469,81;2,55;2,95;12,92;270,55;506,26
L001543;P005;U01;2024-10-10;643,07;596,57;3,49;3,35;24,83;220,75;1515,89
L001544;P007;U03;2025-08-10;2180,52;2081,89;11,67;13,36;21,22;541,77;5376,37
L001545;P001;U03;2024-01-10;269,64;247,73;1,41;1,27;3,3;94,59;586,51
L001546;P003;U02;2025-12-26;348,7;331,42;2,15;2,24;9,64;110,49;527,09
L001547;P004;U03;2024-05-08;871,2;843,77;5,64;7,31;23,47;486,92;2320,09
L001548;P006;U03;2024-09-09;2122,96;1977,23;13,91;15,88;9,43;839,82;1605,02
L001549;P006;U03;2025-10-29;266,01;248,28;1,67;2,01;10,76;82,36;482,92
L001550;P001;U01;2024-05-19;1123,07;1090,92;5,49;5,69;44,92;435,52;1916,84
L001551;P006;U01;2024-10-19;845,3;824,98;6,63;7,91;8,01;244,81;1356,87
L001552;P004;U01;2025-07-12;1436,32;1240,64;6,86;9,09;16,97;605,83;2692,84
L001553;P001;U03;2026-02-15;2108,48;2152,95;11,46;11,77;46,84;1127,41;3552,56
L001554;P002;U02;2026-07-17;2180,22;2030,21;11,25;14,21;16,29;532,97;4263,72
L001555;P002;U03;2025-09-14;397,91;361,5;2,3;2,13;6,26;100,38;915,04
L001556;P007;U02;2025-05-02;2198,79;2225,32;13,16;14,84;96,06;579,98;3515,12
L001557;P003;U01;2025-09-06;1761,87;1728,41;14,26;17,18;54,35;458,59;3688,07
L001558;P005;U01;2024-11-12;1780,35;1759,25;9,66;10,24;45,45;832,18;4703,84
L001559;P002;U02;2025-02-17;685,53;685,82;4,04;4,36;10,51;154,22;1390,12
L001560;P007;U01;2024-11-16;1462,65;1355,71;7,48;7,35;9,75;489,34;2798,98
L001561;P008;U02;2024-10-16;1816,09;1590,53;9,06;11,77;38,47;519,29;1799,37
L001562;P001;U03;2025-01-25;1190,73;1181,64;8,43;10,93;42,87;464,84;1836,99
L001563;P004;U02;2024-01-18;1287,59;1209,59;7,45;7,95;45,29;421,89;2880,54
L001564;P005;U03;2026-06-07;2043,06;1940,13;16,55;19,21;38,26;773,48;5277,55
L001565;P007;U01;2026-03-25;1656,24;1494,96;8,01;7,86;48,78;329,38;2776,07
L001566;P004;U02;2025-07-15;1739,33;1636,02;13,59;15,08;62,15;804,81;3991,32
L001567;P008;U03;2024-10-09;1983,51;1904,35;10,78;12,84;5,61;684,05;4995,48
L001568;P002;U02;2024-12-27;1898,81;1948,47;10,7;12,21;18,96;613,73;4137,81
L001569;P001;U02;2024-11-06;230,78;236,81;1,52;1,69;4,56;106,21;363,46
L001570;P004;U02;2024-11-19;1996,4;1911,11;10,87;9,98;17,95;593,47;5314,2
L001571;P008;U03;2024-02-13;1489,03;1362,16;10,2;13,17;37,79;345,69;3162,99
L001572;P003;U03;2024-11-12;2123,25;1851,57;11,37;11,63;66,31;1066,44;3953,13
L001573;P007;U01;2024-05-28;1073,73;1101,4;8,14;9,08;9,28;269,83;2797,31
L001574;P003;U03;2025-04-03;1480,69;1470,94;7,82;8,24;30,43;744,39;3999,12
L001575;P007;U01;2025-02-16;633,49;608,15;3,35;3,65;10,27;154,18;1352,69
L001576;P006;U01;2025-03-07;291,07;274,78;1,49;1,74;9,56;114,75;274,25
L001577;P006;U02;2024-06-14;1971,05;1719,88;11,11;10,42;63,39;843,75;2601,04
L001578;P005;U03;2024-06-04;1846,12;1785,76;10,42;11,04;19,43;969,94;2637,58
L001579;P005;U01;2024-06-26;1046,48;1038,61;8,45;10,46;46,28;575,03;1234,62
L001580;P001;U03;2026-03-30;854,85;745,04;4,79;5,63;23,64;191,7;1009,32
L001581;P006;U01;2024-10-15;1000,11;1007,59;4,77;6,3;37,61;390,09;2071,6
L001582;P003;U01;2024-09-05;1557,33;1389,4;9,26;10,69;22,58;710,27;2430,4
L001583;P006;U02;2025-10-04;1782,32;1624,35;8,76;9,92;16,36;585,12;1258,14
L001584;P008;U01;2024-01-21;2198,96;1952,47;14,38;13,54;54,72;554,39;4081,82
L001585;P005;U03;2025-07-29;1683,85;1615,91;8,13;10,76;28,43;651,1;3177,47
L001586;P002;U03;2025-06-20;1210,04;1191,23;6,13;7,76;44,67;582,51;2455,77
L001587;P008;U03;2024-11-28;1325,34;1254,55;7,16;8,56;19,47;675,18;2913,66
L001588;P001;U02;2025-10-20;1073,86;1062,59;6,43;6,5;15,77;636,19;1442,0
L001589;P003;U01;2024-11-01;1194,78;1195,83;8,99;10,71;3,96;517,48;2037,35
L001590;P001;U02;2026-03-09;261,84;226,2;1,68;2,17;1,18;55,51;569,45
L001591;P007;U01;2026-06-13;935,2;946,93;6,76;6,32;33,62;457,42;1317,63
L001592;P003;U03;2024-10-17;1218,91;1087,16;9,97;11,83;36,41;266,89;906,04
L001593;P002;U02;2026-03-18;1090,23;1016,68;7,37;6,7;25,6;267,75;1305,03
L001594;P001;U03;2024-07-24;2020,55;1752,16;15,49;18,6;58,01;892,9;4650,07
L001595;P005;U02;2025-07-21;876,17;842,24;4,43;4,6;25,99;430,8;1643,98
L001596;P002;U02;2024-05-04;509,33;506,02;2,56;3,41;11,31;160,32;837,06
L001597;P003;U03;2026-07-16;1246,01;1176,62;7,16;9,01;6,15;717,9;1221,93
L001598;P007;U02;2025-04-01;487,33;437,62;2,53;3,11;1,5;184,79;544,86
L001599;P007;U02;2024-03-24;1446,29;1440,27;10,14;10,37;22,22;453,0;2446,38
L001600;P005;U03;2024-03-03;1679,51;1532,43;10,7;13,23;34,33;616,76;1243,69
L001601;P006;U01;2026-02-23;1408,19;1262,2;8,84;10,47;4,65;756,13;2080,88
L001602;P005;U01;2025-07-06;388,18;382,68;2,69;2,49;10,48;130,29;500,05
L001603;P001;U01;2025-01-05;1573,49;1593,56;10,93;14,28;70,2;697,77;1356,95
L001604;P008;U02;2025-05-24;2183,08;1879,58;13,61;14,4;29,05;976,63;2573,68
L001605;P008;U01;2024-12-26;269,73;242,92;1,69;2,28;3,03;144,86;305,75
L001606;P006;U02;2025-03-17;2195,55;2082,53;12,94;11,78;73,16;1272,58;2751,13
L001607;P001;U01;2025-10-17;1981,37;1732,63;15,43;18,6;40,75;812,25;4742,46
L001608;P002;U01;2026-02-17;470,76;465,0;3,29;3,31;19,75;160,78;926,09
L001609;P006;U02;2026-05-11;2174,84;1943,12;11,93;13,84;75,72;596,69;5002,17
L001610;P008;U03;2026-02-16;290,71;280,59;1,5;1,67;12,47;124,55;513,64
L001611;P001;U03;2025-11-11;1540,13;1582,93;7,73;9,4;5,63;596,12;1962,77
L001612;P006;U02;2025-01-19;1815,96;1699,24;12,41;14,06;52,19;481,4;3885,45
L001613;P001;U01;2026-05-19;682,76;698,49;3,67;3,78;25,0;272,82;1144,52
L001614;P005;U02;2025-04-28;385,46;395,32;1,84;2,24;4,35;161,83;1075,34
L001615;P004;U02;2026-03-17;1458,17;1458,14;9,68;11,17;12,42;330,18;1588,15
L001616;P001;U01;2025-04-02;2036,48;1884,87;14,72;13,42;6,75;538,45;3947,55
L001617;P007;U03;2025-09-08;601,81;528,02;3,62;3,44;19,71;211,75;1217,86
L001618;P006;U03;2024-01-26;1480,26;1359,04;11,62;11,84;19,5;614,11;978,89
L001619;P006;U01;2024-08-16;1761,88;1683,78;11,95;13,59;30,09;490,06;2272,08
L001620;P004;U02;2025-04-18;1849,18;1668,16;10,11;11,64;21,5;918,67;4362,37
L001621;P005;U02;2026-01-24;1471,02;1424,37;9,04;8,49;36,65;341,22;1832,24
L001622;P003;U03;2025-02-23;1247,53;1274,2;7,13;8,74;19,58;287,79;1022,58
L001623;P005;U02;2025-01-31;1564,45;1415,2;8,63;9,78;57,22;502,57;2283,53
L001624;P006;U03;2025-03-26;1896,87;1897,1;11,73;11,49;62,31;901,27;1990,47
L001625;P007;U01;2024-08-12;356,14;342,79;2,73;3,36;2,31;178,26;424,81
L001626;P005;U03;2026-07-21;1709,31;1550,7;10,86;12,44;11,57;645,65;2947,69
L001627;P008;U02;2025-03-08;619,31;553,3;3,66;3,97;4,31;251,92;853,41
L001628;P005;U01;2024-08-20;2170,33;2222,45;12,0;11,37;93,99;562,7;4499,25
L001629;P008;U03;2025-10-30;2088,19;2051,11;11,92;14,87;41,83;1025,26;2550,21
L001630;P002;U01;2025-08-23;1316,45;1219,46;8,65;9,06;42,31;647,12;1896,57
L001631;P004;U03;2025-11-26;1887,5;1846,41;15,58;14,03;13,16;733,58;3595,16
L001632;P008;U03;2024-09-25;649,87;589,2;3,84;4,77;2,14;144,31;1604,5
L001633;P008;U01;2025-07-23;1848,22;1732,99;13,39;13,22;48,1;881,41;3872,57
L001634;P005;U02;2026-02-04;1941,51;1693,73;9,66;11,3;25,91;401,58;2644,28
L001635;P002;U02;2024-07-30;1595,56;1452,14;11,41;15,18;20,82;782,96;3029,87
L001636;P005;U03;2026-07-07;406,57;406,48;2,02;2,19;1,15;155,09;781,23
L001637;P008;U02;2024-09-06;670,02;606,92;3,3;4,07;3,6;291,27;1664,68
L001638;P003;U03;2026-01-18;215,31;198,06;1,19;1,4;4,73;105,43;371,35
L001639;P001;U01;2025-06-08;1656,66;1460,22;8,79;10,72;49,56;592,88;1459,29
L001640;P006;U02;2024-10-24;1072,31;999,14;6,13;6,74;28,42;229,26;1318,67
L001641;P005;U01;2025-02-13;1725,69;1599,02;8,35;9,46;68,04;860,15;2386,93
L001642;P002;U02;2024-02-02;1554,8;1563,43;10,58;12,89;3,7;542,29;2953,85
L001643;P004;U01;2026-04-11;1912,81;1852,87;12,6;15,96;79,49;543,12;3138,99
L001644;P005;U02;2025-04-25;1485,46;1391,61;10,26;11,81;28,78;372,25;3539,53
L001645;P008;U02;2025-12-20;1480,57;1458,77;10,07;12,21;11,14;629,76;3276,94
L001646;P002;U03;2024-05-27;1614,88;1474,77;13,29;13,21;38,9;796,78;2834,26
L001647;P007;U02;2024-12-31;994,84;962,53;4,89;5,55;7,34;247,34;1805,11
L001648;P003;U02;2024-03-21;1068,15;1059,33;5,77;5,93;19,58;426,27;1333,75
L001649;P008;U02;2025-08-21;811,05;818,04;4,26;4,03;29,49;468,89;2123,33
L001650;P006;U02;2025-04-18;1940,43;1963,51;9,9;13,14;12,45;1137,47;1954,26
L001651;P002;U02;2024-01-21;1499,99;1401,06;7,75;8,96;48,99;420,53;3335,89
L001652;P006;U01;2026-04-24;1758,01;1707,01;9,08;11,18;38,95;376,77;1474,71
L001653;P004;U01;2025-07-23;1343,02;1306,34;7,57;8,1;44,99;361,92;2690,96
L001654;P007;U03;2026-06-24;852,56;808,37;6,45;8,12;8,0;264,66;2211,96
L001655;P005;U01;2024-04-21;1513,65;1541,71;12,41;11,79;50,02;551,73;4138,04
L001656;P007;U01;2026-05-23;2137,42;1933,06;13,69;16,02;71,66;816,07;3284,87
L001657;P008;U03;2025-11-17;1460,16;1390,62;9,47;11,49;27,47;458,28;3313,57
L001658;P005;U01;2026-01-30;1694,08;1507,31;8,99;8,54;2110,234;510,93;4125,52
L001659;P006;U02;2024-05-01;610,48;595,02;4,35;4,57;26,19;194,28;1648,75
L001660;P006;U03;2024-03-12;1279,97;1141,79;9,33;8,84;10,79;499,72;2130,03
L001661;P004;U01;2026-01-07;1997,77;1848,99;14,43;18,65;46,09;698,84;1430,79
L001662;P006;U02;2024-11-30;2086,81;2015,88;10,77;13,12;18,63;1030,27;3284,79
L001663;P002;U03;2026-01-16;308,68;292,58;2,07;2,72;13,15;100,16;603,67
L001664;P006;U01;2026-02-16;1102,2;1124,3;7,9;9,59;9,39;463,84;3068,92
L001665;P004;U03;2025-05-15;1333,06;1348,72;9,67;10,07;3,58;461,34;1495,02
L001666;P002;U03;2025-03-01;1799,24;1758,41;12,89;12,52;70,29;901,69;3399,36
L001667;P003;U03;2024-10-03;1158,75;1014,4;7,43;8,9;32,17;243,44;2027,27
L001668;P002;U02;2024-09-23;1242,22;1197,78;6,55;7,01;50,16;575,41;2973,49
L001669;P007;U02;2025-11-06;298,54;275,27;2,1;1,95;9,22;81,7;321,8
L001670;P001;U03;2024-04-05;1633,82;1625,81;11,1;13,84;32,62;457,99;1475,21
L001671;P001;U02;2024-04-15;1585,68;1506,03;12,68;17,02;14,75;341,2;3181,7
L001672;P008;U03;2024-01-15;1010,1;1008,01;5,6;6,34;13,27;258,3;2129,31
L001673;P005;U03;2024-01-15;1025,79;1044,22;8,44;10,15;5,5;479,93;936,56
L001674;P006;U01;2025-04-21;225,32;194,06;1,33;1,58;1,84;61,56;375,22
L001675;P007;U01;2025-01-08;2131,93;1973,26;10,68;11,28;61,68;921,59;1786,67
L001676;P005;U02;2024-07-29;534,77;536,0;2,87;2,84;22,84;118,14;688,95
L001677;P005;U02;2026-01-28;1057,37;960,6;5,98;6,22;6,79;231,11;917,94
L001678;P007;U03;2024-12-20;1368,57;1396,95;6,84;7,31;35,99;333,04;3397,22
L001679;P006;U03;2024-07-01;1357,71;1320,48;7,24;6,86;19,87;431,22;1588,02
L001680;P002;U02;2024-08-28;1627,88;1563,38;11,05;13,65;65,5;400,78;2933,11
L001681;P006;U02;2024-02-08;318,44;288,13;1,64;1,71;8,34;121,65;612,87
L001682;P008;U01;2025-11-11;1867,03;1664,21;14,41;18,53;12,89;617,13;4061,26
L001683;P005;U02;2026-05-28;392,76;375,07;3,18;3,82;14,43;93,35;313,05
L001684;P002;U01;2024-02-08;1010,4;1028,22;5,5;6,32;2,8;367,77;737,66
L001685;P002;U02;2025-03-26;1014,55;883,84;6,05;6,6;5,56;342,15;2146,93
L001686;P002;U02;2024-01-27;1729,8;1668,42;8,96;11,75;24,11;544,13;1310,88
L001687;P004;U01;2024-08-09;1975,01;1784,82;10,71;12,4;60,02;599,88;4426,09
L001688;P008;U01;2025-06-14;210,67;205,44;1,13;1,08;6,3;45,29;428,78
L001689;P002;U03;2024-10-02;1527,92;1411,86;12,05;13,47;12,05;380,93;3689,11
L001690;P004;U03;2026-04-19;1036,71;1047,08;6,73;8,28;42,72;235,57;1306,82
L001691;P002;U03;2025-11-14;309,43;305,65;1,53;1,85;8,72;123,36;829,21
L001692;P001;U03;2025-06-18;903,0;831,8;5,06;6,78;13,78;215,12;1574,9
L001693;P001;U03;2025-01-30;914,98;807,54;4,82;5,89;35,33;420,37;615,59
L001694;P001;U02;2026-01-03;1183,37;1071,03;6,94;7,42;46,28;526,59;1005,7
L001695;P001;U03;2025-10-12;348,41;357,62;2,03;2,54;13,48;197,76;373,61
L001696;P006;U01;2024-05-01;995,05;993,13;7,53;6,92;14,4;374,59;1117,6
L001697;P003;U02;2024-11-30;412,69;365,16;2,35;3,07;15,18;187,01;272,66
L001698;P008;U01;2025-02-17;802,0;770,63;4,24;5,63;16,3;259,8;1907,22
L001699;P006;U02;2026-04-05;1510,87;1409,33;10,85;10,67;18,08;404,13;1170,97
L001700;P007;U03;2024-06-21;1377,01;1390,65;8,47;8,98;29,53;691,54;1231,22
L001701;P001;U02;2024-04-13;1459,8;1406,47;11,34;13,32;35,36;391,31;3107,6
L001702;P002;U02;2024-09-14;1137,86;1033,33;8,58;11,52;26,94;526,92;830,0
L001703;P001;U03;2025-06-17;1996,42;1995,75;16,45;15,83;29,5;499,0;2434,67
L001704;P008;U02;2026-02-08;1693,74;1552,61;8,61;9,17;38,59;624,7;1355,19
L001705;P002;U03;2024-08-13;1667,96;1549,86;10,91;9,91;55,93;499,11;1984,46
L001706;P005;U01;2026-02-04;509,55;462,14;3,19;3,09;12,26;210,22;684,76
L001707;P005;U01;2026-07-10;947,98;841,22;5,67;6,41;12,57;423,87;2197,02
L001708;P003;U01;2026-02-10;1902,67;1849,03;9,72;12,32;44,17;471,62;1801,94
L001709;P007;U02;2024-03-25;961,75;935,36;5,21;5,24;23,52;342,05;2147,22
L001710;P006;U02;2026-03-14;746,38;678,22;4,85;5,08;17,4;229,79;1819,11
L001711;P007;U02;2025-03-05;633,48;594,22;3,67;4,01;4,08;359,0;746,5
L001712;P002;U01;2025-02-16;432,4;384,57;2,17;2,84;15,27;217,72;608,66
L001713;P008;U02;2024-04-25;1869,18;1772,55;12,06;16,19;42,12;1060,94;2101,49
L001714;P003;U03;2024-09-03;2161,02;1940,71;15,62;14,45;44,64;723,35;4317,85
L001715;P004;U02;2025-02-23;229,79;216,75;1,38;1,43;8,79;83,83;502,03
L001716;P001;U03;2024-09-26;965,44;865,0;4,62;5,79;28,46;301,76;714,3
L001717;P007;U01;2024-07-26;1329,21;1349,32;10,69;12,07;29,92;552,5;976,33
L001718;P007;U03;2024-10-01;730,09;708,58;4,74;5,4;11,66;411,96;1454,83
L001719;P003;U02;2025-09-10;269,31;274,13;1,86;2,45;1,65;72,37;338,42
L001720;P007;U02;2024-02-11;984,11;950,38;6,45;7,67;17,4;538,26;1506,95
L001721;P007;U02;2026-05-02;1924,79;1793,35;11,07;14,3;26,0;696,26;2555,61
L001722;P003;U03;2024-01-19;943,68;870,82;4,64;5,44;14,0;336,55;1437,68
L001723;P003;U01;2024-06-09;1093,18;941,84;5,98;5,58;40,79;433,86;797,72
L001724;P004;U03;2026-05-27;1588,2;1546,53;8,78;11,04;30,55;343,87;3871,14
L001725;P001;U01;2025-05-07;1519,35;1353,92;8,96;11,26;46,58;759,61;1381,59
L001726;P005;U01;2026-06-21;2142,88;2043,12;10,81;10,31;35,52;1029,12;4263,26
L001727;P006;U01;2025-10-21;2112,86;2042,04;10,39;13,16;45,59;854,23;3039,87
L001728;P001;U03;2025-03-29;1978,15;1973,44;10,08;12,44;74,29;672,23;1958,55
L001729;P007;U02;2024-07-21;864,13;768,2;5,57;5,49;12,49;416,58;1242,08
L001730;P005;U02;2025-12-22;834,92;818,09;4,18;5,46;19,14;425,92;1860,66
L001731;P005;U01;2026-07-26;2076,02;2021,12;14,55;16,34;70,6;480,16;3528,55
L001732;P007;U01;2024-03-03;584,46;540,84;3,71;4,42;15,99;119,92;899,0
L001733;P001;U03;2025-02-17;1535,21;1536,04;9,51;11,13;59,63;677,48;4021,44
L001734;P008;U03;2025-01-07;633,87;630,6;4,13;5,07;16,53;167,55;785,1
L001735;P004;U01;2024-01-26;382,76;350,14;2,18;2,37;11,0;106,69;424,04
L001736;P002;U01;2026-06-16;1198,97;1134,55;5,73;7,28;32,51;587,11;858,16
L001737;P007;U02;2026-01-23;1931,21;1980,67;9,92;11,84;30,79;839,86;4340,61
L001738;P006;U01;2024-12-11;1958,14;1764,54;12,22;16,3;50,8;1031,44;4337,76
L001739;P004;U02;2024-03-15;1720,81;1733,74;12,21;13,67;28,92;828,54;3250,05
L001740;P001;U02;2026-04-17;1858,68;1899,96;15,47;14,43;49,32;1047,55;4413,23
L001741;P003;U01;2025-02-08;895,09;835,1;4,56;5,63;36,99;205,75;898,29
L001742;P007;U02;2026-05-13;947,65;931,21;5,05;5,38;9,72;374,98;1158,65
L001743;P007;U03;2025-02-12;855,44;812,67;6,42;7,33;2,64;421,7;954,0
L001744;P002;U02;2025-10-05;1065,7;991,86;7,98;8,74;9,74;435,51;752,07
L001745;P003;U02;2025-12-30;1110,47;1082,93;5,51;6,97;12,6;636,11;1063,84
L001746;P008;U01;2024-02-19;1295,47;1131,38;6,98;9,27;8,86;363,39;1684,45
L001747;P003;U01;2026-03-01;1861,82;1907,53;12,84;13,18;32,48;686,84;2276,16
L001748;P002;U01;2026-07-31;911,33;866,34;4,95;6,32;36,59;208,1;2309,75
L001749;P003;U03;2024-10-25;2145,74;1944,97;10,67;9,98;67,07;737,64;3942,15
L001750;P006;U02;2024-01-31;1029,85;915,54;5,97;7,65;8,99;518,87;1857,44
L001751;P002;U01;2026-05-19;918,33;790,16;6,5;8,16;1106,224;240,43;2068,27
L001752;P001;U01;2024-04-26;1216,13;1170,2;8,81;11,8;22,33;472,88;2077,3
L001753;P007;U02;2024-07-04;598,45;613,22;3,49;3,32;15,54;362,59;1586,01
L001754;P008;U02;2025-05-27;684,1;629,23;4,4;5,27;7,16;187,89;937,83
L001755;P008;U02;2025-12-08;1438,77;1281,93;11,14;14,36;48,95;671,52;1246,53
L001756;P002;U02;2024-03-27;708,55;611,21;3,9;4,56;9,1;350,82;1563,43
L001757;P003;U02;2025-04-26;937,18;888,48;7,75;10,46;12,61;250,55;1161,74
L001758;P005;U01;2026-06-02;733,13;655,8;5,23;6,87;14,72;402,37;734,26
L001759;P005;U02;2024-03-25;291,02;297,68;1,82;1,92;12,8;147,33;388,12
L001760;P008;U02;2026-01-27;1119,39;994,66;6,45;6,87;37,96;288,19;1979,38
L001761;P007;U03;2025-01-06;435,65;416,95;2,41;2,29;9,09;148,31;521,66
L001762;P003;U02;2025-01-06;832,8;811,84;5,57;5,88;2,36;476,07;1644,91
L001763;P002;U02;2026-07-01;763,59;695,72;4,1;4,8;8,28;378,6;1829,64
L001764;P007;U03;2026-01-10;1108,41;1095,65;5,64;6,52;48,8;268,48;986,63
L001765;P002;U01;2025-10-28;1352,36;1256,61;7,67;7,42;48,76;528,99;1450,12
L001766;P006;U01;2024-02-02;1466,35;1291,66;7,27;8,71;17,75;405,63;2801,45
L001767;P006;U03;2025-12-24;2168,08;1922,92;17,68;21,12;5,5;691,41;4168,34
L001768;P007;U01;2026-05-06;1073,11;1002,93;5,3;6,22;14,97;564,49;730,66
L001769;P006;U02;2026-03-07;652,26;569,84;3,3;3,79;7,02;230,12;994,85
L001770;P008;U03;2024-06-16;289,61;277,95;2,35;2,31;1,38;110,3;524,87
L001771;P008;U01;2025-03-24;1823,0;1814,08;9,3;9,53;2539,7119999999995;594,19;1789,47
L001772;P003;U02;2024-05-16;2123,77;1966,73;12,03;13,49;86,31;919,67;3550,27
L001773;P004;U02;2025-07-14;1311,08;1343,13;6,43;6,16;17,22;795,92;3392,85
L001774;P003;U01;2024-04-24;974,4;858,1;6,04;7,76;17,77;507,02;659,08
L001775;P007;U01;2025-08-06;897,62;864,59;4,6;5,91;14,97;229,75;1312,39
L001776;P006;U01;2026-04-08;440,62;446,26;2,19;2,29;13,2;133,94;906,12
L001777;P007;U02;2025-04-01;1013,42;983,69;7,64;8,36;30,05;236,73;1554,39
L001778;P003;U03;2025-02-18;632,46;585,02;4,8;5,39;7,05;133,4;572,69
L001779;P005;U02;2026-05-28;475,12;446,42;2,51;3,38;19,31;126,4;975,86
L001780;P006;U03;2024-04-22;1528,83;1504,62;11,96;11,09;19,05;514,14;3569,21
L001781;P004;U01;2024-12-26;279,81;269,17;1,96;2,09;5,48;140,76;248,31
L001782;P002;U03;2024-09-15;529,47;518,45;3,82;4,42;3,13;189,94;1102,19
L001783;P001;U03;2024-08-31;284,9;258,42;1,64;1,57;7,26;96,05;255,1
L001784;P008;U03;2026-03-03;249,6;239,73;1,95;1,98;8,66;56,83;340,17
L001785;P005;U02;2024-10-01;1485,29;1290,9;8,28;8,86;50,46;698,11;2453,34
L001786;P007;U01;2025-11-16;1738,66;1611,5;14,37;19,01;66,73;455,74;4320,23
L001787;P004;U01;2024-11-25;1546,5;1350,24;8,52;10,47;14,71;557,88;1016,59
L001788;P007;U01;2024-07-15;1451,66;1476,8;7,82;9,69;24,37;535,85;2093,5
L001789;P002;U03;2026-04-15;862,29;769,45;5,65;6,35;31,01;469,76;817,14
L001790;P004;U03;2025-02-08;1549,72;1474,56;10,68;12,09;52,67;836,61;3301,59
L001791;P006;U02;2024-04-23;1288,92;1301,0;6,72;7,41;36,91;585,65;1278,23
L001792;P002;U03;2025-07-04;1149,79;1072,06;7,45;9,62;19,63;444,91;1647,8
L001793;P001;U02;2025-05-24;1850,09;1884,49;12,0;15,17;32,64;521,52;1348,71
L001794;P002;U03;2025-12-28;1912,19;1816,15;9,65;10,7;53,91;978,26;1293,73
L001795;P006;U02;2025-01-30;2036,12;2061,51;13,75;13,12;22,06;678,13;3309,47
L001796;P008;U02;2024-05-17;1986,12;1722,52;9,61;9,79;47,54;791,89;3972,81
L001797;P003;U03;2025-08-21;1705,76;1597,57;11,3;10,45;58,37;533,41;1640,25
L001798;P003;U03;2025-10-01;1730,57;1548,29;10,75;12,82;22,31;920,58;1174,78
L001799;P006;U01;2025-01-26;1725,98;1697,64;9,96;13,0;75,23;952,07;2496,92
L001800;P005;U01;2024-03-26;1440,37;1320,97;7,17;7,33;9,55;804,29;1697,71
L001801;P003;U03;2025-11-16;1773,22;1820,82;8,75;9,05;8,67;619,76;1979,03
L001802;P003;U03;2026-06-26;1504,93;1510,99;10,34;10,06;23,47;670,38;2318,27
L001803;P007;U01;2025-01-29;782,17;707,86;6,09;7,51;12,61;303,16;1196,69
L001804;P004;U03;2026-05-11;2076,68;1812,53;11,74;12,72;30,21;685,34;1416,34
L001805;P006;U01;2025-05-22;531,42;532,25;2,91;3,87;14,97;311,04;1302,78
L001806;P006;U02;2025-01-07;2154,39;2073,38;16,49;18,9;87,41;541,77;2167,74
L001807;P007;U01;2025-07-08;1525,57;1340,98;11,22;13,12;38,65;319,11;1020,83
L001808;P006;U03;2025-07-09;1577,05;1401,15;7,55;7,65;44,52;599,82;2846,71
L001809;P004;U02;2024-03-07;1123,88;1125,45;8,49;11,29;16,09;462,85;1308,85
L001810;P003;U03;2024-12-20;411,84;381,15;2,38;2,89;11,43;230,52;936,35
L001811;P003;U02;2025-10-10;1481,66;1450,45;11,53;15,23;7,7;764,19;1639,74
L001812;P005;U02;2026-04-06;431,96;377,88;2,62;2,42;6,83;232,18;940,91
L001813;P002;U01;2026-04-10;1920,86;1833,36;14,96;14,7;47,79;465,46;2531,14
L001814;P001;U03;2026-06-02;1052,42;966,97;7,48;7,27;15,83;519,45;1078,56
L001815;P006;U03;2026-03-15;1558,05;1594,95;11,05;14,7;18,49;950,94;3558,09
L001816;P003;U02;2026-06-27;1373,84;1335,5;8,72;11,38;7,64;536,58;3073,71
L001817;P005;U03;2025-06-11;1580,69;1431,42;7,71;9,42;44,4;397,25;3640,44
L001818;P001;U01;2025-01-18;1437,47;1318,92;10,58;9,66;3,73;808,67;2173,68
L001819;P003;U02;2024-01-26;1177,51;1114,84;5,85;7,65;32,62;586,83;2097,75
L001820;P001;U03;2025-02-17;1543,1;1412,97;9,88;10,35;28,44;802,31;1203,44
L001821;P007;U02;2024-07-31;1439,85;1321,04;7,88;10,1;30,76;511,12;3595,29
L001822;P005;U03;2026-06-16;1940,58;1709,78;11,13;12,67;19,45;861,85;2483,49
L001823;P004;U01;2024-06-22;1008,04;999,16;5,97;7,53;37,89;571,69;1988,79
L001824;P007;U03;2025-01-20;379,32;362,32;2,73;3,35;9,24;151,6;904,23
L001825;P002;U02;2024-09-06;798,41;769,65;4,78;6,03;30,53;237,33;991,55
L001826;P002;U01;2025-03-26;233,74;239,87;1,26;1,31;10,06;56,8;186,17
L001827;P001;U01;2025-02-22;404,78;359,99;2,13;2,43;8,13;211,02;988,26
L001828;P002;U01;2026-02-19;1868,66;1904,24;11,65;11,62;78,56;967,87;3427,72
L001829;P003;U02;2026-04-25;1541,15;1459,34;8,22;7,6;22,75;338,15;1459,96
L001830;P008;U03;2024-07-07;384,86;384,04;2,35;2,64;13,15;150,92;633,2
L001831;P004;U02;2024-05-23;1735,46;1550,28;8,98;10,39;38,58;534,64;1878,29
L001832;P008;U03;2025-09-10;1968,89;2014,39;9,78;9,09;46,71;692,48;3237,65
L001833;P004;U02;2025-06-04;1567,99;1358,87;10,89;11,49;33,08;501,69;2833,71
L001834;P004;U02;2024-08-04;1156,66;1090,71;5,75;6,83;34,08;532,81;2575,99
L001835;P006;U03;2025-06-01;553,99;494,52;2,97;3,28;14,17;147,39;704,85
L001836;P005;U02;2026-06-02;1057,32;958,65;5,07;5,61;41,93;375,68;1222,35
L001837;P004;U02;2024-12-30;592,74;580,59;4,04;5,24;19,59;352,2;1550,05
L001838;P004;U02;2025-08-20;1145,67;1066,8;7,79;7,16;28,66;413,07;2302,74
L001839;P003;U02;2024-06-02;848,21;791,68;6,76;7,12;10,23;465,22;2157,53
L001840;P003;U01;2024-08-28;1681,83;1487,75;9,41;10,08;16,01;625,44;1486,42
L001841;P006;U03;2026-05-23;1863,94;1713,63;13,96;14,48;31,0;1049,93;2937,19
L001842;P005;U03;2025-01-29;513,44;444,14;2,56;2,54;3,88;216,18;647,22
L001843;P002;U01;2025-08-25;1491,43;1394,32;7,89;10,03;5,87;680,72;2723,22
L001844;P008;U01;2025-03-05;1608,25;1438,85;8,01;9,38;13,31;891,27;1447,31
L001845;P002;U01;2025-09-14;215,34;195,67;1,38;1,59;6,4;82,98;138,43
L001846;P003;U02;2026-06-19;487,17;466,03;2,81;3,51;13,34;206,69;805,1
L001847;P002;U01;2024-07-06;1653,4;1463,63;9,16;8,79;34,73;666,41;1358,58
L001848;P007;U01;2025-09-05;2049,33;1981,47;12,53;15,26;65,65;1171,45;2461,94
L001849;P006;U01;2025-12-10;468,82;473,03;2,25;2,29;5,4;276,36;1053,06
L001850;P005;U01;2025-03-05;1623,95;1495,43;7,95;10,51;62,55;654,5;1353,16
L001851;P003;U03;2024-04-13;1238,98;1256,01;6,86;7,45;16,5;383,66;1370,63
L001852;P008;U03;2025-07-24;830,66;769,3;6,55;6,43;4,72;185,16;827,88
L001853;P008;U02;2025-02-22;352,56;338,39;2,26;2,16;4,35;98,71;399,43
L001854;P001;U02;2026-05-06;332,82;328,51;2,62;3,01;10,87;202,63;538,66
L001855;P005;U01;2024-12-02;1445,45;1278,34;8,85;8,62;9,57;514,14;2018,12
L001856;P001;U01;2026-01-26;1581,67;1626,17;9,62;11,8;59,3;956,04;2078,26
L001857;P007;U03;2026-06-15;1179,94;1143,86;7,65;8,99;14,34;687,71;913,19
L001858;P007;U02;2025-05-06;257,81;243,83;1,7;2,15;3,23;92,64;302,09
L001859;P004;U01;2025-09-02;773,35;736,16;5,87;5,9;18,99;238,39;598,24
L001860;P003;U02;2024-07-11;1477,2;1437,26;7,05;8,5;54,56;326,65;1199,73
L001861;P005;U03;2026-03-25;413,96;369,05;2,99;3,06;14,74;183,84;809,07
L001862;P006;U03;2024-01-20;913,88;864,08;6,08;7,11;34,54;420,07;1116,44
L001863;P001;U03;2025-04-27;1631,73;1420,34;10,04;10,43;59,43;524,56;1671,62
L001864;P004;U02;2026-01-17;1491,24;1379,38;7,9;8,87;8,79;674,75;2177,96
L001865;P002;U03;2026-06-26;1222,2;1134,1;6,68;7,86;50,09;602,35;2914,09
L001866;P001;U02;2025-09-09;1750,99;1641,47;13,43;16,62;2298,058;834,77;4518,54
L001867;P005;U03;2026-05-17;883,58;776,55;6,0;7,91;30,24;198,53;1514,05
L001868;P008;U02;2026-06-23;602,85;587,14;3,06;3,22;17,43;261,25;668,98
L001869;P008;U01;2026-03-28;1640,88;1572,21;8,59;8,71;63,81;468,87;1340,29
L001870;P004;U03;2025-10-17;1404,1;1341,41;9,36;9,56;54,04;621,66;2148,12
L001871;P007;U03;2024-05-18;1393,33;1252,0;7,46;9,49;14,28;718,3;1563,52
L001872;P007;U01;2024-08-01;784,76;778,72;6,34;6,22;23,93;247,27;1457,68
L001873;P001;U03;2024-11-04;1190,82;1148,02;5,72;5,91;11,74;375,5;2506,97
L001874;P002;U03;2025-09-03;1333,84;1290,19;7,75;8,26;33,81;586,28;2245,25
L001875;P003;U03;2026-07-03;2110,75;1941,95;14,1;17,96;56,8;946,84;2177,01
L001876;P004;U02;2026-04-16;580,8;534,57;3,9;4,29;18,98;285,35;1279,43
L001877;P008;U01;2025-05-26;1336,71;1221,51;8,31;11,05;51,6;547,46;2527,58
L001878;P007;U01;2025-05-16;548,69;524,67;2,97;3,88;3,4;128,1;1401,04
L001879;P008;U02;2024-06-21;1282,52;1190,53;7,71;7,43;5,51;590,97;1691,91
L001880;P002;U01;2025-08-01;2179,36;2146,47;17,07;22,7;64,46;538,71;4435,71
L001881;P006;U02;2025-03-14;729,54;723,79;5,05;5,19;16,92;342,42;703,26
L001882;P007;U01;2025-12-05;1130,64;977,96;5,83;5,81;11,94;571,47;1000,33
L001883;P002;U02;2026-04-25;270,59;273,84;1,71;1,59;8,41;147,2;696,34
L001884;P002;U01;2025-12-09;271,61;244,45;1,71;1,92;6,19;140,08;282,38
L001885;P001;U01;2024-07-28;468,63;468,87;3,13;3,96;17,41;214,2;1027,46
L001886;P002;U02;2024-05-17;1926,96;1695,23;11,29;11,57;40,51;757,97;3298,22
L001887;P004;U02;2026-01-27;1002,74;880,84;5,26;7,1;35,56;383,39;1605,51
L001888;P002;U03;2025-11-21;1419,72;1344,34;7,73;8,5;40,86;554,67;1201,78
L001889;P005;U03;2025-12-08;739,95;742,29;3,72;3,57;31,79;242,44;2013,84
L001890;P005;U02;2025-02-11;628,12;569,94;3,9;5,14;18,62;267,61;1547,53
L001891;P005;U01;2025-05-26;1451,14;1314,35;9,17;8,76;47,52;445,42;1379,35
L001892;P001;U01;2024-02-16;287,98;282,95;2,33;2,77;6,72;74,51;787,91
L001893;P007;U01;2026-03-12;1543,02;1400,1;7,73;9,8;49,89;497,28;1168,48
L001894;P004;U02;2025-06-02;872,19;870,69;5,93;7,43;24,75;330,7;793,68
L001895;P002;U02;2025-04-10;1136,6;1033,85;8,91;11,79;4,52;306,67;1010,73
L001896;P007;U03;2026-01-24;474,22;432,61;3,14;3,01;13,71;128,89;689,88
L001897;P004;U01;2024-05-02;1146,88;1050,92;5,55;6,02;41,62;542,55;1525,53
L001898;P003;U03;2024-05-17;1400,56;1437,12;6,77;6,58;61,2;774,11;1477,24
L001899;P007;U02;2025-07-29;1528,62;1373,96;9,54;11,1;37,79;436,75;1471,74
L001900;P005;U03;2024-01-01;1666,35;1540,8;10,78;12,02;15,35;852,67;2002,05
L001901;P005;U02;2024-01-05;1775,98;1533,45;10,81;11,08;32,0;803,2;3844,21
L001902;P001;U02;2025-03-01;1706,08;1751,26;12,69;16,45;35,87;948,97;3844,61
L001903;P005;U03;2024-04-05;1133,29;1037,11;5,93;6,57;20,6;450,91;2546,73
L001904;P001;U01;2024-03-02;907,4;830,85;7,19;8,83;1,94;255,68;1634,23
L001905;P005;U01;2026-06-08;530,01;471,79;2,94;3,21;6,15;255,02;1267,0
L001906;P003;U03;2025-03-03;981,69;1010,59;6,9;7,26;25,13;345,42;1696,46
L001907;P003;U03;2024-11-03;761,5;728,42;5,34;6,72;15,79;312,95;1340,94
L001908;P003;U03;2025-01-18;1029,69;888,24;6,89;9,04;31,84;452,87;1620,59
L001909;P003;U03;2024-09-14;1775,02;1750,94;13,42;13,66;71,88;897,92;3741,83
L001910;P007;U02;2025-02-08;244,32;232,71;1,56;1,86;7,38;137,52;580,89
L001911;P008;U03;2024-04-21;1695,65;1533,25;8,92;11,56;16,11;489,43;2829,51
L001912;P003;U01;2024-10-21;530,16;534,71;3,36;3,53;1,88;238,2;899,89
L001913;P007;U01;2024-03-09;524,13;484,34;3,39;4,51;5,38;272,23;919,84
L001914;P001;U03;2024-02-26;2049,87;1964,61;14,1;17,01;41,96;606,12;4869,65
L001915;P007;U02;2025-11-13;1207,26;1166,43;7,17;8,75;16,49;368,71;857,36
L001916;P005;U03;2024-07-13;469,59;464,66;2,4;2,25;6,33;176,27;1206,89
L001917;P004;U02;2025-11-30;1430,27;1306,35;11,55;13,52;28,08;623,2;1828,65
L001918;P003;U02;2024-12-04;570,35;522,93;3,28;4,29;6,67;292,09;1429,92
L001919;P007;U03;2026-03-10;869,16;813,51;6,03;7,16;22,95;382,97;938,82
L001920;P002;U03;2026-05-13;1741,54;1775,97;10,31;13,43;7,13;680,33;3640,03
L001921;P005;U01;2025-05-06;1952,49;1987,0;14,96;19,62;84,92;767,99;4556,74
L001922;P008;U03;2024-10-30;1547,59;1488,17;8,37;7,89;21,16;400,18;1235,21
L001923;P002;U02;2025-04-15;2077,35;1843,06;12,12;13,79;7,19;895,28;2319,47
L001924;P002;U02;2026-07-23;1068,34;1018,0;5,94;6,56;14,37;429,43;1917,0
L001925;P005;U03;2025-10-23;969,03;848,45;5,96;5,85;36,22;493,53;786,11
L001926;P001;U02;2024-05-01;565,74;524,09;4,27;4,9;3,03;175,7;897,38
L001927;P004;U02;2025-04-12;930,74;893,86;5,0;5,79;16,85;437,63;1460,22
L001928;P002;U01;2024-09-15;406,8;376,31;2,05;2,43;9,47;140,82;326,53
L001929;P002;U03;2026-02-02;1235,53;1146,05;8,87;8,22;11,36;494,5;2455,73
L001930;P006;U01;2025-03-05;1613,16;1631,25;8,11;9,96;17,11;734,59;2410,85
L001931;P006;U02;2026-07-28;2010,48;1930,58;11,46;11,71;47,88;585,71;5249,67
L001932;P006;U02;2026-01-07;1098,47;956,71;5,52;6,58;3,41;245,55;1987,24
L001933;P008;U03;2024-11-01;1884,07;1933,28;14,94;16,82;81,25;519,15;3451,1
L001934;P007;U02;2024-05-16;1325,96;1285,77;7,36;9,72;13,81;295,64;2841,81
L001935;P008;U02;2025-02-28;2118,39;1886,77;13,27;11,96;44,49;482,82;2842,14
L001936;P001;U03;2025-10-22;238,35;243,68;1,35;1,63;7,28;122,05;192,38
L001937;P004;U01;2024-07-26;253,33;229,71;1,99;1,94;2,46;85,31;184,75
L001938;P002;U01;2024-10-17;333,25;294,0;2,31;2,32;1,88;154,5;440,75
L001939;P005;U03;2025-12-27;2173,68;2226,19;11,93;13,22;60,12;1027,56;5514,0
L001940;P006;U02;2026-07-02;2007,27;1889,22;16,38;18,93;53,99;798,52;3171,88
L001941;P002;U03;2025-07-15;604,86;608,95;3,08;3,55;8,53;228,71;1395,5
L001942;P006;U03;2025-02-20;1878,44;1924,29;9,95;10,71;51,92;543,9;3887,38
L001943;P004;U01;2024-08-02;1272,21;1279,24;6,68;6,66;21,82;762,6;3148,09
L001944;P006;U03;2024-02-08;357,02;359,65;2,94;2,93;2,27;82,99;269,51
L001945;P003;U03;2024-02-08;595,88;526,15;3,9;3,74;12,3;297,28;1270,21
L001946;P002;U01;2025-12-01;2083,16;2077,76;14,03;16,66;46,47;1219,43;1908,55
L001947;P001;U02;2025-12-22;943,0;914,89;6,32;8,46;38,82;248,74;1048,89
L001948;P003;U01;2025-04-30;1774,76;1720,09;8,99;10,32;62,6;728,65;3241,17
L001949;P005;U02;2025-12-08;1369,78;1383,85;9,11;11,33;50,53;452,71;3025,99
L001950;P005;U03;2024-04-23;1924,16;1752,17;10,97;11,77;11,31;786,71;3650,47
L001951;P008;U02;2025-03-28;687,44;634,92;3,42;3,79;4,15;243,3;1002,02
L001952;P003;U02;2025-11-27;281,71;285,26;1,54;1,7;12,21;155,5;264,95
L001953;P007;U03;2025-06-20;2064,28;2125,82;11,18;12,03;37,48;1060,32;4424,44
L001954;P005;U03;2024-04-29;1759,45;1771,88;10,24;10,24;44,18;435,11;4709,65
L001955;P002;U01;2024-03-21;1284,11;1195,98;8,05;9,87;13,07;392,66;2466,21
L001956;P005;U01;2025-07-25;926,56;870,92;4,74;5,99;12,15;473,98;2084,02
L001957;P006;U02;2026-06-17;606,03;527,65;3,08;3,66;13,45;179,88;660,81
L001958;P003;U03;2025-07-28;1239,86;1095,01;9,47;11,92;42,01;526,17;1592,0
L001959;P002;U01;2024-08-10;783,37;690,29;3,83;5,09;3,31;333,86;972,35
L001960;P001;U03;2024-08-27;1538,54;1504,68;9,67;10,93;26,78;852,19;2137,79
L001961;P005;U03;2026-05-08;1755,77;1585,01;9,94;11,13;69,42;801,57;2866,58
L001962;P005;U02;2026-02-09;1630,27;1412,16;13,0;15,89;17,81;377,63;3626,33
L001963;P006;U02;2026-05-22;741,94;705,71;4,72;6,23;28,85;186,01;1691,98
L001964;P005;U01;2026-05-14;1526,27;1502,58;11,28;14,77;65,35;699,61;1978,49
L001965;P008;U01;2024-07-16;1604,83;1391,33;11,79;11,6;38,15;775,26;2520,75
L001966;P007;U02;2024-12-24;1991,95;1753,99;11,06;14,43;4,23;572,39;4711,92
L001967;P005;U02;2025-01-09;2042,36;1930,2;10,66;12,18;21,03;1003,99;2196,85
L001968;P002;U02;2026-07-07;2063,08;2012,49;12,34;14,44;60,26;475,03;4404,74
L001969;P003;U01;2026-07-07;1361,5;1293,36;8,16;8,36;37,55;777,79;3179,55
L001970;P004;U03;2026-06-25;1658,43;1664,45;9,28;11,85;25,38;903,6;3025,85
L001971;P001;U02;2026-06-08;1705,37;1596,77;10,71;11,46;4,7;927,68;2909,73
L001972;P007;U02;2026-03-31;969,6;952,83;7,85;9,52;22,13;316,86;1771,72
L001973;P003;U03;2026-01-12;2083,46;2096,23;11,31;12,56;89,39;552,76;4881,42
L001974;P003;U02;2026-05-02;762,96;749,27;3,75;4,57;4,01;224,6;1168,72
L001975;P002;U03;2026-06-17;2053,14;1793,43;15,54;17,43;52,93;870,73;4930,85
L001976;P004;U02;2024-05-22;1772,79;1739,12;13,84;14,04;36,21;799,85;2380,74
L001977;P006;U02;2024-08-06;2191,47;2169,57;11,15;12,69;42,76;1329,15;3247,94
L001978;P001;U01;2024-05-13;1217,15;1236,3;10,02;12,58;14,72;608,36;2431,51
L001979;P004;U01;2025-09-27;563,64;493,27;2,78;3,57;19,37;290,99;483,49
L001980;P005;U01;2025-06-19;1094,61;963,32;7,1;7,72;7,83;359,28;680,2
L001981;P002;U02;2024-01-17;217,99;222,28;1,54;1,7;0,88;65,51;580,58
L001982;P006;U02;2024-05-03;1220,57;1244,03;9,45;9,25;30,64;544,15;2894,3
L001983;P005;U02;2024-03-27;989,95;898,25;5,13;6,12;33,97;550,9;2345,71
L001984;P005;U03;2025-11-27;830,27;734,53;5,29;6,0;10,45;406,59;1667,19
L001985;P003;U03;2024-04-17;1070,6;1073,13;7,24;7,16;3,23;415,72;2178,42
L001986;P007;U01;2025-04-13;1923,55;1927,49;15,14;16,54;53,83;872,42;1857,6
L001987;P008;U03;2024-03-11;1412,17;1260,49;8,38;8,61;43,48;396,31;2570,5
L001988;P001;U02;2025-04-21;1851,74;1809,17;9,91;10,54;19,82;641,16;4415,02
L001989;P001;U01;2024-05-28;1974,79;2017,7;11,98;15,68;27,61;1029,51;2168,96
L001990;P004;U03;2026-05-20;326,83;293,86;1,66;1,69;9,44;120,82;472,89
L001991;P007;U02;2026-05-01;1685,66;1562,23;8,53;7,8;17,17;636,19;3731,98
L001992;P002;U03;2024-11-04;694,83;621,34;3,99;4,07;26,69;184,82;1670,63
L001993;P005;U02;2025-05-10;1090,94;981,69;5,25;6,49;40,32;457,12;2534,92
L001994;P005;U03;2024-05-17;1641,75;1476,49;12,47;16,65;33,25;344,23;2688,74
L001995;P005;U03;2024-03-26;206,44;186,06;1,38;1,39;6,95;51,59;451,36
L001996;P004;U02;2024-12-22;1330,72;1304,52;7,65;8,44;19,5;294,65;1621,16
L001997;P003;U03;2025-12-15;1443,14;1469,01;8,27;7,7;56,7;427,6;3163,47
L001998;P008;U03;2025-08-26;524,54;529,86;2,91;3,89;8,09;188,38;648,24
L001999;P006;U03;2024-09-05;372,43;326,85;2,23;2,09;2,24;83,21;360,77
L002000;P008;U02;2024-07-03;1964,48;1945,62;10,76;13,13;19,98;1123,54;1803,53
L002001;P004;U02;2026-07-18;885,31;815,89;5,28;6,7;30,03;227,66;1079,3
L002002;P008;U02;2026-03-03;1927,93;1695,87;15,44;17,37;43,97;1020,15;4445,99
L002003;P002;U01;2024-04-17;1099,43;946,2;5,27;6,27;36,95;212,8;1276,5
L002004;P007;U03;2026-01-03;604,52;599,87;3,3;4,11;20,94;189,85;1435,95
L002005;P002;U01;2025-09-10;204,07;195,03;1,21;1,43;3,68;120,77;360,23
L002006;P003;U02;2026-02-02;1139,97;1058,0;5,67;5,9;23,74;376,71;2919,61
L002007;P002;U03;2026-06-02;468,37;410,56;2,49;2,81;12,51;135,41;463,17
L002008;P006;U03;2026-05-19;953,0;961,63;5,2;5,06;28,16;432,01;1002,59
L002009;P002;U03;2024-10-27;1606,79;1425,9;8,48;8,07;53,68;492,34;1438,78
L002010;P001;U02;2025-04-08;674,9;596,03;5,53;5,55;16,63;266,85;456,57
L002011;P003;U01;2024-09-11;1676,46;1611,15;10,8;12,73;19,39;858,33;1395,87
L002012;P002;U03;2024-10-29;1844,04;1664,73;8,84;11,42;54,97;781,12;4117,9
L002013;P001;U02;2025-01-25;241,85;228,93;1,63;1,73;9,39;127,6;261,17
L002014;P007;U02;2025-10-17;221,78;194,55;1,62;1,67;3,98;118,29;155,18
L002015;P003;U01;2026-02-05;2071,75;1873,04;13,2;13,9;81,55;1131,47;4034,43
L002016;P006;U02;2026-05-10;578,85;500,16;2,95;2,97;7,09;125,1;541,3
L002017;P007;U03;2025-01-04;223,15;202,45;1,08;1,11;5,92;96,45;497,74
L002018;P003;U02;2024-08-21;1792,3;1575,23;9,12;11,22;38,66;940,1;4083,64
L002019;P001;U01;2025-10-20;1651,87;1429,69;9,9;11,12;33,79;708,97;3824,37
L002020;P003;U03;2025-09-25;1994,38;2052,26;14,72;14,73;87,07;742,42;2063,11
L002021;P006;U02;2026-02-19;211,78;204,12;1,35;1,46;6,17;49,56;215,45
L002022;P006;U03;2025-01-16;2178,18;2149,9;13,85;16,28;74,65;539,67;5871,41
L002023;P005;U02;2025-01-22;1808,26;1572,45;9,19;8,88;48,52;795,98;2850,75
L002024;P008;U02;2024-02-12;2071,07;1933,01;16,13;16,1;49,85;1086,79;1733,08
L002025;P008;U02;2026-05-27;629,43;584,65;4,12;3,88;24,1;318,16;1163,54
L002026;P003;U02;2024-02-21;712,73;728,75;5,65;6,39;23,14;343,05;1885,58
L002027;P001;U03;2025-12-07;1007,44;889,12;5,04;6,26;6,42;475,77;868,67
L002028;P004;U01;2025-11-29;474,83;439,91;3,82;4,94;3,79;212,31;772,2
L002029;P001;U02;2025-11-01;1438,54;1329,06;8,34;8,18;53,32;531,98;1264,44
L002030;P002;U01;2025-09-29;2129,84;2157,0;15,61;17,81;53,55;866,04;2128,43
L002031;P003;U02;2026-06-22;1906,97;1753,95;9,23;9,69;26,99;563,53;1827,98
L002032;P007;U02;2024-02-19;1445,0;1443,4;7,05;8,28;10,04;469,62;3979,96
L002033;P003;U02;2025-08-14;952,95;845,11;4,93;6,53;9,48;411,82;1267,65
L002034;P005;U03;2024-09-10;1616,37;1489,44;8,49;8,39;44,05;488,34;2553,31
L002035;P001;U02;2024-03-31;412,27;415,14;2,18;1,97;14,5;227,69;1025,91
L002036;P006;U01;2025-05-07;1528,97;1505,22;8,83;9,87;15,68;399,47;1078,08
L002037;P004;U02;2025-02-27;343,62;333,05;2,34;2,9;466,27;142,54;265,35
L002038;P005;U03;2026-01-14;1203,17;1123,4;9,85;11,85;1572,76;377,62;1190,57
L002039;P006;U01;2026-04-10;1147,61;1089,79;6,08;7,7;37,13;633,88;2719,13
L002040;P001;U02;2025-06-22;1796,14;1629,54;14,06;17,14;37,17;464,76;3050,07
L002041;P001;U01;2026-02-04;1975,25;1844,44;12,55;11,47;14,48;415,65;3324,26
L002042;P007;U01;2024-09-29;1218,21;1099,29;6,89;6,89;48,26;617,61;953,52
L002043;P006;U01;2024-03-23;364,85;346,21;2,18;2,43;3,13;177,35;780,31
L002044;P007;U01;2024-09-21;804,58;782,98;4,46;5,15;3,35;208,21;1983,75
L002045;P001;U01;2025-06-29;442,26;427,83;3,13;3,58;14,81;139,29;921,25
L002046;P006;U01;2024-12-15;290,94;258,41;1,93;2,01;9,59;160,13;221,2
L002047;P008;U03;2025-01-25;1714,27;1575,83;11,09;13,94;66,59;534,65;1207,15
L002048;P005;U02;2026-04-03;890,98;794,48;4,99;6,68;4,96;189,15;2065,96
L002049;P006;U03;2026-04-03;1889,72;1936,8;11,09;11,43;7,15;1046,46;1910,28
L002050;P004;U01;2024-09-07;1729,91;1694,03;8,4;10,62;35,43;746,82;2546,52
L002051;P001;U01;2025-04-16;1918,07;1667,66;11,15;14,37;64,6;762,89;4584,07
L002052;P004;U01;2026-03-04;571,0;537,03;2,86;3,79;24,14;211,61;740,03
L002053;P003;U01;2024-06-30;1645,96;1522,45;11,94;15,0;32,7;781,06;3925,29
L002054;P006;U03;2024-02-27;1848,28;1885,79;10,01;11,68;67,16;790,2;4474,17
L002055;P004;U02;2024-12-31;334,92;297,54;1,72;2,02;9,61;111,21;463,82
L002056;P004;U02;2025-09-15;2008,01;1995,4;10,25;10,86;38,75;1004,3;1659,56
L002057;P002;U03;2024-10-26;2161,2;2116,04;11,64;10,97;83,69;590,02;1691,42
L002058;P007;U02;2025-07-03;940,47;833,9;4,73;5,4;10,05;285,82;1485,37
L002059;P008;U02;2024-06-02;623,68;536,92;4,12;5,18;4,78;209,87;1077,5
L002060;P008;U03;2026-06-20;774,16;747,77;5,44;5,68;19,94;449,09;1286,8
L002061;P005;U02;2024-02-07;587,0;585,06;4,47;4,47;11,06;309,02;1511,78
L002062;P008;U03;2024-03-18;2020,97;2071,52;16,63;20,51;67,29;984,7;1533,11
L002063;P003;U01;2025-09-24;1518,04;1382,69;9,28;8,83;4,8;782,72;2002,36
L002064;P003;U02;2024-11-21;976,88;971,07;4,69;5,6;20,13;377,13;1660,63
L002065;P003;U02;2024-12-15;1274,3;1200,55;6,62;6,84;36,59;677,92;3239,18
L002066;P004;U03;2024-12-18;1218,87;1065,81;8,17;8,29;42,94;561,54;2727,32
L002067;P001;U03;2026-06-11;2099,38;1979,87;14,5;17,06;72,05;591,92;3371,12
L002068;P007;U02;2024-01-03;1024,52;921,68;6,17;7,91;4,17;362,53;2221,67
L002069;P008;U01;2024-04-21;1239,35;1231,77;7,49;8,29;44,54;506,66;1984,72
L002070;P003;U03;2025-02-20;1633,85;1509,23;8,47;10,69;50,48;735,09;3272,72
L002071;P004;U03;2024-05-31;1239,1;1101,43;7,06;8,82;30,9;528,94;2910,58
L002072;P002;U03;2026-03-07;254,37;226,0;1,34;1,54;1,52;104,48;327,68
L002073;P001;U01;2025-03-20;1667,57;1624,29;9,97;10,81;12,56;647,28;2509,68
L002074;P003;U01;2024-08-25;724,73;725,84;4,46;5,8;22,94;231,17;1155,56
L002075;P008;U03;2024-04-14;1371,54;1376,96;9,45;12,33;58,78;381,33;1325,89
L002076;P007;U03;2024-10-17;267,31;241,69;2,14;2,28;9,26;61,37;436,81
L002077;P001;U02;2024-09-29;1892,52;1919,42;11,19;14,28;51,53;1031,88;3369,4
L002078;P002;U02;2024-01-17;316,99;305,12;2,47;2,77;4,75;173,08;506,27
L002079;P005;U02;2024-11-03;605,59;520,96;2,9;3,8;11,03;233,38;915,97
L002080;P003;U03;2026-01-21;1054,75;1042,92;5,21;6,2;43,51;584,58;2876,4
L002081;P003;U03;2025-10-13;382,65;374,91;2,68;2,96;15,13;111,31;538,6
L002082;P002;U03;2025-12-14;627,16;591,47;4,53;4,16;22,39;178,82;946,93
L002083;P005;U03;2026-04-16;1374,1;1401,29;7,24;9,65;49,95;472,55;1788,25
L002084;P001;U03;2024-08-01;1838,13;1753,45;12,96;11,95;9,88;742,74;3258,39
L002085;P001;U01;2025-07-28;1250,61;1115,46;9,67;10,35;46,79;618,82;1018,63
L002086;P003;U01;2025-05-19;2184,24;2181,36;13,47;15,2;22,83;878,44;2531,99
L002087;P004;U03;2024-04-19;1164,49;1175,0;8,38;9,96;4,22;261,58;2826,23
L002088;P003;U03;2024-07-03;1881,89;1874,74;13,76;14,52;53,28;564,02;4853,25
L002089;P006;U02;2025-11-21;1731,82;1730,05;12,29;15,16;36,88;537,64;4326,59
L002090;P008;U03;2025-10-08;1314,41;1226,35;6,57;8,75;23,27;758,13;2841,07
L002091;P008;U03;2026-04-03;294,89;290,42;1,72;2,13;8,65;86,13;765,95
L002092;P005;U02;2025-09-13;416,46;372,2;2,47;2,43;4,1;165,69;913,7
L002093;P007;U01;2026-05-07;2164,46;1942,24;15,17;14,59;25,0;764,29;1917,7
L002094;P002;U02;2024-06-11;1401,05;1213,18;10,68;10,53;47,49;641,07;2880,21
L002095;P002;U03;2025-05-05;1730,33;1777,2;14,13;16,71;65,82;744,33;3635,68
L002096;P007;U01;2025-12-26;2172,8;1993,37;10,43;11,89;54,26;1074,12;5133,66
L002097;P004;U03;2024-07-22;648,32;618,78;5,37;6,75;16,69;226,57;1731,95
L002098;P005;U03;2025-11-27;425,02;390,14;2,1;1,89;4,65;170,83;495,0
L002099;P008;U02;2024-02-09;1465,64;1467,04;9,08;11,16;41,99;853,72;3785,98
L002100;P003;U02;2025-03-25;1670,94;1453,28;8,83;10,51;44,67;606,21;3996,44
L002101;P002;U03;2026-04-19;1925,11;1716,42;10,51;13,58;66,43;544,41;2511,09
L002102;P004;U02;2025-02-06;1215,3;1241,97;7,21;9,04;3,04;498,12;2001,27
L002103;P005;U01;2024-02-10;349,04;306,07;1,86;2,21;7,04;151,18;810,98
L002104;P002;U01;2026-03-07;2049,46;1939,79;16,91;19,95;8,68;994,04;5274,08
L002105;P002;U01;2025-01-23;894,74;821,32;5,41;5,09;4,27;496,72;1599,94
L002106;P002;U01;2024-08-18;1424,34;1358,74;7,02;7,55;20,81;805,28;2047,36
L002107;P007;U02;2026-04-11;782,9;759,11;4,08;5,41;8,87;204,71;1189,86
L002108;P002;U02;2026-03-01;1075,81;1009,43;6,09;7,3;29,91;407,61;1822,38
L002109;P002;U03;2026-02-04;1972,28;1861,24;14,86;16,53;38,3;679,0;4357,19
L002110;P001;U01;2024-06-25;314,45;293,6;2,24;2,75;1,06;67,53;819,57
L002111;P002;U03;2025-11-26;1497,25;1333,3;10,29;12,7;18,6;731,84;1380,35
L002112;P004;U02;2025-11-09;1119,54;1122,73;8,39;10,89;37,81;366,94;972,28
L002113;P004;U02;2024-01-12;2059,22;1962,84;16,23;18,1;84,43;922,25;4696,0
L002114;P006;U02;2025-05-11;2049,44;1988,68;11,1;11,94;26,31;1035,39;4441,54
L002115;P005;U01;2025-05-11;904,42;868,55;7,33;7,47;17,45;327,08;1997,15
L002116;P004;U03;2026-07-13;382,6;377,18;1,88;2,07;16,64;221,07;327,35
L002117;P005;U03;2026-04-16;293,95;258,33;2,31;2,39;2,81;110,55;262,78
L002118;P001;U01;2024-01-21;2160,51;2164,06;13,49;15,2;78,61;743,69;1817,16
L002119;P008;U01;2026-03-03;1725,11;1601,01;13,32;14,16;50,77;451,19;4060,22
L002120;P007;U03;2024-12-28;2124,24;2034,32;15,0;16,92;6,21;458,42;1455,13
L002121;P008;U01;2024-10-17;268,32;251,86;1,7;1,82;2,71;97,15;454,39
L002122;P002;U03;2026-06-25;913,25;878,56;5,76;7,3;27,11;280,4;782,8
L002123;P002;U03;2024-10-06;1286,0;1236,99;8,1;9,83;46,58;754,41;1948,41
L002124;P001;U01;2025-05-31;891,56;796,82;6,18;7,07;10,84;423,78;2028,63
L002125;P005;U02;2025-12-14;1251,13;1201,21;6,42;7,03;29,61;619,42;3013,06
L002126;P003;U03;2025-12-18;2006,07;1807,0;9,97;10,04;72,63;862,82;3288,55
L002127;P003;U03;2024-04-26;976,28;919,39;6,24;7,73;12,4;382,54;2177,08
L002128;P008;U03;2025-04-20;1501,3;1311,65;7,19;7,51;17,53;601,57;1689,14
L002129;P001;U03;2024-04-29;1425,57;1329,82;7,74;8,86;25,72;780,36;3713,0
L002130;P007;U02;2025-09-22;674,67;608,54;3,69;3,71;15,84;154,82;852,68
L002131;P005;U02;2025-07-12;2063,22;1959,65;10,81;10,47;69,97;711,33;3025,76
L002132;P001;U02;2025-05-29;967,54;858,21;6,19;8,02;7,93;385,76;2057,93
L002133;P008;U01;2025-03-31;1621,47;1556,46;8,28;8,61;52,59;668,94;1462,17
L002134;P007;U02;2025-11-27;1243,34;1087,36;8,7;9,47;6,8;288,04;2072,14
L002135;P001;U02;2024-09-28;922,49;900,12;6,46;7,42;29,97;455,3;1347,55
L002136;P008;U02;2026-06-04;1084,99;943,65;5,95;6,3;18,26;467,29;864,32
L002137;P004;U01;2026-03-10;1336,26;1192,15;6,51;6,69;28,04;715,63;2771,56
L002138;P003;U03;2024-11-28;499,4;512,4;3,35;4,4;14,25;245,71;693,73
L002139;P002;U02;2024-05-09;902,97;867,36;5,11;5,59;22,7;309,48;1934,07
L002140;P003;U01;2025-01-26;1823,53;1850,8;13,4;13,57;44,95;812,16;5025,78
L002141;P001;U01;2026-01-14;298,57;281,2;1,96;2,23;0,7;130,09;308,41
L002142;P007;U03;2024-01-27;1926,14;1738,97;11,26;10,79;40,99;852,58;4185,52
L002143;P006;U03;2025-09-21;1755,24;1665,29;9,0;11,14;56,14;1020,36;2217,34
L002144;P002;U02;2025-10-07;1967,88;1909,92;12,45;11,31;67,52;1069,23;1416,46
L002145;P003;U02;2024-03-20;1114,62;998,38;5,94;6,89;44,17;484,17;2415,72
L002146;P005;U02;2026-06-10;1462,42;1392,19;11,66;15,2;14,32;534,97;2798,3
L002147;P003;U02;2026-02-04;516,67;502,33;3,37;4,12;16,32;271,72;371,77
L002148;P004;U02;2025-09-18;882,49;822,19;5,15;5,67;26,93;278,68;1614,08
L002149;P004;U02;2025-07-22;774,64;772,23;5,05;6,25;7,61;356,71;900,77
L002150;P006;U02;2026-02-13;1506,89;1482,59;7,51;8,09;9,54;537,94;2860,29
L002151;P001;U01;2024-10-14;693,7;598,92;4,14;4,82;23,67;318,95;494,05
L002152;P001;U02;2025-04-10;301,8;300,85;1,89;1,99;7,88;180,11;714,91
L002153;P005;U03;2026-02-26;1776,08;1595,76;13,72;13,54;53,3;585,63;3204,63
L002154;P005;U01;2025-05-09;249,04;243,44;1,93;1,74;6,71;107,57;548,62
L002155;P002;U03;2024-11-10;1370,57;1329,56;10,05;11,48;15,74;806,2;2887,01
L002156;P008;U02;2024-05-17;1852,06;1748,87;14,97;16,41;41,14;922,87;2840,35
L002157;P005;U01;2026-03-10;2091,34;1919,95;13,06;14,82;29,24;772,02;3799,66
L002158;P008;U02;2024-07-02;640,47;636,43;4,81;4,45;27,39;311,5;1400,08
L002159;P002;U03;2026-07-10;785,14;722,27;4,82;6,33;22,3;304,52;1031,11
L002160;P005;U01;2025-05-03;2166,69;2159,17;16,97;19,0;86,06;1118,16;4975,15
L002161;P007;U02;2026-07-27;2035,32;1847,94;14,51;13,52;11,19;572,96;1715,56
L002162;P003;U03;2024-05-10;1529,07;1370,24;8,62;10,97;27,22;476,6;1728,54
L002163;P006;U03;2026-05-17;772,77;723,63;4,18;5,14;8,56;335,97;1070,16
L002164;P006;U02;2024-09-17;693,18;676,73;3,84;4,06;14,9;300,88;1448,2
L002165;P007;U03;2024-11-24;640,12;640,48;4,93;6,57;21,32;214,03;943,65
L002166;P004;U01;2024-10-30;411,98;393,5;3,15;3,81;10,87;172,38;517,23
L002167;P004;U01;2025-03-30;329,57;320,69;1,65;1,64;5,36;185,76;799,21
L002168;P001;U01;2024-08-07;824,59;826,29;5,45;6,99;29,67;222,99;726,07
L002169;P002;U03;2024-01-25;507,92;481,49;2,89;3,24;2,19;214,13;948,22
L002170;P007;U03;2024-06-10;422,21;366,78;2,3;2,86;15,58;110,46;989,11
L002171;P002;U01;2025-04-25;959,38;856,43;6,08;5,89;9,23;284,12;1399,19
L002172;P001;U03;2025-09-17;2160,46;2079,36;17,07;22,36;8,89;928,64;3424,57
L002173;P006;U01;2024-01-31;735,44;705,0;5,96;7,97;10,07;305,03;1129,09
L002174;P007;U01;2024-02-16;2151,68;2183,56;13,48;16,67;33,53;503,82;3124,51
L002175;P008;U02;2024-01-24;679,84;606,39;3,31;3,98;2,23;216,83;958,52
L002176;P005;U02;2026-01-25;263,06;234,16;1,47;1,48;2,62;67,82;384,12
L002177;P002;U03;2025-02-02;1929,5;1664,28;13,02;16,53;60,0;741,5;4071,97
L002178;P007;U03;2025-08-22;2045,0;1937,45;10,27;11,25;2712,43;696,16;4019,53
L002179;P006;U01;2025-01-05;1391,92;1208,54;11,16;11,16;32,46;599,21;1737,87
L002180;P008;U01;2025-05-07;441,4;393,04;2,42;3,14;4,2;201,33;1077,86
L002181;P002;U03;2024-09-27;1270,01;1221,01;9,41;11,29;13,24;594,57;1997,36
L002182;P004;U03;2026-05-08;677,71;599,63;5,45;6,33;7,27;222,2;498,53
L002183;P001;U01;2024-05-12;1584,49;1582,31;11,46;14,94;68,36;832,89;4087,49
L002184;P001;U02;2026-07-09;2027,48;2036,49;12,11;13,12;32,68;1153,55;4024,47
L002185;P007;U02;2026-02-24;2196,9;2057,84;12,23;13,68;36,26;741,31;1756,7
L002186;P005;U03;2025-07-15;1123,31;1151,36;7,23;6,73;23,89;267,09;1700,29
L002187;P006;U03;2024-11-19;1890,01;1903,55;10,91;10,83;80,93;564,09;3488,17
L002188;P003;U02;2026-01-30;1930,8;1823,62;11,54;12,01;14,08;590,53;4566,71
L002189;P006;U02;2025-05-03;2015,39;2069,62;10,92;13,25;32,32;475,06;5568,54
L002190;P007;U03;2024-11-04;950,39;851,22;7,24;8,04;24,45;341,1;658,93
L002191;P005;U02;2024-10-31;1691,96;1474,27;9,65;11,17;56,99;529,0;3894,23
L002192;P003;U03;2024-07-14;1299,29;1299,63;9,77;12,21;11,7;629,08;1152,48
L002193;P003;U01;2026-04-26;623,83;637,19;4,94;5,26;27,96;321,15;1245,43
L002194;P001;U03;2024-08-05;1334,87;1252,18;9,83;11,96;53,66;631,72;2501,83
L002195;P006;U02;2024-05-29;773,43;784,3;4,66;5,98;34,09;320,41;1109,72
L002196;P006;U02;2025-04-21;955,81;870,73;4,82;5,77;6,15;414,95;1065,8
L002197;P001;U03;2024-03-13;916,13;904,13;5,8;6,49;18,16;470,18;1110,65
L002198;P008;U03;2024-09-27;1350,77;1329,43;7,38;9,84;58,53;647,53;2749,66
L002199;P003;U02;2026-04-16;479,68;446,09;2,5;3,08;4,63;105,23;820,3
L002200;P005;U03;2026-07-23;843,46;769,04;5,26;7,03;27,33;464,49;2109,3
L002201;P003;U02;2026-07-25;970,57;862,64;4,87;4,56;27,42;353,99;2139,35
L002202;P006;U02;2026-04-25;1251,28;1216,7;6,38;8,52;33,9;451,24;3106,65
L002203;P007;U02;2025-08-11;200,11;182,67;1,26;1,2;1,48;109,68;326,0
L002204;P006;U02;2024-11-10;1440,19;1431,05;9,56;10,22;14,14;643,39;1063,6
L002205;P006;U01;2026-01-01;1140,81;990,83;7,98;7,85;13,67;422,97;1019,55
L002206;P005;U01;2025-11-08;1763,52;1650,53;8,98;11,17;41,63;792,92;3092,84
L002207;P004;U01;2026-06-03;1347,73;1212,89;8,02;7,9;28,6;509,31;2097,79
L002208;P003;U03;2024-08-17;1014,02;944,37;5,34;5,3;32,74;519,92;2638,77
L002209;P005;U02;2024-12-16;361,71;340,72;2,07;2,24;12,05;140,98;853,88
L002210;P005;U03;2024-01-13;1862,72;1612,45;9,19;10,95;57,06;542,18;2017,43
L002211;P002;U03;2024-09-19;1525,29;1354,84;8,32;9,45;55,1;567,66;1549,15
L002212;P008;U03;2025-03-12;304,21;305,33;1,46;1,56;9,66;101,77;743,13
L002213;P005;U01;2025-07-16;2057,67;2109,74;13,65;18,28;67,06;959,87;2067,64
L002214;P004;U01;2026-06-12;1556,44;1434,3;11,5;11,62;4,4;719,41;3348,05
L002215;P002;U03;2024-04-22;1373,36;1294,89;8,68;11,32;16,81;450,27;3414,62
L002216;P004;U01;2025-05-20;1471,29;1435,82;7,6;6,97;52,26;350,01;1194,77
L002217;P005;U02;2024-01-09;848,11;799,34;7,03;8,25;25,24;381,51;2032,2
L002218;P003;U03;2025-10-30;409,97;399,45;2,69;2,7;15,69;191,35;387,73
L002219;P004;U02;2025-09-11;1734,53;1679,89;8,66;8,61;59,16;793,39;3898,61
L002220;P003;U03;2024-10-06;1422,42;1254,03;8,27;8,51;50,18;505,03;1342,41
L002221;P006;U02;2024-07-14;851,73;833,62;6,44;7,24;6,49;209,42;2021,75
L002222;P001;U03;2025-03-31;686,24;658,58;3,95;4,36;23,63;356,13;465,09
L002223;P005;U01;2026-06-22;1352,67;1337,89;8,27;9,14;10,37;726,35;3201,84
L002224;P008;U01;2025-10-10;1605,64;1641,7;10,62;13,5;62,47;462,56;1661,71
L002225;P005;U01;2025-01-28;267,75;251,3;1,3;1,22;3,89;55,87;255,56
L002226;P004;U03;2025-02-17;343,48;302,84;2,5;2,91;5,35;157,91;497,0
L002227;P002;U01;2024-08-23;1301,74;1205,57;7,22;7,08;9,21;592,89;1926,33
L002228;P001;U02;2025-08-05;1406,6;1389,19;7,71;9,88;36,27;497,77;3083,64
L002229;P005;U01;2024-11-03;1134,4;977,3;6,56;6,47;29,67;355,71;2544,48
L002230;P004;U01;2025-12-27;254,31;231,23;1,47;1,48;7,73;137,32;216,18
L002231;P008;U01;2025-09-28;1386,24;1321,61;11,3;13,95;18,59;752,2;1028,37
L002232;P005;U02;2024-02-02;1323,81;1183,65;10,46;13,89;8,29;398,92;2351,22
L002233;P007;U02;2025-07-21;1685,95;1694,26;12,59;11,74;73,81;743,2;3702,67
L002234;P002;U03;2024-11-28;1837,09;1837,67;9,99;10,96;29,72;611,44;2290,66
L002235;P008;U01;2025-09-01;1669,06;1710,07;9,81;10,79;13,65;787,9;4157,57
L002236;P001;U01;2024-05-08;979,29;889,81;6,41;6,24;12,81;503,45;1456,12
L002237;P008;U01;2026-02-18;1908,26;1958,58;11,16;10,08;42,46;726,85;5168,36
L002238;P005;U01;2025-02-22;596,74;614,4;3,7;3,51;1,59;317,42;1007,05
L002239;P004;U03;2026-02-02;284,75;284,95;1,42;1,58;7,76;97,34;274,46
L002240;P002;U03;2024-01-27;2095,57;1947,87;15,33;19,35;24,95;620,03;4845,04
L002241;P006;U02;2024-10-02;1935,51;1927,46;9,43;10,87;62,35;946,75;5371,74
L002242;P003;U03;2024-07-12;823,51;758,53;4,85;5,89;22,46;250,45;2054,0
L002243;P007;U03;2025-03-20;1459,62;1451,04;8,4;10,94;35,85;335,46;3667,0
L002244;P008;U01;2025-03-19;1653,93;1520,41;9,34;11,04;30,65;841,83;2844,3
L002245;P003;U01;2025-10-20;1676,84;1524,14;10,84;13,41;64,13;690,65;2409,51
L002246;P004;U01;2025-02-21;1707,82;1571,23;8,91;10,21;5,01;902,95;3402,2
L002247;P003;U01;2025-12-25;1087,49;945,32;5,59;7,24;16,3;506,05;2346,26
L002248;P007;U03;2025-01-10;454,06;446,82;3,39;3,41;8,26;233,83;388,48
L002249;P002;U01;2024-07-14;1848,34;1808,4;15,32;17,8;18,15;800,55;1973,16
L002250;P006;U01;2024-07-21;723,85;735,43;4,27;3,88;24,56;201,37;686,79
L002251;P004;U03;2025-06-12;1232,39;1224,52;8,58;10,96;43,85;393,3;1489,08
L002252;P003;U01;2024-05-24;1164,1;1123,73;7,68;7,5;18,04;352,96;1890,13
L002253;P002;U03;2026-02-14;503,99;460,74;3,66;4,69;18,95;143,0;997,23
L002254;P005;U03;2025-05-12;1473,08;1270,7;7,98;8,11;52,02;503,96;964,39
L002255;P001;U01;2024-09-03;1197,2;1109,96;9,86;10,58;4,67;464,1;2438,79
L002256;P003;U02;2024-11-06;639,75;555,0;3,16;4,08;17,04;136,98;654,51
L002257;P008;U01;2025-04-26;1830,65;1831,69;8,98;9,39;45,04;844,11;3746,65
L002258;P006;U02;2025-01-06;1076,13;1031,77;5,21;5,45;26,34;262,31;1993,21
L002259;P006;U01;2024-05-26;535,96;462,34;3,4;4,37;6,48;165,17;405,2
L002260;P002;U01;2024-09-30;2182,2;2036,67;11,89;10,71;80,26;939,87;2597,83
L002261;P005;U03;2024-08-05;1620,74;1434,41;11,86;12,5;53,13;735,92;2617,58
L002262;P003;U03;2026-04-27;1719,86;1602,49;12,5;11,67;30,28;796,94;2237,56
L002263;P001;U01;2025-08-31;968,0;949,35;6,19;5,81;33,91;456,83;2345,78
L002264;P008;U03;2025-10-31;2059,43;2076,5;10,48;12,73;19,62;1120,37;4647,19
L002265;P001;U03;2025-04-16;1741,34;1675,56;12,19;15,99;6,46;514,3;2950,18
L002266;P005;U01;2026-02-03;1821,41;1737,85;12,08;12,06;10,09;978,49;4568,1
L002267;P002;U02;2024-07-27;1712,29;1605,38;13,54;13,5;39,38;994,95;2660,97
L002268;P008;U01;2025-07-20;1870,06;1782,91;11,47;13,92;54,16;461,01;3180,68
L002269;P004;U01;2025-08-16;1403,31;1422,12;8,59;10,19;53,23;683,5;1480,11
L002270;P008;U03;2024-01-11;710,22;636,52;4,64;4,55;7,34;168,29;547,48
L002271;P005;U02;2026-03-23;1877,23;1626,04;11,78;13,08;67,0;982,81;2215,4
L002272;P004;U02;2026-05-07;1262,59;1274,17;10,26;9,24;39,39;574,32;3313,94
L002273;P005;U03;2025-03-16;2190,54;2109,36;15,36;19,48;67,08;948,48;5660,38
L002274;P004;U03;2026-07-10;1214,14;1212,17;9,77;11,71;53,47;315,9;1656,38
L002275;P001;U03;2026-06-22;1789,59;1655,38;13,91;14,41;68,41;1008,37;2968,33
L002276;P001;U01;2024-02-22;371,79;322,58;3,03;3,41;2,59;103,84;750,24
L002277;P001;U03;2024-03-19;300,62;300,29;1,45;1,67;4,22;95,69;334,71
L002278;P001;U02;2025-03-06;1812,27;1696,53;9,63;12,39;27,62;411,83;1391,82
L002279;P008;U01;2024-10-19;2148,41;2186,6;14,18;14,53;48,35;1001,94;1723,71
L002280;P003;U01;2024-12-12;249,31;229,03;2,06;2,45;2,97;87,95;229,98
L002281;P002;U03;2024-04-26;833,19;801,31;4,72;6,37;11,18;426,57;656,04
L002282;P006;U01;2025-05-18;742,59;717,98;4,83;5,21;7,18;339,09;549,2
L002283;P006;U01;2025-07-18;980,42;936,87;5,36;6,6;22,5;429,3;1552,35
L002284;P003;U01;2025-04-14;1713,99;1752,6;8,82;10,02;27,95;574,78;1380,21
L002285;P001;U03;2024-03-09;429,7;408,62;3,31;3,32;9,05;184,16;347,33
L002286;P007;U02;2024-05-11;1243,46;1182,87;7,76;7,43;31,39;405,83;1491,55
L002287;P002;U03;2024-01-18;690,29;687,82;3,85;4,03;11,34;364,64;1562,31
L002288;P006;U03;2025-10-03;1044,22;1074,66;5,06;5,4;13,02;329,03;2387,45
L002289;P006;U02;2024-03-27;1228,13;1203,21;7,39;7,96;40,0;558,9;1604,1
L002290;P005;U02;2024-02-05;1918,93;1964,06;11,16;13,02;11,84;489,56;5172,98
L002291;P008;U01;2024-06-06;203,66;183,48;1,41;1,8;5,04;42,07;237,54
L002292;P002;U01;2026-01-07;1842,06;1745,19;12,74;13,31;69,34;990,63;3510,01
L002293;P007;U03;2025-02-15;1193,56;1187,42;8,34;7,83;37,7;683,22;918,38
L002294;P005;U01;2024-07-24;1055,11;968,44;5,71;7,04;6,13;351,15;2257,67
L002295;P003;U03;2025-11-01;787,57;688,03;6,01;6,8;23,31;281,0;490,28
L002296;P006;U02;2024-03-08;1530,04;1451,83;7,8;9,84;17,39;504,82;1681,83
L002297;P001;U03;2025-09-22;1238,2;1146,19;6,08;6,22;6,05;673,71;3008,07
L002298;P001;U02;2025-08-05;1325,15;1349,11;7,81;7,46;8,69;467,6;3360,69
L002299;P001;U03;2025-05-13;1421,79;1463,28;10,67;11,41;30,69;364,64;1432,15
L002300;P002;U01;2024-04-19;331,97;288,15;2,18;2,75;7,29;164,78;285,17
L002301;P004;U03;2026-05-04;2105,41;2085,54;10,55;13,17;52,58;535,32;1527,42
L002302;P006;U03;2026-04-01;1867,78;1786,19;9,88;11,85;36,42;545,82;2865,75
L002303;P002;U02;2025-09-01;2090,65;1816,25;15,14;20,1;24,18;920,7;3339,11
L002304;P004;U02;2025-10-29;400,31;361,31;2,67;3,39;2,0;133,28;288,95
L002305;P007;U03;2024-08-20;2176,14;2017,69;13,3;15,24;35,89;474,49;2544,38
L002306;P007;U02;2026-02-02;1107,2;1069,51;8,78;8,9;38,51;524,03;948,78
L002307;P005;U03;2026-04-09;630,98;580,48;5,01;4,8;15,24;235,75;1126,32
L002308;P008;U03;2024-10-02;266,38;245,67;1,97;2,41;3,13;141,41;566,82
L002309;P004;U03;2025-01-05;1144,97;1060,55;6,81;7,1;23,37;444,76;1789,72
L002310;P001;U03;2026-02-28;1383,48;1253,57;9,41;10,31;16,57;632,69;1899,38
L002311;P003;U02;2024-07-08;1084,51;1016,82;7,46;8,73;33,53;416,65;2184,47
L002312;P003;U01;2024-02-19;898,84;844,93;6,74;8,12;31,98;337,87;2083,09
L002313;P005;U01;2025-05-22;1209,86;1069,39;9,96;9,64;21,55;619,27;1112,38
L002314;P004;U02;2024-10-08;1517,74;1477,02;8,89;10,74;4,44;832,98;2253,87
L002315;P004;U01;2025-12-06;1727,33;1636,94;13,74;13,42;22,05;807,67;3098,58
L002316;P006;U02;2024-10-19;740,27;650,31;4,24;5,33;1,7;276,86;1799,76
L002317;P006;U02;2024-07-21;273,61;245,33;1,63;1,55;9,82;125,35;271,24
L002318;P001;U03;2024-09-26;388,4;369,45;2,28;2,73;5,68;159,74;658,04
L002319;P006;U02;2025-06-10;634,29;645,22;4,29;5,19;6,0;242,95;1725,37
L002320;P008;U01;2025-03-05;1869,05;1672,43;13,4;12,06;29,6;736,29;1568,76
L002321;P001;U02;2026-01-14;1239,28;1184,12;6,56;6,71;2,43;595,38;1100,33
L002322;P002;U02;2025-05-14;846,88;818,05;5,55;6,1;13,91;235,77;2066,31
L002323;P005;U01;2026-01-21;1433,02;1345,27;9,56;11,13;16,82;610,19;3326,36
L002324;P005;U02;2024-11-07;1413,42;1386,92;11,76;14,33;53,86;412,17;1188,19
L002325;P004;U01;2026-03-07;1772,18;1663,44;9,23;9,46;64,08;540,95;3534,94
L002326;P005;U01;2026-07-15;429,0;441,25;2,67;3,54;7,24;135,13;509,04
L002327;P001;U03;2026-05-05;950,81;915,19;7,31;8,06;24,13;372,12;2215,97
L002328;P008;U03;2025-12-28;348,85;327,53;1,79;1,94;11,05;159,04;339,92
L002329;P006;U01;2025-09-26;1177,86;1014,16;6,2;6,93;28,7;606,45;2732,17
L002330;P004;U03;2026-04-06;342,14;345,25;2,38;2,55;6,96;112,35;394,98
L002331;P005;U01;2024-08-04;2025,85;1768,44;14,55;17,72;39,23;740,95;2833,64
L002332;P004;U03;2026-04-05;1012,33;1001,61;5,67;7,47;34,57;542,97;2076,43
L002333;P004;U03;2024-10-16;1829,39;1658,72;10,64;13,83;64,62;481,06;1377,96
L002334;P003;U02;2024-02-11;642,04;661,01;4,03;4,56;17,52;332,12;806,05
L002335;P003;U03;2025-03-05;1412,82;1414,78;11,08;13,19;30,27;413,88;1067,67
L002336;P003;U03;2025-09-16;1164,44;1147,56;7,92;9,63;42,62;377,69;1093,3
L002337;P001;U01;2024-06-15;1805,8;1770,93;9,29;12,08;28,92;701,45;2978,55
L002338;P006;U01;2024-03-14;839,48;755,57;4,27;4,05;31,75;322,52;706,12
L002339;P007;U02;2026-05-14;875,4;849,2;4,75;4,48;23,5;211,64;1140,56
L002340;P004;U02;2025-10-11;1366,43;1247,92;11,01;12,68;29,77;597,38;2529,95
L002341;P003;U03;2026-04-27;331,86;285,95;2,07;2,29;8,57;93,07;236,79
L002342;P008;U02;2025-01-03;319,05;281,62;2,56;2,82;10,87;97,66;640,82
L002343;P008;U01;2024-09-16;1876,74;1929,93;9,86;11,07;57,74;885,34;2947,03
L002344;P007;U03;2025-10-04;230,41;224,71;1,59;1,8;3,36;66,88;455,45
L002345;P006;U01;2024-05-30;1609,55;1581,2;12,05;15,37;32,74;708,05;1449,44
L002346;P008;U01;2026-04-27;1682,97;1549,81;8,76;10,26;28,03;504,74;4129,18
L002347;P005;U03;2024-05-05;661,69;584,58;3,48;3,36;25,16;255,22;1254,54
L002348;P001;U03;2024-04-13;986,08;1006,57;6,83;7,4;14,31;449,67;1585,21
L002349;P006;U01;2026-02-19;838,26;815,28;4,4;4,61;22,77;289,26;719,47
L002350;P001;U01;2024-09-09;1797,22;1556,59;12,83;16,76;30,42;421,97;4215,49
L002351;P001;U02;2025-06-30;2038,52;1860,58;11,88;14,04;11,09;832,68;1550,19
L002352;P008;U02;2024-11-04;1811,24;1767,42;9,88;12,38;66,52;932,33;4870,98
L002353;P008;U01;2025-02-18;553,43;515,46;3,38;3,17;20,88;143,56;751,25
L002354;P003;U01;2025-10-28;708,66;655,95;5,69;7,04;14,63;229,03;540,24
L002355;P006;U03;2025-06-29;1744,79;1746,62;13,56;13,67;55,29;1038,56;3613,82
L002356;P003;U02;2025-04-18;279,0;245,27;1,9;1,91;6,13;115,89;409,69
L002357;P002;U02;2026-07-29;498,41;503,69;3,53;4,48;21,74;246,41;1399,18
L002358;P006;U03;2025-06-16;950,81;830,22;5,05;5,96;8,03;416,11;1460,05
L002359;P005;U03;2025-02-11;1963,96;1869,29;10,51;12,52;58,8;805,1;3851,53
L002360;P004;U01;2025-02-09;254,31;253,83;1,21;1,58;11,03;138,7;595,06
L002361;P005;U01;2024-04-11;736,38;747,93;4,63;4,45;21,38;239,46;2009,51
L002362;P001;U03;2024-05-13;818,88;837,1;6,38;7,19;35,9;483,27;1087,33
L002363;P008;U03;2026-01-11;1494,16;1418,92;11,31;14,87;7,64;761,97;3457,26
L002364;P003;U02;2024-05-29;1644,26;1526,54;11,92;13,73;4,33;670,37;1631,36
L002365;P007;U02;2025-01-06;1067,52;1003,16;5,22;6,49;8,96;357,68;717,89
L002366;P008;U01;2024-04-11;1036,76;897,24;8,43;10,18;33,15;211,55;2277,61
L002367;P006;U02;2026-05-15;2077,52;1847,47;12,42;16,32;40,46;789,98;4073,1
L002368;P007;U01;2025-08-04;532,04;523,19;3,43;3,84;17,38;287,93;1275,81
L002369;P003;U01;2024-11-01;545,33;524,49;3,22;3,57;11,4;168,69;1100,55
L002370;P002;U01;2024-06-09;1804,98;1671,94;12,71;12,38;73,99;470,6;4258,94
L002371;P003;U03;2024-03-13;2188,08;1935,23;10,76;14,23;77,44;498,34;4144,77
L002372;P001;U03;2026-04-06;1298,08;1288,77;6,9;6,91;28,97;451,61;2891,04
L002373;P007;U03;2025-01-12;1391,5;1430,39;7,09;6,51;39,88;486,04;3585,49
L002374;P005;U03;2026-01-06;1610,63;1605,61;10,88;10,93;32,42;362,12;1204,83
L002375;P006;U03;2026-02-20;1640,01;1454,55;9,63;10,1;59,82;687,06;3291,85
L002376;P008;U01;2025-10-06;479,07;428,88;2,56;3,14;19,3;143,5;1156,66
L002377;P001;U02;2024-10-13;311,84;317,23;2,14;2,8;4,05;101,06;330,2
L002378;P007;U01;2024-12-15;1953,9;1832,19;16,02;14,46;47,43;700,38;4826,6
L002379;P003;U03;2025-09-28;1327,84;1163,04;7,23;8,17;16,09;285,1;2441,2
L002380;P007;U03;2024-10-02;1250,7;1201,33;6,54;8,49;28,52;580,53;2877,12
L002381;P007;U03;2024-12-07;897,3;771,95;5,16;6,46;8,35;381,51;1653,13
L002382;P004;U02;2026-01-31;1178,23;1013,79;8,86;11,21;32,87;529,47;1094,3
L002383;P002;U02;2024-02-24;330,5;339,23;1,86;2,29;1,73;108,85;790,88
L002384;P006;U03;2026-05-04;1194,21;1077,42;7,22;9,11;14,67;359,88;817,15
L002385;P005;U03;2025-05-05;1771,89;1566,98;13,63;14,63;46,31;862,31;3182,95
L002386;P004;U03;2024-05-08;1923,29;1849,49;9,16;10,95;78,8;846,64;1706,37
L002387;P002;U03;2025-12-07;436,43;395,35;3,51;4,38;8,19;184,45;647,76
L002388;P005;U01;2024-08-14;2186,87;2023,74;17,6;17,92;87,24;725,61;5327,81
L002389;P005;U02;2026-04-21;1734,09;1544,94;12,77;14,75;2162,9159999999997;439,32;1683,09
L002390;P002;U03;2025-03-14;550,81;498,47;3,36;3,5;10,43;308,86;472,71
L002391;P007;U01;2025-03-02;1362,65;1184,09;7,36;9,44;50,22;696,03;3197,38
L002392;P005;U02;2024-01-23;1718,86;1620,14;8,87;8,8;50,55;778,42;4327,93
L002393;P005;U02;2024-04-03;989,35;942,04;4,78;5,48;8,37;326,02;1663,34
L002394;P002;U01;2025-06-11;663,88;629,85;3,27;3,27;10,2;328,04;888,82
L002395;P007;U02;2024-11-01;1602,43;1466,04;10,8;12,34;56,91;452,4;3532,22
L002396;P003;U02;2024-03-13;1748,96;1775,56;8,49;9,57;32,3;571,52;1496,16
L002397;P003;U01;2025-10-22;1009,47;880,35;5,61;5,85;12,41;517,56;1163,14
L002398;P003;U03;2025-03-17;668,04;664,31;3,26;4,01;16,05;245,8;1436,63
L002399;P006;U01;2025-02-10;1564,73;1445,01;12,91;12,14;64,62;820,73;2359,74
L002400;P008;U03;2026-07-16;419,35;416,59;2,39;3,03;6,88;171,69;299,57
L002401;P004;U02;2025-01-16;1936,95;1933,07;9,56;9,15;27,48;1073,56;4834,16
L002402;P002;U02;2024-09-27;1043,26;1014,45;6,88;8,67;21,89;497,86;1272,25
L002403;P008;U02;2025-04-21;1346,56;1279,44;9,52;11,9;55,63;399,06;1772,49
L002404;P008;U03;2024-06-25;2189,11;2155,62;14,39;18,78;40,62;482,29;2618,19
L002405;P007;U02;2025-07-01;1299,56;1311,27;6,4;6,37;24,38;338,41;1484,13
L002406;P002;U03;2024-07-30;295,34;278,71;2,2;2,28;9,1;89,56;308,64
L002407;P004;U03;2024-02-09;2117,39;2099,57;11,54;11,11;85,11;943,43;1947,27
L002408;P006;U03;2024-04-30;674,78;617,41;4,17;4,9;12,89;302,43;1681,24
L002409;P007;U02;2026-03-24;2181,29;2050,78;14,42;13,25;35,49;958,03;1475,06
L002410;P002;U03;2025-04-07;1614,61;1641,5;9,28;12,23;8,3;805,42;4192,17
L002411;P008;U03;2024-11-12;2121,28;2031,16;11,63;12,14;31,11;758,57;3435,54
L002412;P008;U02;2024-01-31;1978,21;1895,58;14,87;15,98;9,27;519,69;2846,74
L002413;P003;U01;2024-06-25;760,79;698,25;4,34;4,21;11,45;345,51;1498,98
L002414;P001;U01;2024-05-26;1035,66;973,61;7,39;6,67;26,48;398,88;832,9
L002415;P006;U01;2026-04-24;1943,37;1953,47;10,33;11,66;47,5;895,95;3442,05
L002416;P004;U01;2025-01-22;689,65;695,47;4,38;4,96;30,29;193,93;1899,75
L002417;P003;U01;2025-05-07;958,46;960,84;7,87;7,32;26,37;412,66;1593,8
L002418;P005;U03;2024-05-29;1290,39;1207,81;8,54;11,18;17,98;630,42;2715,16
L002419;P004;U01;2026-02-12;1720,22;1564,51;9,54;9,49;13,0;580,04;2027,45
L002420;P007;U02;2024-10-11;987,28;942,88;4,75;5,79;19,91;460,44;2143,9
L002421;P006;U01;2024-12-25;764,47;698,48;5,87;7,61;28,28;163,77;1415,39
L002422;P005;U01;2024-04-16;2026,8;2018,92;10,29;13,72;49,99;1178,57;3229,76
L002423;P007;U03;2024-03-28;1405,56;1281,8;9,09;9,5;20,05;573,93;2472,19
L002424;P007;U02;2025-12-23;839,22;754,0;4,91;5,28;2,07;450,82;909,96
L002425;P007;U01;2025-02-01;1420,23;1233,11;11,05;14,71;32,18;317,99;1812,97
L002426;P005;U01;2026-01-31;949,8;965,93;5,19;5,7;30,65;522,33;1823,2
L002427;P003;U03;2026-05-20;567,89;515,38;3,17;3,13;7,13;222,95;1038,47
L002428;P002;U02;2026-04-23;1421,27;1310,93;9,33;9,8;48,92;610,62;3184,61
L002429;P005;U03;2024-01-12;1367,73;1206,57;6,55;6,31;9,35;298,43;2154,56
L002430;P002;U01;2026-04-18;2037,85;1964,25;13,36;15,17;16,89;624,23;2459,84
L002431;P006;U03;2024-05-19;1376,26;1376,86;10,62;10,8;46,7;740,04;1613,19
L002432;P007;U02;2024-12-28;806,06;801,73;3,94;5,08;27,92;364,34;2149,57
L002433;P004;U02;2025-01-03;846,63;785,78;6,2;7,35;1100,0919999999999;384,94;1534,95
L002434;P002;U02;2026-04-17;1030,35;1030,06;5,89;7,76;17,13;315,02;1137,03
L002435;P004;U02;2025-08-02;1413,59;1402,83;7,57;8,1;33,97;857,83;1207,71
L002436;P004;U02;2026-05-02;1933,65;1983,63;13,8;13,29;12,01;1014,33;1716,8
L002437;P005;U02;2026-02-09;1146,02;1154,42;7,49;9,77;2,62;702,3;1822,49
L002438;P005;U02;2026-03-06;2090,03;2103,15;14,82;14,17;19,91;819,76;2932,5
L002439;P002;U01;2024-11-28;1363,06;1255,57;7,69;7,42;51,09;687,24;1508,27
L002440;P003;U03;2026-03-21;859,25;876,63;4,76;5,14;18,09;251,18;804,71
L002441;P006;U02;2025-06-24;2029,23;1972,14;11,23;14,41;36,39;653,78;3835,42
L002442;P003;U01;2025-05-25;1373,42;1233,9;8,92;9,08;45,96;408,26;3352,77
L002443;P002;U02;2025-08-22;275,28;249,51;1,36;1,33;1,39;100,23;581,44
L002444;P008;U03;2024-02-03;1874,57;1664,56;11,66;15,43;33,82;744,81;1453,74
L002445;P007;U01;2024-07-12;1953,69;1892,1;11,59;12,92;50,76;656,13;4474,23
L002446;P008;U01;2025-02-05;1536,2;1529,59;8,57;9,04;16,53;452,01;1602,54
L002447;P008;U02;2026-04-26;1388,03;1249,33;8,2;9,95;53,77;586,53;3239,81
L002448;P005;U02;2026-06-30;1711,26;1734,15;11,06;11,92;59,37;957,71;2491,59
L002449;P006;U02;2025-12-27;885,21;834,71;7,11;8,01;3,51;458,41;1385,18
L002450;P002;U03;2024-04-11;541,89;509,12;3,99;3,63;22,63;250,22;518,85
L002451;P006;U02;2025-04-19;2140,41;2055,66;14,43;13,67;6,15;835,88;4248,08
L002452;P005;U02;2025-12-26;1799,56;1809,59;8,59;8,37;36,48;1067,22;2846,61
L002453;P006;U03;2024-05-10;927,29;835,92;6,48;8,21;20,02;244,32;1594,75
L002454;P001;U01;2024-01-24;1849,43;1681,96;15,02;14,62;6,63;764,64;2445,34
L002455;P008;U01;2025-02-09;2002,9;1723,16;9,55;10,04;52,45;877,72;3643,57
L002456;P006;U01;2025-07-02;1384,07;1291,25;7,12;8,06;15,41;564,83;1931,68
L002457;P008;U02;2024-01-01;1765,38;1541,15;12,21;11,51;25,37;446,21;2989,58
L002458;P003;U03;2024-07-22;1953,21;1891,77;11,04;13,19;25,36;904,78;2060,89
L002459;P007;U01;2025-05-03;836,05;733,74;4,64;5,24;18,4;320,76;655,83
L002460;P004;U02;2025-06-04;328,67;304,89;1,87;1,89;1,89;120,59;766,35
L002461;P007;U03;2025-11-13;604,49;524,57;3,11;3,68;7,8;146,19;1294,02
L002462;P006;U03;2024-05-12;725,84;722,31;5,66;6,79;5,64;204,6;1484,53
L002463;P006;U01;2024-08-20;1267,02;1162,65;7,57;6,97;12,14;505,43;3137,11
L002464;P004;U01;2025-03-30;406,23;400,5;2,84;3,35;5,46;90,19;950,29
L002465;P006;U02;2025-10-14;1987,27;1990,76;14,95;14,09;11,62;871,49;4798,59
L002466;P003;U01;2025-01-17;533,36;504,59;3,02;3,25;20,02;119,6;393,39
L002467;P006;U01;2026-02-25;515,24;449,64;2,63;2,43;11,86;118,57;1181,42
L002468;P006;U01;2025-08-11;2173,83;1961,12;16,5;18,51;46,27;1160,36;2839,78
L002469;P004;U02;2024-10-29;1016,44;971,36;7,61;8,34;34,07;230,87;1634,38
L002470;P008;U03;2025-05-21;664,09;601,82;4,17;4,34;13,35;318,82;1287,86
L002471;P005;U01;2025-12-14;2176,37;2059,59;13,55;17,72;21,15;900,0;3696,69
L002472;P003;U01;2025-07-01;1046,47;976,65;5,53;5,74;4,24;265,2;2062,73
L002473;P005;U01;2024-09-11;1899,05;1902,23;9,47;12,15;12,34;710,77;1563,67
L002474;P003;U01;2025-11-04;1113,4;965,07;5,69;6,64;33,26;329,37;2013,19
L002475;P003;U02;2024-10-26;1780,01;1830,88;10,37;9,36;21,59;1085,88;3650,5
L002476;P004;U02;2025-10-06;1668,16;1597,84;8,98;9,73;7,35;753,77;3130,41
L002477;P005;U02;2025-07-15;837,51;812,76;6,1;5,94;33,98;185,36;795,8
L002478;P006;U03;2025-10-22;1100,6;961,41;7,59;9,22;31,5;474,86;1537,66
L002479;P005;U02;2026-06-09;1658,93;1614,58;7,97;9,16;28,11;759,44;3624,45
L002480;P003;U02;2024-09-16;1353,8;1299,12;10,19;12,35;48,48;764,5;3274,05
L002481;P008;U01;2026-03-15;2000,19;1902,04;11,73;10,66;76,7;1095,1;1941,63
L002482;P003;U01;2024-12-02;248,73;214,09;1,2;1,55;2,5;76,66;160,11
L002483;P008;U03;2024-12-10;534,4;506,79;2,59;2,4;14,25;241,53;1129,24
L002484;P005;U01;2024-12-28;541,14;516,91;3,91;4,14;1,33;195,41;721,17
L002485;P005;U01;2026-05-20;1091,12;1118,54;7,26;7,43;42,24;343,26;2987,1
L002486;P002;U03;2025-11-17;512,36;481,34;3,32;3,03;6,79;209,93;1138,42
L002487;P008;U02;2026-02-03;1187,2;1160,26;8,46;7,86;19,75;331,72;2602,81
L002488;P003;U02;2024-05-17;2021,76;1844,16;11,88;14,65;74,06;1017,01;3096,73
L002489;P007;U01;2024-11-09;1337,59;1229,17;7,35;9,27;14,44;406,92;1130,15
L002490;P005;U02;2025-08-11;1653,79;1452,02;9,38;12,4;23,33;594,99;1708,81
L002491;P007;U01;2024-09-15;1536,4;1504,11;7,85;9,7;43,27;772,74;1915,59
L002492;P002;U01;2025-03-08;1922,03;1954,57;15,45;20,15;43,53;871,34;2891,75
L002493;P008;U01;2025-07-26;1683,45;1603,01;8,35;9,83;40,3;477,7;4121,56
L002494;P004;U02;2026-06-17;1875,97;1692,21;10,12;12,11;8,57;582,59;3022,21
L002495;P007;U02;2025-10-14;556,43;518,5;2,65;3,1;11,15;163,77;709,19
L002496;P008;U01;2026-06-03;1169,27;1121,36;7,49;7,82;25,94;560,6;1805,44
L002497;P004;U03;2025-12-30;739,11;669,49;3,68;4,28;937,286;319,51;1404,02
L002498;P003;U03;2025-05-08;864,17;769,09;6,18;6,4;33,47;175,32;1691,19
L002499;P005;U03;2025-07-16;505,97;455,26;2,52;2,89;5,74;111,36;1042,75
L002500;P001;U02;2024-10-10;1747,48;1576,56;11,89;14,49;26,02;905,45;4137,25
L002501;P007;U03;2025-11-05;726,99;733,47;4,51;4,49;22,47;380,89;1430,82
L002502;P005;U01;2026-01-07;1622,5;1604,41;8,33;9,38;69,51;715,64;1300,76
L002503;P006;U03;2026-03-19;2110,24;1912,08;10,19;11,27;75,05;791,04;4892,65
L002504;P005;U01;2026-06-28;883,11;887,68;4,37;4,93;12,06;225,92;1393,09
L002505;P006;U02;2026-06-11;1140,38;1112,17;6,86;8,63;10,65;347,43;2661,04
L002506;P007;U01;2024-02-13;884,64;860,85;4,93;5,95;12,96;459,94;958,54
L002507;P005;U03;2025-03-22;321,55;285,37;1,63;1,98;3,66;63,08;682,93
L002508;P005;U02;2025-10-04;262,45;260,47;1,3;1,6;10,57;97,68;299,08
L002509;P003;U01;2026-03-18;2187,61;2127,35;12,93;12,41;36,53;1146,76;5785,68
L002510;P005;U03;2024-02-23;1155,19;1147,46;9,33;9,04;20,75;345,3;2814,57
L002511;P006;U01;2025-11-25;1045,89;1022,89;7,04;6,53;38,62;428,77;1236,94
L002512;P004;U01;2026-05-06;611,47;621,22;3,99;5,35;21,06;287,02;657,99
L002513;P005;U03;2024-12-09;2162,53;2122,39;16,69;22,51;16,23;645,18;2772,94
L002514;P002;U03;2024-08-10;869,24;854,96;4,28;5,37;23,79;432,24;1219,48
L002515;P001;U03;2024-02-02;1094,45;989,26;6,55;6,16;7,19;227,08;764,58
L002516;P006;U02;2026-03-07;1495,28;1421,01;12,01;11,61;30,65;642,05;1206,37
L002517;P001;U02;2025-09-30;953,1;948,48;5,84;5,87;26,54;404,28;2158,49
L002518;P001;U03;2024-04-24;848,95;849,49;4,29;4,57;25,38;281,72;2051,23
L002519;P002;U03;2024-12-17;1004,76;864,67;4,96;5,88;27,86;216,24;1959,99
L002520;P001;U01;2025-11-09;901,7;923,73;4,55;4,25;17,34;494,33;2219,78
L002521;P004;U02;2025-05-17;1474,2;1286,36;8,46;9,88;57,79;508,84;1461,94
L002522;P004;U01;2024-09-12;659,31;578,03;3,37;3,77;3,82;169,09;1126,43
L002523;P004;U01;2026-07-09;1985,83;1713,21;12,71;16,57;71,4;981,13;4038,0
L002524;P003;U01;2025-08-05;1273,94;1222,94;7,13;9,27;32,56;501,53;2871,48
L002525;P006;U03;2025-08-09;814,56;771,57;4,02;3,68;33,42;305,38;1331,98
L002526;P006;U01;2024-12-07;958,44;845,69;5,4;5,08;37,37;505,56;1350,81
L002527;P007;U01;2024-01-22;1378,12;1239,88;6,83;8,65;24,44;422,91;3434,33
L002528;P003;U03;2025-10-26;1556,69;1597,88;8,96;8,28;12,38;592,13;2324,26
L002529;P008;U03;2024-12-11;295,79;257,59;1,42;1,62;1,06;65,92;674,47
L002530;P008;U01;2025-02-25;784,08;753,43;4,9;6,38;12,01;264,63;722,39
L002531;P006;U02;2024-06-13;344,02;328,43;1,89;2,02;4,42;119,0;512,09
L002532;P003;U01;2024-03-30;900,45;910,59;6,35;6,02;14,34;445,11;960,58
L002533;P004;U02;2024-08-19;930,57;869,96;7,06;8,68;22,61;414,58;953,94
L002534;P004;U03;2026-04-05;725,14;726,12;4,93;4,48;12,87;387,63;1669,92
L002535;P003;U01;2026-05-21;1602,21;1510,21;9,52;9,7;32,19;361,52;3163,67
L002536;P005;U01;2026-07-25;335,48;311,04;2,42;2,33;6,24;120,09;807,03
L002537;P007;U01;2026-04-21;1178,75;1128,78;8,33;10,11;34,58;463,56;2287,29
L002538;P003;U03;2024-10-29;1377,19;1282,6;10,61;11,11;27,51;442,25;3545,16
L002539;P007;U01;2026-07-17;1735,39;1666,89;12,56;15,59;20,95;495,42;4479,72
L002540;P001;U01;2025-10-21;1942,66;1761,61;13,6;14,2;53,49;475,33;2780,36
L002541;P002;U01;2025-08-13;1920,1;1924,24;10,56;10,86;18,93;963,21;4601,28
L002542;P005;U01;2024-05-13;216,52;222,55;1,44;1,67;4,3;105,75;203,7
L002543;P007;U02;2024-01-08;1142,19;1012,5;5,73;7,35;28,35;233,41;2111,28
L002544;P006;U02;2024-05-09;531,7;489,44;4,15;4,87;9,33;225,19;1313,96
L002545;P007;U03;2025-04-26;1248,75;1245,42;7,35;8,75;53,59;508,51;2482,81
L002546;P006;U01;2026-07-17;2082,71;2052,04;11,7;13,88;21,91;859,08;2223,04
L002547;P008;U01;2024-12-17;600,75;555,2;3,65;4,15;4,99;280,78;991,68
L002548;P005;U01;2024-03-10;776,29;721,07;5,44;6,45;9,5;205,46;735,48
L002549;P002;U03;2025-06-05;1931,61;1686,8;14,21;13,17;25,28;866,88;3305,51
L002550;P003;U03;2025-02-06;313,41;314,34;1,72;2,06;7,49;86,31;411,65
L002551;P001;U01;2025-07-21;972,91;861,99;6,49;8,16;33,92;271,46;1903,0
L002552;P001;U02;2025-08-06;1601,4;1491,08;11,26;13,56;33,23;495,77;3569,31
L002553;P002;U01;2024-01-04;1746,45;1675,67;9,33;10,1;75,21;396,46;4488,26
L002554;P008;U02;2024-10-05;1870,23;1615,98;15,38;19,65;70,48;865,85;3012,52
L002555;P008;U02;2024-06-15;2124,49;1872,33;10,36;12,46;16,88;687,22;4971,5
L002556;P006;U02;2026-07-16;717,97;703,24;3,65;4,53;21,6;283,17;1412,29
L002557;P001;U02;2025-08-28;1323,57;1300,47;8,3;10,3;24,97;651,39;2916,46
L002558;P001;U01;2024-12-02;1585,66;1416,36;10,7;14,25;53,79;527,61;3034,96
L002559;P006;U03;2025-08-13;573,93;509,97;4,02;4,02;15,7;225,78;616,4
L002560;P003;U03;2026-07-08;1096,2;1066,55;8,0;8,3;17,65;405,91;2934,47
L002561;P008;U03;2025-02-06;1120,68;1031,54;7,0;7,7;4,3;467,34;972,79
L002562;P004;U03;2024-11-23;1705,96;1667,4;9,5;11,15;26,4;639,88;4008,63
L002563;P008;U01;2026-02-19;2181,5;2078,81;13,51;16,47;23,61;892,05;5725,03
L002564;P002;U02;2026-03-13;527,13;518,54;3,23;3,86;22,09;174,27;946,04
L002565;P001;U01;2024-08-02;513,03;517,77;3,79;4,46;22,0;202,69;756,85
L002566;P008;U02;2025-11-30;1145,79;1123,39;9,19;10,46;42,75;286,96;2359,97
L002567;P008;U01;2024-06-27;1277,04;1184,49;7,54;8,03;51,92;437,28;3035,45
L002568;P008;U01;2025-06-19;1475,09;1469,91;9,89;10,66;22,17;806,35;1331,69
L002569;P008;U03;2024-04-11;1951,94;1792,4;10,78;12,89;58,73;539,18;1627,01
L002570;P006;U03;2025-09-09;631,55;543,4;3,13;3,2;4,28;329,73;810,28
L002571;P004;U01;2025-12-08;224,14;209,03;1,82;2,29;6,91;126,2;368,37
L002572;P003;U01;2025-01-02;1464,03;1267,58;12,06;14,79;45,01;611,67;2383,04
L002573;P001;U01;2025-10-12;1121,11;977,73;5,75;5,95;42,47;504,36;2451,43
L002574;P001;U03;2025-07-11;378,52;385,98;2,08;1,9;10,12;144,58;641,11
L002575;P004;U02;2025-08-14;848,64;738,09;4,38;4,51;7,84;292,95;802,97
L002576;P003;U02;2024-11-07;376,05;348,12;2,47;3,1;5,75;186,79;630,32
L002577;P006;U03;2026-06-02;1647,57;1608,6;8,8;9,22;66,69;585,21;2076,4
L002578;P007;U01;2025-09-14;1757,96;1666,22;10,95;13,9;42,32;616,39;3062,4
L002579;P003;U02;2026-02-22;444,12;455,71;2,16;2,45;3,2;198,05;809,11
L002580;P007;U03;2025-03-08;511,04;474,12;3,36;4,07;5,32;176,58;653,89
L002581;P007;U03;2026-07-05;1958,23;1776,93;9,67;12,38;34,87;1030,78;3854,1
L002582;P006;U02;2025-03-25;762,46;737,65;3,78;3,92;32,76;395,79;1910,96
L002583;P005;U02;2026-02-28;777,65;679,95;6,14;6,81;1,97;266,85;1806,53
L002584;P001;U01;2024-09-25;414,5;419,37;2,41;2,17;6,7;159,49;1054,76
L002585;P006;U03;2026-04-15;1919,41;1709,39;13,75;15,29;51,34;771,38;1289,58
L002586;P005;U01;2025-03-11;1371,65;1387,38;6,83;8,15;36,92;823,04;2597,87
L002587;P001;U01;2024-11-01;697,8;687,74;4,71;5,74;6,84;240,52;813,84
L002588;P002;U02;2024-03-19;1249,02;1211,06;6,89;7,12;29,94;525,79;2952,18
L002589;P004;U02;2026-01-20;1197,74;1220,01;8,2;8,7;16,43;327,35;2492,25
L002590;P002;U01;2025-03-31;1499,87;1362,5;7,78;10,43;45,63;699,89;2107,26
L002591;P001;U02;2026-03-29;1276,04;1224,39;7,94;10,41;19,53;562,34;2133,3
L002592;P003;U03;2025-01-04;1623,17;1427,0;9,21;8,95;62,38;503,16;2516,95
L002593;P003;U01;2026-03-19;206,41;208,34;1,5;1,88;8,09;94,41;155,07
L002594;P006;U02;2024-10-04;747,06;760,42;4,35;3,99;10,15;201,49;1478,84
L002595;P001;U01;2026-01-17;306,36;290,16;2,52;2,38;2,06;171,7;698,23
L002596;P008;U03;2024-06-15;1368,12;1305,63;8,89;10,91;57,12;374,43;1118,59
L002597;P001;U03;2025-12-18;1258,6;1224,99;8,38;10,93;16,32;285,49;3319,01
L002598;P001;U03;2025-06-27;1273,29;1259,96;8,5;10,84;5,34;634,81;2877,27
L002599;P008;U03;2026-07-30;1644,68;1588,2;10,11;9,9;18,34;458,69;3962,81
L002600;P005;U03;2026-06-05;682,75;607,24;4,93;5,88;13,48;335,58;1249,84
L002601;P004;U02;2024-08-09;1660,16;1514,09;10,5;13,82;33,99;413,46;1146,53
L002602;P001;U03;2025-02-28;540,12;487,28;3,0;3,26;5,82;139,52;772,28
L002603;P008;U01;2026-07-13;1396,62;1259,97;8,73;10,09;41,0;750,6;1505,42
L002604;P001;U02;2024-11-30;1140,52;997,09;9,16;10,98;17,51;321,03;998,43
L002605;P001;U02;2025-07-17;1373,35;1386,58;7,19;9,03;39,95;462,13;1564,97
L002606;P005;U03;2025-07-23;1636,25;1678,4;8,75;9,97;44,62;415,69;2796,24
L002607;P002;U02;2024-03-06;1199,99;1204,32;9,21;10,35;34,8;600,77;1472,09
L002608;P002;U01;2024-10-02;241,14;236,04;1,17;1,11;4,53;113,63;193,64
L002609;P006;U02;2025-12-26;2077,83;2002,0;12,54;12,5;6,82;665,83;3697,08
L002610;P006;U03;2024-03-17;378,36;384,55;2,44;2,88;8,55;92,13;368,8
L002611;P001;U01;2025-05-03;835,66;801,03;5,7;6,97;10,69;238,33;1890,61
L002612;P003;U01;2024-05-22;1679,02;1669,09;9,29;8,79;62,66;943,38;4166,48
L002613;P006;U02;2024-02-06;451,39;409,07;3,47;4,36;9,33;151,43;539,95
L002614;P001;U01;2024-10-13;496,7;507,12;2,38;2,69;16,31;158,09;818,51
L002615;P008;U01;2024-04-05;1227,95;1129,84;9,33;11,69;35,93;590,9;891,17
L002616;P008;U03;2024-05-01;1219,56;1215,44;9,95;13,25;50,96;675,58;1909,07
L002617;P007;U03;2025-08-02;2186,59;2145,67;17,74;17,7;77,52;1218,82;5369,26
L002618;P008;U01;2024-03-10;1481,41;1393,51;10,37;11,47;35,83;420,88;1909,78
L002619;P001;U01;2024-06-14;1842,83;1714,41;14,12;15,95;18,42;409,45;3682,68
L002620;P004;U03;2026-05-13;1722,0;1712,11;8,8;10,42;71,75;620,93;3733,51
L002621;P002;U02;2025-02-07;1677,64;1593,92;8,09;7,56;3,71;597,56;2540,12
L002622;P003;U02;2025-07-06;1414,63;1412,51;9,48;10,69;61,55;759,03;3130,48
L002623;P006;U01;2025-10-27;1635,95;1477,33;9,43;10,54;61,43;838,8;1512,65
L002624;P006;U01;2024-06-07;1233,29;1089,26;8,56;9,04;18,35;412,21;2072,89
L002625;P003;U03;2026-01-15;1095,01;1080,25;6,3;8,5;43,68;466,04;2688,53
L002626;P008;U02;2025-12-28;914,83;871,32;5,01;5,01;4,31;452,26;1045,85
L002627;P005;U02;2025-04-27;2188,5;2154,62;12,25;15,57;68,84;1159,1;4539,53
L002628;P007;U03;2025-11-16;1242,48;1117,6;6,24;7,36;12,48;401,77;2201,96
L002629;P002;U01;2025-07-23;1781,82;1647,29;10,47;10,03;8,28;774,67;1765,97
L002630;P003;U01;2024-08-10;596,91;551,96;2,89;3,36;6,73;250,5;1228,83
L002631;P007;U03;2025-03-18;1253,52;1288,86;6,07;7,06;24,83;530,64;2173,36
L002632;P003;U03;2026-02-16;2156,73;2115,68;10,62;13,42;42,36;834,28;3584,03
L002633;P002;U01;2026-04-27;1613,33;1433,17;8,0;9,15;37,7;584,42;1627,02
L002634;P004;U01;2024-07-10;1769,1;1602,54;9,36;8,55;10,38;425,38;1483,78
L002635;P003;U01;2025-09-11;1334,82;1285,73;9,02;10,95;57,78;790,51;1214,22
L002636;P008;U01;2024-05-20;399,69;387,23;2,49;3,05;2,54;88,92;784,44
L002637;P003;U03;2025-09-06;2126,04;2066,94;12,57;13,63;18,36;1275,2;2561,72
L002638;P001;U01;2025-04-11;754,37;659,03;4,82;4,95;6,79;385,63;1367,59
L002639;P002;U02;2024-10-14;908,59;935,14;6,34;6,28;31,07;561,95;770,15
L002640;P001;U02;2024-08-19;2153,81;1911,15;12,72;14,71;21,01;469,27;2598,48
L002641;P008;U02;2025-02-03;1897,9;1792,54;15,29;15,52;32,21;962,25;4089,7
L002642;P004;U01;2025-03-23;1254,94;1115,88;10,16;9,85;36,01;380,7;1712,69
L002643;P003;U02;2024-06-07;480,65;493,05;3,95;4,61;1,69;147,43;817,29
L002644;P003;U02;2025-03-10;1266,61;1103,88;6,38;6,68;13,06;574,76;3057,16
L002645;P005;U01;2025-03-23;2035,04;1755,36;11,33;11,22;47,14;672,72;4072,58
L002646;P007;U03;2024-01-27;491,52;478,45;2,38;2,47;4,93;293,99;1147,95
L002647;P008;U01;2026-04-18;1644,83;1599,83;9,8;11,96;28,5;363,25;1804,85
L002648;P005;U02;2025-05-25;533,23;466,88;3,83;4,52;19,67;284,03;1090,62
L002649;P002;U01;2026-06-23;998,13;863,78;6,38;5,88;34,87;268,14;942,25
L002650;P005;U01;2026-02-01;1160,06;1010,66;5,81;5,4;3,31;398,8;2785,37
L002651;P002;U02;2026-04-05;703,56;626,59;3,48;3,15;3,05;349,44;1737,81
L002652;P006;U02;2025-05-01;1033,97;1060,34;5,18;6,5;44,12;244,74;1765,93
L002653;P005;U01;2026-07-14;1706,39;1633,74;10,94;14,26;3,47;600,49;3877,58
L002654;P003;U01;2025-06-25;882,13;893,65;5,3;5,14;35,71;230,15;2187,48
L002655;P005;U02;2026-03-10;2143,56;1898,52;11,73;15,74;34,12;1054,67;2232,28
L002656;P001;U01;2025-02-20;1897,65;1672,31;13,98;17,97;47,31;769,12;3066,03
L002657;P001;U02;2026-01-13;408,94;378,53;2,13;2,15;16,86;219,48;972,8
L002658;P006;U02;2024-06-18;1396,68;1332,83;8,3;9,7;8,1;629,69;1925,75
L002659;P004;U03;2025-05-26;798,22;778,62;4,49;4,51;27,83;249,15;1554,49
L002660;P003;U02;2024-11-09;274,1;252,88;1,56;1,47;6,14;117,92;405,54
L002661;P001;U02;2024-12-05;501,87;463,47;2,8;3,53;10,6;137,9;685,18
L002662;P005;U03;2024-02-11;2121,47;1836,44;11,68;11,25;10,19;959,49;4644,08
L002663;P001;U01;2025-01-13;1237,81;1238,13;7,23;7,63;48,21;756,08;2225,0
L002664;P008;U01;2026-07-17;702,41;684,77;5,56;5,27;3,06;383,74;1243,14
L002665;P006;U01;2025-12-03;263,61;233,17;1,74;2,21;3,61;109,86;187,55
L002666;P001;U02;2024-04-19;280,45;251,24;2,06;2,14;4,72;150,24;430,73
L002667;P004;U02;2024-01-02;778,07;713,2;4,97;6,27;18,15;230,17;1090,88
L002668;P003;U02;2025-04-15;722,88;663,71;3,5;4,12;16,79;193,86;995,07
L002669;P003;U03;2024-01-14;1514,85;1415,82;7,47;9,22;62,59;697,61;2628,44
L002670;P004;U03;2024-12-22;1556,81;1402,74;8,26;8,74;25,56;765,25;1501,76
L002671;P002;U02;2026-01-15;1136,86;1085,35;7,28;7,39;12,19;440,81;1724,25
L002672;P002;U02;2024-09-02;1746,83;1561,0;8,61;9,45;53,39;569,45;3746,93
L002673;P006;U03;2025-08-19;2132,69;2013,19;14,71;15,14;32,57;490,27;1775,64
L002674;P004;U03;2024-08-22;1741,55;1745,01;11,34;14,26;10,45;441,31;4751,13
L002675;P003;U01;2026-05-05;1286,36;1178,67;6,95;8,9;42,94;515,68;2594,03
L002676;P006;U01;2024-03-11;359,63;353,59;1,84;2,34;4,67;209,32;340,44
L002677;P003;U03;2025-05-16;241,26;241,89;1,72;1,8;8,05;113,06;643,93
L002678;P006;U03;2025-06-25;1276,99;1102,97;6,89;9,1;38,47;302,5;2357,39
L002679;P007;U02;2025-07-21;607,85;606,71;3,96;5,05;18,46;222,1;1510,56
L002680;P004;U03;2024-10-12;1575,82;1357,8;12,57;14,36;29,79;347,9;1362,24
L002681;P001;U03;2024-07-29;644,76;617,68;3,57;3,59;26,97;339,93;1071,73
L002682;P001;U03;2026-06-28;1333,96;1165,35;8,32;9,39;5,62;335,49;1562,6
L002683;P003;U03;2026-07-22;1940,27;1670,77;12,91;11,82;14,4;1033,14;4059,83
L002684;P008;U01;2025-02-21;864,96;822,19;4,61;5,72;36,9;209,04;2023,61
L002685;P004;U03;2026-01-11;2101,57;1913,31;12,37;15,57;32,36;485,59;2038,88
L002686;P002;U02;2025-02-17;1707,41;1668,69;12,34;12,62;43,8;645,34;1721,57
L002687;P006;U03;2025-03-19;1554,49;1428,26;8,46;8,75;25,82;588,35;2775,59
L002688;P005;U02;2025-05-16;1900,92;1717,08;14,95;19,67;74,82;648,63;4201,11
L002689;P001;U01;2024-06-02;1827,31;1606,54;10,35;13,7;8,47;458,91;3918,58
L002690;P003;U01;2025-07-09;1760,85;1666,25;9,62;11,56;68,9;829,7;1522,34
L002691;P001;U03;2025-07-09;2153,79;1933,25;13,03;16,27;62,47;508,07;3018,51
L002692;P002;U01;2024-01-30;1258,37;1257,63;8,75;9,42;26,23;494,78;3118,86
L002693;P003;U03;2025-07-05;381,23;389,61;2,73;3,58;9,65;231,03;721,06
L002694;P008;U01;2024-11-25;259,71;236,11;2,06;2,17;7,94;82,12;633,39
L002695;P006;U02;2024-03-06;1330,65;1303,77;8,61;8,77;39,56;518,04;2033,27
L002696;P008;U03;2025-10-06;1137,8;1008,54;7,34;8,32;36,06;255,71;1103,21
L002697;P008;U02;2025-04-08;1470,0;1385,31;9,47;10,91;18,36;827,3;3727,97
L002698;P008;U01;2025-04-19;1740,77;1680,36;9,87;13,07;50,28;580,01;2394,71
L002699;P002;U03;2025-04-23;2096,78;2118,19;10,98;10,04;46,3;1000,03;4471,5
L002700;P002;U03;2024-08-22;1761,55;1561,4;14,0;15,0;42,7;537,1;2783,44
L002701;P008;U03;2025-12-23;523,26;485,26;3,07;3,38;18,14;142,59;1007,51
L002702;P002;U03;2025-01-14;2116,24;1978,66;14,6;13,93;32,94;996,44;3165,91
L002703;P004;U03;2024-08-13;213,57;202,23;1,06;1,1;5,4;64,34;190,9
L002704;P005;U03;2025-11-04;421,82;417,08;2,63;3,11;18,63;230,62;369,41
L002705;P001;U02;2025-04-10;984,25;935,83;6,47;7,53;34,22;574,59;1254,14
L002706;P008;U02;2024-06-11;1107,99;1139,98;6,25;7,68;39,2;564,91;2452,85
L002707;P003;U01;2024-05-28;240,53;220,68;1,21;1,34;8,72;58,62;501,97
L002708;P002;U03;2025-11-12;1046,32;1038,8;6,06;6,68;35,05;285,84;1441,66
L002709;P008;U01;2024-06-14;561,6;554,81;2,93;2,66;3,11;203,75;850,93
L002710;P005;U01;2024-01-02;1229,19;1092,18;7,29;6,8;34,84;479,88;799,7
L002711;P005;U02;2026-07-11;1144,8;1030,7;5,98;6,21;29,47;594,74;1164,63
L002712;P008;U03;2024-02-25;243,2;221,1;1,35;1,51;6,47;59,24;478,67
L002713;P005;U01;2026-01-29;1187,88;1173,27;8,15;9,54;10,22;304,62;3195,51
L002714;P007;U01;2026-02-23;1755,37;1647,11;8,57;11,32;27,34;395,72;4600,79
L002715;P007;U02;2024-12-31;953,29;970,65;6,68;6,06;26,52;240,21;1448,29
L002716;P004;U03;2026-05-28;1747,74;1544,78;8,41;7,73;37,72;661,67;3849,45
L002717;P002;U02;2024-10-22;1271,74;1283,94;9,08;8,34;4,57;496,25;1239,07
L002718;P008;U03;2026-07-30;1291,2;1217,49;6,46;5,99;54,54;344,4;2325,37
L002719;P007;U03;2024-05-28;1581,33;1438,63;8,49;9,4;7,7;377,15;1508,01
L002720;P003;U02;2024-06-11;2013,9;1753,89;10,64;11,81;9,01;986,11;4619,85
L002721;P006;U03;2024-02-07;2171,47;2167,26;12,08;14,37;35,03;585,88;3479,76
L002722;P007;U02;2025-02-20;2130,21;1919,4;17,68;22,96;29,32;527,93;4269,1
L002723;P005;U01;2024-08-01;1957,17;1905,82;11,07;12,25;4,13;557,73;4682,38
L002724;P006;U01;2026-03-13;1946,25;1814,89;11,55;11,53;48,66;691,51;1680,33
L002725;P001;U02;2024-05-03;1428,44;1413,51;7,86;8,3;19,5;641,9;3576,66
L002726;P006;U02;2024-03-18;406,24;390,38;3,14;4,06;10,62;121,05;801,86
L002727;P007;U03;2025-09-08;1186,03;1063,1;6,51;7,3;11,29;321,44;763,07
L002728;P004;U03;2025-10-01;630,31;548,02;3,1;3,81;3,22;208,22;1413,05
L002729;P007;U02;2025-04-13;588,73;532,63;3,06;3,95;9,04;249,34;1336,96
L002730;P001;U02;2025-10-03;422,7;384,23;2,68;2,91;11,44;135,83;946,52
L002731;P006;U03;2025-05-05;1550,6;1514,88;10,18;10,59;63,83;881,91;2369,71
L002732;P001;U01;2025-08-15;1178,97;1155,65;9,31;11,17;17,13;415,76;2337,79
L002733;P003;U02;2024-05-08;1824,56;1831,17;12,07;12,38;58,24;1016,89;3804,88
L002734;P002;U01;2026-04-29;1316,46;1276,93;9,99;10,24;23,47;515,38;1237,82
L002735;P001;U01;2024-06-23;987,4;1006,32;7,39;6,9;36,88;518,99;2083,46
L002736;P005;U03;2025-01-28;1370,38;1385,85;10,25;9,95;61,85;693,51;2849,82
L002737;P005;U01;2024-01-08;280,63;260,0;1,66;2,22;4,11;152,81;239,9
L002738;P001;U03;2025-07-31;488,05;483,16;2,53;2,39;12,71;149,84;1120,12
L002739;P005;U03;2024-01-31;1363,95;1347,1;6,74;7,27;54,67;594,02;3437,41
L002740;P007;U02;2024-03-03;1672,52;1668,2;9,14;9,02;70,77;423,81;1929,13
L002741;P008;U01;2026-05-21;1365,02;1352,58;7,91;7,44;32,09;349,3;2049,41
L002742;P004;U03;2025-08-13;551,93;517,19;4,01;5,06;17,45;233,44;529,85
L002743;P002;U03;2024-11-26;1572,08;1424,74;7,61;7,68;29,43;408,48;2801,19
L002744;P004;U02;2026-01-16;231,82;235,19;1,7;2,0;8,33;109,33;560,41
L002745;P006;U03;2026-04-22;1065,17;1086,22;5,63;6,6;48,5;293,06;1321,83
L002746;P008;U03;2024-03-11;1869,32;1617,31;10,22;12,27;36,03;533,24;4025,16
L002747;P001;U02;2024-09-22;490,99;447,89;2,46;2,74;2,34;247,99;466,67
L002748;P002;U02;2024-07-24;325,92;321,59;2,34;2,47;11,24;160,95;444,98
L002749;P006;U02;2026-07-14;1249,63;1136,43;9,97;11,31;33,32;619,53;1551,01
L002750;P004;U03;2025-07-04;1306,96;1220,52;8,6;11,22;1708,7279999999998;616,71;2490,87
L002751;P007;U03;2024-03-08;431,41;400,34;3,55;3,89;17,81;94,88;1060,02
L002752;P006;U01;2024-07-12;442,61;432,11;2,73;3,21;12,5;199,51;517,73
L002753;P001;U03;2024-12-03;1352,36;1353,14;7,07;9,06;42,17;357,2;2245,57
L002754;P002;U02;2025-12-29;1210,97;1178,13;9,55;12,32;23,63;485,15;1851,23
L002755;P001;U03;2026-04-27;632,65;601,02;4,48;4,18;6,18;147,04;1439,03
L002756;P003;U03;2025-12-08;1635,81;1543,42;10,15;12,14;21,72;798,08;3608,32
L002757;P006;U01;2025-02-06;1849,4;1774,87;13,87;13,07;10,43;647,06;1246,52
L002758;P006;U03;2024-06-17;1570,95;1483,21;10,4;13,83;18,91;587,33;2604,48
L002759;P006;U01;2026-05-19;270,6;262,95;1,42;1,61;2,59;88,09;321,69
L002760;P005;U02;2025-09-18;845,38;778,34;5,09;5,03;33,83;358,84;947,84
L002761;P007;U03;2025-01-18;1148,73;1112,3;8,03;8,93;14,82;543,84;2977,78
L002762;P006;U02;2025-03-26;582,19;508,56;3,58;3,34;20,81;222,46;993,73
L002763;P005;U01;2025-05-27;2072,89;1905,43;15,99;19,05;46,81;1167,94;4347,06
L002764;P002;U01;2025-10-07;1899,64;1713,32;12,77;14,94;38,61;942,57;2256,04
L002765;P008;U01;2024-02-04;910,19;807,26;6,6;7,26;24,73;380,67;674,76
L002766;P001;U01;2024-06-17;741,67;646,77;4,44;4,75;25,5;207,69;992,72
L002767;P004;U01;2025-07-29;1450,99;1417,65;7,48;8,66;10,05;641,7;3092,02
L002768;P005;U01;2025-12-24;791,22;800,63;4,56;5,75;5,95;220,28;1963,61
L002769;P006;U02;2024-09-20;1967,59;1844,23;14,75;18,28;61,91;419,63;5009,23
L002770;P003;U02;2024-10-18;292,38;287,14;2,28;2,8;1,84;86,24;631,04
L002771;P006;U02;2025-03-01;1225,39;1179,94;6,65;7,39;10,44;291,93;2679,38
L002772;P001;U01;2026-03-28;1249,67;1266,54;7,8;8,92;26,15;503,57;3413,13
L002773;P004;U02;2024-11-23;1342,06;1361,81;6,77;6,12;53,46;620,93;3189,81
L002774;P007;U01;2024-04-10;2155,72;2034,08;10,53;12,95;72,61;817,2;3913,87
L002775;P005;U03;2025-07-17;906,59;907,81;5,15;4,93;32,0;248,0;1232,4
L002776;P006;U03;2024-10-02;1680,29;1570,38;12,28;14,19;46,35;724,23;2686,16
L002777;P008;U02;2025-11-15;1138,91;1061,48;7,45;6,77;11,05;373,72;2259,69
L002778;P001;U01;2024-09-10;1463,45;1311,41;10,35;9,91;21,64;475,12;3348,83
L002779;P003;U02;2024-08-24;483,15;420,37;2,38;3,0;11,98;147,74;510,39
L002780;P006;U02;2026-02-21;1699,32;1492,61;8,21;8,55;13,63;575,87;1200,96
L002781;P006;U02;2024-01-08;1166,57;1187,93;6,07;7,41;49,71;580,05;3287,39
L002782;P003;U01;2025-09-02;481,35;424,27;2,37;2,49;5,46;238,76;845,01
L002783;P008;U03;2024-03-26;651,89;624,47;4,18;4,06;24,82;275,22;537,83
L002784;P006;U01;2026-06-25;1723,76;1726,49;11,49;15,33;68,2;676,19;2996,65
L002785;P001;U03;2025-10-26;1779,29;1593,7;10,96;12,2;70,2;793,92;3616,55
L002786;P002;U01;2024-02-25;2083,28;1974,8;11,24;13,11;28,67;774,87;3696,51
L002787;P001;U02;2024-03-03;1533,24;1394,28;8,24;9,53;51,6;314,01;3668,83
L002788;P001;U02;2024-08-23;2168,96;2084,69;11,6;13,25;92,68;1152,97;5064,8
L002789;P007;U01;2024-06-30;1290,02;1136,57;8,21;9,7;3,26;289,7;2518,2
L002790;P002;U03;2024-10-12;1436,22;1463,96;10,05;12,36;40,3;382,65;3142,19
L002791;P006;U01;2024-06-28;984,42;867,53;7,61;7,44;32,85;418,04;823,05
L002792;P002;U03;2026-01-29;1468,45;1463,73;11,5;11,42;28,23;805,23;3367,77
L002793;P003;U02;2025-12-30;1021,72;920,59;5,93;5,43;24,21;314,27;1151,2
L002794;P002;U03;2025-07-11;1137,66;1008,86;7,96;9,7;43,63;366,69;2086,57
L002795;P003;U02;2025-12-30;874,33;774,97;5,43;5,13;5,59;188,77;1699,31
L002796;P003;U03;2026-03-21;203,13;195,36;0,97;0,89;0,8;93,83;323,09
L002797;P002;U02;2025-03-06;1280,04;1110,9;10,02;10,06;41,3;483,19;854,7
L002798;P008;U01;2025-10-14;1027,07;938,72;4,96;5,6;12,54;242,82;1933,77
L002799;P001;U02;2026-05-01;979,59;863,73;5,06;5,93;2,75;386,01;1537,94
L002800;P003;U01;2024-02-07;502,58;432,42;4,14;4,93;8,41;135,01;798,37
L002801;P003;U03;2025-07-29;1396,87;1327,26;6,72;8,4;25,12;451,39;1203,99
L002802;P004;U02;2025-03-11;798,4;729,74;4,64;5,13;3,4;389,26;837,41
L002803;P006;U03;2025-10-06;697,4;617,43;5,74;6,07;9,4;319,76;1190,3
L002804;P006;U03;2025-01-31;1829,31;1689,92;14,32;13,28;11,84;764,39;3564,81
L002805;P004;U01;2025-09-09;1769,52;1798,05;11,45;11,0;50,37;622,83;2318,71
L002806;P002;U02;2024-02-28;2138,48;2013,23;10,39;11,25;84,27;826,11;3619,61
L002807;P002;U02;2025-12-25;437,58;424,36;3,39;4,45;18,36;191,14;740,59
L002808;P005;U02;2024-12-14;1876,55;1655,34;11,11;12,31;31,57;752,48;4418,64
L002809;P007;U02;2025-11-23;1745,96;1637,3;9,42;9,78;51,8;806,63;4521,89
L002810;P003;U03;2024-12-05;1767,45;1701,85;13,06;12,76;64,5;721,15;3399,03
L002811;P006;U03;2024-02-02;1818,68;1791,84;12,68;12,15;24,42;490,7;4975,26
L002812;P008;U02;2026-07-31;287,8;270,92;1,5;1,81;1,9;76,12;325,23
L002813;P008;U01;2025-05-09;1933,72;1756,48;12,73;13,73;10,01;898,27;3790,11
L002814;P005;U03;2026-01-19;729,31;660,61;4,56;5,02;16,01;393,17;1802,03
L002815;P004;U01;2024-02-18;1285,59;1267,15;9,4;12,17;45,35;641,36;2542,26
L002816;P006;U01;2025-10-11;265,82;239,35;1,68;2,13;1,54;120,88;347,62
L002817;P007;U02;2024-05-17;1649,14;1568,7;10,72;12,58;42,91;905,27;4048,19
L002818;P007;U01;2025-04-21;1969,47;1984,37;10,95;10,53;20,37;537,74;2385,73
L002819;P001;U01;2025-12-24;1160,68;1098,63;5,89;6,19;16,67;404,03;2608,99
L002820;P008;U02;2025-11-29;563,33;524,32;4,24;4,13;18,34;227,91;955,12
L002821;P003;U01;2026-04-30;1751,78;1555,23;14,48;15,51;14,46;620,18;4221,09
L002822;P003;U03;2026-04-26;1517,69;1404,8;8,33;9,85;63,11;531,6;1138,79
L002823;P001;U02;2026-01-20;1384,94;1272,46;7,18;8,38;41,66;637,63;951,02
L002824;P003;U01;2025-12-09;826,91;727,77;6,28;7,4;18,75;203,47;773,81
L002825;P008;U03;2025-11-15;279,71;271,17;1,94;2,2;5,82;66,98;729,22
L002826;P001;U01;2024-09-09;1928,84;1954,11;12,57;14,56;33,41;703,15;3220,36
L002827;P003;U03;2024-05-01;2094,17;1972,7;10,44;9,55;81,64;733,44;2744,84
L002828;P001;U03;2025-04-20;737,51;705,88;3,78;4,69;8,37;166,94;862,4
L002829;P005;U02;2025-05-23;2124,81;2107,57;15,0;16,53;20,23;615,13;5600,58
L002830;P001;U03;2026-05-01;1464,68;1283,55;7,53;9,59;9,27;620,03;2165,3
L002831;P003;U02;2024-10-22;2143,48;2180,14;11,71;15,35;40,97;647,39;5463,99
L002832;P004;U01;2024-02-17;1699,8;1564,07;9,32;10,59;57,96;535,22;3263,09
L002833;P008;U01;2025-05-03;1984,72;1894,51;14,94;19,22;28,45;435,17;2873,84
L002834;P008;U03;2024-04-19;1177,65;1208,8;7,63;8,61;11,47;490,17;1103,03
L002835;P005;U03;2026-04-28;843,91;849,74;5,43;5,37;10,83;288,69;1257,96
L002836;P006;U03;2025-05-27;1391,42;1301,14;8,39;9,12;16,18;566,08;2736,26
L002837;P002;U02;2024-08-17;319,19;306,32;2,53;2,3;13,74;119,95;702,06
L002838;P004;U01;2024-09-30;1862,75;1773,71;13,85;15,75;24,65;1086,08;1288,37
L002839;P003;U02;2025-07-20;2157,88;2022,49;15,68;16,57;57,73;952,43;2143,86
L002840;P004;U01;2024-05-03;376,54;365,67;1,99;2,33;5,0;108,46;698,87
L002841;P007;U03;2024-03-31;1200,82;1078,21;6,4;7,46;10,79;637,12;1009,8
L002842;P003;U03;2025-03-25;866,29;808,95;4,32;4,21;33,55;178,74;1282,19
L002843;P008;U03;2024-06-02;1300,76;1268,42;6,21;5,64;48,69;316,71;1774,62
L002844;P008;U03;2025-11-24;1279,62;1122,01;6,61;8,25;16,84;357,57;3128,36
L002845;P004;U02;2025-02-26;1362,91;1387,3;6,67;8,39;3,51;654,41;1697,85
L002846;P003;U02;2025-03-31;339,26;318,99;2,33;2,27;12,5;87,08;723,53
L002847;P004;U03;2025-11-04;1287,41;1231,96;6,31;8,1;21,38;463,6;3026,61
L002848;P002;U03;2026-03-20;1648,22;1684,88;13,37;16,87;9,55;464,02;1936,02
L002849;P002;U03;2024-08-23;1954,18;1681,01;9,63;12,47;11,88;382,32;1251,81
L002850;P004;U03;2024-04-28;1748,25;1636,31;8,92;11,14;70,83;507,59;3456,82
L002851;P005;U01;2025-09-03;2062,66;1851,75;14,21;16,6;33,73;687,0;2017,86
L002852;P008;U02;2025-10-21;881,41;816,94;4,86;5,97;12,99;233,47;914,78
L002853;P001;U01;2025-12-11;807,61;772,69;6,59;8,58;12,53;365,91;595,94
L002854;P001;U03;2024-10-14;1386,13;1200,56;9,19;9,84;1680,7839999999999;508,8;2528,63
L002855;P007;U03;2026-02-13;985,71;880,48;4,7;4,33;32,82;353,55;683,88
L002856;P007;U02;2025-08-31;1505,68;1362,36;9,41;10,69;17,39;439,39;2709,89
L002857;P006;U01;2024-08-16;1144,86;1003,55;9,18;10,22;39,78;466,55;2284,0
L002858;P004;U03;2025-06-16;1711,89;1739,07;13,82;17,35;75,68;449,85;4371,62
L002859;P005;U01;2025-06-26;747,21;747,39;5,11;5,2;33,6;241,8;1933,95
L002860;P008;U02;2026-05-04;763,12;684,25;5,11;4,94;12,41;408,01;1077,04
L002861;P008;U03;2025-04-21;563,42;565,23;4,66;4,67;22,92;166,69;1234,55
L002862;P001;U03;2024-08-14;1777,47;1789,19;10,7;12,65;35,15;633,7;4009,01
L002863;P007;U02;2026-05-04;2087,46;1957,77;11,7;15,3;58,05;1174,43;1696,77
L002864;P006;U01;2024-10-06;1881,59;1817,99;13,01;14,85;77,12;751,47;4409,2
L002865;P008;U02;2024-12-09;1417,79;1458,22;8,38;11,17;20,67;356,68;3240,65
L002866;P006;U02;2025-02-18;785,93;748,2;5,62;7,46;12,36;413,05;973,33
L002867;P004;U01;2025-08-01;1196,07;1127,65;6,37;7,26;22,86;659,3;1290,14
L002868;P001;U02;2026-07-01;583,27;550,05;2,88;3,02;17,76;328,36;820,46
L002869;P003;U01;2026-04-22;629,64;549,47;4,7;5,75;769,258;309,13;1411,7
L002870;P007;U02;2025-07-24;567,54;503,32;4,72;5,97;8,23;126,84;454,11
L002871;P007;U01;2025-07-13;1998,42;1762,43;10,71;10,98;50,19;696,56;4566,78
L002872;P002;U03;2025-01-15;248,48;229,59;1,31;1,64;0,91;109,16;533,7
L002873;P004;U01;2024-09-21;2039,73;1864,58;11,73;15,31;35,76;1011,85;3091,37
L002874;P004;U01;2024-08-22;550,2;497,31;3,45;3,21;6,14;206,53;351,5
L002875;P004;U01;2026-06-14;2136,19;2039,45;14,24;17,34;61,48;1089,21;4138,36
L002876;P002;U02;2025-09-15;893,6;910,78;5,41;6,4;29,71;305,03;841,67
L002877;P001;U03;2024-08-31;655,0;629,21;3,13;2,99;26,76;196,07;513,11
L002878;P001;U02;2024-11-18;1488,25;1365,54;7,53;7,36;41,91;441,97;2147,44
L002879;P008;U01;2026-03-05;674,64;589,58;4,33;4,44;14,97;264,41;1572,9
L002880;P003;U01;2026-06-28;675,52;624,6;4,09;5,38;21,29;292,64;1645,17
L002881;P007;U01;2024-04-26;2177,26;2054,26;16,18;16,57;90,51;1147,6;1613,48
L002882;P005;U02;2025-07-18;1474,26;1419,7;11,66;10,52;6,57;516,5;1963,33
L002883;P003;U01;2026-06-15;1193,75;1102,06;8,75;8,18;45,01;680,33;1679,26
L002884;P008;U01;2024-02-20;987,8;917,44;5,24;6,91;8,54;542,88;1376,38
L002885;P002;U03;2024-09-09;972,77;851,12;7,41;6,76;13,23;387,43;821,07
L002886;P008;U03;2024-03-11;2189,29;1983,53;11,21;11,05;70,77;1010,76;2879,36
L002887;P006;U02;2024-07-24;635,42;585,86;3,67;3,34;11,76;257,11;1317,98
L002888;P003;U01;2025-12-12;794,64;709,5;4,33;5,63;4,98;158,78;1771,11
L002889;P007;U01;2024-09-09;760,3;752,12;5,47;4,98;24,31;290,51;1243,45
L002890;P005;U03;2024-10-19;1201,55;1187,84;6,01;6,23;15,52;355,0;1422,08
L002891;P007;U01;2026-07-25;1377,79;1254,95;8,65;10,48;25,63;704,87;2400,73
L002892;P006;U01;2025-11-09;1079,01;1030,37;5,92;7,71;6,86;294,52;1695,93
L002893;P008;U02;2024-09-11;1669,12;1462,71;13,77;14,65;9,26;662,78;2293,67
L002894;P005;U03;2025-05-11;900,55;855,85;4,44;5,39;37,73;367,93;929,85
L002895;P004;U03;2025-02-22;1263,12;1186,47;6,8;6,64;28,32;561,38;1111,13
L002896;P006;U02;2026-05-27;422,25;391,52;2,04;2,26;17,37;159,77;993,62
L002897;P004;U02;2026-05-31;565,96;493,03;4,08;3,96;17,95;125,83;469,4
L002898;P001;U03;2025-11-22;1743,69;1553,45;10,39;10,35;42,4;473,47;1800,21
L002899;P003;U03;2025-03-19;1265,97;1272,21;7,17;6,67;9,32;726,83;1423,38
L002900;P008;U01;2026-04-29;446,86;428,01;2,26;2,51;11,54;99,12;502,56
L002901;P005;U02;2024-03-13;1761,0;1576,4;12,01;13,78;44,57;737,59;4162,94
L002902;P008;U01;2025-06-01;1062,47;924,88;5,44;5,43;41,48;450,86;1948,3
L002903;P007;U01;2025-09-18;794,53;777,28;6,28;6,8;11,77;422,16;2046,22
L002904;P006;U03;2026-06-25;1457,68;1399,79;9,07;11,59;48,77;367,37;1139,61
L002905;P008;U02;2024-12-24;471,22;473,43;3,43;4,28;7,93;118,82;933,81
L002906;P004;U02;2024-07-19;1626,81;1669,39;9,53;12,62;46,77;573,09;3175,12
L002907;P008;U03;2026-01-10;1677,47;1482,65;8,52;8,01;38,11;418,5;3001,8
L002908;P001;U03;2024-04-04;1528,71;1379,42;11,5;13,48;45,55;406,71;2615,88
L002909;P008;U02;2025-01-04;2188,69;1888,48;13,33;15,43;83,7;417,17;1433,47
L002910;P002;U01;2024-07-26;1609,31;1479,57;10,26;10,1;18,71;376,12;2581,92
L002911;P007;U03;2025-03-24;1348,8;1256,8;8,53;9,83;16,31;349,2;1692,87
L002912;P008;U02;2024-05-19;1603,95;1492,29;11,29;13,97;34,04;563,84;4165,73
L002913;P003;U01;2024-04-21;1958,34;1716,63;12,08;14,74;67,82;1031,7;2154,09
L002914;P001;U03;2024-11-13;774,07;692,69;5,87;5,85;8,77;307,8;949,2
L002915;P006;U02;2025-11-21;754,93;713,32;6,09;7,17;24,73;224,76;1686,29
L002916;P001;U02;2025-06-30;1837,91;1741,44;13,4;17,03;10,06;762,13;1327,12
L002917;P008;U01;2024-05-11;464,27;475,18;3,35;3,21;18,17;213,91;1255,64
L002918;P004;U01;2025-07-28;1375,71;1207,23;7,42;9,03;15,89;595,9;3235,44
L002919;P004;U03;2024-05-24;1827,6;1753,35;9,36;8,62;52,12;788,04;3746,16
L002920;P007;U01;2026-06-14;1391,77;1259,12;8,18;7,76;47,75;524,52;1313,67
L002921;P008;U02;2024-02-24;418,68;371,68;2,08;2,09;3,85;209,64;942,55
L002922;P007;U01;2024-06-11;1778,22;1666,27;9,64;10,68;39,31;405,79;1737,89
L002923;P004;U02;2025-11-17;909,71;911,28;5,2;7,01;23,82;221,86;796,91
L002924;P003;U02;2024-11-04;670,59;635,03;3,22;3,03;13,08;352,97;1431,49
L002925;P008;U01;2024-11-13;705,64;640,79;3,59;4,13;15,71;358,78;1160,81
L002926;P006;U01;2026-03-19;224,78;215,54;1,58;1,64;5,04;72,24;357,44
L002927;P001;U02;2024-12-31;445,26;431,9;3,36;3,4;19,33;251,52;586,64
L002928;P008;U01;2024-02-02;1487,12;1370,85;8,92;9,12;47,17;444,73;1247,58
L002929;P001;U01;2024-05-26;1902,49;1851,42;14,87;18,35;19,61;533,83;4505,36
L002930;P007;U02;2024-02-11;1316,99;1256,97;9,85;10,61;30,82;355,17;1735,79
L002931;P004;U02;2024-10-01;325,75;299,46;1,59;1,46;13,3;115,05;564,74
L002932;P002;U02;2024-04-29;1618,52;1624,34;9,07;10,92;2274,0759999999996;408,33;2677,02
L002933;P007;U02;2026-06-11;1998,96;1872,36;11,85;15,07;37,64;457,94;3074,92
L002934;P003;U01;2025-08-11;1387,33;1386,89;8,75;8,02;6,76;820,02;3619,77
L002935;P008;U03;2024-11-07;750,02;645,5;4,29;4,91;2,79;387,1;692,32
L002936;P003;U03;2024-05-08;1970,25;1824,47;15,53;15,83;13,03;746,48;2065,13
L002937;P001;U01;2025-01-10;837,86;827,8;4,48;4,89;17,12;241,04;1829,18
L002938;P008;U01;2026-06-04;446,97;393,49;3,2;3,91;2,52;180,29;1067,54
L002939;P002;U03;2025-02-23;762,48;698,49;5,54;6,71;5,2;156,12;1165,88
L002940;P002;U02;2024-01-13;1516,15;1474,6;10,72;14,04;10,05;591,21;4020,87
L002941;P005;U02;2025-03-08;2001,16;1921,65;11,2;11,67;17,9;705,14;3803,78
L002942;P002;U01;2025-12-30;1563,57;1358,74;11,65;13,82;41,86;691,34;2127,79
L002943;P006;U01;2025-01-25;2070,61;1866,37;16,64;16,09;79,74;603,26;2581,44
L002944;P003;U01;2024-09-03;370,98;371,12;2,38;2,98;5,16;136,52;1001,4
L002945;P002;U02;2026-03-27;500,37;504,42;2,42;2,86;16,75;299,26;505,38
L002946;P005;U01;2025-04-26;291,52;289,64;1,4;1,66;3,06;85,98;527,77
L002947;P001;U02;2024-12-22;1841,7;1654,34;10,83;11,78;60,39;541,98;2784,48
L002948;P003;U03;2025-12-11;2045,67;2095,15;10,93;10,52;7,73;595,12;2959,64
L002949;P002;U01;2026-07-08;1591,52;1629,59;9,33;12,43;26,69;880,72;4439,41
L002950;P006;U03;2026-01-19;1998,52;1781,08;14,19;18,95;73,91;852,8;4676,83
L002951;P001;U02;2024-06-15;2162,12;1957,94;17,94;16,4;72,92;530,4;4236,29
L002952;P001;U03;2024-07-24;2137,84;1844,65;11,21;14,52;30,43;1080,38;2010,6
L002953;P006;U02;2025-04-12;292,99;271,43;2,29;2,88;4,43;68,58;369,87
L002954;P007;U02;2024-08-27;775,95;695,02;4,02;3,86;12,55;260,59;710,7
L002955;P007;U03;2024-03-18;389,01;357,1;3,22;3,73;8,25;138,84;656,33
L002956;P001;U02;2024-05-08;1832,95;1663,81;9,75;8,91;71,48;388,33;2273,9
L002957;P002;U03;2026-04-09;1506,29;1308,58;7,83;7,2;35,78;497,99;2486,91
L002958;P007;U02;2024-02-24;2160,73;2015,25;12,15;14,02;48,14;532,99;3466,74
L002959;P005;U02;2026-05-02;2133,14;1963,0;12,75;16,83;26,88;473,11;3060,38
L002960;P004;U01;2025-10-09;1971,82;1817,46;9,83;9,17;63,02;856,1;4918,07
L002961;P005;U02;2025-04-14;1105,37;1124,45;5,71;7,15;28,94;541,53;1918,02
L002962;P004;U01;2024-07-09;1091,03;1102,27;7,11;9,29;3,0;482,6;1206,4
L002963;P007;U02;2026-01-25;209,96;191,91;1,01;1,26;4,5;48,24;217,06
L002964;P003;U01;2024-10-18;1985,01;1848,12;10,17;10,44;44,74;816,22;3801,6
L002965;P003;U03;2025-09-14;1212,84;1241,72;8,54;11,16;2,66;648,73;2695,16
L002966;P006;U02;2024-06-23;1786,61;1756,39;12,26;14,43;47,13;889,88;2515,59
L002967;P002;U01;2026-03-05;1763,03;1530,48;14,59;14,65;59,52;426,34;1313,73
L002968;P005;U03;2026-06-10;935,03;889,15;4,64;4,22;5,6;334,69;2266,35
L002969;P006;U03;2025-11-02;1571,42;1583,99;9,39;10,41;70,52;632,63;3432,64
L002970;P004;U02;2024-11-24;2088,21;1798,61;15,07;18,93;63,89;1034,49;4692,53
L002971;P006;U02;2026-02-25;1939,26;1988,79;11,86;11,72;28,91;760,43;3014,31
L002972;P002;U02;2024-11-10;801,98;774,33;5,38;5,49;15,46;313,7;1824,97
L002973;P003;U02;2025-06-21;1114,1;1086,55;6,83;6,98;34,25;269,68;1820,89
L002974;P007;U03;2025-03-11;1753,72;1560,98;9,91;9,28;9,6;788,18;3844,91
L002975;P005;U02;2026-01-30;1763,92;1592,3;12,39;12,32;54,65;644,67;3702,94
L002976;P004;U02;2025-01-11;403,89;397,79;3,25;3,18;15,99;217,9;1013,88
L002977;P007;U02;2024-06-05;737,04;652,82;3,73;3,88;5,52;238,24;1123,17
L002978;P004;U01;2025-10-30;614,34;531,58;3,61;3,85;11,76;314,86;899,86
L002979;P008;U03;2025-05-31;271,43;269,35;1,91;1,76;10,59;81,22;692,8
L002980;P007;U02;2025-08-26;1781,73;1577,05;9,74;12,64;34,3;932,75;4292,18
L002981;P008;U02;2024-10-05;584,98;520,11;3,71;3,37;15,38;150,29;860,58
L002982;P002;U03;2025-08-13;737,58;678,61;5,38;5,2;16,6;401,93;1343,39
L002983;P003;U03;2025-03-09;1728,29;1587,93;8,46;8,09;15,83;623,77;3677,39
L002984;P001;U03;2025-07-22;1674,79;1604,64;13,86;14,9;39,65;759,03;1361,86
L002985;P002;U03;2024-05-11;1273,72;1199,82;6,47;7,53;21,81;694,05;2813,28
L002986;P005;U02;2026-07-17;1521,18;1395,35;8,08;10,17;8,01;456,64;3873,29
L002987;P005;U02;2025-08-11;416,67;421,4;3,16;3,49;9,48;230,12;956,01
L002988;P002;U02;2024-06-09;2196,35;2160,21;11,54;14,17;10,02;801,37;4775,89
L002989;P006;U02;2025-11-08;1283,01;1255,58;9,78;10,14;46,33;619,78;3078,08
L002990;P006;U01;2025-01-12;887,1;836,21;4,42;4,27;17,53;329,66;2027,88
L002991;P003;U01;2024-11-24;1565,22;1479,57;11,28;10,94;47,05;876,07;1972,88
L002992;P005;U01;2026-02-21;2156,5;2035,34;17,56;19,52;75,78;1057,4;2489,4
L002993;P003;U03;2025-11-17;2040,69;2052,66;10,63;9,82;64,77;1242,43;1453,05
L002994;P008;U01;2025-12-24;976,22;997,45;5,1;4,59;30,17;425,68;2274,13
L002995;P003;U03;2025-02-15;1967,95;1906,51;11,71;13,07;76,19;1128,43;4145,72
L002996;P006;U02;2025-06-02;1196,5;1097,32;5,79;6,62;5,92;364,34;897,28
L002997;P003;U02;2024-11-19;393,09;365,87;2,21;2,29;10,28;190,83;496,83
L002998;P001;U01;2026-06-16;1321,3;1320,91;7,06;8,75;19,47;557,43;3416,77
L002999;P003;U03;2024-03-10;1763,82;1693,38;13,67;18,2;52,26;1049,49;2665,26
L003000;P003;U01;2026-04-15;1080,1;1087,72;6,75;7,63;43,17;424,0;793,61
L003001;P005;U01;2026-01-12;294,28;299,23;1,94;2,34;2,7;175,74;693,87
L003002;P005;U03;2024-05-21;1559,49;1468,99;7,47;9,51;11,13;377,55;2569,01
L003003;P001;U02;2025-01-16;1244,12;1221,22;8,73;9,27;16,3;345,2;2170,71
L003004;P007;U01;2025-12-10;807,36;751,91;6,11;6,45;13,73;447,29;935,27
L003005;P001;U03;2025-07-18;2076,24;2123,01;15,5;18,28;20,4;1243,54;3437,25
L003006;P001;U02;2024-07-15;1957,14;1787,14;15,49;19,66;75,64;932,72;1380,55
L003007;P002;U03;2026-05-01;2083,03;2099,4;11,64;15,16;42,1;623,15;4702,94
L003008;P008;U03;2024-07-19;1957,35;2008,29;11,3;12,51;66,94;791,72;3151,75
L003009;P003;U03;2024-05-04;1793,88;1841,57;9,63;11,62;38,43;633,88;1888,86
L003010;P008;U01;2024-09-21;1849,55;1846,45;10,93;10,29;18,1;680,63;5133,55
L003011;P005;U01;2026-02-15;1912,67;1965,89;12,66;12,18;4,75;1215,08;2916,51
L003012;P003;U03;2024-12-30;1549,97;1487,48;9,93;9,3;12,94;426,92;3920,11
L003013;P007;U01;2025-12-29;1634,46;1608,87;10,75;10,82;49,28;753,81;3224,95
L003014;P002;U01;2025-05-24;627,07;640,97;4,3;4,81;2,75;199,49;1780,63
L003015;P004;U03;2025-05-03;476,29;470,99;2,88;3,17;18,74;196,69;620,13
L003016;P002;U02;2024-02-23;339,05;304,86;2,53;2,57;11,07;112,19;319,95
L003017;P003;U02;2024-01-26;1975,84;1739,69;11,27;14,02;60,6;992,64;2846,85
L003018;P006;U01;2026-07-26;957,82;878,54;7,14;6,9;5,3;301,05;1512,24
L003019;P001;U02;2025-04-24;1235,58;1212,96;6,56;6,05;46,39;420,34;2907,72
L003020;P005;U03;2024-04-07;1220,15;1235,54;6,32;6,9;26,75;509,19;1022,47
L003021;P006;U01;2024-03-21;641,65;626,57;4,26;4,12;7,63;272,04;1692,51
L003022;P007;U02;2024-10-17;1149,81;1114,64;5,51;6,43;4,27;376,68;1784,79
L003023;P004;U01;2024-05-22;463,56;417,15;2,53;2,81;17,87;221,46;782,79
L003024;P002;U01;2026-06-23;300,97;293,49;1,64;2,09;12,24;102,38;559,19
L003025;P007;U01;2024-02-07;1982,44;1800,87;10,17;12,2;3,9;867,17;2322,94
L003026;P007;U01;2026-05-16;2140,5;1871,82;12,46;12,28;59,61;927,53;2879,34
L003027;P007;U01;2024-04-04;1751,56;1798,99;8,54;8,98;54,34;1036,45;4718,24
L003028;P004;U03;2026-07-14;1980,55;2031,21;13,87;17,62;31,01;624,47;5302,55
L003029;P004;U02;2025-10-28;1390,7;1220,19;7,97;7,84;19,99;318,04;3231,22
L003030;P002;U03;2024-03-08;2022,17;1808,58;16,23;20,42;49,75;454,23;3946,61
L003031;P008;U03;2025-08-26;1359,56;1248,7;9,51;10,24;34,9;428,26;2185,68
L003032;P008;U03;2026-03-10;644,35;658,48;5,0;6,5;22,17;346,12;1461,43
L003033;P003;U03;2024-05-13;1687,97;1621,31;11,16;13,15;24,99;915,28;3131,25
L003034;P002;U01;2026-03-04;573,92;575,63;2,93;3,37;19,73;271,29;595,35
L003035;P005;U01;2024-01-31;855,88;846,39;6,77;6,48;27,71;490,83;877,5
L003036;P003;U01;2024-05-13;366,3;322,58;2,24;2,42;8,52;77,3;523,74
L003037;P005;U03;2024-03-22;466,11;457,38;3,48;4,32;4,49;146,65;737,74
L003038;P007;U01;2025-09-13;1805,39;1565,09;14,73;18,34;53,54;900,05;3512,58
L003039;P007;U02;2024-09-11;205,85;201,22;1,14;1,36;2,64;89,79;503,59
L003040;P007;U03;2024-11-23;981,32;990,77;6,15;5,91;9,77;342,63;1262,97
L003041;P001;U03;2024-08-31;1408,39;1359,19;6,95;7,6;15,38;358,12;3227,54
L003042;P001;U03;2024-11-09;2054,84;1900,97;10,16;10,13;49,96;650,28;5219,82
L003043;P001;U02;2024-06-11;280,34;279,87;1,36;1,63;8,39;152,67;370,95
L003044;P007;U03;2025-06-20;1759,09;1578,35;9,54;9,11;25,12;527,71;2652,12
L003045;P005;U03;2026-02-12;1849,94;1896,49;14,6;15,56;27,9;753,77;3760,76
L003046;P001;U03;2025-07-01;1794,55;1786,02;9,44;9,33;31,91;664,09;3695,42
L003047;P007;U02;2026-05-27;617,11;607,02;5,13;6,73;2,79;166,02;1222,5
L003048;P001;U01;2025-12-16;1006,24;1026,38;7,77;7,41;2,66;376,51;1534,21
L003049;P005;U02;2026-01-18;369,94;366,43;1,93;2,36;0,95;96,01;397,02
L003050;P008;U03;2026-02-18;2092,83;2150,6;10,44;13,37;3010,8399999999997;1150,56;1780,94
L003051;P002;U01;2024-12-22;1251,18;1167,16;9,55;12,12;13,85;606,76;1366,72
L003052;P003;U03;2025-08-29;1097,85;1088,47;5,7;5,22;33,07;367,16;1284,48
L003053;P008;U02;2025-03-07;1848,23;1688,78;9,05;10,46;29,52;754,27;4649,83
L003054;P005;U03;2026-02-19;1592,01;1412,43;11,2;10,89;40,86;808,11;2744,48
L003055;P008;U02;2024-12-14;712,24;720,56;3,78;4,68;17,18;337,69;898,95
L003056;P003;U03;2026-04-05;926,24;950,55;6,29;7,16;7,19;500,03;2383,04
L003057;P008;U02;2024-07-03;842,5;831,75;5,36;5,06;31,69;311,65;1144,09
L003058;P003;U03;2025-06-30;209,56;189,29;1,12;1,05;2,7;100,65;342,91
L003059;P004;U03;2024-04-28;1770,77;1618,89;9,95;11,55;17,36;666,48;1382,43
L003060;P001;U01;2024-05-30;619,74;556,31;4,06;5,14;5,04;325,15;1185,58
L003061;P001;U03;2026-02-16;415,13;422,87;2,81;3,08;18,6;99,34;438,61
L003062;P007;U03;2026-04-12;1477,15;1455,07;8,62;9,34;64,91;764,78;1664,13
L003063;P005;U03;2026-06-02;2163,93;2060,65;11,44;14,9;76,09;1246,99;3461,62
L003064;P004;U01;2026-04-02;1244,33;1217,96;7,31;8,22;46,13;416,36;938,95
L003065;P004;U01;2025-01-05;1921,98;1974,67;15,74;17,56;39,56;583,7;4457,63
L003066;P006;U03;2024-11-30;1459,59;1278,44;9,86;10,33;39,85;317,77;1111,99
L003067;P005;U01;2025-10-20;1941,93;1850,71;12,78;14,85;24,59;566,54;2268,39
L003068;P007;U02;2024-07-09;1169,98;1120,12;5,85;6,31;24,36;340,7;3006,61
L003069;P006;U03;2024-07-25;349,64;324,76;2,8;2,64;11,39;100,67;301,78
L003070;P008;U03;2026-02-18;1301,43;1149,21;10,34;11,89;21,69;699,72;2413,06
L003071;P008;U01;2024-12-25;1342,16;1266,62;10,41;9,82;9,37;686,07;2585,2
L003072;P002;U02;2025-12-11;1637,09;1438,61;7,85;8,83;6,68;519,63;3841,08
L003073;P004;U01;2024-09-19;1111,37;986,76;6,39;6,01;40,11;499,92;1305,78
L003074;P006;U02;2025-06-20;1582,6;1386,26;7,57;6,84;1940,764;542,55;2229,78
L003075;P003;U02;2024-07-03;1083,44;1042,8;5,32;6,88;46,34;445,53;1213,99
L003076;P001;U02;2026-04-09;1164,19;1186,23;6,11;7,34;44,37;351,0;1180,6
L003077;P003;U03;2025-10-31;941,97;828,26;4,52;4,29;4,78;406,2;656,37
L003078;P001;U03;2024-05-11;2117,61;2143,95;10,61;12,36;80,41;991,08;1918,13
L003079;P004;U03;2026-05-03;479,84;427,16;3,05;3,25;16,81;167,41;346,63
L003080;P008;U03;2026-04-01;538,51;477,42;2,93;2,84;2,34;221,02;959,25
L003081;P003;U02;2024-06-02;2005,63;2054,56;13,23;16,37;72,13;995,25;1485,26
L003082;P002;U01;2024-04-18;371,82;362,65;2,94;3,6;3,55;140,2;293,69
L003083;P003;U02;2024-01-31;544,75;489,19;3,61;3,7;3,19;297,36;855,2
L003084;P004;U02;2024-02-04;2019,76;1951,57;10,05;13,39;43,59;585,83;1727,82
L003085;P006;U02;2024-03-31;1337,91;1287,04;8,32;8,94;44,25;481,54;1419,76
L003086;P006;U03;2025-05-21;1418,89;1250,05;7,06;7,65;53,09;563,13;1415,59
L003087;P003;U02;2025-04-11;223,64;210,67;1,59;1,96;2,16;59,01;250,37
L003088;P005;U02;2026-04-21;1828,81;1685,33;13,31;14,66;28,82;952,98;4291,04
L003089;P007;U01;2026-07-25;311,31;311,14;1,9;1,86;5,58;71,75;543,62
L003090;P008;U01;2026-02-13;1690,25;1616,95;9,09;9,37;11,5;894,83;4525,1
L003091;P004;U03;2025-12-27;1159,32;1073,62;8,38;9,85;4,02;534,03;2317,94
L003092;P003;U03;2025-12-15;2144,42;2140,74;12,26;15,77;56,42;627,39;1777,0
L003093;P007;U03;2024-05-31;1447,92;1433,51;7,15;7,09;26,74;630,18;1172,0
L003094;P001;U01;2026-02-12;1122,46;1025,73;5,94;7,41;45,07;434,57;1116,19
L003095;P003;U01;2024-02-11;1476,78;1373,95;9,56;11,09;10,87;527,93;3121,51
L003096;P004;U01;2024-02-16;747,39;675,23;5,77;6,16;8,39;357,01;902,26
L003097;P006;U02;2026-03-12;364,13;318,36;1,77;2,01;4,75;107,6;768,03
L003098;P007;U01;2024-01-04;1138,99;1149,19;6,69;8,68;19,29;393,19;1404,99
L003099;P008;U02;2026-05-09;334,08;338,15;1,78;1,67;9,13;190,34;758,22
L003100;P008;U03;2026-06-18;429,92;438,29;2,42;2,54;8,77;226,46;790,01
L003101;P005;U03;2025-03-21;507,34;493,75;3,78;4,32;13,95;147,61;573,46
L003102;P005;U03;2024-05-15;875,93;890,08;6,34;7,7;22,08;199,45;2390,88
L003103;P002;U02;2026-07-10;1624,81;1579,84;13,22;12,08;69,68;578,77;1370,82
L003104;P006;U01;2024-11-04;699,66;693,93;3,61;4,71;30,03;385,68;1559,19
L003105;P007;U03;2026-01-29;1748,11;1632,39;13,09;16,5;37,66;554,4;3187,28
L003106;P005;U03;2025-12-28;1836,41;1674,77;15,04;16,42;51,18;825,7;3224,96
L003107;P007;U02;2025-01-27;421,0;432,34;2,16;2,09;15,42;187,77;1190,85
L003108;P008;U03;2024-09-22;1242,81;1197,42;9,77;12,36;30,11;453,15;2473,57
L003109;P004;U01;2026-02-12;213,01;216,52;1,53;1,94;4,58;87,99;591,24
L003110;P003;U02;2024-12-22;1685,46;1489,26;9,8;9,68;65,87;717,95;3370,86
L003111;P008;U02;2024-12-12;1949,3;1986,07;15,03;14,44;18,09;1224,39;5002,85
L003112;P004;U02;2025-08-21;1815,13;1683,38;10,02;11,94;30,72;1032,31;1508,44
L003113;P007;U01;2024-01-27;954,59;834,04;5,96;7,02;11,06;516,17;584,24
L003114;P004;U03;2024-01-20;900,96;790,98;5,79;6,09;29,97;228,16;1090,46
L003115;P004;U01;2024-07-25;833,04;806,6;5,37;5,51;3,9;389,79;1981,2
L003116;P008;U02;2024-08-28;346,64;332,27;2,23;2,84;8,79;101,12;601,17
L003117;P004;U03;2025-02-11;714,87;664,35;5,26;5,43;16,04;147,69;906,04
L003118;P008;U02;2025-12-20;1203,14;1195,75;9,87;9,69;51,19;410,57;1805,07
L003119;P001;U02;2025-05-28;1557,12;1452,02;7,69;8,27;8,37;829,03;1879,9
L003120;P002;U03;2025-09-18;1007,53;1031,35;7,71;8,7;13,2;622,31;1700,73
L003121;P002;U02;2025-06-20;392,69;362,33;3,01;3,78;0,76;96,31;671,09
L003122;P007;U02;2025-06-07;1313,28;1217,59;8,89;10,14;24,01;357,45;2498,99
L003123;P002;U01;2025-06-14;872,93;880,62;6,06;6,29;10,49;524,21;642,8
L003124;P008;U01;2024-01-24;705,39;640,81;4,22;5,69;23,48;256,26;908,13
L003125;P005;U01;2026-01-02;206,76;207,69;1,22;1,28;6,38;87,42;417,03
L003126;P006;U02;2026-01-16;783,83;735,08;5,45;5,29;7,37;364,54;1114,36
L003127;P006;U03;2024-06-02;2093,58;1854,39;14,95;16,99;11,97;1136,92;1337,41
L003128;P004;U03;2024-06-25;951,88;934,63;4,69;4,95;20,15;446,62;912,0
L003129;P001;U03;2025-01-03;1312,9;1209,73;7,11;8,49;12,64;459,11;2542,6
L003130;P008;U03;2025-12-28;1760,17;1565,39;11,78;13,62;15,78;638,9;2688,4
L003131;P007;U02;2025-10-01;1979,15;1778,48;9,84;9,78;3,62;798,94;4584,77
L003132;P008;U01;2025-07-08;327,34;316,27;2,4;3,13;9,06;79,03;466,33
L003133;P008;U03;2024-08-26;1426,11;1278,1;8,93;8,38;19,53;780,42;2527,86
L003134;P006;U02;2026-04-27;736,86;651,85;4,47;4,78;27,69;362,0;620,62
L003135;P004;U03;2026-06-16;582,68;576,65;3,24;4,33;25,04;128,17;1485,71
L003136;P005;U02;2025-10-21;965,41;936,82;5,13;5,1;2,63;225,89;1781,6
L003137;P003;U02;2025-07-28;669,92;670,23;4,62;6,24;9,2;406,71;1324,43
L003138;P006;U03;2026-04-27;1059,2;985,22;6,1;5,83;13,24;350,36;2157,6
L003139;P005;U01;2024-11-27;1638,87;1638,31;8,08;7,76;4,38;907,77;2191,48
L003140;P003;U01;2025-10-09;549,72;501,41;4,5;5,44;21,26;130,38;816,53
L003141;P002;U02;2025-03-04;733,52;638,99;4,81;5,81;27,77;343,51;1288,72
L003142;P002;U01;2025-02-23;578,99;513,09;4,68;5,24;11,81;185,93;922,13
L003143;P003;U01;2025-10-03;1310,71;1134,21;7,53;10,13;15,95;381,52;1405,71
L003144;P002;U03;2025-08-27;322,66;295,83;1,8;1,9;13,14;131,49;508,72
L003145;P001;U01;2026-02-18;1203,7;1040,93;5,84;6,56;13,92;580,53;1042,9
L003146;P003;U03;2026-06-03;1070,81;1074,26;6,97;7,91;11,26;449,46;2234,38
L003147;P006;U02;2025-09-21;268,18;257,14;1,61;1,78;4,43;151,18;434,51
L003148;P003;U02;2024-09-02;1808,39;1689,91;9,45;12,27;71,93;976,06;3013,74
L003149;P008;U02;2024-09-19;995,61;918,73;5,69;5,45;17,77;387,55;2285,04
L003150;P006;U03;2025-02-20;1599,97;1588,24;8,45;9,64;58,07;790,09;1192,6
L003151;P007;U03;2025-05-16;522,64;477,62;4,1;4,88;7,51;196,3;869,82
L003152;P005;U03;2024-09-04;318,78;296,35;2,48;2,52;7,56;66,77;612,24
L003153;P006;U01;2026-04-12;1598,56;1380,66;7,9;10,02;27,43;657,48;2675,35
L003154;P007;U03;2026-06-10;1996,03;1796,35;14,17;15,59;53,75;457,28;3994,09
L003155;P007;U01;2025-09-16;591,21;591,33;3,53;3,18;3,72;142,58;931,79
L003156;P006;U01;2026-05-19;443,53;394,37;2,73;3,36;6,02;152,26;847,78
L003157;P002;U02;2024-08-31;1328,84;1263,73;7,71;7,5;41,94;642,02;1604,02
L003158;P005;U03;2024-07-18;1479,8;1361,47;7,58;8,33;51,04;425,43;3343,03
L003159;P003;U03;2025-12-03;631,45;581,34;4,04;4,17;19,14;224,66;1618,76
L003160;P001;U01;2025-02-01;1764,81;1805,17;13,29;12,35;34,89;1010,8;2212,45
L003161;P001;U03;2024-06-02;645,74;565,32;3,13;2,91;13,04;327,69;400,0
L003162;P002;U03;2025-01-27;1752,23;1609,05;8,83;8,28;28,62;612,01;1160,9
L003163;P006;U03;2025-10-01;1645,23;1593,07;7,87;9,5;67,05;970,41;1436,02
L003164;P003;U02;2024-10-09;2127,93;1866,96;10,46;10,05;36,61;493,72;3370,14
L003165;P002;U02;2024-08-21;1300,55;1207,54;9,59;10,55;28,53;489,56;2846,71
L003166;P005;U02;2026-01-02;1419,18;1373,41;10,29;11,88;60,08;369,51;1997,04
L003167;P008;U03;2024-07-31;800,79;705,2;4,6;5,6;17,4;253,13;1545,87
L003168;P001;U01;2024-02-11;1533,46;1392,2;10,25;10,99;58,61;829,34;2637,97
L003169;P008;U03;2024-10-18;1950,71;1823,24;9,43;12,09;6,44;604,57;3237,72
L003170;P008;U03;2025-01-12;1173,41;1165,0;8,38;8,07;39,49;437,99;1886,58
L003171;P006;U01;2026-03-22;2183,44;1964,98;13,94;17,48;62,8;607,68;5425,36
L003172;P008;U03;2026-01-06;2066,61;1958,22;13,43;12,61;86,87;763,5;5215,4
L003173;P006;U03;2024-02-09;1702,18;1587,25;8,51;11,42;36,97;950,97;2258,33
L003174;P007;U01;2026-07-03;338,5;328,98;1,94;1,83;11,5;89,95;382,17
L003175;P005;U01;2024-10-01;1552,34;1519,22;7,67;9,61;19,41;900,19;3396,01
L003176;P001;U01;2025-05-12;537,7;544,23;2,69;2,95;11,14;212,02;428,43
L003177;P008;U01;2024-08-18;782,78;758,31;4,0;5,02;9,86;220,98;1818,81
L003178;P005;U02;2024-11-26;1536,19;1374,05;7,46;7,03;55,2;607,02;1027,06
L003179;P001;U02;2026-02-14;945,25;857,6;4,79;4,56;24,24;314,99;1840,11
L003180;P004;U02;2025-03-09;1221,36;1163,7;7,0;8,19;32,62;265,97;2335,77
L003181;P006;U02;2025-05-23;1750,72;1563,83;9,62;8,78;66,02;406,19;1374,11
L003182;P002;U03;2025-07-13;1633,05;1408,52;11,69;15,02;32,89;679,7;2642,82
L003183;P001;U02;2025-05-14;2050,11;1910,91;13,55;14,4;75,21;1063,81;2812,62
L003184;P007;U02;2024-01-27;1128,6;1071,49;6,53;7,51;26,07;635,76;1768,25
L003185;P002;U02;2026-01-18;721,56;642,39;4,66;5,47;10,09;235,52;1086,62
L003186;P001;U01;2025-06-11;1834,4;1773,76;11,45;10,42;58,53;773,17;4609,37
L003187;P008;U03;2024-01-06;347,12;333,51;2,2;2,28;10,08;199,22;713,63
L003188;P002;U01;2024-06-25;1174,05;1029,13;7,2;8,78;24,98;389,18;927,17
L003189;P006;U01;2026-06-29;769,95;779,44;5,8;7,46;4,53;455,23;1677,42
L003190;P003;U01;2026-05-16;347,5;330,13;2,37;2,78;7,93;172,18;893,26
L003191;P001;U01;2024-12-01;1292,26;1188,1;6,51;6,07;11,68;345,82;926,24
L003192;P004;U01;2026-07-01;991,8;871,74;6,84;7,88;2,95;419,46;1632,74
L003193;P004;U03;2025-03-05;507,26;515,57;2,77;3,25;19,24;289,0;1183,39
L003194;P006;U03;2025-12-14;745,4;745,85;4,9;6,1;13,04;263,64;1770,43
L003195;P004;U03;2026-01-29;315,63;303,84;2,09;2,48;12,82;171,71;827,79
L003196;P007;U01;2025-09-13;1303,84;1170,81;7,28;7,27;29,94;369,93;1552,43
L003197;P003;U01;2024-07-03;2022,68;1904,36;12,68;14,29;25,2;765,93;2313,61
L003198;P008;U01;2024-08-13;1716,57;1555,07;10,62;14,31;13,26;681,93;2332,46
L003199;P007;U01;2024-12-14;1571,55;1412,24;8,83;11,56;39,81;774,93;2794,12
L003200;P002;U01;2024-03-26;1834,41;1859,07;10,57;9,96;18,77;953,23;1348,14
L003201;P008;U01;2025-03-20;2076,34;2020,72;9,98;12,14;35,81;924,41;3590,35
L003202;P003;U03;2026-01-09;1681,17;1600,61;9,42;9,76;12,42;534,76;1233,59
L003203;P005;U03;2024-12-11;1696,53;1496,16;10,33;10,93;5,18;737,32;3286,64
L003204;P002;U03;2026-07-17;1836,18;1776,52;10,98;11,25;51,43;1007,75;3623,54
L003205;P004;U01;2025-04-03;1267,71;1236,93;6,18;7,57;25,83;360,65;2394,06
L003206;P008;U03;2024-08-29;1544,1;1578,9;7,66;8,63;17,91;681,47;3009,52
L003207;P004;U03;2024-08-21;419,64;413,35;2,3;2,17;18,49;152,46;491,84
L003208;P008;U03;2026-07-08;1904,83;1726,49;11,88;14,63;37,44;866,97;3791,03
L003209;P004;U02;2024-09-14;1765,71;1563,24;10,44;10,65;63,31;383,31;3106,49
L003210;P008;U03;2025-03-09;467,02;431,02;3,12;3,05;7,79;101,65;673,27
L003211;P004;U01;2025-09-11;1160,34;1055,49;6,02;7,21;25,43;274,63;2126,79
L003212;P006;U02;2024-02-08;512,77;508,21;2,89;2,68;2,14;187,25;1070,63
L003213;P003;U01;2025-06-25;1261,98;1162,03;7,95;10,08;33,63;558,62;2302,37
L003214;P008;U03;2025-11-19;1052,06;1051,02;6,79;8,52;3,67;479,0;1762,31
L003215;P002;U02;2024-06-05;272,49;259,15;1,69;1,63;11,41;157,32;541,59
L003216;P001;U01;2024-08-31;1549,4;1527,67;9,93;12,59;34,99;734,34;3344,91
L003217;P005;U03;2025-07-27;1220,12;1244,36;6,36;8,44;34,94;430,07;2283,27
L003218;P006;U01;2024-05-05;622,82;563,43;3,15;3,91;23,66;166,06;1511,18
L003219;P004;U03;2024-12-08;892,01;780,05;5,59;5,45;6,28;262,3;898,5
L003220;P006;U02;2025-12-30;1181,96;1044,99;7,26;7,92;41,13;520,48;921,01
L003221;P001;U01;2025-11-11;734,38;720,52;3,62;3,42;20,71;252,25;1434,55
L003222;P004;U02;2025-09-06;427,88;434,22;2,18;2,54;13,25;141,43;599,56
L003223;P006;U02;2025-12-16;821,52;817,79;5,02;6,48;15,51;488,93;594,69
L003224;P007;U03;2024-12-05;999,52;947,96;5,75;5,84;9,58;364,41;2165,92
L003225;P008;U01;2025-01-24;1318,66;1229,86;7,88;8,27;3,03;750,96;2312,86
L003226;P007;U01;2025-07-24;932,92;917,72;4,52;5,31;26,02;485,62;2317,44
L003227;P001;U01;2025-08-18;1963,47;1788,3;12,87;16,97;56,28;612,28;3200,09
L003228;P006;U02;2025-08-10;655,03;581,02;5,28;6,21;19,15;178,61;498,16
L003229;P003;U02;2026-03-29;1951,52;1988,58;10,68;13,61;30,25;1078,81;2334,78
L003230;P004;U02;2024-03-24;688,51;691,71;3,35;3,91;7,16;341,55;1791,04
L003231;P007;U01;2024-10-05;1327,11;1280,87;9,99;10,42;44,7;609,14;2702,48
L003232;P006;U01;2024-10-19;1431,59;1349,14;10,85;12,92;40,92;325,93;2505,13
L003233;P007;U01;2024-05-08;1641,86;1575,48;8,2;8,08;3,9;652,2;4227,5
L003234;P003;U01;2025-03-22;773,73;726,26;5,34;5,99;8,61;389,84;1759,31
L003235;P004;U01;2024-03-05;1811,2;1668,61;9,58;9,83;40,97;994,81;4260,94
L003236;P006;U01;2025-12-06;1299,57;1145,62;8,09;7,7;3,93;290,88;1957,82
L003237;P002;U02;2024-03-04;810,46;727,1;5,78;6,88;8,72;430,91;849,25
L003238;P001;U01;2024-05-23;430,0;437,04;2,46;2,41;5,29;254,6;373,16
L003239;P003;U03;2025-03-20;248,53;250,87;1,63;1,5;7,84;95,43;258,66
L003240;P002;U01;2026-05-10;1595,43;1487,76;10,36;11,74;59,58;715,36;1628,2
L003241;P001;U01;2025-03-09;1177,35;1103,32;6,37;8,05;48,33;537,66;837,13
L003242;P002;U01;2025-10-29;354,06;320,32;1,94;2,54;5,49;170,64;447,34
L003243;P003;U03;2024-11-27;1106,16;1084,74;6,35;8,28;11,25;513,62;2341,17
L003244;P005;U03;2024-12-10;1625,61;1437,45;9,64;12,03;49,71;425,65;3461,47
L003245;P003;U03;2024-01-20;477,66;462,5;2,45;2,21;1,52;227,37;1220,08
L003246;P004;U01;2025-10-26;1842,77;1616,47;13,93;13,2;33,08;373,62;3803,37
L003247;P005;U03;2026-01-22;1949,68;1833,32;10,5;12,62;74,85;410,88;4853,05
L003248;P006;U01;2026-07-11;1935,96;1931,14;9,24;11,93;64,72;892,99;4523,41
L003249;P003;U03;2025-02-16;706,52;635,49;4,54;4,55;3,8;384,11;1725,36
L003250;P001;U02;2025-04-28;1736,91;1707,59;13,65;13,03;26,71;879,71;2321,63
L003251;P005;U02;2026-01-03;484,4;442,44;3,09;3,44;15,19;236,79;349,31
L003252;P006;U01;2024-04-19;1469,97;1413,52;8,0;9,38;36,06;507,01;1642,69
L003253;P002;U02;2025-05-21;680,98;652,62;4,9;5,01;8,41;171,53;719,25
L003254;P006;U02;2025-11-25;1602,74;1503,09;9,23;11,38;31,11;752,02;1362,18
L003255;P003;U01;2025-07-19;1757,27;1686,1;8,4;9,16;22,12;849,82;3603,65
L003256;P007;U02;2024-12-22;2057,52;1883,51;10,37;10,39;49,53;933,47;2042,19
L003257;P002;U02;2026-03-30;1687,41;1646,5;11,4;10,41;2305,1;903,79;3720,22
L003258;P002;U02;2024-11-23;843,51;865,04;6,83;6,99;13,27;445,97;877,13
L003259;P008;U01;2026-06-05;277,0;247,43;1,49;1,59;5,92;105,88;648,33
L003260;P006;U02;2026-01-17;503,39;479,78;3,53;3,29;16,65;243,87;1033,66
L003261;P008;U02;2026-07-15;297,36;263,64;1,77;1,8;7,03;115,33;201,22
L003262;P005;U02;2026-01-08;1288,9;1204,8;7,63;6,89;5,89;410,02;1212,8
L003263;P005;U02;2026-03-31;222,0;196,17;1,12;1,43;4,39;48,87;423,18
L003264;P004;U03;2026-05-25;1094,59;1115,84;5,84;6,73;28,93;397,41;2009,96
L003265;P008;U01;2024-07-18;1008,2;897,47;6,71;8,77;30,82;211,11;1657,17
L003266;P003;U02;2024-10-10;1711,29;1731,32;9,3;12,28;77,77;634,99;2483,13
L003267;P008;U02;2025-03-09;478,88;450,5;3,5;3,46;18,08;224,38;1256,14
L003268;P001;U02;2024-10-18;1885,29;1801,69;9,26;9,72;79,72;998,97;1954,41
L003269;P004;U03;2025-08-25;806,28;737,09;5,44;6,22;31,21;252,55;729,62
L003270;P002;U03;2024-11-27;1004,25;951,04;8,26;8,21;38,46;414,98;2315,09
L003271;P008;U03;2026-03-19;2094,97;1997,41;15,58;16,35;46,06;1005,73;3846,6
L003272;P001;U02;2026-04-02;1762,25;1529,76;11,22;14,69;47,69;659,36;3122,98
L003273;P006;U03;2025-03-07;1204,62;1179,75;5,96;5,42;23,06;493,79;3288,65
L003274;P007;U02;2025-11-19;1731,95;1597,35;12,16;14,96;3,93;781,39;1661,16
L003275;P004;U01;2025-03-04;2166,79;2106,54;11,94;13,14;86,44;658,1;5880,34
L003276;P001;U01;2025-03-04;1567,54;1563,96;12,18;15,34;23,34;589,68;1351,54
L003277;P001;U01;2026-05-16;2067,97;2125,97;16,3;19,03;39,63;1259,97;4979,03
L003278;P001;U03;2025-10-27;956,46;937,11;6,76;7,51;23,49;455,64;998,9
L003279;P005;U03;2026-07-06;1450,58;1454,31;8,91;8,18;59,98;726,41;3221,06
L003280;P007;U03;2024-10-05;370,62;321,06;2,14;2,86;3,77;134,98;524,98
L003281;P001;U01;2025-10-07;1228,35;1115,35;9,56;11,86;26,14;269,95;1998,44
L003282;P002;U01;2025-06-01;1977,16;1783,48;14,82;14,52;28,9;1006,19;3736,77
L003283;P001;U02;2026-07-03;1280,22;1124,32;7,14;8,84;36,71;270,01;1186,88
L003284;P003;U01;2025-03-08;1691,94;1575,37;11,83;14,26;26,89;828,84;1442,27
L003285;P004;U03;2024-02-11;1989,19;1833,63;13,88;14,07;32,35;893,56;1353,81
L003286;P002;U03;2024-02-29;1957,0;1726,25;10,49;12,4;38,33;421,05;2505,92
L003287;P001;U03;2024-03-19;655,97;577,29;3,87;5,06;9,06;181,27;1387,37
L003288;P001;U01;2025-06-17;1886,29;1881,7;11,18;12,73;12,12;639,34;3055,81
L003289;P008;U02;2024-11-01;1583,7;1609,67;10,68;10,9;51,43;481,4;1186,43
L003290;P005;U02;2024-05-08;1735,04;1767,99;12,26;15,22;50,83;899,46;1780,02
L003291;P007;U01;2025-12-04;1063,02;1018,05;7,73;9,42;14,0;528,41;1459,85
L003292;P005;U01;2026-01-07;1787,13;1583,66;8,98;9,48;47,23;874,81;2367,27
L003293;P003;U01;2025-06-10;1842,63;1761,95;10,57;9,65;71,02;616,55;4350,84
L003294;P004;U01;2025-01-21;1903,0;1853,58;9,97;12,84;34,68;543,22;3723,7
L003295;P005;U03;2024-02-14;465,35;464,1;2,8;3,03;2,14;149,94;695,81
L003296;P005;U01;2026-07-08;901,1;808,41;6,71;8,47;19,16;472,69;1114,33
L003297;P004;U02;2025-07-18;1576,45;1371,24;9,64;11,2;5,77;485,97;2919,49
L003298;P005;U01;2026-02-05;1006,97;964,2;5,18;6,83;11,29;310,51;1023,08
L003299;P002;U03;2026-01-20;1276,03;1235,33;6,2;6,91;54,49;288,98;1114,54
L003300;P008;U02;2024-09-27;1300,23;1140,61;6,94;9,29;12,54;566,67;2629,8
L003301;P001;U02;2024-01-22;1270,62;1236,66;8,46;9,88;31,91;752,36;1798,65
L003302;P006;U01;2024-12-12;1627,0;1552,51;9,26;9,6;39,85;747,05;2112,28
L003303;P003;U03;2026-03-22;622,83;605,0;3,68;3,69;17,77;291,0;649,42
L003304;P006;U01;2025-12-04;1889,32;1790,27;12,66;16,76;72,24;850,3;4081,08
L003305;P005;U03;2025-04-09;1996,81;1972,85;9,92;10,43;42,08;1215,45;5463,68
L003306;P007;U02;2024-01-05;1843,66;1874,94;12,24;14,83;22,14;429,11;3582,5
L003307;P001;U02;2025-11-12;1105,68;1108,87;7,66;8,37;16,04;393,66;2456,32
L003308;P005;U03;2024-10-15;1552,02;1590,3;8,04;9,95;13,63;957,41;2295,87
L003309;P006;U03;2026-03-14;575,59;530,15;2,79;2,81;20,17;234,98;1288,64
L003310;P006;U01;2024-07-12;1747,8;1775,51;12,19;13,64;72,98;521,79;3884,27
L003311;P006;U02;2024-02-21;282,58;282,73;2,05;2,12;2,16;174,4;357,81
L003312;P005;U02;2025-08-24;1691,42;1644,94;9,64;10,99;69,61;505,22;3261,79
L003313;P004;U02;2024-11-06;660,58;628,64;4,09;4,48;20,46;316,18;1170,56
L003314;P001;U02;2024-11-27;532,86;475,21;3,03;4,03;18,76;194,01;421,46
L003315;P006;U03;2025-12-04;1635,75;1647,5;11,76;11,99;73,68;757,35;1655,49
L003316;P007;U01;2025-08-13;1406,69;1377,72;6,82;6,53;4,07;409,25;1366,81
L003317;P005;U01;2025-11-27;296,28;292,9;2,22;2,59;11,79;127,23;689,39
L003318;P008;U03;2024-07-09;1726,2;1696,56;10,72;10,5;24,33;611,43;4186,47
L003319;P006;U01;2026-01-16;487,99;446,16;2,35;2,75;6,04;123,06;872,77
L003320;P006;U01;2025-08-18;2108,22;1969,94;14,39;15,63;80,16;450,02;4163,71
L003321;P005;U03;2026-07-24;1480,24;1398,1;11,97;15,41;8,99;323,2;2908,85
L003322;P007;U02;2026-03-07;852,87;762,49;6,18;6,9;7,2;222,78;1875,75
L003323;P007;U01;2024-04-18;1370,58;1272,59;8,55;8,23;11,22;755,7;1279,74
L003324;P002;U02;2024-11-24;2027,9;1827,76;10,4;13,05;40,46;596,43;5088,27
L003325;P006;U01;2025-10-25;2141,11;2185,65;16,27;16,62;3059,91;991,71;3466,52
L003326;P001;U03;2025-02-12;782,41;747,41;5,4;6,94;18,91;414,41;846,6
L003327;P007;U02;2024-07-15;1420,6;1360,88;9,52;11,31;41,92;695,58;1670,22
L003328;P004;U03;2024-01-15;1983,02;1952,72;10,41;12,83;62,37;504,56;1800,67
L003329;P005;U01;2026-02-15;727,86;690,4;4,54;4,38;26,06;387,52;1366,43
L003330;P007;U03;2024-12-14;731,07;697,35;5,67;5,2;17,67;165,79;1950,86
L003331;P001;U02;2024-06-20;852,77;830,92;6,92;7,87;32,93;358,36;2226,36
L003332;P006;U01;2024-08-09;1050,73;907,57;8,26;9,85;26,02;366,14;2385,99
L003333;P006;U02;2025-04-14;206,91;199,81;1,1;1,02;7,83;66,86;556,75
L003334;P002;U01;2026-03-19;1546,15;1549,2;7,97;9,17;40,54;826,97;3797,58
L003335;P003;U01;2026-05-22;1086,55;1055,93;5,94;7,71;12,4;281,48;955,46
L003336;P006;U03;2024-08-15;1296,27;1184,64;6,83;6,66;15,63;321,44;1867,4
L003337;P008;U02;2025-02-18;767,95;706,93;3,96;4,56;16,33;394,02;1207,36
L003338;P005;U02;2025-03-26;401,93;367,16;2,2;2,0;6,85;118,37;268,1
L003339;P006;U03;2026-02-13;900,22;897,48;6,44;7,88;17,37;356,59;1940,25
L003340;P004;U02;2024-11-07;1592,23;1443,32;9,45;9,74;53,27;500,06;3891,06
L003341;P003;U02;2026-07-11;386,56;345,54;3,04;3,04;14,46;94,87;816,57
L003342;P008;U02;2024-08-15;1713,16;1671,93;13,45;13,6;62,81;994,75;3218,48
L003343;P003;U02;2024-08-26;1023,29;1035,05;5,52;6,75;41,74;431,06;868,09
L003344;P006;U02;2025-12-13;1580,15;1425,42;9,51;12,01;27,33;342,51;2317,34
L003345;P007;U03;2026-03-15;783,31;784,42;5,4;6,97;29,57;230,97;1663,13
L003346;P008;U01;2026-04-21;1100,16;1024,16;8,65;9,4;18,58;476,06;2001,31
L003347;P007;U02;2024-03-10;649,9;649,92;3,16;4,05;8,97;263,11;1653,45
L003348;P004;U02;2025-09-30;231,24;209,68;1,89;1,97;5,38;123,02;406,59
L003349;P007;U03;2025-11-07;807,33;732,55;4,69;4,28;8,39;351,84;807,64
L003350;P002;U01;2024-03-21;1351,96;1258,98;8,69;10,31;35,66;286,52;2412,0
L003351;P006;U01;2025-06-07;1639,38;1433,96;13,51;13,3;10,38;460,32;2148,03
L003352;P001;U01;2026-03-19;484,96;430,06;3,56;4,55;10,61;165,53;896,88
L003353;P001;U02;2025-04-02;538,43;503,15;2,71;2,82;16,11;307,68;1332,83
L003354;P006;U02;2024-06-30;623,81;614,83;3,67;4,92;2,0;278,11;698,23
L003355;P007;U02;2024-04-05;220,7;209,15;1,71;1,96;2,1;87,81;386,98
L003356;P007;U02;2024-10-06;998,31;936,53;6,97;8,63;9,87;350,66;1333,25
L003357;P004;U01;2024-02-20;1603,1;1511,02;9,04;10,41;33,52;611,14;4026,34
L003358;P004;U01;2024-11-28;764,19;682,88;3,73;3,73;3,84;415,79;720,67
L003359;P007;U03;2025-06-10;1860,92;1698,28;9,59;12,12;63,4;896,8;3149,82
L003360;P002;U01;2026-03-28;760,65;691,87;5,23;5,2;3,92;225,59;721,66
L003361;P002;U01;2024-08-02;684,97;618,32;3,27;3,77;16,74;219,23;1156,21
L003362;P007;U03;2024-10-16;2015,83;1958,74;10,93;11,49;75,89;1115,9;4588,23
L003363;P004;U02;2026-01-23;311,64;274,5;2,01;2,01;11,3;153,74;610,49
L003364;P008;U01;2025-12-31;988,26;903,79;7,84;9,77;37,55;438,15;2471,25
L003365;P002;U02;2026-03-07;887,31;852,59;6,11;7,26;10,54;326,07;1676,26
L003366;P007;U03;2025-01-23;1988,29;1931,17;11,49;11,68;32,83;894,4;3186,24
L003367;P003;U01;2025-07-11;1875,08;1614,31;10,46;11,98;49,93;390,69;2766,61
L003368;P005;U02;2024-06-22;1867,15;1870,17;10,28;11,24;24,65;455,38;1716,32
L003369;P001;U01;2025-10-03;2093,92;2066,87;16,12;21,13;59,44;482,9;5395,93
L003370;P007;U03;2024-04-27;1573,61;1535,56;10,91;12,12;20,71;902,46;2244,61
L003371;P005;U02;2024-11-02;1593,59;1381,99;7,95;9,83;27,29;466,07;3202,48
L003372;P001;U01;2024-01-23;1559,67;1400,26;10,17;10,16;37,19;839,49;3096,92
L003373;P007;U01;2026-01-18;423,04;420,69;2,05;2,62;13,36;126,5;957,75
L003374;P006;U02;2026-07-18;1121,07;1025,63;5,41;7,06;9,47;283,48;1939,91
L003375;P007;U01;2025-03-16;703,46;674,32;5,55;5,93;29,55;387,32;1743,93
L003376;P003;U03;2025-04-23;967,3;874,4;5,04;4,94;14,44;203,64;1486,69
L003377;P002;U01;2024-01-09;1671,27;1441,05;11,02;13,35;34,09;590,08;1318,71
L003378;P007;U01;2024-09-19;232,74;215,5;1,38;1,38;8,79;88,2;477,17
L003379;P004;U02;2025-09-23;2121,08;2041,6;14,84;13,99;58,55;674,15;5118,31
L003380;P005;U03;2024-06-09;1395,19;1266,11;7,9;9,45;42,79;318,11;1345,65
L003381;P003;U03;2026-07-02;1947,15;1921,6;10,53;14,08;66,5;502,72;5004,8
L003382;P004;U01;2026-02-11;226,78;205,76;1,61;1,63;8,37;75,82;532,36
L003383;P005;U02;2024-10-04;1192,96;1102,76;9,75;8,85;33,02;619,44;1177,09
L003384;P006;U03;2025-07-21;743,36;654,25;4,09;5,48;915,9499999999999;206,27;479,17
L003385;P003;U01;2025-08-27;897,04;820,86;6,81;7,09;1,8;483,13;1302,87
L003386;P002;U02;2025-06-30;1705,9;1562,95;9,48;11,17;7,34;492,44;2208,04
L003387;P006;U01;2026-07-31;1944,11;1908,67;15,69;19,44;58,87;972,57;4227,09
L003388;P001;U01;2026-05-17;1442,55;1439,09;7,04;9,23;11,92;547,44;2493,08
L003389;P005;U03;2025-07-26;515,41;522,79;3,63;3,61;16,01;230,09;432,21
L003390;P008;U03;2024-06-06;1112,71;1042,56;5,84;5,58;39,7;622,82;2358,49
L003391;P001;U03;2025-02-13;2044,42;1826,21;10,02;9,85;34,77;796,89;3056,64
L003392;P001;U02;2024-04-04;1230,23;1262,85;9,28;10,49;16,0;611,46;1059,76
L003393;P007;U02;2024-03-24;1206,18;1171,04;8,34;9,47;17,8;506,11;2123,97
L003394;P005;U03;2026-07-17;581,29;500,08;3,36;4,39;18,02;129,27;1295,68
L003395;P003;U01;2024-11-10;1511,99;1372,67;7,94;7,82;13,09;594,18;2987,21
L003396;P001;U01;2024-06-09;2049,23;1800,81;11,28;10,61;42,44;446,52;1574,16
L003397;P007;U03;2024-03-23;1795,18;1792,4;13,42;13,42;68,22;966,69;3042,47
L003398;P005;U01;2026-02-19;2193,27;1940,25;11,55;11,35;68,56;789,24;5404,46
L003399;P002;U01;2026-01-20;1300,3;1170,04;9,33;11,18;23,83;376,27;2226,12
L003400;P006;U02;2025-05-31;892,28;789,43;4,99;5,94;32,87;378,45;966,61
L003401;P005;U02;2026-05-31;290,9;278,39;1,97;2,57;2,38;148,66;596,53
L003402;P001;U02;2025-08-28;1368,95;1320,22;11,27;12,61;27,42;426,48;1421,15
L003403;P007;U03;2025-06-27;1668,71;1660,5;13,05;15,9;13,45;908,37;1422,91
L003404;P001;U02;2024-08-14;1273,81;1102,55;8,49;10,82;12,07;630,34;2694,75
L003405;P004;U01;2025-02-26;1160,28;1193,45;7,41;7,87;14,53;460,7;1513,69
L003406;P002;U01;2024-05-04;1874,08;1862,5;10,15;12,89;12,65;1154,43;4424,02
L003407;P001;U03;2026-02-27;1354,3;1229,62;10,01;13,42;6,47;556,1;1977,29
L003408;P002;U01;2024-07-08;1646,68;1628,5;8,39;8,51;29,53;509,62;3525,83
L003409;P005;U02;2026-02-05;313,61;292,67;1,6;1,67;5,44;154,77;259,2
L003410;P003;U01;2024-01-02;1043,81;1041,52;6,49;6,59;44,01;297,16;980,9
L003411;P006;U02;2024-12-16;2113,02;2085,17;14,89;14,6;23,55;648,7;5261,98
L003412;P007;U03;2026-02-15;232,32;209,1;1,51;1,88;9,36;95,45;583,01
L003413;P001;U02;2025-10-05;841,86;809,28;5,07;4,72;7,25;359,03;801,67
L003414;P006;U02;2024-06-06;1376,99;1402,97;6,73;7,51;14,34;535,19;3871,48
L003415;P002;U02;2026-05-28;221,74;203,23;1,64;1,57;5,28;61,37;272,33
L003416;P006;U02;2024-09-16;1067,14;1078,18;5,92;6,07;3,89;413,06;1045,48
L003417;P007;U02;2026-06-20;953,54;896,24;4,6;5,02;3,12;209,51;2206,71
L003418;P002;U02;2025-02-04;1510,35;1315,06;8,41;10,68;55,2;703,62;2839,01
L003419;P006;U03;2024-11-24;1225,13;1165,98;10,12;10,43;19,43;279,77;978,24
L003420;P004;U02;2025-02-13;868,62;869,64;5,9;6,71;19,69;378,44;2004,46
L003421;P002;U02;2025-06-30;469,73;420,42;2,42;2,27;2,63;138,39;901,75
L003422;P002;U01;2025-05-01;1306,1;1273,43;8,95;11,75;16,83;784,06;1527,34
L003423;P005;U03;2025-04-24;1305,44;1156,51;6,72;7,76;41,95;254,65;2688,53
L003424;P008;U01;2025-07-22;1343,14;1357,53;7,14;7,1;20,06;659,45;3043,92
L003425;P006;U02;2025-04-12;1221,84;1179,62;7,37;8,04;31,91;287,78;1605,46
L003426;P005;U01;2025-07-27;1990,84;1844,74;12,28;16,24;15,85;442,82;4778,08
L003427;P003;U01;2024-10-11;1870,45;1903,12;9,53;10,57;56,7;497,34;1714,88
L003428;P001;U01;2026-04-05;1859,49;1712,78;14,9;18,87;37,8;585,13;1440,57
L003429;P001;U01;2025-10-04;315,8;302,19;2,14;2,6;10,03;105,07;723,21
L003430;P006;U03;2026-01-21;1795,02;1596,76;12,95;15,31;8,05;854,25;3331,89
L003431;P007;U01;2026-04-10;1197,12;1175,08;6,65;7,21;3,24;510,68;1203,99
L003432;P005;U01;2024-06-19;2184,67;2070,22;10,6;11,02;79,65;1274,32;4044,24
L003433;P003;U02;2026-01-27;1233,55;1184,74;6,04;5,79;39,95;338,32;2915,7
L003434;P002;U03;2025-06-05;1405,63;1282,02;8,84;11,85;3,11;587,35;1778,39
L003435;P007;U02;2024-03-08;656,64;606,67;3,35;3,15;19,76;185,53;1169,88
L003436;P002;U03;2024-02-18;295,72;258,57;2,15;2,43;10,9;67,18;693,03
L003437;P003;U02;2025-06-07;1192,76;1153,73;8,58;8,69;4,59;318,91;1537,46
L003438;P006;U03;2024-05-09;1054,61;967,1;6,28;7,69;12,72;299,26;1843,2
L003439;P008;U02;2025-11-06;1330,86;1198,69;8,6;8,7;17,88;508,5;2655,95
L003440;P004;U01;2024-09-07;1714,02;1651,23;12,93;13,5;30,65;627,99;3796,94
L003441;P007;U01;2024-01-28;1936,61;1880,02;11,38;14,56;43,88;1041,37;3510,58
L003442;P004;U01;2024-05-30;852,86;747,33;4,32;3,96;1046,262;342,59;1997,65
L003443;P002;U02;2024-06-11;1459,07;1257,23;12,02;14,71;24,71;661,1;3138,79
L003444;P008;U02;2026-06-18;495,51;430,29;2,85;2,59;2,5;209,81;804,48
L003445;P005;U02;2025-08-30;1488,89;1403,38;8,23;9,13;59,93;381,49;2851,73
L003446;P008;U03;2024-06-28;1107,87;993,93;7,33;8,88;6,23;458,2;2639,07
L003447;P001;U03;2025-01-31;887,6;851,18;6,03;6,32;11,98;278,32;1553,24
L003448;P008;U01;2025-05-17;2039,32;1943,41;10,33;13,94;18,92;438,72;3570,83
L003449;P007;U03;2024-10-26;1904,91;1722,31;11,95;12,37;44,05;798,37;2537,65
L003450;P008;U02;2024-03-04;715,02;616,52;4,72;4,55;22,21;189,18;1355,24
L003451;P002;U01;2026-05-09;585,21;520,47;3,25;4,21;4,83;266,1;972,52
L003452;P004;U01;2026-07-05;2036,25;1889,72;10,74;11,06;62,47;878,28;4505,65
L003453;P007;U03;2024-11-11;1023,45;931,68;6,89;8,21;38,78;220,65;2521,28
L003454;P005;U03;2026-04-07;359,8;325,67;1,84;2,37;3,16;170,0;500,86
L003455;P007;U03;2025-01-01;1031,03;1055,14;5,41;5,64;20,58;518,32;1411,71
L003456;P001;U01;2026-02-18;713,48;720,07;3,41;3,9;19,16;244,19;622,31
L003457;P007;U01;2026-04-29;1546,67;1439,16;7,6;9,22;40,29;482,01;1555,19
L003458;P006;U01;2025-07-13;1087,58;963,91;6,99;9,39;20,23;438,41;959,79
L003459;P008;U02;2026-04-01;1126,03;1067,64;6,24;6,61;14,72;401,81;2902,83
L003460;P006;U02;2024-10-02;1748,7;1572,33;10,68;10,76;36,25;411,96;3387,24
L003461;P008;U03;2025-01-10;1902,51;1653,26;9,61;11,64;15,78;721,82;2096,96
L003462;P002;U02;2024-01-28;594,88;577,31;3,31;3,58;9,01;299,64;1146,23
L003463;P005;U03;2024-09-25;1858,83;1616,6;11,56;12,58;30,7;452,81;1727,19
L003464;P002;U02;2025-08-05;1936,41;1884,03;12,04;15,83;9,62;902,37;2027,87
L003465;P005;U02;2026-02-11;1673,33;1633,38;10,49;10,47;2286,732;438,18;1464,78
L003466;P005;U02;2026-06-06;1562,48;1350,41;9,33;9,36;21,1;615,53;3556,7
L003467;P003;U01;2024-05-18;1031,66;1030,34;6,87;6,51;28,35;368,45;1975,68
L003468;P001;U01;2024-09-22;486,32;470,57;2,36;2,39;8,56;193,42;335,3
L003469;P002;U03;2024-04-04;1092,77;1008,26;8,79;11,64;2,68;533,64;1282,11
L003470;P005;U01;2025-09-26;1485,43;1524,05;7,67;7,81;54,61;378,51;1399,51
L003471;P006;U02;2024-08-23;2007,81;2043,52;12,61;16,46;12,2;503,93;3335,65
L003472;P005;U02;2024-07-03;324,17;332,58;1,58;1,61;14,93;114,86;694,01
L003473;P007;U02;2026-05-16;1709,18;1493,6;10,17;9,99;41,34;702,59;3991,61
L003474;P001;U03;2024-08-06;1111,34;1075,08;7,93;8,16;24,19;525,17;2537,5
L003475;P006;U01;2025-08-16;1738,92;1531,52;13,69;17,79;30,84;629,23;3104,38
L003476;P006;U02;2025-08-05;1888,45;1717,35;14,58;14,01;34,97;613,11;3002,31
L003477;P006;U03;2025-07-01;1257,33;1159,56;6,76;8,49;7,35;355,01;2481,58
L003478;P002;U01;2025-05-26;1169,19;1197,47;5,87;7,74;53,65;270,49;1411,68
L003479;P008;U01;2024-07-16;1221,25;1063,5;7,86;10,17;1488,8999999999999;335,38;2027,16
L003480;P006;U01;2026-05-16;1694,32;1555,27;12,1;14,11;14,51;888,55;3286,77
L003481;P002;U03;2025-02-12;761,94;765,64;4,95;5,33;32,04;441,95;881,43
L003482;P003;U03;2025-10-11;1997,74;1774,96;10,8;13,72;67,17;449,86;3906,94
L003483;P008;U02;2025-04-28;1063,73;961,64;7,2;7,52;38,93;309,26;1945,18
L003484;P006;U03;2024-02-28;1531,25;1400,28;8,85;8,56;26,83;755,34;2287,65
L003485;P004;U01;2024-04-14;1834,37;1879,2;15,07;18,92;25,16;629,32;1819,75
L003486;P007;U02;2024-02-07;1067,07;987,5;5,42;6,01;8,41;459,89;2759,05
L003487;P006;U02;2025-06-27;855,82;829,48;4,93;5,04;22,37;442,02;1669,91
L003488;P003;U03;2024-03-22;1650,32;1543,51;10,97;11,47;32,83;663,4;1654,68
L003489;P006;U02;2024-04-19;747,67;730,29;3,68;4,7;13,81;402,95;574,42
L003490;P001;U02;2026-02-20;2002,36;1755,0;13,99;14,18;75,08;758,79;1500,82
L003491;P006;U02;2024-04-20;930,99;914,91;5,65;6,9;6,51;500,94;1908,59
L003492;P004;U02;2024-09-05;1467,51;1442,81;8,01;10,71;49,3;804,73;1201,8
L003493;P003;U03;2024-10-27;1606,13;1622,37;10,23;13,14;33,91;422,19;2985,66
L003494;P004;U01;2024-03-11;1264,52;1153,62;9,47;10,28;41,97;433,62;975,09
L003495;P003;U03;2024-01-16;1658,26;1689,8;10,13;12,26;73,75;1034,41;2083,47
L003496;P004;U02;2024-08-14;1487,24;1303,48;8,02;9,32;57,51;500,53;2152,54
L003497;P008;U02;2025-01-12;1651,79;1671,51;9,98;9,25;24,34;550,07;2409,57
L003498;P005;U01;2024-04-04;526,61;482,32;3,3;4,27;12,72;117,24;617,63
L003499;P003;U03;2025-04-03;441,44;389,92;2,11;2,74;12,3;222,42;314,22
L003500;P005;U02;2024-02-18;2151,19;1955,0;16,96;17,32;46,27;508,43;4371,88
L003501;P006;U01;2024-06-28;238,31;219,18;1,58;1,88;9,42;134,9;162,72
L003502;P008;U01;2024-09-26;1572,83;1367,57;11,4;13,42;27,85;572,59;1965,0
L003503;P008;U01;2025-09-11;1478,15;1332,56;7,8;7,58;10,29;504,53;1486,49
L003504;P007;U03;2026-06-02;1776,02;1732,42;11,11;12,53;58,35;1001,87;4523,03
L003505;P004;U03;2024-05-09;1851,26;1739,14;11,54;11,82;39,31;1009,62;2609,86
L003506;P004;U01;2026-07-14;1521,79;1515,8;9,93;12,54;68,09;829,77;1279,93
L003507;P002;U03;2025-05-03;1380,73;1234,49;9,26;8,66;31,85;735,28;1353,2
L003508;P007;U02;2024-08-19;879,15;884,46;4,97;5,47;29,83;210,94;1929,02
L003509;P003;U03;2024-04-02;1947,14;1681,04;10,13;10,9;43,06;834,77;3931,65
L003510;P004;U03;2026-01-08;2136,25;1922,53;14,2;14,52;68,8;976,25;3313,25
L003511;P001;U01;2025-11-30;1058,07;950,37;6,03;5,97;18,26;426,97;2442,87
L003512;P003;U01;2026-04-13;1053,75;1065,17;5,91;6,08;4,01;524,36;2875,84
L003513;P008;U01;2024-02-23;1976,35;2023,03;12,75;14,14;41,11;918,81;3066,1
L003514;P002;U01;2026-04-08;946,12;857,93;5,0;6,56;31,65;436,36;2049,96
L003515;P004;U01;2024-07-22;2067,5;1989,13;15,59;16,83;69,82;813,36;5156,32
L003516;P005;U03;2025-08-25;742,83;725,23;3,83;4,84;6,78;248,11;1607,29
L003517;P002;U01;2026-02-13;2198,06;2139,7;10,99;11,1;27,84;1006,96;2684,85
L003518;P008;U01;2026-05-03;1379,43;1207,42;10,9;9,91;1690,388;411,06;3159,05
L003519;P005;U01;2025-08-21;708,31;646,75;4,48;4,14;10,51;234,11;1100,99
L003520;P006;U03;2026-07-31;1978,82;1853,13;12,87;15,42;61,0;1110,83;3411,65
L003521;P008;U03;2025-12-23;603,77;538,53;4,5;5,11;1,4;301,78;643,74
L003522;P002;U01;2025-02-05;2030,94;2019,48;14,25;13,94;46,82;1049,56;5056,74
L003523;P005;U03;2024-12-08;2192,66;2056,96;17,92;23,74;28,55;1251,26;2038,05
L003524;P003;U02;2024-07-12;1180,66;1152,48;9,11;11,48;15,54;418,38;1118,63
L003525;P006;U03;2024-02-05;2177,76;2028,16;11,71;12,3;68,13;528,48;5547,48
L003526;P004;U01;2026-01-25;2066,97;1844,99;9,89;12,45;59,36;468,59;4671,38
L003527;P002;U03;2025-04-29;1704,14;1561,83;9,67;11,42;35,6;904,33;2013,56
L003528;P006;U02;2024-12-29;266,51;253,17;1,29;1,16;6,83;119,87;417,16
L003529;P006;U01;2024-05-03;1387,08;1310,16;9,9;11,3;35,35;322,34;2254,73
L003530;P002;U01;2024-08-08;1799,2;1602,45;9,76;9,92;6,48;650,72;3167,05
L003531;P004;U01;2024-05-19;210,34;184,66;1,21;1,26;2,1;104,72;253,53
L003532;P007;U02;2024-02-09;1564,17;1438,28;8,19;8,12;37,33;414,4;3899,55
L003533;P008;U02;2025-01-17;1679,4;1711,3;9,62;12,82;47,11;379,24;3848,1
L003534;P003;U02;2024-04-13;652,35;632,04;5,29;6,82;26,97;325,45;653,39
L003535;P003;U02;2026-01-02;520,3;527,54;3,66;4,01;19,28;285,44;1196,28
L003536;P006;U02;2024-06-19;1634,58;1540,61;11,17;13,07;51,64;414,1;4277,41
L003537;P006;U01;2025-02-13;1953,2;2005,15;12,98;14,31;83,94;994,55;1421,44
L003538;P007;U01;2025-08-17;1490,52;1384,51;7,84;8,91;43,29;510,56;3726,2
L003539;P007;U02;2025-03-10;714,86;659,67;3,51;3,47;22,45;145,5;1756,22
L003540;P005;U02;2024-10-20;1651,54;1581,48;8,47;9,39;53,13;947,02;1769,42
L003541;P007;U01;2025-09-19;1755,03;1594,71;8,91;11,15;44,95;924,01;2295,33
L003542;P001;U03;2026-04-23;321,88;296,1;1,74;1,82;13,03;125,42;785,63
L003543;P005;U02;2024-09-18;1935,31;1862,96;14,15;18,75;38,65;875,85;2097,4
L003544;P005;U01;2024-10-23;1615,88;1427,5;11,25;11,79;1998,4999999999998;524,42;1256,79
L003545;P001;U01;2026-05-01;1821,35;1661,34;13,6;12,47;8,33;932,76;3258,13
L003546;P007;U02;2025-02-14;356,25;321,11;2,7;3,57;7,54;142,45;498,74
L003547;P002;U02;2025-07-28;383,8;351,07;2,79;2,66;13,72;109,82;813,69
L003548;P002;U01;2026-02-28;719,03;625,5;3,64;4,16;19,11;363,76;476,43
L003549;P006;U03;2026-02-15;1088,52;943,19;5,53;5,38;40,13;479,21;1253,68
L003550;P001;U03;2026-04-06;2178,98;2017,56;12,05;11,46;26,71;786,74;4964,85
L003551;P002;U01;2025-01-23;1425,4;1266,56;6,97;6,43;48,32;457,04;1093,46
L003552;P003;U03;2026-04-14;1597,55;1454,0;8,77;10,5;47,08;754,37;3171,33
L003553;P003;U01;2024-03-03;1729,34;1576,51;11,36;10,92;14,28;369,26;3359,36
L003554;P002;U03;2024-01-20;329,59;312,3;1,87;1,8;1,52;84,01;816,22
L003555;P002;U01;2024-06-14;865,44;780,59;6,12;8,22;32,33;285,21;620,46
L003556;P004;U03;2025-02-19;829,01;826,53;6,08;7,93;28,78;342,7;1601,92
L003557;P001;U03;2025-10-25;452,18;425,78;2,37;2,32;13,23;188,63;689,06
L003558;P005;U01;2025-11-09;2071,8;1867,24;14,54;17,75;31,16;857,53;3675,36
L003559;P004;U01;2026-06-18;1038,4;1003,1;6,67;7,43;24,85;568,15;1624,93
L003560;P003;U02;2025-02-21;1538,49;1329,33;8,05;9,58;28,35;498,27;1346,64
L003561;P008;U03;2026-06-19;524,69;499,64;3,26;3,97;13,18;117,77;935,4
L003562;P003;U02;2025-05-23;750,58;727,77;5,31;5,09;3,74;220,49;660,63
L003563;P005;U02;2024-02-27;1479,55;1420,9;9,6;8,67;36,2;447,45;1029,38
L003564;P001;U03;2025-10-14;675,17;622,67;3,52;3,8;5,13;149,39;1252,87
L003565;P008;U02;2025-05-24;395,71;355,59;2,92;3,6;15,41;167,02;931,03
L003566;P008;U03;2024-11-24;813,28;762,73;5,62;7,22;33,67;232,41;1466,7
L003567;P007;U01;2026-04-17;500,12;468,85;2,47;2,34;20,48;266,91;755,79
L003568;P008;U01;2026-07-04;1947,7;1775,04;15,46;14,96;33,26;475,93;1850,39
L003569;P008;U02;2025-11-27;1661,25;1486,43;10,55;10,14;30,65;498,21;2845,37
L003570;P001;U02;2025-05-09;1405,16;1215,38;7,52;7,44;24,3;463,02;2788,4
L003571;P001;U01;2024-03-20;1210,72;1224,84;8,13;7,57;47,93;484,18;1515,61
L003572;P005;U01;2025-01-06;1813,31;1782,12;12,75;12,48;13,88;394,44;1790,4
L003573;P003;U01;2024-07-20;409,46;376,96;2,02;2,68;2,19;173,86;885,57
L003574;P003;U03;2024-05-25;1130,12;1002,86;6,73;6,69;31,75;425,01;1825,7
L003575;P001;U03;2024-03-26;1367,65;1321,04;9,37;11,4;13,85;651,24;2026,82
L003576;P005;U02;2026-05-25;2075,6;1922,89;11,58;14,04;50,66;1061,08;1983,49
L003577;P006;U03;2024-08-08;1271,03;1102,84;9,99;9,8;28,35;586,67;2470,29
L003578;P001;U03;2024-09-21;1151,36;1177,61;8,88;11,19;2,36;513,12;2523,09
L003579;P002;U02;2026-06-25;2128,51;2030,31;14,74;19,78;90,51;469,59;1963,05
L003580;P001;U03;2024-12-21;1761,77;1783,65;10,59;12,32;12,68;491,79;1545,62
L003581;P004;U03;2024-01-27;1584,05;1439,28;10,07;11,49;25,0;665,71;3661,15
L003582;P006;U02;2026-07-06;2074,05;1989,51;15,95;16,99;65,99;794,06;3712,87
L003583;P008;U03;2025-04-29;884,45;910,47;4,32;4,03;25,42;511,52;1464,65
L003584;P006;U01;2024-05-12;1722,52;1575,74;10,47;9,69;43,69;606,14;2822,47
L003585;P008;U03;2025-01-12;976,05;950,33;5,44;7,19;32,04;501,86;2455,04
L003586;P005;U03;2026-01-22;1165,6;1042,13;6,7;8,66;7,8;239,47;1726,23
L003587;P007;U02;2024-02-07;2035,38;2013,68;9,93;10,41;41,91;1137,04;2796,92
L003588;P005;U01;2024-10-20;1854,48;1679,55;15,31;14,01;43,4;782,36;1776,89
L003589;P002;U01;2026-06-07;215,99;208,1;1,08;1,2;7,55;114,75;564,39
L003590;P002;U01;2026-07-05;218,14;203,98;1,55;1,95;8,82;73,91;505,28
L003591;P008;U02;2024-03-03;1170,49;1162,44;7,87;8,84;17,98;518,46;1947,03
L003592;P007;U02;2025-03-02;2107,32;1989,31;10,6;14,05;49,88;815,86;2810,34
L003593;P001;U03;2026-02-03;786,76;689,15;4,69;5,27;1,42;384,05;1919,73
L003594;P008;U03;2024-04-23;2036,6;2084,54;10,38;13,34;41,58;1047,29;3281,59
L003595;P006;U02;2024-11-20;1900,0;1771,29;9,23;11,68;52,23;757,5;3395,5
L003596;P005;U03;2026-04-02;1542,96;1524,08;9,66;11,18;28,35;774,42;2847,43
L003597;P004;U02;2024-02-02;987,02;862,78;7,81;9,28;10,63;312,29;2326,17
L003598;P002;U02;2026-04-18;1963,9;2010,14;9,56;9,83;2814,196;514,76;3479,68
L003599;P004;U03;2024-04-05;1129,11;1080,98;5,95;7,97;44,81;359,44;1396,17
L003600;P005;U01;2025-12-20;590,23;518,01;4,78;4,41;3,14;271,52;387,95
L003601;P001;U01;2025-04-13;1761,42;1779,62;10,3;10,05;50,04;1009,69;4965,76
L003602;P002;U02;2025-03-13;1898,3;1811,88;14,61;16,01;44,46;443,52;2038,35
L003603;P005;U02;2025-12-03;1289,43;1202,34;9,89;11,34;38,27;306,06;1331,68
L003604;P007;U02;2025-07-17;1759,39;1597,76;9,16;9,3;60,41;733,71;2262,15
L003605;P003;U01;2025-12-01;473,73;473,81;3,4;3,18;16,61;121,01;382,71
L003606;P002;U01;2026-03-12;1550,14;1416,34;12,09;11,08;15,49;502,18;2674,14
L003607;P004;U02;2025-12-30;234,0;229,53;1,5;1,8;2,49;121,98;302,02
L003608;P001;U01;2026-01-16;1657,13;1649,52;9,52;12,29;50,52;563,64;2994,5
L003609;P001;U01;2025-10-03;1682,75;1494,01;12,56;14,15;47,53;756,98;1157,28
L003610;P004;U01;2024-09-19;677,12;659,73;4,04;4,42;2,7;318,95;1749,74
L003611;P006;U01;2025-09-18;581,46;585,79;3,55;3,62;20,05;235,61;702,97
L003612;P008;U03;2026-01-12;810,69;797,52;4,63;4,33;21,5;283,9;883,73
L003613;P002;U01;2025-04-25;1325,65;1175,0;8,88;9,43;37,1;453,06;2858,51
L003614;P002;U02;2024-04-20;293,0;261,47;1,47;1,33;3,86;80,55;623,67
L003615;P003;U03;2026-07-17;1998,83;2028,36;10,34;11,19;65,57;527,56;5242,86
L003616;P007;U03;2024-05-12;1565,57;1388,4;7,6;10,23;28,78;397,57;1743,5
L003617;P006;U01;2025-10-11;1706,31;1618,01;8,91;8,75;35,72;842,05;1194,89
L003618;P003;U02;2025-03-19;1536,67;1358,44;8,1;10,07;19,23;484,65;2129,84
L003619;P004;U01;2026-07-07;424,91;406,92;2,12;2,19;17,88;150,94;935,63
L003620;P003;U03;2025-02-11;1425,06;1380,49;8,05;10,64;61,42;825,91;3474,81
L003621;P007;U03;2024-07-11;1591,84;1629,93;7,71;8,44;71,55;782,62;4002,76
L003622;P002;U02;2024-02-28;1774,05;1695,22;13,22;12,42;13,0;488,04;1425,26
L003623;P003;U01;2025-11-18;1093,45;980,84;8,13;9,83;38,28;603,55;836,65
L003624;P003;U02;2025-02-22;2198,0;2013,53;13,42;14,65;85,79;811,52;5149,22
L003625;P007;U03;2025-02-13;478,31;417,58;3,44;4,09;8,68;223,75;993,87
L003626;P001;U03;2024-04-23;1336,79;1329,17;9,33;12,22;35,38;494,47;2238,51
L003627;P005;U02;2024-02-17;2187,0;1936,88;14,29;18,97;44,56;618,57;3539,47
L003628;P005;U03;2025-08-07;1180,0;1118,9;7,24;8,36;36,23;556,68;2413,26
L003629;P005;U01;2026-07-17;1474,24;1468,27;8,95;8,25;39,17;493,63;3101,36
L003630;P006;U02;2026-01-21;1833,26;1795,37;11,18;12,9;72,38;692,43;3070,65
L003631;P008;U03;2025-11-18;799,52;714,29;5,94;5,46;5,81;185,97;1363,01
L003632;P008;U02;2024-05-18;1767,79;1681,27;11,19;14,51;59,84;907,97;2413,32
L003633;P007;U03;2024-10-22;921,85;834,43;4,8;5,87;31,3;199,66;1256,36
L003634;P008;U01;2024-07-01;2004,78;1814,24;13,33;13,98;73,04;736,49;2647,35
L003635;P002;U02;2026-07-04;239,2;220,76;1,87;2,32;3,32;57,34;310,04
L003636;P004;U02;2025-05-09;591,0;607,93;3,33;4,23;10,14;282,27;1028,26
L003637;P004;U03;2026-03-24;1488,75;1366,71;8,19;10,7;26,72;674,14;1943,48
L003638;P002;U03;2024-12-26;1568,16;1560,71;10,36;11,16;33,16;618,11;2219,99
L003639;P007;U02;2024-02-05;564,39;507,06;2,99;2,92;13,21;257,31;667,75
L003640;P001;U01;2026-06-16;259,95;258,62;1,59;2,08;5,09;115,36;645,26
L003641;P005;U02;2024-03-30;331,57;325,81;1,66;2,14;6,56;115,28;834,66
L003642;P001;U01;2025-04-10;840,64;821,9;5,39;6,77;29,95;395,81;1760,05
L003643;P005;U03;2025-09-01;1370,39;1400,72;8,23;7,81;36,92;830,53;3551,65
L003644;P001;U01;2025-10-30;928,68;916,01;5,51;5,21;15,03;489,29;1176,63
L003645;P005;U03;2026-06-06;1373,41;1214,71;6,59;7,39;33,38;486,7;3225,98
L003646;P008;U03;2025-02-27;769,17;687,8;5,82;7,63;21,25;329,67;1489,38
L003647;P006;U02;2024-06-04;2084,66;2022,36;15,61;17,05;33,95;632,6;3200,59
L003648;P001;U01;2026-06-28;1622,66;1581,99;9,19;12,14;13,77;528,25;3229,77
L003649;P004;U02;2024-10-12;236,67;233,97;1,32;1,65;4,51;92,22;568,86
L003650;P002;U01;2026-04-10;937,96;860,8;5,94;7,3;14,69;419,93;1511,09
L003651;P006;U03;2025-09-27;397,9;399,6;1,98;1,93;4,85;163,64;514,15
L003652;P004;U02;2024-11-23;1741,96;1614,82;14,26;19,05;32,36;564,02;1231,48
L003653;P008;U03;2024-12-28;1192,62;1171,38;8,4;8,64;14,98;322,6;855,07
L003654;P005;U01;2026-03-09;1471,89;1440,87;7,56;9,39;4,82;431,17;3388,28
L003655;P002;U02;2026-04-12;833,09;734,6;6,87;7,18;12,23;196,19;862,83
L003656;P005;U02;2024-05-01;309,91;292,36;2,01;1,93;7,42;82,05;781,46
L003657;P006;U01;2025-03-21;452,43;402,98;3,17;3,03;12,6;226,59;827,96
L003658;P002;U01;2025-10-19;462,61;438,57;3,45;3,71;10,62;184,66;842,4
L003659;P003;U03;2024-04-29;1958,89;2001,98;11,57;15,45;49,66;1232,36;3816,95
L003660;P005;U02;2025-07-13;378,27;370,22;2,21;2,2;15,2;122,83;983,82
L003661;P007;U02;2024-10-20;1754,14;1535,23;10,65;10,67;55,41;784,35;3608,81
L003662;P003;U02;2025-05-04;2016,86;2046,37;15,58;17,81;81,42;640,95;4612,1
L003663;P005;U01;2026-01-13;2192,17;1906,72;16,92;16,36;11,06;1053,53;3654,05
L003664;P005;U02;2024-01-03;1372,74;1222,97;9,97;10,9;2,83;558,5;2444,75
L003665;P008;U01;2025-08-28;777,99;748,83;3,86;4,13;11,93;421,81;1974,1
L003666;P002;U03;2025-01-15;1317,09;1269,34;9,77;11,82;50,38;367,47;2511,04
L003667;P007;U01;2026-04-28;1823,05;1721,51;9,43;10,47;41,73;591,98;4374,57
L003668;P007;U02;2025-11-24;490,04;483,57;3,57;3,6;13,26;262,77;1223,83
L003669;P005;U02;2024-11-19;1389,7;1318,96;6,64;7,75;56,25;715,26;2063,5
L003670;P005;U03;2026-05-31;2070,04;1912,26;10,09;10,53;47,22;1004,31;2227,38
L003671;P007;U02;2025-07-11;1279,17;1317,18;9,58;11,16;57,0;802,33;2624,0
L003672;P003;U02;2024-07-11;1913,82;1791,8;14,38;16,52;69,5;563,05;4593,25
L003673;P004;U02;2024-07-15;1647,67;1503,1;9,16;9,06;46,19;719,6;3875,33
L003674;P002;U03;2024-01-28;708,08;670,45;3,91;4,71;29,72;199,06;1834,87
L003675;P005;U03;2025-03-08;439,96;392,72;2,62;3,45;17,23;172,44;980,45
L003676;P005;U01;2025-01-26;1567,66;1553,4;11,57;14,8;43,23;556,06;3029,28
L003677;P006;U02;2025-03-07;2194,71;2080,78;12,1;15,24;4,22;1035,17;4522,35
L003678;P003;U01;2026-06-09;790,68;757,56;4,16;4,36;26,68;179,08;1662,42
L003679;P005;U01;2025-03-01;1030,69;1044,33;5,8;5,61;13,19;306,86;1286,52
L003680;P003;U01;2024-07-10;1695,18;1728,78;8,31;11,1;20,75;907,64;4420,62
L003681;P003;U01;2024-11-21;1369,02;1217,07;6,52;7,43;14,57;563,12;2373,15
L003682;P002;U03;2025-03-31;1992,16;1905,02;13,57;16,04;45,5;924,54;2645,71
L003683;P002;U02;2026-01-08;1383,52;1401,03;9,25;10,05;59,55;828,1;2009,61
L003684;P007;U02;2026-02-28;2040,24;1858,79;10,09;11,92;40,8;601,11;1948,58
L003685;P006;U01;2025-03-15;799,03;783,27;6,56;6,61;10,42;402,7;938,22
L003686;P004;U01;2025-12-04;986,21;850,84;5,21;5,71;35,64;420,41;2013,24
L003687;P007;U02;2026-01-19;1147,0;1102,61;8,6;11,05;38,7;618,71;1633,63
L003688;P003;U01;2025-06-23;1401,98;1398,01;7,83;7,09;5,12;776,26;1754,34
L003689;P005;U02;2024-05-31;1999,98;1994,83;10,23;12,16;19,72;1150,57;5384,31
L003690;P007;U01;2024-11-25;551,51;479,13;4,09;5,33;21,18;110,81;1064,72
L003691;P005;U02;2026-01-24;958,58;847,84;5,5;6,79;12,36;250,57;2310,09
L003692;P001;U02;2026-07-04;841,32;787,65;4,19;5,46;23,46;304,24;1269,04
L003693;P007;U03;2024-06-08;2082,62;1888,25;12,42;12,73;15,1;1168,66;2509,43
L003694;P006;U02;2025-11-04;819,13;728,95;3,92;4,6;28,73;423,01;854,47
L003695;P005;U03;2025-04-03;2192,99;2138,34;14,53;13,33;9,59;713,84;4970,29
L003696;P004;U01;2024-05-24;1300,08;1295,64;6,56;7,33;21,72;474,54;3581,06
L003697;P008;U03;2026-03-17;1530,03;1387,73;11,89;12,26;40,29;648,89;2998,14
L003698;P006;U02;2024-08-26;929,04;839,01;5,25;6,38;21,72;345,7;1364,69
L003699;P007;U02;2026-05-08;1107,68;1138,28;5,3;5,61;24,51;413,35;1489,15
L003700;P004;U02;2024-02-25;986,63;975,67;6,87;7,97;20,93;256,14;2597,16
L003701;P004;U01;2024-04-26;1068,73;1095,4;6,06;7,1;35,08;506,46;2062,46
L003702;P005;U03;2026-04-22;768,75;787,04;3,89;5,08;3,56;205,23;1841,69
L003703;P006;U03;2026-03-12;764,33;775,37;4,22;4,45;15,06;217,0;1192,08
L003704;P002;U02;2024-02-27;915,74;872,85;6,12;6,78;22,42;261,65;1965,8
L003705;P005;U01;2026-07-17;1023,07;969,39;8,37;8,35;4,6;234,75;1708,01
L003706;P007;U03;2025-02-23;2023,46;2033,79;11,86;11,88;52,97;1187,03;2904,27
L003707;P001;U02;2024-12-22;1456,84;1494,77;8,28;9,37;22,87;624,37;2497,8
L003708;P002;U01;2026-07-14;915,89;938,73;4,49;4,08;4,12;408,72;2131,0
L003709;P007;U01;2025-12-28;1440,2;1481,07;8,28;8,88;8,64;667,62;3741,69
L003710;P006;U02;2025-09-10;1408,66;1353,86;8,36;9,86;34,67;446,59;3775,89
L003711;P006;U03;2026-07-14;1978,51;1859,29;14,26;15,05;9,87;1022,11;4503,17
L003712;P006;U03;2025-02-18;371,05;377,07;2,63;3,24;5,41;200,73;611,55
L003713;P004;U03;2026-03-12;441,63;437,57;2,61;3,2;1,49;139,01;382,29
L003714;P007;U02;2026-06-14;1056,56;1053,18;6,86;7,38;17,2;622,77;773,65
L003715;P005;U02;2024-09-04;1516,17;1402,29;9,11;8,7;59,17;551,21;2325,39
L003716;P006;U02;2026-04-15;602,34;555,8;3,01;3,33;22,22;222,58;1317,37
L003717;P007;U03;2024-03-09;1877,18;1930,53;12,36;15,44;29,89;979,51;2374,55
L003718;P007;U02;2026-04-09;394,47;394,79;2,55;3,15;16,34;87,33;1071,8
L003719;P004;U02;2026-02-04;1983,74;1941,72;16,41;18,07;46,39;677,24;5429,98
L003720;P008;U03;2026-06-26;2164,1;2009,11;12,33;15,65;89,76;1242,75;3234,71
L003721;P003;U01;2025-05-17;1501,78;1392,4;8,76;9,74;47,81;370,89;3281,64
L003722;P004;U01;2026-05-13;1552,55;1519,04;12,4;14,94;44,67;749,41;1583,74
L003723;P004;U01;2025-08-31;1236,07;1253,09;7,24;6,62;24,6;688,88;2109,04
L003724;P004;U03;2026-07-06;489,64;470,86;2,47;3,2;20,43;189,52;381,21
L003725;P003;U01;2025-07-04;351,73;314,61;2,34;2,96;10,88;84,15;592,16
L003726;P007;U01;2024-07-08;2033,82;1911,66;13,88;15,18;37,67;756,69;3772,97
L003727;P007;U01;2026-03-27;1362,0;1294,94;8,78;11,42;1812,916;528,7;2528,65
L003728;P001;U02;2025-05-17;468,45;478,29;3,01;3,81;3,97;157,9;1112,39
L003729;P006;U03;2024-07-05;612,57;604,56;2,93;3,51;10,35;200,74;998,65
L003730;P007;U01;2025-12-30;1895,97;1765,29;9,45;11,35;76,1;867,92;1377,56
L003731;P001;U03;2024-03-10;890,33;869,2;4,77;5,71;13,36;425,85;1339,94
L003732;P003;U03;2026-07-28;656,92;568,98;3,99;3,72;18,55;186,67;954,25
L003733;P008;U03;2025-04-03;1948,26;1768,53;10,32;12,31;72,84;727,11;2072,67
L003734;P008;U03;2024-03-07;771,83;749,31;4,31;5,04;4,69;303,5;1983,42
L003735;P005;U02;2024-05-13;332,67;329,55;2,07;2,37;12,09;150,36;888,47
L003736;P008;U03;2026-04-21;354,01;308,72;1,8;2,15;9,3;93,84;597,29
L003737;P005;U03;2024-02-14;1435,09;1445,36;8,5;8,92;8,46;409,48;3293,75
L003738;P005;U03;2024-12-17;1935,31;1921,09;11,61;10,92;69,78;692,82;2636,89
L003739;P006;U02;2025-03-07;438,61;389,72;2,5;2,32;10,5;102,11;526,46
L003740;P002;U02;2024-03-14;1740,41;1645,91;10,81;10,41;19,92;854,81;3433,24
L003741;P006;U03;2024-02-13;1404,23;1380,72;7,76;7,05;55,71;401,24;2586,87
L003742;P008;U03;2025-11-27;591,76;603,55;3,02;2,77;26,39;153,23;1310,75
L003743;P003;U01;2025-06-30;944,93;883,77;5,44;5,09;36,58;426,31;1259,02
L003744;P003;U02;2026-01-26;1027,54;942,92;7,74;7,21;11,9;528,5;1351,56
L003745;P004;U02;2026-03-31;362,3;356,58;1,88;1,81;14,71;119,9;351,75
L003746;P004;U01;2024-09-12;1141,01;1156,25;7,31;9,0;3,22;515,1;2886,17
L003747;P008;U03;2025-08-19;1051,05;1051,27;7,34;9,32;28,82;593,05;1188,91
L003748;P007;U01;2026-07-02;460,96;451,22;2,63;2,91;7,48;111,07;1134,34
L003749;P006;U02;2026-07-08;1817,1;1615,1;12,48;13,87;30,87;660,56;2594,44
L003750;P005;U02;2024-09-05;509,71;461,28;3,66;4,9;1,62;211,04;1207,36
L003751;P004;U03;2024-07-19;356,55;328,42;2,81;2,94;7,98;94,99;460,45
L003752;P004;U03;2026-07-27;2130,71;1841,8;13,39;12,56;21,68;809,07;3399,11
L003753;P002;U01;2024-01-25;1252,44;1233,13;8,14;7,45;36,97;272,8;2254,73
L003754;P004;U03;2025-10-10;216,08;219,55;1,71;1,75;5,06;80,2;306,65
L003755;P003;U03;2025-06-10;262,06;241,22;1,61;2,17;1,31;140,36;293,91
L003756;P006;U03;2025-06-27;1003,38;886,51;5,26;6,47;11,11;318,47;1513,14
L003757;P003;U03;2024-03-04;362,06;329,01;1,91;2,16;4,27;98,8;855,1
L003758;P006;U02;2024-05-09;1273,4;1298,37;9,41;12,21;3,96;540,31;3458,74
L003759;P004;U01;2026-04-16;1846,41;1698,04;13,84;14,94;8,2;716,19;2978,99
L003760;P005;U03;2026-01-06;448,14;410,2;2,17;2,12;13,61;124,57;941,86
L003761;P004;U02;2025-11-26;1800,11;1557,53;9,88;11,65;41,66;603,97;3861,33
L003762;P008;U02;2024-01-07;709,06;664,19;4,81;5,15;3,27;238,86;534,17
L003763;P008;U01;2024-07-17;387,23;336,32;1,95;1,8;13,96;151,75;923,66
L003764;P005;U03;2025-05-31;1718,2;1765,99;10,08;12,86;70,5;858,13;1742,63
L003765;P001;U01;2025-06-29;2148,34;2065,59;11,76;11,75;32,53;503,17;2205,32
L003766;P006;U02;2025-09-10;1599,24;1640,78;10,25;10,61;15,71;894,2;3743,56
L003767;P003;U02;2026-07-06;392,05;341,64;2,2;2,11;9,68;123,07;489,68
L003768;P001;U02;2026-07-09;294,78;300,53;1,52;1,5;10,19;143,39;456,58
L003769;P001;U01;2024-12-29;1974,02;1868,74;10,6;11,77;8,79;1004,32;5210,86
L003770;P006;U02;2025-01-13;1418,27;1346,08;8,57;11,48;57,79;617,42;2758,13
L003771;P005;U01;2026-06-16;1121,63;1032,24;5,83;7,82;39,46;493,83;825,46
L003772;P001;U03;2026-04-11;276,72;269,22;2,01;2,65;4,02;95,61;314,97
L003773;P007;U02;2025-05-25;1860,47;1896,27;8,95;8,97;31,94;855,7;2412,48
L003774;P006;U03;2024-06-24;526,27;462,33;3,84;5,05;6,89;285,29;363,76
L003775;P004;U03;2024-10-17;2198,85;2000,4;13,87;13,01;72,69;661,82;2397,35
L003776;P004;U03;2025-01-18;1445,94;1387,13;7,87;7,28;61,6;428,78;1466,91
L003777;P007;U03;2024-09-14;1934,35;1919,28;12,65;13,56;51,18;455,54;1883,57
L003778;P008;U02;2024-12-25;1213,07;1179,58;6,91;7,12;26,73;698,08;2310,58
L003779;P008;U01;2024-06-04;304,17;286,09;1,52;1,69;1,57;137,8;377,76
L003780;P005;U02;2025-08-17;794,67;784,89;4,43;4,26;10,59;480,31;781,78
L003781;P004;U03;2026-02-11;1412,46;1268,61;11,4;11,36;23,43;461,66;2092,9
L003782;P007;U02;2026-07-23;1315,36;1193,05;9,35;12,08;5,39;544,3;2811,79
L003783;P007;U01;2026-02-17;2028,34;1963,58;11,88;11,91;7,27;845,18;4385,94
L003784;P008;U01;2024-06-07;231,16;204,13;1,14;1,29;8,81;73,44;377,68
L003785;P008;U03;2024-06-23;1412,46;1415,33;8,47;8,64;40,9;422,14;2889,63
L003786;P003;U02;2026-01-12;1309,2;1205,87;6,79;8,87;35,38;436,38;3072,37
L003787;P002;U02;2025-05-16;792,38;794,14;4,44;5,94;23,97;445,74;779,68
L003788;P004;U02;2024-03-11;1974,18;1968,03;13,8;17,69;85,8;755,82;4232,82
L003789;P005;U02;2024-08-14;1219,69;1093,96;6,21;5,63;41,42;450,31;1165,88
L003790;P002;U01;2024-07-04;1685,4;1658,59;11,88;11,13;5,14;912,17;3245,1
L003791;P007;U02;2024-12-16;815,0;788,87;4,97;4,94;25,96;214,68;2158,34
L003792;P003;U02;2024-02-01;750,19;647,88;4,81;5,45;14,93;286,65;1209,27
L003793;P004;U02;2025-01-10;1901,18;1771,39;12,5;14,63;42,88;1097,02;2147,68
L003794;P001;U02;2024-08-28;296,97;278,72;2,26;2,47;4,77;142,86;619,84
L003795;P007;U01;2025-11-12;1520,82;1431,55;10,72;13,37;17,79;503,39;1820,96
L003796;P005;U03;2026-05-12;216,28;221,76;1,15;1,55;7,36;55,24;609,5
L003797;P008;U02;2024-10-15;2101,67;1992,54;12,32;12,39;57,69;524,74;4546,08
L003798;P001;U03;2025-02-17;256,11;261,71;1,92;2,06;5,91;87,05;422,37
L003799;P001;U02;2025-12-26;219,92;222,06;1,16;1,47;3,12;136,91;549,81
L003800;P007;U02;2025-06-11;208,23;191,75;1,17;1,2;3,36;55,09;494,38
L003801;P007;U01;2025-03-06;1915,26;1825,16;10,43;12,57;73,56;548,87;3105,07
L003802;P003;U03;2025-12-11;1970,75;1830,68;15,37;19,37;61,97;755,29;2812,15
L003803;P007;U02;2025-07-20;1234,95;1245,18;6,13;8,17;5,56;460,97;2231,17
L003804;P003;U03;2025-01-05;1799,84;1587,35;13,53;16,73;12,5;866,7;1581,51
L003805;P006;U01;2024-01-22;1297,92;1227,92;7,04;8,16;34,75;458,14;3416,49
L003806;P005;U02;2026-02-01;2077,36;1988,5;11,71;15,6;77,43;772,31;2098,75
L003807;P001;U02;2024-09-15;2040,94;1900,73;11,92;15,04;12,96;1023,64;4786,54
L003808;P001;U03;2024-09-02;1373,26;1236,97;9,25;10,73;11,24;382,04;2281,85
L003809;P006;U03;2025-06-26;2154,7;2055,61;14,7;16,28;27,7;1199,7;2724,39
L003810;P002;U01;2025-08-16;613,79;625,98;5,04;6,17;10,73;181,58;570,13
L003811;P005;U03;2024-02-15;1158,31;1039,58;8,6;11,2;37,4;619,57;1331,33
L003812;P007;U03;2024-10-14;2007,97;1908,32;11,24;11,48;35,9;1108,82;3751,74
L003813;P003;U01;2025-12-24;1287,48;1205,67;7,76;7,21;44,33;354,71;1656,99
L003814;P006;U01;2025-07-29;1199,09;1048,39;8,69;9,85;32,98;520,39;2233,08
L003815;P002;U02;2024-10-17;1507,77;1412,71;7,51;8,54;51,23;779,28;1382,29
L003816;P001;U03;2024-07-22;1654,92;1454,64;8,99;8,91;54,58;466,77;2840,36
L003817;P001;U01;2025-08-17;988,74;943,01;5,03;6,55;1320,214;317,21;2394,44
L003818;P008;U01;2024-11-29;499,05;450,02;3,92;4,78;2,99;163,68;330,41
L003819;P006;U03;2024-12-31;1593,12;1588,88;12,54;16,09;63,29;610,29;3222,07
L003820;P002;U03;2025-02-28;1215,23;1141,35;8,97;9,28;17,63;666,01;3067,83
L003821;P006;U03;2026-06-06;1407,37;1301,3;11,03;10,9;8,35;560,85;2664,95
L003822;P008;U01;2025-10-04;2001,48;2014,0;15,57;20,68;56,75;1050,0;2257,36
L003823;P005;U01;2024-06-08;1109,86;991,2;6,43;6,2;27,02;498,16;2697,16
L003824;P003;U03;2024-02-27;529,87;492,54;3,39;4,35;20,27;244,06;378,65
L003825;P002;U02;2024-12-26;823,06;846,79;5,71;6,88;28,5;257,39;862,74
L003826;P003;U02;2024-09-08;784,95;788,89;4,57;5,06;21,41;277,87;1958,03
L003827;P003;U02;2025-03-28;1818,56;1646,17;9,72;11,25;50,79;558,43;3502,43
L003828;P006;U03;2024-10-16;291,06;268,15;2,05;2,57;1,83;72,25;233,83
L003829;P001;U02;2025-04-25;426,18;409,61;3,07;3,95;1,63;219,27;600,57
L003830;P001;U02;2025-08-28;1397,86;1317,82;10,29;12,88;12,43;661,15;3495,22
L003831;P002;U03;2026-02-18;790,36;713,23;6,31;6,98;18,98;235,09;1375,73
L003832;P003;U01;2026-03-27;1892,39;1723,93;15,64;20,25;43,69;934,9;4400,74
L003833;P002;U01;2024-04-23;658,34;666,02;3,72;4,82;29,05;189,25;1097,36
L003834;P006;U01;2025-03-02;1192,17;1115,16;7,08;8,57;25,38;661,22;1844,97
L003835;P004;U03;2024-01-28;2132,35;1884,91;17,14;22,16;71,28;1000,68;3685,85
L003836;P001;U03;2024-09-19;1760,04;1515,58;11,06;10,44;53,68;497,69;3356,85
L003837;P007;U03;2025-04-13;527,44;465,4;3,09;3,62;20,92;284,9;614,87
L003838;P005;U01;2024-09-25;2104,07;1928,22;11,17;12,65;20,36;784,33;4657,11
L003839;P005;U01;2026-07-09;740,05;730,88;5,51;6,88;22,67;378,42;637,09
L003840;P007;U02;2024-02-02;994,76;991,81;7,07;6,4;14,19;600,33;1848,92
L003841;P004;U02;2024-03-16;751,25;656,58;5,45;5,78;12,47;167,39;1060,37
L003842;P007;U02;2025-03-20;1321,69;1314,39;10,27;9,86;56,81;800,78;2067,12
L003843;P008;U01;2024-09-01;1073,24;1080,7;6,46;7,69;17,35;526,84;1136,27
L003844;P001;U03;2025-04-21;1359,8;1312,55;10,2;9,63;16,46;639,24;3048,53
L003845;P004;U03;2026-03-10;1017,67;970,08;5,48;4,95;3,04;334,6;2619,78
L003846;P004;U02;2026-07-30;1812,87;1573,19;8,65;9,54;66,59;532,52;1429,0
L003847;P006;U02;2024-11-09;498,16;428,76;2,86;3,45;17,21;104,75;746,85
L003848;P006;U03;2025-04-28;875,01;787,02;6,38;5,93;22,4;178,92;965,84
L003849;P006;U03;2024-06-07;492,22;480,43;2,54;2,74;20,36;236,33;669,59
L003850;P006;U03;2025-06-10;1350,07;1177,75;8,4;10,32;3,61;260,97;1311,76
L003851;P003;U03;2026-07-29;213,81;184,91;1,17;1,42;7,81;44,55;460,63
L003852;P002;U03;2025-10-15;1870,79;1905,94;9,23;11,58;50,97;1070,55;2514,65
L003853;P005;U03;2026-06-24;545,24;487,75;2,76;3,63;12,48;216,63;965,3
L003854;P008;U03;2025-04-16;513,44;483,41;2,91;3,46;2,16;241,36;753,95
L003855;P006;U02;2026-07-18;1606,22;1635,09;10,38;13,33;42,81;758,12;3216,65
L003856;P003;U03;2026-01-16;1526,14;1341,36;9,65;8,93;36,06;717,39;3261,18
L003857;P008;U01;2025-12-28;440,23;411,55;2,68;3,19;10,17;209,77;736,54
L003858;P001;U02;2026-01-11;935,75;917,39;5,19;4,73;35,02;262,93;707,71
L003859;P002;U03;2024-05-23;1083,11;1020,23;8,06;7,74;39,49;239,18;2347,23
L003860;P004;U03;2026-06-24;1699,02;1666,48;8,41;10,7;34,1;911,25;4293,67
L003861;P008;U03;2025-12-09;876,39;788,73;5,67;6,71;19,06;175,24;1143,47
L003862;P007;U03;2026-07-08;1812,44;1822,16;10,49;12,17;38,31;837,43;2161,64
L003863;P008;U01;2024-10-01;1598,02;1415,03;12,72;16,72;33,8;314,77;2136,01
L003864;P003;U02;2026-02-09;740,11;673,65;5,47;7,12;17,31;154,35;1829,62
L003865;P004;U01;2025-09-21;629,23;623,87;4,31;5,06;5,17;156,43;1452,05
L003866;P006;U01;2025-09-10;2062,99;1844,5;13,4;12,92;2582,2999999999997;971,09;4164,27
L003867;P003;U01;2024-11-24;624,54;632,48;4,89;5,39;26,32;216,18;628,95
L003868;P001;U02;2024-08-05;327,76;303,69;1,61;1,64;1,65;93,82;369,29
L003869;P002;U03;2025-05-19;2053,92;1829,51;10,48;13,93;76,98;609,71;3792,95
L003870;P007;U03;2024-06-04;1375,43;1247,41;8,8;8,2;32,23;500,11;1177,3
L003871;P006;U02;2025-11-06;1621,79;1621,69;10,22;10,96;45,44;426,47;3701,32
L003872;P002;U01;2024-01-11;512,77;500,81;3,99;5,12;17,3;237,58;1016,04
L003873;P006;U02;2025-02-27;575,36;569,15;2,78;3,74;6,21;136,06;1310,63
L003874;P006;U02;2025-09-15;1857,05;1895,26;10,54;12,65;12,42;722,38;1639,05
L003875;P005;U02;2024-09-28;943,93;896,38;6,37;6,55;24,79;238,15;1080,03
L003876;P001;U03;2025-10-17;1681,81;1452,15;8,77;11,02;6,17;661,61;2330,92
L003877;P001;U01;2024-09-29;875,33;761,1;7,29;8,45;3,38;403,02;1484,1
L003878;P007;U03;2024-10-31;1124,41;1086,97;5,63;7,08;7,62;430,37;2920,02
L003879;P002;U01;2025-08-07;1090,04;1088,0;8,01;8,67;23,36;293,43;1502,53
L003880;P004;U01;2025-08-10;333,96;305,89;2,05;2,08;12,04;166,8;784,72
L003881;P004;U01;2024-03-12;1597,06;1499,6;8,53;9,33;63,72;380,44;3629,62
L003882;P005;U01;2024-04-30;766,04;764,64;5,37;6,72;28,45;309,21;977,25
L003883;P004;U02;2024-01-03;502,12;493,01;2,86;2,83;17,65;177,5;1006,03
L003884;P002;U01;2024-02-29;1775,6;1598,84;9,0;8,53;48,68;555,07;3982,72
L003885;P001;U01;2025-02-11;1230,2;1089,74;7,15;9,34;12,43;508,64;2431,55
L003886;P007;U03;2024-03-02;1154,7;1034,77;5,94;7,23;2,24;519,42;1590,29
L003887;P002;U02;2025-01-24;895,81;773,52;5,55;5,43;24,87;312,91;883,16
L003888;P007;U03;2025-03-25;858,38;866,26;4,52;5,61;22,3;331,89;2407,9
L003889;P001;U02;2024-03-17;333,53;316,51;1,9;1,85;10,1;145,38;349,01
L003890;P004;U01;2025-09-06;1501,38;1332,67;7,56;7,16;34,42;412,94;1607,1
L003891;P006;U01;2025-04-30;1219,48;1223,09;7,42;9,86;18,02;574,09;2578,88
L003892;P005;U03;2025-11-23;1077,85;1038,39;5,36;5,01;11,63;490,76;1184,6
L003893;P005;U02;2026-07-15;1949,35;1837,01;16,23;20,35;37,79;444,81;4885,26
L003894;P002;U01;2025-08-05;234,84;203,38;1,18;1,07;0,64;61,2;182,45
L003895;P007;U02;2024-10-26;1991,09;1772,07;12,45;16,63;25,01;690,07;3528,28
L003896;P004;U02;2024-10-10;1004,94;1030,39;7,66;9,92;41,95;550,5;2177,06
L003897;P008;U03;2024-12-21;1432,76;1272,93;8,35;9,11;21,96;708,28;3154,17
L003898;P002;U02;2026-03-16;924,43;826,16;6,58;8,58;7,25;425,12;2091,32
L003899;P001;U03;2024-01-03;306,11;274,63;1,74;1,58;7,13;156,39;683,76
L003900;P007;U01;2025-08-16;774,26;718,02;4,11;5,4;5,12;353,95;809,37
L003901;P001;U02;2025-02-18;1286,11;1230,45;6,38;7,1;47,39;605,59;2580,16
L003902;P007;U02;2024-04-27;1409,13;1342,72;10,4;10,69;14,69;654,26;1455,36
L003903;P008;U01;2024-10-10;1807,45;1572,55;11,78;13,79;20,36;669,98;1527,22
L003904;P004;U01;2024-08-17;2055,4;1770,59;15,69;18,87;50,31;883,22;2102,21
L003905;P001;U03;2024-09-26;1851,95;1672,95;9,02;10,85;7,14;772,3;4578,11
L003906;P002;U02;2025-02-18;901,81;871,62;4,98;5,8;18,25;338,69;720,54
L003907;P003;U02;2024-06-03;1618,15;1548,02;10,68;11,69;34,33;661,27;3985,51
L003908;P007;U01;2024-02-13;615,05;613,45;3,62;3,35;9,39;282,45;823,49
L003909;P001;U01;2024-03-06;278,41;271,52;1,43;1,69;9,31;82,91;425,12
L003910;P003;U03;2024-04-10;2029,3;2055,26;9,99;11,54;12,86;528,05;2024,21
L003911;P002;U02;2024-07-08;1688,54;1702,08;11,63;15,48;2382,912;844,4;1877,75
L003912;P001;U01;2025-06-27;2005,96;1902,9;11,42;14,43;58,41;897,56;4193,88
L003913;P004;U01;2025-06-19;552,67;509,09;3,08;3,06;16,18;162,01;783,55
L003914;P008;U03;2024-02-12;350,15;307,13;1,98;2,62;4,92;154,91;696,37
L003915;P002;U03;2025-08-22;1615,57;1577,32;10,63;12,45;41,02;651,24;3179,72
L003916;P008;U02;2025-11-22;380,4;383,04;2,61;2,44;10,78;226,83;339,06
L003917;P008;U01;2024-11-23;1548,76;1567,0;7,61;9,14;67,81;647,06;1204,83
L003918;P005;U02;2026-05-28;691,03;683,34;3,31;3,51;10,63;396,88;479,17
L003919;P002;U02;2024-11-08;358,21;331,62;2,66;2,5;8,73;105,57;697,65
L003920;P001;U03;2024-12-25;1158,57;1060,0;7,79;8,65;46,16;460,41;2527,11
L003921;P002;U01;2025-06-20;427,45;404,54;2,35;2,81;3,44;157,11;1027,26
L003922;P004;U02;2024-03-04;488,98;456,95;3,87;4,74;18,09;194,71;475,75
L003923;P007;U02;2026-03-21;1508,15;1448,71;7,52;7,97;39,57;341,9;1164,95
L003924;P007;U01;2025-02-19;326,04;295,87;1,94;1,98;6,9;122,83;250,83
L003925;P004;U03;2025-06-25;1983,01;1716,21;11,94;15,18;8,23;989,72;1713,67
L003926;P005;U02;2025-08-31;975,37;911,2;4,82;6,4;12,85;531,33;804,05
L003927;P004;U02;2025-12-07;1386,36;1216,01;7,39;9,76;45,62;672,0;3031,01
L003928;P005;U03;2024-01-20;2128,29;2091,07;10,62;9,8;28,83;1102,33;3801,67
L003929;P004;U03;2024-05-21;716,34;671,91;5,27;5,88;15,78;199,62;1634,29
L003930;P006;U02;2025-01-08;953,79;906,92;5,89;5,75;7,47;353,15;681,35
L003931;P008;U03;2024-06-12;673,89;644,69;4,6;4,14;25,71;370,99;1588,28
L003932;P006;U03;2025-10-26;1297,6;1330,43;9,09;8,41;20,95;314,28;3160,56
L003933;P003;U03;2024-05-23;841,92;861,65;4,63;5,21;12,44;365,41;1082,09
L003934;P005;U01;2025-12-01;496,57;471,42;2,65;3,35;16,93;253,86;1313,25
L003935;P001;U03;2026-05-11;1355,11;1180,35;11,28;13,11;25,59;349,43;1658,99
L003936;P008;U01;2025-02-12;540,36;495,52;4,45;4,38;15,55;153,62;1038,65
L003937;P001;U01;2024-06-27;760,62;700,3;4,06;5,12;31,22;285,53;1509,81
L003938;P004;U03;2024-03-28;856,89;778,01;5,28;5,51;25,04;394,73;712,89
L003939;P001;U01;2024-05-16;1999,93;1819,8;11,3;13,58;46,56;699,59;4752,37
L003940;P006;U01;2025-06-29;1276,77;1306,02;9,63;11,5;34,85;593,06;2079,64
L003941;P007;U02;2026-05-16;2087,66;1959,51;15,21;20,32;44,69;546,83;2716,24
L003942;P002;U01;2024-04-23;1851,77;1781,85;13,17;11,98;11,41;650,6;1427,77
L003943;P001;U01;2024-05-21;1726,86;1494,71;14,11;17,75;12,41;454,44;3589,31
L003944;P008;U03;2025-03-01;1365,31;1215,21;8,62;10,56;31,58;721,24;1414,13
L003945;P001;U02;2024-01-21;1740,37;1569,53;8,61;11,28;13,09;375,06;3683,41
L003946;P008;U02;2024-03-06;1522,02;1428,8;7,53;8,06;43,39;341,13;1969,38
L003947;P007;U01;2024-01-06;329,03;301,33;1,91;2,06;5,44;119,29;285,16
L003948;P002;U02;2024-10-30;913,82;913,54;4,98;6,42;30,44;436,46;1358,42
L003949;P001;U01;2024-09-26;2132,94;2112,81;17,11;20,25;59,55;788,86;2312,97
L003950;P003;U03;2026-04-14;1125,09;1086,86;9,31;12,16;44,15;312,84;1285,29
L003951;P008;U01;2026-04-22;1699,0;1628,37;12,12;11,13;40,1;497,2;3698,55
L003952;P008;U02;2024-04-16;914,62;893,13;6,67;6,94;31,03;368,62;1144,34
L003953;P001;U02;2025-11-08;1096,95;1004,57;6,94;8,53;20,76;237,73;2572,23
L003954;P001;U03;2025-03-16;1839,15;1656,96;14,21;18,04;14,61;792,75;1641,14
L003955;P006;U03;2025-05-18;1379,26;1329,84;7,42;9,53;53,62;524,3;3096,05
L003956;P001;U02;2025-06-16;1748,99;1683,27;11,48;10,37;75,07;634,87;4377,37
L003957;P001;U01;2026-03-19;2169,81;1979,15;13,17;16,9;28,52;831,62;2802,13
L003958;P001;U02;2025-10-04;607,38;587,22;3,09;2,78;15,83;200,3;1608,09
L003959;P003;U02;2025-12-25;1709,68;1572,81;8,63;8,75;52,25;375,39;2103,25
L003960;P004;U01;2026-02-04;923,89;902,24;4,52;4,09;1263,136;221,69;2376,09
L003961;P006;U03;2025-03-19;1909,43;1698,17;13,8;17,93;47,54;1013,76;1837,82
L003962;P004;U01;2025-07-28;1421,56;1397,3;10,77;13,59;7,51;763,4;3118,54
L003963;P001;U01;2024-12-19;1567,56;1569,43;9,67;10,96;7,09;432,94;3567,0
L003964;P005;U03;2026-05-17;2187,29;1971,14;11,67;11,48;48,09;463,36;3433,6
L003965;P007;U02;2024-01-06;2057,41;1794,31;12,56;15,81;18,77;933,49;5002,53
L003966;P008;U03;2025-01-16;1879,88;1632,48;13,67;16,22;30,6;456,32;3279,05
L003967;P004;U02;2026-02-28;1317,88;1223,67;10,33;11,51;24,49;281,34;3399,98
L003968;P003;U01;2024-11-23;1977,2;1808,97;10,73;11,39;66,47;832,14;4377,86
L003969;P006;U02;2024-01-25;349,22;318,63;1,79;1,76;3,32;116,77;351,27
L003970;P008;U01;2026-03-26;1456,42;1487,05;7,29;8,38;54,32;649,18;1654,3
L003971;P004;U01;2026-03-23;1700,21;1736,0;11,89;10,74;42,09;582,8;3754,93
L003972;P008;U01;2025-07-28;1211,09;1058,4;7,48;8,71;1481,76;595,16;1284,94
L003973;P001;U01;2025-06-23;333,7;331,39;2,07;2,51;9,68;91,42;528,46
L003974;P008;U01;2024-09-26;1948,3;1793,82;12,5;13,94;53,07;685,12;1692,34
L003975;P001;U01;2025-01-17;1897,91;1798,19;14,35;14,09;65,1;1020,88;2771,22
L003976;P005;U02;2025-09-19;420,5;425,01;2,04;2,25;10,59;97,67;639,47
L003977;P008;U01;2026-01-18;1075,28;976,85;5,44;4,93;32,0;518,81;1697,43
L003978;P004;U02;2025-07-16;1379,13;1188,62;7,41;7,34;37,03;658,09;1602,74
L003979;P003;U02;2025-11-26;303,61;299,87;1,68;1,97;10,69;118,98;376,2
L003980;P003;U01;2026-05-23;407,53;376,43;2,11;2,48;16,65;148,1;925,8
L003981;P006;U02;2025-10-18;1384,73;1278,35;11,47;12,59;48,12;714,35;1014,19
L003982;P007;U03;2024-04-18;1563,72;1500,63;10,05;11,8;34,69;360,89;2388,27
L003983;P004;U02;2024-08-20;567,15;511,08;3,28;3,4;16,96;142,27;1376,57
L003984;P004;U02;2025-09-19;464,29;472,59;2,34;2,99;4,07;209,76;940,17
L003985;P003;U03;2024-02-02;1756,38;1782,9;9,49;11,35;51,65;508,15;3267,86
L003986;P004;U02;2024-11-29;1236,57;1253,58;8,57;8,28;55,62;485,14;1710,09
L003987;P003;U03;2024-11-05;1598,13;1504,29;11,42;12,65;38,36;764,7;4033,08
L003988;P003;U01;2024-04-15;343,68;298,97;1,71;2,23;8,76;102,83;645,34
L003989;P005;U01;2025-03-20;460,57;457,55;2,31;2,55;16,89;255,24;416,11
L003990;P006;U02;2024-09-25;1302,04;1156,01;9,86;12,83;12,28;465,16;2747,29
L003991;P002;U02;2024-02-18;749,47;648,25;4,65;5,5;13,84;236,3;1471,2
L003992;P004;U01;2025-09-02;586,64;565,26;4,67;5,23;6,5;167,49;835,99
L003993;P005;U03;2024-02-15;524,09;453,49;2,66;3,46;10,5;227,12;1187,6
L003994;P008;U01;2024-02-28;1889,93;1846,56;15,21;19,73;47,51;491,06;1565,26
L003995;P004;U03;2026-07-22;905,35;926,81;4,88;5,06;34,74;488,8;1724,99
L003996;P008;U03;2024-06-06;1912,59;1896,63;11,83;13,48;13,25;677,64;2895,0
L003997;P006;U03;2025-02-19;667,19;656,09;4,93;4,56;26,53;172,81;824,96
L003998;P005;U02;2025-05-12;1843,34;1754,92;10,59;13,33;18,9;676,45;3802,51
L003999;P008;U03;2026-06-26;1989,94;1721,57;13,85;15,16;7,4;1011,21;2702,09
L004000;P005;U02;2026-07-09;768,16;711,44;4,39;5,33;1,48;437,26;909,46
L004001;P007;U03;2024-01-02;1094,51;1112,22;7,43;8,71;13,51;294,73;1170,5
L004002;P007;U02;2024-06-20;1959,3;1998,99;10,58;11,16;67,44;744,34;2022,4
L004003;P008;U03;2025-06-01;475,65;441,18;2,44;3,01;2,64;217,51;461,52
L004004;P006;U01;2025-12-02;242,16;232,66;1,82;1,97;3,52;87,94;589,32
L004005;P001;U01;2024-03-19;791,94;753,13;5,37;5,51;28,4;368,37;812,87
L004006;P006;U01;2024-08-30;972,28;899,56;5,18;6,14;32,19;550,55;1934,01
L004007;P006;U02;2024-12-29;570,45;552,12;2,79;2,69;13,22;337,7;527,86
L004008;P006;U03;2025-11-21;1207,08;1068,52;5,99;7,87;25,45;403,39;2967,79
L004009;P005;U02;2024-05-02;1427,6;1390,38;7,16;8,83;45,71;778,27;1571,86
L004010;P007;U03;2025-05-24;2075,52;1950,62;11,06;14,7;12,76;455,9;2989,78
L004011;P006;U01;2026-04-05;1770,01;1541,25;14,74;19,84;42,2;451,63;4072,54
L004012;P004;U03;2024-11-07;2051,72;2029,14;13,1;14,04;35,92;473,57;2245,71
L004013;P004;U02;2024-01-05;1106,68;1048,57;8,16;8,77;40,0;269,84;926,81
L004014;P003;U03;2025-07-01;636,17;630,04;4,34;4,71;14,48;245,51;956,63
L004015;P006;U01;2025-01-11;1396,62;1219,03;8,53;10,21;9,25;746,73;3217,11
L004016;P004;U01;2024-03-24;1073,88;995,81;5,73;7,37;33,22;430,7;1693,54
L004017;P007;U02;2025-01-21;1587,9;1532,05;11,98;13,32;50,78;392,14;3490,3
L004018;P001;U02;2025-08-19;779,33;692,57;5,3;7,09;5,34;186,75;540,65
L004019;P007;U01;2025-10-24;588,38;604,17;4,56;4,26;17,81;294,35;977,86
L004020;P002;U03;2026-07-15;1419,45;1315,25;7,66;9,08;24,67;658,02;2343,38
L004021;P002;U03;2025-09-14;290,34;289,8;1,61;2,08;12,06;76,17;243,46
L004022;P002;U02;2025-12-21;1992,6;2037,05;13,59;15,16;5,85;857,58;4112,69
L004023;P004;U02;2024-07-05;1023,85;919,29;8,35;9,03;29,41;273,95;1077,45
L004024;P008;U01;2026-04-03;812,8;780,35;6,24;7,09;30,05;440,93;673,61
L004025;P006;U01;2025-01-09;1285,79;1118,75;9,7;10,81;11,85;563,68;2426,64
L004026;P008;U03;2025-12-31;1604,01;1412,89;9,3;11,38;39,62;686,01;2052,72
L004027;P003;U03;2024-05-19;330,76;321,34;2,1;2,7;8,1;99,47;749,57
L004028;P003;U01;2024-08-15;2106,91;2148,15;12,71;11,79;50,47;801,77;4233,49
L004029;P002;U01;2025-07-14;1665,06;1645,17;10,53;12,02;12,91;450,58;3786,78
L004030;P006;U01;2026-01-22;1913,4;1930,64;12,05;13,42;14,75;1063,52;3993,37
L004031;P008;U01;2026-06-19;1661,92;1485,34;7,93;10,21;57,56;481,83;2492,79
L004032;P002;U03;2026-06-04;1059,61;974,93;8,47;7,84;15,25;586,68;1722,76
L004033;P003;U01;2025-10-28;356,46;358,41;1,99;2,14;11,54;124,48;441,72
L004034;P004;U03;2024-10-27;532,87;480,5;2,92;3,86;7,23;197,19;757,95
L004035;P006;U03;2026-06-18;2158,87;2097,69;17,38;19,58;80,57;526,07;5395,3
L004036;P008;U02;2025-10-25;364,16;369,96;1,92;2,48;6,72;226,34;320,63
L004037;P008;U01;2025-12-14;506,87;472,02;2,76;3,4;17,66;285,45;1273,77
L004038;P007;U01;2026-04-17;2051,97;2099,74;12,06;13,38;70,72;854,74;4290,55
L004039;P002;U03;2025-04-27;923,97;873,45;4,99;5,75;14,54;381,59;1874,79
L004040;P004;U01;2025-07-27;1856,87;1880,71;9,23;9,72;7,13;966,13;3093,77
L004041;P003;U02;2024-01-30;2189,04;2253,61;17,56;20,59;94,97;1053,35;1924,09
L004042;P001;U02;2024-05-21;206,13;190,61;1,56;1,71;5,79;43,28;289,62
L004043;P001;U03;2026-06-20;1123,62;1028,57;7,32;8,15;21,34;308,99;1870,76
L004044;P005;U02;2025-06-15;998,63;951,83;5,44;5,64;9,78;588,08;1703,68
L004045;P004;U02;2025-06-29;652,49;586,37;3,68;4,9;12,38;326,44;1418,71
L004046;P005;U02;2025-06-24;2075,2;2132,39;16,4;18,55;9,76;711,06;2371,76
L004047;P001;U02;2024-07-22;622,19;541,86;3,36;3,97;15,7;198,17;1374,49
L004048;P003;U02;2025-11-28;1086,37;1067,33;9,03;10,42;37,24;650,98;2381,77
L004049;P007;U03;2024-12-31;1509,44;1494,25;8,06;8,33;45,48;689,78;2928,3
L004050;P007;U01;2024-03-13;852,25;847,5;6,03;8,02;17,21;355,82;1597,59
L004051;P002;U02;2026-05-21;334,73;322,32;2,04;2,49;8,54;191,71;564,44
L004052;P008;U03;2025-09-01;2152,82;1851,99;12,2;14,77;45,12;1051,39;5152,74
L004053;P006;U01;2024-12-17;1745,31;1695,83;10,07;12,64;75,78;600,15;2835,74
L004054;P005;U03;2025-08-13;2171,47;1994,89;12,0;11,8;76,74;815,15;4036,88
L004055;P001;U02;2026-07-07;765,59;665,15;4,06;4,32;20,69;212,84;639,76
L004056;P001;U02;2026-03-18;925,19;951,03;4,46;5,78;6,63;584,43;1320,61
L004057;P007;U01;2024-06-05;1030,15;921,88;5,67;7,16;31,19;247,03;1286,65
L004058;P006;U01;2024-02-29;554,27;489,74;2,88;3,82;13,2;244,41;379,99
L004059;P005;U01;2024-10-15;1707,22;1558,66;8,55;8,37;37,09;619,28;3238,98
L004060;P003;U03;2026-05-18;1390,09;1233,11;8,34;8,27;33,24;493,74;1316,69
L004061;P003;U03;2025-03-07;1143,73;1015,02;9,09;9,14;18,19;364,94;1061,1
L004062;P008;U01;2026-01-22;666,46;661,73;3,75;3,9;10,32;179,02;498,22
L004063;P002;U02;2024-02-23;1222,23;1239,42;8,36;8,03;24,58;398,15;903,23
L004064;P001;U02;2025-06-17;1379,84;1397,31;9,62;12,24;28,11;532,98;1305,33
L004065;P005;U01;2024-05-05;686,8;703,82;3,42;3,59;16,5;322,61;1692,44
L004066;P007;U03;2025-06-26;1057,36;1079,98;5,27;7,05;20,96;503,06;3005,22
L004067;P003;U03;2026-05-24;1888,73;1696,17;10,55;11,01;7,27;1039,58;3247,54
L004068;P003;U01;2024-08-29;746,25;717,74;5,94;7,34;24,37;183,97;1711,88
L004069;P006;U01;2026-03-01;274,01;260,48;2,22;2,87;2,64;124,41;186,85
L004070;P005;U01;2025-04-01;1705,94;1725,62;10,02;10,99;64,16;431,02;3140,2
L004071;P004;U02;2024-04-01;493,97;471,96;3,7;4,98;9,58;265,08;443,84
L004072;P004;U02;2026-05-06;988,66;991,11;4,92;4,72;40,61;395,09;882,64
L004073;P005;U01;2025-11-09;987,04;1016,31;6,08;6,23;26,91;579,35;2748,57
L004074;P007;U01;2024-07-08;353,76;345,41;2,06;1,9;8,26;154,01;470,48
L004075;P002;U01;2024-08-08;1785,9;1622,82;11,39;15,18;41,29;890,07;2552,7
L004076;P005;U01;2025-01-21;576,38;541,04;2,94;3,49;12,7;219,97;409,75
L004077;P001;U03;2024-02-07;436,28;445,14;2,2;2,04;1,69;224,74;931,04
L004078;P001;U03;2025-02-11;683,05;614,85;4,76;6,03;6,25;212,53;1096,83
L004079;P003;U02;2024-11-08;2041,51;1772,19;11,69;12,7;56,1;443,17;1324,53
L004080;P001;U02;2024-02-01;458,95;420,17;2,27;2,86;13,89;239,4;1156,53
L004081;P007;U02;2025-05-08;1941,19;1902,95;9,4;9,21;84,63;1107,27;4659,23
L004082;P004;U03;2025-09-20;1199,58;1085,44;7,78;8,53;2,35;306,4;1556,21
L004083;P006;U02;2024-05-20;646,51;598,02;3,9;4,41;2,16;174,0;1246,36
L004084;P004;U03;2026-01-13;1206,52;1225,79;8,13;8,99;22,79;446,97;1723,37
L004085;P005;U02;2024-11-18;1090,37;995,92;5,95;5,88;36,37;392,46;948,43
L004086;P004;U03;2025-12-15;635,23;569,63;4,27;3,87;17,74;341,31;1261,37
L004087;P007;U01;2025-05-23;1542,48;1367,93;11,82;14,24;20,39;726,27;2313,15
L004088;P007;U01;2025-02-01;591,62;558,9;3,58;3,71;1,37;131,54;1410,16
L004089;P007;U03;2025-05-18;1912,56;1757,39;9,9;9,97;13,59;523,45;4231,67
L004090;P006;U01;2025-12-20;447,05;388,66;2,39;2,46;7,24;142,72;547,71
L004091;P007;U03;2026-03-02;1838,02;1757,71;11,52;13,08;52,32;1009,11;2124,68
L004092;P004;U01;2025-06-10;987,98;935,17;5,16;5,68;11,16;397,68;1663,05
L004093;P004;U03;2024-01-30;1519,39;1457,38;9,19;10,38;37,88;375,95;2023,54
L004094;P008;U01;2025-01-22;1421,13;1255,44;7,77;7,15;43,32;424,62;1598,24
L004095;P008;U01;2026-04-10;2019,17;1868,94;10,95;11,35;5,33;779,81;3841,55
L004096;P007;U03;2025-08-10;1586,06;1624,16;12,88;15,79;35,35;970,73;2368,35
L004097;P007;U01;2024-04-17;1234,08;1226,78;6,4;8,18;35,4;434,14;2843,37
L004098;P008;U01;2024-07-02;298,34;274,24;2,27;2,83;10,09;135,38;290,09
L004099;P004;U01;2025-12-08;1402,1;1309,47;9,38;11,14;11,38;327,91;2586,25
L004100;P002;U03;2025-08-28;1794,91;1796,52;12,23;14,05;62,55;542,32;4693,23
L004101;P005;U03;2026-03-21;294,14;273,76;2,11;2,16;11,09;138,12;764,28
L004102;P002;U01;2025-08-23;1819,42;1701,82;8,7;9,11;49,33;1038,17;2017,09
L004103;P008;U03;2025-01-07;756,54;727,85;4,09;4,5;19,5;422,31;837,82
L004104;P005;U02;2024-02-27;1394,0;1349,73;11,36;14,92;17,55;592,7;3427,46
L004105;P007;U02;2025-09-27;823,68;744,82;5,23;4,96;26,53;379,32;1181,66
L004106;P003;U03;2025-09-05;858,9;806,77;7,0;7,41;6,95;274,38;1451,27
L004107;P005;U03;2025-11-15;1206,21;1129,96;7,12;6,79;14,79;574,09;2769,64
L004108;P006;U03;2025-12-29;588,24;598,88;4,01;4,93;5,55;198,82;1305,16
L004109;P003;U03;2026-01-18;346,22;312,4;1,77;1,63;11,48;90,56;603,23
L004110;P007;U01;2025-03-14;1062,59;962,2;5,68;7,19;33,67;537,4;1431,32
L004111;P008;U03;2024-05-27;1504,62;1507,2;8,63;11,39;36,47;821,91;1674,54
L004112;P002;U03;2025-03-28;934,85;814,3;5,89;6,56;21,57;328,34;1712,49
L004113;P006;U03;2024-05-29;1078,49;932,22;7,31;7,94;3,6;464,26;878,88
L004114;P004;U03;2024-01-16;1616,61;1400,55;10,54;13,05;45,35;399,35;3126,62
L004115;P006;U02;2026-01-09;1753,0;1695,28;8,43;9,9;29,2;714,49;3981,41
L004116;P007;U02;2026-06-03;814,59;754,68;5,37;6,3;1,93;189,4;2078,2
L004117;P005;U03;2026-02-17;770,01;705,68;4,53;5,45;4,16;382,58;1148,16
L004118;P001;U01;2025-05-26;233,74;213,96;1,41;1,68;3,39;49,12;259,1
L004119;P006;U02;2025-12-02;788,53;749,29;4,02;5,36;18,1;456,68;1880,27
L004120;P001;U01;2024-09-26;1258,55;1142,08;6,04;6,01;35,43;334,46;2620,64
L004121;P005;U03;2025-12-13;1099,31;1115,3;5,74;5,32;48,88;494,95;2140,06
L004122;P003;U01;2024-04-21;848,87;765,44;5,58;6,4;5,8;316,17;1648,43
L004123;P005;U02;2026-07-10;1820,12;1787,65;8,85;9,39;22,59;1004,26;1443,58
L004124;P005;U02;2024-04-16;910,77;919,06;6,58;6,28;36,85;223,05;1723,66
L004125;P005;U01;2026-05-31;1317,76;1259,47;8,32;11,01;30,56;724,91;3046,29
L004126;P003;U03;2025-07-02;311,36;302,9;1,87;2,15;3,3;167,65;837,91
L004127;P005;U01;2024-01-18;825,07;714,02;4,42;5,06;15,83;380,52;1182,86
L004128;P007;U01;2024-03-04;478,88;426,92;3,04;3,11;15,22;138,43;392,21
L004129;P006;U02;2025-09-30;880,93;864,75;4,34;5,55;29,78;414,04;2047,49
L004130;P005;U02;2026-06-04;807,14;775,03;5,9;7,7;28,52;207,95;622,31
L004131;P003;U03;2024-02-10;725,45;699,89;5,68;5,48;3,96;360,07;990,03
L004132;P002;U03;2025-06-29;2050,46;1973,95;15,32;17,39;41,88;1048,91;1860,83
L004133;P007;U02;2024-12-29;221,53;198,56;1,16;1,11;2,52;112,58;284,91
L004134;P003;U02;2025-01-22;541,78;520,63;2,67;3,3;8,88;318,13;1140,35
L004135;P006;U03;2026-04-22;921,15;929,14;6,12;6,17;13,67;477,23;971,43
L004136;P008;U01;2025-10-05;947,14;877,48;5,0;5,76;3,59;373,92;1912,93
L004137;P007;U03;2026-02-10;1320,26;1230,65;7,51;7,68;44,61;600,29;3445,26
L004138;P007;U01;2024-08-29;257,88;240,17;1,5;1,46;0,51;126,34;393,86
L004139;P005;U02;2024-07-14;799,41;781,06;4,7;4,76;28,55;473,13;1328,91
L004140;P007;U02;2024-01-23;571,4;516,58;2,81;2,91;4,12;135,39;1007,72
L004141;P001;U01;2026-03-16;895,98;823,66;5,17;5,24;5,55;207,53;693,07
L004142;P005;U02;2024-10-16;444,13;412,31;2,58;2,36;9,2;236,14;799,8
L004143;P004;U02;2024-10-09;1570,74;1380,29;8,0;7,39;49,86;787,85;3802,42
L004144;P003;U02;2026-04-20;1238,28;1227,72;9,37;11,48;44,61;487,76;1500,97
L004145;P005;U02;2025-09-14;360,95;353,61;2,26;2,21;1,31;187,33;589,68
L004146;P003;U03;2026-02-24;1027,16;1055,7;6,07;7,95;12,06;447,26;1178,13
L004147;P004;U02;2024-12-07;2161,15;2200,51;10,77;12,17;65,42;1191,23;4873,03
L004148;P004;U02;2025-08-06;2042,57;1849,74;10,27;13,17;81,2;914,39;3010,22
L004149;P008;U02;2026-03-27;1366,19;1279,0;8,29;10,82;29,68;391,7;2390,72
L004150;P004;U03;2025-10-12;2172,6;2153,06;17,68;20,95;42,09;1205,08;3553,7
L004151;P007;U03;2025-11-14;224,02;227,87;1,4;1,68;1,44;77,78;160,35
L004152;P004;U02;2024-03-07;1341,21;1288,88;6,51;8,07;57,89;451,48;1129,81
L004153;P006;U02;2025-07-27;956,48;835,25;6,09;6,35;28,4;330,02;1948,35
L004154;P002;U03;2025-09-24;533,96;531,36;3,95;3,95;19,49;304,7;592,34
L004155;P003;U02;2025-10-05;1092,74;1055,38;8,09;10,37;22,86;650,34;1066,63
L004156;P003;U02;2024-08-16;284,19;247,39;1,66;2,07;6,61;144,05;439,91
L004157;P006;U03;2024-12-25;1507,28;1493,63;10,06;12,26;52,74;797,1;2094,37
L004158;P003;U03;2024-12-23;1793,64;1834,89;14,13;14,08;57,11;795,74;2764,56
L004159;P005;U01;2026-02-15;1669,66;1622,36;9,68;10,94;20,45;855,43;2417,81
L004160;P007;U01;2024-12-07;221,44;210,77;1,32;1,58;7,23;91,65;187,6
L004161;P002;U03;2026-03-01;1558,42;1482,76;9,36;8,92;52,67;470,56;3369,16
L004162;P002;U02;2026-07-01;895,79;832,15;6,22;7,4;3,17;463,12;2312,77
L004163;P007;U03;2024-05-08;1620,06;1549,53;10,21;11,89;15,77;488,67;1285,73
L004164;P006;U03;2024-02-16;521,98;461,54;2,93;3,82;3,9;132,72;422,64
L004165;P008;U01;2026-01-26;2100,53;1824,44;15,06;20,04;19,98;582,13;3992,53
L004166;P006;U01;2025-05-05;1832,24;1856,12;10,63;12,57;27,51;891,12;3381,19
L004167;P007;U02;2024-09-12;792,69;762,91;4,96;5,37;9,93;205,74;650,0
L004168;P007;U03;2026-04-09;1161,98;1180,3;7,74;7,91;31,35;419,56;2347,75
L004169;P008;U01;2025-10-25;2101,62;1813,68;10,18;11,11;80,95;643,69;3080,63
L004170;P008;U02;2026-02-19;1798,26;1663,1;11,41;10,62;5,38;950,06;4076,72
L004171;P002;U01;2025-09-05;778,62;677,13;4,84;5,58;11,36;323,93;802,24
L004172;P003;U02;2024-01-10;1841,45;1852,89;9,68;12,55;52,65;1090,08;1440,34
L004173;P003;U03;2026-07-28;1481,61;1428,46;8,3;9,6;7,87;457,79;1320,88
L004174;P004;U02;2026-06-09;1978,61;1751,54;11,71;12,48;9,37;609,2;2964,14
L004175;P002;U01;2024-09-22;1490,79;1413,74;7,97;10,37;37,97;511,25;3692,47
L004176;P001;U01;2025-09-14;1711,98;1699,68;10,49;12,85;56,05;662,42;2104,02
L004177;P003;U01;2024-08-10;624,48;561,27;3,46;3,56;2,47;254,45;888,42
L004178;P008;U02;2025-11-16;1088,55;1086,93;6,84;7,58;32,67;414,03;1655,91
L004179;P001;U02;2025-04-04;1349,45;1359,82;7,23;8,49;42,04;422,49;2161,24
L004180;P001;U02;2025-08-15;669,43;659,59;3,6;4,55;18,39;268,1;1356,22
L004181;P008;U02;2026-04-28;426,31;408,62;2,11;2,18;5,47;114,49;551,21
L004182;P003;U03;2026-07-10;611,5;597,86;3,55;4,64;4,51;185,1;1057,88
L004183;P001;U02;2025-05-18;1698,01;1676,59;8,65;11,02;6,66;481,36;4560,19
L004184;P003;U01;2026-04-02;477,09;414,61;2,29;3,06;15,15;98,41;716,04
L004185;P003;U02;2025-10-06;572,51;556,76;2,91;3,21;4,69;219,29;925,18
L004186;P008;U03;2026-04-30;1601,63;1581,94;9,32;10,38;34,85;349,82;3652,27
L004187;P002;U03;2026-03-05;1451,51;1403,19;8,8;10,13;55,16;734,67;1261,74
L004188;P007;U03;2025-09-25;769,94;680,88;5,81;5,99;11,86;184,09;1583,0
L004189;P002;U01;2024-12-28;612,18;603,29;3,73;4,73;25,81;156,31;1452,16
L004190;P001;U03;2024-08-06;392,9;343,99;1,93;2,06;2,82;158,37;687,55
L004191;P006;U01;2024-09-08;1415,99;1306,65;7,05;7,22;47,19;639,66;3362,51
L004192;P003;U02;2024-11-12;1444,05;1330,44;10,78;10,89;20,68;338,27;3363,28
L004193;P003;U01;2024-01-10;2062,78;2036,29;14,11;13,62;77,22;673,68;3220,13
L004194;P005;U01;2026-04-03;1386,28;1310,04;8,86;10,8;5,16;747,96;1397,46
L004195;P001;U01;2026-01-19;755,55;687,79;5,82;6,63;9,8;382,29;1925,52
L004196;P003;U01;2025-06-13;353,94;320,09;2,09;2,63;12,15;131,35;645,83
L004197;P005;U02;2026-06-21;562,23;535,91;4,01;4,77;17,58;132,97;487,08
L004198;P008;U02;2025-07-22;750,13;651,44;5,78;6,97;8,39;302,79;1108,24
L004199;P006;U03;2026-03-01;910,64;799,17;5,01;5,49;15,21;330,18;953,67
L004200;P001;U01;2024-12-13;1393,28;1418,32;10,44;13,37;50,29;440,44;1013,26
