viagem_id,pessoa_id,data_solicitacao,destino,finalidade,status,orcamento
VG00001,P00487,2025-10-02,Curitiba,Projeto,Em análise,2054.4
VG00002,P00505,2024-12-01,Campinas,Treinamento,Concluída,2463.62
VG00003,P00758,2026-02-18,Belo Horizonte,Projeto,Concluída,4133.61
VG00004,P00003,2026-06-18,Belo Horizonte,Treinamento,Concluída,841.41
VG00005,P00353,2024-02-25,Curitiba,Treinamento,Concluída,3105.3
VG00006,P00585,2025-12-04,Belo Horizonte,Auditoria,Concluída,948.25
VG00007,P00545,2025-05-21,São Paulo,Fornecedor,Concluída,963.49
VG00008,P00837,2026-03-02,Rio de Janeiro,Projeto,Concluída,2196.81
VG00009,P00058,2024-03-18,Rio de Janeiro,Projeto,Concluída,1186.34
VG00010,P00414,2026-02-26,Campinas,Cliente,Aprovada,2919.52
VG00011,P00028,2024-10-10,São Paulo,Treinamento,Concluída,2031.1
VG00012,P00601,2024-08-28,Curitiba,Treinamento,Aprovada,3663.91
VG00013,P00357,2025-05-07,Rio de Janeiro,Projeto,Concluída,751.75
VG00014,P00812,2024-12-07,Rio de Janeiro,Treinamento,Concluída,473.04
VG00015,P00138,2026-06-14,Campinas,Fornecedor,Concluída,654.5
VG00016,P00392,2024-08-29,Curitiba,Auditoria,Aprovada,825.95
VG00017,P00772,2025-09-04,Belo Horizonte,Cliente,Concluída,2084.88
VG00018,P00078,2026-06-08,São Paulo,Fornecedor,Concluída,705.27
VG00019,P00853,2026-04-11,Belo Horizonte,Fornecedor,Concluída,2370.06
VG00020,P00529,2024-01-12,Rio de Janeiro,Fornecedor,Concluída,757.64
VG00021,P00717,2025-12-27,Belo Horizonte,Treinamento,Concluída,1497.9
VG00022,P00875,2025-05-19,Rio de Janeiro,Cliente,Em análise,944.32
VG00023,P00824,2025-07-26,Belo Horizonte,Treinamento,Em análise,939.71
VG00024,P00243,2025-11-25,Belo Horizonte,Projeto,Concluída,1216.88
VG00025,P00725,2026-01-20,Campinas,Fornecedor,Concluída,1004.3
VG00026,P00895,2024-02-09,Rio de Janeiro,Treinamento,Concluída,1634.87
VG00027,P00063,2024-06-30,Curitiba,Fornecedor,Concluída,2867.38
VG00028,P00203,2025-10-22,Rio de Janeiro,Projeto,Aprovada,1366.23
VG00029,P00618,2024-10-27,Belo Horizonte,Treinamento,Concluída,758.44
VG00030,P00779,2024-06-04,São Paulo,Projeto,Cancelada,2723.9
VG00031,P00288,2024-11-10,Curitiba,Treinamento,Cancelada,1328.71
VG00032,P00839,2025-05-18,São Paulo,Fornecedor,Em análise,1479.9
VG00033,P00358,2025-07-15,Belo Horizonte,Auditoria,Aprovada,854.67
VG00034,P00169,2024-08-08,Belo Horizonte,Projeto,Concluída,1001.13
VG00035,P00338,2024-06-09,Campinas,Auditoria,Aprovada,3327.56
VG00036,P00898,2024-07-01,São Paulo,Treinamento,Concluída,2745.35
VG00037,P00784,2024-10-31,Belo Horizonte,Fornecedor,Em análise,972.18
VG00038,P00076,2025-07-29,São Paulo,Cliente,Concluída,3469.9
VG00039,P00788,2024-07-28,São Paulo,Cliente,Concluída,2432.2
VG00040,P00667,2025-10-24,Belo Horizonte,Treinamento,Concluída,890.03
VG00041,P00898,2024-11-14,Campinas,Fornecedor,Concluída,1586.04
VG00042,P00346,2025-08-06,Curitiba,Cliente,Concluída,821.53
VG00043,P00085,2024-08-24,Campinas,Treinamento,Concluída,896.21
VG00044,P00764,2026-05-12,Belo Horizonte,Fornecedor,Concluída,3006.4
VG00045,P00095,2024-12-18,Curitiba,Cliente,Concluída,3220.79
VG00046,P00860,2024-07-10,São Paulo,Fornecedor,Aprovada,1007.71
VG00047,P00876,2025-08-06,Curitiba,Treinamento,Concluída,2243.76
VG00048,P00044,2025-08-30,Curitiba,Fornecedor,Concluída,2062.8
VG00049,P00050,2024-01-06,Curitiba,Projeto,Concluída,1133.62
VG00050,P00861,2025-06-30,Belo Horizonte,Auditoria,Concluída,1196.53
VG00051,P00566,2024-11-10,São Paulo,Auditoria,Aprovada,2592.14
VG00052,P00073,2024-03-31,Campinas,Treinamento,Cancelada,1629.75
VG00053,P00587,2025-04-18,Campinas,Projeto,Concluída,3291.6
VG00054,P00233,2025-03-03,Campinas,Auditoria,Em análise,1715.78
VG00055,P00876,2025-02-25,Rio de Janeiro,Projeto,Em análise,1644.67
VG00056,P00119,2026-01-13,Belo Horizonte,Projeto,Aprovada,2169.14
VG00057,P00745,2024-11-13,Belo Horizonte,Fornecedor,Aprovada,1317.98
VG00058,P00776,2026-07-27,Curitiba,Fornecedor,Concluída,2054.8
VG00059,P00618,2024-10-30,Rio de Janeiro,Cliente,Concluída,638.83
VG00060,P00391,2025-04-25,Curitiba,Cliente,Em análise,1369.62
VG00061,P00410,2025-07-15,Curitiba,Cliente,Concluída,1194.42
VG00062,P00632,2025-11-02,Campinas,Cliente,Cancelada,1430.97
VG00063,P00027,2026-02-27,Belo Horizonte,Projeto,Concluída,4899.37
VG00064,P00703,2024-06-26,São Paulo,Fornecedor,Aprovada,990.03
VG00065,P00751,2025-09-30,Belo Horizonte,Fornecedor,Aprovada,1026.56
VG00066,P00195,2024-08-09,Belo Horizonte,Treinamento,Cancelada,3748.95
VG00067,P00540,2024-04-29,São Paulo,Projeto,Em análise,707.04
VG00068,P00683,2025-10-11,Curitiba,Projeto,Concluída,1119.38
VG00069,P00172,2025-07-03,Curitiba,Fornecedor,Aprovada,787.32
VG00070,P00129,2024-03-22,São Paulo,Fornecedor,Concluída,2864.1
VG00071,P00757,2026-03-13,Belo Horizonte,Fornecedor,Em análise,988.31
VG00072,P00691,2024-01-09,Rio de Janeiro,Treinamento,Concluída,2872.44
VG00073,P00323,2024-06-23,São Paulo,Treinamento,Concluída,979.82
VG00074,P00181,2026-04-05,Curitiba,Treinamento,Concluída,780.65
VG00075,P00573,2024-06-07,Rio de Janeiro,Treinamento,Aprovada,589.88
VG00076,P00309,2024-01-27,Belo Horizonte,Cliente,Concluída,1180.73
VG00077,P00624,2025-11-04,Campinas,Auditoria,Aprovada,1808.52
VG00078,P00783,2026-01-21,São Paulo,Fornecedor,Concluída,2992.54
VG00079,P00820,2025-03-16,Belo Horizonte,Cliente,Concluída,390.89
VG00080,P00081,2025-03-18,Belo Horizonte,Treinamento,Concluída,731.93
VG00081,P00871,2025-02-04,Rio de Janeiro,Auditoria,Concluída,1448.12
VG00082,P00213,2025-03-27,Curitiba,Auditoria,Em análise,804.68
VG00083,P00676,2026-05-25,Rio de Janeiro,Projeto,Cancelada,1638.47
VG00084,P00321,2025-03-30,Campinas,Treinamento,Concluída,2091.75
VG00085,P00383,2024-11-05,Rio de Janeiro,Treinamento,Concluída,535.89
VG00086,P00682,2024-08-07,Rio de Janeiro,Fornecedor,Concluída,2651.89
VG00087,P00015,2024-01-29,São Paulo,Projeto,Concluída,770.23
VG00088,P00785,2024-03-30,Curitiba,Cliente,Em análise,1021.91
VG00089,P00213,2025-02-24,Belo Horizonte,Treinamento,Aprovada,2431.7
VG00090,P00847,2025-01-22,Rio de Janeiro,Fornecedor,Aprovada,3323.29
VG00091,P00655,2026-01-03,Belo Horizonte,Treinamento,Cancelada,3635.89
VG00092,P00584,2026-02-04,Curitiba,Fornecedor,Concluída,1983.69
VG00093,P00876,2025-01-02,Belo Horizonte,Cliente,Concluída,976.56
VG00094,P00116,2024-10-09,Rio de Janeiro,Treinamento,Concluída,1484.37
VG00095,P00492,2025-07-28,Curitiba,Cliente,Aprovada,1619.48
VG00096,P00444,2024-11-04,Curitiba,Cliente,Concluída,1436.47
VG00097,P00222,2024-09-29,Campinas,Projeto,Concluída,2411.45
VG00098,P00056,2025-05-22,Rio de Janeiro,Auditoria,Aprovada,1789.11
VG00099,P00455,2025-11-28,Campinas,Treinamento,Concluída,1827.18
VG00100,P00865,2025-07-28,Rio de Janeiro,Cliente,Concluída,2190.69
VG00101,P00702,2024-04-21,Campinas,Auditoria,Aprovada,1618.38
VG00102,P00666,2025-12-08,Belo Horizonte,Auditoria,Aprovada,1938.23
VG00103,P00246,2024-03-25,Campinas,Treinamento,Concluída,2661.78
VG00104,P00643,2025-08-08,Campinas,Treinamento,Concluída,696.2
VG00105,P00849,2025-02-01,Campinas,Treinamento,Concluída,1504.07
VG00106,P00762,2025-10-28,Rio de Janeiro,Treinamento,Concluída,2108.07
VG00107,P00036,2025-04-22,São Paulo,Treinamento,Concluída,988.37
VG00108,P00315,2025-07-12,Campinas,Treinamento,Em análise,1189.6
VG00109,P00178,2025-06-14,Belo Horizonte,Treinamento,Concluída,2545.77
VG00110,P00271,2026-06-22,São Paulo,Fornecedor,Em análise,2953.06
VG00111,P00128,2026-04-28,Belo Horizonte,Treinamento,Em análise,3423.25
VG00112,P00277,2025-07-14,Campinas,Fornecedor,Concluída,1610.22
VG00113,P00135,2026-03-18,Rio de Janeiro,Fornecedor,Concluída,1013.72
VG00114,P00407,2025-09-30,Rio de Janeiro,Cliente,Concluída,3191.0
VG00115,P00584,2024-02-26,Curitiba,Auditoria,Concluída,2464.93
VG00116,P00841,2024-11-16,Curitiba,Treinamento,Concluída,1298.06
VG00117,P00735,2025-11-16,Campinas,Projeto,Concluída,1568.14
VG00118,P00720,2024-02-26,Belo Horizonte,Projeto,Concluída,1276.44
VG00119,P00514,2025-01-07,São Paulo,Auditoria,Concluída,4603.87
VG00120,P00321,2025-09-10,Rio de Janeiro,Auditoria,Concluída,2521.19
VG00121,P00798,2024-10-26,Belo Horizonte,Projeto,Em análise,1941.25
VG00122,P00556,2024-09-01,São Paulo,Cliente,Concluída,2940.82
VG00123,P00599,2025-12-13,São Paulo,Projeto,Cancelada,1625.83
VG00124,P00427,2025-01-04,Curitiba,Fornecedor,Concluída,3506.18
VG00125,P00026,2024-07-09,Rio de Janeiro,Cliente,Aprovada,1812.69
VG00126,P00448,2024-02-11,Curitiba,Treinamento,Concluída,1683.14
VG00127,P00494,2025-02-27,Campinas,Treinamento,Concluída,1162.04
VG00128,P00009,2025-04-04,Rio de Janeiro,Auditoria,Concluída,2202.51
VG00129,P00341,2025-01-02,São Paulo,Treinamento,Concluída,3703.26
VG00130,P00644,2024-10-14,São Paulo,Projeto,Concluída,1063.82
VG00131,P00599,2025-01-08,Curitiba,Cliente,Concluída,594.05
VG00132,P00730,2024-10-21,São Paulo,Treinamento,Concluída,5837.49
VG00133,P00347,2024-04-11,São Paulo,Auditoria,Cancelada,1501.79
VG00134,P00530,2025-03-21,São Paulo,Fornecedor,Concluída,1218.79
VG00135,P00210,2025-07-28,Rio de Janeiro,Fornecedor,Concluída,1831.08
VG00136,P00302,2024-12-19,Belo Horizonte,Treinamento,Concluída,1579.9
VG00137,P00351,2024-12-07,Belo Horizonte,Treinamento,Concluída,1825.72
VG00138,P00423,2026-02-22,Belo Horizonte,Auditoria,Concluída,3006.51
VG00139,P00324,2024-08-27,Rio de Janeiro,Auditoria,Concluída,525.05
VG00140,P00727,2024-07-01,Rio de Janeiro,Treinamento,Aprovada,1908.45
VG00141,P00022,2025-05-12,Belo Horizonte,Treinamento,Concluída,828.18
VG00142,P00160,2024-04-15,Belo Horizonte,Auditoria,Concluída,1071.59
VG00143,P00491,2024-11-05,Belo Horizonte,Fornecedor,Aprovada,2994.37
VG00144,P00080,2024-10-22,São Paulo,Fornecedor,Cancelada,1989.9
VG00145,P00044,2024-03-06,Campinas,Projeto,Concluída,7312.35
VG00146,P00510,2025-04-27,Campinas,Auditoria,Concluída,541.85
VG00147,P00454,2026-04-29,Curitiba,Treinamento,Concluída,2448.35
VG00148,P00289,2024-02-17,São Paulo,Treinamento,Cancelada,1114.69
VG00149,P00415,2025-09-15,Campinas,Projeto,Concluída,1601.29
VG00150,P00151,2024-10-16,Belo Horizonte,Treinamento,Concluída,494.86
VG00151,P00611,2024-11-24,São Paulo,Treinamento,Concluída,1618.84
VG00152,P00119,2025-12-08,Curitiba,Projeto,Aprovada,755.43
VG00153,P00503,2026-07-27,São Paulo,Cliente,Em análise,2147.29
VG00154,P00089,2024-06-19,São Paulo,Projeto,Aprovada,1484.85
VG00155,P00623,2025-11-23,Belo Horizonte,Treinamento,Cancelada,634.8
VG00156,P00253,2026-04-15,Belo Horizonte,Fornecedor,Cancelada,1131.93
VG00157,P00575,2024-08-28,Curitiba,Fornecedor,Em análise,2795.4
VG00158,P00713,2026-07-10,Campinas,Projeto,Concluída,3094.12
VG00159,P00514,2024-10-26,Campinas,Projeto,Concluída,1875.74
VG00160,P00847,2024-07-24,São Paulo,Fornecedor,Concluída,1051.81
VG00161,P00681,2024-10-25,Rio de Janeiro,Treinamento,Concluída,8452.07
VG00162,P00776,2025-06-01,Belo Horizonte,Treinamento,Concluída,1161.42
VG00163,P00208,2026-07-11,Belo Horizonte,Treinamento,Concluída,1126.72
VG00164,P00597,2025-10-05,Campinas,Auditoria,Concluída,1166.81
VG00165,P00326,2025-08-29,São Paulo,Fornecedor,Concluída,1795.45
VG00166,P00367,2026-05-21,Campinas,Auditoria,Concluída,1576.79
VG00167,P00196,2026-02-19,Rio de Janeiro,Treinamento,Concluída,2566.26
VG00168,P00606,2026-01-10,Curitiba,Projeto,Concluída,2064.17
VG00169,P00177,2024-06-18,Campinas,Fornecedor,Concluída,2182.29
VG00170,P00832,2024-09-05,São Paulo,Fornecedor,Concluída,1944.53
VG00171,P00740,2025-01-10,Rio de Janeiro,Fornecedor,Concluída,980.37
VG00172,P00730,2026-02-08,Rio de Janeiro,Treinamento,Concluída,486.18
VG00173,P00527,2025-12-11,São Paulo,Auditoria,Concluída,2511.07
VG00174,P00517,2026-02-16,Campinas,Treinamento,Aprovada,2386.53
VG00175,P00726,2024-10-14,Belo Horizonte,Fornecedor,Concluída,1796.6
VG00176,P00138,2026-04-11,Curitiba,Treinamento,Concluída,2513.21
VG00177,P00506,2026-06-03,Curitiba,Treinamento,Concluída,966.23
VG00178,P00123,2024-09-28,São Paulo,Treinamento,Concluída,2453.73
VG00179,P00483,2024-12-06,Belo Horizonte,Projeto,Concluída,581.88
VG00180,P00383,2025-07-29,Belo Horizonte,Treinamento,Concluída,1514.69
VG00181,P00070,2025-08-08,Curitiba,Cliente,Concluída,869.28
VG00182,P00500,2024-11-08,Curitiba,Treinamento,Concluída,1517.06
VG00183,P00449,2026-07-30,Belo Horizonte,Auditoria,Concluída,954.56
VG00184,P00318,2024-05-07,Rio de Janeiro,Treinamento,Concluída,697.85
VG00185,P00490,2024-10-05,Belo Horizonte,Treinamento,Concluída,1061.1
VG00186,P00873,2024-12-22,Rio de Janeiro,Cliente,Concluída,2576.95
VG00187,P00870,2026-02-15,Curitiba,Fornecedor,Concluída,1548.47
VG00188,P00529,2025-10-31,Campinas,Auditoria,Concluída,1104.61
VG00189,P00566,2026-05-29,Curitiba,Cliente,Cancelada,1558.68
VG00190,P00698,2025-08-11,Belo Horizonte,Auditoria,Em análise,2175.32
VG00191,P00074,2024-07-29,Belo Horizonte,Treinamento,Concluída,1669.47
VG00192,P00633,2024-01-01,São Paulo,Fornecedor,Cancelada,1082.85
VG00193,P00584,2024-06-08,Rio de Janeiro,Auditoria,Concluída,2031.17
VG00194,P00404,2024-01-28,Rio de Janeiro,Treinamento,Aprovada,1402.89
VG00195,P00501,2026-04-17,Rio de Janeiro,Treinamento,Concluída,2608.44
VG00196,P00183,2024-02-15,Curitiba,Auditoria,Concluída,8886.08
VG00197,P00350,2025-06-12,São Paulo,Treinamento,Aprovada,1175.04
VG00198,P00386,2026-05-24,Rio de Janeiro,Fornecedor,Aprovada,1253.41
VG00199,P00474,2026-06-19,Belo Horizonte,Auditoria,Concluída,1397.52
VG00200,P00264,2026-02-24,Curitiba,Treinamento,Concluída,2403.25
VG00201,P00475,2025-11-24,Campinas,Treinamento,Cancelada,2260.13
VG00202,P00254,2025-11-10,São Paulo,Auditoria,Concluída,1511.28
VG00203,P00470,2024-10-18,Belo Horizonte,Treinamento,Concluída,913.15
VG00204,P00776,2026-05-09,São Paulo,Auditoria,Concluída,2035.46
VG00205,P00889,2025-01-03,Curitiba,Auditoria,Concluída,2488.21
VG00206,P00558,2025-12-08,Curitiba,Projeto,Concluída,1322.89
VG00207,P00221,2025-07-30,Campinas,Treinamento,Concluída,1182.51
VG00208,P00172,2025-09-26,Belo Horizonte,Auditoria,Concluída,2206.63
VG00209,P00369,2024-12-18,Belo Horizonte,Projeto,Em análise,2590.88
VG00210,P00366,2024-01-01,Belo Horizonte,Cliente,Concluída,2130.07
VG00211,P00195,2024-06-16,Rio de Janeiro,Cliente,Concluída,1754.31
VG00212,P00262,2025-07-30,Campinas,Treinamento,Concluída,1174.43
VG00213,P00817,2025-02-19,Rio de Janeiro,Cliente,Cancelada,4111.34
VG00214,P00048,2024-04-18,São Paulo,Projeto,Concluída,3454.25
VG00215,P00890,2026-05-17,São Paulo,Auditoria,Concluída,2602.39
VG00216,P00473,2026-05-14,Belo Horizonte,Projeto,Concluída,2326.05
VG00217,P00625,2025-12-16,São Paulo,Treinamento,Concluída,2668.63
VG00218,P00469,2025-09-01,São Paulo,Auditoria,Aprovada,734.95
VG00219,P00183,2026-07-17,Belo Horizonte,Treinamento,Concluída,1302.29
VG00220,P00595,2026-06-30,Belo Horizonte,Projeto,Concluída,683.88
VG00221,P00276,2025-10-19,Curitiba,Fornecedor,Concluída,526.4
VG00222,P00625,2025-08-27,Curitiba,Auditoria,Em análise,4234.17
VG00223,P00631,2024-10-17,Curitiba,Fornecedor,Concluída,2095.96
VG00224,P00606,2024-08-11,Rio de Janeiro,Projeto,Aprovada,1119.73
VG00225,P00570,2025-03-28,São Paulo,Projeto,Concluída,1914.44
VG00226,P00228,2026-04-03,Campinas,Cliente,Concluída,1871.3
VG00227,P00682,2025-08-11,Campinas,Projeto,Concluída,1441.59
VG00228,P00755,2025-02-28,Campinas,Projeto,Concluída,572.76
VG00229,P00029,2024-05-11,Belo Horizonte,Treinamento,Concluída,642.97
VG00230,P00166,2026-05-07,São Paulo,Projeto,Concluída,3117.93
VG00231,P00810,2025-02-02,São Paulo,Projeto,Concluída,1965.92
VG00232,P00579,2024-12-12,Curitiba,Fornecedor,Concluída,1025.04
VG00233,P00456,2024-01-20,Curitiba,Fornecedor,Concluída,1924.47
VG00234,P00854,2025-03-31,São Paulo,Auditoria,Concluída,922.01
VG00235,P00048,2024-08-30,Curitiba,Cliente,Cancelada,4165.79
VG00236,P00704,2024-06-14,São Paulo,Cliente,Aprovada,2738.01
VG00237,P00493,2026-07-07,Rio de Janeiro,Projeto,Aprovada,1870.69
VG00238,P00017,2024-03-16,São Paulo,Cliente,Concluída,1493.39
VG00239,P00321,2025-03-31,Campinas,Fornecedor,Aprovada,1647.67
VG00240,P00877,2024-07-31,Belo Horizonte,Fornecedor,Concluída,1807.9
VG00241,P00386,2026-02-10,Belo Horizonte,Treinamento,Concluída,1435.36
VG00242,P00735,2024-05-04,Rio de Janeiro,Auditoria,Concluída,1590.59
VG00243,P00483,2024-05-04,Rio de Janeiro,Auditoria,Em análise,1575.04
VG00244,P00717,2025-08-26,Rio de Janeiro,Projeto,Concluída,2511.84
VG00245,P00862,2024-01-29,Belo Horizonte,Auditoria,Concluída,3558.44
VG00246,P00263,2024-01-31,São Paulo,Auditoria,Concluída,2093.45
VG00247,P00370,2025-12-22,São Paulo,Cliente,Concluída,909.09
VG00248,P00150,2026-01-06,Campinas,Projeto,Concluída,3644.09
VG00249,P00806,2024-11-23,Campinas,Projeto,Concluída,1638.6
VG00250,P00140,2026-02-23,Curitiba,Auditoria,Concluída,614.04
VG00251,P00151,2024-05-16,Curitiba,Auditoria,Aprovada,2051.27
VG00252,P00459,2025-09-27,Belo Horizonte,Projeto,Concluída,1502.17
VG00253,P00415,2025-09-21,Belo Horizonte,Auditoria,Concluída,992.74
VG00254,P00727,2026-03-23,Rio de Janeiro,Cliente,Concluída,857.57
VG00255,P00557,2025-01-10,Campinas,Cliente,Concluída,1783.33
VG00256,P00872,2025-05-16,Curitiba,Cliente,Concluída,1130.54
VG00257,P00281,2024-12-18,Curitiba,Treinamento,Em análise,1627.51
VG00258,P00427,2025-04-06,Curitiba,Fornecedor,Concluída,831.29
VG00259,P00819,2026-06-17,Belo Horizonte,Projeto,Concluída,1264.69
VG00260,P00823,2024-07-22,Belo Horizonte,Treinamento,Aprovada,2448.24
VG00261,P00578,2025-04-23,Belo Horizonte,Fornecedor,Concluída,1094.63
VG00262,P00791,2026-01-17,São Paulo,Projeto,Concluída,3768.17
VG00263,P00490,2025-03-07,Campinas,Auditoria,Concluída,2147.22
VG00264,P00440,2025-12-08,São Paulo,Auditoria,Aprovada,5430.96
VG00265,P00456,2024-06-13,Campinas,Treinamento,Em análise,856.36
VG00266,P00082,2025-01-08,Belo Horizonte,Projeto,Concluída,3326.83
VG00267,P00413,2024-02-19,Belo Horizonte,Fornecedor,Concluída,282.98
VG00268,P00193,2024-01-27,Rio de Janeiro,Auditoria,Concluída,540.24
VG00269,P00138,2024-01-07,Rio de Janeiro,Auditoria,Aprovada,955.24
VG00270,P00863,2025-01-11,Campinas,Auditoria,Aprovada,1535.3
VG00271,P00029,2025-04-29,Rio de Janeiro,Auditoria,Concluída,569.36
VG00272,P00511,2026-07-21,Curitiba,Projeto,Cancelada,1093.31
VG00273,P00432,2025-08-10,Rio de Janeiro,Projeto,Concluída,1077.44
VG00274,P00623,2026-01-15,Campinas,Cliente,Em análise,769.47
VG00275,P00880,2024-04-07,São Paulo,Treinamento,Concluída,1135.46
VG00276,P00073,2024-10-31,Curitiba,Fornecedor,Cancelada,1077.42
VG00277,P00067,2024-12-14,Rio de Janeiro,Cliente,Concluída,1615.86
VG00278,P00363,2025-03-27,Campinas,Cliente,Concluída,1698.6
VG00279,P00179,2024-02-10,São Paulo,Projeto,Concluída,1750.61
VG00280,P00263,2025-08-09,Campinas,Cliente,Aprovada,988.95
VG00281,P00456,2025-12-31,São Paulo,Fornecedor,Cancelada,2243.46
VG00282,P00212,2024-11-30,São Paulo,Projeto,Concluída,3495.58
VG00283,P00551,2025-07-25,São Paulo,Cliente,Concluída,860.74
VG00284,P00401,2025-07-26,São Paulo,Projeto,Aprovada,2046.13
VG00285,P00542,2025-06-03,Belo Horizonte,Auditoria,Concluída,2900.15
VG00286,P00414,2024-11-07,São Paulo,Treinamento,Concluída,1491.96
VG00287,P00580,2026-02-12,Rio de Janeiro,Treinamento,Concluída,2343.37
VG00288,P00595,2024-12-13,São Paulo,Cliente,Concluída,1475.43
VG00289,P00618,2024-01-02,São Paulo,Fornecedor,Concluída,858.73
VG00290,P00208,2026-01-14,São Paulo,Cliente,Aprovada,1910.02
VG00291,P00106,2025-06-30,Curitiba,Treinamento,Concluída,3129.57
VG00292,P00267,2025-02-18,Campinas,Cliente,Aprovada,2099.23
VG00293,P00421,2026-01-10,Curitiba,Projeto,Concluída,3093.73
VG00294,P00196,2025-06-21,São Paulo,Projeto,Concluída,1481.71
VG00295,P00290,2025-10-20,Curitiba,Projeto,Concluída,3114.82
VG00296,P00552,2024-03-06,São Paulo,Cliente,Concluída,1112.93
VG00297,P00182,2024-08-15,São Paulo,Projeto,Cancelada,3156.63
VG00298,P00286,2024-02-26,Belo Horizonte,Treinamento,Concluída,1324.62
VG00299,P00682,2024-11-14,Belo Horizonte,Projeto,Concluída,1388.43
VG00300,P00879,2024-08-10,Belo Horizonte,Auditoria,Aprovada,866.9
VG00301,P00666,2024-03-15,Belo Horizonte,Fornecedor,Cancelada,718.43
VG00302,P00846,2024-06-21,São Paulo,Cliente,Cancelada,2249.87
VG00303,P00294,2025-01-16,Belo Horizonte,Auditoria,Concluída,2513.56
VG00304,P00570,2025-02-03,Campinas,Fornecedor,Aprovada,3006.5
VG00305,P00709,2024-08-07,Belo Horizonte,Projeto,Concluída,3029.06
VG00306,P00496,2025-01-06,Curitiba,Auditoria,Cancelada,1966.45
VG00307,P00256,2025-04-15,Belo Horizonte,Fornecedor,Em análise,1066.51
VG00308,P00668,2024-10-28,Campinas,Projeto,Concluída,1948.74
VG00309,P00320,2025-02-07,Campinas,Cliente,Concluída,2687.51
VG00310,P00182,2025-07-24,Curitiba,Fornecedor,Concluída,3568.94
VG00311,P00762,2025-07-08,Campinas,Cliente,Concluída,1133.47
VG00312,P00304,2026-06-22,Curitiba,Projeto,Aprovada,2400.97
VG00313,P00270,2024-08-22,Curitiba,Cliente,Aprovada,4148.36
VG00314,P00041,2026-05-25,Campinas,Projeto,Aprovada,2835.76
VG00315,P00541,2026-06-14,Belo Horizonte,Projeto,Aprovada,1628.03
VG00316,P00145,2024-07-02,Curitiba,Auditoria,Concluída,1134.06
VG00317,P00605,2026-04-04,Campinas,Fornecedor,Concluída,3407.42
VG00318,P00456,2025-08-25,Belo Horizonte,Treinamento,Aprovada,3228.51
VG00319,P00784,2024-08-24,Rio de Janeiro,Projeto,Em análise,1101.0
VG00320,P00346,2025-11-12,São Paulo,Cliente,Concluída,2402.52
VG00321,P00295,2026-05-05,São Paulo,Treinamento,Em análise,1534.5
VG00322,P00575,2026-02-05,Curitiba,Projeto,Concluída,10104.62
VG00323,P00828,2025-04-24,São Paulo,Auditoria,Aprovada,4197.37
VG00324,P00130,2026-04-09,Curitiba,Cliente,Concluída,1812.01
VG00325,P00569,2024-07-05,Rio de Janeiro,Projeto,Concluída,1932.9
VG00326,P00847,2024-05-09,São Paulo,Auditoria,Em análise,3032.13
VG00327,P00104,2025-01-14,Campinas,Treinamento,Concluída,1477.29
VG00328,P00480,2026-01-03,São Paulo,Fornecedor,Concluída,1204.66
VG00329,P00670,2024-07-01,Campinas,Projeto,Concluída,2490.23
VG00330,P00098,2025-05-01,Campinas,Treinamento,Concluída,2673.61
VG00331,P00293,2026-02-14,Belo Horizonte,Fornecedor,Concluída,1894.67
VG00332,P00600,2024-03-02,São Paulo,Auditoria,Concluída,2180.01
VG00333,P00417,2024-06-19,Campinas,Cliente,Concluída,1259.72
VG00334,P00264,2024-08-16,Belo Horizonte,Projeto,Concluída,682.41
VG00335,P00797,2025-12-11,Curitiba,Auditoria,Concluída,718.12
VG00336,P00428,2024-02-10,São Paulo,Auditoria,Concluída,690.63
VG00337,P00786,2025-07-21,Rio de Janeiro,Auditoria,Concluída,1161.62
VG00338,P00517,2024-12-03,Curitiba,Fornecedor,Cancelada,765.63
VG00339,P00780,2025-09-07,Curitiba,Fornecedor,Concluída,2538.96
VG00340,P00228,2026-01-12,São Paulo,Fornecedor,Concluída,1852.6
VG00341,P00004,2025-07-06,São Paulo,Projeto,Concluída,404.71
VG00342,P00143,2025-08-28,Belo Horizonte,Auditoria,Em análise,5425.49
VG00343,P00429,2024-09-17,Curitiba,Cliente,Concluída,368.21
VG00344,P00407,2025-10-14,São Paulo,Auditoria,Concluída,2374.89
VG00345,P00863,2025-12-27,Rio de Janeiro,Fornecedor,Concluída,1897.22
VG00346,P00687,2024-11-05,São Paulo,Cliente,Aprovada,751.57
VG00347,P00216,2025-10-01,São Paulo,Treinamento,Concluída,2792.59
VG00348,P00029,2025-05-29,Rio de Janeiro,Treinamento,Concluída,3605.01
VG00349,P00895,2026-02-23,Curitiba,Fornecedor,Concluída,1387.04
VG00350,P00224,2026-02-07,Campinas,Auditoria,Concluída,1349.71
VG00351,P00776,2025-02-06,Rio de Janeiro,Cliente,Concluída,3052.99
VG00352,P00305,2025-03-30,Campinas,Cliente,Concluída,2415.77
VG00353,P00237,2025-05-02,Rio de Janeiro,Treinamento,Cancelada,719.41
VG00354,P00008,2026-02-24,Curitiba,Treinamento,Concluída,919.64
VG00355,P00137,2026-06-27,Campinas,Cliente,Concluída,1848.01
VG00356,P00589,2025-07-05,Rio de Janeiro,Treinamento,Concluída,1873.97
VG00357,P00626,2024-05-31,Rio de Janeiro,Fornecedor,Aprovada,3258.87
VG00358,P00246,2025-04-02,São Paulo,Projeto,Aprovada,1696.82
VG00359,P00583,2025-06-18,Rio de Janeiro,Treinamento,Aprovada,5997.39
VG00360,P00691,2026-04-13,São Paulo,Auditoria,Concluída,2577.98
VG00361,P00142,2024-01-31,São Paulo,Cliente,Concluída,3958.36
VG00362,P00753,2024-04-24,Campinas,Cliente,Concluída,1055.32
VG00363,P00629,2024-06-18,São Paulo,Projeto,Cancelada,1564.37
VG00364,P00788,2026-05-17,Campinas,Projeto,Concluída,2486.38
VG00365,P00191,2025-10-25,Curitiba,Projeto,Em análise,1102.52
VG00366,P00363,2026-01-02,Campinas,Projeto,Concluída,920.49
VG00367,P00612,2025-02-15,Belo Horizonte,Projeto,Concluída,1335.13
VG00368,P00593,2024-07-31,Curitiba,Treinamento,Concluída,700.69
VG00369,P00387,2025-11-05,Belo Horizonte,Treinamento,Concluída,1599.11
VG00370,P00082,2024-11-24,Rio de Janeiro,Fornecedor,Concluída,1643.12
VG00371,P00809,2026-07-04,Belo Horizonte,Treinamento,Cancelada,2441.85
VG00372,P00125,2025-02-16,Belo Horizonte,Fornecedor,Concluída,1254.27
VG00373,P00889,2024-11-29,São Paulo,Auditoria,Concluída,408.27
VG00374,P00026,2024-06-26,São Paulo,Auditoria,Concluída,694.0
VG00375,P00466,2024-01-24,Curitiba,Fornecedor,Aprovada,1162.28
VG00376,P00039,2024-04-25,Curitiba,Auditoria,Concluída,1045.1
VG00377,P00585,2025-12-25,Rio de Janeiro,Treinamento,Concluída,1007.62
VG00378,P00782,2026-07-22,Curitiba,Fornecedor,Concluída,786.66
VG00379,P00090,2025-08-04,Belo Horizonte,Auditoria,Aprovada,3539.49
VG00380,P00720,2026-05-01,Rio de Janeiro,Projeto,Concluída,2959.86
VG00381,P00294,2025-12-12,São Paulo,Projeto,Concluída,1407.47
VG00382,P00060,2024-12-05,Rio de Janeiro,Auditoria,Concluída,2858.43
VG00383,P00581,2025-06-17,Campinas,Auditoria,Concluída,1422.77
VG00384,P00182,2026-01-04,Belo Horizonte,Cliente,Concluída,1531.53
VG00385,P00674,2025-08-26,Rio de Janeiro,Cliente,Concluída,2232.82
VG00386,P00025,2026-02-04,Belo Horizonte,Fornecedor,Concluída,539.32
VG00387,P00253,2026-01-29,Curitiba,Projeto,Concluída,3326.74
VG00388,P00387,2026-05-02,São Paulo,Fornecedor,Aprovada,1045.56
VG00389,P00076,2026-03-14,Campinas,Treinamento,Aprovada,2610.9
VG00390,P00131,2025-03-30,Rio de Janeiro,Projeto,Concluída,987.57
VG00391,P00500,2026-04-11,Campinas,Projeto,Concluída,3786.27
VG00392,P00223,2024-08-05,Campinas,Auditoria,Concluída,265.14
VG00393,P00612,2024-12-13,Curitiba,Treinamento,Concluída,981.2
VG00394,P00152,2025-02-03,Curitiba,Treinamento,Concluída,1376.61
VG00395,P00064,2024-10-12,Campinas,Projeto,Concluída,2215.46
VG00396,P00138,2024-04-01,São Paulo,Auditoria,Concluída,2841.27
VG00397,P00584,2025-09-17,São Paulo,Cliente,Aprovada,559.69
VG00398,P00746,2025-04-30,Campinas,Treinamento,Concluída,3127.63
VG00399,P00450,2026-01-15,Belo Horizonte,Auditoria,Em análise,5530.74
VG00400,P00576,2024-04-23,Belo Horizonte,Cliente,Concluída,1011.05
VG00401,P00509,2026-06-28,Rio de Janeiro,Projeto,Concluída,950.59
VG00402,P00640,2026-06-09,Curitiba,Auditoria,Concluída,2833.64
VG00403,P00684,2026-07-23,Campinas,Auditoria,Concluída,2941.62
VG00404,P00584,2025-07-09,Curitiba,Fornecedor,Em análise,2159.95
VG00405,P00498,2025-12-18,São Paulo,Fornecedor,Em análise,1656.7
VG00406,P00363,2026-02-03,Belo Horizonte,Cliente,Concluída,2712.13
VG00407,P00613,2024-09-05,Curitiba,Auditoria,Concluída,543.74
VG00408,P00588,2025-08-14,Campinas,Treinamento,Concluída,1436.02
VG00409,P00698,2026-03-23,Campinas,Cliente,Cancelada,1512.55
VG00410,P00405,2025-01-13,Campinas,Auditoria,Concluída,2842.2
VG00411,P00407,2025-11-03,São Paulo,Fornecedor,Concluída,2293.03
VG00412,P00103,2024-01-03,Rio de Janeiro,Auditoria,Concluída,2695.93
VG00413,P00394,2025-09-09,Rio de Janeiro,Cliente,Concluída,3060.28
VG00414,P00680,2024-10-23,Belo Horizonte,Treinamento,Concluída,2376.68
VG00415,P00146,2024-04-03,Rio de Janeiro,Fornecedor,Concluída,2912.87
VG00416,P00402,2024-11-23,Curitiba,Auditoria,Concluída,1523.94
VG00417,P00458,2025-10-13,São Paulo,Auditoria,Aprovada,1520.36
VG00418,P00168,2025-09-10,Curitiba,Projeto,Concluída,676.88
VG00419,P00603,2026-01-20,Curitiba,Projeto,Em análise,922.66
VG00420,P00793,2024-02-12,Belo Horizonte,Fornecedor,Concluída,1559.18
VG00421,P00421,2026-01-11,São Paulo,Auditoria,Concluída,1193.69
VG00422,P00023,2025-07-20,Rio de Janeiro,Cliente,Concluída,3864.31
VG00423,P00661,2025-06-09,Rio de Janeiro,Cliente,Cancelada,2945.82
VG00424,P00097,2025-12-25,Belo Horizonte,Treinamento,Aprovada,1318.74
VG00425,P00318,2026-07-23,Belo Horizonte,Cliente,Concluída,3854.46
VG00426,P00468,2026-03-17,Rio de Janeiro,Treinamento,Concluída,2844.88
VG00427,P00157,2026-06-04,Campinas,Cliente,Concluída,3010.28
VG00428,P00265,2025-08-23,Rio de Janeiro,Projeto,Concluída,1710.76
VG00429,P00235,2025-08-26,Belo Horizonte,Projeto,Em análise,1284.41
VG00430,P00590,2025-06-20,Curitiba,Cliente,Aprovada,2483.47
VG00431,P00083,2025-07-27,Campinas,Cliente,Concluída,3227.65
VG00432,P00404,2026-04-21,Curitiba,Cliente,Concluída,1980.09
VG00433,P00162,2024-09-27,Belo Horizonte,Fornecedor,Concluída,1589.69
VG00434,P00481,2025-05-23,Curitiba,Projeto,Cancelada,2783.84
VG00435,P00265,2025-12-04,São Paulo,Treinamento,Concluída,1184.48
VG00436,P00093,2026-07-05,São Paulo,Auditoria,Concluída,2197.73
VG00437,P00121,2024-02-09,Belo Horizonte,Treinamento,Concluída,1398.78
VG00438,P00850,2026-03-28,São Paulo,Treinamento,Concluída,852.1
VG00439,P00574,2025-07-17,Rio de Janeiro,Auditoria,Aprovada,1239.04
VG00440,P00398,2025-03-26,Campinas,Cliente,Concluída,6130.2
VG00441,P00036,2024-07-27,Campinas,Auditoria,Aprovada,3801.77
VG00442,P00871,2026-01-31,Curitiba,Treinamento,Concluída,753.65
VG00443,P00862,2024-07-20,Curitiba,Cliente,Concluída,2410.1
VG00444,P00440,2026-04-14,São Paulo,Treinamento,Concluída,5031.83
VG00445,P00609,2024-10-03,Curitiba,Projeto,Cancelada,1715.08
VG00446,P00335,2025-10-22,São Paulo,Projeto,Cancelada,680.91
VG00447,P00398,2024-02-27,Campinas,Projeto,Concluída,3087.29
VG00448,P00120,2025-03-20,Belo Horizonte,Fornecedor,Aprovada,874.8
VG00449,P00850,2026-01-07,Belo Horizonte,Fornecedor,Concluída,2608.89
VG00450,P00812,2024-12-04,Rio de Janeiro,Projeto,Concluída,3455.1
VG00451,P00571,2024-11-09,Belo Horizonte,Auditoria,Concluída,1053.73
VG00452,P00223,2024-08-15,Curitiba,Fornecedor,Concluída,5779.24
VG00453,P00574,2024-09-23,São Paulo,Auditoria,Concluída,912.59
VG00454,P00333,2025-06-05,Rio de Janeiro,Fornecedor,Concluída,1333.29
VG00455,P00886,2026-05-18,Rio de Janeiro,Cliente,Concluída,3920.66
VG00456,P00101,2024-04-22,Belo Horizonte,Auditoria,Concluída,2268.0
VG00457,P00701,2026-06-10,Campinas,Treinamento,Aprovada,1732.23
VG00458,P00475,2025-12-20,Curitiba,Cliente,Concluída,726.61
VG00459,P00070,2024-06-24,Campinas,Auditoria,Concluída,1433.17
VG00460,P00567,2024-02-04,Curitiba,Treinamento,Aprovada,2078.0
VG00461,P00384,2025-05-09,Belo Horizonte,Auditoria,Concluída,2129.87
VG00462,P00166,2024-08-23,Curitiba,Projeto,Concluída,731.77
VG00463,P00239,2025-09-24,Belo Horizonte,Auditoria,Concluída,990.47
VG00464,P00191,2024-01-16,Belo Horizonte,Cliente,Concluída,619.36
VG00465,P00115,2025-02-22,Curitiba,Fornecedor,Concluída,1121.03
VG00466,P00570,2025-07-15,São Paulo,Cliente,Concluída,2042.24
VG00467,P00769,2026-01-19,Curitiba,Cliente,Concluída,2475.02
VG00468,P00498,2024-02-19,São Paulo,Cliente,Aprovada,2630.37
VG00469,P00618,2025-02-13,Belo Horizonte,Auditoria,Concluída,1200.3
VG00470,P00510,2024-02-11,Rio de Janeiro,Fornecedor,Concluída,661.81
VG00471,P00164,2024-01-20,Curitiba,Auditoria,Concluída,1397.48
VG00472,P00393,2026-02-13,Belo Horizonte,Fornecedor,Concluída,1560.29
VG00473,P00571,2025-07-10,São Paulo,Fornecedor,Aprovada,4220.01
VG00474,P00099,2025-08-13,Curitiba,Cliente,Em análise,3237.79
VG00475,P00826,2025-10-01,São Paulo,Treinamento,Concluída,821.99
VG00476,P00821,2025-12-10,Rio de Janeiro,Auditoria,Concluída,2681.89
VG00477,P00007,2024-12-28,Belo Horizonte,Projeto,Concluída,407.48
VG00478,P00622,2024-09-07,Belo Horizonte,Fornecedor,Concluída,2687.01
VG00479,P00241,2024-05-03,Belo Horizonte,Cliente,Concluída,538.89
VG00480,P00775,2025-11-26,Campinas,Fornecedor,Concluída,1705.07
VG00481,P00245,2026-04-13,Rio de Janeiro,Projeto,Concluída,1007.53
VG00482,P00553,2024-10-29,Curitiba,Fornecedor,Aprovada,1118.37
VG00483,P00417,2024-08-25,São Paulo,Auditoria,Concluída,1149.51
VG00484,P00677,2024-04-05,Belo Horizonte,Cliente,Aprovada,748.37
VG00485,P00575,2025-01-29,Belo Horizonte,Projeto,Em análise,497.99
VG00486,P00138,2025-05-17,Curitiba,Auditoria,Concluída,1857.45
VG00487,P00452,2025-03-26,Campinas,Cliente,Concluída,832.06
VG00488,P00478,2025-01-01,Belo Horizonte,Cliente,Concluída,2705.95
VG00489,P00575,2025-05-06,São Paulo,Projeto,Aprovada,6293.11
VG00490,P00397,2025-08-27,Campinas,Projeto,Concluída,2666.8
VG00491,P00118,2024-11-20,Rio de Janeiro,Cliente,Concluída,640.21
VG00492,P00294,2024-05-02,São Paulo,Fornecedor,Concluída,1408.52
VG00493,P00570,2026-03-19,Belo Horizonte,Projeto,Concluída,2079.97
VG00494,P00435,2026-01-17,Belo Horizonte,Auditoria,Concluída,1856.0
VG00495,P00425,2025-12-02,Belo Horizonte,Fornecedor,Concluída,1360.59
VG00496,P00121,2025-08-20,Rio de Janeiro,Projeto,Concluída,2251.31
VG00497,P00716,2026-06-17,Belo Horizonte,Fornecedor,Cancelada,3702.17
VG00498,P00605,2025-10-10,Curitiba,Auditoria,Cancelada,1021.78
VG00499,P00803,2025-02-11,Belo Horizonte,Treinamento,Cancelada,1074.14
VG00500,P00017,2024-08-09,Rio de Janeiro,Cliente,Concluída,1872.8
VG00501,P00828,2024-09-06,Rio de Janeiro,Projeto,Concluída,2490.69
VG00502,P00257,2024-06-22,Rio de Janeiro,Fornecedor,Concluída,2406.3
VG00503,P00576,2026-04-13,Rio de Janeiro,Fornecedor,Concluída,2540.03
VG00504,P00072,2026-03-27,Belo Horizonte,Treinamento,Concluída,1344.34
VG00505,P00484,2024-12-25,Curitiba,Auditoria,Concluída,1103.98
VG00506,P00390,2024-09-18,São Paulo,Auditoria,Concluída,1335.61
VG00507,P00685,2024-03-21,São Paulo,Projeto,Concluída,2265.6
VG00508,P00662,2024-09-24,Curitiba,Fornecedor,Concluída,1846.19
VG00509,P00882,2024-10-19,Campinas,Auditoria,Concluída,1589.75
VG00510,P00880,2024-07-05,São Paulo,Treinamento,Concluída,2205.62
VG00511,P00222,2026-05-04,São Paulo,Fornecedor,Concluída,670.29
VG00512,P00637,2025-09-03,Curitiba,Treinamento,Em análise,1112.22
VG00513,P00747,2024-04-20,São Paulo,Projeto,Concluída,976.24
VG00514,P00615,2026-03-27,Belo Horizonte,Projeto,Concluída,1058.37
VG00515,P00557,2025-08-17,Curitiba,Fornecedor,Aprovada,4764.73
VG00516,P00740,2024-10-23,Campinas,Cliente,Concluída,1247.45
VG00517,P00749,2024-05-05,Campinas,Cliente,Concluída,2920.19
VG00518,P00788,2024-09-24,Campinas,Fornecedor,Concluída,899.89
VG00519,P00782,2026-01-07,Rio de Janeiro,Projeto,Concluída,674.45
VG00520,P00116,2024-12-06,Curitiba,Projeto,Aprovada,2912.43
VG00521,P00892,2025-09-12,Belo Horizonte,Cliente,Aprovada,885.34
VG00522,P00117,2024-06-07,Campinas,Auditoria,Concluída,3338.71
VG00523,P00770,2024-01-10,Belo Horizonte,Cliente,Concluída,2441.07
VG00524,P00510,2025-03-25,Belo Horizonte,Auditoria,Em análise,1141.38
VG00525,P00366,2024-10-23,Curitiba,Cliente,Aprovada,2263.92
VG00526,P00440,2026-03-25,São Paulo,Treinamento,Concluída,1038.3
VG00527,P00899,2024-08-08,Campinas,Cliente,Cancelada,663.1
VG00528,P00518,2026-04-24,Belo Horizonte,Fornecedor,Concluída,3690.76
VG00529,P00181,2025-05-13,Curitiba,Cliente,Concluída,375.55
VG00530,P00190,2026-03-06,Campinas,Fornecedor,Concluída,2060.21
VG00531,P00249,2025-02-24,Campinas,Treinamento,Concluída,1521.13
VG00532,P00082,2025-10-25,Belo Horizonte,Projeto,Concluída,3265.58
VG00533,P00466,2024-08-06,Rio de Janeiro,Auditoria,Aprovada,822.7
VG00534,P00383,2026-02-04,Campinas,Fornecedor,Aprovada,9058.21
VG00535,P00002,2024-05-29,Campinas,Fornecedor,Concluída,605.27
VG00536,P00881,2024-08-03,Belo Horizonte,Fornecedor,Concluída,701.58
VG00537,P00789,2026-02-11,Campinas,Projeto,Aprovada,758.08
VG00538,P00082,2026-01-11,Curitiba,Treinamento,Concluída,556.31
VG00539,P00238,2025-12-18,Belo Horizonte,Projeto,Concluída,2534.86
VG00540,P00895,2024-02-02,Belo Horizonte,Cliente,Concluída,1571.27
VG00541,P00813,2024-06-06,Campinas,Projeto,Concluída,1511.05
VG00542,P00109,2025-01-11,Curitiba,Fornecedor,Concluída,1791.07
VG00543,P00463,2026-03-13,Campinas,Projeto,Concluída,1839.08
VG00544,P00777,2024-03-16,Belo Horizonte,Projeto,Concluída,2656.21
VG00545,P00076,2025-12-06,Belo Horizonte,Projeto,Concluída,625.89
VG00546,P00171,2024-06-11,Campinas,Cliente,Cancelada,613.66
VG00547,P00303,2024-11-12,Belo Horizonte,Auditoria,Aprovada,5140.02
VG00548,P00472,2025-06-25,Rio de Janeiro,Treinamento,Concluída,764.19
VG00549,P00114,2025-03-20,São Paulo,Cliente,Concluída,1427.22
VG00550,P00676,2024-03-05,Campinas,Treinamento,Concluída,5705.58
VG00551,P00088,2026-05-16,Belo Horizonte,Projeto,Aprovada,2630.98
VG00552,P00506,2024-03-06,São Paulo,Cliente,Cancelada,1029.41
VG00553,P00217,2024-02-19,Belo Horizonte,Projeto,Concluída,800.58
VG00554,P00185,2025-11-05,Curitiba,Projeto,Concluída,1441.27
VG00555,P00142,2026-04-08,Rio de Janeiro,Fornecedor,Concluída,1792.82
VG00556,P00596,2025-11-24,Campinas,Treinamento,Concluída,1555.49
VG00557,P00059,2026-02-02,Rio de Janeiro,Cliente,Concluída,1010.62
VG00558,P00632,2025-09-04,São Paulo,Cliente,Concluída,4161.25
VG00559,P00345,2026-07-28,Rio de Janeiro,Projeto,Em análise,1878.26
VG00560,P00785,2025-07-29,São Paulo,Fornecedor,Concluída,2000.67
VG00561,P00480,2024-01-08,Curitiba,Cliente,Em análise,1581.06
VG00562,P00765,2026-02-18,São Paulo,Cliente,Cancelada,2565.3
VG00563,P00306,2024-10-13,Curitiba,Treinamento,Concluída,1142.56
VG00564,P00117,2025-04-12,Rio de Janeiro,Projeto,Concluída,1420.95
VG00565,P00577,2025-01-27,São Paulo,Auditoria,Em análise,2011.74
VG00566,P00508,2024-04-02,Campinas,Treinamento,Concluída,3642.7
VG00567,P00445,2024-07-18,Belo Horizonte,Projeto,Concluída,1099.96
VG00568,P00456,2024-06-22,São Paulo,Cliente,Aprovada,1692.72
VG00569,P00356,2024-09-27,São Paulo,Auditoria,Concluída,1396.2
VG00570,P00855,2025-03-04,Rio de Janeiro,Auditoria,Concluída,1582.9
VG00571,P00824,2025-08-10,Belo Horizonte,Cliente,Aprovada,2107.59
VG00572,P00420,2025-08-14,Belo Horizonte,Auditoria,Concluída,1462.25
VG00573,P00485,2024-09-22,Curitiba,Fornecedor,Concluída,2813.51
VG00574,P00458,2024-02-03,Campinas,Fornecedor,Concluída,1618.26
VG00575,P00518,2025-10-21,Campinas,Fornecedor,Concluída,2183.83
VG00576,P00146,2024-03-23,Rio de Janeiro,Projeto,Concluída,3149.01
VG00577,P00320,2024-07-23,São Paulo,Projeto,Concluída,442.2
VG00578,P00197,2024-04-12,São Paulo,Cliente,Concluída,2715.01
VG00579,P00259,2025-04-04,São Paulo,Projeto,Concluída,2374.91
VG00580,P00563,2024-09-08,Belo Horizonte,Fornecedor,Concluída,1665.11
VG00581,P00433,2024-06-06,Campinas,Cliente,Concluída,1658.7
VG00582,P00043,2026-03-28,Campinas,Cliente,Concluída,1869.21
VG00583,P00534,2025-10-21,São Paulo,Cliente,Concluída,2391.37
VG00584,P00155,2026-05-22,Curitiba,Auditoria,Concluída,2219.93
VG00585,P00319,2026-01-15,Curitiba,Cliente,Concluída,1516.69
VG00586,P00651,2024-09-27,Curitiba,Fornecedor,Concluída,2143.43
VG00587,P00036,2025-06-08,Rio de Janeiro,Auditoria,Concluída,1959.16
VG00588,P00555,2024-04-30,Campinas,Auditoria,Concluída,1202.19
VG00589,P00269,2025-11-06,Campinas,Fornecedor,Concluída,1459.35
VG00590,P00275,2024-04-07,Rio de Janeiro,Treinamento,Concluída,1986.34
VG00591,P00098,2025-09-18,Campinas,Auditoria,Concluída,700.62
VG00592,P00229,2026-04-19,Curitiba,Treinamento,Concluída,1154.1
VG00593,P00149,2024-01-10,Curitiba,Auditoria,Concluída,1339.72
VG00594,P00204,2025-09-27,Belo Horizonte,Fornecedor,Concluída,632.88
VG00595,P00541,2025-12-26,Curitiba,Auditoria,Aprovada,5835.31
VG00596,P00213,2025-03-07,Rio de Janeiro,Projeto,Concluída,2671.4
VG00597,P00072,2024-12-18,São Paulo,Treinamento,Concluída,838.94
VG00598,P00822,2025-07-18,Curitiba,Projeto,Concluída,1207.99
VG00599,P00050,2026-02-12,Rio de Janeiro,Cliente,Concluída,930.41
VG00600,P00269,2026-06-11,Campinas,Projeto,Concluída,1254.49
VG00601,P00578,2025-05-10,São Paulo,Projeto,Concluída,1109.01
VG00602,P00200,2026-01-13,Campinas,Cliente,Concluída,1029.17
VG00603,P00806,2025-03-30,Rio de Janeiro,Cliente,Concluída,3282.5
VG00604,P00363,2025-05-30,Curitiba,Treinamento,Concluída,1263.24
VG00605,P00458,2024-06-25,São Paulo,Projeto,Concluída,1854.24
VG00606,P00663,2025-05-27,Rio de Janeiro,Fornecedor,Aprovada,1003.42
VG00607,P00054,2025-09-08,Rio de Janeiro,Projeto,Cancelada,3109.28
VG00608,P00836,2024-04-19,Belo Horizonte,Auditoria,Concluída,2408.33
VG00609,P00364,2026-05-10,Rio de Janeiro,Projeto,Concluída,3886.9
VG00610,P00590,2024-02-19,Curitiba,Cliente,Concluída,921.09
VG00611,P00068,2026-02-26,Campinas,Fornecedor,Concluída,720.34
VG00612,P00800,2026-01-08,São Paulo,Treinamento,Cancelada,733.58
VG00613,P00758,2024-07-19,São Paulo,Fornecedor,Em análise,3229.48
VG00614,P00107,2026-07-25,Curitiba,Fornecedor,Concluída,3628.79
VG00615,P00625,2024-05-02,Rio de Janeiro,Auditoria,Aprovada,1041.3
VG00616,P00101,2025-10-03,Curitiba,Projeto,Concluída,5932.45
VG00617,P00592,2026-07-01,Rio de Janeiro,Projeto,Concluída,1450.06
VG00618,P00012,2024-01-07,Belo Horizonte,Auditoria,Aprovada,951.98
VG00619,P00640,2024-06-23,Campinas,Treinamento,Concluída,2303.62
VG00620,P00586,2025-02-05,Campinas,Treinamento,Concluída,1485.62
VG00621,P00154,2024-04-06,Rio de Janeiro,Treinamento,Concluída,1939.7
VG00622,P00004,2026-07-19,São Paulo,Treinamento,Concluída,1708.47
VG00623,P00412,2025-02-12,Rio de Janeiro,Fornecedor,Cancelada,1249.93
VG00624,P00687,2026-01-10,Belo Horizonte,Treinamento,Concluída,1780.12
VG00625,P00859,2024-05-05,Belo Horizonte,Auditoria,Concluída,1756.45
VG00626,P00228,2024-06-12,Curitiba,Cliente,Concluída,2496.7
VG00627,P00771,2026-03-07,Rio de Janeiro,Auditoria,Concluída,2284.03
VG00628,P00261,2024-08-15,Curitiba,Auditoria,Aprovada,1521.31
VG00629,P00770,2026-04-16,Curitiba,Projeto,Aprovada,1107.37
VG00630,P00004,2025-12-02,Belo Horizonte,Projeto,Concluída,1583.91
VG00631,P00617,2024-04-02,Curitiba,Treinamento,Concluída,1470.62
VG00632,P00638,2025-12-06,Belo Horizonte,Cliente,Concluída,3432.15
VG00633,P00156,2026-04-21,Rio de Janeiro,Fornecedor,Concluída,2438.96
VG00634,P00495,2025-08-19,Belo Horizonte,Projeto,Concluída,990.08
VG00635,P00803,2024-04-27,São Paulo,Fornecedor,Aprovada,4671.49
VG00636,P00522,2025-04-01,Rio de Janeiro,Treinamento,Concluída,1267.93
VG00637,P00174,2026-02-05,Curitiba,Auditoria,Concluída,376.2
VG00638,P00277,2025-02-15,São Paulo,Treinamento,Em análise,695.74
VG00639,P00485,2026-01-17,Belo Horizonte,Auditoria,Cancelada,2241.39
VG00640,P00116,2026-07-24,Rio de Janeiro,Fornecedor,Aprovada,1669.76
VG00641,P00066,2025-02-01,Curitiba,Auditoria,Concluída,1437.26
VG00642,P00419,2025-12-01,Campinas,Projeto,Aprovada,5313.79
VG00643,P00507,2025-03-29,São Paulo,Fornecedor,Em análise,1229.39
VG00644,P00720,2026-01-25,São Paulo,Auditoria,Concluída,567.28
VG00645,P00897,2025-04-26,São Paulo,Fornecedor,Aprovada,1562.0
VG00646,P00401,2026-01-29,Campinas,Fornecedor,Concluída,2629.14
VG00647,P00389,2025-10-16,São Paulo,Treinamento,Em análise,2047.35
VG00648,P00689,2026-05-11,Rio de Janeiro,Treinamento,Concluída,1222.69
VG00649,P00357,2024-06-19,São Paulo,Treinamento,Concluída,2364.61
VG00650,P00094,2025-01-01,Campinas,Projeto,Aprovada,828.57
VG00651,P00416,2025-01-31,Campinas,Treinamento,Concluída,1489.96
VG00652,P00585,2025-02-02,Campinas,Auditoria,Concluída,9505.53
VG00653,P00633,2024-09-24,Belo Horizonte,Treinamento,Concluída,2118.09
VG00654,P00522,2024-08-30,Rio de Janeiro,Treinamento,Em análise,2068.45
VG00655,P00315,2026-03-15,Campinas,Fornecedor,Cancelada,1188.92
VG00656,P00334,2025-03-20,Campinas,Auditoria,Concluída,1506.32
VG00657,P00228,2025-03-09,São Paulo,Cliente,Aprovada,1574.58
VG00658,P00340,2024-04-05,Curitiba,Projeto,Aprovada,2744.86
VG00659,P00641,2024-10-31,Rio de Janeiro,Fornecedor,Concluída,1750.39
VG00660,P00225,2025-08-02,São Paulo,Cliente,Concluída,1898.47
VG00661,P00797,2026-05-30,Campinas,Projeto,Concluída,1258.16
VG00662,P00624,2024-11-28,Campinas,Fornecedor,Em análise,939.46
VG00663,P00223,2026-06-10,Belo Horizonte,Cliente,Concluída,5205.0
VG00664,P00555,2026-07-19,Rio de Janeiro,Auditoria,Concluída,1494.15
VG00665,P00746,2025-07-18,Belo Horizonte,Fornecedor,Concluída,2843.95
VG00666,P00623,2026-02-07,Curitiba,Fornecedor,Concluída,11844.18
VG00667,P00102,2026-06-22,Campinas,Auditoria,Concluída,1260.49
VG00668,P00784,2025-01-16,Belo Horizonte,Treinamento,Concluída,2374.26
VG00669,P00433,2025-06-22,Campinas,Cliente,Concluída,894.58
VG00670,P00662,2024-06-18,Rio de Janeiro,Cliente,Concluída,697.0
VG00671,P00266,2025-01-28,Campinas,Cliente,Concluída,1265.36
VG00672,P00612,2025-06-16,Campinas,Cliente,Aprovada,1067.61
VG00673,P00800,2025-02-25,Curitiba,Projeto,Aprovada,1987.28
VG00674,P00152,2024-04-12,Rio de Janeiro,Auditoria,Concluída,2160.03
VG00675,P00096,2025-03-09,Rio de Janeiro,Projeto,Concluída,1273.6
VG00676,P00710,2026-01-27,Belo Horizonte,Auditoria,Concluída,676.05
VG00677,P00157,2024-11-06,Curitiba,Auditoria,Concluída,483.66
VG00678,P00327,2025-12-06,Curitiba,Projeto,Concluída,1567.45
VG00679,P00672,2025-08-06,Belo Horizonte,Treinamento,Em análise,1272.36
VG00680,P00339,2024-12-04,Rio de Janeiro,Auditoria,Concluída,475.66
VG00681,P00306,2025-06-10,Curitiba,Projeto,Aprovada,1025.05
VG00682,P00715,2024-06-28,Rio de Janeiro,Auditoria,Concluída,2884.64
VG00683,P00017,2026-04-23,Curitiba,Cliente,Concluída,1015.54
VG00684,P00256,2024-09-11,São Paulo,Treinamento,Concluída,2505.58
VG00685,P00899,2024-03-18,Rio de Janeiro,Auditoria,Concluída,2817.15
VG00686,P00858,2026-06-08,Rio de Janeiro,Auditoria,Concluída,1458.0
VG00687,P00838,2026-07-04,Curitiba,Treinamento,Concluída,2684.42
VG00688,P00136,2024-04-05,Curitiba,Fornecedor,Cancelada,506.71
VG00689,P00378,2026-05-29,Rio de Janeiro,Auditoria,Em análise,1306.57
VG00690,P00294,2026-01-05,Curitiba,Treinamento,Concluída,2535.78
VG00691,P00611,2025-02-06,Campinas,Treinamento,Concluída,1723.14
VG00692,P00049,2026-04-17,Curitiba,Fornecedor,Concluída,1597.4
VG00693,P00378,2026-01-15,São Paulo,Cliente,Aprovada,1521.39
VG00694,P00227,2025-02-21,Rio de Janeiro,Fornecedor,Concluída,2578.5
VG00695,P00332,2025-11-28,Curitiba,Treinamento,Cancelada,1665.57
VG00696,P00584,2025-04-23,Campinas,Treinamento,Concluída,1895.85
VG00697,P00472,2025-01-06,São Paulo,Fornecedor,Concluída,1316.15
VG00698,P00430,2025-12-30,Curitiba,Fornecedor,Concluída,877.21
VG00699,P00427,2025-11-24,Campinas,Treinamento,Em análise,2737.69
VG00700,P00504,2024-07-26,Curitiba,Treinamento,Concluída,1271.25
VG00701,P00809,2026-04-23,São Paulo,Fornecedor,Aprovada,1749.66
VG00702,P00293,2025-10-26,Belo Horizonte,Cliente,Cancelada,1101.66
VG00703,P00434,2025-12-13,Rio de Janeiro,Cliente,Concluída,1177.14
VG00704,P00744,2024-09-20,Belo Horizonte,Auditoria,Concluída,1846.28
VG00705,P00698,2025-08-14,Belo Horizonte,Fornecedor,Em análise,3924.4
VG00706,P00487,2026-06-11,São Paulo,Cliente,Aprovada,2727.06
VG00707,P00441,2024-09-20,São Paulo,Treinamento,Em análise,3555.84
VG00708,P00599,2026-03-19,Rio de Janeiro,Cliente,Concluída,3708.07
VG00709,P00185,2024-02-09,Campinas,Auditoria,Concluída,1533.37
VG00710,P00459,2024-03-30,Rio de Janeiro,Treinamento,Cancelada,3564.92
VG00711,P00828,2026-02-27,Belo Horizonte,Treinamento,Concluída,1434.39
VG00712,P00862,2026-03-07,São Paulo,Auditoria,Cancelada,1601.27
VG00713,P00327,2026-06-03,São Paulo,Auditoria,Concluída,4454.56
VG00714,P00236,2026-07-11,Curitiba,Cliente,Concluída,2071.06
VG00715,P00727,2026-01-18,Curitiba,Projeto,Em análise,1596.87
VG00716,P00122,2024-07-21,Curitiba,Projeto,Em análise,6048.67
VG00717,P00485,2024-08-14,Curitiba,Auditoria,Cancelada,2767.03
VG00718,P00771,2024-02-12,Rio de Janeiro,Auditoria,Em análise,5430.25
VG00719,P00689,2025-09-05,Curitiba,Fornecedor,Em análise,1951.36
VG00720,P00660,2025-12-26,Curitiba,Auditoria,Em análise,2013.32
VG00721,P00271,2024-11-30,Campinas,Projeto,Aprovada,1729.2
VG00722,P00088,2025-10-01,São Paulo,Auditoria,Concluída,999.29
VG00723,P00491,2026-03-12,Rio de Janeiro,Projeto,Concluída,2503.96
VG00724,P00019,2024-08-24,Rio de Janeiro,Projeto,Em análise,1553.02
VG00725,P00869,2026-01-14,Curitiba,Treinamento,Concluída,2472.96
VG00726,P00684,2024-11-02,Belo Horizonte,Auditoria,Concluída,2692.94
VG00727,P00891,2026-01-31,Curitiba,Auditoria,Concluída,1190.97
VG00728,P00572,2025-11-28,Campinas,Projeto,Em análise,1938.4
VG00729,P00380,2025-07-27,Campinas,Fornecedor,Concluída,459.16
VG00730,P00769,2026-05-20,Rio de Janeiro,Projeto,Concluída,2379.01
VG00731,P00286,2025-05-02,Rio de Janeiro,Projeto,Cancelada,765.11
VG00732,P00728,2025-05-27,Belo Horizonte,Auditoria,Em análise,1155.49
VG00733,P00287,2025-04-16,Belo Horizonte,Cliente,Concluída,1249.21
VG00734,P00817,2024-07-27,Campinas,Auditoria,Concluída,1566.11
VG00735,P00501,2024-03-22,Campinas,Auditoria,Concluída,2627.91
VG00736,P00774,2025-02-16,São Paulo,Treinamento,Concluída,2377.94
VG00737,P00107,2024-02-12,Campinas,Treinamento,Concluída,1522.33
VG00738,P00304,2025-10-12,Curitiba,Auditoria,Concluída,1149.4
VG00739,P00180,2024-10-16,Rio de Janeiro,Projeto,Concluída,1430.89
VG00740,P00260,2026-02-11,São Paulo,Cliente,Concluída,1971.9
VG00741,P00210,2025-05-21,São Paulo,Cliente,Cancelada,2435.36
VG00742,P00894,2024-09-13,Rio de Janeiro,Projeto,Concluída,1870.02
VG00743,P00661,2025-03-01,Belo Horizonte,Fornecedor,Concluída,1599.35
VG00744,P00064,2025-01-27,Campinas,Projeto,Concluída,543.86
VG00745,P00677,2024-02-22,São Paulo,Projeto,Aprovada,1125.23
VG00746,P00097,2024-03-12,Curitiba,Cliente,Cancelada,2509.33
VG00747,P00746,2025-11-30,São Paulo,Fornecedor,Concluída,5166.04
VG00748,P00893,2026-05-21,Rio de Janeiro,Treinamento,Concluída,2124.33
VG00749,P00562,2025-04-24,Curitiba,Treinamento,Concluída,1510.25
VG00750,P00438,2024-03-09,Belo Horizonte,Projeto,Concluída,1650.12
VG00751,P00310,2026-02-12,Belo Horizonte,Auditoria,Cancelada,1968.61
VG00752,P00429,2026-07-08,Rio de Janeiro,Auditoria,Concluída,2340.93
VG00753,P00672,2025-11-13,Campinas,Cliente,Concluída,672.14
VG00754,P00414,2024-04-03,São Paulo,Auditoria,Concluída,1552.55
VG00755,P00556,2025-08-23,Campinas,Treinamento,Aprovada,3061.47
VG00756,P00675,2025-01-11,São Paulo,Projeto,Concluída,652.42
VG00757,P00608,2026-01-09,Belo Horizonte,Treinamento,Concluída,2758.55
VG00758,P00085,2024-10-06,Curitiba,Auditoria,Concluída,2601.11
VG00759,P00565,2024-01-05,São Paulo,Cliente,Concluída,2399.49
VG00760,P00370,2025-04-01,Rio de Janeiro,Fornecedor,Concluída,779.51
VG00761,P00363,2025-03-28,Rio de Janeiro,Cliente,Concluída,582.57
VG00762,P00147,2025-07-05,Curitiba,Projeto,Cancelada,872.66
VG00763,P00248,2024-10-23,São Paulo,Cliente,Concluída,3086.08
VG00764,P00079,2024-02-06,Curitiba,Projeto,Concluída,2766.83
VG00765,P00089,2025-03-09,Belo Horizonte,Treinamento,Concluída,499.33
VG00766,P00184,2025-04-01,São Paulo,Auditoria,Em análise,1629.1
VG00767,P00517,2024-12-06,Belo Horizonte,Fornecedor,Concluída,1584.03
VG00768,P00033,2026-04-05,Curitiba,Auditoria,Concluída,1699.64
VG00769,P00632,2026-03-20,Curitiba,Auditoria,Concluída,1309.53
VG00770,P00272,2024-09-25,São Paulo,Cliente,Concluída,1599.76
VG00771,P00666,2025-01-31,Rio de Janeiro,Cliente,Concluída,4595.94
VG00772,P00468,2025-12-31,Campinas,Treinamento,Aprovada,2160.94
VG00773,P00569,2024-09-11,São Paulo,Projeto,Concluída,1582.29
VG00774,P00473,2025-08-21,Belo Horizonte,Treinamento,Concluída,1230.01
VG00775,P00096,2025-04-07,Rio de Janeiro,Auditoria,Aprovada,1349.03
VG00776,P00251,2025-10-13,Rio de Janeiro,Auditoria,Concluída,2641.21
VG00777,P00174,2026-07-29,Curitiba,Fornecedor,Cancelada,1070.58
VG00778,P00152,2024-07-24,Curitiba,Projeto,Concluída,2384.72
VG00779,P00351,2024-03-24,Campinas,Auditoria,Concluída,1825.64
VG00780,P00850,2024-12-07,Belo Horizonte,Treinamento,Aprovada,906.98
VG00781,P00678,2025-02-02,Rio de Janeiro,Projeto,Concluída,1872.6
VG00782,P00426,2024-11-04,São Paulo,Projeto,Cancelada,1765.82
VG00783,P00341,2025-12-08,Rio de Janeiro,Auditoria,Concluída,2121.63
VG00784,P00747,2024-11-08,Belo Horizonte,Treinamento,Concluída,1901.34
VG00785,P00181,2026-06-03,Campinas,Projeto,Em análise,1327.07
VG00786,P00490,2024-04-20,Belo Horizonte,Projeto,Concluída,4313.55
VG00787,P00186,2025-07-01,Rio de Janeiro,Auditoria,Concluída,4633.12
VG00788,P00674,2024-11-26,São Paulo,Treinamento,Concluída,5376.45
VG00789,P00768,2024-08-29,Campinas,Fornecedor,Concluída,1006.64
VG00790,P00451,2024-10-26,Belo Horizonte,Cliente,Concluída,1598.3
VG00791,P00749,2024-09-17,Curitiba,Treinamento,Concluída,5984.47
VG00792,P00201,2024-06-28,São Paulo,Auditoria,Concluída,1571.99
VG00793,P00461,2025-12-17,Curitiba,Projeto,Concluída,2315.46
VG00794,P00370,2024-02-29,Belo Horizonte,Cliente,Concluída,1339.02
VG00795,P00259,2026-04-21,Rio de Janeiro,Auditoria,Concluída,827.87
VG00796,P00543,2024-11-04,Belo Horizonte,Cliente,Aprovada,3059.93
VG00797,P00608,2024-07-31,Belo Horizonte,Auditoria,Concluída,2325.38
VG00798,P00638,2024-08-29,Curitiba,Projeto,Concluída,2289.06
VG00799,P00446,2026-01-05,Rio de Janeiro,Auditoria,Concluída,1708.23
VG00800,P00782,2024-03-23,Curitiba,Auditoria,Concluída,1054.96
VG00801,P00808,2026-05-15,Curitiba,Cliente,Concluída,2776.75
VG00802,P00325,2025-11-14,Curitiba,Auditoria,Concluída,1095.13
VG00803,P00444,2024-11-26,Campinas,Treinamento,Concluída,1568.48
VG00804,P00358,2024-01-27,Curitiba,Treinamento,Concluída,1042.16
VG00805,P00494,2025-01-17,Curitiba,Cliente,Concluída,3747.95
VG00806,P00266,2025-09-19,Curitiba,Cliente,Em análise,1109.19
VG00807,P00053,2025-09-24,Belo Horizonte,Treinamento,Aprovada,2539.01
VG00808,P00424,2024-05-26,São Paulo,Treinamento,Concluída,7753.36
VG00809,P00888,2024-09-29,Rio de Janeiro,Treinamento,Concluída,1780.45
VG00810,P00643,2024-03-27,Curitiba,Projeto,Aprovada,1032.83
VG00811,P00268,2024-07-05,Belo Horizonte,Projeto,Concluída,1754.16
VG00812,P00073,2024-10-13,Campinas,Fornecedor,Concluída,579.03
VG00813,P00703,2025-05-22,São Paulo,Cliente,Concluída,1821.27
VG00814,P00277,2025-05-24,Belo Horizonte,Cliente,Concluída,2434.69
VG00815,P00822,2024-01-10,Belo Horizonte,Auditoria,Aprovada,2267.18
VG00816,P00506,2026-06-01,Curitiba,Projeto,Concluída,1094.84
VG00817,P00376,2024-10-04,São Paulo,Auditoria,Concluída,1433.54
VG00818,P00173,2025-03-22,Belo Horizonte,Fornecedor,Em análise,2252.9
VG00819,P00052,2024-01-20,Rio de Janeiro,Treinamento,Em análise,3912.34
VG00820,P00389,2025-08-13,Curitiba,Treinamento,Aprovada,1320.81
VG00821,P00047,2024-01-04,Rio de Janeiro,Auditoria,Concluída,1798.29
VG00822,P00845,2025-11-03,Rio de Janeiro,Treinamento,Concluída,1735.26
VG00823,P00225,2024-02-05,São Paulo,Treinamento,Concluída,1932.18
VG00824,P00285,2024-10-20,Curitiba,Fornecedor,Concluída,1277.06
VG00825,P00343,2025-08-23,Curitiba,Auditoria,Concluída,2477.21
VG00826,P00620,2025-09-08,Curitiba,Treinamento,Concluída,780.25
VG00827,P00074,2024-11-20,Campinas,Fornecedor,Em análise,1270.6
VG00828,P00314,2026-04-23,São Paulo,Treinamento,Em análise,982.09
VG00829,P00649,2025-09-24,Campinas,Fornecedor,Concluída,1915.62
VG00830,P00727,2024-08-24,São Paulo,Projeto,Concluída,847.99
VG00831,P00310,2024-02-13,Rio de Janeiro,Projeto,Aprovada,4064.63
VG00832,P00722,2024-04-22,Rio de Janeiro,Treinamento,Concluída,1780.48
VG00833,P00328,2025-05-14,Belo Horizonte,Auditoria,Concluída,2471.77
VG00834,P00388,2026-06-04,Curitiba,Auditoria,Concluída,2077.91
VG00835,P00714,2024-04-05,Campinas,Fornecedor,Concluída,2040.41
VG00836,P00658,2026-07-17,Rio de Janeiro,Cliente,Concluída,1124.32
VG00837,P00643,2024-12-05,Campinas,Cliente,Concluída,3333.82
VG00838,P00199,2025-11-29,Campinas,Fornecedor,Aprovada,2953.69
VG00839,P00354,2025-05-25,Belo Horizonte,Treinamento,Concluída,2318.83
VG00840,P00534,2024-11-24,Curitiba,Cliente,Aprovada,1879.08
VG00841,P00480,2026-03-09,Curitiba,Fornecedor,Em análise,2290.64
VG00842,P00233,2025-07-02,Curitiba,Treinamento,Concluída,1953.75
VG00843,P00394,2025-08-19,São Paulo,Cliente,Concluída,3937.51
VG00844,P00185,2024-03-19,Curitiba,Treinamento,Concluída,1566.48
VG00845,P00081,2024-08-05,Belo Horizonte,Auditoria,Concluída,1475.22
VG00846,P00186,2026-03-24,Belo Horizonte,Auditoria,Aprovada,3571.41
VG00847,P00138,2024-04-23,São Paulo,Treinamento,Concluída,2121.9
VG00848,P00558,2026-02-05,Campinas,Auditoria,Cancelada,1181.35
VG00849,P00754,2025-07-16,São Paulo,Cliente,Concluída,1321.5
VG00850,P00157,2026-06-21,Rio de Janeiro,Fornecedor,Concluída,2222.08
VG00851,P00765,2025-01-05,Rio de Janeiro,Treinamento,Concluída,878.12
VG00852,P00261,2025-04-11,Rio de Janeiro,Cliente,Concluída,2142.67
VG00853,P00802,2025-03-18,Curitiba,Treinamento,Concluída,2697.58
VG00854,P00440,2024-05-24,Belo Horizonte,Auditoria,Concluída,1100.04
VG00855,P00111,2024-10-07,Rio de Janeiro,Fornecedor,Concluída,3558.69
VG00856,P00575,2024-11-14,São Paulo,Fornecedor,Concluída,652.38
VG00857,P00232,2024-03-15,Campinas,Treinamento,Concluída,452.21
VG00858,P00703,2024-07-11,Belo Horizonte,Projeto,Concluída,2305.65
VG00859,P00081,2024-06-19,Rio de Janeiro,Auditoria,Concluída,923.66
VG00860,P00861,2024-06-26,Curitiba,Cliente,Concluída,832.16
VG00861,P00770,2024-01-21,Curitiba,Projeto,Cancelada,2484.64
VG00862,P00231,2025-06-24,Rio de Janeiro,Auditoria,Aprovada,2366.79
VG00863,P00597,2026-04-28,Curitiba,Cliente,Concluída,1150.54
VG00864,P00560,2025-09-04,Rio de Janeiro,Cliente,Concluída,2154.2
VG00865,P00223,2024-02-14,Rio de Janeiro,Treinamento,Concluída,1722.11
VG00866,P00762,2024-06-27,Belo Horizonte,Cliente,Concluída,1640.09
VG00867,P00219,2024-10-11,Rio de Janeiro,Projeto,Concluída,1999.42
VG00868,P00619,2024-11-01,Curitiba,Treinamento,Concluída,2554.27
VG00869,P00468,2024-05-19,Curitiba,Treinamento,Aprovada,2552.51
VG00870,P00288,2025-04-24,São Paulo,Cliente,Concluída,1914.29
VG00871,P00862,2026-03-06,Belo Horizonte,Cliente,Cancelada,1095.2
VG00872,P00584,2025-02-27,Rio de Janeiro,Cliente,Concluída,2321.87
VG00873,P00694,2026-02-18,Curitiba,Projeto,Concluída,1248.93
VG00874,P00160,2025-04-01,Belo Horizonte,Cliente,Concluída,3641.81
VG00875,P00844,2024-03-23,São Paulo,Cliente,Concluída,1347.9
VG00876,P00010,2026-06-24,Belo Horizonte,Treinamento,Cancelada,1126.4
VG00877,P00278,2025-03-01,Campinas,Projeto,Aprovada,785.19
VG00878,P00767,2026-04-09,Campinas,Treinamento,Concluída,1427.18
VG00879,P00727,2026-01-08,São Paulo,Auditoria,Concluída,995.31
VG00880,P00438,2024-11-09,Rio de Janeiro,Projeto,Concluída,1479.78
VG00881,P00205,2025-11-23,Belo Horizonte,Cliente,Concluída,1540.3
VG00882,P00620,2025-05-04,Belo Horizonte,Treinamento,Concluída,3721.85
VG00883,P00717,2025-05-30,Rio de Janeiro,Treinamento,Concluída,2752.45
VG00884,P00567,2024-09-28,Rio de Janeiro,Fornecedor,Concluída,617.33
VG00885,P00626,2025-05-30,Campinas,Cliente,Concluída,878.22
VG00886,P00759,2025-04-01,Belo Horizonte,Projeto,Concluída,772.41
VG00887,P00020,2026-03-06,São Paulo,Fornecedor,Em análise,1835.73
VG00888,P00581,2024-05-26,Rio de Janeiro,Cliente,Concluída,2133.68
VG00889,P00796,2025-11-04,Rio de Janeiro,Fornecedor,Concluída,966.73
VG00890,P00260,2025-04-26,Rio de Janeiro,Projeto,Cancelada,872.34
VG00891,P00538,2026-01-05,Belo Horizonte,Projeto,Cancelada,4305.9
VG00892,P00495,2024-12-09,Campinas,Cliente,Em análise,763.04
VG00893,P00361,2025-12-04,Campinas,Cliente,Concluída,1283.98
VG00894,P00689,2024-07-26,Belo Horizonte,Projeto,Concluída,521.76
VG00895,P00123,2025-10-12,Curitiba,Treinamento,Concluída,1101.71
VG00896,P00343,2025-04-29,São Paulo,Treinamento,Aprovada,2024.12
VG00897,P00377,2025-02-03,Campinas,Auditoria,Concluída,1013.02
VG00898,P00780,2024-11-06,Rio de Janeiro,Cliente,Concluída,3880.72
VG00899,P00364,2024-07-27,Curitiba,Projeto,Concluída,2746.02
VG00900,P00664,2025-01-02,Campinas,Projeto,Concluída,1393.63
VG00901,P00805,2025-03-19,Curitiba,Projeto,Aprovada,698.43
VG00902,P00422,2024-03-27,Belo Horizonte,Treinamento,Concluída,2827.08
VG00903,P00663,2025-12-21,Curitiba,Fornecedor,Concluída,1412.41
VG00904,P00404,2025-05-27,Rio de Janeiro,Fornecedor,Concluída,2753.69
VG00905,P00653,2024-04-18,Campinas,Cliente,Concluída,1328.62
VG00906,P00309,2025-09-20,Curitiba,Fornecedor,Cancelada,1099.13
VG00907,P00534,2025-02-17,Belo Horizonte,Projeto,Concluída,2754.03
VG00908,P00383,2024-11-18,São Paulo,Fornecedor,Concluída,1461.49
VG00909,P00279,2024-10-27,Curitiba,Projeto,Concluída,1404.36
VG00910,P00239,2025-12-31,Belo Horizonte,Fornecedor,Aprovada,2099.32
VG00911,P00043,2026-02-06,Curitiba,Auditoria,Em análise,2687.9
VG00912,P00822,2025-08-07,São Paulo,Projeto,Concluída,583.36
VG00913,P00852,2024-03-09,Campinas,Projeto,Concluída,2883.01
VG00914,P00299,2025-12-23,Rio de Janeiro,Fornecedor,Concluída,3175.8
VG00915,P00283,2024-05-22,Belo Horizonte,Projeto,Em análise,2574.24
VG00916,P00490,2025-08-03,Curitiba,Cliente,Aprovada,2151.67
VG00917,P00792,2024-06-20,São Paulo,Fornecedor,Aprovada,8684.24
VG00918,P00711,2025-04-23,São Paulo,Cliente,Cancelada,3119.59
VG00919,P00845,2025-11-28,Rio de Janeiro,Auditoria,Concluída,458.76
VG00920,P00426,2025-07-06,São Paulo,Treinamento,Concluída,1235.12
VG00921,P00772,2025-07-28,Curitiba,Cliente,Concluída,2375.33
VG00922,P00446,2026-01-08,São Paulo,Projeto,Concluída,1274.86
VG00923,P00246,2026-04-23,Campinas,Auditoria,Concluída,1720.06
VG00924,P00263,2024-07-18,Rio de Janeiro,Auditoria,Concluída,3919.76
VG00925,P00641,2025-04-25,Belo Horizonte,Fornecedor,Concluída,1231.08
VG00926,P00289,2025-12-24,Belo Horizonte,Projeto,Concluída,575.9
VG00927,P00742,2025-12-21,Curitiba,Projeto,Concluída,1441.61
VG00928,P00661,2024-05-02,Curitiba,Treinamento,Concluída,803.46
VG00929,P00223,2024-09-07,Curitiba,Auditoria,Aprovada,2958.66
VG00930,P00432,2025-12-12,Curitiba,Projeto,Aprovada,2008.6
VG00931,P00425,2024-07-09,Belo Horizonte,Treinamento,Concluída,3249.32
VG00932,P00648,2024-03-06,Belo Horizonte,Fornecedor,Aprovada,3514.87
VG00933,P00049,2024-08-04,Curitiba,Cliente,Concluída,1632.87
VG00934,P00374,2025-05-07,São Paulo,Cliente,Concluída,1725.34
VG00935,P00422,2025-12-21,Campinas,Cliente,Concluída,1506.84
VG00936,P00776,2025-10-16,Belo Horizonte,Treinamento,Concluída,1180.17
VG00937,P00369,2025-02-25,São Paulo,Fornecedor,Concluída,2614.63
VG00938,P00897,2025-05-18,Curitiba,Cliente,Concluída,8677.01
VG00939,P00453,2024-05-16,Campinas,Auditoria,Concluída,1875.51
VG00940,P00548,2025-11-25,Campinas,Cliente,Em análise,789.12
VG00941,P00683,2024-12-30,Curitiba,Auditoria,Concluída,701.71
VG00942,P00386,2025-10-19,São Paulo,Fornecedor,Concluída,1871.78
VG00943,P00180,2026-06-28,Campinas,Treinamento,Concluída,2606.37
VG00944,P00709,2025-10-21,Belo Horizonte,Projeto,Concluída,1061.02
VG00945,P00813,2025-02-04,Belo Horizonte,Auditoria,Concluída,749.24
VG00946,P00646,2025-06-28,São Paulo,Projeto,Aprovada,837.25
VG00947,P00629,2025-02-23,Campinas,Treinamento,Concluída,2599.49
VG00948,P00399,2024-07-03,Rio de Janeiro,Projeto,Concluída,1026.45
VG00949,P00738,2026-02-21,Curitiba,Cliente,Em análise,1239.92
VG00950,P00440,2025-12-25,Curitiba,Fornecedor,Cancelada,1504.72
VG00951,P00104,2024-09-06,São Paulo,Treinamento,Em análise,761.28
VG00952,P00770,2025-09-03,Campinas,Fornecedor,Concluída,2323.83
VG00953,P00160,2025-01-24,Campinas,Projeto,Concluída,2352.47
VG00954,P00733,2025-08-06,Rio de Janeiro,Fornecedor,Concluída,3771.17
VG00955,P00053,2024-05-30,Belo Horizonte,Cliente,Concluída,1220.72
VG00956,P00813,2024-12-12,Curitiba,Fornecedor,Concluída,1783.93
VG00957,P00528,2025-02-07,Belo Horizonte,Fornecedor,Concluída,2298.39
VG00958,P00158,2025-02-18,Campinas,Cliente,Concluída,4153.14
VG00959,P00700,2024-12-01,Belo Horizonte,Treinamento,Concluída,800.97
VG00960,P00797,2025-10-12,São Paulo,Auditoria,Concluída,1505.76
VG00961,P00709,2024-04-26,Curitiba,Cliente,Concluída,1596.08
VG00962,P00256,2024-10-29,Campinas,Cliente,Concluída,1203.77
VG00963,P00789,2024-02-17,Curitiba,Auditoria,Concluída,2275.93
VG00964,P00285,2024-02-10,Campinas,Treinamento,Concluída,2582.84
VG00965,P00234,2024-04-01,Belo Horizonte,Cliente,Cancelada,1428.38
VG00966,P00733,2024-12-04,São Paulo,Auditoria,Aprovada,640.03
VG00967,P00269,2025-10-02,São Paulo,Cliente,Concluída,1152.47
VG00968,P00423,2024-10-13,Campinas,Projeto,Aprovada,1477.89
VG00969,P00747,2025-10-24,Campinas,Fornecedor,Concluída,1739.23
VG00970,P00639,2024-11-13,Rio de Janeiro,Auditoria,Aprovada,3151.78
VG00971,P00600,2025-06-26,Rio de Janeiro,Auditoria,Concluída,2952.4
VG00972,P00372,2025-01-03,São Paulo,Projeto,Em análise,671.33
VG00973,P00525,2024-07-07,Rio de Janeiro,Projeto,Concluída,2140.35
VG00974,P00297,2024-11-30,Curitiba,Fornecedor,Concluída,1370.74
VG00975,P00658,2026-06-23,Curitiba,Treinamento,Concluída,1085.35
VG00976,P00451,2026-02-18,Campinas,Cliente,Concluída,1624.35
VG00977,P00205,2026-02-12,Belo Horizonte,Projeto,Concluída,1498.99
VG00978,P00043,2024-05-30,Rio de Janeiro,Fornecedor,Concluída,1390.35
VG00979,P00322,2024-11-04,Belo Horizonte,Fornecedor,Concluída,1168.4
VG00980,P00455,2025-12-12,Rio de Janeiro,Auditoria,Cancelada,1052.86
VG00981,P00562,2024-08-03,São Paulo,Treinamento,Concluída,1980.49
VG00982,P00154,2024-03-07,Rio de Janeiro,Cliente,Cancelada,2383.19
VG00983,P00196,2026-04-06,São Paulo,Projeto,Concluída,1655.15
VG00984,P00398,2026-07-12,São Paulo,Fornecedor,Concluída,1616.68
VG00985,P00106,2024-05-19,Curitiba,Projeto,Cancelada,1585.14
VG00986,P00876,2025-06-11,Campinas,Projeto,Aprovada,2997.48
VG00987,P00739,2025-12-20,São Paulo,Projeto,Concluída,2026.84
VG00988,P00398,2024-01-14,Rio de Janeiro,Treinamento,Em análise,1275.99
VG00989,P00086,2024-02-01,Rio de Janeiro,Fornecedor,Concluída,652.19
VG00990,P00529,2026-02-03,Rio de Janeiro,Fornecedor,Concluída,2378.7
VG00991,P00768,2024-03-12,Belo Horizonte,Projeto,Concluída,3242.76
VG00992,P00772,2024-09-03,Campinas,Treinamento,Em análise,1333.25
VG00993,P00224,2024-05-21,Curitiba,Auditoria,Concluída,4810.69
VG00994,P00174,2025-03-13,São Paulo,Auditoria,Concluída,1585.05
VG00995,P00025,2025-06-04,Campinas,Auditoria,Concluída,793.98
VG00996,P00239,2025-03-07,Rio de Janeiro,Treinamento,Cancelada,1834.4
VG00997,P00711,2026-06-18,Belo Horizonte,Fornecedor,Concluída,2164.5
VG00998,P00253,2026-03-20,Campinas,Auditoria,Concluída,3137.51
VG00999,P00003,2024-08-20,Campinas,Auditoria,Concluída,2543.13
VG01000,P00397,2025-02-17,Rio de Janeiro,Fornecedor,Concluída,1833.19
VG01001,P00455,2026-04-05,São Paulo,Treinamento,Concluída,1320.86
VG01002,P00174,2024-06-12,Belo Horizonte,Projeto,Aprovada,6770.43
VG01003,P00138,2026-04-25,Campinas,Auditoria,Aprovada,1770.83
VG01004,P00671,2025-07-17,São Paulo,Cliente,Concluída,1525.0
VG01005,P00555,2026-06-06,Belo Horizonte,Fornecedor,Concluída,2261.95
VG01006,P00835,2025-05-09,Rio de Janeiro,Fornecedor,Concluída,4546.28
VG01007,P00882,2025-03-08,Campinas,Fornecedor,Concluída,2192.13
VG01008,P00429,2025-04-24,Campinas,Fornecedor,Concluída,2900.31
VG01009,P00676,2026-06-30,Belo Horizonte,Cliente,Concluída,2764.73
VG01010,P00600,2026-04-04,São Paulo,Fornecedor,Concluída,2645.67
VG01011,P00642,2026-04-14,Rio de Janeiro,Auditoria,Concluída,2392.9
VG01012,P00079,2026-01-25,Belo Horizonte,Projeto,Aprovada,1255.85
VG01013,P00341,2024-01-18,Curitiba,Auditoria,Concluída,1311.32
VG01014,P00034,2026-01-10,Campinas,Fornecedor,Concluída,4037.62
VG01015,P00318,2025-07-30,São Paulo,Cliente,Concluída,2396.93
VG01016,P00503,2025-08-01,São Paulo,Projeto,Aprovada,8442.02
VG01017,P00668,2024-02-02,São Paulo,Projeto,Aprovada,1536.91
VG01018,P00739,2024-10-18,Campinas,Treinamento,Concluída,1982.59
VG01019,P00031,2024-06-12,Belo Horizonte,Fornecedor,Em análise,2298.4
VG01020,P00451,2024-08-08,Curitiba,Treinamento,Concluída,2121.35
VG01021,P00516,2026-05-16,São Paulo,Fornecedor,Concluída,1229.0
VG01022,P00680,2024-07-31,Rio de Janeiro,Treinamento,Concluída,2443.94
VG01023,P00856,2026-06-07,Rio de Janeiro,Treinamento,Concluída,1330.59
VG01024,P00101,2025-10-28,Campinas,Auditoria,Concluída,1747.41
VG01025,P00360,2025-04-07,Belo Horizonte,Cliente,Aprovada,1233.49
VG01026,P00224,2025-11-21,Belo Horizonte,Cliente,Concluída,1184.46
VG01027,P00814,2024-09-12,Campinas,Treinamento,Aprovada,3870.33
VG01028,P00379,2024-08-03,Curitiba,Fornecedor,Concluída,2133.05
VG01029,P00609,2025-04-23,Belo Horizonte,Fornecedor,Concluída,1811.91
VG01030,P00686,2025-12-30,Campinas,Projeto,Concluída,713.8
VG01031,P00319,2026-07-13,Campinas,Auditoria,Concluída,2600.65
VG01032,P00181,2026-04-14,Curitiba,Treinamento,Concluída,2808.09
VG01033,P00572,2024-12-09,São Paulo,Fornecedor,Concluída,2607.22
VG01034,P00293,2025-10-15,Belo Horizonte,Treinamento,Concluída,975.27
VG01035,P00455,2026-03-14,Campinas,Cliente,Em análise,794.94
VG01036,P00686,2025-06-24,Curitiba,Fornecedor,Concluída,1245.44
VG01037,P00294,2025-11-27,Curitiba,Cliente,Aprovada,692.35
VG01038,P00659,2024-01-01,São Paulo,Fornecedor,Concluída,2500.33
VG01039,P00063,2025-04-28,Campinas,Treinamento,Concluída,2287.94
VG01040,P00208,2024-04-17,Campinas,Auditoria,Concluída,4076.61
VG01041,P00439,2026-05-18,Campinas,Projeto,Concluída,4452.42
VG01042,P00364,2024-04-13,Rio de Janeiro,Treinamento,Concluída,1617.84
VG01043,P00301,2026-06-01,Campinas,Cliente,Aprovada,4854.43
VG01044,P00160,2026-04-19,Belo Horizonte,Projeto,Concluída,1034.58
VG01045,P00489,2024-09-01,Campinas,Projeto,Concluída,1710.88
VG01046,P00584,2024-12-01,Campinas,Auditoria,Concluída,1594.92
VG01047,P00785,2025-06-19,Campinas,Fornecedor,Concluída,2086.89
VG01048,P00137,2026-01-02,Campinas,Auditoria,Concluída,1721.86
VG01049,P00733,2024-12-22,Curitiba,Projeto,Concluída,1021.61
VG01050,P00831,2024-05-16,Belo Horizonte,Cliente,Concluída,1132.3
VG01051,P00804,2026-02-07,Curitiba,Auditoria,Concluída,1547.76
VG01052,P00340,2025-01-16,Belo Horizonte,Cliente,Aprovada,1338.07
VG01053,P00303,2025-02-14,Curitiba,Fornecedor,Concluída,1540.07
VG01054,P00329,2026-01-31,Curitiba,Projeto,Concluída,1181.94
VG01055,P00660,2024-11-13,Campinas,Fornecedor,Cancelada,4319.34
VG01056,P00521,2024-03-31,Curitiba,Fornecedor,Concluída,1534.11
VG01057,P00558,2025-10-25,São Paulo,Fornecedor,Concluída,1476.44
VG01058,P00233,2026-04-09,Rio de Janeiro,Fornecedor,Concluída,815.91
VG01059,P00838,2024-03-02,Curitiba,Projeto,Concluída,3693.36
VG01060,P00451,2024-06-20,Campinas,Cliente,Concluída,899.44
VG01061,P00311,2024-09-24,Rio de Janeiro,Projeto,Aprovada,2621.16
VG01062,P00020,2025-05-08,São Paulo,Auditoria,Concluída,1101.38
VG01063,P00149,2026-01-02,Campinas,Treinamento,Concluída,1539.73
VG01064,P00821,2025-08-20,Campinas,Fornecedor,Aprovada,1184.68
VG01065,P00215,2025-11-19,Campinas,Fornecedor,Concluída,1050.05
VG01066,P00272,2026-07-24,Curitiba,Cliente,Concluída,190.82
VG01067,P00471,2024-12-03,Curitiba,Treinamento,Concluída,2076.03
VG01068,P00102,2025-04-13,Campinas,Treinamento,Concluída,5886.09
VG01069,P00536,2024-05-22,Curitiba,Fornecedor,Concluída,1682.58
VG01070,P00635,2024-07-13,São Paulo,Fornecedor,Concluída,1961.31
VG01071,P00301,2024-12-11,Belo Horizonte,Cliente,Concluída,2682.72
VG01072,P00431,2026-05-23,Curitiba,Cliente,Concluída,948.33
VG01073,P00452,2025-03-27,Curitiba,Fornecedor,Cancelada,569.3
VG01074,P00064,2025-08-18,Curitiba,Auditoria,Concluída,1340.07
VG01075,P00668,2025-01-31,Belo Horizonte,Treinamento,Aprovada,853.87
VG01076,P00088,2026-07-12,São Paulo,Cliente,Aprovada,1580.87
VG01077,P00484,2025-06-28,Campinas,Fornecedor,Aprovada,1596.59
VG01078,P00886,2025-01-20,Belo Horizonte,Cliente,Aprovada,2948.77
VG01079,P00562,2024-02-04,São Paulo,Treinamento,Concluída,2187.97
VG01080,P00648,2026-01-23,Curitiba,Cliente,Concluída,2606.54
VG01081,P00567,2024-07-24,São Paulo,Treinamento,Concluída,1938.76
VG01082,P00797,2024-02-26,São Paulo,Auditoria,Concluída,1089.63
VG01083,P00024,2025-12-13,Rio de Janeiro,Fornecedor,Concluída,1052.7
VG01084,P00779,2026-01-19,Belo Horizonte,Treinamento,Cancelada,474.28
VG01085,P00162,2026-06-18,São Paulo,Auditoria,Concluída,749.98
VG01086,P00463,2024-04-02,Curitiba,Fornecedor,Cancelada,528.97
VG01087,P00267,2026-03-17,Rio de Janeiro,Fornecedor,Concluída,1901.58
VG01088,P00094,2024-06-09,São Paulo,Auditoria,Concluída,2461.19
VG01089,P00543,2025-03-23,Campinas,Auditoria,Aprovada,1006.16
VG01090,P00215,2025-01-06,Campinas,Cliente,Concluída,7413.38
VG01091,P00689,2026-01-09,Belo Horizonte,Auditoria,Concluída,1166.38
VG01092,P00593,2026-05-30,Rio de Janeiro,Auditoria,Concluída,803.95
VG01093,P00721,2025-02-23,Curitiba,Auditoria,Concluída,2067.49
VG01094,P00663,2024-09-01,São Paulo,Auditoria,Concluída,787.74
VG01095,P00023,2025-11-11,Belo Horizonte,Treinamento,Concluída,4095.09
VG01096,P00289,2025-10-14,Belo Horizonte,Treinamento,Concluída,1625.96
VG01097,P00002,2026-06-25,Rio de Janeiro,Treinamento,Concluída,1376.01
VG01098,P00371,2026-03-01,Rio de Janeiro,Auditoria,Concluída,1171.47
VG01099,P00485,2026-05-03,Curitiba,Fornecedor,Concluída,1187.34
VG01100,P00771,2024-10-07,Campinas,Cliente,Concluída,763.93
VG01101,P00171,2024-12-29,Curitiba,Auditoria,Concluída,1820.23
VG01102,P00836,2025-08-23,Rio de Janeiro,Cliente,Concluída,1970.24
VG01103,P00400,2026-05-07,Rio de Janeiro,Auditoria,Concluída,3062.33
VG01104,P00564,2025-04-23,São Paulo,Treinamento,Concluída,2358.71
VG01105,P00861,2025-12-09,São Paulo,Cliente,Concluída,1284.94
VG01106,P00447,2025-12-14,Belo Horizonte,Cliente,Em análise,1070.69
VG01107,P00696,2026-07-28,Curitiba,Projeto,Concluída,1333.88
VG01108,P00516,2025-07-04,Belo Horizonte,Treinamento,Aprovada,1503.34
VG01109,P00565,2024-09-21,São Paulo,Treinamento,Concluída,481.05
VG01110,P00367,2024-10-14,Campinas,Fornecedor,Concluída,811.24
VG01111,P00870,2025-04-17,São Paulo,Fornecedor,Concluída,4015.21
VG01112,P00499,2024-10-26,Campinas,Projeto,Concluída,2114.1
VG01113,P00262,2024-10-06,Belo Horizonte,Treinamento,Concluída,421.57
VG01114,P00710,2025-08-10,Curitiba,Projeto,Concluída,1792.0
VG01115,P00420,2025-05-29,Belo Horizonte,Cliente,Aprovada,1141.06
VG01116,P00299,2024-04-30,São Paulo,Treinamento,Concluída,1094.86
VG01117,P00395,2025-05-14,Belo Horizonte,Auditoria,Concluída,2233.55
VG01118,P00162,2024-08-22,Belo Horizonte,Projeto,Concluída,1211.04
VG01119,P00218,2025-07-20,Campinas,Auditoria,Concluída,2225.91
VG01120,P00247,2024-08-09,Curitiba,Treinamento,Cancelada,1167.39
VG01121,P00580,2026-02-24,Curitiba,Treinamento,Concluída,2468.21
VG01122,P00151,2025-04-11,Rio de Janeiro,Auditoria,Cancelada,8617.55
VG01123,P00652,2025-01-09,Campinas,Treinamento,Cancelada,3121.93
VG01124,P00250,2026-06-27,Campinas,Cliente,Em análise,2005.16
VG01125,P00859,2025-10-21,Campinas,Projeto,Concluída,701.43
VG01126,P00815,2024-02-09,Rio de Janeiro,Treinamento,Em análise,2418.39
VG01127,P00691,2026-06-12,Curitiba,Treinamento,Concluída,2972.66
VG01128,P00699,2024-12-16,São Paulo,Cliente,Concluída,4441.79
VG01129,P00583,2024-09-02,Campinas,Projeto,Aprovada,3693.94
VG01130,P00004,2026-03-04,Belo Horizonte,Fornecedor,Concluída,1122.45
VG01131,P00887,2024-03-27,Belo Horizonte,Treinamento,Aprovada,1542.22
VG01132,P00810,2024-08-13,Belo Horizonte,Cliente,Concluída,2138.17
VG01133,P00451,2025-04-29,São Paulo,Auditoria,Concluída,633.89
VG01134,P00216,2025-05-02,Belo Horizonte,Treinamento,Em análise,1588.57
VG01135,P00826,2024-06-26,São Paulo,Cliente,Cancelada,2177.17
VG01136,P00856,2026-01-03,Campinas,Treinamento,Concluída,1719.56
VG01137,P00148,2026-07-13,Belo Horizonte,Fornecedor,Concluída,601.32
VG01138,P00615,2026-06-28,Campinas,Fornecedor,Concluída,1512.45
VG01139,P00544,2025-03-27,Campinas,Fornecedor,Concluída,14131.42
VG01140,P00539,2026-05-06,Rio de Janeiro,Cliente,Aprovada,2807.26
VG01141,P00352,2026-02-13,Rio de Janeiro,Auditoria,Concluída,1103.72
VG01142,P00379,2025-11-11,Rio de Janeiro,Cliente,Concluída,1493.84
VG01143,P00581,2025-11-03,São Paulo,Cliente,Concluída,899.03
VG01144,P00476,2026-04-09,Campinas,Auditoria,Em análise,3378.55
VG01145,P00338,2026-07-28,Belo Horizonte,Projeto,Concluída,1587.65
VG01146,P00286,2026-02-11,Belo Horizonte,Cliente,Concluída,1168.42
VG01147,P00044,2024-09-04,Curitiba,Treinamento,Concluída,1517.42
VG01148,P00284,2025-12-15,Rio de Janeiro,Cliente,Concluída,2907.68
VG01149,P00493,2025-07-18,Rio de Janeiro,Cliente,Concluída,2145.28
VG01150,P00661,2024-08-08,Rio de Janeiro,Projeto,Concluída,892.02
VG01151,P00061,2026-03-01,Campinas,Cliente,Cancelada,1968.43
VG01152,P00112,2024-05-04,São Paulo,Cliente,Em análise,2505.14
VG01153,P00671,2025-12-25,Belo Horizonte,Fornecedor,Concluída,369.05
VG01154,P00887,2026-02-27,Curitiba,Auditoria,Concluída,7470.03
VG01155,P00394,2026-03-25,Belo Horizonte,Treinamento,Concluída,751.66
VG01156,P00385,2024-09-18,Campinas,Projeto,Aprovada,1982.11
VG01157,P00347,2024-04-28,Campinas,Auditoria,Concluída,2616.28
VG01158,P00644,2024-01-23,Campinas,Projeto,Cancelada,1164.29
VG01159,P00129,2026-04-03,Campinas,Auditoria,Concluída,3210.56
VG01160,P00525,2024-07-25,Belo Horizonte,Cliente,Concluída,2230.74
VG01161,P00771,2024-04-07,São Paulo,Fornecedor,Concluída,1243.64
VG01162,P00708,2026-04-22,Curitiba,Cliente,Concluída,2630.31
VG01163,P00850,2026-01-29,Campinas,Cliente,Concluída,2402.13
VG01164,P00038,2024-07-08,Campinas,Fornecedor,Concluída,5297.95
VG01165,P00817,2024-05-10,Campinas,Projeto,Concluída,852.02
VG01166,P00056,2026-06-08,Belo Horizonte,Fornecedor,Concluída,1097.51
VG01167,P00415,2026-06-24,São Paulo,Projeto,Em análise,2794.08
VG01168,P00195,2026-01-02,Curitiba,Treinamento,Concluída,4187.11
VG01169,P00842,2026-02-27,São Paulo,Treinamento,Concluída,749.45
VG01170,P00471,2025-09-16,Campinas,Projeto,Aprovada,1104.39
VG01171,P00655,2024-03-26,Campinas,Treinamento,Concluída,4666.23
VG01172,P00285,2024-12-22,Belo Horizonte,Projeto,Concluída,3447.07
VG01173,P00404,2025-10-15,São Paulo,Cliente,Concluída,1902.14
VG01174,P00229,2025-12-19,Rio de Janeiro,Fornecedor,Concluída,2064.6
VG01175,P00132,2025-10-12,São Paulo,Fornecedor,Concluída,1030.42
VG01176,P00738,2026-03-02,Rio de Janeiro,Fornecedor,Concluída,2866.01
VG01177,P00810,2025-03-24,Campinas,Projeto,Concluída,2269.07
VG01178,P00449,2024-10-12,São Paulo,Treinamento,Concluída,2734.81
VG01179,P00733,2024-07-02,Belo Horizonte,Treinamento,Aprovada,2363.12
VG01180,P00463,2025-03-17,Belo Horizonte,Auditoria,Concluída,2268.09
VG01181,P00815,2025-07-25,Campinas,Auditoria,Concluída,1112.27
VG01182,P00782,2025-03-09,Campinas,Treinamento,Aprovada,922.33
VG01183,P00197,2024-12-05,Campinas,Cliente,Concluída,1405.62
VG01184,P00459,2024-06-28,Rio de Janeiro,Auditoria,Concluída,1259.67
VG01185,P00153,2024-12-08,Curitiba,Auditoria,Concluída,881.97
VG01186,P00284,2024-12-27,Curitiba,Treinamento,Concluída,1834.29
VG01187,P00673,2025-07-12,Rio de Janeiro,Cliente,Concluída,2283.72
VG01188,P00732,2025-10-08,São Paulo,Auditoria,Concluída,1164.84
VG01189,P00190,2024-06-19,Campinas,Treinamento,Concluída,3479.58
VG01190,P00559,2025-07-17,São Paulo,Treinamento,Cancelada,1335.52
VG01191,P00053,2026-02-27,Rio de Janeiro,Treinamento,Concluída,1219.39
VG01192,P00029,2025-08-20,Rio de Janeiro,Fornecedor,Aprovada,2698.61
VG01193,P00038,2024-01-09,São Paulo,Projeto,Concluída,1361.09
VG01194,P00198,2026-04-23,São Paulo,Fornecedor,Concluída,1418.87
VG01195,P00615,2025-02-22,Curitiba,Treinamento,Cancelada,1850.54
VG01196,P00091,2024-11-02,Campinas,Fornecedor,Concluída,2865.78
VG01197,P00455,2024-03-10,Curitiba,Projeto,Concluída,961.49
VG01198,P00685,2025-03-17,Belo Horizonte,Cliente,Concluída,1115.21
VG01199,P00364,2024-08-21,Curitiba,Projeto,Concluída,2360.62
VG01200,P00015,2026-07-28,Rio de Janeiro,Cliente,Concluída,669.18
VG01201,P00525,2024-02-10,Rio de Janeiro,Auditoria,Concluída,3394.37
VG01202,P00041,2026-02-25,Curitiba,Auditoria,Concluída,1063.15
VG01203,P00759,2024-07-25,São Paulo,Fornecedor,Aprovada,1686.36
VG01204,P00711,2025-04-25,Belo Horizonte,Projeto,Concluída,932.96
VG01205,P00320,2024-08-07,São Paulo,Fornecedor,Concluída,4741.46
VG01206,P00648,2026-06-27,São Paulo,Cliente,Aprovada,1397.94
VG01207,P00789,2024-09-17,São Paulo,Auditoria,Concluída,892.52
VG01208,P00279,2024-03-25,Campinas,Fornecedor,Concluída,7354.55
VG01209,P00342,2026-03-20,Curitiba,Auditoria,Concluída,1581.87
VG01210,P00434,2026-04-27,Campinas,Cliente,Concluída,1436.42
VG01211,P00273,2026-03-22,Curitiba,Auditoria,Concluída,707.6
VG01212,P00555,2024-12-02,Belo Horizonte,Projeto,Concluída,1552.23
VG01213,P00095,2025-11-25,Curitiba,Treinamento,Concluída,1260.46
VG01214,P00009,2025-08-30,Belo Horizonte,Projeto,Concluída,997.59
VG01215,P00737,2026-06-04,Rio de Janeiro,Projeto,Concluída,2213.87
VG01216,P00089,2025-08-24,São Paulo,Projeto,Concluída,1762.07
VG01217,P00690,2024-12-17,São Paulo,Auditoria,Cancelada,3342.47
VG01218,P00278,2024-01-20,Rio de Janeiro,Projeto,Concluída,1893.18
VG01219,P00490,2026-07-07,Curitiba,Fornecedor,Concluída,1211.87
VG01220,P00317,2024-07-07,São Paulo,Auditoria,Concluída,2366.4
VG01221,P00673,2024-03-14,São Paulo,Fornecedor,Concluída,2402.8
VG01222,P00780,2025-11-28,Campinas,Projeto,Concluída,2456.51
VG01223,P00523,2024-03-27,Campinas,Fornecedor,Concluída,1189.32
VG01224,P00195,2025-01-09,Curitiba,Projeto,Concluída,1307.1
VG01225,P00215,2025-03-07,Rio de Janeiro,Treinamento,Concluída,1012.8
VG01226,P00779,2024-10-07,Curitiba,Projeto,Concluída,1662.38
VG01227,P00280,2025-05-13,São Paulo,Projeto,Em análise,1303.49
VG01228,P00679,2024-11-01,Curitiba,Fornecedor,Em análise,1329.94
VG01229,P00515,2026-01-04,São Paulo,Treinamento,Concluída,1133.99
VG01230,P00592,2025-09-06,Rio de Janeiro,Treinamento,Concluída,969.08
VG01231,P00221,2026-03-10,Curitiba,Treinamento,Concluída,1160.31
VG01232,P00427,2024-08-28,Curitiba,Treinamento,Concluída,2834.34
VG01233,P00635,2024-07-16,Belo Horizonte,Projeto,Aprovada,1783.99
VG01234,P00039,2026-01-31,Rio de Janeiro,Treinamento,Concluída,2067.53
VG01235,P00618,2026-04-04,Rio de Janeiro,Treinamento,Cancelada,958.82
VG01236,P00032,2025-02-07,Rio de Janeiro,Treinamento,Concluída,943.13
VG01237,P00575,2024-09-19,Belo Horizonte,Projeto,Concluída,2059.11
VG01238,P00404,2024-03-08,Rio de Janeiro,Treinamento,Concluída,848.89
VG01239,P00108,2025-12-04,São Paulo,Fornecedor,Aprovada,1205.05
VG01240,P00362,2026-05-29,Campinas,Projeto,Concluída,649.38
VG01241,P00752,2026-06-01,Belo Horizonte,Treinamento,Concluída,2091.09
VG01242,P00882,2025-08-22,Campinas,Fornecedor,Aprovada,2133.72
VG01243,P00263,2025-04-27,Belo Horizonte,Treinamento,Concluída,894.51
VG01244,P00344,2024-05-12,Campinas,Cliente,Concluída,4427.48
VG01245,P00480,2025-09-03,Rio de Janeiro,Fornecedor,Cancelada,867.97
VG01246,P00425,2026-02-02,Curitiba,Fornecedor,Concluída,771.59
VG01247,P00302,2024-01-23,Campinas,Treinamento,Concluída,1502.25
VG01248,P00737,2025-01-12,Curitiba,Treinamento,Concluída,2676.66
VG01249,P00308,2024-10-20,São Paulo,Auditoria,Em análise,2249.34
VG01250,P00013,2024-02-22,Belo Horizonte,Treinamento,Concluída,737.27
VG01251,P00631,2024-05-22,Belo Horizonte,Treinamento,Concluída,1517.16
VG01252,P00137,2026-05-05,São Paulo,Fornecedor,Concluída,3036.16
VG01253,P00656,2025-09-09,Rio de Janeiro,Fornecedor,Em análise,2479.82
VG01254,P00406,2026-01-07,Campinas,Treinamento,Concluída,2528.32
VG01255,P00052,2025-05-20,Rio de Janeiro,Projeto,Cancelada,1031.63
VG01256,P00883,2026-03-10,Belo Horizonte,Treinamento,Concluída,2706.36
VG01257,P00590,2025-11-15,Campinas,Projeto,Em análise,761.88
VG01258,P00483,2025-10-02,Rio de Janeiro,Treinamento,Concluída,2833.53
VG01259,P00188,2025-07-08,São Paulo,Auditoria,Concluída,2218.75
VG01260,P00817,2025-07-18,Belo Horizonte,Treinamento,Concluída,1505.61
VG01261,P00222,2024-10-06,Campinas,Treinamento,Concluída,1158.03
VG01262,P00846,2024-09-05,Curitiba,Projeto,Em análise,1918.68
VG01263,P00845,2025-07-17,Curitiba,Projeto,Concluída,1156.92
VG01264,P00510,2024-02-17,São Paulo,Fornecedor,Concluída,2108.51
VG01265,P00347,2024-07-09,São Paulo,Cliente,Concluída,3335.99
VG01266,P00363,2025-10-15,Campinas,Treinamento,Concluída,1208.51
VG01267,P00020,2024-01-06,Curitiba,Fornecedor,Concluída,2875.6
VG01268,P00223,2024-04-25,São Paulo,Auditoria,Concluída,927.86
VG01269,P00430,2025-01-28,Campinas,Projeto,Concluída,431.66
VG01270,P00779,2026-03-02,Curitiba,Treinamento,Aprovada,3325.01
VG01271,P00004,2024-07-13,Rio de Janeiro,Fornecedor,Cancelada,2140.16
VG01272,P00421,2024-05-22,Rio de Janeiro,Fornecedor,Concluída,1052.83
VG01273,P00809,2025-12-05,Campinas,Fornecedor,Concluída,3013.6
VG01274,P00179,2026-07-16,Campinas,Projeto,Concluída,2120.98
VG01275,P00144,2024-04-18,Campinas,Projeto,Aprovada,1174.91
VG01276,P00420,2024-11-21,Belo Horizonte,Auditoria,Em análise,2415.19
VG01277,P00251,2025-03-03,São Paulo,Treinamento,Concluída,1182.88
VG01278,P00617,2026-06-10,São Paulo,Treinamento,Concluída,2708.18
VG01279,P00266,2025-10-25,São Paulo,Treinamento,Concluída,2607.74
VG01280,P00172,2025-08-22,Curitiba,Cliente,Aprovada,2983.08
VG01281,P00036,2026-02-14,Campinas,Cliente,Aprovada,4726.6
VG01282,P00353,2024-05-21,Belo Horizonte,Auditoria,Concluída,2377.95
VG01283,P00470,2026-01-02,São Paulo,Cliente,Aprovada,1313.51
VG01284,P00828,2025-02-20,São Paulo,Projeto,Concluída,6501.34
VG01285,P00038,2026-04-01,Belo Horizonte,Treinamento,Concluída,964.38
VG01286,P00757,2024-02-23,Belo Horizonte,Treinamento,Concluída,2039.95
VG01287,P00724,2025-10-04,Curitiba,Projeto,Concluída,2144.67
VG01288,P00511,2024-11-22,Campinas,Auditoria,Concluída,1547.12
VG01289,P00574,2024-08-06,São Paulo,Cliente,Concluída,1648.63
VG01290,P00352,2024-07-29,São Paulo,Cliente,Concluída,1796.62
VG01291,P00137,2024-12-02,Campinas,Auditoria,Concluída,1311.5
VG01292,P00242,2026-04-24,São Paulo,Treinamento,Concluída,1432.25
VG01293,P00665,2026-06-11,São Paulo,Projeto,Concluída,3517.44
VG01294,P00485,2026-02-05,Rio de Janeiro,Projeto,Concluída,1911.28
VG01295,P00456,2025-09-07,Belo Horizonte,Treinamento,Concluída,665.5
VG01296,P00442,2026-06-24,Belo Horizonte,Treinamento,Aprovada,2029.16
VG01297,P00027,2024-08-08,Belo Horizonte,Fornecedor,Em análise,2662.86
VG01298,P00331,2024-07-16,Campinas,Cliente,Concluída,1487.43
VG01299,P00600,2025-05-03,Campinas,Projeto,Aprovada,742.41
VG01300,P00333,2025-10-15,Campinas,Treinamento,Concluída,3539.73
VG01301,P00609,2026-05-04,Curitiba,Projeto,Concluída,1577.97
VG01302,P00441,2025-09-22,Rio de Janeiro,Auditoria,Concluída,1286.28
VG01303,P00717,2024-08-30,Curitiba,Cliente,Cancelada,2101.09
VG01304,P00461,2026-04-26,Campinas,Projeto,Aprovada,2195.55
VG01305,P00793,2026-06-16,Campinas,Auditoria,Concluída,1149.47
VG01306,P00022,2024-09-01,Curitiba,Treinamento,Concluída,674.59
VG01307,P00230,2026-01-28,Campinas,Projeto,Concluída,765.1
VG01308,P00331,2025-05-12,Campinas,Auditoria,Em análise,2932.28
VG01309,P00870,2024-05-02,São Paulo,Fornecedor,Concluída,1540.02
VG01310,P00039,2025-05-03,Campinas,Cliente,Aprovada,922.15
VG01311,P00724,2025-12-01,Curitiba,Treinamento,Concluída,748.73
VG01312,P00184,2024-09-05,Belo Horizonte,Auditoria,Concluída,1999.32
VG01313,P00182,2024-01-01,Belo Horizonte,Fornecedor,Concluída,1097.97
VG01314,P00272,2026-06-02,São Paulo,Cliente,Em análise,1985.92
VG01315,P00244,2026-05-28,Curitiba,Projeto,Concluída,4715.65
VG01316,P00366,2026-03-02,São Paulo,Fornecedor,Concluída,2380.21
VG01317,P00482,2024-10-14,Curitiba,Projeto,Concluída,1052.51
VG01318,P00433,2025-12-17,Curitiba,Treinamento,Concluída,2959.71
VG01319,P00227,2025-10-27,Rio de Janeiro,Fornecedor,Concluída,1981.56
VG01320,P00890,2026-02-24,Belo Horizonte,Cliente,Cancelada,1551.75
VG01321,P00827,2024-12-03,Rio de Janeiro,Projeto,Concluída,1346.19
VG01322,P00379,2025-07-15,Curitiba,Projeto,Em análise,2975.81
VG01323,P00264,2024-04-01,Curitiba,Projeto,Concluída,3944.87
VG01324,P00810,2024-06-13,Belo Horizonte,Fornecedor,Concluída,4390.78
VG01325,P00200,2025-10-21,Belo Horizonte,Auditoria,Em análise,2504.32
VG01326,P00279,2025-03-08,Curitiba,Treinamento,Em análise,2857.59
VG01327,P00414,2025-02-23,Belo Horizonte,Treinamento,Concluída,765.84
VG01328,P00689,2024-05-21,Curitiba,Cliente,Concluída,4187.19
VG01329,P00255,2024-04-11,Belo Horizonte,Projeto,Concluída,1137.77
VG01330,P00575,2024-07-14,Rio de Janeiro,Cliente,Cancelada,1468.46
VG01331,P00569,2024-06-29,Belo Horizonte,Projeto,Concluída,1024.13
VG01332,P00166,2024-07-03,Rio de Janeiro,Cliente,Concluída,2752.47
VG01333,P00101,2026-01-26,Rio de Janeiro,Auditoria,Concluída,1239.66
VG01334,P00547,2024-01-13,Belo Horizonte,Projeto,Concluída,3518.05
VG01335,P00590,2024-02-19,Rio de Janeiro,Cliente,Concluída,2009.88
VG01336,P00319,2024-10-01,Belo Horizonte,Fornecedor,Concluída,4031.4
VG01337,P00239,2024-03-24,Rio de Janeiro,Projeto,Concluída,2844.3
VG01338,P00747,2025-08-28,Curitiba,Auditoria,Concluída,2735.39
VG01339,P00450,2025-12-30,Rio de Janeiro,Fornecedor,Concluída,2968.72
VG01340,P00417,2025-09-29,Belo Horizonte,Cliente,Aprovada,902.91
VG01341,P00581,2026-03-24,Rio de Janeiro,Auditoria,Concluída,1227.41
VG01342,P00864,2026-03-09,Campinas,Projeto,Concluída,2520.6
VG01343,P00394,2026-06-21,Rio de Janeiro,Fornecedor,Concluída,1385.35
VG01344,P00822,2024-01-07,Belo Horizonte,Cliente,Concluída,3078.56
VG01345,P00331,2025-08-12,Belo Horizonte,Cliente,Concluída,5839.53
VG01346,P00799,2025-10-26,Campinas,Treinamento,Concluída,1693.39
VG01347,P00278,2025-07-25,Campinas,Auditoria,Concluída,2373.17
VG01348,P00444,2025-07-23,Rio de Janeiro,Cliente,Cancelada,477.33
VG01349,P00317,2025-10-01,Campinas,Treinamento,Concluída,689.2
VG01350,P00544,2024-06-05,Belo Horizonte,Cliente,Concluída,1560.53
VG01351,P00353,2026-02-08,Campinas,Fornecedor,Concluída,1283.93
VG01352,P00151,2024-08-09,São Paulo,Auditoria,Concluída,1507.41
VG01353,P00175,2024-10-26,Rio de Janeiro,Fornecedor,Concluída,1610.21
VG01354,P00149,2025-05-18,Campinas,Projeto,Concluída,513.8
VG01355,P00118,2025-05-02,Belo Horizonte,Treinamento,Em análise,671.44
VG01356,P00816,2025-02-09,Belo Horizonte,Auditoria,Concluída,2305.06
VG01357,P00007,2026-05-28,Belo Horizonte,Auditoria,Concluída,1165.33
VG01358,P00465,2024-05-09,Rio de Janeiro,Cliente,Concluída,1653.62
VG01359,P00875,2025-04-03,São Paulo,Cliente,Concluída,1130.83
VG01360,P00737,2024-03-22,Rio de Janeiro,Projeto,Em análise,3148.65
VG01361,P00537,2026-07-18,Curitiba,Cliente,Concluída,1975.65
VG01362,P00194,2024-02-13,Curitiba,Cliente,Concluída,1732.47
VG01363,P00405,2026-06-11,Rio de Janeiro,Auditoria,Cancelada,3095.75
VG01364,P00148,2024-10-16,Campinas,Fornecedor,Concluída,2721.03
VG01365,P00340,2024-09-15,Curitiba,Treinamento,Concluída,1453.46
VG01366,P00463,2025-03-25,Rio de Janeiro,Projeto,Aprovada,2198.47
VG01367,P00417,2026-01-16,São Paulo,Projeto,Concluída,1796.16
VG01368,P00872,2026-01-11,Curitiba,Auditoria,Concluída,5397.92
VG01369,P00369,2026-05-26,Belo Horizonte,Cliente,Aprovada,2289.05
VG01370,P00425,2026-07-07,Curitiba,Projeto,Cancelada,809.41
VG01371,P00552,2025-03-27,São Paulo,Cliente,Concluída,1778.61
VG01372,P00528,2025-07-13,Campinas,Fornecedor,Em análise,2808.06
VG01373,P00013,2024-03-23,Curitiba,Cliente,Concluída,796.78
VG01374,P00545,2025-05-21,Curitiba,Cliente,Em análise,828.03
VG01375,P00291,2026-06-10,Belo Horizonte,Projeto,Concluída,6165.66
VG01376,P00629,2025-08-14,Belo Horizonte,Cliente,Concluída,1828.53
VG01377,P00498,2025-06-08,Curitiba,Cliente,Concluída,1490.48
VG01378,P00396,2025-02-02,Belo Horizonte,Cliente,Aprovada,1651.98
VG01379,P00731,2025-06-04,Campinas,Treinamento,Cancelada,2217.72
VG01380,P00161,2026-03-05,Rio de Janeiro,Treinamento,Concluída,1671.28
VG01381,P00428,2024-06-30,Rio de Janeiro,Fornecedor,Aprovada,1664.45
VG01382,P00086,2025-08-04,Rio de Janeiro,Projeto,Em análise,1827.63
VG01383,P00863,2026-01-09,Rio de Janeiro,Auditoria,Em análise,1172.14
VG01384,P00235,2024-08-08,São Paulo,Projeto,Em análise,4063.93
VG01385,P00348,2024-04-21,Curitiba,Cliente,Concluída,2669.88
VG01386,P00308,2024-10-26,São Paulo,Projeto,Concluída,2302.7
VG01387,P00499,2026-02-24,Campinas,Auditoria,Concluída,1205.51
VG01388,P00056,2026-01-06,Campinas,Projeto,Concluída,867.9
VG01389,P00441,2024-12-18,Curitiba,Fornecedor,Aprovada,1330.85
VG01390,P00006,2024-02-12,Rio de Janeiro,Treinamento,Cancelada,3676.16
VG01391,P00846,2025-05-22,Rio de Janeiro,Treinamento,Concluída,614.46
VG01392,P00736,2026-01-29,Curitiba,Fornecedor,Aprovada,2336.74
VG01393,P00771,2024-04-11,Curitiba,Treinamento,Aprovada,1713.19
VG01394,P00223,2024-02-09,São Paulo,Projeto,Concluída,1053.61
VG01395,P00079,2024-05-04,São Paulo,Cliente,Concluída,1350.94
VG01396,P00499,2024-06-21,São Paulo,Fornecedor,Concluída,2098.17
VG01397,P00779,2024-02-12,Curitiba,Projeto,Concluída,1654.88
VG01398,P00324,2024-08-01,Campinas,Projeto,Concluída,3000.49
VG01399,P00632,2024-01-11,Rio de Janeiro,Treinamento,Concluída,2375.91
VG01400,P00327,2024-07-25,Belo Horizonte,Treinamento,Em análise,2769.8
VG01401,P00204,2024-05-09,Belo Horizonte,Projeto,Concluída,1098.23
VG01402,P00633,2026-07-01,Belo Horizonte,Cliente,Concluída,3733.92
VG01403,P00098,2025-11-29,São Paulo,Treinamento,Concluída,2149.94
VG01404,P00341,2025-12-25,Rio de Janeiro,Auditoria,Concluída,1080.49
VG01405,P00811,2025-03-24,Curitiba,Fornecedor,Concluída,1024.47
VG01406,P00816,2024-05-08,São Paulo,Treinamento,Concluída,672.07
VG01407,P00535,2026-05-03,Curitiba,Fornecedor,Em análise,1005.6
VG01408,P00441,2025-08-29,Rio de Janeiro,Projeto,Concluída,3822.15
VG01409,P00831,2025-06-19,Rio de Janeiro,Treinamento,Concluída,3488.51
VG01410,P00789,2024-06-17,Rio de Janeiro,Treinamento,Concluída,1769.54
VG01411,P00647,2025-01-02,Belo Horizonte,Fornecedor,Concluída,1109.58
VG01412,P00329,2024-07-03,Rio de Janeiro,Fornecedor,Concluída,2204.25
VG01413,P00554,2024-11-29,Rio de Janeiro,Fornecedor,Concluída,1139.32
VG01414,P00789,2026-04-08,São Paulo,Projeto,Concluída,1420.15
VG01415,P00803,2024-04-28,São Paulo,Treinamento,Aprovada,845.2
VG01416,P00458,2024-07-06,São Paulo,Projeto,Concluída,1117.48
VG01417,P00856,2026-06-15,Belo Horizonte,Cliente,Concluída,10296.27
VG01418,P00764,2026-01-01,Campinas,Auditoria,Aprovada,1505.32
VG01419,P00639,2025-06-06,Campinas,Treinamento,Concluída,1989.65
VG01420,P00808,2025-06-26,Curitiba,Cliente,Concluída,790.67
VG01421,P00898,2026-03-21,Belo Horizonte,Fornecedor,Concluída,2359.63
VG01422,P00744,2025-07-26,São Paulo,Cliente,Concluída,1924.22
VG01423,P00285,2025-06-02,Belo Horizonte,Fornecedor,Concluída,945.0
VG01424,P00790,2024-12-22,Curitiba,Treinamento,Concluída,1522.36
VG01425,P00491,2024-12-05,Belo Horizonte,Projeto,Concluída,1641.56
VG01426,P00073,2025-09-29,Campinas,Treinamento,Concluída,606.63
VG01427,P00510,2025-04-07,Campinas,Fornecedor,Concluída,3654.05
VG01428,P00825,2026-03-21,São Paulo,Treinamento,Concluída,1861.47
VG01429,P00505,2026-07-24,Belo Horizonte,Fornecedor,Concluída,719.48
VG01430,P00867,2025-10-03,Curitiba,Fornecedor,Em análise,1408.64
VG01431,P00771,2024-10-17,São Paulo,Projeto,Concluída,1947.41
VG01432,P00521,2025-12-05,Curitiba,Auditoria,Concluída,1002.63
VG01433,P00380,2026-06-13,Curitiba,Treinamento,Concluída,2984.28
VG01434,P00512,2025-01-08,Campinas,Cliente,Concluída,2189.73
VG01435,P00516,2024-10-19,São Paulo,Auditoria,Concluída,945.48
VG01436,P00709,2026-06-21,Curitiba,Projeto,Em análise,1011.43
VG01437,P00368,2024-06-28,Curitiba,Projeto,Concluída,972.13
VG01438,P00136,2026-01-02,São Paulo,Fornecedor,Concluída,2066.71
VG01439,P00629,2024-06-02,Rio de Janeiro,Auditoria,Concluída,2717.67
VG01440,P00074,2024-08-25,São Paulo,Cliente,Concluída,1055.43
VG01441,P00324,2025-09-29,Belo Horizonte,Auditoria,Concluída,3211.61
VG01442,P00565,2025-10-23,Rio de Janeiro,Cliente,Em análise,977.95
VG01443,P00816,2024-02-26,Curitiba,Cliente,Concluída,1693.01
VG01444,P00367,2025-06-01,São Paulo,Cliente,Concluída,1556.95
VG01445,P00161,2024-02-25,Campinas,Projeto,Concluída,1399.74
VG01446,P00698,2026-04-03,Belo Horizonte,Cliente,Concluída,895.62
VG01447,P00007,2025-06-12,Belo Horizonte,Fornecedor,Concluída,981.9
VG01448,P00695,2026-07-12,Campinas,Cliente,Aprovada,1683.11
VG01449,P00380,2025-09-09,Rio de Janeiro,Treinamento,Concluída,1382.62
VG01450,P00667,2026-04-14,São Paulo,Auditoria,Concluída,4516.2
VG01451,P00454,2025-07-25,Campinas,Fornecedor,Aprovada,3697.45
VG01452,P00184,2024-11-09,Rio de Janeiro,Treinamento,Em análise,4460.34
VG01453,P00245,2026-02-11,Curitiba,Treinamento,Aprovada,1955.11
VG01454,P00530,2025-05-04,Rio de Janeiro,Fornecedor,Concluída,2149.18
VG01455,P00693,2024-05-29,Belo Horizonte,Treinamento,Cancelada,1715.44
VG01456,P00293,2026-03-22,Rio de Janeiro,Fornecedor,Concluída,2033.7
VG01457,P00462,2025-02-17,Curitiba,Projeto,Em análise,1172.29
VG01458,P00601,2024-04-27,Campinas,Fornecedor,Concluída,1704.71
VG01459,P00655,2024-03-15,Belo Horizonte,Treinamento,Concluída,1508.43
VG01460,P00338,2024-01-06,São Paulo,Projeto,Cancelada,3636.2
VG01461,P00418,2024-01-30,Curitiba,Cliente,Concluída,1422.28
VG01462,P00826,2025-01-11,São Paulo,Cliente,Aprovada,860.62
VG01463,P00170,2025-09-21,Belo Horizonte,Treinamento,Concluída,2647.18
VG01464,P00443,2024-02-08,Curitiba,Treinamento,Concluída,2271.5
VG01465,P00191,2025-07-04,Belo Horizonte,Treinamento,Concluída,3897.75
VG01466,P00120,2024-06-12,Campinas,Fornecedor,Concluída,1288.3
VG01467,P00510,2025-09-15,São Paulo,Fornecedor,Concluída,1150.21
VG01468,P00263,2025-05-02,Belo Horizonte,Projeto,Concluída,742.02
VG01469,P00540,2026-05-03,Curitiba,Cliente,Aprovada,1609.83
VG01470,P00860,2024-07-08,Rio de Janeiro,Treinamento,Concluída,3267.71
VG01471,P00681,2025-10-04,Rio de Janeiro,Projeto,Concluída,3480.12
VG01472,P00675,2025-01-24,Curitiba,Cliente,Concluída,3558.37
VG01473,P00889,2025-10-23,Rio de Janeiro,Treinamento,Em análise,1159.38
VG01474,P00328,2025-03-18,Curitiba,Fornecedor,Concluída,2206.85
VG01475,P00703,2026-04-25,Belo Horizonte,Fornecedor,Cancelada,1348.77
VG01476,P00104,2026-05-19,São Paulo,Fornecedor,Concluída,1176.44
VG01477,P00299,2025-05-02,Belo Horizonte,Cliente,Em análise,2347.52
VG01478,P00539,2025-03-23,Curitiba,Treinamento,Aprovada,2589.11
VG01479,P00211,2024-05-27,Curitiba,Auditoria,Cancelada,4082.93
VG01480,P00280,2026-01-19,Campinas,Auditoria,Aprovada,3476.28
VG01481,P00118,2024-01-16,Rio de Janeiro,Auditoria,Concluída,3824.05
VG01482,P00072,2024-05-25,Curitiba,Cliente,Concluída,743.63
VG01483,P00735,2026-06-19,Campinas,Cliente,Aprovada,1546.7
VG01484,P00337,2026-01-07,Rio de Janeiro,Treinamento,Em análise,1236.3
VG01485,P00468,2024-11-13,Rio de Janeiro,Cliente,Concluída,1299.99
VG01486,P00715,2024-09-27,Belo Horizonte,Projeto,Concluída,1350.65
VG01487,P00354,2024-06-20,São Paulo,Treinamento,Concluída,1134.63
VG01488,P00692,2024-11-28,Belo Horizonte,Cliente,Concluída,2319.6
VG01489,P00868,2025-03-02,Campinas,Auditoria,Concluída,818.44
VG01490,P00602,2024-10-02,Campinas,Projeto,Aprovada,955.55
VG01491,P00799,2026-03-09,Campinas,Treinamento,Concluída,2727.06
VG01492,P00260,2025-12-06,Belo Horizonte,Projeto,Concluída,2370.98
VG01493,P00183,2024-12-31,Rio de Janeiro,Auditoria,Concluída,864.49
VG01494,P00477,2026-02-12,São Paulo,Fornecedor,Concluída,4004.24
VG01495,P00395,2024-01-10,São Paulo,Auditoria,Concluída,1549.64
VG01496,P00552,2024-07-01,Curitiba,Auditoria,Concluída,1532.18
VG01497,P00046,2025-08-30,Curitiba,Auditoria,Concluída,5461.29
VG01498,P00372,2026-06-10,Rio de Janeiro,Cliente,Cancelada,1804.53
VG01499,P00739,2026-02-27,Belo Horizonte,Projeto,Concluída,1068.15
VG01500,P00197,2025-04-04,Campinas,Cliente,Aprovada,2538.59
VG01501,P00315,2024-07-22,Curitiba,Treinamento,Concluída,645.27
VG01502,P00124,2024-07-07,São Paulo,Projeto,Concluída,652.89
VG01503,P00419,2026-01-03,Campinas,Auditoria,Concluída,1037.93
VG01504,P00856,2024-08-23,Campinas,Fornecedor,Concluída,1359.87
VG01505,P00586,2025-04-30,Campinas,Projeto,Concluída,1015.66
VG01506,P00410,2024-04-06,Belo Horizonte,Fornecedor,Concluída,2454.13
VG01507,P00074,2024-06-25,Rio de Janeiro,Fornecedor,Concluída,1948.21
VG01508,P00269,2025-07-27,Belo Horizonte,Fornecedor,Em análise,1497.89
VG01509,P00752,2024-04-21,Rio de Janeiro,Cliente,Concluída,1206.85
VG01510,P00459,2025-12-05,São Paulo,Treinamento,Concluída,3717.26
VG01511,P00522,2026-04-14,Campinas,Auditoria,Concluída,1344.74
VG01512,P00335,2025-12-03,Curitiba,Projeto,Concluída,3883.13
VG01513,P00146,2024-07-15,São Paulo,Projeto,Cancelada,1527.44
VG01514,P00345,2024-01-23,Campinas,Auditoria,Concluída,1967.12
VG01515,P00172,2024-12-02,Campinas,Cliente,Concluída,944.69
VG01516,P00138,2025-10-04,Belo Horizonte,Cliente,Concluída,570.78
VG01517,P00031,2026-07-11,Rio de Janeiro,Auditoria,Concluída,2039.82
VG01518,P00680,2026-05-22,Belo Horizonte,Treinamento,Concluída,1973.28
VG01519,P00005,2026-07-07,Belo Horizonte,Projeto,Concluída,2223.37
VG01520,P00805,2024-01-30,Rio de Janeiro,Fornecedor,Concluída,763.29
VG01521,P00184,2025-07-13,Rio de Janeiro,Projeto,Concluída,2420.73
VG01522,P00013,2026-02-19,Campinas,Projeto,Cancelada,1131.04
VG01523,P00454,2025-12-05,Curitiba,Cliente,Concluída,1365.22
VG01524,P00053,2026-04-11,Belo Horizonte,Fornecedor,Concluída,1710.06
VG01525,P00796,2024-12-18,Campinas,Fornecedor,Concluída,2838.13
VG01526,P00795,2025-10-22,Campinas,Auditoria,Concluída,1521.85
VG01527,P00416,2024-08-10,Belo Horizonte,Auditoria,Concluída,764.71
VG01528,P00043,2024-12-18,São Paulo,Treinamento,Em análise,1155.39
VG01529,P00262,2024-05-04,Campinas,Fornecedor,Concluída,3638.5
VG01530,P00781,2024-08-03,Campinas,Auditoria,Concluída,2191.26
VG01531,P00889,2025-03-23,Rio de Janeiro,Cliente,Concluída,2645.48
VG01532,P00634,2026-07-17,Belo Horizonte,Auditoria,Concluída,2542.91
VG01533,P00458,2024-04-22,São Paulo,Projeto,Concluída,4449.72
VG01534,P00024,2026-05-29,Campinas,Projeto,Concluída,1979.89
VG01535,P00716,2025-01-13,Rio de Janeiro,Projeto,Concluída,1665.14
VG01536,P00551,2024-08-28,Rio de Janeiro,Treinamento,Concluída,1394.35
VG01537,P00098,2025-07-24,Curitiba,Auditoria,Concluída,523.31
VG01538,P00598,2025-08-23,São Paulo,Fornecedor,Concluída,1322.31
VG01539,P00380,2024-11-15,São Paulo,Fornecedor,Aprovada,1688.05
VG01540,P00547,2026-05-02,São Paulo,Fornecedor,Cancelada,5256.78
VG01541,P00530,2026-02-21,Campinas,Auditoria,Concluída,1832.62
VG01542,P00452,2024-07-21,Campinas,Projeto,Em análise,777.88
VG01543,P00403,2025-11-27,Curitiba,Projeto,Concluída,805.68
VG01544,P00198,2025-10-29,Curitiba,Fornecedor,Concluída,2025.86
VG01545,P00868,2024-10-04,Campinas,Cliente,Aprovada,5182.24
VG01546,P00888,2025-11-27,Belo Horizonte,Auditoria,Concluída,2282.26
VG01547,P00542,2024-08-11,Curitiba,Projeto,Concluída,1854.39
VG01548,P00638,2025-03-18,Belo Horizonte,Auditoria,Em análise,1535.81
VG01549,P00747,2025-11-26,São Paulo,Projeto,Em análise,2419.89
VG01550,P00698,2025-01-30,Campinas,Cliente,Concluída,676.47
VG01551,P00845,2025-03-27,Rio de Janeiro,Cliente,Aprovada,557.76
VG01552,P00673,2024-09-15,Campinas,Treinamento,Concluída,685.39
VG01553,P00699,2024-03-09,Campinas,Auditoria,Aprovada,911.1
VG01554,P00569,2024-12-28,São Paulo,Auditoria,Concluída,3275.83
VG01555,P00089,2024-11-20,Campinas,Auditoria,Concluída,1708.2
VG01556,P00579,2025-10-23,Rio de Janeiro,Cliente,Concluída,1878.61
VG01557,P00437,2024-06-03,Belo Horizonte,Treinamento,Concluída,1542.85
VG01558,P00340,2025-01-12,São Paulo,Fornecedor,Concluída,2008.62
VG01559,P00180,2025-09-27,Campinas,Cliente,Em análise,438.03
VG01560,P00108,2025-04-02,Belo Horizonte,Projeto,Concluída,686.72
VG01561,P00116,2024-11-25,Rio de Janeiro,Projeto,Concluída,1808.22
VG01562,P00564,2025-05-18,Curitiba,Cliente,Concluída,756.11
VG01563,P00269,2024-03-31,Curitiba,Fornecedor,Concluída,2616.27
VG01564,P00721,2024-11-21,Rio de Janeiro,Auditoria,Concluída,2605.62
VG01565,P00546,2024-08-07,São Paulo,Fornecedor,Concluída,1687.84
VG01566,P00103,2024-01-13,Belo Horizonte,Projeto,Concluída,2077.17
VG01567,P00575,2025-05-27,Belo Horizonte,Cliente,Concluída,4123.42
VG01568,P00576,2024-07-19,Rio de Janeiro,Projeto,Aprovada,1511.13
VG01569,P00389,2024-05-01,Rio de Janeiro,Cliente,Concluída,2278.8
VG01570,P00057,2024-04-15,Campinas,Auditoria,Concluída,3175.16
VG01571,P00591,2024-02-18,Belo Horizonte,Treinamento,Aprovada,447.22
VG01572,P00226,2024-08-19,Curitiba,Auditoria,Concluída,550.98
VG01573,P00477,2025-11-03,Curitiba,Projeto,Concluída,2203.62
VG01574,P00163,2026-02-25,Campinas,Fornecedor,Concluída,897.41
VG01575,P00165,2024-03-05,Rio de Janeiro,Treinamento,Concluída,4292.2
VG01576,P00519,2026-03-25,Curitiba,Auditoria,Aprovada,1501.74
VG01577,P00835,2024-05-28,Campinas,Cliente,Aprovada,2008.41
VG01578,P00661,2024-08-26,Campinas,Treinamento,Concluída,562.3
VG01579,P00250,2026-03-05,Curitiba,Treinamento,Concluída,669.42
VG01580,P00091,2025-12-17,Belo Horizonte,Cliente,Concluída,5657.86
VG01581,P00555,2025-12-08,Belo Horizonte,Fornecedor,Aprovada,1093.96
VG01582,P00547,2024-08-01,Rio de Janeiro,Auditoria,Concluída,1600.23
VG01583,P00156,2025-02-21,Rio de Janeiro,Auditoria,Concluída,2363.99
VG01584,P00417,2025-07-11,Belo Horizonte,Fornecedor,Concluída,502.61
VG01585,P00038,2026-07-22,São Paulo,Projeto,Em análise,511.24
VG01586,P00801,2025-12-31,Campinas,Fornecedor,Concluída,349.59
VG01587,P00742,2025-06-04,Campinas,Fornecedor,Concluída,1384.86
VG01588,P00535,2024-09-30,Campinas,Treinamento,Concluída,6271.31
VG01589,P00383,2024-01-01,Rio de Janeiro,Projeto,Concluída,3602.84
VG01590,P00408,2025-04-09,Rio de Janeiro,Cliente,Aprovada,1141.2
VG01591,P00236,2025-10-06,Rio de Janeiro,Projeto,Concluída,1754.72
VG01592,P00689,2026-06-14,Rio de Janeiro,Auditoria,Concluída,3606.65
VG01593,P00172,2025-04-28,São Paulo,Cliente,Concluída,3100.66
VG01594,P00581,2024-12-11,Belo Horizonte,Cliente,Concluída,1145.64
VG01595,P00183,2026-04-30,Belo Horizonte,Fornecedor,Em análise,837.11
VG01596,P00289,2024-02-15,Belo Horizonte,Projeto,Concluída,1097.64
VG01597,P00744,2025-10-11,Campinas,Cliente,Aprovada,585.19
VG01598,P00090,2025-05-04,Campinas,Projeto,Concluída,1080.33
VG01599,P00826,2024-12-06,São Paulo,Auditoria,Concluída,7246.87
VG01600,P00386,2024-09-17,Curitiba,Projeto,Concluída,1577.57
VG01601,P00794,2024-06-05,Curitiba,Fornecedor,Em análise,3048.45
VG01602,P00251,2025-01-01,Rio de Janeiro,Cliente,Concluída,898.52
VG01603,P00552,2025-02-02,Curitiba,Auditoria,Cancelada,2022.25
VG01604,P00672,2025-09-15,São Paulo,Treinamento,Concluída,1524.95
VG01605,P00427,2025-10-12,Curitiba,Treinamento,Concluída,3944.83
VG01606,P00308,2025-02-09,Curitiba,Auditoria,Concluída,8582.3
VG01607,P00201,2024-08-30,Curitiba,Auditoria,Concluída,998.07
VG01608,P00264,2026-07-06,Rio de Janeiro,Fornecedor,Aprovada,1764.7
VG01609,P00528,2025-12-04,São Paulo,Projeto,Concluída,3024.86
VG01610,P00107,2024-01-05,Campinas,Treinamento,Concluída,1633.34
VG01611,P00868,2025-04-22,Curitiba,Fornecedor,Concluída,1980.17
VG01612,P00517,2024-11-01,Curitiba,Fornecedor,Concluída,2459.26
VG01613,P00035,2024-05-01,São Paulo,Cliente,Concluída,2587.98
VG01614,P00004,2025-03-11,São Paulo,Projeto,Concluída,2858.08
VG01615,P00403,2025-03-21,São Paulo,Auditoria,Em análise,2340.75
VG01616,P00393,2025-12-24,Curitiba,Cliente,Concluída,3749.82
VG01617,P00616,2025-02-04,Belo Horizonte,Cliente,Em análise,4180.51
VG01618,P00704,2025-02-18,São Paulo,Fornecedor,Concluída,2514.79
VG01619,P00415,2025-06-27,São Paulo,Fornecedor,Cancelada,1117.68
VG01620,P00678,2025-05-16,São Paulo,Projeto,Concluída,3423.6
VG01621,P00103,2024-08-14,Curitiba,Cliente,Concluída,1276.23
VG01622,P00196,2025-07-18,Curitiba,Cliente,Concluída,2129.98
VG01623,P00197,2026-05-28,São Paulo,Treinamento,Concluída,1271.54
VG01624,P00495,2025-09-02,Rio de Janeiro,Projeto,Concluída,1019.1
VG01625,P00424,2025-05-06,São Paulo,Projeto,Concluída,2664.3
VG01626,P00061,2024-06-23,Rio de Janeiro,Fornecedor,Cancelada,1407.42
VG01627,P00048,2025-12-16,Curitiba,Cliente,Concluída,455.45
VG01628,P00428,2026-01-14,São Paulo,Fornecedor,Concluída,2270.84
VG01629,P00611,2026-07-02,São Paulo,Cliente,Em análise,2322.21
VG01630,P00333,2026-01-17,Campinas,Auditoria,Concluída,1060.9
VG01631,P00047,2025-11-18,Curitiba,Auditoria,Concluída,4171.41
VG01632,P00420,2024-06-29,Campinas,Cliente,Cancelada,3569.18
VG01633,P00109,2026-03-12,Belo Horizonte,Treinamento,Concluída,1134.46
VG01634,P00807,2024-03-03,Belo Horizonte,Cliente,Concluída,490.63
VG01635,P00479,2024-03-09,Campinas,Auditoria,Cancelada,1974.95
VG01636,P00280,2025-06-14,São Paulo,Treinamento,Concluída,1675.09
VG01637,P00436,2025-08-17,Rio de Janeiro,Projeto,Concluída,867.94
VG01638,P00424,2024-03-31,Curitiba,Auditoria,Concluída,2583.11
VG01639,P00855,2025-04-22,Curitiba,Fornecedor,Concluída,879.66
VG01640,P00571,2024-01-07,Belo Horizonte,Treinamento,Concluída,2837.74
VG01641,P00878,2026-06-30,Curitiba,Treinamento,Concluída,2350.75
VG01642,P00443,2025-08-18,Rio de Janeiro,Treinamento,Cancelada,1322.32
VG01643,P00123,2026-02-10,São Paulo,Fornecedor,Concluída,1114.67
VG01644,P00484,2024-02-07,São Paulo,Cliente,Concluída,1397.5
VG01645,P00007,2025-07-12,São Paulo,Projeto,Em análise,1063.5
VG01646,P00321,2025-08-25,São Paulo,Auditoria,Concluída,1772.43
VG01647,P00383,2026-05-17,São Paulo,Cliente,Concluída,1419.0
VG01648,P00168,2024-01-14,Curitiba,Fornecedor,Concluída,1607.93
VG01649,P00259,2024-12-07,Rio de Janeiro,Treinamento,Aprovada,1000.77
VG01650,P00380,2026-03-17,São Paulo,Fornecedor,Concluída,1373.74
VG01651,P00529,2025-05-04,Campinas,Projeto,Concluída,2457.67
VG01652,P00342,2024-10-07,Belo Horizonte,Fornecedor,Concluída,2029.13
VG01653,P00099,2026-06-29,Campinas,Fornecedor,Cancelada,4930.51
VG01654,P00750,2025-12-08,Campinas,Auditoria,Concluída,1121.9
VG01655,P00609,2024-04-23,Curitiba,Projeto,Concluída,1944.81
VG01656,P00059,2025-08-01,São Paulo,Projeto,Concluída,1697.68
VG01657,P00353,2026-04-30,São Paulo,Fornecedor,Concluída,1824.29
VG01658,P00751,2024-10-14,Rio de Janeiro,Projeto,Concluída,1123.68
VG01659,P00593,2024-01-07,Belo Horizonte,Cliente,Em análise,1633.62
VG01660,P00601,2026-02-13,Belo Horizonte,Projeto,Concluída,2255.82
VG01661,P00238,2025-10-01,Rio de Janeiro,Fornecedor,Concluída,1979.37
VG01662,P00182,2024-02-02,Rio de Janeiro,Treinamento,Concluída,842.36
VG01663,P00766,2025-06-14,Rio de Janeiro,Auditoria,Concluída,2359.59
VG01664,P00768,2025-12-25,Campinas,Projeto,Concluída,811.32
VG01665,P00636,2025-05-28,Belo Horizonte,Treinamento,Aprovada,1247.23
VG01666,P00882,2024-12-03,Campinas,Treinamento,Concluída,831.64
VG01667,P00757,2025-08-14,São Paulo,Auditoria,Concluída,781.39
VG01668,P00459,2024-10-21,Campinas,Projeto,Concluída,2197.12
VG01669,P00563,2024-03-23,Rio de Janeiro,Projeto,Concluída,3190.19
VG01670,P00075,2026-02-02,Rio de Janeiro,Auditoria,Em análise,1502.29
VG01671,P00486,2024-12-15,São Paulo,Projeto,Concluída,1861.75
VG01672,P00532,2025-10-20,Curitiba,Fornecedor,Concluída,1776.33
VG01673,P00216,2025-12-28,Rio de Janeiro,Fornecedor,Concluída,1334.75
VG01674,P00698,2026-02-21,Rio de Janeiro,Projeto,Concluída,1930.06
VG01675,P00093,2025-07-17,São Paulo,Auditoria,Concluída,1289.95
VG01676,P00552,2026-07-04,Belo Horizonte,Auditoria,Aprovada,934.16
VG01677,P00616,2025-08-30,Curitiba,Treinamento,Aprovada,513.67
VG01678,P00361,2025-02-27,Belo Horizonte,Treinamento,Concluída,1456.76
VG01679,P00705,2026-03-05,Curitiba,Projeto,Concluída,974.81
VG01680,P00156,2026-07-05,São Paulo,Auditoria,Concluída,1568.71
VG01681,P00362,2025-03-31,Curitiba,Fornecedor,Concluída,3123.56
VG01682,P00069,2025-11-20,Curitiba,Auditoria,Concluída,2695.56
VG01683,P00006,2025-05-22,São Paulo,Cliente,Concluída,1010.22
VG01684,P00714,2024-03-30,Campinas,Projeto,Concluída,1405.36
VG01685,P00027,2026-01-26,Rio de Janeiro,Fornecedor,Concluída,2469.4
VG01686,P00163,2025-08-28,Rio de Janeiro,Treinamento,Concluída,2146.68
VG01687,P00849,2026-06-04,Rio de Janeiro,Auditoria,Concluída,1351.38
VG01688,P00087,2025-01-04,São Paulo,Projeto,Concluída,3609.53
VG01689,P00553,2025-12-12,Campinas,Treinamento,Concluída,1764.64
VG01690,P00327,2025-01-02,Rio de Janeiro,Projeto,Cancelada,1968.53
VG01691,P00147,2026-01-01,São Paulo,Projeto,Aprovada,2235.6
VG01692,P00383,2026-06-16,São Paulo,Cliente,Concluída,1377.16
VG01693,P00218,2026-02-03,Belo Horizonte,Projeto,Concluída,2011.57
VG01694,P00677,2024-02-26,Curitiba,Auditoria,Concluída,2281.19
VG01695,P00470,2024-11-27,Curitiba,Cliente,Concluída,794.94
VG01696,P00153,2024-02-20,Belo Horizonte,Cliente,Em análise,2576.73
VG01697,P00833,2026-06-24,São Paulo,Treinamento,Concluída,1076.73
VG01698,P00421,2025-10-20,Rio de Janeiro,Cliente,Cancelada,1652.53
VG01699,P00196,2024-07-07,Rio de Janeiro,Auditoria,Concluída,4657.87
VG01700,P00596,2025-11-12,Campinas,Fornecedor,Concluída,879.78
VG01701,P00180,2025-04-12,Belo Horizonte,Fornecedor,Concluída,1690.27
VG01702,P00160,2024-07-31,Belo Horizonte,Projeto,Concluída,875.01
VG01703,P00282,2025-10-16,Rio de Janeiro,Auditoria,Concluída,1139.55
VG01704,P00206,2025-01-21,Campinas,Fornecedor,Concluída,1973.61
VG01705,P00760,2024-02-18,Rio de Janeiro,Treinamento,Cancelada,1203.94
VG01706,P00655,2024-11-08,São Paulo,Fornecedor,Concluída,2270.82
VG01707,P00372,2026-03-05,Curitiba,Treinamento,Aprovada,6616.74
VG01708,P00597,2025-01-09,São Paulo,Treinamento,Em análise,2207.85
VG01709,P00753,2024-02-19,Belo Horizonte,Treinamento,Aprovada,1280.48
VG01710,P00110,2024-07-28,Curitiba,Treinamento,Aprovada,1112.93
VG01711,P00030,2026-06-22,Belo Horizonte,Projeto,Concluída,2817.19
VG01712,P00658,2024-03-06,Belo Horizonte,Cliente,Concluída,537.85
VG01713,P00045,2025-03-12,Rio de Janeiro,Projeto,Concluída,2904.85
VG01714,P00565,2026-05-08,Curitiba,Auditoria,Concluída,555.82
VG01715,P00087,2025-10-23,Campinas,Projeto,Concluída,2381.69
VG01716,P00406,2025-04-21,Campinas,Fornecedor,Concluída,591.63
VG01717,P00094,2026-04-17,São Paulo,Fornecedor,Concluída,842.38
VG01718,P00211,2025-09-30,Campinas,Cliente,Cancelada,2169.77
VG01719,P00184,2025-04-18,Curitiba,Auditoria,Concluída,1252.29
VG01720,P00358,2025-05-24,Campinas,Cliente,Concluída,2527.97
VG01721,P00680,2025-08-14,Campinas,Projeto,Concluída,1717.52
VG01722,P00771,2025-10-01,Curitiba,Cliente,Concluída,4704.15
VG01723,P00783,2025-02-03,Campinas,Cliente,Concluída,865.86
VG01724,P00027,2025-09-03,São Paulo,Auditoria,Concluída,439.32
VG01725,P00091,2025-02-19,Campinas,Cliente,Concluída,2733.58
VG01726,P00820,2024-09-14,Curitiba,Auditoria,Aprovada,3185.28
VG01727,P00687,2024-11-14,São Paulo,Cliente,Concluída,4354.5
VG01728,P00699,2024-06-29,Belo Horizonte,Cliente,Concluída,804.6
VG01729,P00356,2026-04-06,Campinas,Treinamento,Concluída,1793.53
VG01730,P00558,2024-10-29,Campinas,Cliente,Concluída,1252.89
VG01731,P00164,2025-05-26,Curitiba,Treinamento,Concluída,5629.02
VG01732,P00588,2025-06-16,Rio de Janeiro,Fornecedor,Concluída,496.53
VG01733,P00262,2025-01-31,Curitiba,Fornecedor,Concluída,2796.65
VG01734,P00647,2026-04-18,São Paulo,Treinamento,Cancelada,3453.79
VG01735,P00201,2026-04-03,Campinas,Auditoria,Concluída,4326.43
VG01736,P00884,2024-08-02,Campinas,Projeto,Concluída,1887.7
VG01737,P00413,2024-12-01,São Paulo,Auditoria,Concluída,1606.98
VG01738,P00557,2026-03-20,Belo Horizonte,Cliente,Cancelada,1536.94
VG01739,P00110,2024-09-04,Rio de Janeiro,Fornecedor,Concluída,1437.73
VG01740,P00542,2024-03-11,Belo Horizonte,Auditoria,Concluída,4166.78
VG01741,P00495,2025-07-21,Rio de Janeiro,Cliente,Concluída,918.59
VG01742,P00046,2024-07-26,Rio de Janeiro,Treinamento,Cancelada,1749.27
VG01743,P00417,2024-09-14,Curitiba,Auditoria,Aprovada,2169.83
VG01744,P00686,2024-01-24,Rio de Janeiro,Auditoria,Concluída,1503.39
VG01745,P00718,2024-09-25,Campinas,Cliente,Concluída,2253.47
VG01746,P00408,2026-05-13,São Paulo,Treinamento,Concluída,970.09
VG01747,P00665,2025-06-23,Rio de Janeiro,Fornecedor,Em análise,694.04
VG01748,P00468,2024-08-25,Belo Horizonte,Treinamento,Concluída,1092.31
VG01749,P00131,2025-02-01,Campinas,Treinamento,Concluída,1103.4
VG01750,P00168,2024-07-16,Campinas,Cliente,Concluída,1773.51
VG01751,P00439,2025-03-06,São Paulo,Cliente,Cancelada,1571.99
VG01752,P00580,2024-02-05,Curitiba,Auditoria,Concluída,2078.35
VG01753,P00789,2024-03-04,Campinas,Auditoria,Concluída,1350.06
VG01754,P00279,2024-09-12,Belo Horizonte,Treinamento,Concluída,1489.97
VG01755,P00546,2025-01-11,São Paulo,Treinamento,Concluída,4123.25
VG01756,P00163,2025-10-05,Rio de Janeiro,Fornecedor,Concluída,1058.39
VG01757,P00831,2024-01-17,Campinas,Projeto,Concluída,1943.2
VG01758,P00492,2024-08-17,Belo Horizonte,Projeto,Concluída,2418.66
VG01759,P00191,2024-12-22,Rio de Janeiro,Cliente,Aprovada,1452.05
VG01760,P00740,2025-02-05,São Paulo,Auditoria,Concluída,1177.62
VG01761,P00419,2024-03-22,Rio de Janeiro,Projeto,Em análise,543.9
VG01762,P00185,2026-01-04,Campinas,Fornecedor,Concluída,528.74
VG01763,P00358,2024-12-29,Rio de Janeiro,Cliente,Concluída,1539.0
VG01764,P00125,2026-03-23,São Paulo,Projeto,Concluída,456.95
VG01765,P00086,2024-09-16,Curitiba,Projeto,Concluída,3778.31
VG01766,P00727,2025-04-18,São Paulo,Projeto,Concluída,4748.82
VG01767,P00752,2025-02-10,Campinas,Fornecedor,Em análise,830.82
VG01768,P00573,2024-08-15,Campinas,Projeto,Em análise,1685.22
VG01769,P00386,2026-02-10,Belo Horizonte,Fornecedor,Concluída,355.43
VG01770,P00783,2024-10-31,Campinas,Cliente,Concluída,1396.38
VG01771,P00691,2024-11-08,São Paulo,Cliente,Concluída,6143.23
VG01772,P00053,2024-02-07,Rio de Janeiro,Auditoria,Aprovada,1685.43
VG01773,P00091,2024-09-21,Curitiba,Projeto,Concluída,1182.04
VG01774,P00251,2024-11-26,São Paulo,Auditoria,Concluída,2517.84
VG01775,P00330,2024-09-07,Campinas,Treinamento,Aprovada,2101.7
VG01776,P00241,2025-06-28,Campinas,Projeto,Concluída,1302.51
VG01777,P00784,2026-07-11,São Paulo,Projeto,Concluída,1593.4
VG01778,P00436,2024-01-22,São Paulo,Cliente,Em análise,1234.42
VG01779,P00723,2024-10-01,Curitiba,Cliente,Concluída,671.37
VG01780,P00082,2025-05-28,São Paulo,Projeto,Concluída,2363.56
VG01781,P00221,2026-03-13,Curitiba,Auditoria,Concluída,1080.02
VG01782,P00516,2026-02-25,Rio de Janeiro,Projeto,Concluída,2227.75
VG01783,P00478,2024-08-17,São Paulo,Fornecedor,Concluída,402.42
VG01784,P00337,2025-11-19,Belo Horizonte,Fornecedor,Aprovada,1315.6
VG01785,P00807,2024-09-19,Belo Horizonte,Projeto,Concluída,3161.04
VG01786,P00703,2024-12-17,Belo Horizonte,Fornecedor,Concluída,1469.4
VG01787,P00406,2025-10-30,Belo Horizonte,Treinamento,Em análise,1664.13
VG01788,P00794,2025-03-03,São Paulo,Projeto,Concluída,1474.29
VG01789,P00268,2026-05-13,São Paulo,Treinamento,Concluída,919.53
VG01790,P00211,2025-02-28,Campinas,Treinamento,Concluída,1639.66
VG01791,P00053,2025-09-29,Campinas,Fornecedor,Concluída,4235.01
VG01792,P00123,2024-11-08,Rio de Janeiro,Fornecedor,Cancelada,1282.75
VG01793,P00656,2024-07-17,Rio de Janeiro,Cliente,Concluída,1601.97
VG01794,P00855,2025-01-31,Curitiba,Fornecedor,Concluída,217.09
VG01795,P00262,2024-09-04,Rio de Janeiro,Cliente,Concluída,1008.36
VG01796,P00253,2026-02-25,Campinas,Cliente,Concluída,1510.9
VG01797,P00808,2024-12-02,Curitiba,Projeto,Aprovada,1680.43
VG01798,P00107,2026-04-03,Rio de Janeiro,Cliente,Aprovada,2862.72
VG01799,P00781,2026-05-03,São Paulo,Fornecedor,Aprovada,1970.22
VG01800,P00267,2026-06-06,Rio de Janeiro,Auditoria,Concluída,1442.29
VG01801,P00338,2024-01-27,Campinas,Projeto,Concluída,2961.8
VG01802,P00387,2025-04-18,Curitiba,Treinamento,Concluída,2342.87
VG01803,P00872,2025-08-28,Curitiba,Auditoria,Cancelada,1777.63
VG01804,P00787,2024-08-20,Belo Horizonte,Treinamento,Concluída,1467.15
VG01805,P00831,2024-02-26,Campinas,Cliente,Aprovada,1054.94
VG01806,P00300,2025-06-09,Belo Horizonte,Cliente,Concluída,2943.99
VG01807,P00799,2024-07-25,Campinas,Auditoria,Aprovada,2194.94
VG01808,P00602,2025-10-14,Campinas,Cliente,Em análise,2266.13
VG01809,P00392,2024-07-01,Campinas,Auditoria,Concluída,2096.5
VG01810,P00598,2024-04-11,Belo Horizonte,Treinamento,Em análise,15288.21
VG01811,P00023,2025-04-02,Campinas,Treinamento,Concluída,2357.01
VG01812,P00680,2026-02-08,Belo Horizonte,Treinamento,Concluída,2074.97
VG01813,P00189,2025-10-27,Curitiba,Auditoria,Aprovada,3244.36
VG01814,P00729,2026-07-11,Rio de Janeiro,Cliente,Concluída,2232.8
VG01815,P00280,2025-09-01,São Paulo,Cliente,Concluída,3831.66
VG01816,P00548,2025-02-18,Rio de Janeiro,Cliente,Cancelada,989.34
VG01817,P00301,2025-07-29,Rio de Janeiro,Treinamento,Concluída,1874.0
VG01818,P00364,2024-01-02,Curitiba,Fornecedor,Concluída,1443.5
VG01819,P00557,2025-09-04,Campinas,Auditoria,Concluída,1260.53
VG01820,P00120,2025-08-15,São Paulo,Auditoria,Concluída,1900.37
VG01821,P00628,2026-06-29,Belo Horizonte,Cliente,Concluída,1510.4
VG01822,P00395,2025-12-16,São Paulo,Projeto,Concluída,914.62
VG01823,P00618,2024-07-05,Belo Horizonte,Treinamento,Concluída,1755.23
VG01824,P00204,2025-06-02,Campinas,Cliente,Concluída,575.08
VG01825,P00493,2024-10-13,Belo Horizonte,Auditoria,Concluída,654.12
VG01826,P00326,2024-08-17,Rio de Janeiro,Auditoria,Concluída,2359.79
VG01827,P00849,2025-05-25,Campinas,Fornecedor,Concluída,1947.5
VG01828,P00173,2025-08-08,Curitiba,Treinamento,Concluída,830.42
VG01829,P00212,2026-01-28,São Paulo,Treinamento,Concluída,1415.51
VG01830,P00733,2025-02-18,Rio de Janeiro,Projeto,Concluída,1402.75
VG01831,P00484,2025-07-05,Rio de Janeiro,Auditoria,Aprovada,2612.58
VG01832,P00684,2024-12-30,Belo Horizonte,Treinamento,Concluída,1181.51
VG01833,P00466,2026-04-27,Belo Horizonte,Fornecedor,Concluída,3320.72
VG01834,P00890,2025-11-09,São Paulo,Treinamento,Concluída,1293.49
VG01835,P00205,2024-03-01,Rio de Janeiro,Auditoria,Concluída,1987.73
VG01836,P00377,2025-05-19,Belo Horizonte,Treinamento,Concluída,1739.72
VG01837,P00129,2025-03-14,Belo Horizonte,Projeto,Concluída,638.73
VG01838,P00409,2025-08-18,Curitiba,Projeto,Aprovada,1991.91
VG01839,P00816,2025-05-27,Rio de Janeiro,Fornecedor,Aprovada,2025.21
VG01840,P00257,2024-04-15,São Paulo,Cliente,Concluída,577.65
VG01841,P00411,2025-12-12,Campinas,Cliente,Concluída,1508.02
VG01842,P00298,2024-12-16,Campinas,Cliente,Concluída,699.72
VG01843,P00467,2025-04-14,Campinas,Auditoria,Concluída,3168.27
VG01844,P00500,2025-11-18,Curitiba,Treinamento,Em análise,1665.36
VG01845,P00870,2024-05-21,Belo Horizonte,Projeto,Em análise,1080.82
VG01846,P00894,2024-08-10,Campinas,Fornecedor,Concluída,968.99
VG01847,P00341,2024-12-22,São Paulo,Fornecedor,Concluída,1031.98
VG01848,P00862,2025-03-10,Campinas,Auditoria,Cancelada,523.75
VG01849,P00885,2026-07-05,Rio de Janeiro,Cliente,Concluída,1360.5
VG01850,P00669,2026-02-19,Campinas,Treinamento,Concluída,1970.68
VG01851,P00326,2025-11-14,Campinas,Treinamento,Concluída,2004.28
VG01852,P00862,2026-03-02,Belo Horizonte,Projeto,Concluída,1466.59
VG01853,P00125,2025-08-28,Belo Horizonte,Cliente,Concluída,726.87
VG01854,P00287,2024-12-17,São Paulo,Auditoria,Concluída,665.63
VG01855,P00542,2026-05-06,Campinas,Treinamento,Concluída,697.94
VG01856,P00821,2026-07-22,São Paulo,Projeto,Concluída,1356.89
VG01857,P00805,2026-03-11,Curitiba,Treinamento,Em análise,494.43
VG01858,P00469,2024-01-05,Campinas,Auditoria,Concluída,2105.23
VG01859,P00442,2024-06-23,Belo Horizonte,Treinamento,Aprovada,373.91
VG01860,P00139,2024-08-11,Campinas,Treinamento,Concluída,996.57
VG01861,P00140,2024-01-21,Rio de Janeiro,Cliente,Concluída,2199.84
VG01862,P00080,2026-03-18,São Paulo,Treinamento,Concluída,3030.99
VG01863,P00728,2024-03-04,Belo Horizonte,Cliente,Concluída,7913.63
VG01864,P00838,2024-01-23,Rio de Janeiro,Auditoria,Concluída,1891.72
VG01865,P00781,2025-07-12,Belo Horizonte,Fornecedor,Concluída,1110.47
VG01866,P00194,2024-12-18,São Paulo,Treinamento,Concluída,1722.29
VG01867,P00751,2024-03-08,Campinas,Auditoria,Concluída,2990.18
VG01868,P00861,2025-11-23,Belo Horizonte,Auditoria,Concluída,976.69
VG01869,P00083,2025-06-01,Rio de Janeiro,Treinamento,Em análise,1711.14
VG01870,P00254,2024-09-20,Curitiba,Auditoria,Concluída,762.33
VG01871,P00741,2025-01-20,Campinas,Projeto,Cancelada,524.89
VG01872,P00718,2024-04-06,São Paulo,Treinamento,Cancelada,853.01
VG01873,P00097,2025-02-16,Rio de Janeiro,Projeto,Concluída,626.22
VG01874,P00808,2024-02-19,Curitiba,Fornecedor,Concluída,629.97
VG01875,P00869,2025-11-22,Curitiba,Treinamento,Concluída,713.85
VG01876,P00414,2025-10-08,São Paulo,Treinamento,Em análise,979.53
VG01877,P00486,2024-06-15,São Paulo,Projeto,Concluída,1440.02
VG01878,P00155,2024-02-11,Rio de Janeiro,Projeto,Concluída,2923.75
VG01879,P00377,2025-03-08,Rio de Janeiro,Fornecedor,Concluída,1778.02
VG01880,P00895,2024-03-22,Belo Horizonte,Projeto,Concluída,2148.0
VG01881,P00616,2025-01-26,Curitiba,Treinamento,Concluída,2147.97
VG01882,P00036,2025-10-06,São Paulo,Treinamento,Concluída,2185.73
VG01883,P00890,2026-04-09,Campinas,Cliente,Concluída,1235.28
VG01884,P00648,2024-07-14,Curitiba,Treinamento,Concluída,1177.58
VG01885,P00671,2025-01-17,Rio de Janeiro,Fornecedor,Concluída,3299.65
VG01886,P00326,2026-01-01,Rio de Janeiro,Fornecedor,Concluída,2763.92
VG01887,P00002,2025-12-10,Belo Horizonte,Projeto,Concluída,1256.09
VG01888,P00096,2025-07-18,Curitiba,Auditoria,Concluída,2587.23
VG01889,P00674,2025-04-05,Curitiba,Fornecedor,Concluída,1112.26
VG01890,P00029,2026-07-08,Belo Horizonte,Treinamento,Concluída,1138.38
VG01891,P00076,2026-01-30,São Paulo,Projeto,Concluída,2536.6
VG01892,P00035,2024-05-15,Campinas,Treinamento,Concluída,1689.66
VG01893,P00556,2026-02-06,Rio de Janeiro,Fornecedor,Concluída,1266.78
VG01894,P00476,2025-01-07,Campinas,Cliente,Concluída,786.23
VG01895,P00318,2025-06-27,Rio de Janeiro,Auditoria,Concluída,1236.24
VG01896,P00455,2024-09-24,Campinas,Projeto,Em análise,2812.33
VG01897,P00702,2025-02-08,Rio de Janeiro,Auditoria,Concluída,2441.23
VG01898,P00620,2024-06-18,São Paulo,Fornecedor,Aprovada,3086.81
VG01899,P00538,2024-08-21,Campinas,Projeto,Concluída,1323.17
VG01900,P00875,2024-11-15,São Paulo,Cliente,Aprovada,862.06
VG01901,P00005,2026-03-06,Curitiba,Auditoria,Concluída,1072.62
VG01902,P00851,2025-03-30,Rio de Janeiro,Projeto,Concluída,1224.38
VG01903,P00440,2026-05-12,Belo Horizonte,Treinamento,Em análise,2558.31
VG01904,P00686,2025-06-03,Campinas,Projeto,Aprovada,2693.94
VG01905,P00205,2025-04-14,Rio de Janeiro,Fornecedor,Concluída,2186.75
VG01906,P00280,2026-04-12,Belo Horizonte,Fornecedor,Aprovada,2304.03
VG01907,P00112,2025-11-16,Belo Horizonte,Fornecedor,Concluída,1813.78
VG01908,P00238,2026-05-19,Campinas,Treinamento,Cancelada,5934.66
VG01909,P00538,2026-06-20,Campinas,Cliente,Em análise,1173.86
VG01910,P00417,2024-03-27,Rio de Janeiro,Cliente,Concluída,4865.76
VG01911,P00659,2025-03-01,Curitiba,Projeto,Concluída,834.31
VG01912,P00495,2024-04-02,Rio de Janeiro,Fornecedor,Concluída,2696.9
VG01913,P00866,2025-04-05,São Paulo,Projeto,Em análise,5850.84
VG01914,P00195,2025-01-11,Rio de Janeiro,Fornecedor,Concluída,3419.91
VG01915,P00094,2026-02-23,São Paulo,Cliente,Concluída,1905.26
VG01916,P00667,2024-04-20,Campinas,Fornecedor,Cancelada,4188.84
VG01917,P00237,2024-05-04,Curitiba,Treinamento,Em análise,1900.08
VG01918,P00865,2026-01-10,Campinas,Fornecedor,Concluída,2765.71
VG01919,P00597,2024-11-03,Campinas,Projeto,Cancelada,2266.41
VG01920,P00642,2024-07-11,Campinas,Projeto,Concluída,1056.13
VG01921,P00467,2026-03-08,Rio de Janeiro,Fornecedor,Concluída,1053.06
VG01922,P00375,2024-03-12,Curitiba,Treinamento,Concluída,893.04
VG01923,P00347,2024-09-10,Belo Horizonte,Fornecedor,Concluída,519.75
VG01924,P00723,2024-04-13,Rio de Janeiro,Cliente,Concluída,1471.04
VG01925,P00801,2025-02-23,Belo Horizonte,Fornecedor,Concluída,1046.93
VG01926,P00664,2025-03-30,São Paulo,Treinamento,Aprovada,3546.44
VG01927,P00377,2025-08-22,Belo Horizonte,Treinamento,Concluída,5655.86
VG01928,P00826,2025-06-22,Belo Horizonte,Cliente,Em análise,1882.04
VG01929,P00094,2024-02-13,Rio de Janeiro,Fornecedor,Concluída,986.21
VG01930,P00001,2026-02-16,Curitiba,Projeto,Concluída,650.7
VG01931,P00890,2024-10-28,Curitiba,Fornecedor,Em análise,3168.65
VG01932,P00685,2024-03-12,São Paulo,Cliente,Concluída,2613.62
VG01933,P00676,2026-06-22,Campinas,Auditoria,Em análise,1575.85
VG01934,P00485,2025-09-07,Belo Horizonte,Treinamento,Concluída,691.48
VG01935,P00198,2026-07-01,Rio de Janeiro,Projeto,Em análise,1403.78
VG01936,P00112,2025-04-06,Campinas,Treinamento,Concluída,2118.67
VG01937,P00599,2025-04-01,Rio de Janeiro,Auditoria,Aprovada,1310.45
VG01938,P00272,2026-06-17,São Paulo,Fornecedor,Concluída,2489.23
VG01939,P00860,2025-10-02,Campinas,Auditoria,Concluída,1927.22
VG01940,P00856,2025-04-20,Curitiba,Auditoria,Concluída,1461.22
VG01941,P00520,2025-09-20,Curitiba,Fornecedor,Concluída,2597.66
VG01942,P00155,2025-04-26,Rio de Janeiro,Auditoria,Concluída,2756.02
VG01943,P00194,2025-12-29,Rio de Janeiro,Auditoria,Concluída,3543.08
VG01944,P00061,2025-07-14,Campinas,Projeto,Concluída,1591.89
VG01945,P00770,2025-07-22,Rio de Janeiro,Auditoria,Aprovada,1560.92
VG01946,P00171,2025-07-21,Belo Horizonte,Auditoria,Em análise,4099.86
VG01947,P00676,2025-10-23,Rio de Janeiro,Cliente,Concluída,1527.75
VG01948,P00563,2025-05-30,Curitiba,Auditoria,Concluída,2485.6
VG01949,P00059,2026-06-21,Campinas,Auditoria,Concluída,1352.85
VG01950,P00140,2026-01-08,São Paulo,Treinamento,Concluída,3138.43
VG01951,P00536,2025-06-17,Rio de Janeiro,Auditoria,Concluída,5064.16
VG01952,P00617,2026-04-03,São Paulo,Treinamento,Concluída,1171.75
VG01953,P00283,2025-03-11,São Paulo,Treinamento,Aprovada,4326.26
VG01954,P00666,2025-03-07,Rio de Janeiro,Cliente,Concluída,3553.99
VG01955,P00459,2025-07-27,Campinas,Projeto,Concluída,486.19
VG01956,P00224,2025-04-07,São Paulo,Fornecedor,Concluída,702.91
VG01957,P00697,2026-06-02,Belo Horizonte,Cliente,Aprovada,1873.82
VG01958,P00075,2026-02-23,Rio de Janeiro,Treinamento,Concluída,1864.48
VG01959,P00310,2024-10-26,Rio de Janeiro,Projeto,Concluída,866.4
VG01960,P00410,2026-07-17,Campinas,Projeto,Concluída,1426.08
VG01961,P00891,2026-01-30,Curitiba,Fornecedor,Cancelada,761.32
VG01962,P00610,2025-06-03,Belo Horizonte,Projeto,Cancelada,2915.12
VG01963,P00373,2024-10-08,Curitiba,Auditoria,Concluída,4591.62
VG01964,P00590,2025-05-02,Belo Horizonte,Auditoria,Em análise,3907.81
VG01965,P00731,2026-04-02,São Paulo,Auditoria,Concluída,3217.3
VG01966,P00435,2026-03-30,Belo Horizonte,Projeto,Concluída,3553.45
VG01967,P00644,2024-04-02,Campinas,Auditoria,Concluída,759.83
VG01968,P00890,2025-08-09,Rio de Janeiro,Cliente,Concluída,1389.7
VG01969,P00587,2024-02-08,Rio de Janeiro,Projeto,Concluída,835.04
VG01970,P00093,2026-04-24,Curitiba,Projeto,Cancelada,2027.24
VG01971,P00173,2024-05-24,Belo Horizonte,Projeto,Cancelada,1410.27
VG01972,P00088,2024-05-08,São Paulo,Fornecedor,Em análise,848.41
VG01973,P00307,2024-10-05,São Paulo,Cliente,Cancelada,1303.74
VG01974,P00863,2025-02-21,Campinas,Treinamento,Concluída,3345.85
VG01975,P00174,2025-05-16,Curitiba,Projeto,Concluída,941.51
VG01976,P00440,2026-04-03,Rio de Janeiro,Fornecedor,Aprovada,1231.56
VG01977,P00204,2024-03-23,Rio de Janeiro,Cliente,Concluída,1076.48
VG01978,P00900,2025-02-22,Belo Horizonte,Treinamento,Concluída,3238.14
VG01979,P00669,2025-11-15,Curitiba,Auditoria,Concluída,911.23
VG01980,P00306,2024-09-12,Rio de Janeiro,Auditoria,Em análise,4602.15
VG01981,P00122,2024-11-12,Campinas,Cliente,Concluída,924.26
VG01982,P00666,2025-03-15,Belo Horizonte,Projeto,Concluída,2888.22
VG01983,P00788,2024-05-26,São Paulo,Treinamento,Concluída,1076.01
VG01984,P00842,2024-07-18,São Paulo,Projeto,Cancelada,574.27
VG01985,P00799,2024-02-17,Curitiba,Fornecedor,Aprovada,3030.03
VG01986,P00735,2024-08-31,São Paulo,Fornecedor,Concluída,1597.59
VG01987,P00244,2024-01-22,Rio de Janeiro,Auditoria,Concluída,779.82
VG01988,P00225,2025-10-07,São Paulo,Projeto,Concluída,1407.45
VG01989,P00415,2024-08-22,Curitiba,Fornecedor,Concluída,423.65
VG01990,P00798,2025-09-17,Rio de Janeiro,Cliente,Concluída,1878.44
VG01991,P00276,2025-07-13,São Paulo,Auditoria,Aprovada,2569.62
VG01992,P00334,2026-07-07,São Paulo,Fornecedor,Concluída,3344.6
VG01993,P00069,2024-03-15,São Paulo,Auditoria,Concluída,1658.87
VG01994,P00187,2026-07-23,Campinas,Auditoria,Concluída,3340.58
VG01995,P00297,2024-06-27,Rio de Janeiro,Cliente,Concluída,1170.76
VG01996,P00176,2024-04-15,Rio de Janeiro,Projeto,Concluída,1809.89
VG01997,P00285,2025-10-05,Rio de Janeiro,Auditoria,Concluída,1953.94
VG01998,P00626,2024-09-04,Belo Horizonte,Auditoria,Aprovada,986.67
VG01999,P00467,2024-01-31,Campinas,Auditoria,Concluída,1779.61
VG02000,P00108,2026-01-04,Rio de Janeiro,Cliente,Concluída,1509.66
VG02001,P00638,2024-05-19,Belo Horizonte,Treinamento,Cancelada,3874.57
VG02002,P00082,2025-07-04,Campinas,Treinamento,Concluída,2677.88
VG02003,P00495,2025-01-17,Curitiba,Fornecedor,Concluída,2467.08
VG02004,P00751,2026-02-19,São Paulo,Cliente,Aprovada,653.52
VG02005,P00267,2024-06-06,Curitiba,Auditoria,Concluída,2278.55
VG02006,P00276,2024-11-20,Curitiba,Fornecedor,Concluída,1115.47
VG02007,P00694,2024-07-09,Campinas,Projeto,Cancelada,1784.85
VG02008,P00439,2025-10-04,Rio de Janeiro,Projeto,Concluída,847.28
VG02009,P00695,2024-08-26,Curitiba,Treinamento,Concluída,774.87
VG02010,P00753,2025-01-31,Campinas,Auditoria,Concluída,1916.37
VG02011,P00197,2026-04-23,Curitiba,Auditoria,Concluída,442.44
VG02012,P00868,2025-01-14,Campinas,Cliente,Aprovada,2172.29
VG02013,P00193,2024-05-20,Belo Horizonte,Treinamento,Concluída,1717.18
VG02014,P00721,2024-04-20,São Paulo,Cliente,Concluída,825.04
VG02015,P00218,2026-04-20,Rio de Janeiro,Auditoria,Concluída,807.79
VG02016,P00711,2025-03-09,Curitiba,Cliente,Concluída,1545.79
VG02017,P00010,2025-12-16,Rio de Janeiro,Treinamento,Concluída,560.52
VG02018,P00276,2025-12-14,Curitiba,Treinamento,Em análise,8134.25
VG02019,P00745,2024-10-01,São Paulo,Cliente,Concluída,2541.5
VG02020,P00193,2026-02-01,Belo Horizonte,Projeto,Concluída,1153.42
VG02021,P00545,2024-02-25,Curitiba,Treinamento,Aprovada,3625.96
VG02022,P00612,2026-04-29,Belo Horizonte,Cliente,Concluída,2927.74
VG02023,P00364,2024-11-27,Curitiba,Auditoria,Concluída,1062.78
VG02024,P00757,2025-08-31,Campinas,Fornecedor,Concluída,858.55
VG02025,P00797,2024-11-20,Belo Horizonte,Fornecedor,Aprovada,2138.04
VG02026,P00224,2026-07-18,Belo Horizonte,Cliente,Concluída,3562.09
VG02027,P00328,2025-07-29,Rio de Janeiro,Treinamento,Concluída,800.38
VG02028,P00011,2024-12-20,São Paulo,Auditoria,Concluída,1378.25
VG02029,P00795,2024-10-24,Belo Horizonte,Projeto,Concluída,3651.33
VG02030,P00501,2024-12-16,Belo Horizonte,Auditoria,Concluída,4025.36
VG02031,P00125,2025-02-26,Belo Horizonte,Fornecedor,Concluída,2895.98
VG02032,P00532,2026-01-10,São Paulo,Auditoria,Concluída,3790.99
VG02033,P00450,2026-07-10,Curitiba,Projeto,Concluída,1538.37
VG02034,P00349,2025-02-27,São Paulo,Fornecedor,Aprovada,792.81
VG02035,P00747,2025-07-18,Belo Horizonte,Projeto,Aprovada,3406.23
VG02036,P00588,2026-07-31,São Paulo,Treinamento,Cancelada,1502.21
VG02037,P00746,2024-01-15,Curitiba,Cliente,Concluída,1215.45
VG02038,P00482,2024-02-23,Rio de Janeiro,Fornecedor,Concluída,1487.69
VG02039,P00361,2025-06-17,Curitiba,Auditoria,Em análise,715.82
VG02040,P00143,2026-06-20,Belo Horizonte,Fornecedor,Concluída,1763.09
VG02041,P00899,2024-03-07,Campinas,Cliente,Concluída,1003.05
VG02042,P00189,2025-11-02,Belo Horizonte,Auditoria,Concluída,1025.45
VG02043,P00879,2025-09-15,Belo Horizonte,Cliente,Concluída,1575.85
VG02044,P00850,2024-05-09,Belo Horizonte,Cliente,Em análise,966.64
VG02045,P00260,2026-07-26,São Paulo,Projeto,Concluída,7150.1
VG02046,P00839,2025-12-06,Curitiba,Treinamento,Concluída,1549.88
VG02047,P00590,2025-12-03,Belo Horizonte,Auditoria,Concluída,1377.51
VG02048,P00295,2024-01-02,São Paulo,Fornecedor,Concluída,1985.99
VG02049,P00601,2025-09-26,Rio de Janeiro,Auditoria,Cancelada,2498.87
VG02050,P00818,2025-03-11,Curitiba,Cliente,Concluída,1391.05
VG02051,P00622,2024-08-30,Rio de Janeiro,Projeto,Concluída,1384.75
VG02052,P00739,2024-05-23,Curitiba,Fornecedor,Concluída,2156.68
VG02053,P00603,2026-01-25,São Paulo,Cliente,Concluída,899.33
VG02054,P00335,2026-01-08,Rio de Janeiro,Treinamento,Concluída,1156.14
VG02055,P00777,2024-12-07,Rio de Janeiro,Auditoria,Concluída,1355.62
VG02056,P00340,2024-05-17,Curitiba,Fornecedor,Cancelada,641.72
VG02057,P00613,2025-03-14,São Paulo,Projeto,Concluída,2358.33
VG02058,P00657,2024-09-22,Curitiba,Projeto,Cancelada,1363.12
VG02059,P00019,2026-03-13,Curitiba,Auditoria,Concluída,467.31
VG02060,P00185,2026-02-06,Belo Horizonte,Fornecedor,Concluída,1257.95
VG02061,P00784,2026-02-06,Campinas,Treinamento,Cancelada,1228.6
VG02062,P00411,2025-01-01,Belo Horizonte,Projeto,Concluída,4902.57
VG02063,P00461,2025-06-20,Rio de Janeiro,Treinamento,Concluída,947.09
VG02064,P00612,2026-06-08,Campinas,Cliente,Concluída,813.92
VG02065,P00851,2026-06-01,Curitiba,Auditoria,Concluída,1622.32
VG02066,P00747,2026-01-10,Rio de Janeiro,Auditoria,Concluída,2253.37
VG02067,P00065,2026-07-08,Belo Horizonte,Projeto,Concluída,1188.44
VG02068,P00020,2025-11-21,Belo Horizonte,Fornecedor,Concluída,4147.75
VG02069,P00152,2025-08-23,Campinas,Auditoria,Concluída,1612.18
VG02070,P00035,2026-02-19,São Paulo,Auditoria,Concluída,1578.77
VG02071,P00285,2025-01-04,Belo Horizonte,Projeto,Aprovada,923.41
VG02072,P00422,2025-03-06,Rio de Janeiro,Fornecedor,Concluída,1628.15
VG02073,P00560,2024-01-09,Campinas,Projeto,Concluída,1379.59
VG02074,P00564,2024-08-27,Campinas,Treinamento,Cancelada,2473.4
VG02075,P00518,2026-06-02,Curitiba,Projeto,Concluída,1185.04
VG02076,P00693,2024-05-10,Rio de Janeiro,Fornecedor,Em análise,4094.57
VG02077,P00200,2024-05-10,Rio de Janeiro,Projeto,Concluída,1100.86
VG02078,P00584,2026-04-27,Belo Horizonte,Auditoria,Em análise,254.33
VG02079,P00183,2025-05-30,Curitiba,Fornecedor,Concluída,3195.04
VG02080,P00884,2026-03-19,Campinas,Auditoria,Concluída,1379.93
VG02081,P00561,2026-06-10,Belo Horizonte,Auditoria,Em análise,4526.7
VG02082,P00169,2025-11-30,Curitiba,Projeto,Em análise,2256.01
VG02083,P00237,2025-05-25,Campinas,Fornecedor,Concluída,2320.39
VG02084,P00592,2026-07-23,Campinas,Fornecedor,Em análise,832.42
VG02085,P00100,2025-04-30,Rio de Janeiro,Cliente,Concluída,2457.92
VG02086,P00231,2026-07-21,Campinas,Cliente,Concluída,2156.72
VG02087,P00103,2026-01-22,Belo Horizonte,Fornecedor,Em análise,1913.41
VG02088,P00549,2025-05-04,Belo Horizonte,Projeto,Concluída,3515.71
VG02089,P00427,2024-01-05,São Paulo,Treinamento,Aprovada,3596.53
VG02090,P00809,2025-04-30,São Paulo,Projeto,Concluída,3802.74
VG02091,P00590,2025-05-29,São Paulo,Auditoria,Aprovada,4250.6
VG02092,P00586,2025-10-09,São Paulo,Treinamento,Concluída,686.49
VG02093,P00636,2025-07-08,Curitiba,Cliente,Aprovada,2924.98
VG02094,P00326,2026-04-02,Campinas,Auditoria,Concluída,2907.9
VG02095,P00452,2026-07-28,Rio de Janeiro,Treinamento,Concluída,2627.45
VG02096,P00189,2026-06-18,Curitiba,Treinamento,Concluída,1248.56
VG02097,P00148,2026-03-02,Rio de Janeiro,Auditoria,Concluída,2041.33
VG02098,P00196,2026-02-18,Campinas,Auditoria,Concluída,1135.35
VG02099,P00443,2026-06-25,Rio de Janeiro,Projeto,Cancelada,2012.28
VG02100,P00191,2025-01-28,São Paulo,Projeto,Concluída,3211.65
VG02101,P00784,2024-03-24,São Paulo,Cliente,Concluída,773.69
VG02102,P00526,2025-09-11,Belo Horizonte,Treinamento,Concluída,2883.79
VG02103,P00811,2024-09-23,Rio de Janeiro,Treinamento,Concluída,1945.65
VG02104,P00062,2024-01-02,Rio de Janeiro,Projeto,Concluída,1789.76
VG02105,P00632,2025-03-24,São Paulo,Auditoria,Concluída,1317.08
VG02106,P00461,2025-11-26,Rio de Janeiro,Projeto,Concluída,2471.51
VG02107,P00296,2024-06-13,Belo Horizonte,Treinamento,Concluída,1827.6
VG02108,P00350,2025-07-14,Belo Horizonte,Auditoria,Cancelada,2474.66
VG02109,P00858,2025-01-09,Belo Horizonte,Auditoria,Concluída,1016.39
VG02110,P00781,2025-01-28,Belo Horizonte,Treinamento,Concluída,674.04
VG02111,P00013,2024-10-21,São Paulo,Cliente,Cancelada,1169.96
VG02112,P00121,2024-01-07,São Paulo,Treinamento,Concluída,1424.83
VG02113,P00895,2024-12-15,São Paulo,Auditoria,Concluída,2888.61
VG02114,P00761,2024-11-15,São Paulo,Cliente,Concluída,756.23
VG02115,P00309,2025-05-09,Curitiba,Fornecedor,Concluída,1410.11
VG02116,P00140,2024-12-31,São Paulo,Treinamento,Concluída,3040.38
VG02117,P00406,2026-02-25,Campinas,Auditoria,Concluída,1308.94
VG02118,P00398,2024-12-18,Rio de Janeiro,Auditoria,Concluída,4455.06
VG02119,P00583,2025-01-04,São Paulo,Fornecedor,Concluída,1740.5
VG02120,P00560,2025-01-11,Belo Horizonte,Fornecedor,Aprovada,1513.04
VG02121,P00828,2024-01-28,Belo Horizonte,Treinamento,Concluída,2507.21
VG02122,P00266,2026-07-22,São Paulo,Cliente,Concluída,1479.68
VG02123,P00402,2024-02-10,Rio de Janeiro,Fornecedor,Concluída,1258.48
VG02124,P00888,2026-07-06,Belo Horizonte,Projeto,Concluída,3612.21
VG02125,P00897,2024-06-25,Rio de Janeiro,Treinamento,Concluída,2396.72
VG02126,P00575,2025-01-09,Campinas,Projeto,Concluída,3838.72
VG02127,P00129,2025-07-10,Curitiba,Auditoria,Concluída,5706.22
VG02128,P00253,2024-09-27,São Paulo,Fornecedor,Concluída,694.54
VG02129,P00364,2026-06-24,Rio de Janeiro,Fornecedor,Concluída,1270.84
VG02130,P00042,2026-03-12,Belo Horizonte,Treinamento,Concluída,1237.3
VG02131,P00671,2024-06-30,São Paulo,Treinamento,Aprovada,1072.13
VG02132,P00044,2025-04-08,Belo Horizonte,Projeto,Aprovada,565.18
VG02133,P00203,2026-01-08,Campinas,Auditoria,Cancelada,667.53
VG02134,P00271,2024-11-28,Campinas,Projeto,Concluída,4489.34
VG02135,P00749,2024-08-12,São Paulo,Treinamento,Em análise,4084.37
VG02136,P00279,2025-10-29,Rio de Janeiro,Cliente,Cancelada,3355.91
VG02137,P00130,2026-07-21,São Paulo,Auditoria,Concluída,1081.88
VG02138,P00212,2024-07-01,Rio de Janeiro,Cliente,Em análise,944.63
VG02139,P00311,2026-01-25,Belo Horizonte,Projeto,Concluída,948.45
VG02140,P00223,2024-02-12,Curitiba,Auditoria,Concluída,536.95
VG02141,P00712,2024-12-30,Curitiba,Fornecedor,Concluída,1768.39
VG02142,P00177,2025-05-03,Curitiba,Auditoria,Concluída,1601.1
VG02143,P00301,2025-01-01,Belo Horizonte,Treinamento,Em análise,2124.84
VG02144,P00819,2026-01-26,São Paulo,Treinamento,Concluída,3057.2
VG02145,P00658,2026-03-28,Campinas,Treinamento,Aprovada,1688.4
VG02146,P00576,2025-10-24,Rio de Janeiro,Auditoria,Concluída,1158.64
VG02147,P00143,2026-05-29,Rio de Janeiro,Cliente,Concluída,1690.57
VG02148,P00763,2025-10-01,São Paulo,Treinamento,Concluída,2904.83
VG02149,P00085,2025-03-19,Curitiba,Auditoria,Em análise,1508.46
VG02150,P00463,2026-05-26,Curitiba,Auditoria,Concluída,2943.64
VG02151,P00839,2025-12-10,Curitiba,Treinamento,Concluída,1173.34
VG02152,P00169,2025-07-07,São Paulo,Cliente,Concluída,4804.7
VG02153,P00063,2025-02-17,Belo Horizonte,Treinamento,Concluída,1266.93
VG02154,P00167,2024-03-13,São Paulo,Cliente,Concluída,941.78
VG02155,P00598,2025-12-03,Curitiba,Auditoria,Concluída,1126.68
VG02156,P00722,2025-01-21,Campinas,Projeto,Concluída,1628.6
VG02157,P00866,2024-03-12,Rio de Janeiro,Fornecedor,Concluída,2647.21
VG02158,P00493,2024-07-02,Rio de Janeiro,Fornecedor,Aprovada,1359.78
VG02159,P00481,2026-01-04,Campinas,Fornecedor,Concluída,2902.47
VG02160,P00181,2024-03-19,Campinas,Fornecedor,Concluída,624.71
VG02161,P00126,2024-04-25,Curitiba,Fornecedor,Em análise,2819.91
VG02162,P00157,2024-03-02,Rio de Janeiro,Auditoria,Concluída,1718.25
VG02163,P00654,2025-08-23,Belo Horizonte,Cliente,Concluída,1718.93
VG02164,P00769,2024-12-07,Belo Horizonte,Auditoria,Concluída,891.73
VG02165,P00257,2025-09-23,Campinas,Cliente,Concluída,1904.56
VG02166,P00247,2025-08-06,Belo Horizonte,Treinamento,Concluída,1435.41
VG02167,P00566,2025-06-08,Campinas,Projeto,Aprovada,1949.23
VG02168,P00246,2024-07-31,Rio de Janeiro,Cliente,Concluída,961.36
VG02169,P00332,2025-07-11,São Paulo,Fornecedor,Concluída,1903.2
VG02170,P00794,2025-03-17,Curitiba,Cliente,Concluída,587.66
VG02171,P00881,2024-06-19,Rio de Janeiro,Cliente,Concluída,1738.37
VG02172,P00418,2024-11-28,Campinas,Projeto,Aprovada,3041.12
VG02173,P00446,2024-12-26,Belo Horizonte,Treinamento,Concluída,3522.42
VG02174,P00346,2026-07-29,Curitiba,Fornecedor,Concluída,2559.54
VG02175,P00023,2025-05-01,Curitiba,Treinamento,Concluída,811.44
VG02176,P00568,2026-01-18,Curitiba,Cliente,Concluída,1609.76
VG02177,P00241,2025-12-21,Belo Horizonte,Cliente,Concluída,1214.34
VG02178,P00464,2024-01-09,Curitiba,Treinamento,Concluída,1251.92
VG02179,P00727,2025-09-10,Curitiba,Projeto,Concluída,2805.5
VG02180,P00523,2025-07-03,Belo Horizonte,Projeto,Aprovada,1317.19
VG02181,P00545,2024-11-28,Rio de Janeiro,Fornecedor,Concluída,1550.77
VG02182,P00380,2025-10-08,São Paulo,Treinamento,Concluída,930.05
VG02183,P00520,2024-07-21,Campinas,Fornecedor,Concluída,4014.56
VG02184,P00476,2024-05-25,Curitiba,Cliente,Concluída,2345.75
VG02185,P00785,2025-11-01,Rio de Janeiro,Treinamento,Concluída,886.72
VG02186,P00110,2024-12-22,Curitiba,Cliente,Concluída,972.97
VG02187,P00560,2024-03-23,Curitiba,Projeto,Cancelada,1436.93
VG02188,P00229,2025-04-08,Belo Horizonte,Fornecedor,Concluída,5016.65
VG02189,P00614,2026-04-10,São Paulo,Treinamento,Concluída,1066.93
VG02190,P00155,2025-06-10,Curitiba,Auditoria,Cancelada,1180.92
VG02191,P00860,2024-05-15,São Paulo,Fornecedor,Concluída,1388.56
VG02192,P00695,2024-05-01,Rio de Janeiro,Cliente,Concluída,1509.11
VG02193,P00430,2024-11-04,Belo Horizonte,Auditoria,Em análise,1444.06
VG02194,P00331,2024-12-06,Belo Horizonte,Projeto,Em análise,984.79
VG02195,P00679,2026-02-01,Curitiba,Projeto,Cancelada,898.77
VG02196,P00545,2026-02-23,Curitiba,Auditoria,Concluída,1798.16
VG02197,P00038,2025-10-29,Rio de Janeiro,Treinamento,Concluída,4645.18
VG02198,P00143,2026-04-24,Belo Horizonte,Projeto,Concluída,436.1
VG02199,P00404,2026-02-10,Belo Horizonte,Treinamento,Em análise,2106.07
VG02200,P00663,2026-02-12,Campinas,Projeto,Concluída,3855.69
VG02201,P00363,2026-07-28,São Paulo,Fornecedor,Concluída,696.55
VG02202,P00630,2026-05-23,São Paulo,Cliente,Concluída,509.45
VG02203,P00883,2025-08-11,Belo Horizonte,Treinamento,Concluída,599.22
VG02204,P00454,2025-03-25,Campinas,Auditoria,Aprovada,1639.66
VG02205,P00852,2025-03-03,Curitiba,Fornecedor,Cancelada,1941.21
VG02206,P00083,2026-01-20,Rio de Janeiro,Fornecedor,Concluída,593.88
VG02207,P00679,2024-01-14,São Paulo,Cliente,Concluída,2724.38
VG02208,P00516,2025-07-17,Campinas,Fornecedor,Aprovada,1818.58
VG02209,P00051,2024-03-08,Campinas,Cliente,Aprovada,3492.24
VG02210,P00105,2025-01-27,Belo Horizonte,Cliente,Concluída,1604.9
VG02211,P00880,2025-06-09,Campinas,Projeto,Concluída,3682.62
VG02212,P00473,2024-01-25,Rio de Janeiro,Projeto,Concluída,1243.5
VG02213,P00123,2024-09-27,Campinas,Treinamento,Concluída,1511.84
VG02214,P00536,2025-02-21,Curitiba,Cliente,Aprovada,3995.57
VG02215,P00419,2024-12-31,São Paulo,Projeto,Aprovada,3241.75
VG02216,P00399,2024-12-20,Campinas,Cliente,Concluída,953.72
VG02217,P00709,2024-06-25,Curitiba,Auditoria,Concluída,1397.06
VG02218,P00560,2026-02-04,Rio de Janeiro,Fornecedor,Concluída,1315.23
VG02219,P00554,2026-07-11,Belo Horizonte,Auditoria,Concluída,550.64
VG02220,P00554,2024-03-19,Rio de Janeiro,Auditoria,Concluída,1999.25
VG02221,P00042,2025-05-30,Curitiba,Auditoria,Concluída,1165.15
VG02222,P00521,2026-07-10,Rio de Janeiro,Auditoria,Concluída,1140.11
VG02223,P00156,2025-11-22,São Paulo,Treinamento,Concluída,911.81
VG02224,P00583,2025-06-04,São Paulo,Treinamento,Aprovada,9241.6
VG02225,P00495,2026-05-17,Belo Horizonte,Fornecedor,Concluída,4607.99
VG02226,P00326,2024-11-14,Campinas,Auditoria,Concluída,1368.09
VG02227,P00367,2025-04-22,São Paulo,Treinamento,Em análise,1153.51
VG02228,P00293,2025-10-30,Campinas,Fornecedor,Concluída,1938.75
VG02229,P00028,2024-04-18,Curitiba,Fornecedor,Concluída,4795.31
VG02230,P00066,2025-06-18,Campinas,Cliente,Concluída,2344.91
VG02231,P00288,2025-11-21,Curitiba,Auditoria,Concluída,3464.44
VG02232,P00846,2026-03-31,Curitiba,Fornecedor,Concluída,2609.37
VG02233,P00236,2026-04-25,Campinas,Auditoria,Em análise,2101.16
VG02234,P00170,2026-02-25,São Paulo,Treinamento,Concluída,2176.79
VG02235,P00224,2024-04-27,Belo Horizonte,Fornecedor,Aprovada,1204.89
VG02236,P00626,2024-06-02,Campinas,Auditoria,Em análise,2154.83
VG02237,P00767,2026-06-20,Belo Horizonte,Auditoria,Concluída,2079.3
VG02238,P00040,2025-10-07,Campinas,Projeto,Concluída,2819.14
VG02239,P00397,2024-03-15,Rio de Janeiro,Projeto,Concluída,1254.26
VG02240,P00004,2025-03-06,Rio de Janeiro,Projeto,Concluída,5542.65
VG02241,P00610,2024-03-23,Campinas,Treinamento,Concluída,806.92
VG02242,P00256,2024-04-05,Rio de Janeiro,Projeto,Concluída,4192.05
VG02243,P00452,2024-08-30,Curitiba,Auditoria,Aprovada,723.75
VG02244,P00665,2025-09-05,Belo Horizonte,Auditoria,Aprovada,2561.31
VG02245,P00219,2024-09-12,Belo Horizonte,Auditoria,Aprovada,3838.01
VG02246,P00871,2025-02-09,Curitiba,Auditoria,Cancelada,722.84
VG02247,P00694,2025-10-19,São Paulo,Cliente,Aprovada,2673.43
VG02248,P00038,2026-05-05,São Paulo,Treinamento,Aprovada,2138.37
VG02249,P00266,2025-06-22,Campinas,Cliente,Concluída,2297.71
VG02250,P00084,2026-05-16,Curitiba,Treinamento,Concluída,2762.62
VG02251,P00670,2024-10-04,Rio de Janeiro,Treinamento,Concluída,1198.23
VG02252,P00054,2026-07-15,Rio de Janeiro,Auditoria,Cancelada,915.9
VG02253,P00590,2024-11-27,Rio de Janeiro,Projeto,Concluída,2255.7
VG02254,P00265,2024-06-02,Belo Horizonte,Auditoria,Concluída,2134.7
VG02255,P00071,2025-12-08,Rio de Janeiro,Cliente,Concluída,2902.37
VG02256,P00848,2026-05-14,São Paulo,Projeto,Aprovada,1850.33
VG02257,P00250,2025-04-26,Rio de Janeiro,Projeto,Concluída,423.16
VG02258,P00045,2024-09-14,São Paulo,Treinamento,Aprovada,3188.12
VG02259,P00650,2024-01-07,Rio de Janeiro,Cliente,Concluída,2240.8
VG02260,P00206,2024-06-06,Campinas,Treinamento,Concluída,1953.68
VG02261,P00721,2024-06-10,Belo Horizonte,Cliente,Concluída,2759.87
VG02262,P00442,2025-01-22,São Paulo,Treinamento,Concluída,1234.12
VG02263,P00428,2024-05-15,Rio de Janeiro,Cliente,Concluída,2520.82
VG02264,P00738,2024-03-30,Curitiba,Auditoria,Aprovada,1003.53
VG02265,P00242,2026-04-03,Rio de Janeiro,Fornecedor,Concluída,4278.6
VG02266,P00709,2024-04-10,Belo Horizonte,Fornecedor,Concluída,526.8
VG02267,P00760,2025-04-03,Campinas,Treinamento,Concluída,1225.29
VG02268,P00777,2024-02-14,Belo Horizonte,Cliente,Aprovada,3179.61
VG02269,P00305,2026-04-26,Belo Horizonte,Projeto,Cancelada,4218.12
VG02270,P00142,2025-05-09,Belo Horizonte,Auditoria,Concluída,2820.44
VG02271,P00733,2026-05-13,Curitiba,Projeto,Concluída,952.73
VG02272,P00641,2026-03-15,São Paulo,Treinamento,Cancelada,703.08
VG02273,P00571,2024-11-05,São Paulo,Cliente,Aprovada,1402.46
VG02274,P00404,2024-04-14,Curitiba,Fornecedor,Concluída,1901.77
VG02275,P00553,2026-04-09,Campinas,Fornecedor,Concluída,2014.86
VG02276,P00750,2024-02-25,Rio de Janeiro,Fornecedor,Aprovada,494.51
VG02277,P00643,2024-01-15,Belo Horizonte,Cliente,Em análise,2753.77
VG02278,P00065,2024-10-08,Rio de Janeiro,Treinamento,Cancelada,1225.11
VG02279,P00239,2024-12-13,São Paulo,Treinamento,Concluída,6234.64
VG02280,P00869,2025-07-27,Rio de Janeiro,Fornecedor,Concluída,1061.68
VG02281,P00112,2024-12-27,São Paulo,Cliente,Aprovada,1248.86
VG02282,P00068,2025-05-25,Campinas,Auditoria,Concluída,1127.98
VG02283,P00861,2025-11-10,Campinas,Fornecedor,Em análise,968.91
VG02284,P00223,2026-06-08,Rio de Janeiro,Treinamento,Aprovada,3155.97
VG02285,P00488,2026-03-29,São Paulo,Cliente,Concluída,2090.57
VG02286,P00325,2025-05-15,Campinas,Projeto,Concluída,1765.71
VG02287,P00231,2024-03-26,Belo Horizonte,Fornecedor,Concluída,2444.7
VG02288,P00900,2026-02-26,Curitiba,Auditoria,Em análise,827.44
VG02289,P00220,2024-02-14,Belo Horizonte,Auditoria,Aprovada,2238.1
VG02290,P00893,2024-04-23,Curitiba,Treinamento,Concluída,1362.96
VG02291,P00427,2026-07-22,Belo Horizonte,Fornecedor,Concluída,1261.98
VG02292,P00531,2025-07-12,São Paulo,Projeto,Concluída,5924.34
VG02293,P00858,2024-10-29,Belo Horizonte,Treinamento,Concluída,2226.07
VG02294,P00839,2025-01-14,São Paulo,Fornecedor,Concluída,558.68
VG02295,P00201,2025-05-20,Rio de Janeiro,Treinamento,Concluída,2432.63
VG02296,P00757,2026-01-22,Curitiba,Treinamento,Concluída,459.85
VG02297,P00308,2025-04-30,Campinas,Fornecedor,Concluída,2459.38
VG02298,P00387,2026-01-13,São Paulo,Fornecedor,Concluída,3338.62
VG02299,P00004,2024-10-04,Belo Horizonte,Projeto,Concluída,1131.58
VG02300,P00325,2024-04-06,Rio de Janeiro,Treinamento,Em análise,1242.37
VG02301,P00052,2024-03-18,Curitiba,Auditoria,Aprovada,2604.07
VG02302,P00256,2025-07-26,São Paulo,Treinamento,Aprovada,1582.45
VG02303,P00482,2025-08-21,São Paulo,Auditoria,Em análise,688.15
VG02304,P00717,2024-06-27,Curitiba,Projeto,Concluída,1772.56
VG02305,P00272,2024-02-17,Rio de Janeiro,Treinamento,Cancelada,3429.0
VG02306,P00348,2025-12-07,Belo Horizonte,Treinamento,Concluída,993.25
VG02307,P00450,2025-03-23,São Paulo,Projeto,Concluída,2066.09
VG02308,P00223,2025-12-10,Curitiba,Treinamento,Concluída,781.59
VG02309,P00454,2025-08-13,Rio de Janeiro,Fornecedor,Cancelada,2877.46
VG02310,P00580,2024-12-18,Curitiba,Fornecedor,Concluída,468.42
VG02311,P00458,2024-01-12,Curitiba,Treinamento,Concluída,3176.09
VG02312,P00401,2025-02-06,Curitiba,Fornecedor,Aprovada,1566.41
VG02313,P00729,2025-01-07,Rio de Janeiro,Treinamento,Concluída,977.39
VG02314,P00063,2024-01-29,Campinas,Fornecedor,Concluída,2264.11
VG02315,P00797,2025-01-01,Curitiba,Treinamento,Concluída,2583.9
VG02316,P00541,2024-10-04,Rio de Janeiro,Treinamento,Concluída,2961.07
VG02317,P00449,2026-02-22,Belo Horizonte,Cliente,Aprovada,1115.7
VG02318,P00381,2026-07-17,Curitiba,Fornecedor,Concluída,4507.75
VG02319,P00044,2025-10-27,Campinas,Auditoria,Concluída,1360.5
VG02320,P00309,2025-03-02,Curitiba,Treinamento,Aprovada,1003.42
VG02321,P00761,2024-12-10,São Paulo,Fornecedor,Concluída,2417.29
VG02322,P00563,2024-11-17,Rio de Janeiro,Cliente,Concluída,2164.9
VG02323,P00175,2025-08-04,Rio de Janeiro,Auditoria,Em análise,1816.01
VG02324,P00360,2026-05-18,Rio de Janeiro,Projeto,Concluída,2598.32
VG02325,P00109,2024-03-12,Rio de Janeiro,Treinamento,Concluída,1022.56
VG02326,P00339,2026-04-28,Belo Horizonte,Auditoria,Concluída,1174.28
VG02327,P00853,2025-11-23,Rio de Janeiro,Projeto,Em análise,706.03
VG02328,P00554,2024-10-01,Rio de Janeiro,Auditoria,Aprovada,1677.05
VG02329,P00021,2025-07-18,São Paulo,Projeto,Cancelada,1199.92
VG02330,P00436,2024-03-08,Curitiba,Projeto,Concluída,1591.36
VG02331,P00878,2026-04-02,Belo Horizonte,Projeto,Concluída,1496.31
VG02332,P00624,2025-03-25,Curitiba,Auditoria,Aprovada,1889.53
VG02333,P00854,2026-02-27,Rio de Janeiro,Projeto,Aprovada,2595.57
VG02334,P00843,2024-09-17,Curitiba,Treinamento,Concluída,2035.33
VG02335,P00822,2024-07-02,Campinas,Auditoria,Concluída,1998.38
VG02336,P00399,2024-12-27,Curitiba,Projeto,Aprovada,937.97
VG02337,P00752,2025-06-14,Belo Horizonte,Treinamento,Concluída,1558.56
VG02338,P00560,2025-01-29,São Paulo,Treinamento,Concluída,2873.07
VG02339,P00795,2025-07-04,Curitiba,Cliente,Aprovada,2316.88
VG02340,P00489,2024-03-24,Curitiba,Treinamento,Concluída,621.6
VG02341,P00639,2024-02-11,Rio de Janeiro,Treinamento,Concluída,1335.66
VG02342,P00529,2025-09-17,Belo Horizonte,Cliente,Concluída,1307.29
VG02343,P00136,2024-01-11,São Paulo,Projeto,Aprovada,957.59
VG02344,P00642,2026-01-29,Rio de Janeiro,Projeto,Concluída,3731.96
VG02345,P00197,2026-04-24,São Paulo,Fornecedor,Em análise,5764.21
VG02346,P00604,2024-10-08,Curitiba,Auditoria,Aprovada,2656.72
VG02347,P00348,2024-05-21,Curitiba,Fornecedor,Concluída,2166.91
VG02348,P00810,2025-10-31,Campinas,Projeto,Concluída,1506.97
VG02349,P00733,2024-05-29,Campinas,Cliente,Concluída,1381.06
VG02350,P00287,2024-09-29,Rio de Janeiro,Cliente,Concluída,1931.94
VG02351,P00810,2024-09-23,Rio de Janeiro,Auditoria,Concluída,229.49
VG02352,P00574,2024-07-02,São Paulo,Fornecedor,Concluída,1130.63
VG02353,P00513,2025-08-07,São Paulo,Auditoria,Concluída,3076.58
VG02354,P00058,2024-05-17,Curitiba,Auditoria,Concluída,3003.39
VG02355,P00487,2025-10-04,Curitiba,Auditoria,Concluída,873.0
VG02356,P00339,2025-11-07,Belo Horizonte,Cliente,Concluída,2516.76
VG02357,P00138,2026-06-27,São Paulo,Treinamento,Concluída,3578.63
VG02358,P00096,2025-01-30,Rio de Janeiro,Auditoria,Concluída,794.91
VG02359,P00817,2025-11-27,São Paulo,Auditoria,Concluída,982.25
VG02360,P00628,2025-02-24,Rio de Janeiro,Treinamento,Em análise,874.77
VG02361,P00190,2024-07-04,Campinas,Auditoria,Concluída,683.29
VG02362,P00055,2025-10-10,Curitiba,Auditoria,Em análise,425.61
VG02363,P00518,2024-02-22,Rio de Janeiro,Cliente,Aprovada,463.21
VG02364,P00279,2025-06-18,Belo Horizonte,Projeto,Concluída,4348.63
VG02365,P00346,2024-11-11,Curitiba,Treinamento,Concluída,2308.79
VG02366,P00513,2026-04-21,Belo Horizonte,Cliente,Aprovada,741.06
VG02367,P00851,2025-01-13,Curitiba,Fornecedor,Concluída,2541.05
VG02368,P00558,2025-12-20,Curitiba,Fornecedor,Concluída,865.31
VG02369,P00041,2024-12-24,Curitiba,Auditoria,Concluída,678.62
VG02370,P00025,2025-02-13,São Paulo,Treinamento,Concluída,1038.88
VG02371,P00291,2025-10-08,Curitiba,Cliente,Em análise,1114.9
VG02372,P00267,2025-08-01,Curitiba,Cliente,Concluída,933.25
VG02373,P00621,2025-09-26,Rio de Janeiro,Cliente,Concluída,1481.92
VG02374,P00775,2025-01-08,Belo Horizonte,Projeto,Concluída,1915.41
VG02375,P00111,2024-02-02,Rio de Janeiro,Projeto,Concluída,542.4
VG02376,P00260,2025-04-12,Belo Horizonte,Auditoria,Concluída,2691.92
VG02377,P00411,2025-10-07,Campinas,Auditoria,Concluída,1877.5
VG02378,P00686,2025-09-15,São Paulo,Auditoria,Cancelada,9203.98
VG02379,P00738,2025-10-29,Campinas,Projeto,Concluída,5338.16
VG02380,P00011,2026-04-02,Curitiba,Fornecedor,Concluída,8226.73
VG02381,P00086,2025-04-13,São Paulo,Treinamento,Aprovada,1567.17
VG02382,P00230,2025-03-19,Rio de Janeiro,Projeto,Concluída,555.94
VG02383,P00292,2025-11-02,São Paulo,Auditoria,Em análise,2100.58
VG02384,P00447,2024-07-04,São Paulo,Treinamento,Concluída,1231.3
VG02385,P00869,2025-05-27,São Paulo,Projeto,Concluída,2023.81
VG02386,P00465,2026-05-31,Campinas,Treinamento,Concluída,803.1
VG02387,P00126,2024-02-07,São Paulo,Fornecedor,Em análise,2863.01
VG02388,P00350,2026-04-22,Rio de Janeiro,Projeto,Concluída,1839.91
VG02389,P00382,2024-06-15,São Paulo,Projeto,Concluída,1434.74
VG02390,P00080,2026-03-20,Curitiba,Projeto,Concluída,3417.69
VG02391,P00177,2024-01-29,Rio de Janeiro,Fornecedor,Aprovada,794.87
VG02392,P00287,2024-05-28,São Paulo,Cliente,Concluída,3793.89
VG02393,P00640,2024-05-26,Rio de Janeiro,Auditoria,Concluída,672.81
VG02394,P00597,2024-08-23,São Paulo,Projeto,Em análise,429.69
VG02395,P00636,2025-05-20,Campinas,Projeto,Concluída,427.93
VG02396,P00665,2026-07-21,Belo Horizonte,Fornecedor,Concluída,1630.97
VG02397,P00768,2025-04-17,Curitiba,Treinamento,Cancelada,838.2
VG02398,P00805,2024-04-22,Curitiba,Treinamento,Concluída,1262.17
VG02399,P00020,2025-06-09,Belo Horizonte,Fornecedor,Concluída,421.62
VG02400,P00160,2024-09-01,Belo Horizonte,Projeto,Cancelada,1824.23
VG02401,P00395,2024-10-07,Curitiba,Treinamento,Cancelada,7494.58
VG02402,P00882,2026-04-20,São Paulo,Projeto,Concluída,865.9
VG02403,P00827,2025-03-01,Rio de Janeiro,Projeto,Concluída,1974.45
VG02404,P00501,2024-09-09,Curitiba,Projeto,Em análise,1436.19
VG02405,P00619,2026-05-25,São Paulo,Cliente,Concluída,591.88
VG02406,P00881,2024-10-16,Belo Horizonte,Fornecedor,Concluída,2730.17
VG02407,P00290,2025-06-30,Campinas,Fornecedor,Concluída,2052.95
VG02408,P00015,2024-05-31,Belo Horizonte,Cliente,Concluída,1502.36
VG02409,P00802,2024-03-28,Campinas,Fornecedor,Aprovada,3863.3
VG02410,P00599,2024-12-26,Belo Horizonte,Treinamento,Concluída,2989.11
VG02411,P00173,2026-05-31,Rio de Janeiro,Auditoria,Concluída,3312.79
VG02412,P00852,2025-04-04,Rio de Janeiro,Cliente,Aprovada,2050.1
VG02413,P00476,2025-06-16,Rio de Janeiro,Cliente,Aprovada,630.71
VG02414,P00449,2024-12-29,Belo Horizonte,Cliente,Cancelada,1904.33
VG02415,P00225,2025-07-08,Rio de Janeiro,Auditoria,Concluída,908.84
VG02416,P00868,2026-01-21,São Paulo,Treinamento,Aprovada,1752.34
VG02417,P00656,2026-03-16,Rio de Janeiro,Auditoria,Concluída,2289.03
VG02418,P00166,2024-05-31,São Paulo,Fornecedor,Concluída,1814.51
VG02419,P00799,2026-06-14,Campinas,Cliente,Em análise,2241.55
VG02420,P00640,2025-10-02,São Paulo,Auditoria,Concluída,1997.45
VG02421,P00024,2025-09-03,Curitiba,Fornecedor,Concluída,769.37
VG02422,P00524,2024-08-24,Campinas,Fornecedor,Concluída,689.27
VG02423,P00767,2024-06-24,Campinas,Auditoria,Concluída,2026.32
VG02424,P00589,2026-03-31,Belo Horizonte,Projeto,Concluída,1417.5
VG02425,P00229,2025-01-17,Campinas,Fornecedor,Cancelada,3176.68
VG02426,P00458,2026-06-19,Campinas,Projeto,Concluída,2064.35
VG02427,P00785,2024-09-08,Rio de Janeiro,Cliente,Concluída,1002.16
VG02428,P00780,2026-04-11,Campinas,Cliente,Concluída,1604.32
VG02429,P00501,2025-09-01,Rio de Janeiro,Auditoria,Concluída,1966.45
VG02430,P00232,2024-07-24,Rio de Janeiro,Projeto,Concluída,5158.66
VG02431,P00853,2024-03-19,Belo Horizonte,Projeto,Concluída,628.66
VG02432,P00268,2024-07-11,Curitiba,Treinamento,Concluída,1626.7
VG02433,P00239,2025-07-01,São Paulo,Auditoria,Concluída,6131.41
VG02434,P00502,2024-12-15,Curitiba,Fornecedor,Concluída,1068.36
VG02435,P00579,2024-03-13,Rio de Janeiro,Treinamento,Cancelada,2535.34
VG02436,P00387,2024-11-04,Curitiba,Cliente,Concluída,1005.03
VG02437,P00633,2025-05-04,Rio de Janeiro,Auditoria,Concluída,3368.07
VG02438,P00890,2025-12-03,Curitiba,Cliente,Concluída,2773.03
VG02439,P00834,2026-05-12,Campinas,Treinamento,Concluída,5328.95
VG02440,P00223,2025-04-19,São Paulo,Fornecedor,Concluída,808.23
VG02441,P00460,2025-11-14,Curitiba,Auditoria,Concluída,970.59
VG02442,P00384,2025-05-15,Curitiba,Treinamento,Concluída,1205.02
VG02443,P00735,2026-01-17,Curitiba,Auditoria,Concluída,3919.85
VG02444,P00762,2024-01-06,São Paulo,Auditoria,Aprovada,3640.35
VG02445,P00275,2025-06-03,Belo Horizonte,Fornecedor,Concluída,2643.41
VG02446,P00142,2025-04-08,São Paulo,Treinamento,Concluída,4106.31
VG02447,P00785,2026-01-17,Campinas,Cliente,Em análise,4972.34
VG02448,P00225,2024-08-03,São Paulo,Cliente,Concluída,491.35
VG02449,P00451,2024-05-12,Curitiba,Fornecedor,Aprovada,1245.77
VG02450,P00321,2025-09-08,Belo Horizonte,Fornecedor,Em análise,1119.85
VG02451,P00061,2025-01-23,Rio de Janeiro,Cliente,Concluída,1815.73
VG02452,P00449,2025-04-25,Rio de Janeiro,Projeto,Concluída,640.92
VG02453,P00136,2024-05-02,Rio de Janeiro,Cliente,Concluída,3370.28
VG02454,P00021,2025-02-16,Curitiba,Projeto,Aprovada,687.46
VG02455,P00176,2025-09-16,Curitiba,Auditoria,Concluída,1069.23
VG02456,P00585,2024-04-19,Rio de Janeiro,Treinamento,Aprovada,2253.76
VG02457,P00439,2025-06-10,Rio de Janeiro,Auditoria,Concluída,817.73
VG02458,P00433,2024-11-21,Campinas,Fornecedor,Concluída,1388.94
VG02459,P00019,2025-09-30,Curitiba,Projeto,Concluída,1485.09
VG02460,P00857,2024-01-01,Belo Horizonte,Projeto,Concluída,1594.05
VG02461,P00414,2025-06-02,Curitiba,Cliente,Concluída,4035.65
VG02462,P00853,2026-03-06,Rio de Janeiro,Projeto,Concluída,2019.91
VG02463,P00803,2025-10-20,São Paulo,Auditoria,Concluída,805.9
VG02464,P00740,2025-08-22,Campinas,Auditoria,Aprovada,2223.0
VG02465,P00715,2026-07-01,Curitiba,Auditoria,Aprovada,2720.26
VG02466,P00892,2024-08-06,Rio de Janeiro,Cliente,Concluída,3762.74
VG02467,P00089,2024-03-07,São Paulo,Cliente,Aprovada,2670.26
VG02468,P00267,2026-05-03,Rio de Janeiro,Auditoria,Concluída,821.88
VG02469,P00405,2026-04-27,Curitiba,Auditoria,Concluída,1643.81
VG02470,P00234,2025-08-10,Curitiba,Cliente,Concluída,963.54
VG02471,P00874,2026-05-15,São Paulo,Auditoria,Cancelada,2856.93
VG02472,P00383,2024-11-24,Curitiba,Cliente,Concluída,867.12
VG02473,P00411,2026-02-04,Curitiba,Fornecedor,Concluída,1394.73
VG02474,P00558,2024-04-14,São Paulo,Auditoria,Concluída,700.82
VG02475,P00470,2026-03-02,Rio de Janeiro,Cliente,Concluída,1447.16
VG02476,P00886,2024-06-29,Belo Horizonte,Projeto,Em análise,2359.08
VG02477,P00847,2024-06-09,Curitiba,Cliente,Aprovada,3038.18
VG02478,P00505,2025-09-02,Campinas,Cliente,Concluída,5023.13
VG02479,P00764,2024-03-27,São Paulo,Treinamento,Concluída,2913.76
VG02480,P00342,2026-01-28,Rio de Janeiro,Treinamento,Concluída,1512.93
VG02481,P00508,2024-05-24,Belo Horizonte,Treinamento,Em análise,4071.64
VG02482,P00658,2025-08-09,Rio de Janeiro,Fornecedor,Concluída,2468.71
VG02483,P00321,2026-02-01,Campinas,Treinamento,Concluída,2421.34
VG02484,P00541,2026-04-15,Belo Horizonte,Cliente,Aprovada,1953.61
VG02485,P00545,2025-11-01,Rio de Janeiro,Treinamento,Aprovada,1673.61
VG02486,P00244,2024-11-05,Belo Horizonte,Treinamento,Concluída,1626.98
VG02487,P00528,2025-06-14,São Paulo,Treinamento,Concluída,812.94
VG02488,P00345,2025-04-10,São Paulo,Projeto,Cancelada,3637.18
VG02489,P00269,2026-04-20,Rio de Janeiro,Fornecedor,Aprovada,4050.38
VG02490,P00224,2024-07-22,Curitiba,Cliente,Concluída,3671.89
VG02491,P00831,2024-05-24,Rio de Janeiro,Fornecedor,Aprovada,1376.29
VG02492,P00334,2025-07-19,Curitiba,Cliente,Concluída,493.36
VG02493,P00844,2025-11-02,São Paulo,Treinamento,Cancelada,1556.93
VG02494,P00641,2025-11-07,Rio de Janeiro,Projeto,Concluída,1255.86
VG02495,P00708,2026-03-26,Belo Horizonte,Auditoria,Em análise,3418.4
VG02496,P00504,2025-05-31,Curitiba,Fornecedor,Concluída,5234.53
VG02497,P00540,2024-02-22,São Paulo,Treinamento,Concluída,3059.88
VG02498,P00781,2025-08-05,Curitiba,Auditoria,Cancelada,2040.59
VG02499,P00378,2024-01-10,São Paulo,Auditoria,Concluída,1724.69
VG02500,P00744,2025-03-22,Rio de Janeiro,Auditoria,Concluída,1318.29
VG02501,P00002,2025-12-16,São Paulo,Projeto,Concluída,2224.04
VG02502,P00158,2025-05-07,São Paulo,Fornecedor,Aprovada,5101.77
VG02503,P00216,2026-05-21,Campinas,Treinamento,Concluída,1762.25
VG02504,P00536,2026-05-24,Rio de Janeiro,Auditoria,Cancelada,2026.48
VG02505,P00266,2025-05-26,Belo Horizonte,Auditoria,Concluída,2002.37
VG02506,P00078,2026-07-06,Belo Horizonte,Cliente,Concluída,3945.37
VG02507,P00030,2024-10-10,Rio de Janeiro,Cliente,Concluída,4890.4
VG02508,P00885,2024-10-19,Belo Horizonte,Treinamento,Concluída,1677.42
VG02509,P00335,2026-05-26,Belo Horizonte,Auditoria,Aprovada,2968.89
VG02510,P00374,2025-09-25,Curitiba,Treinamento,Concluída,2628.1
VG02511,P00727,2024-02-20,Belo Horizonte,Auditoria,Concluída,602.77
VG02512,P00758,2025-06-08,Rio de Janeiro,Cliente,Concluída,2693.31
VG02513,P00630,2026-02-02,Campinas,Cliente,Cancelada,740.83
VG02514,P00373,2025-10-22,Curitiba,Fornecedor,Concluída,2795.76
VG02515,P00586,2024-01-13,Campinas,Fornecedor,Aprovada,4889.23
VG02516,P00577,2024-12-23,Rio de Janeiro,Fornecedor,Concluída,1840.58
VG02517,P00074,2025-12-06,Campinas,Treinamento,Concluída,1853.01
VG02518,P00166,2025-04-30,Belo Horizonte,Cliente,Concluída,1294.22
VG02519,P00180,2024-06-03,Belo Horizonte,Auditoria,Cancelada,1016.52
VG02520,P00133,2024-07-14,Rio de Janeiro,Auditoria,Concluída,555.93
VG02521,P00495,2026-02-21,Rio de Janeiro,Projeto,Concluída,1166.03
VG02522,P00866,2024-03-28,Belo Horizonte,Fornecedor,Concluída,2154.77
VG02523,P00697,2024-02-20,São Paulo,Treinamento,Concluída,1589.5
VG02524,P00417,2026-06-19,Rio de Janeiro,Treinamento,Concluída,807.03
VG02525,P00003,2025-10-30,Curitiba,Treinamento,Cancelada,2967.43
VG02526,P00601,2026-02-20,São Paulo,Auditoria,Concluída,4510.45
VG02527,P00547,2026-04-03,Curitiba,Projeto,Cancelada,3835.67
VG02528,P00732,2025-12-17,Curitiba,Cliente,Concluída,2243.47
VG02529,P00681,2025-03-19,Campinas,Projeto,Cancelada,1510.83
VG02530,P00408,2025-10-11,São Paulo,Fornecedor,Em análise,1149.46
VG02531,P00470,2026-03-27,Curitiba,Projeto,Concluída,1908.27
VG02532,P00408,2025-05-11,Campinas,Treinamento,Concluída,864.49
VG02533,P00600,2025-01-03,Curitiba,Projeto,Concluída,2167.35
VG02534,P00014,2024-11-27,Curitiba,Auditoria,Em análise,797.37
VG02535,P00470,2024-01-23,Curitiba,Auditoria,Concluída,1157.04
VG02536,P00191,2025-07-04,São Paulo,Auditoria,Aprovada,1356.17
VG02537,P00314,2025-01-13,Rio de Janeiro,Fornecedor,Aprovada,2247.42
VG02538,P00331,2024-04-13,São Paulo,Auditoria,Cancelada,865.05
VG02539,P00143,2024-04-28,Curitiba,Auditoria,Aprovada,2544.47
VG02540,P00090,2024-03-04,Rio de Janeiro,Projeto,Concluída,1912.22
VG02541,P00138,2025-08-27,Belo Horizonte,Cliente,Concluída,3186.68
VG02542,P00238,2025-01-27,Curitiba,Cliente,Em análise,1227.97
VG02543,P00251,2024-04-06,Belo Horizonte,Cliente,Concluída,3395.54
VG02544,P00592,2025-03-31,Campinas,Cliente,Concluída,1769.55
VG02545,P00279,2025-06-26,São Paulo,Cliente,Concluída,1123.71
VG02546,P00470,2024-08-10,Campinas,Treinamento,Aprovada,1086.14
VG02547,P00751,2025-06-30,Campinas,Fornecedor,Concluída,935.81
VG02548,P00664,2025-08-16,Rio de Janeiro,Treinamento,Concluída,1593.89
VG02549,P00364,2026-04-14,Curitiba,Treinamento,Concluída,1297.72
VG02550,P00849,2026-07-10,Curitiba,Projeto,Concluída,1892.91
VG02551,P00633,2024-05-10,Rio de Janeiro,Treinamento,Concluída,755.15
VG02552,P00183,2025-08-23,Curitiba,Fornecedor,Concluída,2652.83
VG02553,P00184,2026-07-09,São Paulo,Treinamento,Concluída,2045.17
VG02554,P00549,2025-05-05,Rio de Janeiro,Auditoria,Em análise,1007.88
VG02555,P00287,2025-04-06,Rio de Janeiro,Auditoria,Concluída,1982.86
VG02556,P00150,2025-04-03,Rio de Janeiro,Auditoria,Concluída,1196.07
VG02557,P00720,2026-06-03,Belo Horizonte,Cliente,Concluída,1302.61
VG02558,P00156,2025-09-17,Curitiba,Treinamento,Em análise,2750.55
VG02559,P00182,2024-12-08,Belo Horizonte,Projeto,Concluída,1732.38
VG02560,P00064,2024-02-22,Campinas,Auditoria,Aprovada,2411.49
VG02561,P00726,2024-12-27,Campinas,Treinamento,Em análise,977.34
VG02562,P00766,2024-11-11,São Paulo,Treinamento,Concluída,4029.82
VG02563,P00793,2025-08-22,Belo Horizonte,Projeto,Concluída,1202.63
VG02564,P00034,2024-01-11,Belo Horizonte,Projeto,Concluída,711.17
VG02565,P00261,2026-01-24,Rio de Janeiro,Treinamento,Concluída,1962.54
VG02566,P00509,2024-08-22,Rio de Janeiro,Treinamento,Aprovada,1182.86
VG02567,P00569,2024-07-25,São Paulo,Fornecedor,Concluída,1364.72
VG02568,P00800,2024-03-24,Campinas,Projeto,Concluída,1942.64
VG02569,P00176,2026-06-21,Campinas,Projeto,Aprovada,2473.22
VG02570,P00193,2024-10-16,Curitiba,Projeto,Concluída,1108.72
VG02571,P00249,2026-05-24,São Paulo,Fornecedor,Concluída,2345.95
VG02572,P00388,2024-07-08,Campinas,Cliente,Cancelada,1376.47
VG02573,P00539,2024-06-24,Rio de Janeiro,Treinamento,Concluída,4606.0
VG02574,P00424,2026-03-26,Belo Horizonte,Treinamento,Concluída,3271.98
VG02575,P00273,2024-05-29,Rio de Janeiro,Cliente,Em análise,4519.55
VG02576,P00355,2026-03-20,Rio de Janeiro,Auditoria,Concluída,2005.84
VG02577,P00114,2026-02-25,São Paulo,Treinamento,Concluída,1418.15
VG02578,P00452,2026-01-23,Belo Horizonte,Cliente,Aprovada,2020.9
VG02579,P00400,2025-07-10,São Paulo,Treinamento,Concluída,896.07
VG02580,P00493,2025-09-30,Rio de Janeiro,Auditoria,Concluída,827.54
VG02581,P00615,2026-01-19,São Paulo,Fornecedor,Concluída,1336.94
VG02582,P00677,2025-06-09,Curitiba,Fornecedor,Concluída,1705.66
VG02583,P00196,2026-01-12,Curitiba,Fornecedor,Concluída,1171.17
VG02584,P00299,2024-06-19,Curitiba,Projeto,Aprovada,3078.89
VG02585,P00480,2025-10-27,São Paulo,Treinamento,Aprovada,1726.04
VG02586,P00423,2026-06-13,São Paulo,Fornecedor,Concluída,2760.87
VG02587,P00016,2026-05-01,Rio de Janeiro,Fornecedor,Aprovada,1323.18
VG02588,P00285,2024-02-05,Campinas,Projeto,Concluída,2062.8
VG02589,P00853,2024-09-09,Belo Horizonte,Cliente,Concluída,2684.11
VG02590,P00552,2026-04-01,Campinas,Fornecedor,Concluída,1092.42
VG02591,P00028,2024-11-23,Rio de Janeiro,Projeto,Concluída,1360.57
VG02592,P00533,2026-07-11,Belo Horizonte,Projeto,Concluída,2284.24
VG02593,P00840,2025-02-12,Campinas,Projeto,Concluída,2827.74
VG02594,P00442,2026-02-23,Rio de Janeiro,Projeto,Cancelada,1478.91
VG02595,P00390,2025-07-09,Campinas,Auditoria,Aprovada,3293.59
VG02596,P00666,2025-06-17,Campinas,Treinamento,Concluída,788.64
VG02597,P00748,2025-08-26,Campinas,Fornecedor,Concluída,871.2
VG02598,P00376,2026-01-04,Curitiba,Projeto,Aprovada,3983.64
VG02599,P00774,2026-01-10,Curitiba,Cliente,Concluída,1497.39
VG02600,P00010,2024-01-16,Belo Horizonte,Projeto,Concluída,1019.27
VG02601,P00428,2024-08-20,Belo Horizonte,Fornecedor,Concluída,638.14
VG02602,P00440,2025-12-25,Curitiba,Treinamento,Em análise,1139.52
VG02603,P00575,2026-03-10,São Paulo,Cliente,Concluída,606.39
VG02604,P00855,2026-02-21,Curitiba,Projeto,Concluída,1322.26
VG02605,P00579,2026-01-31,Campinas,Treinamento,Concluída,2192.32
VG02606,P00280,2026-06-02,Belo Horizonte,Projeto,Concluída,2013.58
VG02607,P00645,2024-03-14,Curitiba,Fornecedor,Concluída,2596.0
VG02608,P00467,2025-08-09,São Paulo,Treinamento,Concluída,2320.53
VG02609,P00385,2024-10-28,Rio de Janeiro,Projeto,Concluída,2518.54
VG02610,P00451,2024-11-04,Curitiba,Projeto,Concluída,1267.75
VG02611,P00738,2025-04-26,Rio de Janeiro,Cliente,Concluída,1514.42
VG02612,P00007,2024-12-03,Belo Horizonte,Treinamento,Cancelada,4525.68
VG02613,P00177,2025-05-26,Rio de Janeiro,Projeto,Aprovada,2172.24
VG02614,P00204,2025-11-27,Curitiba,Treinamento,Concluída,2597.83
VG02615,P00890,2024-09-25,São Paulo,Treinamento,Concluída,6765.02
VG02616,P00568,2025-08-06,Curitiba,Cliente,Concluída,1134.28
VG02617,P00084,2025-04-14,Curitiba,Auditoria,Concluída,2086.39
VG02618,P00557,2025-08-05,Belo Horizonte,Fornecedor,Concluída,1206.33
VG02619,P00615,2024-09-25,Campinas,Projeto,Concluída,1215.1
VG02620,P00850,2024-01-10,Rio de Janeiro,Cliente,Cancelada,994.08
VG02621,P00310,2026-04-19,Rio de Janeiro,Fornecedor,Concluída,385.95
VG02622,P00848,2024-09-24,Campinas,Cliente,Concluída,2544.72
VG02623,P00863,2026-01-05,São Paulo,Projeto,Concluída,1304.25
VG02624,P00658,2024-09-06,São Paulo,Fornecedor,Concluída,4388.72
VG02625,P00439,2025-09-30,Campinas,Treinamento,Concluída,2556.47
VG02626,P00786,2025-07-13,São Paulo,Treinamento,Aprovada,1880.43
VG02627,P00437,2025-03-20,São Paulo,Cliente,Concluída,8469.19
VG02628,P00195,2025-01-12,Curitiba,Projeto,Concluída,1150.2
VG02629,P00420,2024-11-26,São Paulo,Projeto,Concluída,1555.54
VG02630,P00367,2024-10-16,Curitiba,Fornecedor,Concluída,1966.74
VG02631,P00736,2026-05-24,Rio de Janeiro,Projeto,Concluída,1531.62
VG02632,P00551,2024-03-12,Campinas,Treinamento,Concluída,5449.11
VG02633,P00549,2025-07-10,Belo Horizonte,Fornecedor,Concluída,1822.12
VG02634,P00216,2025-11-07,São Paulo,Auditoria,Aprovada,1152.64
VG02635,P00888,2026-05-23,Curitiba,Auditoria,Concluída,1164.51
VG02636,P00219,2025-11-16,Belo Horizonte,Fornecedor,Cancelada,2235.34
VG02637,P00417,2025-11-30,Rio de Janeiro,Cliente,Cancelada,1459.88
VG02638,P00215,2024-05-17,Rio de Janeiro,Projeto,Concluída,3765.38
VG02639,P00724,2025-04-29,Curitiba,Projeto,Concluída,1770.18
VG02640,P00481,2026-03-31,Curitiba,Projeto,Concluída,2305.46
VG02641,P00207,2025-07-11,Rio de Janeiro,Auditoria,Concluída,2905.28
VG02642,P00502,2025-01-06,Rio de Janeiro,Projeto,Concluída,1320.81
VG02643,P00415,2025-08-22,Rio de Janeiro,Auditoria,Aprovada,1624.89
VG02644,P00351,2025-05-19,Rio de Janeiro,Fornecedor,Aprovada,689.5
VG02645,P00320,2024-03-28,São Paulo,Treinamento,Concluída,1961.65
VG02646,P00088,2024-08-07,Rio de Janeiro,Projeto,Cancelada,1462.52
VG02647,P00345,2024-09-28,Campinas,Treinamento,Concluída,1643.4
VG02648,P00604,2025-04-04,São Paulo,Fornecedor,Em análise,1924.38
VG02649,P00437,2025-07-17,Curitiba,Cliente,Concluída,1783.36
VG02650,P00352,2024-03-03,São Paulo,Projeto,Concluída,1069.01
VG02651,P00859,2024-06-15,Belo Horizonte,Fornecedor,Concluída,1521.84
VG02652,P00821,2024-10-28,Belo Horizonte,Treinamento,Concluída,563.52
VG02653,P00280,2025-05-29,São Paulo,Auditoria,Concluída,2275.56
VG02654,P00284,2024-02-21,Belo Horizonte,Cliente,Em análise,1724.72
VG02655,P00779,2024-06-28,Belo Horizonte,Treinamento,Concluída,1624.34
VG02656,P00197,2026-03-15,Curitiba,Fornecedor,Concluída,1286.11
VG02657,P00202,2026-04-24,Campinas,Fornecedor,Concluída,418.38
VG02658,P00352,2026-03-10,Campinas,Projeto,Aprovada,830.35
VG02659,P00542,2025-11-30,Belo Horizonte,Treinamento,Aprovada,956.43
VG02660,P00711,2024-01-12,Belo Horizonte,Projeto,Concluída,1420.45
VG02661,P00077,2025-07-17,Curitiba,Projeto,Concluída,2971.39
VG02662,P00568,2025-03-31,Rio de Janeiro,Fornecedor,Em análise,1757.81
VG02663,P00482,2025-02-16,São Paulo,Treinamento,Concluída,460.93
VG02664,P00293,2026-01-22,Rio de Janeiro,Treinamento,Concluída,1569.41
VG02665,P00376,2024-10-15,Curitiba,Projeto,Concluída,1687.89
VG02666,P00442,2025-09-17,Curitiba,Treinamento,Concluída,2465.75
VG02667,P00332,2025-05-24,Rio de Janeiro,Cliente,Concluída,939.07
VG02668,P00642,2025-01-01,Rio de Janeiro,Fornecedor,Concluída,1108.43
VG02669,P00292,2024-04-02,Belo Horizonte,Fornecedor,Concluída,2814.06
VG02670,P00015,2025-12-31,Campinas,Cliente,Concluída,943.59
VG02671,P00221,2025-06-29,Curitiba,Auditoria,Cancelada,5381.51
VG02672,P00530,2025-11-05,Curitiba,Fornecedor,Concluída,1496.91
VG02673,P00419,2024-10-30,Curitiba,Projeto,Concluída,1430.08
VG02674,P00769,2025-11-18,Curitiba,Treinamento,Concluída,2101.5
VG02675,P00270,2024-12-02,São Paulo,Cliente,Concluída,1237.57
VG02676,P00242,2026-04-20,Belo Horizonte,Treinamento,Concluída,808.3
VG02677,P00117,2024-03-08,Belo Horizonte,Cliente,Concluída,1596.16
VG02678,P00187,2024-06-30,Rio de Janeiro,Treinamento,Concluída,691.7
VG02679,P00633,2025-02-18,Rio de Janeiro,Cliente,Em análise,977.25
VG02680,P00715,2025-07-22,Rio de Janeiro,Fornecedor,Concluída,5685.7
VG02681,P00661,2025-01-16,Belo Horizonte,Projeto,Concluída,1861.34
VG02682,P00434,2024-05-11,São Paulo,Cliente,Concluída,2317.73
VG02683,P00825,2026-03-08,Rio de Janeiro,Projeto,Concluída,2184.48
VG02684,P00508,2024-05-22,São Paulo,Projeto,Em análise,1142.82
VG02685,P00184,2025-10-10,São Paulo,Fornecedor,Concluída,1805.46
VG02686,P00131,2026-01-06,Belo Horizonte,Projeto,Concluída,1419.68
VG02687,P00710,2026-07-08,Campinas,Auditoria,Concluída,3680.84
VG02688,P00372,2026-04-17,Belo Horizonte,Treinamento,Concluída,1109.99
VG02689,P00644,2025-12-18,Belo Horizonte,Auditoria,Concluída,1539.72
VG02690,P00308,2024-08-27,São Paulo,Treinamento,Concluída,1835.04
VG02691,P00112,2024-01-02,Campinas,Fornecedor,Concluída,1962.44
VG02692,P00080,2026-07-22,Campinas,Treinamento,Concluída,2666.44
VG02693,P00594,2025-03-22,Campinas,Fornecedor,Concluída,1134.73
VG02694,P00540,2024-10-02,Rio de Janeiro,Projeto,Concluída,903.02
VG02695,P00823,2024-02-29,Rio de Janeiro,Cliente,Concluída,2450.59
VG02696,P00410,2025-12-05,Curitiba,Auditoria,Concluída,1439.49
VG02697,P00715,2024-02-02,Curitiba,Projeto,Concluída,2010.33
VG02698,P00346,2025-12-17,São Paulo,Projeto,Concluída,1493.58
VG02699,P00531,2025-08-25,Belo Horizonte,Auditoria,Concluída,2464.4
VG02700,P00047,2025-05-22,São Paulo,Fornecedor,Concluída,3912.53
VG02701,P00330,2026-05-24,Curitiba,Cliente,Concluída,3501.63
VG02702,P00511,2024-12-27,São Paulo,Treinamento,Concluída,2112.88
VG02703,P00474,2025-10-30,Campinas,Auditoria,Concluída,1342.38
VG02704,P00352,2026-01-29,São Paulo,Auditoria,Concluída,2011.32
VG02705,P00862,2026-06-27,Campinas,Projeto,Concluída,2354.25
VG02706,P00507,2025-12-18,Rio de Janeiro,Projeto,Aprovada,812.46
VG02707,P00132,2024-08-31,São Paulo,Cliente,Concluída,592.93
VG02708,P00192,2024-07-28,Campinas,Treinamento,Concluída,809.21
VG02709,P00646,2024-11-23,São Paulo,Treinamento,Concluída,1525.21
VG02710,P00099,2024-04-08,Curitiba,Auditoria,Concluída,1803.16
VG02711,P00551,2025-06-08,Campinas,Fornecedor,Concluída,846.55
VG02712,P00169,2026-03-29,Curitiba,Treinamento,Aprovada,1316.4
VG02713,P00150,2026-06-27,São Paulo,Fornecedor,Concluída,542.3
VG02714,P00578,2026-03-24,Belo Horizonte,Auditoria,Cancelada,3201.53
VG02715,P00884,2024-10-29,Belo Horizonte,Fornecedor,Concluída,2394.0
VG02716,P00308,2025-01-09,Rio de Janeiro,Cliente,Concluída,7460.09
VG02717,P00844,2025-11-08,Campinas,Fornecedor,Em análise,710.19
VG02718,P00186,2024-08-25,Belo Horizonte,Projeto,Concluída,1895.64
VG02719,P00345,2025-08-13,Campinas,Projeto,Cancelada,2114.16
VG02720,P00615,2026-07-27,Curitiba,Auditoria,Concluída,2724.23
VG02721,P00760,2024-08-25,Curitiba,Fornecedor,Concluída,1934.53
VG02722,P00731,2024-07-06,Campinas,Fornecedor,Aprovada,4807.12
VG02723,P00712,2025-09-10,São Paulo,Cliente,Em análise,287.56
VG02724,P00361,2026-07-04,São Paulo,Auditoria,Concluída,2903.02
VG02725,P00017,2026-05-30,Belo Horizonte,Cliente,Concluída,2023.78
VG02726,P00111,2025-01-25,Rio de Janeiro,Fornecedor,Concluída,5193.38
VG02727,P00128,2024-06-14,Belo Horizonte,Cliente,Concluída,2060.09
VG02728,P00033,2025-08-08,Campinas,Treinamento,Concluída,1626.21
VG02729,P00638,2024-01-31,Curitiba,Cliente,Concluída,1375.6
VG02730,P00266,2025-10-12,Curitiba,Fornecedor,Aprovada,1921.25
VG02731,P00818,2024-04-06,Rio de Janeiro,Fornecedor,Aprovada,1466.26
VG02732,P00404,2024-08-17,Belo Horizonte,Treinamento,Cancelada,8259.22
VG02733,P00422,2025-10-17,São Paulo,Auditoria,Concluída,466.9
VG02734,P00621,2025-12-04,Curitiba,Fornecedor,Concluída,4430.0
VG02735,P00242,2026-07-24,Belo Horizonte,Treinamento,Concluída,1333.95
VG02736,P00286,2025-11-22,Belo Horizonte,Treinamento,Concluída,3885.8
VG02737,P00037,2024-07-19,Curitiba,Projeto,Concluída,477.47
VG02738,P00679,2026-06-30,Belo Horizonte,Treinamento,Em análise,1137.99
VG02739,P00123,2025-04-09,Rio de Janeiro,Auditoria,Concluída,1088.05
VG02740,P00819,2024-12-13,São Paulo,Projeto,Concluída,1754.45
VG02741,P00268,2026-03-05,São Paulo,Auditoria,Cancelada,908.78
VG02742,P00113,2025-09-25,Rio de Janeiro,Treinamento,Concluída,4161.86
VG02743,P00892,2025-08-27,Belo Horizonte,Fornecedor,Concluída,2973.4
VG02744,P00872,2025-04-30,São Paulo,Fornecedor,Concluída,1047.59
VG02745,P00833,2025-12-05,Belo Horizonte,Fornecedor,Concluída,781.55
VG02746,P00713,2024-06-05,Campinas,Projeto,Concluída,1753.38
VG02747,P00049,2025-06-16,São Paulo,Cliente,Concluída,2474.52
VG02748,P00780,2024-08-18,Campinas,Auditoria,Concluída,942.85
VG02749,P00676,2025-04-30,Rio de Janeiro,Auditoria,Em análise,1966.24
VG02750,P00137,2026-04-16,Rio de Janeiro,Treinamento,Concluída,2325.87
VG02751,P00779,2026-06-13,Rio de Janeiro,Fornecedor,Concluída,1226.53
VG02752,P00470,2024-10-13,Belo Horizonte,Auditoria,Aprovada,996.06
VG02753,P00174,2026-05-24,Belo Horizonte,Cliente,Concluída,2967.37
VG02754,P00068,2024-07-31,São Paulo,Fornecedor,Aprovada,2012.19
VG02755,P00746,2024-08-09,Rio de Janeiro,Treinamento,Concluída,1251.19
VG02756,P00488,2025-08-05,Campinas,Treinamento,Aprovada,1003.95
VG02757,P00640,2026-02-18,Curitiba,Treinamento,Concluída,1212.7
VG02758,P00438,2024-03-16,Campinas,Projeto,Em análise,843.06
VG02759,P00083,2026-03-07,São Paulo,Fornecedor,Concluída,1311.1
VG02760,P00819,2024-10-28,Curitiba,Treinamento,Concluída,1665.49
VG02761,P00337,2024-02-23,Curitiba,Cliente,Concluída,1379.44
VG02762,P00294,2025-03-29,Belo Horizonte,Auditoria,Concluída,1513.52
VG02763,P00804,2025-02-26,São Paulo,Projeto,Aprovada,1540.59
VG02764,P00093,2024-08-04,Curitiba,Fornecedor,Concluída,4995.52
VG02765,P00737,2025-11-28,São Paulo,Cliente,Concluída,1608.46
VG02766,P00295,2025-06-24,Campinas,Cliente,Em análise,2093.68
VG02767,P00172,2025-02-09,Curitiba,Cliente,Aprovada,4125.4
VG02768,P00549,2024-01-14,Curitiba,Auditoria,Concluída,511.66
VG02769,P00530,2025-01-20,São Paulo,Projeto,Concluída,1594.32
VG02770,P00509,2024-07-24,São Paulo,Cliente,Cancelada,6094.0
VG02771,P00248,2025-02-11,Campinas,Treinamento,Concluída,1410.96
VG02772,P00388,2024-02-14,Rio de Janeiro,Auditoria,Aprovada,1022.99
VG02773,P00253,2025-02-25,Curitiba,Fornecedor,Concluída,1146.68
VG02774,P00404,2024-11-01,Belo Horizonte,Treinamento,Concluída,1124.32
VG02775,P00862,2025-12-05,São Paulo,Treinamento,Concluída,690.97
VG02776,P00874,2025-10-07,Campinas,Fornecedor,Concluída,5856.82
VG02777,P00120,2025-11-24,Rio de Janeiro,Treinamento,Concluída,2603.52
VG02778,P00472,2024-09-12,Rio de Janeiro,Cliente,Aprovada,1465.65
VG02779,P00608,2025-12-24,Campinas,Cliente,Concluída,2689.41
VG02780,P00697,2025-09-30,São Paulo,Auditoria,Aprovada,857.7
VG02781,P00164,2025-07-04,Curitiba,Fornecedor,Concluída,1989.1
VG02782,P00666,2024-03-13,Campinas,Treinamento,Concluída,715.83
VG02783,P00001,2025-02-03,Campinas,Cliente,Concluída,3152.74
VG02784,P00172,2024-02-05,São Paulo,Treinamento,Concluída,1306.97
VG02785,P00876,2024-07-06,Rio de Janeiro,Auditoria,Concluída,1126.88
VG02786,P00251,2025-07-20,Rio de Janeiro,Cliente,Aprovada,3111.0
VG02787,P00535,2025-01-11,Curitiba,Cliente,Aprovada,5741.85
VG02788,P00096,2025-05-18,Curitiba,Auditoria,Concluída,1293.47
VG02789,P00411,2025-12-01,Campinas,Cliente,Concluída,781.96
VG02790,P00232,2025-09-25,Curitiba,Auditoria,Concluída,1012.69
VG02791,P00597,2024-01-14,Curitiba,Auditoria,Concluída,2919.24
VG02792,P00064,2025-01-31,Rio de Janeiro,Fornecedor,Concluída,1977.14
VG02793,P00207,2024-03-25,Rio de Janeiro,Fornecedor,Concluída,2084.17
VG02794,P00836,2024-12-10,Rio de Janeiro,Fornecedor,Aprovada,1141.48
VG02795,P00422,2024-01-07,Belo Horizonte,Cliente,Concluída,3618.58
VG02796,P00710,2026-07-26,São Paulo,Cliente,Concluída,3675.52
VG02797,P00389,2025-11-04,São Paulo,Auditoria,Aprovada,784.91
VG02798,P00249,2024-06-10,Curitiba,Projeto,Concluída,1626.95
VG02799,P00188,2024-02-18,Belo Horizonte,Auditoria,Concluída,3018.12
VG02800,P00626,2025-06-06,Rio de Janeiro,Cliente,Concluída,486.89
VG02801,P00352,2026-03-14,São Paulo,Treinamento,Concluída,3752.9
VG02802,P00473,2024-10-04,Curitiba,Projeto,Aprovada,695.71
VG02803,P00067,2025-12-06,Rio de Janeiro,Cliente,Concluída,2030.79
VG02804,P00616,2025-01-27,Belo Horizonte,Projeto,Concluída,1046.54
VG02805,P00350,2026-01-26,Rio de Janeiro,Cliente,Concluída,1232.82
VG02806,P00091,2025-02-13,Belo Horizonte,Auditoria,Concluída,1244.65
VG02807,P00680,2024-09-19,São Paulo,Treinamento,Concluída,2299.92
VG02808,P00328,2025-06-09,Curitiba,Cliente,Concluída,1907.86
VG02809,P00624,2024-02-20,São Paulo,Treinamento,Cancelada,819.72
VG02810,P00251,2024-07-13,Rio de Janeiro,Fornecedor,Concluída,860.33
VG02811,P00635,2026-02-23,Rio de Janeiro,Fornecedor,Aprovada,1972.29
VG02812,P00268,2024-07-13,Belo Horizonte,Treinamento,Concluída,1525.63
VG02813,P00595,2025-08-06,Campinas,Projeto,Concluída,1785.31
VG02814,P00634,2025-04-02,Campinas,Cliente,Concluída,1754.93
VG02815,P00255,2025-01-21,Campinas,Cliente,Concluída,2855.37
VG02816,P00104,2025-12-06,Campinas,Fornecedor,Concluída,3671.04
VG02817,P00811,2025-09-14,Curitiba,Auditoria,Concluída,3342.79
VG02818,P00755,2025-03-28,Rio de Janeiro,Cliente,Concluída,988.02
VG02819,P00345,2024-01-29,Campinas,Cliente,Concluída,3269.59
VG02820,P00081,2024-04-05,São Paulo,Auditoria,Concluída,1271.86
VG02821,P00721,2024-08-04,Campinas,Projeto,Cancelada,2016.18
VG02822,P00321,2025-10-19,Rio de Janeiro,Treinamento,Concluída,1280.87
VG02823,P00220,2025-04-25,Curitiba,Auditoria,Concluída,2461.54
VG02824,P00444,2026-04-17,Belo Horizonte,Fornecedor,Aprovada,581.63
VG02825,P00006,2025-02-18,Campinas,Auditoria,Concluída,781.38
VG02826,P00803,2025-05-10,Belo Horizonte,Projeto,Aprovada,1568.63
VG02827,P00174,2026-07-05,Campinas,Cliente,Concluída,777.9
VG02828,P00167,2025-07-13,Belo Horizonte,Fornecedor,Cancelada,2166.2
VG02829,P00025,2024-05-26,Curitiba,Cliente,Concluída,2035.54
VG02830,P00157,2025-02-25,São Paulo,Cliente,Concluída,856.41
VG02831,P00486,2026-07-30,Rio de Janeiro,Cliente,Concluída,687.78
VG02832,P00675,2025-03-16,Curitiba,Projeto,Em análise,2009.71
VG02833,P00475,2024-03-01,Campinas,Projeto,Concluída,917.68
VG02834,P00519,2024-11-14,Belo Horizonte,Fornecedor,Aprovada,1728.71
VG02835,P00260,2024-05-30,Rio de Janeiro,Cliente,Concluída,1747.94
VG02836,P00777,2024-01-15,Campinas,Projeto,Em análise,3919.32
VG02837,P00576,2025-01-06,São Paulo,Projeto,Concluída,2069.78
VG02838,P00209,2026-02-07,Curitiba,Cliente,Aprovada,2425.91
VG02839,P00565,2026-02-01,Belo Horizonte,Projeto,Concluída,795.33
VG02840,P00188,2026-07-22,Rio de Janeiro,Auditoria,Aprovada,1020.97
VG02841,P00394,2024-05-11,Belo Horizonte,Treinamento,Concluída,1063.39
VG02842,P00111,2025-04-14,Curitiba,Fornecedor,Concluída,2786.3
VG02843,P00302,2026-06-23,Campinas,Treinamento,Concluída,1137.03
VG02844,P00167,2025-06-06,Curitiba,Cliente,Concluída,994.44
VG02845,P00027,2026-04-16,Rio de Janeiro,Auditoria,Concluída,1025.62
VG02846,P00517,2025-03-04,Curitiba,Auditoria,Concluída,2067.64
VG02847,P00066,2024-09-22,Campinas,Fornecedor,Concluída,1261.09
VG02848,P00587,2025-05-03,Belo Horizonte,Cliente,Concluída,1421.27
VG02849,P00777,2025-09-22,Campinas,Auditoria,Concluída,1792.64
VG02850,P00864,2026-05-25,Rio de Janeiro,Cliente,Concluída,1431.06
VG02851,P00105,2025-03-12,Belo Horizonte,Treinamento,Concluída,549.54
VG02852,P00079,2025-06-28,Belo Horizonte,Treinamento,Concluída,1676.62
VG02853,P00814,2024-03-05,São Paulo,Projeto,Em análise,818.86
VG02854,P00737,2024-01-16,Campinas,Treinamento,Concluída,1716.24
VG02855,P00157,2025-10-30,São Paulo,Fornecedor,Aprovada,1197.73
VG02856,P00327,2024-04-20,Curitiba,Fornecedor,Cancelada,1831.63
VG02857,P00003,2026-06-01,Belo Horizonte,Treinamento,Cancelada,1822.3
VG02858,P00581,2024-12-24,Campinas,Auditoria,Concluída,2481.23
VG02859,P00670,2024-05-26,São Paulo,Treinamento,Concluída,1653.03
VG02860,P00287,2025-03-06,São Paulo,Cliente,Concluída,682.79
VG02861,P00509,2025-11-11,Curitiba,Fornecedor,Concluída,1418.42
VG02862,P00707,2025-02-02,Rio de Janeiro,Projeto,Concluída,2074.53
VG02863,P00381,2025-04-04,São Paulo,Auditoria,Concluída,1861.99
VG02864,P00552,2025-09-21,Campinas,Cliente,Concluída,1613.08
VG02865,P00683,2026-06-04,Belo Horizonte,Fornecedor,Concluída,918.62
VG02866,P00745,2024-11-08,Belo Horizonte,Treinamento,Concluída,961.94
VG02867,P00619,2024-10-01,Rio de Janeiro,Cliente,Cancelada,487.05
VG02868,P00143,2026-04-29,São Paulo,Fornecedor,Concluída,4702.13
VG02869,P00349,2025-04-13,Belo Horizonte,Treinamento,Concluída,1162.13
VG02870,P00166,2025-10-24,Curitiba,Projeto,Concluída,3007.19
VG02871,P00032,2025-02-02,Curitiba,Treinamento,Concluída,2208.1
VG02872,P00682,2026-03-12,Belo Horizonte,Projeto,Em análise,657.03
VG02873,P00006,2025-04-16,Rio de Janeiro,Treinamento,Concluída,1368.2
VG02874,P00255,2024-10-19,São Paulo,Cliente,Concluída,624.15
VG02875,P00521,2026-07-17,Rio de Janeiro,Auditoria,Concluída,1917.63
VG02876,P00013,2025-10-17,São Paulo,Projeto,Em análise,1454.81
VG02877,P00666,2025-01-21,Belo Horizonte,Treinamento,Concluída,8505.41
VG02878,P00147,2025-05-07,São Paulo,Projeto,Concluída,2227.3
VG02879,P00008,2025-09-25,Belo Horizonte,Cliente,Concluída,2086.86
VG02880,P00586,2026-04-14,Belo Horizonte,Auditoria,Concluída,1015.17
VG02881,P00872,2025-03-17,Rio de Janeiro,Fornecedor,Concluída,3145.28
VG02882,P00181,2025-08-21,São Paulo,Projeto,Concluída,4121.98
VG02883,P00233,2025-02-07,São Paulo,Auditoria,Concluída,935.7
VG02884,P00171,2025-10-06,Campinas,Auditoria,Concluída,773.71
VG02885,P00589,2025-07-23,Curitiba,Auditoria,Cancelada,497.78
VG02886,P00263,2025-08-21,Campinas,Treinamento,Em análise,3333.65
VG02887,P00708,2024-03-17,São Paulo,Fornecedor,Concluída,3233.59
VG02888,P00717,2026-04-05,Curitiba,Auditoria,Concluída,985.0
VG02889,P00119,2025-06-06,Belo Horizonte,Projeto,Cancelada,1377.51
VG02890,P00169,2024-11-29,Campinas,Treinamento,Concluída,1969.28
VG02891,P00653,2024-05-19,Curitiba,Fornecedor,Concluída,1012.64
VG02892,P00750,2024-12-27,Campinas,Treinamento,Concluída,817.42
VG02893,P00259,2024-09-23,São Paulo,Projeto,Concluída,1209.74
VG02894,P00668,2025-03-01,Campinas,Fornecedor,Concluída,1323.29
VG02895,P00529,2024-07-19,Campinas,Auditoria,Aprovada,2256.95
VG02896,P00873,2025-04-27,Rio de Janeiro,Auditoria,Concluída,1918.03
VG02897,P00326,2024-01-11,Curitiba,Auditoria,Concluída,3739.78
VG02898,P00690,2024-12-07,São Paulo,Fornecedor,Concluída,2180.87
VG02899,P00365,2024-03-03,São Paulo,Auditoria,Em análise,354.83
VG02900,P00680,2025-12-31,Belo Horizonte,Treinamento,Cancelada,3180.88
VG02901,P00482,2026-07-28,Curitiba,Auditoria,Concluída,2333.3
VG02902,P00173,2024-07-25,Rio de Janeiro,Auditoria,Concluída,1105.08
VG02903,P00842,2024-07-31,São Paulo,Treinamento,Concluída,5282.6
VG02904,P00054,2026-04-17,Curitiba,Cliente,Aprovada,5223.85
VG02905,P00328,2026-03-25,Rio de Janeiro,Cliente,Concluída,718.07
VG02906,P00113,2024-08-18,São Paulo,Cliente,Concluída,1823.54
VG02907,P00473,2025-03-15,Curitiba,Projeto,Concluída,6774.59
VG02908,P00797,2025-05-08,Campinas,Fornecedor,Aprovada,1477.61
VG02909,P00898,2025-01-26,São Paulo,Projeto,Concluída,357.22
VG02910,P00152,2026-03-03,Rio de Janeiro,Auditoria,Aprovada,3894.82
VG02911,P00199,2026-03-17,São Paulo,Projeto,Concluída,4465.34
VG02912,P00843,2025-05-19,Belo Horizonte,Projeto,Concluída,2193.54
VG02913,P00587,2025-12-29,Rio de Janeiro,Treinamento,Concluída,2525.16
VG02914,P00379,2026-07-07,Belo Horizonte,Cliente,Concluída,1327.43
VG02915,P00076,2025-07-30,Campinas,Projeto,Aprovada,948.95
VG02916,P00113,2024-03-22,São Paulo,Cliente,Concluída,1018.27
VG02917,P00568,2025-08-15,Rio de Janeiro,Treinamento,Concluída,458.73
VG02918,P00890,2025-01-13,São Paulo,Auditoria,Concluída,1266.61
VG02919,P00060,2025-03-01,Curitiba,Fornecedor,Concluída,923.13
VG02920,P00356,2025-05-20,Campinas,Treinamento,Concluída,2044.01
VG02921,P00763,2025-07-07,Rio de Janeiro,Treinamento,Concluída,1661.7
VG02922,P00036,2024-05-18,Belo Horizonte,Fornecedor,Concluída,1129.86
VG02923,P00567,2026-02-09,São Paulo,Treinamento,Aprovada,3435.68
VG02924,P00732,2026-02-10,Rio de Janeiro,Treinamento,Concluída,846.29
VG02925,P00224,2024-09-14,Rio de Janeiro,Cliente,Concluída,954.23
VG02926,P00285,2025-11-11,Rio de Janeiro,Fornecedor,Concluída,1260.48
VG02927,P00138,2025-07-22,São Paulo,Treinamento,Aprovada,958.33
VG02928,P00797,2026-04-16,Campinas,Cliente,Aprovada,2201.21
VG02929,P00327,2025-04-18,São Paulo,Fornecedor,Concluída,1677.67
VG02930,P00717,2026-07-26,Rio de Janeiro,Cliente,Em análise,2423.22
VG02931,P00618,2025-09-20,Rio de Janeiro,Cliente,Concluída,1280.02
VG02932,P00234,2025-05-16,Curitiba,Cliente,Concluída,2296.34
VG02933,P00298,2024-05-11,Campinas,Auditoria,Cancelada,1626.89
VG02934,P00330,2025-03-05,Belo Horizonte,Cliente,Concluída,3000.75
VG02935,P00138,2024-08-24,São Paulo,Cliente,Concluída,1586.27
VG02936,P00540,2025-06-18,São Paulo,Auditoria,Aprovada,1756.6
VG02937,P00214,2025-05-05,Curitiba,Projeto,Aprovada,2494.87
VG02938,P00060,2024-03-10,Campinas,Cliente,Concluída,1096.65
VG02939,P00034,2026-06-15,Belo Horizonte,Projeto,Concluída,3915.81
VG02940,P00456,2026-07-18,Curitiba,Treinamento,Concluída,2586.77
VG02941,P00317,2025-06-02,Campinas,Fornecedor,Concluída,992.78
VG02942,P00156,2025-01-22,Campinas,Cliente,Concluída,2134.4
VG02943,P00075,2025-10-16,São Paulo,Auditoria,Concluída,1295.85
VG02944,P00102,2026-05-03,Rio de Janeiro,Projeto,Concluída,1313.8
VG02945,P00603,2025-06-29,Belo Horizonte,Cliente,Concluída,1846.45
VG02946,P00880,2025-11-01,Rio de Janeiro,Cliente,Concluída,3508.81
VG02947,P00262,2024-04-02,Curitiba,Fornecedor,Concluída,492.71
VG02948,P00706,2025-06-27,Rio de Janeiro,Auditoria,Concluída,1459.29
VG02949,P00356,2024-07-29,Belo Horizonte,Cliente,Concluída,834.96
VG02950,P00154,2026-02-06,Campinas,Fornecedor,Concluída,1526.26
VG02951,P00618,2025-12-19,São Paulo,Auditoria,Concluída,1871.56
VG02952,P00184,2025-07-26,Rio de Janeiro,Treinamento,Aprovada,1892.99
VG02953,P00561,2025-04-09,São Paulo,Auditoria,Concluída,1534.6
VG02954,P00634,2026-03-17,São Paulo,Fornecedor,Cancelada,1414.83
VG02955,P00623,2025-01-24,Campinas,Auditoria,Aprovada,1787.4
VG02956,P00132,2025-01-09,Belo Horizonte,Cliente,Concluída,2892.54
VG02957,P00558,2025-01-19,Rio de Janeiro,Fornecedor,Concluída,5880.41
VG02958,P00844,2025-12-13,São Paulo,Fornecedor,Concluída,2159.06
VG02959,P00712,2024-08-31,Curitiba,Treinamento,Concluída,3204.65
VG02960,P00123,2024-03-16,Rio de Janeiro,Cliente,Concluída,2422.59
VG02961,P00408,2024-09-12,Belo Horizonte,Cliente,Concluída,1208.59
VG02962,P00119,2025-12-02,Curitiba,Projeto,Em análise,3086.6
VG02963,P00792,2025-12-25,Campinas,Cliente,Concluída,1593.97
VG02964,P00669,2026-04-16,São Paulo,Treinamento,Em análise,1609.47
VG02965,P00036,2025-12-29,Belo Horizonte,Auditoria,Concluída,917.29
VG02966,P00438,2025-01-24,Belo Horizonte,Treinamento,Aprovada,1693.12
VG02967,P00161,2025-01-19,São Paulo,Fornecedor,Concluída,1735.07
VG02968,P00559,2025-09-08,Rio de Janeiro,Fornecedor,Concluída,2717.92
VG02969,P00523,2024-08-11,Campinas,Fornecedor,Concluída,1152.42
VG02970,P00580,2024-10-04,Campinas,Treinamento,Aprovada,1822.67
VG02971,P00261,2025-11-19,Curitiba,Cliente,Concluída,1987.77
VG02972,P00608,2024-11-11,São Paulo,Auditoria,Concluída,1869.32
VG02973,P00733,2025-04-05,Curitiba,Auditoria,Cancelada,4693.45
VG02974,P00148,2025-10-10,Rio de Janeiro,Projeto,Concluída,2146.56
VG02975,P00800,2024-05-20,Rio de Janeiro,Treinamento,Em análise,1773.49
VG02976,P00528,2025-03-12,Belo Horizonte,Cliente,Aprovada,1175.23
VG02977,P00267,2026-01-25,Rio de Janeiro,Projeto,Aprovada,2740.89
VG02978,P00088,2024-10-15,São Paulo,Projeto,Concluída,1762.09
VG02979,P00507,2026-01-12,São Paulo,Cliente,Cancelada,313.18
VG02980,P00242,2024-12-01,Campinas,Auditoria,Concluída,1761.71
VG02981,P00190,2025-01-08,São Paulo,Treinamento,Concluída,2059.27
VG02982,P00631,2025-08-19,Belo Horizonte,Treinamento,Aprovada,659.63
VG02983,P00614,2025-11-12,São Paulo,Fornecedor,Concluída,2860.2
VG02984,P00502,2026-01-25,Belo Horizonte,Treinamento,Concluída,1101.3
VG02985,P00020,2024-05-21,São Paulo,Cliente,Aprovada,1124.59
VG02986,P00851,2025-08-23,Campinas,Cliente,Concluída,571.3
VG02987,P00793,2024-08-30,Curitiba,Auditoria,Concluída,1074.22
VG02988,P00797,2024-06-09,São Paulo,Fornecedor,Concluída,9061.15
VG02989,P00330,2025-10-06,Rio de Janeiro,Fornecedor,Cancelada,1206.98
VG02990,P00344,2025-07-09,Campinas,Cliente,Em análise,1445.62
VG02991,P00767,2026-03-29,Rio de Janeiro,Cliente,Concluída,1594.29
VG02992,P00533,2026-02-05,Belo Horizonte,Auditoria,Aprovada,1929.06
VG02993,P00119,2026-06-20,São Paulo,Projeto,Concluída,1963.32
VG02994,P00258,2025-02-23,Campinas,Fornecedor,Concluída,3128.94
VG02995,P00384,2025-11-30,São Paulo,Treinamento,Cancelada,692.86
VG02996,P00437,2025-07-18,Campinas,Treinamento,Concluída,1379.46
VG02997,P00022,2024-07-03,Curitiba,Cliente,Concluída,2573.56
VG02998,P00045,2026-05-02,Curitiba,Auditoria,Em análise,904.66
VG02999,P00181,2024-03-19,São Paulo,Cliente,Concluída,2022.83
VG03000,P00860,2026-07-26,São Paulo,Projeto,Concluída,770.01
VG03001,P00823,2024-05-07,Curitiba,Auditoria,Concluída,4345.66
VG03002,P00498,2024-07-08,Rio de Janeiro,Fornecedor,Em análise,4100.92
VG03003,P00129,2024-01-02,Belo Horizonte,Cliente,Cancelada,1414.46
VG03004,P00821,2026-06-03,São Paulo,Projeto,Concluída,1716.31
VG03005,P00205,2025-11-08,Rio de Janeiro,Cliente,Aprovada,3338.86
VG03006,P00188,2025-06-05,Campinas,Cliente,Concluída,2257.75
VG03007,P00489,2026-05-04,Campinas,Cliente,Concluída,1315.75
VG03008,P00774,2025-05-11,Belo Horizonte,Auditoria,Concluída,1255.08
VG03009,P00013,2024-04-16,Belo Horizonte,Treinamento,Em análise,3021.41
VG03010,P00030,2024-11-03,Curitiba,Cliente,Concluída,615.09
VG03011,P00212,2025-04-04,Curitiba,Auditoria,Concluída,1670.15
VG03012,P00325,2025-12-04,Curitiba,Cliente,Concluída,2139.1
VG03013,P00351,2025-09-16,São Paulo,Cliente,Concluída,828.27
VG03014,P00592,2025-08-12,Belo Horizonte,Projeto,Concluída,2379.07
VG03015,P00840,2025-12-10,Rio de Janeiro,Fornecedor,Concluída,4165.98
VG03016,P00640,2024-06-09,São Paulo,Projeto,Concluída,1903.56
VG03017,P00277,2025-07-05,Campinas,Projeto,Concluída,907.92
VG03018,P00593,2025-02-12,Campinas,Cliente,Concluída,2289.12
VG03019,P00217,2024-09-30,São Paulo,Auditoria,Concluída,2094.09
VG03020,P00279,2024-11-20,Campinas,Projeto,Em análise,470.62
VG03021,P00510,2024-07-25,Belo Horizonte,Cliente,Concluída,1512.94
VG03022,P00057,2024-06-13,Rio de Janeiro,Cliente,Concluída,1251.48
VG03023,P00306,2025-04-18,Curitiba,Auditoria,Em análise,3098.16
VG03024,P00314,2024-03-20,São Paulo,Cliente,Concluída,3176.89
VG03025,P00381,2025-02-03,Campinas,Fornecedor,Concluída,947.2
VG03026,P00086,2025-09-18,Rio de Janeiro,Treinamento,Concluída,360.95
VG03027,P00478,2025-12-23,Rio de Janeiro,Auditoria,Concluída,1192.2
VG03028,P00014,2024-07-28,Campinas,Auditoria,Concluída,1497.73
VG03029,P00551,2025-10-15,São Paulo,Projeto,Aprovada,1313.05
VG03030,P00566,2026-05-24,Rio de Janeiro,Treinamento,Cancelada,653.28
VG03031,P00610,2024-11-12,Curitiba,Treinamento,Concluída,3513.9
VG03032,P00304,2024-04-18,Curitiba,Fornecedor,Cancelada,1224.3
VG03033,P00819,2026-04-04,Campinas,Auditoria,Concluída,4302.78
VG03034,P00350,2026-04-02,Rio de Janeiro,Fornecedor,Cancelada,3920.47
VG03035,P00829,2025-11-19,Rio de Janeiro,Projeto,Concluída,1226.37
VG03036,P00826,2026-01-10,Rio de Janeiro,Fornecedor,Cancelada,962.12
VG03037,P00623,2025-03-07,Curitiba,Auditoria,Concluída,1941.68
VG03038,P00297,2025-02-22,Rio de Janeiro,Cliente,Concluída,726.29
VG03039,P00218,2024-08-08,Curitiba,Cliente,Concluída,835.43
VG03040,P00085,2024-10-28,Curitiba,Auditoria,Em análise,373.53
VG03041,P00283,2024-03-26,Belo Horizonte,Auditoria,Concluída,4282.83
VG03042,P00070,2025-02-19,Rio de Janeiro,Auditoria,Cancelada,3586.1
VG03043,P00161,2024-10-26,Belo Horizonte,Cliente,Concluída,2080.54
VG03044,P00735,2025-08-07,Rio de Janeiro,Cliente,Concluída,2472.97
VG03045,P00844,2025-03-05,Curitiba,Auditoria,Concluída,769.0
VG03046,P00200,2026-06-13,Belo Horizonte,Treinamento,Em análise,676.96
VG03047,P00210,2024-05-01,Curitiba,Projeto,Concluída,2212.77
VG03048,P00727,2024-02-01,Rio de Janeiro,Auditoria,Cancelada,1065.23
VG03049,P00361,2026-01-23,Rio de Janeiro,Cliente,Concluída,1774.68
VG03050,P00531,2025-12-20,Rio de Janeiro,Cliente,Concluída,1906.07
VG03051,P00197,2024-09-03,São Paulo,Projeto,Concluída,4112.63
VG03052,P00490,2025-09-25,Belo Horizonte,Auditoria,Cancelada,3626.03
VG03053,P00013,2025-12-22,Rio de Janeiro,Projeto,Concluída,4393.66
VG03054,P00368,2026-02-05,Curitiba,Auditoria,Aprovada,1545.67
VG03055,P00681,2025-10-03,Curitiba,Projeto,Aprovada,969.6
VG03056,P00681,2026-01-22,Rio de Janeiro,Auditoria,Concluída,2407.55
VG03057,P00766,2025-08-14,Campinas,Treinamento,Cancelada,3427.76
VG03058,P00108,2024-08-28,Campinas,Cliente,Concluída,4989.12
VG03059,P00770,2026-01-14,Rio de Janeiro,Projeto,Concluída,456.08
VG03060,P00559,2026-02-11,São Paulo,Projeto,Em análise,2472.54
VG03061,P00345,2025-04-02,Campinas,Cliente,Aprovada,2114.71
VG03062,P00355,2026-06-02,Belo Horizonte,Auditoria,Concluída,8079.52
VG03063,P00325,2024-09-23,Campinas,Treinamento,Concluída,749.15
VG03064,P00229,2024-04-03,Campinas,Treinamento,Aprovada,1782.85
VG03065,P00023,2024-02-29,São Paulo,Projeto,Cancelada,3187.23
VG03066,P00837,2025-03-02,Curitiba,Auditoria,Concluída,1366.99
VG03067,P00021,2024-04-01,Campinas,Cliente,Concluída,1372.54
VG03068,P00124,2026-05-02,São Paulo,Treinamento,Em análise,817.38
VG03069,P00802,2024-05-24,Belo Horizonte,Auditoria,Concluída,2155.1
VG03070,P00275,2026-02-25,Rio de Janeiro,Cliente,Concluída,2865.33
VG03071,P00824,2026-07-28,Rio de Janeiro,Auditoria,Concluída,855.6
VG03072,P00663,2025-12-05,Curitiba,Fornecedor,Aprovada,511.35
VG03073,P00531,2026-06-15,Rio de Janeiro,Treinamento,Aprovada,982.92
VG03074,P00446,2026-06-20,Belo Horizonte,Fornecedor,Concluída,2853.82
VG03075,P00614,2025-09-12,São Paulo,Treinamento,Concluída,2591.22
VG03076,P00542,2025-10-05,Campinas,Cliente,Concluída,2849.85
VG03077,P00086,2025-02-25,São Paulo,Fornecedor,Aprovada,1942.79
VG03078,P00799,2024-10-03,Belo Horizonte,Projeto,Em análise,411.11
VG03079,P00316,2024-10-03,Rio de Janeiro,Projeto,Concluída,2435.89
VG03080,P00729,2025-11-19,Curitiba,Auditoria,Em análise,1149.73
VG03081,P00895,2026-02-05,Belo Horizonte,Fornecedor,Concluída,1217.05
VG03082,P00522,2024-10-10,Belo Horizonte,Treinamento,Concluída,3733.43
VG03083,P00149,2024-10-10,Campinas,Auditoria,Aprovada,1336.69
VG03084,P00279,2024-10-08,Rio de Janeiro,Treinamento,Cancelada,676.71
VG03085,P00546,2024-01-31,Rio de Janeiro,Projeto,Concluída,1295.76
VG03086,P00539,2024-11-10,São Paulo,Treinamento,Concluída,1697.85
VG03087,P00036,2024-01-29,Campinas,Fornecedor,Aprovada,1717.66
VG03088,P00684,2025-08-21,Rio de Janeiro,Cliente,Concluída,1560.27
VG03089,P00050,2025-10-17,São Paulo,Fornecedor,Concluída,1264.81
VG03090,P00896,2024-11-19,Campinas,Cliente,Concluída,1193.98
VG03091,P00632,2024-07-12,Rio de Janeiro,Cliente,Concluída,892.16
VG03092,P00859,2024-01-26,Rio de Janeiro,Auditoria,Concluída,1214.1
VG03093,P00230,2025-09-04,Rio de Janeiro,Auditoria,Aprovada,1794.67
VG03094,P00743,2025-06-27,Rio de Janeiro,Fornecedor,Concluída,2467.02
VG03095,P00293,2024-02-21,Belo Horizonte,Treinamento,Concluída,1496.23
VG03096,P00832,2025-04-20,São Paulo,Projeto,Concluída,3509.82
VG03097,P00070,2024-06-01,Campinas,Cliente,Concluída,1296.03
VG03098,P00763,2024-12-24,São Paulo,Auditoria,Concluída,1392.85
VG03099,P00753,2024-02-13,São Paulo,Projeto,Aprovada,1827.17
VG03100,P00471,2024-04-01,Curitiba,Fornecedor,Cancelada,2863.37
VG03101,P00396,2026-03-20,Rio de Janeiro,Treinamento,Concluída,1454.91
VG03102,P00614,2024-04-22,Curitiba,Auditoria,Concluída,1503.91
VG03103,P00212,2024-11-17,Belo Horizonte,Fornecedor,Em análise,684.23
VG03104,P00565,2025-10-04,Rio de Janeiro,Projeto,Em análise,4265.39
VG03105,P00873,2026-01-20,Belo Horizonte,Projeto,Concluída,2757.66
VG03106,P00509,2025-03-15,Belo Horizonte,Cliente,Em análise,2497.08
VG03107,P00504,2026-02-17,Curitiba,Fornecedor,Concluída,2205.83
VG03108,P00154,2024-05-08,Campinas,Cliente,Concluída,1693.62
VG03109,P00248,2025-11-12,Campinas,Cliente,Concluída,2204.58
VG03110,P00482,2026-01-11,Curitiba,Treinamento,Concluída,710.47
VG03111,P00102,2025-01-23,São Paulo,Treinamento,Concluída,1195.59
VG03112,P00755,2026-04-19,Belo Horizonte,Projeto,Aprovada,1523.26
VG03113,P00573,2026-06-15,São Paulo,Auditoria,Concluída,1614.31
VG03114,P00240,2024-12-11,Curitiba,Cliente,Concluída,1635.66
VG03115,P00453,2026-07-07,Campinas,Treinamento,Concluída,2529.1
VG03116,P00066,2026-04-25,Curitiba,Treinamento,Concluída,2549.15
VG03117,P00195,2024-04-29,Belo Horizonte,Cliente,Aprovada,3449.23
VG03118,P00020,2025-07-29,Campinas,Auditoria,Concluída,17412.98
VG03119,P00759,2026-07-21,Belo Horizonte,Projeto,Concluída,1284.22
VG03120,P00457,2025-04-22,Campinas,Cliente,Concluída,1568.87
VG03121,P00290,2026-07-15,São Paulo,Fornecedor,Aprovada,1423.44
VG03122,P00224,2024-11-11,Curitiba,Fornecedor,Concluída,1997.41
VG03123,P00750,2026-06-29,Belo Horizonte,Projeto,Cancelada,652.31
VG03124,P00497,2026-07-10,São Paulo,Projeto,Aprovada,1435.56
VG03125,P00599,2025-06-01,Rio de Janeiro,Treinamento,Concluída,1143.21
VG03126,P00440,2026-04-20,Campinas,Auditoria,Concluída,554.68
VG03127,P00782,2024-04-01,Belo Horizonte,Auditoria,Concluída,611.89
VG03128,P00587,2026-04-27,Campinas,Treinamento,Concluída,1845.07
VG03129,P00191,2024-08-08,Rio de Janeiro,Treinamento,Concluída,4918.95
VG03130,P00213,2024-08-08,Rio de Janeiro,Fornecedor,Concluída,1764.64
VG03131,P00591,2025-11-12,Campinas,Cliente,Concluída,1701.36
VG03132,P00378,2025-12-12,Curitiba,Fornecedor,Em análise,2360.03
VG03133,P00129,2026-02-11,São Paulo,Projeto,Concluída,1683.58
VG03134,P00604,2025-09-09,São Paulo,Treinamento,Em análise,1503.22
VG03135,P00721,2026-02-24,Curitiba,Projeto,Concluída,1078.83
VG03136,P00398,2025-04-13,Belo Horizonte,Cliente,Em análise,1276.74
VG03137,P00796,2024-08-20,Curitiba,Treinamento,Concluída,1603.85
VG03138,P00753,2025-08-16,Campinas,Fornecedor,Concluída,1014.21
VG03139,P00661,2025-04-25,Campinas,Treinamento,Concluída,950.92
VG03140,P00852,2025-09-21,Campinas,Projeto,Aprovada,4211.9
VG03141,P00175,2024-01-25,Rio de Janeiro,Projeto,Concluída,965.1
VG03142,P00357,2025-06-11,São Paulo,Auditoria,Concluída,736.13
VG03143,P00075,2025-03-08,Campinas,Cliente,Concluída,1246.27
VG03144,P00713,2024-07-27,Campinas,Projeto,Concluída,592.31
VG03145,P00512,2025-12-05,Curitiba,Auditoria,Concluída,1408.03
VG03146,P00745,2025-06-11,Campinas,Fornecedor,Concluída,1793.29
VG03147,P00328,2025-10-24,Rio de Janeiro,Cliente,Aprovada,2388.92
VG03148,P00733,2024-02-12,Rio de Janeiro,Projeto,Aprovada,3029.03
VG03149,P00727,2026-04-03,Rio de Janeiro,Treinamento,Concluída,1263.08
VG03150,P00295,2024-02-03,Campinas,Cliente,Concluída,1053.48
VG03151,P00615,2026-03-26,Campinas,Cliente,Concluída,1328.94
VG03152,P00067,2024-10-09,Rio de Janeiro,Cliente,Concluída,9379.51
VG03153,P00112,2025-03-30,Belo Horizonte,Auditoria,Concluída,740.66
VG03154,P00172,2026-03-18,Belo Horizonte,Cliente,Em análise,1213.18
VG03155,P00538,2024-04-17,Campinas,Treinamento,Concluída,2000.85
VG03156,P00147,2025-05-23,Curitiba,Auditoria,Concluída,3119.19
VG03157,P00470,2025-02-24,São Paulo,Fornecedor,Concluída,1500.54
VG03158,P00187,2024-08-10,Rio de Janeiro,Projeto,Em análise,1271.82
VG03159,P00675,2026-04-21,Belo Horizonte,Fornecedor,Concluída,3973.51
VG03160,P00646,2025-01-30,Curitiba,Fornecedor,Concluída,2182.62
VG03161,P00839,2024-08-08,Belo Horizonte,Fornecedor,Em análise,1532.04
VG03162,P00429,2024-10-14,São Paulo,Projeto,Concluída,624.82
VG03163,P00857,2026-06-27,Rio de Janeiro,Treinamento,Concluída,1922.32
VG03164,P00119,2025-06-16,Rio de Janeiro,Auditoria,Concluída,1513.11
VG03165,P00610,2026-06-05,São Paulo,Fornecedor,Aprovada,2233.24
VG03166,P00862,2025-01-18,Belo Horizonte,Fornecedor,Concluída,7021.87
VG03167,P00362,2024-02-15,Belo Horizonte,Cliente,Concluída,986.8
VG03168,P00277,2026-01-13,São Paulo,Treinamento,Aprovada,2825.59
VG03169,P00125,2026-05-22,Belo Horizonte,Projeto,Concluída,1357.48
VG03170,P00823,2026-05-20,Rio de Janeiro,Fornecedor,Cancelada,1489.68
VG03171,P00891,2024-04-03,São Paulo,Auditoria,Em análise,1049.77
VG03172,P00749,2025-06-23,Curitiba,Projeto,Concluída,2646.81
VG03173,P00769,2025-10-29,São Paulo,Cliente,Concluída,1094.24
VG03174,P00106,2025-09-18,Rio de Janeiro,Cliente,Concluída,2133.86
VG03175,P00434,2025-12-21,Curitiba,Cliente,Concluída,4977.31
VG03176,P00080,2024-12-10,Curitiba,Fornecedor,Concluída,1168.02
VG03177,P00237,2024-02-24,São Paulo,Projeto,Concluída,869.44
VG03178,P00122,2024-04-10,Rio de Janeiro,Treinamento,Em análise,948.44
VG03179,P00691,2025-07-29,Curitiba,Projeto,Concluída,2612.19
VG03180,P00281,2026-04-19,Rio de Janeiro,Treinamento,Concluída,1904.31
VG03181,P00427,2024-10-14,Belo Horizonte,Auditoria,Concluída,1619.15
VG03182,P00002,2025-07-06,Belo Horizonte,Treinamento,Concluída,1929.25
VG03183,P00136,2026-01-22,São Paulo,Auditoria,Aprovada,1526.01
VG03184,P00207,2025-03-11,Belo Horizonte,Cliente,Concluída,1509.33
VG03185,P00321,2024-07-02,São Paulo,Cliente,Concluída,1206.97
VG03186,P00569,2024-01-24,Campinas,Cliente,Concluída,995.71
VG03187,P00338,2025-01-05,Rio de Janeiro,Cliente,Cancelada,1230.07
VG03188,P00597,2025-11-01,São Paulo,Fornecedor,Aprovada,2323.99
VG03189,P00880,2024-09-15,Curitiba,Treinamento,Concluída,1043.6
VG03190,P00895,2025-12-31,Campinas,Fornecedor,Cancelada,808.04
VG03191,P00735,2024-11-18,Belo Horizonte,Fornecedor,Concluída,1287.14
VG03192,P00408,2026-01-10,Campinas,Treinamento,Concluída,2347.14
VG03193,P00371,2025-04-12,São Paulo,Fornecedor,Concluída,1638.01
VG03194,P00567,2025-02-10,Campinas,Auditoria,Concluída,645.36
VG03195,P00659,2024-05-31,Curitiba,Auditoria,Aprovada,2158.3
VG03196,P00506,2024-06-24,São Paulo,Fornecedor,Em análise,3953.55
VG03197,P00510,2024-11-12,Belo Horizonte,Projeto,Concluída,1362.96
VG03198,P00034,2025-04-25,São Paulo,Treinamento,Cancelada,1672.13
VG03199,P00526,2026-04-06,Campinas,Treinamento,Concluída,2639.47
VG03200,P00358,2024-02-06,Curitiba,Projeto,Aprovada,2411.53
VG03201,P00310,2025-10-01,Rio de Janeiro,Treinamento,Aprovada,536.77
VG03202,P00351,2025-07-05,Campinas,Auditoria,Concluída,716.58
VG03203,P00532,2024-11-25,Campinas,Cliente,Concluída,575.46
VG03204,P00880,2026-07-11,Belo Horizonte,Cliente,Concluída,1451.44
VG03205,P00280,2025-03-24,Curitiba,Cliente,Em análise,2278.97
VG03206,P00558,2024-11-11,Belo Horizonte,Treinamento,Concluída,3347.99
VG03207,P00712,2026-02-12,Curitiba,Fornecedor,Aprovada,1423.03
VG03208,P00181,2026-05-30,Campinas,Projeto,Concluída,1784.83
VG03209,P00098,2026-07-05,Curitiba,Auditoria,Aprovada,744.89
VG03210,P00663,2024-08-09,Campinas,Treinamento,Concluída,1238.31
VG03211,P00349,2025-11-22,Rio de Janeiro,Auditoria,Aprovada,870.98
VG03212,P00515,2025-05-12,Belo Horizonte,Cliente,Concluída,752.92
VG03213,P00607,2024-06-02,Curitiba,Projeto,Concluída,4478.38
VG03214,P00609,2025-02-20,São Paulo,Auditoria,Em análise,2960.29
VG03215,P00379,2024-05-21,Rio de Janeiro,Cliente,Concluída,2557.19
VG03216,P00867,2025-02-17,Campinas,Auditoria,Em análise,1041.69
VG03217,P00240,2026-01-16,Campinas,Cliente,Concluída,476.36
VG03218,P00122,2026-05-21,Campinas,Cliente,Concluída,1005.89
VG03219,P00382,2025-08-26,São Paulo,Treinamento,Concluída,1271.61
VG03220,P00405,2024-10-30,São Paulo,Treinamento,Concluída,3972.27
VG03221,P00200,2024-12-12,Belo Horizonte,Projeto,Em análise,1059.62
VG03222,P00274,2024-11-22,Curitiba,Projeto,Concluída,1070.81
VG03223,P00226,2024-07-13,Rio de Janeiro,Auditoria,Concluída,1123.89
VG03224,P00297,2024-05-27,São Paulo,Projeto,Concluída,1566.6
VG03225,P00684,2025-07-03,Campinas,Auditoria,Concluída,493.6
VG03226,P00505,2025-02-05,Belo Horizonte,Treinamento,Concluída,1773.45
VG03227,P00190,2024-02-16,Rio de Janeiro,Treinamento,Aprovada,472.35
VG03228,P00726,2024-02-09,Campinas,Fornecedor,Concluída,2190.68
VG03229,P00353,2025-03-24,Campinas,Treinamento,Concluída,1568.34
VG03230,P00696,2024-01-11,Curitiba,Treinamento,Concluída,2939.45
VG03231,P00420,2024-10-17,Rio de Janeiro,Cliente,Em análise,959.19
VG03232,P00252,2025-01-08,Rio de Janeiro,Cliente,Concluída,726.32
VG03233,P00766,2025-12-03,Belo Horizonte,Fornecedor,Em análise,1674.86
VG03234,P00254,2025-05-23,São Paulo,Treinamento,Concluída,1094.52
VG03235,P00779,2024-09-05,Rio de Janeiro,Cliente,Em análise,2731.72
VG03236,P00174,2024-01-02,Campinas,Auditoria,Concluída,1621.76
VG03237,P00575,2026-03-05,Belo Horizonte,Cliente,Concluída,2149.68
VG03238,P00513,2024-11-26,São Paulo,Projeto,Concluída,1624.91
VG03239,P00726,2026-04-15,Curitiba,Auditoria,Concluída,2210.32
VG03240,P00435,2026-01-01,Rio de Janeiro,Fornecedor,Concluída,2253.44
VG03241,P00022,2024-08-30,São Paulo,Cliente,Concluída,2186.48
VG03242,P00034,2024-08-05,São Paulo,Auditoria,Concluída,4425.39
VG03243,P00019,2026-02-19,Campinas,Treinamento,Aprovada,1042.36
VG03244,P00493,2024-04-14,Campinas,Projeto,Aprovada,1402.67
VG03245,P00504,2025-05-07,Rio de Janeiro,Cliente,Concluída,918.08
VG03246,P00319,2024-02-28,Campinas,Treinamento,Concluída,2105.01
VG03247,P00491,2024-09-24,Belo Horizonte,Projeto,Aprovada,2083.36
VG03248,P00712,2024-12-27,Rio de Janeiro,Cliente,Concluída,3912.78
VG03249,P00498,2025-11-25,São Paulo,Fornecedor,Concluída,1395.43
VG03250,P00120,2024-10-16,Campinas,Auditoria,Cancelada,2577.37
VG03251,P00742,2024-11-09,São Paulo,Fornecedor,Concluída,1305.27
VG03252,P00050,2024-04-24,Rio de Janeiro,Projeto,Aprovada,3706.01
VG03253,P00266,2025-11-26,Campinas,Auditoria,Aprovada,1314.14
VG03254,P00071,2024-03-30,São Paulo,Auditoria,Concluída,528.25
VG03255,P00526,2025-02-13,São Paulo,Cliente,Concluída,2164.2
VG03256,P00433,2025-11-13,Campinas,Fornecedor,Concluída,2496.01
VG03257,P00817,2024-03-28,Curitiba,Cliente,Concluída,710.63
VG03258,P00116,2024-04-29,Curitiba,Auditoria,Concluída,3094.93
VG03259,P00880,2025-06-03,Belo Horizonte,Projeto,Concluída,2259.01
VG03260,P00553,2024-06-27,Curitiba,Cliente,Concluída,1348.77
VG03261,P00052,2025-10-10,Curitiba,Fornecedor,Concluída,5976.41
VG03262,P00331,2025-01-24,Rio de Janeiro,Treinamento,Concluída,1491.19
VG03263,P00297,2024-05-07,Campinas,Projeto,Concluída,1278.23
VG03264,P00265,2024-05-04,Belo Horizonte,Projeto,Concluída,1922.41
VG03265,P00214,2024-12-29,São Paulo,Treinamento,Concluída,2579.92
VG03266,P00223,2024-07-19,Belo Horizonte,Fornecedor,Concluída,1752.16
VG03267,P00418,2024-10-25,Curitiba,Treinamento,Cancelada,1622.17
VG03268,P00809,2026-06-02,Campinas,Projeto,Cancelada,796.11
VG03269,P00350,2025-12-12,Curitiba,Cliente,Aprovada,1473.87
VG03270,P00534,2025-05-27,Campinas,Auditoria,Concluída,1269.25
VG03271,P00272,2026-01-18,Rio de Janeiro,Cliente,Concluída,1181.63
VG03272,P00791,2026-03-14,Belo Horizonte,Cliente,Concluída,754.06
VG03273,P00646,2024-10-28,Campinas,Fornecedor,Concluída,1786.38
VG03274,P00860,2026-01-06,Belo Horizonte,Treinamento,Aprovada,1206.25
VG03275,P00843,2024-06-29,Belo Horizonte,Treinamento,Concluída,1313.9
VG03276,P00108,2024-07-31,Rio de Janeiro,Treinamento,Concluída,636.89
VG03277,P00082,2024-10-04,Campinas,Cliente,Cancelada,2173.85
VG03278,P00101,2025-08-17,São Paulo,Fornecedor,Concluída,1438.56
VG03279,P00657,2024-03-16,Rio de Janeiro,Cliente,Concluída,724.52
VG03280,P00071,2026-01-24,Campinas,Projeto,Concluída,1005.52
VG03281,P00147,2024-12-20,Rio de Janeiro,Fornecedor,Concluída,2099.4
VG03282,P00599,2024-06-22,Campinas,Fornecedor,Em análise,3712.35
VG03283,P00393,2024-04-21,Belo Horizonte,Cliente,Concluída,1434.92
VG03284,P00459,2025-01-02,Belo Horizonte,Cliente,Concluída,3549.97
VG03285,P00054,2025-09-20,Belo Horizonte,Auditoria,Concluída,6074.16
VG03286,P00634,2024-03-14,Rio de Janeiro,Fornecedor,Concluída,1626.85
VG03287,P00223,2026-02-10,Rio de Janeiro,Auditoria,Concluída,2571.36
VG03288,P00160,2026-01-27,São Paulo,Cliente,Concluída,2121.9
VG03289,P00359,2026-03-19,Curitiba,Fornecedor,Concluída,2168.35
VG03290,P00347,2025-02-05,Belo Horizonte,Projeto,Concluída,1863.68
VG03291,P00188,2026-02-20,Campinas,Fornecedor,Concluída,1746.32
VG03292,P00658,2025-07-04,São Paulo,Fornecedor,Concluída,1317.42
VG03293,P00115,2024-10-07,Curitiba,Treinamento,Concluída,4889.54
VG03294,P00079,2025-08-24,Rio de Janeiro,Treinamento,Concluída,9475.4
VG03295,P00131,2024-11-01,Campinas,Treinamento,Concluída,1802.13
VG03296,P00801,2026-07-30,Belo Horizonte,Fornecedor,Concluída,1024.92
VG03297,P00737,2026-07-12,Campinas,Treinamento,Em análise,1510.32
VG03298,P00631,2025-09-08,Campinas,Projeto,Concluída,731.71
VG03299,P00662,2024-12-04,Belo Horizonte,Treinamento,Concluída,8186.11
VG03300,P00378,2026-05-03,Rio de Janeiro,Cliente,Concluída,3382.33
VG03301,P00091,2026-06-05,Rio de Janeiro,Cliente,Cancelada,917.53
VG03302,P00205,2025-04-15,Campinas,Treinamento,Concluída,826.38
VG03303,P00812,2026-05-01,Curitiba,Projeto,Concluída,590.62
VG03304,P00612,2024-06-25,Rio de Janeiro,Projeto,Concluída,1637.47
VG03305,P00011,2024-02-24,Campinas,Fornecedor,Concluída,1364.74
VG03306,P00671,2025-04-10,Belo Horizonte,Projeto,Concluída,3209.24
VG03307,P00177,2025-06-21,Campinas,Treinamento,Concluída,2129.09
VG03308,P00124,2025-03-30,São Paulo,Fornecedor,Cancelada,2708.72
VG03309,P00886,2026-03-26,Rio de Janeiro,Fornecedor,Concluída,3507.88
VG03310,P00065,2025-09-08,Belo Horizonte,Projeto,Aprovada,2422.88
VG03311,P00762,2024-11-03,Curitiba,Treinamento,Concluída,2557.26
VG03312,P00674,2025-09-05,Campinas,Treinamento,Concluída,4439.62
VG03313,P00016,2024-12-17,Rio de Janeiro,Projeto,Em análise,2162.14
VG03314,P00535,2024-01-13,Rio de Janeiro,Treinamento,Concluída,993.37
VG03315,P00469,2025-10-26,São Paulo,Treinamento,Concluída,2205.65
VG03316,P00486,2026-03-20,Belo Horizonte,Auditoria,Concluída,1937.57
VG03317,P00630,2024-11-05,Belo Horizonte,Cliente,Concluída,2555.26
VG03318,P00826,2026-02-11,São Paulo,Treinamento,Em análise,1862.24
VG03319,P00506,2025-12-26,Rio de Janeiro,Projeto,Cancelada,2057.97
VG03320,P00408,2024-04-22,Campinas,Fornecedor,Concluída,1619.06
VG03321,P00458,2024-12-04,Curitiba,Cliente,Concluída,1717.26
VG03322,P00066,2024-09-25,Curitiba,Fornecedor,Concluída,858.59
VG03323,P00814,2024-01-28,Campinas,Fornecedor,Concluída,2006.06
VG03324,P00745,2025-09-03,Belo Horizonte,Cliente,Concluída,608.39
VG03325,P00471,2024-11-05,São Paulo,Auditoria,Concluída,371.24
VG03326,P00459,2024-03-24,Campinas,Fornecedor,Concluída,2696.93
VG03327,P00197,2025-07-12,São Paulo,Auditoria,Concluída,2395.26
VG03328,P00225,2026-06-10,Rio de Janeiro,Treinamento,Cancelada,2462.92
VG03329,P00460,2025-05-02,Belo Horizonte,Treinamento,Concluída,2044.93
VG03330,P00096,2024-01-13,Curitiba,Projeto,Concluída,2362.63
VG03331,P00191,2024-11-17,Belo Horizonte,Cliente,Concluída,808.79
VG03332,P00241,2026-05-25,São Paulo,Fornecedor,Em análise,1098.0
VG03333,P00526,2024-06-04,Campinas,Fornecedor,Concluída,3735.41
VG03334,P00202,2024-06-13,Rio de Janeiro,Projeto,Cancelada,1687.7
VG03335,P00892,2025-01-06,São Paulo,Projeto,Concluída,1651.32
VG03336,P00672,2024-03-17,Curitiba,Treinamento,Concluída,2143.7
VG03337,P00188,2025-05-04,Rio de Janeiro,Treinamento,Concluída,1761.09
VG03338,P00435,2025-12-15,Campinas,Treinamento,Aprovada,2525.12
VG03339,P00727,2025-12-06,Curitiba,Auditoria,Concluída,992.3
VG03340,P00792,2026-03-06,Curitiba,Projeto,Concluída,1414.01
VG03341,P00451,2025-06-26,São Paulo,Projeto,Concluída,3777.68
VG03342,P00141,2024-08-13,Curitiba,Auditoria,Concluída,1601.32
VG03343,P00599,2024-10-18,Belo Horizonte,Auditoria,Concluída,1945.35
VG03344,P00344,2024-06-20,Rio de Janeiro,Projeto,Concluída,915.4
VG03345,P00046,2025-10-12,São Paulo,Auditoria,Concluída,1592.14
VG03346,P00338,2024-11-05,Rio de Janeiro,Auditoria,Concluída,911.71
VG03347,P00258,2026-04-08,Belo Horizonte,Treinamento,Aprovada,2568.29
VG03348,P00793,2026-03-07,Campinas,Fornecedor,Concluída,702.62
VG03349,P00801,2024-05-09,Rio de Janeiro,Cliente,Cancelada,406.48
VG03350,P00729,2024-11-16,Campinas,Fornecedor,Concluída,827.9
VG03351,P00485,2025-07-10,Curitiba,Treinamento,Concluída,2014.13
VG03352,P00744,2024-12-30,Curitiba,Auditoria,Concluída,3107.05
VG03353,P00102,2026-07-21,Campinas,Treinamento,Concluída,947.03
VG03354,P00247,2025-11-23,Belo Horizonte,Fornecedor,Concluída,3097.33
VG03355,P00613,2024-09-29,Rio de Janeiro,Fornecedor,Concluída,1754.9
VG03356,P00800,2025-04-01,São Paulo,Treinamento,Cancelada,1458.9
VG03357,P00399,2025-09-23,Rio de Janeiro,Fornecedor,Concluída,2757.85
VG03358,P00596,2024-05-08,São Paulo,Auditoria,Concluída,1130.3
VG03359,P00187,2024-04-04,Belo Horizonte,Treinamento,Concluída,859.31
VG03360,P00198,2025-05-26,Rio de Janeiro,Fornecedor,Em análise,1424.1
VG03361,P00473,2026-05-13,Campinas,Treinamento,Concluída,4058.83
VG03362,P00234,2026-03-03,Belo Horizonte,Auditoria,Concluída,2815.64
VG03363,P00877,2024-11-03,Belo Horizonte,Auditoria,Concluída,327.93
VG03364,P00548,2025-01-25,São Paulo,Cliente,Concluída,1863.46
VG03365,P00258,2025-05-02,Rio de Janeiro,Projeto,Concluída,2626.24
VG03366,P00786,2024-06-19,Campinas,Fornecedor,Concluída,1111.54
VG03367,P00352,2025-01-12,São Paulo,Projeto,Aprovada,3085.57
VG03368,P00463,2026-05-05,Belo Horizonte,Treinamento,Concluída,656.03
VG03369,P00713,2025-03-24,São Paulo,Cliente,Concluída,681.96
VG03370,P00176,2026-07-26,Campinas,Fornecedor,Concluída,1970.71
VG03371,P00235,2025-09-30,Belo Horizonte,Fornecedor,Concluída,2744.25
VG03372,P00420,2025-11-14,Belo Horizonte,Fornecedor,Concluída,1319.73
VG03373,P00221,2024-07-25,Campinas,Projeto,Cancelada,2139.44
VG03374,P00087,2024-10-03,São Paulo,Auditoria,Aprovada,1358.96
VG03375,P00797,2026-04-29,São Paulo,Treinamento,Concluída,1009.67
VG03376,P00469,2026-04-28,Belo Horizonte,Cliente,Concluída,869.14
VG03377,P00541,2024-02-11,Rio de Janeiro,Projeto,Concluída,3169.02
VG03378,P00755,2024-10-16,Curitiba,Cliente,Concluída,1591.46
VG03379,P00443,2024-05-20,Belo Horizonte,Cliente,Concluída,1256.16
VG03380,P00109,2026-04-01,São Paulo,Fornecedor,Concluída,1704.33
VG03381,P00094,2024-11-25,São Paulo,Fornecedor,Em análise,1107.76
VG03382,P00789,2024-04-27,Campinas,Auditoria,Concluída,2309.33
VG03383,P00547,2025-10-17,Campinas,Projeto,Em análise,1416.11
VG03384,P00253,2026-01-03,Curitiba,Fornecedor,Em análise,2042.42
VG03385,P00849,2024-02-20,Belo Horizonte,Fornecedor,Concluída,1316.36
VG03386,P00519,2024-03-27,Rio de Janeiro,Treinamento,Concluída,968.99
VG03387,P00750,2025-06-04,Belo Horizonte,Treinamento,Concluída,2384.3
VG03388,P00315,2025-05-03,Curitiba,Treinamento,Concluída,1543.5
VG03389,P00496,2024-03-10,Campinas,Auditoria,Aprovada,1013.94
VG03390,P00892,2025-05-18,Curitiba,Cliente,Aprovada,1296.27
VG03391,P00239,2025-05-30,São Paulo,Cliente,Concluída,4251.54
VG03392,P00117,2026-06-26,Rio de Janeiro,Cliente,Concluída,1971.69
VG03393,P00545,2024-05-12,Curitiba,Projeto,Concluída,619.31
VG03394,P00441,2024-04-08,São Paulo,Cliente,Aprovada,885.67
VG03395,P00896,2025-01-16,São Paulo,Projeto,Concluída,2260.12
VG03396,P00064,2024-03-02,Rio de Janeiro,Projeto,Aprovada,2035.75
VG03397,P00384,2026-01-22,Rio de Janeiro,Auditoria,Concluída,2026.22
VG03398,P00022,2024-05-24,Curitiba,Auditoria,Cancelada,529.03
VG03399,P00454,2025-12-13,Campinas,Cliente,Concluída,1644.31
VG03400,P00714,2025-08-26,Rio de Janeiro,Projeto,Em análise,1108.86
VG03401,P00770,2026-07-13,Belo Horizonte,Treinamento,Concluída,978.6
VG03402,P00378,2024-05-01,Campinas,Fornecedor,Em análise,1085.01
VG03403,P00198,2026-01-18,Campinas,Cliente,Concluída,2203.22
VG03404,P00571,2026-07-23,Belo Horizonte,Cliente,Aprovada,2864.68
VG03405,P00600,2025-04-03,São Paulo,Auditoria,Concluída,1270.67
VG03406,P00602,2024-09-04,Rio de Janeiro,Fornecedor,Concluída,617.83
VG03407,P00326,2026-06-10,São Paulo,Cliente,Concluída,416.16
VG03408,P00417,2024-03-14,Campinas,Auditoria,Concluída,3540.28
VG03409,P00127,2026-01-07,Curitiba,Auditoria,Concluída,2654.2
VG03410,P00613,2026-04-28,Belo Horizonte,Treinamento,Aprovada,1651.58
VG03411,P00559,2025-06-11,Curitiba,Treinamento,Concluída,1378.61
VG03412,P00291,2026-01-09,Campinas,Fornecedor,Concluída,2297.9
VG03413,P00830,2024-12-01,Curitiba,Auditoria,Aprovada,2307.22
VG03414,P00529,2024-12-27,Campinas,Fornecedor,Concluída,528.55
VG03415,P00799,2025-02-18,Campinas,Auditoria,Concluída,1666.84
VG03416,P00035,2024-08-19,Campinas,Projeto,Concluída,3897.09
VG03417,P00331,2025-10-28,Campinas,Projeto,Concluída,2078.57
VG03418,P00637,2025-10-30,Campinas,Fornecedor,Concluída,665.46
VG03419,P00199,2024-11-15,Rio de Janeiro,Cliente,Concluída,1461.21
VG03420,P00344,2026-03-22,Rio de Janeiro,Fornecedor,Concluída,2852.11
VG03421,P00356,2025-03-28,Rio de Janeiro,Treinamento,Concluída,943.19
VG03422,P00345,2024-03-05,Rio de Janeiro,Fornecedor,Concluída,4058.81
VG03423,P00494,2025-10-10,Rio de Janeiro,Projeto,Concluída,638.52
VG03424,P00722,2025-06-09,São Paulo,Auditoria,Concluída,1172.83
VG03425,P00872,2024-03-06,Rio de Janeiro,Cliente,Concluída,7659.7
VG03426,P00696,2024-08-03,Rio de Janeiro,Auditoria,Concluída,1082.14
VG03427,P00150,2024-07-01,Campinas,Fornecedor,Concluída,1192.85
VG03428,P00840,2024-07-20,São Paulo,Projeto,Aprovada,698.39
VG03429,P00120,2026-06-24,Belo Horizonte,Auditoria,Concluída,530.0
VG03430,P00331,2024-08-24,Rio de Janeiro,Cliente,Concluída,2247.84
VG03431,P00593,2025-04-17,Rio de Janeiro,Auditoria,Concluída,1168.7
VG03432,P00619,2026-01-11,São Paulo,Treinamento,Em análise,3199.99
VG03433,P00569,2026-07-07,Rio de Janeiro,Fornecedor,Concluída,338.11
VG03434,P00569,2025-10-11,Campinas,Treinamento,Concluída,5074.88
VG03435,P00227,2025-11-05,Campinas,Cliente,Concluída,2636.69
VG03436,P00564,2026-07-22,Curitiba,Treinamento,Concluída,301.29
VG03437,P00217,2025-02-19,Curitiba,Treinamento,Aprovada,5458.55
VG03438,P00452,2026-03-23,São Paulo,Fornecedor,Cancelada,1406.69
VG03439,P00495,2026-06-21,Campinas,Treinamento,Concluída,2274.18
VG03440,P00739,2024-08-30,Curitiba,Projeto,Concluída,1284.44
VG03441,P00532,2025-01-31,São Paulo,Fornecedor,Concluída,2592.71
VG03442,P00860,2024-07-15,Belo Horizonte,Projeto,Concluída,1830.25
VG03443,P00091,2025-04-18,São Paulo,Fornecedor,Concluída,3073.42
VG03444,P00773,2026-01-28,Curitiba,Auditoria,Concluída,575.46
VG03445,P00137,2025-01-15,Curitiba,Projeto,Concluída,1445.66
VG03446,P00198,2024-01-04,Belo Horizonte,Treinamento,Em análise,1361.6
VG03447,P00841,2025-12-10,Belo Horizonte,Cliente,Concluída,2143.02
VG03448,P00457,2024-11-28,Belo Horizonte,Cliente,Concluída,1900.33
VG03449,P00210,2026-02-26,Belo Horizonte,Treinamento,Concluída,1662.77
VG03450,P00096,2026-04-13,Belo Horizonte,Auditoria,Concluída,3097.26
VG03451,P00897,2024-06-14,Campinas,Fornecedor,Concluída,1403.88
VG03452,P00114,2025-06-04,São Paulo,Cliente,Cancelada,2242.66
VG03453,P00782,2025-07-10,Campinas,Fornecedor,Concluída,1560.31
VG03454,P00586,2026-06-05,Rio de Janeiro,Auditoria,Concluída,1080.28
VG03455,P00067,2024-08-25,Rio de Janeiro,Projeto,Aprovada,3047.47
VG03456,P00863,2025-03-05,São Paulo,Fornecedor,Concluída,1547.94
VG03457,P00850,2025-10-02,Curitiba,Auditoria,Aprovada,736.62
VG03458,P00111,2024-04-08,Curitiba,Projeto,Concluída,644.99
VG03459,P00569,2025-08-03,Campinas,Auditoria,Concluída,1121.91
VG03460,P00729,2024-02-17,Campinas,Cliente,Concluída,1154.72
VG03461,P00412,2024-12-21,Campinas,Auditoria,Concluída,1745.64
VG03462,P00789,2025-12-25,Rio de Janeiro,Auditoria,Concluída,1857.39
VG03463,P00056,2025-11-24,Rio de Janeiro,Auditoria,Concluída,1081.26
VG03464,P00482,2024-12-16,Curitiba,Cliente,Concluída,1067.11
VG03465,P00391,2025-03-06,Rio de Janeiro,Projeto,Concluída,2708.52
VG03466,P00857,2026-01-13,Belo Horizonte,Cliente,Concluída,1839.61
VG03467,P00104,2024-12-12,São Paulo,Fornecedor,Concluída,901.52
VG03468,P00272,2026-01-24,Belo Horizonte,Auditoria,Concluída,1260.58
VG03469,P00396,2026-06-05,Campinas,Fornecedor,Concluída,5189.78
VG03470,P00149,2026-04-24,São Paulo,Cliente,Concluída,612.09
VG03471,P00224,2025-11-21,Rio de Janeiro,Treinamento,Concluída,2433.65
VG03472,P00479,2025-06-02,São Paulo,Fornecedor,Em análise,1508.8
VG03473,P00662,2024-08-20,São Paulo,Cliente,Concluída,2557.16
VG03474,P00557,2026-01-06,Curitiba,Treinamento,Concluída,1705.18
VG03475,P00499,2025-09-13,Campinas,Fornecedor,Concluída,802.38
VG03476,P00493,2024-09-18,Rio de Janeiro,Treinamento,Aprovada,3059.99
VG03477,P00478,2025-11-08,São Paulo,Treinamento,Em análise,1430.84
VG03478,P00232,2026-07-11,Rio de Janeiro,Cliente,Concluída,626.55
VG03479,P00753,2024-01-23,Rio de Janeiro,Fornecedor,Aprovada,2871.04
VG03480,P00880,2025-07-03,São Paulo,Fornecedor,Concluída,3762.64
VG03481,P00138,2024-11-30,Rio de Janeiro,Projeto,Concluída,697.58
VG03482,P00830,2024-10-01,Belo Horizonte,Treinamento,Cancelada,4327.5
VG03483,P00690,2026-02-13,Belo Horizonte,Fornecedor,Aprovada,1824.98
VG03484,P00105,2024-12-18,Belo Horizonte,Treinamento,Em análise,1806.19
VG03485,P00899,2024-09-06,Campinas,Fornecedor,Concluída,420.84
VG03486,P00280,2026-05-21,Rio de Janeiro,Cliente,Concluída,621.4
VG03487,P00446,2026-06-01,Belo Horizonte,Treinamento,Aprovada,3699.73
VG03488,P00771,2026-05-05,São Paulo,Cliente,Concluída,1468.74
VG03489,P00394,2024-12-29,Belo Horizonte,Fornecedor,Concluída,5847.35
VG03490,P00132,2024-12-19,Campinas,Treinamento,Concluída,3742.43
VG03491,P00505,2026-07-29,Campinas,Treinamento,Cancelada,4130.97
VG03492,P00771,2025-04-26,Curitiba,Cliente,Concluída,3536.21
VG03493,P00069,2024-04-11,Rio de Janeiro,Treinamento,Concluída,960.56
VG03494,P00143,2026-06-19,Rio de Janeiro,Treinamento,Concluída,1867.29
VG03495,P00035,2024-12-22,Rio de Janeiro,Cliente,Concluída,1279.38
VG03496,P00897,2025-10-03,Belo Horizonte,Treinamento,Concluída,1152.91
VG03497,P00752,2024-07-19,Belo Horizonte,Projeto,Concluída,1579.03
VG03498,P00559,2024-10-02,Curitiba,Projeto,Concluída,2228.65
VG03499,P00555,2024-08-02,Campinas,Treinamento,Concluída,995.51
VG03500,P00662,2025-10-16,Belo Horizonte,Auditoria,Concluída,2057.9
VG03501,P00815,2025-03-19,Curitiba,Auditoria,Concluída,1275.2
VG03502,P00364,2026-03-08,Curitiba,Treinamento,Aprovada,1108.71
VG03503,P00123,2024-07-12,Belo Horizonte,Cliente,Em análise,3400.77
VG03504,P00187,2026-02-11,São Paulo,Treinamento,Concluída,1259.99
VG03505,P00840,2026-05-07,São Paulo,Fornecedor,Concluída,1818.14
VG03506,P00329,2025-09-28,Campinas,Projeto,Aprovada,1524.75
VG03507,P00260,2024-11-18,Campinas,Fornecedor,Cancelada,3270.02
VG03508,P00560,2025-06-01,Campinas,Fornecedor,Concluída,1394.1
VG03509,P00552,2026-06-22,Curitiba,Projeto,Cancelada,651.44
VG03510,P00212,2026-05-31,Rio de Janeiro,Cliente,Em análise,1923.73
VG03511,P00036,2025-05-03,Campinas,Treinamento,Concluída,3466.38
VG03512,P00195,2024-01-26,Rio de Janeiro,Fornecedor,Em análise,1526.17
VG03513,P00157,2024-06-04,Belo Horizonte,Cliente,Cancelada,1610.39
VG03514,P00761,2024-11-18,Curitiba,Auditoria,Concluída,5092.97
VG03515,P00104,2024-05-06,Campinas,Treinamento,Concluída,2100.9
VG03516,P00234,2025-10-01,Belo Horizonte,Treinamento,Concluída,5262.54
VG03517,P00502,2024-11-11,Curitiba,Fornecedor,Concluída,396.04
VG03518,P00091,2024-06-03,Campinas,Projeto,Concluída,2209.82
VG03519,P00236,2024-10-19,São Paulo,Cliente,Concluída,1187.49
VG03520,P00842,2026-01-14,Rio de Janeiro,Projeto,Concluída,705.04
VG03521,P00219,2024-07-27,Belo Horizonte,Projeto,Concluída,1078.91
VG03522,P00089,2024-12-24,Curitiba,Cliente,Concluída,1117.31
VG03523,P00476,2025-02-22,Belo Horizonte,Cliente,Aprovada,324.78
VG03524,P00483,2024-05-19,Rio de Janeiro,Projeto,Cancelada,1656.58
VG03525,P00806,2025-11-28,Rio de Janeiro,Projeto,Concluída,2996.67
VG03526,P00511,2025-04-07,Belo Horizonte,Projeto,Concluída,3033.66
VG03527,P00125,2024-05-06,Rio de Janeiro,Fornecedor,Aprovada,1400.16
VG03528,P00011,2025-01-19,Rio de Janeiro,Auditoria,Concluída,2862.93
VG03529,P00150,2024-03-31,Curitiba,Fornecedor,Concluída,927.47
VG03530,P00436,2025-03-11,Campinas,Projeto,Concluída,1387.91
VG03531,P00889,2025-01-13,Belo Horizonte,Cliente,Concluída,2305.46
VG03532,P00780,2025-12-23,Curitiba,Fornecedor,Concluída,3115.76
VG03533,P00390,2026-01-20,São Paulo,Cliente,Concluída,1009.01
VG03534,P00889,2025-12-11,Campinas,Treinamento,Concluída,974.14
VG03535,P00090,2024-10-07,Rio de Janeiro,Fornecedor,Concluída,4511.74
VG03536,P00552,2026-07-20,Rio de Janeiro,Projeto,Concluída,1311.03
VG03537,P00887,2026-06-20,Curitiba,Cliente,Concluída,1151.51
VG03538,P00290,2025-07-29,Belo Horizonte,Auditoria,Concluída,1241.74
VG03539,P00396,2025-02-20,Rio de Janeiro,Cliente,Concluída,964.94
VG03540,P00160,2025-02-19,Rio de Janeiro,Cliente,Em análise,476.69
VG03541,P00106,2025-03-21,Campinas,Cliente,Concluída,2905.83
VG03542,P00863,2025-05-25,Belo Horizonte,Projeto,Concluída,1260.52
VG03543,P00241,2024-03-09,Belo Horizonte,Cliente,Concluída,2390.39
VG03544,P00223,2024-02-18,Campinas,Projeto,Concluída,1375.87
VG03545,P00183,2025-03-03,Rio de Janeiro,Auditoria,Concluída,1377.88
VG03546,P00250,2025-05-20,Rio de Janeiro,Projeto,Concluída,687.92
VG03547,P00594,2026-06-28,Belo Horizonte,Auditoria,Cancelada,1983.34
VG03548,P00061,2024-05-14,Curitiba,Treinamento,Concluída,2056.57
VG03549,P00612,2025-10-08,São Paulo,Auditoria,Em análise,1819.58
VG03550,P00830,2024-07-20,Rio de Janeiro,Cliente,Concluída,1417.69
VG03551,P00142,2024-10-20,Belo Horizonte,Cliente,Concluída,4975.01
VG03552,P00465,2026-07-05,Campinas,Fornecedor,Concluída,1178.5
VG03553,P00872,2024-07-06,Rio de Janeiro,Fornecedor,Concluída,1280.94
VG03554,P00404,2026-06-19,Rio de Janeiro,Treinamento,Concluída,1776.72
VG03555,P00799,2024-03-23,Curitiba,Auditoria,Concluída,860.87
VG03556,P00476,2026-07-11,São Paulo,Projeto,Concluída,1266.72
VG03557,P00669,2024-06-04,Rio de Janeiro,Fornecedor,Concluída,2032.08
VG03558,P00618,2026-07-12,Rio de Janeiro,Projeto,Concluída,928.39
VG03559,P00068,2024-11-12,Curitiba,Treinamento,Concluída,3369.81
VG03560,P00227,2024-08-07,Curitiba,Auditoria,Concluída,1621.79
VG03561,P00508,2024-04-13,Campinas,Treinamento,Aprovada,1522.38
VG03562,P00367,2025-11-28,São Paulo,Cliente,Concluída,1117.93
VG03563,P00163,2026-06-12,Belo Horizonte,Projeto,Concluída,613.33
VG03564,P00269,2024-09-05,Belo Horizonte,Treinamento,Aprovada,4192.82
VG03565,P00373,2026-01-01,Belo Horizonte,Treinamento,Cancelada,3624.41
VG03566,P00695,2024-11-13,Campinas,Projeto,Concluída,2173.89
VG03567,P00588,2024-01-20,Rio de Janeiro,Cliente,Concluída,1545.52
VG03568,P00698,2024-04-12,São Paulo,Projeto,Concluída,2201.28
VG03569,P00159,2024-07-14,São Paulo,Auditoria,Concluída,1557.35
VG03570,P00422,2025-04-13,São Paulo,Projeto,Concluída,1080.68
VG03571,P00754,2026-06-22,São Paulo,Cliente,Concluída,2929.45
VG03572,P00498,2026-01-05,Campinas,Projeto,Aprovada,2461.5
VG03573,P00470,2024-11-25,Curitiba,Fornecedor,Concluída,2478.4
VG03574,P00159,2025-07-19,Campinas,Auditoria,Concluída,783.07
VG03575,P00619,2026-05-01,Campinas,Projeto,Concluída,1201.8
VG03576,P00834,2025-05-25,São Paulo,Cliente,Concluída,1918.52
VG03577,P00551,2025-10-02,Campinas,Cliente,Concluída,2106.77
VG03578,P00742,2026-03-11,Campinas,Cliente,Em análise,2482.03
VG03579,P00206,2025-02-18,Rio de Janeiro,Auditoria,Em análise,1277.75
VG03580,P00425,2024-03-03,Campinas,Treinamento,Concluída,3220.46
VG03581,P00233,2025-04-22,Belo Horizonte,Treinamento,Em análise,1897.34
VG03582,P00746,2024-08-03,Belo Horizonte,Treinamento,Concluída,1853.9
VG03583,P00218,2025-03-22,Rio de Janeiro,Auditoria,Concluída,1946.03
VG03584,P00326,2025-09-06,Rio de Janeiro,Fornecedor,Concluída,1710.77
VG03585,P00880,2025-07-17,Belo Horizonte,Fornecedor,Concluída,1023.56
VG03586,P00586,2025-01-25,Curitiba,Treinamento,Concluída,451.19
VG03587,P00878,2024-01-02,Campinas,Fornecedor,Em análise,1840.24
VG03588,P00810,2024-07-27,Belo Horizonte,Treinamento,Concluída,1797.53
VG03589,P00844,2025-06-11,Campinas,Cliente,Concluída,2009.66
VG03590,P00396,2025-10-12,Campinas,Fornecedor,Concluída,1180.16
VG03591,P00294,2024-05-28,Rio de Janeiro,Cliente,Concluída,1579.0
VG03592,P00618,2024-01-18,São Paulo,Treinamento,Concluída,977.65
VG03593,P00087,2024-11-29,Curitiba,Cliente,Em análise,1976.17
VG03594,P00337,2024-01-26,Belo Horizonte,Fornecedor,Concluída,2465.37
VG03595,P00260,2025-07-06,Rio de Janeiro,Treinamento,Concluída,1890.15
VG03596,P00644,2024-02-20,Rio de Janeiro,Fornecedor,Concluída,649.88
VG03597,P00113,2026-05-05,Belo Horizonte,Cliente,Aprovada,992.11
VG03598,P00209,2024-06-22,Rio de Janeiro,Treinamento,Aprovada,2823.06
VG03599,P00350,2024-08-23,São Paulo,Auditoria,Concluída,1327.63
VG03600,P00236,2026-06-13,Curitiba,Auditoria,Concluída,408.38
VG03601,P00279,2025-03-20,São Paulo,Fornecedor,Concluída,1144.12
VG03602,P00308,2025-06-21,Curitiba,Auditoria,Concluída,2491.1
VG03603,P00528,2024-12-01,Rio de Janeiro,Treinamento,Concluída,2306.32
VG03604,P00232,2025-06-17,Belo Horizonte,Cliente,Em análise,2634.43
VG03605,P00170,2024-12-02,Campinas,Auditoria,Concluída,4038.9
VG03606,P00634,2024-03-23,Curitiba,Treinamento,Concluída,1108.19
VG03607,P00754,2025-06-05,Curitiba,Projeto,Concluída,1046.42
VG03608,P00879,2024-08-26,Rio de Janeiro,Cliente,Concluída,1495.5
VG03609,P00859,2026-01-14,São Paulo,Projeto,Concluída,858.06
VG03610,P00865,2025-06-28,Rio de Janeiro,Projeto,Aprovada,3185.81
VG03611,P00672,2024-11-06,Belo Horizonte,Cliente,Concluída,1549.83
VG03612,P00688,2024-02-26,Rio de Janeiro,Fornecedor,Concluída,1506.53
VG03613,P00715,2026-06-17,Belo Horizonte,Fornecedor,Concluída,2555.71
VG03614,P00893,2026-03-28,Curitiba,Fornecedor,Aprovada,1695.64
VG03615,P00745,2024-02-26,Campinas,Projeto,Em análise,3300.63
VG03616,P00846,2025-05-06,São Paulo,Cliente,Aprovada,3386.2
VG03617,P00514,2025-12-19,Campinas,Fornecedor,Aprovada,1583.28
VG03618,P00276,2025-03-23,São Paulo,Fornecedor,Cancelada,1027.22
VG03619,P00095,2025-12-26,Belo Horizonte,Treinamento,Concluída,1085.83
VG03620,P00594,2024-11-30,Curitiba,Cliente,Concluída,4490.97
VG03621,P00442,2025-08-22,São Paulo,Projeto,Concluída,1164.28
VG03622,P00436,2025-06-04,Rio de Janeiro,Fornecedor,Concluída,1929.19
VG03623,P00068,2024-10-26,São Paulo,Treinamento,Concluída,953.69
VG03624,P00874,2025-01-22,Campinas,Projeto,Concluída,1627.34
VG03625,P00704,2025-05-21,Curitiba,Auditoria,Concluída,1047.54
VG03626,P00898,2025-11-20,Rio de Janeiro,Auditoria,Concluída,4636.25
VG03627,P00134,2025-09-26,Curitiba,Fornecedor,Concluída,3998.85
VG03628,P00675,2026-05-15,Belo Horizonte,Projeto,Aprovada,1824.98
VG03629,P00576,2026-04-14,Curitiba,Fornecedor,Concluída,1724.95
VG03630,P00305,2025-01-06,Belo Horizonte,Fornecedor,Concluída,2684.59
VG03631,P00379,2025-10-21,Belo Horizonte,Cliente,Concluída,674.98
VG03632,P00344,2024-08-20,Campinas,Fornecedor,Concluída,3519.55
VG03633,P00283,2024-07-17,São Paulo,Treinamento,Concluída,2247.11
VG03634,P00542,2026-02-19,Curitiba,Fornecedor,Concluída,2099.11
VG03635,P00666,2025-03-19,São Paulo,Cliente,Concluída,4407.05
VG03636,P00657,2025-11-06,São Paulo,Projeto,Concluída,1402.03
VG03637,P00274,2025-07-03,São Paulo,Projeto,Em análise,2667.61
VG03638,P00783,2025-04-05,São Paulo,Auditoria,Aprovada,1077.12
VG03639,P00421,2025-08-22,Rio de Janeiro,Auditoria,Em análise,1482.01
VG03640,P00281,2024-12-06,Rio de Janeiro,Fornecedor,Concluída,1133.08
VG03641,P00190,2024-05-03,Campinas,Fornecedor,Concluída,1335.7
VG03642,P00291,2025-02-16,Rio de Janeiro,Projeto,Concluída,630.79
VG03643,P00195,2025-01-27,Curitiba,Fornecedor,Concluída,1893.23
VG03644,P00035,2024-09-25,Campinas,Cliente,Concluída,1093.94
VG03645,P00507,2025-06-21,Curitiba,Auditoria,Concluída,1771.45
VG03646,P00209,2024-06-30,Rio de Janeiro,Treinamento,Concluída,2608.99
VG03647,P00424,2025-12-20,Curitiba,Treinamento,Concluída,528.98
VG03648,P00849,2025-01-12,Campinas,Treinamento,Concluída,1858.33
VG03649,P00795,2026-04-04,São Paulo,Treinamento,Cancelada,3624.65
VG03650,P00220,2024-10-13,São Paulo,Cliente,Concluída,1681.64
VG03651,P00046,2025-04-04,Campinas,Fornecedor,Concluída,529.66
VG03652,P00436,2024-04-17,Curitiba,Treinamento,Concluída,1883.48
VG03653,P00119,2025-05-21,Belo Horizonte,Treinamento,Concluída,833.53
VG03654,P00502,2025-12-12,Rio de Janeiro,Projeto,Em análise,1729.26
VG03655,P00361,2025-08-07,Campinas,Cliente,Aprovada,1256.64
VG03656,P00429,2024-04-05,Rio de Janeiro,Cliente,Em análise,2283.49
VG03657,P00888,2026-07-11,São Paulo,Fornecedor,Concluída,975.73
VG03658,P00472,2024-03-02,Curitiba,Treinamento,Concluída,1220.26
VG03659,P00327,2025-03-18,Curitiba,Auditoria,Concluída,909.52
VG03660,P00794,2024-03-31,Campinas,Cliente,Concluída,1459.41
VG03661,P00121,2024-11-11,São Paulo,Cliente,Concluída,1330.85
VG03662,P00870,2024-06-29,Campinas,Fornecedor,Concluída,845.0
VG03663,P00421,2026-02-23,Rio de Janeiro,Auditoria,Concluída,2282.25
VG03664,P00588,2024-06-17,Rio de Janeiro,Cliente,Concluída,437.6
VG03665,P00573,2026-07-17,Campinas,Projeto,Concluída,1194.95
VG03666,P00562,2026-06-03,São Paulo,Projeto,Concluída,1377.6
VG03667,P00773,2024-06-19,Belo Horizonte,Fornecedor,Concluída,2529.73
VG03668,P00545,2026-04-24,Campinas,Projeto,Concluída,1663.54
VG03669,P00141,2026-01-01,Campinas,Treinamento,Concluída,1275.36
VG03670,P00554,2025-10-31,Rio de Janeiro,Cliente,Concluída,4506.53
VG03671,P00486,2026-07-24,Campinas,Auditoria,Concluída,2360.29
VG03672,P00847,2024-10-13,São Paulo,Treinamento,Concluída,442.65
VG03673,P00121,2025-01-19,Belo Horizonte,Fornecedor,Concluída,1861.07
VG03674,P00296,2026-04-18,São Paulo,Auditoria,Concluída,2204.98
VG03675,P00261,2026-05-13,Rio de Janeiro,Auditoria,Concluída,1655.71
VG03676,P00238,2025-08-13,Campinas,Projeto,Concluída,1605.86
VG03677,P00591,2026-06-06,Rio de Janeiro,Cliente,Concluída,3211.61
VG03678,P00496,2026-03-24,Campinas,Fornecedor,Concluída,3818.21
VG03679,P00366,2024-08-10,Campinas,Projeto,Concluída,1153.1
VG03680,P00164,2025-03-24,Belo Horizonte,Treinamento,Aprovada,810.03
VG03681,P00391,2024-11-04,Curitiba,Projeto,Concluída,2176.75
VG03682,P00021,2024-07-24,Belo Horizonte,Auditoria,Aprovada,862.82
VG03683,P00569,2024-02-17,Belo Horizonte,Auditoria,Concluída,2224.15
VG03684,P00431,2025-07-05,Campinas,Projeto,Concluída,1164.24
VG03685,P00460,2026-04-14,Belo Horizonte,Fornecedor,Concluída,3063.42
VG03686,P00502,2026-06-18,Curitiba,Cliente,Concluída,1168.75
VG03687,P00841,2025-09-04,Curitiba,Fornecedor,Em análise,964.08
VG03688,P00498,2025-10-18,Rio de Janeiro,Projeto,Concluída,1202.71
VG03689,P00342,2025-08-21,Belo Horizonte,Treinamento,Concluída,1080.75
VG03690,P00380,2024-02-07,Belo Horizonte,Treinamento,Concluída,2077.01
VG03691,P00772,2026-02-02,Rio de Janeiro,Cliente,Aprovada,1843.82
VG03692,P00626,2024-12-30,Rio de Janeiro,Fornecedor,Concluída,1014.74
VG03693,P00859,2026-02-14,Curitiba,Projeto,Concluída,1959.05
VG03694,P00426,2024-05-01,Rio de Janeiro,Auditoria,Concluída,807.66
VG03695,P00568,2024-07-27,Campinas,Auditoria,Concluída,4786.61
VG03696,P00401,2024-03-05,Rio de Janeiro,Cliente,Concluída,813.64
VG03697,P00811,2026-03-08,São Paulo,Projeto,Concluída,1098.48
VG03698,P00286,2025-01-23,São Paulo,Projeto,Concluída,6495.07
VG03699,P00316,2025-11-05,Campinas,Fornecedor,Concluída,897.14
VG03700,P00285,2025-02-14,Rio de Janeiro,Fornecedor,Concluída,2985.9
VG03701,P00646,2024-08-04,Campinas,Auditoria,Concluída,871.41
VG03702,P00730,2024-03-02,Curitiba,Cliente,Concluída,1919.85
VG03703,P00651,2026-01-02,Curitiba,Treinamento,Cancelada,1700.97
VG03704,P00787,2024-08-21,Campinas,Auditoria,Aprovada,2528.37
VG03705,P00240,2026-06-01,Rio de Janeiro,Cliente,Concluída,1151.23
VG03706,P00775,2025-11-25,São Paulo,Projeto,Aprovada,1056.33
VG03707,P00343,2025-02-16,Rio de Janeiro,Cliente,Concluída,2059.85
VG03708,P00173,2026-05-25,Belo Horizonte,Treinamento,Cancelada,2955.45
VG03709,P00322,2024-11-09,Belo Horizonte,Fornecedor,Concluída,2146.02
VG03710,P00740,2024-12-16,São Paulo,Treinamento,Concluída,7588.58
VG03711,P00429,2026-06-05,Curitiba,Fornecedor,Concluída,376.69
VG03712,P00110,2024-07-19,Campinas,Auditoria,Concluída,1788.92
VG03713,P00773,2025-01-30,Campinas,Auditoria,Concluída,1954.64
VG03714,P00687,2024-04-20,Curitiba,Projeto,Cancelada,8042.61
VG03715,P00369,2025-09-12,Curitiba,Treinamento,Em análise,846.88
VG03716,P00652,2025-03-25,Belo Horizonte,Auditoria,Aprovada,2584.24
VG03717,P00259,2024-02-12,Belo Horizonte,Fornecedor,Aprovada,1329.42
VG03718,P00448,2025-07-24,Campinas,Cliente,Concluída,2087.11
VG03719,P00144,2026-07-16,São Paulo,Projeto,Concluída,567.86
VG03720,P00407,2025-01-03,Curitiba,Treinamento,Aprovada,1888.92
VG03721,P00105,2026-03-06,Campinas,Cliente,Em análise,5259.98
VG03722,P00460,2025-09-04,Campinas,Fornecedor,Aprovada,705.79
VG03723,P00632,2026-04-20,Belo Horizonte,Projeto,Concluída,2150.33
VG03724,P00654,2024-04-04,Campinas,Fornecedor,Concluída,2468.49
VG03725,P00077,2024-10-17,Curitiba,Cliente,Concluída,1350.91
VG03726,P00033,2024-02-08,São Paulo,Projeto,Em análise,1391.16
VG03727,P00680,2024-12-25,Belo Horizonte,Projeto,Concluída,2697.1
VG03728,P00521,2026-06-24,Belo Horizonte,Cliente,Concluída,2584.68
VG03729,P00522,2025-06-03,Curitiba,Fornecedor,Concluída,1593.91
VG03730,P00493,2026-02-25,São Paulo,Cliente,Concluída,1586.39
VG03731,P00485,2026-04-04,Campinas,Treinamento,Cancelada,2985.69
VG03732,P00357,2025-03-20,Curitiba,Cliente,Concluída,1473.51
VG03733,P00808,2025-08-22,Campinas,Projeto,Aprovada,1674.7
VG03734,P00559,2026-05-01,São Paulo,Treinamento,Em análise,2204.33
VG03735,P00714,2026-07-03,Curitiba,Projeto,Aprovada,1108.6
VG03736,P00578,2024-08-22,Campinas,Cliente,Concluída,526.99
VG03737,P00204,2024-08-20,Campinas,Projeto,Concluída,1814.66
VG03738,P00324,2024-07-03,São Paulo,Cliente,Cancelada,1099.51
VG03739,P00472,2025-12-18,Rio de Janeiro,Projeto,Aprovada,976.05
VG03740,P00011,2024-02-28,Campinas,Cliente,Concluída,5346.79
VG03741,P00725,2025-02-12,Campinas,Projeto,Concluída,2428.91
VG03742,P00616,2025-02-28,Belo Horizonte,Cliente,Concluída,1279.51
VG03743,P00851,2024-01-01,Campinas,Projeto,Concluída,1742.81
VG03744,P00756,2025-08-13,São Paulo,Fornecedor,Concluída,1545.93
VG03745,P00642,2024-05-14,Campinas,Auditoria,Concluída,2055.33
VG03746,P00326,2024-05-17,Curitiba,Fornecedor,Concluída,3200.45
VG03747,P00617,2025-02-20,Rio de Janeiro,Cliente,Concluída,2549.32
VG03748,P00329,2024-07-04,São Paulo,Treinamento,Concluída,3477.71
VG03749,P00617,2024-09-12,São Paulo,Cliente,Concluída,1793.85
VG03750,P00104,2025-03-21,Campinas,Auditoria,Concluída,1000.23
VG03751,P00727,2026-01-29,São Paulo,Treinamento,Concluída,1367.64
VG03752,P00096,2024-09-07,Belo Horizonte,Cliente,Concluída,735.65
VG03753,P00571,2026-03-12,Belo Horizonte,Fornecedor,Concluída,1446.24
VG03754,P00583,2026-02-05,São Paulo,Fornecedor,Concluída,1462.27
VG03755,P00198,2024-11-03,Belo Horizonte,Auditoria,Concluída,2116.57
VG03756,P00407,2025-08-29,Campinas,Auditoria,Concluída,1214.99
VG03757,P00397,2024-11-16,São Paulo,Cliente,Concluída,2085.28
VG03758,P00118,2025-07-10,Campinas,Cliente,Concluída,1688.61
VG03759,P00513,2026-04-06,Rio de Janeiro,Treinamento,Concluída,1374.89
VG03760,P00209,2024-08-19,Rio de Janeiro,Treinamento,Concluída,2648.69
VG03761,P00044,2026-05-26,São Paulo,Fornecedor,Concluída,830.15
VG03762,P00267,2025-06-04,Campinas,Cliente,Concluída,855.32
VG03763,P00362,2025-04-08,São Paulo,Cliente,Aprovada,1227.74
VG03764,P00363,2024-05-28,Rio de Janeiro,Auditoria,Concluída,6829.26
VG03765,P00323,2024-06-20,Belo Horizonte,Projeto,Concluída,1861.68
VG03766,P00032,2026-04-13,Campinas,Fornecedor,Concluída,1829.67
VG03767,P00017,2025-05-09,Belo Horizonte,Treinamento,Concluída,1237.29
VG03768,P00454,2026-03-19,Belo Horizonte,Fornecedor,Concluída,685.81
VG03769,P00478,2024-11-12,Rio de Janeiro,Treinamento,Concluída,1847.73
VG03770,P00072,2025-06-15,Curitiba,Auditoria,Em análise,1952.3
VG03771,P00002,2024-08-19,Curitiba,Cliente,Concluída,2434.06
VG03772,P00871,2024-09-07,Campinas,Projeto,Concluída,3658.73
VG03773,P00770,2025-04-29,Campinas,Projeto,Concluída,599.84
VG03774,P00740,2024-04-13,Curitiba,Cliente,Em análise,1205.81
VG03775,P00826,2025-07-04,Campinas,Fornecedor,Aprovada,871.76
VG03776,P00142,2026-06-25,Belo Horizonte,Treinamento,Concluída,1301.34
VG03777,P00258,2025-02-03,Campinas,Fornecedor,Aprovada,6183.77
VG03778,P00657,2025-12-11,Belo Horizonte,Cliente,Concluída,1958.12
VG03779,P00209,2026-06-23,Belo Horizonte,Auditoria,Concluída,2590.4
VG03780,P00610,2024-09-30,Rio de Janeiro,Treinamento,Cancelada,1302.89
VG03781,P00027,2026-07-16,Belo Horizonte,Fornecedor,Concluída,1216.59
VG03782,P00590,2024-04-25,Curitiba,Fornecedor,Concluída,3756.38
VG03783,P00357,2025-11-30,Belo Horizonte,Projeto,Em análise,577.07
VG03784,P00520,2025-06-26,Belo Horizonte,Cliente,Aprovada,672.98
VG03785,P00441,2025-04-12,Rio de Janeiro,Cliente,Concluída,1230.47
VG03786,P00556,2025-02-16,Curitiba,Cliente,Concluída,2482.54
VG03787,P00337,2026-03-18,Belo Horizonte,Auditoria,Concluída,4654.17
VG03788,P00609,2025-05-07,Curitiba,Projeto,Concluída,1037.38
VG03789,P00464,2026-04-14,Curitiba,Projeto,Concluída,1400.6
VG03790,P00318,2025-04-21,Campinas,Cliente,Concluída,1755.79
VG03791,P00900,2024-04-20,Campinas,Treinamento,Concluída,1004.87
VG03792,P00615,2026-04-18,Curitiba,Cliente,Concluída,2403.59
VG03793,P00270,2025-05-16,Curitiba,Auditoria,Concluída,1058.09
VG03794,P00039,2025-11-19,São Paulo,Cliente,Em análise,3222.47
VG03795,P00353,2024-02-02,Belo Horizonte,Auditoria,Concluída,1430.13
VG03796,P00096,2024-05-08,Rio de Janeiro,Fornecedor,Concluída,740.22
VG03797,P00090,2025-02-05,Campinas,Cliente,Aprovada,1339.66
VG03798,P00079,2025-06-21,Belo Horizonte,Cliente,Concluída,2789.34
VG03799,P00519,2024-08-24,São Paulo,Projeto,Aprovada,5483.11
VG03800,P00645,2024-05-09,Rio de Janeiro,Cliente,Aprovada,10271.15
VG03801,P00894,2024-04-30,Curitiba,Projeto,Concluída,2300.87
VG03802,P00814,2024-05-02,Curitiba,Auditoria,Concluída,2053.49
VG03803,P00716,2026-06-20,Belo Horizonte,Auditoria,Concluída,3003.85
VG03804,P00365,2024-09-20,Curitiba,Projeto,Concluída,587.63
VG03805,P00892,2026-01-15,Campinas,Auditoria,Cancelada,1869.86
VG03806,P00069,2025-12-13,Campinas,Cliente,Concluída,1550.78
VG03807,P00117,2025-12-20,Campinas,Fornecedor,Concluída,1506.69
VG03808,P00565,2026-07-21,Rio de Janeiro,Cliente,Concluída,1277.31
VG03809,P00064,2026-05-19,Rio de Janeiro,Fornecedor,Concluída,3542.7
VG03810,P00621,2025-11-03,Rio de Janeiro,Fornecedor,Concluída,1490.59
VG03811,P00697,2024-07-31,Rio de Janeiro,Fornecedor,Concluída,2757.86
VG03812,P00810,2025-12-13,Belo Horizonte,Projeto,Concluída,1124.31
VG03813,P00248,2026-06-21,Rio de Janeiro,Treinamento,Concluída,1349.19
VG03814,P00771,2025-09-06,Curitiba,Projeto,Concluída,1377.63
VG03815,P00750,2026-01-28,Belo Horizonte,Projeto,Concluída,2320.31
VG03816,P00860,2025-05-16,Campinas,Fornecedor,Concluída,3171.05
VG03817,P00796,2026-02-24,Campinas,Projeto,Concluída,1691.32
VG03818,P00407,2025-02-26,Belo Horizonte,Treinamento,Concluída,1623.14
VG03819,P00141,2024-07-16,São Paulo,Projeto,Aprovada,1511.0
VG03820,P00435,2025-09-24,Belo Horizonte,Projeto,Concluída,1167.63
VG03821,P00704,2026-06-15,São Paulo,Fornecedor,Concluída,1545.74
VG03822,P00335,2024-04-16,Rio de Janeiro,Fornecedor,Concluída,1946.31
VG03823,P00332,2026-03-12,Campinas,Treinamento,Concluída,1047.93
VG03824,P00514,2024-03-25,Rio de Janeiro,Treinamento,Concluída,1387.91
VG03825,P00271,2025-01-26,São Paulo,Projeto,Concluída,1243.9
VG03826,P00791,2025-07-23,Curitiba,Treinamento,Concluída,844.1
VG03827,P00531,2024-07-03,Curitiba,Auditoria,Concluída,344.55
VG03828,P00858,2025-11-07,Campinas,Fornecedor,Cancelada,1944.17
VG03829,P00170,2025-03-13,São Paulo,Cliente,Concluída,1155.89
VG03830,P00635,2024-11-05,Curitiba,Auditoria,Concluída,2321.66
VG03831,P00385,2025-12-04,Curitiba,Treinamento,Cancelada,1205.31
VG03832,P00891,2025-06-24,Rio de Janeiro,Cliente,Aprovada,906.06
VG03833,P00712,2025-10-27,São Paulo,Treinamento,Concluída,3493.89
VG03834,P00024,2025-12-09,Rio de Janeiro,Auditoria,Concluída,6262.22
VG03835,P00334,2024-06-16,Campinas,Fornecedor,Concluída,1029.34
VG03836,P00079,2025-03-10,Campinas,Cliente,Aprovada,2447.56
VG03837,P00152,2024-02-18,Curitiba,Projeto,Concluída,1283.37
VG03838,P00770,2026-05-11,Campinas,Fornecedor,Concluída,1904.62
VG03839,P00804,2024-01-30,Campinas,Projeto,Concluída,2204.99
VG03840,P00270,2024-10-30,São Paulo,Auditoria,Concluída,1341.47
VG03841,P00424,2026-07-07,Curitiba,Auditoria,Concluída,2660.14
VG03842,P00443,2025-09-01,Curitiba,Cliente,Aprovada,2677.4
VG03843,P00102,2026-01-18,Curitiba,Cliente,Concluída,2314.09
VG03844,P00178,2026-03-26,Belo Horizonte,Projeto,Cancelada,2427.1
VG03845,P00699,2024-12-28,Curitiba,Treinamento,Concluída,1741.88
VG03846,P00454,2025-10-02,Curitiba,Projeto,Concluída,4032.84
VG03847,P00003,2025-04-25,Belo Horizonte,Fornecedor,Concluída,1764.72
VG03848,P00871,2026-04-04,Campinas,Treinamento,Concluída,1641.41
VG03849,P00698,2025-10-10,Belo Horizonte,Auditoria,Concluída,2458.21
VG03850,P00353,2026-04-19,São Paulo,Fornecedor,Concluída,3107.2
VG03851,P00032,2025-01-15,Belo Horizonte,Cliente,Concluída,1293.43
VG03852,P00419,2026-03-18,Belo Horizonte,Fornecedor,Concluída,4101.71
VG03853,P00809,2025-06-07,Campinas,Auditoria,Concluída,5017.58
VG03854,P00703,2026-07-28,São Paulo,Projeto,Aprovada,3713.05
VG03855,P00151,2025-12-20,Campinas,Treinamento,Concluída,1333.95
VG03856,P00355,2024-06-09,Campinas,Auditoria,Em análise,1772.86
VG03857,P00201,2025-05-01,Campinas,Treinamento,Concluída,1103.0
VG03858,P00699,2025-10-14,Curitiba,Treinamento,Concluída,1199.1
VG03859,P00419,2025-10-20,Curitiba,Projeto,Concluída,1338.04
VG03860,P00691,2024-05-02,São Paulo,Cliente,Em análise,729.0
VG03861,P00566,2025-11-05,São Paulo,Auditoria,Concluída,1798.63
VG03862,P00896,2024-07-19,Campinas,Treinamento,Concluída,946.36
VG03863,P00178,2025-08-01,Belo Horizonte,Treinamento,Concluída,1686.81
VG03864,P00680,2024-05-31,São Paulo,Projeto,Concluída,4867.31
VG03865,P00647,2024-08-26,Belo Horizonte,Auditoria,Concluída,927.5
VG03866,P00176,2024-01-14,Campinas,Cliente,Concluída,1113.64
VG03867,P00763,2024-02-26,São Paulo,Auditoria,Concluída,930.71
VG03868,P00885,2026-01-30,Curitiba,Cliente,Aprovada,2508.09
VG03869,P00106,2026-04-27,São Paulo,Cliente,Aprovada,1897.9
VG03870,P00214,2025-01-26,São Paulo,Fornecedor,Concluída,1408.0
VG03871,P00147,2024-12-04,Curitiba,Fornecedor,Concluída,3878.75
VG03872,P00459,2024-04-09,São Paulo,Treinamento,Concluída,925.36
VG03873,P00376,2024-10-15,São Paulo,Fornecedor,Em análise,4837.56
VG03874,P00880,2024-06-27,Campinas,Auditoria,Concluída,1024.16
VG03875,P00635,2026-05-27,Rio de Janeiro,Fornecedor,Concluída,2597.53
VG03876,P00589,2025-04-16,Belo Horizonte,Projeto,Aprovada,1268.86
VG03877,P00649,2024-08-16,Curitiba,Fornecedor,Concluída,1044.72
VG03878,P00031,2025-03-10,Belo Horizonte,Treinamento,Concluída,2247.21
VG03879,P00665,2026-01-30,São Paulo,Cliente,Aprovada,1796.91
VG03880,P00296,2025-11-21,Belo Horizonte,Treinamento,Concluída,1200.86
VG03881,P00387,2024-01-13,Campinas,Fornecedor,Concluída,1617.7
VG03882,P00681,2026-03-09,Belo Horizonte,Auditoria,Concluída,1083.65
VG03883,P00740,2026-03-15,Belo Horizonte,Projeto,Concluída,2621.61
VG03884,P00002,2026-07-05,São Paulo,Auditoria,Concluída,1545.64
VG03885,P00042,2024-11-26,Curitiba,Treinamento,Cancelada,1189.48
VG03886,P00815,2025-09-20,Campinas,Treinamento,Concluída,929.24
VG03887,P00643,2026-01-18,Belo Horizonte,Projeto,Aprovada,1313.84
VG03888,P00888,2025-12-23,Curitiba,Fornecedor,Concluída,3268.84
VG03889,P00342,2024-10-04,Curitiba,Treinamento,Concluída,2937.37
VG03890,P00403,2024-10-31,Curitiba,Projeto,Concluída,1061.27
VG03891,P00210,2025-10-05,Curitiba,Fornecedor,Concluída,741.76
VG03892,P00404,2026-01-08,Campinas,Cliente,Concluída,1285.87
VG03893,P00191,2025-05-23,Campinas,Auditoria,Em análise,1610.76
VG03894,P00145,2026-05-11,Belo Horizonte,Fornecedor,Concluída,1608.45
VG03895,P00147,2025-03-28,São Paulo,Auditoria,Aprovada,1189.25
VG03896,P00115,2024-05-21,Curitiba,Treinamento,Em análise,1984.22
VG03897,P00728,2026-01-30,Rio de Janeiro,Projeto,Concluída,1338.25
VG03898,P00135,2025-09-30,Belo Horizonte,Auditoria,Aprovada,789.8
VG03899,P00395,2025-07-09,Belo Horizonte,Fornecedor,Concluída,6852.72
VG03900,P00424,2026-02-20,Curitiba,Treinamento,Aprovada,1621.49
VG03901,P00060,2025-03-12,Rio de Janeiro,Projeto,Em análise,1542.53
VG03902,P00687,2024-03-12,Belo Horizonte,Treinamento,Em análise,1098.57
VG03903,P00783,2024-02-07,São Paulo,Fornecedor,Concluída,860.35
VG03904,P00449,2024-06-01,Rio de Janeiro,Auditoria,Concluída,1011.12
VG03905,P00169,2025-09-30,Belo Horizonte,Auditoria,Concluída,1326.92
VG03906,P00630,2025-12-19,São Paulo,Projeto,Concluída,2689.01
VG03907,P00136,2024-07-04,Curitiba,Projeto,Concluída,1783.37
VG03908,P00306,2024-11-27,Belo Horizonte,Projeto,Cancelada,748.47
VG03909,P00448,2025-10-10,Campinas,Auditoria,Concluída,894.88
VG03910,P00112,2026-01-24,Rio de Janeiro,Projeto,Concluída,3260.76
VG03911,P00229,2026-07-19,São Paulo,Cliente,Concluída,2814.6
VG03912,P00090,2025-01-12,Curitiba,Fornecedor,Concluída,923.52
VG03913,P00416,2026-02-21,Curitiba,Cliente,Concluída,4740.67
VG03914,P00258,2025-02-06,São Paulo,Treinamento,Aprovada,1084.18
VG03915,P00149,2024-09-20,Campinas,Fornecedor,Em análise,665.46
VG03916,P00200,2025-02-18,Curitiba,Cliente,Concluída,1032.27
VG03917,P00729,2025-10-28,Curitiba,Fornecedor,Concluída,1015.46
VG03918,P00741,2025-09-14,Belo Horizonte,Auditoria,Concluída,4992.78
VG03919,P00366,2024-12-04,Belo Horizonte,Fornecedor,Concluída,1492.98
VG03920,P00497,2025-01-08,São Paulo,Projeto,Concluída,2164.55
VG03921,P00892,2026-01-25,São Paulo,Auditoria,Concluída,540.16
VG03922,P00817,2024-12-04,Rio de Janeiro,Auditoria,Aprovada,1620.07
VG03923,P00426,2026-04-27,Campinas,Auditoria,Concluída,569.36
VG03924,P00283,2025-07-14,Rio de Janeiro,Auditoria,Concluída,1773.78
VG03925,P00309,2024-04-24,Campinas,Cliente,Concluída,1375.2
VG03926,P00171,2024-03-19,Curitiba,Treinamento,Concluída,2804.69
VG03927,P00006,2025-08-04,Belo Horizonte,Cliente,Concluída,1326.26
VG03928,P00330,2024-11-19,Campinas,Projeto,Concluída,1335.88
VG03929,P00049,2026-05-29,São Paulo,Projeto,Concluída,3123.25
VG03930,P00544,2026-07-23,Belo Horizonte,Auditoria,Concluída,1249.91
VG03931,P00108,2025-07-29,São Paulo,Auditoria,Concluída,1259.01
VG03932,P00466,2026-06-18,Belo Horizonte,Auditoria,Concluída,1001.0
VG03933,P00594,2024-02-04,Campinas,Auditoria,Aprovada,1625.71
VG03934,P00221,2024-12-03,Curitiba,Fornecedor,Concluída,4146.79
VG03935,P00882,2024-11-24,Campinas,Cliente,Em análise,1749.48
VG03936,P00327,2025-12-12,Campinas,Cliente,Concluída,522.46
VG03937,P00334,2025-04-08,Curitiba,Projeto,Aprovada,2205.27
VG03938,P00038,2026-03-19,Rio de Janeiro,Fornecedor,Em análise,1736.42
VG03939,P00889,2024-12-17,São Paulo,Treinamento,Concluída,735.38
VG03940,P00742,2024-11-09,Curitiba,Treinamento,Aprovada,2338.02
VG03941,P00845,2026-04-21,Campinas,Treinamento,Em análise,1054.08
VG03942,P00336,2025-08-19,Rio de Janeiro,Treinamento,Concluída,1578.45
VG03943,P00363,2025-05-25,Rio de Janeiro,Cliente,Concluída,658.48
VG03944,P00798,2025-11-08,Campinas,Treinamento,Concluída,1302.28
VG03945,P00891,2026-03-29,Curitiba,Fornecedor,Concluída,1584.97
VG03946,P00013,2025-08-15,Curitiba,Auditoria,Concluída,2280.59
VG03947,P00802,2026-01-29,São Paulo,Cliente,Cancelada,717.02
VG03948,P00386,2024-07-13,Rio de Janeiro,Cliente,Concluída,2450.07
VG03949,P00527,2024-10-14,Rio de Janeiro,Treinamento,Aprovada,722.51
VG03950,P00704,2024-11-02,Rio de Janeiro,Treinamento,Concluída,2358.02
VG03951,P00145,2026-07-21,Belo Horizonte,Treinamento,Cancelada,1600.61
VG03952,P00113,2024-10-03,São Paulo,Fornecedor,Concluída,1965.97
VG03953,P00250,2026-06-27,Campinas,Treinamento,Concluída,1302.72
VG03954,P00628,2024-04-28,Rio de Janeiro,Fornecedor,Cancelada,1817.0
VG03955,P00517,2025-08-24,Rio de Janeiro,Cliente,Concluída,1665.76
VG03956,P00178,2025-07-08,Rio de Janeiro,Fornecedor,Concluída,2279.26
VG03957,P00681,2024-10-24,Curitiba,Fornecedor,Concluída,4073.77
VG03958,P00182,2026-04-19,Belo Horizonte,Treinamento,Aprovada,3568.94
VG03959,P00062,2025-03-18,Rio de Janeiro,Treinamento,Concluída,1127.84
VG03960,P00680,2025-12-01,Rio de Janeiro,Cliente,Concluída,3768.19
VG03961,P00834,2025-06-02,Rio de Janeiro,Projeto,Concluída,2711.42
VG03962,P00532,2024-08-15,Curitiba,Auditoria,Concluída,558.1
VG03963,P00075,2025-04-26,Campinas,Projeto,Cancelada,1734.98
VG03964,P00521,2026-04-09,Campinas,Fornecedor,Concluída,1859.41
VG03965,P00382,2025-06-18,São Paulo,Fornecedor,Concluída,1824.0
VG03966,P00191,2026-06-28,Rio de Janeiro,Cliente,Concluída,912.85
VG03967,P00558,2024-06-05,Rio de Janeiro,Fornecedor,Concluída,1325.93
VG03968,P00063,2024-12-16,Rio de Janeiro,Treinamento,Concluída,674.26
VG03969,P00501,2024-06-21,Rio de Janeiro,Auditoria,Concluída,2842.77
VG03970,P00579,2025-03-22,São Paulo,Fornecedor,Concluída,1231.4
VG03971,P00200,2026-05-14,Curitiba,Cliente,Concluída,2052.03
VG03972,P00752,2026-01-12,São Paulo,Fornecedor,Concluída,2040.17
VG03973,P00543,2024-09-25,São Paulo,Auditoria,Cancelada,1439.84
VG03974,P00478,2025-06-19,Campinas,Projeto,Concluída,1674.57
VG03975,P00489,2026-06-11,Belo Horizonte,Fornecedor,Concluída,1524.43
VG03976,P00032,2025-10-24,São Paulo,Fornecedor,Concluída,2032.25
VG03977,P00743,2024-12-25,Campinas,Cliente,Concluída,4950.69
VG03978,P00867,2024-12-27,Belo Horizonte,Auditoria,Concluída,3632.79
VG03979,P00561,2025-11-19,Belo Horizonte,Fornecedor,Em análise,1906.95
VG03980,P00737,2025-05-21,Curitiba,Auditoria,Concluída,1915.8
VG03981,P00064,2026-02-13,Belo Horizonte,Treinamento,Concluída,2683.54
VG03982,P00801,2026-07-02,Belo Horizonte,Treinamento,Concluída,1170.39
VG03983,P00722,2024-07-15,Rio de Janeiro,Fornecedor,Cancelada,5183.68
VG03984,P00182,2025-09-17,Curitiba,Fornecedor,Concluída,1529.93
VG03985,P00415,2026-05-31,Curitiba,Fornecedor,Concluída,1203.29
VG03986,P00417,2025-10-12,Belo Horizonte,Treinamento,Cancelada,3688.82
VG03987,P00297,2024-02-12,Curitiba,Auditoria,Concluída,4732.5
VG03988,P00535,2024-09-21,São Paulo,Auditoria,Concluída,1349.22
VG03989,P00047,2026-06-21,Rio de Janeiro,Treinamento,Concluída,2724.1
VG03990,P00665,2025-04-09,Belo Horizonte,Projeto,Aprovada,2244.8
VG03991,P00327,2024-02-29,Curitiba,Projeto,Concluída,2057.43
VG03992,P00603,2026-01-25,Rio de Janeiro,Fornecedor,Concluída,1215.98
VG03993,P00159,2026-02-11,Rio de Janeiro,Cliente,Concluída,1994.56
VG03994,P00509,2026-05-29,Campinas,Treinamento,Concluída,1692.85
VG03995,P00885,2024-05-06,Belo Horizonte,Treinamento,Cancelada,1630.94
VG03996,P00514,2024-07-10,Rio de Janeiro,Treinamento,Aprovada,2841.29
VG03997,P00023,2026-04-27,Belo Horizonte,Fornecedor,Concluída,4614.02
VG03998,P00313,2024-01-20,Belo Horizonte,Cliente,Concluída,2320.52
VG03999,P00296,2024-09-13,Campinas,Auditoria,Concluída,1408.49
VG04000,P00526,2024-06-01,Campinas,Projeto,Concluída,1293.99
VG04001,P00528,2025-08-08,São Paulo,Cliente,Concluída,5281.2
VG04002,P00750,2024-01-14,São Paulo,Fornecedor,Cancelada,716.82
VG04003,P00002,2025-05-03,Belo Horizonte,Fornecedor,Em análise,1700.67
VG04004,P00648,2024-03-17,Campinas,Fornecedor,Concluída,2283.16
VG04005,P00647,2024-08-19,Campinas,Cliente,Cancelada,1945.69
VG04006,P00150,2025-09-08,Rio de Janeiro,Cliente,Cancelada,2773.23
VG04007,P00306,2026-02-06,Campinas,Projeto,Aprovada,3705.21
VG04008,P00075,2024-01-07,Rio de Janeiro,Fornecedor,Concluída,892.45
VG04009,P00010,2024-01-09,Belo Horizonte,Cliente,Cancelada,1350.85
VG04010,P00379,2024-03-22,Campinas,Cliente,Concluída,1254.73
VG04011,P00447,2024-06-08,São Paulo,Cliente,Concluída,1221.61
VG04012,P00421,2025-08-25,Belo Horizonte,Fornecedor,Concluída,4117.59
VG04013,P00266,2025-09-12,Curitiba,Cliente,Concluída,3314.16
VG04014,P00899,2026-04-04,São Paulo,Treinamento,Concluída,808.1
VG04015,P00114,2025-09-08,Belo Horizonte,Fornecedor,Concluída,961.08
VG04016,P00102,2026-04-08,Rio de Janeiro,Treinamento,Concluída,834.38
VG04017,P00276,2025-03-17,Belo Horizonte,Fornecedor,Aprovada,1621.22
VG04018,P00253,2024-02-28,Rio de Janeiro,Cliente,Concluída,3228.42
VG04019,P00480,2024-06-20,Rio de Janeiro,Cliente,Concluída,3460.2
VG04020,P00234,2026-04-14,Campinas,Cliente,Concluída,1820.57
VG04021,P00207,2024-04-01,Rio de Janeiro,Fornecedor,Aprovada,1035.83
VG04022,P00012,2025-10-11,Rio de Janeiro,Fornecedor,Concluída,1143.6
VG04023,P00342,2025-04-30,Rio de Janeiro,Cliente,Concluída,1391.77
VG04024,P00234,2025-09-22,São Paulo,Fornecedor,Aprovada,1535.66
VG04025,P00790,2026-06-12,Belo Horizonte,Treinamento,Concluída,266.99
VG04026,P00029,2026-01-04,São Paulo,Treinamento,Concluída,2816.29
VG04027,P00182,2026-03-06,São Paulo,Cliente,Concluída,601.09
VG04028,P00362,2025-10-22,São Paulo,Fornecedor,Concluída,3323.87
VG04029,P00658,2026-05-10,Belo Horizonte,Fornecedor,Concluída,903.09
VG04030,P00097,2026-01-24,Belo Horizonte,Fornecedor,Aprovada,3500.33
VG04031,P00047,2026-06-24,Belo Horizonte,Fornecedor,Concluída,1547.18
VG04032,P00790,2024-05-27,Rio de Janeiro,Projeto,Em análise,2186.07
VG04033,P00812,2024-08-28,Campinas,Auditoria,Cancelada,1025.28
VG04034,P00200,2026-05-06,Belo Horizonte,Fornecedor,Concluída,2645.85
VG04035,P00526,2024-12-01,São Paulo,Cliente,Concluída,1097.58
VG04036,P00437,2024-10-05,São Paulo,Fornecedor,Concluída,3345.88
VG04037,P00234,2026-04-01,Belo Horizonte,Cliente,Concluída,1291.92
VG04038,P00417,2026-04-07,Curitiba,Projeto,Cancelada,902.54
VG04039,P00323,2024-09-03,Campinas,Fornecedor,Concluída,847.42
VG04040,P00169,2026-07-27,São Paulo,Projeto,Concluída,1333.01
VG04041,P00312,2026-06-23,Campinas,Cliente,Concluída,4795.91
VG04042,P00031,2025-07-01,Rio de Janeiro,Cliente,Concluída,925.89
VG04043,P00397,2024-06-10,Belo Horizonte,Fornecedor,Concluída,6301.62
VG04044,P00390,2024-09-24,Rio de Janeiro,Fornecedor,Concluída,1590.15
VG04045,P00588,2024-02-11,Campinas,Cliente,Aprovada,967.32
VG04046,P00468,2024-01-29,Campinas,Projeto,Aprovada,1538.91
VG04047,P00060,2024-09-23,Campinas,Treinamento,Concluída,1868.98
VG04048,P00121,2026-01-23,Belo Horizonte,Treinamento,Em análise,2182.41
VG04049,P00023,2026-03-02,São Paulo,Treinamento,Em análise,3462.24
VG04050,P00142,2025-01-11,Curitiba,Auditoria,Aprovada,921.95
VG04051,P00659,2024-01-10,São Paulo,Treinamento,Concluída,1147.19
VG04052,P00115,2024-01-12,Campinas,Treinamento,Concluída,557.31
VG04053,P00506,2025-04-29,Rio de Janeiro,Projeto,Concluída,2261.27
VG04054,P00596,2024-04-29,Curitiba,Cliente,Concluída,5208.71
VG04055,P00020,2025-08-26,Curitiba,Fornecedor,Aprovada,1465.08
VG04056,P00061,2026-06-04,São Paulo,Auditoria,Cancelada,2143.11
VG04057,P00097,2025-07-06,Belo Horizonte,Treinamento,Concluída,1286.43
VG04058,P00859,2025-02-26,Campinas,Auditoria,Aprovada,1282.67
VG04059,P00159,2026-06-07,Curitiba,Auditoria,Em análise,835.23
VG04060,P00067,2024-10-25,Rio de Janeiro,Auditoria,Cancelada,1520.7
VG04061,P00595,2025-12-03,Belo Horizonte,Projeto,Concluída,1619.5
VG04062,P00577,2024-05-01,Curitiba,Fornecedor,Aprovada,1402.91
VG04063,P00820,2025-10-18,Rio de Janeiro,Treinamento,Aprovada,754.88
VG04064,P00633,2025-01-31,Campinas,Fornecedor,Concluída,1808.84
VG04065,P00351,2024-06-09,Campinas,Fornecedor,Concluída,745.81
VG04066,P00375,2024-02-29,Belo Horizonte,Treinamento,Concluída,2720.57
VG04067,P00479,2024-09-10,Rio de Janeiro,Cliente,Concluída,1617.03
VG04068,P00749,2025-05-27,São Paulo,Cliente,Aprovada,1680.11
VG04069,P00739,2026-02-20,Campinas,Fornecedor,Concluída,2595.58
VG04070,P00586,2025-09-10,Rio de Janeiro,Cliente,Aprovada,3060.16
VG04071,P00760,2024-09-14,Belo Horizonte,Cliente,Concluída,2371.64
VG04072,P00324,2024-11-29,Campinas,Treinamento,Em análise,1179.07
VG04073,P00870,2026-07-05,Curitiba,Auditoria,Concluída,907.95
VG04074,P00531,2026-07-08,Rio de Janeiro,Treinamento,Concluída,885.81
VG04075,P00767,2024-03-09,Belo Horizonte,Cliente,Concluída,977.56
VG04076,P00805,2026-05-08,Belo Horizonte,Auditoria,Concluída,1581.26
VG04077,P00844,2025-07-08,Belo Horizonte,Projeto,Concluída,1864.99
VG04078,P00823,2026-05-21,São Paulo,Cliente,Concluída,2579.59
VG04079,P00766,2026-07-16,Belo Horizonte,Auditoria,Concluída,2145.45
VG04080,P00515,2026-02-05,Curitiba,Projeto,Concluída,3120.1
VG04081,P00364,2024-08-17,Belo Horizonte,Auditoria,Concluída,2403.8
VG04082,P00893,2024-07-31,Curitiba,Fornecedor,Concluída,2881.34
VG04083,P00749,2024-07-16,Rio de Janeiro,Treinamento,Concluída,6648.33
VG04084,P00521,2024-03-10,Belo Horizonte,Fornecedor,Concluída,3018.61
VG04085,P00107,2026-07-02,São Paulo,Fornecedor,Concluída,1028.24
VG04086,P00247,2024-07-17,Belo Horizonte,Treinamento,Concluída,3587.25
VG04087,P00681,2024-01-27,São Paulo,Auditoria,Concluída,2173.27
VG04088,P00489,2025-01-26,São Paulo,Cliente,Em análise,720.62
VG04089,P00079,2024-06-27,Campinas,Cliente,Concluída,1867.28
VG04090,P00760,2026-06-22,Curitiba,Fornecedor,Concluída,5260.41
VG04091,P00859,2025-09-16,Curitiba,Treinamento,Cancelada,674.0
VG04092,P00602,2024-03-31,São Paulo,Fornecedor,Concluída,1239.25
VG04093,P00786,2024-03-28,Rio de Janeiro,Cliente,Concluída,1139.08
VG04094,P00089,2026-04-16,Belo Horizonte,Projeto,Concluída,1397.56
VG04095,P00320,2024-08-17,Campinas,Cliente,Aprovada,1920.28
VG04096,P00336,2025-10-04,Belo Horizonte,Cliente,Em análise,2953.01
VG04097,P00511,2024-05-06,Campinas,Auditoria,Concluída,1572.98
VG04098,P00882,2025-08-19,Belo Horizonte,Fornecedor,Aprovada,3238.01
VG04099,P00148,2025-11-21,São Paulo,Auditoria,Concluída,909.35
VG04100,P00207,2024-11-10,Rio de Janeiro,Projeto,Concluída,964.08
VG04101,P00266,2026-05-20,Campinas,Cliente,Concluída,3028.66
VG04102,P00228,2025-01-05,Rio de Janeiro,Projeto,Concluída,1464.68
VG04103,P00464,2024-06-01,São Paulo,Fornecedor,Concluída,2097.52
VG04104,P00322,2024-12-01,Rio de Janeiro,Auditoria,Concluída,1416.12
VG04105,P00449,2025-08-18,Campinas,Auditoria,Concluída,3125.3
VG04106,P00819,2024-02-25,São Paulo,Treinamento,Concluída,2961.31
VG04107,P00267,2025-11-20,Curitiba,Auditoria,Concluída,1913.33
VG04108,P00617,2024-09-16,Rio de Janeiro,Treinamento,Concluída,1612.65
VG04109,P00056,2026-01-18,Campinas,Auditoria,Concluída,1433.52
VG04110,P00598,2025-12-12,Campinas,Treinamento,Concluída,2074.41
VG04111,P00067,2025-11-07,Belo Horizonte,Treinamento,Concluída,1012.94
VG04112,P00384,2024-04-07,Belo Horizonte,Auditoria,Concluída,4150.41
VG04113,P00689,2026-01-28,Curitiba,Auditoria,Aprovada,566.99
VG04114,P00760,2025-04-10,Curitiba,Cliente,Concluída,2437.37
VG04115,P00295,2026-01-01,Campinas,Fornecedor,Aprovada,2103.33
VG04116,P00204,2025-08-25,Campinas,Treinamento,Concluída,2340.2
VG04117,P00813,2025-10-14,São Paulo,Fornecedor,Concluída,1986.34
VG04118,P00744,2025-04-17,Campinas,Cliente,Concluída,2868.76
VG04119,P00131,2025-06-22,São Paulo,Projeto,Cancelada,2028.87
VG04120,P00612,2024-08-23,Curitiba,Fornecedor,Concluída,1641.42
VG04121,P00707,2024-08-23,São Paulo,Fornecedor,Concluída,898.31
VG04122,P00788,2025-09-17,Belo Horizonte,Fornecedor,Cancelada,1519.55
VG04123,P00222,2025-01-23,Belo Horizonte,Fornecedor,Concluída,2009.07
VG04124,P00390,2025-04-01,Curitiba,Projeto,Concluída,1615.75
VG04125,P00729,2026-04-22,Campinas,Auditoria,Concluída,1607.14
VG04126,P00434,2026-04-20,Rio de Janeiro,Cliente,Concluída,1874.4
VG04127,P00034,2025-03-27,São Paulo,Projeto,Concluída,2413.92
VG04128,P00140,2024-03-03,Rio de Janeiro,Cliente,Cancelada,1272.56
VG04129,P00125,2025-06-16,Rio de Janeiro,Projeto,Concluída,936.14
VG04130,P00244,2024-11-14,Rio de Janeiro,Cliente,Concluída,730.6
VG04131,P00473,2025-06-12,Curitiba,Fornecedor,Concluída,2105.43
VG04132,P00010,2026-04-16,Curitiba,Projeto,Concluída,1568.67
VG04133,P00121,2024-05-23,Campinas,Cliente,Aprovada,2761.11
VG04134,P00486,2025-06-04,Belo Horizonte,Projeto,Concluída,932.8
VG04135,P00104,2025-08-06,Rio de Janeiro,Auditoria,Concluída,2083.29
VG04136,P00360,2024-11-01,Campinas,Projeto,Concluída,1265.38
VG04137,P00276,2025-06-15,Curitiba,Treinamento,Concluída,759.08
VG04138,P00713,2025-04-15,São Paulo,Fornecedor,Concluída,865.12
VG04139,P00005,2024-01-13,Campinas,Cliente,Concluída,497.57
VG04140,P00705,2025-02-15,Belo Horizonte,Auditoria,Concluída,924.43
VG04141,P00871,2025-01-21,Curitiba,Treinamento,Concluída,881.5
VG04142,P00203,2025-11-10,São Paulo,Treinamento,Concluída,1164.67
VG04143,P00305,2025-09-29,São Paulo,Fornecedor,Concluída,2376.54
VG04144,P00701,2025-08-15,Curitiba,Projeto,Aprovada,521.95
VG04145,P00071,2024-03-06,Curitiba,Auditoria,Concluída,1375.5
VG04146,P00623,2024-08-10,Campinas,Fornecedor,Cancelada,822.9
VG04147,P00645,2026-06-27,Belo Horizonte,Treinamento,Concluída,3792.05
VG04148,P00028,2024-02-11,Belo Horizonte,Cliente,Cancelada,1174.14
VG04149,P00242,2026-07-31,Rio de Janeiro,Auditoria,Cancelada,5133.67
VG04150,P00809,2024-09-27,Belo Horizonte,Fornecedor,Aprovada,1216.99
VG04151,P00751,2025-05-09,São Paulo,Auditoria,Concluída,1943.83
VG04152,P00282,2025-09-11,Curitiba,Projeto,Aprovada,2469.6
VG04153,P00296,2025-06-18,Belo Horizonte,Projeto,Concluída,4133.32
VG04154,P00235,2024-03-06,Curitiba,Treinamento,Concluída,3771.48
VG04155,P00573,2026-06-16,Curitiba,Fornecedor,Concluída,1099.14
VG04156,P00265,2026-07-02,Curitiba,Fornecedor,Em análise,1972.66
VG04157,P00665,2026-06-21,Rio de Janeiro,Cliente,Concluída,3600.57
VG04158,P00838,2024-07-29,São Paulo,Fornecedor,Concluída,4433.03
VG04159,P00249,2024-01-02,Rio de Janeiro,Projeto,Aprovada,1335.13
VG04160,P00540,2026-02-03,Rio de Janeiro,Fornecedor,Concluída,1635.9
VG04161,P00854,2024-10-21,Curitiba,Projeto,Aprovada,1086.09
VG04162,P00653,2026-03-18,Campinas,Fornecedor,Concluída,3234.51
VG04163,P00734,2024-11-24,Curitiba,Treinamento,Em análise,1117.8
VG04164,P00240,2026-07-17,Campinas,Fornecedor,Concluída,3030.11
VG04165,P00285,2024-02-25,Campinas,Treinamento,Concluída,2672.53
VG04166,P00108,2026-07-05,Curitiba,Auditoria,Concluída,662.8
VG04167,P00362,2026-07-04,Rio de Janeiro,Fornecedor,Cancelada,1345.56
VG04168,P00615,2024-08-03,São Paulo,Auditoria,Concluída,860.85
VG04169,P00184,2025-05-06,Belo Horizonte,Auditoria,Concluída,1710.33
VG04170,P00710,2024-12-06,Curitiba,Cliente,Concluída,732.65
VG04171,P00393,2025-02-24,Rio de Janeiro,Fornecedor,Concluída,2306.83
VG04172,P00017,2024-04-24,Belo Horizonte,Projeto,Concluída,615.45
VG04173,P00073,2025-05-30,São Paulo,Fornecedor,Concluída,3093.9
VG04174,P00368,2026-06-04,São Paulo,Cliente,Concluída,4169.45
VG04175,P00879,2025-08-12,Curitiba,Fornecedor,Concluída,1873.4
VG04176,P00450,2025-01-10,Belo Horizonte,Fornecedor,Concluída,3809.8
VG04177,P00238,2024-06-21,Curitiba,Treinamento,Concluída,4660.45
VG04178,P00016,2026-02-12,Rio de Janeiro,Treinamento,Concluída,1220.03
VG04179,P00675,2024-10-15,Belo Horizonte,Fornecedor,Cancelada,1595.47
VG04180,P00781,2026-05-02,Rio de Janeiro,Projeto,Concluída,1812.67
VG04181,P00873,2026-04-01,Belo Horizonte,Cliente,Em análise,797.44
VG04182,P00371,2024-11-04,São Paulo,Auditoria,Concluída,3377.39
VG04183,P00598,2025-03-17,Curitiba,Treinamento,Em análise,2084.3
VG04184,P00109,2024-08-08,Curitiba,Treinamento,Concluída,1159.3
VG04185,P00527,2025-11-18,São Paulo,Auditoria,Concluída,2601.58
VG04186,P00649,2024-03-21,Rio de Janeiro,Auditoria,Cancelada,1856.33
VG04187,P00663,2025-08-01,Curitiba,Projeto,Concluída,653.26
VG04188,P00554,2024-11-02,Curitiba,Treinamento,Concluída,1277.11
VG04189,P00722,2024-03-09,Belo Horizonte,Fornecedor,Concluída,2358.71
VG04190,P00345,2024-03-29,Curitiba,Fornecedor,Concluída,1737.43
VG04191,P00040,2024-01-02,Campinas,Auditoria,Concluída,2177.44
VG04192,P00420,2024-01-27,Curitiba,Projeto,Em análise,1706.83
VG04193,P00654,2024-08-24,Curitiba,Fornecedor,Aprovada,3381.85
VG04194,P00326,2025-08-30,Campinas,Treinamento,Concluída,1882.17
VG04195,P00333,2025-02-10,São Paulo,Treinamento,Concluída,2775.47
VG04196,P00594,2024-08-19,Belo Horizonte,Fornecedor,Concluída,2231.56
VG04197,P00094,2026-05-15,Belo Horizonte,Treinamento,Concluída,2484.96
VG04198,P00299,2026-04-09,Curitiba,Fornecedor,Concluída,1800.29
VG04199,P00598,2024-11-28,Belo Horizonte,Cliente,Concluída,2915.57
VG04200,P00397,2024-08-22,Belo Horizonte,Fornecedor,Concluída,1261.37
