movimentacao_id,processo_id,data_movimentacao,tipo,origem
1,1,2026-12-13,Sentença,Tribunal
2,1,2026-08-22,Recurso,Escritório
3,1,2025-11-05,Despacho,Parte contrária
4,1,2026-12-23,Decisão,Parte contrária
5,1,2026-07-22,Sentença,Escritório
6,2,2026-07-25,Recurso,Tribunal
7,2,2026-07-26,Sentença,Escritório
8,3,2026-07-17,Decisão,Tribunal
9,3,2026-12-24,Despacho,Parte contrária
10,3,2026-08-01,Despacho,Parte contrária
11,4,2027-08-25,Recurso,Tribunal
12,4,2026-09-22,Sentença,Escritório
13,4,2026-12-13,Petição,Tribunal
14,5,2027-04-14,Recurso,Escritório
15,5,2027-02-14,Despacho,Tribunal
16,5,2026-03-25,Despacho,Parte contrária
17,5,2026-10-02,Despacho,Tribunal
18,6,2026-08-10,Recurso,Tribunal
19,6,2026-08-27,Recurso,Parte contrária
20,6,2026-04-27,Decisão,Escritório
21,7,2025-10-17,Decisão,Escritório
22,7,2027-01-07,Despacho,Parte contrária
23,7,2026-06-26,Despacho,Escritório
24,7,2026-08-04,Decisão,Escritório
25,8,2026-05-13,Despacho,Escritório
26,8,2027-03-22,Sentença,Escritório
27,8,2027-04-05,Decisão,Tribunal
28,9,2027-01-11,Sentença,Tribunal
29,9,2026-08-18,Petição,Escritório
30,9,2026-04-07,Despacho,Parte contrária
31,9,2026-06-30,Despacho,Parte contrária
32,9,2027-03-06,Despacho,Escritório
33,10,2026-08-28,Recurso,Parte contrária
34,10,2025-10-21,Recurso,Parte contrária
35,10,2026-10-07,Decisão,Escritório
36,11,2025-12-01,Recurso,Parte contrária
37,11,2027-01-21,Recurso,Escritório
38,12,2025-09-20,Despacho,Parte contrária
39,12,2026-01-04,Sentença,Tribunal
40,13,2026-02-15,Recurso,Tribunal
41,13,2026-06-11,Recurso,Escritório
42,14,2026-12-30,Sentença,Tribunal
43,14,2026-04-18,Despacho,Escritório
44,15,2025-09-02,Recurso,Escritório
45,15,2025-09-09,Sentença,Parte contrária
46,15,2026-05-31,Recurso,Tribunal
47,16,2026-08-20,Despacho,Tribunal
48,16,2027-05-22,Despacho,Tribunal
49,16,2027-03-11,Despacho,Parte contrária
50,17,2026-05-23,Despacho,Escritório
51,17,2026-03-28,Sentença,Tribunal
52,18,2026-10-24,Decisão,Parte contrária
53,18,2026-08-06,Decisão,Parte contrária
54,18,2025-09-13,Decisão,Parte contrária
55,18,2025-09-20,Despacho,Tribunal
56,18,2026-10-28,Decisão,Escritório
57,19,2026-08-12,Despacho,Parte contrária
58,19,2025-08-21,Sentença,Parte contrária
59,19,2026-04-08,Despacho,Tribunal
60,19,2026-05-07,Decisão,Parte contrária
61,20,2026-07-14,Despacho,Tribunal
62,20,2026-12-30,Petição,Parte contrária
63,20,2026-01-04,Decisão,Parte contrária
64,20,2025-11-28,Petição,Parte contrária
65,21,2026-05-25,Sentença,Tribunal
66,21,2026-10-19,Despacho,Escritório
67,21,2026-07-14,Despacho,Escritório
68,21,2026-12-30,Sentença,Escritório
69,21,2027-03-20,Decisão,Escritório
70,22,2026-06-06,Decisão,Parte contrária
71,22,2026-04-08,Recurso,Tribunal
72,22,2026-01-22,Petição,Parte contrária
73,22,2027-05-01,Petição,Escritório
74,23,2027-09-19,Petição,Parte contrária
75,23,2027-08-25,Petição,Tribunal
76,23,2026-10-24,Decisão,Tribunal
77,23,2026-11-26,Despacho,Tribunal
78,24,2027-02-05,Despacho,Tribunal
79,24,2026-09-26,Petição,Parte contrária
80,24,2026-10-28,Sentença,Parte contrária
81,24,2027-05-22,Recurso,Parte contrária
82,24,2027-03-14,Despacho,Tribunal
83,25,2026-07-06,Recurso,Escritório
84,25,2026-07-02,Decisão,Tribunal
85,25,2026-07-28,Despacho,Tribunal
86,25,2026-07-20,Recurso,Parte contrária
87,25,2027-01-08,Recurso,Escritório
88,26,2026-11-11,Decisão,Escritório
89,26,2026-01-14,Recurso,Parte contrária
90,26,2026-09-23,Sentença,Parte contrária
91,26,2026-05-21,Petição,Tribunal
92,26,2026-12-18,Sentença,Escritório
93,27,2026-04-17,Petição,Escritório
94,27,2026-09-08,Recurso,Escritório
95,27,2026-05-25,Despacho,Parte contrária
96,28,2027-01-02,Despacho,Parte contrária
97,28,2026-12-27,Decisão,Escritório
98,28,2026-03-17,Sentença,Escritório
99,28,2027-01-28,Petição,Parte contrária
100,29,2026-08-18,Recurso,Parte contrária
101,29,2026-08-06,Petição,Parte contrária
102,29,2026-06-24,Sentença,Tribunal
103,29,2026-02-17,Despacho,Parte contrária
104,29,2026-06-17,Recurso,Parte contrária
105,30,2026-07-29,Recurso,Parte contrária
106,30,2026-04-23,Decisão,Parte contrária
107,31,2026-10-07,Despacho,Parte contrária
108,31,2026-09-27,Petição,Tribunal
109,31,2026-04-10,Petição,Tribunal
110,31,2026-12-10,Decisão,Parte contrária
111,31,2026-05-27,Decisão,Parte contrária
112,32,2027-01-15,Decisão,Escritório
113,32,2027-07-28,Recurso,Tribunal
114,32,2027-06-08,Petição,Tribunal
115,32,2026-10-08,Recurso,Escritório
116,33,2026-10-15,Decisão,Escritório
117,33,2026-11-08,Decisão,Escritório
118,33,2026-07-24,Decisão,Tribunal
119,34,2026-09-12,Despacho,Escritório
120,34,2027-04-08,Despacho,Parte contrária
121,34,2027-05-16,Recurso,Escritório
122,34,2027-06-17,Petição,Parte contrária
123,34,2026-07-14,Decisão,Tribunal
124,35,2027-03-13,Recurso,Escritório
125,35,2027-03-07,Petição,Escritório
126,36,2027-04-24,Recurso,Parte contrária
127,36,2027-10-24,Petição,Parte contrária
128,36,2027-07-08,Petição,Parte contrária
129,36,2026-12-11,Decisão,Escritório
130,36,2027-02-17,Despacho,Escritório
131,37,2027-07-12,Sentença,Tribunal
132,37,2026-11-16,Petição,Escritório
133,38,2027-05-20,Recurso,Parte contrária
134,38,2027-05-20,Decisão,Tribunal
135,38,2026-06-14,Petição,Escritório
136,38,2026-07-30,Despacho,Tribunal
137,38,2026-04-15,Decisão,Tribunal
138,39,2027-07-15,Despacho,Parte contrária
139,39,2026-06-30,Sentença,Tribunal
140,39,2026-08-09,Despacho,Tribunal
141,39,2026-07-07,Despacho,Escritório
142,39,2027-06-21,Petição,Escritório
143,40,2026-12-04,Recurso,Escritório
144,40,2027-03-06,Decisão,Tribunal
145,40,2027-03-22,Recurso,Parte contrária
146,40,2026-06-09,Sentença,Escritório
147,40,2026-06-27,Petição,Escritório
148,41,2026-12-21,Petição,Parte contrária
149,41,2026-03-12,Decisão,Escritório
150,42,2026-06-29,Decisão,Parte contrária
151,42,2026-04-11,Petição,Escritório
152,42,2027-04-15,Despacho,Parte contrária
153,43,2027-04-17,Despacho,Escritório
154,43,2026-09-29,Sentença,Escritório
155,43,2027-02-01,Petição,Escritório
156,43,2027-05-12,Sentença,Parte contrária
157,43,2026-12-30,Recurso,Tribunal
158,44,2027-02-09,Despacho,Parte contrária
159,44,2026-09-18,Despacho,Tribunal
160,44,2027-05-13,Despacho,Tribunal
161,44,2026-12-15,Despacho,Escritório
162,44,2026-10-20,Petição,Tribunal
163,45,2026-11-29,Petição,Parte contrária
164,45,2026-07-12,Sentença,Parte contrária
165,45,2027-03-09,Petição,Escritório
166,46,2025-10-15,Recurso,Escritório
167,46,2025-12-30,Petição,Tribunal
168,46,2026-03-06,Recurso,Parte contrária
169,47,2026-05-20,Sentença,Escritório
170,47,2026-05-18,Sentença,Parte contrária
171,47,2026-07-27,Sentença,Parte contrária
172,47,2026-04-01,Decisão,Escritório
173,48,2026-01-31,Recurso,Parte contrária
174,48,2025-11-01,Despacho,Parte contrária
175,48,2026-09-14,Recurso,Escritório
176,48,2026-09-22,Sentença,Parte contrária
177,49,2026-09-17,Decisão,Escritório
178,49,2026-08-04,Sentença,Parte contrária
179,49,2026-07-01,Recurso,Tribunal
180,49,2026-10-07,Despacho,Tribunal
181,49,2027-01-24,Sentença,Escritório
182,50,2025-09-02,Recurso,Escritório
183,50,2026-01-03,Despacho,Parte contrária
184,50,2026-05-23,Decisão,Escritório
185,50,2026-01-12,Recurso,Parte contrária
186,51,2025-11-04,Despacho,Tribunal
187,51,2027-01-03,Petição,Tribunal
188,51,2026-06-16,Recurso,Tribunal
189,51,2025-09-13,Decisão,Parte contrária
190,51,2027-01-11,Despacho,Escritório
191,52,2026-08-18,Petição,Escritório
192,52,2026-03-20,Sentença,Tribunal
193,53,2026-03-23,Recurso,Tribunal
194,53,2026-11-03,Despacho,Parte contrária
195,53,2026-09-05,Petição,Tribunal
196,54,2026-04-06,Sentença,Parte contrária
197,54,2026-04-15,Recurso,Parte contrária
198,54,2026-01-03,Recurso,Tribunal
199,54,2025-10-29,Sentença,Escritório
200,55,2027-06-21,Petição,Escritório
201,55,2027-04-08,Recurso,Tribunal
202,56,2027-06-13,Recurso,Tribunal
203,56,2027-07-11,Sentença,Parte contrária
204,56,2027-04-07,Decisão,Parte contrária
205,57,2026-07-13,Recurso,Tribunal
206,57,2026-09-23,Despacho,Parte contrária
207,58,2025-12-16,Sentença,Parte contrária
208,58,2026-06-26,Decisão,Parte contrária
209,58,2026-09-09,Despacho,Tribunal
210,58,2026-06-12,Despacho,Parte contrária
211,59,2027-03-28,Petição,Parte contrária
212,59,2027-09-28,Sentença,Escritório
213,59,2027-01-02,Sentença,Tribunal
214,59,2027-10-12,Decisão,Tribunal
215,60,2026-03-09,Despacho,Tribunal
216,60,2026-10-03,Decisão,Tribunal
217,61,2026-07-20,Decisão,Escritório
218,61,2027-01-24,Petição,Parte contrária
219,61,2025-12-28,Despacho,Escritório
220,62,2025-08-06,Petição,Parte contrária
221,62,2025-11-12,Recurso,Parte contrária
222,62,2026-07-09,Recurso,Tribunal
223,62,2026-10-15,Petição,Tribunal
224,62,2026-03-28,Recurso,Escritório
225,63,2026-09-17,Sentença,Escritório
226,63,2027-02-01,Sentença,Parte contrária
227,63,2026-02-01,Decisão,Parte contrária
228,63,2027-05-27,Recurso,Tribunal
229,64,2026-04-03,Sentença,Tribunal
230,64,2026-08-11,Despacho,Escritório
231,64,2026-10-04,Petição,Parte contrária
232,65,2026-07-08,Sentença,Escritório
233,65,2026-02-09,Despacho,Tribunal
234,65,2025-11-21,Petição,Escritório
235,65,2026-10-01,Decisão,Tribunal
236,66,2026-05-14,Sentença,Parte contrária
237,66,2026-08-24,Petição,Tribunal
238,67,2026-06-02,Despacho,Escritório
239,67,2026-07-25,Despacho,Escritório
240,67,2026-08-21,Sentença,Parte contrária
241,67,2026-11-08,Despacho,Parte contrária
242,68,2025-12-06,Sentença,Escritório
243,68,2027-01-02,Petição,Tribunal
244,68,2026-01-14,Petição,Tribunal
245,69,2027-05-28,Despacho,Escritório
246,69,2027-05-06,Recurso,Tribunal
247,69,2026-05-13,Sentença,Escritório
248,69,2027-05-11,Decisão,Escritório
249,70,2026-01-28,Sentença,Escritório
250,70,2026-12-13,Petição,Escritório
251,70,2026-06-02,Petição,Parte contrária
252,70,2026-05-21,Despacho,Parte contrária
253,70,2026-03-26,Sentença,Tribunal
254,71,2026-02-10,Petição,Tribunal
255,71,2026-07-18,Recurso,Tribunal
256,71,2027-03-22,Recurso,Tribunal
257,72,2026-07-03,Sentença,Parte contrária
258,72,2026-08-29,Sentença,Escritório
259,72,2026-12-15,Recurso,Escritório
260,72,2026-11-11,Recurso,Tribunal
261,73,2027-04-21,Petição,Parte contrária
262,73,2026-08-09,Despacho,Parte contrária
263,73,2027-07-14,Sentença,Escritório
264,73,2027-03-13,Petição,Parte contrária
265,73,2026-07-23,Decisão,Escritório
266,74,2027-07-17,Sentença,Tribunal
267,74,2027-05-22,Despacho,Escritório
268,75,2026-06-17,Petição,Tribunal
269,75,2026-09-16,Decisão,Escritório
270,76,2025-10-08,Despacho,Tribunal
271,76,2026-10-07,Sentença,Tribunal
272,77,2026-08-27,Recurso,Escritório
273,77,2027-05-28,Sentença,Parte contrária
274,77,2026-09-15,Recurso,Escritório
275,77,2026-08-13,Petição,Escritório
276,77,2026-08-06,Sentença,Escritório
277,78,2025-10-08,Recurso,Tribunal
278,78,2026-08-02,Sentença,Tribunal
279,78,2025-09-20,Despacho,Parte contrária
280,78,2026-11-30,Decisão,Parte contrária
281,79,2026-01-15,Despacho,Tribunal
282,79,2025-11-22,Petição,Escritório
283,79,2026-09-28,Petição,Escritório
284,80,2026-05-04,Recurso,Parte contrária
285,80,2026-02-26,Recurso,Tribunal
286,80,2027-05-28,Decisão,Escritório
287,81,2026-05-16,Petição,Escritório
288,81,2026-04-01,Recurso,Escritório
289,82,2026-09-14,Despacho,Parte contrária
290,82,2027-09-06,Petição,Tribunal
291,82,2027-04-27,Recurso,Parte contrária
292,83,2026-12-06,Recurso,Escritório
293,83,2026-04-04,Decisão,Escritório
294,83,2027-04-14,Sentença,Tribunal
295,83,2026-11-09,Despacho,Parte contrária
296,83,2026-11-22,Sentença,Escritório
297,84,2026-07-18,Sentença,Escritório
298,84,2026-07-23,Sentença,Parte contrária
299,84,2026-07-25,Petição,Parte contrária
300,84,2026-09-28,Petição,Escritório
301,85,2026-01-01,Petição,Escritório
302,85,2026-05-24,Sentença,Escritório
303,86,2027-04-18,Recurso,Escritório
304,86,2026-11-09,Sentença,Parte contrária
305,86,2026-10-17,Decisão,Parte contrária
306,86,2026-07-24,Recurso,Escritório
307,87,2025-08-25,Sentença,Parte contrária
308,87,2026-11-09,Petição,Tribunal
309,88,2026-06-13,Sentença,Tribunal
310,88,2025-12-25,Despacho,Tribunal
311,88,2025-11-15,Recurso,Tribunal
312,89,2025-12-15,Petição,Escritório
313,89,2026-05-30,Petição,Parte contrária
314,89,2026-06-01,Sentença,Parte contrária
315,89,2025-11-26,Despacho,Parte contrária
316,89,2026-05-02,Recurso,Parte contrária
317,90,2026-03-06,Decisão,Tribunal
318,90,2026-11-08,Sentença,Tribunal
319,90,2026-09-13,Recurso,Tribunal
320,90,2026-10-07,Decisão,Escritório
321,90,2026-05-21,Decisão,Tribunal
322,91,2026-09-21,Petição,Tribunal
323,91,2026-09-14,Despacho,Escritório
324,91,2026-03-21,Petição,Escritório
325,92,2026-12-25,Sentença,Tribunal
326,92,2026-04-07,Despacho,Parte contrária
327,92,2026-10-15,Despacho,Parte contrária
328,92,2025-10-29,Despacho,Tribunal
329,93,2026-06-05,Recurso,Parte contrária
330,93,2026-03-26,Despacho,Tribunal
331,93,2025-12-26,Despacho,Escritório
332,94,2027-07-04,Petição,Escritório
333,94,2027-04-22,Despacho,Escritório
334,94,2027-01-04,Recurso,Parte contrária
335,94,2027-05-24,Sentença,Tribunal
336,94,2026-12-03,Sentença,Parte contrária
337,95,2026-07-13,Sentença,Escritório
338,95,2027-04-10,Decisão,Escritório
339,95,2026-09-22,Sentença,Tribunal
340,95,2026-06-09,Decisão,Tribunal
341,95,2027-01-21,Petição,Escritório
342,96,2026-04-04,Sentença,Escritório
343,96,2026-02-14,Recurso,Tribunal
344,96,2026-02-21,Recurso,Escritório
345,97,2026-04-03,Sentença,Tribunal
346,97,2026-02-20,Sentença,Tribunal
347,97,2026-11-05,Petição,Escritório
348,98,2025-12-21,Sentença,Parte contrária
349,98,2026-04-09,Sentença,Escritório
350,99,2027-08-25,Despacho,Tribunal
351,99,2027-03-28,Decisão,Escritório
352,100,2027-02-18,Petição,Escritório
353,100,2026-02-09,Despacho,Tribunal
354,100,2026-09-04,Sentença,Parte contrária
355,101,2026-04-17,Sentença,Parte contrária
356,101,2025-10-17,Decisão,Parte contrária
357,101,2025-10-08,Despacho,Tribunal
358,101,2026-08-15,Petição,Parte contrária
359,101,2026-12-05,Decisão,Tribunal
360,102,2026-06-25,Petição,Escritório
361,102,2026-08-31,Sentença,Tribunal
362,102,2027-07-25,Petição,Escritório
363,102,2026-11-20,Petição,Parte contrária
364,103,2026-10-24,Sentença,Tribunal
365,103,2026-11-21,Despacho,Escritório
366,103,2027-10-06,Despacho,Escritório
367,103,2027-01-13,Petição,Tribunal
368,103,2026-07-11,Sentença,Escritório
369,104,2027-04-30,Petição,Tribunal
370,104,2027-10-04,Decisão,Parte contrária
371,104,2026-10-31,Petição,Escritório
372,105,2026-02-19,Despacho,Parte contrária
373,105,2026-12-06,Decisão,Escritório
374,106,2027-06-09,Despacho,Tribunal
375,106,2027-05-05,Recurso,Parte contrária
376,106,2027-04-14,Recurso,Escritório
377,106,2027-04-11,Recurso,Tribunal
378,106,2027-07-02,Sentença,Tribunal
379,107,2026-11-15,Recurso,Tribunal
380,107,2025-12-07,Despacho,Tribunal
381,107,2026-12-15,Despacho,Escritório
382,108,2025-08-20,Petição,Parte contrária
383,108,2026-09-10,Recurso,Parte contrária
384,109,2026-10-13,Petição,Parte contrária
385,109,2025-12-19,Petição,Tribunal
386,110,2025-10-18,Recurso,Tribunal
387,110,2026-11-29,Sentença,Tribunal
388,110,2025-09-13,Despacho,Parte contrária
389,111,2026-10-06,Sentença,Tribunal
390,111,2026-01-24,Sentença,Tribunal
391,112,2027-07-18,Recurso,Tribunal
392,112,2026-12-19,Despacho,Escritório
393,112,2026-10-20,Recurso,Escritório
394,112,2027-07-24,Sentença,Escritório
395,113,2026-08-14,Recurso,Tribunal
396,113,2026-02-02,Sentença,Escritório
397,114,2025-12-18,Petição,Escritório
398,114,2025-09-27,Decisão,Tribunal
399,115,2026-05-15,Petição,Escritório
400,115,2026-04-25,Sentença,Tribunal
401,116,2026-06-26,Petição,Escritório
402,116,2027-01-09,Despacho,Escritório
403,116,2026-03-19,Sentença,Parte contrária
404,116,2027-01-24,Despacho,Tribunal
405,116,2026-09-12,Recurso,Tribunal
406,117,2026-12-21,Decisão,Parte contrária
407,117,2026-04-03,Recurso,Tribunal
408,117,2026-02-25,Despacho,Tribunal
409,118,2026-08-08,Petição,Escritório
410,118,2027-03-29,Despacho,Escritório
411,119,2027-02-14,Despacho,Parte contrária
412,119,2026-10-12,Decisão,Tribunal
413,119,2026-01-31,Decisão,Escritório
414,119,2026-12-07,Petição,Parte contrária
415,120,2026-12-18,Sentença,Tribunal
416,120,2026-12-26,Recurso,Parte contrária
417,121,2026-07-20,Petição,Escritório
418,121,2027-03-24,Petição,Tribunal
419,121,2026-08-29,Petição,Escritório
420,121,2027-01-23,Petição,Escritório
421,122,2026-08-21,Decisão,Tribunal
422,122,2025-09-22,Decisão,Escritório
423,123,2026-05-19,Petição,Escritório
424,123,2025-10-10,Decisão,Parte contrária
425,123,2025-12-30,Decisão,Escritório
426,123,2026-06-04,Petição,Parte contrária
427,123,2026-09-08,Decisão,Tribunal
428,124,2026-06-12,Sentença,Escritório
429,124,2026-11-10,Petição,Tribunal
430,124,2027-07-27,Petição,Tribunal
431,124,2026-04-24,Petição,Parte contrária
432,124,2026-07-30,Decisão,Escritório
433,125,2026-03-22,Sentença,Escritório
434,125,2026-08-07,Sentença,Tribunal
435,125,2026-02-03,Decisão,Escritório
436,125,2026-10-31,Sentença,Escritório
437,126,2026-07-15,Despacho,Escritório
438,126,2027-01-25,Recurso,Escritório
439,127,2027-07-12,Sentença,Tribunal
440,127,2026-05-14,Sentença,Tribunal
441,127,2026-08-10,Despacho,Parte contrária
442,127,2027-02-23,Decisão,Tribunal
443,127,2027-04-06,Decisão,Escritório
444,128,2027-04-02,Sentença,Tribunal
445,128,2027-04-03,Despacho,Tribunal
446,128,2027-02-15,Decisão,Escritório
447,128,2027-05-01,Sentença,Tribunal
448,129,2025-11-04,Petição,Parte contrária
449,129,2026-06-15,Recurso,Parte contrária
450,129,2026-03-07,Sentença,Escritório
451,129,2026-12-16,Recurso,Escritório
452,129,2026-07-11,Despacho,Parte contrária
453,130,2026-10-31,Sentença,Tribunal
454,130,2025-09-30,Petição,Parte contrária
455,130,2025-10-09,Petição,Tribunal
456,130,2026-08-24,Despacho,Tribunal
457,130,2026-09-22,Sentença,Escritório
458,131,2026-03-16,Sentença,Escritório
459,131,2026-05-10,Petição,Parte contrária
460,132,2027-01-14,Decisão,Parte contrária
461,132,2026-09-19,Despacho,Tribunal
462,133,2026-09-09,Petição,Escritório
463,133,2026-12-15,Decisão,Tribunal
464,133,2026-11-07,Sentença,Parte contrária
465,134,2026-04-28,Recurso,Tribunal
466,134,2026-12-24,Petição,Tribunal
467,134,2027-05-14,Petição,Escritório
468,135,2026-10-05,Sentença,Tribunal
469,135,2026-06-28,Despacho,Parte contrária
470,135,2025-09-08,Decisão,Tribunal
471,136,2026-11-09,Despacho,Tribunal
472,136,2025-11-18,Recurso,Tribunal
473,136,2026-06-18,Sentença,Tribunal
474,137,2027-04-16,Despacho,Tribunal
475,137,2026-08-04,Decisão,Tribunal
476,137,2026-03-28,Petição,Parte contrária
477,138,2027-02-20,Recurso,Escritório
478,138,2026-12-31,Petição,Escritório
479,138,2027-05-18,Sentença,Escritório
480,138,2026-04-22,Recurso,Escritório
481,138,2026-05-24,Sentença,Escritório
482,139,2027-01-05,Petição,Tribunal
483,139,2026-12-06,Recurso,Parte contrária
484,139,2027-02-25,Petição,Tribunal
485,139,2027-06-03,Sentença,Parte contrária
486,139,2026-11-02,Decisão,Parte contrária
487,140,2026-08-24,Decisão,Tribunal
488,140,2026-09-08,Sentença,Parte contrária
489,141,2026-11-20,Sentença,Tribunal
490,141,2027-02-18,Decisão,Escritório
491,141,2027-02-16,Sentença,Escritório
492,141,2027-02-02,Petição,Parte contrária
493,142,2027-02-24,Recurso,Tribunal
494,142,2027-03-27,Decisão,Tribunal
495,142,2026-04-30,Recurso,Parte contrária
496,142,2026-06-06,Petição,Escritório
497,142,2027-06-23,Sentença,Tribunal
498,143,2026-01-07,Despacho,Escritório
499,143,2026-07-05,Decisão,Tribunal
500,144,2026-05-27,Recurso,Parte contrária
501,144,2027-02-24,Petição,Parte contrária
502,144,2027-07-16,Recurso,Parte contrária
503,145,2026-03-04,Sentença,Tribunal
504,145,2025-10-09,Decisão,Escritório
505,145,2027-01-30,Decisão,Tribunal
506,145,2027-01-04,Sentença,Parte contrária
507,145,2026-04-23,Decisão,Parte contrária
508,146,2026-08-22,Petição,Escritório
509,146,2026-07-26,Recurso,Escritório
510,146,2027-10-12,Despacho,Parte contrária
511,146,2027-03-08,Decisão,Escritório
512,146,2027-02-02,Sentença,Escritório
513,147,2026-04-24,Decisão,Escritório
514,147,2026-05-26,Despacho,Escritório
515,148,2026-05-07,Sentença,Tribunal
516,148,2026-11-22,Recurso,Tribunal
517,148,2026-08-23,Decisão,Escritório
518,149,2026-07-14,Despacho,Tribunal
519,149,2026-05-04,Despacho,Parte contrária
520,149,2027-01-06,Despacho,Tribunal
521,149,2027-02-16,Petição,Escritório
522,150,2026-04-12,Recurso,Escritório
523,150,2027-01-09,Decisão,Tribunal
524,150,2026-02-24,Petição,Tribunal
525,151,2026-03-16,Recurso,Tribunal
526,151,2026-03-31,Despacho,Parte contrária
527,151,2027-05-21,Sentença,Parte contrária
528,151,2026-10-20,Despacho,Parte contrária
529,152,2026-08-18,Sentença,Escritório
530,152,2025-11-28,Recurso,Parte contrária
531,152,2026-11-28,Decisão,Parte contrária
532,152,2026-08-13,Decisão,Escritório
533,152,2026-11-13,Decisão,Escritório
534,153,2027-03-19,Petição,Escritório
535,153,2027-04-24,Sentença,Escritório
536,153,2026-07-09,Despacho,Parte contrária
537,153,2027-01-07,Sentença,Tribunal
538,153,2027-05-19,Recurso,Tribunal
539,154,2027-03-10,Despacho,Parte contrária
540,154,2026-04-10,Despacho,Parte contrária
541,155,2027-10-27,Recurso,Tribunal
542,155,2026-08-05,Decisão,Parte contrária
543,155,2027-04-05,Despacho,Tribunal
544,156,2026-03-04,Petição,Escritório
545,156,2026-07-12,Sentença,Escritório
546,156,2026-08-08,Recurso,Parte contrária
547,156,2026-08-15,Petição,Tribunal
548,157,2026-08-24,Petição,Escritório
549,157,2026-11-21,Recurso,Escritório
550,158,2027-01-30,Despacho,Parte contrária
551,158,2026-12-15,Sentença,Escritório
552,158,2026-01-08,Petição,Escritório
553,159,2027-04-20,Decisão,Tribunal
554,159,2027-08-27,Despacho,Tribunal
555,159,2027-02-09,Recurso,Escritório
556,159,2027-03-24,Decisão,Parte contrária
557,159,2027-03-22,Recurso,Tribunal
558,160,2026-08-15,Decisão,Escritório
559,160,2026-12-11,Decisão,Tribunal
560,160,2026-04-10,Decisão,Parte contrária
561,160,2025-12-17,Decisão,Escritório
562,161,2026-06-04,Petição,Parte contrária
563,161,2027-03-25,Despacho,Escritório
564,161,2026-01-06,Recurso,Escritório
565,161,2026-04-03,Recurso,Tribunal
566,161,2027-01-17,Recurso,Parte contrária
567,162,2027-01-06,Sentença,Escritório
568,162,2026-05-08,Petição,Escritório
569,162,2027-03-13,Decisão,Tribunal
570,162,2025-12-24,Recurso,Escritório
571,162,2026-05-20,Petição,Tribunal
572,163,2026-05-21,Petição,Escritório
573,163,2026-12-22,Recurso,Escritório
574,163,2026-04-18,Recurso,Escritório
575,164,2025-12-06,Recurso,Tribunal
576,164,2025-12-18,Sentença,Parte contrária
577,165,2026-05-15,Sentença,Tribunal
578,165,2026-03-15,Decisão,Parte contrária
579,165,2026-09-08,Petição,Parte contrária
580,165,2026-11-03,Decisão,Tribunal
581,166,2026-05-01,Petição,Escritório
582,166,2027-01-05,Recurso,Escritório
583,166,2026-09-26,Decisão,Escritório
584,167,2027-06-25,Sentença,Escritório
585,167,2026-10-25,Recurso,Parte contrária
586,167,2026-05-30,Despacho,Parte contrária
587,167,2027-05-26,Despacho,Tribunal
588,168,2027-03-11,Sentença,Parte contrária
589,168,2026-11-13,Decisão,Parte contrária
590,168,2026-09-30,Sentença,Escritório
591,168,2027-07-14,Decisão,Escritório
592,168,2027-05-24,Petição,Parte contrária
593,169,2026-11-29,Despacho,Parte contrária
594,169,2027-04-22,Sentença,Escritório
595,169,2026-10-28,Decisão,Tribunal
596,169,2026-06-14,Decisão,Parte contrária
597,169,2027-04-29,Sentença,Parte contrária
598,170,2026-10-06,Despacho,Escritório
599,170,2026-06-08,Sentença,Parte contrária
600,170,2026-08-20,Recurso,Parte contrária
601,170,2025-07-03,Sentença,Parte contrária
602,170,2026-02-08,Sentença,Parte contrária
603,171,2026-10-28,Recurso,Escritório
604,171,2026-05-10,Despacho,Escritório
605,171,2026-01-01,Recurso,Tribunal
606,171,2026-08-31,Recurso,Tribunal
607,171,2026-03-12,Petição,Escritório
608,172,2026-05-15,Recurso,Escritório
609,172,2026-05-14,Despacho,Escritório
610,172,2027-03-20,Petição,Parte contrária
611,173,2026-06-23,Decisão,Escritório
612,173,2027-09-07,Petição,Parte contrária
613,173,2026-06-15,Decisão,Tribunal
614,173,2026-09-04,Recurso,Escritório
615,174,2026-03-02,Decisão,Escritório
616,174,2027-05-08,Petição,Tribunal
617,174,2027-05-16,Petição,Escritório
618,174,2027-02-10,Decisão,Escritório
619,175,2027-03-02,Sentença,Tribunal
620,175,2027-05-20,Recurso,Tribunal
621,176,2026-11-14,Despacho,Escritório
622,176,2026-12-22,Sentença,Tribunal
623,176,2026-03-07,Despacho,Parte contrária
624,176,2026-09-09,Despacho,Escritório
625,176,2026-09-23,Decisão,Escritório
626,177,2026-03-30,Despacho,Escritório
627,177,2027-04-16,Despacho,Parte contrária
628,177,2026-10-11,Recurso,Tribunal
629,178,2027-02-06,Recurso,Parte contrária
630,178,2027-02-12,Petição,Tribunal
631,178,2026-07-25,Sentença,Tribunal
632,179,2026-09-24,Despacho,Tribunal
633,179,2025-08-17,Recurso,Tribunal
634,179,2025-08-11,Petição,Parte contrária
635,179,2025-12-13,Petição,Tribunal
636,179,2025-08-15,Sentença,Parte contrária
637,180,2026-06-08,Petição,Parte contrária
638,180,2026-11-28,Despacho,Parte contrária
639,180,2027-01-04,Sentença,Escritório
640,180,2025-12-05,Recurso,Parte contrária
641,180,2026-07-22,Petição,Parte contrária
642,181,2027-04-19,Decisão,Escritório
643,181,2026-08-12,Recurso,Escritório
644,182,2026-04-30,Despacho,Parte contrária
645,182,2026-04-24,Sentença,Parte contrária
646,182,2026-07-15,Petição,Escritório
647,183,2026-05-30,Recurso,Tribunal
648,183,2026-09-16,Sentença,Escritório
649,183,2026-05-31,Recurso,Parte contrária
650,183,2026-10-06,Despacho,Tribunal
651,184,2026-09-19,Petição,Parte contrária
652,184,2026-03-05,Recurso,Tribunal
653,184,2026-11-21,Petição,Escritório
654,184,2026-06-12,Sentença,Parte contrária
655,184,2026-06-09,Petição,Parte contrária
656,185,2027-02-04,Sentença,Parte contrária
657,185,2027-02-23,Sentença,Tribunal
658,185,2026-05-01,Decisão,Parte contrária
659,185,2026-11-25,Recurso,Escritório
660,185,2026-06-11,Petição,Tribunal
661,186,2025-12-27,Sentença,Parte contrária
662,186,2026-04-09,Sentença,Tribunal
663,186,2026-06-26,Decisão,Parte contrária
664,187,2026-05-08,Despacho,Escritório
665,187,2026-01-01,Petição,Tribunal
666,187,2026-09-15,Despacho,Tribunal
667,187,2025-11-02,Decisão,Parte contrária
668,188,2026-10-06,Petição,Tribunal
669,188,2027-01-10,Petição,Tribunal
670,189,2027-05-06,Sentença,Tribunal
671,189,2026-12-29,Petição,Parte contrária
672,189,2026-11-29,Despacho,Tribunal
673,189,2026-10-04,Sentença,Escritório
674,189,2026-07-14,Sentença,Escritório
675,190,2027-04-22,Petição,Tribunal
676,190,2026-04-23,Recurso,Parte contrária
677,190,2026-08-14,Despacho,Tribunal
678,190,2027-04-10,Recurso,Parte contrária
679,190,2026-12-19,Despacho,Escritório
680,191,2026-07-18,Despacho,Escritório
681,191,2026-05-18,Decisão,Escritório
682,192,2026-11-11,Recurso,Tribunal
683,192,2027-07-22,Recurso,Parte contrária
684,192,2027-02-24,Sentença,Tribunal
685,192,2026-08-17,Decisão,Parte contrária
686,192,2026-07-04,Recurso,Parte contrária
687,193,2027-04-29,Petição,Parte contrária
688,193,2027-02-20,Despacho,Parte contrária
689,193,2027-06-10,Recurso,Parte contrária
690,194,2027-01-20,Despacho,Escritório
691,194,2026-02-08,Despacho,Escritório
692,195,2026-02-22,Petição,Parte contrária
693,195,2026-07-21,Sentença,Parte contrária
694,196,2027-06-13,Despacho,Escritório
695,196,2026-06-06,Petição,Tribunal
696,196,2026-06-05,Decisão,Parte contrária
697,196,2027-05-26,Petição,Escritório
698,196,2026-12-16,Decisão,Escritório
699,197,2027-05-06,Sentença,Parte contrária
700,197,2026-07-15,Sentença,Escritório
701,197,2026-06-16,Sentença,Escritório
702,197,2026-07-25,Despacho,Escritório
703,197,2026-08-17,Sentença,Parte contrária
704,198,2026-03-20,Despacho,Escritório
705,198,2025-10-15,Petição,Parte contrária
706,198,2025-09-02,Petição,Tribunal
707,199,2026-08-01,Despacho,Tribunal
708,199,2026-07-14,Petição,Escritório
709,200,2025-12-22,Petição,Parte contrária
710,200,2025-12-08,Petição,Tribunal
711,200,2026-05-24,Decisão,Escritório
712,200,2025-09-14,Petição,Tribunal
713,201,2026-03-21,Despacho,Parte contrária
714,201,2026-08-31,Recurso,Escritório
715,201,2025-09-02,Recurso,Parte contrária
716,201,2025-12-09,Decisão,Escritório
717,201,2026-12-24,Petição,Parte contrária
718,202,2025-12-16,Recurso,Parte contrária
719,202,2026-05-30,Decisão,Tribunal
720,202,2027-02-01,Despacho,Escritório
721,202,2026-06-26,Despacho,Parte contrária
722,202,2027-04-08,Decisão,Escritório
723,203,2026-11-27,Petição,Escritório
724,203,2026-03-06,Petição,Parte contrária
725,203,2026-08-04,Sentença,Parte contrária
726,203,2026-07-17,Sentença,Tribunal
727,204,2027-04-05,Despacho,Escritório
728,204,2026-12-29,Petição,Tribunal
729,205,2026-12-13,Sentença,Parte contrária
730,205,2027-07-29,Sentença,Escritório
731,205,2026-11-08,Decisão,Parte contrária
732,205,2026-06-30,Sentença,Escritório
733,205,2027-03-04,Decisão,Tribunal
734,206,2027-07-07,Sentença,Tribunal
735,206,2027-04-13,Decisão,Tribunal
736,206,2026-09-23,Petição,Parte contrária
737,206,2027-06-13,Sentença,Tribunal
738,206,2027-06-14,Sentença,Tribunal
739,207,2027-02-16,Petição,Escritório
740,207,2026-06-07,Recurso,Parte contrária
741,207,2027-02-16,Petição,Tribunal
742,208,2026-11-14,Sentença,Tribunal
743,208,2025-11-19,Despacho,Parte contrária
744,208,2025-11-27,Decisão,Escritório
745,208,2026-01-31,Sentença,Tribunal
746,208,2025-09-24,Sentença,Parte contrária
747,209,2027-06-26,Sentença,Parte contrária
748,209,2026-11-10,Despacho,Escritório
749,209,2026-10-30,Recurso,Tribunal
750,210,2026-09-25,Petição,Parte contrária
751,210,2026-08-17,Sentença,Escritório
752,211,2027-04-26,Despacho,Escritório
753,211,2026-02-11,Sentença,Parte contrária
754,211,2026-03-13,Recurso,Tribunal
755,212,2027-04-21,Recurso,Escritório
756,212,2026-06-30,Decisão,Parte contrária
757,212,2027-04-07,Decisão,Tribunal
758,212,2026-11-06,Recurso,Escritório
759,212,2026-12-15,Decisão,Tribunal
760,213,2027-05-06,Decisão,Tribunal
761,213,2026-09-06,Despacho,Escritório
762,213,2026-09-26,Decisão,Parte contrária
763,213,2026-01-13,Sentença,Tribunal
764,213,2027-03-14,Recurso,Tribunal
765,214,2026-11-03,Sentença,Parte contrária
766,214,2025-10-05,Sentença,Escritório
767,214,2026-05-25,Decisão,Parte contrária
768,214,2026-04-09,Recurso,Parte contrária
769,214,2026-07-20,Recurso,Escritório
770,215,2027-02-24,Petição,Tribunal
771,215,2026-11-27,Sentença,Escritório
772,216,2027-03-21,Sentença,Escritório
773,216,2027-01-01,Despacho,Escritório
774,216,2027-03-15,Recurso,Escritório
775,216,2026-03-16,Recurso,Escritório
776,216,2026-03-21,Petição,Tribunal
777,217,2026-10-23,Sentença,Escritório
778,217,2026-09-20,Petição,Escritório
779,217,2026-04-14,Petição,Escritório
780,218,2027-02-20,Petição,Escritório
781,218,2027-06-08,Petição,Tribunal
782,218,2026-04-16,Petição,Tribunal
783,218,2026-06-06,Decisão,Parte contrária
784,218,2027-03-15,Petição,Escritório
785,219,2026-05-06,Recurso,Parte contrária
786,219,2026-10-10,Petição,Tribunal
787,220,2026-07-22,Recurso,Escritório
788,220,2026-10-11,Decisão,Parte contrária
789,220,2026-07-29,Petição,Parte contrária
790,220,2026-02-20,Recurso,Tribunal
791,220,2026-11-30,Recurso,Tribunal
792,221,2026-03-17,Decisão,Tribunal
793,221,2026-10-10,Despacho,Tribunal
794,221,2026-02-13,Petição,Parte contrária
795,222,2027-02-15,Petição,Escritório
796,222,2027-08-13,Despacho,Escritório
797,222,2026-12-13,Petição,Escritório
798,223,2026-11-17,Recurso,Tribunal
799,223,2026-01-07,Decisão,Escritório
800,223,2026-04-17,Sentença,Parte contrária
801,224,2026-06-02,Sentença,Parte contrária
802,224,2027-04-21,Petição,Parte contrária
803,224,2026-06-23,Recurso,Parte contrária
804,224,2026-10-04,Petição,Tribunal
805,225,2025-12-17,Sentença,Escritório
806,225,2026-04-09,Petição,Escritório
807,226,2027-07-14,Sentença,Tribunal
808,226,2026-07-01,Recurso,Parte contrária
809,227,2026-08-31,Sentença,Tribunal
810,227,2026-08-26,Petição,Escritório
811,228,2027-04-04,Sentença,Parte contrária
812,228,2026-05-29,Petição,Tribunal
813,229,2026-04-27,Recurso,Escritório
814,229,2025-10-07,Recurso,Escritório
815,230,2025-09-12,Sentença,Parte contrária
816,230,2026-02-13,Sentença,Parte contrária
817,230,2026-09-03,Petição,Parte contrária
818,230,2026-10-25,Decisão,Escritório
819,231,2026-07-23,Recurso,Escritório
820,231,2026-04-22,Decisão,Parte contrária
821,232,2027-05-05,Recurso,Parte contrária
822,232,2026-12-22,Sentença,Escritório
823,233,2026-08-01,Recurso,Escritório
824,233,2027-07-09,Petição,Parte contrária
825,233,2026-10-31,Petição,Escritório
826,233,2027-01-27,Recurso,Tribunal
827,233,2027-07-10,Despacho,Tribunal
828,234,2025-10-27,Decisão,Parte contrária
829,234,2026-07-19,Decisão,Escritório
830,234,2026-09-20,Sentença,Escritório
831,234,2026-07-26,Despacho,Parte contrária
832,234,2026-10-08,Despacho,Parte contrária
833,235,2026-07-10,Recurso,Tribunal
834,235,2026-09-10,Sentença,Parte contrária
835,236,2026-01-29,Petição,Parte contrária
836,236,2026-12-07,Sentença,Tribunal
837,236,2026-10-01,Despacho,Tribunal
838,236,2026-06-20,Decisão,Tribunal
839,237,2026-07-12,Petição,Parte contrária
840,237,2027-04-14,Petição,Escritório
841,237,2026-02-13,Recurso,Parte contrária
842,238,2026-08-20,Petição,Tribunal
843,238,2026-04-19,Despacho,Parte contrária
844,238,2026-02-06,Despacho,Parte contrária
845,239,2026-06-29,Sentença,Tribunal
846,239,2026-10-16,Recurso,Tribunal
847,239,2027-01-04,Despacho,Parte contrária
848,239,2026-11-08,Decisão,Parte contrária
849,240,2027-07-06,Despacho,Tribunal
850,240,2027-07-23,Recurso,Tribunal
851,241,2026-11-22,Decisão,Escritório
852,241,2027-04-19,Recurso,Escritório
853,241,2026-07-12,Despacho,Parte contrária
854,241,2027-05-07,Sentença,Tribunal
855,242,2025-12-21,Sentença,Tribunal
856,242,2026-07-22,Decisão,Tribunal
857,242,2025-10-15,Decisão,Tribunal
858,242,2026-11-12,Sentença,Parte contrária
859,242,2025-11-18,Petição,Escritório
860,243,2027-05-17,Recurso,Parte contrária
861,243,2026-03-23,Petição,Parte contrária
862,244,2026-07-01,Petição,Parte contrária
863,244,2026-07-29,Despacho,Parte contrária
864,245,2026-11-07,Petição,Parte contrária
865,245,2027-06-07,Petição,Parte contrária
866,245,2026-12-10,Sentença,Escritório
867,245,2027-07-13,Decisão,Escritório
868,245,2027-02-09,Petição,Tribunal
869,246,2026-12-27,Recurso,Tribunal
870,246,2027-02-20,Sentença,Tribunal
871,246,2026-11-26,Petição,Parte contrária
872,246,2027-02-13,Sentença,Tribunal
873,247,2026-09-14,Decisão,Parte contrária
874,247,2026-01-10,Recurso,Tribunal
875,247,2025-08-11,Despacho,Escritório
876,247,2026-11-23,Recurso,Escritório
877,248,2026-12-25,Decisão,Tribunal
878,248,2026-11-14,Decisão,Parte contrária
879,249,2027-04-28,Despacho,Escritório
880,249,2026-07-24,Sentença,Parte contrária
881,249,2026-09-11,Sentença,Escritório
882,249,2026-11-13,Sentença,Tribunal
883,250,2026-12-13,Sentença,Tribunal
884,250,2026-10-13,Decisão,Tribunal
885,250,2026-07-20,Recurso,Escritório
886,250,2026-06-23,Sentença,Escritório
887,251,2026-01-27,Petição,Tribunal
888,251,2026-09-06,Despacho,Tribunal
889,252,2027-01-30,Recurso,Tribunal
890,252,2026-10-18,Decisão,Escritório
891,252,2026-06-16,Sentença,Escritório
892,253,2026-02-19,Despacho,Tribunal
893,253,2026-12-07,Decisão,Tribunal
894,253,2026-06-16,Petição,Parte contrária
895,254,2027-01-03,Recurso,Tribunal
896,254,2026-11-25,Sentença,Escritório
897,254,2026-02-03,Decisão,Tribunal
898,255,2026-01-07,Despacho,Tribunal
899,255,2025-10-28,Despacho,Parte contrária
900,255,2027-02-08,Petição,Tribunal
901,255,2026-12-06,Despacho,Parte contrária
902,256,2027-08-31,Sentença,Tribunal
903,256,2026-06-25,Decisão,Parte contrária
904,256,2027-06-18,Despacho,Tribunal
905,257,2026-11-07,Petição,Escritório
906,257,2025-12-15,Despacho,Escritório
907,257,2026-08-23,Petição,Parte contrária
908,258,2027-01-03,Petição,Tribunal
909,258,2026-09-11,Decisão,Tribunal
910,259,2026-05-27,Decisão,Parte contrária
911,259,2026-03-20,Decisão,Parte contrária
912,259,2027-02-28,Recurso,Tribunal
913,259,2026-10-29,Despacho,Tribunal
914,259,2026-02-06,Recurso,Parte contrária
915,260,2025-10-26,Sentença,Escritório
916,260,2027-01-20,Sentença,Tribunal
917,260,2026-10-03,Recurso,Parte contrária
918,261,2026-03-21,Petição,Escritório
919,261,2026-08-25,Decisão,Tribunal
920,262,2026-05-30,Decisão,Tribunal
921,262,2026-04-30,Recurso,Tribunal
922,263,2026-03-16,Petição,Tribunal
923,263,2026-07-15,Recurso,Escritório
924,263,2026-07-26,Recurso,Parte contrária
925,264,2026-07-05,Petição,Parte contrária
926,264,2027-02-08,Decisão,Tribunal
927,265,2027-05-10,Decisão,Parte contrária
928,265,2026-06-21,Recurso,Tribunal
929,265,2027-08-16,Recurso,Escritório
930,266,2027-03-22,Sentença,Tribunal
931,266,2026-08-29,Petição,Escritório
932,267,2025-11-24,Despacho,Parte contrária
933,267,2026-09-14,Decisão,Escritório
934,267,2026-08-11,Petição,Parte contrária
935,267,2026-03-21,Recurso,Parte contrária
936,268,2026-02-10,Decisão,Tribunal
937,268,2025-10-08,Decisão,Parte contrária
938,268,2026-06-18,Recurso,Parte contrária
939,269,2026-10-13,Despacho,Tribunal
940,269,2027-02-07,Petição,Escritório
941,269,2027-08-05,Recurso,Tribunal
942,270,2026-06-24,Recurso,Escritório
943,270,2027-09-25,Despacho,Tribunal
944,270,2026-09-17,Recurso,Escritório
945,271,2026-03-23,Sentença,Escritório
946,271,2026-09-15,Decisão,Escritório
947,272,2025-09-23,Decisão,Parte contrária
948,272,2026-06-25,Despacho,Parte contrária
949,273,2027-02-03,Decisão,Tribunal
950,273,2026-03-18,Sentença,Parte contrária
951,273,2026-07-29,Recurso,Parte contrária
952,274,2026-07-30,Despacho,Escritório
953,274,2026-11-07,Despacho,Tribunal
954,275,2026-08-25,Petição,Tribunal
955,275,2026-09-16,Decisão,Escritório
956,275,2026-03-11,Petição,Parte contrária
957,275,2026-03-29,Recurso,Parte contrária
958,275,2026-03-27,Sentença,Escritório
959,276,2026-08-05,Decisão,Tribunal
960,276,2026-12-12,Petição,Parte contrária
961,276,2026-06-01,Recurso,Tribunal
962,277,2026-11-27,Despacho,Parte contrária
963,277,2027-02-12,Petição,Tribunal
964,277,2025-12-30,Petição,Parte contrária
965,278,2025-10-15,Recurso,Tribunal
966,278,2026-01-27,Petição,Parte contrária
967,278,2025-11-25,Sentença,Parte contrária
968,279,2026-12-18,Despacho,Tribunal
969,279,2026-04-01,Recurso,Escritório
970,280,2026-01-23,Petição,Escritório
971,280,2025-09-06,Despacho,Tribunal
972,280,2026-04-23,Recurso,Escritório
973,280,2025-08-30,Despacho,Tribunal
974,281,2026-11-17,Decisão,Escritório
975,281,2026-10-09,Despacho,Escritório
976,282,2026-08-22,Decisão,Parte contrária
977,282,2026-09-05,Decisão,Tribunal
978,282,2027-01-07,Petição,Escritório
979,283,2025-12-21,Decisão,Tribunal
980,283,2026-08-11,Recurso,Tribunal
981,283,2026-10-24,Sentença,Tribunal
982,283,2025-11-26,Petição,Escritório
983,283,2025-09-08,Decisão,Escritório
984,284,2026-10-22,Sentença,Escritório
985,284,2026-11-08,Despacho,Parte contrária
986,285,2027-02-17,Recurso,Tribunal
987,285,2027-08-13,Recurso,Tribunal
988,286,2026-04-26,Decisão,Escritório
989,286,2026-05-21,Despacho,Parte contrária
990,286,2026-07-31,Petição,Tribunal
991,286,2026-05-15,Recurso,Tribunal
992,287,2026-10-01,Petição,Parte contrária
993,287,2026-03-17,Sentença,Escritório
994,287,2026-09-25,Petição,Escritório
995,288,2027-04-14,Recurso,Tribunal
996,288,2026-11-27,Recurso,Tribunal
997,288,2026-03-29,Sentença,Escritório
998,288,2026-05-09,Petição,Tribunal
999,288,2027-01-27,Petição,Parte contrária
1000,289,2026-12-20,Sentença,Escritório
1001,289,2025-11-20,Decisão,Parte contrária
1002,289,2025-12-21,Despacho,Tribunal
1003,289,2027-02-02,Despacho,Parte contrária
1004,289,2026-06-17,Petição,Escritório
1005,290,2026-06-28,Recurso,Parte contrária
1006,290,2026-04-04,Despacho,Escritório
1007,290,2026-06-26,Recurso,Escritório
1008,290,2027-04-11,Petição,Tribunal
1009,291,2026-07-11,Petição,Escritório
1010,291,2027-04-30,Recurso,Escritório
1011,291,2026-08-03,Sentença,Parte contrária
1012,291,2026-02-14,Despacho,Escritório
1013,291,2026-11-02,Recurso,Escritório
1014,292,2026-06-17,Petição,Parte contrária
1015,292,2027-06-18,Despacho,Tribunal
1016,292,2026-05-17,Decisão,Parte contrária
1017,293,2026-06-11,Recurso,Tribunal
1018,293,2025-12-01,Sentença,Tribunal
1019,293,2026-06-13,Despacho,Tribunal
1020,293,2025-07-14,Sentença,Parte contrária
1021,293,2026-03-06,Decisão,Tribunal
1022,294,2025-08-21,Petição,Escritório
1023,294,2026-10-16,Recurso,Tribunal
1024,294,2026-02-10,Sentença,Tribunal
1025,295,2026-08-06,Despacho,Escritório
1026,295,2025-12-19,Sentença,Escritório
1027,295,2026-04-07,Decisão,Tribunal
1028,296,2026-10-22,Sentença,Parte contrária
1029,296,2026-12-24,Petição,Tribunal
1030,296,2026-10-05,Petição,Escritório
1031,297,2027-01-16,Decisão,Tribunal
1032,297,2027-08-22,Decisão,Tribunal
1033,297,2027-06-24,Decisão,Escritório
1034,297,2027-05-30,Petição,Escritório
1035,297,2027-04-13,Decisão,Escritório
1036,298,2026-02-02,Sentença,Tribunal
1037,298,2026-10-04,Sentença,Parte contrária
1038,298,2026-11-24,Recurso,Parte contrária
1039,299,2026-10-28,Recurso,Tribunal
1040,299,2026-07-11,Petição,Parte contrária
1041,299,2026-01-24,Decisão,Escritório
1042,299,2026-11-26,Sentença,Escritório
1043,300,2026-09-01,Petição,Tribunal
1044,300,2026-10-06,Decisão,Parte contrária
1045,301,2025-11-10,Sentença,Parte contrária
1046,301,2025-12-08,Despacho,Parte contrária
1047,301,2025-12-16,Decisão,Escritório
1048,301,2026-05-15,Sentença,Tribunal
1049,301,2026-11-30,Despacho,Tribunal
1050,302,2027-05-05,Recurso,Parte contrária
1051,302,2026-12-09,Despacho,Escritório
1052,302,2027-01-16,Decisão,Parte contrária
1053,302,2026-11-14,Decisão,Parte contrária
1054,303,2026-12-06,Recurso,Tribunal
1055,303,2026-05-30,Decisão,Parte contrária
1056,303,2026-10-26,Decisão,Tribunal
1057,303,2027-03-01,Sentença,Tribunal
1058,304,2027-02-09,Petição,Escritório
1059,304,2027-01-06,Petição,Parte contrária
1060,305,2026-10-17,Despacho,Tribunal
1061,305,2027-07-08,Despacho,Tribunal
1062,305,2026-10-10,Despacho,Parte contrária
1063,306,2027-01-31,Despacho,Tribunal
1064,306,2026-10-08,Petição,Parte contrária
1065,307,2027-10-10,Petição,Parte contrária
1066,307,2027-03-13,Decisão,Escritório
1067,307,2027-08-08,Decisão,Tribunal
1068,307,2027-04-28,Decisão,Parte contrária
1069,307,2026-12-09,Decisão,Tribunal
1070,308,2027-05-22,Despacho,Parte contrária
1071,308,2026-12-20,Recurso,Parte contrária
1072,309,2025-10-10,Recurso,Escritório
1073,309,2026-03-02,Decisão,Tribunal
1074,309,2026-06-15,Recurso,Escritório
1075,309,2026-05-22,Despacho,Escritório
1076,310,2026-11-01,Despacho,Escritório
1077,310,2027-01-11,Despacho,Escritório
1078,310,2027-06-18,Despacho,Parte contrária
1079,310,2027-05-01,Decisão,Escritório
1080,311,2026-11-10,Recurso,Tribunal
1081,311,2026-05-19,Petição,Parte contrária
1082,311,2026-11-24,Petição,Escritório
1083,312,2025-12-27,Recurso,Tribunal
1084,312,2026-04-28,Despacho,Tribunal
1085,312,2026-03-11,Sentença,Escritório
1086,312,2026-05-11,Recurso,Escritório
1087,313,2027-04-23,Petição,Escritório
1088,313,2027-02-04,Recurso,Parte contrária
1089,313,2026-10-20,Decisão,Escritório
1090,314,2027-03-18,Recurso,Parte contrária
1091,314,2027-06-09,Despacho,Parte contrária
1092,314,2027-06-29,Petição,Escritório
1093,314,2027-03-12,Decisão,Parte contrária
1094,314,2026-08-27,Decisão,Escritório
1095,315,2025-09-15,Recurso,Escritório
1096,315,2025-11-23,Sentença,Parte contrária
1097,315,2026-01-19,Sentença,Parte contrária
1098,315,2026-10-18,Sentença,Parte contrária
1099,315,2026-11-22,Petição,Escritório
1100,316,2025-10-01,Recurso,Tribunal
1101,316,2026-02-13,Decisão,Escritório
1102,316,2026-04-10,Recurso,Escritório
1103,317,2026-05-21,Despacho,Tribunal
1104,317,2026-12-20,Petição,Parte contrária
1105,318,2026-02-20,Petição,Parte contrária
1106,318,2026-10-20,Decisão,Parte contrária
1107,318,2026-11-23,Decisão,Tribunal
1108,319,2026-09-09,Recurso,Tribunal
1109,319,2026-02-23,Petição,Parte contrária
1110,320,2026-12-11,Despacho,Tribunal
1111,320,2026-04-13,Decisão,Tribunal
1112,320,2026-09-19,Despacho,Tribunal
1113,320,2026-03-09,Recurso,Parte contrária
1114,320,2026-10-30,Decisão,Tribunal
1115,321,2027-04-11,Petição,Parte contrária
1116,321,2027-01-03,Decisão,Parte contrária
1117,322,2026-03-27,Sentença,Tribunal
1118,322,2027-03-20,Sentença,Tribunal
1119,323,2027-10-15,Sentença,Tribunal
1120,323,2026-07-22,Despacho,Escritório
1121,324,2026-05-22,Decisão,Parte contrária
1122,324,2026-01-18,Despacho,Parte contrária
1123,324,2026-07-09,Recurso,Tribunal
1124,324,2026-12-30,Sentença,Tribunal
1125,325,2026-10-16,Sentença,Tribunal
1126,325,2026-09-18,Despacho,Parte contrária
1127,325,2027-07-13,Sentença,Parte contrária
1128,325,2026-12-14,Recurso,Parte contrária
1129,325,2026-07-10,Decisão,Parte contrária
1130,326,2027-07-10,Petição,Tribunal
1131,326,2027-05-02,Sentença,Tribunal
1132,327,2025-12-14,Petição,Tribunal
1133,327,2026-11-15,Recurso,Tribunal
1134,328,2027-04-15,Recurso,Escritório
1135,328,2027-05-05,Recurso,Parte contrária
1136,328,2027-01-20,Decisão,Tribunal
1137,328,2026-08-16,Sentença,Escritório
1138,329,2026-04-11,Petição,Tribunal
1139,329,2026-09-03,Petição,Tribunal
1140,329,2026-06-18,Despacho,Parte contrária
1141,329,2026-10-07,Petição,Escritório
1142,330,2026-08-22,Sentença,Parte contrária
1143,330,2026-11-19,Despacho,Escritório
1144,330,2027-05-16,Despacho,Tribunal
1145,330,2027-06-16,Petição,Tribunal
1146,331,2026-12-25,Sentença,Tribunal
1147,331,2026-09-11,Decisão,Tribunal
1148,331,2026-12-16,Sentença,Escritório
1149,332,2026-09-04,Petição,Escritório
1150,332,2026-08-03,Decisão,Parte contrária
1151,332,2026-04-23,Sentença,Parte contrária
1152,332,2027-02-09,Sentença,Tribunal
1153,333,2027-05-13,Decisão,Escritório
1154,333,2027-08-05,Petição,Parte contrária
1155,333,2027-09-06,Despacho,Escritório
1156,334,2025-11-20,Despacho,Parte contrária
1157,334,2026-08-26,Petição,Escritório
1158,334,2025-08-02,Recurso,Tribunal
1159,335,2026-10-15,Sentença,Tribunal
1160,335,2025-10-25,Decisão,Tribunal
1161,335,2026-06-17,Decisão,Escritório
1162,336,2026-11-24,Decisão,Parte contrária
1163,336,2026-12-04,Despacho,Escritório
1164,336,2026-07-13,Decisão,Escritório
1165,336,2026-03-22,Decisão,Tribunal
1166,337,2027-08-19,Decisão,Escritório
1167,337,2027-08-22,Recurso,Escritório
1168,337,2026-05-13,Decisão,Escritório
1169,338,2026-04-08,Despacho,Tribunal
1170,338,2026-03-20,Recurso,Parte contrária
1171,338,2026-12-18,Petição,Escritório
1172,338,2026-09-02,Petição,Parte contrária
1173,338,2026-12-25,Recurso,Parte contrária
1174,339,2026-01-10,Decisão,Escritório
1175,339,2026-04-21,Petição,Parte contrária
1176,339,2027-02-27,Recurso,Tribunal
1177,339,2027-02-13,Sentença,Tribunal
1178,340,2027-06-26,Decisão,Tribunal
1179,340,2026-10-03,Petição,Parte contrária
1180,340,2027-03-18,Recurso,Tribunal
1181,341,2027-04-07,Recurso,Escritório
1182,341,2027-02-02,Sentença,Parte contrária
1183,342,2026-08-22,Recurso,Tribunal
1184,342,2026-06-01,Petição,Parte contrária
1185,342,2027-01-23,Recurso,Tribunal
1186,343,2027-04-29,Recurso,Escritório
1187,343,2026-10-07,Petição,Tribunal
1188,343,2027-02-03,Sentença,Parte contrária
1189,344,2025-10-04,Sentença,Tribunal
1190,344,2026-08-12,Petição,Parte contrária
1191,344,2026-11-11,Sentença,Tribunal
1192,344,2026-05-09,Decisão,Tribunal
1193,345,2027-06-03,Sentença,Tribunal
1194,345,2026-04-10,Petição,Escritório
1195,346,2026-07-05,Petição,Tribunal
1196,346,2026-05-11,Sentença,Tribunal
1197,346,2026-02-18,Sentença,Tribunal
1198,347,2026-03-24,Sentença,Escritório
1199,347,2026-05-14,Sentença,Tribunal
1200,348,2026-03-30,Decisão,Parte contrária
1201,348,2026-02-15,Petição,Escritório
1202,349,2027-02-19,Despacho,Tribunal
1203,349,2026-08-01,Despacho,Escritório
1204,349,2027-07-01,Petição,Parte contrária
1205,349,2027-08-01,Despacho,Parte contrária
1206,350,2026-03-29,Decisão,Escritório
1207,350,2025-12-01,Despacho,Parte contrária
1208,350,2025-12-18,Petição,Parte contrária
1209,351,2026-03-26,Decisão,Parte contrária
1210,351,2027-04-26,Despacho,Escritório
1211,351,2026-11-29,Sentença,Parte contrária
1212,352,2026-05-14,Despacho,Escritório
1213,352,2027-03-06,Petição,Tribunal
1214,352,2026-12-12,Petição,Tribunal
1215,353,2026-10-24,Sentença,Escritório
1216,353,2026-01-27,Recurso,Tribunal
1217,353,2027-04-27,Despacho,Escritório
1218,353,2026-02-25,Recurso,Tribunal
1219,354,2026-05-14,Recurso,Parte contrária
1220,354,2026-03-21,Sentença,Escritório
1221,355,2026-10-02,Recurso,Escritório
1222,355,2026-10-26,Recurso,Parte contrária
1223,355,2026-07-29,Sentença,Tribunal
1224,355,2026-12-16,Despacho,Parte contrária
1225,355,2026-09-10,Recurso,Escritório
1226,356,2025-11-02,Decisão,Parte contrária
1227,356,2026-10-21,Petição,Tribunal
1228,356,2026-03-08,Decisão,Escritório
1229,356,2026-10-16,Decisão,Escritório
1230,356,2026-04-03,Recurso,Escritório
1231,357,2026-02-11,Despacho,Escritório
1232,357,2026-12-24,Sentença,Tribunal
1233,358,2026-12-17,Decisão,Tribunal
1234,358,2026-12-25,Sentença,Parte contrária
1235,358,2027-05-11,Recurso,Parte contrária
1236,359,2026-08-15,Despacho,Tribunal
1237,359,2026-08-01,Recurso,Parte contrária
1238,359,2026-01-07,Recurso,Escritório
1239,359,2025-12-07,Despacho,Escritório
1240,359,2026-02-07,Sentença,Escritório
1241,360,2027-01-25,Decisão,Parte contrária
1242,360,2026-08-12,Recurso,Tribunal
1243,360,2026-02-23,Decisão,Escritório
1244,360,2025-11-08,Despacho,Parte contrária
1245,361,2026-09-12,Decisão,Escritório
1246,361,2026-08-20,Recurso,Parte contrária
1247,361,2026-09-17,Petição,Escritório
1248,361,2026-07-19,Recurso,Parte contrária
1249,361,2026-04-30,Recurso,Parte contrária
1250,362,2026-05-09,Sentença,Tribunal
1251,362,2026-09-29,Sentença,Tribunal
1252,362,2026-12-23,Decisão,Tribunal
1253,362,2027-03-14,Petição,Parte contrária
1254,362,2027-06-14,Sentença,Escritório
1255,363,2026-05-17,Sentença,Escritório
1256,363,2027-01-23,Petição,Parte contrária
1257,363,2026-10-25,Decisão,Tribunal
1258,363,2027-05-23,Despacho,Escritório
1259,363,2027-04-28,Recurso,Tribunal
1260,364,2026-01-13,Sentença,Parte contrária
1261,364,2026-05-06,Despacho,Parte contrária
1262,364,2026-07-02,Recurso,Parte contrária
1263,364,2026-09-24,Decisão,Parte contrária
1264,365,2026-08-19,Petição,Parte contrária
1265,365,2026-08-18,Despacho,Tribunal
1266,366,2026-08-29,Recurso,Escritório
1267,366,2026-08-29,Decisão,Escritório
1268,366,2027-06-28,Decisão,Tribunal
1269,366,2026-09-04,Recurso,Parte contrária
1270,367,2025-10-05,Despacho,Tribunal
1271,367,2025-08-04,Despacho,Tribunal
1272,367,2025-12-07,Decisão,Parte contrária
1273,368,2026-01-06,Decisão,Escritório
1274,368,2027-02-12,Decisão,Tribunal
1275,368,2026-12-12,Recurso,Parte contrária
1276,369,2026-10-02,Sentença,Tribunal
1277,369,2026-08-27,Petição,Escritório
1278,369,2026-01-10,Decisão,Escritório
1279,369,2026-06-01,Despacho,Escritório
1280,369,2025-11-28,Petição,Parte contrária
1281,370,2026-03-26,Sentença,Escritório
1282,370,2026-11-28,Sentença,Tribunal
1283,370,2025-12-12,Decisão,Tribunal
1284,370,2025-09-14,Recurso,Parte contrária
1285,371,2025-12-16,Despacho,Tribunal
1286,371,2026-02-28,Decisão,Parte contrária
1287,371,2026-06-04,Despacho,Tribunal
1288,372,2026-06-06,Decisão,Parte contrária
1289,372,2026-03-20,Petição,Tribunal
1290,372,2025-11-25,Sentença,Escritório
1291,372,2026-01-30,Despacho,Escritório
1292,372,2026-04-04,Despacho,Tribunal
1293,373,2025-08-10,Decisão,Escritório
1294,373,2025-11-26,Recurso,Tribunal
1295,373,2026-10-23,Despacho,Escritório
1296,373,2025-11-16,Petição,Parte contrária
1297,373,2026-08-04,Despacho,Escritório
1298,374,2027-10-08,Decisão,Parte contrária
1299,374,2027-09-30,Decisão,Parte contrária
1300,374,2027-06-18,Decisão,Tribunal
1301,375,2025-11-26,Recurso,Escritório
1302,375,2025-10-06,Sentença,Parte contrária
1303,375,2026-12-07,Sentença,Parte contrária
1304,375,2026-03-26,Decisão,Tribunal
1305,375,2025-09-19,Despacho,Tribunal
1306,376,2025-09-14,Decisão,Escritório
1307,376,2026-12-05,Decisão,Tribunal
1308,376,2026-08-14,Despacho,Escritório
1309,376,2026-04-30,Petição,Escritório
1310,377,2026-04-17,Petição,Parte contrária
1311,377,2026-08-24,Decisão,Escritório
1312,378,2027-01-17,Decisão,Tribunal
1313,378,2026-08-12,Decisão,Tribunal
1314,379,2026-04-13,Petição,Parte contrária
1315,379,2027-04-27,Despacho,Escritório
1316,379,2026-03-11,Sentença,Parte contrária
1317,379,2026-02-25,Despacho,Parte contrária
1318,379,2026-04-24,Petição,Tribunal
1319,380,2026-12-07,Sentença,Escritório
1320,380,2027-01-27,Decisão,Tribunal
1321,380,2026-05-18,Petição,Parte contrária
1322,381,2026-03-18,Decisão,Tribunal
1323,381,2026-12-21,Despacho,Escritório
1324,381,2026-03-30,Petição,Tribunal
1325,381,2026-12-05,Sentença,Escritório
1326,382,2027-05-30,Sentença,Parte contrária
1327,382,2027-01-13,Despacho,Tribunal
1328,383,2027-02-14,Petição,Parte contrária
1329,383,2026-11-24,Recurso,Tribunal
1330,383,2027-04-29,Petição,Parte contrária
1331,384,2026-11-12,Petição,Tribunal
1332,384,2027-05-14,Petição,Parte contrária
1333,384,2026-04-12,Decisão,Escritório
1334,384,2026-10-22,Petição,Escritório
1335,384,2026-10-12,Recurso,Tribunal
1336,385,2026-08-24,Petição,Escritório
1337,385,2026-08-02,Recurso,Parte contrária
1338,385,2025-08-16,Petição,Escritório
1339,386,2026-08-15,Sentença,Tribunal
1340,386,2026-10-29,Decisão,Escritório
1341,386,2026-04-17,Petição,Escritório
1342,386,2026-08-16,Sentença,Parte contrária
1343,386,2027-03-16,Recurso,Tribunal
1344,387,2026-05-19,Decisão,Parte contrária
1345,387,2027-01-03,Recurso,Parte contrária
1346,387,2026-08-27,Despacho,Parte contrária
1347,388,2027-01-10,Petição,Parte contrária
1348,388,2026-07-07,Despacho,Tribunal
1349,388,2026-08-12,Petição,Parte contrária
1350,389,2025-12-05,Decisão,Parte contrária
1351,389,2026-04-13,Petição,Escritório
1352,389,2026-05-13,Decisão,Tribunal
1353,390,2027-07-14,Petição,Parte contrária
1354,390,2026-05-21,Petição,Parte contrária
1355,391,2027-02-07,Recurso,Parte contrária
1356,391,2026-04-01,Despacho,Parte contrária
1357,391,2027-03-09,Petição,Escritório
1358,391,2026-10-10,Despacho,Tribunal
1359,392,2026-08-21,Despacho,Escritório
1360,392,2027-02-26,Petição,Parte contrária
1361,393,2025-10-20,Decisão,Escritório
1362,393,2026-04-01,Sentença,Tribunal
1363,393,2026-04-21,Decisão,Escritório
1364,393,2026-01-04,Decisão,Parte contrária
1365,393,2027-02-06,Petição,Escritório
1366,394,2027-06-24,Recurso,Parte contrária
1367,394,2026-08-31,Recurso,Parte contrária
1368,394,2026-11-07,Despacho,Parte contrária
1369,394,2026-08-19,Despacho,Tribunal
1370,395,2026-02-17,Petição,Parte contrária
1371,395,2026-07-07,Decisão,Escritório
1372,395,2026-11-26,Petição,Tribunal
1373,396,2026-04-16,Recurso,Parte contrária
1374,396,2026-03-24,Decisão,Escritório
1375,397,2027-01-03,Sentença,Tribunal
1376,397,2026-01-18,Recurso,Escritório
1377,397,2026-11-14,Despacho,Tribunal
1378,398,2026-10-30,Petição,Parte contrária
1379,398,2027-09-15,Decisão,Escritório
1380,398,2027-08-18,Despacho,Escritório
1381,398,2026-12-14,Recurso,Parte contrária
1382,398,2026-08-31,Recurso,Tribunal
1383,399,2026-12-11,Recurso,Tribunal
1384,399,2026-09-14,Sentença,Tribunal
1385,399,2026-09-04,Despacho,Tribunal
1386,400,2026-06-10,Despacho,Parte contrária
1387,400,2026-10-26,Petição,Tribunal
1388,400,2026-05-15,Sentença,Parte contrária
1389,401,2026-11-25,Sentença,Escritório
1390,401,2027-06-24,Sentença,Escritório
1391,402,2027-05-10,Recurso,Escritório
1392,402,2026-06-03,Despacho,Escritório
1393,402,2026-05-01,Sentença,Escritório
1394,402,2027-01-19,Sentença,Escritório
1395,403,2026-03-11,Recurso,Escritório
1396,403,2026-04-14,Despacho,Escritório
1397,403,2026-03-15,Sentença,Parte contrária
1398,403,2026-10-05,Sentença,Escritório
1399,403,2027-04-08,Decisão,Escritório
1400,404,2025-11-26,Sentença,Escritório
1401,404,2026-04-11,Decisão,Escritório
1402,404,2027-01-28,Despacho,Tribunal
1403,404,2026-01-19,Recurso,Escritório
1404,404,2026-07-31,Petição,Escritório
1405,405,2026-11-20,Despacho,Tribunal
1406,405,2027-06-18,Petição,Parte contrária
1407,405,2027-05-06,Petição,Escritório
1408,406,2027-01-26,Recurso,Tribunal
1409,406,2027-01-18,Petição,Tribunal
1410,406,2027-02-27,Petição,Escritório
1411,407,2025-10-26,Recurso,Parte contrária
1412,407,2026-10-11,Despacho,Escritório
1413,408,2027-05-16,Recurso,Tribunal
1414,408,2027-07-26,Recurso,Tribunal
1415,408,2026-11-24,Decisão,Escritório
1416,408,2027-06-22,Sentença,Parte contrária
1417,408,2026-10-26,Recurso,Tribunal
1418,409,2026-09-25,Recurso,Parte contrária
1419,409,2026-12-31,Recurso,Parte contrária
1420,409,2026-12-06,Despacho,Tribunal
1421,409,2027-08-15,Sentença,Escritório
1422,410,2026-05-13,Decisão,Parte contrária
1423,410,2026-09-04,Sentença,Tribunal
1424,410,2026-01-12,Sentença,Parte contrária
1425,410,2026-10-24,Sentença,Tribunal
1426,411,2026-05-30,Despacho,Parte contrária
1427,411,2026-03-10,Petição,Escritório
1428,412,2026-04-28,Recurso,Escritório
1429,412,2026-02-02,Petição,Escritório
1430,412,2026-07-02,Despacho,Escritório
1431,413,2026-08-14,Despacho,Escritório
1432,413,2026-04-15,Recurso,Parte contrária
1433,413,2026-11-29,Sentença,Escritório
1434,413,2026-05-31,Petição,Escritório
1435,414,2026-05-07,Decisão,Tribunal
1436,414,2027-03-11,Sentença,Tribunal
1437,415,2026-05-01,Decisão,Tribunal
1438,415,2026-05-31,Sentença,Escritório
1439,416,2027-03-13,Despacho,Parte contrária
1440,416,2027-04-27,Despacho,Escritório
1441,416,2027-05-03,Recurso,Tribunal
1442,416,2027-01-18,Petição,Escritório
1443,417,2026-06-09,Recurso,Parte contrária
1444,417,2027-03-28,Petição,Tribunal
1445,417,2027-02-25,Decisão,Escritório
1446,417,2027-04-30,Sentença,Escritório
1447,418,2027-04-29,Decisão,Tribunal
1448,418,2026-05-20,Sentença,Tribunal
1449,418,2026-09-27,Despacho,Parte contrária
1450,418,2027-05-28,Recurso,Parte contrária
1451,418,2026-05-31,Petição,Escritório
1452,419,2027-04-10,Sentença,Parte contrária
1453,419,2027-04-25,Recurso,Parte contrária
1454,419,2026-02-08,Despacho,Tribunal
1455,419,2027-03-22,Sentença,Escritório
1456,420,2026-09-20,Recurso,Tribunal
1457,420,2026-08-20,Petição,Escritório
1458,421,2027-05-06,Decisão,Parte contrária
1459,421,2026-09-29,Decisão,Tribunal
1460,422,2027-02-19,Petição,Escritório
1461,422,2026-05-26,Despacho,Escritório
1462,422,2027-01-23,Decisão,Tribunal
1463,422,2027-03-31,Despacho,Escritório
1464,422,2026-09-29,Recurso,Escritório
1465,423,2026-10-07,Despacho,Escritório
1466,423,2026-10-28,Despacho,Tribunal
1467,423,2027-06-14,Sentença,Escritório
1468,424,2026-04-22,Despacho,Escritório
1469,424,2027-03-21,Decisão,Escritório
1470,424,2027-03-26,Sentença,Tribunal
1471,424,2026-05-25,Decisão,Escritório
1472,425,2026-03-23,Despacho,Tribunal
1473,425,2026-07-01,Decisão,Parte contrária
1474,425,2026-12-28,Recurso,Tribunal
1475,426,2026-08-21,Sentença,Parte contrária
1476,426,2026-08-26,Despacho,Tribunal
1477,426,2026-10-25,Decisão,Escritório
1478,426,2026-05-15,Decisão,Tribunal
1479,426,2025-09-29,Despacho,Parte contrária
1480,427,2026-08-09,Decisão,Tribunal
1481,427,2026-01-16,Petição,Escritório
1482,427,2026-04-15,Decisão,Escritório
1483,428,2026-11-29,Decisão,Tribunal
1484,428,2026-06-23,Decisão,Escritório
1485,428,2026-05-05,Decisão,Parte contrária
1486,429,2026-07-07,Recurso,Escritório
1487,429,2027-01-05,Recurso,Tribunal
1488,429,2026-10-06,Despacho,Escritório
1489,429,2026-07-19,Despacho,Parte contrária
1490,429,2027-01-08,Petição,Tribunal
1491,430,2026-09-16,Despacho,Parte contrária
1492,430,2026-06-04,Despacho,Parte contrária
1493,430,2026-05-15,Despacho,Escritório
1494,430,2026-09-01,Despacho,Escritório
1495,431,2025-09-18,Sentença,Parte contrária
1496,431,2026-05-04,Petição,Parte contrária
1497,431,2026-03-17,Despacho,Tribunal
1498,431,2026-09-29,Despacho,Tribunal
1499,432,2026-12-03,Petição,Tribunal
1500,432,2027-02-25,Decisão,Parte contrária
1501,432,2026-10-18,Despacho,Escritório
1502,433,2026-01-16,Despacho,Parte contrária
1503,433,2026-07-10,Recurso,Escritório
1504,433,2025-10-09,Sentença,Tribunal
1505,433,2026-03-02,Sentença,Parte contrária
1506,434,2025-12-20,Decisão,Parte contrária
1507,434,2026-04-18,Petição,Parte contrária
1508,434,2027-02-17,Petição,Escritório
1509,435,2025-08-08,Recurso,Escritório
1510,435,2026-05-08,Recurso,Parte contrária
1511,435,2026-09-01,Petição,Parte contrária
1512,435,2025-08-18,Decisão,Escritório
1513,436,2026-07-07,Recurso,Parte contrária
1514,436,2026-01-07,Decisão,Escritório
1515,436,2026-09-11,Recurso,Escritório
1516,437,2026-01-27,Recurso,Tribunal
1517,437,2025-11-05,Recurso,Parte contrária
1518,437,2026-04-08,Recurso,Parte contrária
1519,437,2025-09-06,Petição,Parte contrária
1520,437,2026-08-04,Petição,Tribunal
1521,438,2027-07-28,Sentença,Tribunal
1522,438,2027-04-03,Sentença,Escritório
1523,438,2027-08-20,Decisão,Parte contrária
1524,439,2026-11-12,Despacho,Tribunal
1525,439,2026-06-23,Petição,Escritório
1526,440,2027-04-25,Despacho,Tribunal
1527,440,2027-05-28,Petição,Escritório
1528,440,2027-07-19,Despacho,Parte contrária
1529,440,2026-11-30,Sentença,Parte contrária
1530,440,2027-01-08,Petição,Parte contrária
1531,441,2027-09-12,Recurso,Tribunal
1532,441,2026-08-01,Recurso,Escritório
1533,441,2026-11-07,Despacho,Escritório
1534,442,2026-07-02,Petição,Tribunal
1535,442,2026-08-29,Petição,Tribunal
1536,442,2026-11-04,Decisão,Escritório
1537,442,2025-10-25,Decisão,Parte contrária
1538,442,2026-08-26,Petição,Parte contrária
1539,443,2026-02-05,Sentença,Parte contrária
1540,443,2026-08-04,Despacho,Escritório
1541,443,2026-03-11,Sentença,Tribunal
1542,443,2027-04-30,Recurso,Parte contrária
1543,444,2026-05-14,Sentença,Parte contrária
1544,444,2026-06-21,Despacho,Tribunal
1545,444,2026-08-03,Recurso,Tribunal
1546,445,2027-08-09,Sentença,Parte contrária
1547,445,2027-02-21,Recurso,Parte contrária
1548,445,2026-08-06,Decisão,Tribunal
1549,446,2026-06-17,Sentença,Tribunal
1550,446,2027-03-10,Sentença,Tribunal
1551,446,2027-04-17,Recurso,Tribunal
1552,446,2027-04-28,Decisão,Escritório
1553,446,2026-09-10,Despacho,Escritório
1554,447,2026-05-16,Despacho,Parte contrária
1555,447,2026-08-18,Sentença,Escritório
1556,447,2026-12-16,Despacho,Escritório
1557,447,2026-01-25,Recurso,Escritório
1558,448,2027-05-28,Sentença,Tribunal
1559,448,2026-11-26,Decisão,Escritório
1560,449,2026-09-29,Decisão,Escritório
1561,449,2026-10-16,Decisão,Tribunal
1562,449,2027-06-07,Despacho,Tribunal
1563,449,2026-12-27,Despacho,Tribunal
1564,450,2027-01-19,Despacho,Escritório
1565,450,2027-02-28,Sentença,Parte contrária
1566,451,2026-11-19,Recurso,Parte contrária
1567,451,2026-06-16,Recurso,Escritório
1568,451,2026-04-29,Decisão,Parte contrária
1569,452,2026-10-25,Decisão,Parte contrária
1570,452,2027-04-21,Despacho,Escritório
1571,452,2027-03-09,Recurso,Parte contrária
1572,452,2027-03-13,Despacho,Escritório
1573,452,2027-08-25,Petição,Escritório
1574,453,2027-03-29,Sentença,Escritório
1575,453,2026-11-26,Decisão,Escritório
1576,454,2026-02-25,Recurso,Escritório
1577,454,2026-11-27,Recurso,Tribunal
1578,454,2026-11-05,Decisão,Tribunal
1579,454,2026-09-29,Despacho,Escritório
1580,455,2026-11-17,Petição,Escritório
1581,455,2026-01-05,Decisão,Escritório
1582,455,2026-07-01,Despacho,Escritório
1583,456,2027-01-18,Petição,Escritório
1584,456,2026-11-23,Despacho,Parte contrária
1585,456,2027-07-30,Sentença,Tribunal
1586,456,2027-03-14,Despacho,Tribunal
1587,456,2026-09-09,Sentença,Escritório
1588,457,2026-10-04,Sentença,Parte contrária
1589,457,2026-04-04,Petição,Parte contrária
1590,457,2026-02-27,Recurso,Parte contrária
1591,457,2025-09-18,Despacho,Tribunal
1592,458,2026-05-02,Recurso,Escritório
1593,458,2027-04-01,Decisão,Tribunal
1594,459,2026-03-06,Petição,Tribunal
1595,459,2025-12-12,Sentença,Tribunal
1596,459,2026-01-24,Petição,Parte contrária
1597,459,2026-02-03,Sentença,Parte contrária
1598,459,2026-07-22,Petição,Parte contrária
1599,460,2026-10-07,Recurso,Tribunal
1600,460,2026-09-26,Recurso,Tribunal
1601,461,2025-11-12,Petição,Parte contrária
1602,461,2026-03-26,Despacho,Tribunal
1603,461,2026-03-05,Decisão,Parte contrária
1604,461,2025-12-05,Decisão,Parte contrária
1605,462,2026-08-24,Decisão,Parte contrária
1606,462,2026-02-15,Petição,Parte contrária
1607,462,2025-12-29,Recurso,Tribunal
1608,462,2026-04-08,Recurso,Parte contrária
1609,463,2026-08-23,Petição,Tribunal
1610,463,2026-11-20,Despacho,Parte contrária
1611,463,2026-09-20,Sentença,Escritório
1612,463,2026-05-12,Despacho,Parte contrária
1613,464,2026-07-16,Sentença,Escritório
1614,464,2026-03-20,Decisão,Escritório
1615,464,2026-08-15,Despacho,Escritório
1616,464,2027-02-10,Despacho,Escritório
1617,465,2026-07-17,Despacho,Tribunal
1618,465,2026-11-27,Decisão,Tribunal
1619,465,2025-11-22,Decisão,Parte contrária
1620,465,2026-11-14,Recurso,Escritório
1621,466,2026-02-23,Petição,Escritório
1622,466,2027-03-12,Petição,Parte contrária
1623,466,2026-07-08,Petição,Escritório
1624,467,2026-03-06,Recurso,Tribunal
1625,467,2026-09-10,Petição,Tribunal
1626,467,2026-03-18,Decisão,Tribunal
1627,468,2026-12-22,Petição,Tribunal
1628,468,2026-02-03,Petição,Parte contrária
1629,468,2027-03-02,Despacho,Parte contrária
1630,468,2026-10-30,Petição,Escritório
1631,468,2027-03-16,Despacho,Tribunal
1632,469,2026-12-04,Petição,Parte contrária
1633,469,2027-04-30,Decisão,Tribunal
1634,469,2026-06-28,Decisão,Escritório
1635,470,2027-05-27,Sentença,Tribunal
1636,470,2026-05-07,Recurso,Tribunal
1637,470,2026-03-06,Sentença,Escritório
1638,470,2026-09-16,Petição,Tribunal
1639,470,2026-07-03,Decisão,Escritório
1640,471,2027-05-29,Sentença,Escritório
1641,471,2026-12-30,Decisão,Escritório
1642,472,2026-03-25,Despacho,Escritório
1643,472,2026-04-07,Recurso,Tribunal
1644,472,2026-09-10,Petição,Parte contrária
1645,472,2026-11-17,Petição,Tribunal
1646,473,2027-03-24,Recurso,Tribunal
1647,473,2026-08-09,Recurso,Escritório
1648,473,2026-03-02,Petição,Tribunal
1649,473,2026-08-03,Petição,Tribunal
1650,474,2026-11-13,Petição,Tribunal
1651,474,2026-07-25,Petição,Escritório
1652,475,2025-12-14,Decisão,Escritório
1653,475,2026-01-22,Recurso,Tribunal
1654,475,2026-07-28,Recurso,Tribunal
1655,476,2026-06-02,Recurso,Parte contrária
1656,476,2027-07-27,Petição,Escritório
1657,476,2026-07-24,Recurso,Parte contrária
1658,477,2026-06-13,Recurso,Tribunal
1659,477,2027-01-10,Despacho,Tribunal
1660,477,2027-02-23,Despacho,Escritório
1661,477,2026-06-21,Recurso,Tribunal
1662,478,2025-11-25,Decisão,Parte contrária
1663,478,2025-11-15,Decisão,Tribunal
1664,478,2025-11-12,Petição,Parte contrária
1665,479,2026-04-03,Decisão,Parte contrária
1666,479,2026-04-09,Petição,Parte contrária
1667,479,2026-10-27,Decisão,Tribunal
1668,479,2026-03-26,Petição,Tribunal
1669,480,2026-11-12,Petição,Tribunal
1670,480,2026-07-23,Despacho,Tribunal
1671,480,2027-02-16,Decisão,Parte contrária
1672,480,2027-02-02,Recurso,Parte contrária
1673,481,2026-07-19,Petição,Tribunal
1674,481,2026-09-07,Sentença,Tribunal
1675,482,2026-05-24,Sentença,Escritório
1676,482,2026-07-10,Recurso,Tribunal
1677,482,2025-12-17,Despacho,Escritório
1678,482,2026-02-05,Despacho,Escritório
1679,482,2026-07-02,Petição,Tribunal
1680,483,2026-02-12,Sentença,Escritório
1681,483,2026-04-14,Despacho,Escritório
1682,484,2026-07-05,Recurso,Escritório
1683,484,2027-04-03,Decisão,Escritório
1684,484,2026-11-27,Petição,Escritório
1685,484,2025-12-09,Recurso,Parte contrária
1686,485,2026-06-23,Petição,Parte contrária
1687,485,2027-01-12,Despacho,Parte contrária
1688,485,2027-01-24,Petição,Parte contrária
1689,485,2026-10-31,Despacho,Tribunal
1690,486,2026-03-31,Decisão,Tribunal
1691,486,2025-12-12,Despacho,Tribunal
1692,486,2025-09-07,Despacho,Escritório
1693,486,2025-10-31,Sentença,Escritório
1694,487,2027-09-05,Recurso,Tribunal
1695,487,2027-06-08,Decisão,Tribunal
1696,488,2027-02-16,Recurso,Tribunal
1697,488,2027-04-06,Recurso,Parte contrária
1698,488,2027-03-27,Despacho,Parte contrária
1699,488,2027-03-06,Despacho,Parte contrária
1700,489,2026-11-04,Petição,Parte contrária
1701,489,2027-01-24,Recurso,Escritório
1702,489,2026-01-10,Recurso,Parte contrária
1703,489,2026-06-10,Recurso,Escritório
1704,490,2026-01-23,Recurso,Parte contrária
1705,490,2026-09-01,Decisão,Escritório
1706,490,2026-12-04,Recurso,Tribunal
1707,490,2026-10-11,Petição,Parte contrária
1708,490,2026-08-07,Despacho,Parte contrária
1709,491,2026-03-13,Sentença,Parte contrária
1710,491,2027-03-11,Despacho,Escritório
1711,491,2026-06-06,Recurso,Parte contrária
1712,491,2027-03-11,Petição,Parte contrária
1713,491,2027-02-04,Recurso,Parte contrária
1714,492,2027-01-10,Decisão,Tribunal
1715,492,2027-05-08,Petição,Tribunal
1716,492,2026-07-27,Despacho,Parte contrária
1717,492,2026-11-21,Sentença,Tribunal
1718,492,2026-08-08,Sentença,Escritório
1719,493,2026-04-24,Despacho,Escritório
1720,493,2026-04-19,Decisão,Escritório
1721,493,2026-12-24,Petição,Escritório
1722,493,2026-06-19,Despacho,Escritório
1723,494,2027-02-23,Decisão,Tribunal
1724,494,2026-10-14,Sentença,Escritório
1725,494,2027-02-25,Despacho,Parte contrária
1726,495,2026-03-06,Sentença,Parte contrária
1727,495,2026-12-19,Decisão,Parte contrária
1728,495,2026-06-07,Despacho,Parte contrária
1729,495,2026-04-19,Recurso,Parte contrária
1730,495,2026-05-02,Despacho,Tribunal
1731,496,2026-01-28,Recurso,Escritório
1732,496,2026-02-22,Petição,Tribunal
1733,496,2026-04-28,Recurso,Parte contrária
1734,496,2026-05-13,Sentença,Escritório
1735,496,2026-06-25,Despacho,Parte contrária
1736,497,2026-02-12,Despacho,Tribunal
1737,497,2026-05-10,Recurso,Tribunal
1738,497,2026-05-29,Despacho,Parte contrária
1739,498,2027-08-19,Sentença,Parte contrária
1740,498,2027-05-27,Sentença,Escritório
1741,498,2027-09-03,Recurso,Tribunal
1742,499,2027-03-29,Decisão,Tribunal
1743,499,2027-05-05,Recurso,Parte contrária
1744,499,2027-07-10,Despacho,Tribunal
1745,499,2027-05-03,Petição,Parte contrária
1746,500,2026-12-20,Sentença,Tribunal
1747,500,2026-10-26,Decisão,Escritório
1748,500,2027-05-25,Despacho,Parte contrária
1749,500,2027-07-02,Decisão,Tribunal
1750,500,2027-06-29,Despacho,Tribunal
1751,501,2026-12-06,Petição,Escritório
1752,501,2027-09-19,Recurso,Parte contrária
1753,501,2026-08-31,Recurso,Tribunal
1754,501,2026-06-02,Despacho,Parte contrária
1755,502,2027-03-16,Decisão,Tribunal
1756,502,2025-11-24,Sentença,Escritório
1757,502,2026-07-16,Sentença,Escritório
1758,502,2027-01-10,Recurso,Parte contrária
1759,502,2026-02-27,Recurso,Parte contrária
1760,503,2026-05-04,Recurso,Parte contrária
1761,503,2026-07-04,Petição,Tribunal
1762,503,2026-10-10,Petição,Tribunal
1763,504,2026-09-12,Sentença,Parte contrária
1764,504,2026-07-29,Sentença,Tribunal
1765,504,2026-11-19,Decisão,Tribunal
1766,505,2027-02-14,Sentença,Tribunal
1767,505,2027-04-08,Despacho,Parte contrária
1768,506,2026-07-23,Recurso,Parte contrária
1769,506,2027-05-24,Sentença,Tribunal
1770,507,2027-07-08,Decisão,Tribunal
1771,507,2026-09-15,Decisão,Tribunal
1772,508,2026-07-20,Petição,Escritório
1773,508,2026-03-28,Petição,Parte contrária
1774,508,2026-12-24,Recurso,Parte contrária
1775,508,2025-10-31,Recurso,Tribunal
1776,508,2026-06-20,Despacho,Parte contrária
1777,509,2026-12-22,Decisão,Parte contrária
1778,509,2027-03-21,Recurso,Escritório
1779,509,2027-02-01,Petição,Parte contrária
1780,509,2026-06-28,Decisão,Parte contrária
1781,509,2027-06-10,Recurso,Parte contrária
1782,510,2027-07-22,Sentença,Escritório
1783,510,2027-05-10,Recurso,Escritório
1784,511,2027-03-24,Recurso,Tribunal
1785,511,2027-06-09,Petição,Parte contrária
1786,512,2026-11-18,Recurso,Tribunal
1787,512,2027-03-20,Decisão,Escritório
1788,512,2026-12-10,Sentença,Parte contrária
1789,512,2027-05-14,Decisão,Escritório
1790,513,2026-07-05,Petição,Escritório
1791,513,2027-01-10,Petição,Parte contrária
1792,513,2027-01-09,Petição,Parte contrária
1793,513,2026-06-15,Petição,Parte contrária
1794,513,2026-10-03,Despacho,Escritório
1795,514,2027-05-17,Despacho,Parte contrária
1796,514,2027-01-06,Recurso,Parte contrária
1797,514,2027-05-16,Despacho,Escritório
1798,514,2027-04-26,Decisão,Tribunal
1799,515,2026-02-06,Recurso,Escritório
1800,515,2025-12-03,Petição,Escritório
1801,515,2026-03-11,Recurso,Parte contrária
1802,515,2026-03-16,Despacho,Escritório
1803,515,2025-10-09,Despacho,Tribunal
1804,516,2025-12-20,Despacho,Tribunal
1805,516,2026-06-22,Decisão,Parte contrária
1806,516,2026-10-20,Despacho,Escritório
1807,517,2026-07-17,Petição,Parte contrária
1808,517,2026-05-02,Recurso,Tribunal
1809,517,2026-08-30,Sentença,Parte contrária
1810,517,2027-03-25,Sentença,Escritório
1811,518,2026-08-28,Decisão,Parte contrária
1812,518,2027-03-31,Despacho,Tribunal
1813,518,2027-01-24,Petição,Tribunal
1814,518,2026-05-23,Petição,Escritório
1815,519,2025-11-14,Decisão,Tribunal
1816,519,2026-07-15,Sentença,Escritório
1817,520,2027-03-12,Petição,Parte contrária
1818,520,2026-11-22,Despacho,Escritório
1819,520,2027-03-22,Petição,Parte contrária
1820,520,2026-06-04,Petição,Escritório
1821,520,2026-08-27,Recurso,Tribunal
1822,521,2027-06-17,Sentença,Parte contrária
1823,521,2027-05-14,Decisão,Parte contrária
1824,521,2027-04-16,Decisão,Parte contrária
1825,521,2026-08-27,Recurso,Escritório
1826,522,2027-03-03,Recurso,Tribunal
1827,522,2026-11-02,Decisão,Tribunal
1828,522,2026-05-24,Petição,Escritório
1829,523,2027-01-27,Decisão,Tribunal
1830,523,2026-10-08,Sentença,Parte contrária
1831,524,2026-11-24,Sentença,Parte contrária
1832,524,2027-07-01,Despacho,Parte contrária
1833,524,2027-07-10,Petição,Tribunal
1834,525,2027-07-28,Recurso,Parte contrária
1835,525,2026-07-17,Decisão,Escritório
1836,526,2027-08-06,Recurso,Escritório
1837,526,2026-12-04,Decisão,Escritório
1838,526,2027-03-23,Despacho,Escritório
1839,526,2026-08-02,Despacho,Tribunal
1840,526,2026-10-02,Sentença,Escritório
1841,527,2027-04-04,Despacho,Tribunal
1842,527,2026-02-25,Sentença,Parte contrária
1843,527,2027-05-20,Despacho,Escritório
1844,527,2027-02-13,Recurso,Tribunal
1845,527,2026-09-09,Sentença,Parte contrária
1846,528,2026-03-14,Decisão,Escritório
1847,528,2026-05-30,Petição,Tribunal
1848,528,2026-08-04,Petição,Escritório
1849,528,2026-07-26,Recurso,Parte contrária
1850,528,2025-09-23,Recurso,Tribunal
1851,529,2026-07-22,Recurso,Tribunal
1852,529,2027-02-23,Petição,Escritório
1853,529,2026-06-28,Petição,Escritório
1854,529,2026-08-24,Recurso,Parte contrária
1855,530,2026-11-06,Sentença,Escritório
1856,530,2026-02-02,Decisão,Parte contrária
1857,531,2025-12-29,Recurso,Parte contrária
1858,531,2026-11-25,Decisão,Escritório
1859,531,2026-02-09,Despacho,Escritório
1860,531,2026-07-21,Despacho,Escritório
1861,532,2026-12-18,Sentença,Parte contrária
1862,532,2026-06-11,Decisão,Escritório
1863,533,2026-03-30,Decisão,Parte contrária
1864,533,2027-01-18,Petição,Tribunal
1865,533,2027-02-12,Petição,Escritório
1866,534,2026-06-03,Despacho,Parte contrária
1867,534,2026-07-31,Sentença,Tribunal
1868,534,2026-07-07,Recurso,Tribunal
1869,534,2026-07-17,Despacho,Tribunal
1870,534,2027-08-30,Recurso,Parte contrária
1871,535,2025-09-12,Sentença,Parte contrária
1872,535,2026-03-27,Recurso,Tribunal
1873,536,2027-01-09,Decisão,Tribunal
1874,536,2026-07-04,Despacho,Tribunal
1875,537,2027-03-21,Sentença,Escritório
1876,537,2027-05-26,Despacho,Parte contrária
1877,537,2026-12-06,Petição,Escritório
1878,537,2027-08-10,Recurso,Tribunal
1879,538,2026-01-14,Decisão,Escritório
1880,538,2026-10-30,Recurso,Tribunal
1881,538,2025-12-12,Decisão,Parte contrária
1882,538,2026-09-23,Sentença,Parte contrária
1883,538,2026-04-22,Recurso,Tribunal
1884,539,2026-04-18,Sentença,Tribunal
1885,539,2027-07-21,Petição,Tribunal
1886,539,2026-04-17,Decisão,Tribunal
1887,539,2026-04-19,Petição,Tribunal
1888,540,2026-04-29,Sentença,Tribunal
1889,540,2026-12-27,Petição,Escritório
1890,540,2026-05-05,Despacho,Escritório
1891,541,2026-08-12,Despacho,Escritório
1892,541,2026-11-04,Sentença,Parte contrária
1893,541,2027-02-03,Despacho,Tribunal
1894,542,2026-05-27,Decisão,Escritório
1895,542,2026-05-26,Petição,Escritório
1896,542,2026-01-13,Recurso,Parte contrária
1897,542,2026-06-02,Petição,Escritório
1898,543,2026-08-08,Despacho,Tribunal
1899,543,2025-08-10,Recurso,Tribunal
1900,543,2025-11-22,Recurso,Tribunal
1901,543,2026-02-13,Despacho,Tribunal
1902,543,2025-10-04,Sentença,Tribunal
1903,544,2026-09-11,Petição,Tribunal
1904,544,2026-09-30,Decisão,Tribunal
1905,544,2026-07-25,Petição,Escritório
1906,545,2026-07-23,Decisão,Escritório
1907,545,2026-08-07,Sentença,Tribunal
1908,545,2026-10-23,Petição,Parte contrária
1909,545,2026-03-03,Sentença,Escritório
1910,546,2026-10-05,Decisão,Parte contrária
1911,546,2027-02-07,Despacho,Escritório
1912,546,2027-07-05,Recurso,Parte contrária
1913,546,2026-10-08,Despacho,Parte contrária
1914,547,2025-10-01,Petição,Escritório
1915,547,2025-12-01,Despacho,Escritório
1916,547,2025-10-12,Petição,Tribunal
1917,548,2027-09-01,Decisão,Escritório
1918,548,2026-12-28,Decisão,Escritório
1919,548,2026-08-21,Recurso,Parte contrária
1920,548,2026-07-31,Petição,Parte contrária
1921,549,2026-05-02,Despacho,Escritório
1922,549,2026-05-06,Decisão,Parte contrária
1923,549,2027-03-12,Decisão,Parte contrária
1924,550,2027-07-31,Petição,Parte contrária
1925,550,2026-11-27,Despacho,Parte contrária
1926,550,2027-04-12,Petição,Escritório
1927,551,2026-10-30,Despacho,Tribunal
1928,551,2026-03-31,Petição,Tribunal
1929,552,2026-05-22,Sentença,Parte contrária
1930,552,2026-03-05,Decisão,Escritório
1931,553,2026-11-11,Despacho,Escritório
1932,553,2025-12-30,Petição,Tribunal
1933,554,2026-12-17,Petição,Escritório
1934,554,2025-09-25,Despacho,Tribunal
1935,554,2026-06-09,Petição,Parte contrária
1936,554,2026-06-24,Recurso,Tribunal
1937,554,2026-07-13,Despacho,Parte contrária
1938,555,2026-04-02,Sentença,Tribunal
1939,555,2027-06-07,Sentença,Escritório
1940,555,2027-04-22,Recurso,Tribunal
1941,555,2027-01-29,Recurso,Escritório
1942,555,2027-05-27,Decisão,Parte contrária
1943,556,2026-11-23,Petição,Escritório
1944,556,2025-12-09,Despacho,Tribunal
1945,556,2026-05-16,Petição,Parte contrária
1946,556,2026-04-12,Despacho,Escritório
1947,557,2027-01-27,Despacho,Parte contrária
1948,557,2025-10-25,Petição,Escritório
1949,558,2027-04-02,Despacho,Escritório
1950,558,2027-02-07,Sentença,Tribunal
1951,558,2026-10-27,Petição,Tribunal
1952,558,2026-06-13,Petição,Tribunal
1953,558,2026-02-26,Recurso,Tribunal
1954,559,2026-08-09,Sentença,Tribunal
1955,559,2026-09-30,Decisão,Parte contrária
1956,559,2027-08-26,Decisão,Parte contrária
1957,559,2027-08-09,Despacho,Tribunal
1958,559,2026-09-11,Sentença,Tribunal
1959,560,2027-01-27,Petição,Escritório
1960,560,2026-09-25,Petição,Parte contrária
1961,560,2026-10-13,Sentença,Parte contrária
1962,560,2026-08-22,Petição,Parte contrária
1963,561,2026-10-01,Recurso,Tribunal
1964,561,2025-12-18,Recurso,Tribunal
1965,561,2026-02-25,Decisão,Parte contrária
1966,561,2026-07-14,Sentença,Parte contrária
1967,561,2025-11-30,Sentença,Parte contrária
1968,562,2026-08-11,Sentença,Parte contrária
1969,562,2026-09-07,Despacho,Parte contrária
1970,563,2026-07-10,Sentença,Parte contrária
1971,563,2027-01-12,Despacho,Tribunal
1972,563,2026-06-19,Petição,Tribunal
1973,564,2027-02-17,Petição,Tribunal
1974,564,2026-07-23,Decisão,Parte contrária
1975,564,2027-01-12,Despacho,Parte contrária
1976,565,2026-07-15,Petição,Parte contrária
1977,565,2026-10-07,Recurso,Tribunal
1978,565,2026-06-21,Despacho,Escritório
1979,565,2026-12-02,Despacho,Escritório
1980,566,2026-09-04,Sentença,Escritório
1981,566,2025-12-27,Despacho,Tribunal
1982,566,2026-04-10,Petição,Parte contrária
1983,566,2026-04-02,Decisão,Tribunal
1984,566,2026-11-11,Petição,Parte contrária
1985,567,2025-12-30,Decisão,Tribunal
1986,567,2026-11-14,Despacho,Parte contrária
1987,567,2026-11-09,Petição,Tribunal
1988,568,2026-06-15,Despacho,Parte contrária
1989,568,2026-08-27,Petição,Parte contrária
1990,568,2026-08-15,Despacho,Tribunal
1991,569,2026-11-20,Sentença,Tribunal
1992,569,2026-09-22,Recurso,Parte contrária
1993,569,2027-03-04,Petição,Parte contrária
1994,569,2026-11-04,Decisão,Parte contrária
1995,569,2026-12-30,Decisão,Tribunal
1996,570,2026-11-15,Recurso,Tribunal
1997,570,2026-10-12,Recurso,Escritório
1998,571,2026-05-18,Sentença,Tribunal
1999,571,2026-03-24,Recurso,Tribunal
2000,571,2025-12-28,Decisão,Escritório
2001,571,2026-07-05,Decisão,Parte contrária
2002,572,2026-06-13,Sentença,Parte contrária
2003,572,2027-05-11,Despacho,Tribunal
2004,572,2027-01-23,Despacho,Escritório
2005,572,2026-09-14,Despacho,Escritório
2006,572,2027-02-13,Decisão,Escritório
2007,573,2026-12-11,Petição,Escritório
2008,573,2026-09-19,Despacho,Escritório
2009,573,2026-08-13,Sentença,Tribunal
2010,573,2026-09-02,Petição,Parte contrária
2011,574,2026-05-08,Petição,Tribunal
2012,574,2026-07-12,Despacho,Parte contrária
2013,574,2026-11-29,Petição,Tribunal
2014,574,2026-05-30,Petição,Escritório
2015,575,2026-07-15,Recurso,Tribunal
2016,575,2026-08-26,Sentença,Tribunal
2017,575,2026-02-14,Sentença,Escritório
2018,576,2026-07-22,Decisão,Escritório
2019,576,2026-05-01,Petição,Parte contrária
2020,577,2027-04-05,Recurso,Escritório
2021,577,2026-05-08,Sentença,Parte contrária
2022,578,2026-09-22,Decisão,Tribunal
2023,578,2026-07-19,Petição,Escritório
2024,578,2025-12-01,Recurso,Tribunal
2025,578,2027-01-19,Decisão,Tribunal
2026,578,2027-01-29,Recurso,Tribunal
2027,579,2026-05-29,Despacho,Parte contrária
2028,579,2026-06-02,Recurso,Tribunal
2029,579,2025-12-20,Petição,Tribunal
2030,579,2026-07-02,Decisão,Tribunal
2031,580,2025-12-30,Decisão,Parte contrária
2032,580,2027-02-16,Recurso,Parte contrária
2033,580,2026-03-09,Decisão,Tribunal
2034,580,2026-08-16,Recurso,Tribunal
2035,581,2027-08-25,Despacho,Escritório
2036,581,2027-01-09,Decisão,Parte contrária
2037,581,2027-08-08,Sentença,Parte contrária
2038,582,2025-11-07,Recurso,Parte contrária
2039,582,2026-08-07,Despacho,Tribunal
2040,582,2025-10-25,Despacho,Escritório
2041,583,2026-07-19,Despacho,Parte contrária
2042,583,2026-08-30,Sentença,Tribunal
2043,583,2026-08-09,Sentença,Tribunal
2044,583,2026-01-11,Despacho,Parte contrária
2045,584,2026-11-08,Decisão,Tribunal
2046,584,2026-06-02,Petição,Escritório
2047,584,2026-09-30,Decisão,Tribunal
2048,584,2025-12-02,Decisão,Parte contrária
2049,585,2027-05-14,Despacho,Tribunal
2050,585,2027-04-28,Recurso,Parte contrária
2051,585,2027-04-15,Despacho,Parte contrária
2052,586,2025-09-17,Decisão,Escritório
2053,586,2026-01-19,Petição,Parte contrária
2054,586,2026-08-07,Petição,Escritório
2055,587,2026-03-27,Petição,Escritório
2056,587,2026-03-21,Decisão,Escritório
2057,588,2026-02-23,Decisão,Parte contrária
2058,588,2026-10-21,Recurso,Parte contrária
2059,588,2026-08-23,Recurso,Parte contrária
2060,588,2026-10-03,Sentença,Parte contrária
2061,589,2026-07-02,Despacho,Tribunal
2062,589,2027-03-15,Decisão,Parte contrária
2063,590,2027-03-04,Despacho,Escritório
2064,590,2026-07-23,Recurso,Tribunal
2065,591,2027-05-30,Petição,Escritório
2066,591,2026-06-03,Sentença,Parte contrária
2067,591,2026-08-05,Despacho,Escritório
2068,592,2026-02-05,Petição,Parte contrária
2069,592,2026-06-25,Recurso,Escritório
2070,592,2026-01-23,Decisão,Parte contrária
2071,592,2026-11-16,Petição,Tribunal
2072,592,2025-08-25,Despacho,Tribunal
2073,593,2027-05-04,Recurso,Tribunal
2074,593,2026-03-22,Petição,Parte contrária
2075,594,2027-05-19,Decisão,Escritório
2076,594,2027-03-22,Petição,Tribunal
2077,594,2026-09-06,Sentença,Tribunal
2078,595,2026-06-11,Recurso,Tribunal
2079,595,2026-01-01,Decisão,Escritório
2080,595,2026-07-14,Petição,Tribunal
2081,595,2026-12-05,Recurso,Parte contrária
2082,595,2027-01-09,Sentença,Parte contrária
2083,596,2027-06-08,Despacho,Tribunal
2084,596,2027-05-27,Sentença,Tribunal
2085,596,2026-09-06,Despacho,Escritório
2086,596,2027-04-04,Despacho,Tribunal
2087,597,2027-07-31,Recurso,Parte contrária
2088,597,2027-08-03,Despacho,Parte contrária
2089,597,2027-10-01,Recurso,Tribunal
2090,597,2027-02-11,Despacho,Parte contrária
2091,597,2027-01-22,Petição,Escritório
2092,598,2027-01-05,Petição,Tribunal
2093,598,2026-10-24,Decisão,Parte contrária
2094,598,2026-10-24,Despacho,Parte contrária
2095,599,2026-11-28,Despacho,Tribunal
2096,599,2026-07-16,Despacho,Parte contrária
2097,600,2027-08-09,Sentença,Escritório
2098,600,2027-07-01,Recurso,Escritório
2099,600,2027-05-13,Recurso,Tribunal
2100,600,2027-06-25,Petição,Escritório
2101,601,2025-10-05,Decisão,Escritório
2102,601,2026-04-09,Recurso,Parte contrária
2103,601,2026-02-13,Despacho,Parte contrária
2104,602,2026-02-03,Decisão,Parte contrária
2105,602,2026-10-03,Decisão,Tribunal
2106,602,2025-12-30,Sentença,Parte contrária
2107,602,2025-12-31,Petição,Tribunal
2108,602,2026-07-02,Petição,Escritório
2109,603,2026-07-24,Decisão,Escritório
2110,603,2026-07-03,Recurso,Parte contrária
2111,603,2027-05-11,Petição,Tribunal
2112,603,2026-05-02,Recurso,Parte contrária
2113,604,2026-03-01,Recurso,Tribunal
2114,604,2026-12-24,Recurso,Parte contrária
2115,604,2026-03-20,Recurso,Tribunal
2116,605,2026-09-03,Petição,Parte contrária
2117,605,2026-11-07,Recurso,Tribunal
2118,605,2026-12-07,Petição,Parte contrária
2119,605,2027-03-27,Petição,Tribunal
2120,605,2027-01-19,Decisão,Escritório
2121,606,2026-05-07,Recurso,Escritório
2122,606,2026-07-10,Sentença,Parte contrária
2123,606,2027-04-20,Recurso,Parte contrária
2124,607,2025-07-24,Recurso,Escritório
2125,607,2026-09-09,Despacho,Parte contrária
2126,607,2025-09-13,Despacho,Escritório
2127,607,2025-08-13,Despacho,Parte contrária
2128,607,2026-01-11,Sentença,Tribunal
2129,608,2026-08-21,Despacho,Escritório
2130,608,2026-04-28,Recurso,Parte contrária
2131,608,2026-12-19,Recurso,Parte contrária
2132,608,2026-12-01,Sentença,Parte contrária
2133,609,2026-06-27,Recurso,Parte contrária
2134,609,2026-08-10,Sentença,Tribunal
2135,609,2026-07-06,Petição,Parte contrária
2136,609,2026-02-20,Despacho,Tribunal
2137,610,2026-10-31,Decisão,Parte contrária
2138,610,2026-08-15,Decisão,Parte contrária
2139,610,2025-10-27,Sentença,Tribunal
2140,610,2026-05-28,Sentença,Escritório
2141,611,2027-01-08,Recurso,Tribunal
2142,611,2026-06-05,Sentença,Tribunal
2143,612,2026-11-15,Sentença,Escritório
2144,612,2026-08-09,Sentença,Escritório
2145,612,2026-05-28,Recurso,Parte contrária
2146,613,2027-09-24,Despacho,Tribunal
2147,613,2026-12-19,Decisão,Tribunal
2148,613,2026-11-08,Petição,Parte contrária
2149,613,2027-10-15,Sentença,Tribunal
2150,614,2027-03-27,Despacho,Parte contrária
2151,614,2026-12-20,Recurso,Tribunal
2152,614,2026-11-03,Petição,Tribunal
2153,614,2026-02-04,Despacho,Tribunal
2154,614,2026-03-27,Decisão,Escritório
2155,615,2027-03-05,Decisão,Escritório
2156,615,2026-07-10,Petição,Escritório
2157,616,2026-10-24,Petição,Tribunal
2158,616,2026-07-21,Sentença,Parte contrária
2159,616,2025-10-28,Sentença,Tribunal
2160,617,2027-08-29,Recurso,Tribunal
2161,617,2027-06-15,Despacho,Tribunal
2162,617,2027-08-12,Decisão,Parte contrária
2163,617,2027-05-30,Petição,Escritório
2164,617,2026-08-09,Recurso,Parte contrária
2165,618,2026-11-06,Decisão,Parte contrária
2166,618,2027-08-22,Petição,Escritório
2167,618,2026-06-28,Petição,Tribunal
2168,618,2027-03-25,Sentença,Parte contrária
2169,618,2026-11-09,Sentença,Parte contrária
2170,619,2026-05-03,Recurso,Parte contrária
2171,619,2026-02-21,Sentença,Parte contrária
2172,619,2027-04-25,Despacho,Tribunal
2173,619,2026-06-24,Petição,Escritório
2174,619,2026-11-24,Recurso,Tribunal
2175,620,2026-04-04,Petição,Parte contrária
2176,620,2027-03-02,Sentença,Parte contrária
2177,620,2026-11-19,Recurso,Tribunal
2178,620,2026-05-25,Petição,Parte contrária
2179,620,2027-01-23,Petição,Escritório
2180,621,2025-12-07,Decisão,Parte contrária
2181,621,2026-02-16,Decisão,Parte contrária
2182,621,2027-01-13,Petição,Tribunal
2183,622,2026-08-10,Despacho,Parte contrária
2184,622,2026-07-19,Recurso,Parte contrária
2185,622,2026-07-05,Despacho,Parte contrária
2186,623,2026-08-07,Decisão,Escritório
2187,623,2026-03-09,Despacho,Escritório
2188,623,2026-08-19,Decisão,Escritório
2189,624,2025-11-26,Sentença,Parte contrária
2190,624,2025-09-24,Petição,Tribunal
2191,624,2026-05-16,Decisão,Parte contrária
2192,624,2026-08-13,Sentença,Escritório
2193,625,2027-09-06,Sentença,Tribunal
2194,625,2027-06-17,Sentença,Escritório
2195,626,2027-09-08,Despacho,Tribunal
2196,626,2027-06-30,Despacho,Tribunal
2197,626,2026-06-04,Recurso,Tribunal
2198,627,2026-01-30,Decisão,Escritório
2199,627,2026-01-22,Decisão,Tribunal
2200,627,2026-08-08,Petição,Escritório
2201,627,2026-04-21,Petição,Escritório
2202,628,2026-05-02,Despacho,Tribunal
2203,628,2025-10-05,Sentença,Escritório
2204,628,2026-12-07,Decisão,Parte contrária
2205,628,2026-10-26,Petição,Tribunal
2206,628,2025-09-09,Sentença,Escritório
2207,629,2027-01-18,Sentença,Escritório
2208,629,2026-10-17,Sentença,Escritório
2209,629,2027-01-11,Decisão,Tribunal
2210,629,2026-05-02,Despacho,Parte contrária
2211,630,2026-07-21,Despacho,Parte contrária
2212,630,2026-12-12,Decisão,Escritório
2213,630,2026-07-30,Petição,Tribunal
2214,630,2026-09-25,Petição,Tribunal
2215,631,2027-02-23,Decisão,Tribunal
2216,631,2026-10-10,Decisão,Tribunal
2217,632,2027-01-29,Despacho,Parte contrária
2218,632,2026-03-22,Sentença,Escritório
2219,632,2026-06-10,Recurso,Tribunal
2220,633,2026-10-22,Despacho,Tribunal
2221,633,2026-06-06,Petição,Tribunal
2222,633,2027-02-08,Sentença,Parte contrária
2223,633,2027-03-12,Recurso,Parte contrária
2224,633,2026-07-25,Decisão,Parte contrária
2225,634,2026-05-08,Petição,Parte contrária
2226,634,2026-06-30,Decisão,Tribunal
2227,634,2027-04-18,Sentença,Tribunal
2228,635,2027-05-08,Decisão,Parte contrária
2229,635,2027-03-10,Sentença,Parte contrária
2230,635,2027-05-06,Sentença,Tribunal
2231,636,2025-11-20,Sentença,Escritório
2232,636,2026-05-04,Despacho,Tribunal
2233,637,2026-06-09,Recurso,Tribunal
2234,637,2026-07-27,Recurso,Tribunal
2235,638,2025-11-18,Recurso,Escritório
2236,638,2025-09-26,Sentença,Tribunal
2237,638,2025-12-29,Recurso,Parte contrária
2238,638,2026-01-14,Despacho,Parte contrária
2239,639,2026-09-21,Despacho,Escritório
2240,639,2026-06-17,Recurso,Escritório
2241,639,2026-08-16,Recurso,Tribunal
2242,639,2026-03-28,Despacho,Escritório
2243,640,2026-12-21,Recurso,Parte contrária
2244,640,2027-01-30,Petição,Escritório
2245,641,2026-07-17,Sentença,Tribunal
2246,641,2026-06-11,Decisão,Tribunal
2247,641,2026-11-30,Decisão,Tribunal
2248,642,2027-03-15,Sentença,Tribunal
2249,642,2026-11-23,Recurso,Tribunal
2250,642,2026-02-21,Petição,Tribunal
2251,642,2027-03-24,Despacho,Escritório
2252,643,2026-10-18,Despacho,Parte contrária
2253,643,2027-07-12,Sentença,Escritório
2254,644,2026-05-22,Recurso,Escritório
2255,644,2027-04-18,Despacho,Parte contrária
2256,644,2026-04-27,Sentença,Tribunal
2257,644,2026-05-24,Decisão,Escritório
2258,645,2026-01-14,Petição,Parte contrária
2259,645,2026-08-29,Despacho,Tribunal
2260,645,2027-01-06,Petição,Parte contrária
2261,646,2027-08-19,Sentença,Tribunal
2262,646,2026-12-26,Petição,Escritório
2263,646,2026-11-14,Sentença,Parte contrária
2264,647,2026-04-27,Recurso,Escritório
2265,647,2026-03-01,Recurso,Tribunal
2266,648,2027-03-07,Decisão,Tribunal
2267,648,2027-06-22,Petição,Parte contrária
2268,648,2027-02-12,Despacho,Parte contrária
2269,648,2026-10-23,Recurso,Tribunal
2270,648,2026-10-14,Sentença,Escritório
2271,649,2026-11-26,Petição,Tribunal
2272,649,2025-12-09,Recurso,Tribunal
2273,649,2026-10-30,Despacho,Parte contrária
2274,649,2027-02-18,Sentença,Tribunal
2275,649,2026-02-19,Decisão,Escritório
2276,650,2027-03-27,Decisão,Parte contrária
2277,650,2027-01-30,Sentença,Escritório
2278,650,2027-08-28,Sentença,Escritório
2279,651,2027-02-15,Recurso,Tribunal
2280,651,2027-03-07,Decisão,Escritório
2281,651,2026-08-15,Decisão,Tribunal
2282,651,2026-10-22,Decisão,Tribunal
2283,652,2026-05-12,Recurso,Tribunal
2284,652,2025-12-30,Recurso,Escritório
2285,652,2025-10-06,Petição,Tribunal
2286,652,2026-10-17,Petição,Parte contrária
2287,652,2025-10-14,Despacho,Escritório
2288,653,2026-08-25,Sentença,Escritório
2289,653,2026-05-11,Recurso,Parte contrária
2290,653,2026-06-29,Despacho,Tribunal
2291,653,2026-12-22,Sentença,Escritório
2292,654,2026-06-27,Sentença,Tribunal
2293,654,2026-06-30,Despacho,Escritório
2294,655,2026-07-04,Despacho,Parte contrária
2295,655,2026-11-26,Despacho,Parte contrária
2296,656,2026-08-17,Recurso,Escritório
2297,656,2025-10-27,Decisão,Escritório
2298,656,2025-10-01,Sentença,Parte contrária
2299,656,2026-07-26,Despacho,Parte contrária
2300,656,2025-11-15,Despacho,Escritório
2301,657,2026-05-15,Decisão,Tribunal
2302,657,2025-12-15,Petição,Parte contrária
2303,657,2026-11-09,Recurso,Parte contrária
2304,657,2025-12-11,Recurso,Tribunal
2305,658,2026-01-19,Despacho,Escritório
2306,658,2026-06-02,Recurso,Escritório
2307,658,2027-03-03,Recurso,Tribunal
2308,659,2026-09-17,Sentença,Escritório
2309,659,2026-06-17,Recurso,Escritório
2310,659,2026-12-08,Petição,Tribunal
2311,660,2027-05-16,Decisão,Escritório
2312,660,2027-03-15,Despacho,Tribunal
2313,660,2027-06-03,Decisão,Escritório
2314,661,2027-01-02,Petição,Escritório
2315,661,2027-04-03,Sentença,Parte contrária
2316,661,2027-02-16,Recurso,Escritório
2317,661,2026-09-30,Despacho,Tribunal
2318,662,2026-04-04,Decisão,Tribunal
2319,662,2026-12-13,Sentença,Parte contrária
2320,662,2027-01-24,Sentença,Parte contrária
2321,662,2026-07-15,Recurso,Tribunal
2322,663,2026-08-11,Sentença,Parte contrária
2323,663,2025-11-21,Despacho,Escritório
2324,664,2026-04-11,Petição,Tribunal
2325,664,2026-11-10,Decisão,Parte contrária
2326,665,2027-03-03,Petição,Tribunal
2327,665,2026-10-20,Petição,Parte contrária
2328,666,2027-02-17,Despacho,Parte contrária
2329,666,2026-05-14,Decisão,Escritório
2330,666,2027-04-13,Despacho,Escritório
2331,666,2026-06-01,Recurso,Parte contrária
2332,667,2025-10-16,Recurso,Parte contrária
2333,667,2026-02-18,Despacho,Parte contrária
2334,667,2026-06-18,Sentença,Parte contrária
2335,667,2025-10-02,Sentença,Parte contrária
2336,668,2027-04-20,Despacho,Parte contrária
2337,668,2027-02-14,Despacho,Tribunal
2338,668,2026-01-28,Despacho,Parte contrária
2339,668,2026-05-03,Decisão,Parte contrária
2340,669,2026-12-28,Decisão,Parte contrária
2341,669,2026-06-22,Sentença,Escritório
2342,669,2027-05-07,Sentença,Parte contrária
2343,670,2026-03-01,Sentença,Escritório
2344,670,2026-05-28,Petição,Tribunal
2345,670,2026-09-29,Despacho,Escritório
2346,671,2026-07-17,Despacho,Escritório
2347,671,2026-10-08,Despacho,Parte contrária
2348,671,2026-06-26,Petição,Tribunal
2349,671,2026-02-12,Despacho,Parte contrária
2350,671,2026-09-19,Despacho,Parte contrária
2351,672,2026-11-30,Petição,Tribunal
2352,672,2026-01-27,Sentença,Tribunal
2353,672,2025-10-01,Decisão,Tribunal
2354,672,2026-06-11,Sentença,Parte contrária
2355,673,2026-03-03,Recurso,Tribunal
2356,673,2026-04-11,Sentença,Escritório
2357,673,2026-01-30,Petição,Parte contrária
2358,673,2025-11-22,Petição,Tribunal
2359,674,2026-05-18,Sentença,Tribunal
2360,674,2026-12-11,Sentença,Escritório
2361,674,2027-01-02,Recurso,Tribunal
2362,675,2026-12-23,Recurso,Escritório
2363,675,2026-09-28,Petição,Parte contrária
2364,675,2026-08-19,Petição,Tribunal
2365,676,2026-04-21,Petição,Escritório
2366,676,2026-07-30,Petição,Tribunal
2367,676,2025-11-09,Despacho,Parte contrária
2368,676,2026-06-28,Despacho,Tribunal
2369,677,2027-06-08,Petição,Parte contrária
2370,677,2027-03-26,Sentença,Escritório
2371,677,2026-10-03,Petição,Tribunal
2372,677,2027-06-04,Recurso,Escritório
2373,678,2027-02-12,Recurso,Parte contrária
2374,678,2027-04-17,Decisão,Escritório
2375,679,2026-07-26,Despacho,Tribunal
2376,679,2026-04-21,Recurso,Escritório
2377,679,2025-10-22,Recurso,Escritório
2378,680,2026-08-29,Decisão,Escritório
2379,680,2027-08-08,Decisão,Tribunal
2380,680,2026-05-30,Petição,Escritório
2381,680,2027-01-10,Sentença,Parte contrária
2382,680,2026-12-27,Decisão,Tribunal
2383,681,2026-08-15,Decisão,Parte contrária
2384,681,2026-12-23,Sentença,Escritório
2385,681,2026-01-23,Recurso,Escritório
2386,681,2026-07-28,Despacho,Parte contrária
2387,681,2026-04-15,Recurso,Tribunal
2388,682,2026-01-30,Decisão,Escritório
2389,682,2027-01-07,Decisão,Escritório
2390,682,2025-12-30,Petição,Parte contrária
2391,683,2027-05-26,Petição,Parte contrária
2392,683,2027-04-20,Decisão,Tribunal
2393,683,2026-04-07,Sentença,Parte contrária
2394,683,2026-05-13,Petição,Tribunal
2395,683,2027-03-15,Decisão,Parte contrária
2396,684,2027-01-29,Decisão,Escritório
2397,684,2026-01-01,Despacho,Escritório
2398,684,2026-08-08,Despacho,Parte contrária
2399,684,2026-02-10,Decisão,Escritório
2400,684,2026-05-06,Recurso,Parte contrária
2401,685,2026-12-07,Recurso,Escritório
2402,685,2026-08-16,Decisão,Escritório
2403,685,2027-03-03,Decisão,Escritório
2404,685,2026-11-29,Despacho,Tribunal
2405,685,2027-07-01,Despacho,Tribunal
2406,686,2027-04-03,Recurso,Tribunal
2407,686,2026-05-06,Sentença,Parte contrária
2408,686,2026-04-07,Petição,Tribunal
2409,686,2026-11-23,Sentença,Escritório
2410,687,2026-05-06,Petição,Escritório
2411,687,2026-10-03,Recurso,Escritório
2412,687,2027-04-07,Despacho,Escritório
2413,687,2027-01-23,Sentença,Escritório
2414,687,2026-02-10,Petição,Tribunal
2415,688,2027-05-08,Decisão,Parte contrária
2416,688,2026-07-18,Decisão,Escritório
2417,688,2026-08-01,Recurso,Tribunal
2418,688,2026-05-05,Sentença,Escritório
2419,689,2026-11-15,Petição,Tribunal
2420,689,2026-11-16,Decisão,Escritório
2421,689,2025-09-16,Sentença,Parte contrária
2422,689,2025-11-25,Sentença,Tribunal
2423,690,2026-10-25,Petição,Escritório
2424,690,2026-10-06,Sentença,Escritório
2425,690,2026-06-30,Petição,Parte contrária
2426,690,2026-10-18,Despacho,Escritório
2427,690,2026-05-12,Decisão,Tribunal
2428,691,2027-01-15,Recurso,Tribunal
2429,691,2026-02-18,Petição,Parte contrária
2430,691,2026-11-14,Petição,Tribunal
2431,691,2026-03-04,Recurso,Parte contrária
2432,691,2026-03-24,Recurso,Parte contrária
2433,692,2026-02-21,Decisão,Tribunal
2434,692,2026-05-01,Despacho,Tribunal
2435,692,2026-04-12,Despacho,Escritório
2436,693,2026-08-08,Despacho,Escritório
2437,693,2027-01-28,Petição,Escritório
2438,693,2027-03-05,Petição,Parte contrária
2439,693,2026-06-10,Decisão,Parte contrária
2440,694,2026-11-24,Despacho,Tribunal
2441,694,2027-01-23,Despacho,Tribunal
2442,694,2026-05-17,Decisão,Parte contrária
2443,694,2026-05-27,Despacho,Escritório
2444,695,2026-05-06,Petição,Tribunal
2445,695,2026-05-12,Decisão,Tribunal
2446,696,2026-01-14,Petição,Parte contrária
2447,696,2026-05-11,Despacho,Escritório
2448,696,2027-02-03,Sentença,Parte contrária
2449,696,2026-01-03,Petição,Escritório
2450,697,2026-04-30,Recurso,Parte contrária
2451,697,2026-08-03,Decisão,Escritório
2452,697,2026-01-01,Petição,Escritório
2453,697,2026-11-28,Decisão,Tribunal
2454,698,2027-07-26,Decisão,Tribunal
2455,698,2026-10-11,Recurso,Parte contrária
2456,698,2027-07-07,Decisão,Parte contrária
2457,698,2027-05-23,Despacho,Parte contrária
2458,698,2026-04-05,Petição,Escritório
2459,699,2026-11-15,Sentença,Parte contrária
2460,699,2026-07-24,Sentença,Tribunal
2461,699,2026-10-30,Despacho,Parte contrária
2462,699,2026-12-16,Petição,Tribunal
2463,699,2026-11-21,Recurso,Parte contrária
2464,700,2026-09-13,Recurso,Escritório
2465,700,2027-04-07,Recurso,Parte contrária
2466,700,2026-08-06,Decisão,Parte contrária
2467,700,2027-03-13,Decisão,Escritório
2468,701,2027-04-17,Recurso,Tribunal
2469,701,2026-07-15,Recurso,Tribunal
2470,701,2026-04-19,Sentença,Parte contrária
2471,701,2026-01-01,Decisão,Tribunal
2472,702,2027-08-23,Sentença,Tribunal
2473,702,2026-08-24,Recurso,Tribunal
2474,702,2027-06-25,Recurso,Tribunal
2475,703,2027-08-24,Recurso,Parte contrária
2476,703,2026-06-19,Decisão,Tribunal
2477,704,2025-09-06,Decisão,Parte contrária
2478,704,2026-12-22,Petição,Parte contrária
2479,704,2026-06-16,Sentença,Parte contrária
2480,705,2026-03-01,Despacho,Tribunal
2481,705,2026-06-28,Despacho,Parte contrária
2482,705,2026-05-14,Petição,Escritório
2483,705,2026-04-04,Despacho,Tribunal
2484,706,2026-04-04,Petição,Escritório
2485,706,2026-05-08,Recurso,Tribunal
2486,707,2026-05-14,Recurso,Escritório
2487,707,2026-05-13,Decisão,Parte contrária
2488,707,2025-08-01,Recurso,Escritório
2489,707,2025-10-18,Sentença,Tribunal
2490,708,2026-07-12,Petição,Parte contrária
2491,708,2027-07-31,Despacho,Escritório
2492,709,2026-11-12,Recurso,Parte contrária
2493,709,2026-12-06,Petição,Parte contrária
2494,709,2027-04-30,Recurso,Parte contrária
2495,710,2026-10-28,Decisão,Escritório
2496,710,2027-01-13,Petição,Escritório
2497,710,2027-05-14,Despacho,Tribunal
2498,710,2026-05-05,Recurso,Escritório
2499,711,2026-10-24,Recurso,Tribunal
2500,711,2026-10-30,Petição,Parte contrária
2501,711,2026-08-02,Sentença,Tribunal
2502,711,2027-03-10,Petição,Escritório
2503,712,2025-12-14,Petição,Escritório
2504,712,2026-01-30,Decisão,Parte contrária
2505,712,2026-07-16,Sentença,Escritório
2506,712,2026-01-01,Decisão,Parte contrária
2507,713,2026-06-15,Decisão,Escritório
2508,713,2026-04-29,Decisão,Escritório
2509,713,2026-04-20,Sentença,Tribunal
2510,714,2026-08-28,Recurso,Tribunal
2511,714,2026-09-25,Recurso,Tribunal
2512,714,2026-11-10,Recurso,Tribunal
2513,715,2026-08-28,Despacho,Tribunal
2514,715,2026-06-06,Sentença,Tribunal
2515,715,2026-12-25,Decisão,Parte contrária
2516,715,2027-03-28,Petição,Escritório
2517,715,2026-03-16,Sentença,Escritório
2518,716,2026-01-04,Despacho,Tribunal
2519,716,2026-02-24,Petição,Escritório
2520,716,2026-10-23,Despacho,Escritório
2521,717,2025-10-22,Sentença,Tribunal
2522,717,2026-06-16,Despacho,Escritório
2523,717,2025-09-16,Decisão,Escritório
2524,717,2026-05-29,Decisão,Tribunal
2525,717,2025-12-29,Recurso,Escritório
2526,718,2026-09-04,Recurso,Escritório
2527,718,2027-09-21,Petição,Tribunal
2528,719,2026-05-12,Petição,Parte contrária
2529,719,2026-06-21,Despacho,Escritório
2530,719,2027-02-19,Recurso,Escritório
2531,720,2026-01-19,Sentença,Escritório
2532,720,2026-01-21,Sentença,Tribunal
2533,720,2026-03-07,Sentença,Escritório
2534,720,2026-06-04,Sentença,Parte contrária
2535,720,2026-06-09,Decisão,Tribunal
2536,721,2027-02-10,Sentença,Parte contrária
2537,721,2026-12-29,Recurso,Escritório
2538,721,2026-03-22,Sentença,Escritório
2539,722,2026-08-16,Sentença,Escritório
2540,722,2025-11-20,Petição,Escritório
2541,723,2026-09-13,Decisão,Tribunal
2542,723,2026-05-28,Decisão,Escritório
2543,724,2025-11-12,Sentença,Escritório
2544,724,2025-12-21,Sentença,Tribunal
2545,724,2026-03-14,Sentença,Parte contrária
2546,724,2026-10-08,Recurso,Parte contrária
2547,725,2026-12-21,Despacho,Parte contrária
2548,725,2026-03-07,Decisão,Parte contrária
2549,725,2026-12-04,Sentença,Tribunal
2550,725,2026-05-08,Sentença,Tribunal
2551,725,2026-03-20,Despacho,Escritório
2552,726,2026-02-05,Petição,Tribunal
2553,726,2025-12-25,Recurso,Parte contrária
2554,726,2027-03-09,Despacho,Parte contrária
2555,726,2026-08-20,Decisão,Escritório
2556,727,2025-12-27,Decisão,Tribunal
2557,727,2026-10-19,Sentença,Escritório
2558,728,2026-12-02,Petição,Escritório
2559,728,2027-04-05,Sentença,Escritório
2560,728,2026-05-29,Recurso,Escritório
2561,728,2027-03-23,Despacho,Escritório
2562,729,2026-12-01,Recurso,Parte contrária
2563,729,2026-09-20,Petição,Parte contrária
2564,729,2025-10-12,Sentença,Escritório
2565,730,2026-01-08,Decisão,Escritório
2566,730,2026-07-26,Sentença,Escritório
2567,730,2026-12-02,Recurso,Parte contrária
2568,730,2026-03-01,Despacho,Parte contrária
2569,730,2026-06-24,Despacho,Parte contrária
2570,731,2026-08-10,Petição,Escritório
2571,731,2026-11-14,Petição,Escritório
2572,731,2027-03-11,Despacho,Tribunal
2573,732,2026-04-07,Despacho,Tribunal
2574,732,2026-02-17,Petição,Tribunal
2575,732,2026-03-20,Despacho,Parte contrária
2576,732,2026-10-06,Petição,Escritório
2577,733,2026-10-14,Sentença,Parte contrária
2578,733,2026-08-31,Recurso,Escritório
2579,733,2026-07-23,Recurso,Tribunal
2580,734,2026-08-26,Recurso,Parte contrária
2581,734,2026-11-08,Despacho,Tribunal
2582,735,2027-09-24,Despacho,Tribunal
2583,735,2027-08-13,Sentença,Parte contrária
2584,735,2026-09-24,Recurso,Tribunal
2585,735,2026-08-01,Sentença,Escritório
2586,735,2027-06-15,Petição,Parte contrária
2587,736,2026-08-03,Petição,Tribunal
2588,736,2026-12-21,Despacho,Tribunal
2589,736,2026-11-07,Recurso,Escritório
2590,737,2026-12-27,Petição,Parte contrária
2591,737,2027-07-11,Decisão,Escritório
2592,737,2027-03-24,Despacho,Parte contrária
2593,737,2026-12-31,Petição,Tribunal
2594,738,2027-06-21,Sentença,Tribunal
2595,738,2027-04-16,Despacho,Escritório
2596,738,2027-02-19,Sentença,Tribunal
2597,738,2026-08-28,Despacho,Tribunal
2598,739,2026-05-09,Despacho,Tribunal
2599,739,2026-01-06,Decisão,Parte contrária
2600,739,2026-08-11,Decisão,Parte contrária
2601,739,2026-10-18,Despacho,Parte contrária
2602,740,2027-05-04,Recurso,Tribunal
2603,740,2027-07-07,Decisão,Parte contrária
2604,740,2026-11-27,Petição,Parte contrária
2605,741,2026-10-01,Petição,Parte contrária
2606,741,2026-12-02,Petição,Parte contrária
2607,742,2026-01-29,Recurso,Escritório
2608,742,2026-09-24,Decisão,Escritório
2609,742,2026-03-29,Petição,Tribunal
2610,743,2026-09-08,Decisão,Escritório
2611,743,2027-01-08,Recurso,Tribunal
2612,744,2026-05-04,Recurso,Parte contrária
2613,744,2027-05-28,Decisão,Escritório
2614,744,2027-01-04,Recurso,Parte contrária
2615,745,2026-03-07,Recurso,Parte contrária
2616,745,2026-06-21,Petição,Parte contrária
2617,745,2026-09-21,Sentença,Parte contrária
2618,745,2027-03-03,Recurso,Parte contrária
2619,746,2026-06-24,Sentença,Tribunal
2620,746,2026-12-22,Petição,Tribunal
2621,746,2026-05-14,Petição,Parte contrária
2622,746,2027-05-07,Recurso,Escritório
2623,746,2026-08-03,Recurso,Tribunal
2624,747,2025-12-19,Petição,Parte contrária
2625,747,2026-10-10,Decisão,Escritório
2626,748,2026-12-10,Recurso,Tribunal
2627,748,2027-02-23,Decisão,Tribunal
2628,749,2027-07-07,Petição,Parte contrária
2629,749,2027-03-11,Sentença,Tribunal
2630,750,2026-09-07,Recurso,Escritório
2631,750,2026-09-22,Despacho,Parte contrária
2632,750,2027-07-17,Sentença,Tribunal
2633,751,2026-06-04,Petição,Parte contrária
2634,751,2027-03-29,Decisão,Tribunal
2635,751,2027-06-07,Decisão,Tribunal
2636,751,2026-12-09,Sentença,Escritório
2637,751,2026-08-28,Despacho,Tribunal
2638,752,2027-05-04,Recurso,Parte contrária
2639,752,2026-12-06,Petição,Escritório
2640,752,2026-12-06,Decisão,Tribunal
2641,752,2026-08-10,Sentença,Parte contrária
2642,752,2027-05-11,Decisão,Tribunal
2643,753,2025-12-26,Despacho,Escritório
2644,753,2026-08-09,Recurso,Parte contrária
2645,753,2025-07-27,Petição,Escritório
2646,753,2026-05-05,Recurso,Escritório
2647,754,2026-11-21,Despacho,Tribunal
2648,754,2027-08-29,Despacho,Tribunal
2649,754,2026-10-18,Despacho,Parte contrária
2650,754,2026-06-21,Recurso,Parte contrária
2651,754,2027-08-17,Sentença,Tribunal
2652,755,2025-12-30,Sentença,Escritório
2653,755,2026-03-10,Recurso,Parte contrária
2654,756,2025-07-13,Petição,Parte contrária
2655,756,2025-07-22,Petição,Parte contrária
2656,756,2026-04-11,Decisão,Escritório
2657,756,2026-01-28,Despacho,Escritório
2658,757,2026-03-03,Petição,Escritório
2659,757,2026-10-30,Sentença,Escritório
2660,757,2027-06-14,Petição,Escritório
2661,758,2026-08-13,Petição,Escritório
2662,758,2027-06-28,Sentença,Escritório
2663,758,2026-12-06,Recurso,Tribunal
2664,758,2026-10-29,Recurso,Parte contrária
2665,758,2027-03-20,Despacho,Parte contrária
2666,759,2026-06-28,Sentença,Escritório
2667,759,2027-02-11,Sentença,Escritório
2668,760,2027-06-10,Petição,Escritório
2669,760,2026-05-19,Recurso,Escritório
2670,760,2026-06-08,Petição,Tribunal
2671,761,2026-02-23,Decisão,Tribunal
2672,761,2026-01-16,Sentença,Escritório
2673,761,2026-07-02,Sentença,Escritório
2674,761,2026-12-17,Decisão,Tribunal
2675,762,2026-03-11,Petição,Tribunal
2676,762,2026-09-08,Sentença,Parte contrária
2677,762,2026-11-19,Sentença,Tribunal
2678,763,2026-03-20,Petição,Parte contrária
2679,763,2027-02-16,Sentença,Tribunal
2680,763,2027-01-10,Sentença,Tribunal
2681,763,2026-11-29,Despacho,Tribunal
2682,764,2026-03-24,Recurso,Escritório
2683,764,2025-11-18,Decisão,Escritório
2684,764,2026-09-29,Despacho,Tribunal
2685,764,2026-10-13,Sentença,Parte contrária
2686,764,2026-03-29,Petição,Escritório
2687,765,2026-09-26,Petição,Parte contrária
2688,765,2025-12-28,Petição,Parte contrária
2689,765,2027-03-03,Decisão,Tribunal
2690,765,2027-04-29,Despacho,Tribunal
2691,765,2026-09-21,Recurso,Tribunal
2692,766,2027-06-17,Despacho,Tribunal
2693,766,2026-10-18,Recurso,Parte contrária
2694,766,2027-03-21,Decisão,Parte contrária
2695,767,2025-12-10,Decisão,Tribunal
2696,767,2025-12-01,Petição,Parte contrária
2697,767,2026-05-21,Sentença,Escritório
2698,767,2026-08-05,Petição,Parte contrária
2699,767,2026-12-02,Decisão,Tribunal
2700,768,2026-12-12,Despacho,Tribunal
2701,768,2026-07-07,Recurso,Tribunal
2702,768,2026-05-12,Petição,Parte contrária
2703,768,2026-12-23,Petição,Escritório
2704,768,2027-02-21,Petição,Tribunal
2705,769,2026-02-20,Sentença,Parte contrária
2706,769,2026-10-24,Petição,Parte contrária
2707,769,2027-01-08,Petição,Tribunal
2708,770,2027-02-08,Despacho,Escritório
2709,770,2027-02-27,Decisão,Parte contrária
2710,771,2027-01-25,Petição,Escritório
2711,771,2026-05-15,Recurso,Tribunal
2712,772,2027-07-28,Despacho,Tribunal
2713,772,2027-01-22,Despacho,Tribunal
2714,772,2026-10-22,Decisão,Escritório
2715,772,2026-05-13,Sentença,Escritório
2716,772,2026-10-12,Decisão,Parte contrária
2717,773,2026-10-30,Decisão,Parte contrária
2718,773,2026-12-09,Recurso,Parte contrária
2719,773,2026-03-21,Recurso,Tribunal
2720,773,2026-12-24,Despacho,Parte contrária
2721,773,2026-08-13,Recurso,Tribunal
2722,774,2025-10-07,Petição,Parte contrária
2723,774,2026-03-24,Petição,Parte contrária
2724,775,2026-03-01,Recurso,Parte contrária
2725,775,2027-02-09,Decisão,Parte contrária
2726,775,2027-01-30,Recurso,Tribunal
2727,776,2026-05-22,Petição,Tribunal
2728,776,2026-04-17,Despacho,Escritório
2729,777,2026-02-15,Petição,Parte contrária
2730,777,2025-12-25,Petição,Parte contrária
2731,778,2027-04-23,Sentença,Parte contrária
2732,778,2026-02-16,Sentença,Parte contrária
2733,778,2026-02-07,Sentença,Tribunal
2734,778,2026-12-25,Recurso,Parte contrária
2735,778,2026-09-03,Sentença,Tribunal
2736,779,2026-03-23,Decisão,Escritório
2737,779,2027-06-01,Decisão,Tribunal
2738,779,2027-02-11,Decisão,Escritório
2739,779,2026-12-09,Despacho,Escritório
2740,780,2025-11-16,Despacho,Tribunal
2741,780,2026-04-19,Recurso,Parte contrária
2742,780,2027-01-22,Decisão,Parte contrária
2743,780,2027-01-29,Decisão,Parte contrária
2744,780,2025-11-27,Decisão,Tribunal
2745,781,2026-05-27,Despacho,Escritório
2746,781,2026-10-06,Decisão,Parte contrária
2747,781,2025-12-01,Recurso,Parte contrária
2748,781,2026-08-29,Despacho,Parte contrária
2749,782,2027-04-01,Petição,Escritório
2750,782,2027-07-06,Petição,Parte contrária
2751,782,2026-10-07,Recurso,Tribunal
2752,782,2027-01-14,Sentença,Parte contrária
2753,782,2026-06-26,Despacho,Escritório
2754,783,2026-10-08,Petição,Parte contrária
2755,783,2026-06-04,Sentença,Parte contrária
2756,783,2027-06-18,Sentença,Tribunal
2757,783,2027-03-16,Petição,Tribunal
2758,783,2026-04-27,Despacho,Parte contrária
2759,784,2026-06-24,Despacho,Parte contrária
2760,784,2027-04-25,Petição,Escritório
2761,784,2027-06-09,Recurso,Escritório
2762,784,2026-11-10,Decisão,Parte contrária
2763,785,2027-03-17,Decisão,Parte contrária
2764,785,2026-02-02,Decisão,Escritório
2765,785,2027-01-23,Despacho,Escritório
2766,785,2027-02-14,Petição,Escritório
2767,786,2026-04-10,Petição,Escritório
2768,786,2027-01-11,Decisão,Parte contrária
2769,787,2026-04-08,Petição,Escritório
2770,787,2026-01-27,Recurso,Parte contrária
2771,788,2026-03-14,Petição,Escritório
2772,788,2026-08-31,Petição,Tribunal
2773,789,2026-12-22,Decisão,Parte contrária
2774,789,2026-08-16,Despacho,Tribunal
2775,789,2026-06-18,Sentença,Tribunal
2776,790,2027-03-04,Petição,Tribunal
2777,790,2027-06-18,Recurso,Escritório
2778,790,2026-09-27,Despacho,Tribunal
2779,790,2026-10-28,Sentença,Tribunal
2780,791,2026-05-12,Decisão,Tribunal
2781,791,2026-08-22,Recurso,Tribunal
2782,791,2027-08-14,Sentença,Tribunal
2783,792,2027-03-28,Despacho,Parte contrária
2784,792,2027-09-21,Decisão,Tribunal
2785,793,2026-05-05,Decisão,Parte contrária
2786,793,2026-05-24,Recurso,Parte contrária
2787,793,2026-06-03,Despacho,Tribunal
2788,794,2027-01-27,Despacho,Escritório
2789,794,2027-07-02,Petição,Escritório
2790,794,2026-07-12,Recurso,Tribunal
2791,794,2027-05-17,Petição,Parte contrária
2792,794,2026-11-02,Petição,Escritório
2793,795,2026-07-28,Sentença,Tribunal
2794,795,2026-05-28,Decisão,Tribunal
2795,796,2027-03-05,Recurso,Escritório
2796,796,2026-06-08,Recurso,Tribunal
2797,797,2025-07-27,Decisão,Parte contrária
2798,797,2025-11-04,Despacho,Escritório
2799,797,2025-11-21,Recurso,Escritório
2800,797,2025-10-29,Petição,Escritório
2801,798,2025-12-03,Recurso,Escritório
2802,798,2026-03-21,Sentença,Tribunal
2803,798,2026-10-29,Petição,Tribunal
2804,798,2025-09-28,Despacho,Escritório
2805,799,2026-08-19,Despacho,Tribunal
2806,799,2026-06-10,Despacho,Tribunal
2807,799,2026-05-26,Recurso,Tribunal
2808,799,2026-07-08,Despacho,Parte contrária
2809,800,2025-09-30,Decisão,Escritório
2810,800,2026-04-29,Decisão,Tribunal
2811,801,2025-11-11,Decisão,Tribunal
2812,801,2026-09-05,Despacho,Escritório
2813,801,2026-03-28,Petição,Parte contrária
2814,802,2027-04-24,Petição,Tribunal
2815,802,2026-10-25,Despacho,Tribunal
2816,802,2026-09-19,Recurso,Parte contrária
2817,803,2025-10-21,Sentença,Escritório
2818,803,2026-08-27,Recurso,Escritório
2819,804,2027-01-10,Despacho,Escritório
2820,804,2026-10-15,Recurso,Parte contrária
2821,804,2025-11-09,Despacho,Tribunal
2822,805,2027-04-03,Recurso,Tribunal
2823,805,2026-09-29,Sentença,Escritório
2824,805,2026-08-11,Sentença,Parte contrária
2825,805,2026-11-07,Petição,Parte contrária
2826,806,2026-08-16,Sentença,Escritório
2827,806,2026-09-23,Petição,Escritório
2828,807,2026-08-12,Decisão,Escritório
2829,807,2027-03-07,Despacho,Tribunal
2830,808,2026-05-27,Decisão,Tribunal
2831,808,2027-01-14,Despacho,Escritório
2832,809,2026-08-30,Petição,Parte contrária
2833,809,2026-04-13,Decisão,Parte contrária
2834,809,2026-04-16,Decisão,Parte contrária
2835,810,2026-02-26,Despacho,Tribunal
2836,810,2026-11-06,Decisão,Tribunal
2837,810,2026-04-14,Sentença,Tribunal
2838,810,2026-02-11,Sentença,Parte contrária
2839,811,2026-08-14,Decisão,Parte contrária
2840,811,2027-04-03,Recurso,Parte contrária
2841,811,2026-05-03,Decisão,Tribunal
2842,811,2027-04-10,Despacho,Escritório
2843,812,2027-02-16,Petição,Parte contrária
2844,812,2027-07-30,Recurso,Tribunal
2845,813,2026-02-18,Petição,Parte contrária
2846,813,2025-10-09,Petição,Parte contrária
2847,813,2026-10-14,Despacho,Parte contrária
2848,814,2026-07-12,Decisão,Parte contrária
2849,814,2025-10-29,Despacho,Escritório
2850,815,2026-12-08,Sentença,Escritório
2851,815,2026-07-30,Petição,Escritório
2852,815,2026-03-23,Sentença,Parte contrária
2853,815,2026-07-02,Decisão,Tribunal
2854,816,2027-04-27,Petição,Escritório
2855,816,2027-07-20,Sentença,Tribunal
2856,816,2026-08-06,Petição,Parte contrária
2857,816,2026-12-18,Petição,Escritório
2858,816,2026-06-21,Decisão,Parte contrária
2859,817,2026-08-02,Petição,Parte contrária
2860,817,2025-12-19,Despacho,Escritório
2861,817,2027-01-08,Petição,Parte contrária
2862,817,2026-10-09,Decisão,Parte contrária
2863,818,2027-08-14,Decisão,Parte contrária
2864,818,2026-09-18,Petição,Escritório
2865,818,2026-12-22,Despacho,Parte contrária
2866,819,2026-04-04,Sentença,Tribunal
2867,819,2026-04-07,Despacho,Tribunal
2868,819,2026-05-16,Sentença,Escritório
2869,819,2026-06-02,Decisão,Tribunal
2870,819,2026-12-09,Despacho,Escritório
2871,820,2027-03-16,Despacho,Parte contrária
2872,820,2026-04-21,Petição,Parte contrária
2873,821,2026-09-28,Sentença,Tribunal
2874,821,2026-07-03,Recurso,Escritório
2875,821,2026-08-21,Recurso,Tribunal
2876,821,2027-08-13,Despacho,Escritório
2877,821,2026-08-18,Recurso,Escritório
2878,822,2026-10-20,Recurso,Parte contrária
2879,822,2027-06-05,Sentença,Tribunal
2880,822,2027-03-23,Despacho,Tribunal
2881,822,2027-05-22,Recurso,Parte contrária
2882,823,2026-04-07,Decisão,Parte contrária
2883,823,2026-12-25,Petição,Parte contrária
2884,823,2026-09-22,Recurso,Tribunal
2885,823,2026-06-12,Decisão,Tribunal
2886,824,2026-11-09,Recurso,Tribunal
2887,824,2026-12-04,Decisão,Escritório
2888,824,2026-08-15,Decisão,Parte contrária
2889,824,2026-09-07,Decisão,Parte contrária
2890,824,2026-04-25,Petição,Parte contrária
2891,825,2027-01-11,Decisão,Escritório
2892,825,2026-12-27,Recurso,Escritório
2893,825,2025-12-06,Decisão,Escritório
2894,826,2027-06-20,Despacho,Tribunal
2895,826,2026-08-17,Despacho,Parte contrária
2896,826,2026-09-14,Decisão,Escritório
2897,826,2026-07-11,Despacho,Parte contrária
2898,826,2026-05-25,Recurso,Escritório
2899,827,2026-11-14,Sentença,Tribunal
2900,827,2027-04-25,Decisão,Escritório
2901,827,2026-08-07,Sentença,Escritório
2902,827,2026-08-19,Despacho,Tribunal
2903,828,2026-05-21,Despacho,Parte contrária
2904,828,2025-11-27,Decisão,Parte contrária
2905,828,2026-10-19,Decisão,Tribunal
2906,829,2026-12-24,Despacho,Tribunal
2907,829,2026-12-31,Petição,Escritório
2908,829,2027-06-05,Decisão,Escritório
2909,829,2026-10-08,Decisão,Escritório
2910,829,2027-08-12,Decisão,Parte contrária
2911,830,2026-06-23,Sentença,Tribunal
2912,830,2027-01-19,Petição,Tribunal
2913,830,2026-07-27,Decisão,Parte contrária
2914,831,2027-02-06,Decisão,Parte contrária
2915,831,2026-10-08,Recurso,Tribunal
2916,831,2026-01-16,Despacho,Escritório
2917,831,2026-05-29,Petição,Parte contrária
2918,832,2026-11-11,Recurso,Tribunal
2919,832,2027-02-17,Sentença,Escritório
2920,832,2026-09-29,Recurso,Tribunal
2921,833,2026-11-05,Sentença,Parte contrária
2922,833,2027-04-26,Decisão,Escritório
2923,833,2026-05-27,Sentença,Parte contrária
2924,833,2027-06-10,Petição,Parte contrária
2925,834,2026-10-20,Decisão,Escritório
2926,834,2027-08-21,Despacho,Tribunal
2927,835,2027-01-13,Sentença,Escritório
2928,835,2026-11-05,Despacho,Parte contrária
2929,836,2026-04-14,Decisão,Tribunal
2930,836,2026-01-08,Petição,Tribunal
2931,836,2027-01-25,Despacho,Parte contrária
2932,836,2027-02-03,Despacho,Escritório
2933,837,2025-08-29,Recurso,Tribunal
2934,837,2026-02-05,Sentença,Tribunal
2935,838,2027-01-08,Decisão,Escritório
2936,838,2027-03-21,Sentença,Tribunal
2937,838,2027-04-11,Petição,Parte contrária
2938,838,2026-09-20,Despacho,Escritório
2939,838,2026-09-26,Sentença,Escritório
2940,839,2026-12-16,Petição,Parte contrária
2941,839,2026-05-22,Decisão,Escritório
2942,839,2027-02-12,Decisão,Tribunal
2943,839,2026-06-17,Petição,Tribunal
2944,840,2026-04-10,Decisão,Tribunal
2945,840,2026-01-04,Despacho,Tribunal
2946,840,2026-06-12,Sentença,Parte contrária
2947,840,2025-11-13,Petição,Tribunal
2948,840,2026-03-26,Recurso,Escritório
2949,841,2026-06-21,Decisão,Parte contrária
2950,841,2025-12-15,Sentença,Parte contrária
2951,841,2026-01-01,Decisão,Parte contrária
2952,841,2026-12-30,Decisão,Parte contrária
2953,841,2026-11-21,Despacho,Parte contrária
2954,842,2026-07-02,Recurso,Parte contrária
2955,842,2027-01-27,Despacho,Escritório
2956,842,2027-04-03,Despacho,Parte contrária
2957,842,2026-04-01,Decisão,Parte contrária
2958,842,2026-08-14,Sentença,Escritório
2959,843,2026-11-10,Petição,Escritório
2960,843,2027-02-26,Despacho,Parte contrária
2961,843,2026-05-08,Decisão,Tribunal
2962,844,2026-03-29,Sentença,Escritório
2963,844,2026-11-22,Sentença,Tribunal
2964,844,2026-03-28,Sentença,Escritório
2965,844,2026-12-20,Decisão,Tribunal
2966,844,2025-12-24,Petição,Tribunal
2967,845,2026-12-14,Sentença,Tribunal
2968,845,2027-02-01,Petição,Parte contrária
2969,845,2026-04-06,Sentença,Tribunal
2970,846,2026-11-23,Petição,Escritório
2971,846,2026-06-03,Petição,Tribunal
2972,846,2026-07-22,Sentença,Tribunal
2973,846,2027-01-23,Recurso,Tribunal
2974,846,2027-01-18,Despacho,Tribunal
2975,847,2026-12-08,Petição,Escritório
2976,847,2025-12-12,Petição,Tribunal
2977,847,2026-11-22,Despacho,Parte contrária
2978,847,2026-02-18,Despacho,Escritório
2979,847,2026-12-24,Petição,Parte contrária
2980,848,2026-09-22,Recurso,Tribunal
2981,848,2027-06-18,Recurso,Parte contrária
2982,848,2027-03-08,Despacho,Escritório
2983,848,2026-12-15,Recurso,Tribunal
2984,849,2026-09-20,Sentença,Escritório
2985,849,2027-02-12,Petição,Parte contrária
2986,849,2026-09-11,Sentença,Escritório
2987,850,2027-06-05,Sentença,Parte contrária
2988,850,2027-07-21,Despacho,Parte contrária
2989,850,2027-08-19,Despacho,Parte contrária
2990,850,2027-07-14,Decisão,Tribunal
2991,851,2027-03-05,Sentença,Parte contrária
2992,851,2026-07-04,Petição,Parte contrária
2993,852,2027-04-14,Petição,Parte contrária
2994,852,2026-10-17,Decisão,Parte contrária
2995,853,2026-06-30,Recurso,Escritório
2996,853,2026-11-20,Sentença,Tribunal
2997,853,2026-07-16,Recurso,Parte contrária
2998,854,2026-01-12,Sentença,Escritório
2999,854,2027-02-27,Petição,Escritório
3000,854,2026-02-06,Decisão,Escritório
3001,854,2027-01-21,Despacho,Parte contrária
3002,855,2026-11-25,Recurso,Parte contrária
3003,855,2027-01-13,Recurso,Escritório
3004,855,2026-07-16,Decisão,Parte contrária
3005,855,2027-03-26,Despacho,Escritório
3006,855,2027-05-19,Despacho,Tribunal
3007,856,2026-05-25,Decisão,Parte contrária
3008,856,2026-08-24,Sentença,Escritório
3009,857,2026-02-26,Despacho,Escritório
3010,857,2025-12-06,Recurso,Parte contrária
3011,857,2025-10-15,Decisão,Tribunal
3012,858,2026-07-19,Despacho,Parte contrária
3013,858,2027-04-21,Sentença,Parte contrária
3014,859,2026-03-26,Recurso,Parte contrária
3015,859,2027-01-18,Recurso,Parte contrária
3016,859,2026-08-26,Recurso,Parte contrária
3017,860,2026-09-22,Petição,Tribunal
3018,860,2026-05-18,Sentença,Escritório
3019,861,2026-12-03,Petição,Escritório
3020,861,2026-11-03,Sentença,Parte contrária
3021,861,2027-05-27,Decisão,Tribunal
3022,862,2026-12-28,Petição,Escritório
3023,862,2026-05-07,Sentença,Escritório
3024,863,2025-08-22,Decisão,Tribunal
3025,863,2026-10-30,Recurso,Tribunal
3026,863,2026-10-11,Decisão,Escritório
3027,864,2026-11-11,Recurso,Tribunal
3028,864,2025-11-18,Petição,Tribunal
3029,865,2026-05-06,Recurso,Parte contrária
3030,865,2026-04-25,Decisão,Escritório
3031,866,2027-05-01,Petição,Parte contrária
3032,866,2026-07-29,Decisão,Escritório
3033,866,2026-07-10,Decisão,Escritório
3034,866,2026-08-11,Despacho,Tribunal
3035,867,2026-07-13,Despacho,Tribunal
3036,867,2025-12-11,Decisão,Tribunal
3037,867,2027-01-31,Petição,Tribunal
3038,868,2026-07-07,Decisão,Tribunal
3039,868,2026-07-05,Despacho,Escritório
3040,868,2026-12-22,Despacho,Escritório
3041,868,2026-11-25,Despacho,Tribunal
3042,869,2027-03-11,Decisão,Escritório
3043,869,2026-10-15,Recurso,Tribunal
3044,870,2027-02-17,Petição,Parte contrária
3045,870,2026-06-27,Recurso,Parte contrária
3046,870,2026-03-08,Decisão,Parte contrária
3047,870,2027-02-01,Recurso,Escritório
3048,871,2027-03-22,Decisão,Tribunal
3049,871,2026-01-18,Recurso,Escritório
3050,871,2027-02-14,Despacho,Tribunal
3051,871,2026-02-24,Decisão,Tribunal
3052,871,2026-08-17,Decisão,Tribunal
3053,872,2027-04-16,Sentença,Escritório
3054,872,2026-02-22,Petição,Parte contrária
3055,872,2026-05-12,Petição,Parte contrária
3056,872,2026-04-19,Despacho,Parte contrária
3057,873,2027-10-09,Decisão,Parte contrária
3058,873,2026-10-01,Recurso,Escritório
3059,873,2026-11-14,Petição,Parte contrária
3060,874,2027-03-27,Despacho,Parte contrária
3061,874,2026-07-10,Recurso,Tribunal
3062,875,2026-01-26,Recurso,Escritório
3063,875,2026-02-10,Decisão,Escritório
3064,875,2026-05-22,Despacho,Escritório
3065,875,2026-10-30,Recurso,Tribunal
3066,876,2027-04-15,Despacho,Tribunal
3067,876,2027-02-07,Recurso,Tribunal
3068,876,2027-07-07,Sentença,Escritório
3069,876,2027-08-09,Decisão,Escritório
3070,877,2025-08-23,Decisão,Parte contrária
3071,877,2026-08-22,Recurso,Tribunal
3072,877,2026-02-06,Decisão,Parte contrária
3073,877,2026-09-21,Petição,Escritório
3074,877,2026-07-07,Decisão,Escritório
3075,878,2026-02-20,Despacho,Tribunal
3076,878,2026-08-31,Despacho,Escritório
3077,878,2026-06-07,Recurso,Tribunal
3078,878,2026-06-15,Sentença,Parte contrária
3079,878,2025-12-15,Recurso,Escritório
3080,879,2025-10-06,Petição,Escritório
3081,879,2025-12-28,Decisão,Parte contrária
3082,880,2026-05-22,Despacho,Escritório
3083,880,2026-08-21,Recurso,Tribunal
3084,880,2026-11-14,Sentença,Parte contrária
3085,880,2027-02-27,Sentença,Tribunal
3086,880,2027-05-24,Recurso,Escritório
3087,881,2027-06-29,Despacho,Parte contrária
3088,881,2026-08-22,Decisão,Parte contrária
3089,881,2026-08-07,Sentença,Tribunal
3090,881,2026-12-18,Petição,Parte contrária
3091,882,2026-02-20,Sentença,Tribunal
3092,882,2026-10-31,Despacho,Parte contrária
3093,883,2027-09-02,Recurso,Escritório
3094,883,2026-09-21,Recurso,Escritório
3095,883,2026-07-24,Recurso,Parte contrária
3096,883,2027-07-25,Recurso,Tribunal
3097,884,2026-03-28,Decisão,Tribunal
3098,884,2026-04-12,Despacho,Tribunal
3099,884,2025-11-14,Petição,Tribunal
3100,885,2026-03-19,Decisão,Escritório
3101,885,2027-03-03,Decisão,Tribunal
3102,885,2027-06-19,Despacho,Tribunal
3103,885,2027-01-06,Sentença,Parte contrária
3104,886,2026-08-20,Despacho,Tribunal
3105,886,2025-11-09,Sentença,Escritório
3106,886,2026-03-30,Sentença,Escritório
3107,886,2026-03-11,Decisão,Tribunal
3108,886,2027-01-06,Petição,Parte contrária
3109,887,2025-11-04,Despacho,Parte contrária
3110,887,2026-11-16,Despacho,Parte contrária
3111,887,2025-11-18,Decisão,Escritório
3112,888,2026-05-25,Petição,Tribunal
3113,888,2027-02-12,Recurso,Tribunal
3114,888,2027-04-19,Sentença,Escritório
3115,888,2027-03-12,Petição,Tribunal
3116,888,2027-03-13,Recurso,Parte contrária
3117,889,2026-07-09,Despacho,Tribunal
3118,889,2026-07-17,Despacho,Escritório
3119,889,2026-12-12,Recurso,Escritório
3120,889,2026-04-27,Petição,Escritório
3121,890,2025-12-17,Despacho,Parte contrária
3122,890,2026-07-11,Recurso,Escritório
3123,891,2026-09-22,Petição,Escritório
3124,891,2027-08-14,Petição,Tribunal
3125,891,2027-07-11,Petição,Escritório
3126,891,2026-12-05,Decisão,Tribunal
3127,892,2026-08-31,Petição,Escritório
3128,892,2026-04-10,Despacho,Parte contrária
3129,892,2026-04-22,Decisão,Escritório
3130,893,2026-03-09,Recurso,Parte contrária
3131,893,2026-03-09,Despacho,Escritório
3132,893,2026-02-25,Sentença,Tribunal
3133,893,2026-09-15,Recurso,Parte contrária
3134,894,2027-08-31,Despacho,Parte contrária
3135,894,2027-07-18,Recurso,Tribunal
3136,894,2026-08-31,Recurso,Escritório
3137,894,2026-07-08,Recurso,Parte contrária
3138,894,2026-11-01,Sentença,Escritório
3139,895,2026-12-03,Decisão,Escritório
3140,895,2025-12-05,Sentença,Tribunal
3141,895,2026-07-07,Sentença,Tribunal
3142,895,2025-12-05,Recurso,Parte contrária
3143,896,2026-12-27,Petição,Parte contrária
3144,896,2027-04-01,Sentença,Parte contrária
3145,896,2027-05-06,Petição,Tribunal
3146,897,2026-07-15,Sentença,Tribunal
3147,897,2027-02-26,Recurso,Escritório
3148,897,2026-01-25,Decisão,Escritório
3149,898,2027-02-13,Sentença,Escritório
3150,898,2026-03-29,Recurso,Tribunal
3151,898,2026-09-03,Decisão,Parte contrária
3152,899,2027-05-05,Decisão,Tribunal
3153,899,2027-05-11,Sentença,Tribunal
3154,899,2026-11-18,Petição,Escritório
3155,899,2027-05-02,Despacho,Parte contrária
3156,899,2027-05-02,Despacho,Escritório
3157,900,2026-05-25,Despacho,Escritório
3158,900,2026-04-16,Petição,Parte contrária
3159,900,2026-03-16,Sentença,Parte contrária
3160,900,2026-10-28,Petição,Parte contrária
3161,901,2026-10-29,Sentença,Parte contrária
3162,901,2026-12-27,Petição,Parte contrária
3163,901,2027-03-15,Recurso,Tribunal
3164,902,2026-08-20,Decisão,Tribunal
3165,902,2026-02-05,Decisão,Parte contrária
3166,902,2026-09-20,Despacho,Escritório
3167,903,2026-12-11,Recurso,Escritório
3168,903,2026-08-11,Decisão,Escritório
3169,904,2026-02-13,Decisão,Escritório
3170,904,2026-08-23,Decisão,Escritório
3171,904,2026-12-16,Petição,Parte contrária
3172,904,2026-04-22,Petição,Tribunal
3173,904,2027-03-17,Recurso,Escritório
3174,905,2026-02-11,Sentença,Escritório
3175,905,2026-11-23,Petição,Parte contrária
3176,905,2025-12-24,Sentença,Parte contrária
3177,905,2026-04-30,Recurso,Tribunal
3178,905,2026-07-22,Despacho,Escritório
3179,906,2026-08-22,Petição,Escritório
3180,906,2026-06-07,Recurso,Escritório
3181,907,2026-07-02,Recurso,Parte contrária
3182,907,2027-06-30,Decisão,Escritório
3183,907,2026-07-06,Despacho,Tribunal
3184,908,2026-06-25,Despacho,Tribunal
3185,908,2027-02-26,Decisão,Tribunal
3186,909,2026-06-16,Despacho,Escritório
3187,909,2025-10-30,Decisão,Tribunal
3188,909,2026-05-28,Despacho,Tribunal
3189,910,2027-02-19,Petição,Parte contrária
3190,910,2026-12-12,Despacho,Tribunal
3191,911,2026-05-07,Despacho,Escritório
3192,911,2026-01-09,Petição,Escritório
3193,911,2026-11-10,Petição,Tribunal
3194,911,2026-06-10,Sentença,Escritório
3195,912,2026-12-24,Sentença,Parte contrária
3196,912,2026-10-06,Recurso,Escritório
3197,912,2027-01-21,Despacho,Parte contrária
3198,913,2027-04-21,Sentença,Parte contrária
3199,913,2026-09-13,Sentença,Escritório
3200,913,2026-11-05,Sentença,Escritório
3201,914,2026-12-06,Despacho,Tribunal
3202,914,2026-11-29,Sentença,Tribunal
3203,914,2026-02-22,Despacho,Tribunal
3204,914,2026-11-25,Petição,Parte contrária
3205,915,2026-04-23,Decisão,Tribunal
3206,915,2026-12-15,Decisão,Escritório
3207,915,2026-03-01,Recurso,Escritório
3208,916,2026-01-20,Sentença,Tribunal
3209,916,2025-11-07,Petição,Parte contrária
3210,916,2026-09-22,Recurso,Escritório
3211,917,2026-03-28,Recurso,Escritório
3212,917,2027-02-14,Decisão,Tribunal
3213,917,2027-02-23,Decisão,Tribunal
3214,918,2026-12-28,Recurso,Tribunal
3215,918,2027-06-24,Sentença,Escritório
3216,918,2027-05-23,Decisão,Escritório
3217,918,2026-12-08,Petição,Parte contrária
3218,918,2026-11-11,Petição,Tribunal
3219,919,2027-01-09,Despacho,Escritório
3220,919,2027-06-19,Petição,Escritório
3221,919,2026-10-23,Despacho,Parte contrária
3222,919,2026-11-30,Decisão,Parte contrária
3223,920,2026-07-13,Despacho,Tribunal
3224,920,2026-12-23,Decisão,Parte contrária
3225,920,2026-05-02,Sentença,Parte contrária
3226,920,2025-12-25,Petição,Escritório
3227,921,2027-08-30,Despacho,Escritório
3228,921,2026-05-21,Petição,Escritório
3229,921,2026-10-29,Despacho,Parte contrária
3230,922,2027-05-01,Petição,Escritório
3231,922,2027-04-05,Recurso,Parte contrária
3232,922,2027-06-25,Petição,Escritório
3233,923,2025-08-17,Decisão,Parte contrária
3234,923,2026-03-05,Despacho,Escritório
3235,924,2027-06-08,Decisão,Escritório
3236,924,2027-01-06,Recurso,Parte contrária
3237,924,2026-11-16,Decisão,Parte contrária
3238,924,2027-02-16,Sentença,Escritório
3239,924,2027-02-13,Recurso,Tribunal
3240,925,2027-02-07,Despacho,Parte contrária
3241,925,2027-02-26,Recurso,Tribunal
3242,925,2026-09-23,Petição,Parte contrária
3243,925,2027-03-01,Recurso,Tribunal
3244,926,2026-02-05,Despacho,Tribunal
3245,926,2025-12-15,Petição,Escritório
3246,926,2026-12-07,Decisão,Parte contrária
3247,926,2026-04-12,Petição,Parte contrária
3248,927,2026-07-22,Recurso,Parte contrária
3249,927,2027-02-16,Recurso,Escritório
3250,927,2027-01-01,Petição,Tribunal
3251,927,2026-02-21,Petição,Parte contrária
3252,927,2026-08-23,Despacho,Tribunal
3253,928,2026-05-17,Recurso,Tribunal
3254,928,2026-11-01,Recurso,Tribunal
3255,928,2027-05-14,Despacho,Escritório
3256,928,2026-10-05,Sentença,Parte contrária
3257,929,2027-04-10,Recurso,Parte contrária
3258,929,2027-06-03,Petição,Tribunal
3259,929,2027-03-03,Sentença,Tribunal
3260,929,2026-07-21,Despacho,Escritório
3261,930,2027-06-21,Recurso,Escritório
3262,930,2027-02-04,Despacho,Escritório
3263,930,2026-12-08,Petição,Tribunal
3264,931,2027-01-29,Despacho,Escritório
3265,931,2027-01-08,Decisão,Parte contrária
3266,931,2026-07-02,Petição,Tribunal
3267,932,2026-02-20,Despacho,Parte contrária
3268,932,2026-07-25,Sentença,Tribunal
3269,933,2027-03-14,Petição,Parte contrária
3270,933,2026-11-06,Sentença,Tribunal
3271,933,2026-04-15,Sentença,Parte contrária
3272,933,2027-04-26,Recurso,Escritório
3273,933,2026-07-22,Decisão,Escritório
3274,934,2026-08-18,Recurso,Tribunal
3275,934,2026-07-08,Sentença,Escritório
3276,934,2026-12-31,Petição,Escritório
3277,934,2026-09-03,Sentença,Escritório
3278,934,2027-02-12,Despacho,Tribunal
3279,935,2026-09-08,Decisão,Tribunal
3280,935,2026-10-14,Sentença,Parte contrária
3281,936,2026-12-28,Sentença,Tribunal
3282,936,2026-11-14,Sentença,Parte contrária
3283,936,2026-11-04,Sentença,Parte contrária
3284,937,2025-12-07,Sentença,Tribunal
3285,937,2026-03-07,Despacho,Parte contrária
3286,938,2026-06-10,Sentença,Tribunal
3287,938,2026-02-16,Despacho,Escritório
3288,938,2026-05-19,Sentença,Escritório
3289,939,2026-04-09,Petição,Parte contrária
3290,939,2026-12-28,Sentença,Tribunal
3291,940,2027-08-26,Recurso,Tribunal
3292,940,2027-07-27,Despacho,Tribunal
3293,940,2026-12-31,Sentença,Tribunal
3294,940,2027-06-07,Recurso,Parte contrária
3295,940,2026-08-24,Sentença,Parte contrária
3296,941,2025-07-19,Sentença,Parte contrária
3297,941,2026-03-31,Petição,Tribunal
3298,942,2027-06-14,Sentença,Tribunal
3299,942,2026-09-09,Recurso,Escritório
3300,942,2026-05-12,Despacho,Tribunal
3301,943,2026-04-02,Recurso,Escritório
3302,943,2026-07-24,Petição,Escritório
3303,943,2027-03-12,Decisão,Parte contrária
3304,943,2026-11-05,Recurso,Escritório
3305,943,2026-07-17,Decisão,Tribunal
3306,944,2026-11-24,Despacho,Escritório
3307,944,2027-05-22,Decisão,Escritório
3308,944,2027-08-26,Despacho,Escritório
3309,944,2027-10-10,Decisão,Escritório
3310,945,2026-11-20,Despacho,Tribunal
3311,945,2026-10-02,Petição,Escritório
3312,946,2026-12-05,Petição,Tribunal
3313,946,2026-08-27,Sentença,Tribunal
3314,946,2025-10-29,Sentença,Escritório
3315,946,2026-10-17,Decisão,Escritório
3316,946,2026-11-10,Sentença,Parte contrária
3317,947,2026-06-04,Despacho,Tribunal
3318,947,2027-01-01,Petição,Tribunal
3319,947,2026-09-10,Recurso,Escritório
3320,947,2026-09-13,Recurso,Escritório
3321,947,2026-09-19,Recurso,Parte contrária
3322,948,2026-11-15,Petição,Escritório
3323,948,2026-04-28,Recurso,Escritório
3324,949,2026-05-14,Petição,Escritório
3325,949,2026-11-05,Sentença,Tribunal
3326,949,2026-06-19,Sentença,Escritório
3327,949,2027-01-18,Despacho,Tribunal
3328,949,2026-04-13,Decisão,Escritório
3329,950,2026-08-27,Recurso,Parte contrária
3330,950,2026-01-03,Sentença,Escritório
3331,950,2026-01-11,Sentença,Parte contrária
3332,950,2026-02-21,Despacho,Tribunal
3333,951,2027-02-16,Sentença,Escritório
3334,951,2027-02-07,Petição,Escritório
3335,951,2027-02-10,Despacho,Escritório
3336,952,2026-05-01,Despacho,Escritório
3337,952,2027-03-03,Recurso,Tribunal
3338,953,2026-07-30,Petição,Tribunal
3339,953,2026-09-27,Petição,Tribunal
3340,953,2026-05-01,Sentença,Parte contrária
3341,953,2027-01-26,Sentença,Tribunal
3342,953,2026-01-17,Decisão,Parte contrária
3343,954,2027-07-29,Decisão,Tribunal
3344,954,2026-11-17,Recurso,Tribunal
3345,955,2026-09-28,Despacho,Parte contrária
3346,955,2026-05-10,Sentença,Tribunal
3347,955,2026-08-07,Sentença,Parte contrária
3348,955,2026-09-02,Sentença,Parte contrária
3349,955,2027-02-02,Sentença,Tribunal
3350,956,2026-10-02,Decisão,Parte contrária
3351,956,2027-02-07,Petição,Tribunal
3352,957,2027-07-01,Despacho,Parte contrária
3353,957,2027-05-25,Petição,Escritório
3354,958,2026-12-02,Petição,Escritório
3355,958,2026-11-21,Despacho,Escritório
3356,958,2027-03-13,Despacho,Tribunal
3357,958,2026-12-20,Recurso,Escritório
3358,959,2026-10-15,Recurso,Tribunal
3359,959,2026-03-24,Recurso,Parte contrária
3360,959,2026-08-10,Decisão,Parte contrária
3361,960,2026-05-16,Sentença,Parte contrária
3362,960,2026-03-06,Petição,Tribunal
3363,960,2027-01-27,Despacho,Parte contrária
3364,960,2026-09-09,Despacho,Escritório
3365,960,2026-08-13,Sentença,Parte contrária
3366,961,2027-05-30,Despacho,Parte contrária
3367,961,2027-01-15,Recurso,Tribunal
3368,961,2027-02-10,Sentença,Escritório
3369,962,2026-10-07,Petição,Escritório
3370,962,2026-11-29,Decisão,Escritório
3371,962,2026-01-10,Recurso,Tribunal
3372,962,2026-08-24,Sentença,Parte contrária
3373,963,2026-01-25,Decisão,Escritório
3374,963,2026-10-07,Despacho,Parte contrária
3375,963,2026-02-27,Decisão,Tribunal
3376,964,2026-12-18,Petição,Parte contrária
3377,964,2027-05-02,Despacho,Parte contrária
3378,964,2026-08-27,Recurso,Escritório
3379,965,2027-03-20,Sentença,Parte contrária
3380,965,2026-10-05,Decisão,Escritório
3381,966,2026-09-05,Decisão,Parte contrária
3382,966,2026-02-14,Sentença,Parte contrária
3383,966,2026-07-22,Sentença,Parte contrária
3384,966,2026-10-30,Despacho,Parte contrária
3385,967,2026-01-13,Recurso,Tribunal
3386,967,2027-02-03,Sentença,Tribunal
3387,967,2026-05-02,Petição,Parte contrária
3388,967,2026-11-26,Petição,Escritório
3389,968,2027-04-05,Despacho,Escritório
3390,968,2027-03-23,Decisão,Tribunal
3391,968,2027-08-12,Despacho,Escritório
3392,968,2027-09-17,Petição,Parte contrária
3393,968,2027-06-23,Sentença,Tribunal
3394,969,2027-06-03,Petição,Escritório
3395,969,2027-01-06,Recurso,Escritório
3396,969,2027-06-29,Recurso,Parte contrária
3397,970,2026-01-04,Decisão,Tribunal
3398,970,2025-08-23,Sentença,Tribunal
3399,970,2026-01-20,Recurso,Escritório
3400,971,2026-11-19,Sentença,Parte contrária
3401,971,2026-01-21,Despacho,Tribunal
3402,971,2026-09-10,Decisão,Tribunal
3403,971,2026-10-01,Decisão,Escritório
3404,971,2026-12-18,Despacho,Escritório
3405,972,2026-07-20,Sentença,Parte contrária
3406,972,2027-03-01,Sentença,Escritório
3407,972,2027-02-19,Recurso,Escritório
3408,972,2027-02-10,Recurso,Parte contrária
3409,972,2027-01-08,Sentença,Parte contrária
3410,973,2026-02-25,Decisão,Escritório
3411,973,2026-10-03,Recurso,Tribunal
3412,974,2027-06-07,Recurso,Tribunal
3413,974,2026-07-28,Despacho,Escritório
3414,974,2026-07-08,Sentença,Parte contrária
3415,974,2026-06-21,Despacho,Escritório
3416,975,2027-02-19,Despacho,Tribunal
3417,975,2026-05-10,Petição,Escritório
3418,975,2026-05-01,Despacho,Parte contrária
3419,975,2027-03-09,Sentença,Parte contrária
3420,975,2026-04-28,Decisão,Tribunal
3421,976,2026-12-09,Recurso,Tribunal
3422,976,2026-08-09,Despacho,Escritório
3423,977,2027-02-08,Petição,Tribunal
3424,977,2026-03-06,Sentença,Parte contrária
3425,978,2027-04-05,Recurso,Tribunal
3426,978,2027-04-15,Despacho,Parte contrária
3427,978,2026-11-06,Despacho,Parte contrária
3428,978,2027-02-23,Sentença,Tribunal
3429,978,2026-04-18,Decisão,Parte contrária
3430,979,2026-10-10,Petição,Escritório
3431,979,2025-12-19,Recurso,Tribunal
3432,979,2026-07-06,Decisão,Escritório
3433,979,2026-05-15,Sentença,Tribunal
3434,980,2027-01-17,Petição,Parte contrária
3435,980,2026-04-15,Petição,Parte contrária
3436,981,2025-12-31,Recurso,Escritório
3437,981,2025-10-10,Petição,Escritório
3438,981,2026-06-17,Petição,Parte contrária
3439,982,2026-01-09,Recurso,Tribunal
3440,982,2026-07-16,Sentença,Escritório
3441,982,2025-11-18,Sentença,Tribunal
3442,982,2025-12-12,Recurso,Parte contrária
3443,983,2027-03-29,Decisão,Parte contrária
3444,983,2026-08-17,Sentença,Tribunal
3445,983,2027-01-17,Despacho,Escritório
3446,983,2026-06-02,Sentença,Escritório
3447,984,2026-05-28,Petição,Parte contrária
3448,984,2027-06-07,Recurso,Parte contrária
3449,985,2027-03-05,Recurso,Escritório
3450,985,2027-06-16,Decisão,Escritório
3451,985,2027-07-13,Petição,Parte contrária
3452,985,2027-08-29,Recurso,Escritório
3453,985,2026-12-02,Despacho,Escritório
3454,986,2027-04-15,Sentença,Escritório
3455,986,2026-04-11,Sentença,Escritório
3456,986,2026-07-02,Sentença,Tribunal
3457,987,2026-09-04,Despacho,Parte contrária
3458,987,2026-08-06,Decisão,Escritório
3459,987,2026-05-05,Sentença,Parte contrária
3460,987,2026-11-19,Decisão,Escritório
3461,987,2027-02-15,Recurso,Tribunal
3462,988,2026-04-02,Sentença,Parte contrária
3463,988,2026-10-19,Decisão,Escritório
3464,988,2026-09-21,Decisão,Parte contrária
3465,988,2026-07-02,Petição,Tribunal
3466,988,2026-01-03,Despacho,Parte contrária
3467,989,2026-02-10,Sentença,Escritório
3468,989,2026-04-27,Despacho,Parte contrária
3469,989,2026-04-22,Decisão,Tribunal
3470,989,2025-11-22,Decisão,Escritório
3471,989,2026-11-09,Despacho,Tribunal
3472,990,2027-06-01,Sentença,Tribunal
3473,990,2027-03-03,Petição,Tribunal
3474,990,2027-02-12,Decisão,Escritório
3475,990,2026-02-08,Sentença,Parte contrária
3476,990,2027-05-04,Sentença,Escritório
3477,991,2025-09-04,Despacho,Escritório
3478,991,2025-09-18,Recurso,Tribunal
3479,991,2026-08-30,Sentença,Parte contrária
3480,991,2026-07-12,Recurso,Tribunal
3481,991,2026-09-23,Recurso,Parte contrária
3482,992,2026-12-14,Petição,Tribunal
3483,992,2027-05-09,Sentença,Parte contrária
3484,992,2026-10-11,Recurso,Escritório
3485,992,2026-10-05,Decisão,Escritório
3486,992,2027-08-08,Decisão,Parte contrária
3487,993,2026-10-12,Petição,Parte contrária
3488,993,2026-08-18,Sentença,Tribunal
3489,993,2027-08-09,Despacho,Tribunal
3490,994,2027-02-07,Petição,Tribunal
3491,994,2026-07-13,Petição,Escritório
3492,994,2026-11-01,Decisão,Escritório
3493,995,2026-07-26,Decisão,Parte contrária
3494,995,2026-06-26,Despacho,Parte contrária
3495,995,2027-01-18,Decisão,Tribunal
3496,995,2027-02-01,Despacho,Escritório
3497,996,2026-03-26,Recurso,Escritório
3498,996,2026-10-08,Petição,Parte contrária
3499,996,2026-12-06,Recurso,Escritório
3500,996,2026-12-25,Despacho,Escritório
3501,997,2026-09-27,Petição,Tribunal
3502,997,2026-09-04,Recurso,Escritório
3503,997,2026-07-25,Recurso,Escritório
3504,997,2027-01-02,Sentença,Tribunal
3505,998,2026-10-12,Decisão,Parte contrária
3506,998,2027-02-13,Sentença,Parte contrária
3507,998,2026-08-13,Sentença,Escritório
3508,998,2027-06-15,Sentença,Tribunal
3509,999,2027-05-24,Decisão,Escritório
3510,999,2027-05-30,Decisão,Parte contrária
3511,999,2026-10-09,Sentença,Parte contrária
3512,999,2026-10-07,Decisão,Parte contrária
3513,1000,2026-06-08,Recurso,Parte contrária
3514,1000,2026-11-08,Despacho,Parte contrária
3515,1000,2026-09-15,Decisão,Parte contrária
3516,1000,2027-02-25,Recurso,Tribunal
3517,1000,2026-08-24,Petição,Tribunal
3518,1001,2026-04-18,Decisão,Escritório
3519,1001,2026-01-17,Decisão,Tribunal
3520,1001,2025-11-13,Decisão,Escritório
3521,1001,2025-10-04,Despacho,Escritório
3522,1001,2025-09-11,Sentença,Parte contrária
3523,1002,2026-11-01,Petição,Parte contrária
3524,1002,2026-03-04,Petição,Parte contrária
3525,1002,2025-12-27,Sentença,Tribunal
3526,1002,2026-11-27,Despacho,Tribunal
3527,1003,2027-01-21,Recurso,Tribunal
3528,1003,2026-10-01,Sentença,Parte contrária
3529,1004,2026-12-14,Decisão,Escritório
3530,1004,2025-09-24,Despacho,Parte contrária
3531,1004,2026-06-17,Decisão,Tribunal
3532,1005,2025-11-09,Sentença,Escritório
3533,1005,2026-05-26,Despacho,Parte contrária
3534,1006,2026-09-14,Decisão,Tribunal
3535,1006,2027-04-19,Despacho,Tribunal
3536,1006,2026-08-22,Petição,Escritório
3537,1007,2027-02-27,Recurso,Tribunal
3538,1007,2027-02-05,Petição,Escritório
3539,1007,2027-01-27,Petição,Parte contrária
3540,1008,2026-09-06,Recurso,Tribunal
3541,1008,2026-10-12,Sentença,Parte contrária
3542,1008,2026-12-17,Decisão,Parte contrária
3543,1008,2026-10-20,Decisão,Escritório
3544,1009,2027-03-09,Decisão,Escritório
3545,1009,2026-04-06,Recurso,Tribunal
3546,1009,2026-05-07,Decisão,Parte contrária
3547,1010,2026-07-08,Despacho,Tribunal
3548,1010,2025-10-18,Decisão,Escritório
3549,1011,2026-10-25,Sentença,Tribunal
3550,1011,2026-04-18,Sentença,Parte contrária
3551,1011,2026-04-12,Despacho,Escritório
3552,1011,2025-09-26,Petição,Escritório
3553,1012,2027-03-17,Petição,Tribunal
3554,1012,2026-09-03,Recurso,Escritório
3555,1012,2027-05-27,Sentença,Tribunal
3556,1012,2027-01-05,Decisão,Parte contrária
3557,1013,2026-06-22,Despacho,Escritório
3558,1013,2026-11-09,Petição,Tribunal
3559,1014,2026-03-16,Despacho,Parte contrária
3560,1014,2026-01-09,Petição,Parte contrária
3561,1015,2027-01-04,Decisão,Escritório
3562,1015,2025-10-04,Recurso,Escritório
3563,1016,2025-07-10,Sentença,Escritório
3564,1016,2025-07-22,Sentença,Tribunal
3565,1016,2025-10-21,Decisão,Tribunal
3566,1016,2025-10-31,Recurso,Tribunal
3567,1017,2026-03-27,Sentença,Tribunal
3568,1017,2027-02-23,Despacho,Escritório
3569,1017,2026-02-26,Sentença,Parte contrária
3570,1018,2026-12-21,Despacho,Parte contrária
3571,1018,2026-03-27,Decisão,Escritório
3572,1018,2027-01-09,Decisão,Parte contrária
3573,1018,2026-04-28,Despacho,Parte contrária
3574,1018,2025-10-20,Sentença,Tribunal
3575,1019,2027-06-02,Sentença,Tribunal
3576,1019,2026-04-25,Sentença,Escritório
3577,1019,2026-07-01,Decisão,Tribunal
3578,1020,2027-01-18,Decisão,Escritório
3579,1020,2027-04-25,Recurso,Tribunal
3580,1020,2026-09-08,Decisão,Tribunal
3581,1020,2026-09-11,Recurso,Parte contrária
3582,1020,2026-01-15,Recurso,Tribunal
3583,1021,2026-01-03,Recurso,Tribunal
3584,1021,2026-12-17,Despacho,Escritório
3585,1022,2026-08-13,Sentença,Parte contrária
3586,1022,2025-12-19,Despacho,Parte contrária
3587,1023,2026-02-24,Decisão,Parte contrária
3588,1023,2025-10-31,Petição,Tribunal
3589,1023,2025-11-04,Sentença,Parte contrária
3590,1023,2026-11-01,Sentença,Tribunal
3591,1024,2027-05-22,Petição,Tribunal
3592,1024,2027-04-30,Recurso,Tribunal
3593,1024,2027-03-08,Decisão,Tribunal
3594,1024,2027-02-10,Recurso,Tribunal
3595,1024,2027-01-24,Recurso,Escritório
3596,1025,2026-09-02,Recurso,Tribunal
3597,1025,2026-08-10,Decisão,Tribunal
3598,1026,2027-01-23,Recurso,Parte contrária
3599,1026,2026-02-15,Petição,Tribunal
3600,1026,2027-02-22,Petição,Parte contrária
3601,1026,2026-03-04,Decisão,Tribunal
3602,1026,2026-07-17,Sentença,Escritório
3603,1027,2027-03-11,Sentença,Escritório
3604,1027,2027-05-04,Petição,Tribunal
3605,1028,2026-06-01,Decisão,Tribunal
3606,1028,2026-10-19,Sentença,Tribunal
3607,1028,2025-11-09,Sentença,Escritório
3608,1029,2026-10-10,Recurso,Escritório
3609,1029,2026-11-18,Petição,Parte contrária
3610,1030,2027-01-12,Decisão,Escritório
3611,1030,2026-12-21,Recurso,Tribunal
3612,1030,2027-02-12,Sentença,Parte contrária
3613,1030,2026-06-15,Despacho,Tribunal
3614,1031,2027-03-09,Despacho,Tribunal
3615,1031,2026-04-19,Decisão,Escritório
3616,1031,2027-04-30,Petição,Tribunal
3617,1032,2026-05-07,Petição,Escritório
3618,1032,2026-11-10,Sentença,Parte contrária
3619,1032,2027-09-14,Decisão,Escritório
3620,1033,2026-02-21,Decisão,Parte contrária
3621,1033,2026-02-23,Decisão,Tribunal
3622,1033,2026-10-04,Recurso,Escritório
3623,1033,2026-06-09,Decisão,Tribunal
3624,1034,2026-11-11,Petição,Parte contrária
3625,1034,2026-08-13,Decisão,Parte contrária
3626,1034,2025-12-25,Decisão,Escritório
3627,1034,2026-08-31,Recurso,Tribunal
3628,1035,2026-07-12,Decisão,Escritório
3629,1035,2025-08-18,Despacho,Tribunal
3630,1035,2026-05-26,Despacho,Parte contrária
3631,1035,2026-01-01,Recurso,Parte contrária
3632,1035,2026-09-03,Despacho,Tribunal
3633,1036,2026-11-16,Recurso,Escritório
3634,1036,2027-06-10,Sentença,Escritório
3635,1037,2027-07-22,Petição,Escritório
3636,1037,2026-10-17,Sentença,Escritório
3637,1037,2026-11-13,Despacho,Tribunal
3638,1037,2026-05-28,Decisão,Tribunal
3639,1038,2027-05-04,Sentença,Escritório
3640,1038,2026-02-27,Sentença,Parte contrária
3641,1038,2027-04-03,Despacho,Parte contrária
3642,1039,2025-10-11,Despacho,Tribunal
3643,1039,2025-09-09,Despacho,Tribunal
3644,1039,2026-04-19,Decisão,Parte contrária
3645,1039,2026-04-04,Sentença,Parte contrária
3646,1040,2026-11-19,Sentença,Parte contrária
3647,1040,2026-01-02,Recurso,Parte contrária
3648,1041,2027-03-12,Petição,Parte contrária
3649,1041,2026-12-21,Petição,Tribunal
3650,1041,2026-05-18,Decisão,Escritório
3651,1042,2026-09-27,Decisão,Tribunal
3652,1042,2026-05-11,Recurso,Tribunal
3653,1042,2026-06-30,Sentença,Parte contrária
3654,1042,2026-11-16,Sentença,Escritório
3655,1042,2026-03-09,Petição,Tribunal
3656,1043,2027-02-23,Petição,Escritório
3657,1043,2026-12-05,Recurso,Escritório
3658,1043,2027-05-15,Petição,Tribunal
3659,1044,2026-06-29,Petição,Tribunal
3660,1044,2026-08-22,Despacho,Parte contrária
3661,1044,2026-05-29,Despacho,Escritório
3662,1044,2026-09-27,Recurso,Tribunal
3663,1045,2027-02-18,Sentença,Parte contrária
3664,1045,2027-04-05,Petição,Escritório
3665,1045,2026-11-05,Despacho,Parte contrária
3666,1045,2027-06-16,Decisão,Escritório
3667,1046,2026-11-01,Despacho,Parte contrária
3668,1046,2026-06-30,Petição,Tribunal
3669,1047,2027-01-30,Sentença,Tribunal
3670,1047,2026-04-27,Recurso,Escritório
3671,1047,2026-03-28,Despacho,Parte contrária
3672,1047,2026-12-16,Decisão,Parte contrária
3673,1048,2025-12-30,Decisão,Escritório
3674,1048,2026-02-10,Sentença,Parte contrária
3675,1049,2025-12-28,Recurso,Parte contrária
3676,1049,2026-06-04,Recurso,Escritório
3677,1049,2026-08-20,Decisão,Parte contrária
3678,1049,2026-08-28,Recurso,Tribunal
3679,1049,2026-04-11,Petição,Escritório
3680,1050,2026-12-15,Recurso,Tribunal
3681,1050,2026-01-21,Sentença,Tribunal
3682,1050,2026-05-25,Recurso,Tribunal
3683,1051,2025-08-29,Recurso,Parte contrária
3684,1051,2026-04-29,Despacho,Tribunal
3685,1052,2026-12-12,Petição,Escritório
3686,1052,2026-02-22,Recurso,Parte contrária
3687,1052,2027-05-01,Petição,Escritório
3688,1052,2026-05-13,Petição,Escritório
3689,1053,2027-04-28,Recurso,Escritório
3690,1053,2026-04-29,Petição,Escritório
3691,1053,2026-06-08,Decisão,Tribunal
3692,1054,2027-03-01,Petição,Escritório
3693,1054,2027-06-19,Sentença,Tribunal
3694,1054,2027-06-23,Decisão,Escritório
3695,1054,2027-05-20,Recurso,Tribunal
3696,1054,2027-09-23,Decisão,Tribunal
3697,1055,2027-04-07,Despacho,Parte contrária
3698,1055,2027-04-13,Recurso,Tribunal
3699,1055,2027-02-12,Decisão,Escritório
3700,1056,2026-10-08,Despacho,Parte contrária
3701,1056,2026-10-09,Despacho,Parte contrária
3702,1056,2027-02-13,Despacho,Tribunal
3703,1057,2026-05-30,Despacho,Escritório
3704,1057,2027-02-08,Petição,Escritório
3705,1057,2027-07-24,Recurso,Tribunal
3706,1057,2027-03-12,Sentença,Parte contrária
3707,1057,2027-02-02,Recurso,Escritório
3708,1058,2026-07-01,Recurso,Parte contrária
3709,1058,2027-04-05,Recurso,Tribunal
3710,1058,2026-10-27,Recurso,Parte contrária
3711,1059,2027-01-17,Sentença,Tribunal
3712,1059,2026-06-09,Decisão,Tribunal
3713,1059,2026-12-22,Decisão,Tribunal
3714,1060,2025-09-02,Recurso,Tribunal
3715,1060,2026-07-11,Petição,Escritório
3716,1060,2025-08-09,Sentença,Parte contrária
3717,1060,2026-02-18,Petição,Tribunal
3718,1060,2026-01-01,Decisão,Tribunal
3719,1061,2026-03-13,Sentença,Escritório
3720,1061,2026-12-11,Despacho,Tribunal
3721,1062,2026-01-16,Despacho,Tribunal
3722,1062,2026-05-20,Decisão,Escritório
3723,1063,2027-03-05,Decisão,Parte contrária
3724,1063,2027-01-25,Sentença,Escritório
3725,1063,2026-08-16,Sentença,Escritório
3726,1063,2026-08-20,Sentença,Parte contrária
3727,1064,2026-09-27,Recurso,Escritório
3728,1064,2026-09-18,Petição,Escritório
3729,1065,2027-04-21,Petição,Escritório
3730,1065,2026-10-27,Recurso,Escritório
3731,1066,2026-05-28,Petição,Parte contrária
3732,1066,2025-08-20,Decisão,Parte contrária
3733,1066,2026-05-07,Petição,Tribunal
3734,1066,2026-04-16,Sentença,Escritório
3735,1066,2025-12-21,Petição,Tribunal
3736,1067,2027-06-01,Despacho,Parte contrária
3737,1067,2026-10-09,Recurso,Parte contrária
3738,1067,2026-11-30,Despacho,Parte contrária
3739,1067,2026-08-25,Sentença,Tribunal
3740,1067,2026-11-16,Petição,Tribunal
3741,1068,2027-06-06,Despacho,Tribunal
3742,1068,2027-01-22,Sentença,Parte contrária
3743,1069,2026-02-18,Decisão,Escritório
3744,1069,2026-08-15,Decisão,Parte contrária
3745,1070,2025-09-07,Despacho,Parte contrária
3746,1070,2026-06-04,Recurso,Tribunal
3747,1070,2025-07-29,Despacho,Parte contrária
3748,1071,2027-06-25,Recurso,Parte contrária
3749,1071,2026-11-13,Recurso,Parte contrária
3750,1072,2026-11-15,Decisão,Tribunal
3751,1072,2027-04-18,Decisão,Parte contrária
3752,1072,2026-08-15,Petição,Parte contrária
3753,1073,2026-03-23,Despacho,Parte contrária
3754,1073,2026-04-02,Decisão,Tribunal
3755,1073,2027-04-25,Petição,Escritório
3756,1073,2026-04-28,Sentença,Parte contrária
3757,1074,2026-03-08,Sentença,Tribunal
3758,1074,2026-10-19,Despacho,Tribunal
3759,1074,2026-12-21,Despacho,Escritório
3760,1074,2026-03-12,Petição,Escritório
3761,1075,2026-05-06,Recurso,Escritório
3762,1075,2027-03-31,Recurso,Tribunal
3763,1075,2027-04-10,Petição,Escritório
3764,1075,2026-10-14,Decisão,Parte contrária
3765,1076,2027-01-12,Petição,Escritório
3766,1076,2026-03-26,Recurso,Tribunal
3767,1076,2026-09-10,Recurso,Tribunal
3768,1076,2025-12-05,Despacho,Escritório
3769,1076,2026-01-26,Sentença,Tribunal
3770,1077,2027-04-12,Petição,Parte contrária
3771,1077,2027-01-29,Despacho,Escritório
3772,1077,2027-04-09,Petição,Tribunal
3773,1077,2027-07-11,Petição,Tribunal
3774,1078,2026-11-02,Petição,Escritório
3775,1078,2026-11-10,Sentença,Escritório
3776,1079,2025-09-19,Sentença,Escritório
3777,1079,2025-10-11,Sentença,Tribunal
3778,1079,2025-11-23,Despacho,Escritório
3779,1080,2026-06-20,Despacho,Tribunal
3780,1080,2026-12-03,Recurso,Escritório
3781,1080,2026-10-12,Decisão,Parte contrária
3782,1080,2026-12-16,Recurso,Parte contrária
3783,1081,2026-01-18,Recurso,Tribunal
3784,1081,2025-11-30,Sentença,Parte contrária
3785,1081,2027-03-08,Despacho,Parte contrária
3786,1081,2026-09-08,Recurso,Tribunal
3787,1082,2026-08-21,Recurso,Parte contrária
3788,1082,2026-05-26,Sentença,Escritório
3789,1082,2026-09-27,Despacho,Parte contrária
3790,1082,2026-10-29,Sentença,Escritório
3791,1082,2026-08-07,Despacho,Escritório
3792,1083,2027-01-07,Petição,Escritório
3793,1083,2027-08-20,Recurso,Tribunal
3794,1083,2027-09-20,Decisão,Escritório
3795,1083,2027-06-07,Despacho,Parte contrária
3796,1083,2027-09-29,Sentença,Parte contrária
3797,1084,2026-12-13,Petição,Escritório
3798,1084,2026-07-25,Despacho,Tribunal
3799,1084,2027-01-08,Recurso,Tribunal
3800,1084,2026-03-21,Recurso,Parte contrária
3801,1084,2026-07-08,Despacho,Escritório
3802,1085,2026-12-29,Petição,Parte contrária
3803,1085,2026-05-28,Despacho,Parte contrária
3804,1085,2026-03-03,Petição,Tribunal
3805,1086,2026-11-19,Despacho,Escritório
3806,1086,2027-06-16,Recurso,Escritório
3807,1086,2027-06-18,Recurso,Tribunal
3808,1087,2026-11-14,Decisão,Escritório
3809,1087,2026-10-23,Petição,Parte contrária
3810,1087,2026-06-22,Recurso,Parte contrária
3811,1088,2027-01-12,Recurso,Tribunal
3812,1088,2026-06-20,Decisão,Tribunal
3813,1088,2026-03-10,Sentença,Escritório
3814,1089,2027-05-07,Despacho,Escritório
3815,1089,2026-07-19,Decisão,Escritório
3816,1089,2026-12-11,Despacho,Tribunal
3817,1089,2026-06-19,Sentença,Escritório
3818,1090,2026-08-29,Petição,Escritório
3819,1090,2025-09-22,Despacho,Tribunal
3820,1090,2026-10-06,Decisão,Escritório
3821,1090,2025-12-25,Decisão,Parte contrária
3822,1091,2027-09-25,Sentença,Parte contrária
3823,1091,2027-10-01,Despacho,Escritório
3824,1091,2027-02-27,Decisão,Escritório
3825,1091,2026-07-18,Recurso,Tribunal
3826,1091,2027-08-06,Sentença,Parte contrária
3827,1092,2026-10-06,Recurso,Tribunal
3828,1092,2026-02-16,Sentença,Parte contrária
3829,1092,2026-04-10,Sentença,Escritório
3830,1092,2025-12-09,Decisão,Parte contrária
3831,1093,2026-12-06,Sentença,Tribunal
3832,1093,2027-07-09,Petição,Parte contrária
3833,1093,2027-06-28,Recurso,Parte contrária
3834,1093,2026-12-14,Decisão,Tribunal
3835,1093,2027-05-06,Decisão,Parte contrária
3836,1094,2026-04-11,Decisão,Parte contrária
3837,1094,2026-03-25,Recurso,Escritório
3838,1095,2026-06-20,Petição,Tribunal
3839,1095,2027-01-18,Despacho,Parte contrária
3840,1095,2026-10-17,Despacho,Escritório
3841,1096,2026-01-24,Petição,Parte contrária
3842,1096,2026-06-19,Sentença,Tribunal
3843,1096,2027-03-28,Sentença,Parte contrária
3844,1097,2026-12-14,Despacho,Tribunal
3845,1097,2026-05-31,Despacho,Tribunal
3846,1098,2026-09-29,Despacho,Tribunal
3847,1098,2027-01-18,Despacho,Tribunal
3848,1098,2027-03-10,Despacho,Parte contrária
3849,1098,2027-03-27,Petição,Parte contrária
3850,1098,2026-06-13,Decisão,Escritório
3851,1099,2026-04-01,Decisão,Parte contrária
3852,1099,2026-04-14,Decisão,Escritório
3853,1100,2027-01-13,Sentença,Tribunal
3854,1100,2027-04-07,Despacho,Escritório
3855,1100,2026-08-09,Decisão,Parte contrária
3856,1100,2026-09-30,Decisão,Tribunal
3857,1100,2026-11-05,Recurso,Tribunal
3858,1101,2025-08-17,Decisão,Escritório
3859,1101,2026-08-27,Recurso,Parte contrária
3860,1102,2026-09-14,Recurso,Parte contrária
3861,1102,2025-12-31,Decisão,Tribunal
3862,1102,2026-04-17,Petição,Tribunal
3863,1102,2027-03-14,Recurso,Escritório
3864,1102,2026-08-16,Decisão,Escritório
3865,1103,2026-07-10,Petição,Escritório
3866,1103,2026-10-19,Recurso,Parte contrária
3867,1104,2025-12-19,Recurso,Escritório
3868,1104,2026-07-12,Sentença,Tribunal
3869,1104,2026-02-01,Petição,Escritório
3870,1104,2026-05-26,Despacho,Parte contrária
3871,1105,2027-05-04,Petição,Tribunal
3872,1105,2027-06-13,Petição,Escritório
3873,1105,2026-10-21,Petição,Tribunal
3874,1105,2027-05-21,Recurso,Parte contrária
3875,1106,2026-07-05,Recurso,Escritório
3876,1106,2026-06-15,Decisão,Parte contrária
3877,1107,2026-07-07,Recurso,Escritório
3878,1107,2025-09-05,Sentença,Tribunal
3879,1107,2026-03-18,Sentença,Parte contrária
3880,1107,2026-02-18,Decisão,Tribunal
3881,1107,2025-10-30,Despacho,Parte contrária
3882,1108,2027-05-12,Sentença,Parte contrária
3883,1108,2027-03-22,Decisão,Tribunal
3884,1108,2026-12-13,Decisão,Escritório
3885,1108,2026-12-21,Sentença,Tribunal
3886,1108,2027-03-04,Recurso,Parte contrária
3887,1109,2026-06-18,Despacho,Parte contrária
3888,1109,2027-02-15,Petição,Parte contrária
3889,1110,2027-07-15,Decisão,Tribunal
3890,1110,2026-09-03,Despacho,Tribunal
3891,1111,2027-05-25,Petição,Parte contrária
3892,1111,2027-03-30,Recurso,Tribunal
3893,1112,2025-11-19,Recurso,Escritório
3894,1112,2026-10-26,Despacho,Tribunal
3895,1113,2026-08-22,Decisão,Escritório
3896,1113,2026-12-21,Sentença,Tribunal
3897,1113,2026-04-20,Sentença,Parte contrária
3898,1114,2026-11-05,Petição,Tribunal
3899,1114,2026-11-27,Petição,Tribunal
3900,1114,2026-05-16,Despacho,Tribunal
3901,1114,2026-09-03,Sentença,Parte contrária
3902,1114,2026-12-07,Petição,Tribunal
3903,1115,2027-02-05,Decisão,Tribunal
3904,1115,2026-08-07,Petição,Tribunal
3905,1115,2026-10-18,Recurso,Escritório
3906,1116,2027-01-22,Decisão,Escritório
3907,1116,2027-09-24,Petição,Tribunal
3908,1117,2027-03-19,Decisão,Parte contrária
3909,1117,2026-11-01,Sentença,Escritório
3910,1117,2027-03-31,Recurso,Escritório
3911,1118,2026-07-19,Decisão,Tribunal
3912,1118,2027-01-21,Despacho,Tribunal
3913,1118,2026-08-24,Petição,Escritório
3914,1119,2027-03-01,Despacho,Parte contrária
3915,1119,2026-10-29,Decisão,Escritório
3916,1119,2026-10-04,Despacho,Tribunal
3917,1119,2027-08-28,Sentença,Escritório
3918,1120,2027-05-16,Despacho,Tribunal
3919,1120,2026-06-07,Sentença,Parte contrária
3920,1121,2027-06-05,Recurso,Tribunal
3921,1121,2027-06-15,Petição,Parte contrária
3922,1121,2027-08-30,Petição,Escritório
3923,1121,2026-08-21,Despacho,Tribunal
3924,1122,2026-11-16,Despacho,Parte contrária
3925,1122,2027-03-12,Sentença,Escritório
3926,1122,2026-11-21,Despacho,Parte contrária
3927,1122,2027-03-28,Decisão,Tribunal
3928,1122,2027-03-13,Decisão,Tribunal
3929,1123,2026-01-14,Recurso,Tribunal
3930,1123,2026-09-15,Despacho,Tribunal
3931,1124,2026-07-06,Despacho,Escritório
3932,1124,2027-07-30,Sentença,Escritório
3933,1124,2027-01-26,Despacho,Parte contrária
3934,1124,2026-10-13,Petição,Tribunal
3935,1125,2026-02-04,Petição,Tribunal
3936,1125,2026-10-31,Despacho,Escritório
3937,1125,2026-05-02,Despacho,Escritório
3938,1125,2026-06-01,Despacho,Parte contrária
3939,1125,2025-09-22,Sentença,Escritório
3940,1126,2026-03-02,Decisão,Parte contrária
3941,1126,2026-01-18,Despacho,Tribunal
3942,1126,2027-02-11,Petição,Tribunal
3943,1126,2026-09-12,Recurso,Parte contrária
3944,1126,2027-05-12,Recurso,Parte contrária
3945,1127,2027-01-03,Decisão,Tribunal
3946,1127,2026-10-22,Decisão,Escritório
3947,1127,2026-01-21,Despacho,Escritório
3948,1127,2026-06-12,Despacho,Parte contrária
3949,1127,2026-04-08,Petição,Escritório
3950,1128,2027-06-28,Sentença,Parte contrária
3951,1128,2026-04-30,Recurso,Escritório
3952,1128,2027-04-23,Despacho,Tribunal
3953,1128,2027-02-07,Decisão,Tribunal
3954,1129,2026-10-02,Despacho,Parte contrária
3955,1129,2026-07-16,Despacho,Tribunal
3956,1129,2027-06-04,Decisão,Parte contrária
3957,1129,2027-01-05,Petição,Escritório
3958,1129,2026-03-23,Petição,Tribunal
3959,1130,2026-12-11,Petição,Parte contrária
3960,1130,2026-07-11,Despacho,Tribunal
3961,1130,2025-11-16,Petição,Parte contrária
3962,1131,2027-02-27,Petição,Parte contrária
3963,1131,2027-03-13,Decisão,Parte contrária
3964,1131,2026-05-12,Recurso,Tribunal
3965,1131,2027-06-21,Petição,Escritório
3966,1131,2027-01-26,Decisão,Tribunal
3967,1132,2026-12-11,Sentença,Parte contrária
3968,1132,2026-09-21,Petição,Tribunal
3969,1132,2025-11-11,Decisão,Escritório
3970,1133,2027-04-13,Sentença,Parte contrária
3971,1133,2026-06-09,Decisão,Parte contrária
3972,1133,2027-02-11,Recurso,Tribunal
3973,1133,2026-06-18,Sentença,Escritório
3974,1134,2027-02-11,Decisão,Parte contrária
3975,1134,2026-03-26,Sentença,Parte contrária
3976,1134,2026-01-14,Decisão,Parte contrária
3977,1135,2027-02-08,Petição,Tribunal
3978,1135,2027-03-05,Despacho,Tribunal
3979,1136,2026-08-21,Recurso,Tribunal
3980,1136,2026-02-20,Recurso,Parte contrária
3981,1136,2025-10-16,Petição,Parte contrária
3982,1137,2027-02-09,Decisão,Tribunal
3983,1137,2026-08-18,Sentença,Parte contrária
3984,1137,2027-08-21,Petição,Parte contrária
3985,1137,2027-05-08,Despacho,Tribunal
3986,1137,2027-05-12,Sentença,Tribunal
3987,1138,2027-08-10,Petição,Tribunal
3988,1138,2027-02-21,Decisão,Parte contrária
3989,1138,2026-11-01,Recurso,Escritório
3990,1139,2026-07-13,Decisão,Tribunal
3991,1139,2026-12-10,Despacho,Parte contrária
3992,1140,2026-08-28,Despacho,Tribunal
3993,1140,2025-12-06,Despacho,Parte contrária
3994,1140,2025-11-03,Despacho,Escritório
3995,1140,2026-11-15,Recurso,Tribunal
3996,1141,2027-05-08,Decisão,Escritório
3997,1141,2026-11-10,Petição,Escritório
3998,1142,2026-12-18,Recurso,Parte contrária
3999,1142,2025-09-08,Recurso,Tribunal
4000,1142,2026-01-01,Despacho,Parte contrária
4001,1142,2026-10-31,Despacho,Parte contrária
4002,1142,2026-03-22,Recurso,Tribunal
4003,1143,2026-11-10,Despacho,Escritório
4004,1143,2026-12-16,Sentença,Parte contrária
4005,1143,2026-03-05,Despacho,Tribunal
4006,1143,2027-03-04,Petição,Tribunal
4007,1143,2026-12-29,Recurso,Parte contrária
4008,1144,2026-02-19,Sentença,Escritório
4009,1144,2025-11-14,Recurso,Escritório
4010,1144,2026-02-20,Petição,Escritório
4011,1144,2026-12-08,Decisão,Parte contrária
4012,1144,2026-05-20,Recurso,Escritório
4013,1145,2027-06-24,Decisão,Tribunal
4014,1145,2026-08-31,Petição,Tribunal
4015,1145,2026-09-30,Petição,Escritório
4016,1145,2026-05-18,Petição,Parte contrária
4017,1146,2027-03-31,Recurso,Escritório
4018,1146,2026-10-18,Petição,Escritório
4019,1147,2026-04-05,Despacho,Parte contrária
4020,1147,2026-09-21,Decisão,Tribunal
4021,1147,2025-12-06,Recurso,Parte contrária
4022,1147,2025-09-22,Despacho,Tribunal
4023,1147,2026-06-16,Despacho,Escritório
4024,1148,2027-01-23,Decisão,Tribunal
4025,1148,2027-02-02,Recurso,Escritório
4026,1148,2027-04-02,Petição,Tribunal
4027,1149,2025-11-25,Recurso,Parte contrária
4028,1149,2026-01-04,Despacho,Tribunal
4029,1149,2026-06-25,Recurso,Escritório
4030,1149,2025-12-30,Decisão,Escritório
4031,1150,2026-03-30,Sentença,Parte contrária
4032,1150,2026-03-26,Petição,Parte contrária
4033,1150,2026-09-19,Recurso,Parte contrária
4034,1150,2026-12-28,Recurso,Escritório
4035,1151,2026-08-24,Decisão,Parte contrária
4036,1151,2026-10-09,Despacho,Tribunal
4037,1151,2026-02-27,Despacho,Escritório
4038,1151,2025-08-01,Despacho,Tribunal
4039,1152,2026-06-07,Recurso,Parte contrária
4040,1152,2027-02-21,Decisão,Escritório
4041,1153,2026-06-13,Recurso,Escritório
4042,1153,2027-01-10,Sentença,Tribunal
4043,1153,2026-10-27,Decisão,Parte contrária
4044,1153,2026-08-23,Petição,Parte contrária
4045,1153,2025-12-23,Sentença,Tribunal
4046,1154,2027-01-11,Recurso,Tribunal
4047,1154,2026-03-15,Sentença,Escritório
4048,1154,2026-04-30,Petição,Parte contrária
4049,1154,2026-12-24,Sentença,Parte contrária
4050,1154,2026-11-06,Petição,Escritório
4051,1155,2026-04-06,Despacho,Escritório
4052,1155,2026-07-07,Decisão,Parte contrária
4053,1155,2026-04-12,Decisão,Escritório
4054,1156,2027-02-16,Recurso,Tribunal
4055,1156,2027-01-29,Sentença,Tribunal
4056,1156,2026-12-09,Decisão,Escritório
4057,1157,2027-07-25,Decisão,Escritório
4058,1157,2027-01-02,Recurso,Parte contrária
4059,1157,2027-04-24,Decisão,Escritório
4060,1157,2027-06-17,Despacho,Parte contrária
4061,1158,2027-01-19,Sentença,Escritório
4062,1158,2025-10-16,Despacho,Tribunal
4063,1159,2026-04-06,Decisão,Tribunal
4064,1159,2026-01-14,Petição,Escritório
4065,1159,2027-01-19,Recurso,Parte contrária
4066,1159,2027-01-10,Petição,Parte contrária
4067,1159,2026-08-17,Sentença,Escritório
4068,1160,2025-08-05,Sentença,Tribunal
4069,1160,2025-10-16,Decisão,Tribunal
4070,1160,2026-08-01,Decisão,Tribunal
4071,1160,2025-12-21,Despacho,Tribunal
4072,1161,2027-03-10,Decisão,Tribunal
4073,1161,2026-11-19,Decisão,Escritório
4074,1161,2026-12-18,Decisão,Escritório
4075,1162,2026-06-26,Decisão,Escritório
4076,1162,2026-04-14,Recurso,Escritório
4077,1162,2026-07-13,Petição,Parte contrária
4078,1163,2026-04-09,Sentença,Escritório
4079,1163,2026-09-13,Sentença,Escritório
4080,1163,2026-01-05,Decisão,Tribunal
4081,1163,2026-10-08,Decisão,Escritório
4082,1163,2026-06-13,Petição,Escritório
4083,1164,2026-01-13,Sentença,Parte contrária
4084,1164,2027-01-10,Decisão,Escritório
4085,1164,2026-11-20,Petição,Tribunal
4086,1165,2025-11-24,Decisão,Escritório
4087,1165,2025-12-21,Decisão,Escritório
4088,1165,2025-09-18,Sentença,Parte contrária
4089,1165,2026-08-16,Recurso,Escritório
4090,1165,2025-10-16,Sentença,Escritório
4091,1166,2027-02-02,Decisão,Parte contrária
4092,1166,2026-07-04,Despacho,Tribunal
4093,1167,2027-01-07,Petição,Escritório
4094,1167,2026-04-16,Petição,Escritório
4095,1167,2026-04-01,Sentença,Tribunal
4096,1167,2027-07-05,Recurso,Parte contrária
4097,1168,2027-05-05,Petição,Tribunal
4098,1168,2026-10-16,Decisão,Parte contrária
4099,1168,2026-05-30,Despacho,Parte contrária
4100,1169,2026-08-09,Decisão,Tribunal
4101,1169,2027-07-29,Despacho,Tribunal
4102,1170,2026-03-29,Despacho,Escritório
4103,1170,2026-05-09,Despacho,Escritório
4104,1170,2026-08-14,Recurso,Parte contrária
4105,1171,2027-03-12,Decisão,Parte contrária
4106,1171,2027-10-01,Despacho,Escritório
4107,1172,2026-06-28,Recurso,Escritório
4108,1172,2026-04-02,Despacho,Escritório
4109,1172,2027-03-24,Despacho,Escritório
4110,1173,2026-07-10,Sentença,Tribunal
4111,1173,2026-09-07,Recurso,Tribunal
4112,1174,2026-12-18,Recurso,Escritório
4113,1174,2027-01-18,Despacho,Escritório
4114,1175,2026-11-16,Petição,Escritório
4115,1175,2026-03-11,Sentença,Escritório
4116,1175,2027-03-17,Recurso,Tribunal
4117,1175,2025-11-30,Recurso,Tribunal
4118,1175,2026-05-06,Decisão,Tribunal
4119,1176,2027-02-12,Decisão,Escritório
4120,1176,2026-11-05,Sentença,Tribunal
4121,1176,2027-03-23,Sentença,Tribunal
4122,1176,2026-10-05,Sentença,Parte contrária
4123,1177,2027-06-23,Sentença,Tribunal
4124,1177,2026-12-17,Decisão,Tribunal
4125,1177,2026-06-30,Despacho,Tribunal
4126,1177,2027-01-04,Despacho,Escritório
4127,1178,2026-08-16,Decisão,Parte contrária
4128,1178,2025-11-23,Despacho,Parte contrária
4129,1178,2025-09-01,Despacho,Tribunal
4130,1179,2026-04-30,Recurso,Escritório
4131,1179,2026-05-30,Sentença,Tribunal
4132,1179,2026-07-06,Despacho,Tribunal
4133,1180,2026-07-21,Sentença,Escritório
4134,1180,2026-07-03,Petição,Escritório
4135,1181,2026-02-16,Despacho,Escritório
4136,1181,2026-08-02,Recurso,Tribunal
4137,1181,2026-07-11,Petição,Tribunal
4138,1182,2027-05-03,Decisão,Escritório
4139,1182,2027-01-10,Sentença,Tribunal
4140,1182,2026-09-09,Petição,Parte contrária
4141,1182,2026-11-29,Decisão,Escritório
4142,1182,2026-07-06,Despacho,Escritório
4143,1183,2026-03-16,Sentença,Tribunal
4144,1183,2026-09-26,Petição,Escritório
4145,1184,2026-06-04,Decisão,Tribunal
4146,1184,2026-12-19,Decisão,Escritório
4147,1184,2026-02-13,Sentença,Escritório
4148,1184,2025-10-03,Recurso,Escritório
4149,1184,2026-04-07,Despacho,Escritório
4150,1185,2026-04-28,Despacho,Escritório
4151,1185,2026-04-03,Decisão,Parte contrária
4152,1186,2026-08-14,Despacho,Escritório
4153,1186,2027-02-02,Recurso,Tribunal
4154,1186,2027-02-06,Decisão,Escritório
4155,1186,2026-08-29,Petição,Parte contrária
4156,1187,2027-05-02,Decisão,Parte contrária
4157,1187,2026-12-06,Despacho,Tribunal
4158,1187,2026-07-28,Recurso,Escritório
4159,1188,2026-06-22,Petição,Tribunal
4160,1188,2027-01-09,Sentença,Tribunal
4161,1188,2026-07-26,Petição,Parte contrária
4162,1188,2027-03-04,Despacho,Escritório
4163,1188,2026-07-06,Recurso,Parte contrária
4164,1189,2026-12-06,Despacho,Tribunal
4165,1189,2026-08-08,Sentença,Tribunal
4166,1189,2026-12-14,Despacho,Parte contrária
4167,1189,2026-09-27,Despacho,Tribunal
4168,1190,2027-03-30,Despacho,Tribunal
4169,1190,2026-01-26,Petição,Tribunal
4170,1190,2026-09-02,Petição,Tribunal
4171,1190,2026-05-15,Decisão,Parte contrária
4172,1191,2026-08-18,Despacho,Tribunal
4173,1191,2027-03-30,Despacho,Parte contrária
4174,1192,2027-04-01,Despacho,Escritório
4175,1192,2026-08-04,Despacho,Tribunal
4176,1193,2027-04-12,Petição,Tribunal
4177,1193,2027-01-26,Sentença,Escritório
4178,1193,2026-06-16,Despacho,Parte contrária
4179,1193,2026-02-26,Sentença,Tribunal
4180,1193,2027-01-01,Despacho,Parte contrária
4181,1194,2026-08-14,Decisão,Parte contrária
4182,1194,2027-03-24,Despacho,Tribunal
4183,1194,2027-02-04,Sentença,Parte contrária
4184,1194,2026-11-22,Despacho,Parte contrária
4185,1195,2026-11-18,Sentença,Tribunal
4186,1195,2026-06-12,Despacho,Tribunal
4187,1195,2026-06-30,Petição,Parte contrária
4188,1195,2027-04-14,Petição,Tribunal
4189,1195,2027-03-17,Petição,Parte contrária
4190,1196,2027-07-15,Despacho,Tribunal
4191,1196,2027-05-02,Petição,Escritório
4192,1196,2027-06-18,Sentença,Tribunal
4193,1197,2027-01-06,Petição,Tribunal
4194,1197,2026-12-01,Petição,Parte contrária
4195,1197,2026-10-11,Recurso,Tribunal
4196,1198,2026-11-13,Petição,Tribunal
4197,1198,2026-04-28,Despacho,Escritório
4198,1198,2026-05-05,Decisão,Tribunal
4199,1199,2026-12-24,Petição,Tribunal
4200,1199,2026-01-17,Sentença,Escritório
4201,1199,2027-05-14,Recurso,Escritório
4202,1199,2026-04-07,Decisão,Escritório
4203,1199,2026-04-17,Decisão,Escritório
4204,1200,2027-01-29,Petição,Escritório
4205,1200,2026-10-31,Petição,Escritório
4206,1201,2027-03-18,Decisão,Escritório
4207,1201,2027-08-28,Despacho,Escritório
4208,1201,2026-06-17,Despacho,Parte contrária
4209,1201,2027-04-13,Decisão,Parte contrária
4210,1201,2027-02-07,Sentença,Escritório
4211,1202,2026-12-12,Despacho,Escritório
4212,1202,2027-01-01,Sentença,Tribunal
4213,1203,2026-10-06,Petição,Tribunal
4214,1203,2026-01-25,Recurso,Escritório
4215,1203,2026-11-12,Despacho,Tribunal
4216,1203,2026-02-26,Petição,Escritório
4217,1204,2025-07-21,Decisão,Tribunal
4218,1204,2026-06-01,Petição,Tribunal
4219,1205,2026-09-14,Decisão,Escritório
4220,1205,2026-10-18,Petição,Parte contrária
4221,1205,2026-06-19,Sentença,Parte contrária
4222,1205,2026-02-08,Recurso,Escritório
4223,1205,2025-10-28,Recurso,Tribunal
4224,1206,2026-08-16,Decisão,Escritório
4225,1206,2026-03-03,Petição,Tribunal
4226,1206,2026-07-02,Despacho,Escritório
4227,1207,2026-12-23,Despacho,Parte contrária
4228,1207,2026-04-27,Decisão,Escritório
4229,1207,2025-10-13,Decisão,Parte contrária
4230,1207,2026-12-11,Decisão,Tribunal
4231,1207,2025-09-24,Despacho,Parte contrária
4232,1208,2026-08-15,Decisão,Escritório
4233,1208,2026-04-07,Despacho,Parte contrária
4234,1208,2027-03-24,Decisão,Escritório
4235,1208,2026-12-28,Sentença,Escritório
4236,1209,2027-04-17,Decisão,Parte contrária
4237,1209,2026-01-25,Recurso,Parte contrária
4238,1209,2026-10-14,Sentença,Escritório
4239,1210,2026-07-30,Recurso,Tribunal
4240,1210,2027-02-13,Sentença,Escritório
4241,1210,2026-08-20,Despacho,Tribunal
4242,1210,2026-10-02,Petição,Parte contrária
4243,1211,2026-06-01,Petição,Escritório
4244,1211,2027-03-28,Sentença,Parte contrária
4245,1212,2026-06-20,Petição,Escritório
4246,1212,2027-05-07,Despacho,Tribunal
4247,1212,2026-05-30,Recurso,Tribunal
4248,1213,2027-01-20,Sentença,Parte contrária
4249,1213,2026-03-10,Decisão,Escritório
4250,1213,2026-09-10,Sentença,Escritório
4251,1214,2026-07-03,Despacho,Tribunal
4252,1214,2026-10-12,Despacho,Tribunal
4253,1214,2026-08-08,Despacho,Parte contrária
4254,1214,2026-08-31,Petição,Parte contrária
4255,1214,2025-12-24,Despacho,Parte contrária
4256,1215,2026-07-30,Despacho,Tribunal
4257,1215,2025-10-27,Despacho,Parte contrária
4258,1215,2026-05-23,Petição,Parte contrária
4259,1215,2026-11-19,Despacho,Escritório
4260,1216,2027-03-30,Recurso,Tribunal
4261,1216,2026-11-16,Sentença,Parte contrária
4262,1217,2026-02-05,Sentença,Tribunal
4263,1217,2026-04-30,Recurso,Parte contrária
4264,1218,2026-03-09,Petição,Tribunal
4265,1218,2027-01-27,Recurso,Parte contrária
4266,1219,2026-02-09,Despacho,Tribunal
4267,1219,2025-10-05,Recurso,Parte contrária
4268,1220,2027-03-27,Recurso,Escritório
4269,1220,2027-06-01,Sentença,Tribunal
4270,1220,2026-07-31,Petição,Tribunal
4271,1221,2027-07-05,Sentença,Escritório
4272,1221,2027-03-19,Despacho,Parte contrária
4273,1221,2027-02-16,Petição,Parte contrária
4274,1221,2027-01-07,Sentença,Escritório
4275,1221,2027-05-19,Decisão,Tribunal
4276,1222,2026-04-03,Despacho,Parte contrária
4277,1222,2027-02-11,Decisão,Escritório
4278,1222,2026-12-23,Sentença,Tribunal
4279,1222,2026-12-17,Petição,Escritório
4280,1223,2027-03-28,Recurso,Parte contrária
4281,1223,2027-03-20,Recurso,Parte contrária
4282,1224,2026-04-03,Sentença,Escritório
4283,1224,2027-04-03,Petição,Escritório
4284,1225,2026-07-23,Sentença,Tribunal
4285,1225,2026-06-06,Recurso,Escritório
4286,1226,2026-06-16,Despacho,Escritório
4287,1226,2026-02-15,Recurso,Escritório
4288,1227,2026-05-05,Decisão,Tribunal
4289,1227,2026-08-05,Decisão,Tribunal
4290,1227,2026-07-05,Sentença,Parte contrária
4291,1227,2027-01-18,Decisão,Parte contrária
4292,1227,2026-07-18,Sentença,Parte contrária
4293,1228,2026-05-29,Decisão,Escritório
4294,1228,2026-06-24,Decisão,Parte contrária
4295,1228,2026-06-30,Sentença,Escritório
4296,1228,2025-09-10,Sentença,Escritório
4297,1228,2026-02-02,Despacho,Parte contrária
4298,1229,2026-06-20,Sentença,Parte contrária
4299,1229,2026-09-03,Recurso,Parte contrária
4300,1229,2026-03-31,Decisão,Escritório
4301,1229,2026-10-20,Recurso,Escritório
4302,1230,2027-02-20,Recurso,Tribunal
4303,1230,2026-09-08,Petição,Parte contrária
4304,1230,2027-05-19,Sentença,Escritório
4305,1230,2027-01-18,Petição,Parte contrária
4306,1231,2026-05-16,Decisão,Parte contrária
4307,1231,2026-11-13,Petição,Tribunal
4308,1231,2025-10-25,Recurso,Tribunal
4309,1231,2026-05-11,Decisão,Escritório
4310,1231,2026-07-07,Despacho,Parte contrária
4311,1232,2026-07-18,Petição,Tribunal
4312,1232,2026-04-29,Recurso,Escritório
4313,1232,2027-02-16,Recurso,Escritório
4314,1232,2027-04-19,Despacho,Parte contrária
4315,1232,2027-05-05,Petição,Escritório
4316,1233,2025-12-23,Recurso,Parte contrária
4317,1233,2026-12-09,Despacho,Tribunal
4318,1233,2026-11-05,Sentença,Tribunal
4319,1234,2026-07-04,Sentença,Parte contrária
4320,1234,2026-10-29,Recurso,Parte contrária
4321,1234,2027-01-30,Petição,Parte contrária
4322,1234,2026-04-08,Recurso,Parte contrária
4323,1235,2027-01-24,Despacho,Escritório
4324,1235,2027-04-28,Despacho,Tribunal
4325,1235,2027-06-24,Sentença,Parte contrária
4326,1235,2027-06-09,Decisão,Escritório
4327,1235,2027-04-30,Despacho,Escritório
4328,1236,2026-09-06,Despacho,Tribunal
4329,1236,2027-07-25,Sentença,Parte contrária
4330,1237,2027-02-11,Recurso,Tribunal
4331,1237,2027-05-17,Petição,Tribunal
4332,1237,2027-02-13,Recurso,Escritório
4333,1237,2026-05-27,Petição,Tribunal
4334,1238,2026-01-29,Petição,Escritório
4335,1238,2026-05-05,Decisão,Tribunal
4336,1238,2026-12-19,Petição,Parte contrária
4337,1239,2027-01-05,Recurso,Escritório
4338,1239,2027-08-03,Despacho,Parte contrária
4339,1240,2027-02-19,Despacho,Parte contrária
4340,1240,2027-02-24,Despacho,Tribunal
4341,1240,2026-04-07,Decisão,Escritório
4342,1240,2026-07-27,Recurso,Parte contrária
4343,1240,2026-12-25,Recurso,Escritório
4344,1241,2026-07-28,Petição,Parte contrária
4345,1241,2027-05-29,Decisão,Escritório
4346,1241,2027-01-08,Despacho,Escritório
4347,1241,2027-04-10,Despacho,Parte contrária
4348,1242,2025-10-24,Despacho,Tribunal
4349,1242,2025-09-17,Recurso,Escritório
4350,1243,2026-11-18,Decisão,Tribunal
4351,1243,2026-03-28,Recurso,Parte contrária
4352,1244,2027-06-10,Sentença,Escritório
4353,1244,2026-04-07,Sentença,Escritório
4354,1244,2026-09-18,Recurso,Escritório
4355,1244,2026-08-10,Petição,Escritório
4356,1245,2026-09-28,Petição,Escritório
4357,1245,2026-04-21,Decisão,Escritório
4358,1245,2026-08-05,Despacho,Parte contrária
4359,1245,2026-08-21,Despacho,Parte contrária
4360,1246,2026-03-04,Sentença,Parte contrária
4361,1246,2026-05-22,Decisão,Parte contrária
4362,1246,2026-12-19,Despacho,Parte contrária
4363,1246,2026-08-02,Recurso,Tribunal
4364,1247,2026-09-27,Sentença,Escritório
4365,1247,2026-11-23,Despacho,Escritório
4366,1247,2026-02-28,Petição,Parte contrária
4367,1247,2026-03-08,Petição,Tribunal
4368,1247,2025-12-25,Despacho,Tribunal
4369,1248,2027-03-16,Sentença,Escritório
4370,1248,2027-05-15,Sentença,Parte contrária
4371,1248,2026-09-14,Despacho,Tribunal
4372,1249,2026-06-20,Sentença,Escritório
4373,1249,2027-01-25,Despacho,Parte contrária
4374,1250,2027-02-16,Petição,Parte contrária
4375,1250,2026-09-21,Sentença,Escritório
4376,1250,2027-01-20,Sentença,Parte contrária
4377,1250,2026-04-23,Petição,Parte contrária
4378,1250,2026-08-17,Sentença,Escritório
4379,1251,2026-07-21,Sentença,Parte contrária
4380,1251,2026-11-03,Decisão,Escritório
4381,1251,2027-04-05,Sentença,Escritório
4382,1252,2026-10-02,Despacho,Escritório
4383,1252,2026-07-03,Petição,Tribunal
4384,1252,2027-04-16,Decisão,Tribunal
4385,1252,2027-07-08,Recurso,Escritório
4386,1252,2026-09-07,Sentença,Escritório
4387,1253,2026-09-10,Sentença,Parte contrária
4388,1253,2027-06-21,Recurso,Tribunal
4389,1254,2026-09-27,Sentença,Escritório
4390,1254,2026-01-24,Despacho,Escritório
4391,1255,2026-07-09,Sentença,Parte contrária
4392,1255,2026-11-30,Sentença,Tribunal
4393,1255,2027-03-07,Recurso,Parte contrária
4394,1255,2027-01-24,Despacho,Escritório
4395,1256,2026-04-25,Despacho,Escritório
4396,1256,2026-04-01,Decisão,Parte contrária
4397,1256,2026-05-08,Recurso,Parte contrária
4398,1257,2027-08-24,Decisão,Escritório
4399,1257,2027-07-04,Sentença,Escritório
4400,1258,2026-01-28,Recurso,Tribunal
4401,1258,2026-09-03,Petição,Tribunal
4402,1258,2026-07-19,Recurso,Parte contrária
4403,1258,2026-05-29,Petição,Tribunal
4404,1259,2026-09-26,Decisão,Escritório
4405,1259,2027-01-02,Decisão,Escritório
4406,1259,2027-03-04,Decisão,Parte contrária
4407,1259,2026-02-15,Despacho,Tribunal
4408,1260,2026-02-12,Sentença,Tribunal
4409,1260,2026-09-18,Decisão,Tribunal
4410,1261,2027-04-13,Petição,Parte contrária
4411,1261,2026-05-07,Petição,Parte contrária
4412,1261,2027-01-13,Decisão,Parte contrária
4413,1262,2026-12-18,Decisão,Tribunal
4414,1262,2026-08-25,Petição,Parte contrária
4415,1262,2026-02-18,Decisão,Tribunal
4416,1262,2026-12-10,Recurso,Escritório
4417,1263,2025-08-18,Decisão,Tribunal
4418,1263,2025-10-15,Despacho,Tribunal
4419,1263,2025-09-05,Decisão,Parte contrária
4420,1263,2026-03-03,Despacho,Parte contrária
4421,1263,2026-04-19,Sentença,Parte contrária
4422,1264,2026-11-04,Despacho,Parte contrária
4423,1264,2026-06-11,Sentença,Escritório
4424,1264,2026-06-09,Despacho,Parte contrária
4425,1265,2025-11-16,Recurso,Parte contrária
4426,1265,2025-09-13,Sentença,Parte contrária
4427,1265,2026-04-11,Decisão,Escritório
4428,1265,2025-12-12,Sentença,Tribunal
4429,1265,2025-11-17,Petição,Escritório
4430,1266,2027-06-18,Recurso,Parte contrária
4431,1266,2027-02-22,Sentença,Parte contrária
4432,1266,2027-05-08,Decisão,Tribunal
4433,1266,2027-01-30,Decisão,Tribunal
4434,1267,2026-02-19,Decisão,Escritório
4435,1267,2026-11-05,Recurso,Tribunal
4436,1267,2026-11-03,Recurso,Escritório
4437,1268,2026-06-03,Petição,Escritório
4438,1268,2025-10-10,Sentença,Tribunal
4439,1268,2026-11-07,Recurso,Escritório
4440,1268,2026-09-17,Sentença,Tribunal
4441,1269,2026-11-17,Petição,Parte contrária
4442,1269,2026-04-03,Petição,Escritório
4443,1269,2027-05-21,Decisão,Escritório
4444,1269,2026-12-30,Sentença,Tribunal
4445,1269,2026-10-02,Petição,Parte contrária
4446,1270,2025-09-25,Recurso,Parte contrária
4447,1270,2026-02-13,Recurso,Parte contrária
4448,1270,2025-10-28,Petição,Tribunal
4449,1270,2026-02-28,Sentença,Tribunal
4450,1270,2026-05-03,Recurso,Parte contrária
4451,1271,2026-03-27,Decisão,Tribunal
4452,1271,2026-11-08,Recurso,Parte contrária
4453,1271,2026-03-11,Petição,Parte contrária
4454,1272,2027-09-30,Sentença,Escritório
4455,1272,2027-10-17,Decisão,Escritório
4456,1272,2026-10-25,Recurso,Tribunal
4457,1272,2027-02-02,Recurso,Escritório
4458,1273,2025-08-09,Sentença,Tribunal
4459,1273,2026-08-28,Recurso,Escritório
4460,1273,2026-04-30,Recurso,Escritório
4461,1274,2027-03-23,Sentença,Parte contrária
4462,1274,2027-05-12,Petição,Parte contrária
4463,1275,2026-12-21,Despacho,Tribunal
4464,1275,2026-04-27,Sentença,Tribunal
4465,1276,2025-09-29,Despacho,Parte contrária
4466,1276,2026-02-11,Petição,Tribunal
4467,1276,2026-11-24,Despacho,Escritório
4468,1276,2026-05-05,Despacho,Parte contrária
4469,1276,2025-10-08,Petição,Tribunal
4470,1277,2026-04-29,Sentença,Parte contrária
4471,1277,2027-03-09,Sentença,Parte contrária
4472,1277,2026-07-22,Sentença,Parte contrária
4473,1278,2026-12-11,Decisão,Parte contrária
4474,1278,2026-11-09,Despacho,Escritório
4475,1278,2026-06-08,Petição,Escritório
4476,1278,2027-03-25,Sentença,Escritório
4477,1279,2027-05-05,Despacho,Escritório
4478,1279,2027-06-18,Recurso,Tribunal
4479,1279,2026-07-23,Decisão,Escritório
4480,1279,2026-05-21,Decisão,Tribunal
4481,1279,2027-03-13,Decisão,Escritório
4482,1280,2027-02-13,Petição,Tribunal
4483,1280,2026-09-05,Recurso,Escritório
4484,1280,2026-06-24,Decisão,Escritório
4485,1280,2027-01-18,Recurso,Parte contrária
4486,1280,2025-11-20,Recurso,Parte contrária
4487,1281,2027-03-26,Sentença,Parte contrária
4488,1281,2026-06-22,Sentença,Parte contrária
4489,1281,2026-01-25,Sentença,Parte contrária
4490,1282,2026-07-16,Recurso,Parte contrária
4491,1282,2026-12-14,Recurso,Tribunal
4492,1282,2026-11-03,Decisão,Escritório
4493,1282,2026-06-24,Despacho,Tribunal
4494,1282,2027-01-04,Despacho,Escritório
4495,1283,2027-04-28,Decisão,Escritório
4496,1283,2027-09-22,Recurso,Tribunal
4497,1283,2026-07-10,Petição,Parte contrária
4498,1284,2026-05-08,Sentença,Tribunal
4499,1284,2027-03-26,Recurso,Escritório
4500,1285,2026-07-17,Despacho,Parte contrária
4501,1285,2026-08-27,Recurso,Parte contrária
4502,1286,2026-03-01,Despacho,Escritório
4503,1286,2026-07-23,Despacho,Parte contrária
4504,1286,2025-12-26,Decisão,Parte contrária
4505,1286,2026-09-26,Despacho,Escritório
4506,1287,2027-06-03,Despacho,Tribunal
4507,1287,2027-06-23,Recurso,Escritório
4508,1287,2026-07-10,Petição,Escritório
4509,1288,2026-12-06,Sentença,Parte contrária
4510,1288,2026-04-06,Sentença,Tribunal
4511,1288,2026-01-04,Despacho,Escritório
4512,1289,2026-07-21,Despacho,Escritório
4513,1289,2026-03-06,Recurso,Parte contrária
4514,1289,2026-02-01,Petição,Tribunal
4515,1289,2026-07-29,Petição,Parte contrária
4516,1289,2025-11-02,Petição,Escritório
4517,1290,2026-04-18,Despacho,Tribunal
4518,1290,2027-03-07,Sentença,Escritório
4519,1291,2026-01-23,Petição,Escritório
4520,1291,2026-12-11,Sentença,Tribunal
4521,1291,2026-09-26,Sentença,Tribunal
4522,1292,2027-04-09,Recurso,Tribunal
4523,1292,2026-04-03,Petição,Escritório
4524,1293,2026-08-02,Despacho,Tribunal
4525,1293,2026-02-02,Sentença,Parte contrária
4526,1293,2026-01-09,Decisão,Escritório
4527,1293,2026-09-17,Despacho,Escritório
4528,1294,2026-07-20,Recurso,Escritório
4529,1294,2026-08-09,Despacho,Escritório
4530,1295,2026-09-13,Petição,Tribunal
4531,1295,2027-04-16,Despacho,Parte contrária
4532,1296,2027-01-20,Petição,Escritório
4533,1296,2027-07-31,Decisão,Escritório
4534,1297,2027-07-20,Petição,Escritório
4535,1297,2026-05-20,Recurso,Parte contrária
4536,1297,2026-07-15,Petição,Parte contrária
4537,1297,2026-07-19,Despacho,Tribunal
4538,1298,2026-12-28,Recurso,Tribunal
4539,1298,2027-02-21,Sentença,Escritório
4540,1299,2025-09-30,Despacho,Parte contrária
4541,1299,2026-04-30,Sentença,Tribunal
4542,1299,2025-10-22,Sentença,Parte contrária
4543,1300,2026-07-04,Recurso,Parte contrária
4544,1300,2026-01-16,Despacho,Escritório
4545,1301,2026-03-04,Decisão,Tribunal
4546,1301,2026-12-13,Sentença,Escritório
4547,1301,2026-06-12,Sentença,Tribunal
4548,1302,2027-09-20,Petição,Escritório
4549,1302,2027-07-30,Decisão,Escritório
4550,1302,2027-01-13,Petição,Escritório
4551,1302,2026-06-16,Decisão,Escritório
4552,1302,2026-11-04,Recurso,Tribunal
4553,1303,2026-04-20,Petição,Parte contrária
4554,1303,2026-08-30,Sentença,Parte contrária
4555,1303,2026-03-22,Recurso,Parte contrária
4556,1303,2026-05-14,Petição,Tribunal
4557,1303,2027-03-01,Sentença,Parte contrária
4558,1304,2026-01-13,Decisão,Parte contrária
4559,1304,2026-01-28,Petição,Tribunal
4560,1304,2026-08-29,Petição,Escritório
4561,1304,2026-04-11,Recurso,Tribunal
4562,1305,2027-02-01,Petição,Escritório
4563,1305,2026-10-11,Despacho,Tribunal
4564,1305,2026-10-31,Sentença,Tribunal
4565,1306,2026-12-20,Sentença,Escritório
4566,1306,2026-10-31,Sentença,Escritório
4567,1307,2026-07-08,Petição,Escritório
4568,1307,2025-09-27,Petição,Parte contrária
4569,1307,2026-04-26,Decisão,Tribunal
4570,1307,2026-02-23,Sentença,Tribunal
4571,1308,2026-09-15,Recurso,Parte contrária
4572,1308,2026-07-22,Recurso,Escritório
4573,1308,2026-09-13,Recurso,Tribunal
4574,1309,2025-11-13,Decisão,Parte contrária
4575,1309,2026-03-02,Petição,Escritório
4576,1310,2027-04-20,Recurso,Parte contrária
4577,1310,2027-01-26,Recurso,Escritório
4578,1311,2025-12-02,Despacho,Parte contrária
4579,1311,2026-01-31,Recurso,Escritório
4580,1312,2026-12-15,Petição,Parte contrária
4581,1312,2027-03-23,Despacho,Tribunal
4582,1312,2026-04-28,Petição,Parte contrária
4583,1312,2027-05-11,Despacho,Escritório
4584,1313,2026-10-24,Sentença,Parte contrária
4585,1313,2027-02-13,Despacho,Parte contrária
4586,1313,2026-10-21,Sentença,Parte contrária
4587,1314,2026-10-19,Despacho,Escritório
4588,1314,2026-10-31,Sentença,Escritório
4589,1315,2027-04-01,Petição,Tribunal
4590,1315,2026-10-31,Sentença,Tribunal
4591,1315,2026-11-11,Recurso,Escritório
4592,1315,2026-05-11,Despacho,Tribunal
4593,1315,2027-02-17,Decisão,Escritório
4594,1316,2027-05-06,Sentença,Parte contrária
4595,1316,2027-07-13,Despacho,Tribunal
4596,1316,2027-01-19,Despacho,Parte contrária
4597,1317,2027-02-10,Recurso,Escritório
4598,1317,2027-06-20,Recurso,Tribunal
4599,1317,2026-12-11,Despacho,Parte contrária
4600,1318,2026-07-22,Petição,Parte contrária
4601,1318,2026-10-05,Petição,Parte contrária
4602,1318,2026-07-25,Petição,Tribunal
4603,1318,2027-03-01,Recurso,Escritório
4604,1318,2026-12-28,Recurso,Escritório
4605,1319,2026-05-28,Sentença,Escritório
4606,1319,2026-08-08,Recurso,Parte contrária
4607,1319,2026-08-08,Sentença,Parte contrária
4608,1319,2026-10-04,Petição,Parte contrária
4609,1320,2027-07-14,Recurso,Tribunal
4610,1320,2026-05-06,Sentença,Tribunal
4611,1321,2026-09-06,Recurso,Tribunal
4612,1321,2026-02-19,Recurso,Escritório
4613,1322,2026-10-31,Petição,Escritório
4614,1322,2026-08-01,Decisão,Parte contrária
4615,1322,2026-12-01,Petição,Tribunal
4616,1322,2025-12-03,Petição,Escritório
4617,1322,2026-10-05,Sentença,Parte contrária
4618,1323,2026-04-05,Despacho,Escritório
4619,1323,2026-12-15,Petição,Escritório
4620,1323,2026-05-22,Despacho,Tribunal
4621,1323,2026-08-08,Petição,Tribunal
4622,1324,2026-02-21,Sentença,Tribunal
4623,1324,2026-05-27,Sentença,Escritório
4624,1324,2026-12-28,Recurso,Parte contrária
4625,1325,2026-11-24,Despacho,Parte contrária
4626,1325,2026-04-18,Despacho,Parte contrária
4627,1326,2026-06-26,Sentença,Tribunal
4628,1326,2026-02-21,Sentença,Escritório
4629,1327,2025-12-16,Decisão,Parte contrária
4630,1327,2025-10-17,Recurso,Escritório
4631,1328,2025-12-01,Petição,Escritório
4632,1328,2025-09-28,Sentença,Tribunal
4633,1329,2026-12-12,Recurso,Tribunal
4634,1329,2026-03-05,Despacho,Parte contrária
4635,1329,2026-11-11,Recurso,Parte contrária
4636,1329,2025-12-28,Petição,Escritório
4637,1329,2025-10-09,Recurso,Parte contrária
4638,1330,2026-01-27,Recurso,Parte contrária
4639,1330,2027-04-20,Despacho,Escritório
4640,1330,2027-01-23,Sentença,Parte contrária
4641,1331,2026-09-22,Despacho,Tribunal
4642,1331,2027-03-10,Sentença,Tribunal
4643,1332,2026-03-27,Despacho,Escritório
4644,1332,2027-01-27,Petição,Tribunal
4645,1332,2025-11-20,Sentença,Escritório
4646,1332,2026-03-02,Despacho,Parte contrária
4647,1333,2026-06-23,Recurso,Tribunal
4648,1333,2027-02-27,Recurso,Escritório
4649,1333,2027-08-11,Despacho,Escritório
4650,1334,2026-06-08,Recurso,Tribunal
4651,1334,2026-10-01,Petição,Escritório
4652,1334,2026-02-03,Recurso,Tribunal
4653,1334,2026-02-06,Decisão,Parte contrária
4654,1334,2026-06-12,Decisão,Parte contrária
4655,1335,2026-06-13,Decisão,Parte contrária
4656,1335,2026-12-26,Despacho,Tribunal
4657,1335,2027-01-16,Sentença,Tribunal
4658,1335,2026-07-15,Sentença,Parte contrária
4659,1335,2026-02-22,Sentença,Escritório
4660,1336,2027-07-29,Decisão,Tribunal
4661,1336,2026-08-02,Recurso,Parte contrária
4662,1336,2026-06-17,Recurso,Tribunal
4663,1336,2027-04-12,Decisão,Parte contrária
4664,1336,2026-06-26,Petição,Parte contrária
4665,1337,2026-08-03,Sentença,Escritório
4666,1337,2026-10-29,Despacho,Parte contrária
4667,1338,2027-04-28,Petição,Escritório
4668,1338,2026-11-05,Decisão,Escritório
4669,1338,2026-03-02,Recurso,Parte contrária
4670,1338,2026-02-05,Recurso,Escritório
4671,1338,2027-01-10,Decisão,Parte contrária
4672,1339,2026-07-09,Recurso,Parte contrária
4673,1339,2026-03-14,Despacho,Parte contrária
4674,1339,2026-06-06,Sentença,Escritório
4675,1339,2025-09-06,Recurso,Parte contrária
4676,1340,2027-01-28,Decisão,Tribunal
4677,1340,2027-01-20,Despacho,Parte contrária
4678,1340,2025-11-30,Despacho,Parte contrária
4679,1341,2026-02-26,Sentença,Parte contrária
4680,1341,2026-02-23,Sentença,Escritório
4681,1341,2027-04-22,Decisão,Tribunal
4682,1341,2027-03-17,Sentença,Escritório
4683,1341,2026-02-10,Despacho,Parte contrária
4684,1342,2027-02-01,Recurso,Tribunal
4685,1342,2027-06-20,Recurso,Escritório
4686,1342,2027-06-04,Recurso,Parte contrária
4687,1342,2026-11-14,Decisão,Escritório
4688,1343,2026-11-26,Despacho,Escritório
4689,1343,2026-09-04,Despacho,Tribunal
4690,1343,2026-12-31,Petição,Tribunal
4691,1343,2025-10-12,Decisão,Tribunal
4692,1344,2026-01-13,Petição,Escritório
4693,1344,2026-09-20,Sentença,Tribunal
4694,1345,2026-10-06,Recurso,Tribunal
4695,1345,2026-09-21,Decisão,Tribunal
4696,1346,2026-09-02,Sentença,Escritório
4697,1346,2026-12-10,Recurso,Tribunal
4698,1346,2026-11-17,Petição,Tribunal
4699,1346,2026-03-16,Decisão,Parte contrária
4700,1347,2026-07-06,Decisão,Tribunal
4701,1347,2026-02-20,Recurso,Escritório
4702,1347,2025-12-29,Despacho,Escritório
4703,1348,2026-08-11,Recurso,Parte contrária
4704,1348,2027-04-20,Petição,Parte contrária
4705,1348,2026-05-02,Recurso,Parte contrária
4706,1349,2026-09-24,Recurso,Parte contrária
4707,1349,2026-10-01,Decisão,Parte contrária
4708,1349,2027-02-20,Despacho,Parte contrária
4709,1350,2027-04-11,Petição,Escritório
4710,1350,2026-10-09,Sentença,Escritório
4711,1350,2027-02-04,Despacho,Parte contrária
4712,1351,2026-09-26,Sentença,Tribunal
4713,1351,2026-09-10,Decisão,Tribunal
4714,1351,2026-04-12,Sentença,Parte contrária
4715,1351,2026-09-02,Despacho,Parte contrária
4716,1352,2027-01-08,Decisão,Tribunal
4717,1352,2027-03-07,Recurso,Tribunal
4718,1352,2026-09-15,Decisão,Escritório
4719,1353,2026-09-27,Sentença,Tribunal
4720,1353,2027-02-28,Recurso,Tribunal
4721,1353,2027-03-08,Decisão,Tribunal
4722,1353,2027-03-02,Sentença,Escritório
4723,1354,2027-03-23,Petição,Tribunal
4724,1354,2027-05-17,Recurso,Parte contrária
4725,1354,2027-04-24,Despacho,Parte contrária
4726,1355,2026-09-01,Decisão,Parte contrária
4727,1355,2026-07-08,Decisão,Escritório
4728,1355,2026-07-08,Recurso,Parte contrária
4729,1355,2026-08-16,Despacho,Tribunal
4730,1356,2026-10-25,Decisão,Parte contrária
4731,1356,2025-12-13,Despacho,Tribunal
4732,1357,2026-07-17,Recurso,Escritório
4733,1357,2026-03-13,Despacho,Escritório
4734,1357,2026-06-29,Sentença,Escritório
4735,1357,2025-11-04,Petição,Tribunal
4736,1357,2025-10-16,Petição,Escritório
4737,1358,2026-07-09,Decisão,Parte contrária
4738,1358,2026-02-19,Petição,Tribunal
4739,1358,2026-07-01,Petição,Tribunal
4740,1358,2026-05-04,Petição,Tribunal
4741,1359,2026-03-08,Sentença,Parte contrária
4742,1359,2025-10-05,Despacho,Tribunal
4743,1359,2025-10-06,Sentença,Parte contrária
4744,1359,2026-07-27,Recurso,Escritório
4745,1359,2026-05-19,Decisão,Tribunal
4746,1360,2026-04-04,Despacho,Escritório
4747,1360,2026-09-07,Despacho,Tribunal
4748,1360,2026-11-24,Decisão,Tribunal
4749,1360,2026-04-25,Sentença,Tribunal
4750,1361,2026-08-26,Recurso,Tribunal
4751,1361,2026-03-21,Petição,Parte contrária
4752,1361,2025-12-06,Despacho,Escritório
4753,1362,2026-09-18,Decisão,Escritório
4754,1362,2027-08-19,Sentença,Parte contrária
4755,1362,2027-08-11,Petição,Parte contrária
4756,1362,2027-01-25,Petição,Tribunal
4757,1362,2027-02-27,Petição,Parte contrária
4758,1363,2026-01-03,Sentença,Escritório
4759,1363,2026-08-12,Sentença,Escritório
4760,1363,2026-10-13,Despacho,Parte contrária
4761,1363,2025-09-30,Sentença,Escritório
4762,1363,2025-08-26,Decisão,Tribunal
4763,1364,2027-05-20,Petição,Escritório
4764,1364,2026-06-22,Sentença,Parte contrária
4765,1364,2027-01-08,Recurso,Escritório
4766,1364,2026-09-26,Despacho,Escritório
4767,1365,2027-02-10,Petição,Escritório
4768,1365,2026-12-04,Sentença,Escritório
4769,1365,2025-11-03,Sentença,Parte contrária
4770,1365,2025-12-21,Petição,Tribunal
4771,1366,2026-01-26,Decisão,Parte contrária
4772,1366,2025-12-12,Petição,Parte contrária
4773,1367,2026-12-07,Decisão,Tribunal
4774,1367,2026-05-29,Petição,Escritório
4775,1367,2026-04-16,Decisão,Parte contrária
4776,1367,2027-04-15,Despacho,Escritório
4777,1368,2027-03-28,Petição,Parte contrária
4778,1368,2027-04-08,Despacho,Parte contrária
4779,1368,2027-04-20,Petição,Tribunal
4780,1368,2026-10-17,Despacho,Escritório
4781,1369,2026-04-21,Despacho,Tribunal
4782,1369,2026-11-23,Decisão,Parte contrária
4783,1370,2025-12-17,Despacho,Parte contrária
4784,1370,2025-07-31,Recurso,Escritório
4785,1370,2026-01-23,Recurso,Escritório
4786,1371,2026-11-07,Petição,Tribunal
4787,1371,2026-12-05,Decisão,Parte contrária
4788,1372,2026-10-07,Despacho,Tribunal
4789,1372,2027-05-05,Despacho,Escritório
4790,1372,2026-03-10,Decisão,Escritório
4791,1372,2026-06-02,Petição,Escritório
4792,1373,2027-02-28,Despacho,Tribunal
4793,1373,2026-03-30,Despacho,Tribunal
4794,1373,2026-03-21,Decisão,Parte contrária
4795,1374,2026-04-23,Despacho,Parte contrária
4796,1374,2027-02-05,Petição,Escritório
4797,1374,2026-05-24,Decisão,Tribunal
4798,1374,2026-11-24,Decisão,Escritório
4799,1375,2026-05-13,Recurso,Escritório
4800,1375,2025-12-12,Sentença,Tribunal
4801,1375,2026-02-09,Despacho,Parte contrária
4802,1376,2026-06-13,Petição,Parte contrária
4803,1376,2027-01-01,Despacho,Parte contrária
4804,1376,2027-06-02,Recurso,Parte contrária
4805,1377,2027-08-02,Sentença,Parte contrária
4806,1377,2026-09-23,Despacho,Escritório
4807,1377,2026-10-20,Petição,Parte contrária
4808,1377,2027-10-09,Sentença,Escritório
4809,1378,2026-09-14,Decisão,Tribunal
4810,1378,2026-09-06,Decisão,Escritório
4811,1378,2026-11-30,Recurso,Parte contrária
4812,1378,2026-11-12,Sentença,Tribunal
4813,1378,2026-08-04,Decisão,Tribunal
4814,1379,2027-03-24,Recurso,Escritório
4815,1379,2026-08-18,Recurso,Escritório
4816,1379,2027-03-16,Petição,Tribunal
4817,1379,2027-04-07,Despacho,Parte contrária
4818,1380,2026-09-08,Petição,Tribunal
4819,1380,2026-07-18,Recurso,Tribunal
4820,1381,2027-03-11,Decisão,Tribunal
4821,1381,2026-01-11,Decisão,Parte contrária
4822,1381,2026-01-09,Decisão,Escritório
4823,1381,2026-12-12,Despacho,Escritório
4824,1381,2026-05-01,Decisão,Escritório
4825,1382,2025-11-11,Recurso,Escritório
4826,1382,2026-05-24,Sentença,Escritório
4827,1382,2026-12-29,Petição,Parte contrária
4828,1382,2026-03-14,Sentença,Escritório
4829,1383,2026-06-24,Decisão,Tribunal
4830,1383,2026-12-31,Decisão,Parte contrária
4831,1383,2026-12-22,Petição,Parte contrária
4832,1383,2026-10-29,Decisão,Escritório
4833,1383,2026-03-19,Decisão,Tribunal
4834,1384,2026-12-07,Recurso,Parte contrária
4835,1384,2026-11-15,Decisão,Tribunal
4836,1385,2026-04-08,Sentença,Tribunal
4837,1385,2026-01-29,Despacho,Parte contrária
4838,1386,2026-07-17,Decisão,Parte contrária
4839,1386,2026-07-28,Recurso,Escritório
4840,1386,2026-10-09,Recurso,Parte contrária
4841,1386,2026-10-25,Despacho,Escritório
4842,1386,2026-03-08,Recurso,Tribunal
4843,1387,2027-01-19,Despacho,Parte contrária
4844,1387,2026-04-21,Decisão,Escritório
4845,1387,2026-08-06,Petição,Escritório
4846,1387,2027-02-25,Despacho,Tribunal
4847,1387,2026-09-10,Decisão,Parte contrária
4848,1388,2026-12-29,Despacho,Parte contrária
4849,1388,2025-12-28,Petição,Parte contrária
4850,1388,2025-09-12,Petição,Parte contrária
4851,1388,2026-10-02,Sentença,Tribunal
4852,1389,2026-12-02,Despacho,Escritório
4853,1389,2025-12-15,Recurso,Escritório
4854,1389,2025-10-28,Sentença,Tribunal
4855,1389,2026-03-17,Sentença,Parte contrária
4856,1389,2026-01-07,Despacho,Escritório
4857,1390,2026-07-17,Decisão,Tribunal
4858,1390,2027-06-27,Sentença,Escritório
4859,1390,2026-05-12,Recurso,Escritório
4860,1390,2026-05-02,Despacho,Parte contrária
4861,1390,2026-11-10,Petição,Parte contrária
4862,1391,2027-03-27,Recurso,Tribunal
4863,1391,2026-11-26,Despacho,Escritório
4864,1391,2027-03-15,Sentença,Escritório
4865,1392,2026-08-30,Recurso,Parte contrária
4866,1392,2026-03-04,Petição,Escritório
4867,1393,2026-09-29,Decisão,Parte contrária
4868,1393,2026-08-24,Recurso,Tribunal
4869,1393,2025-07-21,Despacho,Parte contrária
4870,1393,2025-12-09,Sentença,Tribunal
4871,1393,2025-09-30,Sentença,Tribunal
4872,1394,2027-04-09,Petição,Parte contrária
4873,1394,2026-11-18,Recurso,Tribunal
4874,1394,2026-01-02,Recurso,Parte contrária
4875,1394,2026-10-07,Sentença,Tribunal
4876,1395,2027-06-13,Sentença,Tribunal
4877,1395,2026-06-09,Petição,Tribunal
4878,1395,2026-09-21,Petição,Tribunal
4879,1395,2026-11-25,Recurso,Escritório
4880,1396,2026-08-23,Despacho,Escritório
4881,1396,2026-10-04,Despacho,Escritório
4882,1396,2026-07-18,Recurso,Escritório
4883,1396,2026-08-31,Decisão,Escritório
4884,1396,2026-04-06,Petição,Escritório
4885,1397,2026-01-23,Petição,Escritório
4886,1397,2027-01-25,Decisão,Tribunal
4887,1398,2026-07-15,Decisão,Parte contrária
4888,1398,2026-12-28,Decisão,Escritório
4889,1398,2027-01-23,Despacho,Escritório
4890,1399,2027-02-15,Sentença,Parte contrária
4891,1399,2026-07-25,Sentença,Parte contrária
4892,1399,2026-11-09,Recurso,Escritório
4893,1399,2026-12-11,Decisão,Escritório
4894,1399,2026-10-15,Recurso,Tribunal
4895,1400,2026-12-08,Decisão,Parte contrária
4896,1400,2027-02-03,Decisão,Escritório
4897,1401,2027-06-15,Despacho,Tribunal
4898,1401,2026-05-25,Petição,Tribunal
4899,1401,2026-07-19,Recurso,Parte contrária
4900,1401,2027-05-30,Decisão,Tribunal
4901,1402,2025-10-07,Despacho,Tribunal
4902,1402,2026-01-23,Petição,Tribunal
4903,1402,2026-11-12,Despacho,Tribunal
4904,1403,2025-09-16,Recurso,Tribunal
4905,1403,2027-01-11,Decisão,Escritório
4906,1404,2026-12-06,Decisão,Escritório
4907,1404,2026-07-14,Petição,Tribunal
4908,1405,2026-05-10,Despacho,Parte contrária
4909,1405,2027-03-30,Despacho,Parte contrária
4910,1405,2027-02-16,Recurso,Parte contrária
4911,1405,2026-05-30,Petição,Parte contrária
4912,1406,2026-11-26,Recurso,Escritório
4913,1406,2027-05-17,Decisão,Parte contrária
4914,1406,2027-04-11,Despacho,Parte contrária
4915,1407,2026-05-11,Sentença,Escritório
4916,1407,2027-02-17,Sentença,Parte contrária
4917,1407,2026-08-21,Despacho,Parte contrária
4918,1408,2026-12-19,Despacho,Escritório
4919,1408,2026-03-30,Petição,Parte contrária
4920,1409,2026-12-19,Decisão,Parte contrária
4921,1409,2027-01-29,Decisão,Parte contrária
4922,1409,2027-08-17,Recurso,Parte contrária
4923,1409,2026-12-05,Recurso,Escritório
4924,1409,2027-01-10,Sentença,Tribunal
4925,1410,2026-07-05,Petição,Tribunal
4926,1410,2027-08-03,Recurso,Tribunal
4927,1410,2026-11-23,Recurso,Tribunal
4928,1410,2026-11-19,Decisão,Escritório
4929,1410,2026-09-22,Despacho,Parte contrária
4930,1411,2027-01-16,Decisão,Parte contrária
4931,1411,2027-05-28,Despacho,Tribunal
4932,1412,2026-04-01,Decisão,Parte contrária
4933,1412,2026-03-12,Despacho,Escritório
4934,1412,2025-10-30,Decisão,Tribunal
4935,1412,2025-12-08,Petição,Parte contrária
4936,1412,2026-09-20,Recurso,Escritório
4937,1413,2027-02-20,Despacho,Tribunal
4938,1413,2026-10-17,Despacho,Parte contrária
4939,1414,2027-06-09,Recurso,Parte contrária
4940,1414,2026-11-23,Despacho,Parte contrária
4941,1414,2027-05-22,Sentença,Escritório
4942,1414,2027-06-17,Petição,Tribunal
4943,1414,2027-06-19,Despacho,Tribunal
4944,1415,2027-01-21,Sentença,Escritório
4945,1415,2027-01-20,Despacho,Escritório
4946,1416,2026-08-21,Sentença,Parte contrária
4947,1416,2027-03-16,Despacho,Escritório
4948,1416,2026-09-27,Despacho,Escritório
4949,1417,2026-01-08,Despacho,Parte contrária
4950,1417,2027-01-09,Recurso,Parte contrária
4951,1417,2027-01-14,Despacho,Parte contrária
4952,1417,2025-12-18,Despacho,Tribunal
4953,1417,2026-06-24,Decisão,Parte contrária
4954,1418,2026-09-14,Recurso,Escritório
4955,1418,2026-10-06,Decisão,Parte contrária
4956,1419,2026-02-18,Recurso,Escritório
4957,1419,2027-03-03,Sentença,Escritório
4958,1420,2026-12-28,Recurso,Parte contrária
4959,1420,2026-11-18,Despacho,Escritório
4960,1420,2026-06-23,Sentença,Tribunal
4961,1421,2026-11-27,Petição,Escritório
4962,1421,2027-09-16,Despacho,Escritório
4963,1421,2026-06-27,Sentença,Escritório
4964,1421,2026-11-13,Despacho,Tribunal
4965,1421,2027-07-24,Recurso,Tribunal
4966,1422,2026-05-31,Sentença,Escritório
4967,1422,2027-06-04,Recurso,Tribunal
4968,1423,2027-03-29,Petição,Tribunal
4969,1423,2026-01-10,Petição,Escritório
4970,1423,2026-11-01,Despacho,Parte contrária
4971,1423,2026-09-20,Decisão,Tribunal
4972,1424,2025-12-09,Decisão,Escritório
4973,1424,2026-06-07,Despacho,Escritório
4974,1425,2025-12-18,Petição,Escritório
4975,1425,2026-04-16,Sentença,Parte contrária
4976,1425,2027-02-19,Recurso,Tribunal
4977,1425,2026-10-03,Sentença,Tribunal
4978,1425,2026-02-05,Petição,Parte contrária
4979,1426,2025-11-07,Petição,Tribunal
4980,1426,2025-12-08,Decisão,Tribunal
4981,1427,2026-04-26,Decisão,Escritório
4982,1427,2026-03-08,Recurso,Tribunal
4983,1427,2026-03-22,Petição,Escritório
4984,1427,2026-09-14,Recurso,Parte contrária
4985,1428,2027-03-06,Recurso,Tribunal
4986,1428,2026-07-18,Decisão,Tribunal
4987,1428,2026-02-21,Sentença,Tribunal
4988,1428,2026-09-03,Recurso,Tribunal
4989,1428,2026-05-03,Despacho,Parte contrária
4990,1429,2026-07-06,Sentença,Parte contrária
4991,1429,2026-06-25,Decisão,Parte contrária
4992,1430,2025-08-13,Decisão,Tribunal
4993,1430,2025-11-07,Petição,Parte contrária
4994,1430,2025-08-13,Despacho,Escritório
4995,1431,2026-10-30,Despacho,Escritório
4996,1431,2027-06-11,Recurso,Parte contrária
4997,1431,2027-04-28,Decisão,Tribunal
4998,1432,2025-11-15,Petição,Parte contrária
4999,1432,2026-03-12,Despacho,Parte contrária
5000,1432,2025-12-22,Petição,Tribunal
5001,1432,2025-10-20,Petição,Tribunal
5002,1433,2026-02-21,Sentença,Escritório
5003,1433,2026-12-04,Despacho,Parte contrária
5004,1433,2027-01-31,Petição,Escritório
5005,1434,2026-08-27,Sentença,Escritório
5006,1434,2026-11-09,Sentença,Escritório
5007,1434,2026-05-06,Despacho,Tribunal
5008,1435,2026-02-20,Recurso,Escritório
5009,1435,2026-03-12,Petição,Escritório
5010,1435,2026-02-20,Sentença,Parte contrária
5011,1435,2026-10-28,Recurso,Escritório
5012,1435,2026-06-18,Petição,Tribunal
5013,1436,2026-08-24,Petição,Escritório
5014,1436,2026-06-02,Recurso,Escritório
5015,1436,2027-07-14,Sentença,Parte contrária
5016,1436,2026-08-17,Despacho,Escritório
5017,1436,2026-10-15,Sentença,Escritório
5018,1437,2026-06-18,Sentença,Tribunal
5019,1437,2027-01-15,Petição,Tribunal
5020,1437,2026-11-02,Recurso,Tribunal
5021,1438,2027-03-01,Sentença,Tribunal
5022,1438,2026-06-22,Petição,Tribunal
5023,1438,2026-09-09,Despacho,Tribunal
5024,1438,2026-05-24,Recurso,Tribunal
5025,1439,2026-05-21,Sentença,Tribunal
5026,1439,2027-03-05,Decisão,Escritório
5027,1440,2026-06-14,Petição,Parte contrária
5028,1440,2026-12-03,Decisão,Parte contrária
5029,1440,2026-03-20,Despacho,Escritório
5030,1440,2027-03-17,Despacho,Escritório
5031,1440,2026-08-05,Decisão,Parte contrária
5032,1441,2025-11-02,Decisão,Escritório
5033,1441,2026-09-27,Recurso,Parte contrária
5034,1441,2026-07-24,Petição,Parte contrária
5035,1442,2026-07-15,Petição,Parte contrária
5036,1442,2026-10-20,Recurso,Escritório
5037,1442,2026-11-27,Petição,Tribunal
5038,1442,2026-09-05,Sentença,Tribunal
5039,1442,2026-11-15,Decisão,Escritório
5040,1443,2027-08-05,Sentença,Escritório
5041,1443,2026-07-24,Despacho,Escritório
5042,1443,2027-06-08,Decisão,Escritório
5043,1444,2026-04-14,Despacho,Parte contrária
5044,1444,2026-04-30,Despacho,Parte contrária
5045,1444,2027-05-12,Decisão,Escritório
5046,1444,2026-11-01,Despacho,Parte contrária
5047,1445,2025-09-28,Decisão,Tribunal
5048,1445,2025-08-23,Recurso,Tribunal
5049,1445,2025-10-01,Petição,Escritório
5050,1445,2026-05-19,Despacho,Tribunal
5051,1446,2026-03-19,Petição,Escritório
5052,1446,2025-10-29,Recurso,Tribunal
5053,1446,2026-03-08,Despacho,Escritório
5054,1446,2026-12-01,Sentença,Escritório
5055,1447,2026-12-19,Sentença,Tribunal
5056,1447,2027-06-27,Petição,Escritório
5057,1447,2027-05-29,Recurso,Escritório
5058,1448,2026-10-17,Petição,Escritório
5059,1448,2026-07-06,Recurso,Tribunal
5060,1449,2026-09-26,Recurso,Parte contrária
5061,1449,2025-10-10,Decisão,Parte contrária
5062,1449,2026-06-13,Recurso,Tribunal
5063,1450,2026-07-07,Petição,Tribunal
5064,1450,2026-07-27,Decisão,Parte contrária
5065,1450,2026-08-18,Petição,Tribunal
5066,1450,2027-02-22,Recurso,Tribunal
5067,1450,2026-03-18,Petição,Escritório
5068,1451,2026-05-18,Recurso,Escritório
5069,1451,2026-11-15,Recurso,Parte contrária
5070,1451,2026-09-17,Despacho,Tribunal
5071,1451,2027-02-17,Sentença,Parte contrária
5072,1451,2027-03-20,Recurso,Escritório
5073,1452,2026-10-10,Recurso,Tribunal
5074,1452,2027-01-23,Decisão,Escritório
5075,1453,2026-07-29,Sentença,Parte contrária
5076,1453,2026-08-19,Decisão,Escritório
5077,1453,2026-10-01,Despacho,Parte contrária
5078,1453,2027-08-06,Despacho,Escritório
5079,1454,2026-06-28,Decisão,Tribunal
5080,1454,2026-12-05,Petição,Parte contrária
5081,1454,2027-10-08,Decisão,Tribunal
5082,1454,2027-07-23,Sentença,Parte contrária
5083,1454,2026-06-18,Decisão,Parte contrária
5084,1455,2027-05-31,Decisão,Escritório
5085,1455,2026-10-15,Petição,Escritório
5086,1455,2026-06-07,Petição,Tribunal
5087,1455,2026-08-30,Sentença,Escritório
5088,1456,2026-11-08,Sentença,Parte contrária
5089,1456,2026-12-30,Petição,Parte contrária
5090,1457,2025-12-14,Despacho,Tribunal
5091,1457,2026-06-12,Decisão,Escritório
5092,1457,2026-03-17,Despacho,Tribunal
5093,1458,2026-06-29,Despacho,Escritório
5094,1458,2026-07-18,Despacho,Parte contrária
5095,1459,2026-11-12,Sentença,Parte contrária
5096,1459,2027-04-11,Petição,Tribunal
5097,1459,2026-09-21,Despacho,Tribunal
5098,1459,2027-01-03,Sentença,Parte contrária
5099,1460,2027-02-28,Sentença,Parte contrária
5100,1460,2026-12-29,Recurso,Parte contrária
5101,1460,2026-11-10,Petição,Parte contrária
5102,1461,2026-02-13,Sentença,Tribunal
5103,1461,2026-03-10,Petição,Parte contrária
5104,1461,2026-05-13,Despacho,Escritório
5105,1461,2026-03-05,Despacho,Tribunal
5106,1461,2026-12-25,Despacho,Tribunal
5107,1462,2026-09-24,Recurso,Parte contrária
5108,1462,2027-05-11,Sentença,Parte contrária
5109,1462,2026-06-21,Sentença,Tribunal
5110,1462,2026-09-10,Decisão,Tribunal
5111,1462,2027-06-07,Recurso,Parte contrária
5112,1463,2026-04-28,Decisão,Escritório
5113,1463,2027-08-02,Decisão,Parte contrária
5114,1463,2027-05-14,Recurso,Escritório
5115,1463,2027-03-16,Petição,Escritório
5116,1464,2025-09-23,Despacho,Tribunal
5117,1464,2025-08-24,Sentença,Parte contrária
5118,1464,2025-10-09,Decisão,Escritório
5119,1464,2026-09-27,Decisão,Tribunal
5120,1465,2026-09-12,Despacho,Parte contrária
5121,1465,2026-03-13,Decisão,Parte contrária
5122,1466,2026-09-20,Decisão,Parte contrária
5123,1466,2026-10-17,Recurso,Escritório
5124,1466,2026-07-18,Petição,Parte contrária
5125,1466,2026-11-25,Recurso,Tribunal
5126,1467,2027-07-15,Decisão,Parte contrária
5127,1467,2027-03-22,Petição,Tribunal
5128,1467,2027-07-03,Recurso,Tribunal
5129,1467,2026-08-22,Petição,Parte contrária
5130,1468,2025-12-16,Petição,Parte contrária
5131,1468,2026-08-17,Despacho,Tribunal
5132,1469,2026-05-22,Recurso,Escritório
5133,1469,2026-07-19,Recurso,Parte contrária
5134,1469,2026-02-08,Despacho,Escritório
5135,1469,2026-06-25,Petição,Escritório
5136,1469,2025-11-28,Recurso,Parte contrária
5137,1470,2027-04-27,Recurso,Parte contrária
5138,1470,2027-08-13,Decisão,Escritório
5139,1470,2026-12-29,Recurso,Tribunal
5140,1471,2026-09-25,Recurso,Tribunal
5141,1471,2026-05-21,Sentença,Escritório
5142,1471,2027-04-13,Decisão,Escritório
5143,1472,2026-03-31,Petição,Parte contrária
5144,1472,2026-09-17,Decisão,Tribunal
5145,1472,2026-11-11,Recurso,Parte contrária
5146,1473,2027-03-21,Recurso,Escritório
5147,1473,2027-04-07,Despacho,Parte contrária
5148,1474,2027-03-28,Recurso,Tribunal
5149,1474,2027-04-20,Petição,Parte contrária
5150,1474,2026-01-09,Decisão,Parte contrária
5151,1474,2026-07-30,Despacho,Parte contrária
5152,1475,2026-10-01,Despacho,Tribunal
5153,1475,2027-03-29,Sentença,Escritório
5154,1475,2026-04-12,Sentença,Parte contrária
5155,1475,2027-04-01,Sentença,Escritório
5156,1476,2026-01-16,Recurso,Escritório
5157,1476,2027-01-17,Recurso,Parte contrária
5158,1476,2027-03-25,Petição,Parte contrária
5159,1476,2026-03-03,Recurso,Escritório
5160,1477,2026-11-20,Recurso,Tribunal
5161,1477,2025-12-15,Petição,Parte contrária
5162,1477,2025-12-15,Despacho,Escritório
5163,1477,2026-06-19,Petição,Escritório
5164,1478,2025-11-09,Decisão,Escritório
5165,1478,2026-10-31,Petição,Escritório
5166,1478,2027-01-03,Petição,Tribunal
5167,1478,2025-11-07,Recurso,Escritório
5168,1479,2026-07-27,Sentença,Escritório
5169,1479,2026-09-04,Sentença,Escritório
5170,1479,2026-06-30,Sentença,Tribunal
5171,1479,2026-04-24,Decisão,Tribunal
5172,1479,2025-09-01,Despacho,Parte contrária
5173,1480,2026-04-20,Decisão,Tribunal
5174,1480,2026-10-14,Decisão,Parte contrária
5175,1481,2026-07-24,Recurso,Tribunal
5176,1481,2026-12-24,Recurso,Escritório
5177,1482,2026-07-06,Despacho,Parte contrária
5178,1482,2026-04-14,Despacho,Tribunal
5179,1482,2027-04-05,Decisão,Parte contrária
5180,1482,2026-02-16,Petição,Escritório
5181,1483,2027-01-10,Recurso,Parte contrária
5182,1483,2027-05-17,Sentença,Parte contrária
5183,1483,2026-06-14,Decisão,Escritório
5184,1484,2026-08-28,Despacho,Tribunal
5185,1484,2026-07-12,Petição,Parte contrária
5186,1484,2026-06-05,Decisão,Tribunal
5187,1485,2026-12-21,Decisão,Parte contrária
5188,1485,2027-03-02,Despacho,Escritório
5189,1486,2026-12-24,Despacho,Tribunal
5190,1486,2027-04-23,Decisão,Tribunal
5191,1487,2026-09-23,Decisão,Escritório
5192,1487,2026-11-29,Decisão,Parte contrária
5193,1487,2026-08-17,Decisão,Escritório
5194,1487,2026-12-03,Petição,Escritório
5195,1487,2026-12-19,Despacho,Parte contrária
5196,1488,2026-10-25,Recurso,Parte contrária
5197,1488,2026-08-10,Despacho,Parte contrária
5198,1488,2026-07-30,Decisão,Tribunal
5199,1488,2026-03-02,Sentença,Tribunal
5200,1489,2026-01-15,Recurso,Parte contrária
5201,1489,2026-02-07,Decisão,Parte contrária
5202,1489,2025-09-08,Despacho,Parte contrária
5203,1490,2026-03-31,Decisão,Tribunal
5204,1490,2025-10-31,Petição,Tribunal
5205,1490,2026-07-22,Despacho,Parte contrária
5206,1490,2026-05-26,Petição,Tribunal
5207,1491,2027-05-11,Petição,Tribunal
5208,1491,2027-07-04,Despacho,Escritório
5209,1491,2026-11-25,Decisão,Tribunal
5210,1491,2027-01-12,Despacho,Escritório
5211,1491,2027-02-19,Petição,Escritório
5212,1492,2026-11-11,Decisão,Tribunal
5213,1492,2026-11-16,Despacho,Parte contrária
5214,1492,2025-10-03,Sentença,Escritório
5215,1492,2026-09-01,Recurso,Escritório
5216,1493,2025-11-12,Despacho,Parte contrária
5217,1493,2026-05-12,Petição,Tribunal
5218,1493,2025-09-28,Petição,Escritório
5219,1493,2025-10-04,Sentença,Parte contrária
5220,1494,2026-01-25,Recurso,Escritório
5221,1494,2026-04-30,Sentença,Escritório
5222,1494,2026-04-05,Recurso,Parte contrária
5223,1495,2026-12-24,Decisão,Parte contrária
5224,1495,2027-01-06,Petição,Parte contrária
5225,1495,2026-03-04,Decisão,Parte contrária
5226,1496,2026-06-03,Sentença,Tribunal
5227,1496,2027-03-30,Recurso,Parte contrária
5228,1496,2026-07-01,Recurso,Escritório
5229,1497,2026-03-12,Despacho,Escritório
5230,1497,2026-05-07,Decisão,Parte contrária
5231,1497,2026-08-09,Recurso,Tribunal
5232,1497,2026-01-31,Petição,Parte contrária
5233,1498,2026-01-07,Decisão,Escritório
5234,1498,2026-03-30,Petição,Parte contrária
5235,1498,2026-11-24,Recurso,Tribunal
5236,1499,2026-09-09,Sentença,Escritório
5237,1499,2027-06-24,Decisão,Tribunal
5238,1499,2026-05-04,Sentença,Parte contrária
5239,1500,2027-01-06,Recurso,Escritório
5240,1500,2026-04-20,Decisão,Tribunal
5241,1501,2027-07-29,Decisão,Escritório
5242,1501,2027-06-13,Despacho,Tribunal
5243,1502,2026-10-28,Decisão,Parte contrária
5244,1502,2027-02-02,Petição,Tribunal
5245,1502,2026-11-06,Sentença,Parte contrária
5246,1502,2027-02-24,Petição,Escritório
5247,1502,2027-04-06,Sentença,Parte contrária
5248,1503,2026-04-13,Despacho,Escritório
5249,1503,2026-09-20,Recurso,Tribunal
5250,1504,2026-04-23,Recurso,Tribunal
5251,1504,2027-02-09,Petição,Escritório
5252,1504,2026-12-08,Despacho,Tribunal
5253,1504,2026-11-26,Despacho,Tribunal
5254,1504,2026-06-02,Recurso,Tribunal
5255,1505,2025-12-04,Decisão,Parte contrária
5256,1505,2025-11-16,Decisão,Tribunal
5257,1505,2026-05-30,Decisão,Tribunal
5258,1505,2026-11-12,Petição,Parte contrária
5259,1506,2026-05-21,Recurso,Parte contrária
5260,1506,2027-02-18,Sentença,Escritório
5261,1506,2027-03-30,Sentença,Parte contrária
5262,1506,2026-11-05,Despacho,Tribunal
5263,1507,2026-12-02,Petição,Tribunal
5264,1507,2026-10-08,Despacho,Parte contrária
5265,1507,2026-05-22,Despacho,Parte contrária
5266,1508,2026-10-29,Sentença,Parte contrária
5267,1508,2026-06-17,Sentença,Parte contrária
5268,1508,2026-01-28,Recurso,Parte contrária
5269,1509,2025-12-20,Petição,Tribunal
5270,1509,2026-05-08,Recurso,Tribunal
5271,1509,2026-03-13,Despacho,Tribunal
5272,1509,2025-11-25,Despacho,Tribunal
5273,1510,2025-12-09,Recurso,Parte contrária
5274,1510,2026-04-24,Petição,Escritório
5275,1510,2026-10-29,Petição,Escritório
5276,1511,2025-12-27,Recurso,Parte contrária
5277,1511,2026-01-23,Recurso,Escritório
5278,1511,2026-04-02,Decisão,Tribunal
5279,1511,2026-06-16,Petição,Escritório
5280,1512,2027-05-09,Decisão,Tribunal
5281,1512,2026-06-24,Sentença,Parte contrária
5282,1513,2026-11-07,Decisão,Escritório
5283,1513,2026-09-10,Recurso,Tribunal
5284,1513,2026-05-31,Sentença,Parte contrária
5285,1513,2027-06-13,Recurso,Escritório
5286,1514,2026-03-28,Sentença,Tribunal
5287,1514,2025-12-10,Petição,Escritório
5288,1515,2025-10-25,Despacho,Tribunal
5289,1515,2026-07-29,Sentença,Parte contrária
5290,1515,2025-07-21,Sentença,Parte contrária
5291,1515,2026-07-25,Despacho,Tribunal
5292,1515,2026-02-13,Petição,Tribunal
5293,1516,2026-02-03,Despacho,Escritório
5294,1516,2027-03-22,Petição,Escritório
5295,1516,2026-12-09,Decisão,Tribunal
5296,1516,2026-07-22,Petição,Parte contrária
5297,1516,2026-05-24,Sentença,Escritório
5298,1517,2026-03-09,Decisão,Escritório
5299,1517,2026-08-16,Petição,Tribunal
5300,1518,2027-05-11,Petição,Tribunal
5301,1518,2026-06-25,Decisão,Escritório
5302,1518,2027-03-13,Petição,Parte contrária
5303,1518,2026-04-22,Petição,Parte contrária
5304,1518,2027-03-01,Petição,Parte contrária
5305,1519,2025-11-10,Sentença,Tribunal
5306,1519,2026-04-22,Decisão,Escritório
5307,1520,2026-08-03,Despacho,Parte contrária
5308,1520,2026-10-27,Sentença,Parte contrária
5309,1520,2025-11-02,Decisão,Parte contrária
5310,1520,2026-08-04,Decisão,Parte contrária
5311,1521,2026-03-04,Despacho,Escritório
5312,1521,2026-02-23,Sentença,Escritório
5313,1521,2026-12-25,Sentença,Parte contrária
5314,1522,2027-03-30,Petição,Tribunal
5315,1522,2026-08-27,Sentença,Escritório
5316,1522,2026-11-22,Sentença,Tribunal
5317,1522,2027-05-21,Decisão,Parte contrária
5318,1523,2026-09-04,Sentença,Tribunal
5319,1523,2026-12-04,Recurso,Escritório
5320,1523,2026-04-25,Petição,Tribunal
5321,1523,2027-06-21,Recurso,Escritório
5322,1524,2026-07-29,Petição,Tribunal
5323,1524,2027-01-17,Recurso,Escritório
5324,1524,2027-05-10,Sentença,Tribunal
5325,1525,2027-06-05,Petição,Escritório
5326,1525,2027-09-17,Petição,Escritório
5327,1525,2026-06-23,Despacho,Escritório
5328,1525,2027-08-20,Recurso,Escritório
5329,1525,2027-01-28,Despacho,Tribunal
5330,1526,2027-02-28,Recurso,Parte contrária
5331,1526,2027-01-19,Sentença,Parte contrária
5332,1527,2027-01-06,Sentença,Escritório
5333,1527,2026-07-23,Decisão,Escritório
5334,1527,2027-04-18,Recurso,Tribunal
5335,1527,2026-06-11,Sentença,Parte contrária
5336,1527,2026-07-20,Recurso,Escritório
5337,1528,2027-05-26,Decisão,Tribunal
5338,1528,2026-05-22,Decisão,Parte contrária
5339,1529,2026-10-01,Despacho,Escritório
5340,1529,2026-11-04,Sentença,Parte contrária
5341,1529,2026-12-19,Decisão,Parte contrária
5342,1530,2026-10-28,Decisão,Tribunal
5343,1530,2026-07-24,Decisão,Tribunal
5344,1531,2026-10-11,Sentença,Parte contrária
5345,1531,2025-08-08,Decisão,Tribunal
5346,1531,2026-05-18,Sentença,Parte contrária
5347,1531,2025-08-19,Decisão,Tribunal
5348,1531,2026-09-07,Petição,Escritório
5349,1532,2025-09-14,Despacho,Tribunal
5350,1532,2026-11-27,Sentença,Escritório
5351,1532,2026-12-13,Despacho,Tribunal
5352,1532,2026-06-04,Despacho,Parte contrária
5353,1532,2025-11-18,Sentença,Tribunal
5354,1533,2026-11-13,Despacho,Escritório
5355,1533,2026-09-04,Despacho,Parte contrária
5356,1533,2027-03-21,Decisão,Tribunal
5357,1533,2026-06-22,Despacho,Escritório
5358,1534,2026-01-07,Despacho,Tribunal
5359,1534,2026-05-06,Despacho,Parte contrária
5360,1534,2026-01-20,Sentença,Tribunal
5361,1534,2026-01-19,Sentença,Escritório
5362,1535,2027-04-20,Decisão,Tribunal
5363,1535,2027-04-29,Petição,Parte contrária
5364,1535,2027-05-12,Despacho,Escritório
5365,1535,2027-06-14,Recurso,Tribunal
5366,1535,2027-04-10,Recurso,Parte contrária
5367,1536,2027-05-26,Recurso,Tribunal
5368,1536,2026-12-27,Recurso,Escritório
5369,1536,2026-12-21,Decisão,Tribunal
5370,1537,2026-04-15,Petição,Parte contrária
5371,1537,2025-10-25,Recurso,Parte contrária
5372,1537,2026-12-28,Decisão,Parte contrária
5373,1537,2026-09-10,Despacho,Parte contrária
5374,1537,2025-11-15,Despacho,Escritório
5375,1538,2027-04-17,Sentença,Escritório
5376,1538,2027-04-12,Decisão,Escritório
5377,1538,2026-06-01,Petição,Escritório
5378,1538,2027-03-03,Recurso,Parte contrária
5379,1539,2027-04-23,Petição,Parte contrária
5380,1539,2026-04-21,Petição,Escritório
5381,1539,2027-01-09,Decisão,Parte contrária
5382,1539,2026-05-19,Petição,Escritório
5383,1540,2027-01-24,Recurso,Parte contrária
5384,1540,2026-06-28,Decisão,Escritório
5385,1541,2026-09-14,Decisão,Escritório
5386,1541,2027-06-01,Sentença,Tribunal
5387,1541,2027-01-06,Petição,Escritório
5388,1541,2026-12-06,Sentença,Escritório
5389,1542,2025-12-30,Decisão,Parte contrária
5390,1542,2026-12-24,Recurso,Tribunal
5391,1542,2026-01-24,Recurso,Escritório
5392,1542,2026-11-19,Sentença,Parte contrária
5393,1542,2027-01-28,Petição,Escritório
5394,1543,2026-10-13,Petição,Parte contrária
5395,1543,2025-09-21,Decisão,Tribunal
5396,1544,2026-01-04,Despacho,Parte contrária
5397,1544,2025-11-19,Petição,Tribunal
5398,1544,2026-06-06,Sentença,Tribunal
5399,1544,2026-01-07,Despacho,Escritório
5400,1544,2026-08-05,Recurso,Escritório
5401,1545,2026-12-30,Decisão,Escritório
5402,1545,2027-03-16,Petição,Parte contrária
5403,1546,2026-05-14,Petição,Parte contrária
5404,1546,2027-02-17,Decisão,Parte contrária
5405,1547,2026-08-12,Petição,Parte contrária
5406,1547,2026-11-21,Recurso,Tribunal
5407,1547,2026-12-07,Despacho,Escritório
5408,1547,2026-01-17,Decisão,Escritório
5409,1547,2026-11-12,Sentença,Tribunal
5410,1548,2026-11-21,Recurso,Parte contrária
5411,1548,2026-07-12,Petição,Parte contrária
5412,1549,2026-09-25,Sentença,Parte contrária
5413,1549,2026-05-29,Petição,Escritório
5414,1549,2027-03-19,Despacho,Parte contrária
5415,1549,2026-10-21,Petição,Parte contrária
5416,1550,2025-09-10,Petição,Tribunal
5417,1550,2026-04-19,Petição,Tribunal
5418,1551,2026-09-08,Petição,Escritório
5419,1551,2025-09-21,Recurso,Escritório
5420,1551,2026-04-03,Petição,Escritório
5421,1551,2026-01-13,Decisão,Escritório
5422,1551,2025-09-01,Sentença,Tribunal
5423,1552,2026-04-14,Sentença,Escritório
5424,1552,2027-03-09,Recurso,Tribunal
5425,1552,2026-10-07,Petição,Tribunal
5426,1552,2026-05-16,Petição,Escritório
5427,1552,2026-08-08,Decisão,Tribunal
5428,1553,2026-07-07,Despacho,Escritório
5429,1553,2026-10-16,Petição,Tribunal
5430,1554,2027-01-02,Petição,Tribunal
5431,1554,2027-04-06,Sentença,Tribunal
5432,1555,2026-12-30,Sentença,Tribunal
5433,1555,2026-10-28,Petição,Parte contrária
5434,1556,2027-02-16,Petição,Escritório
5435,1556,2026-12-26,Recurso,Tribunal
5436,1557,2026-11-07,Despacho,Parte contrária
5437,1557,2026-05-09,Decisão,Tribunal
5438,1557,2026-04-28,Despacho,Parte contrária
5439,1557,2026-12-03,Recurso,Parte contrária
5440,1558,2025-11-30,Decisão,Escritório
5441,1558,2027-01-04,Decisão,Tribunal
5442,1559,2027-02-26,Petição,Parte contrária
5443,1559,2027-01-24,Decisão,Parte contrária
5444,1559,2026-04-07,Petição,Parte contrária
5445,1559,2026-08-17,Despacho,Escritório
5446,1559,2026-05-17,Despacho,Parte contrária
5447,1560,2027-03-05,Decisão,Parte contrária
5448,1560,2026-10-29,Decisão,Escritório
5449,1561,2026-10-20,Decisão,Tribunal
5450,1561,2025-12-30,Petição,Tribunal
5451,1561,2026-12-19,Sentença,Tribunal
5452,1561,2025-10-23,Despacho,Escritório
5453,1562,2026-07-13,Despacho,Escritório
5454,1562,2026-07-01,Despacho,Parte contrária
5455,1563,2026-10-28,Despacho,Escritório
5456,1563,2026-04-25,Decisão,Parte contrária
5457,1563,2027-03-26,Sentença,Escritório
5458,1564,2026-11-27,Despacho,Parte contrária
5459,1564,2025-12-21,Decisão,Parte contrária
5460,1565,2026-01-24,Despacho,Parte contrária
5461,1565,2025-12-06,Decisão,Parte contrária
5462,1565,2026-11-16,Despacho,Tribunal
5463,1565,2025-12-22,Despacho,Escritório
5464,1565,2026-06-14,Decisão,Tribunal
5465,1566,2026-12-30,Recurso,Escritório
5466,1566,2026-08-08,Recurso,Escritório
5467,1567,2027-06-01,Decisão,Tribunal
5468,1567,2026-09-17,Decisão,Tribunal
5469,1567,2026-11-26,Petição,Parte contrária
5470,1568,2027-05-10,Sentença,Tribunal
5471,1568,2027-08-09,Decisão,Parte contrária
5472,1568,2026-07-13,Despacho,Parte contrária
5473,1568,2027-07-18,Decisão,Parte contrária
5474,1569,2026-09-13,Sentença,Tribunal
5475,1569,2026-09-13,Petição,Parte contrária
5476,1570,2026-04-19,Decisão,Tribunal
5477,1570,2026-11-25,Recurso,Escritório
5478,1570,2026-03-28,Recurso,Tribunal
5479,1571,2026-07-25,Sentença,Parte contrária
5480,1571,2026-08-19,Despacho,Tribunal
5481,1571,2025-07-10,Recurso,Parte contrária
5482,1572,2027-05-11,Sentença,Parte contrária
5483,1572,2027-08-28,Recurso,Parte contrária
5484,1572,2027-08-08,Recurso,Parte contrária
5485,1573,2026-09-18,Sentença,Escritório
5486,1573,2027-08-07,Petição,Escritório
5487,1574,2026-06-22,Despacho,Parte contrária
5488,1574,2027-07-08,Decisão,Parte contrária
5489,1574,2026-05-29,Petição,Escritório
5490,1574,2027-05-11,Sentença,Escritório
5491,1575,2026-09-07,Petição,Parte contrária
5492,1575,2026-06-25,Sentença,Tribunal
5493,1575,2027-01-09,Sentença,Tribunal
5494,1575,2027-03-14,Petição,Parte contrária
5495,1576,2026-09-14,Petição,Escritório
5496,1576,2026-02-22,Sentença,Escritório
5497,1576,2025-11-28,Recurso,Tribunal
5498,1576,2026-04-13,Sentença,Parte contrária
5499,1576,2026-01-27,Despacho,Escritório
5500,1577,2026-02-04,Sentença,Tribunal
5501,1577,2025-11-02,Sentença,Parte contrária
5502,1578,2026-08-16,Recurso,Escritório
5503,1578,2026-07-03,Recurso,Tribunal
5504,1578,2027-01-04,Despacho,Escritório
5505,1578,2027-03-03,Decisão,Tribunal
5506,1579,2027-02-11,Sentença,Parte contrária
5507,1579,2026-08-17,Recurso,Parte contrária
5508,1579,2027-09-12,Sentença,Parte contrária
5509,1579,2026-07-22,Sentença,Tribunal
5510,1580,2027-09-04,Decisão,Parte contrária
5511,1580,2026-05-28,Despacho,Escritório
5512,1580,2027-07-14,Despacho,Escritório
5513,1581,2026-07-29,Sentença,Tribunal
5514,1581,2027-02-07,Decisão,Tribunal
5515,1581,2026-09-23,Recurso,Parte contrária
5516,1581,2027-03-22,Decisão,Escritório
5517,1582,2026-10-18,Decisão,Parte contrária
5518,1582,2026-05-11,Despacho,Parte contrária
5519,1582,2026-10-21,Sentença,Tribunal
5520,1582,2026-05-07,Petição,Parte contrária
5521,1582,2027-03-26,Recurso,Escritório
5522,1583,2025-11-29,Petição,Escritório
5523,1583,2026-04-15,Decisão,Parte contrária
5524,1583,2026-07-06,Recurso,Escritório
5525,1583,2026-01-24,Decisão,Parte contrária
5526,1583,2026-06-14,Decisão,Parte contrária
5527,1584,2025-12-12,Sentença,Parte contrária
5528,1584,2025-10-29,Sentença,Escritório
5529,1585,2026-09-10,Recurso,Parte contrária
5530,1585,2026-09-28,Despacho,Parte contrária
5531,1585,2026-02-28,Despacho,Tribunal
5532,1585,2026-11-07,Recurso,Parte contrária
5533,1586,2026-08-17,Despacho,Parte contrária
5534,1586,2027-08-17,Despacho,Parte contrária
5535,1587,2026-04-26,Petição,Parte contrária
5536,1587,2027-01-07,Petição,Escritório
5537,1587,2026-12-23,Sentença,Escritório
5538,1588,2026-01-07,Petição,Tribunal
5539,1588,2026-12-05,Sentença,Tribunal
5540,1588,2026-02-23,Decisão,Parte contrária
5541,1589,2026-02-03,Petição,Escritório
5542,1589,2026-08-11,Petição,Escritório
5543,1590,2026-06-24,Sentença,Parte contrária
5544,1590,2027-09-04,Recurso,Tribunal
5545,1590,2027-04-23,Sentença,Tribunal
5546,1590,2027-05-14,Despacho,Escritório
5547,1591,2027-01-24,Sentença,Escritório
5548,1591,2027-07-12,Despacho,Escritório
5549,1591,2026-05-09,Sentença,Tribunal
5550,1591,2027-04-30,Despacho,Parte contrária
5551,1592,2025-11-27,Petição,Tribunal
5552,1592,2026-06-10,Petição,Parte contrária
5553,1592,2025-12-10,Sentença,Parte contrária
5554,1592,2026-07-15,Despacho,Escritório
5555,1593,2026-05-31,Decisão,Parte contrária
5556,1593,2026-01-27,Recurso,Parte contrária
5557,1593,2026-05-07,Despacho,Tribunal
5558,1593,2026-12-03,Decisão,Escritório
5559,1594,2027-04-09,Recurso,Escritório
5560,1594,2026-05-11,Recurso,Escritório
5561,1595,2025-12-28,Petição,Tribunal
5562,1595,2027-05-03,Despacho,Tribunal
5563,1595,2026-04-24,Sentença,Escritório
5564,1595,2027-02-20,Decisão,Parte contrária
5565,1596,2025-11-16,Sentença,Escritório
5566,1596,2026-09-19,Recurso,Parte contrária
5567,1596,2026-06-27,Sentença,Tribunal
5568,1597,2026-05-20,Despacho,Tribunal
5569,1597,2026-07-24,Sentença,Tribunal
5570,1598,2026-11-19,Decisão,Tribunal
5571,1598,2027-06-13,Despacho,Escritório
5572,1598,2027-03-09,Despacho,Tribunal
5573,1599,2027-05-14,Sentença,Tribunal
5574,1599,2026-09-09,Despacho,Tribunal
5575,1599,2027-03-02,Petição,Parte contrária
5576,1599,2027-03-25,Petição,Parte contrária
5577,1599,2027-05-13,Recurso,Parte contrária
5578,1600,2026-11-06,Recurso,Escritório
5579,1600,2025-12-14,Despacho,Parte contrária
5580,1600,2026-09-04,Petição,Parte contrária
5581,1600,2026-12-23,Despacho,Escritório
5582,1601,2025-11-29,Petição,Parte contrária
5583,1601,2025-11-29,Decisão,Parte contrária
5584,1601,2025-08-23,Petição,Escritório
5585,1602,2026-07-07,Petição,Escritório
5586,1602,2026-08-15,Petição,Escritório
5587,1602,2025-10-18,Despacho,Tribunal
5588,1602,2025-08-30,Recurso,Escritório
5589,1603,2025-09-07,Decisão,Tribunal
5590,1603,2026-02-15,Despacho,Parte contrária
5591,1603,2026-03-06,Decisão,Escritório
5592,1604,2026-07-28,Despacho,Escritório
5593,1604,2027-06-06,Recurso,Parte contrária
5594,1605,2025-10-23,Recurso,Tribunal
5595,1605,2026-04-02,Recurso,Parte contrária
5596,1605,2026-06-02,Sentença,Escritório
5597,1606,2026-11-12,Decisão,Tribunal
5598,1606,2025-10-23,Recurso,Escritório
5599,1606,2025-09-13,Petição,Tribunal
5600,1606,2026-10-04,Petição,Tribunal
5601,1607,2026-09-19,Despacho,Tribunal
5602,1607,2027-04-28,Petição,Escritório
5603,1607,2027-03-10,Decisão,Escritório
5604,1607,2027-03-08,Despacho,Tribunal
5605,1607,2026-12-20,Decisão,Parte contrária
5606,1608,2026-11-21,Decisão,Parte contrária
5607,1608,2026-06-05,Recurso,Parte contrária
5608,1609,2026-02-15,Petição,Escritório
5609,1609,2026-07-29,Sentença,Parte contrária
5610,1609,2025-11-08,Despacho,Tribunal
5611,1609,2027-02-05,Recurso,Tribunal
5612,1609,2026-02-25,Sentença,Tribunal
5613,1610,2027-02-13,Decisão,Tribunal
5614,1610,2027-01-05,Recurso,Tribunal
5615,1610,2026-12-27,Sentença,Escritório
5616,1610,2026-07-08,Recurso,Tribunal
5617,1610,2026-11-11,Petição,Parte contrária
5618,1611,2026-09-26,Decisão,Escritório
5619,1611,2026-03-17,Despacho,Parte contrária
5620,1612,2027-06-21,Despacho,Escritório
5621,1612,2026-07-06,Despacho,Parte contrária
5622,1612,2027-04-07,Decisão,Parte contrária
5623,1612,2026-07-17,Petição,Escritório
5624,1612,2026-08-28,Petição,Parte contrária
5625,1613,2027-10-20,Despacho,Escritório
5626,1613,2027-10-06,Decisão,Escritório
5627,1613,2027-03-11,Decisão,Escritório
5628,1613,2027-07-14,Sentença,Parte contrária
5629,1614,2027-01-10,Petição,Tribunal
5630,1614,2026-07-14,Decisão,Escritório
5631,1615,2026-08-22,Sentença,Tribunal
5632,1615,2026-08-27,Despacho,Parte contrária
5633,1615,2025-12-30,Recurso,Escritório
5634,1615,2026-04-11,Despacho,Tribunal
5635,1616,2027-02-01,Decisão,Escritório
5636,1616,2026-01-01,Petição,Parte contrária
5637,1616,2026-06-13,Sentença,Tribunal
5638,1617,2026-12-08,Despacho,Parte contrária
5639,1617,2026-11-14,Recurso,Escritório
5640,1617,2026-07-21,Petição,Parte contrária
5641,1617,2026-07-13,Petição,Tribunal
5642,1617,2026-08-01,Sentença,Escritório
5643,1618,2027-03-21,Petição,Escritório
5644,1618,2027-01-27,Despacho,Parte contrária
5645,1618,2027-01-10,Petição,Tribunal
5646,1619,2026-11-21,Recurso,Tribunal
5647,1619,2026-04-15,Petição,Tribunal
5648,1619,2026-11-18,Recurso,Tribunal
5649,1619,2025-11-16,Despacho,Escritório
5650,1620,2026-02-12,Decisão,Tribunal
5651,1620,2025-11-25,Sentença,Escritório
5652,1620,2026-10-11,Despacho,Parte contrária
5653,1620,2027-03-08,Sentença,Parte contrária
5654,1621,2026-06-28,Recurso,Tribunal
5655,1621,2026-10-29,Decisão,Tribunal
5656,1622,2026-08-13,Recurso,Tribunal
5657,1622,2026-01-31,Petição,Parte contrária
5658,1622,2026-01-10,Despacho,Escritório
5659,1622,2027-02-02,Petição,Tribunal
5660,1623,2027-01-04,Sentença,Parte contrária
5661,1623,2027-01-01,Sentença,Parte contrária
5662,1623,2027-05-18,Despacho,Parte contrária
5663,1623,2027-04-03,Petição,Parte contrária
5664,1624,2026-08-03,Sentença,Tribunal
5665,1624,2027-08-01,Despacho,Parte contrária
5666,1625,2025-11-30,Sentença,Parte contrária
5667,1625,2026-03-09,Petição,Tribunal
5668,1625,2025-10-22,Decisão,Escritório
5669,1626,2026-05-12,Petição,Tribunal
5670,1626,2027-02-09,Despacho,Tribunal
5671,1626,2027-06-08,Petição,Tribunal
5672,1627,2027-01-03,Petição,Escritório
5673,1627,2027-04-26,Sentença,Parte contrária
5674,1627,2026-07-06,Sentença,Escritório
5675,1627,2027-04-19,Sentença,Parte contrária
5676,1627,2027-09-15,Petição,Parte contrária
5677,1628,2025-11-02,Petição,Parte contrária
5678,1628,2026-08-31,Despacho,Parte contrária
5679,1628,2025-10-20,Sentença,Parte contrária
5680,1628,2026-05-27,Despacho,Escritório
5681,1629,2026-07-05,Petição,Tribunal
5682,1629,2026-06-29,Decisão,Parte contrária
5683,1629,2027-06-09,Petição,Escritório
5684,1629,2027-08-25,Decisão,Escritório
5685,1630,2025-08-29,Petição,Escritório
5686,1630,2025-08-12,Petição,Tribunal
5687,1631,2027-01-25,Petição,Escritório
5688,1631,2027-02-17,Despacho,Tribunal
5689,1631,2027-02-23,Sentença,Escritório
5690,1631,2026-12-19,Despacho,Escritório
5691,1632,2027-01-19,Recurso,Parte contrária
5692,1632,2027-09-01,Petição,Parte contrária
5693,1633,2026-08-02,Decisão,Escritório
5694,1633,2026-11-12,Recurso,Escritório
5695,1634,2027-03-14,Decisão,Escritório
5696,1634,2027-05-15,Despacho,Escritório
5697,1634,2026-04-11,Despacho,Parte contrária
5698,1634,2026-06-14,Recurso,Parte contrária
5699,1634,2026-11-29,Decisão,Parte contrária
5700,1635,2026-04-22,Decisão,Escritório
5701,1635,2026-03-23,Sentença,Parte contrária
5702,1635,2026-01-07,Despacho,Tribunal
5703,1635,2025-11-27,Petição,Escritório
5704,1636,2026-09-24,Despacho,Parte contrária
5705,1636,2026-09-30,Despacho,Escritório
5706,1636,2026-11-09,Petição,Tribunal
5707,1636,2026-04-15,Despacho,Parte contrária
5708,1636,2026-01-13,Decisão,Tribunal
5709,1637,2025-11-04,Sentença,Parte contrária
5710,1637,2026-08-01,Decisão,Parte contrária
5711,1637,2026-01-05,Decisão,Parte contrária
5712,1638,2027-02-21,Petição,Tribunal
5713,1638,2026-04-08,Despacho,Tribunal
5714,1638,2026-12-23,Sentença,Parte contrária
5715,1639,2025-11-25,Petição,Escritório
5716,1639,2027-01-15,Petição,Tribunal
5717,1639,2026-12-05,Recurso,Tribunal
5718,1639,2026-04-29,Petição,Tribunal
5719,1640,2027-08-13,Sentença,Tribunal
5720,1640,2026-08-10,Despacho,Escritório
5721,1641,2026-11-19,Recurso,Escritório
5722,1641,2026-07-23,Despacho,Tribunal
5723,1641,2027-05-09,Decisão,Tribunal
5724,1642,2027-02-10,Decisão,Tribunal
5725,1642,2027-02-11,Despacho,Escritório
5726,1643,2026-10-09,Petição,Escritório
5727,1643,2027-01-09,Decisão,Tribunal
5728,1643,2026-12-31,Sentença,Tribunal
5729,1643,2027-01-04,Sentença,Parte contrária
5730,1643,2026-07-12,Recurso,Tribunal
5731,1644,2026-09-25,Recurso,Escritório
5732,1644,2027-01-31,Sentença,Parte contrária
5733,1644,2026-02-04,Sentença,Tribunal
5734,1645,2026-01-04,Decisão,Parte contrária
5735,1645,2026-10-08,Petição,Tribunal
5736,1646,2025-12-17,Decisão,Tribunal
5737,1646,2026-09-02,Decisão,Parte contrária
5738,1646,2026-04-28,Petição,Tribunal
5739,1646,2026-05-14,Sentença,Tribunal
5740,1647,2026-04-03,Sentença,Parte contrária
5741,1647,2025-12-07,Despacho,Parte contrária
5742,1647,2026-03-30,Petição,Tribunal
5743,1647,2026-10-17,Sentença,Tribunal
5744,1648,2026-02-28,Decisão,Parte contrária
5745,1648,2026-06-29,Recurso,Tribunal
5746,1648,2026-06-09,Sentença,Parte contrária
5747,1648,2026-03-24,Sentença,Escritório
5748,1648,2026-11-28,Despacho,Escritório
5749,1649,2026-07-27,Sentença,Parte contrária
5750,1649,2026-04-29,Despacho,Tribunal
5751,1650,2026-02-23,Despacho,Parte contrária
5752,1650,2027-03-15,Petição,Parte contrária
5753,1650,2027-01-09,Recurso,Escritório
5754,1650,2026-05-28,Petição,Parte contrária
5755,1651,2026-12-29,Sentença,Parte contrária
5756,1651,2026-05-31,Despacho,Escritório
5757,1652,2026-05-15,Despacho,Parte contrária
5758,1652,2026-05-19,Recurso,Tribunal
5759,1652,2026-10-01,Despacho,Escritório
5760,1653,2026-02-06,Sentença,Parte contrária
5761,1653,2026-05-16,Recurso,Escritório
5762,1654,2025-12-05,Sentença,Parte contrária
5763,1654,2026-07-15,Sentença,Escritório
5764,1654,2026-05-24,Recurso,Parte contrária
5765,1654,2025-10-29,Petição,Parte contrária
5766,1654,2025-07-21,Despacho,Parte contrária
5767,1655,2026-10-13,Recurso,Tribunal
5768,1655,2026-07-15,Recurso,Escritório
5769,1655,2027-01-10,Decisão,Tribunal
5770,1656,2026-08-14,Petição,Tribunal
5771,1656,2026-11-01,Decisão,Escritório
5772,1657,2026-10-26,Decisão,Tribunal
5773,1657,2026-11-19,Petição,Parte contrária
5774,1658,2025-10-18,Sentença,Parte contrária
5775,1658,2026-01-26,Recurso,Tribunal
5776,1658,2026-07-26,Petição,Tribunal
5777,1658,2026-10-18,Decisão,Parte contrária
5778,1659,2026-10-29,Recurso,Parte contrária
5779,1659,2027-04-30,Petição,Parte contrária
5780,1660,2027-06-16,Recurso,Tribunal
5781,1660,2026-12-02,Decisão,Parte contrária
5782,1660,2027-04-18,Recurso,Escritório
5783,1660,2026-10-20,Petição,Tribunal
5784,1660,2026-09-12,Sentença,Escritório
5785,1661,2026-02-10,Sentença,Parte contrária
5786,1661,2025-12-04,Sentença,Tribunal
5787,1661,2027-01-01,Petição,Tribunal
5788,1662,2026-12-15,Decisão,Tribunal
5789,1662,2026-07-02,Decisão,Parte contrária
5790,1663,2027-02-11,Decisão,Escritório
5791,1663,2026-03-22,Petição,Parte contrária
5792,1663,2026-12-31,Petição,Escritório
5793,1663,2026-10-22,Decisão,Tribunal
5794,1663,2027-01-17,Petição,Escritório
5795,1664,2026-10-14,Despacho,Escritório
5796,1664,2025-11-24,Decisão,Tribunal
5797,1664,2025-10-15,Sentença,Escritório
5798,1664,2025-12-08,Decisão,Tribunal
5799,1664,2026-02-26,Recurso,Escritório
5800,1665,2026-04-16,Despacho,Tribunal
5801,1665,2026-06-18,Recurso,Escritório
5802,1666,2026-11-01,Sentença,Tribunal
5803,1666,2026-09-14,Decisão,Parte contrária
5804,1667,2026-04-29,Recurso,Parte contrária
5805,1667,2026-11-15,Petição,Parte contrária
5806,1667,2027-03-18,Sentença,Parte contrária
5807,1668,2027-10-28,Petição,Escritório
5808,1668,2027-03-26,Despacho,Parte contrária
5809,1668,2026-12-23,Sentença,Tribunal
5810,1668,2027-08-12,Recurso,Tribunal
5811,1669,2026-05-10,Recurso,Parte contrária
5812,1669,2025-11-22,Despacho,Tribunal
5813,1669,2026-04-30,Decisão,Tribunal
5814,1669,2025-11-09,Decisão,Parte contrária
5815,1669,2026-10-15,Sentença,Parte contrária
5816,1670,2026-06-04,Recurso,Tribunal
5817,1670,2026-09-23,Despacho,Escritório
5818,1670,2025-12-26,Recurso,Tribunal
5819,1670,2026-03-28,Decisão,Parte contrária
5820,1670,2026-06-10,Petição,Parte contrária
5821,1671,2027-03-10,Recurso,Escritório
5822,1671,2026-06-15,Decisão,Tribunal
5823,1671,2026-11-29,Recurso,Tribunal
5824,1671,2026-02-01,Recurso,Parte contrária
5825,1671,2026-09-14,Recurso,Tribunal
5826,1672,2026-11-17,Recurso,Tribunal
5827,1672,2025-11-25,Decisão,Tribunal
5828,1672,2026-10-07,Despacho,Tribunal
5829,1672,2025-11-07,Recurso,Parte contrária
5830,1673,2026-07-28,Petição,Escritório
5831,1673,2026-11-02,Despacho,Parte contrária
5832,1673,2026-08-26,Petição,Tribunal
5833,1673,2026-06-24,Decisão,Parte contrária
5834,1673,2026-06-21,Petição,Tribunal
5835,1674,2026-05-01,Sentença,Parte contrária
5836,1674,2026-03-02,Despacho,Tribunal
5837,1674,2026-06-07,Despacho,Escritório
5838,1675,2025-10-11,Petição,Tribunal
5839,1675,2025-08-05,Recurso,Parte contrária
5840,1675,2026-09-15,Petição,Parte contrária
5841,1676,2026-08-29,Recurso,Tribunal
5842,1676,2027-01-02,Despacho,Escritório
5843,1676,2026-04-26,Sentença,Tribunal
5844,1677,2026-08-07,Despacho,Escritório
5845,1677,2027-03-06,Decisão,Escritório
5846,1677,2026-05-16,Despacho,Escritório
5847,1678,2026-06-19,Sentença,Tribunal
5848,1678,2026-05-13,Despacho,Tribunal
5849,1678,2026-12-03,Despacho,Escritório
5850,1678,2026-10-26,Recurso,Escritório
5851,1678,2026-06-28,Recurso,Parte contrária
5852,1679,2026-12-17,Decisão,Escritório
5853,1679,2027-05-25,Petição,Escritório
5854,1679,2027-02-25,Despacho,Tribunal
5855,1679,2027-02-05,Petição,Parte contrária
5856,1679,2027-01-26,Petição,Parte contrária
5857,1680,2026-01-31,Despacho,Parte contrária
5858,1680,2026-01-08,Petição,Escritório
5859,1680,2027-01-02,Sentença,Escritório
5860,1680,2026-08-11,Recurso,Parte contrária
5861,1681,2026-09-01,Recurso,Tribunal
5862,1681,2025-12-25,Petição,Escritório
5863,1681,2025-10-01,Decisão,Parte contrária
5864,1681,2025-10-28,Recurso,Escritório
5865,1681,2026-05-26,Petição,Parte contrária
5866,1682,2026-04-12,Petição,Parte contrária
5867,1682,2026-06-09,Despacho,Parte contrária
5868,1682,2027-03-01,Sentença,Tribunal
5869,1683,2026-05-12,Decisão,Tribunal
5870,1683,2026-10-15,Despacho,Tribunal
5871,1683,2026-09-24,Sentença,Parte contrária
5872,1683,2026-02-10,Recurso,Parte contrária
5873,1683,2026-07-07,Recurso,Parte contrária
5874,1684,2027-01-08,Recurso,Parte contrária
5875,1684,2025-12-19,Despacho,Parte contrária
5876,1684,2026-06-16,Sentença,Escritório
5877,1685,2026-01-04,Decisão,Tribunal
5878,1685,2025-12-25,Decisão,Tribunal
5879,1685,2025-09-03,Petição,Escritório
5880,1686,2027-03-04,Despacho,Escritório
5881,1686,2026-05-22,Recurso,Escritório
5882,1686,2027-04-22,Recurso,Tribunal
5883,1686,2026-02-11,Decisão,Tribunal
5884,1686,2026-11-25,Despacho,Escritório
5885,1687,2027-07-05,Decisão,Escritório
5886,1687,2027-09-10,Decisão,Tribunal
5887,1687,2026-12-30,Recurso,Parte contrária
5888,1687,2027-07-15,Recurso,Tribunal
5889,1687,2026-11-04,Decisão,Escritório
5890,1688,2027-05-21,Petição,Parte contrária
5891,1688,2026-08-13,Petição,Escritório
5892,1689,2026-08-24,Sentença,Parte contrária
5893,1689,2026-03-18,Decisão,Escritório
5894,1689,2027-04-18,Decisão,Tribunal
5895,1689,2026-07-19,Recurso,Parte contrária
5896,1690,2026-06-01,Despacho,Parte contrária
5897,1690,2026-12-25,Recurso,Parte contrária
5898,1691,2026-05-10,Petição,Escritório
5899,1691,2026-08-11,Sentença,Parte contrária
5900,1692,2027-05-31,Sentença,Tribunal
5901,1692,2026-12-30,Sentença,Tribunal
5902,1692,2027-05-03,Decisão,Parte contrária
5903,1692,2027-07-30,Despacho,Parte contrária
5904,1692,2027-02-01,Despacho,Escritório
5905,1693,2026-05-23,Decisão,Parte contrária
5906,1693,2026-06-11,Despacho,Tribunal
5907,1694,2026-02-27,Despacho,Parte contrária
5908,1694,2026-04-27,Despacho,Tribunal
5909,1694,2026-06-30,Despacho,Tribunal
5910,1694,2026-08-19,Petição,Parte contrária
5911,1694,2026-09-28,Sentença,Parte contrária
5912,1695,2025-09-20,Sentença,Parte contrária
5913,1695,2025-09-12,Recurso,Escritório
5914,1695,2026-02-06,Decisão,Tribunal
5915,1696,2027-04-06,Decisão,Tribunal
5916,1696,2026-11-27,Sentença,Parte contrária
5917,1696,2026-07-25,Despacho,Tribunal
5918,1697,2026-12-01,Decisão,Escritório
5919,1697,2026-11-08,Despacho,Tribunal
5920,1697,2026-10-19,Decisão,Tribunal
5921,1698,2026-11-05,Despacho,Escritório
5922,1698,2027-09-29,Sentença,Escritório
5923,1698,2026-07-02,Sentença,Tribunal
5924,1698,2026-06-25,Despacho,Parte contrária
5925,1698,2026-09-01,Recurso,Parte contrária
5926,1699,2026-02-10,Sentença,Parte contrária
5927,1699,2026-09-05,Recurso,Parte contrária
5928,1700,2026-01-05,Despacho,Tribunal
5929,1700,2027-01-24,Recurso,Tribunal
5930,1700,2026-01-25,Petição,Escritório
5931,1700,2026-12-04,Recurso,Tribunal
5932,1701,2025-08-19,Sentença,Parte contrária
5933,1701,2025-10-12,Sentença,Escritório
5934,1702,2026-07-29,Sentença,Escritório
5935,1702,2026-11-11,Despacho,Tribunal
5936,1702,2027-04-13,Petição,Parte contrária
5937,1702,2026-10-20,Recurso,Escritório
5938,1703,2026-10-31,Recurso,Parte contrária
5939,1703,2026-07-09,Decisão,Parte contrária
5940,1703,2026-06-17,Sentença,Tribunal
5941,1703,2026-12-23,Petição,Tribunal
5942,1704,2027-03-17,Petição,Escritório
5943,1704,2026-07-14,Petição,Parte contrária
5944,1704,2026-09-18,Recurso,Escritório
5945,1704,2026-10-30,Petição,Parte contrária
5946,1704,2026-12-08,Decisão,Tribunal
5947,1705,2027-01-05,Despacho,Tribunal
5948,1705,2026-06-19,Despacho,Escritório
5949,1705,2026-11-08,Sentença,Parte contrária
5950,1705,2027-06-16,Despacho,Tribunal
5951,1705,2027-07-07,Petição,Tribunal
5952,1706,2027-05-12,Despacho,Parte contrária
5953,1706,2027-01-09,Despacho,Tribunal
5954,1707,2027-08-25,Petição,Parte contrária
5955,1707,2026-07-31,Sentença,Escritório
5956,1707,2027-04-26,Recurso,Escritório
5957,1708,2026-07-12,Despacho,Escritório
5958,1708,2027-07-23,Decisão,Parte contrária
5959,1708,2026-12-31,Despacho,Escritório
5960,1708,2026-05-28,Sentença,Escritório
5961,1708,2027-09-13,Petição,Parte contrária
5962,1709,2027-08-17,Decisão,Escritório
5963,1709,2027-08-02,Decisão,Escritório
5964,1709,2026-09-08,Despacho,Parte contrária
5965,1709,2026-06-29,Decisão,Escritório
5966,1709,2027-05-11,Decisão,Tribunal
5967,1710,2026-02-21,Decisão,Escritório
5968,1710,2026-08-31,Recurso,Tribunal
5969,1710,2026-11-30,Despacho,Tribunal
5970,1710,2027-02-05,Decisão,Tribunal
5971,1710,2026-09-18,Despacho,Parte contrária
5972,1711,2027-04-26,Recurso,Parte contrária
5973,1711,2027-07-26,Petição,Escritório
5974,1711,2027-05-21,Petição,Escritório
5975,1711,2027-06-14,Sentença,Tribunal
5976,1712,2026-09-12,Sentença,Tribunal
5977,1712,2026-11-27,Recurso,Tribunal
5978,1713,2025-12-18,Despacho,Parte contrária
5979,1713,2025-08-21,Petição,Parte contrária
5980,1713,2026-03-02,Decisão,Parte contrária
5981,1713,2026-09-30,Decisão,Tribunal
5982,1713,2025-10-14,Sentença,Escritório
5983,1714,2027-08-04,Decisão,Tribunal
5984,1714,2027-09-21,Petição,Parte contrária
5985,1714,2026-05-24,Despacho,Escritório
5986,1714,2027-07-02,Decisão,Escritório
5987,1715,2026-11-23,Sentença,Escritório
5988,1715,2025-09-07,Sentença,Escritório
5989,1716,2026-08-16,Petição,Parte contrária
5990,1716,2026-07-28,Recurso,Escritório
5991,1717,2027-02-13,Sentença,Parte contrária
5992,1717,2027-03-28,Sentença,Tribunal
5993,1717,2027-07-04,Recurso,Tribunal
5994,1717,2026-10-27,Recurso,Parte contrária
5995,1717,2026-05-07,Recurso,Tribunal
5996,1718,2027-01-07,Petição,Parte contrária
5997,1718,2025-09-23,Despacho,Parte contrária
5998,1719,2025-11-05,Decisão,Tribunal
5999,1719,2026-01-10,Despacho,Tribunal
6000,1719,2026-04-20,Despacho,Escritório
6001,1720,2026-06-13,Petição,Parte contrária
6002,1720,2026-03-09,Decisão,Tribunal
6003,1721,2026-08-16,Recurso,Escritório
6004,1721,2025-12-15,Sentença,Parte contrária
6005,1721,2026-11-13,Sentença,Parte contrária
6006,1721,2026-03-11,Recurso,Escritório
6007,1722,2025-12-07,Decisão,Tribunal
6008,1722,2027-02-14,Petição,Escritório
6009,1722,2026-02-04,Despacho,Escritório
6010,1722,2026-09-09,Sentença,Escritório
6011,1722,2026-02-04,Petição,Parte contrária
6012,1723,2026-11-18,Petição,Escritório
6013,1723,2026-03-06,Sentença,Tribunal
6014,1723,2026-08-15,Recurso,Tribunal
6015,1723,2026-10-17,Petição,Parte contrária
6016,1723,2025-11-15,Petição,Escritório
6017,1724,2025-07-10,Petição,Parte contrária
6018,1724,2026-08-08,Despacho,Tribunal
6019,1724,2026-04-12,Despacho,Escritório
6020,1725,2026-06-07,Despacho,Parte contrária
6021,1725,2026-06-02,Petição,Escritório
6022,1725,2025-09-02,Petição,Escritório
6023,1725,2025-08-30,Decisão,Tribunal
6024,1726,2026-07-30,Decisão,Tribunal
6025,1726,2026-09-09,Recurso,Tribunal
6026,1726,2026-06-21,Despacho,Parte contrária
6027,1727,2027-08-31,Recurso,Tribunal
6028,1727,2027-04-08,Sentença,Parte contrária
6029,1727,2026-07-02,Recurso,Tribunal
6030,1728,2027-02-22,Sentença,Tribunal
6031,1728,2027-05-25,Decisão,Escritório
6032,1728,2027-06-06,Recurso,Parte contrária
6033,1729,2026-07-17,Despacho,Parte contrária
6034,1729,2026-10-01,Despacho,Parte contrária
6035,1729,2026-08-06,Recurso,Escritório
6036,1729,2026-07-09,Decisão,Tribunal
6037,1730,2026-04-17,Despacho,Tribunal
6038,1730,2026-02-28,Decisão,Parte contrária
6039,1730,2026-03-06,Despacho,Escritório
6040,1731,2027-05-20,Petição,Parte contrária
6041,1731,2027-01-02,Despacho,Escritório
6042,1731,2027-04-09,Petição,Parte contrária
6043,1731,2027-07-05,Despacho,Escritório
6044,1731,2026-03-16,Petição,Escritório
6045,1732,2026-12-11,Petição,Tribunal
6046,1732,2026-11-13,Petição,Escritório
6047,1732,2025-09-03,Recurso,Parte contrária
6048,1732,2025-11-12,Despacho,Escritório
6049,1733,2026-02-25,Decisão,Parte contrária
6050,1733,2025-09-06,Petição,Parte contrária
6051,1733,2026-06-03,Sentença,Parte contrária
6052,1733,2026-04-14,Despacho,Tribunal
6053,1734,2026-09-23,Sentença,Escritório
6054,1734,2026-09-23,Recurso,Escritório
6055,1734,2026-10-05,Recurso,Parte contrária
6056,1735,2026-10-10,Despacho,Parte contrária
6057,1735,2027-05-08,Sentença,Tribunal
6058,1735,2026-07-23,Sentença,Tribunal
6059,1735,2026-03-27,Decisão,Escritório
6060,1735,2026-08-31,Sentença,Tribunal
6061,1736,2026-11-27,Decisão,Escritório
6062,1736,2027-03-22,Recurso,Tribunal
6063,1736,2026-06-22,Decisão,Parte contrária
6064,1737,2026-09-20,Petição,Parte contrária
6065,1737,2027-01-02,Despacho,Tribunal
6066,1737,2026-12-28,Sentença,Tribunal
6067,1737,2026-07-01,Petição,Tribunal
6068,1737,2027-05-03,Sentença,Tribunal
6069,1738,2026-02-12,Petição,Tribunal
6070,1738,2027-05-20,Despacho,Tribunal
6071,1738,2026-03-01,Despacho,Escritório
6072,1738,2026-05-05,Petição,Tribunal
6073,1739,2026-10-09,Recurso,Tribunal
6074,1739,2026-03-30,Despacho,Escritório
6075,1739,2027-01-03,Recurso,Parte contrária
6076,1739,2026-10-30,Sentença,Escritório
6077,1740,2026-01-11,Decisão,Escritório
6078,1740,2026-07-23,Recurso,Tribunal
6079,1741,2026-02-03,Recurso,Escritório
6080,1741,2025-11-26,Recurso,Parte contrária
6081,1741,2026-01-18,Sentença,Tribunal
6082,1742,2027-04-09,Petição,Escritório
6083,1742,2027-03-21,Decisão,Escritório
6084,1742,2027-01-18,Recurso,Tribunal
6085,1742,2026-01-17,Sentença,Parte contrária
6086,1742,2026-12-24,Recurso,Tribunal
6087,1743,2026-10-08,Decisão,Tribunal
6088,1743,2026-08-13,Petição,Escritório
6089,1743,2027-05-22,Petição,Parte contrária
6090,1744,2025-10-02,Petição,Parte contrária
6091,1744,2026-03-29,Sentença,Escritório
6092,1745,2026-09-22,Sentença,Tribunal
6093,1745,2026-05-04,Recurso,Escritório
6094,1746,2026-09-20,Despacho,Parte contrária
6095,1746,2026-09-25,Despacho,Parte contrária
6096,1746,2026-01-14,Petição,Parte contrária
6097,1747,2026-09-29,Recurso,Escritório
6098,1747,2027-02-12,Despacho,Tribunal
6099,1747,2027-01-09,Despacho,Parte contrária
6100,1747,2026-08-10,Despacho,Tribunal
6101,1748,2027-03-03,Sentença,Parte contrária
6102,1748,2026-12-12,Despacho,Tribunal
6103,1748,2026-11-04,Despacho,Escritório
6104,1748,2025-12-21,Sentença,Escritório
6105,1748,2026-06-27,Sentença,Parte contrária
6106,1749,2026-10-05,Sentença,Escritório
6107,1749,2026-08-28,Despacho,Parte contrária
6108,1749,2026-12-04,Recurso,Escritório
6109,1750,2026-03-01,Recurso,Parte contrária
6110,1750,2026-02-11,Decisão,Escritório
6111,1750,2026-03-06,Decisão,Escritório
6112,1750,2026-06-02,Recurso,Escritório
6113,1750,2026-06-11,Recurso,Tribunal
6114,1751,2027-02-27,Sentença,Parte contrária
6115,1751,2027-05-27,Decisão,Escritório
6116,1751,2026-08-24,Despacho,Escritório
6117,1751,2026-10-22,Petição,Tribunal
6118,1751,2027-01-13,Recurso,Tribunal
6119,1752,2026-03-27,Despacho,Parte contrária
6120,1752,2026-10-03,Despacho,Escritório
6121,1752,2026-02-20,Sentença,Tribunal
6122,1752,2026-07-31,Petição,Parte contrária
6123,1752,2026-06-27,Sentença,Tribunal
6124,1753,2027-04-01,Sentença,Tribunal
6125,1753,2026-08-28,Petição,Parte contrária
6126,1753,2026-10-28,Petição,Tribunal
6127,1753,2027-06-11,Recurso,Escritório
6128,1754,2026-09-21,Sentença,Parte contrária
6129,1754,2026-12-31,Decisão,Parte contrária
6130,1754,2026-10-08,Despacho,Escritório
6131,1754,2026-08-21,Sentença,Parte contrária
6132,1755,2026-02-05,Sentença,Escritório
6133,1755,2026-09-25,Despacho,Parte contrária
6134,1755,2026-02-07,Decisão,Parte contrária
6135,1756,2026-08-24,Recurso,Escritório
6136,1756,2026-07-02,Recurso,Parte contrária
6137,1756,2027-03-23,Petição,Escritório
6138,1756,2026-09-02,Despacho,Tribunal
6139,1756,2027-01-28,Petição,Tribunal
6140,1757,2026-10-14,Decisão,Tribunal
6141,1757,2027-02-24,Decisão,Escritório
6142,1758,2027-09-19,Recurso,Tribunal
6143,1758,2027-06-10,Petição,Escritório
6144,1758,2027-05-30,Petição,Tribunal
6145,1758,2026-10-02,Despacho,Escritório
6146,1758,2026-07-08,Petição,Parte contrária
6147,1759,2026-12-12,Despacho,Parte contrária
6148,1759,2026-04-16,Petição,Escritório
6149,1759,2027-03-03,Despacho,Tribunal
6150,1759,2026-12-31,Recurso,Escritório
6151,1759,2026-06-09,Decisão,Tribunal
6152,1760,2026-02-06,Sentença,Tribunal
6153,1760,2026-04-10,Petição,Parte contrária
6154,1760,2026-10-08,Recurso,Escritório
6155,1760,2026-05-04,Despacho,Tribunal
6156,1761,2026-05-28,Recurso,Escritório
6157,1761,2027-06-27,Recurso,Parte contrária
6158,1761,2026-06-17,Recurso,Escritório
6159,1761,2026-07-21,Petição,Escritório
6160,1762,2026-09-05,Decisão,Escritório
6161,1762,2025-08-31,Recurso,Escritório
6162,1763,2026-10-22,Decisão,Tribunal
6163,1763,2026-02-24,Recurso,Tribunal
6164,1764,2026-05-30,Petição,Escritório
6165,1764,2026-08-17,Sentença,Escritório
6166,1764,2026-02-20,Petição,Escritório
6167,1764,2026-02-16,Recurso,Tribunal
6168,1764,2026-03-21,Recurso,Escritório
6169,1765,2027-08-20,Recurso,Escritório
6170,1765,2027-02-09,Decisão,Parte contrária
6171,1765,2026-07-05,Recurso,Tribunal
6172,1765,2027-05-20,Despacho,Parte contrária
6173,1766,2026-02-02,Decisão,Escritório
6174,1766,2027-01-22,Petição,Parte contrária
6175,1767,2026-09-06,Sentença,Escritório
6176,1767,2026-10-04,Sentença,Tribunal
6177,1767,2027-08-05,Sentença,Tribunal
6178,1768,2027-03-08,Decisão,Tribunal
6179,1768,2026-09-19,Decisão,Tribunal
6180,1768,2026-12-22,Decisão,Escritório
6181,1769,2027-01-26,Decisão,Tribunal
6182,1769,2026-11-16,Recurso,Tribunal
6183,1770,2027-03-24,Decisão,Parte contrária
6184,1770,2026-12-17,Recurso,Parte contrária
6185,1770,2026-12-17,Decisão,Tribunal
6186,1771,2026-02-02,Sentença,Tribunal
6187,1771,2025-12-23,Decisão,Tribunal
6188,1771,2026-05-31,Despacho,Tribunal
6189,1772,2027-07-03,Petição,Tribunal
6190,1772,2026-08-19,Decisão,Tribunal
6191,1773,2027-06-21,Recurso,Tribunal
6192,1773,2026-06-09,Sentença,Tribunal
6193,1773,2027-01-07,Petição,Parte contrária
6194,1774,2026-08-31,Decisão,Tribunal
6195,1774,2026-02-07,Recurso,Parte contrária
6196,1775,2026-08-19,Despacho,Escritório
6197,1775,2026-08-08,Sentença,Escritório
6198,1775,2026-02-22,Sentença,Escritório
6199,1775,2026-12-02,Despacho,Parte contrária
6200,1776,2026-07-14,Sentença,Escritório
6201,1776,2026-04-23,Recurso,Escritório
6202,1777,2026-07-14,Despacho,Tribunal
6203,1777,2026-10-22,Decisão,Escritório
6204,1777,2026-12-14,Despacho,Tribunal
6205,1777,2025-09-22,Decisão,Escritório
6206,1778,2027-01-09,Sentença,Parte contrária
6207,1778,2026-03-09,Recurso,Escritório
6208,1778,2026-03-29,Recurso,Escritório
6209,1778,2026-11-19,Recurso,Tribunal
6210,1778,2026-08-22,Decisão,Parte contrária
6211,1779,2026-02-01,Sentença,Escritório
6212,1779,2026-10-04,Recurso,Escritório
6213,1780,2026-06-26,Sentença,Escritório
6214,1780,2026-03-13,Decisão,Tribunal
6215,1780,2026-10-15,Recurso,Parte contrária
6216,1780,2026-09-24,Despacho,Tribunal
6217,1780,2026-10-16,Despacho,Tribunal
6218,1781,2026-03-12,Recurso,Escritório
6219,1781,2026-05-10,Petição,Tribunal
6220,1782,2026-07-17,Sentença,Tribunal
6221,1782,2026-03-05,Sentença,Tribunal
6222,1783,2026-04-07,Despacho,Tribunal
6223,1783,2026-10-10,Recurso,Parte contrária
6224,1783,2026-09-20,Petição,Escritório
6225,1783,2026-01-17,Sentença,Tribunal
6226,1783,2026-10-09,Sentença,Parte contrária
6227,1784,2026-08-18,Decisão,Escritório
6228,1784,2026-12-22,Sentença,Tribunal
6229,1784,2027-05-05,Recurso,Tribunal
6230,1784,2027-09-18,Petição,Escritório
6231,1784,2027-02-07,Despacho,Tribunal
6232,1785,2027-05-18,Recurso,Tribunal
6233,1785,2027-02-05,Recurso,Tribunal
6234,1785,2027-05-21,Despacho,Parte contrária
6235,1785,2026-07-28,Recurso,Escritório
6236,1786,2027-01-10,Despacho,Escritório
6237,1786,2026-01-26,Petição,Parte contrária
6238,1787,2027-01-23,Despacho,Tribunal
6239,1787,2026-03-22,Sentença,Parte contrária
6240,1787,2026-08-17,Despacho,Parte contrária
6241,1788,2026-06-28,Sentença,Escritório
6242,1788,2025-08-31,Petição,Parte contrária
6243,1788,2025-09-06,Petição,Escritório
6244,1788,2025-10-23,Recurso,Tribunal
6245,1789,2026-07-01,Despacho,Escritório
6246,1789,2026-12-11,Petição,Parte contrária
6247,1789,2026-08-26,Petição,Escritório
6248,1789,2027-02-22,Petição,Tribunal
6249,1790,2026-10-06,Despacho,Parte contrária
6250,1790,2026-07-18,Despacho,Escritório
6251,1790,2026-12-14,Decisão,Parte contrária
6252,1790,2027-05-22,Petição,Escritório
6253,1791,2026-10-09,Despacho,Escritório
6254,1791,2027-08-12,Petição,Tribunal
6255,1792,2025-12-23,Sentença,Tribunal
6256,1792,2025-10-28,Decisão,Tribunal
6257,1792,2026-02-27,Petição,Parte contrária
6258,1792,2025-07-28,Despacho,Escritório
6259,1792,2025-09-04,Sentença,Tribunal
6260,1793,2026-08-04,Decisão,Tribunal
6261,1793,2027-01-18,Decisão,Escritório
6262,1793,2026-08-06,Recurso,Tribunal
6263,1794,2026-09-22,Recurso,Tribunal
6264,1794,2026-06-02,Despacho,Tribunal
6265,1794,2026-02-13,Despacho,Tribunal
6266,1794,2026-05-06,Despacho,Tribunal
6267,1795,2026-12-30,Petição,Escritório
6268,1795,2026-06-27,Decisão,Tribunal
6269,1795,2026-01-10,Petição,Parte contrária
6270,1795,2027-01-02,Sentença,Tribunal
6271,1795,2026-11-09,Sentença,Tribunal
6272,1796,2027-08-02,Despacho,Tribunal
6273,1796,2027-11-01,Recurso,Tribunal
6274,1796,2027-02-15,Decisão,Escritório
6275,1796,2027-04-12,Sentença,Parte contrária
6276,1796,2027-01-15,Petição,Escritório
6277,1797,2026-10-07,Recurso,Parte contrária
6278,1797,2026-06-21,Despacho,Escritório
6279,1797,2026-04-23,Sentença,Escritório
6280,1797,2026-11-17,Recurso,Parte contrária
6281,1797,2026-12-09,Decisão,Escritório
6282,1798,2027-03-25,Decisão,Tribunal
6283,1798,2026-10-20,Sentença,Escritório
6284,1798,2027-02-08,Recurso,Escritório
6285,1798,2027-06-07,Decisão,Tribunal
6286,1799,2026-07-26,Despacho,Escritório
6287,1799,2026-08-19,Decisão,Escritório
6288,1799,2026-07-02,Petição,Parte contrária
6289,1799,2027-07-01,Petição,Escritório
6290,1800,2026-12-22,Decisão,Parte contrária
6291,1800,2026-01-16,Decisão,Parte contrária
6292,1801,2027-03-07,Sentença,Parte contrária
6293,1801,2027-06-11,Despacho,Tribunal
6294,1801,2027-04-16,Sentença,Tribunal
6295,1801,2027-09-16,Recurso,Escritório
6296,1802,2026-04-14,Recurso,Parte contrária
6297,1802,2026-11-21,Despacho,Escritório
6298,1802,2025-10-30,Decisão,Tribunal
6299,1803,2026-10-12,Decisão,Escritório
6300,1803,2026-06-21,Despacho,Parte contrária
6301,1803,2027-05-03,Decisão,Tribunal
6302,1803,2026-06-06,Despacho,Escritório
6303,1804,2026-09-21,Recurso,Parte contrária
6304,1804,2025-12-17,Despacho,Parte contrária
6305,1805,2027-09-23,Sentença,Tribunal
6306,1805,2027-10-20,Petição,Parte contrária
6307,1806,2027-01-12,Petição,Tribunal
6308,1806,2026-10-23,Recurso,Tribunal
6309,1807,2026-12-25,Recurso,Tribunal
6310,1807,2027-04-13,Sentença,Parte contrária
6311,1807,2027-04-29,Sentença,Parte contrária
6312,1807,2026-03-04,Petição,Parte contrária
6313,1808,2026-06-08,Sentença,Tribunal
6314,1808,2026-11-05,Sentença,Parte contrária
6315,1809,2026-05-16,Sentença,Escritório
6316,1809,2027-02-27,Despacho,Tribunal
6317,1809,2026-04-06,Sentença,Escritório
6318,1809,2025-12-15,Recurso,Parte contrária
6319,1810,2026-02-10,Recurso,Tribunal
6320,1810,2026-05-30,Petição,Escritório
6321,1811,2025-09-23,Sentença,Escritório
6322,1811,2026-08-24,Petição,Tribunal
6323,1812,2026-10-20,Despacho,Tribunal
6324,1812,2026-02-22,Despacho,Tribunal
6325,1813,2026-06-28,Despacho,Tribunal
6326,1813,2027-01-01,Decisão,Escritório
6327,1813,2026-11-28,Sentença,Tribunal
6328,1814,2026-08-01,Sentença,Escritório
6329,1814,2027-03-04,Decisão,Tribunal
6330,1814,2027-03-12,Petição,Escritório
6331,1814,2026-10-27,Despacho,Tribunal
6332,1814,2026-02-17,Decisão,Parte contrária
6333,1815,2026-08-03,Sentença,Escritório
6334,1815,2026-12-17,Petição,Parte contrária
6335,1816,2027-05-01,Recurso,Escritório
6336,1816,2027-04-06,Petição,Parte contrária
6337,1816,2026-09-12,Petição,Tribunal
6338,1817,2026-06-17,Decisão,Parte contrária
6339,1817,2026-04-01,Recurso,Tribunal
6340,1817,2026-06-08,Recurso,Escritório
6341,1817,2026-10-28,Decisão,Tribunal
6342,1818,2027-05-10,Petição,Tribunal
6343,1818,2026-07-31,Decisão,Escritório
6344,1818,2026-05-24,Petição,Escritório
6345,1818,2026-12-18,Sentença,Parte contrária
6346,1818,2026-10-27,Despacho,Tribunal
6347,1819,2026-07-03,Recurso,Tribunal
6348,1819,2025-12-22,Despacho,Parte contrária
6349,1819,2026-11-16,Despacho,Escritório
6350,1820,2026-10-12,Sentença,Escritório
6351,1820,2026-07-30,Despacho,Escritório
6352,1820,2027-02-02,Petição,Parte contrária
6353,1820,2026-12-01,Petição,Tribunal
6354,1821,2026-01-21,Recurso,Tribunal
6355,1821,2026-07-29,Petição,Parte contrária
6356,1821,2027-03-30,Decisão,Tribunal
6357,1821,2026-03-31,Despacho,Escritório
6358,1821,2026-12-16,Recurso,Parte contrária
6359,1822,2026-10-05,Petição,Escritório
6360,1822,2026-05-17,Petição,Tribunal
6361,1823,2026-10-11,Decisão,Escritório
6362,1823,2027-07-16,Decisão,Tribunal
6363,1823,2027-07-31,Petição,Tribunal
6364,1824,2026-10-19,Recurso,Tribunal
6365,1824,2026-05-12,Petição,Escritório
6366,1824,2026-06-03,Decisão,Tribunal
6367,1824,2027-03-28,Recurso,Parte contrária
6368,1824,2026-09-18,Sentença,Tribunal
6369,1825,2026-03-16,Petição,Tribunal
6370,1825,2026-09-09,Sentença,Escritório
6371,1826,2026-12-08,Sentença,Parte contrária
6372,1826,2026-10-16,Recurso,Tribunal
6373,1826,2026-06-23,Sentença,Tribunal
6374,1827,2027-07-08,Petição,Escritório
6375,1827,2027-07-24,Sentença,Parte contrária
6376,1827,2026-11-18,Recurso,Escritório
6377,1828,2027-01-17,Sentença,Escritório
6378,1828,2026-04-27,Despacho,Parte contrária
6379,1829,2027-02-25,Sentença,Tribunal
6380,1829,2026-08-26,Decisão,Tribunal
6381,1829,2027-04-28,Recurso,Parte contrária
6382,1830,2026-10-02,Despacho,Escritório
6383,1830,2027-05-07,Recurso,Escritório
6384,1830,2027-03-02,Decisão,Parte contrária
6385,1830,2027-03-13,Decisão,Escritório
6386,1831,2026-05-13,Recurso,Tribunal
6387,1831,2025-10-24,Sentença,Escritório
6388,1831,2026-12-03,Decisão,Tribunal
6389,1831,2026-08-16,Recurso,Tribunal
6390,1831,2026-07-11,Recurso,Escritório
6391,1832,2027-01-01,Despacho,Parte contrária
6392,1832,2026-06-09,Petição,Parte contrária
6393,1832,2027-09-07,Despacho,Tribunal
6394,1833,2026-07-14,Decisão,Parte contrária
6395,1833,2026-02-26,Decisão,Escritório
6396,1833,2026-01-21,Despacho,Tribunal
6397,1834,2026-12-28,Petição,Tribunal
6398,1834,2026-03-03,Petição,Tribunal
6399,1834,2026-01-18,Despacho,Parte contrária
6400,1835,2026-02-04,Sentença,Tribunal
6401,1835,2026-08-29,Petição,Parte contrária
6402,1835,2025-09-18,Despacho,Parte contrária
6403,1835,2025-11-01,Petição,Parte contrária
6404,1835,2026-05-08,Sentença,Escritório
6405,1836,2026-02-12,Sentença,Tribunal
6406,1836,2026-11-24,Petição,Escritório
6407,1836,2026-10-01,Recurso,Parte contrária
6408,1836,2026-05-14,Decisão,Tribunal
6409,1836,2026-10-22,Sentença,Tribunal
6410,1837,2025-11-13,Sentença,Escritório
6411,1837,2026-02-24,Decisão,Escritório
6412,1837,2026-04-01,Decisão,Parte contrária
6413,1837,2026-05-08,Petição,Tribunal
6414,1838,2027-02-22,Sentença,Parte contrária
6415,1838,2026-10-06,Petição,Tribunal
6416,1838,2026-03-29,Despacho,Escritório
6417,1838,2026-08-30,Despacho,Escritório
6418,1839,2025-09-05,Recurso,Parte contrária
6419,1839,2025-12-19,Decisão,Parte contrária
6420,1840,2026-09-01,Petição,Tribunal
6421,1840,2027-06-30,Petição,Escritório
6422,1840,2026-06-05,Sentença,Parte contrária
6423,1840,2026-09-15,Petição,Parte contrária
6424,1840,2026-05-27,Decisão,Escritório
6425,1841,2026-12-27,Sentença,Escritório
6426,1841,2026-07-31,Despacho,Parte contrária
6427,1841,2025-11-14,Recurso,Escritório
6428,1842,2026-05-18,Decisão,Tribunal
6429,1842,2027-05-26,Petição,Escritório
6430,1843,2026-12-04,Petição,Parte contrária
6431,1843,2027-09-13,Recurso,Tribunal
6432,1843,2026-09-01,Despacho,Parte contrária
6433,1844,2026-05-26,Recurso,Tribunal
6434,1844,2026-05-30,Recurso,Escritório
6435,1844,2025-09-30,Petição,Parte contrária
6436,1844,2026-12-12,Decisão,Tribunal
6437,1844,2026-12-08,Decisão,Parte contrária
6438,1845,2025-09-16,Decisão,Parte contrária
6439,1845,2026-02-20,Petição,Parte contrária
6440,1845,2026-09-25,Despacho,Tribunal
6441,1845,2026-10-11,Petição,Parte contrária
6442,1846,2027-07-10,Recurso,Escritório
6443,1846,2027-02-01,Despacho,Tribunal
6444,1846,2026-12-29,Despacho,Parte contrária
6445,1846,2027-07-07,Petição,Tribunal
6446,1847,2026-07-02,Recurso,Escritório
6447,1847,2026-08-04,Recurso,Tribunal
6448,1848,2026-04-15,Sentença,Parte contrária
6449,1848,2026-09-02,Recurso,Tribunal
6450,1848,2026-12-10,Decisão,Escritório
6451,1849,2026-05-11,Recurso,Tribunal
6452,1849,2026-06-24,Despacho,Parte contrária
6453,1849,2026-12-12,Sentença,Parte contrária
6454,1850,2027-03-04,Decisão,Escritório
6455,1850,2026-01-23,Petição,Tribunal
6456,1851,2025-10-17,Petição,Parte contrária
6457,1851,2026-02-18,Despacho,Parte contrária
6458,1852,2026-07-11,Recurso,Parte contrária
6459,1852,2026-01-04,Recurso,Tribunal
6460,1853,2026-08-17,Recurso,Tribunal
6461,1853,2025-11-25,Recurso,Escritório
6462,1853,2026-04-01,Recurso,Tribunal
6463,1853,2027-02-01,Despacho,Tribunal
6464,1854,2026-11-22,Decisão,Tribunal
6465,1854,2027-01-18,Recurso,Tribunal
6466,1854,2027-10-14,Petição,Tribunal
6467,1854,2027-02-22,Recurso,Tribunal
6468,1855,2027-02-26,Decisão,Tribunal
6469,1855,2026-10-27,Despacho,Escritório
6470,1856,2026-01-04,Sentença,Escritório
6471,1856,2026-03-15,Sentença,Escritório
6472,1856,2026-12-10,Sentença,Parte contrária
6473,1856,2026-12-03,Sentença,Tribunal
6474,1856,2026-05-15,Sentença,Tribunal
6475,1857,2026-06-27,Recurso,Tribunal
6476,1857,2027-01-31,Sentença,Tribunal
6477,1857,2026-11-03,Decisão,Escritório
6478,1858,2026-04-16,Petição,Parte contrária
6479,1858,2027-01-09,Sentença,Tribunal
6480,1858,2026-09-06,Recurso,Tribunal
6481,1858,2026-12-08,Recurso,Escritório
6482,1858,2026-05-14,Recurso,Parte contrária
6483,1859,2026-11-20,Petição,Tribunal
6484,1859,2026-02-04,Petição,Escritório
6485,1859,2026-07-19,Sentença,Tribunal
6486,1859,2025-11-21,Recurso,Parte contrária
6487,1860,2027-04-06,Decisão,Tribunal
6488,1860,2027-02-21,Petição,Tribunal
6489,1861,2026-07-06,Despacho,Parte contrária
6490,1861,2025-08-23,Recurso,Tribunal
6491,1861,2026-07-12,Petição,Parte contrária
6492,1861,2026-02-02,Petição,Parte contrária
6493,1862,2027-07-23,Decisão,Parte contrária
6494,1862,2027-03-24,Despacho,Tribunal
6495,1862,2027-10-10,Despacho,Escritório
6496,1862,2027-10-25,Despacho,Tribunal
6497,1862,2027-09-30,Petição,Escritório
6498,1863,2027-02-14,Sentença,Parte contrária
6499,1863,2026-11-12,Recurso,Parte contrária
6500,1863,2026-12-09,Decisão,Parte contrária
6501,1863,2026-07-12,Decisão,Tribunal
6502,1863,2026-05-03,Decisão,Escritório
6503,1864,2026-12-24,Despacho,Parte contrária
6504,1864,2027-01-03,Decisão,Parte contrária
6505,1865,2026-02-19,Decisão,Tribunal
6506,1865,2026-08-12,Sentença,Parte contrária
6507,1866,2027-02-08,Sentença,Escritório
6508,1866,2026-07-20,Recurso,Tribunal
6509,1866,2027-07-03,Decisão,Parte contrária
6510,1866,2027-04-29,Decisão,Escritório
6511,1867,2027-03-16,Despacho,Parte contrária
6512,1867,2026-09-27,Recurso,Tribunal
6513,1867,2026-08-28,Recurso,Escritório
6514,1868,2027-06-09,Despacho,Parte contrária
6515,1868,2026-08-18,Sentença,Escritório
6516,1868,2026-05-20,Petição,Parte contrária
6517,1869,2026-01-30,Despacho,Tribunal
6518,1869,2027-01-01,Decisão,Tribunal
6519,1870,2027-04-02,Petição,Escritório
6520,1870,2026-07-28,Sentença,Escritório
6521,1870,2026-12-03,Petição,Escritório
6522,1870,2027-05-20,Despacho,Tribunal
6523,1871,2026-04-16,Recurso,Tribunal
6524,1871,2026-10-03,Decisão,Parte contrária
6525,1871,2026-03-18,Decisão,Tribunal
6526,1871,2027-04-09,Decisão,Escritório
6527,1872,2026-01-08,Despacho,Parte contrária
6528,1872,2026-02-19,Recurso,Escritório
6529,1872,2026-09-02,Petição,Parte contrária
6530,1873,2027-02-19,Petição,Escritório
6531,1873,2026-08-27,Decisão,Parte contrária
6532,1873,2026-08-20,Sentença,Escritório
6533,1873,2027-03-28,Despacho,Tribunal
6534,1873,2026-12-11,Sentença,Parte contrária
6535,1874,2027-08-09,Recurso,Tribunal
6536,1874,2027-08-17,Petição,Tribunal
6537,1875,2026-07-28,Despacho,Tribunal
6538,1875,2026-11-26,Sentença,Escritório
6539,1875,2026-01-17,Sentença,Parte contrária
6540,1876,2027-05-25,Petição,Tribunal
6541,1876,2027-03-10,Sentença,Escritório
6542,1876,2026-08-19,Decisão,Parte contrária
6543,1876,2026-08-05,Petição,Parte contrária
6544,1877,2026-06-27,Recurso,Tribunal
6545,1877,2026-10-14,Decisão,Parte contrária
6546,1878,2026-07-09,Recurso,Tribunal
6547,1878,2026-05-02,Decisão,Parte contrária
6548,1878,2026-05-10,Despacho,Tribunal
6549,1879,2025-12-21,Sentença,Escritório
6550,1879,2026-12-09,Petição,Escritório
6551,1879,2026-03-07,Despacho,Parte contrária
6552,1880,2026-04-02,Recurso,Tribunal
6553,1880,2027-06-28,Petição,Parte contrária
6554,1880,2026-09-18,Despacho,Escritório
6555,1881,2026-10-03,Decisão,Escritório
6556,1881,2027-03-25,Decisão,Escritório
6557,1881,2027-03-12,Petição,Escritório
6558,1881,2026-09-02,Recurso,Parte contrária
6559,1882,2027-03-02,Despacho,Parte contrária
6560,1882,2027-01-09,Decisão,Tribunal
6561,1883,2026-12-11,Decisão,Tribunal
6562,1883,2026-02-03,Despacho,Parte contrária
6563,1883,2026-12-05,Recurso,Tribunal
6564,1884,2027-06-04,Recurso,Escritório
6565,1884,2026-02-24,Petição,Escritório
6566,1885,2027-03-30,Petição,Tribunal
6567,1885,2026-06-30,Despacho,Tribunal
6568,1885,2026-12-31,Sentença,Escritório
6569,1886,2027-02-25,Despacho,Parte contrária
6570,1886,2027-04-24,Decisão,Escritório
6571,1886,2026-12-15,Despacho,Escritório
6572,1887,2026-05-21,Petição,Escritório
6573,1887,2027-05-09,Recurso,Escritório
6574,1887,2027-05-29,Petição,Escritório
6575,1888,2026-06-10,Recurso,Parte contrária
6576,1888,2025-10-06,Decisão,Tribunal
6577,1889,2027-02-02,Despacho,Tribunal
6578,1889,2027-02-25,Decisão,Tribunal
6579,1889,2027-03-27,Petição,Parte contrária
6580,1890,2027-04-11,Decisão,Tribunal
6581,1890,2027-05-19,Despacho,Escritório
6582,1891,2026-10-03,Recurso,Tribunal
6583,1891,2026-03-26,Recurso,Parte contrária
6584,1892,2026-10-22,Decisão,Tribunal
6585,1892,2027-07-04,Despacho,Tribunal
6586,1893,2026-10-09,Despacho,Escritório
6587,1893,2027-09-16,Petição,Escritório
6588,1893,2027-06-25,Sentença,Parte contrária
6589,1894,2026-03-07,Petição,Tribunal
6590,1894,2026-08-17,Decisão,Parte contrária
6591,1895,2026-12-28,Decisão,Escritório
6592,1895,2026-12-29,Petição,Parte contrária
6593,1895,2026-03-06,Decisão,Tribunal
6594,1895,2026-03-01,Decisão,Tribunal
6595,1896,2026-03-07,Sentença,Parte contrária
6596,1896,2026-03-14,Recurso,Escritório
6597,1896,2026-10-19,Petição,Parte contrária
6598,1896,2025-12-30,Decisão,Parte contrária
6599,1897,2027-03-29,Decisão,Escritório
6600,1897,2026-01-24,Despacho,Escritório
6601,1897,2026-08-13,Recurso,Escritório
6602,1897,2026-02-05,Despacho,Escritório
6603,1898,2026-07-02,Decisão,Parte contrária
6604,1898,2026-09-23,Petição,Escritório
6605,1898,2026-08-30,Despacho,Escritório
6606,1898,2025-12-12,Petição,Escritório
6607,1899,2025-12-14,Recurso,Parte contrária
6608,1899,2026-01-25,Petição,Tribunal
6609,1900,2027-02-02,Sentença,Parte contrária
6610,1900,2026-06-18,Sentença,Tribunal
6611,1901,2026-11-21,Petição,Tribunal
6612,1901,2027-05-20,Petição,Escritório
6613,1901,2027-04-22,Despacho,Escritório
6614,1901,2027-08-16,Despacho,Parte contrária
6615,1902,2026-07-26,Recurso,Parte contrária
6616,1902,2026-08-15,Despacho,Parte contrária
6617,1902,2026-07-09,Sentença,Tribunal
6618,1902,2026-05-09,Sentença,Tribunal
6619,1903,2026-03-27,Decisão,Tribunal
6620,1903,2026-04-24,Sentença,Parte contrária
6621,1903,2027-06-18,Petição,Parte contrária
6622,1903,2027-04-03,Sentença,Tribunal
6623,1904,2026-11-16,Sentença,Parte contrária
6624,1904,2026-09-15,Recurso,Escritório
6625,1904,2026-03-08,Despacho,Tribunal
6626,1904,2027-01-06,Decisão,Parte contrária
6627,1905,2026-10-27,Decisão,Escritório
6628,1905,2026-08-18,Petição,Escritório
6629,1905,2027-01-26,Petição,Tribunal
6630,1906,2026-02-24,Despacho,Tribunal
6631,1906,2026-03-09,Decisão,Escritório
6632,1907,2026-08-19,Recurso,Escritório
6633,1907,2026-04-02,Decisão,Escritório
6634,1907,2026-12-08,Petição,Parte contrária
6635,1908,2027-02-15,Petição,Parte contrária
6636,1908,2027-11-07,Despacho,Tribunal
6637,1908,2026-11-06,Recurso,Tribunal
6638,1908,2027-01-25,Recurso,Escritório
6639,1909,2026-06-09,Recurso,Tribunal
6640,1909,2026-12-03,Petição,Tribunal
6641,1909,2026-08-27,Decisão,Tribunal
6642,1910,2026-04-23,Decisão,Escritório
6643,1910,2026-06-05,Petição,Parte contrária
6644,1910,2026-02-17,Petição,Escritório
6645,1910,2026-03-19,Decisão,Tribunal
6646,1910,2026-10-23,Sentença,Parte contrária
6647,1911,2027-02-08,Sentença,Tribunal
6648,1911,2026-04-07,Petição,Tribunal
6649,1912,2027-06-27,Sentença,Escritório
6650,1912,2027-08-14,Decisão,Tribunal
6651,1912,2027-06-08,Decisão,Tribunal
6652,1912,2026-09-29,Petição,Parte contrária
6653,1913,2026-08-07,Petição,Escritório
6654,1913,2027-01-02,Petição,Escritório
6655,1914,2027-02-21,Recurso,Escritório
6656,1914,2026-11-04,Petição,Tribunal
6657,1914,2026-08-29,Decisão,Parte contrária
6658,1914,2026-08-24,Petição,Escritório
6659,1914,2026-06-20,Despacho,Tribunal
6660,1915,2026-11-25,Sentença,Escritório
6661,1915,2027-02-27,Petição,Parte contrária
6662,1915,2026-09-07,Petição,Escritório
6663,1915,2027-03-25,Despacho,Escritório
6664,1916,2026-06-05,Recurso,Parte contrária
6665,1916,2026-04-05,Despacho,Escritório
6666,1916,2026-07-16,Despacho,Tribunal
6667,1916,2026-06-04,Sentença,Parte contrária
6668,1916,2026-07-04,Decisão,Tribunal
6669,1917,2026-12-10,Sentença,Escritório
6670,1917,2027-01-05,Recurso,Escritório
6671,1917,2026-08-06,Despacho,Tribunal
6672,1918,2025-11-09,Petição,Parte contrária
6673,1918,2026-08-15,Despacho,Tribunal
6674,1918,2026-06-28,Sentença,Tribunal
6675,1918,2026-05-05,Despacho,Parte contrária
6676,1919,2025-09-29,Decisão,Escritório
6677,1919,2026-03-04,Despacho,Parte contrária
6678,1919,2026-07-25,Despacho,Tribunal
6679,1920,2026-10-24,Petição,Tribunal
6680,1920,2027-06-20,Petição,Tribunal
6681,1920,2026-10-08,Despacho,Parte contrária
6682,1920,2026-06-28,Sentença,Parte contrária
6683,1921,2026-12-27,Sentença,Tribunal
6684,1921,2026-09-28,Petição,Escritório
6685,1921,2026-11-14,Petição,Tribunal
6686,1921,2026-10-10,Recurso,Parte contrária
6687,1921,2027-10-11,Decisão,Escritório
6688,1922,2026-10-01,Decisão,Escritório
6689,1922,2026-11-07,Petição,Tribunal
6690,1922,2026-07-20,Petição,Escritório
6691,1922,2027-03-09,Despacho,Tribunal
6692,1922,2026-04-10,Despacho,Parte contrária
6693,1923,2026-04-06,Decisão,Escritório
6694,1923,2026-05-29,Despacho,Parte contrária
6695,1924,2026-08-12,Petição,Escritório
6696,1924,2025-11-18,Despacho,Escritório
6697,1925,2027-08-10,Petição,Tribunal
6698,1925,2026-08-23,Decisão,Escritório
6699,1925,2027-03-27,Petição,Tribunal
6700,1926,2027-01-01,Despacho,Tribunal
6701,1926,2026-09-02,Petição,Parte contrária
6702,1926,2026-03-12,Recurso,Tribunal
6703,1926,2026-10-27,Decisão,Parte contrária
6704,1926,2026-02-23,Petição,Parte contrária
6705,1927,2027-03-02,Petição,Parte contrária
6706,1927,2026-06-17,Despacho,Parte contrária
6707,1927,2026-06-11,Sentença,Tribunal
6708,1927,2027-06-08,Sentença,Parte contrária
6709,1928,2026-02-23,Sentença,Parte contrária
6710,1928,2026-10-23,Petição,Parte contrária
6711,1928,2026-06-17,Decisão,Tribunal
6712,1928,2026-06-12,Despacho,Tribunal
6713,1928,2026-09-05,Recurso,Tribunal
6714,1929,2026-10-21,Despacho,Parte contrária
6715,1929,2027-02-09,Recurso,Parte contrária
6716,1930,2026-07-02,Decisão,Parte contrária
6717,1930,2026-06-04,Decisão,Tribunal
6718,1931,2026-04-28,Recurso,Escritório
6719,1931,2026-09-09,Recurso,Escritório
6720,1931,2026-10-01,Petição,Parte contrária
6721,1931,2026-07-05,Sentença,Escritório
6722,1932,2025-10-22,Sentença,Parte contrária
6723,1932,2026-08-29,Decisão,Parte contrária
6724,1932,2026-11-16,Recurso,Escritório
6725,1932,2026-10-12,Petição,Tribunal
6726,1932,2026-04-20,Petição,Tribunal
6727,1933,2026-05-04,Petição,Escritório
6728,1933,2027-01-09,Petição,Tribunal
6729,1933,2025-11-27,Sentença,Parte contrária
6730,1933,2026-09-10,Petição,Parte contrária
6731,1934,2026-08-07,Decisão,Escritório
6732,1934,2026-01-31,Despacho,Tribunal
6733,1934,2025-08-13,Recurso,Escritório
6734,1935,2026-07-12,Recurso,Tribunal
6735,1935,2026-04-05,Recurso,Escritório
6736,1935,2026-11-18,Despacho,Tribunal
6737,1935,2026-07-23,Sentença,Parte contrária
6738,1935,2026-09-09,Decisão,Parte contrária
6739,1936,2026-10-09,Petição,Escritório
6740,1936,2026-03-16,Despacho,Parte contrária
6741,1936,2026-10-13,Sentença,Escritório
6742,1936,2027-06-06,Decisão,Escritório
6743,1937,2026-08-24,Sentença,Escritório
6744,1937,2026-03-04,Despacho,Escritório
6745,1938,2026-08-22,Recurso,Parte contrária
6746,1938,2027-03-01,Petição,Parte contrária
6747,1938,2027-01-25,Recurso,Tribunal
6748,1938,2027-04-08,Decisão,Escritório
6749,1938,2026-07-28,Petição,Escritório
6750,1939,2026-07-05,Petição,Tribunal
6751,1939,2027-08-09,Sentença,Parte contrária
6752,1939,2026-12-26,Petição,Escritório
6753,1940,2025-12-13,Despacho,Escritório
6754,1940,2025-10-26,Sentença,Tribunal
6755,1940,2026-04-23,Recurso,Parte contrária
6756,1940,2027-01-21,Recurso,Tribunal
6757,1940,2026-07-13,Recurso,Tribunal
6758,1941,2026-07-24,Petição,Parte contrária
6759,1941,2026-06-30,Despacho,Parte contrária
6760,1942,2027-07-04,Petição,Parte contrária
6761,1942,2026-11-22,Decisão,Tribunal
6762,1942,2027-02-09,Petição,Escritório
6763,1943,2027-05-10,Petição,Parte contrária
6764,1943,2026-06-04,Sentença,Parte contrária
6765,1943,2026-08-18,Recurso,Tribunal
6766,1943,2026-06-17,Despacho,Parte contrária
6767,1944,2026-12-25,Decisão,Escritório
6768,1944,2026-03-11,Decisão,Tribunal
6769,1944,2026-07-21,Recurso,Escritório
6770,1945,2026-09-18,Petição,Parte contrária
6771,1945,2026-11-11,Sentença,Escritório
6772,1945,2027-02-03,Petição,Parte contrária
6773,1946,2026-09-11,Despacho,Parte contrária
6774,1946,2026-12-26,Decisão,Escritório
6775,1946,2026-09-11,Despacho,Escritório
6776,1947,2027-02-26,Sentença,Escritório
6777,1947,2026-09-10,Recurso,Tribunal
6778,1948,2027-02-20,Despacho,Tribunal
6779,1948,2026-05-13,Recurso,Parte contrária
6780,1949,2026-06-22,Decisão,Parte contrária
6781,1949,2026-12-23,Decisão,Escritório
6782,1949,2027-06-01,Petição,Parte contrária
6783,1949,2027-06-01,Despacho,Escritório
6784,1950,2027-04-28,Sentença,Escritório
6785,1950,2026-10-01,Recurso,Escritório
6786,1950,2027-09-27,Petição,Parte contrária
6787,1950,2026-09-02,Recurso,Tribunal
6788,1951,2026-11-01,Petição,Parte contrária
6789,1951,2027-04-25,Despacho,Tribunal
6790,1951,2026-12-17,Despacho,Parte contrária
6791,1951,2026-08-04,Petição,Escritório
6792,1952,2026-06-12,Petição,Parte contrária
6793,1952,2027-04-07,Sentença,Parte contrária
6794,1952,2026-08-30,Recurso,Tribunal
6795,1953,2026-09-26,Despacho,Escritório
6796,1953,2026-06-25,Petição,Parte contrária
6797,1954,2026-06-27,Despacho,Escritório
6798,1954,2026-08-29,Decisão,Tribunal
6799,1954,2027-04-09,Petição,Parte contrária
6800,1954,2026-08-15,Petição,Tribunal
6801,1955,2026-10-02,Petição,Tribunal
6802,1955,2026-11-22,Sentença,Tribunal
6803,1955,2026-11-25,Despacho,Escritório
6804,1956,2026-11-24,Despacho,Escritório
6805,1956,2026-01-27,Recurso,Parte contrária
6806,1957,2026-11-17,Sentença,Escritório
6807,1957,2026-06-07,Recurso,Tribunal
6808,1958,2026-02-14,Sentença,Escritório
6809,1958,2025-10-17,Despacho,Escritório
6810,1958,2026-11-19,Decisão,Escritório
6811,1958,2026-03-13,Decisão,Escritório
6812,1958,2026-06-24,Despacho,Escritório
6813,1959,2026-08-03,Petição,Escritório
6814,1959,2026-09-15,Sentença,Parte contrária
6815,1959,2026-01-29,Decisão,Escritório
6816,1959,2025-10-23,Petição,Tribunal
6817,1960,2026-04-17,Despacho,Tribunal
6818,1960,2026-02-24,Recurso,Tribunal
6819,1961,2026-07-09,Petição,Escritório
6820,1961,2026-08-19,Petição,Parte contrária
6821,1961,2025-10-20,Petição,Parte contrária
6822,1962,2026-04-22,Sentença,Parte contrária
6823,1962,2026-08-11,Recurso,Parte contrária
6824,1963,2026-08-09,Recurso,Escritório
6825,1963,2025-08-18,Sentença,Escritório
6826,1963,2026-11-08,Decisão,Parte contrária
6827,1963,2026-03-20,Recurso,Escritório
6828,1964,2026-12-19,Recurso,Tribunal
6829,1964,2025-12-01,Petição,Tribunal
6830,1964,2026-05-18,Decisão,Escritório
6831,1965,2026-11-06,Sentença,Tribunal
6832,1965,2027-05-16,Sentença,Escritório
6833,1965,2026-05-01,Petição,Tribunal
6834,1966,2027-02-05,Sentença,Parte contrária
6835,1966,2026-02-16,Petição,Tribunal
6836,1967,2025-12-23,Despacho,Escritório
6837,1967,2026-04-29,Decisão,Escritório
6838,1967,2026-07-23,Recurso,Tribunal
6839,1967,2026-05-31,Decisão,Escritório
6840,1968,2026-01-11,Despacho,Parte contrária
6841,1968,2026-11-11,Despacho,Tribunal
6842,1968,2026-11-08,Despacho,Parte contrária
6843,1968,2025-12-11,Decisão,Escritório
6844,1968,2026-10-17,Despacho,Parte contrária
6845,1969,2026-02-03,Sentença,Escritório
6846,1969,2026-10-25,Decisão,Tribunal
6847,1969,2027-01-11,Despacho,Escritório
6848,1969,2026-03-22,Sentença,Tribunal
6849,1970,2026-10-06,Decisão,Parte contrária
6850,1970,2026-03-19,Sentença,Escritório
6851,1971,2026-05-18,Petição,Parte contrária
6852,1971,2026-09-18,Decisão,Parte contrária
6853,1972,2027-03-25,Despacho,Escritório
6854,1972,2026-09-23,Decisão,Tribunal
6855,1972,2026-11-07,Recurso,Tribunal
6856,1972,2026-06-04,Recurso,Tribunal
6857,1972,2026-07-31,Despacho,Tribunal
6858,1973,2026-10-14,Sentença,Parte contrária
6859,1973,2026-10-22,Despacho,Parte contrária
6860,1973,2027-01-13,Recurso,Tribunal
6861,1973,2027-06-12,Decisão,Parte contrária
6862,1973,2026-05-24,Decisão,Tribunal
6863,1974,2025-11-08,Sentença,Escritório
6864,1974,2026-09-16,Petição,Escritório
6865,1974,2025-11-03,Petição,Parte contrária
6866,1975,2027-06-18,Recurso,Tribunal
6867,1975,2026-08-13,Decisão,Parte contrária
6868,1975,2026-07-14,Recurso,Parte contrária
6869,1976,2026-05-22,Sentença,Escritório
6870,1976,2025-08-26,Decisão,Escritório
6871,1976,2026-08-10,Petição,Parte contrária
6872,1976,2026-02-07,Petição,Tribunal
6873,1977,2027-03-20,Recurso,Tribunal
6874,1977,2026-04-01,Sentença,Parte contrária
6875,1977,2026-12-20,Despacho,Parte contrária
6876,1977,2027-02-26,Petição,Tribunal
6877,1977,2026-10-03,Petição,Escritório
6878,1978,2026-05-21,Sentença,Escritório
6879,1978,2026-08-26,Petição,Tribunal
6880,1978,2026-02-17,Decisão,Escritório
6881,1979,2027-06-25,Despacho,Tribunal
6882,1979,2027-05-27,Petição,Tribunal
6883,1979,2027-03-21,Sentença,Parte contrária
6884,1980,2026-09-29,Recurso,Escritório
6885,1980,2027-01-30,Sentença,Parte contrária
6886,1981,2025-09-17,Decisão,Tribunal
6887,1981,2026-12-29,Petição,Parte contrária
6888,1981,2026-01-09,Petição,Tribunal
6889,1982,2027-02-18,Recurso,Escritório
6890,1982,2027-07-02,Sentença,Escritório
6891,1982,2027-10-05,Recurso,Parte contrária
6892,1983,2027-02-05,Petição,Parte contrária
6893,1983,2026-05-18,Decisão,Parte contrária
6894,1984,2026-10-20,Petição,Tribunal
6895,1984,2027-05-13,Recurso,Parte contrária
6896,1984,2026-10-09,Decisão,Escritório
6897,1984,2026-12-10,Petição,Tribunal
6898,1985,2027-01-05,Decisão,Escritório
6899,1985,2026-10-03,Petição,Escritório
6900,1986,2026-06-07,Decisão,Parte contrária
6901,1986,2026-04-23,Decisão,Escritório
6902,1986,2026-02-05,Despacho,Parte contrária
6903,1987,2026-09-17,Recurso,Escritório
6904,1987,2026-05-02,Recurso,Escritório
6905,1987,2026-08-30,Despacho,Tribunal
6906,1988,2026-08-23,Despacho,Escritório
6907,1988,2025-10-06,Sentença,Escritório
6908,1988,2026-01-15,Sentença,Parte contrária
6909,1988,2026-04-08,Petição,Parte contrária
6910,1988,2026-05-01,Petição,Escritório
6911,1989,2027-01-24,Despacho,Tribunal
6912,1989,2027-04-27,Decisão,Parte contrária
6913,1989,2026-05-09,Decisão,Parte contrária
6914,1990,2026-11-06,Sentença,Parte contrária
6915,1990,2026-05-06,Petição,Tribunal
6916,1990,2026-05-19,Decisão,Parte contrária
6917,1990,2026-06-06,Despacho,Escritório
6918,1990,2025-11-10,Decisão,Escritório
6919,1991,2025-11-17,Petição,Parte contrária
6920,1991,2026-11-20,Despacho,Tribunal
6921,1991,2026-02-11,Decisão,Tribunal
6922,1992,2026-10-26,Despacho,Tribunal
6923,1992,2026-06-19,Recurso,Parte contrária
6924,1993,2026-03-26,Despacho,Tribunal
6925,1993,2025-12-13,Recurso,Tribunal
6926,1993,2026-06-20,Decisão,Tribunal
6927,1993,2026-03-20,Despacho,Parte contrária
6928,1993,2026-08-13,Despacho,Tribunal
6929,1994,2026-11-09,Recurso,Escritório
6930,1994,2026-01-05,Despacho,Tribunal
6931,1994,2025-12-13,Decisão,Tribunal
6932,1995,2026-06-24,Petição,Parte contrária
6933,1995,2026-09-18,Sentença,Tribunal
6934,1995,2026-02-08,Decisão,Parte contrária
6935,1995,2026-08-25,Recurso,Tribunal
6936,1996,2026-11-16,Decisão,Tribunal
6937,1996,2026-07-07,Petição,Parte contrária
6938,1996,2026-11-17,Petição,Tribunal
6939,1996,2027-02-27,Recurso,Tribunal
6940,1997,2026-04-19,Recurso,Escritório
6941,1997,2026-02-04,Petição,Tribunal
6942,1997,2026-01-16,Recurso,Escritório
6943,1997,2026-01-14,Recurso,Parte contrária
6944,1998,2026-12-03,Petição,Parte contrária
6945,1998,2027-04-04,Sentença,Parte contrária
6946,1998,2027-02-07,Petição,Parte contrária
6947,1998,2027-01-28,Petição,Tribunal
6948,1999,2027-08-30,Decisão,Escritório
6949,1999,2026-12-20,Recurso,Tribunal
6950,1999,2027-01-02,Recurso,Escritório
6951,2000,2026-11-17,Decisão,Escritório
6952,2000,2026-11-16,Petição,Escritório
6953,2000,2026-01-29,Recurso,Parte contrária
6954,2001,2026-08-31,Decisão,Parte contrária
6955,2001,2027-06-20,Decisão,Tribunal
6956,2002,2026-10-19,Decisão,Tribunal
6957,2002,2026-06-18,Decisão,Escritório
6958,2002,2026-09-22,Decisão,Tribunal
6959,2002,2027-02-16,Decisão,Parte contrária
6960,2003,2026-08-11,Sentença,Escritório
6961,2003,2026-02-01,Recurso,Parte contrária
6962,2003,2025-08-21,Recurso,Parte contrária
6963,2003,2026-10-06,Despacho,Parte contrária
6964,2004,2027-01-27,Decisão,Parte contrária
6965,2004,2027-01-06,Despacho,Tribunal
6966,2004,2026-03-02,Recurso,Parte contrária
6967,2004,2026-09-09,Decisão,Parte contrária
6968,2005,2026-04-22,Petição,Escritório
6969,2005,2027-01-01,Sentença,Escritório
6970,2006,2027-06-14,Sentença,Escritório
6971,2006,2027-05-01,Decisão,Tribunal
6972,2006,2027-08-11,Despacho,Escritório
6973,2007,2027-01-10,Despacho,Parte contrária
6974,2007,2027-02-20,Sentença,Parte contrária
6975,2008,2027-03-26,Decisão,Tribunal
6976,2008,2026-06-12,Decisão,Tribunal
6977,2008,2027-07-12,Petição,Tribunal
6978,2008,2027-01-15,Petição,Parte contrária
6979,2009,2027-06-19,Sentença,Escritório
6980,2009,2026-11-05,Decisão,Tribunal
6981,2009,2027-04-10,Sentença,Tribunal
6982,2010,2026-06-27,Sentença,Escritório
6983,2010,2026-09-16,Sentença,Tribunal
6984,2010,2025-10-27,Recurso,Escritório
6985,2010,2025-11-27,Decisão,Tribunal
6986,2011,2026-09-27,Sentença,Tribunal
6987,2011,2026-07-06,Recurso,Tribunal
6988,2011,2025-12-15,Petição,Parte contrária
6989,2011,2026-12-17,Despacho,Escritório
6990,2011,2025-09-19,Sentença,Escritório
6991,2012,2026-12-13,Despacho,Escritório
6992,2012,2026-12-25,Despacho,Escritório
6993,2012,2026-09-08,Decisão,Escritório
6994,2012,2025-10-30,Recurso,Parte contrária
6995,2013,2026-07-26,Petição,Parte contrária
6996,2013,2027-03-30,Sentença,Parte contrária
6997,2013,2027-07-11,Decisão,Tribunal
6998,2013,2026-07-13,Sentença,Escritório
6999,2014,2026-11-01,Petição,Escritório
7000,2014,2026-05-17,Despacho,Tribunal
7001,2015,2026-10-31,Sentença,Parte contrária
7002,2015,2026-11-01,Decisão,Parte contrária
7003,2015,2027-03-31,Recurso,Parte contrária
7004,2016,2027-02-05,Despacho,Tribunal
7005,2016,2026-04-01,Recurso,Tribunal
7006,2016,2026-12-20,Despacho,Parte contrária
7007,2016,2026-06-13,Recurso,Escritório
7008,2017,2026-11-06,Decisão,Parte contrária
7009,2017,2026-02-13,Recurso,Parte contrária
7010,2017,2026-08-11,Recurso,Tribunal
7011,2017,2025-10-19,Recurso,Tribunal
7012,2018,2026-10-17,Despacho,Tribunal
7013,2018,2027-01-21,Petição,Parte contrária
7014,2018,2026-07-10,Sentença,Escritório
7015,2018,2026-04-17,Recurso,Escritório
7016,2018,2026-05-03,Recurso,Parte contrária
7017,2019,2027-01-05,Petição,Tribunal
7018,2019,2026-02-25,Despacho,Escritório
7019,2019,2026-03-13,Despacho,Parte contrária
7020,2019,2026-08-06,Despacho,Escritório
7021,2019,2027-01-08,Decisão,Parte contrária
7022,2020,2026-10-03,Petição,Tribunal
7023,2020,2027-02-23,Decisão,Tribunal
7024,2020,2027-04-11,Recurso,Parte contrária
7025,2020,2026-07-11,Despacho,Tribunal
7026,2020,2026-05-30,Decisão,Tribunal
7027,2021,2026-10-31,Sentença,Escritório
7028,2021,2026-10-30,Despacho,Parte contrária
7029,2021,2026-09-28,Despacho,Parte contrária
7030,2021,2026-03-04,Petição,Escritório
7031,2021,2027-02-06,Petição,Parte contrária
7032,2022,2026-12-17,Recurso,Parte contrária
7033,2022,2026-12-25,Petição,Tribunal
7034,2023,2025-10-13,Decisão,Parte contrária
7035,2023,2026-03-11,Sentença,Parte contrária
7036,2023,2026-06-11,Recurso,Tribunal
7037,2023,2026-07-03,Recurso,Parte contrária
7038,2024,2026-10-08,Petição,Tribunal
7039,2024,2026-03-24,Petição,Tribunal
7040,2024,2026-02-24,Despacho,Parte contrária
7041,2024,2026-06-01,Despacho,Parte contrária
7042,2025,2026-05-05,Decisão,Parte contrária
7043,2025,2026-09-10,Despacho,Escritório
7044,2025,2027-04-07,Petição,Escritório
7045,2025,2026-12-13,Sentença,Parte contrária
7046,2026,2027-04-26,Petição,Escritório
7047,2026,2026-03-01,Sentença,Escritório
7048,2026,2026-09-27,Recurso,Tribunal
7049,2027,2026-05-26,Sentença,Escritório
7050,2027,2026-05-31,Despacho,Parte contrária
7051,2027,2026-09-23,Petição,Tribunal
7052,2027,2026-11-03,Sentença,Parte contrária
7053,2028,2026-01-21,Decisão,Escritório
7054,2028,2026-04-06,Decisão,Parte contrária
7055,2028,2025-12-23,Sentença,Escritório
7056,2028,2025-12-01,Decisão,Tribunal
7057,2028,2026-07-25,Despacho,Tribunal
7058,2029,2027-02-28,Recurso,Escritório
7059,2029,2027-05-05,Sentença,Tribunal
7060,2029,2026-11-24,Sentença,Tribunal
7061,2029,2027-03-03,Petição,Parte contrária
7062,2030,2026-08-28,Recurso,Escritório
7063,2030,2026-11-09,Sentença,Parte contrária
7064,2031,2026-11-21,Sentença,Parte contrária
7065,2031,2026-10-20,Recurso,Parte contrária
7066,2031,2027-03-21,Recurso,Escritório
7067,2031,2027-04-29,Despacho,Tribunal
7068,2032,2026-10-20,Despacho,Escritório
7069,2032,2027-02-10,Petição,Tribunal
7070,2033,2026-08-24,Sentença,Parte contrária
7071,2033,2026-12-24,Decisão,Tribunal
7072,2033,2026-10-04,Sentença,Escritório
7073,2033,2026-07-24,Despacho,Parte contrária
7074,2034,2026-12-13,Petição,Parte contrária
7075,2034,2027-01-02,Despacho,Escritório
7076,2034,2027-05-26,Petição,Escritório
7077,2035,2025-12-22,Sentença,Escritório
7078,2035,2026-08-17,Sentença,Escritório
7079,2036,2026-05-26,Recurso,Escritório
7080,2036,2026-11-16,Decisão,Parte contrária
7081,2036,2026-06-16,Petição,Parte contrária
7082,2036,2026-04-19,Decisão,Escritório
7083,2037,2027-08-09,Decisão,Escritório
7084,2037,2027-06-26,Petição,Escritório
7085,2037,2026-10-23,Decisão,Tribunal
7086,2037,2026-11-06,Sentença,Parte contrária
7087,2038,2026-10-22,Petição,Parte contrária
7088,2038,2027-02-28,Recurso,Parte contrária
7089,2038,2026-04-23,Sentença,Escritório
7090,2039,2026-07-23,Sentença,Tribunal
7091,2039,2027-01-12,Petição,Escritório
7092,2039,2027-04-22,Sentença,Parte contrária
7093,2039,2026-08-05,Sentença,Tribunal
7094,2039,2026-12-22,Sentença,Parte contrária
7095,2040,2026-05-03,Sentença,Parte contrária
7096,2040,2026-10-02,Decisão,Escritório
7097,2041,2026-08-16,Decisão,Escritório
7098,2041,2026-07-09,Despacho,Escritório
7099,2042,2026-03-01,Decisão,Tribunal
7100,2042,2025-11-03,Sentença,Escritório
7101,2042,2026-11-12,Recurso,Escritório
7102,2043,2026-12-23,Sentença,Parte contrária
7103,2043,2027-03-31,Sentença,Parte contrária
7104,2043,2026-07-15,Decisão,Tribunal
7105,2044,2026-04-13,Recurso,Tribunal
7106,2044,2027-02-13,Recurso,Escritório
7107,2044,2027-01-25,Decisão,Tribunal
7108,2045,2027-08-10,Despacho,Tribunal
7109,2045,2027-08-31,Petição,Parte contrária
7110,2045,2027-05-06,Despacho,Tribunal
7111,2045,2026-12-19,Despacho,Escritório
7112,2045,2026-08-30,Decisão,Tribunal
7113,2046,2027-03-03,Decisão,Escritório
7114,2046,2026-04-25,Sentença,Tribunal
7115,2046,2026-10-03,Recurso,Tribunal
7116,2046,2027-02-13,Decisão,Tribunal
7117,2046,2026-04-16,Petição,Escritório
7118,2047,2026-11-14,Petição,Escritório
7119,2047,2027-04-11,Petição,Parte contrária
7120,2048,2026-04-19,Despacho,Parte contrária
7121,2048,2025-11-25,Recurso,Tribunal
7122,2048,2026-03-23,Decisão,Tribunal
7123,2049,2027-05-24,Petição,Tribunal
7124,2049,2026-10-02,Petição,Parte contrária
7125,2049,2027-05-22,Petição,Parte contrária
7126,2049,2026-12-08,Despacho,Escritório
7127,2049,2027-09-17,Recurso,Parte contrária
7128,2050,2026-05-16,Decisão,Tribunal
7129,2050,2026-12-13,Sentença,Parte contrária
7130,2050,2027-06-10,Despacho,Tribunal
7131,2051,2026-10-21,Despacho,Tribunal
7132,2051,2026-10-20,Despacho,Escritório
7133,2051,2026-08-31,Despacho,Escritório
7134,2051,2026-04-06,Recurso,Tribunal
7135,2051,2026-08-10,Petição,Escritório
7136,2052,2026-06-08,Despacho,Escritório
7137,2052,2026-03-07,Recurso,Escritório
7138,2052,2026-10-07,Despacho,Tribunal
7139,2052,2025-12-15,Despacho,Escritório
7140,2053,2027-04-15,Decisão,Parte contrária
7141,2053,2026-03-20,Petição,Parte contrária
7142,2053,2027-04-17,Sentença,Escritório
7143,2053,2027-06-24,Decisão,Escritório
7144,2053,2027-06-15,Petição,Tribunal
7145,2054,2027-07-02,Petição,Parte contrária
7146,2054,2027-07-28,Despacho,Escritório
7147,2054,2026-10-18,Recurso,Tribunal
7148,2054,2026-08-01,Despacho,Parte contrária
7149,2054,2027-06-05,Sentença,Tribunal
7150,2055,2025-10-18,Petição,Escritório
7151,2055,2026-09-04,Decisão,Escritório
7152,2055,2026-09-24,Despacho,Tribunal
7153,2056,2026-11-27,Despacho,Parte contrária
7154,2056,2026-10-28,Petição,Tribunal
7155,2057,2027-02-10,Petição,Escritório
7156,2057,2026-06-14,Petição,Parte contrária
7157,2057,2026-09-27,Recurso,Escritório
7158,2057,2027-03-07,Recurso,Parte contrária
7159,2057,2027-03-20,Recurso,Tribunal
7160,2058,2026-04-06,Despacho,Escritório
7161,2058,2027-06-20,Petição,Escritório
7162,2058,2026-10-15,Sentença,Escritório
7163,2059,2026-01-03,Sentença,Parte contrária
7164,2059,2026-03-07,Recurso,Escritório
7165,2059,2026-03-13,Despacho,Tribunal
7166,2059,2025-07-30,Decisão,Tribunal
7167,2060,2026-09-29,Decisão,Escritório
7168,2060,2026-12-30,Recurso,Tribunal
7169,2061,2026-10-08,Decisão,Escritório
7170,2061,2026-04-10,Sentença,Tribunal
7171,2061,2025-09-22,Decisão,Tribunal
7172,2061,2026-10-27,Decisão,Parte contrária
7173,2062,2026-05-24,Petição,Tribunal
7174,2062,2026-05-14,Petição,Tribunal
7175,2063,2026-04-06,Despacho,Escritório
7176,2063,2026-11-11,Despacho,Parte contrária
7177,2064,2026-07-11,Sentença,Parte contrária
7178,2064,2027-03-15,Decisão,Tribunal
7179,2064,2026-01-31,Petição,Escritório
7180,2064,2025-11-16,Petição,Tribunal
7181,2064,2026-04-19,Sentença,Parte contrária
7182,2065,2026-08-13,Sentença,Parte contrária
7183,2065,2025-11-17,Sentença,Escritório
7184,2066,2027-01-28,Recurso,Escritório
7185,2066,2027-02-07,Decisão,Parte contrária
7186,2067,2026-10-04,Recurso,Escritório
7187,2067,2026-10-31,Despacho,Tribunal
7188,2067,2027-05-18,Sentença,Parte contrária
7189,2067,2026-02-02,Despacho,Parte contrária
7190,2068,2026-05-13,Sentença,Escritório
7191,2068,2027-04-11,Petição,Escritório
7192,2068,2027-08-14,Recurso,Parte contrária
7193,2068,2026-08-28,Despacho,Escritório
7194,2069,2027-01-04,Decisão,Escritório
7195,2069,2027-04-06,Despacho,Parte contrária
7196,2070,2026-06-08,Despacho,Tribunal
7197,2070,2027-04-02,Decisão,Escritório
7198,2070,2026-07-29,Despacho,Parte contrária
7199,2071,2026-09-23,Recurso,Escritório
7200,2071,2026-07-23,Recurso,Parte contrária
7201,2071,2026-03-12,Petição,Escritório
7202,2071,2026-09-11,Petição,Parte contrária
7203,2071,2025-12-23,Petição,Escritório
7204,2072,2026-02-08,Sentença,Parte contrária
7205,2072,2026-05-05,Recurso,Tribunal
7206,2073,2026-11-03,Sentença,Parte contrária
7207,2073,2025-08-29,Recurso,Tribunal
7208,2074,2026-08-03,Petição,Parte contrária
7209,2074,2026-07-13,Decisão,Tribunal
7210,2074,2026-03-25,Decisão,Tribunal
7211,2074,2025-09-16,Recurso,Tribunal
7212,2074,2026-11-15,Sentença,Parte contrária
7213,2075,2027-02-25,Despacho,Tribunal
7214,2075,2026-10-19,Decisão,Tribunal
7215,2075,2026-07-25,Sentença,Tribunal
7216,2075,2027-06-17,Sentença,Escritório
7217,2075,2027-08-14,Recurso,Tribunal
7218,2076,2025-10-21,Recurso,Parte contrária
7219,2076,2026-05-03,Decisão,Parte contrária
7220,2076,2026-07-28,Recurso,Tribunal
7221,2077,2026-10-09,Despacho,Parte contrária
7222,2077,2026-06-27,Sentença,Tribunal
7223,2077,2026-11-17,Sentença,Escritório
7224,2077,2026-11-21,Recurso,Tribunal
7225,2078,2026-10-21,Petição,Escritório
7226,2078,2026-09-16,Sentença,Escritório
7227,2078,2026-09-10,Decisão,Tribunal
7228,2078,2026-04-24,Petição,Tribunal
7229,2079,2026-11-30,Despacho,Escritório
7230,2079,2026-10-11,Petição,Escritório
7231,2079,2027-10-09,Sentença,Tribunal
7232,2080,2025-11-24,Petição,Tribunal
7233,2080,2026-10-07,Recurso,Tribunal
7234,2080,2026-11-24,Decisão,Tribunal
7235,2081,2026-07-03,Decisão,Parte contrária
7236,2081,2026-06-19,Recurso,Tribunal
7237,2082,2026-08-06,Recurso,Escritório
7238,2082,2025-12-07,Decisão,Escritório
7239,2082,2026-01-11,Petição,Escritório
7240,2083,2027-06-02,Recurso,Escritório
7241,2083,2027-01-01,Recurso,Tribunal
7242,2083,2026-05-26,Despacho,Escritório
7243,2083,2027-08-20,Petição,Parte contrária
7244,2083,2027-07-26,Despacho,Parte contrária
7245,2084,2027-02-15,Despacho,Parte contrária
7246,2084,2026-05-15,Sentença,Tribunal
7247,2084,2026-10-08,Despacho,Tribunal
7248,2084,2026-10-30,Petição,Escritório
7249,2084,2027-08-04,Despacho,Escritório
7250,2085,2025-11-10,Petição,Tribunal
7251,2085,2026-02-12,Despacho,Tribunal
7252,2085,2025-12-17,Despacho,Escritório
7253,2085,2026-06-16,Recurso,Parte contrária
7254,2086,2026-08-26,Petição,Tribunal
7255,2086,2026-04-25,Recurso,Escritório
7256,2086,2027-03-30,Despacho,Escritório
7257,2086,2026-06-16,Despacho,Parte contrária
7258,2087,2026-11-08,Decisão,Tribunal
7259,2087,2026-01-06,Petição,Tribunal
7260,2088,2026-07-26,Sentença,Tribunal
7261,2088,2026-09-25,Recurso,Tribunal
7262,2088,2026-05-27,Petição,Parte contrária
7263,2089,2026-01-14,Petição,Parte contrária
7264,2089,2027-01-16,Sentença,Escritório
7265,2089,2026-08-18,Petição,Parte contrária
7266,2089,2027-03-13,Recurso,Escritório
7267,2090,2026-08-03,Petição,Parte contrária
7268,2090,2026-05-24,Petição,Escritório
7269,2091,2026-07-15,Petição,Tribunal
7270,2091,2026-05-19,Despacho,Escritório
7271,2092,2026-10-29,Decisão,Tribunal
7272,2092,2026-07-29,Sentença,Escritório
7273,2092,2026-06-10,Despacho,Parte contrária
7274,2092,2027-02-15,Sentença,Escritório
7275,2093,2027-02-16,Despacho,Tribunal
7276,2093,2027-01-17,Petição,Escritório
7277,2093,2027-10-20,Despacho,Escritório
7278,2093,2026-08-22,Petição,Tribunal
7279,2094,2026-05-14,Decisão,Tribunal
7280,2094,2026-04-23,Decisão,Tribunal
7281,2094,2025-10-25,Decisão,Parte contrária
7282,2094,2025-10-06,Decisão,Tribunal
7283,2094,2025-10-12,Despacho,Escritório
7284,2095,2026-09-10,Despacho,Tribunal
7285,2095,2026-06-26,Decisão,Tribunal
7286,2095,2027-05-11,Decisão,Parte contrária
7287,2095,2026-06-03,Despacho,Escritório
7288,2096,2026-11-10,Sentença,Escritório
7289,2096,2026-12-23,Despacho,Tribunal
7290,2097,2027-06-02,Decisão,Escritório
7291,2097,2027-01-17,Despacho,Tribunal
7292,2097,2027-06-20,Recurso,Parte contrária
7293,2097,2027-07-05,Decisão,Escritório
7294,2098,2027-07-24,Sentença,Tribunal
7295,2098,2027-06-02,Despacho,Escritório
7296,2099,2026-05-26,Decisão,Escritório
7297,2099,2027-06-15,Petição,Parte contrária
7298,2100,2026-10-02,Recurso,Parte contrária
7299,2100,2026-08-26,Recurso,Parte contrária
7300,2100,2026-03-25,Despacho,Parte contrária
7301,2101,2026-07-21,Sentença,Tribunal
7302,2101,2026-05-17,Sentença,Tribunal
7303,2101,2027-07-25,Petição,Parte contrária
7304,2102,2026-02-09,Recurso,Escritório
7305,2102,2026-10-13,Recurso,Escritório
7306,2102,2026-08-14,Petição,Parte contrária
7307,2102,2026-02-02,Recurso,Parte contrária
7308,2103,2027-04-07,Despacho,Escritório
7309,2103,2026-03-26,Sentença,Parte contrária
7310,2103,2026-11-07,Decisão,Parte contrária
7311,2103,2026-06-16,Sentença,Tribunal
7312,2104,2026-11-01,Despacho,Parte contrária
7313,2104,2026-08-18,Sentença,Tribunal
7314,2104,2027-08-19,Recurso,Parte contrária
7315,2104,2026-11-13,Despacho,Parte contrária
7316,2104,2027-05-27,Decisão,Parte contrária
7317,2105,2026-03-08,Despacho,Escritório
7318,2105,2026-11-02,Decisão,Escritório
7319,2105,2026-07-16,Despacho,Escritório
7320,2106,2026-12-07,Decisão,Tribunal
7321,2106,2026-02-20,Despacho,Escritório
7322,2106,2026-08-28,Despacho,Tribunal
7323,2106,2025-11-04,Sentença,Tribunal
7324,2107,2026-01-06,Decisão,Tribunal
7325,2107,2026-10-05,Petição,Escritório
7326,2107,2026-05-22,Recurso,Tribunal
7327,2107,2026-11-10,Decisão,Tribunal
7328,2107,2026-04-03,Petição,Parte contrária
7329,2108,2025-09-20,Decisão,Escritório
7330,2108,2026-02-24,Decisão,Escritório
7331,2108,2026-04-19,Petição,Tribunal
7332,2108,2025-09-17,Sentença,Tribunal
7333,2109,2026-11-29,Despacho,Escritório
7334,2109,2026-04-20,Petição,Tribunal
7335,2109,2026-11-05,Sentença,Parte contrária
7336,2109,2026-10-29,Sentença,Tribunal
7337,2109,2026-07-20,Petição,Tribunal
7338,2110,2027-02-10,Sentença,Escritório
7339,2110,2026-06-11,Sentença,Parte contrária
7340,2110,2026-08-28,Despacho,Escritório
7341,2111,2027-03-17,Despacho,Escritório
7342,2111,2025-12-21,Despacho,Escritório
7343,2112,2026-08-19,Petição,Tribunal
7344,2112,2027-01-16,Despacho,Parte contrária
7345,2112,2027-02-02,Recurso,Parte contrária
7346,2113,2026-02-25,Sentença,Tribunal
7347,2113,2025-10-20,Decisão,Tribunal
7348,2114,2026-10-27,Despacho,Escritório
7349,2114,2026-10-10,Despacho,Tribunal
7350,2114,2027-01-06,Sentença,Parte contrária
7351,2115,2027-03-24,Petição,Escritório
7352,2115,2027-01-02,Despacho,Escritório
7353,2115,2026-12-24,Decisão,Escritório
7354,2115,2026-09-19,Despacho,Parte contrária
7355,2116,2026-03-12,Sentença,Parte contrária
7356,2116,2026-03-03,Recurso,Parte contrária
7357,2116,2027-05-29,Despacho,Tribunal
7358,2116,2026-09-09,Despacho,Parte contrária
7359,2117,2026-09-30,Decisão,Tribunal
7360,2117,2027-06-06,Petição,Escritório
7361,2117,2027-08-18,Decisão,Escritório
7362,2117,2027-01-30,Sentença,Escritório
7363,2117,2026-12-06,Sentença,Tribunal
7364,2118,2027-04-07,Decisão,Parte contrária
7365,2118,2026-12-08,Sentença,Parte contrária
7366,2118,2026-07-28,Despacho,Escritório
7367,2118,2026-08-18,Sentença,Tribunal
7368,2118,2027-07-01,Sentença,Parte contrária
7369,2119,2027-08-17,Despacho,Escritório
7370,2119,2027-02-24,Petição,Parte contrária
7371,2119,2027-06-02,Despacho,Escritório
7372,2120,2026-05-02,Petição,Parte contrária
7373,2120,2026-03-14,Recurso,Parte contrária
7374,2121,2026-05-21,Despacho,Escritório
7375,2121,2025-11-01,Sentença,Tribunal
7376,2122,2026-11-22,Recurso,Tribunal
7377,2122,2027-03-30,Recurso,Parte contrária
7378,2122,2026-12-26,Sentença,Parte contrária
7379,2122,2026-03-31,Petição,Escritório
7380,2123,2027-08-17,Despacho,Escritório
7381,2123,2027-03-16,Decisão,Parte contrária
7382,2123,2026-11-10,Recurso,Escritório
7383,2123,2027-01-21,Despacho,Tribunal
7384,2123,2026-09-03,Petição,Parte contrária
7385,2124,2026-07-14,Despacho,Escritório
7386,2124,2026-06-30,Despacho,Escritório
7387,2124,2026-09-09,Petição,Parte contrária
7388,2124,2025-10-25,Despacho,Parte contrária
7389,2125,2025-12-06,Recurso,Tribunal
7390,2125,2026-02-06,Recurso,Parte contrária
7391,2126,2026-11-27,Despacho,Parte contrária
7392,2126,2026-11-23,Sentença,Parte contrária
7393,2127,2026-04-22,Sentença,Parte contrária
7394,2127,2027-01-11,Despacho,Tribunal
7395,2127,2026-07-21,Petição,Tribunal
7396,2127,2026-07-07,Decisão,Tribunal
7397,2127,2026-04-22,Despacho,Parte contrária
7398,2128,2027-02-04,Sentença,Parte contrária
7399,2128,2026-12-30,Despacho,Parte contrária
7400,2128,2026-01-30,Petição,Escritório
7401,2129,2026-12-27,Despacho,Escritório
7402,2129,2026-10-19,Sentença,Escritório
7403,2129,2026-05-03,Despacho,Escritório
7404,2129,2026-07-20,Despacho,Escritório
7405,2130,2026-07-12,Petição,Escritório
7406,2130,2025-07-29,Petição,Escritório
7407,2131,2026-06-06,Decisão,Tribunal
7408,2131,2026-10-22,Decisão,Escritório
7409,2131,2026-10-25,Decisão,Tribunal
7410,2132,2026-10-04,Sentença,Tribunal
7411,2132,2026-09-18,Recurso,Parte contrária
7412,2132,2026-03-04,Petição,Escritório
7413,2132,2026-01-25,Petição,Tribunal
7414,2133,2027-03-21,Sentença,Escritório
7415,2133,2026-06-05,Despacho,Tribunal
7416,2133,2026-02-07,Petição,Tribunal
7417,2133,2027-03-08,Petição,Escritório
7418,2134,2026-09-16,Decisão,Escritório
7419,2134,2026-11-01,Petição,Parte contrária
7420,2134,2027-05-27,Decisão,Escritório
7421,2135,2026-12-11,Despacho,Parte contrária
7422,2135,2025-10-26,Despacho,Tribunal
7423,2135,2026-06-20,Recurso,Tribunal
7424,2135,2025-11-14,Recurso,Tribunal
7425,2135,2026-11-26,Decisão,Tribunal
7426,2136,2027-01-26,Sentença,Escritório
7427,2136,2026-07-01,Despacho,Escritório
7428,2137,2027-02-23,Decisão,Escritório
7429,2137,2027-02-02,Decisão,Parte contrária
7430,2137,2026-10-11,Sentença,Escritório
7431,2137,2026-09-24,Recurso,Tribunal
7432,2138,2026-12-23,Petição,Escritório
7433,2138,2026-02-05,Despacho,Tribunal
7434,2138,2025-11-06,Recurso,Tribunal
7435,2138,2026-08-30,Despacho,Tribunal
7436,2139,2027-08-31,Petição,Escritório
7437,2139,2027-06-22,Despacho,Escritório
7438,2139,2026-09-07,Decisão,Parte contrária
7439,2140,2027-03-18,Recurso,Escritório
7440,2140,2026-07-31,Despacho,Tribunal
7441,2140,2026-05-08,Recurso,Tribunal
7442,2140,2027-04-03,Recurso,Tribunal
7443,2141,2027-02-13,Recurso,Parte contrária
7444,2141,2026-01-29,Despacho,Tribunal
7445,2141,2026-09-11,Decisão,Parte contrária
7446,2141,2026-01-18,Decisão,Tribunal
7447,2141,2026-11-21,Decisão,Escritório
7448,2142,2026-11-23,Sentença,Tribunal
7449,2142,2026-12-19,Recurso,Parte contrária
7450,2142,2027-08-08,Sentença,Parte contrária
7451,2143,2026-08-19,Recurso,Tribunal
7452,2143,2027-02-05,Recurso,Parte contrária
7453,2143,2026-06-27,Recurso,Escritório
7454,2143,2026-06-23,Recurso,Parte contrária
7455,2143,2026-06-26,Petição,Tribunal
7456,2144,2026-08-12,Decisão,Parte contrária
7457,2144,2026-04-22,Petição,Parte contrária
7458,2144,2026-09-20,Recurso,Escritório
7459,2145,2026-05-17,Despacho,Tribunal
7460,2145,2026-05-17,Sentença,Parte contrária
7461,2145,2026-11-20,Recurso,Parte contrária
7462,2145,2027-01-04,Despacho,Parte contrária
7463,2145,2027-01-14,Decisão,Escritório
7464,2146,2027-05-11,Sentença,Tribunal
7465,2146,2026-04-14,Decisão,Parte contrária
7466,2146,2026-10-13,Recurso,Parte contrária
7467,2146,2027-04-19,Decisão,Parte contrária
7468,2146,2026-03-17,Sentença,Parte contrária
7469,2147,2025-09-07,Despacho,Escritório
7470,2147,2026-11-28,Sentença,Parte contrária
7471,2147,2026-09-20,Sentença,Parte contrária
7472,2147,2025-12-25,Despacho,Parte contrária
7473,2147,2026-11-22,Decisão,Tribunal
7474,2148,2026-09-17,Despacho,Escritório
7475,2148,2026-06-01,Recurso,Escritório
7476,2148,2027-02-20,Despacho,Parte contrária
7477,2149,2027-02-05,Recurso,Tribunal
7478,2149,2027-08-14,Despacho,Tribunal
7479,2149,2026-12-28,Decisão,Parte contrária
7480,2149,2026-10-09,Despacho,Parte contrária
7481,2149,2027-10-15,Recurso,Tribunal
7482,2150,2026-08-21,Petição,Parte contrária
7483,2150,2026-03-21,Decisão,Parte contrária
7484,2150,2025-12-17,Sentença,Parte contrária
7485,2150,2026-08-24,Decisão,Tribunal
7486,2151,2027-05-14,Despacho,Tribunal
7487,2151,2027-04-18,Despacho,Tribunal
7488,2151,2027-08-27,Despacho,Escritório
7489,2151,2026-06-20,Recurso,Tribunal
7490,2151,2026-12-17,Recurso,Tribunal
7491,2152,2027-08-05,Recurso,Tribunal
7492,2152,2026-10-24,Decisão,Escritório
7493,2152,2027-05-03,Recurso,Parte contrária
7494,2152,2027-03-11,Sentença,Tribunal
7495,2152,2027-03-08,Decisão,Tribunal
7496,2153,2026-02-08,Despacho,Escritório
7497,2153,2027-02-23,Decisão,Escritório
7498,2154,2026-10-21,Petição,Escritório
7499,2154,2026-12-03,Despacho,Tribunal
7500,2155,2025-07-13,Sentença,Escritório
7501,2155,2026-04-26,Recurso,Escritório
7502,2155,2026-11-09,Sentença,Escritório
7503,2155,2025-07-09,Sentença,Escritório
7504,2156,2027-09-05,Sentença,Tribunal
7505,2156,2027-10-11,Petição,Parte contrária
7506,2156,2027-10-17,Sentença,Tribunal
7507,2157,2026-06-30,Decisão,Parte contrária
7508,2157,2026-11-03,Petição,Parte contrária
7509,2157,2026-02-06,Sentença,Tribunal
7510,2158,2026-07-16,Sentença,Escritório
7511,2158,2027-06-03,Sentença,Tribunal
7512,2158,2027-02-15,Decisão,Tribunal
7513,2158,2027-04-27,Decisão,Parte contrária
7514,2159,2026-12-03,Recurso,Tribunal
7515,2159,2026-05-28,Decisão,Escritório
7516,2159,2026-04-20,Despacho,Tribunal
7517,2159,2026-11-14,Petição,Tribunal
7518,2160,2026-09-23,Recurso,Parte contrária
7519,2160,2026-05-02,Despacho,Parte contrária
7520,2160,2026-04-06,Sentença,Parte contrária
7521,2161,2026-01-22,Petição,Escritório
7522,2161,2026-08-24,Sentença,Escritório
7523,2162,2025-10-23,Sentença,Tribunal
7524,2162,2025-12-22,Decisão,Escritório
7525,2162,2027-02-12,Decisão,Parte contrária
7526,2162,2026-09-14,Petição,Parte contrária
7527,2163,2026-09-17,Decisão,Tribunal
7528,2163,2026-08-24,Despacho,Parte contrária
7529,2164,2025-10-24,Recurso,Escritório
7530,2164,2026-09-12,Despacho,Parte contrária
7531,2164,2026-07-22,Petição,Tribunal
7532,2164,2025-12-23,Petição,Escritório
7533,2164,2025-12-01,Decisão,Tribunal
7534,2165,2026-06-23,Recurso,Tribunal
7535,2165,2026-10-14,Despacho,Tribunal
7536,2165,2025-08-25,Despacho,Tribunal
7537,2165,2026-08-19,Recurso,Tribunal
7538,2165,2026-06-29,Decisão,Parte contrária
7539,2166,2026-03-31,Petição,Parte contrária
7540,2166,2026-05-30,Recurso,Parte contrária
7541,2166,2026-04-22,Recurso,Escritório
7542,2167,2027-02-23,Sentença,Tribunal
7543,2167,2026-03-29,Sentença,Tribunal
7544,2167,2026-06-24,Sentença,Parte contrária
7545,2167,2026-06-13,Despacho,Parte contrária
7546,2167,2026-03-11,Sentença,Parte contrária
7547,2168,2026-10-16,Despacho,Tribunal
7548,2168,2027-04-23,Sentença,Tribunal
7549,2169,2026-10-28,Sentença,Escritório
7550,2169,2026-12-23,Petição,Parte contrária
7551,2170,2026-10-01,Recurso,Tribunal
7552,2170,2026-05-17,Sentença,Escritório
7553,2170,2027-03-23,Recurso,Escritório
7554,2170,2027-06-20,Despacho,Parte contrária
7555,2171,2027-07-10,Petição,Tribunal
7556,2171,2027-02-25,Despacho,Escritório
7557,2171,2026-08-20,Despacho,Escritório
7558,2172,2026-12-27,Despacho,Escritório
7559,2172,2026-10-01,Sentença,Parte contrária
7560,2173,2026-07-31,Despacho,Parte contrária
7561,2173,2026-01-05,Sentença,Parte contrária
7562,2174,2026-04-05,Petição,Parte contrária
7563,2174,2025-10-16,Despacho,Escritório
7564,2174,2026-06-28,Decisão,Escritório
7565,2174,2026-08-21,Sentença,Tribunal
7566,2175,2025-08-13,Sentença,Escritório
7567,2175,2025-12-25,Petição,Tribunal
7568,2175,2025-12-16,Recurso,Tribunal
7569,2175,2026-07-17,Decisão,Tribunal
7570,2176,2026-03-22,Petição,Parte contrária
7571,2176,2025-11-19,Sentença,Tribunal
7572,2176,2026-07-14,Decisão,Escritório
7573,2177,2027-02-03,Sentença,Tribunal
7574,2177,2027-08-11,Despacho,Parte contrária
7575,2178,2025-10-25,Recurso,Tribunal
7576,2178,2027-01-01,Despacho,Parte contrária
7577,2178,2026-06-08,Decisão,Tribunal
7578,2178,2026-08-03,Despacho,Tribunal
7579,2178,2026-11-25,Despacho,Tribunal
7580,2179,2026-10-24,Despacho,Tribunal
7581,2179,2026-08-03,Recurso,Tribunal
7582,2179,2027-06-03,Despacho,Parte contrária
7583,2180,2026-02-13,Decisão,Escritório
7584,2180,2026-11-14,Sentença,Escritório
7585,2180,2026-12-08,Despacho,Escritório
7586,2181,2026-09-28,Despacho,Escritório
7587,2181,2027-01-31,Recurso,Escritório
7588,2181,2027-03-17,Despacho,Escritório
7589,2181,2026-04-06,Sentença,Escritório
7590,2182,2026-08-19,Decisão,Escritório
7591,2182,2026-10-12,Decisão,Parte contrária
7592,2182,2027-03-16,Despacho,Tribunal
7593,2182,2027-01-27,Sentença,Parte contrária
7594,2183,2026-02-13,Recurso,Parte contrária
7595,2183,2026-07-13,Decisão,Escritório
7596,2183,2026-11-20,Recurso,Tribunal
7597,2183,2027-02-15,Petição,Parte contrária
7598,2183,2026-02-02,Despacho,Escritório
7599,2184,2026-03-22,Recurso,Tribunal
7600,2184,2026-06-27,Decisão,Escritório
7601,2184,2026-11-10,Petição,Parte contrária
7602,2184,2026-07-22,Recurso,Tribunal
7603,2184,2026-04-08,Sentença,Escritório
7604,2185,2027-02-18,Decisão,Parte contrária
7605,2185,2026-07-12,Petição,Escritório
7606,2185,2026-10-24,Petição,Tribunal
7607,2185,2027-04-25,Sentença,Tribunal
7608,2185,2026-09-30,Petição,Parte contrária
7609,2186,2026-07-21,Despacho,Escritório
7610,2186,2026-11-01,Petição,Parte contrária
7611,2186,2026-11-21,Petição,Tribunal
7612,2186,2026-05-08,Despacho,Parte contrária
7613,2186,2025-11-15,Petição,Escritório
7614,2187,2025-10-16,Petição,Tribunal
7615,2187,2025-10-10,Recurso,Parte contrária
7616,2187,2026-07-07,Despacho,Tribunal
7617,2187,2026-04-17,Recurso,Tribunal
7618,2187,2025-11-23,Despacho,Tribunal
7619,2188,2026-11-14,Despacho,Escritório
7620,2188,2026-03-28,Despacho,Tribunal
7621,2188,2026-07-02,Decisão,Escritório
7622,2188,2025-12-07,Decisão,Escritório
7623,2188,2026-08-02,Sentença,Escritório
7624,2189,2026-06-30,Recurso,Tribunal
7625,2189,2027-03-17,Decisão,Parte contrária
7626,2189,2026-08-30,Sentença,Escritório
7627,2190,2026-08-24,Petição,Escritório
7628,2190,2026-06-12,Despacho,Tribunal
7629,2190,2026-07-21,Petição,Tribunal
7630,2191,2026-09-26,Recurso,Escritório
7631,2191,2026-03-27,Recurso,Escritório
7632,2191,2026-10-28,Despacho,Escritório
7633,2192,2027-01-23,Recurso,Escritório
7634,2192,2026-10-19,Decisão,Parte contrária
7635,2192,2026-04-12,Decisão,Escritório
7636,2192,2027-05-25,Recurso,Escritório
7637,2192,2027-06-24,Despacho,Parte contrária
7638,2193,2025-09-01,Despacho,Parte contrária
7639,2193,2026-10-12,Petição,Parte contrária
7640,2193,2026-02-06,Recurso,Tribunal
7641,2193,2026-02-11,Decisão,Escritório
7642,2193,2026-11-09,Sentença,Escritório
7643,2194,2026-09-23,Recurso,Parte contrária
7644,2194,2026-12-15,Recurso,Parte contrária
7645,2195,2026-07-15,Petição,Tribunal
7646,2195,2026-05-28,Petição,Tribunal
7647,2196,2026-03-05,Sentença,Parte contrária
7648,2196,2027-02-27,Petição,Escritório
7649,2196,2026-05-30,Decisão,Escritório
7650,2197,2026-11-10,Recurso,Parte contrária
7651,2197,2027-01-05,Decisão,Parte contrária
7652,2197,2027-04-02,Recurso,Tribunal
7653,2197,2026-11-15,Decisão,Tribunal
7654,2197,2026-05-28,Despacho,Parte contrária
7655,2198,2026-04-08,Decisão,Escritório
7656,2198,2026-01-22,Decisão,Escritório
7657,2199,2027-02-27,Despacho,Parte contrária
7658,2199,2027-03-11,Despacho,Escritório
7659,2199,2027-01-06,Recurso,Escritório
7660,2200,2026-05-24,Decisão,Escritório
7661,2200,2026-10-13,Recurso,Escritório
7662,2200,2026-11-12,Recurso,Parte contrária
7663,2200,2026-07-22,Recurso,Tribunal
7664,2200,2026-08-07,Despacho,Tribunal
