documento_id;terceiro_id;tipo;validade;status
DO00001;  TE00427  ;NR-10;2026-03-27 00:00:00;Válido
DO00002;  TE02240  ;NR-35;2025-07-28 00:00:00;Válido
DO00003;  TE03200  ;Seguro;2024-12-09 00:00:00;Pendente
DO00004;  TE02653  ;NR-35;2026-01-26 00:00:00;Vencido
DO00005;TE02530;ASO;2026-05-04 00:00:00;Válido
DO00006;TE02172;NR-10;2024-05-30 00:00:00;Vencido
DO00007;TE02253;Integração;2026-04-25 00:00:00;Válido
DO00008;TE00481;Integração;2024-09-30 00:00:00;Válido
DO00009;TE01660;Integração;2025-11-03 00:00:00;Pendente
DO00010;TE02687;Seguro;2024-05-11 00:00:00;Vencido
DO00011;TE00405;Integração;2025-08-16 00:00:00;Válido
DO00012;TE01629;Seguro;2024-06-01 00:00:00;Válido
DO00013;TE01697;Integração;2024-08-14 00:00:00;Válido
DO00014;TE01973;Seguro;2024-08-01 00:00:00;Vencido
DO00015;TE01633;Seguro;2025-12-20 00:00:00;Válido
DO00016;TE02998;Integração;2025-09-06 00:00:00;Vencido
DO00017;TE02138;NR-35;2024-01-29 00:00:00;Válido
DO00018;TE02552;ASO;2025-12-01 00:00:00;Válido
DO00019;TE02764;NR-35;2026-04-30 00:00:00;Válido
DO00020;TE00470;ASO;2024-06-14 00:00:00;Pendente
DO00021;TE02630;Integração;2025-10-18 00:00:00;Válido
DO00022;TE00256;ASO;2026-04-11 00:00:00;Válido
DO00023;TE02958;ASO;2025-12-31 00:00:00;Pendente
DO00024;TE00058;ASO;2026-05-22 00:00:00;Válido
DO00025;TE00405;NR-10;2025-08-22 00:00:00;Válido
DO00026;TE00601;Seguro;2026-05-05 00:00:00;Válido
DO00027;TE01189;Integração;2026-04-29 00:00:00;Pendente
DO00028;TE03111;NR-10;2026-02-18 00:00:00;Válido
DO00029;TE00038;Integração;2024-10-19 00:00:00;Vencido
DO00030;TE01619;Seguro;2025-07-11 00:00:00;Válido
DO00031;TE01833;NR-35;2025-11-09 00:00:00;Válido
DO00032;TE01278;NR-35;2025-11-18 00:00:00;Válido
DO00033;TE02904;Integração;2025-07-26 00:00:00;Válido
DO00034;TE00438;NR-10;2025-06-04 00:00:00;Válido
DO00035;TE02981;Seguro;2025-12-25 00:00:00;Válido
DO00036;TE02451;ASO;2025-05-28 00:00:00;Válido
DO00037;TE03131;Integração;2024-01-22 00:00:00;Válido
DO00038;TE00475;NR-10;2025-01-04 00:00:00;Válido
DO00039;TE00841;ASO;2025-09-23 00:00:00;Pendente
DO00040;TE00831;Seguro;2025-07-12 00:00:00;Válido
DO00041;TE01691;Integração;2026-02-03 00:00:00;Válido
DO00042;TE02944;NR-35;2025-02-15 00:00:00;Válido
DO00043;TE00866;NR-10;2025-01-13 00:00:00;Válido
DO00044;TE01851;Seguro;2026-04-12 00:00:00;Válido
DO00045;TE00299;NR-35;2024-03-12 00:00:00;Válido
DO00046;TE02818;Seguro;2024-11-28 00:00:00;Pendente
DO00047;TE03007;NR-10;2024-10-17 00:00:00;Válido
DO00048;TE01330;NR-10;2024-07-06 00:00:00;Válido
DO00049;TE00604;Integração;2025-12-15 00:00:00;Válido
DO00050;TE01302;Seguro;2024-10-30 00:00:00;Vencido
DO00051;TE03178;NR-10;2025-12-26 00:00:00;Válido
DO00052;TE02297;NR-10;2024-11-20 00:00:00;Válido
DO00053;TE01895;ASO;2026-05-17 00:00:00;Válido
DO00054;TE00855;Seguro;2024-03-11 00:00:00;Válido
DO00055;TE02351;Seguro;2024-12-28 00:00:00;Válido
DO00056;TE02826;Seguro;2024-01-22 00:00:00;Válido
DO00057;TE02616;Integração;2025-01-28 00:00:00;Válido
DO00058;TE01629;Seguro;2024-08-28 00:00:00;Válido
DO00059;TE00561;Seguro;2025-12-01 00:00:00;Válido
DO00060;TE01276;NR-35;2025-09-11 00:00:00;Pendente
DO00061;TE00017;NR-10;2026-01-25 00:00:00;Vencido
DO00062;TE00634;ASO;2026-06-09 00:00:00;Válido
DO00063;TE03125;ASO;2026-03-29 00:00:00;Válido
DO00064;TE01880;Seguro;2024-12-10 00:00:00;Válido
DO00065;TE02803;Seguro;2024-07-10 00:00:00;Válido
DO00066;TE00703;NR-10;2024-05-18 00:00:00;Válido
DO00067;TE02083;Integração;2024-06-22 00:00:00;Válido
DO00068;TE00915;NR-35;2024-05-30 00:00:00;Pendente
DO00069;TE00857;NR-10;2024-11-16 00:00:00;Válido
DO00070;TE02935;NR-35;2025-07-03 00:00:00;Válido
DO00071;TE02739;ASO;2025-05-19 00:00:00;Válido
DO00072;TE00217;Seguro;2024-06-19 00:00:00;Válido
DO00073;TE00020;Integração;2025-10-07 00:00:00;Válido
DO00074;TE02487;NR-10;2026-01-18 00:00:00;Válido
DO00075;TE01734;NR-35;2025-12-10 00:00:00;Válido
DO00076;TE01654;NR-10;2024-10-16 00:00:00;Vencido
DO00077;TE02986;NR-35;2024-02-01 00:00:00;Válido
DO00078;TE01823;Integração;2024-09-09 00:00:00;Válido
DO00079;TE00902;NR-10;2026-03-16 00:00:00;Válido
DO00080;TE01405;Seguro;2025-11-20 00:00:00;Vencido
DO00081;TE01344;Seguro;2025-11-09 00:00:00;Válido
DO00082;TE02680;Seguro;2026-05-25 00:00:00;Pendente
DO00083;TE01057;NR-10;2025-07-12 00:00:00;Válido
DO00084;TE00781;Integração;2024-03-20 00:00:00;Válido
DO00085;TE02291;Integração;2024-01-20 00:00:00;Vencido
DO00086;TE00870;NR-10;2024-03-19 00:00:00;Válido
DO00087;TE00798;ASO;2025-08-24 00:00:00;Válido
DO00088;TE02038;NR-35;2024-04-14 00:00:00;Pendente
DO00089;TE02504;ASO;2024-01-16 00:00:00;Pendente
DO00090;TE00186;Seguro;2026-03-30 00:00:00;Válido
DO00091;TE01636;Seguro;2026-02-03 00:00:00;Válido
DO00092;TE00564;ASO;2025-02-03 00:00:00;Válido
DO00093;TE03192;NR-10;2026-01-30 00:00:00;Pendente
DO00094;TE01496;Integração;2024-03-10 00:00:00;Pendente
DO00095;TE01564;Integração;2024-10-02 00:00:00;Válido
DO00096;TE00829;NR-35;2025-04-20 00:00:00;Pendente
DO00097;TE01966;ASO;2026-03-07 00:00:00;Válido
DO00098;TE00154;ASO;2024-05-14 00:00:00;Válido
DO00099;TE02669;ASO;2024-12-20 00:00:00;Válido
DO00100;TE01630;Integração;2026-05-25 00:00:00;Vencido
DO00101;TE01548;NR-10;2024-08-26 00:00:00;Válido
DO00102;TE02643;Integração;2024-05-13 00:00:00;Válido
DO00103;TE01516;NR-10;2025-10-14 00:00:00;Válido
DO00104;TE03170;ASO;2025-11-21 00:00:00;Válido
DO00105;TE02125;Seguro;2026-03-11 00:00:00;Válido
DO00106;TE01431;NR-10;2026-02-20 00:00:00;Válido
DO00107;TE03200;NR-10;2025-05-02 00:00:00;Vencido
DO00108;TE01314;NR-10;2025-09-03 00:00:00;Válido
DO00109;TE00869;Seguro;2024-03-18 00:00:00;Válido
DO00110;TE02230;ASO;2024-06-02 00:00:00;Pendente
DO00111;TE02484;Seguro;2026-02-28 00:00:00;Vencido
DO00112;TE02537;NR-10;2025-11-02 00:00:00;Válido
DO00113;TE01796;NR-35;2024-07-09 00:00:00;Válido
DO00114;TE02678;ASO;2025-09-01 00:00:00;Válido
DO00115;TE01713;Seguro;2024-06-18 00:00:00;Vencido
DO00116;TE01043;NR-10;2026-07-26 00:00:00;Válido
DO00117;TE02284;ASO;2026-04-19 00:00:00;Vencido
DO00118;TE01770;Seguro;2026-04-16 00:00:00;Válido
DO00119;TE00728;ASO;2026-05-20 00:00:00;Pendente
DO00120;TE01055;NR-10;2024-05-12 00:00:00;Vencido
DO00121;TE00906;Integração;2026-01-19 00:00:00;Válido
DO00122;TE00649;NR-10;2024-01-30 00:00:00;Válido
DO00123;TE00993;Integração;2026-04-23 00:00:00;Válido
DO00124;TE02486;NR-35;2025-06-06 00:00:00;Válido
DO00125;TE02325;Integração;2024-04-22 00:00:00;Válido
DO00126;TE00302;ASO;2025-05-05 00:00:00;Válido
DO00127;TE01918;Seguro;2026-03-09 00:00:00;Vencido
DO00128;TE02463;NR-35;2024-10-06 00:00:00;Válido
DO00129;TE02891;NR-10;2026-04-24 00:00:00;Válido
DO00130;TE02193;NR-35;2025-10-13 00:00:00;Válido
DO00131;TE01513;Seguro;2025-10-13 00:00:00;Pendente
DO00132;TE02675;NR-10;2025-06-22 00:00:00;Válido
DO00133;TE02787;Integração;2025-12-09 00:00:00;Válido
DO00134;TE01155;ASO;2024-06-06 00:00:00;Válido
DO00135;TE01052;Integração;2025-01-05 00:00:00;Válido
DO00136;TE01121;ASO;2025-07-07 00:00:00;Válido
DO00137;TE02076;NR-35;2025-04-07 00:00:00;Vencido
DO00138;TE03011;Integração;2025-03-02 00:00:00;Válido
DO00139;TE01719;ASO;2026-03-09 00:00:00;Válido
DO00140;TE03003;Seguro;2024-02-04 00:00:00;Válido
DO00141;TE02555;NR-35;2025-09-08 00:00:00;Válido
DO00142;TE01506;Seguro;2024-05-29 00:00:00;Válido
DO00143;TE02265;Seguro;2025-02-08 00:00:00;Válido
DO00144;TE02885;NR-35;2026-05-23 00:00:00;Vencido
DO00145;TE02948;ASO;2024-07-20 00:00:00;Vencido
DO00146;TE00525;ASO;2024-12-19 00:00:00;Válido
DO00147;TE00230;Seguro;2025-10-28 00:00:00;Válido
DO00148;TE01312;NR-10;2025-01-13 00:00:00;Válido
DO00149;TE01546;ASO;2025-01-18 00:00:00;Válido
DO00150;TE02187;ASO;2026-04-26 00:00:00;Válido
DO00151;TE02619;ASO;2025-08-19 00:00:00;Válido
DO00152;TE01885;Integração;2025-12-16 00:00:00;Válido
DO00153;TE00477;ASO;2024-02-05 00:00:00;Válido
DO00154;TE01873;NR-10;2024-07-25 00:00:00;Válido
DO00155;TE00676;Integração;2024-04-13 00:00:00;Válido
DO00156;TE01752;Seguro;2025-11-17 00:00:00;Pendente
DO00157;TE02979;ASO;2026-01-18 00:00:00;Válido
DO00158;TE01574;Seguro;2025-09-03 00:00:00;Válido
DO00159;TE01613;NR-35;2025-01-06 00:00:00;Válido
DO00160;TE00525;NR-35;2026-01-25 00:00:00;Pendente
DO00161;TE02153;NR-10;2025-02-22 00:00:00;Válido
DO00162;TE00593;NR-10;2025-03-23 00:00:00;Válido
DO00163;TE02801;Seguro;2025-05-17 00:00:00;Válido
DO00164;TE00302;NR-10;2024-10-04 00:00:00;Válido
DO00165;TE01395;Seguro;2024-10-03 00:00:00;Válido
DO00166;TE02565;Integração;2025-01-19 00:00:00;Válido
DO00167;TE01273;NR-10;2025-04-14 00:00:00;Válido
DO00168;TE01544;Seguro;2026-01-13 00:00:00;Válido
DO00169;TE02842;Integração;2026-06-11 00:00:00;Válido
DO00170;TE01107;NR-35;2024-07-29 00:00:00;Válido
DO00171;TE02382;NR-10;2025-02-23 00:00:00;Válido
DO00172;TE01492;Seguro;2025-10-06 00:00:00;Válido
DO00173;TE02767;ASO;2026-02-20 00:00:00;Válido
DO00174;TE02730;Integração;2025-01-26 00:00:00;Válido
DO00175;TE02286;Integração;2025-10-21 00:00:00;Válido
DO00176;TE01465;NR-35;2024-08-16 00:00:00;Pendente
DO00177;TE01213;NR-35;2025-12-28 00:00:00;Válido
DO00178;TE02147;Integração;2025-04-07 00:00:00;Válido
DO00179;TE01839;NR-10;2026-03-08 00:00:00;Válido
DO00180;TE01787;Seguro;2024-06-16 00:00:00;Pendente
DO00181;TE02096;NR-35;2024-05-14 00:00:00;Válido
DO00182;TE00046;ASO;2024-12-27 00:00:00;Vencido
DO00183;TE01167;ASO;2024-04-26 00:00:00;Válido
DO00184;TE00422;NR-10;2026-03-16 00:00:00;Válido
DO00185;TE02913;Seguro;2026-07-12 00:00:00;Válido
DO00186;TE00367;NR-10;2024-04-04 00:00:00;Válido
DO00187;TE02410;Seguro;2024-11-17 00:00:00;Válido
DO00188;TE02319;NR-35;2025-06-09 00:00:00;Válido
DO00189;TE00813;NR-10;2024-01-31 00:00:00;Válido
DO00190;TE00709;ASO;2026-06-25 00:00:00;Vencido
DO00191;TE02138;NR-35;2024-04-03 00:00:00;Válido
DO00192;TE02502;NR-10;2025-07-12 00:00:00;Válido
DO00193;TE01940;NR-10;2024-06-05 00:00:00;Vencido
DO00194;TE02741;NR-35;2025-11-07 00:00:00;Válido
DO00195;TE00661;Seguro;2025-01-05 00:00:00;Válido
DO00196;TE02546;NR-10;2024-11-08 00:00:00;Válido
DO00197;TE01022;Seguro;2024-03-25 00:00:00;Válido
DO00198;TE02938;NR-10;2025-10-23 00:00:00;Válido
DO00199;TE02494;NR-35;2025-05-25 00:00:00;Vencido
DO00200;TE02986;NR-10;2024-10-03 00:00:00;Válido
DO00201;TE02096;NR-35;2025-02-11 00:00:00;Válido
DO00202;TE02456;NR-35;2024-04-19 00:00:00;Vencido
DO00203;TE01762;NR-10;2026-06-04 00:00:00;Válido
DO00204;TE00657;NR-10;2024-01-19 00:00:00;Válido
DO00205;TE01979;NR-10;2025-12-19 00:00:00;Válido
DO00206;TE00997;ASO;2026-02-15 00:00:00;Válido
DO00207;TE01362;Seguro;2025-04-07 00:00:00;Válido
DO00208;TE00383;NR-35;2026-01-03 00:00:00;Vencido
DO00209;TE01618;ASO;2024-03-21 00:00:00;Válido
DO00210;TE02817;NR-35;2024-04-27 00:00:00;Válido
DO00211;TE01015;NR-10;2026-06-13 00:00:00;Válido
DO00212;TE02297;ASO;2025-09-19 00:00:00;Pendente
DO00213;TE00806;NR-10;2025-10-23 00:00:00;Válido
DO00214;TE03036;Integração;2024-02-24 00:00:00;Válido
DO00215;TE02252;Integração;2026-02-07 00:00:00;Válido
DO00216;TE00218;NR-10;2026-04-17 00:00:00;Válido
DO00217;TE01638;Seguro;2026-04-29 00:00:00;Válido
DO00218;TE02077;ASO;2024-01-19 00:00:00;Válido
DO00219;TE01006;ASO;2026-07-16 00:00:00;Válido
DO00220;TE02683;NR-10;2024-03-15 00:00:00;Válido
DO00221;TE02425;NR-10;2025-11-26 00:00:00;Válido
DO00222;TE00130;NR-10;2025-04-09 00:00:00;Válido
DO00223;TE00316;NR-10;2024-04-23 00:00:00;Válido
DO00224;TE01178;ASO;2025-07-13 00:00:00;Válido
DO00225;TE01666;ASO;2024-12-29 00:00:00;Válido
DO00226;TE01201;Integração;2024-02-28 00:00:00;Vencido
DO00227;TE01942;NR-35;2026-07-08 00:00:00;Pendente
DO00228;TE02411;NR-10;2025-07-17 00:00:00;Válido
DO00229;TE01010;ASO;2025-01-28 00:00:00;Válido
DO00230;TE01194;NR-10;2024-09-13 00:00:00;Válido
DO00231;TE02856;Integração;2024-07-06 00:00:00;Válido
DO00232;TE02360;Integração;2025-11-08 00:00:00;Válido
DO00233;TE01012;ASO;2025-02-04 00:00:00;Válido
DO00234;TE00284;NR-35;2025-05-10 00:00:00;Válido
DO00235;TE01112;ASO;2025-01-14 00:00:00;Válido
DO00236;TE00716;Seguro;2024-03-27 00:00:00;Válido
DO00237;TE00260;NR-10;2025-12-05 00:00:00;Válido
DO00238;TE02809;ASO;2024-02-25 00:00:00;Válido
DO00239;TE00675;NR-35;2024-04-30 00:00:00;Pendente
DO00240;TE02371;NR-10;2025-05-12 00:00:00;Válido
DO00241;TE00141;NR-35;2025-10-04 00:00:00;Pendente
DO00242;TE03194;Seguro;2025-07-18 00:00:00;Válido
DO00243;TE03108;Seguro;2026-06-07 00:00:00;Vencido
DO00244;TE01639;NR-10;2024-01-31 00:00:00;Válido
DO00245;TE01443;Seguro;2025-05-19 00:00:00;Válido
DO00246;TE01195;Seguro;2026-06-29 00:00:00;Vencido
DO00247;TE02220;Seguro;2025-09-10 00:00:00;Válido
DO00248;TE01170;Seguro;2026-01-04 00:00:00;Pendente
DO00249;TE02888;NR-35;2024-06-22 00:00:00;Pendente
DO00250;TE01771;Seguro;2024-04-04 00:00:00;Válido
DO00251;TE02989;NR-35;2024-03-09 00:00:00;Válido
DO00252;TE00428;NR-35;2024-10-18 00:00:00;Válido
DO00253;TE01805;ASO;2026-04-03 00:00:00;Válido
DO00254;TE00456;Integração;2026-04-29 00:00:00;Pendente
DO00255;TE02109;NR-10;2026-06-12 00:00:00;Válido
DO00256;TE02982;NR-10;2025-03-15 00:00:00;Válido
DO00257;TE00706;NR-10;2025-05-04 00:00:00;Válido
DO00258;TE00152;Seguro;2025-07-09 00:00:00;Válido
DO00259;TE00270;Integração;2024-09-25 00:00:00;Válido
DO00260;TE00098;NR-10;2025-04-19 00:00:00;Pendente
DO00261;TE00804;Integração;2025-12-03 00:00:00;Vencido
DO00262;TE02667;ASO;2024-02-04 00:00:00;Válido
DO00263;TE01027;NR-10;2024-09-28 00:00:00;Vencido
DO00264;TE02341;Integração;2024-05-03 00:00:00;Pendente
DO00265;TE00560;NR-35;2025-12-21 00:00:00;Válido
DO00266;TE02693;Seguro;2024-08-09 00:00:00;Válido
DO00267;TE01270;Seguro;2025-01-17 00:00:00;Válido
DO00268;TE02722;NR-35;2026-03-12 00:00:00;Vencido
DO00269;TE02807;ASO;2024-05-16 00:00:00;Válido
DO00270;TE00681;Integração;2026-04-02 00:00:00;Vencido
DO00271;TE01112;Seguro;2024-08-09 00:00:00;Válido
DO00272;TE00182;ASO;2024-05-08 00:00:00;Válido
DO00273;TE01672;Seguro;2024-10-14 00:00:00;Válido
DO00274;TE01918;Seguro;2025-09-16 00:00:00;Válido
DO00275;TE03011;Integração;2025-04-30 00:00:00;Válido
DO00276;TE00843;NR-10;2024-03-23 00:00:00;Válido
DO00277;TE00205;Integração;2024-06-03 00:00:00;Válido
DO00278;TE00132;NR-35;2025-08-21 00:00:00;Válido
DO00279;TE02707;ASO;2026-06-17 00:00:00;Válido
DO00280;TE00767;NR-10;2025-10-09 00:00:00;Vencido
DO00281;TE01290;Seguro;2025-12-17 00:00:00;Válido
DO00282;TE00040;Seguro;2025-08-25 00:00:00;Válido
DO00283;TE02516;ASO;2025-08-05 00:00:00;Válido
DO00284;TE00355;Seguro;2024-12-01 00:00:00;Vencido
DO00285;TE03015;Seguro;2026-06-12 00:00:00;Vencido
DO00286;TE00323;Integração;2024-06-05 00:00:00;Válido
DO00287;TE02166;Integração;2026-03-07 00:00:00;Válido
DO00288;TE02584;NR-35;2024-10-22 00:00:00;Pendente
DO00289;TE01740;NR-35;2025-08-26 00:00:00;Válido
DO00290;TE00952;NR-10;2024-09-04 00:00:00;Válido
DO00291;TE03137;Integração;2025-07-03 00:00:00;Válido
DO00292;TE02991;Integração;2024-07-26 00:00:00;Válido
DO00293;TE00686;NR-10;2026-07-16 00:00:00;Válido
DO00294;TE00638;NR-10;2025-09-19 00:00:00;Vencido
DO00295;TE00949;ASO;2024-08-25 00:00:00;Válido
DO00296;TE02645;Seguro;2026-07-04 00:00:00;Vencido
DO00297;TE00059;Seguro;2025-11-26 00:00:00;Vencido
DO00298;TE00116;NR-10;2024-05-11 00:00:00;Válido
DO00299;TE02309;Integração;2024-07-26 00:00:00;Pendente
DO00300;TE00128;ASO;2025-12-08 00:00:00;Válido
DO00301;TE03057;Seguro;2025-07-21 00:00:00;Pendente
DO00302;TE01630;NR-10;2026-06-03 00:00:00;Válido
DO00303;TE00705;ASO;2025-12-21 00:00:00;Válido
DO00304;TE01202;NR-10;2024-03-19 00:00:00;Válido
DO00305;TE01069;Seguro;2024-01-23 00:00:00;Válido
DO00306;TE00040;ASO;2026-05-26 00:00:00;Pendente
DO00307;TE01899;NR-35;2026-02-24 00:00:00;Válido
DO00308;TE02863;Integração;2024-06-20 00:00:00;Válido
DO00309;TE01480;NR-35;2026-04-14 00:00:00;Válido
DO00310;TE00276;NR-35;2024-12-04 00:00:00;Pendente
DO00311;TE00856;NR-10;2024-03-11 00:00:00;Válido
DO00312;TE00688;NR-10;2025-01-13 00:00:00;Válido
DO00313;TE01798;Integração;2026-04-04 00:00:00;Válido
DO00314;TE00121;NR-10;2024-04-25 00:00:00;Válido
DO00315;TE00069;NR-35;2025-02-20 00:00:00;Válido
DO00316;TE01148;ASO;2025-02-27 00:00:00;Válido
DO00317;TE00855;ASO;2025-05-12 00:00:00;Válido
DO00318;TE02928;Integração;2026-05-13 00:00:00;Vencido
DO00319;TE01845;Seguro;2024-06-25 00:00:00;Válido
DO00320;TE02387;NR-35;2024-07-03 00:00:00;Válido
DO00321;TE01586;NR-10;2024-07-04 00:00:00;Válido
DO00322;TE01388;Seguro;2024-04-06 00:00:00;Válido
DO00323;TE02334;Seguro;2024-06-29 00:00:00;Válido
DO00324;TE00250;NR-35;2026-04-19 00:00:00;Válido
DO00325;TE00324;Integração;2025-05-07 00:00:00;Válido
DO00326;TE00205;Seguro;2024-08-30 00:00:00;Válido
DO00327;TE00615;Seguro;2025-11-23 00:00:00;Válido
DO00328;TE00872;ASO;2025-01-18 00:00:00;Válido
DO00329;TE01905;Integração;2024-03-20 00:00:00;Vencido
DO00330;TE01244;ASO;2025-03-10 00:00:00;Válido
DO00331;TE00784;Integração;2024-04-17 00:00:00;Válido
DO00332;TE01456;NR-35;2024-11-07 00:00:00;Vencido
DO00333;TE01539;NR-10;2025-11-25 00:00:00;Válido
DO00334;TE02385;Integração;2026-05-22 00:00:00;Válido
DO00335;TE02786;Seguro;2024-03-26 00:00:00;Válido
DO00336;TE00794;Integração;2025-05-05 00:00:00;Válido
DO00337;TE00906;Integração;2025-09-10 00:00:00;Válido
DO00338;TE01251;Integração;2025-02-10 00:00:00;Válido
DO00339;TE02861;NR-35;2025-06-07 00:00:00;Válido
DO00340;TE02395;ASO;2025-10-31 00:00:00;Válido
DO00341;TE02554;Seguro;2025-11-11 00:00:00;Válido
DO00342;TE03186;NR-10;2024-02-16 00:00:00;Válido
DO00343;TE01626;NR-10;2026-07-09 00:00:00;Válido
DO00344;TE02842;Seguro;2025-10-04 00:00:00;Válido
DO00345;TE02236;NR-35;2025-11-30 00:00:00;Vencido
DO00346;TE00457;Seguro;2024-08-28 00:00:00;Válido
DO00347;TE01962;NR-10;2024-06-12 00:00:00;Vencido
DO00348;TE03162;Seguro;2026-05-20 00:00:00;Válido
DO00349;TE00533;NR-35;2024-10-26 00:00:00;Válido
DO00350;TE00035;Integração;2024-04-19 00:00:00;Vencido
DO00351;TE00905;ASO;2024-03-11 00:00:00;Válido
DO00352;TE00156;ASO;2024-11-25 00:00:00;Válido
DO00353;TE03042;NR-10;2025-04-11 00:00:00;Válido
DO00354;TE03150;Seguro;2026-02-09 00:00:00;Válido
DO00355;TE01767;NR-10;2025-06-28 00:00:00;Válido
DO00356;TE00724;Seguro;2025-01-10 00:00:00;Válido
DO00357;TE02478;Integração;2026-07-06 00:00:00;Válido
DO00358;TE02538;NR-35;2024-05-17 00:00:00;Válido
DO00359;TE01969;NR-35;2026-05-08 00:00:00;Válido
DO00360;TE02725;Integração;2024-12-26 00:00:00;Válido
DO00361;TE01080;ASO;2026-03-19 00:00:00;Válido
DO00362;TE01214;NR-35;2025-01-28 00:00:00;Válido
DO00363;TE01228;NR-10;2025-09-22 00:00:00;Válido
DO00364;TE02587;Integração;2026-02-20 00:00:00;Válido
DO00365;TE01273;NR-35;2024-04-14 00:00:00;Válido
DO00366;TE02237;Integração;2025-09-22 00:00:00;Válido
DO00367;TE02993;NR-35;2026-05-14 00:00:00;Válido
DO00368;TE01066;Integração;2026-01-21 00:00:00;Válido
DO00369;TE01916;NR-10;2025-11-01 00:00:00;Vencido
DO00370;TE01703;ASO;2025-01-08 00:00:00;Válido
DO00371;TE02267;NR-35;2026-01-14 00:00:00;Pendente
DO00372;TE02991;Seguro;2025-07-23 00:00:00;Válido
DO00373;TE00624;Integração;2025-01-08 00:00:00;Pendente
DO00374;TE02478;ASO;2024-01-20 00:00:00;Válido
DO00375;TE00904;ASO;2024-05-18 00:00:00;Válido
DO00376;TE00733;Integração;2026-01-21 00:00:00;Vencido
DO00377;TE02661;Seguro;2025-07-22 00:00:00;Válido
DO00378;TE03192;Integração;2024-03-16 00:00:00;Válido
DO00379;TE01159;NR-35;2024-01-23 00:00:00;Válido
DO00380;TE00388;NR-10;2025-01-16 00:00:00;Válido
DO00381;TE01059;NR-10;2024-11-18 00:00:00;Válido
DO00382;TE01755;NR-35;2025-11-01 00:00:00;Válido
DO00383;TE02178;Integração;2024-01-24 00:00:00;Válido
DO00384;TE01503;NR-35;2026-06-02 00:00:00;Válido
DO00385;TE00814;ASO;2024-06-05 00:00:00;Válido
DO00386;TE00503;NR-10;2025-08-02 00:00:00;Vencido
DO00387;TE02594;ASO;2025-12-03 00:00:00;Válido
DO00388;TE01244;Integração;2025-02-25 00:00:00;Pendente
DO00389;TE02603;Integração;2025-11-23 00:00:00;Válido
DO00390;TE02873;Seguro;2025-07-06 00:00:00;Válido
DO00391;TE01618;ASO;2025-06-17 00:00:00;Válido
DO00392;TE00312;NR-10;2025-07-20 00:00:00;Válido
DO00393;TE00253;NR-35;2024-12-12 00:00:00;Válido
DO00394;TE01089;ASO;2025-12-29 00:00:00;Válido
DO00395;TE02547;NR-35;2025-04-01 00:00:00;Válido
DO00396;TE01584;NR-35;2024-05-12 00:00:00;Válido
DO00397;TE01616;Seguro;2026-04-05 00:00:00;Pendente
DO00398;TE00597;NR-35;2026-02-20 00:00:00;Válido
DO00399;TE00609;NR-10;2024-11-07 00:00:00;Válido
DO00400;TE00489;Seguro;2026-04-21 00:00:00;Válido
DO00401;TE02681;ASO;2026-04-30 00:00:00;Válido
DO00402;TE00423;Seguro;2026-03-10 00:00:00;Válido
DO00403;TE02007;NR-35;2024-11-05 00:00:00;Válido
DO00404;TE02170;NR-35;2025-11-04 00:00:00;Válido
DO00405;TE00682;Integração;2024-07-12 00:00:00;Válido
DO00406;TE01178;NR-10;2024-05-27 00:00:00;Válido
DO00407;TE01672;NR-10;2025-07-30 00:00:00;Válido
DO00408;TE00441;NR-35;2024-07-24 00:00:00;Válido
DO00409;TE00401;NR-35;2024-03-10 00:00:00;Válido
DO00410;TE02462;NR-10;2025-09-21 00:00:00;Válido
DO00411;TE03149;NR-35;2024-04-02 00:00:00;Válido
DO00412;TE01774;Integração;2025-11-27 00:00:00;Válido
DO00413;TE00798;NR-35;2026-04-11 00:00:00;Válido
DO00414;TE01328;Seguro;2025-10-30 00:00:00;Válido
DO00415;TE01472;NR-10;2025-08-23 00:00:00;Pendente
DO00416;TE01931;Integração;2024-04-02 00:00:00;Vencido
DO00417;TE00680;NR-35;2025-09-21 00:00:00;Válido
DO00418;TE01817;NR-10;2024-05-10 00:00:00;Válido
DO00419;TE01022;NR-10;2026-04-19 00:00:00;Válido
DO00420;TE02982;Integração;2025-03-20 00:00:00;Válido
DO00421;TE02038;ASO;2024-08-22 00:00:00;Válido
DO00422;TE00504;NR-35;2025-05-22 00:00:00;Válido
DO00423;TE02703;Seguro;2024-10-26 00:00:00;Vencido
DO00424;TE01947;Seguro;2024-12-30 00:00:00;Válido
DO00425;TE02818;Integração;2026-03-28 00:00:00;Vencido
DO00426;TE01874;NR-35;2024-03-01 00:00:00;Pendente
DO00427;TE00390;NR-10;2025-01-18 00:00:00;Pendente
DO00428;TE01804;ASO;2024-11-29 00:00:00;Válido
DO00429;TE03091;NR-35;2025-10-22 00:00:00;Vencido
DO00430;TE02002;NR-10;2024-11-20 00:00:00;Válido
DO00431;TE00163;NR-10;2025-05-20 00:00:00;Válido
DO00432;TE02379;NR-10;2025-02-05 00:00:00;Válido
DO00433;TE02086;Integração;2025-04-09 00:00:00;Válido
DO00434;TE00470;NR-35;2025-05-20 00:00:00;Válido
DO00435;TE00693;Integração;2025-03-19 00:00:00;Válido
DO00436;TE02613;Integração;2025-08-01 00:00:00;Válido
DO00437;TE01461;Seguro;2025-09-17 00:00:00;Vencido
DO00438;TE00309;Seguro;2025-07-25 00:00:00;Válido
DO00439;TE02295;NR-35;2024-01-08 00:00:00;Válido
DO00440;TE01941;Seguro;2025-10-29 00:00:00;Válido
DO00441;TE02591;ASO;2025-02-26 00:00:00;Válido
DO00442;TE01302;ASO;2026-04-20 00:00:00;Válido
DO00443;TE00050;Seguro;2024-11-15 00:00:00;Vencido
DO00444;TE03121;Seguro;2026-06-06 00:00:00;Válido
DO00445;TE01806;NR-10;2026-04-23 00:00:00;Válido
DO00446;TE00614;NR-10;2026-01-03 00:00:00;Válido
DO00447;TE02366;ASO;2025-05-03 00:00:00;Pendente
DO00448;TE02898;ASO;2024-12-20 00:00:00;Válido
DO00449;TE02523;NR-10;2025-11-05 00:00:00;Válido
DO00450;TE02716;Integração;2025-09-21 00:00:00;Válido
DO00451;TE02292;NR-10;2024-10-05 00:00:00;Válido
DO00452;TE00937;NR-35;2026-05-25 00:00:00;Válido
DO00453;TE01231;Seguro;2024-10-14 00:00:00;Válido
DO00454;TE02913;Integração;2026-01-14 00:00:00;Válido
DO00455;TE01860;Integração;2024-06-05 00:00:00;Válido
DO00456;TE00211;Integração;2025-06-28 00:00:00;Válido
DO00457;TE02147;Seguro;2025-04-03 00:00:00;Válido
DO00458;TE01837;NR-10;2025-01-31 00:00:00;Válido
DO00459;TE02769;NR-35;2024-05-10 00:00:00;Válido
DO00460;TE02228;NR-35;2026-05-16 00:00:00;Pendente
DO00461;TE03162;Integração;2024-01-07 00:00:00;Válido
DO00462;TE01463;Integração;2024-02-17 00:00:00;Válido
DO00463;TE00847;Seguro;2025-11-23 00:00:00;Válido
DO00464;TE01983;Seguro;2026-02-14 00:00:00;Válido
DO00465;TE01808;Seguro;2024-08-04 00:00:00;Válido
DO00466;TE02048;NR-10;2026-05-26 00:00:00;Vencido
DO00467;TE00869;NR-35;2025-10-23 00:00:00;Válido
DO00468;TE02676;NR-35;2026-07-24 00:00:00;Válido
DO00469;TE02788;Seguro;2024-08-07 00:00:00;Pendente
DO00470;TE01533;NR-10;2024-11-11 00:00:00;Válido
DO00471;TE01775;Seguro;2025-11-10 00:00:00;Válido
DO00472;TE00674;Seguro;2025-06-30 00:00:00;Vencido
DO00473;TE03185;NR-35;2024-05-25 00:00:00;Válido
DO00474;TE01001;NR-35;2025-08-18 00:00:00;Válido
DO00475;TE01746;NR-35;2025-08-28 00:00:00;Válido
DO00476;TE03118;NR-35;2025-08-09 00:00:00;Válido
DO00477;TE02221;Integração;2025-08-04 00:00:00;Vencido
DO00478;TE00832;Seguro;2024-05-17 00:00:00;Válido
DO00479;TE01999;NR-10;2024-11-11 00:00:00;Vencido
DO00480;TE02048;NR-35;2026-06-03 00:00:00;Vencido
DO00481;TE02323;NR-10;2025-05-26 00:00:00;Válido
DO00482;TE01748;ASO;2024-07-25 00:00:00;Válido
DO00483;TE02349;NR-35;2025-10-16 00:00:00;Vencido
DO00484;TE00709;NR-35;2024-02-04 00:00:00;Vencido
DO00485;TE02881;Integração;2026-07-20 00:00:00;Válido
DO00486;TE00041;ASO;2024-03-18 00:00:00;Válido
DO00487;TE01342;ASO;2024-10-12 00:00:00;Vencido
DO00488;TE01859;Integração;2026-02-16 00:00:00;Válido
DO00489;TE01822;ASO;2024-04-20 00:00:00;Válido
DO00490;TE02553;ASO;2026-04-22 00:00:00;Válido
DO00491;TE00625;Integração;2024-11-30 00:00:00;Válido
DO00492;TE01502;NR-10;2024-10-27 00:00:00;Válido
DO00493;TE02125;ASO;2024-01-19 00:00:00;Válido
DO00494;TE00810;Integração;2024-08-12 00:00:00;Válido
DO00495;TE02122;ASO;2024-07-29 00:00:00;Pendente
DO00496;TE03082;Integração;2025-08-22 00:00:00;Válido
DO00497;TE02804;NR-10;2025-04-17 00:00:00;Válido
DO00498;TE01170;ASO;2025-11-23 00:00:00;Válido
DO00499;TE01714;Integração;2024-11-24 00:00:00;Válido
DO00500;TE02548;NR-35;2025-04-10 00:00:00;Válido
DO00501;TE01914;Integração;2025-11-07 00:00:00;Válido
DO00502;TE02168;Seguro;2024-10-11 00:00:00;Vencido
DO00503;TE00191;ASO;2024-04-30 00:00:00;Válido
DO00504;TE02185;Seguro;2025-11-30 00:00:00;Vencido
DO00505;TE00079;ASO;2025-01-31 00:00:00;Vencido
DO00506;TE01398;Seguro;2025-10-09 00:00:00;Pendente
DO00507;TE01263;NR-10;2025-03-03 00:00:00;Válido
DO00508;TE00651;NR-10;2025-08-11 00:00:00;Válido
DO00509;TE03027;ASO;2026-05-31 00:00:00;Válido
DO00510;TE02127;ASO;2024-02-05 00:00:00;Válido
DO00511;TE00292;Seguro;2025-08-21 00:00:00;Válido
DO00512;TE03131;NR-35;2026-04-21 00:00:00;Válido
DO00513;TE00812;NR-10;2024-10-30 00:00:00;Válido
DO00514;TE00662;NR-10;2026-01-29 00:00:00;Válido
DO00515;TE00532;NR-10;2026-01-18 00:00:00;Válido
DO00516;TE02205;NR-35;2024-04-14 00:00:00;Válido
DO00517;TE00242;NR-10;2024-11-01 00:00:00;Válido
DO00518;TE02260;Seguro;2024-09-09 00:00:00;Válido
DO00519;TE02732;Integração;2026-03-02 00:00:00;Vencido
DO00520;TE00514;ASO;2026-01-12 00:00:00;Válido
DO00521;TE02970;NR-10;2025-10-09 00:00:00;Válido
DO00522;TE02329;NR-35;2025-08-21 00:00:00;Válido
DO00523;TE00171;Integração;2025-02-12 00:00:00;Válido
DO00524;TE02159;NR-10;2024-09-17 00:00:00;Válido
DO00525;TE00794;Seguro;2025-03-08 00:00:00;Válido
DO00526;TE00839;ASO;2024-11-01 00:00:00;Pendente
DO00527;TE02111;Seguro;2026-02-22 00:00:00;Válido
DO00528;TE02157;NR-10;2025-08-13 00:00:00;Válido
DO00529;TE02004;ASO;2024-04-30 00:00:00;Válido
DO00530;TE02668;NR-10;2025-01-22 00:00:00;Pendente
DO00531;TE02106;Seguro;2025-01-31 00:00:00;Pendente
DO00532;TE01592;NR-35;2026-03-10 00:00:00;Válido
DO00533;TE02880;Integração;2025-05-18 00:00:00;Válido
DO00534;TE00931;Seguro;2024-01-26 00:00:00;Válido
DO00535;TE00841;NR-10;2026-07-12 00:00:00;Válido
DO00536;TE00963;Seguro;2024-12-18 00:00:00;Válido
DO00537;TE00759;Seguro;2025-04-19 00:00:00;Válido
DO00538;TE00038;Integração;2025-04-11 00:00:00;Válido
DO00539;TE00554;ASO;2025-03-27 00:00:00;Válido
DO00540;TE01120;NR-10;2025-02-12 00:00:00;Válido
DO00541;TE00484;NR-35;2025-04-23 00:00:00;Válido
DO00542;TE01980;Seguro;2026-03-12 00:00:00;Válido
DO00543;TE01017;NR-35;2025-02-02 00:00:00;Válido
DO00544;TE01876;ASO;2024-03-18 00:00:00;Vencido
DO00545;TE00135;NR-35;2025-06-24 00:00:00;Vencido
DO00546;TE00118;Seguro;2025-07-02 00:00:00;Válido
DO00547;TE01064;Seguro;2025-09-21 00:00:00;Válido
DO00548;TE02519;NR-10;2024-02-22 00:00:00;Válido
DO00549;TE00328;Integração;2024-09-13 00:00:00;Válido
DO00550;TE00985;Seguro;2024-09-23 00:00:00;Válido
DO00551;TE00589;ASO;2024-07-20 00:00:00;Válido
DO00552;TE00431;Seguro;2024-04-29 00:00:00;Válido
DO00553;TE02504;NR-10;2026-06-25 00:00:00;Pendente
DO00554;TE02754;ASO;2025-02-07 00:00:00;Válido
DO00555;TE03051;Seguro;2025-12-15 00:00:00;Pendente
DO00556;TE02609;NR-35;2024-03-20 00:00:00;Válido
DO00557;TE00944;NR-35;2026-05-27 00:00:00;Válido
DO00558;TE00546;Integração;2025-04-23 00:00:00;Válido
DO00559;TE01059;NR-35;2026-06-29 00:00:00;Válido
DO00560;TE03155;Seguro;2024-06-13 00:00:00;Válido
DO00561;TE00580;ASO;2024-09-20 00:00:00;Válido
DO00562;TE00553;NR-35;2025-03-27 00:00:00;Válido
DO00563;TE01237;ASO;2024-05-27 00:00:00;Válido
DO00564;TE02175;NR-10;2024-03-16 00:00:00;Vencido
DO00565;TE02454;Seguro;2025-12-27 00:00:00;Válido
DO00566;TE02300;NR-10;2024-09-04 00:00:00;Pendente
DO00567;TE00910;NR-10;2024-02-13 00:00:00;Válido
DO00568;TE00970;Integração;2024-09-26 00:00:00;Válido
DO00569;TE00182;Integração;2026-04-01 00:00:00;Válido
DO00570;TE01072;Integração;2024-08-15 00:00:00;Pendente
DO00571;TE01780;NR-35;2024-03-25 00:00:00;Válido
DO00572;TE00089;NR-10;2026-04-15 00:00:00;Pendente
DO00573;TE00632;ASO;2025-09-19 00:00:00;Válido
DO00574;TE01113;NR-35;2024-12-22 00:00:00;Válido
DO00575;TE01941;ASO;2026-07-10 00:00:00;Pendente
DO00576;TE01950;Integração;2026-02-24 00:00:00;Válido
DO00577;TE00735;NR-35;2026-06-04 00:00:00;Válido
DO00578;TE02648;ASO;2024-10-19 00:00:00;Válido
DO00579;TE00349;NR-35;2025-11-14 00:00:00;Válido
DO00580;TE02769;NR-10;2024-12-17 00:00:00;Válido
DO00581;TE00311;Seguro;2024-11-23 00:00:00;Válido
DO00582;TE03074;NR-35;2026-06-28 00:00:00;Válido
DO00583;TE02499;ASO;2025-05-29 00:00:00;Válido
DO00584;TE01423;Integração;2024-01-08 00:00:00;Pendente
DO00585;TE00777;Integração;2025-01-22 00:00:00;Válido
DO00586;TE01945;Integração;2025-11-12 00:00:00;Válido
DO00587;TE01394;Integração;2024-06-20 00:00:00;Válido
DO00588;TE00256;Integração;2026-02-16 00:00:00;Válido
DO00589;TE00391;NR-35;2025-04-06 00:00:00;Válido
DO00590;TE03043;NR-35;2026-04-20 00:00:00;Válido
DO00591;TE03071;NR-10;2026-02-01 00:00:00;Válido
DO00592;TE01473;Integração;2025-01-28 00:00:00;Válido
DO00593;TE01808;NR-35;2026-05-03 00:00:00;Válido
DO00594;TE00328;NR-35;2025-11-18 00:00:00;Válido
DO00595;TE00951;Seguro;2025-12-04 00:00:00;Válido
DO00596;TE01042;Seguro;2026-01-11 00:00:00;Válido
DO00597;TE02761;ASO;2026-05-30 00:00:00;Vencido
DO00598;TE01819;NR-35;2024-10-07 00:00:00;Válido
DO00599;TE03141;Seguro;2025-11-13 00:00:00;Válido
DO00600;TE03196;Integração;2024-01-13 00:00:00;Válido
DO00601;TE00292;NR-10;2026-06-11 00:00:00;Válido
DO00602;TE02785;NR-35;2025-05-01 00:00:00;Válido
DO00603;TE00505;Seguro;2024-06-09 00:00:00;Válido
DO00604;TE01650;NR-10;2025-11-14 00:00:00;Pendente
DO00605;TE00203;ASO;2026-01-08 00:00:00;Válido
DO00606;TE00713;Integração;2026-01-22 00:00:00;Válido
DO00607;TE02019;NR-35;2024-09-25 00:00:00;Vencido
DO00608;TE00153;Seguro;2025-09-09 00:00:00;Vencido
DO00609;TE01446;Seguro;2024-10-15 00:00:00;Válido
DO00610;TE02805;ASO;2025-04-16 00:00:00;Válido
DO00611;TE01107;NR-35;2025-11-27 00:00:00;Válido
DO00612;TE02503;Seguro;2026-03-24 00:00:00;Válido
DO00613;TE00613;ASO;2024-09-24 00:00:00;Válido
DO00614;TE01690;NR-35;2026-02-08 00:00:00;Vencido
DO00615;TE01056;NR-10;2024-02-03 00:00:00;Válido
DO00616;TE02901;NR-10;2024-08-19 00:00:00;Válido
DO00617;TE01079;ASO;2024-08-15 00:00:00;Válido
DO00618;TE02656;NR-10;2024-03-20 00:00:00;Vencido
DO00619;TE01658;Seguro;2026-06-28 00:00:00;Válido
DO00620;TE00961;NR-35;2024-08-03 00:00:00;Válido
DO00621;TE02794;NR-10;2024-06-19 00:00:00;Válido
DO00622;TE01996;NR-35;2026-07-20 00:00:00;Válido
DO00623;TE00212;Integração;2024-08-24 00:00:00;Vencido
DO00624;TE02338;Seguro;2024-02-27 00:00:00;Válido
DO00625;TE00578;NR-35;2024-05-21 00:00:00;Válido
DO00626;TE00518;NR-10;2025-04-01 00:00:00;Válido
DO00627;TE01972;NR-35;2025-04-24 00:00:00;Válido
DO00628;TE02145;NR-35;2025-03-18 00:00:00;Válido
DO00629;TE02550;Seguro;2024-03-04 00:00:00;Válido
DO00630;TE02156;Seguro;2024-04-06 00:00:00;Válido
DO00631;TE01311;ASO;2025-10-27 00:00:00;Válido
DO00632;TE03130;Integração;2026-02-27 00:00:00;Válido
DO00633;TE01620;ASO;2025-04-08 00:00:00;Válido
DO00634;TE03148;Integração;2024-11-01 00:00:00;Válido
DO00635;TE02083;ASO;2024-01-24 00:00:00;Vencido
DO00636;TE01588;ASO;2025-01-19 00:00:00;Válido
DO00637;TE00785;ASO;2025-07-24 00:00:00;Vencido
DO00638;TE01661;Seguro;2025-11-14 00:00:00;Válido
DO00639;TE02553;ASO;2025-05-02 00:00:00;Válido
DO00640;TE02088;ASO;2025-04-06 00:00:00;Válido
DO00641;TE02434;ASO;2026-04-12 00:00:00;Pendente
DO00642;TE01392;Seguro;2026-04-30 00:00:00;Válido
DO00643;TE00685;NR-10;2025-05-28 00:00:00;Pendente
DO00644;TE01458;NR-35;2024-11-26 00:00:00;Válido
DO00645;TE01803;Integração;2025-03-05 00:00:00;Válido
DO00646;TE02485;ASO;2026-06-30 00:00:00;Válido
DO00647;TE00487;NR-35;2026-06-09 00:00:00;Válido
DO00648;TE02994;NR-10;2024-04-21 00:00:00;Válido
DO00649;TE01606;NR-10;2026-06-10 00:00:00;Válido
DO00650;TE01190;ASO;2025-01-16 00:00:00;Válido
DO00651;TE01760;NR-10;2026-01-06 00:00:00;Válido
DO00652;TE03107;Integração;2024-08-30 00:00:00;Válido
DO00653;TE01015;Seguro;2024-04-16 00:00:00;Válido
DO00654;TE03061;ASO;2025-09-09 00:00:00;Válido
DO00655;TE01097;NR-10;2024-04-16 00:00:00;Válido
DO00656;TE00374;NR-35;2025-06-01 00:00:00;Pendente
DO00657;TE02225;NR-35;2024-10-30 00:00:00;Válido
DO00658;TE01048;NR-10;2025-08-17 00:00:00;Válido
DO00659;TE01453;Seguro;2024-02-28 00:00:00;Válido
DO00660;TE01562;Integração;2026-05-31 00:00:00;Vencido
DO00661;TE00411;Integração;2025-07-17 00:00:00;Válido
DO00662;TE01452;ASO;2024-06-16 00:00:00;Válido
DO00663;TE00427;Integração;2024-03-31 00:00:00;Vencido
DO00664;TE00865;NR-10;2026-04-09 00:00:00;Pendente
DO00665;TE01920;ASO;2024-09-06 00:00:00;Válido
DO00666;TE01182;Seguro;2024-01-11 00:00:00;Válido
DO00667;TE03137;ASO;2025-10-01 00:00:00;Válido
DO00668;TE00683;NR-35;2024-01-07 00:00:00;Válido
DO00669;TE02298;NR-10;2025-01-26 00:00:00;Válido
DO00670;TE02531;Integração;2024-07-08 00:00:00;Válido
DO00671;TE01657;ASO;2025-10-17 00:00:00;Válido
DO00672;TE00948;NR-10;2025-12-31 00:00:00;Válido
DO00673;TE03118;Seguro;2024-08-11 00:00:00;Vencido
DO00674;TE01937;NR-35;2024-08-20 00:00:00;Válido
DO00675;TE01193;Seguro;2024-07-22 00:00:00;Vencido
DO00676;TE00433;NR-35;2024-11-28 00:00:00;Válido
DO00677;TE02246;ASO;2025-03-28 00:00:00;Válido
DO00678;TE01816;Integração;2026-06-17 00:00:00;Válido
DO00679;TE00673;NR-35;2025-02-07 00:00:00;Válido
DO00680;TE01833;NR-35;2024-05-19 00:00:00;Válido
DO00681;TE02968;NR-35;2025-08-19 00:00:00;Vencido
DO00682;TE02067;Integração;2025-09-18 00:00:00;Vencido
DO00683;TE02786;Seguro;2024-03-11 00:00:00;Válido
DO00684;TE00233;ASO;2024-01-17 00:00:00;Válido
DO00685;TE01838;Integração;2025-04-03 00:00:00;Vencido
DO00686;TE00918;NR-35;2024-04-19 00:00:00;Válido
DO00687;TE02238;NR-35;2025-07-04 00:00:00;Pendente
DO00688;TE02169;NR-10;2025-01-08 00:00:00;Válido
DO00689;TE01987;ASO;2026-07-02 00:00:00;Válido
DO00690;TE02909;NR-35;2024-07-24 00:00:00;Válido
DO00691;TE03005;NR-10;2026-03-17 00:00:00;Válido
DO00692;TE02364;Seguro;2024-03-11 00:00:00;Válido
DO00693;TE00628;Seguro;2025-03-21 00:00:00;Válido
DO00694;TE00511;NR-10;2025-01-19 00:00:00;Vencido
DO00695;TE02357;Integração;2024-08-30 00:00:00;Válido
DO00696;TE02453;NR-10;2025-11-10 00:00:00;Pendente
DO00697;TE01366;Integração;2024-07-14 00:00:00;Válido
DO00698;TE00099;Integração;2025-09-11 00:00:00;Válido
DO00699;TE01967;NR-10;2025-09-29 00:00:00;Vencido
DO00700;TE00224;Seguro;2025-09-30 00:00:00;Válido
DO00701;TE00784;ASO;2024-11-01 00:00:00;Válido
DO00702;TE02193;ASO;2025-04-26 00:00:00;Válido
DO00703;TE02755;NR-35;2025-10-06 00:00:00;Válido
DO00704;TE00541;NR-35;2025-04-30 00:00:00;Válido
DO00705;TE01499;NR-35;2024-07-01 00:00:00;Válido
DO00706;TE01338;NR-35;2025-06-06 00:00:00;Válido
DO00707;TE02177;ASO;2026-02-28 00:00:00;Válido
DO00708;TE01245;Integração;2025-09-26 00:00:00;Vencido
DO00709;TE02794;Seguro;2025-11-12 00:00:00;Válido
DO00710;TE01192;Seguro;2024-02-07 00:00:00;Válido
DO00711;TE01850;Seguro;2024-04-28 00:00:00;Válido
DO00712;TE01757;Seguro;2024-01-28 00:00:00;Pendente
DO00713;TE02889;Integração;2025-09-09 00:00:00;Válido
DO00714;TE00846;ASO;2024-01-28 00:00:00;Válido
DO00715;TE00841;NR-10;2025-05-22 00:00:00;Válido
DO00716;TE00322;Seguro;2024-05-05 00:00:00;Válido
DO00717;TE00422;Seguro;2024-07-08 00:00:00;Válido
DO00718;TE01236;NR-35;2025-02-22 00:00:00;Válido
DO00719;TE02019;Seguro;2025-03-17 00:00:00;Válido
DO00720;TE01834;ASO;2024-11-26 00:00:00;Válido
DO00721;TE01719;Seguro;2024-04-24 00:00:00;Válido
DO00722;TE02472;NR-35;2024-02-25 00:00:00;Válido
DO00723;TE01549;ASO;2025-05-13 00:00:00;Válido
DO00724;TE02669;Integração;2026-05-01 00:00:00;Vencido
DO00725;TE02010;NR-35;2026-06-28 00:00:00;Válido
DO00726;TE00390;Integração;2026-07-10 00:00:00;Válido
DO00727;TE00741;NR-35;2024-03-23 00:00:00;Válido
DO00728;TE03013;ASO;2025-10-21 00:00:00;Válido
DO00729;TE00044;Integração;2024-12-10 00:00:00;Pendente
DO00730;TE02648;NR-35;2024-12-17 00:00:00;Válido
DO00731;TE01503;NR-10;2026-06-05 00:00:00;Válido
DO00732;TE01998;Seguro;2026-04-01 00:00:00;Válido
DO00733;TE02265;Integração;2024-03-13 00:00:00;Válido
DO00734;TE00104;Integração;2026-07-31 00:00:00;Válido
DO00735;TE02624;Seguro;2024-04-27 00:00:00;Válido
DO00736;TE02160;Integração;2024-11-06 00:00:00;Válido
DO00737;TE02804;NR-35;2026-05-21 00:00:00;Pendente
DO00738;TE00368;Integração;2025-12-20 00:00:00;Pendente
DO00739;TE00979;NR-35;2026-03-19 00:00:00;Válido
DO00740;TE00932;ASO;2025-08-12 00:00:00;Válido
DO00741;TE02056;Integração;2024-06-08 00:00:00;Válido
DO00742;TE02948;ASO;2025-03-16 00:00:00;Válido
DO00743;TE02955;ASO;2025-06-24 00:00:00;Válido
DO00744;TE01554;Integração;2025-12-06 00:00:00;Válido
DO00745;TE02817;NR-10;2024-02-03 00:00:00;Pendente
DO00746;TE00700;Seguro;2024-07-31 00:00:00;Válido
DO00747;TE01554;Seguro;2024-02-20 00:00:00;Válido
DO00748;TE02898;Integração;2026-02-17 00:00:00;Válido
DO00749;TE01400;NR-10;2025-03-13 00:00:00;Válido
DO00750;TE01665;NR-35;2024-06-13 00:00:00;Válido
DO00751;TE01736;NR-10;2024-03-12 00:00:00;Válido
DO00752;TE00201;NR-10;2025-06-15 00:00:00;Válido
DO00753;TE02133;NR-35;2025-10-23 00:00:00;Válido
DO00754;TE00212;NR-35;2025-09-07 00:00:00;Válido
DO00755;TE02136;ASO;2024-05-01 00:00:00;Pendente
DO00756;TE02314;Seguro;2025-05-21 00:00:00;Válido
DO00757;TE02069;NR-10;2024-06-04 00:00:00;Válido
DO00758;TE01733;Integração;2024-11-29 00:00:00;Válido
DO00759;TE01824;ASO;2024-12-22 00:00:00;Válido
DO00760;TE01857;ASO;2025-05-10 00:00:00;Vencido
DO00761;TE00349;NR-35;2025-10-22 00:00:00;Válido
DO00762;TE02926;Seguro;2025-01-12 00:00:00;Vencido
DO00763;TE02692;ASO;2025-04-06 00:00:00;Válido
DO00764;TE02447;Integração;2026-03-13 00:00:00;Válido
DO00765;TE02419;NR-35;2024-10-24 00:00:00;Válido
DO00766;TE02664;Integração;2025-04-05 00:00:00;Pendente
DO00767;TE03131;ASO;2026-05-16 00:00:00;Válido
DO00768;TE01745;NR-35;2026-01-05 00:00:00;Pendente
DO00769;TE03060;Integração;2025-10-25 00:00:00;Vencido
DO00770;TE00561;NR-35;2024-11-23 00:00:00;Válido
DO00771;TE01183;NR-10;2024-02-28 00:00:00;Válido
DO00772;TE03003;NR-35;2025-12-09 00:00:00;Válido
DO00773;TE01994;ASO;2024-12-23 00:00:00;Válido
DO00774;TE03123;NR-10;2026-07-31 00:00:00;Válido
DO00775;TE00625;NR-35;2026-07-01 00:00:00;Válido
DO00776;TE00480;ASO;2024-10-24 00:00:00;Vencido
DO00777;TE01353;NR-10;2024-12-13 00:00:00;Vencido
DO00778;TE03030;NR-10;2024-01-26 00:00:00;Válido
DO00779;TE00806;Integração;2024-02-03 00:00:00;Válido
DO00780;TE03076;Seguro;2025-08-05 00:00:00;Válido
DO00781;TE02989;NR-10;2024-06-19 00:00:00;Válido
DO00782;TE01883;NR-35;2026-01-25 00:00:00;Vencido
DO00783;TE00410;NR-35;2024-02-09 00:00:00;Válido
DO00784;TE02521;Seguro;2025-08-20 00:00:00;Válido
DO00785;TE01272;Seguro;2025-11-25 00:00:00;Válido
DO00786;TE03023;NR-10;2025-08-07 00:00:00;Válido
DO00787;TE00616;ASO;2025-01-08 00:00:00;Vencido
DO00788;TE03047;Seguro;2024-11-15 00:00:00;Válido
DO00789;TE02315;ASO;2026-01-25 00:00:00;Válido
DO00790;TE02057;NR-10;2026-01-02 00:00:00;Vencido
DO00791;TE02198;Seguro;2025-05-03 00:00:00;Vencido
DO00792;TE02504;Seguro;2025-07-03 00:00:00;Válido
DO00793;TE01383;Integração;2024-06-08 00:00:00;Válido
DO00794;TE01621;ASO;2024-07-12 00:00:00;Válido
DO00795;TE02735;Seguro;2025-09-15 00:00:00;Válido
DO00796;TE01015;ASO;2024-02-09 00:00:00;Válido
DO00797;TE02609;NR-35;2025-08-28 00:00:00;Vencido
DO00798;TE01470;ASO;2024-08-08 00:00:00;Válido
DO00799;TE02515;Integração;2024-02-20 00:00:00;Válido
DO00800;TE02728;NR-10;2025-12-28 00:00:00;Válido
DO00801;TE00813;Seguro;2026-02-16 00:00:00;Pendente
DO00802;TE00199;NR-10;2025-12-20 00:00:00;Válido
DO00803;TE01311;NR-10;2026-06-02 00:00:00;Válido
DO00804;TE02630;NR-10;2026-04-20 00:00:00;Pendente
DO00805;TE01214;Integração;2025-07-05 00:00:00;Válido
DO00806;TE00247;Integração;2026-02-19 00:00:00;Válido
DO00807;TE01555;NR-35;2026-01-05 00:00:00;Válido
DO00808;TE00079;Seguro;2025-03-20 00:00:00;Válido
DO00809;TE01991;Seguro;2024-05-11 00:00:00;Válido
DO00810;TE01903;NR-35;2024-02-19 00:00:00;Válido
DO00811;TE03075;NR-10;2025-05-01 00:00:00;Válido
DO00812;TE00602;ASO;2025-12-31 00:00:00;Válido
DO00813;TE00261;ASO;2025-06-26 00:00:00;Válido
DO00814;TE01533;NR-10;2024-11-20 00:00:00;Válido
DO00815;TE00445;NR-35;2025-01-07 00:00:00;Válido
DO00816;TE02410;NR-10;2024-12-06 00:00:00;Válido
DO00817;TE01087;Integração;2026-03-01 00:00:00;Válido
DO00818;TE00650;Seguro;2026-07-13 00:00:00;Válido
DO00819;TE00353;NR-10;2024-01-09 00:00:00;Válido
DO00820;TE00746;ASO;2025-12-27 00:00:00;Válido
DO00821;TE02481;ASO;2024-12-06 00:00:00;Vencido
DO00822;TE02286;Seguro;2026-07-29 00:00:00;Válido
DO00823;TE02111;Integração;2025-02-06 00:00:00;Válido
DO00824;TE02524;Seguro;2026-02-08 00:00:00;Válido
DO00825;TE01240;Seguro;2025-02-09 00:00:00;Pendente
DO00826;TE01054;Integração;2025-07-15 00:00:00;Válido
DO00827;TE01502;NR-10;2025-09-04 00:00:00;Válido
DO00828;TE00384;Integração;2026-06-16 00:00:00;Válido
DO00829;TE01014;ASO;2025-11-24 00:00:00;Válido
DO00830;TE02942;Integração;2026-07-11 00:00:00;Pendente
DO00831;TE02376;NR-35;2026-06-07 00:00:00;Válido
DO00832;TE01705;Seguro;2024-12-02 00:00:00;Válido
DO00833;TE01166;NR-35;2025-09-05 00:00:00;Válido
DO00834;TE00237;Seguro;2024-11-16 00:00:00;Válido
DO00835;TE01329;NR-10;2026-06-10 00:00:00;Válido
DO00836;TE02712;NR-35;2024-11-03 00:00:00;Válido
DO00837;TE00778;Integração;2024-11-27 00:00:00;Válido
DO00838;TE02668;ASO;2024-12-31 00:00:00;Vencido
DO00839;TE01684;NR-10;2024-09-06 00:00:00;Vencido
DO00840;TE03018;Seguro;2024-10-20 00:00:00;Pendente
DO00841;TE03002;Seguro;2025-10-27 00:00:00;Pendente
DO00842;TE02104;ASO;2025-04-03 00:00:00;Válido
DO00843;TE00014;ASO;2024-01-28 00:00:00;Vencido
DO00844;TE00022;Integração;2025-07-28 00:00:00;Válido
DO00845;TE02154;NR-35;2025-11-21 00:00:00;Vencido
DO00846;TE00277;Integração;2024-02-19 00:00:00;Válido
DO00847;TE02699;NR-35;2025-11-03 00:00:00;Válido
DO00848;TE01964;NR-10;2024-05-03 00:00:00;Válido
DO00849;TE00887;NR-10;2025-12-01 00:00:00;Válido
DO00850;TE00848;NR-35;2024-08-25 00:00:00;Válido
DO00851;TE00851;Seguro;2024-12-24 00:00:00;Válido
DO00852;TE01192;ASO;2026-03-07 00:00:00;Válido
DO00853;TE01446;Integração;2026-01-01 00:00:00;Válido
DO00854;TE01175;NR-35;2026-02-17 00:00:00;Válido
DO00855;TE02424;ASO;2025-05-16 00:00:00;Vencido
DO00856;TE02849;NR-35;2026-06-28 00:00:00;Vencido
DO00857;TE03152;ASO;2024-11-04 00:00:00;Válido
DO00858;TE00327;Seguro;2024-09-12 00:00:00;Válido
DO00859;TE01387;NR-10;2024-01-14 00:00:00;Pendente
DO00860;TE02127;NR-10;2026-04-10 00:00:00;Válido
DO00861;TE01948;Seguro;2026-05-27 00:00:00;Válido
DO00862;TE02902;Seguro;2024-02-28 00:00:00;Vencido
DO00863;TE00147;NR-10;2024-06-01 00:00:00;Válido
DO00864;TE03046;Integração;2026-04-24 00:00:00;Pendente
DO00865;TE02411;Integração;2024-06-05 00:00:00;Válido
DO00866;TE00738;Integração;2026-03-28 00:00:00;Válido
DO00867;TE01132;NR-35;2025-12-01 00:00:00;Válido
DO00868;TE01668;Integração;2026-01-19 00:00:00;Válido
DO00869;TE00834;ASO;2025-09-29 00:00:00;Válido
DO00870;TE00187;NR-10;2025-03-23 00:00:00;Válido
DO00871;TE01162;Integração;2025-08-14 00:00:00;Vencido
DO00872;TE01975;NR-35;2025-06-18 00:00:00;Vencido
DO00873;TE00233;NR-10;2025-05-11 00:00:00;Válido
DO00874;TE02125;ASO;2024-04-29 00:00:00;Válido
DO00875;TE00645;ASO;2026-04-27 00:00:00;Válido
DO00876;TE01349;ASO;2025-04-13 00:00:00;Válido
DO00877;TE01763;ASO;2026-05-07 00:00:00;Pendente
DO00878;TE00117;NR-10;2025-05-24 00:00:00;Válido
DO00879;TE02030;Seguro;2025-05-04 00:00:00;Válido
DO00880;TE02904;Integração;2026-01-19 00:00:00;Válido
DO00881;TE01931;NR-35;2026-01-29 00:00:00;Pendente
DO00882;TE00034;Seguro;2024-04-10 00:00:00;Válido
DO00883;TE02951;NR-10;2026-02-18 00:00:00;Válido
DO00884;TE02150;Seguro;2026-02-01 00:00:00;Válido
DO00885;TE00121;ASO;2026-01-19 00:00:00;Válido
DO00886;TE00716;NR-10;2024-04-18 00:00:00;Válido
DO00887;TE02331;NR-10;2024-12-09 00:00:00;Vencido
DO00888;TE01942;NR-10;2025-09-15 00:00:00;Válido
DO00889;TE02033;NR-35;2026-01-04 00:00:00;Válido
DO00890;TE00489;Seguro;2026-04-06 00:00:00;Válido
DO00891;TE03026;ASO;2025-12-02 00:00:00;Válido
DO00892;TE00707;NR-10;2024-11-08 00:00:00;Válido
DO00893;TE01865;Seguro;2025-12-11 00:00:00;Válido
DO00894;TE03121;ASO;2026-03-24 00:00:00;Válido
DO00895;TE02622;NR-10;2024-01-10 00:00:00;Válido
DO00896;TE00912;NR-35;2025-07-26 00:00:00;Válido
DO00897;TE00821;Integração;2026-04-19 00:00:00;Válido
DO00898;TE00710;ASO;2025-09-18 00:00:00;Válido
DO00899;TE00914;NR-35;2025-06-07 00:00:00;Vencido
DO00900;TE00091;NR-10;2025-01-08 00:00:00;Pendente
DO00901;TE00198;Integração;2024-05-03 00:00:00;Vencido
DO00902;TE01414;ASO;2024-08-04 00:00:00;Válido
DO00903;TE02016;Integração;2026-02-04 00:00:00;Válido
DO00904;TE00507;Seguro;2026-07-27 00:00:00;Válido
DO00905;TE02867;ASO;2025-08-16 00:00:00;Vencido
DO00906;TE01958;ASO;2024-08-31 00:00:00;Válido
DO00907;TE02008;NR-35;2025-07-04 00:00:00;Válido
DO00908;TE00498;NR-35;2025-03-05 00:00:00;Válido
DO00909;TE00448;NR-10;2024-06-14 00:00:00;Válido
DO00910;TE02943;NR-35;2024-06-08 00:00:00;Válido
DO00911;TE01821;NR-10;2026-07-12 00:00:00;Válido
DO00912;TE02657;ASO;2024-08-01 00:00:00;Válido
DO00913;TE01141;Integração;2024-06-12 00:00:00;Pendente
DO00914;TE00428;NR-10;2025-09-19 00:00:00;Válido
DO00915;TE02157;NR-10;2026-04-02 00:00:00;Válido
DO00916;TE02350;NR-35;2024-10-10 00:00:00;Vencido
DO00917;TE01393;Seguro;2024-04-14 00:00:00;Válido
DO00918;TE02699;NR-10;2024-03-19 00:00:00;Pendente
DO00919;TE00402;ASO;2025-12-02 00:00:00;Válido
DO00920;TE01148;Seguro;2026-01-02 00:00:00;Válido
DO00921;TE03144;Seguro;2025-02-09 00:00:00;Válido
DO00922;TE00611;NR-10;2024-11-20 00:00:00;Válido
DO00923;TE02788;NR-10;2026-06-24 00:00:00;Válido
DO00924;TE03079;ASO;2024-04-27 00:00:00;Válido
DO00925;TE00996;NR-35;2025-12-25 00:00:00;Válido
DO00926;TE02404;ASO;2025-02-23 00:00:00;Válido
DO00927;TE01249;Integração;2025-06-19 00:00:00;Válido
DO00928;TE00920;ASO;2026-05-16 00:00:00;Válido
DO00929;TE01861;NR-10;2025-08-01 00:00:00;Vencido
DO00930;TE00114;ASO;2024-12-11 00:00:00;Válido
DO00931;TE02184;ASO;2026-01-28 00:00:00;Válido
DO00932;TE00280;ASO;2025-02-24 00:00:00;Válido
DO00933;TE01602;Integração;2025-09-13 00:00:00;Pendente
DO00934;TE02917;NR-35;2024-05-25 00:00:00;Pendente
DO00935;TE01817;NR-35;2026-03-12 00:00:00;Pendente
DO00936;TE02896;Seguro;2026-06-16 00:00:00;Válido
DO00937;TE00169;Integração;2025-01-21 00:00:00;Válido
DO00938;TE00852;NR-10;2024-02-03 00:00:00;Válido
DO00939;TE00114;ASO;2024-05-13 00:00:00;Vencido
DO00940;TE02475;NR-10;2025-10-10 00:00:00;Válido
DO00941;TE00476;Seguro;2024-06-12 00:00:00;Válido
DO00942;TE01878;NR-35;2024-04-24 00:00:00;Válido
DO00943;TE01113;Integração;2026-02-28 00:00:00;Válido
DO00944;TE01269;NR-10;2024-05-31 00:00:00;Vencido
DO00945;TE02625;Seguro;2025-02-15 00:00:00;Válido
DO00946;TE00862;NR-35;2026-01-20 00:00:00;Válido
DO00947;TE01364;Seguro;2024-12-10 00:00:00;Válido
DO00948;TE01965;Integração;2024-02-16 00:00:00;Vencido
DO00949;TE02921;Integração;2024-07-04 00:00:00;Válido
DO00950;TE00275;Seguro;2024-12-14 00:00:00;Válido
DO00951;TE01699;ASO;2024-01-24 00:00:00;Válido
DO00952;TE00400;NR-10;2025-04-05 00:00:00;Válido
DO00953;TE03051;Integração;2026-06-06 00:00:00;Válido
DO00954;TE02181;Integração;2024-11-26 00:00:00;Vencido
DO00955;TE02377;Integração;2026-06-12 00:00:00;Válido
DO00956;TE00206;NR-10;2026-04-29 00:00:00;Válido
DO00957;TE01025;Seguro;2024-01-27 00:00:00;Válido
DO00958;TE03114;Integração;2026-01-18 00:00:00;Válido
DO00959;TE03135;Integração;2025-10-05 00:00:00;Válido
DO00960;TE00369;NR-10;2026-02-07 00:00:00;Válido
DO00961;TE02853;Integração;2025-07-13 00:00:00;Pendente
DO00962;TE00710;Integração;2024-01-12 00:00:00;Válido
DO00963;TE01364;NR-10;2024-09-06 00:00:00;Válido
DO00964;TE01770;Integração;2026-03-27 00:00:00;Válido
DO00965;TE00339;Seguro;2024-11-28 00:00:00;Válido
DO00966;TE01692;Integração;2026-03-09 00:00:00;Válido
DO00967;TE03024;NR-35;2026-02-27 00:00:00;Válido
DO00968;TE02704;NR-35;2024-04-13 00:00:00;Vencido
DO00969;TE01538;NR-35;2026-04-05 00:00:00;Válido
DO00970;TE00510;NR-35;2025-08-18 00:00:00;Válido
DO00971;TE01537;Seguro;2024-05-03 00:00:00;Válido
DO00972;TE00897;Integração;2024-11-24 00:00:00;Válido
DO00973;TE00474;Integração;2025-04-21 00:00:00;Vencido
DO00974;TE02542;Seguro;2026-01-07 00:00:00;Válido
DO00975;TE02139;ASO;2026-06-24 00:00:00;Válido
DO00976;TE01866;Seguro;2025-05-17 00:00:00;Válido
DO00977;TE00922;ASO;2025-08-17 00:00:00;Válido
DO00978;TE02865;NR-35;2024-07-31 00:00:00;Vencido
DO00979;TE00293;Seguro;2025-12-15 00:00:00;Válido
DO00980;TE01289;NR-10;2026-05-06 00:00:00;Vencido
DO00981;TE01962;ASO;2026-04-24 00:00:00;Válido
DO00982;TE02928;Seguro;2025-10-17 00:00:00;Vencido
DO00983;TE02106;NR-35;2025-07-08 00:00:00;Vencido
DO00984;TE02619;NR-35;2025-03-05 00:00:00;Válido
DO00985;TE02857;Seguro;2025-02-16 00:00:00;Válido
DO00986;TE03172;ASO;2024-01-23 00:00:00;Válido
DO00987;TE02798;Seguro;2025-01-21 00:00:00;Válido
DO00988;TE00962;ASO;2025-08-28 00:00:00;Válido
DO00989;TE02650;ASO;2025-01-10 00:00:00;Válido
DO00990;TE01334;NR-35;2025-08-26 00:00:00;Pendente
DO00991;TE01348;NR-10;2025-11-29 00:00:00;Válido
DO00992;TE00631;NR-10;2025-05-21 00:00:00;Válido
DO00993;TE02916;Integração;2024-06-17 00:00:00;Válido
DO00994;TE02597;NR-10;2025-02-04 00:00:00;Válido
DO00995;TE00832;Integração;2025-01-31 00:00:00;Válido
DO00996;TE03114;Integração;2025-06-11 00:00:00;Válido
DO00997;TE00163;NR-10;2025-10-11 00:00:00;Válido
DO00998;TE00292;NR-10;2026-05-11 00:00:00;Válido
DO00999;TE01753;ASO;2026-02-16 00:00:00;Pendente
DO01000;TE02474;ASO;2025-04-15 00:00:00;Válido
DO01001;TE02834;ASO;2024-03-24 00:00:00;Válido
DO01002;TE00651;NR-10;2024-07-23 00:00:00;Válido
DO01003;TE02553;NR-35;2024-08-21 00:00:00;Vencido
DO01004;TE01165;ASO;2025-08-06 00:00:00;Válido
DO01005;TE00648;NR-10;2026-05-17 00:00:00;Válido
DO01006;TE01024;NR-35;2024-03-27 00:00:00;Válido
DO01007;TE03000;Seguro;2026-07-09 00:00:00;Válido
DO01008;TE00300;Seguro;2025-06-20 00:00:00;Válido
DO01009;TE00605;NR-10;2025-10-24 00:00:00;Válido
DO01010;TE02743;NR-35;2024-12-09 00:00:00;Válido
DO01011;TE01643;ASO;2024-01-25 00:00:00;Vencido
DO01012;TE01128;NR-35;2025-02-08 00:00:00;Válido
DO01013;TE00002;Seguro;2026-01-22 00:00:00;Pendente
DO01014;TE03074;NR-10;2025-02-16 00:00:00;Válido
DO01015;TE02340;ASO;2025-07-17 00:00:00;Válido
DO01016;TE02916;NR-10;2026-04-16 00:00:00;Válido
DO01017;TE01731;Seguro;2025-04-12 00:00:00;Válido
DO01018;TE00153;NR-10;2025-03-24 00:00:00;Válido
DO01019;TE00873;NR-35;2024-08-08 00:00:00;Pendente
DO01020;TE01651;NR-35;2025-04-15 00:00:00;Válido
DO01021;TE01808;ASO;2025-08-11 00:00:00;Válido
DO01022;TE00337;Seguro;2026-07-28 00:00:00;Válido
DO01023;TE00053;Integração;2025-04-17 00:00:00;Válido
DO01024;TE02026;Seguro;2025-07-20 00:00:00;Vencido
DO01025;TE00510;NR-35;2025-07-26 00:00:00;Válido
DO01026;TE00673;NR-35;2024-06-01 00:00:00;Válido
DO01027;TE01053;NR-35;2025-10-01 00:00:00;Válido
DO01028;TE02350;Seguro;2025-04-12 00:00:00;Vencido
DO01029;TE03142;Integração;2024-02-17 00:00:00;Válido
DO01030;TE00093;ASO;2026-01-31 00:00:00;Válido
DO01031;TE01905;Integração;2026-05-03 00:00:00;Válido
DO01032;TE02950;ASO;2024-07-13 00:00:00;Válido
DO01033;TE00097;Integração;2026-05-02 00:00:00;Válido
DO01034;TE01241;NR-35;2025-03-15 00:00:00;Válido
DO01035;TE01989;NR-35;2025-01-16 00:00:00;Válido
DO01036;TE02917;Seguro;2024-02-19 00:00:00;Vencido
DO01037;TE00397;ASO;2024-04-18 00:00:00;Válido
DO01038;TE02607;Seguro;2025-08-02 00:00:00;Pendente
DO01039;TE00674;NR-10;2024-03-26 00:00:00;Válido
DO01040;TE03041;NR-35;2024-09-12 00:00:00;Válido
DO01041;TE00326;Integração;2024-07-10 00:00:00;Válido
DO01042;TE01632;NR-35;2026-07-02 00:00:00;Válido
DO01043;TE01712;Integração;2026-07-13 00:00:00;Válido
DO01044;TE03053;NR-35;2024-10-18 00:00:00;Válido
DO01045;TE02989;NR-10;2024-09-20 00:00:00;Válido
DO01046;TE02493;Seguro;2024-03-15 00:00:00;Válido
DO01047;TE03065;NR-35;2025-03-02 00:00:00;Pendente
DO01048;TE00868;ASO;2024-11-27 00:00:00;Válido
DO01049;TE02340;Seguro;2025-06-18 00:00:00;Válido
DO01050;TE00438;NR-35;2025-03-13 00:00:00;Válido
DO01051;TE02881;Seguro;2026-03-19 00:00:00;Pendente
DO01052;TE00892;Integração;2024-01-24 00:00:00;Válido
DO01053;TE03168;Integração;2025-11-08 00:00:00;Válido
DO01054;TE01156;ASO;2025-05-29 00:00:00;Válido
DO01055;TE02571;NR-10;2025-05-10 00:00:00;Válido
DO01056;TE02753;ASO;2025-02-19 00:00:00;Vencido
DO01057;TE00533;ASO;2024-08-14 00:00:00;Válido
DO01058;TE00858;ASO;2024-04-03 00:00:00;Válido
DO01059;TE02711;NR-35;2026-06-19 00:00:00;Válido
DO01060;TE02029;NR-35;2024-10-17 00:00:00;Pendente
DO01061;TE02990;NR-10;2024-05-19 00:00:00;Válido
DO01062;TE02392;NR-10;2024-08-02 00:00:00;Válido
DO01063;TE02871;NR-35;2025-04-03 00:00:00;Válido
DO01064;TE02429;Integração;2024-05-25 00:00:00;Pendente
DO01065;TE01512;Seguro;2024-03-16 00:00:00;Válido
DO01066;TE01184;Integração;2026-03-25 00:00:00;Pendente
DO01067;TE00420;ASO;2025-07-28 00:00:00;Válido
DO01068;TE00603;ASO;2024-01-16 00:00:00;Válido
DO01069;TE00500;ASO;2026-03-03 00:00:00;Vencido
DO01070;TE01304;NR-35;2024-04-13 00:00:00;Válido
DO01071;TE01898;ASO;2024-08-25 00:00:00;Válido
DO01072;TE02418;Seguro;2024-04-23 00:00:00;Vencido
DO01073;TE00621;Integração;2024-11-25 00:00:00;Válido
DO01074;TE00698;ASO;2024-09-23 00:00:00;Vencido
DO01075;TE02844;NR-35;2024-02-14 00:00:00;Válido
DO01076;TE02960;NR-10;2024-02-10 00:00:00;Válido
DO01077;TE01025;NR-10;2026-02-21 00:00:00;Válido
DO01078;TE01150;Integração;2024-11-23 00:00:00;Válido
DO01079;TE01539;ASO;2025-02-18 00:00:00;Pendente
DO01080;TE02574;NR-10;2025-03-18 00:00:00;Válido
DO01081;TE01944;NR-10;2025-12-20 00:00:00;Pendente
DO01082;TE00390;ASO;2026-03-15 00:00:00;Válido
DO01083;TE01074;NR-10;2024-12-04 00:00:00;Vencido
DO01084;TE01706;NR-35;2024-04-08 00:00:00;Válido
DO01085;TE01608;NR-10;2025-03-25 00:00:00;Vencido
DO01086;TE01605;NR-10;2025-07-07 00:00:00;Válido
DO01087;TE02847;Seguro;2024-01-10 00:00:00;Válido
DO01088;TE01932;Integração;2024-09-07 00:00:00;Pendente
DO01089;TE00103;NR-10;2026-03-30 00:00:00;Válido
DO01090;TE01433;NR-35;2025-05-23 00:00:00;Válido
DO01091;TE02315;Seguro;2026-06-29 00:00:00;Válido
DO01092;TE00656;Seguro;2024-08-03 00:00:00;Válido
DO01093;TE03178;Seguro;2025-10-13 00:00:00;Vencido
DO01094;TE02769;Integração;2026-07-06 00:00:00;Vencido
DO01095;TE03042;ASO;2026-04-14 00:00:00;Válido
DO01096;TE01775;ASO;2024-12-25 00:00:00;Pendente
DO01097;TE01782;NR-35;2024-07-21 00:00:00;Válido
DO01098;TE01251;ASO;2025-08-03 00:00:00;Válido
DO01099;TE01185;Seguro;2024-12-11 00:00:00;Válido
DO01100;TE02962;Integração;2024-05-20 00:00:00;Válido
DO01101;TE00020;Seguro;2024-10-11 00:00:00;Vencido
DO01102;TE02322;Integração;2024-01-10 00:00:00;Válido
DO01103;TE00474;Seguro;2025-02-21 00:00:00;Válido
DO01104;TE02851;Integração;2026-07-07 00:00:00;Válido
DO01105;TE01637;Integração;2025-08-19 00:00:00;Válido
DO01106;TE02379;ASO;2026-04-23 00:00:00;Válido
DO01107;TE01634;NR-35;2024-01-08 00:00:00;Vencido
DO01108;TE02108;Integração;2025-04-29 00:00:00;Válido
DO01109;TE02134;NR-35;2026-04-29 00:00:00;Válido
DO01110;TE00593;NR-10;2025-11-02 00:00:00;Válido
DO01111;TE01750;NR-35;2026-07-25 00:00:00;Vencido
DO01112;TE00409;Integração;2026-05-05 00:00:00;Válido
DO01113;TE02337;Integração;2025-09-13 00:00:00;Válido
DO01114;TE02894;NR-35;2025-08-04 00:00:00;Vencido
DO01115;TE02162;Integração;2024-11-23 00:00:00;Válido
DO01116;TE02772;NR-10;2024-10-19 00:00:00;Válido
DO01117;TE02486;NR-10;2024-02-20 00:00:00;Válido
DO01118;TE00941;NR-35;2026-07-06 00:00:00;Válido
DO01119;TE01364;Integração;2026-01-22 00:00:00;Válido
DO01120;TE00857;NR-35;2025-04-11 00:00:00;Vencido
DO01121;TE01781;Seguro;2025-06-18 00:00:00;Pendente
DO01122;TE02572;Integração;2024-11-22 00:00:00;Válido
DO01123;TE01706;ASO;2026-07-19 00:00:00;Válido
DO01124;TE02343;ASO;2026-06-04 00:00:00;Vencido
DO01125;TE02912;ASO;2025-04-16 00:00:00;Válido
DO01126;TE02608;NR-10;2024-10-11 00:00:00;Válido
DO01127;TE02909;Integração;2024-04-11 00:00:00;Válido
DO01128;TE02996;NR-10;2025-07-30 00:00:00;Válido
DO01129;TE01667;NR-10;2024-03-17 00:00:00;Válido
DO01130;TE01414;Integração;2024-04-27 00:00:00;Válido
DO01131;TE00140;NR-35;2024-10-06 00:00:00;Válido
DO01132;TE02097;Integração;2025-12-30 00:00:00;Válido
DO01133;TE00026;Seguro;2024-06-11 00:00:00;Válido
DO01134;TE02994;NR-10;2026-05-20 00:00:00;Válido
DO01135;TE02782;Seguro;2024-12-18 00:00:00;Vencido
DO01136;TE00233;NR-10;2025-07-20 00:00:00;Válido
DO01137;TE02862;ASO;2025-10-15 00:00:00;Vencido
DO01138;TE00622;NR-35;2025-05-09 00:00:00;Válido
DO01139;TE00885;Integração;2026-04-20 00:00:00;Válido
DO01140;TE01098;Seguro;2024-02-12 00:00:00;Válido
DO01141;TE00972;Integração;2024-01-19 00:00:00;Válido
DO01142;TE02777;Integração;2024-11-21 00:00:00;Pendente
DO01143;TE02841;Seguro;2024-04-03 00:00:00;Válido
DO01144;TE03122;Integração;2026-04-26 00:00:00;Válido
DO01145;TE02612;ASO;2024-06-26 00:00:00;Válido
DO01146;TE01759;ASO;2024-08-13 00:00:00;Válido
DO01147;TE01442;Seguro;2026-04-16 00:00:00;Válido
DO01148;TE01885;NR-10;2025-10-10 00:00:00;Válido
DO01149;TE00365;NR-35;2025-09-26 00:00:00;Válido
DO01150;TE00696;NR-10;2025-11-17 00:00:00;Válido
DO01151;TE02036;Integração;2026-07-09 00:00:00;Válido
DO01152;TE02617;NR-10;2024-07-21 00:00:00;Válido
DO01153;TE01679;Seguro;2026-04-04 00:00:00;Válido
DO01154;TE00537;Seguro;2024-06-19 00:00:00;Válido
DO01155;TE03057;ASO;2026-06-13 00:00:00;Válido
DO01156;TE01875;Seguro;2026-05-21 00:00:00;Válido
DO01157;TE01981;ASO;2024-03-08 00:00:00;Válido
DO01158;TE00529;Integração;2025-04-10 00:00:00;Válido
DO01159;TE02829;Integração;2024-04-26 00:00:00;Válido
DO01160;TE01550;Seguro;2026-06-20 00:00:00;Válido
DO01161;TE01020;Integração;2025-03-18 00:00:00;Válido
DO01162;TE00242;NR-10;2025-12-19 00:00:00;Válido
DO01163;TE00791;Seguro;2024-08-23 00:00:00;Válido
DO01164;TE02880;Integração;2026-07-15 00:00:00;Válido
DO01165;TE02869;NR-35;2024-10-09 00:00:00;Válido
DO01166;TE01979;Seguro;2026-02-19 00:00:00;Válido
DO01167;TE02396;NR-10;2024-05-17 00:00:00;Válido
DO01168;TE00805;ASO;2026-04-06 00:00:00;Válido
DO01169;TE01617;Integração;2025-08-15 00:00:00;Válido
DO01170;TE00255;NR-10;2025-12-09 00:00:00;Válido
DO01171;TE01737;Integração;2026-01-31 00:00:00;Válido
DO01172;TE02811;NR-10;2025-12-28 00:00:00;Válido
DO01173;TE02360;Integração;2025-09-12 00:00:00;Válido
DO01174;TE00566;Seguro;2025-04-12 00:00:00;Válido
DO01175;TE02653;Seguro;2025-12-27 00:00:00;Válido
DO01176;TE02828;NR-10;2025-10-08 00:00:00;Válido
DO01177;TE02393;Integração;2024-01-23 00:00:00;Válido
DO01178;TE01977;NR-10;2024-01-26 00:00:00;Válido
DO01179;TE01697;NR-35;2026-07-04 00:00:00;Vencido
DO01180;TE01462;NR-10;2025-03-24 00:00:00;Válido
DO01181;TE01443;NR-35;2025-03-08 00:00:00;Válido
DO01182;TE01690;NR-35;2026-05-28 00:00:00;Vencido
DO01183;TE01306;Integração;2025-03-09 00:00:00;Válido
DO01184;TE00031;Seguro;2025-01-11 00:00:00;Válido
DO01185;TE01178;NR-10;2024-11-14 00:00:00;Válido
DO01186;TE02014;ASO;2025-12-23 00:00:00;Válido
DO01187;TE00128;Seguro;2025-07-29 00:00:00;Pendente
DO01188;TE00847;Seguro;2024-10-11 00:00:00;Válido
DO01189;TE00573;Integração;2026-03-18 00:00:00;Válido
DO01190;TE01759;NR-10;2026-02-22 00:00:00;Válido
DO01191;TE01049;ASO;2024-04-08 00:00:00;Válido
DO01192;TE02296;Seguro;2024-01-29 00:00:00;Pendente
DO01193;TE01998;NR-10;2025-08-22 00:00:00;Válido
DO01194;TE01357;NR-35;2024-03-24 00:00:00;Válido
DO01195;TE00867;Seguro;2025-10-14 00:00:00;Válido
DO01196;TE01976;Seguro;2026-05-21 00:00:00;Válido
DO01197;TE01737;NR-35;2024-01-12 00:00:00;Vencido
DO01198;TE00139;NR-35;2025-04-15 00:00:00;Válido
DO01199;TE02545;NR-35;2026-07-24 00:00:00;Válido
DO01200;TE03084;Integração;2025-07-18 00:00:00;Válido
DO01201;TE01532;Integração;2025-03-11 00:00:00;Válido
DO01202;TE00237;Integração;2024-04-21 00:00:00;Válido
DO01203;TE00239;NR-10;2025-09-21 00:00:00;Válido
DO01204;TE02994;ASO;2025-08-03 00:00:00;Válido
DO01205;TE01645;Seguro;2025-07-31 00:00:00;Válido
DO01206;TE00845;NR-35;2024-08-31 00:00:00;Válido
DO01207;TE01817;NR-10;2025-10-30 00:00:00;Vencido
DO01208;TE01595;Seguro;2026-04-19 00:00:00;Válido
DO01209;TE01307;NR-35;2026-05-04 00:00:00;Vencido
DO01210;TE02419;Seguro;2025-11-30 00:00:00;Válido
DO01211;TE02600;NR-10;2025-09-27 00:00:00;Válido
DO01212;TE02785;Seguro;2025-09-26 00:00:00;Válido
DO01213;TE00460;NR-10;2025-04-25 00:00:00;Válido
DO01214;TE00246;Integração;2025-02-14 00:00:00;Válido
DO01215;TE01300;ASO;2024-06-20 00:00:00;Válido
DO01216;TE00967;NR-35;2026-01-11 00:00:00;Válido
DO01217;TE00990;NR-35;2024-12-07 00:00:00;Válido
DO01218;TE02270;Seguro;2026-07-11 00:00:00;Válido
DO01219;TE00173;NR-35;2025-12-28 00:00:00;Válido
DO01220;TE00970;Integração;2026-06-10 00:00:00;Válido
DO01221;TE02526;NR-10;2026-05-05 00:00:00;Válido
DO01222;TE00165;Seguro;2025-08-13 00:00:00;Válido
DO01223;TE01970;ASO;2025-02-16 00:00:00;Pendente
DO01224;TE02598;Seguro;2024-03-19 00:00:00;Válido
DO01225;TE02682;NR-35;2025-11-01 00:00:00;Vencido
DO01226;TE00612;Seguro;2024-03-22 00:00:00;Válido
DO01227;TE01844;ASO;2025-01-13 00:00:00;Válido
DO01228;TE00276;ASO;2024-09-12 00:00:00;Válido
DO01229;TE02112;Seguro;2024-05-12 00:00:00;Válido
DO01230;TE00088;Seguro;2026-06-14 00:00:00;Válido
DO01231;TE02782;Integração;2025-09-28 00:00:00;Vencido
DO01232;TE00971;Integração;2025-10-09 00:00:00;Válido
DO01233;TE02603;ASO;2024-03-18 00:00:00;Válido
DO01234;TE02001;Integração;2026-01-07 00:00:00;Vencido
DO01235;TE01079;ASO;2025-01-25 00:00:00;Válido
DO01236;TE03172;Integração;2024-06-26 00:00:00;Válido
DO01237;TE02839;NR-10;2025-07-22 00:00:00;Válido
DO01238;TE00804;NR-10;2026-02-03 00:00:00;Vencido
DO01239;TE03045;Seguro;2025-07-05 00:00:00;Válido
DO01240;TE01338;ASO;2025-06-28 00:00:00;Válido
DO01241;TE01757;ASO;2026-03-25 00:00:00;Válido
DO01242;TE01977;Integração;2024-04-04 00:00:00;Válido
DO01243;TE02389;Seguro;2024-09-12 00:00:00;Válido
DO01244;TE00665;ASO;2026-02-02 00:00:00;Válido
DO01245;TE02982;NR-35;2024-12-04 00:00:00;Vencido
DO01246;TE02226;Seguro;2026-05-05 00:00:00;Válido
DO01247;TE01919;ASO;2025-05-23 00:00:00;Válido
DO01248;TE00560;NR-35;2024-09-10 00:00:00;Válido
DO01249;TE00922;NR-35;2024-08-20 00:00:00;Válido
DO01250;TE00527;NR-10;2025-12-21 00:00:00;Válido
DO01251;TE00705;Seguro;2025-03-27 00:00:00;Válido
DO01252;TE00976;ASO;2024-11-04 00:00:00;Válido
DO01253;TE02849;Seguro;2025-01-05 00:00:00;Válido
DO01254;TE00162;NR-35;2025-04-10 00:00:00;Válido
DO01255;TE02915;NR-10;2026-07-30 00:00:00;Válido
DO01256;TE00453;Integração;2024-02-07 00:00:00;Válido
DO01257;TE02920;NR-35;2025-05-05 00:00:00;Válido
DO01258;TE02299;NR-10;2026-01-08 00:00:00;Válido
DO01259;TE02779;NR-35;2024-11-08 00:00:00;Válido
DO01260;TE03039;NR-35;2024-01-17 00:00:00;Válido
DO01261;TE00224;ASO;2025-11-30 00:00:00;Válido
DO01262;TE01664;NR-35;2025-11-19 00:00:00;Válido
DO01263;TE02543;Seguro;2024-12-30 00:00:00;Válido
DO01264;TE01437;Integração;2025-06-01 00:00:00;Válido
DO01265;TE01451;Seguro;2026-07-23 00:00:00;Pendente
DO01266;TE00763;NR-35;2024-02-10 00:00:00;Válido
DO01267;TE00638;Seguro;2024-04-06 00:00:00;Válido
DO01268;TE00537;NR-10;2024-06-24 00:00:00;Válido
DO01269;TE01308;NR-10;2024-06-27 00:00:00;Válido
DO01270;TE00114;ASO;2025-08-03 00:00:00;Válido
DO01271;TE02252;NR-10;2025-02-25 00:00:00;Pendente
DO01272;TE00020;ASO;2025-02-11 00:00:00;Válido
DO01273;TE01858;NR-35;2024-10-20 00:00:00;Vencido
DO01274;TE02812;ASO;2024-02-24 00:00:00;Válido
DO01275;TE01765;ASO;2024-07-11 00:00:00;Válido
DO01276;TE02330;ASO;2026-04-16 00:00:00;Válido
DO01277;TE01330;NR-10;2025-09-01 00:00:00;Válido
DO01278;TE00760;Seguro;2025-07-01 00:00:00;Válido
DO01279;TE00699;NR-10;2026-05-16 00:00:00;Válido
DO01280;TE02725;ASO;2024-06-02 00:00:00;Válido
DO01281;TE00079;Seguro;2025-08-20 00:00:00;Válido
DO01282;TE02179;ASO;2025-02-11 00:00:00;Válido
DO01283;TE01587;Seguro;2024-04-29 00:00:00;Válido
DO01284;TE02476;NR-10;2024-08-18 00:00:00;Válido
DO01285;TE00630;ASO;2026-03-17 00:00:00;Válido
DO01286;TE00127;NR-10;2025-12-29 00:00:00;Válido
DO01287;TE00422;NR-35;2025-08-14 00:00:00;Válido
DO01288;TE02902;Integração;2025-05-26 00:00:00;Pendente
DO01289;TE02876;Integração;2024-10-09 00:00:00;Válido
DO01290;TE03040;NR-35;2025-02-20 00:00:00;Válido
DO01291;TE02263;NR-35;2025-12-31 00:00:00;Vencido
DO01292;TE00517;ASO;2024-06-09 00:00:00;Válido
DO01293;TE01939;Integração;2026-05-06 00:00:00;Válido
DO01294;TE01791;Seguro;2025-01-29 00:00:00;Válido
DO01295;TE02504;Integração;2025-12-16 00:00:00;Válido
DO01296;TE01971;Seguro;2025-01-03 00:00:00;Pendente
DO01297;TE00043;ASO;2024-01-19 00:00:00;Válido
DO01298;TE01327;NR-10;2024-06-03 00:00:00;Válido
DO01299;TE00430;Integração;2024-06-22 00:00:00;Pendente
DO01300;TE02602;NR-35;2024-10-11 00:00:00;Válido
DO01301;TE02800;NR-10;2024-06-08 00:00:00;Válido
DO01302;TE02049;Seguro;2024-08-07 00:00:00;Válido
DO01303;TE00616;Seguro;2026-06-26 00:00:00;Válido
DO01304;TE02816;Seguro;2025-11-29 00:00:00;Válido
DO01305;TE01055;Seguro;2024-01-08 00:00:00;Válido
DO01306;TE01758;NR-10;2024-05-14 00:00:00;Válido
DO01307;TE02167;Integração;2025-08-17 00:00:00;Válido
DO01308;TE03041;NR-10;2025-09-27 00:00:00;Válido
DO01309;TE01688;Seguro;2025-08-17 00:00:00;Válido
DO01310;TE01805;ASO;2026-06-01 00:00:00;Válido
DO01311;TE03013;ASO;2024-10-22 00:00:00;Válido
DO01312;TE02175;NR-35;2026-01-29 00:00:00;Pendente
DO01313;TE01070;NR-10;2025-01-16 00:00:00;Válido
DO01314;TE01710;NR-10;2026-06-10 00:00:00;Válido
DO01315;TE00774;ASO;2024-01-07 00:00:00;Válido
DO01316;TE00075;Seguro;2025-01-29 00:00:00;Válido
DO01317;TE01824;Integração;2024-11-24 00:00:00;Válido
DO01318;TE01605;Seguro;2024-08-09 00:00:00;Vencido
DO01319;TE01256;ASO;2024-02-16 00:00:00;Válido
DO01320;TE00354;Integração;2024-08-04 00:00:00;Válido
DO01321;TE01363;Seguro;2024-07-05 00:00:00;Válido
DO01322;TE00958;Integração;2025-05-05 00:00:00;Válido
DO01323;TE01798;Seguro;2025-12-06 00:00:00;Válido
DO01324;TE02311;NR-35;2025-07-20 00:00:00;Válido
DO01325;TE01639;NR-10;2026-03-10 00:00:00;Válido
DO01326;TE02889;Integração;2024-11-09 00:00:00;Válido
DO01327;TE00857;NR-10;2024-04-12 00:00:00;Pendente
DO01328;TE00032;ASO;2026-05-27 00:00:00;Válido
DO01329;TE00393;NR-10;2025-06-21 00:00:00;Pendente
DO01330;TE00196;Seguro;2026-05-05 00:00:00;Válido
DO01331;TE01019;Integração;2026-01-25 00:00:00;Válido
DO01332;TE02580;Integração;2025-06-09 00:00:00;Pendente
DO01333;TE00594;NR-10;2025-10-04 00:00:00;Válido
DO01334;TE03183;Integração;2024-06-25 00:00:00;Válido
DO01335;TE01011;Seguro;2024-05-29 00:00:00;Válido
DO01336;TE01744;Integração;2026-02-23 00:00:00;Vencido
DO01337;TE00651;Seguro;2024-05-25 00:00:00;Válido
DO01338;TE00830;ASO;2024-01-17 00:00:00;Válido
DO01339;TE02169;Seguro;2025-10-08 00:00:00;Válido
DO01340;TE00911;NR-35;2025-01-10 00:00:00;Válido
DO01341;TE00202;Seguro;2025-01-14 00:00:00;Válido
DO01342;TE01558;ASO;2025-04-04 00:00:00;Pendente
DO01343;TE00861;Integração;2024-02-01 00:00:00;Válido
DO01344;TE02886;NR-10;2024-08-23 00:00:00;Válido
DO01345;TE00928;NR-10;2024-03-23 00:00:00;Válido
DO01346;TE00618;Seguro;2025-09-28 00:00:00;Pendente
DO01347;TE03069;Integração;2024-10-09 00:00:00;Válido
DO01348;TE00300;NR-10;2025-09-06 00:00:00;Válido
DO01349;TE00531;NR-35;2024-09-04 00:00:00;Válido
DO01350;TE00105;NR-10;2024-02-29 00:00:00;Válido
DO01351;TE00254;Integração;2025-10-17 00:00:00;Válido
DO01352;TE03092;Integração;2025-04-29 00:00:00;Válido
DO01353;TE02411;Integração;2024-12-19 00:00:00;Válido
DO01354;TE01388;NR-35;2025-02-24 00:00:00;Válido
DO01355;TE00285;ASO;2024-04-14 00:00:00;Válido
DO01356;TE02745;ASO;2025-08-01 00:00:00;Válido
DO01357;TE02851;NR-10;2024-04-02 00:00:00;Válido
DO01358;TE00111;Seguro;2026-04-07 00:00:00;Válido
DO01359;TE00512;Seguro;2024-09-10 00:00:00;Válido
DO01360;TE02329;Integração;2025-06-22 00:00:00;Válido
DO01361;TE02907;ASO;2025-10-22 00:00:00;Válido
DO01362;TE00626;ASO;2026-04-22 00:00:00;Válido
DO01363;TE01929;Seguro;2026-01-22 00:00:00;Válido
DO01364;TE02769;Seguro;2024-08-29 00:00:00;Válido
DO01365;TE01539;ASO;2025-11-03 00:00:00;Vencido
DO01366;TE03068;NR-10;2025-08-29 00:00:00;Válido
DO01367;TE00674;NR-10;2024-04-26 00:00:00;Vencido
DO01368;TE02368;NR-10;2025-12-23 00:00:00;Válido
DO01369;TE02496;Seguro;2024-02-17 00:00:00;Válido
DO01370;TE00774;ASO;2025-04-28 00:00:00;Válido
DO01371;TE02159;NR-35;2024-04-19 00:00:00;Válido
DO01372;TE00929;ASO;2024-08-30 00:00:00;Válido
DO01373;TE02523;NR-10;2025-05-09 00:00:00;Válido
DO01374;TE01750;ASO;2025-03-05 00:00:00;Válido
DO01375;TE02862;NR-35;2024-11-20 00:00:00;Válido
DO01376;TE01912;NR-35;2025-11-16 00:00:00;Válido
DO01377;TE00209;Seguro;2024-03-30 00:00:00;Válido
DO01378;TE02529;ASO;2024-10-24 00:00:00;Válido
DO01379;TE01137;Seguro;2024-06-09 00:00:00;Pendente
DO01380;TE02531;Integração;2025-09-19 00:00:00;Válido
DO01381;TE00274;Integração;2024-03-25 00:00:00;Válido
DO01382;TE00246;Seguro;2025-01-10 00:00:00;Válido
DO01383;TE02488;ASO;2025-11-17 00:00:00;Válido
DO01384;TE02147;Seguro;2025-04-25 00:00:00;Pendente
DO01385;TE03095;Seguro;2025-09-04 00:00:00;Válido
DO01386;TE02613;NR-35;2025-08-09 00:00:00;Válido
DO01387;TE00662;Integração;2025-12-10 00:00:00;Válido
DO01388;TE03052;NR-35;2026-06-03 00:00:00;Válido
DO01389;TE03032;Integração;2026-03-27 00:00:00;Válido
DO01390;TE00265;NR-35;2025-11-04 00:00:00;Pendente
DO01391;TE00036;NR-35;2024-10-07 00:00:00;Válido
DO01392;TE01406;Seguro;2025-03-06 00:00:00;Válido
DO01393;TE01813;ASO;2024-05-19 00:00:00;Válido
DO01394;TE00135;Seguro;2026-05-23 00:00:00;Válido
DO01395;TE00757;ASO;2026-01-09 00:00:00;Válido
DO01396;TE02568;Integração;2026-07-31 00:00:00;Vencido
DO01397;TE01918;NR-35;2025-05-12 00:00:00;Válido
DO01398;TE00583;Integração;2025-09-14 00:00:00;Vencido
DO01399;TE02843;Seguro;2025-09-14 00:00:00;Válido
DO01400;TE03181;ASO;2024-12-25 00:00:00;Pendente
DO01401;TE02177;Seguro;2025-09-26 00:00:00;Pendente
DO01402;TE02083;Seguro;2025-12-03 00:00:00;Válido
DO01403;TE00246;Seguro;2024-05-20 00:00:00;Válido
DO01404;TE01367;Integração;2025-06-04 00:00:00;Válido
DO01405;TE00751;NR-35;2025-08-28 00:00:00;Válido
DO01406;TE01115;Seguro;2025-08-12 00:00:00;Pendente
DO01407;TE01548;NR-10;2024-12-16 00:00:00;Pendente
DO01408;TE01409;NR-10;2024-07-15 00:00:00;Vencido
DO01409;TE02107;Integração;2025-12-21 00:00:00;Válido
DO01410;TE02544;ASO;2024-04-26 00:00:00;Válido
DO01411;TE00832;NR-10;2025-09-26 00:00:00;Vencido
DO01412;TE02471;NR-35;2025-12-14 00:00:00;Válido
DO01413;TE02017;Seguro;2024-03-10 00:00:00;Válido
DO01414;TE02898;Seguro;2025-03-04 00:00:00;Pendente
DO01415;TE02824;Integração;2025-12-17 00:00:00;Válido
DO01416;TE01962;Seguro;2025-01-26 00:00:00;Válido
DO01417;TE00446;NR-10;2025-09-01 00:00:00;Pendente
DO01418;TE00571;NR-10;2025-10-15 00:00:00;Válido
DO01419;TE00852;Seguro;2025-09-14 00:00:00;Válido
DO01420;TE02267;ASO;2025-04-04 00:00:00;Válido
DO01421;TE02212;NR-10;2025-11-14 00:00:00;Pendente
DO01422;TE00899;Seguro;2025-08-09 00:00:00;Válido
DO01423;TE01586;NR-35;2024-07-23 00:00:00;Válido
DO01424;TE00763;Integração;2025-07-05 00:00:00;Válido
DO01425;TE02903;Integração;2025-06-17 00:00:00;Válido
DO01426;TE01187;ASO;2025-07-01 00:00:00;Válido
DO01427;TE01163;ASO;2024-04-27 00:00:00;Vencido
DO01428;TE00286;NR-35;2025-09-16 00:00:00;Válido
DO01429;TE01161;ASO;2025-04-08 00:00:00;Válido
DO01430;TE00424;NR-10;2024-10-13 00:00:00;Válido
DO01431;TE02263;ASO;2026-06-25 00:00:00;Pendente
DO01432;TE01701;Seguro;2026-07-13 00:00:00;Válido
DO01433;TE00430;ASO;2026-01-14 00:00:00;Válido
DO01434;TE02030;Integração;2025-10-17 00:00:00;Válido
DO01435;TE03072;NR-10;2024-04-25 00:00:00;Válido
DO01436;TE00372;NR-10;2026-06-05 00:00:00;Válido
DO01437;TE02878;ASO;2025-11-14 00:00:00;Válido
DO01438;TE02400;NR-10;2026-01-07 00:00:00;Válido
DO01439;TE02154;ASO;2025-05-13 00:00:00;Válido
DO01440;TE01204;Seguro;2025-08-06 00:00:00;Válido
DO01441;TE00037;ASO;2025-05-20 00:00:00;Válido
DO01442;TE02505;Integração;2024-11-24 00:00:00;Válido
DO01443;TE01921;Seguro;2024-11-21 00:00:00;Vencido
DO01444;TE00722;Integração;2025-04-05 00:00:00;Pendente
DO01445;TE00115;NR-10;2025-01-20 00:00:00;Válido
DO01446;TE02969;Seguro;2026-03-23 00:00:00;Válido
DO01447;TE01176;Integração;2024-07-30 00:00:00;Vencido
DO01448;TE01265;ASO;2025-03-22 00:00:00;Válido
DO01449;TE03038;NR-10;2024-11-13 00:00:00;Vencido
DO01450;TE02266;Integração;2026-05-11 00:00:00;Válido
DO01451;TE00687;Integração;2025-02-21 00:00:00;Válido
DO01452;TE00051;Integração;2025-06-13 00:00:00;Válido
DO01453;TE02975;NR-10;2025-01-10 00:00:00;Pendente
DO01454;TE01308;NR-35;2026-07-10 00:00:00;Válido
DO01455;TE02695;NR-10;2025-04-28 00:00:00;Vencido
DO01456;TE02328;NR-10;2026-01-08 00:00:00;Válido
DO01457;TE00815;Integração;2024-10-08 00:00:00;Vencido
DO01458;TE02684;NR-35;2025-07-25 00:00:00;Válido
DO01459;TE01927;Seguro;2025-09-25 00:00:00;Válido
DO01460;TE01820;NR-10;2025-05-19 00:00:00;Válido
DO01461;TE00013;NR-35;2025-04-10 00:00:00;Válido
DO01462;TE02918;Integração;2025-07-06 00:00:00;Vencido
DO01463;TE00841;NR-35;2024-07-06 00:00:00;Válido
DO01464;TE01796;ASO;2025-10-12 00:00:00;Válido
DO01465;TE01370;Integração;2024-12-03 00:00:00;Válido
DO01466;TE01905;ASO;2024-08-21 00:00:00;Válido
DO01467;TE02202;NR-35;2025-09-23 00:00:00;Válido
DO01468;TE01984;NR-10;2026-05-01 00:00:00;Válido
DO01469;TE02525;ASO;2024-01-24 00:00:00;Válido
DO01470;TE01722;Integração;2025-10-25 00:00:00;Válido
DO01471;TE00986;NR-10;2024-03-19 00:00:00;Válido
DO01472;TE00021;Seguro;2026-04-11 00:00:00;Válido
DO01473;TE01765;NR-35;2024-12-19 00:00:00;Válido
DO01474;TE02815;NR-35;2026-03-03 00:00:00;Válido
DO01475;TE03076;NR-10;2024-11-13 00:00:00;Pendente
DO01476;TE02666;NR-35;2024-02-24 00:00:00;Válido
DO01477;TE02837;NR-10;2024-08-14 00:00:00;Válido
DO01478;TE03076;ASO;2025-03-25 00:00:00;Válido
DO01479;TE01768;NR-35;2024-02-12 00:00:00;Válido
DO01480;TE01301;Seguro;2025-01-07 00:00:00;Válido
DO01481;TE00611;Seguro;2025-11-06 00:00:00;Válido
DO01482;TE01037;Seguro;2025-03-23 00:00:00;Vencido
DO01483;TE00019;ASO;2024-03-07 00:00:00;Válido
DO01484;TE01641;NR-10;2025-01-20 00:00:00;Vencido
DO01485;TE02848;NR-35;2025-01-10 00:00:00;Válido
DO01486;TE01414;Seguro;2024-01-28 00:00:00;Pendente
DO01487;TE01209;Seguro;2026-06-08 00:00:00;Válido
DO01488;TE02318;ASO;2024-08-15 00:00:00;Válido
DO01489;TE03038;Seguro;2026-01-31 00:00:00;Válido
DO01490;TE01517;ASO;2025-03-03 00:00:00;Válido
DO01491;TE01568;ASO;2024-03-04 00:00:00;Válido
DO01492;TE01968;Seguro;2025-04-18 00:00:00;Válido
DO01493;TE00304;ASO;2025-07-07 00:00:00;Válido
DO01494;TE02639;Seguro;2026-06-06 00:00:00;Válido
DO01495;TE01061;Seguro;2026-02-02 00:00:00;Válido
DO01496;TE02071;Integração;2024-06-06 00:00:00;Válido
DO01497;TE01273;ASO;2026-04-01 00:00:00;Válido
DO01498;TE01213;NR-35;2026-06-03 00:00:00;Pendente
DO01499;TE01847;Seguro;2024-07-05 00:00:00;Válido
DO01500;TE00022;Seguro;2025-08-27 00:00:00;Válido
DO01501;TE00702;NR-10;2024-11-09 00:00:00;Válido
DO01502;TE00540;NR-10;2024-12-30 00:00:00;Válido
DO01503;TE00817;ASO;2024-12-10 00:00:00;Válido
DO01504;TE01178;NR-10;2024-11-12 00:00:00;Válido
DO01505;TE00096;NR-35;2024-12-19 00:00:00;Válido
DO01506;TE01570;NR-10;2025-01-01 00:00:00;Válido
DO01507;TE00646;NR-35;2025-02-08 00:00:00;Válido
DO01508;TE00428;Seguro;2024-09-17 00:00:00;Válido
DO01509;TE00964;ASO;2026-02-03 00:00:00;Válido
DO01510;TE02014;Seguro;2025-01-12 00:00:00;Válido
DO01511;TE01854;ASO;2026-01-24 00:00:00;Válido
DO01512;TE01247;Seguro;2026-05-05 00:00:00;Válido
DO01513;TE01663;ASO;2025-04-19 00:00:00;Válido
DO01514;TE03196;Integração;2025-06-18 00:00:00;Válido
DO01515;TE03096;Integração;2025-01-06 00:00:00;Válido
DO01516;TE00399;Integração;2024-06-22 00:00:00;Válido
DO01517;TE02411;NR-10;2025-04-20 00:00:00;Pendente
DO01518;TE00192;Seguro;2024-05-09 00:00:00;Válido
DO01519;TE01873;NR-35;2024-05-06 00:00:00;Válido
DO01520;TE00260;ASO;2024-10-21 00:00:00;Vencido
DO01521;TE02402;NR-35;2024-10-09 00:00:00;Válido
DO01522;TE01239;NR-10;2026-06-25 00:00:00;Vencido
DO01523;TE02956;NR-10;2024-09-13 00:00:00;Vencido
DO01524;TE01865;Seguro;2024-11-21 00:00:00;Válido
DO01525;TE00242;NR-35;2025-08-21 00:00:00;Válido
DO01526;TE01116;Integração;2025-01-07 00:00:00;Válido
DO01527;TE01483;Integração;2026-05-28 00:00:00;Válido
DO01528;TE02243;Seguro;2025-11-01 00:00:00;Válido
DO01529;TE00940;NR-10;2024-07-03 00:00:00;Válido
DO01530;TE02929;NR-10;2024-04-05 00:00:00;Válido
DO01531;TE02358;Integração;2025-03-11 00:00:00;Válido
DO01532;TE00293;Integração;2024-08-11 00:00:00;Pendente
DO01533;TE02100;Integração;2024-12-09 00:00:00;Válido
DO01534;TE00178;ASO;2026-01-04 00:00:00;Válido
DO01535;TE03114;ASO;2024-11-23 00:00:00;Válido
DO01536;TE00521;Integração;2026-01-04 00:00:00;Pendente
DO01537;TE01724;ASO;2026-07-14 00:00:00;Pendente
DO01538;TE01444;NR-10;2025-12-05 00:00:00;Válido
DO01539;TE00748;NR-10;2026-02-02 00:00:00;Válido
DO01540;TE00456;Integração;2024-04-09 00:00:00;Válido
DO01541;TE02954;Seguro;2025-07-17 00:00:00;Válido
DO01542;TE01935;NR-35;2024-01-06 00:00:00;Válido
DO01543;TE02660;NR-10;2024-01-20 00:00:00;Válido
DO01544;TE01004;Seguro;2025-10-24 00:00:00;Válido
DO01545;TE01358;ASO;2024-04-02 00:00:00;Válido
DO01546;TE00818;Integração;2024-05-11 00:00:00;Vencido
DO01547;TE02680;Seguro;2024-10-21 00:00:00;Válido
DO01548;TE01456;Seguro;2025-09-11 00:00:00;Válido
DO01549;TE00569;NR-35;2025-02-01 00:00:00;Pendente
DO01550;TE02038;Seguro;2024-08-23 00:00:00;Válido
DO01551;TE02740;Seguro;2024-12-12 00:00:00;Válido
DO01552;TE01932;ASO;2024-07-14 00:00:00;Válido
DO01553;TE00467;NR-35;2024-05-01 00:00:00;Válido
DO01554;TE00826;NR-35;2024-04-29 00:00:00;Válido
DO01555;TE01346;ASO;2025-01-31 00:00:00;Válido
DO01556;TE01030;Seguro;2025-10-14 00:00:00;Válido
DO01557;TE02827;ASO;2024-11-06 00:00:00;Válido
DO01558;TE00185;NR-35;2025-03-28 00:00:00;Válido
DO01559;TE01042;ASO;2025-12-01 00:00:00;Válido
DO01560;TE01729;Seguro;2025-01-29 00:00:00;Válido
DO01561;TE02847;Seguro;2025-02-18 00:00:00;Válido
DO01562;TE00555;ASO;2024-07-25 00:00:00;Válido
DO01563;TE01726;Integração;2024-05-18 00:00:00;Válido
DO01564;TE02802;Seguro;2026-05-05 00:00:00;Válido
DO01565;TE03039;NR-10;2025-11-18 00:00:00;Pendente
DO01566;TE02157;Seguro;2026-02-07 00:00:00;Válido
DO01567;TE01018;ASO;2025-02-15 00:00:00;Válido
DO01568;TE02131;Integração;2024-06-06 00:00:00;Válido
DO01569;TE00740;ASO;2025-04-10 00:00:00;Válido
DO01570;TE02555;NR-10;2024-01-28 00:00:00;Válido
DO01571;TE01331;ASO;2026-02-08 00:00:00;Válido
DO01572;TE02692;Integração;2026-05-09 00:00:00;Válido
DO01573;TE00785;Integração;2024-06-13 00:00:00;Válido
DO01574;TE00220;Seguro;2026-07-02 00:00:00;Válido
DO01575;TE01884;Seguro;2025-07-30 00:00:00;Válido
DO01576;TE01643;Seguro;2025-04-09 00:00:00;Válido
DO01577;TE00291;Integração;2025-03-25 00:00:00;Válido
DO01578;TE00904;NR-35;2025-01-03 00:00:00;Válido
DO01579;TE01379;Seguro;2024-04-21 00:00:00;Válido
DO01580;TE02599;NR-35;2025-04-16 00:00:00;Válido
DO01581;TE03139;Integração;2026-06-14 00:00:00;Válido
DO01582;TE03055;ASO;2025-10-26 00:00:00;Válido
DO01583;TE02308;NR-10;2025-07-10 00:00:00;Válido
DO01584;TE03000;NR-35;2024-10-30 00:00:00;Pendente
DO01585;TE01239;Integração;2026-06-16 00:00:00;Válido
DO01586;TE02478;NR-35;2025-10-04 00:00:00;Válido
DO01587;TE01892;Integração;2024-11-14 00:00:00;Válido
DO01588;TE00372;Seguro;2025-02-10 00:00:00;Válido
DO01589;TE00729;NR-35;2024-10-29 00:00:00;Válido
DO01590;TE01173;Integração;2026-02-19 00:00:00;Vencido
DO01591;TE01624;NR-10;2024-09-16 00:00:00;Válido
DO01592;TE00992;Seguro;2025-05-05 00:00:00;Válido
DO01593;TE00495;ASO;2026-04-30 00:00:00;Válido
DO01594;TE01689;NR-10;2025-07-23 00:00:00;Válido
DO01595;TE00538;NR-10;2025-10-09 00:00:00;Vencido
DO01596;TE02463;NR-35;2024-11-22 00:00:00;Válido
DO01597;TE01672;NR-35;2026-02-06 00:00:00;Válido
DO01598;TE00670;NR-35;2026-07-07 00:00:00;Válido
DO01599;TE02147;Seguro;2025-06-22 00:00:00;Pendente
DO01600;TE00771;Integração;2024-11-06 00:00:00;Válido
DO01601;TE00571;Integração;2024-08-20 00:00:00;Válido
DO01602;TE00870;ASO;2024-02-13 00:00:00;Válido
DO01603;TE01898;NR-35;2025-12-24 00:00:00;Válido
DO01604;TE00067;NR-10;2025-11-06 00:00:00;Válido
DO01605;TE02279;NR-10;2026-06-26 00:00:00;Válido
DO01606;TE00263;Integração;2024-08-15 00:00:00;Válido
DO01607;TE03044;NR-10;2024-09-25 00:00:00;Válido
DO01608;TE01409;NR-35;2024-03-29 00:00:00;Válido
DO01609;TE02082;ASO;2025-02-08 00:00:00;Válido
DO01610;TE00070;NR-10;2024-09-14 00:00:00;Válido
DO01611;TE01338;ASO;2024-08-25 00:00:00;Válido
DO01612;TE02204;NR-35;2026-01-22 00:00:00;Válido
DO01613;TE01922;ASO;2024-10-20 00:00:00;Válido
DO01614;TE02719;Seguro;2025-01-12 00:00:00;Válido
DO01615;TE00989;Seguro;2024-01-08 00:00:00;Válido
DO01616;TE01548;Seguro;2024-03-20 00:00:00;Válido
DO01617;TE03093;NR-10;2024-04-18 00:00:00;Válido
DO01618;TE01234;Integração;2026-02-09 00:00:00;Válido
DO01619;TE01670;Integração;2024-09-06 00:00:00;Válido
DO01620;TE01837;NR-10;2024-03-01 00:00:00;Válido
DO01621;TE02812;Integração;2026-05-05 00:00:00;Válido
DO01622;TE00177;ASO;2026-04-05 00:00:00;Válido
DO01623;TE02325;Seguro;2025-09-30 00:00:00;Válido
DO01624;TE02493;NR-35;2024-11-07 00:00:00;Pendente
DO01625;TE02609;Seguro;2026-01-24 00:00:00;Vencido
DO01626;TE00481;NR-35;2025-12-17 00:00:00;Válido
DO01627;TE01733;ASO;2025-06-15 00:00:00;Vencido
DO01628;TE01783;Seguro;2025-02-25 00:00:00;Vencido
DO01629;TE00962;NR-35;2024-02-15 00:00:00;Válido
DO01630;TE01787;Integração;2024-04-20 00:00:00;Válido
DO01631;TE00118;Seguro;2024-11-07 00:00:00;Válido
DO01632;TE02545;Integração;2025-11-07 00:00:00;Válido
DO01633;TE00155;ASO;2024-05-23 00:00:00;Válido
DO01634;TE02714;Integração;2024-01-08 00:00:00;Válido
DO01635;TE02762;NR-35;2025-06-05 00:00:00;Válido
DO01636;TE01828;Integração;2024-12-31 00:00:00;Válido
DO01637;TE01224;Integração;2026-02-08 00:00:00;Válido
DO01638;TE01345;Seguro;2026-05-15 00:00:00;Válido
DO01639;TE02931;Seguro;2025-04-11 00:00:00;Válido
DO01640;TE01484;Integração;2024-04-04 00:00:00;Válido
DO01641;TE03121;NR-35;2024-05-22 00:00:00;Vencido
DO01642;TE02879;Integração;2024-03-03 00:00:00;Vencido
DO01643;TE02821;NR-10;2024-06-02 00:00:00;Válido
DO01644;TE02119;ASO;2025-02-21 00:00:00;Válido
DO01645;TE01918;Integração;2025-01-05 00:00:00;Vencido
DO01646;TE01230;NR-35;2024-08-02 00:00:00;Válido
DO01647;TE00243;ASO;2026-02-26 00:00:00;Válido
DO01648;TE01668;Integração;2025-08-15 00:00:00;Válido
DO01649;TE00579;Seguro;2024-12-31 00:00:00;Válido
DO01650;TE02973;NR-10;2024-02-29 00:00:00;Válido
DO01651;TE00408;ASO;2026-01-02 00:00:00;Válido
DO01652;TE00174;Integração;2024-08-08 00:00:00;Válido
DO01653;TE00295;ASO;2024-05-20 00:00:00;Válido
DO01654;TE01585;NR-35;2025-12-08 00:00:00;Válido
DO01655;TE02819;Integração;2024-02-11 00:00:00;Válido
DO01656;TE01670;NR-35;2025-08-06 00:00:00;Válido
DO01657;TE03147;ASO;2025-07-01 00:00:00;Válido
DO01658;TE00259;ASO;2025-12-16 00:00:00;Válido
DO01659;TE01212;Seguro;2026-03-10 00:00:00;Válido
DO01660;TE03089;Seguro;2025-10-31 00:00:00;Válido
DO01661;TE01984;Seguro;2025-03-13 00:00:00;Válido
DO01662;TE01244;Seguro;2024-01-31 00:00:00;Válido
DO01663;TE00994;Seguro;2026-03-31 00:00:00;Válido
DO01664;TE01065;NR-35;2024-07-14 00:00:00;Válido
DO01665;TE02249;Seguro;2024-07-13 00:00:00;Válido
DO01666;TE02922;NR-10;2026-04-10 00:00:00;Válido
DO01667;TE03190;Integração;2024-12-31 00:00:00;Válido
DO01668;TE01687;Seguro;2026-03-06 00:00:00;Válido
DO01669;TE02522;Seguro;2025-11-10 00:00:00;Válido
DO01670;TE00157;NR-35;2024-12-18 00:00:00;Válido
DO01671;TE01215;NR-35;2024-04-29 00:00:00;Vencido
DO01672;TE01128;Integração;2026-04-30 00:00:00;Válido
DO01673;TE01970;Seguro;2024-10-25 00:00:00;Válido
DO01674;TE00138;ASO;2025-06-10 00:00:00;Pendente
DO01675;TE01457;Seguro;2026-05-20 00:00:00;Vencido
DO01676;TE03102;Integração;2025-08-31 00:00:00;Válido
DO01677;TE00458;ASO;2024-02-09 00:00:00;Válido
DO01678;TE02589;ASO;2026-04-10 00:00:00;Válido
DO01679;TE02362;NR-10;2025-12-09 00:00:00;Vencido
DO01680;TE02425;ASO;2024-05-11 00:00:00;Válido
DO01681;TE01072;Integração;2026-01-04 00:00:00;Vencido
DO01682;TE01421;NR-10;2026-04-19 00:00:00;Válido
DO01683;TE02623;NR-35;2026-04-18 00:00:00;Válido
DO01684;TE00886;ASO;2024-04-26 00:00:00;Válido
DO01685;TE03009;Integração;2025-07-27 00:00:00;Válido
DO01686;TE03044;ASO;2026-02-23 00:00:00;Válido
DO01687;TE00412;ASO;2025-04-21 00:00:00;Válido
DO01688;TE03068;ASO;2024-09-30 00:00:00;Válido
DO01689;TE00783;NR-10;2024-03-01 00:00:00;Válido
DO01690;TE02812;ASO;2025-12-04 00:00:00;Válido
DO01691;TE01372;Seguro;2026-06-18 00:00:00;Válido
DO01692;TE01372;Integração;2026-01-24 00:00:00;Válido
DO01693;TE01160;NR-35;2024-07-08 00:00:00;Válido
DO01694;TE02917;ASO;2025-05-28 00:00:00;Válido
DO01695;TE00349;Seguro;2025-02-23 00:00:00;Válido
DO01696;TE01529;ASO;2025-05-14 00:00:00;Válido
DO01697;TE01196;NR-10;2025-12-06 00:00:00;Válido
DO01698;TE02329;NR-10;2026-03-24 00:00:00;Válido
DO01699;TE01924;Seguro;2026-07-05 00:00:00;Pendente
DO01700;TE01526;Integração;2024-10-31 00:00:00;Válido
DO01701;TE01079;NR-10;2024-04-25 00:00:00;Válido
DO01702;TE01913;ASO;2026-01-01 00:00:00;Vencido
DO01703;TE01394;NR-35;2025-03-05 00:00:00;Válido
DO01704;TE02705;Seguro;2024-12-20 00:00:00;Válido
DO01705;TE00544;NR-35;2025-04-23 00:00:00;Válido
DO01706;TE02911;NR-10;2025-09-09 00:00:00;Válido
DO01707;TE01041;NR-10;2026-02-18 00:00:00;Pendente
DO01708;TE01341;Seguro;2024-04-21 00:00:00;Vencido
DO01709;TE00455;ASO;2025-03-31 00:00:00;Válido
DO01710;TE00682;NR-10;2025-08-01 00:00:00;Válido
DO01711;TE01888;NR-35;2025-08-01 00:00:00;Válido
DO01712;TE01336;NR-10;2025-11-01 00:00:00;Válido
DO01713;TE02220;NR-35;2024-05-01 00:00:00;Válido
DO01714;TE03087;NR-35;2026-06-03 00:00:00;Válido
DO01715;TE00054;Integração;2025-01-13 00:00:00;Válido
DO01716;TE00844;ASO;2026-07-01 00:00:00;Vencido
DO01717;TE02678;Seguro;2024-05-21 00:00:00;Válido
DO01718;TE02111;Integração;2024-10-09 00:00:00;Pendente
DO01719;TE00557;NR-10;2025-04-28 00:00:00;Válido
DO01720;TE01943;Integração;2025-09-10 00:00:00;Vencido
DO01721;TE01062;Integração;2024-12-30 00:00:00;Válido
DO01722;TE02114;Seguro;2024-06-26 00:00:00;Válido
DO01723;TE00740;NR-10;2025-10-20 00:00:00;Válido
DO01724;TE00571;NR-10;2025-11-07 00:00:00;Válido
DO01725;TE00305;ASO;2025-06-05 00:00:00;Válido
DO01726;TE00265;ASO;2026-05-05 00:00:00;Válido
DO01727;TE02140;NR-35;2024-06-03 00:00:00;Válido
DO01728;TE02363;ASO;2024-12-16 00:00:00;Válido
DO01729;TE02776;Integração;2024-02-02 00:00:00;Válido
DO01730;TE00638;NR-35;2024-06-16 00:00:00;Válido
DO01731;TE01087;NR-35;2025-09-25 00:00:00;Válido
DO01732;TE02264;ASO;2025-09-24 00:00:00;Válido
DO01733;TE02949;Integração;2024-09-02 00:00:00;Válido
DO01734;TE01558;Seguro;2025-07-11 00:00:00;Válido
DO01735;TE01915;NR-10;2024-12-20 00:00:00;Válido
DO01736;TE01681;ASO;2025-05-22 00:00:00;Válido
DO01737;TE02713;NR-10;2024-06-09 00:00:00;Válido
DO01738;TE01073;Seguro;2026-05-05 00:00:00;Válido
DO01739;TE02996;NR-35;2024-06-08 00:00:00;Válido
DO01740;TE00368;Integração;2024-11-11 00:00:00;Válido
DO01741;TE01875;NR-35;2024-09-07 00:00:00;Vencido
DO01742;TE00688;NR-10;2026-06-27 00:00:00;Válido
DO01743;TE02854;Seguro;2025-10-08 00:00:00;Válido
DO01744;TE03067;Integração;2024-10-01 00:00:00;Válido
DO01745;TE01775;NR-10;2025-08-15 00:00:00;Válido
DO01746;TE02183;Integração;2024-02-20 00:00:00;Válido
DO01747;TE01123;NR-35;2025-05-01 00:00:00;Válido
DO01748;TE00108;NR-10;2024-04-08 00:00:00;Válido
DO01749;TE00658;NR-35;2024-03-25 00:00:00;Válido
DO01750;TE00340;Seguro;2025-03-07 00:00:00;Válido
DO01751;TE00186;NR-35;2026-01-01 00:00:00;Válido
DO01752;TE01804;NR-35;2024-04-17 00:00:00;Pendente
DO01753;TE03015;NR-10;2025-04-16 00:00:00;Válido
DO01754;TE01117;ASO;2026-04-11 00:00:00;Válido
DO01755;TE01932;ASO;2024-02-16 00:00:00;Válido
DO01756;TE00511;Seguro;2026-06-02 00:00:00;Vencido
DO01757;TE02289;ASO;2024-05-18 00:00:00;Válido
DO01758;TE02807;NR-10;2025-10-09 00:00:00;Válido
DO01759;TE01829;Seguro;2024-01-17 00:00:00;Válido
DO01760;TE01117;Integração;2026-03-08 00:00:00;Válido
DO01761;TE02383;Seguro;2025-08-17 00:00:00;Vencido
DO01762;TE01566;Seguro;2026-04-21 00:00:00;Válido
DO01763;TE01752;ASO;2024-07-23 00:00:00;Válido
DO01764;TE01213;ASO;2026-01-11 00:00:00;Válido
DO01765;TE01522;Seguro;2024-06-13 00:00:00;Pendente
DO01766;TE00343;Seguro;2024-04-20 00:00:00;Válido
DO01767;TE01812;NR-10;2025-07-17 00:00:00;Vencido
DO01768;TE01992;ASO;2024-12-28 00:00:00;Válido
DO01769;TE02268;Seguro;2025-06-30 00:00:00;Pendente
DO01770;TE02336;Integração;2025-01-08 00:00:00;Válido
DO01771;TE00923;NR-10;2025-09-27 00:00:00;Pendente
DO01772;TE03116;Integração;2025-01-15 00:00:00;Válido
DO01773;TE02107;NR-35;2026-04-29 00:00:00;Válido
DO01774;TE02409;Integração;2024-01-31 00:00:00;Válido
DO01775;TE02275;Seguro;2024-09-24 00:00:00;Válido
DO01776;TE01458;Seguro;2025-04-17 00:00:00;Válido
DO01777;TE01504;ASO;2024-03-03 00:00:00;Válido
DO01778;TE03106;NR-35;2025-11-17 00:00:00;Válido
DO01779;TE01827;Seguro;2025-08-17 00:00:00;Válido
DO01780;TE02090;Seguro;2025-10-27 00:00:00;Válido
DO01781;TE02401;Seguro;2024-06-26 00:00:00;Válido
DO01782;TE01078;NR-35;2024-06-28 00:00:00;Válido
DO01783;TE02238;Integração;2026-07-03 00:00:00;Pendente
DO01784;TE02888;ASO;2025-10-03 00:00:00;Válido
DO01785;TE02932;Seguro;2025-06-18 00:00:00;Vencido
DO01786;TE01622;NR-35;2025-12-23 00:00:00;Vencido
DO01787;TE01576;ASO;2026-04-17 00:00:00;Válido
DO01788;TE00965;NR-10;2024-01-18 00:00:00;Válido
DO01789;TE01935;Integração;2025-01-29 00:00:00;Válido
DO01790;TE00655;ASO;2026-03-03 00:00:00;Válido
DO01791;TE01424;ASO;2024-03-02 00:00:00;Válido
DO01792;TE00773;Seguro;2024-08-25 00:00:00;Válido
DO01793;TE02931;NR-35;2025-02-25 00:00:00;Válido
DO01794;TE01312;NR-35;2025-03-05 00:00:00;Válido
DO01795;TE03103;NR-10;2024-05-05 00:00:00;Válido
DO01796;TE01385;ASO;2026-01-07 00:00:00;Válido
DO01797;TE01691;NR-10;2024-03-25 00:00:00;Válido
DO01798;TE00583;Seguro;2024-03-12 00:00:00;Vencido
DO01799;TE01157;NR-10;2024-12-19 00:00:00;Válido
DO01800;TE01044;NR-35;2024-05-01 00:00:00;Válido
DO01801;TE00163;NR-35;2026-04-04 00:00:00;Válido
DO01802;TE02134;Integração;2025-03-22 00:00:00;Válido
DO01803;TE02380;Integração;2026-03-16 00:00:00;Válido
DO01804;TE01418;NR-10;2025-06-20 00:00:00;Válido
DO01805;TE01398;Integração;2024-05-08 00:00:00;Válido
DO01806;TE01910;Integração;2024-10-28 00:00:00;Válido
DO01807;TE02174;ASO;2025-04-04 00:00:00;Válido
DO01808;TE01055;Seguro;2024-10-05 00:00:00;Pendente
DO01809;TE02152;ASO;2024-02-28 00:00:00;Válido
DO01810;TE01839;NR-35;2025-09-23 00:00:00;Válido
DO01811;TE02236;ASO;2026-01-18 00:00:00;Válido
DO01812;TE01162;Seguro;2024-06-28 00:00:00;Válido
DO01813;TE02997;Integração;2024-01-27 00:00:00;Pendente
DO01814;TE00971;NR-35;2024-04-20 00:00:00;Válido
DO01815;TE01155;Seguro;2026-02-18 00:00:00;Válido
DO01816;TE00826;Seguro;2024-05-07 00:00:00;Válido
DO01817;TE01532;NR-35;2025-10-02 00:00:00;Válido
DO01818;TE01080;Seguro;2026-01-04 00:00:00;Válido
DO01819;TE00212;NR-35;2024-03-19 00:00:00;Válido
DO01820;TE01150;ASO;2025-10-14 00:00:00;Válido
DO01821;TE03179;ASO;2025-01-03 00:00:00;Válido
DO01822;TE03005;NR-10;2026-03-29 00:00:00;Válido
DO01823;TE01821;Integração;2024-05-18 00:00:00;Pendente
DO01824;TE00498;ASO;2024-05-04 00:00:00;Válido
DO01825;TE01985;NR-10;2024-05-07 00:00:00;Válido
DO01826;TE01378;NR-35;2025-03-15 00:00:00;Válido
DO01827;TE00232;Seguro;2025-06-09 00:00:00;Válido
DO01828;TE00320;NR-35;2024-02-21 00:00:00;Vencido
DO01829;TE02561;NR-10;2026-05-31 00:00:00;Válido
DO01830;TE02974;ASO;2024-10-09 00:00:00;Válido
DO01831;TE03047;NR-35;2026-03-15 00:00:00;Pendente
DO01832;TE01031;NR-35;2024-05-05 00:00:00;Pendente
DO01833;TE01481;NR-10;2024-09-15 00:00:00;Válido
DO01834;TE01907;NR-10;2025-10-21 00:00:00;Pendente
DO01835;TE01228;Seguro;2025-09-12 00:00:00;Válido
DO01836;TE02182;Seguro;2024-08-11 00:00:00;Válido
DO01837;TE00903;Integração;2026-02-05 00:00:00;Vencido
DO01838;TE03030;Seguro;2024-01-31 00:00:00;Válido
DO01839;TE02526;Seguro;2024-09-18 00:00:00;Válido
DO01840;TE00443;Integração;2026-06-16 00:00:00;Válido
DO01841;TE00337;NR-10;2025-02-18 00:00:00;Válido
DO01842;TE02047;Integração;2024-03-05 00:00:00;Pendente
DO01843;TE01880;NR-10;2024-10-10 00:00:00;Válido
DO01844;TE02628;ASO;2024-01-11 00:00:00;Válido
DO01845;TE02076;ASO;2024-12-16 00:00:00;Válido
DO01846;TE02276;NR-35;2025-11-15 00:00:00;Válido
DO01847;TE02045;NR-10;2025-09-06 00:00:00;Válido
DO01848;TE00491;Seguro;2026-02-01 00:00:00;Válido
DO01849;TE03122;Seguro;2025-12-17 00:00:00;Válido
DO01850;TE02845;ASO;2024-02-15 00:00:00;Válido
DO01851;TE02033;NR-10;2025-01-09 00:00:00;Válido
DO01852;TE01079;Integração;2024-12-03 00:00:00;Pendente
DO01853;TE02237;NR-35;2024-05-08 00:00:00;Vencido
DO01854;TE00688;NR-35;2024-05-26 00:00:00;Válido
DO01855;TE00601;Integração;2024-08-30 00:00:00;Válido
DO01856;TE00875;NR-35;2024-02-25 00:00:00;Válido
DO01857;TE02929;NR-35;2025-11-19 00:00:00;Válido
DO01858;TE00670;NR-35;2024-09-16 00:00:00;Válido
DO01859;TE02490;NR-35;2024-12-21 00:00:00;Válido
DO01860;TE01094;Integração;2026-05-27 00:00:00;Pendente
DO01861;TE00145;NR-35;2024-02-12 00:00:00;Válido
DO01862;TE00852;NR-10;2024-09-01 00:00:00;Vencido
DO01863;TE00810;Integração;2024-05-16 00:00:00;Válido
DO01864;TE00719;NR-35;2024-11-02 00:00:00;Válido
DO01865;TE00563;Seguro;2025-10-02 00:00:00;Válido
DO01866;TE01606;Seguro;2025-07-10 00:00:00;Válido
DO01867;TE02493;ASO;2025-07-19 00:00:00;Válido
DO01868;TE01312;ASO;2024-10-21 00:00:00;Válido
DO01869;TE00575;NR-10;2025-09-02 00:00:00;Válido
DO01870;TE02165;ASO;2026-01-30 00:00:00;Válido
DO01871;TE02732;ASO;2025-03-14 00:00:00;Válido
DO01872;TE00348;Integração;2024-05-17 00:00:00;Válido
DO01873;TE00340;NR-35;2024-03-21 00:00:00;Vencido
DO01874;TE03187;Integração;2026-07-24 00:00:00;Válido
DO01875;TE01624;Seguro;2025-08-24 00:00:00;Válido
DO01876;TE02404;Seguro;2026-05-17 00:00:00;Válido
DO01877;TE00203;Integração;2024-06-28 00:00:00;Válido
DO01878;TE02396;NR-10;2025-08-29 00:00:00;Válido
DO01879;TE00133;ASO;2024-12-12 00:00:00;Válido
DO01880;TE02043;NR-35;2025-12-08 00:00:00;Vencido
DO01881;TE00091;Seguro;2025-03-10 00:00:00;Válido
DO01882;TE00052;NR-35;2025-08-23 00:00:00;Válido
DO01883;TE00090;NR-10;2025-11-18 00:00:00;Válido
DO01884;TE02256;Integração;2025-09-16 00:00:00;Vencido
DO01885;TE00036;NR-10;2024-02-15 00:00:00;Válido
DO01886;TE00634;NR-10;2026-06-02 00:00:00;Válido
DO01887;TE02594;ASO;2026-02-19 00:00:00;Válido
DO01888;TE03067;NR-10;2025-05-05 00:00:00;Válido
DO01889;TE02267;NR-35;2025-04-21 00:00:00;Válido
DO01890;TE02251;NR-35;2026-01-10 00:00:00;Válido
DO01891;TE00676;ASO;2024-03-26 00:00:00;Válido
DO01892;TE02447;NR-10;2025-10-25 00:00:00;Vencido
DO01893;TE02349;ASO;2026-07-01 00:00:00;Pendente
DO01894;TE01770;Seguro;2024-08-26 00:00:00;Válido
DO01895;TE00074;Integração;2024-07-10 00:00:00;Válido
DO01896;TE01360;NR-10;2024-02-24 00:00:00;Válido
DO01897;TE02468;Integração;2025-02-07 00:00:00;Vencido
DO01898;TE02293;ASO;2026-01-28 00:00:00;Válido
DO01899;TE01288;NR-10;2024-02-17 00:00:00;Válido
DO01900;TE01054;NR-10;2025-01-11 00:00:00;Válido
DO01901;TE02141;ASO;2026-06-12 00:00:00;Válido
DO01902;TE01371;NR-35;2025-03-22 00:00:00;Válido
DO01903;TE00922;NR-10;2025-02-16 00:00:00;Válido
DO01904;TE01030;Seguro;2024-12-23 00:00:00;Válido
DO01905;TE00546;NR-10;2025-11-20 00:00:00;Válido
DO01906;TE00728;Integração;2025-02-18 00:00:00;Válido
DO01907;TE03003;NR-35;2025-05-26 00:00:00;Vencido
DO01908;TE02081;NR-10;2025-01-09 00:00:00;Válido
DO01909;TE02971;Seguro;2026-06-26 00:00:00;Válido
DO01910;TE03039;NR-10;2026-03-15 00:00:00;Válido
DO01911;TE00619;Seguro;2026-04-25 00:00:00;Válido
DO01912;TE02793;ASO;2025-12-20 00:00:00;Válido
DO01913;TE01169;NR-10;2025-12-28 00:00:00;Válido
DO01914;TE01577;NR-35;2024-04-09 00:00:00;Válido
DO01915;TE02715;ASO;2025-12-07 00:00:00;Válido
DO01916;TE02007;Seguro;2024-08-17 00:00:00;Válido
DO01917;TE02283;NR-35;2024-07-29 00:00:00;Válido
DO01918;TE02443;ASO;2025-05-02 00:00:00;Válido
DO01919;TE00379;NR-10;2025-12-17 00:00:00;Válido
DO01920;TE01067;Integração;2025-07-29 00:00:00;Pendente
DO01921;TE01924;Integração;2025-06-30 00:00:00;Válido
DO01922;TE02304;Integração;2026-02-21 00:00:00;Válido
DO01923;TE01425;NR-10;2024-06-18 00:00:00;Válido
DO01924;TE01107;NR-35;2025-06-02 00:00:00;Válido
DO01925;TE01687;Seguro;2025-01-19 00:00:00;Vencido
DO01926;TE01808;NR-35;2025-08-01 00:00:00;Válido
DO01927;TE02500;ASO;2025-07-23 00:00:00;Válido
DO01928;TE01174;NR-35;2024-08-03 00:00:00;Válido
DO01929;TE02643;ASO;2025-04-15 00:00:00;Válido
DO01930;TE02615;Integração;2026-05-15 00:00:00;Válido
DO01931;TE01676;Integração;2025-03-08 00:00:00;Válido
DO01932;TE03155;NR-10;2026-06-12 00:00:00;Válido
DO01933;TE01143;ASO;2026-06-03 00:00:00;Válido
DO01934;TE01500;NR-10;2026-03-10 00:00:00;Vencido
DO01935;TE01977;NR-10;2024-05-23 00:00:00;Válido
DO01936;TE01893;NR-35;2025-10-23 00:00:00;Válido
DO01937;TE01317;ASO;2024-02-04 00:00:00;Válido
DO01938;TE00236;NR-10;2026-02-07 00:00:00;Válido
DO01939;TE01074;Integração;2025-05-25 00:00:00;Vencido
DO01940;TE02788;NR-10;2025-08-19 00:00:00;Vencido
DO01941;TE03029;NR-35;2026-03-27 00:00:00;Pendente
DO01942;TE01137;NR-10;2026-07-10 00:00:00;Válido
DO01943;TE01219;Seguro;2025-07-06 00:00:00;Válido
DO01944;TE00956;NR-10;2024-07-26 00:00:00;Válido
DO01945;TE00420;ASO;2025-06-09 00:00:00;Válido
DO01946;TE02113;Integração;2024-04-28 00:00:00;Válido
DO01947;TE01142;NR-10;2024-02-27 00:00:00;Vencido
DO01948;TE02968;Seguro;2025-03-10 00:00:00;Válido
DO01949;TE01766;Seguro;2024-08-08 00:00:00;Válido
DO01950;TE00880;ASO;2025-06-17 00:00:00;Válido
DO01951;TE02146;NR-10;2026-03-27 00:00:00;Válido
DO01952;TE01163;Seguro;2026-05-31 00:00:00;Válido
DO01953;TE01876;NR-35;2024-03-06 00:00:00;Pendente
DO01954;TE01502;NR-35;2024-09-25 00:00:00;Válido
DO01955;TE01582;NR-35;2026-01-24 00:00:00;Válido
DO01956;TE00604;ASO;2026-01-03 00:00:00;Válido
DO01957;TE01097;ASO;2024-07-28 00:00:00;Válido
DO01958;TE02626;NR-10;2024-07-26 00:00:00;Válido
DO01959;TE01848;Seguro;2025-11-29 00:00:00;Válido
DO01960;TE02085;NR-10;2026-05-29 00:00:00;Válido
DO01961;TE00895;Integração;2026-02-03 00:00:00;Válido
DO01962;TE00755;ASO;2025-03-14 00:00:00;Válido
DO01963;TE02461;NR-10;2024-05-07 00:00:00;Válido
DO01964;TE02489;Integração;2024-10-24 00:00:00;Válido
DO01965;TE02146;Integração;2025-08-02 00:00:00;Válido
DO01966;TE00814;ASO;2026-07-23 00:00:00;Válido
DO01967;TE00098;Integração;2025-09-02 00:00:00;Válido
DO01968;TE00773;NR-10;2024-02-20 00:00:00;Válido
DO01969;TE00853;NR-35;2026-05-20 00:00:00;Válido
DO01970;TE03123;Seguro;2025-02-13 00:00:00;Válido
DO01971;TE00158;Seguro;2026-01-16 00:00:00;Pendente
DO01972;TE02678;NR-10;2024-10-07 00:00:00;Válido
DO01973;TE00953;NR-10;2026-07-25 00:00:00;Válido
DO01974;TE01872;NR-35;2026-03-19 00:00:00;Válido
DO01975;TE01743;NR-35;2025-03-14 00:00:00;Pendente
DO01976;TE02861;Integração;2026-04-02 00:00:00;Válido
DO01977;TE00973;Integração;2026-03-05 00:00:00;Válido
DO01978;TE00183;NR-10;2025-12-20 00:00:00;Vencido
DO01979;TE02609;ASO;2025-04-18 00:00:00;Válido
DO01980;TE01802;Integração;2024-03-15 00:00:00;Válido
DO01981;TE00786;Integração;2024-09-02 00:00:00;Válido
DO01982;TE02144;NR-35;2024-10-25 00:00:00;Pendente
DO01983;TE01177;ASO;2025-09-02 00:00:00;Válido
DO01984;TE02545;ASO;2026-06-25 00:00:00;Válido
DO01985;TE02336;NR-10;2024-07-29 00:00:00;Válido
DO01986;TE01967;NR-35;2024-11-02 00:00:00;Válido
DO01987;TE00686;ASO;2025-09-12 00:00:00;Válido
DO01988;TE01136;NR-35;2024-10-14 00:00:00;Válido
DO01989;TE00310;ASO;2025-05-02 00:00:00;Válido
DO01990;TE00835;Seguro;2024-07-29 00:00:00;Válido
DO01991;TE02183;ASO;2024-12-08 00:00:00;Vencido
DO01992;TE03028;ASO;2024-09-19 00:00:00;Válido
DO01993;TE01180;Integração;2026-02-21 00:00:00;Válido
DO01994;TE00591;NR-10;2024-10-20 00:00:00;Válido
DO01995;TE01153;NR-35;2025-01-29 00:00:00;Válido
DO01996;TE01741;NR-35;2025-04-02 00:00:00;Válido
DO01997;TE00747;Seguro;2024-10-12 00:00:00;Válido
DO01998;TE01750;NR-35;2026-07-04 00:00:00;Válido
DO01999;TE02800;ASO;2024-12-05 00:00:00;Válido
DO02000;TE02158;Integração;2024-04-25 00:00:00;Válido
DO02001;TE01681;ASO;2024-08-22 00:00:00;Válido
DO02002;TE02188;ASO;2026-05-29 00:00:00;Válido
DO02003;TE00595;Integração;2026-06-13 00:00:00;Válido
DO02004;TE03175;Seguro;2026-02-08 00:00:00;Válido
DO02005;TE01970;NR-10;2024-09-19 00:00:00;Vencido
DO02006;TE01588;NR-10;2025-11-10 00:00:00;Válido
DO02007;TE01302;Seguro;2025-06-07 00:00:00;Válido
DO02008;TE00813;NR-10;2026-05-23 00:00:00;Válido
DO02009;TE00232;Seguro;2025-01-23 00:00:00;Válido
DO02010;TE01060;NR-10;2025-06-06 00:00:00;Vencido
DO02011;TE01068;ASO;2024-06-16 00:00:00;Válido
DO02012;TE00461;Seguro;2025-12-03 00:00:00;Válido
DO02013;TE01868;Seguro;2025-01-10 00:00:00;Válido
DO02014;TE00741;Seguro;2025-05-26 00:00:00;Válido
DO02015;TE01848;Seguro;2025-01-20 00:00:00;Válido
DO02016;TE00002;NR-10;2026-05-26 00:00:00;Pendente
DO02017;TE00669;Seguro;2025-02-16 00:00:00;Válido
DO02018;TE00510;Integração;2025-05-22 00:00:00;Vencido
DO02019;TE03080;NR-10;2025-05-12 00:00:00;Válido
DO02020;TE00453;NR-10;2025-12-28 00:00:00;Pendente
DO02021;TE02781;ASO;2025-05-13 00:00:00;Válido
DO02022;TE01889;Seguro;2025-06-25 00:00:00;Válido
DO02023;TE01877;NR-35;2024-04-09 00:00:00;Válido
DO02024;TE00829;NR-10;2025-02-23 00:00:00;Válido
DO02025;TE01863;ASO;2026-06-15 00:00:00;Válido
DO02026;TE00078;Seguro;2026-07-01 00:00:00;Válido
DO02027;TE00736;NR-10;2026-01-07 00:00:00;Válido
DO02028;TE01982;NR-10;2026-01-27 00:00:00;Válido
DO02029;TE02538;ASO;2024-01-03 00:00:00;Vencido
DO02030;TE00621;NR-10;2025-09-11 00:00:00;Válido
DO02031;TE00687;NR-35;2025-07-11 00:00:00;Válido
DO02032;TE00065;Integração;2024-07-13 00:00:00;Válido
DO02033;TE00945;Seguro;2025-04-30 00:00:00;Válido
DO02034;TE01877;Seguro;2024-03-14 00:00:00;Válido
DO02035;TE00885;NR-35;2025-07-27 00:00:00;Válido
DO02036;TE02654;Seguro;2024-03-08 00:00:00;Válido
DO02037;TE01396;Integração;2024-04-25 00:00:00;Válido
DO02038;TE01944;Integração;2025-11-27 00:00:00;Pendente
DO02039;TE00292;NR-35;2026-06-11 00:00:00;Válido
DO02040;TE01675;ASO;2025-03-11 00:00:00;Válido
DO02041;TE00537;NR-10;2024-01-26 00:00:00;Vencido
DO02042;TE00065;Seguro;2025-12-18 00:00:00;Válido
DO02043;TE00410;NR-10;2025-01-25 00:00:00;Válido
DO02044;TE02739;NR-10;2025-05-16 00:00:00;Válido
DO02045;TE02394;Seguro;2024-02-05 00:00:00;Válido
DO02046;TE01457;Seguro;2024-08-15 00:00:00;Vencido
DO02047;TE00769;ASO;2024-07-22 00:00:00;Vencido
DO02048;TE00027;ASO;2026-05-08 00:00:00;Válido
DO02049;TE00620;NR-35;2026-05-14 00:00:00;Válido
DO02050;TE01343;NR-10;2024-10-17 00:00:00;Válido
DO02051;TE01571;Seguro;2026-07-07 00:00:00;Válido
DO02052;TE01369;ASO;2024-07-01 00:00:00;Válido
DO02053;TE02812;Integração;2024-10-15 00:00:00;Válido
DO02054;TE01822;Seguro;2026-04-17 00:00:00;Pendente
DO02055;TE01762;ASO;2025-12-31 00:00:00;Válido
DO02056;TE02623;Seguro;2024-01-31 00:00:00;Pendente
DO02057;TE02858;Integração;2025-03-22 00:00:00;Vencido
DO02058;TE02034;NR-10;2024-08-09 00:00:00;Válido
DO02059;TE02238;ASO;2025-06-05 00:00:00;Válido
DO02060;TE02077;NR-35;2026-05-03 00:00:00;Válido
DO02061;TE02956;ASO;2024-12-17 00:00:00;Válido
DO02062;TE01763;Integração;2024-02-06 00:00:00;Válido
DO02063;TE01884;NR-35;2024-07-12 00:00:00;Válido
DO02064;TE02643;Integração;2026-05-31 00:00:00;Válido
DO02065;TE02283;Integração;2024-09-05 00:00:00;Válido
DO02066;TE00363;ASO;2025-03-02 00:00:00;Válido
DO02067;TE00861;ASO;2026-01-26 00:00:00;Válido
DO02068;TE02008;Integração;2026-03-17 00:00:00;Vencido
DO02069;TE00152;NR-35;2024-07-18 00:00:00;Pendente
DO02070;TE01034;Seguro;2024-12-04 00:00:00;Válido
DO02071;TE00245;Integração;2025-12-07 00:00:00;Válido
DO02072;TE01811;ASO;2026-06-28 00:00:00;Pendente
DO02073;TE00477;Integração;2026-05-14 00:00:00;Válido
DO02074;TE00688;NR-10;2025-07-27 00:00:00;Válido
DO02075;TE01284;Seguro;2024-12-10 00:00:00;Válido
DO02076;TE02902;Seguro;2025-09-13 00:00:00;Válido
DO02077;TE01503;Seguro;2025-08-10 00:00:00;Válido
DO02078;TE01280;NR-35;2025-07-15 00:00:00;Válido
DO02079;TE00383;Integração;2025-04-18 00:00:00;Vencido
DO02080;TE02045;Integração;2024-04-24 00:00:00;Válido
DO02081;TE02424;ASO;2025-12-24 00:00:00;Válido
DO02082;TE01127;Seguro;2024-12-31 00:00:00;Válido
DO02083;TE00380;Integração;2024-04-27 00:00:00;Válido
DO02084;TE01568;Seguro;2026-03-11 00:00:00;Válido
DO02085;TE02942;NR-10;2025-07-05 00:00:00;Válido
DO02086;TE02279;Seguro;2024-05-02 00:00:00;Válido
DO02087;TE01836;ASO;2026-01-06 00:00:00;Pendente
DO02088;TE00685;Seguro;2024-05-07 00:00:00;Válido
DO02089;TE01130;Integração;2026-06-19 00:00:00;Válido
DO02090;TE01358;Seguro;2025-01-30 00:00:00;Válido
DO02091;TE02893;NR-35;2024-06-26 00:00:00;Válido
DO02092;TE00212;Seguro;2024-07-01 00:00:00;Válido
DO02093;TE02066;Seguro;2024-04-20 00:00:00;Válido
DO02094;TE01108;Integração;2025-09-17 00:00:00;Válido
DO02095;TE03147;Integração;2024-09-15 00:00:00;Vencido
DO02096;TE01997;ASO;2025-05-27 00:00:00;Válido
DO02097;TE01101;NR-10;2025-12-07 00:00:00;Válido
DO02098;TE02036;Seguro;2024-04-05 00:00:00;Válido
DO02099;TE00747;ASO;2024-07-30 00:00:00;Válido
DO02100;TE00320;Seguro;2024-12-06 00:00:00;Válido
DO02101;TE02609;Integração;2024-03-05 00:00:00;Vencido
DO02102;TE02678;NR-10;2024-12-19 00:00:00;Válido
DO02103;TE02906;Integração;2025-06-06 00:00:00;Válido
DO02104;TE02796;Seguro;2024-09-20 00:00:00;Pendente
DO02105;TE01858;NR-35;2025-10-25 00:00:00;Pendente
DO02106;TE02266;Integração;2025-09-16 00:00:00;Válido
DO02107;TE02584;NR-10;2026-05-16 00:00:00;Válido
DO02108;TE00289;NR-10;2026-03-03 00:00:00;Válido
DO02109;TE00041;ASO;2026-01-17 00:00:00;Pendente
DO02110;TE00570;Integração;2025-06-23 00:00:00;Válido
DO02111;TE00332;NR-35;2024-05-17 00:00:00;Válido
DO02112;TE02444;Integração;2025-03-21 00:00:00;Válido
DO02113;TE03094;Seguro;2026-07-22 00:00:00;Válido
DO02114;TE01439;ASO;2025-11-14 00:00:00;Válido
DO02115;TE01553;NR-35;2024-02-09 00:00:00;Válido
DO02116;TE02060;NR-35;2024-03-31 00:00:00;Válido
DO02117;TE02690;NR-35;2024-05-19 00:00:00;Válido
DO02118;TE01217;ASO;2024-01-19 00:00:00;Vencido
DO02119;TE02463;NR-35;2024-01-28 00:00:00;Vencido
DO02120;TE01159;ASO;2026-07-22 00:00:00;Vencido
DO02121;TE01159;Integração;2026-07-24 00:00:00;Válido
DO02122;TE02623;ASO;2025-02-05 00:00:00;Válido
DO02123;TE00571;Seguro;2025-09-16 00:00:00;Válido
DO02124;TE01141;ASO;2024-02-05 00:00:00;Válido
DO02125;TE02546;NR-35;2024-02-02 00:00:00;Vencido
DO02126;TE02655;Seguro;2026-06-27 00:00:00;Válido
DO02127;TE00715;Integração;2025-06-30 00:00:00;Válido
DO02128;TE02105;Integração;2024-04-16 00:00:00;Pendente
DO02129;TE00063;NR-35;2024-10-20 00:00:00;Válido
DO02130;TE00481;NR-10;2026-05-30 00:00:00;Válido
DO02131;TE00245;NR-35;2024-05-14 00:00:00;Válido
DO02132;TE01886;ASO;2024-10-28 00:00:00;Válido
DO02133;TE01879;Integração;2024-05-22 00:00:00;Válido
DO02134;TE02826;ASO;2025-06-06 00:00:00;Válido
DO02135;TE00730;NR-35;2026-07-15 00:00:00;Válido
DO02136;TE00514;NR-10;2024-08-10 00:00:00;Pendente
DO02137;TE00767;Integração;2024-12-04 00:00:00;Pendente
DO02138;TE02738;NR-10;2024-11-13 00:00:00;Válido
DO02139;TE00869;NR-10;2026-05-15 00:00:00;Pendente
DO02140;TE02963;ASO;2025-08-30 00:00:00;Válido
DO02141;TE00556;NR-35;2026-01-11 00:00:00;Válido
DO02142;TE02249;ASO;2026-03-26 00:00:00;Válido
DO02143;TE02583;NR-35;2025-06-19 00:00:00;Válido
DO02144;TE02230;ASO;2025-12-09 00:00:00;Vencido
DO02145;TE02000;Integração;2025-02-18 00:00:00;Válido
DO02146;TE02447;Seguro;2024-10-07 00:00:00;Vencido
DO02147;TE00428;Integração;2026-03-13 00:00:00;Válido
DO02148;TE00673;Seguro;2024-07-09 00:00:00;Válido
DO02149;TE02677;Seguro;2024-08-22 00:00:00;Válido
DO02150;TE01977;Integração;2025-06-03 00:00:00;Válido
DO02151;TE01932;Integração;2025-11-23 00:00:00;Válido
DO02152;TE01940;Integração;2024-04-27 00:00:00;Válido
DO02153;TE01601;NR-35;2025-05-08 00:00:00;Válido
DO02154;TE01824;NR-10;2026-03-25 00:00:00;Válido
DO02155;TE02884;Integração;2025-05-07 00:00:00;Válido
DO02156;TE03096;Seguro;2024-02-22 00:00:00;Válido
DO02157;TE02287;ASO;2024-04-25 00:00:00;Válido
DO02158;TE00756;ASO;2024-12-30 00:00:00;Válido
DO02159;TE02126;ASO;2025-05-28 00:00:00;Válido
DO02160;TE02432;NR-35;2024-05-23 00:00:00;Válido
DO02161;TE00855;ASO;2025-10-26 00:00:00;Válido
DO02162;TE02401;NR-35;2025-04-02 00:00:00;Válido
DO02163;TE02757;NR-10;2025-09-25 00:00:00;Válido
DO02164;TE02691;Seguro;2025-06-22 00:00:00;Válido
DO02165;TE01869;NR-35;2026-04-06 00:00:00;Válido
DO02166;TE03056;ASO;2024-02-20 00:00:00;Válido
DO02167;TE03039;ASO;2025-04-08 00:00:00;Válido
DO02168;TE02621;NR-10;2026-03-10 00:00:00;Válido
DO02169;TE00503;NR-10;2024-08-08 00:00:00;Pendente
DO02170;TE01791;NR-35;2024-06-09 00:00:00;Válido
DO02171;TE01163;ASO;2024-11-04 00:00:00;Válido
DO02172;TE02485;ASO;2024-05-17 00:00:00;Vencido
DO02173;TE00296;NR-10;2025-07-02 00:00:00;Válido
DO02174;TE02414;Integração;2026-01-17 00:00:00;Válido
DO02175;TE01070;Seguro;2026-03-21 00:00:00;Válido
DO02176;TE00974;Integração;2026-02-11 00:00:00;Válido
DO02177;TE00155;ASO;2025-12-03 00:00:00;Válido
DO02178;TE00384;NR-10;2026-05-08 00:00:00;Pendente
DO02179;TE02165;Seguro;2025-06-11 00:00:00;Válido
DO02180;TE00863;Integração;2025-03-07 00:00:00;Válido
DO02181;TE00680;ASO;2024-10-05 00:00:00;Válido
DO02182;TE02891;NR-10;2024-11-07 00:00:00;Válido
DO02183;TE03003;ASO;2025-09-02 00:00:00;Válido
DO02184;TE00703;Seguro;2025-09-04 00:00:00;Válido
DO02185;TE00985;NR-35;2026-07-15 00:00:00;Válido
DO02186;TE02079;NR-10;2025-07-06 00:00:00;Válido
DO02187;TE02157;NR-35;2024-02-10 00:00:00;Válido
DO02188;TE03147;NR-35;2024-03-21 00:00:00;Válido
DO02189;TE02583;ASO;2024-09-14 00:00:00;Vencido
DO02190;TE02512;ASO;2025-12-18 00:00:00;Válido
DO02191;TE02325;ASO;2024-09-14 00:00:00;Válido
DO02192;TE02029;Integração;2024-08-09 00:00:00;Válido
DO02193;TE02095;NR-35;2026-01-05 00:00:00;Válido
DO02194;TE00789;NR-10;2026-06-09 00:00:00;Válido
DO02195;TE02700;NR-10;2025-12-07 00:00:00;Válido
DO02196;TE01000;NR-35;2025-11-15 00:00:00;Válido
DO02197;TE01390;ASO;2025-12-18 00:00:00;Válido
DO02198;TE00056;Seguro;2024-09-07 00:00:00;Válido
DO02199;TE02209;NR-10;2025-06-08 00:00:00;Válido
DO02200;TE02314;NR-35;2025-05-05 00:00:00;Válido
DO02201;TE02637;Integração;2025-09-14 00:00:00;Válido
DO02202;TE00518;Integração;2026-04-30 00:00:00;Válido
DO02203;TE02229;Seguro;2025-02-05 00:00:00;Pendente
DO02204;TE02240;NR-35;2026-07-05 00:00:00;Pendente
DO02205;TE01741;NR-35;2025-04-30 00:00:00;Válido
DO02206;TE00966;Integração;2024-10-01 00:00:00;Válido
DO02207;TE00821;Integração;2024-05-05 00:00:00;Válido
DO02208;TE01717;ASO;2025-10-19 00:00:00;Válido
DO02209;TE02560;Integração;2024-03-23 00:00:00;Válido
DO02210;TE00537;Seguro;2026-06-29 00:00:00;Válido
DO02211;TE02020;Seguro;2025-10-19 00:00:00;Válido
DO02212;TE03019;NR-10;2026-01-30 00:00:00;Válido
DO02213;TE02206;NR-10;2024-08-12 00:00:00;Válido
DO02214;TE01870;ASO;2024-08-28 00:00:00;Válido
DO02215;TE00374;ASO;2025-07-18 00:00:00;Válido
DO02216;TE02183;Integração;2025-07-20 00:00:00;Válido
DO02217;TE01065;NR-10;2024-03-22 00:00:00;Válido
DO02218;TE01761;Seguro;2026-05-06 00:00:00;Válido
DO02219;TE02356;Seguro;2024-03-02 00:00:00;Válido
DO02220;TE02458;NR-35;2026-01-21 00:00:00;Válido
DO02221;TE00390;Seguro;2026-02-26 00:00:00;Válido
DO02222;TE00666;NR-10;2025-07-22 00:00:00;Válido
DO02223;TE01266;NR-10;2025-10-16 00:00:00;Válido
DO02224;TE01182;NR-10;2025-09-14 00:00:00;Válido
DO02225;TE00325;Integração;2025-04-02 00:00:00;Válido
DO02226;TE01788;NR-10;2025-05-12 00:00:00;Vencido
DO02227;TE01756;NR-10;2024-12-18 00:00:00;Válido
DO02228;TE01290;NR-35;2025-10-11 00:00:00;Válido
DO02229;TE03042;ASO;2025-08-15 00:00:00;Válido
DO02230;TE01662;ASO;2024-06-28 00:00:00;Válido
DO02231;TE03185;Integração;2024-01-30 00:00:00;Válido
DO02232;TE00828;NR-35;2026-06-16 00:00:00;Válido
DO02233;TE03029;NR-35;2024-10-26 00:00:00;Válido
DO02234;TE01996;Seguro;2026-01-24 00:00:00;Válido
DO02235;TE01309;Integração;2026-02-19 00:00:00;Vencido
DO02236;TE02787;Seguro;2025-10-28 00:00:00;Válido
DO02237;TE00808;NR-35;2024-09-08 00:00:00;Válido
DO02238;TE01815;NR-35;2024-04-13 00:00:00;Válido
DO02239;TE03192;NR-10;2024-01-16 00:00:00;Válido
DO02240;TE02485;NR-35;2024-04-30 00:00:00;Válido
DO02241;TE02611;ASO;2025-11-21 00:00:00;Válido
DO02242;TE00919;ASO;2025-12-12 00:00:00;Válido
DO02243;TE01553;Integração;2025-12-10 00:00:00;Válido
DO02244;TE00751;NR-10;2025-01-01 00:00:00;Válido
DO02245;TE02311;Integração;2024-05-07 00:00:00;Válido
DO02246;TE01829;ASO;2025-09-06 00:00:00;Válido
DO02247;TE00548;Seguro;2026-01-17 00:00:00;Válido
DO02248;TE00740;ASO;2024-01-19 00:00:00;Válido
DO02249;TE00921;NR-35;2025-10-10 00:00:00;Vencido
DO02250;TE01954;Seguro;2024-09-26 00:00:00;Válido
DO02251;TE01866;NR-10;2025-10-06 00:00:00;Válido
DO02252;TE01142;ASO;2024-10-15 00:00:00;Válido
DO02253;TE01292;Seguro;2024-02-18 00:00:00;Válido
DO02254;TE01720;Seguro;2025-06-16 00:00:00;Válido
DO02255;TE02704;NR-35;2024-11-27 00:00:00;Válido
DO02256;TE00067;NR-35;2024-10-29 00:00:00;Válido
DO02257;TE00994;NR-35;2024-03-06 00:00:00;Válido
DO02258;TE00657;NR-35;2026-07-28 00:00:00;Válido
DO02259;TE01072;ASO;2024-07-29 00:00:00;Válido
DO02260;TE01756;ASO;2025-06-01 00:00:00;Válido
DO02261;TE03058;NR-35;2024-11-08 00:00:00;Pendente
DO02262;TE01328;ASO;2024-02-29 00:00:00;Válido
DO02263;TE01857;NR-10;2025-03-04 00:00:00;Válido
DO02264;TE01749;NR-35;2025-03-24 00:00:00;Válido
DO02265;TE01728;NR-10;2024-10-31 00:00:00;Válido
DO02266;TE02846;ASO;2025-02-10 00:00:00;Válido
DO02267;TE02228;Seguro;2024-09-12 00:00:00;Válido
DO02268;TE00021;NR-10;2026-04-25 00:00:00;Válido
DO02269;TE00976;Integração;2024-07-03 00:00:00;Válido
DO02270;TE00343;ASO;2025-07-13 00:00:00;Válido
DO02271;TE02514;NR-10;2026-07-02 00:00:00;Válido
DO02272;TE01382;ASO;2024-09-10 00:00:00;Pendente
DO02273;TE02689;ASO;2024-02-02 00:00:00;Válido
DO02274;TE01460;NR-35;2026-05-26 00:00:00;Válido
DO02275;TE01699;ASO;2024-04-18 00:00:00;Válido
DO02276;TE01788;NR-35;2026-05-27 00:00:00;Válido
DO02277;TE02590;Seguro;2026-05-01 00:00:00;Válido
DO02278;TE00390;Seguro;2025-04-07 00:00:00;Válido
DO02279;TE03155;Integração;2024-01-21 00:00:00;Vencido
DO02280;TE01663;Integração;2025-09-24 00:00:00;Válido
DO02281;TE03052;NR-10;2025-05-15 00:00:00;Válido
DO02282;TE00462;Seguro;2026-04-11 00:00:00;Válido
DO02283;TE02289;NR-10;2025-07-09 00:00:00;Válido
DO02284;TE01538;NR-10;2024-05-14 00:00:00;Pendente
DO02285;TE01730;ASO;2026-04-24 00:00:00;Válido
DO02286;TE01517;Seguro;2025-01-29 00:00:00;Válido
DO02287;TE02663;Integração;2025-07-04 00:00:00;Pendente
DO02288;TE02844;Seguro;2024-03-24 00:00:00;Válido
DO02289;TE01769;Seguro;2026-07-14 00:00:00;Válido
DO02290;TE01845;ASO;2025-09-03 00:00:00;Válido
DO02291;TE02168;NR-35;2024-04-30 00:00:00;Válido
DO02292;TE00900;NR-10;2024-12-07 00:00:00;Válido
DO02293;TE01631;Integração;2026-01-25 00:00:00;Válido
DO02294;TE03067;NR-10;2025-06-17 00:00:00;Válido
DO02295;TE02993;ASO;2026-04-14 00:00:00;Válido
DO02296;TE03121;NR-35;2025-11-13 00:00:00;Válido
DO02297;TE02169;Seguro;2024-06-09 00:00:00;Válido
DO02298;TE02754;Integração;2025-03-19 00:00:00;Vencido
DO02299;TE01105;NR-35;2024-06-19 00:00:00;Válido
DO02300;TE02075;NR-10;2025-04-28 00:00:00;Válido
DO02301;TE01605;Seguro;2026-01-07 00:00:00;Válido
DO02302;TE02454;NR-10;2026-03-06 00:00:00;Válido
DO02303;TE02393;NR-10;2026-03-21 00:00:00;Pendente
DO02304;TE02374;NR-10;2025-07-14 00:00:00;Válido
DO02305;TE02559;NR-35;2026-07-01 00:00:00;Válido
DO02306;TE00758;Seguro;2025-04-27 00:00:00;Válido
DO02307;TE01092;Integração;2025-05-24 00:00:00;Válido
DO02308;TE00982;ASO;2026-05-18 00:00:00;Válido
DO02309;TE02562;Integração;2025-05-14 00:00:00;Válido
DO02310;TE00751;ASO;2024-02-14 00:00:00;Válido
DO02311;TE02869;NR-35;2024-12-23 00:00:00;Válido
DO02312;TE00644;NR-10;2024-01-12 00:00:00;Válido
DO02313;TE01339;Integração;2024-03-12 00:00:00;Válido
DO02314;TE02424;NR-10;2026-07-06 00:00:00;Válido
DO02315;TE01097;Integração;2024-06-12 00:00:00;Válido
DO02316;TE01771;Integração;2025-05-25 00:00:00;Válido
DO02317;TE00436;NR-10;2025-11-09 00:00:00;Vencido
DO02318;TE02416;NR-10;2026-06-14 00:00:00;Válido
DO02319;TE01714;Integração;2024-07-03 00:00:00;Válido
DO02320;TE00537;NR-35;2025-11-14 00:00:00;Válido
DO02321;TE00445;NR-10;2024-03-12 00:00:00;Vencido
DO02322;TE01624;Seguro;2024-01-14 00:00:00;Válido
DO02323;TE00283;NR-35;2025-07-21 00:00:00;Válido
DO02324;TE00327;ASO;2025-11-19 00:00:00;Válido
DO02325;TE00211;NR-10;2025-02-01 00:00:00;Vencido
DO02326;TE00451;NR-10;2025-08-20 00:00:00;Válido
DO02327;TE03019;Seguro;2024-02-04 00:00:00;Válido
DO02328;TE01952;NR-35;2026-05-12 00:00:00;Pendente
DO02329;TE01972;NR-10;2025-12-16 00:00:00;Válido
DO02330;TE01023;Seguro;2025-04-17 00:00:00;Válido
DO02331;TE01632;Integração;2026-06-08 00:00:00;Válido
DO02332;TE00152;NR-35;2024-10-21 00:00:00;Válido
DO02333;TE02647;NR-10;2024-03-10 00:00:00;Válido
DO02334;TE01070;NR-10;2026-03-09 00:00:00;Válido
DO02335;TE01600;NR-35;2024-07-13 00:00:00;Válido
DO02336;TE02329;NR-10;2024-11-18 00:00:00;Válido
DO02337;TE02917;ASO;2024-11-13 00:00:00;Válido
DO02338;TE00009;NR-10;2025-12-08 00:00:00;Válido
DO02339;TE00363;NR-10;2025-11-13 00:00:00;Válido
DO02340;TE01008;Seguro;2024-10-27 00:00:00;Válido
DO02341;TE02998;NR-10;2026-05-19 00:00:00;Válido
DO02342;TE01567;ASO;2025-09-17 00:00:00;Válido
DO02343;TE03168;Seguro;2024-03-21 00:00:00;Válido
DO02344;TE02019;NR-10;2025-11-26 00:00:00;Válido
DO02345;TE02077;ASO;2024-09-03 00:00:00;Válido
DO02346;TE00619;ASO;2025-02-28 00:00:00;Válido
DO02347;TE00859;NR-10;2026-06-28 00:00:00;Válido
DO02348;TE00651;ASO;2025-10-14 00:00:00;Válido
DO02349;TE03144;Integração;2025-05-12 00:00:00;Válido
DO02350;TE00727;ASO;2025-03-09 00:00:00;Válido
DO02351;TE00191;ASO;2026-04-04 00:00:00;Válido
DO02352;TE00195;NR-10;2025-05-19 00:00:00;Válido
DO02353;TE01477;ASO;2024-06-04 00:00:00;Vencido
DO02354;TE00534;Seguro;2024-08-22 00:00:00;Válido
DO02355;TE00452;Integração;2025-08-30 00:00:00;Válido
DO02356;TE01113;Seguro;2026-05-07 00:00:00;Válido
DO02357;TE00362;Seguro;2026-04-01 00:00:00;Válido
DO02358;TE00658;NR-10;2025-09-23 00:00:00;Válido
DO02359;TE01601;NR-35;2026-02-26 00:00:00;Válido
DO02360;TE02538;Integração;2025-11-01 00:00:00;Válido
DO02361;TE00994;Integração;2025-02-24 00:00:00;Válido
DO02362;TE03165;ASO;2026-03-20 00:00:00;Válido
DO02363;TE02717;Seguro;2026-04-29 00:00:00;Válido
DO02364;TE00079;NR-10;2024-01-24 00:00:00;Válido
DO02365;TE02423;NR-35;2024-10-05 00:00:00;Válido
DO02366;TE03062;NR-35;2025-06-01 00:00:00;Válido
DO02367;TE01364;NR-10;2026-07-18 00:00:00;Válido
DO02368;TE02249;Seguro;2024-07-27 00:00:00;Válido
DO02369;TE00851;Seguro;2024-09-13 00:00:00;Válido
DO02370;TE00738;NR-35;2026-05-29 00:00:00;Válido
DO02371;TE02292;ASO;2025-07-06 00:00:00;Válido
DO02372;TE02576;NR-10;2025-11-10 00:00:00;Válido
DO02373;TE00737;NR-35;2024-01-13 00:00:00;Válido
DO02374;TE01154;Integração;2025-02-04 00:00:00;Vencido
DO02375;TE02055;Integração;2024-09-14 00:00:00;Válido
DO02376;TE02286;NR-10;2025-06-24 00:00:00;Válido
DO02377;TE02109;Integração;2025-06-18 00:00:00;Válido
DO02378;TE01431;NR-35;2025-11-07 00:00:00;Válido
DO02379;TE00357;Seguro;2026-03-10 00:00:00;Válido
DO02380;TE00377;Seguro;2026-03-05 00:00:00;Válido
DO02381;TE02833;Integração;2024-11-13 00:00:00;Válido
DO02382;TE03174;NR-35;2025-01-12 00:00:00;Válido
DO02383;TE02990;NR-10;2024-03-20 00:00:00;Válido
DO02384;TE00508;Seguro;2025-07-27 00:00:00;Vencido
DO02385;TE01011;NR-10;2026-07-08 00:00:00;Válido
DO02386;TE01182;NR-35;2025-09-17 00:00:00;Válido
DO02387;TE00839;ASO;2024-06-27 00:00:00;Pendente
DO02388;TE01908;Integração;2024-08-21 00:00:00;Válido
DO02389;TE01950;NR-35;2025-06-16 00:00:00;Vencido
DO02390;TE01624;NR-35;2024-09-18 00:00:00;Válido
DO02391;TE00773;NR-35;2024-06-19 00:00:00;Válido
DO02392;TE02178;NR-10;2024-03-03 00:00:00;Válido
DO02393;TE02043;ASO;2025-11-19 00:00:00;Válido
DO02394;TE02281;NR-10;2024-12-25 00:00:00;Vencido
DO02395;TE02605;NR-35;2025-11-06 00:00:00;Pendente
DO02396;TE01957;Integração;2026-04-28 00:00:00;Pendente
DO02397;TE01250;NR-10;2024-01-18 00:00:00;Válido
DO02398;TE03011;NR-35;2024-07-28 00:00:00;Válido
DO02399;TE00441;ASO;2025-03-31 00:00:00;Válido
DO02400;TE01744;NR-35;2026-05-01 00:00:00;Válido
DO02401;TE03061;NR-10;2025-09-25 00:00:00;Válido
DO02402;TE02219;Integração;2026-03-29 00:00:00;Válido
DO02403;TE01892;ASO;2024-04-11 00:00:00;Válido
DO02404;TE01446;ASO;2025-07-20 00:00:00;Válido
DO02405;TE02779;NR-35;2025-05-07 00:00:00;Pendente
DO02406;TE00427;Seguro;2026-05-29 00:00:00;Válido
DO02407;TE01377;ASO;2024-01-09 00:00:00;Válido
DO02408;TE02969;NR-35;2024-01-17 00:00:00;Válido
DO02409;TE03040;Integração;2024-01-28 00:00:00;Válido
DO02410;TE01724;ASO;2025-07-14 00:00:00;Válido
DO02411;TE02289;Integração;2024-02-18 00:00:00;Vencido
DO02412;TE00463;NR-10;2026-03-14 00:00:00;Válido
DO02413;TE01089;ASO;2026-01-23 00:00:00;Válido
DO02414;TE03137;ASO;2024-10-03 00:00:00;Pendente
DO02415;TE03116;NR-10;2025-02-18 00:00:00;Válido
DO02416;TE02334;NR-35;2026-04-25 00:00:00;Válido
DO02417;TE01810;NR-10;2025-12-09 00:00:00;Válido
DO02418;TE01317;NR-10;2026-06-23 00:00:00;Válido
DO02419;TE02599;ASO;2025-12-14 00:00:00;Válido
DO02420;TE00256;ASO;2025-04-30 00:00:00;Válido
DO02421;TE01191;Seguro;2025-02-23 00:00:00;Vencido
DO02422;TE02668;NR-10;2025-09-25 00:00:00;Vencido
DO02423;TE01924;NR-35;2025-06-20 00:00:00;Vencido
DO02424;TE00207;ASO;2025-01-20 00:00:00;Válido
DO02425;TE00758;Integração;2025-08-28 00:00:00;Válido
DO02426;TE02344;ASO;2025-10-24 00:00:00;Válido
DO02427;TE02526;NR-35;2024-09-12 00:00:00;Válido
DO02428;TE03037;Seguro;2025-03-01 00:00:00;Válido
DO02429;TE02507;ASO;2024-11-25 00:00:00;Válido
DO02430;TE01512;Seguro;2024-01-30 00:00:00;Válido
DO02431;TE01682;NR-35;2024-06-25 00:00:00;Válido
DO02432;TE00448;Seguro;2024-12-15 00:00:00;Válido
DO02433;TE02531;Seguro;2025-03-01 00:00:00;Válido
DO02434;TE00561;Integração;2024-12-20 00:00:00;Válido
DO02435;TE00987;NR-10;2024-08-09 00:00:00;Válido
DO02436;TE01166;NR-35;2025-07-04 00:00:00;Válido
DO02437;TE02638;ASO;2025-08-18 00:00:00;Válido
DO02438;TE00202;Seguro;2024-10-14 00:00:00;Válido
DO02439;TE02346;ASO;2025-12-27 00:00:00;Válido
DO02440;TE00755;NR-35;2024-04-10 00:00:00;Válido
DO02441;TE03132;Integração;2026-04-06 00:00:00;Válido
DO02442;TE00659;NR-35;2024-12-25 00:00:00;Válido
DO02443;TE00179;ASO;2025-09-01 00:00:00;Válido
DO02444;TE02935;NR-10;2025-02-11 00:00:00;Válido
DO02445;TE02695;Integração;2025-09-07 00:00:00;Válido
DO02446;TE00005;ASO;2024-06-17 00:00:00;Pendente
DO02447;TE00552;ASO;2024-12-06 00:00:00;Válido
DO02448;TE01612;Integração;2024-10-19 00:00:00;Válido
DO02449;TE00884;Integração;2024-10-26 00:00:00;Válido
DO02450;TE01266;NR-35;2024-08-02 00:00:00;Válido
DO02451;TE00322;Seguro;2026-06-02 00:00:00;Válido
DO02452;TE02809;Integração;2024-02-01 00:00:00;Válido
DO02453;TE03029;NR-35;2025-07-08 00:00:00;Pendente
DO02454;TE01181;Integração;2025-04-11 00:00:00;Válido
DO02455;TE00939;NR-10;2026-07-19 00:00:00;Válido
DO02456;TE01048;NR-35;2024-03-16 00:00:00;Válido
DO02457;TE00140;ASO;2024-02-10 00:00:00;Válido
DO02458;TE01274;ASO;2024-06-23 00:00:00;Válido
DO02459;TE00444;NR-10;2025-04-05 00:00:00;Vencido
DO02460;TE03130;Integração;2025-12-12 00:00:00;Válido
DO02461;TE02303;Seguro;2024-05-20 00:00:00;Válido
DO02462;TE01361;NR-10;2025-05-11 00:00:00;Válido
DO02463;TE00670;ASO;2026-06-25 00:00:00;Válido
DO02464;TE00421;NR-35;2025-11-20 00:00:00;Válido
DO02465;TE02620;NR-35;2025-06-05 00:00:00;Válido
DO02466;TE01250;Seguro;2024-02-25 00:00:00;Válido
DO02467;TE02654;ASO;2025-05-22 00:00:00;Válido
DO02468;TE00649;ASO;2024-02-01 00:00:00;Pendente
DO02469;TE01549;Seguro;2025-01-24 00:00:00;Válido
DO02470;TE02440;ASO;2025-12-23 00:00:00;Válido
DO02471;TE02666;NR-35;2025-02-25 00:00:00;Válido
DO02472;TE00274;Seguro;2024-04-26 00:00:00;Vencido
DO02473;TE02823;ASO;2024-10-23 00:00:00;Válido
DO02474;TE02296;NR-10;2024-03-23 00:00:00;Válido
DO02475;TE01543;ASO;2025-08-30 00:00:00;Válido
DO02476;TE02535;NR-35;2026-04-28 00:00:00;Válido
DO02477;TE02097;Seguro;2025-04-02 00:00:00;Válido
DO02478;TE01691;NR-35;2025-06-18 00:00:00;Pendente
DO02479;TE00273;NR-35;2025-08-28 00:00:00;Válido
DO02480;TE02278;NR-35;2024-06-10 00:00:00;Pendente
DO02481;TE01089;ASO;2026-03-17 00:00:00;Vencido
DO02482;TE01641;NR-35;2024-02-09 00:00:00;Válido
DO02483;TE00679;NR-10;2025-06-25 00:00:00;Válido
DO02484;TE02359;NR-10;2024-09-04 00:00:00;Válido
DO02485;TE00483;NR-35;2024-02-02 00:00:00;Válido
DO02486;TE00790;NR-35;2026-04-17 00:00:00;Válido
DO02487;TE01640;Seguro;2024-06-26 00:00:00;Válido
DO02488;TE02320;NR-10;2025-10-24 00:00:00;Válido
DO02489;TE00813;NR-10;2025-09-15 00:00:00;Válido
DO02490;TE00031;NR-10;2024-10-25 00:00:00;Válido
DO02491;TE00317;NR-35;2026-01-09 00:00:00;Válido
DO02492;TE00613;ASO;2024-08-06 00:00:00;Válido
DO02493;TE02387;Seguro;2024-03-11 00:00:00;Válido
DO02494;TE01632;Integração;2024-08-07 00:00:00;Válido
DO02495;TE01690;ASO;2024-10-03 00:00:00;Pendente
DO02496;TE02748;Integração;2024-12-23 00:00:00;Válido
DO02497;TE01010;ASO;2026-02-15 00:00:00;Pendente
DO02498;TE01721;NR-35;2024-10-16 00:00:00;Válido
DO02499;TE02359;NR-10;2024-06-12 00:00:00;Válido
DO02500;TE00518;Integração;2025-12-14 00:00:00;Válido
DO02501;TE01964;ASO;2026-04-10 00:00:00;Válido
DO02502;TE02737;Seguro;2025-08-22 00:00:00;Válido
DO02503;TE02558;Integração;2025-12-18 00:00:00;Válido
DO02504;TE02322;NR-35;2024-02-15 00:00:00;Válido
DO02505;TE02414;NR-35;2024-01-22 00:00:00;Válido
DO02506;TE03179;NR-10;2025-04-07 00:00:00;Pendente
DO02507;TE02343;Integração;2024-07-04 00:00:00;Válido
DO02508;TE00947;NR-35;2024-03-03 00:00:00;Válido
DO02509;TE00233;ASO;2024-07-30 00:00:00;Válido
DO02510;TE02075;NR-10;2025-04-20 00:00:00;Pendente
DO02511;TE00028;Integração;2025-12-31 00:00:00;Válido
DO02512;TE01805;NR-10;2026-03-22 00:00:00;Vencido
DO02513;TE00975;NR-35;2025-02-18 00:00:00;Válido
DO02514;TE01696;NR-10;2024-09-16 00:00:00;Válido
DO02515;TE01442;NR-10;2024-06-30 00:00:00;Válido
DO02516;TE00622;NR-35;2024-02-05 00:00:00;Válido
DO02517;TE01464;ASO;2026-02-07 00:00:00;Válido
DO02518;TE00857;NR-10;2026-03-16 00:00:00;Válido
DO02519;TE00070;Integração;2024-11-26 00:00:00;Válido
DO02520;TE00544;Seguro;2024-06-15 00:00:00;Válido
DO02521;TE02677;NR-10;2025-08-25 00:00:00;Pendente
DO02522;TE01931;Integração;2026-03-21 00:00:00;Válido
DO02523;TE00674;ASO;2025-10-10 00:00:00;Pendente
DO02524;TE00065;Seguro;2025-05-12 00:00:00;Válido
DO02525;TE02064;ASO;2024-07-09 00:00:00;Válido
DO02526;TE00802;NR-10;2025-01-28 00:00:00;Pendente
DO02527;TE00774;Seguro;2025-04-22 00:00:00;Válido
DO02528;TE02972;Seguro;2024-02-15 00:00:00;Válido
DO02529;TE02373;NR-35;2026-06-21 00:00:00;Válido
DO02530;TE01212;NR-10;2024-02-03 00:00:00;Vencido
DO02531;TE02075;Seguro;2024-02-15 00:00:00;Válido
DO02532;TE02985;Integração;2024-12-22 00:00:00;Válido
DO02533;TE01453;Integração;2025-11-09 00:00:00;Válido
DO02534;TE00856;Seguro;2024-12-06 00:00:00;Válido
DO02535;TE02854;NR-10;2024-04-03 00:00:00;Válido
DO02536;TE00785;Seguro;2024-11-27 00:00:00;Vencido
DO02537;TE00319;NR-35;2024-08-08 00:00:00;Vencido
DO02538;TE02265;ASO;2024-05-18 00:00:00;Válido
DO02539;TE01445;ASO;2025-07-01 00:00:00;Pendente
DO02540;TE03171;NR-10;2026-06-03 00:00:00;Válido
DO02541;TE03056;Integração;2025-04-09 00:00:00;Válido
DO02542;TE01099;Seguro;2026-06-17 00:00:00;Válido
DO02543;TE02912;Integração;2026-01-11 00:00:00;Válido
DO02544;TE02253;Integração;2025-05-21 00:00:00;Vencido
DO02545;TE00261;ASO;2024-12-12 00:00:00;Válido
DO02546;TE00684;ASO;2026-07-03 00:00:00;Válido
DO02547;TE01910;ASO;2025-08-17 00:00:00;Válido
DO02548;TE01759;Integração;2026-04-01 00:00:00;Válido
DO02549;TE00624;Seguro;2024-10-06 00:00:00;Válido
DO02550;TE01972;ASO;2026-04-16 00:00:00;Válido
DO02551;TE01346;NR-35;2024-03-09 00:00:00;Válido
DO02552;TE00495;NR-35;2024-04-05 00:00:00;Pendente
DO02553;TE02028;ASO;2025-05-14 00:00:00;Válido
DO02554;TE01127;NR-35;2025-09-13 00:00:00;Válido
DO02555;TE02856;Seguro;2025-04-11 00:00:00;Válido
DO02556;TE03176;NR-35;2025-04-11 00:00:00;Válido
DO02557;TE02323;Integração;2025-12-04 00:00:00;Vencido
DO02558;TE00216;Seguro;2024-12-15 00:00:00;Válido
DO02559;TE00576;Integração;2024-04-21 00:00:00;Válido
DO02560;TE01391;Integração;2024-05-16 00:00:00;Vencido
DO02561;TE02534;Integração;2025-12-07 00:00:00;Vencido
DO02562;TE02258;Integração;2025-08-25 00:00:00;Válido
DO02563;TE01511;NR-10;2025-11-12 00:00:00;Vencido
DO02564;TE03072;ASO;2025-01-28 00:00:00;Válido
DO02565;TE01764;Seguro;2024-12-15 00:00:00;Válido
DO02566;TE02236;ASO;2024-06-15 00:00:00;Pendente
DO02567;TE02075;NR-10;2025-02-03 00:00:00;Válido
DO02568;TE02761;Seguro;2025-01-07 00:00:00;Válido
DO02569;TE01859;Integração;2024-03-25 00:00:00;Válido
DO02570;TE03159;Integração;2026-02-07 00:00:00;Válido
DO02571;TE01323;NR-35;2026-04-02 00:00:00;Vencido
DO02572;TE01864;ASO;2024-12-02 00:00:00;Válido
DO02573;TE00267;ASO;2024-03-16 00:00:00;Pendente
DO02574;TE01391;NR-10;2025-09-20 00:00:00;Válido
DO02575;TE02190;Integração;2025-10-13 00:00:00;Válido
DO02576;TE02018;NR-35;2024-07-24 00:00:00;Válido
DO02577;TE02615;Seguro;2024-08-20 00:00:00;Válido
DO02578;TE02052;Integração;2025-06-06 00:00:00;Válido
DO02579;TE01895;NR-35;2025-09-23 00:00:00;Pendente
DO02580;TE01499;ASO;2024-10-25 00:00:00;Válido
DO02581;TE00517;ASO;2024-01-15 00:00:00;Válido
DO02582;TE02606;NR-35;2026-07-02 00:00:00;Válido
DO02583;TE01087;ASO;2024-12-11 00:00:00;Válido
DO02584;TE01386;Seguro;2026-07-05 00:00:00;Vencido
DO02585;TE02502;NR-35;2024-06-10 00:00:00;Válido
DO02586;TE03112;ASO;2024-06-20 00:00:00;Válido
DO02587;TE01973;NR-10;2024-02-13 00:00:00;Pendente
DO02588;TE00368;NR-10;2025-06-08 00:00:00;Válido
DO02589;TE01942;ASO;2024-03-03 00:00:00;Válido
DO02590;TE00907;Seguro;2025-08-23 00:00:00;Válido
DO02591;TE01869;Integração;2024-08-27 00:00:00;Válido
DO02592;TE02892;Seguro;2026-05-11 00:00:00;Válido
DO02593;TE02941;Integração;2024-06-03 00:00:00;Válido
DO02594;TE00750;ASO;2025-04-15 00:00:00;Válido
DO02595;TE01897;ASO;2024-06-01 00:00:00;Válido
DO02596;TE02217;Integração;2024-12-26 00:00:00;Pendente
DO02597;TE00347;NR-35;2024-03-19 00:00:00;Vencido
DO02598;TE01284;ASO;2024-04-15 00:00:00;Válido
DO02599;TE02573;ASO;2025-02-26 00:00:00;Válido
DO02600;TE01215;NR-10;2025-11-02 00:00:00;Pendente
DO02601;TE00306;NR-10;2024-06-19 00:00:00;Válido
DO02602;TE01094;ASO;2024-04-04 00:00:00;Válido
DO02603;TE02726;Integração;2025-07-04 00:00:00;Válido
DO02604;TE00674;Integração;2024-11-07 00:00:00;Válido
DO02605;TE03012;NR-35;2025-06-10 00:00:00;Vencido
DO02606;TE02724;Integração;2024-02-02 00:00:00;Válido
DO02607;TE01186;NR-35;2024-03-29 00:00:00;Válido
DO02608;TE02005;Seguro;2026-04-15 00:00:00;Válido
DO02609;TE01478;ASO;2026-01-11 00:00:00;Válido
DO02610;TE01005;Integração;2026-04-27 00:00:00;Válido
DO02611;TE03020;NR-10;2025-11-06 00:00:00;Válido
DO02612;TE02567;NR-35;2025-03-02 00:00:00;Válido
DO02613;TE01948;Seguro;2025-07-11 00:00:00;Vencido
DO02614;TE01480;ASO;2024-06-02 00:00:00;Válido
DO02615;TE02280;NR-35;2025-02-22 00:00:00;Válido
DO02616;TE03152;Seguro;2024-10-02 00:00:00;Válido
DO02617;TE01504;NR-10;2025-05-12 00:00:00;Vencido
DO02618;TE02910;NR-10;2024-11-03 00:00:00;Válido
DO02619;TE02021;Integração;2026-06-14 00:00:00;Vencido
DO02620;TE02324;NR-10;2026-01-03 00:00:00;Válido
DO02621;TE01733;Seguro;2025-10-21 00:00:00;Vencido
DO02622;TE00992;Integração;2026-03-24 00:00:00;Válido
DO02623;TE00513;NR-35;2025-04-22 00:00:00;Válido
DO02624;TE03168;ASO;2024-09-15 00:00:00;Válido
DO02625;TE01292;ASO;2024-05-17 00:00:00;Válido
DO02626;TE00801;Integração;2025-07-31 00:00:00;Válido
DO02627;TE02941;ASO;2025-01-03 00:00:00;Válido
DO02628;TE00523;NR-35;2026-04-03 00:00:00;Válido
DO02629;TE01950;Seguro;2025-03-10 00:00:00;Válido
DO02630;TE00753;NR-10;2025-04-12 00:00:00;Válido
DO02631;TE02576;Integração;2025-12-27 00:00:00;Válido
DO02632;TE01110;Integração;2024-07-22 00:00:00;Pendente
DO02633;TE00638;NR-10;2026-05-01 00:00:00;Vencido
DO02634;TE00807;ASO;2024-06-02 00:00:00;Válido
DO02635;TE02585;Integração;2026-06-27 00:00:00;Válido
DO02636;TE02114;Integração;2024-06-22 00:00:00;Válido
DO02637;TE01985;NR-35;2024-02-22 00:00:00;Válido
DO02638;TE01620;Seguro;2024-05-17 00:00:00;Válido
DO02639;TE01732;Seguro;2026-04-23 00:00:00;Válido
DO02640;TE01087;ASO;2025-01-01 00:00:00;Válido
DO02641;TE01908;Integração;2024-06-25 00:00:00;Válido
DO02642;TE03167;NR-10;2026-06-12 00:00:00;Válido
DO02643;TE02432;NR-10;2025-08-31 00:00:00;Válido
DO02644;TE02088;ASO;2024-09-28 00:00:00;Válido
DO02645;TE01975;NR-10;2026-05-13 00:00:00;Vencido
DO02646;TE01159;Seguro;2024-08-11 00:00:00;Válido
DO02647;TE01974;NR-35;2026-02-18 00:00:00;Válido
DO02648;TE02016;ASO;2026-07-13 00:00:00;Válido
DO02649;TE02909;NR-35;2025-10-31 00:00:00;Válido
DO02650;TE00629;Seguro;2025-09-24 00:00:00;Válido
DO02651;TE02010;Integração;2026-05-31 00:00:00;Válido
DO02652;TE01044;Integração;2026-05-28 00:00:00;Vencido
DO02653;TE01791;Integração;2025-03-18 00:00:00;Válido
DO02654;TE02333;NR-10;2025-04-18 00:00:00;Válido
DO02655;TE00432;Integração;2025-11-14 00:00:00;Válido
DO02656;TE02218;ASO;2026-01-23 00:00:00;Pendente
DO02657;TE02104;NR-35;2026-05-03 00:00:00;Válido
DO02658;TE01047;Seguro;2025-02-07 00:00:00;Válido
DO02659;TE01483;NR-10;2025-07-16 00:00:00;Válido
DO02660;TE02961;NR-35;2025-04-15 00:00:00;Válido
DO02661;TE02550;NR-10;2025-03-27 00:00:00;Válido
DO02662;TE00005;Seguro;2025-05-16 00:00:00;Vencido
DO02663;TE01995;NR-35;2024-08-25 00:00:00;Pendente
DO02664;TE00800;Integração;2026-04-13 00:00:00;Válido
DO02665;TE01048;Seguro;2025-05-13 00:00:00;Válido
DO02666;TE02891;NR-35;2026-07-03 00:00:00;Válido
DO02667;TE00477;Integração;2026-05-14 00:00:00;Válido
DO02668;TE02410;Seguro;2026-04-18 00:00:00;Válido
DO02669;TE00244;Seguro;2024-11-08 00:00:00;Vencido
DO02670;TE02991;Seguro;2025-06-24 00:00:00;Válido
DO02671;TE00141;Seguro;2024-11-05 00:00:00;Válido
DO02672;TE00773;Seguro;2025-09-12 00:00:00;Válido
DO02673;TE00737;NR-35;2025-12-05 00:00:00;Vencido
DO02674;TE01207;Integração;2025-03-25 00:00:00;Válido
DO02675;TE01475;Integração;2024-06-23 00:00:00;Pendente
DO02676;TE01241;ASO;2025-10-05 00:00:00;Válido
DO02677;TE01805;ASO;2024-12-18 00:00:00;Válido
DO02678;TE02178;Integração;2024-10-02 00:00:00;Vencido
DO02679;TE02724;NR-10;2024-11-10 00:00:00;Vencido
DO02680;TE00870;NR-35;2024-05-19 00:00:00;Válido
DO02681;TE00623;NR-35;2024-09-15 00:00:00;Válido
DO02682;TE02717;Seguro;2025-03-03 00:00:00;Válido
DO02683;TE03034;ASO;2024-09-22 00:00:00;Válido
DO02684;TE00768;NR-35;2024-07-31 00:00:00;Válido
DO02685;TE01553;Seguro;2024-08-12 00:00:00;Válido
DO02686;TE01905;ASO;2025-09-15 00:00:00;Válido
DO02687;TE00524;ASO;2026-02-27 00:00:00;Válido
DO02688;TE00355;NR-35;2025-11-04 00:00:00;Válido
DO02689;TE00584;ASO;2026-02-04 00:00:00;Válido
DO02690;TE02469;Integração;2024-08-05 00:00:00;Válido
DO02691;TE02525;NR-10;2024-08-22 00:00:00;Vencido
DO02692;TE01738;Integração;2026-04-05 00:00:00;Pendente
DO02693;TE00350;Seguro;2025-03-04 00:00:00;Válido
DO02694;TE01089;ASO;2025-11-02 00:00:00;Válido
DO02695;TE02949;NR-10;2025-03-01 00:00:00;Válido
DO02696;TE00624;Integração;2026-06-14 00:00:00;Válido
DO02697;TE02364;Seguro;2026-04-24 00:00:00;Válido
DO02698;TE02860;NR-35;2026-01-03 00:00:00;Vencido
DO02699;TE00283;ASO;2024-12-21 00:00:00;Pendente
DO02700;TE01246;NR-10;2026-01-03 00:00:00;Válido
DO02701;TE02163;NR-35;2024-12-12 00:00:00;Válido
DO02702;TE02207;Seguro;2024-09-24 00:00:00;Vencido
DO02703;TE02744;Seguro;2025-12-22 00:00:00;Válido
DO02704;TE00554;ASO;2024-09-03 00:00:00;Válido
DO02705;TE01077;NR-35;2024-05-16 00:00:00;Válido
DO02706;TE01282;ASO;2025-02-27 00:00:00;Válido
DO02707;TE03113;ASO;2026-05-08 00:00:00;Vencido
DO02708;TE01188;ASO;2025-10-23 00:00:00;Válido
DO02709;TE01902;NR-35;2024-07-03 00:00:00;Válido
DO02710;TE01503;Integração;2026-02-10 00:00:00;Válido
DO02711;TE02998;NR-10;2024-02-11 00:00:00;Válido
DO02712;TE00874;Seguro;2025-12-03 00:00:00;Válido
DO02713;TE02526;Integração;2026-06-04 00:00:00;Válido
DO02714;TE02691;Seguro;2024-03-27 00:00:00;Pendente
DO02715;TE00827;ASO;2025-09-15 00:00:00;Válido
DO02716;TE02068;NR-35;2024-01-03 00:00:00;Vencido
DO02717;TE01254;NR-35;2025-05-16 00:00:00;Válido
DO02718;TE02306;ASO;2026-01-22 00:00:00;Vencido
DO02719;TE01911;NR-35;2024-03-05 00:00:00;Vencido
DO02720;TE00894;Integração;2024-01-11 00:00:00;Válido
DO02721;TE00593;Integração;2024-10-14 00:00:00;Válido
DO02722;TE02464;NR-10;2026-06-24 00:00:00;Válido
DO02723;TE03106;NR-35;2025-02-10 00:00:00;Válido
DO02724;TE01847;NR-35;2026-05-04 00:00:00;Válido
DO02725;TE00581;NR-35;2024-10-19 00:00:00;Válido
DO02726;TE02635;NR-10;2024-08-17 00:00:00;Válido
DO02727;TE00169;NR-10;2026-03-19 00:00:00;Válido
DO02728;TE03049;ASO;2024-08-10 00:00:00;Válido
DO02729;TE01193;Integração;2025-08-14 00:00:00;Válido
DO02730;TE02991;Integração;2026-07-23 00:00:00;Válido
DO02731;TE02646;ASO;2025-02-27 00:00:00;Válido
DO02732;TE03167;ASO;2025-11-05 00:00:00;Válido
DO02733;TE02402;ASO;2024-08-07 00:00:00;Válido
DO02734;TE02016;NR-35;2025-01-26 00:00:00;Válido
DO02735;TE02617;Integração;2024-05-04 00:00:00;Vencido
DO02736;TE00313;Seguro;2024-09-28 00:00:00;Válido
DO02737;TE01140;NR-10;2025-08-01 00:00:00;Vencido
DO02738;TE01162;ASO;2025-11-18 00:00:00;Válido
DO02739;TE01963;ASO;2025-06-01 00:00:00;Pendente
DO02740;TE00307;NR-35;2026-07-15 00:00:00;Válido
DO02741;TE02158;NR-10;2025-12-13 00:00:00;Válido
DO02742;TE00365;Seguro;2024-08-16 00:00:00;Válido
DO02743;TE02674;ASO;2025-07-19 00:00:00;Válido
DO02744;TE02796;ASO;2024-05-09 00:00:00;Vencido
DO02745;TE02555;NR-35;2024-04-18 00:00:00;Vencido
DO02746;TE01390;ASO;2025-01-17 00:00:00;Válido
DO02747;TE01710;NR-10;2025-06-10 00:00:00;Válido
DO02748;TE01940;NR-10;2026-04-01 00:00:00;Pendente
DO02749;TE00136;NR-10;2024-08-04 00:00:00;Válido
DO02750;TE02688;NR-10;2025-04-26 00:00:00;Válido
DO02751;TE01697;Integração;2025-08-07 00:00:00;Vencido
DO02752;TE00816;NR-10;2025-01-29 00:00:00;Válido
DO02753;TE02906;NR-35;2024-04-18 00:00:00;Válido
DO02754;TE01577;Integração;2025-01-13 00:00:00;Válido
DO02755;TE01967;NR-35;2024-01-31 00:00:00;Válido
DO02756;TE01192;Integração;2026-02-05 00:00:00;Válido
DO02757;TE01505;Seguro;2025-02-03 00:00:00;Válido
DO02758;TE03156;NR-10;2025-08-04 00:00:00;Vencido
DO02759;TE00259;ASO;2024-02-26 00:00:00;Válido
DO02760;TE02393;NR-35;2025-10-13 00:00:00;Válido
DO02761;TE02493;Seguro;2026-05-07 00:00:00;Válido
DO02762;TE01173;NR-10;2024-03-10 00:00:00;Válido
DO02763;TE01872;NR-10;2026-05-10 00:00:00;Válido
DO02764;TE01770;NR-35;2025-09-12 00:00:00;Válido
DO02765;TE00908;ASO;2026-04-16 00:00:00;Válido
DO02766;TE02004;NR-35;2024-02-10 00:00:00;Válido
DO02767;TE00377;NR-35;2024-11-12 00:00:00;Válido
DO02768;TE01393;NR-10;2025-06-07 00:00:00;Válido
DO02769;TE02893;NR-35;2025-07-19 00:00:00;Vencido
DO02770;TE00625;Seguro;2025-05-18 00:00:00;Válido
DO02771;TE02238;Integração;2024-05-22 00:00:00;Válido
DO02772;TE02266;NR-35;2025-12-21 00:00:00;Válido
DO02773;TE01050;NR-10;2025-12-18 00:00:00;Válido
DO02774;TE02921;Integração;2025-06-24 00:00:00;Válido
DO02775;TE00516;NR-10;2025-05-29 00:00:00;Válido
DO02776;TE00018;NR-10;2024-01-20 00:00:00;Válido
DO02777;TE01469;Seguro;2024-01-27 00:00:00;Válido
DO02778;TE03042;ASO;2024-08-06 00:00:00;Válido
DO02779;TE00231;ASO;2025-02-06 00:00:00;Válido
DO02780;TE01555;Seguro;2025-09-05 00:00:00;Vencido
DO02781;TE02917;Seguro;2024-07-04 00:00:00;Válido
DO02782;TE02956;NR-10;2026-07-10 00:00:00;Vencido
DO02783;TE01318;Seguro;2025-11-15 00:00:00;Válido
DO02784;TE00426;Seguro;2024-01-12 00:00:00;Válido
DO02785;TE00880;Seguro;2024-04-16 00:00:00;Válido
DO02786;TE00781;NR-35;2024-06-18 00:00:00;Válido
DO02787;TE02094;NR-10;2024-07-30 00:00:00;Vencido
DO02788;TE03190;NR-10;2024-02-04 00:00:00;Vencido
DO02789;TE00783;NR-10;2024-09-03 00:00:00;Válido
DO02790;TE01727;Integração;2024-06-09 00:00:00;Pendente
DO02791;TE00248;Integração;2024-07-08 00:00:00;Vencido
DO02792;TE01188;Seguro;2026-01-11 00:00:00;Válido
DO02793;TE00773;Integração;2024-10-17 00:00:00;Válido
DO02794;TE03068;NR-35;2024-01-05 00:00:00;Válido
DO02795;TE00409;ASO;2026-03-31 00:00:00;Válido
DO02796;TE01673;Integração;2026-06-30 00:00:00;Válido
DO02797;TE01410;Seguro;2024-05-27 00:00:00;Válido
DO02798;TE03065;Seguro;2024-09-26 00:00:00;Válido
DO02799;TE00384;NR-35;2026-01-12 00:00:00;Válido
DO02800;TE02141;Seguro;2025-01-24 00:00:00;Válido
DO02801;TE01953;NR-10;2026-05-16 00:00:00;Válido
DO02802;TE02663;NR-10;2024-11-10 00:00:00;Válido
DO02803;TE00012;NR-35;2024-11-15 00:00:00;Válido
DO02804;TE01701;Integração;2025-12-04 00:00:00;Válido
DO02805;TE02594;Seguro;2024-10-24 00:00:00;Válido
DO02806;TE02936;Seguro;2025-10-22 00:00:00;Válido
DO02807;TE01991;Integração;2025-07-06 00:00:00;Válido
DO02808;TE00450;NR-10;2024-01-25 00:00:00;Pendente
DO02809;TE02912;Seguro;2024-12-19 00:00:00;Válido
DO02810;TE01820;NR-10;2026-03-14 00:00:00;Válido
DO02811;TE01272;NR-35;2024-10-27 00:00:00;Válido
DO02812;TE01144;ASO;2024-10-08 00:00:00;Válido
DO02813;TE02746;NR-35;2025-06-08 00:00:00;Válido
DO02814;TE00930;Seguro;2025-11-21 00:00:00;Válido
DO02815;TE00400;NR-10;2025-12-05 00:00:00;Válido
DO02816;TE00216;ASO;2024-05-24 00:00:00;Válido
DO02817;TE01183;Integração;2025-12-09 00:00:00;Válido
DO02818;TE00758;NR-35;2024-12-09 00:00:00;Pendente
DO02819;TE01605;NR-10;2024-03-19 00:00:00;Válido
DO02820;TE02785;NR-10;2024-03-30 00:00:00;Válido
DO02821;TE02581;Integração;2024-02-01 00:00:00;Válido
DO02822;TE01622;Integração;2025-02-04 00:00:00;Válido
DO02823;TE00842;Seguro;2026-06-19 00:00:00;Válido
DO02824;TE02022;NR-10;2025-08-02 00:00:00;Válido
DO02825;TE02520;NR-35;2025-05-26 00:00:00;Válido
DO02826;TE01931;Seguro;2024-01-20 00:00:00;Válido
DO02827;TE00135;Integração;2025-05-09 00:00:00;Válido
DO02828;TE01065;NR-10;2024-07-22 00:00:00;Válido
DO02829;TE02226;NR-35;2025-12-21 00:00:00;Válido
DO02830;TE03099;Integração;2025-05-07 00:00:00;Válido
DO02831;TE01918;NR-35;2024-08-27 00:00:00;Pendente
DO02832;TE00545;Seguro;2024-09-14 00:00:00;Vencido
DO02833;TE02962;Integração;2024-08-17 00:00:00;Vencido
DO02834;TE02587;Seguro;2025-03-10 00:00:00;Válido
DO02835;TE00655;NR-35;2024-05-31 00:00:00;Pendente
DO02836;TE02481;NR-10;2025-09-27 00:00:00;Válido
DO02837;TE02931;Seguro;2024-08-20 00:00:00;Pendente
DO02838;TE00922;ASO;2026-03-02 00:00:00;Válido
DO02839;TE01364;NR-10;2024-09-20 00:00:00;Válido
DO02840;TE00096;Integração;2026-06-07 00:00:00;Pendente
DO02841;TE02546;NR-10;2025-06-10 00:00:00;Válido
DO02842;TE01823;ASO;2024-03-20 00:00:00;Válido
DO02843;TE01955;ASO;2026-07-21 00:00:00;Vencido
DO02844;TE00619;Integração;2024-09-04 00:00:00;Válido
DO02845;TE00726;Integração;2025-08-31 00:00:00;Válido
DO02846;TE02614;ASO;2024-07-25 00:00:00;Vencido
DO02847;TE00214;NR-10;2024-04-04 00:00:00;Válido
DO02848;TE02578;Seguro;2026-07-09 00:00:00;Válido
DO02849;TE01268;Seguro;2025-05-05 00:00:00;Válido
DO02850;TE01436;ASO;2025-04-06 00:00:00;Válido
DO02851;TE02947;Integração;2025-11-08 00:00:00;Válido
DO02852;TE01353;Integração;2026-05-25 00:00:00;Válido
DO02853;TE02221;Integração;2026-01-07 00:00:00;Válido
DO02854;TE01896;Integração;2025-09-01 00:00:00;Vencido
DO02855;TE00379;NR-35;2025-12-20 00:00:00;Válido
DO02856;TE01279;NR-10;2025-07-09 00:00:00;Pendente
DO02857;TE02092;ASO;2025-07-27 00:00:00;Vencido
DO02858;TE03133;ASO;2024-06-07 00:00:00;Válido
DO02859;TE00993;NR-35;2024-12-25 00:00:00;Válido
DO02860;TE00038;ASO;2024-01-28 00:00:00;Vencido
DO02861;TE01285;Seguro;2025-06-12 00:00:00;Válido
DO02862;TE00766;ASO;2024-09-02 00:00:00;Válido
DO02863;TE00902;ASO;2025-05-25 00:00:00;Válido
DO02864;TE02934;NR-10;2026-05-29 00:00:00;Válido
DO02865;TE00442;Integração;2024-08-13 00:00:00;Vencido
DO02866;TE00761;NR-10;2025-03-03 00:00:00;Pendente
DO02867;TE00048;Integração;2024-05-03 00:00:00;Válido
DO02868;TE01032;Integração;2024-04-04 00:00:00;Válido
DO02869;TE02377;Seguro;2024-10-27 00:00:00;Vencido
DO02870;TE01240;NR-35;2024-10-23 00:00:00;Vencido
DO02871;TE00736;ASO;2024-01-18 00:00:00;Válido
DO02872;TE02017;NR-10;2025-10-11 00:00:00;Válido
DO02873;TE03050;NR-35;2025-03-07 00:00:00;Válido
DO02874;TE01072;NR-35;2024-02-05 00:00:00;Válido
DO02875;TE01556;Seguro;2024-10-19 00:00:00;Válido
DO02876;TE00261;NR-10;2024-10-01 00:00:00;Válido
DO02877;TE02660;Integração;2025-11-19 00:00:00;Vencido
DO02878;TE00289;NR-10;2025-07-13 00:00:00;Válido
DO02879;TE02944;Integração;2024-11-28 00:00:00;Válido
DO02880;TE00083;ASO;2024-10-20 00:00:00;Vencido
DO02881;TE02642;ASO;2026-03-15 00:00:00;Válido
DO02882;TE00489;Seguro;2025-05-15 00:00:00;Válido
DO02883;TE02389;ASO;2025-09-11 00:00:00;Válido
DO02884;TE02539;Seguro;2025-07-31 00:00:00;Válido
DO02885;TE02726;NR-35;2025-09-29 00:00:00;Vencido
DO02886;TE01261;NR-10;2024-07-31 00:00:00;Válido
DO02887;TE00944;NR-10;2024-01-22 00:00:00;Vencido
DO02888;TE01581;Integração;2024-02-16 00:00:00;Válido
DO02889;TE00914;NR-10;2024-03-12 00:00:00;Válido
DO02890;TE02238;NR-10;2025-04-11 00:00:00;Válido
DO02891;TE01291;NR-10;2026-03-25 00:00:00;Válido
DO02892;TE02448;ASO;2024-12-16 00:00:00;Válido
DO02893;TE00358;Seguro;2024-02-20 00:00:00;Válido
DO02894;TE00395;NR-10;2026-04-05 00:00:00;Pendente
DO02895;TE00929;NR-35;2024-02-14 00:00:00;Válido
DO02896;TE03070;ASO;2025-10-23 00:00:00;Válido
DO02897;TE00372;NR-10;2024-07-13 00:00:00;Válido
DO02898;TE00053;Integração;2024-07-10 00:00:00;Válido
DO02899;TE00196;NR-35;2026-03-31 00:00:00;Válido
DO02900;TE02435;Seguro;2025-01-01 00:00:00;Válido
DO02901;TE01676;Integração;2025-08-12 00:00:00;Válido
DO02902;TE00319;Integração;2024-10-15 00:00:00;Vencido
DO02903;TE02604;NR-10;2024-03-19 00:00:00;Válido
DO02904;TE01239;Integração;2025-01-19 00:00:00;Válido
DO02905;TE01972;Integração;2024-03-14 00:00:00;Válido
DO02906;TE02463;NR-35;2025-03-16 00:00:00;Válido
DO02907;TE00054;NR-10;2024-03-26 00:00:00;Válido
DO02908;TE00971;Seguro;2025-09-15 00:00:00;Pendente
DO02909;TE00172;ASO;2024-07-22 00:00:00;Válido
DO02910;TE00933;ASO;2024-01-08 00:00:00;Válido
DO02911;TE02780;Seguro;2024-06-14 00:00:00;Válido
DO02912;TE00347;NR-10;2026-06-07 00:00:00;Válido
DO02913;TE02361;Seguro;2025-06-09 00:00:00;Válido
DO02914;TE00179;Integração;2024-10-14 00:00:00;Vencido
DO02915;TE02863;Integração;2024-08-27 00:00:00;Válido
DO02916;TE02763;ASO;2025-09-12 00:00:00;Válido
DO02917;TE01785;Integração;2026-03-25 00:00:00;Vencido
DO02918;TE00806;ASO;2024-09-15 00:00:00;Pendente
DO02919;TE01647;Integração;2024-06-23 00:00:00;Válido
DO02920;TE00004;NR-10;2025-08-30 00:00:00;Válido
DO02921;TE02987;Integração;2025-10-19 00:00:00;Válido
DO02922;TE03171;Integração;2024-05-26 00:00:00;Válido
DO02923;TE02324;ASO;2025-06-08 00:00:00;Válido
DO02924;TE01026;Seguro;2024-02-22 00:00:00;Válido
DO02925;TE02730;NR-35;2025-05-22 00:00:00;Vencido
DO02926;TE02016;NR-35;2024-04-01 00:00:00;Válido
DO02927;TE02214;ASO;2024-07-30 00:00:00;Válido
DO02928;TE00562;NR-35;2025-06-15 00:00:00;Válido
DO02929;TE02432;Seguro;2025-03-08 00:00:00;Válido
DO02930;TE00802;NR-35;2025-10-27 00:00:00;Válido
DO02931;TE01104;NR-35;2025-02-12 00:00:00;Válido
DO02932;TE01383;NR-35;2025-07-09 00:00:00;Válido
DO02933;TE01410;NR-10;2024-09-04 00:00:00;Vencido
DO02934;TE01272;Integração;2024-01-01 00:00:00;Vencido
DO02935;TE01339;Seguro;2024-04-04 00:00:00;Válido
DO02936;TE02997;Integração;2024-09-29 00:00:00;Válido
DO02937;TE02364;Integração;2025-01-28 00:00:00;Válido
DO02938;TE00064;NR-35;2025-05-12 00:00:00;Válido
DO02939;TE02592;NR-10;2024-03-11 00:00:00;Válido
DO02940;TE00395;NR-10;2024-12-09 00:00:00;Válido
DO02941;TE02524;NR-35;2025-09-27 00:00:00;Válido
DO02942;TE00406;NR-10;2024-12-15 00:00:00;Pendente
DO02943;TE03104;Seguro;2026-06-12 00:00:00;Pendente
DO02944;TE01714;NR-10;2024-12-29 00:00:00;Válido
DO02945;TE00352;NR-35;2024-09-12 00:00:00;Válido
DO02946;TE00793;NR-35;2024-05-11 00:00:00;Vencido
DO02947;TE03144;NR-10;2024-11-25 00:00:00;Válido
DO02948;TE01466;Integração;2024-11-13 00:00:00;Válido
DO02949;TE01682;NR-10;2025-05-07 00:00:00;Válido
DO02950;TE02226;Seguro;2025-08-21 00:00:00;Válido
DO02951;TE01886;Integração;2025-04-06 00:00:00;Vencido
DO02952;TE03111;Seguro;2024-06-15 00:00:00;Vencido
DO02953;TE02180;Integração;2025-12-21 00:00:00;Válido
DO02954;TE01216;NR-10;2025-03-02 00:00:00;Válido
DO02955;TE01750;NR-10;2026-07-20 00:00:00;Válido
DO02956;TE02518;NR-35;2026-05-22 00:00:00;Válido
DO02957;TE01302;NR-10;2025-02-21 00:00:00;Válido
DO02958;TE00258;ASO;2026-02-26 00:00:00;Pendente
DO02959;TE02949;NR-35;2025-05-11 00:00:00;Válido
DO02960;TE02062;NR-35;2025-07-06 00:00:00;Válido
DO02961;TE03155;NR-35;2025-05-15 00:00:00;Válido
DO02962;TE01400;Seguro;2025-12-11 00:00:00;Válido
DO02963;TE02545;Integração;2025-05-08 00:00:00;Válido
DO02964;TE00135;ASO;2026-07-01 00:00:00;Válido
DO02965;TE01953;NR-35;2026-07-06 00:00:00;Válido
DO02966;TE02045;Integração;2025-10-31 00:00:00;Válido
DO02967;TE01020;NR-35;2026-05-27 00:00:00;Válido
DO02968;TE01726;Seguro;2024-01-23 00:00:00;Válido
DO02969;TE01877;ASO;2025-04-29 00:00:00;Pendente
DO02970;TE02215;Integração;2024-05-18 00:00:00;Pendente
DO02971;TE01433;Seguro;2025-01-16 00:00:00;Pendente
DO02972;TE01829;Seguro;2025-09-15 00:00:00;Válido
DO02973;TE00596;NR-10;2024-06-30 00:00:00;Válido
DO02974;TE01363;ASO;2025-06-07 00:00:00;Pendente
DO02975;TE03046;Seguro;2024-12-26 00:00:00;Válido
DO02976;TE00014;Integração;2025-06-13 00:00:00;Válido
DO02977;TE02570;NR-10;2026-07-22 00:00:00;Pendente
DO02978;TE01384;NR-35;2025-02-23 00:00:00;Válido
DO02979;TE00831;Integração;2025-09-07 00:00:00;Válido
DO02980;TE00933;NR-35;2026-07-02 00:00:00;Vencido
DO02981;TE02031;Seguro;2025-06-24 00:00:00;Válido
DO02982;TE03127;Integração;2025-12-17 00:00:00;Válido
DO02983;TE02520;ASO;2025-07-23 00:00:00;Válido
DO02984;TE01265;ASO;2025-09-06 00:00:00;Vencido
DO02985;TE01282;NR-10;2024-01-17 00:00:00;Válido
DO02986;TE02862;Seguro;2024-01-17 00:00:00;Pendente
DO02987;TE01491;ASO;2025-09-15 00:00:00;Válido
DO02988;TE02024;Seguro;2024-08-25 00:00:00;Pendente
DO02989;TE01140;NR-10;2025-12-02 00:00:00;Válido
DO02990;TE02310;NR-10;2024-04-04 00:00:00;Válido
DO02991;TE01344;ASO;2025-07-02 00:00:00;Vencido
DO02992;TE02041;Integração;2024-05-28 00:00:00;Válido
DO02993;TE00467;ASO;2025-04-14 00:00:00;Válido
DO02994;TE01103;Seguro;2025-10-02 00:00:00;Válido
DO02995;TE02002;Seguro;2026-06-21 00:00:00;Válido
DO02996;TE00734;NR-10;2024-06-20 00:00:00;Válido
DO02997;TE00909;NR-10;2025-03-14 00:00:00;Válido
DO02998;TE00633;NR-35;2026-04-17 00:00:00;Válido
DO02999;TE00455;ASO;2024-02-06 00:00:00;Válido
DO03000;TE01165;Integração;2025-07-14 00:00:00;Válido
DO03001;TE02656;NR-10;2026-06-02 00:00:00;Válido
DO03002;TE03134;NR-35;2024-09-22 00:00:00;Pendente
DO03003;TE02242;Integração;2025-02-28 00:00:00;Válido
DO03004;TE01875;Integração;2026-04-19 00:00:00;Válido
DO03005;TE02910;ASO;2025-03-18 00:00:00;Válido
DO03006;TE00445;Integração;2025-01-16 00:00:00;Válido
DO03007;TE01313;ASO;2024-10-19 00:00:00;Vencido
DO03008;TE01364;Integração;2025-07-10 00:00:00;Válido
DO03009;TE02592;Seguro;2026-04-17 00:00:00;Válido
DO03010;TE02986;NR-10;2025-06-16 00:00:00;Válido
DO03011;TE01128;NR-10;2024-11-03 00:00:00;Válido
DO03012;TE00021;NR-10;2024-08-03 00:00:00;Válido
DO03013;TE01249;Seguro;2025-09-30 00:00:00;Válido
DO03014;TE01704;Integração;2024-01-04 00:00:00;Válido
DO03015;TE01036;NR-10;2025-09-29 00:00:00;Válido
DO03016;TE02181;Integração;2025-07-21 00:00:00;Válido
DO03017;TE03198;NR-10;2024-05-27 00:00:00;Válido
DO03018;TE02765;Seguro;2025-05-13 00:00:00;Válido
DO03019;TE01159;NR-35;2026-07-04 00:00:00;Válido
DO03020;TE00020;Seguro;2026-07-14 00:00:00;Válido
DO03021;TE00767;Integração;2025-11-13 00:00:00;Válido
DO03022;TE00121;NR-35;2024-03-06 00:00:00;Válido
DO03023;TE00472;Integração;2024-03-04 00:00:00;Válido
DO03024;TE00484;Seguro;2026-02-26 00:00:00;Válido
DO03025;TE01170;NR-10;2025-02-16 00:00:00;Válido
DO03026;TE00857;Integração;2025-10-21 00:00:00;Válido
DO03027;TE01618;Seguro;2025-12-15 00:00:00;Válido
DO03028;TE01823;NR-10;2026-03-26 00:00:00;Válido
DO03029;TE00603;Seguro;2024-03-11 00:00:00;Válido
DO03030;TE01969;ASO;2025-12-03 00:00:00;Válido
DO03031;TE01063;NR-35;2026-07-17 00:00:00;Válido
DO03032;TE00496;NR-35;2026-04-21 00:00:00;Válido
DO03033;TE01792;Seguro;2025-03-27 00:00:00;Válido
DO03034;TE00414;Seguro;2024-07-22 00:00:00;Válido
DO03035;TE02487;Seguro;2024-09-23 00:00:00;Válido
DO03036;TE00952;Integração;2025-04-05 00:00:00;Válido
DO03037;TE02321;Seguro;2026-07-24 00:00:00;Válido
DO03038;TE02493;NR-35;2026-06-06 00:00:00;Válido
DO03039;TE00219;Seguro;2024-05-21 00:00:00;Válido
DO03040;TE01903;NR-35;2025-10-27 00:00:00;Vencido
DO03041;TE01136;NR-35;2025-06-14 00:00:00;Válido
DO03042;TE02211;NR-35;2024-09-22 00:00:00;Válido
DO03043;TE00444;NR-35;2025-05-18 00:00:00;Pendente
DO03044;TE00632;NR-10;2024-07-29 00:00:00;Vencido
DO03045;TE00839;NR-35;2025-05-05 00:00:00;Vencido
DO03046;TE03140;NR-35;2026-01-20 00:00:00;Válido
DO03047;TE03125;Seguro;2025-03-25 00:00:00;Válido
DO03048;TE02178;Integração;2025-07-18 00:00:00;Válido
DO03049;TE00864;Integração;2025-02-05 00:00:00;Válido
DO03050;TE02395;NR-10;2026-07-05 00:00:00;Válido
DO03051;TE01828;Seguro;2026-03-13 00:00:00;Válido
DO03052;TE01263;ASO;2024-11-15 00:00:00;Válido
DO03053;TE02052;NR-10;2024-02-27 00:00:00;Válido
DO03054;TE01075;Seguro;2025-11-02 00:00:00;Vencido
DO03055;TE02031;ASO;2024-03-27 00:00:00;Válido
DO03056;TE01859;ASO;2025-11-26 00:00:00;Válido
DO03057;TE00188;NR-10;2026-01-05 00:00:00;Pendente
DO03058;TE02134;Seguro;2024-08-02 00:00:00;Válido
DO03059;TE02041;Seguro;2024-07-27 00:00:00;Válido
DO03060;TE01792;ASO;2024-06-27 00:00:00;Pendente
DO03061;TE01665;Integração;2024-07-04 00:00:00;Válido
DO03062;TE02250;NR-10;2025-12-25 00:00:00;Válido
DO03063;TE00485;Seguro;2024-11-06 00:00:00;Válido
DO03064;TE02988;NR-35;2024-08-19 00:00:00;Vencido
DO03065;TE01526;NR-35;2026-06-05 00:00:00;Válido
DO03066;TE01963;ASO;2026-04-17 00:00:00;Válido
DO03067;TE01515;ASO;2026-06-18 00:00:00;Válido
DO03068;TE02181;NR-10;2025-02-17 00:00:00;Pendente
DO03069;TE02058;NR-35;2025-01-29 00:00:00;Válido
DO03070;TE01552;ASO;2025-06-21 00:00:00;Válido
DO03071;TE01990;NR-35;2025-06-14 00:00:00;Válido
DO03072;TE02568;Seguro;2024-08-19 00:00:00;Válido
DO03073;TE01874;NR-35;2026-02-20 00:00:00;Válido
DO03074;TE02930;Integração;2025-11-04 00:00:00;Válido
DO03075;TE00692;ASO;2025-03-20 00:00:00;Válido
DO03076;TE00149;Integração;2024-11-02 00:00:00;Válido
DO03077;TE01861;Seguro;2026-05-18 00:00:00;Válido
DO03078;TE02723;NR-35;2026-02-06 00:00:00;Válido
DO03079;TE02875;ASO;2025-08-05 00:00:00;Vencido
DO03080;TE00439;ASO;2025-02-01 00:00:00;Vencido
DO03081;TE01392;Integração;2026-04-09 00:00:00;Válido
DO03082;TE02869;NR-10;2024-01-15 00:00:00;Válido
DO03083;TE00741;NR-35;2024-10-08 00:00:00;Válido
DO03084;TE01709;NR-35;2026-05-10 00:00:00;Vencido
DO03085;TE01800;NR-10;2025-01-06 00:00:00;Válido
DO03086;TE00949;Integração;2025-12-16 00:00:00;Válido
DO03087;TE01157;ASO;2025-08-10 00:00:00;Válido
DO03088;TE02277;Seguro;2025-09-30 00:00:00;Válido
DO03089;TE01077;Integração;2024-08-20 00:00:00;Válido
DO03090;TE02401;NR-35;2025-12-18 00:00:00;Válido
DO03091;TE01374;NR-10;2024-12-29 00:00:00;Válido
DO03092;TE00959;NR-10;2024-11-13 00:00:00;Vencido
DO03093;TE02222;Integração;2025-08-22 00:00:00;Válido
DO03094;TE01132;Seguro;2024-07-11 00:00:00;Válido
DO03095;TE01873;ASO;2025-04-20 00:00:00;Válido
DO03096;TE01863;Integração;2024-04-03 00:00:00;Vencido
DO03097;TE03183;NR-10;2026-07-30 00:00:00;Válido
DO03098;TE00129;NR-35;2025-07-15 00:00:00;Válido
DO03099;TE00563;NR-10;2026-06-02 00:00:00;Válido
DO03100;TE00057;NR-35;2024-08-22 00:00:00;Válido
DO03101;TE03117;Seguro;2024-11-23 00:00:00;Válido
DO03102;TE01841;NR-10;2026-03-14 00:00:00;Válido
DO03103;TE03069;Integração;2026-02-14 00:00:00;Válido
DO03104;TE01069;ASO;2025-06-07 00:00:00;Válido
DO03105;TE00861;Integração;2026-01-04 00:00:00;Válido
DO03106;TE01165;Integração;2024-04-29 00:00:00;Válido
DO03107;TE01579;NR-35;2025-11-08 00:00:00;Válido
DO03108;TE01248;ASO;2025-05-29 00:00:00;Válido
DO03109;TE01035;Seguro;2025-02-23 00:00:00;Vencido
DO03110;TE00166;Integração;2026-03-11 00:00:00;Válido
DO03111;TE00648;NR-10;2024-04-19 00:00:00;Válido
DO03112;TE00587;ASO;2025-08-19 00:00:00;Válido
DO03113;TE01276;NR-35;2025-01-01 00:00:00;Válido
DO03114;TE00822;Integração;2024-10-30 00:00:00;Válido
DO03115;TE00599;NR-10;2024-01-15 00:00:00;Vencido
DO03116;TE02837;Seguro;2024-04-21 00:00:00;Válido
DO03117;TE00999;NR-35;2026-01-06 00:00:00;Válido
DO03118;TE01689;NR-35;2025-12-10 00:00:00;Válido
DO03119;TE00929;Integração;2026-06-02 00:00:00;Válido
DO03120;TE02279;Seguro;2025-02-22 00:00:00;Válido
DO03121;TE00537;Integração;2025-01-27 00:00:00;Válido
DO03122;TE00532;Integração;2026-07-19 00:00:00;Válido
DO03123;TE01082;Seguro;2026-04-05 00:00:00;Válido
DO03124;TE03066;NR-10;2024-08-06 00:00:00;Válido
DO03125;TE01132;Integração;2026-03-21 00:00:00;Válido
DO03126;TE02862;NR-10;2026-02-17 00:00:00;Válido
DO03127;TE00487;ASO;2024-04-08 00:00:00;Válido
DO03128;TE00467;NR-10;2025-08-21 00:00:00;Válido
DO03129;TE02760;Seguro;2026-05-06 00:00:00;Válido
DO03130;TE01772;Integração;2026-07-19 00:00:00;Pendente
DO03131;TE01735;Integração;2025-02-19 00:00:00;Vencido
DO03132;TE03143;NR-10;2024-11-13 00:00:00;Válido
DO03133;TE00022;Integração;2025-03-10 00:00:00;Vencido
DO03134;TE01494;ASO;2026-07-03 00:00:00;Válido
DO03135;TE02932;NR-10;2026-01-12 00:00:00;Vencido
DO03136;TE00117;NR-35;2026-04-20 00:00:00;Vencido
DO03137;TE03094;Integração;2025-12-11 00:00:00;Válido
DO03138;TE01298;Seguro;2025-12-23 00:00:00;Válido
DO03139;TE01801;Seguro;2025-06-05 00:00:00;Válido
DO03140;TE01781;Integração;2025-02-01 00:00:00;Válido
DO03141;TE01006;NR-10;2025-06-25 00:00:00;Válido
DO03142;TE00893;NR-35;2026-05-24 00:00:00;Pendente
DO03143;TE00045;Seguro;2025-04-06 00:00:00;Válido
DO03144;TE00529;Seguro;2026-03-26 00:00:00;Válido
DO03145;TE02429;ASO;2026-05-26 00:00:00;Válido
DO03146;TE01295;Seguro;2024-07-15 00:00:00;Válido
DO03147;TE01303;NR-35;2024-06-20 00:00:00;Vencido
DO03148;TE00529;Integração;2025-02-28 00:00:00;Válido
DO03149;TE00159;Seguro;2025-11-02 00:00:00;Válido
DO03150;TE02347;Integração;2024-08-12 00:00:00;Pendente
DO03151;TE03144;Integração;2024-03-26 00:00:00;Válido
DO03152;TE01304;NR-35;2026-03-14 00:00:00;Válido
DO03153;TE00867;NR-10;2024-03-06 00:00:00;Válido
DO03154;TE00444;ASO;2024-09-11 00:00:00;Válido
DO03155;TE03138;ASO;2024-08-04 00:00:00;Válido
DO03156;TE02749;Seguro;2026-07-30 00:00:00;Válido
DO03157;TE01459;Seguro;2026-04-29 00:00:00;Válido
DO03158;TE01347;NR-10;2026-03-16 00:00:00;Válido
DO03159;TE00777;Integração;2024-09-25 00:00:00;Válido
DO03160;TE03110;Integração;2025-08-02 00:00:00;Válido
DO03161;TE02535;NR-35;2024-06-08 00:00:00;Válido
DO03162;TE01798;Seguro;2025-03-31 00:00:00;Válido
DO03163;TE02092;NR-10;2025-11-30 00:00:00;Válido
DO03164;TE00469;ASO;2026-06-30 00:00:00;Válido
DO03165;TE01338;Seguro;2024-01-10 00:00:00;Pendente
DO03166;TE01995;Seguro;2025-05-30 00:00:00;Válido
DO03167;TE02304;NR-10;2024-02-13 00:00:00;Válido
DO03168;TE00310;Seguro;2025-09-11 00:00:00;Válido
DO03169;TE01077;NR-35;2025-12-28 00:00:00;Válido
DO03170;TE02567;NR-35;2026-05-26 00:00:00;Válido
DO03171;TE00747;Integração;2025-06-13 00:00:00;Pendente
DO03172;TE00818;ASO;2025-04-26 00:00:00;Válido
DO03173;TE02263;Integração;2025-04-21 00:00:00;Válido
DO03174;TE02596;Integração;2025-12-30 00:00:00;Pendente
DO03175;TE02679;Integração;2025-12-12 00:00:00;Vencido
DO03176;TE00423;Seguro;2025-07-31 00:00:00;Válido
DO03177;TE00035;Integração;2026-05-06 00:00:00;Válido
DO03178;TE01263;Integração;2025-06-30 00:00:00;Válido
DO03179;TE01251;NR-35;2024-01-27 00:00:00;Válido
DO03180;TE01353;NR-35;2025-12-09 00:00:00;Válido
DO03181;TE01634;NR-10;2024-01-18 00:00:00;Válido
DO03182;TE00798;Seguro;2025-03-03 00:00:00;Pendente
DO03183;TE02224;Integração;2026-03-25 00:00:00;Vencido
DO03184;TE01647;NR-10;2024-10-17 00:00:00;Pendente
DO03185;TE00365;Seguro;2024-05-10 00:00:00;Válido
DO03186;TE01541;Seguro;2024-07-01 00:00:00;Válido
DO03187;TE00828;NR-10;2025-11-25 00:00:00;Válido
DO03188;TE02375;ASO;2024-02-04 00:00:00;Pendente
DO03189;TE02239;NR-35;2025-08-05 00:00:00;Válido
DO03190;TE01535;NR-10;2025-05-03 00:00:00;Válido
DO03191;TE03153;Integração;2024-02-17 00:00:00;Vencido
DO03192;TE02736;NR-35;2024-08-04 00:00:00;Válido
DO03193;TE01675;NR-35;2025-06-20 00:00:00;Válido
DO03194;TE00790;NR-10;2024-02-19 00:00:00;Válido
DO03195;TE02696;ASO;2024-11-25 00:00:00;Pendente
DO03196;TE03015;ASO;2026-01-10 00:00:00;Pendente
DO03197;TE01598;NR-10;2025-07-23 00:00:00;Válido
DO03198;TE01239;Integração;2025-09-29 00:00:00;Válido
DO03199;TE02039;Integração;2026-03-07 00:00:00;Válido
DO03200;TE02567;NR-35;2024-03-31 00:00:00;Válido
DO03201;TE01245;Integração;2025-11-18 00:00:00;Pendente
DO03202;TE02227;NR-35;2026-01-15 00:00:00;Válido
DO03203;TE00476;Integração;2024-09-02 00:00:00;Válido
DO03204;TE01536;NR-35;2025-02-09 00:00:00;Válido
DO03205;TE00972;ASO;2024-05-24 00:00:00;Válido
DO03206;TE00784;Integração;2025-06-02 00:00:00;Válido
DO03207;TE01083;NR-10;2026-02-20 00:00:00;Válido
DO03208;TE02271;Seguro;2025-06-04 00:00:00;Válido
DO03209;TE01850;Integração;2024-04-10 00:00:00;Válido
DO03210;TE02296;Integração;2024-08-03 00:00:00;Válido
DO03211;TE01770;ASO;2026-01-09 00:00:00;Pendente
DO03212;TE00236;Integração;2025-11-26 00:00:00;Válido
DO03213;TE01740;ASO;2024-04-15 00:00:00;Válido
DO03214;TE01519;NR-10;2025-06-15 00:00:00;Válido
DO03215;TE01637;NR-35;2026-04-09 00:00:00;Válido
DO03216;TE02433;NR-35;2026-01-23 00:00:00;Válido
DO03217;TE00720;NR-35;2025-11-08 00:00:00;Pendente
DO03218;TE01308;NR-10;2025-09-03 00:00:00;Válido
DO03219;TE01541;Integração;2024-12-11 00:00:00;Válido
DO03220;TE01766;Seguro;2026-04-17 00:00:00;Válido
DO03221;TE01434;NR-10;2025-12-09 00:00:00;Válido
DO03222;TE02963;NR-35;2026-07-31 00:00:00;Válido
DO03223;TE02309;Seguro;2025-01-26 00:00:00;Válido
DO03224;TE00463;Integração;2025-09-05 00:00:00;Válido
DO03225;TE00367;NR-35;2024-07-02 00:00:00;Válido
DO03226;TE01101;Seguro;2024-12-26 00:00:00;Válido
DO03227;TE00678;ASO;2026-02-04 00:00:00;Válido
DO03228;TE00400;NR-10;2024-06-02 00:00:00;Válido
DO03229;TE00200;Integração;2024-02-19 00:00:00;Válido
DO03230;TE01261;Integração;2025-10-24 00:00:00;Pendente
DO03231;TE01932;Seguro;2024-10-28 00:00:00;Válido
DO03232;TE03002;NR-35;2026-01-09 00:00:00;Válido
DO03233;TE00551;Integração;2025-12-15 00:00:00;Válido
DO03234;TE02933;NR-10;2024-06-16 00:00:00;Pendente
DO03235;TE00754;NR-10;2025-01-22 00:00:00;Válido
DO03236;TE01421;Integração;2024-12-03 00:00:00;Válido
DO03237;TE02676;NR-35;2025-09-09 00:00:00;Válido
DO03238;TE01566;ASO;2026-02-10 00:00:00;Válido
DO03239;TE00089;NR-10;2025-02-07 00:00:00;Pendente
DO03240;TE00136;ASO;2025-12-25 00:00:00;Pendente
DO03241;TE01217;NR-35;2025-09-09 00:00:00;Válido
DO03242;TE01036;Seguro;2025-10-07 00:00:00;Válido
DO03243;TE01247;NR-10;2025-11-08 00:00:00;Válido
DO03244;TE02149;ASO;2025-08-07 00:00:00;Vencido
DO03245;TE00863;NR-35;2025-10-02 00:00:00;Vencido
DO03246;TE02704;NR-35;2024-09-27 00:00:00;Válido
DO03247;TE00112;NR-10;2026-04-10 00:00:00;Válido
DO03248;TE00033;ASO;2025-06-04 00:00:00;Válido
DO03249;TE02447;ASO;2024-04-19 00:00:00;Válido
DO03250;TE01756;NR-10;2026-06-09 00:00:00;Válido
DO03251;TE00824;Integração;2024-05-04 00:00:00;Válido
DO03252;TE01384;NR-10;2024-12-05 00:00:00;Pendente
DO03253;TE01125;Integração;2024-08-06 00:00:00;Válido
DO03254;TE00321;Seguro;2025-03-05 00:00:00;Válido
DO03255;TE01404;Integração;2025-08-22 00:00:00;Válido
DO03256;TE00339;ASO;2024-07-08 00:00:00;Válido
DO03257;TE01346;NR-35;2026-06-11 00:00:00;Válido
DO03258;TE01460;ASO;2025-07-30 00:00:00;Válido
DO03259;TE02637;NR-35;2025-11-22 00:00:00;Válido
DO03260;TE00663;Integração;2026-05-26 00:00:00;Válido
DO03261;TE00837;Seguro;2024-07-30 00:00:00;Válido
DO03262;TE01230;Seguro;2025-06-02 00:00:00;Vencido
DO03263;TE00143;NR-35;2024-09-10 00:00:00;Válido
DO03264;TE01319;ASO;2024-09-02 00:00:00;Válido
DO03265;TE00818;ASO;2025-07-01 00:00:00;Válido
DO03266;TE00933;NR-10;2024-02-22 00:00:00;Válido
DO03267;TE01663;Integração;2025-04-23 00:00:00;Válido
DO03268;TE00661;NR-10;2026-05-18 00:00:00;Válido
DO03269;TE00684;ASO;2026-05-19 00:00:00;Válido
DO03270;TE00748;ASO;2025-09-01 00:00:00;Válido
DO03271;TE00153;Seguro;2025-04-11 00:00:00;Válido
DO03272;TE00791;Integração;2025-09-16 00:00:00;Válido
DO03273;TE00395;Integração;2024-09-02 00:00:00;Válido
DO03274;TE02147;NR-10;2024-02-07 00:00:00;Válido
DO03275;TE00752;ASO;2026-06-15 00:00:00;Válido
DO03276;TE03182;Seguro;2024-10-02 00:00:00;Válido
DO03277;TE02378;ASO;2025-10-18 00:00:00;Válido
DO03278;TE02767;Seguro;2025-01-14 00:00:00;Válido
DO03279;TE00248;Seguro;2025-09-14 00:00:00;Válido
DO03280;TE00234;NR-10;2024-12-04 00:00:00;Válido
DO03281;TE02094;ASO;2025-09-19 00:00:00;Vencido
DO03282;TE01115;NR-10;2024-11-18 00:00:00;Válido
DO03283;TE02912;Seguro;2026-01-07 00:00:00;Válido
DO03284;TE02099;Integração;2024-07-18 00:00:00;Válido
DO03285;TE00259;NR-35;2024-02-10 00:00:00;Válido
DO03286;TE02907;NR-10;2024-01-13 00:00:00;Vencido
DO03287;TE02569;NR-35;2025-12-13 00:00:00;Válido
DO03288;TE01577;NR-35;2025-11-17 00:00:00;Válido
DO03289;TE00501;Seguro;2024-11-20 00:00:00;Vencido
DO03290;TE01720;Integração;2026-03-20 00:00:00;Válido
DO03291;TE03016;Integração;2024-11-28 00:00:00;Válido
DO03292;TE02459;Integração;2025-03-31 00:00:00;Válido
DO03293;TE02614;ASO;2024-04-18 00:00:00;Válido
DO03294;TE02210;NR-10;2025-10-04 00:00:00;Válido
DO03295;TE01088;NR-35;2024-06-24 00:00:00;Pendente
DO03296;TE01335;NR-10;2024-11-02 00:00:00;Válido
DO03297;TE01549;Seguro;2024-01-26 00:00:00;Vencido
DO03298;TE03011;Seguro;2026-04-28 00:00:00;Válido
DO03299;TE01890;NR-10;2024-01-05 00:00:00;Válido
DO03300;TE01736;Integração;2026-07-09 00:00:00;Válido
DO03301;TE00067;NR-35;2025-08-22 00:00:00;Válido
DO03302;TE01399;Integração;2026-03-29 00:00:00;Válido
DO03303;TE01090;ASO;2025-01-06 00:00:00;Válido
DO03304;TE02315;ASO;2024-06-06 00:00:00;Válido
DO03305;TE02835;Integração;2024-05-14 00:00:00;Válido
DO03306;TE02720;NR-35;2026-02-11 00:00:00;Vencido
DO03307;TE02171;NR-10;2025-05-12 00:00:00;Válido
DO03308;TE01388;NR-10;2025-02-25 00:00:00;Válido
DO03309;TE01806;NR-10;2024-11-29 00:00:00;Válido
DO03310;TE00767;Seguro;2024-01-13 00:00:00;Válido
DO03311;TE02096;Seguro;2025-03-09 00:00:00;Válido
DO03312;TE02040;Integração;2025-03-25 00:00:00;Válido
DO03313;TE00166;NR-35;2025-01-25 00:00:00;Válido
DO03314;TE02948;Integração;2024-12-05 00:00:00;Vencido
DO03315;TE02036;NR-35;2024-01-16 00:00:00;Vencido
DO03316;TE02668;Seguro;2024-02-21 00:00:00;Válido
DO03317;TE02397;NR-10;2024-03-02 00:00:00;Pendente
DO03318;TE00285;NR-35;2025-12-10 00:00:00;Válido
DO03319;TE02075;NR-10;2025-01-27 00:00:00;Válido
DO03320;TE01224;NR-10;2024-03-01 00:00:00;Válido
DO03321;TE00884;NR-35;2024-10-23 00:00:00;Válido
DO03322;TE01653;NR-35;2024-01-11 00:00:00;Vencido
DO03323;TE01554;Seguro;2026-07-28 00:00:00;Vencido
DO03324;TE02322;NR-35;2024-03-09 00:00:00;Válido
DO03325;TE00454;NR-35;2026-01-27 00:00:00;Pendente
DO03326;TE02107;ASO;2026-01-12 00:00:00;Válido
DO03327;TE01784;NR-35;2024-10-08 00:00:00;Válido
DO03328;TE01699;Seguro;2026-01-26 00:00:00;Válido
DO03329;TE00791;Seguro;2024-09-06 00:00:00;Vencido
DO03330;TE02898;Integração;2026-03-31 00:00:00;Válido
DO03331;TE01274;ASO;2024-02-27 00:00:00;Válido
DO03332;TE01205;NR-35;2025-09-10 00:00:00;Válido
DO03333;TE01505;NR-35;2026-04-23 00:00:00;Vencido
DO03334;TE00927;Integração;2026-01-08 00:00:00;Válido
DO03335;TE00341;ASO;2026-05-13 00:00:00;Válido
DO03336;TE01897;Integração;2024-05-20 00:00:00;Válido
DO03337;TE02502;Integração;2025-08-29 00:00:00;Vencido
DO03338;TE02949;NR-35;2024-10-03 00:00:00;Válido
DO03339;TE02409;NR-35;2025-03-08 00:00:00;Pendente
DO03340;TE01315;NR-35;2025-04-03 00:00:00;Pendente
DO03341;TE02390;Seguro;2026-06-23 00:00:00;Válido
DO03342;TE00624;ASO;2026-04-06 00:00:00;Válido
DO03343;TE02086;Integração;2026-03-08 00:00:00;Pendente
DO03344;TE00212;NR-35;2025-05-25 00:00:00;Válido
DO03345;TE00017;Seguro;2024-02-28 00:00:00;Válido
DO03346;TE02924;Seguro;2025-09-12 00:00:00;Válido
DO03347;TE02371;ASO;2024-07-06 00:00:00;Vencido
DO03348;TE02829;Seguro;2025-11-24 00:00:00;Válido
DO03349;TE02146;Integração;2026-03-27 00:00:00;Válido
DO03350;TE03030;ASO;2026-01-21 00:00:00;Válido
DO03351;TE00811;NR-35;2024-10-04 00:00:00;Válido
DO03352;TE01523;Seguro;2025-04-05 00:00:00;Válido
DO03353;TE00417;ASO;2025-01-02 00:00:00;Válido
DO03354;TE02143;Integração;2026-04-22 00:00:00;Pendente
DO03355;TE02887;Seguro;2026-04-06 00:00:00;Válido
DO03356;TE02589;NR-10;2024-09-10 00:00:00;Válido
DO03357;TE00375;Integração;2025-05-05 00:00:00;Vencido
DO03358;TE02755;NR-10;2025-06-02 00:00:00;Válido
DO03359;TE01859;Seguro;2026-07-01 00:00:00;Válido
DO03360;TE01934;NR-10;2025-08-20 00:00:00;Válido
DO03361;TE02026;Integração;2024-10-28 00:00:00;Válido
DO03362;TE00742;NR-10;2024-02-01 00:00:00;Válido
DO03363;TE02024;NR-10;2024-01-25 00:00:00;Válido
DO03364;TE02349;NR-35;2026-05-28 00:00:00;Vencido
DO03365;TE00788;Seguro;2025-11-23 00:00:00;Válido
DO03366;TE02831;ASO;2024-08-19 00:00:00;Válido
DO03367;TE02197;NR-10;2024-09-22 00:00:00;Vencido
DO03368;TE00623;NR-10;2024-01-03 00:00:00;Válido
DO03369;TE02410;NR-10;2024-09-19 00:00:00;Válido
DO03370;TE01707;Seguro;2025-07-29 00:00:00;Válido
DO03371;TE02847;Integração;2025-09-09 00:00:00;Válido
DO03372;TE01341;Integração;2025-11-20 00:00:00;Válido
DO03373;TE01361;NR-10;2026-04-27 00:00:00;Válido
DO03374;TE01090;Integração;2026-05-09 00:00:00;Vencido
DO03375;TE00851;Seguro;2025-04-25 00:00:00;Válido
DO03376;TE02910;NR-10;2026-04-07 00:00:00;Válido
DO03377;TE01521;ASO;2026-05-18 00:00:00;Vencido
DO03378;TE01216;ASO;2026-01-30 00:00:00;Válido
DO03379;TE01062;NR-10;2025-07-19 00:00:00;Válido
DO03380;TE00244;Seguro;2024-06-03 00:00:00;Válido
DO03381;TE01767;ASO;2026-01-12 00:00:00;Válido
DO03382;TE00345;Seguro;2026-07-14 00:00:00;Válido
DO03383;TE02488;Seguro;2025-12-02 00:00:00;Válido
DO03384;TE01092;NR-35;2025-07-08 00:00:00;Pendente
DO03385;TE02265;NR-10;2024-03-26 00:00:00;Válido
DO03386;TE01981;NR-10;2026-07-01 00:00:00;Válido
DO03387;TE00228;Seguro;2025-06-05 00:00:00;Válido
DO03388;TE02141;Seguro;2026-02-09 00:00:00;Vencido
DO03389;TE01264;Integração;2026-04-07 00:00:00;Válido
DO03390;TE02509;NR-10;2024-01-13 00:00:00;Válido
DO03391;TE02816;Integração;2025-04-02 00:00:00;Válido
DO03392;TE00332;ASO;2025-10-04 00:00:00;Pendente
DO03393;TE02222;Integração;2024-07-17 00:00:00;Válido
DO03394;TE03138;Seguro;2024-12-09 00:00:00;Válido
DO03395;TE01328;Seguro;2026-01-04 00:00:00;Vencido
DO03396;TE02753;NR-10;2025-09-26 00:00:00;Válido
DO03397;TE02798;ASO;2025-06-28 00:00:00;Válido
DO03398;TE02831;NR-35;2024-06-13 00:00:00;Válido
DO03399;TE01411;ASO;2025-07-17 00:00:00;Pendente
DO03400;TE00004;Seguro;2024-09-05 00:00:00;Vencido
DO03401;TE02022;Seguro;2026-03-09 00:00:00;Vencido
DO03402;TE02032;Seguro;2026-02-25 00:00:00;Pendente
DO03403;TE01371;ASO;2026-01-03 00:00:00;Válido
DO03404;TE01980;NR-35;2025-03-25 00:00:00;Válido
DO03405;TE02539;Integração;2024-04-27 00:00:00;Válido
DO03406;TE01494;ASO;2024-03-08 00:00:00;Válido
DO03407;TE02031;Integração;2024-05-31 00:00:00;Vencido
DO03408;TE00971;NR-10;2026-01-15 00:00:00;Válido
DO03409;TE00124;Seguro;2025-11-18 00:00:00;Válido
DO03410;TE01048;Integração;2024-02-02 00:00:00;Válido
DO03411;TE00383;NR-10;2025-08-30 00:00:00;Vencido
DO03412;TE01840;NR-10;2025-06-03 00:00:00;Válido
DO03413;TE01219;NR-35;2025-01-02 00:00:00;Válido
DO03414;TE02335;NR-10;2025-09-27 00:00:00;Válido
DO03415;TE02995;Integração;2024-03-17 00:00:00;Válido
DO03416;TE03172;NR-35;2025-10-03 00:00:00;Válido
DO03417;TE02318;Integração;2026-03-29 00:00:00;Válido
DO03418;TE02647;Integração;2025-08-09 00:00:00;Válido
DO03419;TE01681;Seguro;2026-01-12 00:00:00;Válido
DO03420;TE00066;Integração;2025-02-26 00:00:00;Pendente
DO03421;TE01390;NR-35;2024-03-11 00:00:00;Válido
DO03422;TE03164;NR-35;2026-04-05 00:00:00;Válido
DO03423;TE02529;Integração;2025-02-07 00:00:00;Pendente
DO03424;TE02898;ASO;2026-03-25 00:00:00;Válido
DO03425;TE03186;NR-10;2024-03-03 00:00:00;Vencido
DO03426;TE00951;NR-35;2026-01-03 00:00:00;Válido
DO03427;TE02301;Seguro;2025-06-08 00:00:00;Válido
DO03428;TE03167;Integração;2025-03-19 00:00:00;Válido
DO03429;TE00474;Seguro;2024-08-08 00:00:00;Válido
DO03430;TE03102;Integração;2024-08-28 00:00:00;Válido
DO03431;TE01516;NR-35;2024-04-17 00:00:00;Pendente
DO03432;TE00521;Seguro;2025-10-04 00:00:00;Válido
DO03433;TE01323;NR-10;2024-02-16 00:00:00;Vencido
DO03434;TE02838;ASO;2024-02-06 00:00:00;Válido
DO03435;TE02392;ASO;2024-10-16 00:00:00;Válido
DO03436;TE00749;NR-35;2025-07-03 00:00:00;Válido
DO03437;TE02911;NR-35;2026-07-02 00:00:00;Válido
DO03438;TE00888;Seguro;2024-01-30 00:00:00;Válido
DO03439;TE03045;ASO;2024-08-21 00:00:00;Válido
DO03440;TE01676;NR-10;2024-02-14 00:00:00;Vencido
DO03441;TE01484;Integração;2025-03-27 00:00:00;Válido
DO03442;TE00560;NR-35;2024-10-06 00:00:00;Pendente
DO03443;TE00780;Seguro;2024-03-13 00:00:00;Válido
DO03444;TE00121;NR-10;2025-11-07 00:00:00;Válido
DO03445;TE00190;Seguro;2025-09-15 00:00:00;Válido
DO03446;TE02070;Integração;2024-10-16 00:00:00;Válido
DO03447;TE02073;Seguro;2026-05-13 00:00:00;Válido
DO03448;TE00601;Seguro;2024-08-04 00:00:00;Pendente
DO03449;TE01906;Seguro;2024-08-30 00:00:00;Válido
DO03450;TE00563;NR-35;2025-11-26 00:00:00;Válido
DO03451;TE01076;NR-10;2026-02-22 00:00:00;Válido
DO03452;TE03191;Seguro;2024-11-01 00:00:00;Válido
DO03453;TE01942;Seguro;2025-09-05 00:00:00;Válido
DO03454;TE02456;Integração;2024-12-14 00:00:00;Válido
DO03455;TE01382;NR-35;2025-08-24 00:00:00;Válido
DO03456;TE02102;ASO;2024-04-26 00:00:00;Válido
DO03457;TE00754;Integração;2025-11-20 00:00:00;Válido
DO03458;TE02438;Integração;2024-01-20 00:00:00;Válido
DO03459;TE03129;Integração;2025-08-20 00:00:00;Válido
DO03460;TE02301;NR-10;2024-11-03 00:00:00;Válido
DO03461;TE02493;NR-35;2024-11-18 00:00:00;Pendente
DO03462;TE02502;NR-10;2024-09-10 00:00:00;Válido
DO03463;TE00646;NR-10;2024-09-16 00:00:00;Pendente
DO03464;TE00771;Integração;2025-07-09 00:00:00;Pendente
DO03465;TE01659;Integração;2025-03-31 00:00:00;Vencido
DO03466;TE02302;NR-10;2025-05-05 00:00:00;Válido
DO03467;TE00714;Integração;2025-08-11 00:00:00;Válido
DO03468;TE00699;Integração;2026-06-25 00:00:00;Válido
DO03469;TE01782;ASO;2024-11-09 00:00:00;Válido
DO03470;TE02979;ASO;2025-10-17 00:00:00;Vencido
DO03471;TE00762;Seguro;2024-02-12 00:00:00;Válido
DO03472;TE02342;NR-10;2024-08-22 00:00:00;Válido
DO03473;TE02785;NR-35;2025-04-25 00:00:00;Válido
DO03474;TE00343;ASO;2024-05-27 00:00:00;Vencido
DO03475;TE00339;NR-10;2025-02-08 00:00:00;Válido
DO03476;TE01598;Seguro;2024-03-21 00:00:00;Válido
DO03477;TE00720;Seguro;2025-07-03 00:00:00;Válido
DO03478;TE02376;NR-10;2024-10-30 00:00:00;Válido
DO03479;TE00133;Seguro;2025-01-03 00:00:00;Válido
DO03480;TE02908;NR-35;2024-09-28 00:00:00;Vencido
DO03481;TE00830;Integração;2025-06-25 00:00:00;Válido
DO03482;TE02923;NR-35;2025-09-29 00:00:00;Válido
DO03483;TE02708;Seguro;2025-10-07 00:00:00;Válido
DO03484;TE00510;Seguro;2024-03-01 00:00:00;Vencido
DO03485;TE01156;NR-35;2024-05-18 00:00:00;Válido
DO03486;TE01612;Seguro;2025-01-20 00:00:00;Pendente
DO03487;TE00931;NR-35;2026-02-20 00:00:00;Válido
DO03488;TE00789;NR-35;2024-09-21 00:00:00;Válido
DO03489;TE00880;Integração;2025-06-23 00:00:00;Válido
DO03490;TE00756;NR-10;2025-10-04 00:00:00;Válido
DO03491;TE02882;Integração;2025-08-30 00:00:00;Válido
DO03492;TE00199;Integração;2025-01-29 00:00:00;Vencido
DO03493;TE00477;Seguro;2024-06-11 00:00:00;Válido
DO03494;TE02336;NR-10;2024-09-11 00:00:00;Válido
DO03495;TE02015;Integração;2026-02-15 00:00:00;Válido
DO03496;TE00108;NR-35;2025-08-27 00:00:00;Válido
DO03497;TE02944;Integração;2024-06-14 00:00:00;Válido
DO03498;TE01682;Seguro;2025-06-29 00:00:00;Válido
DO03499;TE00528;NR-35;2026-04-16 00:00:00;Válido
DO03500;TE00605;ASO;2025-07-26 00:00:00;Válido
DO03501;TE01087;Seguro;2024-04-25 00:00:00;Válido
DO03502;TE01139;Seguro;2024-06-20 00:00:00;Válido
DO03503;TE01555;NR-10;2024-05-03 00:00:00;Válido
DO03504;TE01823;Seguro;2024-01-21 00:00:00;Válido
DO03505;TE00105;Integração;2026-03-29 00:00:00;Válido
DO03506;TE02514;NR-10;2026-03-10 00:00:00;Válido
DO03507;TE00375;Integração;2026-02-20 00:00:00;Válido
DO03508;TE02995;NR-10;2024-03-18 00:00:00;Válido
DO03509;TE01785;Integração;2025-10-26 00:00:00;Válido
DO03510;TE01078;NR-35;2024-12-31 00:00:00;Válido
DO03511;TE00968;Seguro;2025-10-08 00:00:00;Válido
DO03512;TE01484;NR-35;2024-08-20 00:00:00;Válido
DO03513;TE03123;ASO;2026-07-10 00:00:00;Válido
DO03514;TE02450;NR-10;2024-12-30 00:00:00;Pendente
DO03515;TE00739;NR-35;2025-04-29 00:00:00;Vencido
DO03516;TE02313;ASO;2025-12-02 00:00:00;Válido
DO03517;TE02512;Integração;2024-11-18 00:00:00;Válido
DO03518;TE01201;ASO;2024-03-25 00:00:00;Válido
DO03519;TE03000;NR-10;2024-02-09 00:00:00;Válido
DO03520;TE00079;Seguro;2025-07-05 00:00:00;Pendente
DO03521;TE01449;NR-10;2026-01-23 00:00:00;Válido
DO03522;TE00920;NR-35;2025-06-15 00:00:00;Válido
DO03523;TE02934;NR-10;2025-12-23 00:00:00;Válido
DO03524;TE00961;Integração;2025-07-05 00:00:00;Válido
DO03525;TE01906;NR-35;2025-11-08 00:00:00;Válido
DO03526;TE00964;ASO;2026-07-16 00:00:00;Válido
DO03527;TE03011;Integração;2025-03-08 00:00:00;Vencido
DO03528;TE01170;Integração;2024-05-13 00:00:00;Vencido
DO03529;TE03134;Seguro;2024-05-28 00:00:00;Válido
DO03530;TE02021;Seguro;2024-05-30 00:00:00;Válido
DO03531;TE02181;ASO;2024-03-07 00:00:00;Válido
DO03532;TE00869;ASO;2026-05-15 00:00:00;Pendente
DO03533;TE01015;NR-35;2026-05-20 00:00:00;Válido
DO03534;TE02700;Integração;2025-05-24 00:00:00;Válido
DO03535;TE00889;NR-35;2026-07-24 00:00:00;Válido
DO03536;TE00113;Integração;2025-08-01 00:00:00;Válido
DO03537;TE01076;NR-10;2024-07-02 00:00:00;Pendente
DO03538;TE00410;NR-35;2025-11-17 00:00:00;Válido
DO03539;TE01050;NR-10;2026-01-11 00:00:00;Válido
DO03540;TE03062;Seguro;2026-07-25 00:00:00;Válido
DO03541;TE01130;NR-10;2025-08-04 00:00:00;Válido
DO03542;TE02155;NR-10;2025-01-24 00:00:00;Válido
DO03543;TE01392;ASO;2024-02-12 00:00:00;Válido
DO03544;TE02514;ASO;2025-12-09 00:00:00;Válido
DO03545;TE02754;NR-35;2024-02-21 00:00:00;Pendente
DO03546;TE01880;Integração;2025-01-12 00:00:00;Válido
DO03547;TE01126;NR-35;2024-09-30 00:00:00;Vencido
DO03548;TE02357;Seguro;2024-01-17 00:00:00;Vencido
DO03549;TE00021;NR-35;2026-02-14 00:00:00;Válido
DO03550;TE01135;Seguro;2025-10-24 00:00:00;Vencido
DO03551;TE01731;Seguro;2025-04-11 00:00:00;Válido
DO03552;TE02490;Seguro;2025-12-22 00:00:00;Válido
DO03553;TE01497;Integração;2025-04-28 00:00:00;Válido
DO03554;TE01931;ASO;2025-07-04 00:00:00;Pendente
DO03555;TE00130;Integração;2024-05-31 00:00:00;Válido
DO03556;TE01411;NR-10;2025-06-08 00:00:00;Válido
DO03557;TE00299;Integração;2024-07-08 00:00:00;Válido
DO03558;TE03061;Integração;2025-12-03 00:00:00;Válido
DO03559;TE01153;Integração;2024-08-14 00:00:00;Válido
DO03560;TE02942;Seguro;2025-04-18 00:00:00;Válido
DO03561;TE02747;ASO;2024-03-04 00:00:00;Válido
DO03562;TE01289;ASO;2024-07-31 00:00:00;Válido
DO03563;TE00297;Integração;2024-06-07 00:00:00;Válido
DO03564;TE01998;NR-35;2025-01-05 00:00:00;Vencido
DO03565;TE03154;Integração;2025-12-04 00:00:00;Válido
DO03566;TE02764;NR-35;2025-07-20 00:00:00;Válido
DO03567;TE02738;ASO;2024-04-30 00:00:00;Vencido
DO03568;TE02243;NR-35;2025-06-01 00:00:00;Válido
DO03569;TE02609;Seguro;2025-03-11 00:00:00;Válido
DO03570;TE01403;NR-35;2026-07-29 00:00:00;Pendente
DO03571;TE00307;NR-35;2026-01-07 00:00:00;Válido
DO03572;TE01939;NR-10;2025-07-05 00:00:00;Válido
DO03573;TE00545;Seguro;2024-08-19 00:00:00;Válido
DO03574;TE02650;NR-35;2026-04-22 00:00:00;Válido
DO03575;TE00853;Integração;2025-07-02 00:00:00;Válido
DO03576;TE02766;Integração;2024-09-17 00:00:00;Válido
DO03577;TE00176;ASO;2026-01-28 00:00:00;Válido
DO03578;TE01287;NR-10;2024-05-30 00:00:00;Válido
DO03579;TE01238;ASO;2024-09-12 00:00:00;Válido
DO03580;TE01418;ASO;2025-07-06 00:00:00;Vencido
DO03581;TE01611;NR-10;2026-02-13 00:00:00;Válido
DO03582;TE00518;NR-10;2026-03-02 00:00:00;Válido
DO03583;TE03148;Integração;2025-11-02 00:00:00;Válido
DO03584;TE01808;Integração;2025-10-02 00:00:00;Válido
DO03585;TE02783;NR-35;2026-03-17 00:00:00;Válido
DO03586;TE00638;Seguro;2026-01-14 00:00:00;Válido
DO03587;TE01912;ASO;2025-01-10 00:00:00;Válido
DO03588;TE01483;Seguro;2025-01-10 00:00:00;Válido
DO03589;TE01431;ASO;2024-07-31 00:00:00;Vencido
DO03590;TE00216;NR-35;2025-01-26 00:00:00;Vencido
DO03591;TE00630;NR-35;2024-05-23 00:00:00;Válido
DO03592;TE02413;NR-10;2026-07-21 00:00:00;Válido
DO03593;TE00420;Seguro;2026-02-03 00:00:00;Válido
DO03594;TE02248;NR-35;2025-05-05 00:00:00;Válido
DO03595;TE02896;ASO;2025-08-18 00:00:00;Válido
DO03596;TE02838;Seguro;2025-03-17 00:00:00;Vencido
DO03597;TE02164;NR-35;2024-06-25 00:00:00;Válido
DO03598;TE00345;Integração;2024-11-11 00:00:00;Válido
DO03599;TE02747;Seguro;2025-10-25 00:00:00;Válido
DO03600;TE02610;NR-35;2025-02-18 00:00:00;Válido
DO03601;TE00404;ASO;2024-04-08 00:00:00;Válido
DO03602;TE03080;NR-35;2024-06-01 00:00:00;Válido
DO03603;TE01749;ASO;2024-04-20 00:00:00;Válido
DO03604;TE02255;NR-35;2024-06-28 00:00:00;Válido
DO03605;TE02192;Integração;2024-12-05 00:00:00;Válido
DO03606;TE02189;NR-35;2024-02-23 00:00:00;Válido
DO03607;TE01259;ASO;2026-06-25 00:00:00;Pendente
DO03608;TE02869;Seguro;2025-02-21 00:00:00;Válido
DO03609;TE02728;NR-10;2024-02-29 00:00:00;Válido
DO03610;TE00663;ASO;2024-04-13 00:00:00;Válido
DO03611;TE02519;Seguro;2024-08-29 00:00:00;Válido
DO03612;TE02683;ASO;2024-04-11 00:00:00;Válido
DO03613;TE00078;Integração;2026-05-20 00:00:00;Pendente
DO03614;TE01304;NR-35;2024-11-29 00:00:00;Vencido
DO03615;TE01166;Seguro;2026-03-03 00:00:00;Válido
DO03616;TE00653;Integração;2025-08-10 00:00:00;Válido
DO03617;TE02557;Seguro;2024-01-13 00:00:00;Válido
DO03618;TE01928;Integração;2026-05-30 00:00:00;Válido
DO03619;TE02981;Seguro;2025-02-26 00:00:00;Válido
DO03620;TE02061;Seguro;2026-06-27 00:00:00;Válido
DO03621;TE02556;Seguro;2024-04-25 00:00:00;Válido
DO03622;TE00790;Seguro;2024-03-16 00:00:00;Válido
DO03623;TE00565;Integração;2024-03-24 00:00:00;Válido
DO03624;TE00711;NR-10;2024-10-25 00:00:00;Válido
DO03625;TE02298;NR-35;2024-05-09 00:00:00;Válido
DO03626;TE01616;NR-35;2026-05-24 00:00:00;Válido
DO03627;TE03188;Integração;2025-09-09 00:00:00;Válido
DO03628;TE02569;Integração;2025-01-09 00:00:00;Válido
DO03629;TE01432;Integração;2025-03-29 00:00:00;Válido
DO03630;TE00823;NR-35;2024-09-16 00:00:00;Vencido
DO03631;TE02910;Seguro;2024-09-06 00:00:00;Válido
DO03632;TE00443;NR-10;2025-01-05 00:00:00;Vencido
DO03633;TE02809;NR-35;2024-11-20 00:00:00;Válido
DO03634;TE02910;Seguro;2026-02-24 00:00:00;Válido
DO03635;TE01843;Integração;2026-02-18 00:00:00;Válido
DO03636;TE01349;NR-10;2025-08-27 00:00:00;Válido
DO03637;TE03187;Integração;2024-01-17 00:00:00;Válido
DO03638;TE01023;NR-10;2024-03-05 00:00:00;Válido
DO03639;TE00836;NR-35;2024-01-25 00:00:00;Válido
DO03640;TE01596;NR-10;2026-04-25 00:00:00;Válido
DO03641;TE01168;Integração;2025-11-26 00:00:00;Válido
DO03642;TE00738;Integração;2026-04-15 00:00:00;Pendente
DO03643;TE01936;Integração;2025-05-13 00:00:00;Válido
DO03644;TE01653;NR-35;2024-01-15 00:00:00;Vencido
DO03645;TE01708;NR-35;2025-03-06 00:00:00;Válido
DO03646;TE02646;Integração;2025-03-31 00:00:00;Válido
DO03647;TE00004;ASO;2025-09-30 00:00:00;Válido
DO03648;TE01513;Seguro;2025-09-19 00:00:00;Válido
DO03649;TE00596;Integração;2025-07-20 00:00:00;Vencido
DO03650;TE00814;ASO;2025-11-26 00:00:00;Válido
DO03651;TE01305;Seguro;2026-04-19 00:00:00;Pendente
DO03652;TE01046;Integração;2024-09-24 00:00:00;Válido
DO03653;TE03096;Seguro;2026-01-26 00:00:00;Válido
DO03654;TE01851;Integração;2026-06-25 00:00:00;Válido
DO03655;TE00765;NR-10;2025-05-18 00:00:00;Válido
DO03656;TE02420;NR-10;2026-05-09 00:00:00;Válido
DO03657;TE00137;NR-35;2024-02-29 00:00:00;Válido
DO03658;TE01435;Integração;2025-01-26 00:00:00;Válido
DO03659;TE01912;Integração;2025-05-02 00:00:00;Válido
DO03660;TE01761;Seguro;2024-08-06 00:00:00;Válido
DO03661;TE00204;ASO;2024-12-13 00:00:00;Válido
DO03662;TE02664;NR-10;2026-06-09 00:00:00;Vencido
DO03663;TE02201;Integração;2026-04-17 00:00:00;Válido
DO03664;TE00580;NR-35;2026-04-30 00:00:00;Vencido
DO03665;TE01365;NR-35;2024-06-21 00:00:00;Válido
DO03666;TE00361;Seguro;2026-02-22 00:00:00;Vencido
DO03667;TE02467;Seguro;2024-03-07 00:00:00;Vencido
DO03668;TE00840;NR-35;2025-12-27 00:00:00;Válido
DO03669;TE02539;ASO;2026-05-10 00:00:00;Válido
DO03670;TE01332;NR-10;2024-06-27 00:00:00;Válido
DO03671;TE00489;ASO;2026-05-06 00:00:00;Válido
DO03672;TE00113;NR-35;2025-02-09 00:00:00;Pendente
DO03673;TE00587;ASO;2024-07-01 00:00:00;Válido
DO03674;TE00850;NR-10;2025-03-18 00:00:00;Válido
DO03675;TE01514;NR-35;2025-06-23 00:00:00;Válido
DO03676;TE01686;Seguro;2026-03-23 00:00:00;Válido
DO03677;TE01903;Integração;2024-08-15 00:00:00;Válido
DO03678;TE00724;Seguro;2025-08-27 00:00:00;Válido
DO03679;TE00796;NR-10;2024-07-11 00:00:00;Pendente
DO03680;TE01329;NR-10;2024-12-26 00:00:00;Vencido
DO03681;TE01201;NR-35;2024-12-13 00:00:00;Válido
DO03682;TE02934;NR-35;2024-04-12 00:00:00;Válido
DO03683;TE02694;ASO;2024-08-04 00:00:00;Válido
DO03684;TE01324;ASO;2025-08-31 00:00:00;Válido
DO03685;TE01219;Integração;2025-08-25 00:00:00;Válido
DO03686;TE01725;Integração;2026-04-21 00:00:00;Válido
DO03687;TE02771;NR-35;2025-07-05 00:00:00;Válido
DO03688;TE01422;NR-10;2025-11-30 00:00:00;Válido
DO03689;TE00731;NR-35;2024-05-03 00:00:00;Vencido
DO03690;TE00518;Seguro;2025-10-02 00:00:00;Válido
DO03691;TE02051;NR-35;2024-07-30 00:00:00;Válido
DO03692;TE02828;NR-10;2024-12-23 00:00:00;Válido
DO03693;TE00184;ASO;2024-12-28 00:00:00;Válido
DO03694;TE00046;Integração;2025-10-09 00:00:00;Válido
DO03695;TE02087;ASO;2025-03-14 00:00:00;Pendente
DO03696;TE00360;NR-10;2026-07-16 00:00:00;Válido
DO03697;TE02259;Integração;2026-06-23 00:00:00;Pendente
DO03698;TE00389;NR-35;2024-07-25 00:00:00;Válido
DO03699;TE00272;Integração;2024-03-24 00:00:00;Válido
DO03700;TE00223;Integração;2025-02-05 00:00:00;Válido
DO03701;TE01777;Seguro;2024-07-21 00:00:00;Válido
DO03702;TE01969;Seguro;2025-08-09 00:00:00;Válido
DO03703;TE03075;Integração;2025-05-28 00:00:00;Válido
DO03704;TE02970;ASO;2026-04-09 00:00:00;Vencido
DO03705;TE02435;Integração;2026-05-26 00:00:00;Válido
DO03706;TE02043;NR-35;2025-06-11 00:00:00;Válido
DO03707;TE02017;Integração;2024-04-26 00:00:00;Válido
DO03708;TE02344;Seguro;2025-08-09 00:00:00;Válido
DO03709;TE00617;Integração;2025-11-06 00:00:00;Válido
DO03710;TE01386;ASO;2024-03-30 00:00:00;Válido
DO03711;TE00141;Integração;2025-10-07 00:00:00;Válido
DO03712;TE02725;Seguro;2024-12-30 00:00:00;Pendente
DO03713;TE02452;NR-35;2024-12-24 00:00:00;Válido
DO03714;TE03077;NR-35;2025-10-31 00:00:00;Válido
DO03715;TE01083;Integração;2026-07-24 00:00:00;Vencido
DO03716;TE00917;NR-35;2026-07-08 00:00:00;Pendente
DO03717;TE02692;NR-10;2026-02-08 00:00:00;Válido
DO03718;TE01497;NR-35;2025-10-28 00:00:00;Pendente
DO03719;TE01497;Integração;2024-11-15 00:00:00;Válido
DO03720;TE02753;ASO;2024-10-28 00:00:00;Válido
DO03721;TE01454;ASO;2025-05-25 00:00:00;Válido
DO03722;TE01081;Seguro;2026-03-18 00:00:00;Válido
DO03723;TE00842;NR-10;2024-01-11 00:00:00;Válido
DO03724;TE00432;NR-35;2026-02-20 00:00:00;Válido
DO03725;TE00422;NR-10;2025-11-19 00:00:00;Válido
DO03726;TE02205;NR-35;2024-04-20 00:00:00;Vencido
DO03727;TE00005;Seguro;2024-07-21 00:00:00;Válido
DO03728;TE01853;NR-10;2025-08-03 00:00:00;Válido
DO03729;TE00185;Integração;2025-12-01 00:00:00;Vencido
DO03730;TE02365;NR-35;2024-06-29 00:00:00;Válido
DO03731;TE01048;ASO;2025-08-12 00:00:00;Válido
DO03732;TE00481;Seguro;2024-05-01 00:00:00;Válido
DO03733;TE03119;Integração;2026-01-31 00:00:00;Vencido
DO03734;TE01254;Integração;2024-12-26 00:00:00;Válido
DO03735;TE00415;NR-35;2024-10-30 00:00:00;Válido
DO03736;TE01948;Integração;2026-03-18 00:00:00;Pendente
DO03737;TE02792;Integração;2025-04-23 00:00:00;Válido
DO03738;TE02931;NR-35;2024-09-20 00:00:00;Válido
DO03739;TE01793;ASO;2026-04-03 00:00:00;Válido
DO03740;TE01812;ASO;2024-08-12 00:00:00;Válido
DO03741;TE01377;NR-35;2024-03-01 00:00:00;Válido
DO03742;TE02076;NR-10;2024-03-08 00:00:00;Válido
DO03743;TE02850;NR-10;2025-09-17 00:00:00;Válido
DO03744;TE01034;NR-10;2025-01-08 00:00:00;Válido
DO03745;TE00003;ASO;2025-08-14 00:00:00;Válido
DO03746;TE02380;ASO;2025-11-09 00:00:00;Válido
DO03747;TE00371;Seguro;2025-12-20 00:00:00;Válido
DO03748;TE03132;NR-35;2025-11-26 00:00:00;Válido
DO03749;TE02652;Integração;2024-04-27 00:00:00;Válido
DO03750;TE00730;NR-10;2025-11-02 00:00:00;Válido
DO03751;TE03108;Seguro;2024-01-12 00:00:00;Válido
DO03752;TE03000;NR-10;2025-01-15 00:00:00;Vencido
DO03753;TE00157;NR-10;2026-03-16 00:00:00;Válido
DO03754;TE00619;NR-10;2024-11-24 00:00:00;Válido
DO03755;TE00665;Integração;2024-08-11 00:00:00;Válido
DO03756;TE01223;NR-35;2025-03-11 00:00:00;Válido
DO03757;TE00797;ASO;2024-03-07 00:00:00;Válido
DO03758;TE02309;Integração;2024-01-11 00:00:00;Pendente
DO03759;TE02563;NR-35;2024-09-13 00:00:00;Válido
DO03760;TE02852;Integração;2025-10-22 00:00:00;Válido
DO03761;TE00666;Seguro;2026-06-20 00:00:00;Válido
DO03762;TE01721;NR-35;2025-02-18 00:00:00;Válido
DO03763;TE00658;Integração;2024-03-18 00:00:00;Válido
DO03764;TE00157;NR-10;2025-01-16 00:00:00;Válido
DO03765;TE02722;NR-35;2025-01-02 00:00:00;Válido
DO03766;TE02610;Integração;2024-05-26 00:00:00;Vencido
DO03767;TE02264;Seguro;2025-04-18 00:00:00;Válido
DO03768;TE02196;NR-10;2024-07-25 00:00:00;Vencido
DO03769;TE02638;Seguro;2025-12-06 00:00:00;Válido
DO03770;TE01572;Integração;2024-03-12 00:00:00;Válido
DO03771;TE02693;NR-10;2024-02-09 00:00:00;Válido
DO03772;TE02569;Seguro;2025-03-07 00:00:00;Vencido
DO03773;TE01160;NR-10;2024-01-29 00:00:00;Válido
DO03774;TE02356;Seguro;2024-07-15 00:00:00;Válido
DO03775;TE01917;Integração;2025-04-07 00:00:00;Válido
DO03776;TE01376;Seguro;2024-06-16 00:00:00;Válido
DO03777;TE01610;Seguro;2024-03-25 00:00:00;Válido
DO03778;TE01767;ASO;2026-04-14 00:00:00;Válido
DO03779;TE00142;ASO;2024-05-08 00:00:00;Válido
DO03780;TE01072;NR-35;2024-05-06 00:00:00;Vencido
DO03781;TE02852;ASO;2026-07-10 00:00:00;Válido
DO03782;TE01070;ASO;2025-04-10 00:00:00;Vencido
DO03783;TE03118;NR-35;2025-08-25 00:00:00;Válido
DO03784;TE00454;Integração;2025-07-03 00:00:00;Válido
DO03785;TE00715;Integração;2024-07-18 00:00:00;Pendente
DO03786;TE00378;Seguro;2026-02-01 00:00:00;Válido
DO03787;TE02151;NR-35;2025-06-22 00:00:00;Válido
DO03788;TE01225;Seguro;2024-01-05 00:00:00;Válido
DO03789;TE02793;Seguro;2025-11-16 00:00:00;Válido
DO03790;TE00258;NR-10;2025-03-24 00:00:00;Válido
DO03791;TE00436;Seguro;2025-11-07 00:00:00;Válido
DO03792;TE02470;Integração;2024-02-08 00:00:00;Válido
DO03793;TE02029;Seguro;2025-09-24 00:00:00;Válido
DO03794;TE02967;ASO;2024-09-13 00:00:00;Válido
DO03795;TE01796;NR-35;2025-04-11 00:00:00;Válido
DO03796;TE01202;Seguro;2024-07-21 00:00:00;Vencido
DO03797;TE01010;Seguro;2025-02-23 00:00:00;Válido
DO03798;TE02035;NR-35;2025-04-03 00:00:00;Válido
DO03799;TE01866;ASO;2026-05-18 00:00:00;Válido
DO03800;TE00672;NR-35;2026-02-04 00:00:00;Válido
DO03801;TE02826;NR-35;2026-06-13 00:00:00;Vencido
DO03802;TE02902;Seguro;2025-01-20 00:00:00;Válido
DO03803;TE00096;NR-35;2024-01-26 00:00:00;Válido
DO03804;TE00250;NR-35;2026-04-27 00:00:00;Válido
DO03805;TE02729;Seguro;2026-03-14 00:00:00;Válido
DO03806;TE01435;NR-10;2025-03-01 00:00:00;Válido
DO03807;TE00622;ASO;2025-08-03 00:00:00;Válido
DO03808;TE02479;NR-10;2024-05-11 00:00:00;Válido
DO03809;TE02053;NR-10;2024-09-17 00:00:00;Vencido
DO03810;TE02372;ASO;2026-02-02 00:00:00;Válido
DO03811;TE00042;ASO;2024-11-27 00:00:00;Válido
DO03812;TE00916;Seguro;2026-05-14 00:00:00;Válido
DO03813;TE02540;NR-35;2025-08-02 00:00:00;Válido
DO03814;TE00163;ASO;2026-02-19 00:00:00;Válido
DO03815;TE02571;Integração;2024-10-09 00:00:00;Válido
DO03816;TE02424;NR-10;2024-08-01 00:00:00;Válido
DO03817;TE00241;Integração;2024-12-18 00:00:00;Válido
DO03818;TE00347;NR-10;2026-02-17 00:00:00;Pendente
DO03819;TE01778;Integração;2024-08-03 00:00:00;Válido
DO03820;TE02793;NR-10;2025-12-18 00:00:00;Válido
DO03821;TE00191;NR-35;2025-02-10 00:00:00;Válido
DO03822;TE02036;Integração;2024-05-06 00:00:00;Vencido
DO03823;TE02755;NR-10;2025-06-08 00:00:00;Válido
DO03824;TE00932;NR-10;2024-08-25 00:00:00;Válido
DO03825;TE01561;ASO;2026-06-20 00:00:00;Pendente
DO03826;TE01024;NR-35;2025-12-10 00:00:00;Válido
DO03827;TE00035;NR-35;2024-10-18 00:00:00;Válido
DO03828;TE01501;NR-35;2024-02-29 00:00:00;Válido
DO03829;TE00636;NR-35;2026-05-15 00:00:00;Válido
DO03830;TE03057;Integração;2024-10-05 00:00:00;Válido
DO03831;TE03012;ASO;2025-04-10 00:00:00;Válido
DO03832;TE00805;Seguro;2024-11-20 00:00:00;Válido
DO03833;TE00352;Seguro;2024-06-25 00:00:00;Válido
DO03834;TE00458;ASO;2025-07-06 00:00:00;Válido
DO03835;TE00330;NR-35;2024-11-01 00:00:00;Vencido
DO03836;TE02719;ASO;2026-05-31 00:00:00;Válido
DO03837;TE00032;Seguro;2024-12-23 00:00:00;Válido
DO03838;TE02925;Integração;2024-12-01 00:00:00;Válido
DO03839;TE02097;Seguro;2025-10-11 00:00:00;Válido
DO03840;TE01960;ASO;2024-04-18 00:00:00;Pendente
DO03841;TE00456;NR-10;2024-08-09 00:00:00;Válido
DO03842;TE00912;NR-10;2025-10-18 00:00:00;Válido
DO03843;TE00369;ASO;2025-08-06 00:00:00;Válido
DO03844;TE01490;NR-10;2026-03-07 00:00:00;Válido
DO03845;TE01469;Integração;2025-11-02 00:00:00;Válido
DO03846;TE02570;ASO;2024-02-04 00:00:00;Válido
DO03847;TE02229;NR-35;2024-05-12 00:00:00;Válido
DO03848;TE01914;Integração;2024-11-26 00:00:00;Válido
DO03849;TE01042;Seguro;2024-12-18 00:00:00;Vencido
DO03850;TE00009;NR-10;2025-01-28 00:00:00;Válido
DO03851;TE01762;ASO;2026-07-28 00:00:00;Válido
DO03852;TE01262;Seguro;2026-06-21 00:00:00;Vencido
DO03853;TE01220;ASO;2025-05-16 00:00:00;Válido
DO03854;TE00365;NR-10;2026-05-02 00:00:00;Válido
DO03855;TE01177;NR-35;2025-03-12 00:00:00;Válido
DO03856;TE02410;ASO;2026-03-17 00:00:00;Válido
DO03857;TE00739;Integração;2025-01-14 00:00:00;Válido
DO03858;TE00240;NR-10;2024-10-16 00:00:00;Válido
DO03859;TE03085;ASO;2026-02-16 00:00:00;Vencido
DO03860;TE01244;NR-10;2026-01-26 00:00:00;Vencido
DO03861;TE02067;ASO;2025-03-24 00:00:00;Válido
DO03862;TE03053;Integração;2024-04-05 00:00:00;Válido
DO03863;TE02000;Seguro;2025-05-29 00:00:00;Válido
DO03864;TE02455;Integração;2024-05-03 00:00:00;Válido
DO03865;TE02639;ASO;2026-04-04 00:00:00;Válido
DO03866;TE01617;Integração;2026-04-28 00:00:00;Válido
DO03867;TE02863;Integração;2025-08-27 00:00:00;Válido
DO03868;TE03021;Seguro;2025-12-29 00:00:00;Válido
DO03869;TE00236;Seguro;2025-01-01 00:00:00;Válido
DO03870;TE03142;Seguro;2026-02-12 00:00:00;Válido
DO03871;TE01104;Seguro;2025-04-07 00:00:00;Válido
DO03872;TE01365;ASO;2024-01-26 00:00:00;Válido
DO03873;TE03061;NR-10;2024-12-16 00:00:00;Vencido
DO03874;TE03146;ASO;2024-05-19 00:00:00;Válido
DO03875;TE03051;NR-10;2025-04-27 00:00:00;Vencido
DO03876;TE00875;Integração;2026-06-03 00:00:00;Válido
DO03877;TE01939;Seguro;2024-08-15 00:00:00;Válido
DO03878;TE02317;Integração;2026-05-13 00:00:00;Válido
DO03879;TE00245;Seguro;2024-01-06 00:00:00;Válido
DO03880;TE02860;NR-35;2024-06-23 00:00:00;Válido
DO03881;TE00769;ASO;2024-06-29 00:00:00;Vencido
DO03882;TE02851;Integração;2025-06-30 00:00:00;Válido
DO03883;TE00733;Integração;2025-07-18 00:00:00;Válido
DO03884;TE00557;NR-35;2025-08-22 00:00:00;Válido
DO03885;TE01255;Seguro;2024-03-24 00:00:00;Válido
DO03886;TE01645;NR-35;2026-01-04 00:00:00;Válido
DO03887;TE02627;ASO;2026-01-31 00:00:00;Válido
DO03888;TE01016;NR-35;2024-01-04 00:00:00;Válido
DO03889;TE02082;Seguro;2024-06-09 00:00:00;Vencido
DO03890;TE01504;Seguro;2025-02-17 00:00:00;Vencido
DO03891;TE01626;NR-35;2025-09-04 00:00:00;Válido
DO03892;TE03055;NR-35;2025-07-31 00:00:00;Vencido
DO03893;TE00096;NR-10;2025-07-30 00:00:00;Válido
DO03894;TE00114;NR-10;2025-12-15 00:00:00;Válido
DO03895;TE00111;ASO;2026-05-31 00:00:00;Válido
DO03896;TE00628;NR-35;2025-06-29 00:00:00;Válido
DO03897;TE02069;Seguro;2026-05-11 00:00:00;Válido
DO03898;TE01785;ASO;2026-05-16 00:00:00;Válido
DO03899;TE02024;NR-35;2025-10-26 00:00:00;Pendente
DO03900;TE00148;NR-10;2025-08-03 00:00:00;Válido
DO03901;TE00559;Seguro;2025-03-30 00:00:00;Válido
DO03902;TE01782;Integração;2024-12-08 00:00:00;Válido
DO03903;TE02295;NR-10;2024-01-18 00:00:00;Válido
DO03904;TE00836;Integração;2024-12-06 00:00:00;Válido
DO03905;TE00356;ASO;2025-12-14 00:00:00;Válido
DO03906;TE02349;Seguro;2025-09-10 00:00:00;Válido
DO03907;TE00547;Integração;2024-12-03 00:00:00;Válido
DO03908;TE03045;Seguro;2024-10-19 00:00:00;Pendente
DO03909;TE00345;Seguro;2025-03-03 00:00:00;Pendente
DO03910;TE02973;NR-10;2025-12-05 00:00:00;Válido
DO03911;TE01031;Integração;2025-08-16 00:00:00;Válido
DO03912;TE00405;Integração;2025-09-08 00:00:00;Válido
DO03913;TE02398;Seguro;2025-08-24 00:00:00;Válido
DO03914;TE02685;Integração;2026-07-10 00:00:00;Válido
DO03915;TE01574;Integração;2024-10-31 00:00:00;Válido
DO03916;TE02346;Integração;2026-06-01 00:00:00;Válido
DO03917;TE02189;Integração;2024-05-31 00:00:00;Válido
DO03918;TE02726;Integração;2025-07-15 00:00:00;Válido
DO03919;TE01165;ASO;2024-09-11 00:00:00;Vencido
DO03920;TE02221;Integração;2025-01-13 00:00:00;Válido
DO03921;TE00600;Integração;2025-01-02 00:00:00;Válido
DO03922;TE02383;Integração;2025-07-15 00:00:00;Válido
DO03923;TE00651;ASO;2026-04-07 00:00:00;Válido
DO03924;TE02202;Integração;2025-10-17 00:00:00;Válido
DO03925;TE01786;Seguro;2024-01-22 00:00:00;Válido
DO03926;TE01894;Seguro;2025-06-28 00:00:00;Pendente
DO03927;TE02921;Integração;2024-04-06 00:00:00;Válido
DO03928;TE01297;NR-10;2025-01-11 00:00:00;Válido
DO03929;TE02396;ASO;2025-07-26 00:00:00;Válido
DO03930;TE00447;NR-35;2024-01-14 00:00:00;Pendente
DO03931;TE02880;Integração;2024-07-22 00:00:00;Válido
DO03932;TE01854;ASO;2024-05-08 00:00:00;Válido
DO03933;TE02965;NR-35;2026-01-12 00:00:00;Válido
DO03934;TE02069;Integração;2025-07-12 00:00:00;Válido
DO03935;TE01381;ASO;2025-11-18 00:00:00;Válido
DO03936;TE01400;Seguro;2025-02-08 00:00:00;Válido
DO03937;TE02424;NR-10;2025-08-01 00:00:00;Válido
DO03938;TE01807;NR-10;2024-08-02 00:00:00;Pendente
DO03939;TE01167;Seguro;2024-05-19 00:00:00;Vencido
DO03940;TE00128;Seguro;2024-02-22 00:00:00;Válido
DO03941;TE00751;NR-35;2025-12-13 00:00:00;Válido
DO03942;TE01174;ASO;2025-05-21 00:00:00;Válido
DO03943;TE02829;NR-35;2024-09-11 00:00:00;Válido
DO03944;TE01460;NR-10;2024-08-13 00:00:00;Válido
DO03945;TE02923;Integração;2024-01-15 00:00:00;Válido
DO03946;TE00434;NR-35;2024-07-14 00:00:00;Válido
DO03947;TE01509;NR-10;2025-08-02 00:00:00;Válido
DO03948;TE00891;NR-10;2024-02-07 00:00:00;Válido
DO03949;TE00711;Seguro;2025-12-24 00:00:00;Válido
DO03950;TE00707;NR-10;2025-06-21 00:00:00;Válido
DO03951;TE00916;ASO;2024-11-23 00:00:00;Pendente
DO03952;TE00934;Integração;2024-01-01 00:00:00;Válido
DO03953;TE00619;NR-10;2026-03-20 00:00:00;Válido
DO03954;TE02791;Seguro;2024-06-23 00:00:00;Válido
DO03955;TE00545;Integração;2025-09-10 00:00:00;Vencido
DO03956;TE02640;NR-35;2025-01-24 00:00:00;Vencido
DO03957;TE00478;NR-35;2024-12-31 00:00:00;Válido
DO03958;TE02658;Seguro;2026-07-14 00:00:00;Válido
DO03959;TE00182;NR-35;2024-08-26 00:00:00;Válido
DO03960;TE03135;NR-10;2024-03-28 00:00:00;Válido
DO03961;TE02098;NR-35;2025-01-08 00:00:00;Válido
DO03962;TE02243;Seguro;2025-05-04 00:00:00;Válido
DO03963;TE00670;NR-35;2025-07-18 00:00:00;Válido
DO03964;TE02064;ASO;2024-07-29 00:00:00;Válido
DO03965;TE01112;NR-10;2024-03-27 00:00:00;Válido
DO03966;TE00384;ASO;2024-09-24 00:00:00;Válido
DO03967;TE03020;ASO;2025-09-18 00:00:00;Válido
DO03968;TE02199;ASO;2024-04-16 00:00:00;Válido
DO03969;TE01071;ASO;2024-12-25 00:00:00;Válido
DO03970;TE02689;ASO;2024-02-18 00:00:00;Válido
DO03971;TE02682;NR-35;2025-04-06 00:00:00;Válido
DO03972;TE01556;NR-35;2025-10-27 00:00:00;Válido
DO03973;TE00223;NR-35;2025-06-04 00:00:00;Válido
DO03974;TE01126;Seguro;2026-04-23 00:00:00;Válido
DO03975;TE03086;NR-10;2024-06-08 00:00:00;Válido
DO03976;TE00141;Integração;2024-10-27 00:00:00;Pendente
DO03977;TE02780;Integração;2024-03-25 00:00:00;Pendente
DO03978;TE02558;ASO;2025-12-09 00:00:00;Válido
DO03979;TE01078;NR-10;2025-06-11 00:00:00;Válido
DO03980;TE02995;ASO;2024-06-11 00:00:00;Válido
DO03981;TE02917;NR-10;2025-07-22 00:00:00;Válido
DO03982;TE02347;Integração;2025-05-13 00:00:00;Válido
DO03983;TE01690;ASO;2025-09-25 00:00:00;Válido
DO03984;TE02635;NR-35;2026-03-07 00:00:00;Válido
DO03985;TE01607;Seguro;2024-10-10 00:00:00;Válido
DO03986;TE01748;ASO;2024-08-04 00:00:00;Pendente
DO03987;TE01178;Seguro;2024-07-16 00:00:00;Válido
DO03988;TE02538;Seguro;2025-08-05 00:00:00;Válido
DO03989;TE00375;Integração;2024-05-09 00:00:00;Válido
DO03990;TE01481;Integração;2026-02-09 00:00:00;Válido
DO03991;TE01860;NR-35;2025-10-22 00:00:00;Vencido
DO03992;TE01991;ASO;2024-03-20 00:00:00;Válido
DO03993;TE01157;ASO;2025-07-14 00:00:00;Válido
DO03994;TE01773;Seguro;2025-08-28 00:00:00;Pendente
DO03995;TE01131;Integração;2024-11-21 00:00:00;Válido
DO03996;TE01010;ASO;2025-05-21 00:00:00;Válido
DO03997;TE00363;Seguro;2024-06-30 00:00:00;Vencido
DO03998;TE01342;Seguro;2026-07-02 00:00:00;Pendente
DO03999;TE00401;ASO;2026-07-26 00:00:00;Válido
DO04000;TE01218;Seguro;2025-09-13 00:00:00;Válido
DO04001;TE01956;Integração;2025-10-05 00:00:00;Válido
DO04002;TE00458;ASO;2024-11-17 00:00:00;Vencido
DO04003;TE01863;NR-35;2025-12-22 00:00:00;Válido
DO04004;TE03064;ASO;2024-12-24 00:00:00;Válido
DO04005;TE01181;Seguro;2024-12-26 00:00:00;Válido
DO04006;TE01971;Seguro;2025-08-16 00:00:00;Válido
DO04007;TE00881;ASO;2024-02-11 00:00:00;Válido
DO04008;TE02674;ASO;2025-11-01 00:00:00;Válido
DO04009;TE02564;Integração;2024-11-06 00:00:00;Válido
DO04010;TE01717;Integração;2025-07-27 00:00:00;Válido
DO04011;TE00564;Seguro;2025-01-11 00:00:00;Válido
DO04012;TE01666;Seguro;2024-01-26 00:00:00;Válido
DO04013;TE01472;NR-10;2024-12-24 00:00:00;Vencido
DO04014;TE01651;Seguro;2025-07-06 00:00:00;Válido
DO04015;TE01348;ASO;2024-12-16 00:00:00;Pendente
DO04016;TE01869;Integração;2024-06-14 00:00:00;Válido
DO04017;TE01299;ASO;2024-09-16 00:00:00;Válido
DO04018;TE00291;NR-35;2024-04-26 00:00:00;Válido
DO04019;TE01423;Integração;2025-12-23 00:00:00;Válido
DO04020;TE00302;NR-35;2025-06-27 00:00:00;Válido
DO04021;TE03006;NR-10;2025-12-04 00:00:00;Válido
DO04022;TE00767;Seguro;2024-08-07 00:00:00;Válido
DO04023;TE00769;NR-35;2026-06-27 00:00:00;Válido
DO04024;TE00071;ASO;2024-11-14 00:00:00;Pendente
DO04025;TE01347;ASO;2025-02-24 00:00:00;Válido
DO04026;TE01725;ASO;2025-10-08 00:00:00;Válido
DO04027;TE00722;Integração;2026-02-15 00:00:00;Válido
DO04028;TE01409;NR-10;2024-08-20 00:00:00;Válido
DO04029;TE00206;NR-10;2024-01-09 00:00:00;Válido
DO04030;TE02286;Integração;2026-04-10 00:00:00;Válido
DO04031;TE02844;Seguro;2026-07-28 00:00:00;Pendente
DO04032;TE01909;Integração;2026-01-16 00:00:00;Válido
DO04033;TE00431;Seguro;2025-03-22 00:00:00;Vencido
DO04034;TE01009;NR-10;2025-04-23 00:00:00;Válido
DO04035;TE02098;NR-10;2025-01-29 00:00:00;Válido
DO04036;TE03110;NR-35;2026-07-12 00:00:00;Válido
DO04037;TE00348;NR-35;2025-09-17 00:00:00;Válido
DO04038;TE01129;Seguro;2024-01-29 00:00:00;Vencido
DO04039;TE03097;Seguro;2025-11-06 00:00:00;Pendente
DO04040;TE01149;NR-10;2026-04-02 00:00:00;Válido
DO04041;TE00792;Integração;2026-01-03 00:00:00;Válido
DO04042;TE03006;NR-10;2024-11-23 00:00:00;Válido
DO04043;TE01674;NR-35;2026-05-01 00:00:00;Válido
DO04044;TE01319;Integração;2024-02-15 00:00:00;Pendente
DO04045;TE03160;Seguro;2026-07-07 00:00:00;Válido
DO04046;TE00118;NR-10;2025-10-14 00:00:00;Válido
DO04047;TE02081;NR-35;2026-03-17 00:00:00;Válido
DO04048;TE01956;Integração;2025-03-06 00:00:00;Vencido
DO04049;TE00746;ASO;2025-05-30 00:00:00;Válido
DO04050;TE01323;NR-35;2026-07-21 00:00:00;Válido
DO04051;TE01747;ASO;2026-05-07 00:00:00;Válido
DO04052;TE00293;NR-35;2025-04-08 00:00:00;Válido
DO04053;TE02093;Seguro;2025-04-22 00:00:00;Válido
DO04054;TE03130;NR-35;2025-05-19 00:00:00;Válido
DO04055;TE00711;ASO;2025-02-05 00:00:00;Válido
DO04056;TE01353;NR-35;2024-03-03 00:00:00;Pendente
DO04057;TE02519;NR-10;2024-06-08 00:00:00;Válido
DO04058;TE00889;Integração;2026-03-09 00:00:00;Válido
DO04059;TE01957;ASO;2026-07-16 00:00:00;Válido
DO04060;TE00413;NR-10;2026-02-07 00:00:00;Válido
DO04061;TE02239;NR-10;2024-03-09 00:00:00;Válido
DO04062;TE00690;Seguro;2024-05-14 00:00:00;Válido
DO04063;TE00090;NR-35;2025-08-01 00:00:00;Válido
DO04064;TE00107;NR-35;2026-02-27 00:00:00;Válido
DO04065;TE00337;ASO;2024-01-17 00:00:00;Vencido
DO04066;TE01550;Seguro;2025-10-31 00:00:00;Válido
DO04067;TE00259;ASO;2024-03-19 00:00:00;Válido
DO04068;TE02845;Seguro;2025-07-21 00:00:00;Válido
DO04069;TE01783;NR-35;2025-02-04 00:00:00;Válido
DO04070;TE01948;ASO;2024-06-11 00:00:00;Válido
DO04071;TE00580;ASO;2025-05-07 00:00:00;Vencido
DO04072;TE02437;Seguro;2025-05-21 00:00:00;Válido
DO04073;TE02455;ASO;2026-05-18 00:00:00;Válido
DO04074;TE00686;Seguro;2024-03-17 00:00:00;Válido
DO04075;TE01161;Seguro;2024-05-01 00:00:00;Válido
DO04076;TE01409;Seguro;2024-03-29 00:00:00;Válido
DO04077;TE03012;Integração;2025-10-20 00:00:00;Válido
DO04078;TE02781;ASO;2025-05-09 00:00:00;Válido
DO04079;TE03008;NR-10;2025-08-11 00:00:00;Válido
DO04080;TE01155;NR-35;2026-05-27 00:00:00;Válido
DO04081;TE03102;NR-35;2025-02-17 00:00:00;Válido
DO04082;TE00602;NR-10;2024-09-22 00:00:00;Pendente
DO04083;TE01099;NR-35;2025-12-22 00:00:00;Válido
DO04084;TE02066;Seguro;2026-07-17 00:00:00;Válido
DO04085;TE02005;Integração;2024-01-25 00:00:00;Válido
DO04086;TE00708;ASO;2024-01-30 00:00:00;Válido
DO04087;TE02889;NR-35;2024-11-15 00:00:00;Válido
DO04088;TE03175;ASO;2024-05-05 00:00:00;Válido
DO04089;TE00250;ASO;2024-12-20 00:00:00;Válido
DO04090;TE02600;Integração;2025-07-07 00:00:00;Válido
DO04091;TE01909;Seguro;2024-01-01 00:00:00;Válido
DO04092;TE02798;Integração;2026-06-17 00:00:00;Válido
DO04093;TE00845;ASO;2026-04-05 00:00:00;Válido
DO04094;TE00018;Seguro;2025-04-28 00:00:00;Vencido
DO04095;TE00829;Integração;2025-10-02 00:00:00;Válido
DO04096;TE02772;ASO;2024-05-15 00:00:00;Válido
DO04097;TE00535;ASO;2024-04-17 00:00:00;Válido
DO04098;TE01915;Seguro;2025-05-19 00:00:00;Válido
DO04099;TE02285;Integração;2025-03-09 00:00:00;Válido
DO04100;TE01126;NR-35;2024-02-07 00:00:00;Vencido
DO04101;TE00699;ASO;2024-05-18 00:00:00;Vencido
DO04102;TE00160;Integração;2025-06-09 00:00:00;Válido
DO04103;TE02353;Integração;2025-02-23 00:00:00;Válido
DO04104;TE01683;ASO;2026-06-15 00:00:00;Vencido
DO04105;TE03033;NR-10;2024-09-20 00:00:00;Válido
DO04106;TE02445;Seguro;2024-11-26 00:00:00;Válido
DO04107;TE00410;Seguro;2024-03-20 00:00:00;Válido
DO04108;TE03159;NR-10;2025-08-31 00:00:00;Válido
DO04109;TE02193;Integração;2024-03-12 00:00:00;Válido
DO04110;TE00950;Integração;2025-10-06 00:00:00;Pendente
DO04111;TE02231;Seguro;2026-04-28 00:00:00;Válido
DO04112;TE03143;Seguro;2026-01-29 00:00:00;Válido
DO04113;TE01940;ASO;2025-08-15 00:00:00;Válido
DO04114;TE03064;NR-10;2025-02-06 00:00:00;Válido
DO04115;TE02096;NR-10;2025-04-07 00:00:00;Válido
DO04116;TE02080;NR-10;2025-04-07 00:00:00;Válido
DO04117;TE02638;NR-35;2025-06-08 00:00:00;Válido
DO04118;TE02537;Integração;2025-11-22 00:00:00;Válido
DO04119;TE00703;ASO;2026-05-03 00:00:00;Válido
DO04120;TE02945;NR-10;2026-02-24 00:00:00;Válido
DO04121;TE03171;NR-10;2024-10-06 00:00:00;Válido
DO04122;TE00735;NR-35;2025-09-15 00:00:00;Vencido
DO04123;TE02904;Integração;2025-03-22 00:00:00;Válido
DO04124;TE00992;NR-10;2025-09-07 00:00:00;Válido
DO04125;TE02351;Integração;2026-05-20 00:00:00;Válido
DO04126;TE00931;NR-35;2025-04-08 00:00:00;Válido
DO04127;TE00446;NR-10;2025-04-12 00:00:00;Vencido
DO04128;TE02159;Seguro;2025-10-10 00:00:00;Válido
DO04129;TE00668;Seguro;2026-03-22 00:00:00;Válido
DO04130;TE01910;ASO;2024-12-04 00:00:00;Válido
DO04131;TE00327;Integração;2024-01-21 00:00:00;Válido
DO04132;TE02740;NR-35;2025-03-09 00:00:00;Válido
DO04133;TE02942;Seguro;2025-12-27 00:00:00;Válido
DO04134;TE01214;Seguro;2024-08-11 00:00:00;Válido
DO04135;TE01504;ASO;2026-04-29 00:00:00;Vencido
DO04136;TE01708;NR-35;2026-06-20 00:00:00;Vencido
DO04137;TE01225;NR-35;2025-02-15 00:00:00;Válido
DO04138;TE00350;NR-10;2025-03-27 00:00:00;Vencido
DO04139;TE01493;Seguro;2024-12-04 00:00:00;Válido
DO04140;TE01790;ASO;2024-06-09 00:00:00;Válido
DO04141;TE00793;NR-10;2026-02-10 00:00:00;Válido
DO04142;TE02256;Integração;2025-09-11 00:00:00;Válido
DO04143;TE01964;Seguro;2025-03-30 00:00:00;Válido
DO04144;TE01671;NR-10;2024-03-12 00:00:00;Válido
DO04145;TE02316;Integração;2025-09-11 00:00:00;Válido
DO04146;TE00542;NR-10;2026-02-02 00:00:00;Válido
DO04147;TE02841;NR-10;2024-08-09 00:00:00;Válido
DO04148;TE01743;NR-10;2025-02-12 00:00:00;Válido
DO04149;TE01678;ASO;2024-12-23 00:00:00;Válido
DO04150;TE02219;NR-35;2026-05-30 00:00:00;Válido
DO04151;TE02843;NR-10;2026-05-04 00:00:00;Válido
DO04152;TE02001;ASO;2025-03-04 00:00:00;Pendente
DO04153;TE01882;NR-35;2024-10-07 00:00:00;Válido
DO04154;TE00826;NR-35;2024-11-03 00:00:00;Válido
DO04155;TE01555;Integração;2026-03-09 00:00:00;Válido
DO04156;TE00513;ASO;2025-10-23 00:00:00;Válido
DO04157;TE00903;ASO;2025-07-30 00:00:00;Válido
DO04158;TE00431;NR-35;2024-01-27 00:00:00;Válido
DO04159;TE01479;Seguro;2025-09-01 00:00:00;Válido
DO04160;TE03047;ASO;2026-03-04 00:00:00;Válido
DO04161;TE01097;ASO;2024-09-23 00:00:00;Vencido
DO04162;TE00028;ASO;2024-05-15 00:00:00;Válido
DO04163;TE00100;NR-10;2026-01-13 00:00:00;Válido
DO04164;TE01426;NR-35;2024-08-04 00:00:00;Válido
DO04165;TE01829;Integração;2026-05-29 00:00:00;Válido
DO04166;TE01827;NR-10;2026-03-15 00:00:00;Válido
DO04167;TE01685;NR-10;2025-10-04 00:00:00;Válido
DO04168;TE00196;Integração;2026-07-17 00:00:00;Pendente
DO04169;TE02581;NR-35;2025-04-06 00:00:00;Válido
DO04170;TE01143;NR-35;2026-03-26 00:00:00;Válido
DO04171;TE02642;ASO;2024-09-15 00:00:00;Vencido
DO04172;TE00978;Seguro;2026-01-07 00:00:00;Válido
DO04173;TE02812;NR-35;2025-06-18 00:00:00;Válido
DO04174;TE02117;NR-35;2024-01-19 00:00:00;Válido
DO04175;TE00426;NR-10;2026-02-19 00:00:00;Vencido
DO04176;TE02776;NR-10;2024-08-30 00:00:00;Válido
DO04177;TE00047;Seguro;2026-01-02 00:00:00;Válido
DO04178;TE02908;Seguro;2025-12-10 00:00:00;Válido
DO04179;TE02169;Seguro;2024-10-10 00:00:00;Válido
DO04180;TE01368;NR-35;2026-07-05 00:00:00;Válido
DO04181;TE00658;Integração;2024-01-05 00:00:00;Vencido
DO04182;TE00023;Seguro;2024-10-08 00:00:00;Vencido
DO04183;TE02128;Seguro;2024-08-15 00:00:00;Válido
DO04184;TE02394;NR-35;2024-09-10 00:00:00;Válido
DO04185;TE01496;Integração;2024-03-15 00:00:00;Pendente
DO04186;TE01848;NR-35;2025-06-24 00:00:00;Válido
DO04187;TE01920;Seguro;2025-05-13 00:00:00;Válido
DO04188;TE02418;ASO;2025-04-11 00:00:00;Pendente
DO04189;TE01753;ASO;2026-03-28 00:00:00;Válido
DO04190;TE00566;ASO;2024-03-27 00:00:00;Válido
DO04191;TE02642;NR-35;2025-06-13 00:00:00;Válido
DO04192;TE00619;ASO;2024-09-19 00:00:00;Válido
DO04193;TE01259;Integração;2025-02-04 00:00:00;Válido
DO04194;TE00528;ASO;2025-02-19 00:00:00;Válido
DO04195;TE00383;Integração;2024-08-05 00:00:00;Pendente
DO04196;TE00738;NR-35;2024-02-14 00:00:00;Válido
DO04197;TE02116;NR-10;2024-02-07 00:00:00;Vencido
DO04198;TE01047;ASO;2025-11-20 00:00:00;Vencido
DO04199;TE02331;Seguro;2025-05-02 00:00:00;Válido
DO04200;TE00809;NR-10;2025-10-20 00:00:00;Válido
DO04201;TE01054;NR-35;2024-06-03 00:00:00;Válido
DO04202;TE00072;ASO;2025-12-27 00:00:00;Válido
DO04203;TE03127;NR-10;2024-05-20 00:00:00;Válido
DO04204;TE00859;Seguro;2024-03-27 00:00:00;Válido
DO04205;TE00852;NR-10;2025-06-26 00:00:00;Válido
DO04206;TE01274;ASO;2024-07-11 00:00:00;Válido
DO04207;TE01297;ASO;2024-08-28 00:00:00;Válido
DO04208;TE02811;NR-10;2025-11-11 00:00:00;Vencido
DO04209;TE00308;ASO;2025-10-15 00:00:00;Válido
DO04210;TE00156;Seguro;2024-02-16 00:00:00;Válido
DO04211;TE00373;Seguro;2026-04-29 00:00:00;Pendente
DO04212;TE02929;Integração;2025-03-23 00:00:00;Válido
DO04213;TE01544;Seguro;2026-03-10 00:00:00;Vencido
DO04214;TE01924;NR-10;2025-01-09 00:00:00;Válido
DO04215;TE00588;NR-35;2025-11-12 00:00:00;Válido
DO04216;TE00450;Seguro;2026-06-20 00:00:00;Válido
DO04217;TE00980;NR-10;2024-02-15 00:00:00;Válido
DO04218;TE00252;NR-35;2024-01-22 00:00:00;Válido
DO04219;TE01989;Integração;2025-04-18 00:00:00;Válido
DO04220;TE02526;Integração;2026-02-18 00:00:00;Válido
DO04221;TE00681;NR-10;2025-09-01 00:00:00;Válido
DO04222;TE00943;Seguro;2024-12-27 00:00:00;Válido
DO04223;TE02794;Integração;2025-08-11 00:00:00;Válido
DO04224;TE01127;NR-35;2026-07-05 00:00:00;Válido
DO04225;TE02789;ASO;2024-04-01 00:00:00;Válido
DO04226;TE03098;NR-10;2025-11-18 00:00:00;Válido
DO04227;TE02964;Integração;2024-09-17 00:00:00;Válido
DO04228;TE02416;Integração;2024-09-16 00:00:00;Válido
DO04229;TE02536;NR-10;2026-02-25 00:00:00;Válido
DO04230;TE02870;NR-35;2025-11-18 00:00:00;Válido
DO04231;TE02303;Seguro;2025-11-27 00:00:00;Válido
DO04232;TE01175;Integração;2026-06-09 00:00:00;Válido
DO04233;TE00930;ASO;2024-02-13 00:00:00;Vencido
DO04234;TE02964;ASO;2026-07-16 00:00:00;Válido
DO04235;TE02967;Integração;2024-07-08 00:00:00;Válido
DO04236;TE03106;NR-35;2024-04-29 00:00:00;Válido
DO04237;TE01438;Integração;2025-07-13 00:00:00;Vencido
DO04238;TE01679;NR-35;2026-06-18 00:00:00;Válido
DO04239;TE02144;Seguro;2025-01-13 00:00:00;Válido
DO04240;TE00876;Integração;2025-12-03 00:00:00;Válido
DO04241;TE00184;NR-10;2025-07-25 00:00:00;Vencido
DO04242;TE01494;Integração;2024-12-19 00:00:00;Válido
DO04243;TE00085;NR-10;2024-06-23 00:00:00;Pendente
DO04244;TE01496;ASO;2025-10-26 00:00:00;Válido
DO04245;TE02702;Seguro;2024-10-17 00:00:00;Válido
DO04246;TE01326;Integração;2024-03-23 00:00:00;Vencido
DO04247;TE01483;NR-10;2024-09-02 00:00:00;Válido
DO04248;TE00971;Integração;2025-07-24 00:00:00;Válido
DO04249;TE03149;Seguro;2024-05-31 00:00:00;Válido
DO04250;TE02168;Seguro;2025-03-12 00:00:00;Válido
DO04251;TE01788;ASO;2026-03-19 00:00:00;Válido
DO04252;TE00319;NR-10;2024-09-03 00:00:00;Pendente
DO04253;TE02740;NR-10;2025-07-04 00:00:00;Válido
DO04254;TE03002;NR-10;2025-09-13 00:00:00;Vencido
DO04255;TE01663;Seguro;2026-02-15 00:00:00;Válido
DO04256;TE00344;ASO;2025-04-27 00:00:00;Válido
DO04257;TE00618;Seguro;2024-11-02 00:00:00;Válido
DO04258;TE02676;ASO;2026-01-10 00:00:00;Válido
DO04259;TE02513;NR-35;2024-08-21 00:00:00;Válido
DO04260;TE00508;ASO;2025-11-28 00:00:00;Válido
DO04261;TE02534;NR-35;2026-05-09 00:00:00;Válido
DO04262;TE01023;Integração;2024-02-12 00:00:00;Válido
DO04263;TE02019;NR-10;2024-05-25 00:00:00;Vencido
DO04264;TE00523;ASO;2025-10-21 00:00:00;Válido
DO04265;TE01481;NR-10;2025-03-17 00:00:00;Válido
DO04266;TE00484;ASO;2024-04-13 00:00:00;Válido
DO04267;TE01020;NR-35;2025-04-08 00:00:00;Válido
DO04268;TE00622;Integração;2026-02-21 00:00:00;Válido
DO04269;TE02106;Integração;2025-09-05 00:00:00;Vencido
DO04270;TE00520;Integração;2024-11-10 00:00:00;Válido
DO04271;TE00521;NR-10;2024-01-07 00:00:00;Válido
DO04272;TE02806;Seguro;2025-09-10 00:00:00;Válido
DO04273;TE00862;NR-35;2025-04-26 00:00:00;Válido
DO04274;TE00363;Integração;2024-03-03 00:00:00;Vencido
DO04275;TE01523;NR-10;2025-08-08 00:00:00;Válido
DO04276;TE03146;ASO;2024-11-11 00:00:00;Válido
DO04277;TE01427;NR-35;2025-07-22 00:00:00;Válido
DO04278;TE02851;Seguro;2026-07-16 00:00:00;Válido
DO04279;TE02318;ASO;2024-09-10 00:00:00;Válido
DO04280;TE01947;Integração;2025-01-17 00:00:00;Válido
DO04281;TE00103;Integração;2025-11-20 00:00:00;Válido
DO04282;TE00817;NR-10;2024-08-30 00:00:00;Válido
DO04283;TE00949;Integração;2024-05-10 00:00:00;Válido
DO04284;TE02028;Integração;2025-03-14 00:00:00;Válido
DO04285;TE01204;Seguro;2026-06-25 00:00:00;Válido
DO04286;TE01186;ASO;2025-03-24 00:00:00;Válido
DO04287;TE00331;NR-35;2026-07-23 00:00:00;Válido
DO04288;TE01522;Integração;2026-04-30 00:00:00;Pendente
DO04289;TE00037;Integração;2024-09-18 00:00:00;Vencido
DO04290;TE00510;Integração;2025-08-14 00:00:00;Válido
DO04291;TE01534;NR-35;2025-05-30 00:00:00;Válido
DO04292;TE02492;Integração;2026-02-05 00:00:00;Vencido
DO04293;TE01582;Seguro;2024-02-21 00:00:00;Válido
DO04294;TE01229;NR-35;2024-08-02 00:00:00;Válido
DO04295;TE00422;NR-10;2024-01-26 00:00:00;Válido
DO04296;TE00475;NR-35;2026-07-05 00:00:00;Válido
DO04297;TE00703;NR-10;2024-04-14 00:00:00;Válido
DO04298;TE00580;NR-35;2024-10-27 00:00:00;Válido
DO04299;TE00189;Seguro;2026-06-11 00:00:00;Válido
DO04300;TE01372;NR-35;2025-08-05 00:00:00;Válido
DO04301;TE02325;Seguro;2025-12-12 00:00:00;Pendente
DO04302;TE00074;NR-35;2026-04-04 00:00:00;Válido
DO04303;TE02011;Integração;2025-05-03 00:00:00;Válido
DO04304;TE01902;ASO;2024-03-29 00:00:00;Válido
DO04305;TE02302;NR-10;2024-11-12 00:00:00;Válido
DO04306;TE03197;NR-10;2025-10-27 00:00:00;Válido
DO04307;TE00841;ASO;2025-10-28 00:00:00;Válido
DO04308;TE02627;ASO;2026-04-27 00:00:00;Válido
DO04309;TE02303;Seguro;2024-06-10 00:00:00;Válido
DO04310;TE03187;Seguro;2024-10-21 00:00:00;Pendente
DO04311;TE00701;NR-35;2024-01-23 00:00:00;Válido
DO04312;TE00290;NR-10;2024-01-29 00:00:00;Válido
DO04313;TE02660;ASO;2025-12-11 00:00:00;Válido
DO04314;TE01271;Seguro;2025-04-19 00:00:00;Válido
DO04315;TE02407;ASO;2024-09-02 00:00:00;Válido
DO04316;TE00313;ASO;2026-06-30 00:00:00;Válido
DO04317;TE02991;Seguro;2025-07-17 00:00:00;Válido
DO04318;TE02026;Seguro;2025-03-28 00:00:00;Válido
DO04319;TE02671;Integração;2026-05-29 00:00:00;Válido
DO04320;TE01633;Integração;2025-10-27 00:00:00;Vencido
DO04321;TE00994;NR-10;2025-10-19 00:00:00;Válido
DO04322;TE01123;NR-35;2025-08-30 00:00:00;Válido
DO04323;TE01223;Seguro;2025-08-27 00:00:00;Válido
DO04324;TE02339;NR-35;2026-07-22 00:00:00;Válido
DO04325;TE01969;NR-35;2026-01-26 00:00:00;Válido
DO04326;TE03127;NR-35;2025-01-06 00:00:00;Válido
DO04327;TE01658;NR-10;2025-11-09 00:00:00;Válido
DO04328;TE00713;NR-35;2026-02-19 00:00:00;Válido
DO04329;TE02970;ASO;2026-01-31 00:00:00;Válido
DO04330;TE03170;Integração;2026-07-27 00:00:00;Válido
DO04331;TE01400;Seguro;2024-09-22 00:00:00;Válido
DO04332;TE00473;Seguro;2025-06-15 00:00:00;Válido
DO04333;TE01089;Seguro;2026-01-16 00:00:00;Válido
DO04334;TE02262;NR-10;2024-05-31 00:00:00;Válido
DO04335;TE01564;Integração;2025-06-25 00:00:00;Válido
DO04336;TE00732;NR-35;2024-08-01 00:00:00;Válido
DO04337;TE02551;Integração;2024-08-12 00:00:00;Válido
DO04338;TE01137;Integração;2025-10-26 00:00:00;Válido
DO04339;TE01993;Seguro;2026-01-20 00:00:00;Válido
DO04340;TE00554;NR-10;2026-01-20 00:00:00;Válido
DO04341;TE03062;NR-35;2025-08-27 00:00:00;Válido
DO04342;TE01390;NR-35;2025-04-12 00:00:00;Pendente
DO04343;TE02464;NR-35;2024-03-27 00:00:00;Válido
DO04344;TE01707;Seguro;2024-02-26 00:00:00;Vencido
DO04345;TE00249;Integração;2025-02-17 00:00:00;Válido
DO04346;TE01296;NR-10;2025-03-21 00:00:00;Válido
DO04347;TE02367;NR-10;2024-05-19 00:00:00;Pendente
DO04348;TE00410;Integração;2025-04-09 00:00:00;Pendente
DO04349;TE00286;NR-35;2024-07-09 00:00:00;Válido
DO04350;TE02243;Integração;2024-08-04 00:00:00;Válido
DO04351;TE02113;NR-35;2026-02-11 00:00:00;Válido
DO04352;TE00208;Seguro;2024-04-11 00:00:00;Válido
DO04353;TE02910;Seguro;2024-04-13 00:00:00;Válido
DO04354;TE02358;ASO;2024-01-29 00:00:00;Válido
DO04355;TE01020;ASO;2025-07-04 00:00:00;Válido
DO04356;TE01028;Seguro;2024-02-23 00:00:00;Válido
DO04357;TE01139;NR-35;2025-05-22 00:00:00;Válido
DO04358;TE01690;Seguro;2024-08-07 00:00:00;Pendente
DO04359;TE01132;NR-10;2025-02-15 00:00:00;Vencido
DO04360;TE02842;NR-10;2025-01-17 00:00:00;Válido
DO04361;TE02246;Integração;2025-04-19 00:00:00;Válido
DO04362;TE00417;NR-10;2025-12-10 00:00:00;Pendente
DO04363;TE02307;NR-35;2024-04-14 00:00:00;Válido
DO04364;TE01091;Seguro;2025-10-10 00:00:00;Válido
DO04365;TE02375;Integração;2024-08-13 00:00:00;Vencido
DO04366;TE01097;NR-35;2024-11-09 00:00:00;Válido
DO04367;TE01760;ASO;2025-08-13 00:00:00;Válido
DO04368;TE02122;Seguro;2026-01-14 00:00:00;Válido
DO04369;TE00993;Integração;2024-05-31 00:00:00;Válido
DO04370;TE00137;NR-10;2024-10-07 00:00:00;Vencido
DO04371;TE02577;NR-35;2026-05-20 00:00:00;Válido
DO04372;TE01451;NR-35;2025-01-02 00:00:00;Válido
DO04373;TE00810;ASO;2024-08-25 00:00:00;Pendente
DO04374;TE00138;Integração;2024-03-11 00:00:00;Válido
DO04375;TE01857;ASO;2026-06-19 00:00:00;Válido
DO04376;TE02989;NR-10;2025-01-22 00:00:00;Válido
DO04377;TE00402;NR-35;2025-09-24 00:00:00;Vencido
DO04378;TE02367;NR-35;2025-01-28 00:00:00;Válido
DO04379;TE02093;NR-35;2024-12-04 00:00:00;Válido
DO04380;TE01800;NR-10;2024-04-23 00:00:00;Válido
DO04381;TE01994;NR-35;2026-02-19 00:00:00;Válido
DO04382;TE01612;Integração;2026-05-31 00:00:00;Válido
DO04383;TE00103;NR-10;2024-02-29 00:00:00;Válido
DO04384;TE02798;Integração;2025-03-30 00:00:00;Válido
DO04385;TE01758;Integração;2024-12-04 00:00:00;Válido
DO04386;TE01897;NR-10;2024-11-21 00:00:00;Vencido
DO04387;TE03170;ASO;2025-01-11 00:00:00;Válido
DO04388;TE00961;Seguro;2026-02-27 00:00:00;Pendente
DO04389;TE02876;Seguro;2026-05-19 00:00:00;Válido
DO04390;TE01499;NR-10;2026-03-15 00:00:00;Válido
DO04391;TE02020;ASO;2025-12-10 00:00:00;Válido
DO04392;TE00211;NR-35;2024-07-25 00:00:00;Válido
DO04393;TE02167;NR-35;2024-12-11 00:00:00;Válido
DO04394;TE01562;NR-10;2024-10-21 00:00:00;Válido
DO04395;TE02592;Seguro;2024-04-13 00:00:00;Válido
DO04396;TE01233;ASO;2026-04-11 00:00:00;Vencido
DO04397;TE02664;NR-35;2024-10-06 00:00:00;Válido
DO04398;TE03071;Integração;2025-07-30 00:00:00;Válido
DO04399;TE00297;NR-10;2025-12-01 00:00:00;Vencido
DO04400;TE01010;ASO;2026-03-07 00:00:00;Válido
DO04401;TE00136;Seguro;2026-05-28 00:00:00;Válido
DO04402;TE01205;NR-35;2024-02-15 00:00:00;Válido
DO04403;TE01628;NR-10;2024-04-03 00:00:00;Válido
DO04404;TE00785;NR-10;2024-04-19 00:00:00;Vencido
DO04405;TE01694;Seguro;2025-09-26 00:00:00;Válido
DO04406;TE00002;Integração;2025-10-07 00:00:00;Válido
DO04407;TE02297;Integração;2024-11-21 00:00:00;Pendente
DO04408;TE03055;Integração;2025-12-26 00:00:00;Válido
DO04409;TE00581;Seguro;2024-03-14 00:00:00;Válido
DO04410;TE01634;NR-35;2025-10-04 00:00:00;Válido
DO04411;TE02434;NR-35;2026-03-28 00:00:00;Válido
DO04412;TE01050;NR-35;2024-01-08 00:00:00;Válido
DO04413;TE01083;ASO;2024-03-11 00:00:00;Válido
DO04414;TE00030;NR-35;2026-04-23 00:00:00;Válido
DO04415;TE02321;ASO;2026-06-13 00:00:00;Válido
DO04416;TE00391;NR-35;2025-09-05 00:00:00;Válido
DO04417;TE02932;ASO;2025-11-22 00:00:00;Válido
DO04418;TE00804;ASO;2024-05-23 00:00:00;Válido
DO04419;TE02981;NR-10;2026-01-10 00:00:00;Válido
DO04420;TE00931;NR-35;2024-08-07 00:00:00;Válido
DO04421;TE00410;NR-10;2026-06-21 00:00:00;Válido
DO04422;TE00025;NR-10;2025-07-05 00:00:00;Válido
DO04423;TE02030;ASO;2025-08-23 00:00:00;Válido
DO04424;TE00673;NR-10;2026-01-15 00:00:00;Válido
DO04425;TE01709;ASO;2024-01-07 00:00:00;Vencido
DO04426;TE00850;Seguro;2025-12-06 00:00:00;Válido
DO04427;TE01383;NR-10;2025-12-22 00:00:00;Válido
DO04428;TE00610;Integração;2025-05-12 00:00:00;Vencido
DO04429;TE00543;Seguro;2025-06-17 00:00:00;Válido
DO04430;TE01122;ASO;2024-01-31 00:00:00;Válido
DO04431;TE03007;ASO;2024-01-18 00:00:00;Válido
DO04432;TE00364;Seguro;2024-03-11 00:00:00;Válido
DO04433;TE02992;NR-10;2025-11-21 00:00:00;Válido
DO04434;TE02396;NR-35;2026-04-23 00:00:00;Válido
DO04435;TE01515;ASO;2025-03-07 00:00:00;Válido
DO04436;TE02042;NR-10;2026-01-26 00:00:00;Válido
DO04437;TE00770;NR-35;2024-03-14 00:00:00;Válido
DO04438;TE00530;NR-10;2024-06-15 00:00:00;Válido
DO04439;TE02273;Seguro;2026-03-20 00:00:00;Válido
DO04440;TE02710;Integração;2025-07-16 00:00:00;Válido
DO04441;TE03079;ASO;2024-08-08 00:00:00;Válido
DO04442;TE01729;NR-35;2025-06-09 00:00:00;Vencido
DO04443;TE00430;NR-35;2026-03-01 00:00:00;Válido
DO04444;TE02601;NR-10;2025-11-04 00:00:00;Válido
DO04445;TE00492;ASO;2025-10-24 00:00:00;Válido
DO04446;TE01625;NR-35;2024-11-05 00:00:00;Válido
DO04447;TE00607;Integração;2026-01-17 00:00:00;Válido
DO04448;TE00972;Integração;2026-04-23 00:00:00;Válido
DO04449;TE01180;Seguro;2026-04-29 00:00:00;Vencido
DO04450;TE03047;Integração;2025-04-14 00:00:00;Válido
DO04451;TE01988;NR-35;2025-02-10 00:00:00;Válido
DO04452;TE01935;NR-10;2024-08-13 00:00:00;Válido
DO04453;TE02609;ASO;2025-04-03 00:00:00;Válido
DO04454;TE01064;Integração;2026-07-13 00:00:00;Pendente
DO04455;TE02483;NR-10;2025-12-28 00:00:00;Válido
DO04456;TE00213;Seguro;2024-09-14 00:00:00;Válido
DO04457;TE02502;Integração;2025-02-12 00:00:00;Válido
DO04458;TE02863;Seguro;2025-11-26 00:00:00;Válido
DO04459;TE00782;Integração;2026-07-12 00:00:00;Válido
DO04460;TE02833;Integração;2025-06-09 00:00:00;Pendente
DO04461;TE02664;NR-10;2024-09-07 00:00:00;Vencido
DO04462;TE01064;ASO;2025-01-25 00:00:00;Válido
DO04463;TE02659;ASO;2025-08-23 00:00:00;Válido
DO04464;TE02444;NR-10;2024-06-17 00:00:00;Vencido
DO04465;TE00144;NR-35;2024-06-10 00:00:00;Vencido
DO04466;TE01161;NR-35;2026-02-12 00:00:00;Pendente
DO04467;TE01398;Seguro;2025-08-14 00:00:00;Válido
DO04468;TE01760;ASO;2024-04-30 00:00:00;Válido
DO04469;TE00566;Integração;2025-05-03 00:00:00;Válido
DO04470;TE01137;NR-10;2025-02-06 00:00:00;Válido
DO04471;TE02479;Integração;2026-03-26 00:00:00;Válido
DO04472;TE02433;Integração;2025-11-12 00:00:00;Válido
DO04473;TE02689;Seguro;2025-05-30 00:00:00;Válido
DO04474;TE00639;NR-35;2026-05-01 00:00:00;Válido
DO04475;TE00237;NR-35;2025-03-29 00:00:00;Válido
DO04476;TE03118;Integração;2026-07-22 00:00:00;Válido
DO04477;TE00422;NR-10;2024-01-30 00:00:00;Válido
DO04478;TE00162;ASO;2025-06-27 00:00:00;Válido
DO04479;TE02002;Integração;2024-10-12 00:00:00;Vencido
DO04480;TE00151;Integração;2025-11-03 00:00:00;Válido
DO04481;TE00727;Seguro;2026-01-22 00:00:00;Válido
DO04482;TE02359;ASO;2025-04-27 00:00:00;Válido
DO04483;TE00090;Integração;2025-04-20 00:00:00;Pendente
DO04484;TE02526;NR-35;2024-04-25 00:00:00;Válido
DO04485;TE01623;NR-35;2025-04-04 00:00:00;Válido
DO04486;TE02820;NR-10;2025-03-18 00:00:00;Válido
DO04487;TE02902;NR-35;2024-04-19 00:00:00;Válido
DO04488;TE02390;NR-35;2025-07-27 00:00:00;Válido
DO04489;TE01762;ASO;2025-01-29 00:00:00;Pendente
DO04490;TE03142;NR-35;2025-07-11 00:00:00;Válido
DO04491;TE02187;NR-10;2025-07-22 00:00:00;Válido
DO04492;TE02205;NR-10;2025-09-17 00:00:00;Vencido
DO04493;TE02455;Integração;2026-06-27 00:00:00;Válido
DO04494;TE01090;Integração;2025-09-05 00:00:00;Válido
DO04495;TE01330;ASO;2024-01-08 00:00:00;Válido
DO04496;TE01795;Seguro;2024-11-27 00:00:00;Pendente
DO04497;TE00316;ASO;2025-01-08 00:00:00;Válido
DO04498;TE02114;NR-35;2025-05-02 00:00:00;Válido
DO04499;TE02687;Integração;2024-12-12 00:00:00;Válido
DO04500;TE01442;Seguro;2026-01-01 00:00:00;Válido
DO04501;TE01437;NR-10;2024-10-29 00:00:00;Pendente
DO04502;TE01873;NR-35;2026-06-05 00:00:00;Válido
DO04503;TE01887;NR-35;2024-09-26 00:00:00;Válido
DO04504;TE01835;Seguro;2024-11-02 00:00:00;Pendente
DO04505;TE01194;Seguro;2025-12-25 00:00:00;Vencido
DO04506;TE02683;Integração;2026-03-18 00:00:00;Válido
DO04507;TE02030;NR-35;2025-09-27 00:00:00;Válido
DO04508;TE00567;Seguro;2024-05-29 00:00:00;Válido
DO04509;TE02931;NR-35;2024-09-23 00:00:00;Válido
DO04510;TE01153;ASO;2024-04-21 00:00:00;Válido
DO04511;TE02059;Integração;2026-01-31 00:00:00;Válido
DO04512;TE00697;NR-35;2026-02-07 00:00:00;Válido
DO04513;TE00372;Integração;2025-02-05 00:00:00;Vencido
DO04514;TE01298;ASO;2024-06-03 00:00:00;Válido
DO04515;TE01448;NR-35;2024-08-19 00:00:00;Válido
DO04516;TE01049;Integração;2024-02-15 00:00:00;Válido
DO04517;TE00452;ASO;2024-05-20 00:00:00;Válido
DO04518;TE00069;Seguro;2025-05-09 00:00:00;Válido
DO04519;TE01017;NR-35;2025-01-11 00:00:00;Válido
DO04520;TE02964;Seguro;2024-08-18 00:00:00;Válido
DO04521;TE02280;Seguro;2024-05-15 00:00:00;Válido
DO04522;TE00585;Integração;2025-07-07 00:00:00;Válido
DO04523;TE01625;ASO;2025-06-06 00:00:00;Válido
DO04524;TE01557;Integração;2026-05-28 00:00:00;Válido
DO04525;TE02463;NR-10;2024-04-14 00:00:00;Válido
DO04526;TE02026;ASO;2025-02-05 00:00:00;Válido
DO04527;TE00326;Integração;2024-11-12 00:00:00;Válido
DO04528;TE00829;NR-35;2025-02-01 00:00:00;Válido
DO04529;TE00004;ASO;2025-11-16 00:00:00;Válido
DO04530;TE02013;ASO;2024-10-14 00:00:00;Válido
DO04531;TE01804;NR-35;2025-07-18 00:00:00;Válido
DO04532;TE01366;Seguro;2024-07-22 00:00:00;Válido
DO04533;TE03160;Seguro;2025-05-09 00:00:00;Válido
DO04534;TE02721;NR-35;2025-06-08 00:00:00;Válido
DO04535;TE00960;NR-10;2025-03-14 00:00:00;Válido
DO04536;TE02520;Seguro;2025-05-09 00:00:00;Válido
DO04537;TE00859;NR-35;2025-04-27 00:00:00;Válido
DO04538;TE00868;ASO;2024-12-17 00:00:00;Válido
DO04539;TE01810;NR-10;2025-03-27 00:00:00;Válido
DO04540;TE01401;ASO;2026-02-15 00:00:00;Válido
DO04541;TE00315;NR-35;2024-07-11 00:00:00;Válido
DO04542;TE00670;ASO;2024-09-09 00:00:00;Válido
DO04543;TE01965;ASO;2024-12-30 00:00:00;Válido
DO04544;TE03025;NR-10;2024-06-08 00:00:00;Válido
DO04545;TE02956;ASO;2026-05-23 00:00:00;Válido
DO04546;TE01121;ASO;2024-04-18 00:00:00;Válido
DO04547;TE02046;Integração;2024-03-16 00:00:00;Válido
DO04548;TE01898;NR-10;2024-11-08 00:00:00;Válido
DO04549;TE01716;Integração;2025-05-27 00:00:00;Válido
DO04550;TE03070;NR-35;2025-04-12 00:00:00;Válido
DO04551;TE03010;Integração;2024-12-22 00:00:00;Válido
DO04552;TE02857;NR-35;2026-01-27 00:00:00;Vencido
DO04553;TE02975;NR-10;2024-08-31 00:00:00;Válido
DO04554;TE00825;Integração;2026-02-02 00:00:00;Válido
DO04555;TE01271;NR-10;2026-06-09 00:00:00;Válido
DO04556;TE00571;NR-10;2024-04-10 00:00:00;Válido
DO04557;TE00728;ASO;2024-03-18 00:00:00;Válido
DO04558;TE01113;Seguro;2026-07-20 00:00:00;Válido
DO04559;TE01241;NR-35;2024-09-02 00:00:00;Válido
DO04560;TE02739;Seguro;2024-01-13 00:00:00;Vencido
DO04561;TE01713;NR-35;2024-10-30 00:00:00;Válido
DO04562;TE01718;ASO;2026-01-14 00:00:00;Válido
DO04563;TE02417;ASO;2024-05-05 00:00:00;Válido
DO04564;TE03030;NR-35;2024-11-26 00:00:00;Válido
DO04565;TE01728;Seguro;2025-09-30 00:00:00;Válido
DO04566;TE01920;Seguro;2025-03-16 00:00:00;Válido
DO04567;TE00360;Integração;2024-10-25 00:00:00;Válido
DO04568;TE01438;ASO;2025-08-19 00:00:00;Válido
DO04569;TE02680;NR-10;2024-09-20 00:00:00;Vencido
DO04570;TE00390;Seguro;2026-05-14 00:00:00;Válido
DO04571;TE01415;NR-10;2025-02-09 00:00:00;Válido
DO04572;TE00488;ASO;2025-11-26 00:00:00;Válido
DO04573;TE02795;Seguro;2025-05-31 00:00:00;Pendente
DO04574;TE01312;ASO;2026-06-13 00:00:00;Vencido
DO04575;TE00595;NR-35;2024-05-30 00:00:00;Válido
DO04576;TE02484;ASO;2024-04-18 00:00:00;Válido
DO04577;TE00402;Integração;2025-12-27 00:00:00;Válido
DO04578;TE01553;Seguro;2025-09-03 00:00:00;Vencido
DO04579;TE02825;NR-10;2025-10-04 00:00:00;Válido
DO04580;TE01596;Seguro;2024-05-31 00:00:00;Válido
DO04581;TE01967;NR-35;2024-10-27 00:00:00;Válido
DO04582;TE01462;Integração;2025-06-05 00:00:00;Válido
DO04583;TE02635;Integração;2024-04-02 00:00:00;Válido
DO04584;TE00645;Integração;2024-11-22 00:00:00;Vencido
DO04585;TE00880;NR-35;2025-03-10 00:00:00;Válido
DO04586;TE01265;NR-35;2024-02-13 00:00:00;Válido
DO04587;TE02530;Integração;2024-02-06 00:00:00;Válido
DO04588;TE03094;Seguro;2024-06-11 00:00:00;Válido
DO04589;TE00687;Integração;2026-02-27 00:00:00;Válido
DO04590;TE02662;Integração;2024-12-11 00:00:00;Válido
DO04591;TE01070;NR-35;2024-03-26 00:00:00;Pendente
DO04592;TE00355;NR-10;2026-02-12 00:00:00;Válido
DO04593;TE02929;Seguro;2024-02-18 00:00:00;Válido
DO04594;TE00054;ASO;2024-02-01 00:00:00;Válido
DO04595;TE03122;Seguro;2025-11-24 00:00:00;Válido
DO04596;TE01991;Integração;2025-11-12 00:00:00;Pendente
DO04597;TE01822;Seguro;2024-10-24 00:00:00;Válido
DO04598;TE00021;Integração;2025-09-02 00:00:00;Válido
DO04599;TE02620;Seguro;2025-11-27 00:00:00;Válido
DO04600;TE02160;Seguro;2025-02-26 00:00:00;Válido
DO04601;TE00413;ASO;2024-01-02 00:00:00;Válido
DO04602;TE02190;NR-35;2024-01-23 00:00:00;Válido
DO04603;TE00654;ASO;2024-10-06 00:00:00;Válido
DO04604;TE00665;Integração;2024-07-08 00:00:00;Válido
DO04605;TE00930;Integração;2025-04-26 00:00:00;Vencido
DO04606;TE01438;Seguro;2026-05-17 00:00:00;Válido
DO04607;TE02748;ASO;2025-11-06 00:00:00;Válido
DO04608;TE01689;Integração;2025-09-14 00:00:00;Válido
DO04609;TE01880;ASO;2024-10-12 00:00:00;Válido
DO04610;TE02064;ASO;2026-02-24 00:00:00;Válido
DO04611;TE02249;Seguro;2025-03-04 00:00:00;Válido
DO04612;TE03103;Integração;2024-01-11 00:00:00;Válido
DO04613;TE02961;Seguro;2025-04-19 00:00:00;Válido
DO04614;TE01340;NR-35;2024-02-16 00:00:00;Válido
DO04615;TE00571;Integração;2024-09-18 00:00:00;Válido
DO04616;TE01305;Seguro;2024-08-31 00:00:00;Vencido
DO04617;TE00146;Integração;2024-01-28 00:00:00;Válido
DO04618;TE01850;Seguro;2025-04-02 00:00:00;Válido
DO04619;TE01797;Integração;2024-09-03 00:00:00;Vencido
DO04620;TE01296;NR-10;2024-07-12 00:00:00;Válido
DO04621;TE00188;NR-10;2025-04-22 00:00:00;Válido
DO04622;TE02170;ASO;2024-12-10 00:00:00;Pendente
DO04623;TE01387;NR-35;2024-09-21 00:00:00;Válido
DO04624;TE00529;Seguro;2024-06-14 00:00:00;Válido
DO04625;TE00294;Integração;2024-02-10 00:00:00;Válido
DO04626;TE02411;Integração;2024-07-12 00:00:00;Válido
DO04627;TE01815;Integração;2026-01-20 00:00:00;Vencido
DO04628;TE02307;NR-10;2024-05-25 00:00:00;Válido
DO04629;TE01370;ASO;2025-02-07 00:00:00;Válido
DO04630;TE02980;NR-10;2025-10-01 00:00:00;Válido
DO04631;TE02125;NR-10;2026-01-25 00:00:00;Válido
DO04632;TE02185;ASO;2024-07-20 00:00:00;Válido
DO04633;TE00863;NR-10;2025-11-10 00:00:00;Válido
DO04634;TE00640;Seguro;2025-06-06 00:00:00;Válido
DO04635;TE01761;Seguro;2025-10-05 00:00:00;Válido
DO04636;TE02595;NR-10;2025-07-07 00:00:00;Válido
DO04637;TE02782;Integração;2026-05-06 00:00:00;Válido
DO04638;TE00517;Seguro;2024-07-09 00:00:00;Válido
DO04639;TE01274;ASO;2026-06-02 00:00:00;Pendente
DO04640;TE01772;NR-10;2026-03-09 00:00:00;Válido
DO04641;TE03123;Integração;2024-04-14 00:00:00;Válido
DO04642;TE03171;NR-10;2026-02-15 00:00:00;Pendente
DO04643;TE01782;NR-35;2025-04-04 00:00:00;Válido
DO04644;TE01190;ASO;2025-08-02 00:00:00;Válido
DO04645;TE01111;Seguro;2025-09-20 00:00:00;Vencido
DO04646;TE02179;NR-35;2025-06-01 00:00:00;Válido
DO04647;TE02683;Seguro;2026-04-08 00:00:00;Válido
DO04648;TE00861;NR-35;2026-03-16 00:00:00;Válido
DO04649;TE01701;NR-10;2024-08-19 00:00:00;Pendente
DO04650;TE00333;Integração;2024-03-10 00:00:00;Vencido
DO04651;TE00183;NR-10;2026-02-09 00:00:00;Válido
DO04652;TE00483;NR-35;2024-07-31 00:00:00;Vencido
DO04653;TE00343;Seguro;2024-03-14 00:00:00;Válido
DO04654;TE02943;Seguro;2025-03-31 00:00:00;Pendente
DO04655;TE00346;Integração;2025-12-20 00:00:00;Válido
DO04656;TE01301;Integração;2024-03-20 00:00:00;Válido
DO04657;TE02064;Seguro;2025-03-19 00:00:00;Vencido
DO04658;TE01456;NR-10;2025-05-22 00:00:00;Válido
DO04659;TE01914;ASO;2025-12-18 00:00:00;Vencido
DO04660;TE02813;Integração;2024-03-07 00:00:00;Vencido
DO04661;TE02795;ASO;2026-07-29 00:00:00;Vencido
DO04662;TE00783;NR-10;2024-12-22 00:00:00;Válido
DO04663;TE00729;Integração;2024-03-18 00:00:00;Válido
DO04664;TE02552;ASO;2025-02-17 00:00:00;Vencido
DO04665;TE02256;Seguro;2025-02-18 00:00:00;Válido
DO04666;TE02415;Integração;2024-04-10 00:00:00;Válido
DO04667;TE01772;NR-10;2024-01-21 00:00:00;Válido
DO04668;TE00813;NR-35;2026-05-25 00:00:00;Válido
DO04669;TE02165;NR-10;2025-01-12 00:00:00;Válido
DO04670;TE02340;NR-35;2026-01-17 00:00:00;Válido
DO04671;TE01451;Integração;2026-03-09 00:00:00;Válido
DO04672;TE00712;ASO;2025-08-29 00:00:00;Válido
DO04673;TE02426;NR-35;2025-10-17 00:00:00;Válido
DO04674;TE00508;NR-10;2025-08-18 00:00:00;Pendente
DO04675;TE00926;Integração;2024-09-28 00:00:00;Válido
DO04676;TE02593;NR-35;2025-11-20 00:00:00;Válido
DO04677;TE01591;NR-10;2025-05-18 00:00:00;Válido
DO04678;TE00848;NR-10;2024-03-01 00:00:00;Válido
DO04679;TE02508;Seguro;2024-10-11 00:00:00;Válido
DO04680;TE01928;Seguro;2024-05-04 00:00:00;Válido
DO04681;TE01055;Seguro;2026-01-22 00:00:00;Válido
DO04682;TE00198;NR-10;2025-09-03 00:00:00;Válido
DO04683;TE02396;NR-35;2025-10-05 00:00:00;Válido
DO04684;TE03002;Seguro;2024-10-02 00:00:00;Vencido
DO04685;TE01479;Integração;2024-06-22 00:00:00;Pendente
DO04686;TE00305;NR-35;2025-03-24 00:00:00;Válido
DO04687;TE00428;NR-10;2024-03-30 00:00:00;Válido
DO04688;TE02506;NR-35;2026-02-17 00:00:00;Válido
DO04689;TE01966;ASO;2024-05-04 00:00:00;Pendente
DO04690;TE00294;NR-10;2025-08-16 00:00:00;Válido
DO04691;TE02395;Integração;2025-12-06 00:00:00;Válido
DO04692;TE02620;Seguro;2026-06-13 00:00:00;Válido
DO04693;TE02107;Integração;2026-04-26 00:00:00;Válido
DO04694;TE02601;NR-35;2024-01-09 00:00:00;Pendente
DO04695;TE01735;Integração;2026-03-26 00:00:00;Pendente
DO04696;TE01749;Integração;2026-06-16 00:00:00;Válido
DO04697;TE00510;Seguro;2026-06-25 00:00:00;Vencido
DO04698;TE01752;NR-10;2024-04-21 00:00:00;Válido
DO04699;TE02489;Seguro;2025-08-28 00:00:00;Válido
DO04700;TE01738;NR-10;2025-01-25 00:00:00;Vencido
DO04701;TE02000;NR-35;2024-07-03 00:00:00;Válido
DO04702;TE01858;Integração;2024-04-25 00:00:00;Válido
DO04703;TE01293;NR-10;2024-02-17 00:00:00;Válido
DO04704;TE00658;Seguro;2024-05-18 00:00:00;Válido
DO04705;TE02301;NR-35;2025-07-01 00:00:00;Válido
DO04706;TE02873;NR-10;2025-05-14 00:00:00;Válido
DO04707;TE03103;ASO;2025-05-11 00:00:00;Válido
DO04708;TE00433;NR-10;2025-12-25 00:00:00;Válido
DO04709;TE00094;ASO;2025-03-10 00:00:00;Pendente
DO04710;TE02203;Seguro;2024-01-26 00:00:00;Válido
DO04711;TE02651;NR-35;2025-08-26 00:00:00;Válido
DO04712;TE03058;Integração;2025-10-06 00:00:00;Vencido
DO04713;TE01395;NR-35;2025-07-09 00:00:00;Válido
DO04714;TE01852;NR-35;2024-03-10 00:00:00;Válido
DO04715;TE02146;Integração;2026-03-07 00:00:00;Válido
DO04716;TE00818;ASO;2024-09-10 00:00:00;Válido
DO04717;TE00633;Seguro;2025-01-06 00:00:00;Válido
DO04718;TE02671;ASO;2024-04-07 00:00:00;Válido
DO04719;TE01957;ASO;2026-05-20 00:00:00;Válido
DO04720;TE03100;NR-35;2024-06-27 00:00:00;Válido
DO04721;TE02901;ASO;2025-08-02 00:00:00;Pendente
DO04722;TE02903;NR-10;2025-08-20 00:00:00;Válido
DO04723;TE02570;Seguro;2025-04-12 00:00:00;Válido
DO04724;TE01932;Seguro;2025-06-10 00:00:00;Válido
DO04725;TE01907;Seguro;2024-06-26 00:00:00;Válido
DO04726;TE00035;Integração;2026-02-04 00:00:00;Válido
DO04727;TE02528;NR-35;2026-05-22 00:00:00;Válido
DO04728;TE03156;Integração;2024-06-08 00:00:00;Pendente
DO04729;TE00788;Seguro;2026-05-29 00:00:00;Válido
DO04730;TE02298;ASO;2025-04-25 00:00:00;Válido
DO04731;TE01045;NR-10;2025-03-14 00:00:00;Pendente
DO04732;TE01744;Seguro;2024-02-01 00:00:00;Válido
DO04733;TE00058;NR-10;2026-05-15 00:00:00;Válido
DO04734;TE00882;NR-35;2024-08-18 00:00:00;Válido
DO04735;TE02749;ASO;2024-09-22 00:00:00;Válido
DO04736;TE03175;NR-10;2025-06-02 00:00:00;Válido
DO04737;TE00842;NR-35;2025-05-10 00:00:00;Válido
DO04738;TE02500;NR-10;2026-03-12 00:00:00;Válido
DO04739;TE00079;NR-35;2025-03-01 00:00:00;Válido
DO04740;TE01150;NR-35;2024-08-21 00:00:00;Válido
DO04741;TE01860;Seguro;2026-05-08 00:00:00;Válido
DO04742;TE01855;Integração;2025-05-11 00:00:00;Válido
DO04743;TE02752;NR-10;2025-03-10 00:00:00;Válido
DO04744;TE02209;Seguro;2026-06-01 00:00:00;Válido
DO04745;TE00193;ASO;2024-08-29 00:00:00;Válido
DO04746;TE02779;NR-35;2025-07-24 00:00:00;Válido
DO04747;TE02737;Seguro;2025-11-11 00:00:00;Válido
DO04748;TE00742;Seguro;2024-09-07 00:00:00;Válido
DO04749;TE01642;Seguro;2025-02-23 00:00:00;Válido
DO04750;TE01843;NR-35;2026-03-19 00:00:00;Válido
DO04751;TE00355;ASO;2026-02-22 00:00:00;Válido
DO04752;TE01465;ASO;2024-08-24 00:00:00;Válido
DO04753;TE02862;Seguro;2024-02-01 00:00:00;Válido
DO04754;TE03141;NR-10;2026-06-12 00:00:00;Válido
DO04755;TE00392;ASO;2024-12-06 00:00:00;Válido
DO04756;TE02033;NR-10;2026-05-22 00:00:00;Válido
DO04757;TE00071;ASO;2025-04-30 00:00:00;Válido
DO04758;TE02882;NR-35;2024-02-06 00:00:00;Válido
DO04759;TE00091;ASO;2026-07-03 00:00:00;Válido
DO04760;TE00197;NR-10;2025-12-29 00:00:00;Válido
DO04761;TE01695;ASO;2025-05-26 00:00:00;Válido
DO04762;TE01802;ASO;2024-11-30 00:00:00;Válido
DO04763;TE00314;NR-35;2025-03-16 00:00:00;Vencido
DO04764;TE02936;NR-35;2025-01-24 00:00:00;Válido
DO04765;TE00903;NR-35;2024-12-26 00:00:00;Válido
DO04766;TE02988;NR-35;2025-05-05 00:00:00;Válido
DO04767;TE02347;NR-10;2025-10-13 00:00:00;Válido
DO04768;TE01584;Integração;2025-05-08 00:00:00;Pendente
DO04769;TE00779;Seguro;2025-02-19 00:00:00;Válido
DO04770;TE00163;Integração;2025-07-16 00:00:00;Pendente
DO04771;TE01780;ASO;2024-07-28 00:00:00;Vencido
DO04772;TE01471;Integração;2024-07-05 00:00:00;Válido
DO04773;TE01778;ASO;2025-01-11 00:00:00;Válido
DO04774;TE01155;NR-10;2024-05-23 00:00:00;Válido
DO04775;TE00102;NR-35;2026-06-26 00:00:00;Válido
DO04776;TE01337;NR-35;2024-01-20 00:00:00;Válido
DO04777;TE02616;NR-10;2025-04-18 00:00:00;Vencido
DO04778;TE03158;Integração;2025-03-02 00:00:00;Válido
DO04779;TE03145;NR-10;2024-03-09 00:00:00;Válido
DO04780;TE02302;NR-10;2024-12-26 00:00:00;Válido
DO04781;TE01133;Seguro;2025-09-05 00:00:00;Vencido
DO04782;TE01568;Seguro;2026-05-20 00:00:00;Válido
DO04783;TE03013;NR-10;2025-02-09 00:00:00;Pendente
DO04784;TE01216;NR-35;2025-11-01 00:00:00;Válido
DO04785;TE01399;Seguro;2025-09-01 00:00:00;Pendente
DO04786;TE00090;Integração;2025-07-20 00:00:00;Válido
DO04787;TE00484;Integração;2024-08-26 00:00:00;Válido
DO04788;TE03167;NR-35;2025-08-24 00:00:00;Válido
DO04789;TE00679;Seguro;2024-04-27 00:00:00;Válido
DO04790;TE00822;ASO;2025-05-08 00:00:00;Válido
DO04791;TE00803;NR-35;2026-02-11 00:00:00;Pendente
DO04792;TE01699;NR-35;2026-03-28 00:00:00;Válido
DO04793;TE02690;Integração;2025-01-15 00:00:00;Válido
DO04794;TE02567;Seguro;2025-03-12 00:00:00;Válido
DO04795;TE00920;NR-10;2025-10-27 00:00:00;Válido
DO04796;TE01537;NR-35;2025-10-06 00:00:00;Pendente
DO04797;TE00722;NR-10;2025-06-09 00:00:00;Válido
DO04798;TE01873;NR-35;2025-11-15 00:00:00;Válido
DO04799;TE03163;Integração;2026-04-01 00:00:00;Válido
DO04800;TE01054;NR-35;2025-03-13 00:00:00;Válido
DO04801;TE01789;NR-35;2024-05-12 00:00:00;Válido
DO04802;TE01439;NR-10;2026-04-24 00:00:00;Válido
DO04803;TE00095;ASO;2025-03-15 00:00:00;Válido
DO04804;TE00052;ASO;2025-07-04 00:00:00;Válido
DO04805;TE01839;Seguro;2024-10-04 00:00:00;Válido
DO04806;TE00812;NR-10;2026-07-11 00:00:00;Pendente
DO04807;TE02698;ASO;2025-05-27 00:00:00;Válido
DO04808;TE00712;Seguro;2026-02-03 00:00:00;Válido
DO04809;TE02138;Integração;2025-04-14 00:00:00;Válido
DO04810;TE02313;Seguro;2024-07-09 00:00:00;Válido
DO04811;TE00895;ASO;2024-07-05 00:00:00;Pendente
DO04812;TE01906;ASO;2026-07-29 00:00:00;Válido
DO04813;TE01098;Seguro;2025-12-03 00:00:00;Válido
DO04814;TE02522;NR-10;2024-03-24 00:00:00;Válido
DO04815;TE02599;Integração;2024-06-27 00:00:00;Válido
DO04816;TE03077;Integração;2024-10-02 00:00:00;Válido
DO04817;TE02256;Seguro;2025-09-27 00:00:00;Válido
DO04818;TE02062;Seguro;2024-10-13 00:00:00;Válido
DO04819;TE00059;NR-10;2026-03-07 00:00:00;Válido
DO04820;TE00880;Seguro;2024-12-14 00:00:00;Válido
DO04821;TE01922;Seguro;2026-03-10 00:00:00;Válido
DO04822;TE01077;NR-10;2024-07-23 00:00:00;Válido
DO04823;TE00899;Integração;2025-03-19 00:00:00;Válido
DO04824;TE02254;ASO;2026-03-21 00:00:00;Válido
DO04825;TE01852;Integração;2024-09-13 00:00:00;Válido
DO04826;TE01334;Seguro;2024-06-27 00:00:00;Válido
DO04827;TE02980;Integração;2025-12-14 00:00:00;Válido
DO04828;TE00231;Integração;2024-07-03 00:00:00;Válido
DO04829;TE00048;NR-35;2025-06-06 00:00:00;Válido
DO04830;TE02455;Seguro;2024-05-28 00:00:00;Válido
DO04831;TE00730;Seguro;2026-03-22 00:00:00;Válido
DO04832;TE02681;ASO;2026-03-17 00:00:00;Vencido
DO04833;TE02506;Integração;2024-10-16 00:00:00;Válido
DO04834;TE01204;Seguro;2026-02-19 00:00:00;Válido
DO04835;TE01225;ASO;2026-03-28 00:00:00;Válido
DO04836;TE01443;NR-35;2026-06-06 00:00:00;Válido
DO04837;TE00752;Seguro;2024-12-06 00:00:00;Pendente
DO04838;TE01290;ASO;2025-12-06 00:00:00;Válido
DO04839;TE01860;Integração;2025-03-19 00:00:00;Válido
DO04840;TE00561;NR-35;2024-11-03 00:00:00;Válido
DO04841;TE02850;NR-10;2024-01-05 00:00:00;Válido
DO04842;TE01511;Integração;2024-11-27 00:00:00;Válido
DO04843;TE02385;Integração;2025-03-24 00:00:00;Válido
DO04844;TE02822;ASO;2026-06-04 00:00:00;Vencido
DO04845;TE00763;NR-10;2024-05-28 00:00:00;Vencido
DO04846;TE02368;Integração;2025-11-18 00:00:00;Válido
DO04847;TE02879;Seguro;2026-03-19 00:00:00;Vencido
DO04848;TE02863;NR-35;2024-01-05 00:00:00;Vencido
DO04849;TE02384;NR-35;2025-01-28 00:00:00;Pendente
DO04850;TE01242;ASO;2025-05-21 00:00:00;Vencido
DO04851;TE00605;ASO;2024-07-12 00:00:00;Válido
DO04852;TE01791;Seguro;2024-07-04 00:00:00;Válido
DO04853;TE01473;Integração;2024-08-22 00:00:00;Válido
DO04854;TE00503;ASO;2024-06-08 00:00:00;Válido
DO04855;TE02202;Integração;2024-07-23 00:00:00;Válido
DO04856;TE01845;NR-35;2024-02-21 00:00:00;Vencido
DO04857;TE01326;ASO;2024-09-21 00:00:00;Válido
DO04858;TE03163;NR-10;2024-09-10 00:00:00;Válido
DO04859;TE01825;Integração;2025-11-18 00:00:00;Válido
DO04860;TE00434;Integração;2025-08-30 00:00:00;Válido
DO04861;TE01757;NR-10;2025-12-26 00:00:00;Válido
DO04862;TE00723;NR-10;2025-06-03 00:00:00;Válido
DO04863;TE00567;Seguro;2026-02-27 00:00:00;Válido
DO04864;TE02721;NR-10;2024-02-26 00:00:00;Pendente
DO04865;TE01361;NR-10;2025-09-25 00:00:00;Válido
DO04866;TE00865;NR-10;2024-03-21 00:00:00;Válido
DO04867;TE01185;ASO;2025-04-22 00:00:00;Válido
DO04868;TE01684;ASO;2026-05-24 00:00:00;Vencido
DO04869;TE01392;ASO;2026-07-27 00:00:00;Válido
DO04870;TE00087;ASO;2024-01-10 00:00:00;Válido
DO04871;TE00235;NR-10;2025-05-20 00:00:00;Pendente
DO04872;TE02683;NR-35;2026-01-16 00:00:00;Válido
DO04873;TE02593;NR-10;2024-04-25 00:00:00;Válido
DO04874;TE02022;NR-35;2025-05-31 00:00:00;Válido
DO04875;TE02945;Integração;2024-09-24 00:00:00;Válido
DO04876;TE00609;NR-35;2025-10-03 00:00:00;Válido
DO04877;TE00788;ASO;2025-12-07 00:00:00;Válido
DO04878;TE00295;NR-35;2024-09-21 00:00:00;Válido
DO04879;TE01548;Integração;2026-02-11 00:00:00;Válido
DO04880;TE02058;NR-35;2025-02-26 00:00:00;Válido
DO04881;TE02235;NR-10;2024-01-11 00:00:00;Válido
DO04882;TE00087;ASO;2025-03-30 00:00:00;Válido
DO04883;TE02911;NR-35;2025-11-30 00:00:00;Vencido
DO04884;TE01631;ASO;2024-04-03 00:00:00;Válido
DO04885;TE00434;Seguro;2024-04-23 00:00:00;Válido
DO04886;TE03117;Seguro;2026-06-22 00:00:00;Válido
DO04887;TE00784;Seguro;2024-08-16 00:00:00;Válido
DO04888;TE03081;Integração;2026-02-24 00:00:00;Válido
DO04889;TE01099;NR-35;2026-06-09 00:00:00;Válido
DO04890;TE02108;NR-10;2024-04-17 00:00:00;Válido
DO04891;TE02606;NR-10;2025-02-15 00:00:00;Válido
DO04892;TE01605;Integração;2025-05-21 00:00:00;Pendente
DO04893;TE00224;Seguro;2026-07-22 00:00:00;Válido
DO04894;TE02473;ASO;2025-10-28 00:00:00;Válido
DO04895;TE01544;NR-35;2025-12-01 00:00:00;Válido
DO04896;TE02879;Integração;2026-03-20 00:00:00;Válido
DO04897;TE00806;NR-35;2025-12-03 00:00:00;Válido
DO04898;TE00913;ASO;2024-12-23 00:00:00;Válido
DO04899;TE03040;Seguro;2024-06-04 00:00:00;Válido
DO04900;TE01588;ASO;2024-01-14 00:00:00;Válido
DO04901;TE02838;NR-35;2026-04-21 00:00:00;Válido
DO04902;TE01134;NR-35;2024-01-23 00:00:00;Válido
DO04903;TE02471;ASO;2025-11-14 00:00:00;Válido
DO04904;TE02781;NR-10;2024-11-05 00:00:00;Válido
DO04905;TE02340;NR-35;2024-08-22 00:00:00;Válido
DO04906;TE00583;ASO;2024-05-19 00:00:00;Válido
DO04907;TE00073;NR-35;2024-03-12 00:00:00;Válido
DO04908;TE00504;NR-35;2024-03-22 00:00:00;Válido
DO04909;TE03132;NR-35;2025-01-29 00:00:00;Válido
DO04910;TE00205;NR-35;2024-08-27 00:00:00;Válido
DO04911;TE00625;ASO;2025-03-22 00:00:00;Válido
DO04912;TE02380;ASO;2025-10-15 00:00:00;Pendente
DO04913;TE00436;Integração;2024-02-07 00:00:00;Válido
DO04914;TE00225;NR-35;2026-07-13 00:00:00;Válido
DO04915;TE02691;NR-35;2024-01-16 00:00:00;Válido
DO04916;TE01775;ASO;2024-08-07 00:00:00;Válido
DO04917;TE01072;Seguro;2025-11-26 00:00:00;Válido
DO04918;TE00128;Seguro;2024-09-05 00:00:00;Válido
DO04919;TE02912;Integração;2024-10-12 00:00:00;Válido
DO04920;TE00169;Seguro;2025-03-06 00:00:00;Válido
DO04921;TE02693;Integração;2024-04-28 00:00:00;Válido
DO04922;TE01876;NR-10;2025-07-17 00:00:00;Válido
DO04923;TE01649;NR-35;2024-02-09 00:00:00;Válido
DO04924;TE01992;NR-35;2025-03-04 00:00:00;Válido
DO04925;TE02852;Seguro;2024-02-22 00:00:00;Vencido
DO04926;TE00811;ASO;2024-06-12 00:00:00;Válido
DO04927;TE02443;ASO;2026-06-26 00:00:00;Válido
DO04928;TE02490;NR-10;2024-08-09 00:00:00;Válido
DO04929;TE02762;NR-10;2025-09-25 00:00:00;Válido
DO04930;TE02425;Seguro;2026-03-17 00:00:00;Vencido
DO04931;TE00673;Integração;2025-07-12 00:00:00;Válido
DO04932;TE01685;Integração;2025-10-17 00:00:00;Válido
DO04933;TE01333;Integração;2025-03-26 00:00:00;Válido
DO04934;TE01773;Integração;2026-03-06 00:00:00;Válido
DO04935;TE02516;ASO;2024-08-26 00:00:00;Válido
DO04936;TE01325;NR-35;2026-06-19 00:00:00;Válido
DO04937;TE01576;NR-35;2026-04-01 00:00:00;Válido
DO04938;TE00395;Integração;2025-11-08 00:00:00;Válido
DO04939;TE02472;ASO;2025-04-24 00:00:00;Válido
DO04940;TE01492;Integração;2025-09-01 00:00:00;Válido
DO04941;TE01341;NR-10;2024-02-08 00:00:00;Válido
DO04942;TE03137;ASO;2025-12-09 00:00:00;Válido
DO04943;TE02646;Integração;2026-03-22 00:00:00;Pendente
DO04944;TE01049;NR-10;2024-11-09 00:00:00;Válido
DO04945;TE02350;ASO;2026-03-18 00:00:00;Válido
DO04946;TE01249;NR-35;2026-02-08 00:00:00;Válido
DO04947;TE00101;NR-10;2024-07-02 00:00:00;Válido
DO04948;TE00979;ASO;2024-09-01 00:00:00;Válido
DO04949;TE03161;Seguro;2025-02-11 00:00:00;Válido
DO04950;TE01884;Seguro;2025-09-28 00:00:00;Válido
DO04951;TE02883;NR-10;2024-10-18 00:00:00;Válido
DO04952;TE00188;NR-35;2024-07-16 00:00:00;Válido
DO04953;TE02964;NR-35;2024-05-08 00:00:00;Válido
DO04954;TE02196;Seguro;2024-08-25 00:00:00;Pendente
DO04955;TE02993;NR-10;2024-02-27 00:00:00;Válido
DO04956;TE00571;Integração;2025-02-26 00:00:00;Válido
DO04957;TE00857;NR-35;2025-09-19 00:00:00;Válido
DO04958;TE02398;ASO;2024-05-07 00:00:00;Válido
DO04959;TE01310;Integração;2024-03-13 00:00:00;Válido
DO04960;TE00757;Integração;2025-04-06 00:00:00;Válido
DO04961;TE00628;ASO;2024-11-18 00:00:00;Válido
DO04962;TE01718;NR-10;2024-03-06 00:00:00;Válido
DO04963;TE02315;Integração;2024-09-22 00:00:00;Pendente
DO04964;TE02044;Seguro;2025-03-24 00:00:00;Pendente
DO04965;TE00565;Integração;2025-08-12 00:00:00;Vencido
DO04966;TE01489;NR-10;2024-11-13 00:00:00;Válido
DO04967;TE01613;ASO;2026-02-21 00:00:00;Válido
DO04968;TE01182;NR-10;2024-05-18 00:00:00;Válido
DO04969;TE00312;ASO;2024-03-06 00:00:00;Vencido
DO04970;TE01886;Integração;2026-03-18 00:00:00;Pendente
DO04971;TE01498;Seguro;2024-12-24 00:00:00;Válido
DO04972;TE02820;Seguro;2026-07-20 00:00:00;Válido
DO04973;TE00138;Seguro;2026-02-05 00:00:00;Válido
DO04974;TE02274;NR-10;2025-10-23 00:00:00;Válido
DO04975;TE02401;ASO;2026-05-08 00:00:00;Vencido
DO04976;TE01726;Integração;2026-02-14 00:00:00;Válido
DO04977;TE01551;Seguro;2025-12-24 00:00:00;Válido
DO04978;TE02848;Integração;2024-05-25 00:00:00;Vencido
DO04979;TE01949;NR-35;2026-01-13 00:00:00;Válido
DO04980;TE00238;ASO;2025-07-31 00:00:00;Válido
DO04981;TE00755;ASO;2026-03-29 00:00:00;Válido
DO04982;TE01314;NR-10;2024-05-19 00:00:00;Válido
DO04983;TE01292;Seguro;2024-11-26 00:00:00;Válido
DO04984;TE02300;NR-10;2025-04-03 00:00:00;Válido
DO04985;TE02421;ASO;2024-09-10 00:00:00;Pendente
DO04986;TE01657;Integração;2024-07-02 00:00:00;Válido
DO04987;TE00501;NR-35;2026-05-23 00:00:00;Válido
DO04988;TE03041;Seguro;2026-07-07 00:00:00;Válido
DO04989;TE00855;NR-10;2026-06-19 00:00:00;Pendente
DO04990;TE01748;Seguro;2024-12-15 00:00:00;Válido
DO04991;TE02018;Integração;2024-12-09 00:00:00;Válido
DO04992;TE02239;ASO;2026-05-09 00:00:00;Válido
DO04993;TE01938;NR-10;2025-06-03 00:00:00;Válido
DO04994;TE01831;NR-10;2025-12-14 00:00:00;Válido
DO04995;TE00795;NR-35;2026-05-24 00:00:00;Válido
DO04996;TE01979;NR-10;2025-09-10 00:00:00;Válido
DO04997;TE02969;NR-35;2024-12-26 00:00:00;Válido
DO04998;TE02489;Integração;2024-10-12 00:00:00;Válido
DO04999;TE00420;ASO;2026-05-06 00:00:00;Válido
DO05000;TE01371;Seguro;2024-01-03 00:00:00;Vencido
DO05001;TE01965;ASO;2025-01-30 00:00:00;Válido
DO05002;TE00486;Seguro;2025-11-17 00:00:00;Válido
DO05003;TE02406;NR-10;2026-04-02 00:00:00;Válido
DO05004;TE01374;ASO;2024-03-15 00:00:00;Válido
DO05005;TE02602;Integração;2024-04-07 00:00:00;Válido
DO05006;TE00711;NR-10;2024-06-25 00:00:00;Válido
DO05007;TE00467;ASO;2024-07-24 00:00:00;Válido
DO05008;TE01872;Seguro;2024-07-03 00:00:00;Válido
DO05009;TE01784;NR-10;2025-12-03 00:00:00;Válido
DO05010;TE02435;NR-35;2025-12-15 00:00:00;Válido
DO05011;TE02949;NR-35;2026-04-27 00:00:00;Pendente
DO05012;TE01328;ASO;2026-06-26 00:00:00;Válido
DO05013;TE01462;NR-35;2025-02-20 00:00:00;Pendente
DO05014;TE01583;NR-35;2025-09-27 00:00:00;Válido
DO05015;TE02105;Seguro;2026-04-21 00:00:00;Válido
DO05016;TE00975;NR-10;2025-11-19 00:00:00;Vencido
DO05017;TE01375;ASO;2024-03-24 00:00:00;Válido
DO05018;TE02386;ASO;2024-10-26 00:00:00;Vencido
DO05019;TE01023;NR-35;2024-11-05 00:00:00;Válido
DO05020;TE02801;ASO;2026-06-07 00:00:00;Pendente
DO05021;TE02073;Seguro;2024-10-29 00:00:00;Pendente
DO05022;TE02304;NR-10;2026-07-24 00:00:00;Válido
DO05023;TE00616;Integração;2024-09-11 00:00:00;Válido
DO05024;TE00979;NR-10;2025-09-17 00:00:00;Vencido
DO05025;TE00047;NR-10;2026-03-23 00:00:00;Válido
DO05026;TE02564;Seguro;2024-08-07 00:00:00;Válido
DO05027;TE01025;Seguro;2024-09-08 00:00:00;Válido
DO05028;TE01758;ASO;2026-02-13 00:00:00;Válido
DO05029;TE00441;Seguro;2025-09-10 00:00:00;Válido
DO05030;TE00709;ASO;2025-08-09 00:00:00;Válido
DO05031;TE01811;Seguro;2024-09-05 00:00:00;Válido
DO05032;TE00210;ASO;2024-10-04 00:00:00;Válido
DO05033;TE00510;ASO;2025-04-09 00:00:00;Válido
DO05034;TE00282;NR-10;2025-05-04 00:00:00;Vencido
DO05035;TE03062;ASO;2026-04-07 00:00:00;Válido
DO05036;TE02128;ASO;2025-12-25 00:00:00;Válido
DO05037;TE01580;Integração;2026-07-31 00:00:00;Válido
DO05038;TE00189;Integração;2026-02-03 00:00:00;Válido
DO05039;TE02462;NR-35;2026-05-10 00:00:00;Válido
DO05040;TE01361;NR-10;2025-05-18 00:00:00;Válido
DO05041;TE00939;Seguro;2024-06-23 00:00:00;Pendente
DO05042;TE00955;Integração;2026-02-25 00:00:00;Válido
DO05043;TE02653;ASO;2026-06-16 00:00:00;Válido
DO05044;TE00118;ASO;2024-01-14 00:00:00;Vencido
DO05045;TE00700;NR-10;2026-03-27 00:00:00;Válido
DO05046;TE02778;Integração;2024-03-20 00:00:00;Vencido
DO05047;TE01713;Seguro;2024-11-06 00:00:00;Válido
DO05048;TE03046;Integração;2026-02-17 00:00:00;Válido
DO05049;TE01533;NR-35;2025-08-22 00:00:00;Vencido
DO05050;TE00475;NR-35;2026-02-03 00:00:00;Válido
DO05051;TE00899;NR-35;2025-06-15 00:00:00;Vencido
DO05052;TE01815;NR-35;2025-08-03 00:00:00;Válido
DO05053;TE00268;NR-35;2026-05-24 00:00:00;Válido
DO05054;TE02366;Integração;2024-07-06 00:00:00;Pendente
DO05055;TE02374;ASO;2024-04-17 00:00:00;Válido
DO05056;TE00425;ASO;2025-06-16 00:00:00;Válido
DO05057;TE00004;Integração;2026-04-21 00:00:00;Válido
DO05058;TE02555;NR-35;2024-12-19 00:00:00;Válido
DO05059;TE02079;NR-10;2025-11-12 00:00:00;Válido
DO05060;TE00561;ASO;2026-05-29 00:00:00;Válido
DO05061;TE00689;Integração;2025-05-16 00:00:00;Válido
DO05062;TE00469;NR-10;2024-06-08 00:00:00;Válido
DO05063;TE00015;NR-10;2024-10-20 00:00:00;Vencido
DO05064;TE03114;Integração;2025-10-24 00:00:00;Válido
DO05065;TE02838;Integração;2026-04-02 00:00:00;Vencido
DO05066;TE00895;ASO;2026-05-15 00:00:00;Válido
DO05067;TE01398;Integração;2025-03-27 00:00:00;Válido
DO05068;TE02091;NR-10;2025-03-26 00:00:00;Válido
DO05069;TE00597;NR-10;2026-03-06 00:00:00;Válido
DO05070;TE00735;Seguro;2025-04-13 00:00:00;Válido
DO05071;TE02497;NR-10;2025-04-12 00:00:00;Válido
DO05072;TE00438;NR-10;2026-01-20 00:00:00;Válido
DO05073;TE01590;NR-10;2026-02-24 00:00:00;Válido
DO05074;TE00269;NR-35;2025-04-27 00:00:00;Válido
DO05075;TE00193;NR-10;2025-09-23 00:00:00;Válido
DO05076;TE02132;NR-35;2024-06-25 00:00:00;Vencido
DO05077;TE00892;NR-35;2025-02-21 00:00:00;Válido
DO05078;TE00523;NR-35;2024-07-11 00:00:00;Válido
DO05079;TE00649;NR-35;2025-11-21 00:00:00;Vencido
DO05080;TE02488;NR-10;2025-07-02 00:00:00;Válido
DO05081;TE00628;Seguro;2026-02-28 00:00:00;Válido
DO05082;TE01408;ASO;2024-05-14 00:00:00;Vencido
DO05083;TE01839;NR-10;2026-06-21 00:00:00;Válido
DO05084;TE00692;Integração;2026-04-04 00:00:00;Válido
DO05085;TE00024;ASO;2025-08-18 00:00:00;Válido
DO05086;TE00557;NR-35;2024-12-11 00:00:00;Válido
DO05087;TE00475;ASO;2026-03-24 00:00:00;Válido
DO05088;TE00171;NR-35;2025-08-13 00:00:00;Válido
DO05089;TE01816;Seguro;2025-11-02 00:00:00;Válido
DO05090;TE01504;Seguro;2025-04-23 00:00:00;Válido
DO05091;TE00561;NR-35;2025-04-24 00:00:00;Válido
DO05092;TE02190;NR-35;2026-05-02 00:00:00;Válido
DO05093;TE02380;ASO;2026-02-19 00:00:00;Válido
DO05094;TE02053;Seguro;2024-12-08 00:00:00;Pendente
DO05095;TE03009;Seguro;2024-08-19 00:00:00;Válido
DO05096;TE00954;ASO;2026-03-11 00:00:00;Válido
DO05097;TE02777;Integração;2026-04-01 00:00:00;Válido
DO05098;TE00558;ASO;2024-05-13 00:00:00;Válido
DO05099;TE00212;NR-35;2025-04-10 00:00:00;Válido
DO05100;TE01357;NR-10;2024-08-23 00:00:00;Válido
DO05101;TE00381;ASO;2025-12-28 00:00:00;Válido
DO05102;TE02739;Integração;2024-01-08 00:00:00;Vencido
DO05103;TE00059;NR-35;2025-11-21 00:00:00;Válido
DO05104;TE00033;NR-10;2024-05-15 00:00:00;Válido
DO05105;TE02570;ASO;2024-01-23 00:00:00;Válido
DO05106;TE02938;NR-35;2025-10-26 00:00:00;Válido
DO05107;TE00223;Integração;2025-02-04 00:00:00;Válido
DO05108;TE02608;ASO;2026-03-18 00:00:00;Válido
DO05109;TE01337;Seguro;2025-10-30 00:00:00;Válido
DO05110;TE02968;Integração;2025-10-24 00:00:00;Válido
DO05111;TE00844;Seguro;2025-09-11 00:00:00;Válido
DO05112;TE00505;NR-35;2026-05-17 00:00:00;Válido
DO05113;TE00449;NR-10;2024-05-12 00:00:00;Válido
DO05114;TE01880;Seguro;2025-08-21 00:00:00;Válido
DO05115;TE00665;Seguro;2024-09-26 00:00:00;Válido
DO05116;TE01704;Integração;2026-01-30 00:00:00;Válido
DO05117;TE02232;Seguro;2025-01-07 00:00:00;Válido
DO05118;TE00326;NR-10;2025-04-27 00:00:00;Vencido
DO05119;TE01288;Seguro;2025-01-01 00:00:00;Vencido
DO05120;TE02290;Integração;2026-06-06 00:00:00;Vencido
DO05121;TE00770;Seguro;2025-05-14 00:00:00;Válido
DO05122;TE00732;ASO;2025-09-15 00:00:00;Válido
DO05123;TE01194;NR-10;2025-12-10 00:00:00;Válido
DO05124;TE03120;ASO;2025-03-25 00:00:00;Válido
DO05125;TE03184;Seguro;2026-07-29 00:00:00;Válido
DO05126;TE02107;ASO;2024-03-02 00:00:00;Válido
DO05127;TE00768;NR-35;2024-04-30 00:00:00;Válido
DO05128;TE01108;ASO;2026-07-17 00:00:00;Válido
DO05129;TE00755;NR-35;2024-09-12 00:00:00;Válido
DO05130;TE02833;Seguro;2024-04-13 00:00:00;Válido
DO05131;TE02052;Seguro;2024-10-19 00:00:00;Válido
DO05132;TE01203;NR-10;2024-09-25 00:00:00;Válido
DO05133;TE01639;Integração;2026-02-28 00:00:00;Válido
DO05134;TE01984;NR-10;2026-05-31 00:00:00;Vencido
DO05135;TE01963;Integração;2025-12-13 00:00:00;Vencido
DO05136;TE02967;ASO;2026-07-23 00:00:00;Válido
DO05137;TE01533;Seguro;2024-11-15 00:00:00;Válido
DO05138;TE03129;Seguro;2025-06-15 00:00:00;Vencido
DO05139;TE01788;Seguro;2024-08-06 00:00:00;Válido
DO05140;TE00898;Seguro;2024-02-13 00:00:00;Válido
DO05141;TE00866;ASO;2024-05-18 00:00:00;Válido
DO05142;TE01138;ASO;2025-11-14 00:00:00;Válido
DO05143;TE01785;Seguro;2024-12-27 00:00:00;Válido
DO05144;TE00514;Seguro;2026-07-02 00:00:00;Válido
DO05145;TE00611;Seguro;2024-01-02 00:00:00;Vencido
DO05146;TE02604;Seguro;2026-05-31 00:00:00;Válido
DO05147;TE01919;ASO;2026-04-02 00:00:00;Válido
DO05148;TE02603;Seguro;2024-02-15 00:00:00;Válido
DO05149;TE00960;NR-10;2026-06-21 00:00:00;Válido
DO05150;TE01757;NR-35;2025-09-10 00:00:00;Válido
DO05151;TE00152;Integração;2025-01-08 00:00:00;Pendente
DO05152;TE01998;NR-10;2025-03-05 00:00:00;Válido
DO05153;TE00169;NR-10;2024-11-29 00:00:00;Válido
DO05154;TE01277;NR-35;2025-02-01 00:00:00;Válido
DO05155;TE03199;NR-10;2024-05-07 00:00:00;Válido
DO05156;TE02652;Integração;2024-07-26 00:00:00;Válido
DO05157;TE01102;NR-35;2025-04-30 00:00:00;Válido
DO05158;TE02266;Integração;2025-04-25 00:00:00;Válido
DO05159;TE01832;ASO;2024-12-12 00:00:00;Válido
DO05160;TE00214;NR-10;2026-02-01 00:00:00;Válido
DO05161;TE00626;NR-35;2024-03-13 00:00:00;Válido
DO05162;TE02128;Seguro;2026-02-11 00:00:00;Válido
DO05163;TE02362;ASO;2026-07-31 00:00:00;Válido
DO05164;TE01310;NR-35;2024-10-23 00:00:00;Vencido
DO05165;TE02086;ASO;2024-09-20 00:00:00;Válido
DO05166;TE02984;ASO;2024-01-12 00:00:00;Válido
DO05167;TE00903;NR-35;2026-06-18 00:00:00;Válido
DO05168;TE01208;Integração;2026-06-22 00:00:00;Válido
DO05169;TE02647;Seguro;2026-07-12 00:00:00;Válido
DO05170;TE02339;Integração;2024-11-21 00:00:00;Válido
DO05171;TE01754;NR-35;2025-01-22 00:00:00;Válido
DO05172;TE02436;Seguro;2024-09-17 00:00:00;Pendente
DO05173;TE01342;NR-10;2024-05-01 00:00:00;Válido
DO05174;TE01347;NR-35;2025-01-24 00:00:00;Válido
DO05175;TE02971;NR-35;2024-12-20 00:00:00;Válido
DO05176;TE02165;NR-35;2025-01-16 00:00:00;Pendente
DO05177;TE00768;Integração;2026-06-04 00:00:00;Válido
DO05178;TE01477;NR-35;2024-11-12 00:00:00;Válido
DO05179;TE01873;NR-10;2025-11-16 00:00:00;Válido
DO05180;TE00804;NR-35;2025-01-16 00:00:00;Válido
DO05181;TE02074;Integração;2024-12-03 00:00:00;Pendente
DO05182;TE00772;Seguro;2024-09-09 00:00:00;Válido
DO05183;TE01406;NR-35;2025-10-02 00:00:00;Válido
DO05184;TE01574;NR-10;2026-03-01 00:00:00;Válido
DO05185;TE02050;ASO;2024-03-10 00:00:00;Válido
DO05186;TE02656;Integração;2025-10-21 00:00:00;Válido
DO05187;TE00924;NR-35;2024-08-11 00:00:00;Válido
DO05188;TE03102;NR-35;2025-06-09 00:00:00;Válido
DO05189;TE02799;NR-10;2024-08-23 00:00:00;Válido
DO05190;TE02082;NR-35;2025-12-04 00:00:00;Pendente
DO05191;TE00524;Integração;2025-12-08 00:00:00;Válido
DO05192;TE01795;Seguro;2025-06-14 00:00:00;Válido
DO05193;TE00926;ASO;2024-02-14 00:00:00;Pendente
DO05194;TE00414;NR-10;2025-04-03 00:00:00;Válido
DO05195;TE01938;ASO;2025-08-11 00:00:00;Pendente
DO05196;TE00775;ASO;2024-12-26 00:00:00;Válido
DO05197;TE01259;Seguro;2025-06-17 00:00:00;Vencido
DO05198;TE00854;NR-10;2025-06-21 00:00:00;Válido
DO05199;TE02571;NR-35;2025-08-26 00:00:00;Válido
DO05200;TE00981;Seguro;2024-04-04 00:00:00;Válido
DO05201;TE00700;Integração;2024-03-19 00:00:00;Vencido
DO05202;TE02234;NR-35;2024-06-19 00:00:00;Pendente
DO05203;TE01212;Seguro;2024-08-07 00:00:00;Pendente
DO05204;TE00099;NR-35;2025-08-06 00:00:00;Válido
DO05205;TE00019;Seguro;2024-10-28 00:00:00;Válido
DO05206;TE01143;ASO;2024-01-05 00:00:00;Válido
DO05207;TE01064;NR-35;2024-08-12 00:00:00;Válido
DO05208;TE01053;ASO;2025-10-05 00:00:00;Válido
DO05209;TE00890;Seguro;2024-12-25 00:00:00;Válido
DO05210;TE01135;NR-10;2025-06-12 00:00:00;Válido
DO05211;TE02105;Seguro;2024-12-07 00:00:00;Válido
DO05212;TE01110;ASO;2024-05-22 00:00:00;Válido
DO05213;TE03033;NR-10;2025-02-10 00:00:00;Válido
DO05214;TE02571;Integração;2025-01-12 00:00:00;Vencido
DO05215;TE02229;ASO;2025-09-02 00:00:00;Válido
DO05216;TE01082;Seguro;2025-06-29 00:00:00;Vencido
DO05217;TE02552;Integração;2026-03-28 00:00:00;Válido
DO05218;TE01208;NR-10;2025-04-07 00:00:00;Válido
DO05219;TE03112;NR-35;2024-06-30 00:00:00;Válido
DO05220;TE01857;NR-10;2026-02-04 00:00:00;Válido
DO05221;TE01928;ASO;2026-07-11 00:00:00;Válido
DO05222;TE02304;NR-10;2025-08-06 00:00:00;Válido
DO05223;TE01495;Integração;2025-02-24 00:00:00;Válido
DO05224;TE00457;ASO;2026-02-03 00:00:00;Válido
DO05225;TE01806;NR-10;2025-11-25 00:00:00;Válido
DO05226;TE01608;Integração;2025-11-16 00:00:00;Válido
DO05227;TE01734;NR-35;2024-05-17 00:00:00;Válido
DO05228;TE01654;ASO;2024-06-10 00:00:00;Válido
DO05229;TE01931;NR-35;2024-06-08 00:00:00;Vencido
DO05230;TE00434;NR-35;2025-01-09 00:00:00;Válido
DO05231;TE02815;Integração;2025-10-24 00:00:00;Válido
DO05232;TE01849;NR-10;2024-02-04 00:00:00;Válido
DO05233;TE00770;NR-10;2025-07-11 00:00:00;Vencido
DO05234;TE01708;ASO;2024-07-31 00:00:00;Válido
DO05235;TE01763;ASO;2024-05-08 00:00:00;Válido
DO05236;TE00069;ASO;2025-09-19 00:00:00;Pendente
DO05237;TE00719;NR-35;2025-08-01 00:00:00;Válido
DO05238;TE02090;NR-10;2024-09-20 00:00:00;Válido
DO05239;TE01898;Integração;2026-03-22 00:00:00;Pendente
DO05240;TE03153;Integração;2024-01-30 00:00:00;Pendente
DO05241;TE02155;Integração;2026-02-19 00:00:00;Válido
DO05242;TE00593;ASO;2025-02-26 00:00:00;Pendente
DO05243;TE00478;Integração;2025-10-16 00:00:00;Válido
DO05244;TE02271;NR-10;2025-08-22 00:00:00;Válido
DO05245;TE01022;Integração;2024-09-21 00:00:00;Válido
DO05246;TE00788;ASO;2024-02-17 00:00:00;Vencido
DO05247;TE03145;Seguro;2025-07-15 00:00:00;Válido
DO05248;TE02653;Integração;2024-02-29 00:00:00;Válido
DO05249;TE01877;Integração;2026-01-27 00:00:00;Válido
DO05250;TE00542;NR-10;2024-03-29 00:00:00;Vencido
DO05251;TE01936;NR-10;2024-09-01 00:00:00;Válido
DO05252;TE03054;ASO;2025-07-01 00:00:00;Vencido
DO05253;TE03071;Seguro;2024-02-04 00:00:00;Pendente
DO05254;TE01129;NR-10;2026-02-24 00:00:00;Pendente
DO05255;TE02261;Seguro;2024-06-24 00:00:00;Válido
DO05256;TE00258;NR-35;2024-02-12 00:00:00;Válido
DO05257;TE01437;NR-35;2025-11-20 00:00:00;Válido
DO05258;TE01918;ASO;2024-06-15 00:00:00;Válido
DO05259;TE02059;ASO;2024-02-12 00:00:00;Válido
DO05260;TE02298;ASO;2024-06-20 00:00:00;Pendente
DO05261;TE03018;ASO;2025-04-24 00:00:00;Válido
DO05262;TE00990;Integração;2026-05-22 00:00:00;Válido
DO05263;TE01951;ASO;2025-10-25 00:00:00;Válido
DO05264;TE02927;NR-35;2024-03-10 00:00:00;Vencido
DO05265;TE03161;NR-35;2024-04-21 00:00:00;Válido
DO05266;TE01294;NR-35;2025-04-24 00:00:00;Válido
DO05267;TE00609;Integração;2024-05-03 00:00:00;Válido
DO05268;TE03114;Seguro;2025-01-01 00:00:00;Válido
DO05269;TE02478;ASO;2026-06-22 00:00:00;Vencido
DO05270;TE01334;Integração;2024-06-03 00:00:00;Válido
DO05271;TE03096;NR-35;2026-06-02 00:00:00;Pendente
DO05272;TE02474;Seguro;2024-06-25 00:00:00;Pendente
DO05273;TE00405;ASO;2024-04-29 00:00:00;Válido
DO05274;TE02831;Integração;2026-07-04 00:00:00;Válido
DO05275;TE01217;Seguro;2024-08-18 00:00:00;Vencido
DO05276;TE01382;Seguro;2025-11-13 00:00:00;Vencido
DO05277;TE01897;Integração;2026-02-10 00:00:00;Válido
DO05278;TE00429;Integração;2024-02-28 00:00:00;Válido
DO05279;TE02738;ASO;2026-05-05 00:00:00;Válido
DO05280;TE00914;Seguro;2024-03-15 00:00:00;Válido
DO05281;TE01045;Integração;2024-11-05 00:00:00;Válido
DO05282;TE03062;NR-10;2025-10-28 00:00:00;Válido
DO05283;TE02881;Integração;2024-10-08 00:00:00;Válido
DO05284;TE00172;NR-35;2024-09-06 00:00:00;Válido
DO05285;TE02268;NR-35;2025-03-10 00:00:00;Válido
DO05286;TE00427;NR-35;2026-06-07 00:00:00;Válido
DO05287;TE01118;Integração;2025-07-04 00:00:00;Válido
DO05288;TE00125;NR-35;2026-04-12 00:00:00;Válido
DO05289;TE01340;NR-35;2024-02-12 00:00:00;Pendente
DO05290;TE00044;Integração;2025-11-17 00:00:00;Pendente
DO05291;TE02330;ASO;2024-10-29 00:00:00;Válido
DO05292;TE03175;NR-10;2024-01-09 00:00:00;Válido
DO05293;TE01138;Integração;2024-04-28 00:00:00;Vencido
DO05294;TE01143;NR-10;2025-05-16 00:00:00;Válido
DO05295;TE02571;NR-10;2026-07-26 00:00:00;Vencido
DO05296;TE00247;Integração;2024-02-19 00:00:00;Vencido
DO05297;TE02418;NR-10;2026-04-18 00:00:00;Válido
DO05298;TE01914;NR-10;2024-12-04 00:00:00;Válido
DO05299;TE00095;NR-10;2024-03-15 00:00:00;Vencido
DO05300;TE02974;NR-10;2025-03-02 00:00:00;Válido
DO05301;TE02541;Integração;2025-07-10 00:00:00;Válido
DO05302;TE02774;NR-35;2024-05-08 00:00:00;Válido
DO05303;TE00824;Integração;2024-01-01 00:00:00;Válido
DO05304;TE03142;NR-10;2024-04-12 00:00:00;Válido
DO05305;TE00488;ASO;2024-12-24 00:00:00;Válido
DO05306;TE00894;Integração;2025-05-02 00:00:00;Válido
DO05307;TE01905;ASO;2024-05-15 00:00:00;Válido
DO05308;TE01053;NR-10;2026-01-19 00:00:00;Vencido
DO05309;TE02555;NR-10;2024-03-22 00:00:00;Válido
DO05310;TE00756;ASO;2024-06-06 00:00:00;Válido
DO05311;TE02643;NR-10;2024-04-04 00:00:00;Válido
DO05312;TE01001;NR-35;2025-04-28 00:00:00;Válido
DO05313;TE00959;NR-10;2026-06-22 00:00:00;Válido
DO05314;TE00025;NR-35;2025-07-09 00:00:00;Vencido
DO05315;TE03122;ASO;2024-05-09 00:00:00;Válido
DO05316;TE00068;Integração;2026-07-15 00:00:00;Vencido
DO05317;TE00597;ASO;2025-10-20 00:00:00;Válido
DO05318;TE01442;Seguro;2024-03-12 00:00:00;Pendente
DO05319;TE02117;NR-10;2026-03-31 00:00:00;Válido
DO05320;TE00091;ASO;2025-02-27 00:00:00;Válido
DO05321;TE00991;NR-10;2026-02-20 00:00:00;Vencido
DO05322;TE02636;ASO;2025-07-29 00:00:00;Válido
DO05323;TE01336;Seguro;2024-02-25 00:00:00;Válido
DO05324;TE00274;Seguro;2025-06-22 00:00:00;Válido
DO05325;TE02589;NR-35;2025-08-27 00:00:00;Válido
DO05326;TE00526;ASO;2025-08-09 00:00:00;Válido
DO05327;TE00981;NR-35;2025-09-21 00:00:00;Válido
DO05328;TE00418;NR-35;2025-07-31 00:00:00;Vencido
DO05329;TE02350;Integração;2026-04-17 00:00:00;Válido
DO05330;TE00337;NR-35;2026-04-24 00:00:00;Válido
DO05331;TE01798;Integração;2024-11-03 00:00:00;Válido
DO05332;TE02285;NR-35;2025-04-18 00:00:00;Pendente
DO05333;TE02333;Integração;2025-04-19 00:00:00;Válido
DO05334;TE00743;ASO;2025-11-24 00:00:00;Válido
DO05335;TE00602;Integração;2026-01-05 00:00:00;Válido
DO05336;TE01214;Integração;2026-04-11 00:00:00;Válido
DO05337;TE01133;ASO;2024-04-03 00:00:00;Válido
DO05338;TE01207;NR-35;2024-03-14 00:00:00;Válido
DO05339;TE01903;ASO;2024-07-15 00:00:00;Vencido
DO05340;TE01568;Seguro;2024-04-09 00:00:00;Válido
DO05341;TE03114;NR-10;2024-07-27 00:00:00;Válido
DO05342;TE01239;NR-35;2026-04-12 00:00:00;Válido
DO05343;TE01930;NR-10;2024-12-13 00:00:00;Válido
DO05344;TE01858;NR-10;2024-02-01 00:00:00;Válido
DO05345;TE01675;Seguro;2026-03-05 00:00:00;Válido
DO05346;TE02048;NR-35;2026-03-23 00:00:00;Válido
DO05347;TE01901;NR-35;2024-11-02 00:00:00;Válido
DO05348;TE01254;NR-35;2026-01-31 00:00:00;Válido
DO05349;TE00574;ASO;2025-07-03 00:00:00;Válido
DO05350;TE03112;NR-35;2025-04-21 00:00:00;Pendente
DO05351;TE01580;NR-35;2024-02-23 00:00:00;Válido
DO05352;TE01058;Integração;2025-08-26 00:00:00;Válido
DO05353;TE00433;NR-10;2026-01-24 00:00:00;Válido
DO05354;TE02202;NR-35;2025-07-18 00:00:00;Pendente
DO05355;TE02280;ASO;2026-03-17 00:00:00;Válido
DO05356;TE00899;Integração;2026-01-19 00:00:00;Válido
DO05357;TE02351;NR-35;2024-12-29 00:00:00;Válido
DO05358;TE00172;Integração;2025-10-30 00:00:00;Válido
DO05359;TE00503;Seguro;2025-09-02 00:00:00;Pendente
DO05360;TE00135;ASO;2024-05-21 00:00:00;Vencido
DO05361;TE02614;ASO;2024-09-18 00:00:00;Pendente
DO05362;TE02290;ASO;2026-04-26 00:00:00;Válido
DO05363;TE01282;Integração;2025-07-15 00:00:00;Válido
DO05364;TE01340;Seguro;2026-07-15 00:00:00;Válido
DO05365;TE00512;ASO;2026-04-24 00:00:00;Válido
DO05366;TE00851;NR-10;2025-09-21 00:00:00;Vencido
DO05367;TE02229;Integração;2024-10-23 00:00:00;Válido
DO05368;TE01887;NR-10;2025-06-08 00:00:00;Válido
DO05369;TE02855;Integração;2024-05-08 00:00:00;Válido
DO05370;TE02177;ASO;2024-09-14 00:00:00;Pendente
DO05371;TE02099;Seguro;2025-08-18 00:00:00;Válido
DO05372;TE00881;Seguro;2026-02-19 00:00:00;Válido
DO05373;TE00837;Seguro;2026-06-19 00:00:00;Vencido
DO05374;TE02087;Integração;2024-11-07 00:00:00;Válido
DO05375;TE00603;NR-10;2025-03-03 00:00:00;Válido
DO05376;TE02595;Seguro;2024-06-24 00:00:00;Válido
DO05377;TE00834;Integração;2026-05-08 00:00:00;Válido
DO05378;TE02182;NR-35;2024-04-23 00:00:00;Válido
DO05379;TE01082;NR-35;2026-01-10 00:00:00;Válido
DO05380;TE02735;ASO;2025-04-14 00:00:00;Válido
DO05381;TE00488;ASO;2025-12-23 00:00:00;Pendente
DO05382;TE01068;NR-10;2025-09-04 00:00:00;Válido
DO05383;TE00830;ASO;2024-05-31 00:00:00;Válido
DO05384;TE00090;NR-10;2026-04-21 00:00:00;Válido
DO05385;TE01445;NR-35;2026-06-16 00:00:00;Válido
DO05386;TE01890;ASO;2026-03-03 00:00:00;Válido
DO05387;TE01496;NR-10;2024-03-20 00:00:00;Válido
DO05388;TE01893;Seguro;2024-04-21 00:00:00;Válido
DO05389;TE02499;NR-35;2024-07-16 00:00:00;Vencido
DO05390;TE02820;Integração;2025-11-29 00:00:00;Pendente
DO05391;TE00101;NR-10;2025-06-11 00:00:00;Válido
DO05392;TE01310;ASO;2026-02-17 00:00:00;Válido
DO05393;TE02620;NR-35;2024-03-24 00:00:00;Válido
DO05394;TE03158;Seguro;2024-07-25 00:00:00;Válido
DO05395;TE02186;ASO;2025-05-19 00:00:00;Válido
DO05396;TE01113;ASO;2026-04-12 00:00:00;Válido
DO05397;TE00339;NR-10;2024-07-09 00:00:00;Válido
DO05398;TE00216;NR-10;2024-07-10 00:00:00;Válido
DO05399;TE01906;Seguro;2026-03-09 00:00:00;Válido
DO05400;TE02133;Integração;2025-03-12 00:00:00;Pendente
DO05401;TE00917;NR-10;2026-05-17 00:00:00;Vencido
DO05402;TE02149;ASO;2024-11-03 00:00:00;Válido
DO05403;TE02832;ASO;2026-04-26 00:00:00;Válido
DO05404;TE02966;NR-35;2026-04-14 00:00:00;Válido
DO05405;TE01496;ASO;2026-06-30 00:00:00;Válido
DO05406;TE01105;NR-35;2026-05-28 00:00:00;Válido
DO05407;TE01056;Seguro;2024-09-21 00:00:00;Válido
DO05408;TE03070;Integração;2025-05-22 00:00:00;Válido
DO05409;TE01928;Seguro;2024-05-20 00:00:00;Válido
DO05410;TE00993;ASO;2024-03-29 00:00:00;Pendente
DO05411;TE01366;ASO;2026-02-02 00:00:00;Válido
DO05412;TE00018;NR-10;2024-01-24 00:00:00;Válido
DO05413;TE00439;NR-35;2024-02-12 00:00:00;Válido
DO05414;TE00735;NR-35;2024-11-02 00:00:00;Válido
DO05415;TE01701;NR-35;2024-02-02 00:00:00;Válido
DO05416;TE01476;ASO;2026-04-15 00:00:00;Vencido
DO05417;TE01827;NR-35;2025-11-14 00:00:00;Válido
DO05418;TE00022;NR-35;2025-08-30 00:00:00;Válido
DO05419;TE02069;Integração;2025-07-13 00:00:00;Válido
DO05420;TE02987;NR-35;2025-10-10 00:00:00;Válido
DO05421;TE01055;NR-10;2025-06-14 00:00:00;Válido
DO05422;TE02185;NR-35;2026-06-11 00:00:00;Válido
DO05423;TE02621;Seguro;2026-03-29 00:00:00;Válido
DO05424;TE00601;NR-10;2026-06-03 00:00:00;Válido
DO05425;TE00010;Integração;2026-06-23 00:00:00;Válido
DO05426;TE00390;NR-10;2024-05-06 00:00:00;Válido
DO05427;TE02869;NR-10;2026-03-22 00:00:00;Válido
DO05428;TE02628;NR-35;2025-01-31 00:00:00;Válido
DO05429;TE01613;Seguro;2025-05-16 00:00:00;Pendente
DO05430;TE00472;Seguro;2025-09-23 00:00:00;Válido
DO05431;TE01917;ASO;2025-07-01 00:00:00;Válido
DO05432;TE02949;Integração;2024-11-25 00:00:00;Válido
DO05433;TE00136;NR-10;2024-03-10 00:00:00;Válido
DO05434;TE01335;ASO;2024-02-08 00:00:00;Pendente
DO05435;TE02183;NR-10;2024-01-18 00:00:00;Válido
DO05436;TE02086;ASO;2025-01-07 00:00:00;Válido
DO05437;TE01746;NR-35;2024-07-14 00:00:00;Válido
DO05438;TE02231;NR-35;2025-10-10 00:00:00;Válido
DO05439;TE01418;NR-10;2025-10-23 00:00:00;Válido
DO05440;TE02343;Seguro;2024-05-10 00:00:00;Válido
DO05441;TE00565;ASO;2025-08-13 00:00:00;Válido
DO05442;TE02702;NR-10;2026-04-20 00:00:00;Válido
DO05443;TE02907;NR-35;2026-05-02 00:00:00;Válido
DO05444;TE01955;ASO;2025-09-06 00:00:00;Válido
DO05445;TE02935;NR-35;2025-09-05 00:00:00;Válido
DO05446;TE00015;Integração;2025-01-05 00:00:00;Vencido
DO05447;TE01724;NR-10;2025-02-12 00:00:00;Pendente
DO05448;TE02126;NR-35;2026-05-25 00:00:00;Vencido
DO05449;TE00597;Seguro;2024-02-20 00:00:00;Vencido
DO05450;TE02760;NR-10;2024-01-30 00:00:00;Pendente
DO05451;TE00007;Seguro;2025-11-29 00:00:00;Válido
DO05452;TE00444;Integração;2025-05-21 00:00:00;Válido
DO05453;TE02613;Seguro;2024-10-05 00:00:00;Válido
DO05454;TE00416;NR-35;2026-03-05 00:00:00;Válido
DO05455;TE01723;NR-10;2024-08-10 00:00:00;Válido
DO05456;TE00360;NR-10;2025-09-01 00:00:00;Válido
DO05457;TE01102;NR-10;2025-11-02 00:00:00;Válido
DO05458;TE01190;Integração;2024-04-12 00:00:00;Válido
DO05459;TE02445;Seguro;2024-02-14 00:00:00;Válido
DO05460;TE00396;ASO;2024-09-27 00:00:00;Válido
DO05461;TE02943;ASO;2024-04-13 00:00:00;Pendente
DO05462;TE02007;Integração;2026-06-17 00:00:00;Válido
DO05463;TE00947;NR-35;2025-08-13 00:00:00;Válido
DO05464;TE00836;Seguro;2025-06-11 00:00:00;Válido
DO05465;TE00144;Seguro;2025-07-05 00:00:00;Pendente
DO05466;TE01030;Integração;2025-06-16 00:00:00;Vencido
DO05467;TE00045;NR-35;2024-06-17 00:00:00;Vencido
DO05468;TE01557;Seguro;2026-03-23 00:00:00;Válido
DO05469;TE01921;Integração;2026-03-28 00:00:00;Válido
DO05470;TE02746;Integração;2025-12-16 00:00:00;Válido
DO05471;TE02101;ASO;2025-11-30 00:00:00;Válido
DO05472;TE02135;NR-35;2025-11-13 00:00:00;Válido
DO05473;TE00392;Integração;2025-02-08 00:00:00;Válido
DO05474;TE02364;NR-10;2024-11-29 00:00:00;Válido
DO05475;TE00479;NR-10;2024-03-24 00:00:00;Válido
DO05476;TE01768;NR-10;2025-02-18 00:00:00;Válido
DO05477;TE00943;ASO;2024-06-01 00:00:00;Válido
DO05478;TE02206;NR-35;2025-12-08 00:00:00;Válido
DO05479;TE00651;Seguro;2025-08-10 00:00:00;Válido
DO05480;TE03076;Seguro;2024-07-23 00:00:00;Válido
DO05481;TE02503;Seguro;2024-10-31 00:00:00;Válido
DO05482;TE01052;Integração;2025-08-19 00:00:00;Pendente
DO05483;TE00350;Seguro;2026-06-04 00:00:00;Válido
DO05484;TE00717;Integração;2024-03-29 00:00:00;Válido
DO05485;TE02365;Integração;2025-07-12 00:00:00;Válido
DO05486;TE02878;NR-10;2024-08-21 00:00:00;Válido
DO05487;TE00002;NR-35;2025-03-20 00:00:00;Vencido
DO05488;TE01789;Seguro;2026-01-12 00:00:00;Válido
DO05489;TE01290;Integração;2025-10-18 00:00:00;Válido
DO05490;TE00139;NR-10;2024-01-25 00:00:00;Vencido
DO05491;TE00312;Seguro;2026-06-07 00:00:00;Válido
DO05492;TE01595;Seguro;2026-04-06 00:00:00;Válido
DO05493;TE01860;Seguro;2026-01-23 00:00:00;Pendente
DO05494;TE00255;NR-10;2026-07-06 00:00:00;Vencido
DO05495;TE02214;ASO;2024-02-20 00:00:00;Válido
DO05496;TE00997;Integração;2025-06-13 00:00:00;Válido
DO05497;TE01565;NR-35;2026-01-19 00:00:00;Vencido
DO05498;TE01637;ASO;2025-07-09 00:00:00;Válido
DO05499;TE01651;NR-10;2026-05-21 00:00:00;Válido
DO05500;TE00647;Integração;2026-03-09 00:00:00;Válido
DO05501;TE00870;Seguro;2025-05-11 00:00:00;Válido
DO05502;TE02511;NR-10;2025-08-24 00:00:00;Válido
DO05503;TE00783;Integração;2024-12-20 00:00:00;Válido
DO05504;TE02909;ASO;2024-11-12 00:00:00;Válido
DO05505;TE00571;Integração;2025-08-23 00:00:00;Pendente
DO05506;TE01909;Integração;2025-07-09 00:00:00;Válido
DO05507;TE03127;NR-10;2025-03-28 00:00:00;Válido
DO05508;TE01677;Seguro;2025-04-06 00:00:00;Válido
DO05509;TE01155;Integração;2026-05-10 00:00:00;Válido
DO05510;TE01159;NR-10;2025-12-23 00:00:00;Vencido
DO05511;TE02637;NR-10;2025-10-14 00:00:00;Válido
DO05512;TE02849;NR-10;2025-07-08 00:00:00;Válido
DO05513;TE02566;ASO;2024-04-12 00:00:00;Válido
DO05514;TE01930;NR-35;2024-06-03 00:00:00;Válido
DO05515;TE00530;ASO;2024-08-17 00:00:00;Válido
DO05516;TE00351;NR-35;2024-02-06 00:00:00;Válido
DO05517;TE02117;Integração;2025-01-29 00:00:00;Válido
DO05518;TE02571;ASO;2025-11-27 00:00:00;Válido
DO05519;TE02037;Integração;2024-06-28 00:00:00;Vencido
DO05520;TE01549;Integração;2024-01-03 00:00:00;Válido
DO05521;TE00859;Seguro;2025-06-22 00:00:00;Válido
DO05522;TE02666;ASO;2024-07-16 00:00:00;Válido
DO05523;TE00776;NR-35;2025-04-06 00:00:00;Válido
DO05524;TE02868;Integração;2026-05-15 00:00:00;Válido
DO05525;TE02174;ASO;2026-04-10 00:00:00;Válido
DO05526;TE02948;Seguro;2024-03-25 00:00:00;Válido
DO05527;TE00196;NR-35;2024-08-31 00:00:00;Válido
DO05528;TE01542;NR-10;2025-10-25 00:00:00;Válido
DO05529;TE01768;NR-10;2025-01-25 00:00:00;Válido
DO05530;TE01129;Integração;2024-02-12 00:00:00;Vencido
DO05531;TE01659;NR-10;2026-01-15 00:00:00;Válido
DO05532;TE02144;NR-35;2026-07-18 00:00:00;Válido
DO05533;TE00707;ASO;2026-07-11 00:00:00;Válido
DO05534;TE02238;Integração;2025-06-22 00:00:00;Válido
DO05535;TE02253;ASO;2026-06-05 00:00:00;Válido
DO05536;TE01803;Integração;2025-01-25 00:00:00;Válido
DO05537;TE01653;NR-35;2025-06-21 00:00:00;Pendente
DO05538;TE02376;Integração;2024-03-28 00:00:00;Válido
DO05539;TE02565;NR-35;2025-11-30 00:00:00;Válido
DO05540;TE02764;ASO;2025-03-25 00:00:00;Vencido
DO05541;TE02151;ASO;2025-07-07 00:00:00;Válido
DO05542;TE02667;Integração;2025-12-20 00:00:00;Válido
DO05543;TE00930;Seguro;2026-05-10 00:00:00;Válido
DO05544;TE02974;NR-10;2025-06-21 00:00:00;Válido
DO05545;TE01542;Seguro;2025-05-09 00:00:00;Válido
DO05546;TE02196;NR-10;2025-12-02 00:00:00;Válido
DO05547;TE00689;Seguro;2025-09-11 00:00:00;Válido
DO05548;TE02311;NR-35;2026-05-09 00:00:00;Válido
DO05549;TE01911;Seguro;2024-05-21 00:00:00;Vencido
DO05550;TE01081;Integração;2025-01-06 00:00:00;Vencido
DO05551;TE02634;ASO;2024-10-08 00:00:00;Válido
DO05552;TE02363;Integração;2024-07-09 00:00:00;Pendente
DO05553;TE02987;NR-10;2024-05-01 00:00:00;Vencido
DO05554;TE01783;NR-35;2026-01-02 00:00:00;Válido
DO05555;TE02136;NR-35;2024-09-30 00:00:00;Válido
DO05556;TE02229;NR-35;2024-12-17 00:00:00;Válido
DO05557;TE02258;Integração;2025-01-29 00:00:00;Válido
DO05558;TE01476;Seguro;2025-12-03 00:00:00;Válido
DO05559;TE01089;ASO;2024-06-10 00:00:00;Válido
DO05560;TE02218;ASO;2025-05-09 00:00:00;Pendente
DO05561;TE02811;NR-35;2025-02-02 00:00:00;Válido
DO05562;TE02043;ASO;2025-04-19 00:00:00;Válido
DO05563;TE02072;Seguro;2025-08-09 00:00:00;Válido
DO05564;TE01909;Seguro;2026-06-21 00:00:00;Válido
DO05565;TE02861;NR-10;2026-05-06 00:00:00;Vencido
DO05566;TE01109;ASO;2025-06-26 00:00:00;Válido
DO05567;TE01673;NR-35;2024-06-05 00:00:00;Válido
DO05568;TE01544;NR-35;2025-05-14 00:00:00;Válido
DO05569;TE02015;NR-10;2024-05-19 00:00:00;Válido
DO05570;TE01959;ASO;2024-09-14 00:00:00;Válido
DO05571;TE01003;NR-35;2025-11-29 00:00:00;Válido
DO05572;TE01776;NR-35;2024-12-30 00:00:00;Válido
DO05573;TE01338;NR-10;2025-08-28 00:00:00;Válido
DO05574;TE01869;NR-10;2025-11-15 00:00:00;Válido
DO05575;TE01968;ASO;2025-04-05 00:00:00;Válido
DO05576;TE01745;ASO;2024-01-27 00:00:00;Pendente
DO05577;TE03115;Seguro;2025-06-26 00:00:00;Válido
DO05578;TE02890;Integração;2024-07-26 00:00:00;Válido
DO05579;TE03114;NR-10;2024-06-14 00:00:00;Válido
DO05580;TE00892;ASO;2026-05-20 00:00:00;Válido
DO05581;TE02269;Integração;2025-06-21 00:00:00;Válido
DO05582;TE01929;ASO;2026-07-24 00:00:00;Válido
DO05583;TE02446;ASO;2024-03-08 00:00:00;Válido
DO05584;TE01913;NR-10;2026-03-07 00:00:00;Pendente
DO05585;TE00351;ASO;2024-10-29 00:00:00;Válido
DO05586;TE01348;NR-35;2024-01-22 00:00:00;Válido
DO05587;TE02939;NR-35;2025-10-20 00:00:00;Válido
DO05588;TE02134;Seguro;2025-10-12 00:00:00;Válido
DO05589;TE00410;NR-10;2025-02-02 00:00:00;Válido
DO05590;TE02505;Seguro;2026-07-16 00:00:00;Vencido
DO05591;TE00651;Seguro;2024-08-13 00:00:00;Vencido
DO05592;TE02228;ASO;2026-01-18 00:00:00;Válido
DO05593;TE02993;Seguro;2024-08-10 00:00:00;Válido
DO05594;TE02162;NR-10;2025-10-18 00:00:00;Válido
DO05595;TE00433;NR-35;2026-05-12 00:00:00;Válido
DO05596;TE02786;NR-35;2024-09-13 00:00:00;Válido
DO05597;TE01470;Seguro;2025-11-30 00:00:00;Pendente
DO05598;TE00769;Integração;2025-01-29 00:00:00;Válido
DO05599;TE00607;Integração;2026-05-27 00:00:00;Válido
DO05600;TE00571;NR-35;2025-10-26 00:00:00;Válido
DO05601;TE00750;ASO;2024-05-27 00:00:00;Pendente
DO05602;TE00983;Integração;2025-01-13 00:00:00;Vencido
DO05603;TE01110;Integração;2025-07-20 00:00:00;Válido
DO05604;TE00423;NR-35;2025-01-15 00:00:00;Válido
DO05605;TE00026;Integração;2024-12-22 00:00:00;Válido
DO05606;TE02446;Integração;2024-03-08 00:00:00;Válido
DO05607;TE01234;Integração;2025-02-22 00:00:00;Válido
DO05608;TE01389;NR-35;2024-07-25 00:00:00;Válido
DO05609;TE00560;Seguro;2024-10-08 00:00:00;Válido
DO05610;TE00171;Seguro;2024-10-27 00:00:00;Válido
DO05611;TE02675;Seguro;2024-02-28 00:00:00;Válido
DO05612;TE02566;NR-35;2025-05-11 00:00:00;Válido
DO05613;TE01087;NR-10;2024-10-29 00:00:00;Válido
DO05614;TE01710;Seguro;2026-03-21 00:00:00;Válido
DO05615;TE03084;ASO;2025-11-23 00:00:00;Vencido
DO05616;TE02695;NR-10;2024-07-08 00:00:00;Pendente
DO05617;TE00881;ASO;2024-05-20 00:00:00;Válido
DO05618;TE02056;Seguro;2025-09-30 00:00:00;Vencido
DO05619;TE03127;Integração;2025-01-22 00:00:00;Vencido
DO05620;TE00373;ASO;2025-11-08 00:00:00;Válido
DO05621;TE01133;NR-35;2024-07-18 00:00:00;Vencido
DO05622;TE01564;ASO;2024-10-29 00:00:00;Válido
DO05623;TE00879;NR-10;2024-11-16 00:00:00;Válido
DO05624;TE02647;Integração;2026-07-16 00:00:00;Válido
DO05625;TE02394;ASO;2024-03-22 00:00:00;Válido
DO05626;TE02292;Seguro;2024-05-25 00:00:00;Válido
DO05627;TE01470;Seguro;2025-04-27 00:00:00;Pendente
DO05628;TE03107;ASO;2024-06-05 00:00:00;Vencido
DO05629;TE00449;ASO;2024-07-28 00:00:00;Válido
DO05630;TE00461;ASO;2026-07-22 00:00:00;Válido
DO05631;TE00962;NR-35;2024-01-26 00:00:00;Válido
DO05632;TE01721;Seguro;2025-12-24 00:00:00;Válido
DO05633;TE02677;NR-35;2024-03-01 00:00:00;Válido
DO05634;TE02163;ASO;2025-07-08 00:00:00;Válido
DO05635;TE02873;Seguro;2026-06-19 00:00:00;Válido
DO05636;TE00082;Integração;2024-05-11 00:00:00;Válido
DO05637;TE00383;NR-10;2025-02-08 00:00:00;Válido
DO05638;TE02021;Seguro;2024-12-13 00:00:00;Válido
DO05639;TE01455;Integração;2025-07-15 00:00:00;Válido
DO05640;TE02097;NR-35;2025-02-06 00:00:00;Válido
DO05641;TE00175;Integração;2026-02-04 00:00:00;Válido
DO05642;TE00170;Seguro;2025-12-19 00:00:00;Pendente
DO05643;TE02817;NR-10;2025-08-12 00:00:00;Pendente
DO05644;TE02946;Integração;2024-02-11 00:00:00;Vencido
DO05645;TE02951;Integração;2024-12-03 00:00:00;Vencido
DO05646;TE01542;NR-10;2025-08-12 00:00:00;Válido
DO05647;TE00418;Integração;2024-06-21 00:00:00;Pendente
DO05648;TE01670;NR-10;2024-05-04 00:00:00;Pendente
DO05649;TE02263;Seguro;2025-11-06 00:00:00;Vencido
DO05650;TE03127;NR-35;2025-06-28 00:00:00;Válido
DO05651;TE01930;NR-35;2025-06-04 00:00:00;Válido
DO05652;TE01730;NR-10;2025-02-27 00:00:00;Pendente
DO05653;TE00039;NR-10;2026-01-21 00:00:00;Válido
DO05654;TE00458;Integração;2024-11-04 00:00:00;Válido
DO05655;TE00691;Integração;2025-11-10 00:00:00;Válido
DO05656;TE00112;Seguro;2026-03-09 00:00:00;Válido
DO05657;TE01803;NR-35;2024-02-25 00:00:00;Vencido
DO05658;TE00200;Integração;2025-12-25 00:00:00;Válido
DO05659;TE02969;NR-35;2026-04-30 00:00:00;Pendente
DO05660;TE00749;NR-35;2025-07-01 00:00:00;Válido
DO05661;TE00517;ASO;2025-01-18 00:00:00;Válido
DO05662;TE02744;NR-35;2026-04-21 00:00:00;Válido
DO05663;TE02633;NR-10;2026-01-01 00:00:00;Válido
DO05664;TE02519;NR-35;2025-12-18 00:00:00;Válido
DO05665;TE02725;NR-35;2024-08-10 00:00:00;Válido
DO05666;TE00630;Integração;2024-11-28 00:00:00;Válido
DO05667;TE01519;NR-10;2025-09-02 00:00:00;Vencido
DO05668;TE01449;NR-35;2025-10-31 00:00:00;Válido
DO05669;TE01584;Seguro;2024-06-11 00:00:00;Vencido
DO05670;TE00941;Integração;2024-07-02 00:00:00;Vencido
DO05671;TE01865;Seguro;2024-02-02 00:00:00;Válido
DO05672;TE00287;Seguro;2026-06-01 00:00:00;Válido
DO05673;TE00482;ASO;2025-01-15 00:00:00;Válido
DO05674;TE02539;NR-10;2026-03-28 00:00:00;Válido
DO05675;TE02061;NR-10;2025-11-19 00:00:00;Válido
DO05676;TE01092;Seguro;2024-07-06 00:00:00;Vencido
DO05677;TE03089;NR-35;2024-06-04 00:00:00;Válido
DO05678;TE01759;ASO;2024-06-29 00:00:00;Válido
DO05679;TE03178;Seguro;2024-08-26 00:00:00;Válido
DO05680;TE02353;NR-35;2024-12-01 00:00:00;Válido
DO05681;TE00940;NR-35;2024-11-15 00:00:00;Válido
DO05682;TE01865;NR-35;2025-09-14 00:00:00;Válido
DO05683;TE02640;Integração;2024-01-02 00:00:00;Vencido
DO05684;TE01151;Integração;2024-08-30 00:00:00;Válido
DO05685;TE02874;ASO;2026-02-03 00:00:00;Válido
DO05686;TE02093;ASO;2024-08-13 00:00:00;Válido
DO05687;TE00471;NR-35;2025-04-20 00:00:00;Válido
DO05688;TE02850;NR-10;2024-04-28 00:00:00;Válido
DO05689;TE01189;ASO;2026-06-16 00:00:00;Válido
DO05690;TE02351;NR-35;2025-03-03 00:00:00;Válido
DO05691;TE01514;Seguro;2024-05-04 00:00:00;Vencido
DO05692;TE00672;NR-35;2024-06-05 00:00:00;Válido
DO05693;TE01732;NR-35;2024-11-28 00:00:00;Válido
DO05694;TE00610;ASO;2025-07-12 00:00:00;Válido
DO05695;TE03051;NR-10;2024-07-21 00:00:00;Vencido
DO05696;TE01289;NR-35;2024-11-13 00:00:00;Válido
DO05697;TE00669;NR-10;2026-05-01 00:00:00;Válido
DO05698;TE00690;Integração;2025-07-10 00:00:00;Válido
DO05699;TE02867;NR-35;2026-02-02 00:00:00;Válido
DO05700;TE02251;Seguro;2025-12-22 00:00:00;Válido
DO05701;TE00121;NR-10;2026-07-01 00:00:00;Válido
DO05702;TE00156;NR-10;2026-07-06 00:00:00;Válido
DO05703;TE01367;NR-10;2026-01-30 00:00:00;Vencido
DO05704;TE00226;NR-10;2025-07-31 00:00:00;Pendente
DO05705;TE00047;ASO;2025-04-08 00:00:00;Válido
DO05706;TE00287;NR-10;2025-12-06 00:00:00;Válido
DO05707;TE01327;ASO;2024-07-07 00:00:00;Pendente
DO05708;TE00295;Integração;2024-09-03 00:00:00;Válido
DO05709;TE00868;NR-35;2024-12-28 00:00:00;Válido
DO05710;TE02400;Seguro;2024-10-01 00:00:00;Válido
DO05711;TE00816;ASO;2025-07-16 00:00:00;Válido
DO05712;TE00416;Integração;2025-09-28 00:00:00;Válido
DO05713;TE00671;ASO;2024-05-02 00:00:00;Válido
DO05714;TE03188;Integração;2024-09-02 00:00:00;Válido
DO05715;TE00396;NR-35;2025-06-07 00:00:00;Pendente
DO05716;TE00196;NR-10;2025-10-02 00:00:00;Válido
DO05717;TE01788;ASO;2025-03-26 00:00:00;Válido
DO05718;TE02628;Seguro;2026-01-29 00:00:00;Válido
DO05719;TE01319;ASO;2024-04-27 00:00:00;Válido
DO05720;TE01320;ASO;2025-12-09 00:00:00;Válido
DO05721;TE00867;NR-35;2026-01-04 00:00:00;Válido
DO05722;TE00060;Seguro;2024-01-13 00:00:00;Válido
DO05723;TE00991;NR-10;2024-10-02 00:00:00;Válido
DO05724;TE01187;Seguro;2026-06-09 00:00:00;Válido
DO05725;TE00495;NR-35;2024-09-19 00:00:00;Válido
DO05726;TE00335;Integração;2026-04-29 00:00:00;Válido
DO05727;TE00557;Seguro;2025-03-15 00:00:00;Válido
DO05728;TE01296;ASO;2024-09-10 00:00:00;Válido
DO05729;TE02601;ASO;2026-01-23 00:00:00;Válido
DO05730;TE02031;Seguro;2024-01-22 00:00:00;Válido
DO05731;TE01474;Seguro;2025-02-15 00:00:00;Válido
DO05732;TE02504;Integração;2024-04-02 00:00:00;Vencido
DO05733;TE00304;NR-10;2025-05-06 00:00:00;Válido
DO05734;TE02779;ASO;2025-07-25 00:00:00;Válido
DO05735;TE02456;Seguro;2024-11-21 00:00:00;Válido
DO05736;TE02087;Seguro;2024-11-28 00:00:00;Válido
DO05737;TE01857;Seguro;2025-02-04 00:00:00;Válido
DO05738;TE01320;Integração;2024-05-03 00:00:00;Válido
DO05739;TE02479;Integração;2026-04-05 00:00:00;Válido
DO05740;TE00285;Integração;2025-10-06 00:00:00;Válido
DO05741;TE00005;NR-35;2025-11-06 00:00:00;Válido
DO05742;TE01762;Seguro;2024-01-20 00:00:00;Válido
DO05743;TE01804;ASO;2026-02-19 00:00:00;Válido
DO05744;TE02861;Integração;2026-06-22 00:00:00;Vencido
DO05745;TE01198;NR-10;2026-06-28 00:00:00;Válido
DO05746;TE00905;NR-35;2026-06-10 00:00:00;Válido
DO05747;TE03096;NR-35;2025-08-21 00:00:00;Válido
DO05748;TE00838;NR-10;2025-04-24 00:00:00;Pendente
DO05749;TE02828;Seguro;2025-09-23 00:00:00;Válido
DO05750;TE01197;NR-35;2024-06-06 00:00:00;Válido
DO05751;TE02856;NR-35;2025-04-20 00:00:00;Válido
DO05752;TE00088;ASO;2024-02-25 00:00:00;Válido
DO05753;TE01860;NR-35;2024-09-14 00:00:00;Válido
DO05754;TE00343;Seguro;2025-10-25 00:00:00;Válido
DO05755;TE01347;Integração;2025-11-16 00:00:00;Válido
DO05756;TE02107;Integração;2024-10-17 00:00:00;Válido
DO05757;TE01929;Seguro;2026-03-19 00:00:00;Válido
DO05758;TE02024;Seguro;2025-05-11 00:00:00;Válido
DO05759;TE00306;Integração;2025-04-01 00:00:00;Válido
DO05760;TE03055;Seguro;2025-03-14 00:00:00;Válido
DO05761;TE03131;NR-35;2025-04-21 00:00:00;Válido
DO05762;TE00393;Integração;2024-06-24 00:00:00;Válido
DO05763;TE00119;Integração;2024-05-02 00:00:00;Válido
DO05764;TE00109;NR-10;2024-05-31 00:00:00;Válido
DO05765;TE02517;Seguro;2025-03-15 00:00:00;Válido
DO05766;TE02872;Seguro;2025-04-24 00:00:00;Válido
DO05767;TE01738;Seguro;2025-10-20 00:00:00;Válido
DO05768;TE02627;ASO;2025-12-13 00:00:00;Válido
DO05769;TE02979;NR-10;2025-06-04 00:00:00;Vencido
DO05770;TE00236;NR-35;2025-07-27 00:00:00;Vencido
DO05771;TE00409;ASO;2024-05-21 00:00:00;Válido
DO05772;TE01494;NR-35;2024-06-01 00:00:00;Pendente
DO05773;TE00743;NR-35;2026-03-27 00:00:00;Vencido
DO05774;TE00998;Seguro;2024-09-01 00:00:00;Válido
DO05775;TE02089;NR-10;2025-07-13 00:00:00;Válido
DO05776;TE01332;Integração;2025-02-07 00:00:00;Vencido
DO05777;TE01425;ASO;2026-04-16 00:00:00;Válido
DO05778;TE02432;Integração;2024-12-06 00:00:00;Válido
DO05779;TE01142;Integração;2026-04-01 00:00:00;Vencido
DO05780;TE02264;ASO;2026-06-13 00:00:00;Válido
DO05781;TE02991;ASO;2024-03-16 00:00:00;Válido
DO05782;TE01331;Seguro;2025-09-19 00:00:00;Válido
DO05783;TE00993;Integração;2025-08-28 00:00:00;Válido
DO05784;TE01484;Seguro;2024-07-26 00:00:00;Válido
DO05785;TE00300;Integração;2024-05-13 00:00:00;Válido
DO05786;TE01961;Seguro;2024-09-07 00:00:00;Válido
DO05787;TE01944;ASO;2026-07-05 00:00:00;Válido
DO05788;TE01302;Integração;2025-08-21 00:00:00;Vencido
DO05789;TE01848;NR-10;2025-01-06 00:00:00;Vencido
DO05790;TE00673;Integração;2025-05-03 00:00:00;Válido
DO05791;TE01736;NR-35;2025-08-22 00:00:00;Válido
DO05792;TE00989;Seguro;2024-07-28 00:00:00;Vencido
DO05793;TE01413;NR-10;2025-09-10 00:00:00;Vencido
DO05794;TE02929;NR-10;2025-04-30 00:00:00;Válido
DO05795;TE02675;NR-10;2026-02-28 00:00:00;Pendente
DO05796;TE00616;NR-35;2024-07-16 00:00:00;Válido
DO05797;TE00370;Integração;2026-07-03 00:00:00;Pendente
DO05798;TE00302;Integração;2025-10-20 00:00:00;Vencido
DO05799;TE02859;NR-10;2025-04-14 00:00:00;Vencido
DO05800;TE01295;Integração;2025-11-18 00:00:00;Válido
DO05801;TE00901;ASO;2024-11-09 00:00:00;Válido
DO05802;TE02476;NR-35;2026-04-13 00:00:00;Válido
DO05803;TE03145;NR-10;2024-12-05 00:00:00;Vencido
DO05804;TE01565;Integração;2025-05-06 00:00:00;Pendente
DO05805;TE01291;ASO;2025-03-27 00:00:00;Vencido
DO05806;TE01698;NR-35;2026-03-27 00:00:00;Válido
DO05807;TE01318;Seguro;2025-12-18 00:00:00;Válido
DO05808;TE03065;Seguro;2026-02-21 00:00:00;Vencido
DO05809;TE01327;NR-10;2024-10-24 00:00:00;Válido
DO05810;TE01122;Seguro;2024-10-14 00:00:00;Válido
DO05811;TE02538;Integração;2026-07-25 00:00:00;Válido
DO05812;TE02893;Seguro;2025-06-12 00:00:00;Válido
DO05813;TE02002;NR-10;2024-01-28 00:00:00;Válido
DO05814;TE01821;ASO;2024-08-11 00:00:00;Válido
DO05815;TE00954;NR-35;2024-10-30 00:00:00;Válido
DO05816;TE00683;NR-10;2024-08-22 00:00:00;Válido
DO05817;TE01348;NR-10;2026-03-28 00:00:00;Válido
DO05818;TE01200;NR-10;2024-02-05 00:00:00;Válido
DO05819;TE03060;Integração;2025-08-22 00:00:00;Válido
DO05820;TE00330;Seguro;2026-05-30 00:00:00;Válido
DO05821;TE00445;NR-35;2024-08-21 00:00:00;Válido
DO05822;TE02437;Seguro;2025-01-12 00:00:00;Válido
DO05823;TE01238;Integração;2026-07-01 00:00:00;Válido
DO05824;TE00752;Seguro;2024-08-12 00:00:00;Válido
DO05825;TE02168;NR-35;2026-04-03 00:00:00;Válido
DO05826;TE01022;Seguro;2026-02-12 00:00:00;Válido
DO05827;TE01962;Integração;2025-10-08 00:00:00;Vencido
DO05828;TE02136;ASO;2024-03-30 00:00:00;Válido
DO05829;TE02315;NR-10;2024-11-08 00:00:00;Válido
DO05830;TE00787;NR-35;2025-07-07 00:00:00;Válido
DO05831;TE00050;Integração;2026-05-05 00:00:00;Pendente
DO05832;TE01366;Seguro;2024-09-23 00:00:00;Válido
DO05833;TE00021;NR-10;2025-05-09 00:00:00;Pendente
DO05834;TE01994;NR-10;2026-01-13 00:00:00;Válido
DO05835;TE00150;Integração;2024-04-27 00:00:00;Válido
DO05836;TE02366;ASO;2024-12-26 00:00:00;Válido
DO05837;TE02916;NR-10;2024-11-14 00:00:00;Vencido
DO05838;TE02596;ASO;2024-06-10 00:00:00;Válido
DO05839;TE00999;NR-35;2026-07-22 00:00:00;Pendente
DO05840;TE02293;Seguro;2025-09-18 00:00:00;Válido
DO05841;TE01171;Integração;2024-01-15 00:00:00;Válido
DO05842;TE01050;Integração;2025-09-15 00:00:00;Válido
DO05843;TE01492;ASO;2025-08-26 00:00:00;Válido
DO05844;TE01726;NR-10;2024-09-08 00:00:00;Válido
DO05845;TE03095;Integração;2026-01-04 00:00:00;Válido
DO05846;TE00746;ASO;2025-07-26 00:00:00;Válido
DO05847;TE02217;NR-35;2026-01-01 00:00:00;Vencido
DO05848;TE01938;NR-10;2025-03-22 00:00:00;Válido
DO05849;TE01897;Integração;2024-07-06 00:00:00;Válido
DO05850;TE02472;NR-10;2024-04-14 00:00:00;Válido
DO05851;TE03178;Seguro;2025-05-27 00:00:00;Válido
DO05852;TE01391;NR-35;2026-02-10 00:00:00;Válido
DO05853;TE00903;Integração;2025-08-27 00:00:00;Válido
DO05854;TE00620;Integração;2026-04-10 00:00:00;Válido
DO05855;TE01768;ASO;2026-02-26 00:00:00;Válido
DO05856;TE00266;NR-10;2025-11-04 00:00:00;Válido
DO05857;TE01279;Seguro;2024-08-25 00:00:00;Vencido
DO05858;TE01850;NR-35;2024-09-14 00:00:00;Válido
DO05859;TE00657;Seguro;2025-04-25 00:00:00;Válido
DO05860;TE02637;Integração;2025-06-13 00:00:00;Válido
DO05861;TE03004;NR-35;2025-09-12 00:00:00;Pendente
DO05862;TE03028;ASO;2026-01-01 00:00:00;Pendente
DO05863;TE00255;Seguro;2025-07-06 00:00:00;Válido
DO05864;TE01738;NR-35;2024-07-06 00:00:00;Válido
DO05865;TE02036;ASO;2024-04-11 00:00:00;Válido
DO05866;TE01608;NR-10;2024-06-01 00:00:00;Válido
DO05867;TE01486;Integração;2026-03-28 00:00:00;Válido
DO05868;TE02688;NR-10;2025-05-24 00:00:00;Válido
DO05869;TE02082;NR-35;2025-11-25 00:00:00;Vencido
DO05870;TE00460;Integração;2025-02-03 00:00:00;Válido
DO05871;TE00374;NR-10;2025-02-03 00:00:00;Válido
DO05872;TE01635;Seguro;2024-01-02 00:00:00;Válido
DO05873;TE02042;NR-35;2026-04-11 00:00:00;Vencido
DO05874;TE00681;NR-10;2024-05-05 00:00:00;Válido
DO05875;TE02826;Integração;2024-02-07 00:00:00;Válido
DO05876;TE03109;ASO;2025-08-09 00:00:00;Válido
DO05877;TE00697;Integração;2026-05-28 00:00:00;Vencido
DO05878;TE02889;Seguro;2024-05-10 00:00:00;Vencido
DO05879;TE01853;NR-35;2024-03-20 00:00:00;Válido
DO05880;TE00447;Integração;2024-11-07 00:00:00;Válido
DO05881;TE02574;NR-10;2025-08-25 00:00:00;Vencido
DO05882;TE01147;ASO;2026-06-04 00:00:00;Válido
DO05883;TE00343;Seguro;2025-07-19 00:00:00;Pendente
DO05884;TE01795;Integração;2025-03-30 00:00:00;Pendente
DO05885;TE02084;ASO;2024-08-21 00:00:00;Vencido
DO05886;TE01030;Integração;2024-02-27 00:00:00;Válido
DO05887;TE01275;Integração;2026-04-10 00:00:00;Válido
DO05888;TE02004;Integração;2025-11-19 00:00:00;Válido
DO05889;TE01364;NR-35;2024-01-29 00:00:00;Válido
DO05890;TE02363;Seguro;2026-02-26 00:00:00;Válido
DO05891;TE02532;Seguro;2026-03-22 00:00:00;Válido
DO05892;TE01122;Integração;2024-10-16 00:00:00;Válido
DO05893;TE00249;NR-10;2025-01-31 00:00:00;Válido
DO05894;TE02804;NR-35;2024-06-10 00:00:00;Válido
DO05895;TE02008;ASO;2025-07-14 00:00:00;Pendente
DO05896;TE02616;Integração;2024-04-07 00:00:00;Válido
DO05897;TE03157;NR-10;2025-12-13 00:00:00;Válido
DO05898;TE00043;NR-35;2024-09-19 00:00:00;Válido
DO05899;TE01884;NR-10;2026-03-13 00:00:00;Válido
DO05900;TE01159;NR-10;2025-05-22 00:00:00;Válido
DO05901;TE00578;Seguro;2026-04-16 00:00:00;Válido
DO05902;TE02101;Seguro;2024-07-07 00:00:00;Válido
DO05903;TE03180;NR-35;2025-02-19 00:00:00;Válido
DO05904;TE00706;NR-35;2025-05-08 00:00:00;Válido
DO05905;TE02473;Integração;2024-06-14 00:00:00;Válido
DO05906;TE02883;Seguro;2024-10-01 00:00:00;Válido
DO05907;TE02499;NR-10;2025-12-20 00:00:00;Vencido
DO05908;TE01660;Seguro;2024-05-14 00:00:00;Válido
DO05909;TE00279;NR-10;2026-02-04 00:00:00;Válido
DO05910;TE02371;NR-10;2025-03-10 00:00:00;Válido
DO05911;TE00210;NR-10;2026-05-16 00:00:00;Vencido
DO05912;TE02216;ASO;2024-03-30 00:00:00;Válido
DO05913;TE00127;Integração;2025-10-06 00:00:00;Válido
DO05914;TE02186;ASO;2024-03-14 00:00:00;Válido
DO05915;TE00282;Seguro;2026-06-18 00:00:00;Válido
DO05916;TE00121;NR-35;2026-03-09 00:00:00;Válido
DO05917;TE00475;NR-35;2025-04-20 00:00:00;Vencido
DO05918;TE02691;ASO;2025-01-22 00:00:00;Válido
DO05919;TE00171;NR-10;2026-02-07 00:00:00;Válido
DO05920;TE00356;Seguro;2024-10-28 00:00:00;Válido
DO05921;TE01082;Seguro;2025-12-08 00:00:00;Vencido
DO05922;TE02265;Integração;2025-07-12 00:00:00;Válido
DO05923;TE00845;Seguro;2025-05-22 00:00:00;Válido
DO05924;TE00639;Integração;2025-07-20 00:00:00;Válido
DO05925;TE02314;Integração;2025-05-21 00:00:00;Válido
DO05926;TE00350;Integração;2024-01-29 00:00:00;Válido
DO05927;TE00952;Seguro;2026-02-15 00:00:00;Válido
DO05928;TE01102;NR-35;2025-04-09 00:00:00;Válido
DO05929;TE00432;Integração;2024-11-13 00:00:00;Válido
DO05930;TE01240;NR-10;2024-04-01 00:00:00;Válido
DO05931;TE01040;Integração;2024-08-19 00:00:00;Vencido
DO05932;TE03056;Seguro;2024-04-02 00:00:00;Válido
DO05933;TE00699;NR-10;2025-01-16 00:00:00;Válido
DO05934;TE00537;NR-10;2025-12-07 00:00:00;Válido
DO05935;TE00866;NR-10;2025-06-26 00:00:00;Válido
DO05936;TE01176;NR-10;2024-08-20 00:00:00;Válido
DO05937;TE02037;Seguro;2026-03-21 00:00:00;Válido
DO05938;TE02631;NR-10;2024-03-29 00:00:00;Válido
DO05939;TE01941;NR-35;2024-03-06 00:00:00;Válido
DO05940;TE00446;Seguro;2026-03-16 00:00:00;Válido
DO05941;TE01475;Seguro;2024-08-09 00:00:00;Válido
DO05942;TE02803;Seguro;2026-06-03 00:00:00;Pendente
DO05943;TE02399;NR-35;2024-10-08 00:00:00;Válido
DO05944;TE01470;NR-10;2024-08-03 00:00:00;Válido
DO05945;TE00753;ASO;2026-02-13 00:00:00;Válido
DO05946;TE01726;NR-35;2025-07-18 00:00:00;Válido
DO05947;TE00323;ASO;2024-06-11 00:00:00;Válido
DO05948;TE02022;Integração;2025-03-06 00:00:00;Pendente
DO05949;TE00295;NR-35;2024-01-08 00:00:00;Válido
DO05950;TE02265;ASO;2026-06-01 00:00:00;Vencido
DO05951;TE00936;NR-10;2026-04-28 00:00:00;Válido
DO05952;TE00031;Integração;2026-02-20 00:00:00;Válido
DO05953;TE00595;Seguro;2024-05-27 00:00:00;Vencido
DO05954;TE01456;Seguro;2024-08-10 00:00:00;Válido
DO05955;TE03032;Seguro;2024-09-17 00:00:00;Válido
DO05956;TE01043;Integração;2024-08-04 00:00:00;Válido
DO05957;TE01541;ASO;2024-07-02 00:00:00;Válido
DO05958;TE02125;Seguro;2025-01-12 00:00:00;Válido
DO05959;TE02525;Seguro;2026-05-14 00:00:00;Válido
DO05960;TE00998;ASO;2026-01-25 00:00:00;Válido
DO05961;TE01721;Seguro;2025-08-26 00:00:00;Válido
DO05962;TE00449;Seguro;2025-12-14 00:00:00;Pendente
DO05963;TE01642;NR-35;2024-08-14 00:00:00;Válido
DO05964;TE02559;ASO;2026-05-21 00:00:00;Vencido
DO05965;TE00677;NR-35;2026-04-10 00:00:00;Válido
DO05966;TE00160;Integração;2024-10-23 00:00:00;Válido
DO05967;TE01909;ASO;2024-05-26 00:00:00;Válido
DO05968;TE00118;Integração;2026-05-01 00:00:00;Válido
DO05969;TE02302;NR-10;2025-09-01 00:00:00;Pendente
DO05970;TE02664;NR-10;2024-10-05 00:00:00;Válido
DO05971;TE01194;NR-10;2024-09-20 00:00:00;Válido
DO05972;TE02873;NR-10;2025-09-12 00:00:00;Vencido
DO05973;TE03194;NR-10;2024-09-01 00:00:00;Válido
DO05974;TE02184;ASO;2024-10-29 00:00:00;Válido
DO05975;TE00901;NR-10;2025-05-25 00:00:00;Válido
DO05976;TE01467;Integração;2025-04-20 00:00:00;Válido
DO05977;TE00027;NR-10;2025-05-06 00:00:00;Válido
DO05978;TE00895;NR-35;2025-11-09 00:00:00;Válido
DO05979;TE00184;Integração;2024-08-22 00:00:00;Válido
DO05980;TE00784;NR-35;2026-06-16 00:00:00;Válido
DO05981;TE00792;ASO;2024-09-19 00:00:00;Válido
DO05982;TE01275;NR-10;2026-05-27 00:00:00;Válido
DO05983;TE01511;Integração;2025-03-21 00:00:00;Válido
DO05984;TE02436;NR-10;2024-12-12 00:00:00;Pendente
DO05985;TE02314;ASO;2024-02-23 00:00:00;Pendente
DO05986;TE02595;ASO;2024-06-29 00:00:00;Válido
DO05987;TE01581;ASO;2025-08-26 00:00:00;Válido
DO05988;TE00198;Integração;2026-01-17 00:00:00;Vencido
DO05989;TE00732;NR-35;2025-05-08 00:00:00;Válido
DO05990;TE02728;ASO;2026-04-07 00:00:00;Válido
DO05991;TE01824;ASO;2026-07-31 00:00:00;Válido
DO05992;TE01928;Seguro;2024-06-16 00:00:00;Válido
DO05993;TE00104;Seguro;2025-04-13 00:00:00;Válido
DO05994;TE01343;Integração;2026-03-30 00:00:00;Válido
DO05995;TE01637;Seguro;2024-06-09 00:00:00;Válido
DO05996;TE00719;NR-10;2025-09-05 00:00:00;Vencido
DO05997;TE00745;Integração;2024-11-21 00:00:00;Válido
DO05998;TE01309;Seguro;2025-06-17 00:00:00;Válido
DO05999;TE00969;NR-10;2026-01-09 00:00:00;Válido
DO06000;TE00761;NR-10;2024-11-07 00:00:00;Válido
DO06001;TE00977;NR-35;2025-02-24 00:00:00;Válido
DO06002;TE02621;Integração;2025-05-22 00:00:00;Válido
DO06003;TE02542;NR-35;2025-01-30 00:00:00;Vencido
DO06004;TE01596;NR-10;2024-08-08 00:00:00;Válido
DO06005;TE00610;Integração;2025-09-24 00:00:00;Válido
DO06006;TE02825;NR-35;2024-04-25 00:00:00;Válido
DO06007;TE02349;NR-35;2024-11-03 00:00:00;Válido
DO06008;TE00003;Integração;2026-02-14 00:00:00;Vencido
DO06009;TE02776;Integração;2025-03-06 00:00:00;Válido
DO06010;TE00204;Integração;2025-04-03 00:00:00;Válido
DO06011;TE03200;Seguro;2026-03-25 00:00:00;Válido
DO06012;TE03092;NR-35;2025-11-12 00:00:00;Válido
DO06013;TE03141;NR-10;2026-01-23 00:00:00;Válido
DO06014;TE02739;Seguro;2025-03-24 00:00:00;Válido
DO06015;TE00768;NR-35;2026-07-14 00:00:00;Válido
DO06016;TE02538;Integração;2025-01-10 00:00:00;Válido
DO06017;TE03195;NR-10;2024-12-11 00:00:00;Válido
DO06018;TE01762;NR-10;2025-08-03 00:00:00;Vencido
DO06019;TE01303;NR-10;2024-08-02 00:00:00;Válido
DO06020;TE01066;NR-35;2025-01-20 00:00:00;Vencido
DO06021;TE02786;Integração;2024-11-13 00:00:00;Válido
DO06022;TE01814;ASO;2025-03-30 00:00:00;Válido
DO06023;TE02264;Integração;2024-06-06 00:00:00;Válido
DO06024;TE03020;NR-35;2026-06-27 00:00:00;Válido
DO06025;TE00225;Integração;2024-07-04 00:00:00;Válido
DO06026;TE00757;NR-35;2025-07-30 00:00:00;Válido
DO06027;TE00872;Integração;2025-10-15 00:00:00;Vencido
DO06028;TE00353;Integração;2025-11-21 00:00:00;Válido
DO06029;TE01338;ASO;2025-09-05 00:00:00;Válido
DO06030;TE03166;Integração;2024-01-05 00:00:00;Vencido
DO06031;TE01740;ASO;2024-03-12 00:00:00;Válido
DO06032;TE01004;Seguro;2026-02-11 00:00:00;Válido
DO06033;TE01424;NR-35;2026-01-14 00:00:00;Válido
DO06034;TE00397;Seguro;2024-02-27 00:00:00;Válido
DO06035;TE01165;Seguro;2026-03-15 00:00:00;Válido
DO06036;TE02707;NR-35;2024-09-18 00:00:00;Válido
DO06037;TE02286;NR-10;2024-11-13 00:00:00;Pendente
DO06038;TE00078;Seguro;2025-03-14 00:00:00;Válido
DO06039;TE00742;NR-35;2024-04-17 00:00:00;Vencido
DO06040;TE02794;NR-35;2024-07-24 00:00:00;Válido
DO06041;TE02833;Seguro;2025-11-09 00:00:00;Válido
DO06042;TE00637;ASO;2024-11-24 00:00:00;Válido
DO06043;TE03164;Seguro;2025-11-01 00:00:00;Válido
DO06044;TE03167;NR-10;2025-11-25 00:00:00;Válido
DO06045;TE02044;NR-35;2024-12-19 00:00:00;Válido
DO06046;TE02130;ASO;2024-08-10 00:00:00;Válido
DO06047;TE01803;NR-10;2024-10-12 00:00:00;Válido
DO06048;TE01155;Integração;2026-05-15 00:00:00;Pendente
DO06049;TE00182;Seguro;2025-04-16 00:00:00;Válido
DO06050;TE01132;ASO;2024-11-26 00:00:00;Válido
DO06051;TE02296;NR-10;2025-04-09 00:00:00;Válido
DO06052;TE01760;NR-10;2025-10-26 00:00:00;Válido
DO06053;TE01531;NR-10;2025-03-05 00:00:00;Válido
DO06054;TE02347;Seguro;2025-06-22 00:00:00;Válido
DO06055;TE02488;ASO;2024-10-14 00:00:00;Válido
DO06056;TE01642;Integração;2024-01-21 00:00:00;Válido
DO06057;TE02496;Seguro;2024-06-04 00:00:00;Válido
DO06058;TE00670;NR-10;2024-10-25 00:00:00;Válido
DO06059;TE02936;NR-10;2024-08-23 00:00:00;Válido
DO06060;TE00166;NR-35;2025-12-25 00:00:00;Válido
DO06061;TE02593;ASO;2024-11-23 00:00:00;Válido
DO06062;TE01457;Integração;2025-01-23 00:00:00;Válido
DO06063;TE01970;Seguro;2025-02-21 00:00:00;Válido
DO06064;TE02183;NR-10;2024-11-22 00:00:00;Pendente
DO06065;TE02539;Seguro;2025-03-23 00:00:00;Válido
DO06066;TE00128;ASO;2025-07-08 00:00:00;Válido
DO06067;TE02991;Integração;2024-12-06 00:00:00;Válido
DO06068;TE00098;Seguro;2026-02-09 00:00:00;Válido
DO06069;TE00332;NR-10;2024-11-30 00:00:00;Válido
DO06070;TE03019;NR-10;2025-09-28 00:00:00;Válido
DO06071;TE02583;Integração;2025-05-27 00:00:00;Válido
DO06072;TE01566;NR-10;2025-12-09 00:00:00;Válido
DO06073;TE01938;NR-10;2026-07-31 00:00:00;Válido
DO06074;TE00496;NR-35;2026-07-11 00:00:00;Pendente
DO06075;TE00154;NR-35;2024-02-12 00:00:00;Válido
DO06076;TE02079;Seguro;2025-05-16 00:00:00;Válido
DO06077;TE02662;NR-35;2026-02-16 00:00:00;Válido
DO06078;TE02003;ASO;2024-05-16 00:00:00;Válido
DO06079;TE02867;NR-35;2024-02-04 00:00:00;Válido
DO06080;TE02729;ASO;2024-06-10 00:00:00;Vencido
DO06081;TE00878;NR-10;2025-01-30 00:00:00;Válido
DO06082;TE02858;Seguro;2025-07-13 00:00:00;Vencido
DO06083;TE02559;NR-10;2024-03-23 00:00:00;Válido
DO06084;TE00870;NR-10;2025-03-11 00:00:00;Válido
DO06085;TE00512;NR-10;2024-01-05 00:00:00;Válido
DO06086;TE01296;Seguro;2026-03-01 00:00:00;Válido
DO06087;TE02453;Seguro;2024-04-20 00:00:00;Válido
DO06088;TE02317;Seguro;2024-06-16 00:00:00;Válido
DO06089;TE02026;NR-10;2026-01-12 00:00:00;Válido
DO06090;TE00842;NR-35;2025-01-16 00:00:00;Vencido
DO06091;TE00651;ASO;2025-07-22 00:00:00;Válido
DO06092;TE03120;NR-35;2025-07-22 00:00:00;Válido
DO06093;TE02150;NR-35;2026-03-22 00:00:00;Válido
DO06094;TE01681;Seguro;2026-03-27 00:00:00;Válido
DO06095;TE03154;Seguro;2026-07-05 00:00:00;Válido
DO06096;TE02454;NR-35;2024-01-18 00:00:00;Vencido
DO06097;TE00143;Integração;2026-01-14 00:00:00;Válido
DO06098;TE00389;NR-35;2024-07-22 00:00:00;Válido
DO06099;TE00370;NR-35;2024-12-08 00:00:00;Vencido
DO06100;TE00180;NR-35;2025-12-31 00:00:00;Válido
DO06101;TE01945;NR-35;2024-01-18 00:00:00;Válido
DO06102;TE03194;ASO;2026-05-10 00:00:00;Válido
DO06103;TE00038;NR-10;2024-10-03 00:00:00;Válido
DO06104;TE02159;NR-35;2025-09-15 00:00:00;Válido
DO06105;TE01917;Integração;2024-03-10 00:00:00;Válido
DO06106;TE02193;NR-10;2025-10-10 00:00:00;Vencido
DO06107;TE01232;Seguro;2025-07-24 00:00:00;Válido
DO06108;TE03015;Integração;2025-01-12 00:00:00;Vencido
DO06109;TE00728;Integração;2026-05-05 00:00:00;Válido
DO06110;TE03158;NR-10;2024-02-19 00:00:00;Válido
DO06111;TE00085;ASO;2026-03-16 00:00:00;Válido
DO06112;TE02614;Seguro;2025-02-09 00:00:00;Válido
DO06113;TE03009;NR-35;2025-02-16 00:00:00;Válido
DO06114;TE02870;NR-10;2025-05-09 00:00:00;Válido
DO06115;TE03194;Seguro;2025-12-24 00:00:00;Vencido
DO06116;TE00776;Seguro;2024-10-26 00:00:00;Válido
DO06117;TE00219;Seguro;2024-09-19 00:00:00;Válido
DO06118;TE02627;Seguro;2024-06-18 00:00:00;Válido
DO06119;TE01314;ASO;2024-10-30 00:00:00;Válido
DO06120;TE01191;Seguro;2025-01-01 00:00:00;Válido
DO06121;TE00018;NR-35;2024-10-30 00:00:00;Válido
DO06122;TE01493;NR-35;2026-03-27 00:00:00;Vencido
DO06123;TE02231;ASO;2026-06-29 00:00:00;Válido
DO06124;TE03130;ASO;2025-09-23 00:00:00;Válido
DO06125;TE02383;Integração;2025-02-10 00:00:00;Pendente
DO06126;TE00362;Integração;2025-11-11 00:00:00;Válido
DO06127;TE01987;Seguro;2024-07-31 00:00:00;Válido
DO06128;TE01970;NR-35;2025-11-18 00:00:00;Válido
DO06129;TE03024;ASO;2024-05-09 00:00:00;Válido
DO06130;TE00753;Integração;2024-07-05 00:00:00;Válido
DO06131;TE01721;NR-10;2024-06-06 00:00:00;Válido
DO06132;TE00401;ASO;2024-10-17 00:00:00;Vencido
DO06133;TE00299;Seguro;2024-05-02 00:00:00;Válido
DO06134;TE00919;ASO;2025-04-26 00:00:00;Vencido
DO06135;TE02788;Integração;2025-05-08 00:00:00;Pendente
DO06136;TE00292;ASO;2024-01-30 00:00:00;Válido
DO06137;TE00520;ASO;2025-10-25 00:00:00;Válido
DO06138;TE00572;ASO;2025-08-05 00:00:00;Válido
DO06139;TE02193;ASO;2024-12-03 00:00:00;Pendente
DO06140;TE00030;Integração;2026-03-01 00:00:00;Válido
DO06141;TE00277;Integração;2026-06-27 00:00:00;Válido
DO06142;TE00290;NR-35;2024-11-14 00:00:00;Válido
DO06143;TE00349;ASO;2025-04-25 00:00:00;Válido
DO06144;TE02765;Seguro;2024-11-26 00:00:00;Válido
DO06145;TE01501;Integração;2025-01-23 00:00:00;Válido
DO06146;TE00428;Seguro;2024-10-02 00:00:00;Válido
DO06147;TE02283;Integração;2026-07-22 00:00:00;Pendente
DO06148;TE02383;ASO;2025-02-27 00:00:00;Válido
DO06149;TE02069;NR-10;2024-06-18 00:00:00;Válido
DO06150;TE00574;NR-35;2025-03-18 00:00:00;Válido
DO06151;TE02373;ASO;2024-02-19 00:00:00;Pendente
DO06152;TE02253;Seguro;2024-12-04 00:00:00;Válido
DO06153;TE01086;NR-35;2024-07-20 00:00:00;Válido
DO06154;TE01768;ASO;2025-04-05 00:00:00;Válido
DO06155;TE00648;ASO;2026-03-04 00:00:00;Válido
DO06156;TE00824;Seguro;2026-02-25 00:00:00;Válido
DO06157;TE02421;Integração;2024-12-28 00:00:00;Válido
DO06158;TE01361;NR-35;2024-11-25 00:00:00;Pendente
DO06159;TE02039;ASO;2024-01-12 00:00:00;Vencido
DO06160;TE03125;ASO;2026-05-05 00:00:00;Válido
DO06161;TE02655;ASO;2024-06-16 00:00:00;Válido
DO06162;TE01408;NR-10;2026-04-30 00:00:00;Válido
DO06163;TE02634;NR-10;2024-08-02 00:00:00;Válido
DO06164;TE01557;NR-10;2026-02-01 00:00:00;Válido
DO06165;TE00431;Seguro;2026-05-10 00:00:00;Válido
DO06166;TE00782;ASO;2026-05-14 00:00:00;Válido
DO06167;TE02214;Integração;2025-09-04 00:00:00;Válido
DO06168;TE02584;Seguro;2025-05-02 00:00:00;Válido
DO06169;TE02621;Integração;2026-05-27 00:00:00;Válido
DO06170;TE00583;Integração;2025-02-08 00:00:00;Válido
DO06171;TE00170;ASO;2026-07-24 00:00:00;Válido
DO06172;TE03179;Integração;2025-10-12 00:00:00;Válido
DO06173;TE01470;Seguro;2025-12-17 00:00:00;Pendente
DO06174;TE02027;NR-10;2025-05-03 00:00:00;Válido
DO06175;TE00202;Integração;2024-03-04 00:00:00;Válido
DO06176;TE02719;ASO;2025-09-01 00:00:00;Válido
DO06177;TE00030;ASO;2025-05-08 00:00:00;Válido
DO06178;TE01922;Seguro;2025-03-18 00:00:00;Válido
DO06179;TE01238;Integração;2024-05-15 00:00:00;Válido
DO06180;TE01542;NR-35;2025-12-30 00:00:00;Válido
DO06181;TE01647;Integração;2024-03-06 00:00:00;Pendente
DO06182;TE02295;Seguro;2024-11-01 00:00:00;Válido
DO06183;TE01815;Seguro;2024-06-10 00:00:00;Vencido
DO06184;TE01362;NR-35;2026-01-27 00:00:00;Válido
DO06185;TE02870;Integração;2026-02-27 00:00:00;Válido
DO06186;TE00600;Integração;2025-01-19 00:00:00;Válido
DO06187;TE00985;Integração;2024-06-22 00:00:00;Válido
DO06188;TE02124;NR-10;2024-05-25 00:00:00;Válido
DO06189;TE00963;NR-10;2024-01-14 00:00:00;Válido
DO06190;TE02260;NR-35;2025-07-16 00:00:00;Válido
DO06191;TE01430;Integração;2024-03-14 00:00:00;Válido
DO06192;TE00134;Integração;2025-01-03 00:00:00;Vencido
DO06193;TE00502;Seguro;2024-03-24 00:00:00;Vencido
DO06194;TE00825;Seguro;2024-05-28 00:00:00;Válido
DO06195;TE03019;NR-35;2024-05-04 00:00:00;Válido
DO06196;TE01235;Seguro;2025-07-21 00:00:00;Pendente
DO06197;TE01768;Integração;2026-02-21 00:00:00;Vencido
DO06198;TE01089;NR-35;2026-03-06 00:00:00;Válido
DO06199;TE00246;NR-10;2024-11-25 00:00:00;Pendente
DO06200;TE02420;Seguro;2026-03-23 00:00:00;Válido
DO06201;TE01896;ASO;2026-05-30 00:00:00;Pendente
DO06202;TE02146;NR-35;2024-07-22 00:00:00;Válido
DO06203;TE02137;NR-10;2025-10-01 00:00:00;Válido
DO06204;TE01118;NR-35;2024-01-14 00:00:00;Válido
DO06205;TE02267;NR-35;2024-02-17 00:00:00;Válido
DO06206;TE00408;NR-35;2025-05-28 00:00:00;Válido
DO06207;TE02297;NR-35;2024-01-21 00:00:00;Válido
DO06208;TE00792;Integração;2025-12-07 00:00:00;Válido
DO06209;TE00496;ASO;2024-07-14 00:00:00;Válido
DO06210;TE01650;ASO;2025-09-22 00:00:00;Válido
DO06211;TE02839;NR-35;2026-03-23 00:00:00;Válido
DO06212;TE02887;Seguro;2025-10-14 00:00:00;Válido
DO06213;TE02357;NR-10;2024-09-12 00:00:00;Válido
DO06214;TE00193;Seguro;2024-10-17 00:00:00;Válido
DO06215;TE00768;NR-35;2025-11-20 00:00:00;Válido
DO06216;TE03196;NR-10;2025-07-28 00:00:00;Válido
DO06217;TE02241;ASO;2024-08-07 00:00:00;Válido
DO06218;TE00388;NR-10;2025-12-14 00:00:00;Válido
DO06219;TE02749;NR-35;2024-07-01 00:00:00;Válido
DO06220;TE00932;Seguro;2025-05-06 00:00:00;Vencido
DO06221;TE03196;ASO;2024-05-13 00:00:00;Válido
DO06222;TE03061;Seguro;2025-07-25 00:00:00;Válido
DO06223;TE02614;NR-10;2025-09-20 00:00:00;Válido
DO06224;TE01891;NR-35;2026-07-15 00:00:00;Válido
DO06225;TE01168;Seguro;2025-08-16 00:00:00;Válido
DO06226;TE03076;Integração;2026-02-19 00:00:00;Vencido
DO06227;TE01058;NR-10;2025-06-21 00:00:00;Válido
DO06228;TE01199;Seguro;2025-07-11 00:00:00;Válido
DO06229;TE00642;NR-35;2025-11-30 00:00:00;Válido
DO06230;TE02769;NR-10;2024-08-14 00:00:00;Vencido
DO06231;TE02760;Seguro;2024-10-10 00:00:00;Pendente
DO06232;TE01823;ASO;2026-06-30 00:00:00;Válido
DO06233;TE03091;Integração;2025-01-07 00:00:00;Válido
DO06234;TE01960;Integração;2024-08-16 00:00:00;Válido
DO06235;TE01032;NR-10;2024-02-25 00:00:00;Válido
DO06236;TE03100;ASO;2024-03-11 00:00:00;Válido
DO06237;TE00810;ASO;2025-08-22 00:00:00;Válido
DO06238;TE01212;Integração;2025-06-04 00:00:00;Válido
DO06239;TE02833;NR-10;2025-10-01 00:00:00;Válido
DO06240;TE02956;NR-10;2024-06-01 00:00:00;Válido
DO06241;TE03198;NR-35;2024-03-16 00:00:00;Válido
DO06242;TE02701;Seguro;2024-04-23 00:00:00;Válido
DO06243;TE02494;Integração;2024-07-24 00:00:00;Válido
DO06244;TE00651;NR-35;2026-02-22 00:00:00;Válido
DO06245;TE02968;NR-10;2026-02-18 00:00:00;Válido
DO06246;TE02614;NR-35;2026-01-23 00:00:00;Válido
DO06247;TE00144;Integração;2024-12-08 00:00:00;Válido
DO06248;TE01023;ASO;2024-11-26 00:00:00;Pendente
DO06249;TE00579;NR-10;2024-01-13 00:00:00;Válido
DO06250;TE01755;NR-10;2024-08-16 00:00:00;Válido
DO06251;TE00248;NR-10;2025-11-26 00:00:00;Válido
DO06252;TE00197;Integração;2025-09-08 00:00:00;Válido
DO06253;TE01867;NR-35;2024-10-16 00:00:00;Válido
DO06254;TE02170;Seguro;2024-09-10 00:00:00;Válido
DO06255;TE01357;NR-35;2024-06-18 00:00:00;Pendente
DO06256;TE02977;ASO;2024-05-12 00:00:00;Válido
DO06257;TE02336;ASO;2025-02-27 00:00:00;Pendente
DO06258;TE02023;Integração;2024-04-29 00:00:00;Válido
DO06259;TE00649;NR-35;2026-01-08 00:00:00;Válido
DO06260;TE03179;NR-35;2025-01-23 00:00:00;Válido
DO06261;TE03052;ASO;2025-02-17 00:00:00;Válido
DO06262;TE02265;Seguro;2026-06-18 00:00:00;Válido
DO06263;TE00058;ASO;2026-06-19 00:00:00;Válido
DO06264;TE00506;Integração;2024-12-01 00:00:00;Válido
DO06265;TE00747;NR-35;2026-04-23 00:00:00;Válido
DO06266;TE02856;Integração;2024-12-05 00:00:00;Válido
DO06267;TE02503;Seguro;2025-05-23 00:00:00;Válido
DO06268;TE00201;ASO;2025-08-27 00:00:00;Válido
DO06269;TE00217;NR-10;2025-05-12 00:00:00;Válido
DO06270;TE00641;Seguro;2025-11-24 00:00:00;Válido
DO06271;TE01985;Integração;2024-10-30 00:00:00;Válido
DO06272;TE01355;NR-10;2025-01-27 00:00:00;Válido
DO06273;TE00626;Integração;2025-05-18 00:00:00;Vencido
DO06274;TE00725;NR-10;2024-07-19 00:00:00;Válido
DO06275;TE00924;Integração;2025-02-20 00:00:00;Vencido
DO06276;TE03102;Seguro;2024-12-01 00:00:00;Válido
DO06277;TE02311;NR-10;2025-02-22 00:00:00;Válido
DO06278;TE00388;ASO;2025-07-18 00:00:00;Válido
DO06279;TE01850;NR-10;2024-01-04 00:00:00;Válido
DO06280;TE01041;NR-10;2025-09-10 00:00:00;Pendente
DO06281;TE02981;ASO;2025-01-13 00:00:00;Válido
DO06282;TE02327;NR-10;2025-04-22 00:00:00;Válido
DO06283;TE02355;NR-10;2026-05-16 00:00:00;Válido
DO06284;TE02750;Integração;2025-09-18 00:00:00;Válido
DO06285;TE01657;Integração;2024-05-04 00:00:00;Válido
DO06286;TE00864;NR-10;2024-10-08 00:00:00;Vencido
DO06287;TE01290;Integração;2024-09-21 00:00:00;Válido
DO06288;TE01790;ASO;2025-08-26 00:00:00;Válido
DO06289;TE02307;ASO;2024-03-31 00:00:00;Válido
DO06290;TE01509;NR-10;2026-02-28 00:00:00;Válido
DO06291;TE02244;Seguro;2024-02-13 00:00:00;Válido
DO06292;TE01454;NR-35;2024-02-08 00:00:00;Vencido
DO06293;TE00833;NR-10;2024-02-12 00:00:00;Válido
DO06294;TE00329;NR-35;2025-04-29 00:00:00;Válido
DO06295;TE02468;Seguro;2024-01-17 00:00:00;Pendente
DO06296;TE01340;Seguro;2024-01-03 00:00:00;Válido
DO06297;TE00126;Integração;2024-02-04 00:00:00;Pendente
DO06298;TE00140;Seguro;2025-05-07 00:00:00;Válido
DO06299;TE00941;NR-35;2026-01-25 00:00:00;Válido
DO06300;TE02134;Integração;2026-07-04 00:00:00;Válido
DO06301;TE02303;ASO;2024-09-13 00:00:00;Válido
DO06302;TE02467;Integração;2025-01-18 00:00:00;Válido
DO06303;TE02186;NR-10;2026-07-16 00:00:00;Válido
DO06304;TE00058;ASO;2025-07-18 00:00:00;Válido
DO06305;TE00928;NR-35;2025-01-23 00:00:00;Válido
DO06306;TE02060;NR-10;2025-03-24 00:00:00;Válido
DO06307;TE00581;NR-10;2025-09-18 00:00:00;Válido
DO06308;TE01942;Seguro;2025-02-04 00:00:00;Válido
DO06309;TE01315;Seguro;2025-12-29 00:00:00;Válido
DO06310;TE02869;NR-35;2024-04-03 00:00:00;Válido
DO06311;TE02410;Integração;2026-01-16 00:00:00;Válido
DO06312;TE01494;NR-35;2025-05-15 00:00:00;Válido
DO06313;TE01206;NR-35;2024-02-21 00:00:00;Válido
DO06314;TE00283;Integração;2026-03-13 00:00:00;Válido
DO06315;TE01244;Integração;2025-12-13 00:00:00;Válido
DO06316;TE00735;NR-10;2024-06-10 00:00:00;Válido
DO06317;TE00189;Integração;2025-08-18 00:00:00;Válido
DO06318;TE02767;Seguro;2024-09-01 00:00:00;Válido
DO06319;TE01246;Seguro;2024-10-14 00:00:00;Válido
DO06320;TE00743;Seguro;2024-04-13 00:00:00;Pendente
DO06321;TE03011;NR-10;2025-05-15 00:00:00;Válido
DO06322;TE01507;NR-10;2024-05-26 00:00:00;Válido
DO06323;TE02451;Integração;2026-06-17 00:00:00;Válido
DO06324;TE00037;ASO;2025-11-06 00:00:00;Válido
DO06325;TE02605;Integração;2025-09-21 00:00:00;Válido
DO06326;TE00947;Seguro;2024-11-21 00:00:00;Válido
DO06327;TE02671;Seguro;2025-02-17 00:00:00;Válido
DO06328;TE00122;Seguro;2025-03-20 00:00:00;Válido
DO06329;TE01174;NR-35;2024-08-31 00:00:00;Válido
DO06330;TE00837;ASO;2025-08-31 00:00:00;Válido
DO06331;TE02207;NR-35;2026-02-09 00:00:00;Válido
DO06332;TE01769;ASO;2025-11-19 00:00:00;Válido
DO06333;TE01602;ASO;2024-07-30 00:00:00;Válido
DO06334;TE01421;ASO;2024-12-19 00:00:00;Válido
DO06335;TE01291;ASO;2026-02-04 00:00:00;Válido
DO06336;TE00749;NR-35;2026-07-06 00:00:00;Válido
DO06337;TE01194;NR-10;2026-01-22 00:00:00;Válido
DO06338;TE01217;NR-10;2024-07-29 00:00:00;Válido
DO06339;TE02147;NR-10;2025-08-03 00:00:00;Válido
DO06340;TE02788;Seguro;2024-02-02 00:00:00;Válido
DO06341;TE01012;NR-10;2025-03-05 00:00:00;Válido
DO06342;TE00499;NR-35;2024-06-22 00:00:00;Vencido
DO06343;TE02396;Integração;2025-04-23 00:00:00;Válido
DO06344;TE01394;ASO;2025-09-30 00:00:00;Válido
DO06345;TE03005;NR-10;2026-02-11 00:00:00;Válido
DO06346;TE02795;ASO;2025-01-02 00:00:00;Válido
DO06347;TE00212;Seguro;2025-09-16 00:00:00;Válido
DO06348;TE01074;ASO;2025-08-07 00:00:00;Válido
DO06349;TE00120;NR-35;2024-02-12 00:00:00;Válido
DO06350;TE01081;NR-10;2025-05-20 00:00:00;Válido
DO06351;TE02541;Seguro;2025-12-12 00:00:00;Válido
DO06352;TE00514;Seguro;2024-07-16 00:00:00;Válido
DO06353;TE02070;NR-10;2024-08-02 00:00:00;Válido
DO06354;TE00370;NR-10;2025-12-04 00:00:00;Válido
DO06355;TE02835;NR-35;2024-11-16 00:00:00;Válido
DO06356;TE01783;Seguro;2026-01-19 00:00:00;Válido
DO06357;TE00031;Integração;2024-12-02 00:00:00;Válido
DO06358;TE02491;NR-35;2024-03-14 00:00:00;Válido
DO06359;TE00422;NR-10;2026-02-17 00:00:00;Válido
DO06360;TE01368;ASO;2025-05-11 00:00:00;Válido
DO06361;TE01253;NR-35;2025-09-13 00:00:00;Válido
DO06362;TE00932;Seguro;2025-04-21 00:00:00;Vencido
DO06363;TE02739;NR-10;2026-02-20 00:00:00;Válido
DO06364;TE01774;NR-10;2024-09-18 00:00:00;Válido
DO06365;TE00327;Integração;2025-10-19 00:00:00;Válido
DO06366;TE02655;NR-35;2024-06-22 00:00:00;Válido
DO06367;TE00937;NR-10;2024-08-08 00:00:00;Vencido
DO06368;TE01401;Seguro;2025-04-16 00:00:00;Válido
DO06369;TE01194;NR-35;2024-12-09 00:00:00;Válido
DO06370;TE02002;ASO;2026-03-19 00:00:00;Vencido
DO06371;TE01034;NR-35;2025-08-12 00:00:00;Válido
DO06372;TE01890;ASO;2024-08-20 00:00:00;Válido
DO06373;TE02242;Integração;2026-05-31 00:00:00;Válido
DO06374;TE00508;Integração;2025-01-02 00:00:00;Válido
DO06375;TE03190;NR-10;2026-04-29 00:00:00;Válido
DO06376;TE02378;ASO;2025-07-18 00:00:00;Válido
DO06377;TE01038;ASO;2026-01-07 00:00:00;Válido
DO06378;TE02834;Seguro;2026-04-13 00:00:00;Válido
DO06379;TE00119;ASO;2025-03-01 00:00:00;Válido
DO06380;TE02115;Integração;2024-03-27 00:00:00;Válido
DO06381;TE03192;ASO;2026-01-15 00:00:00;Válido
DO06382;TE01003;ASO;2024-03-28 00:00:00;Válido
DO06383;TE00176;Seguro;2025-06-12 00:00:00;Válido
DO06384;TE00624;Integração;2025-11-27 00:00:00;Válido
DO06385;TE02866;Integração;2026-07-11 00:00:00;Válido
DO06386;TE02689;Integração;2024-03-13 00:00:00;Pendente
DO06387;TE01227;NR-35;2024-09-24 00:00:00;Pendente
DO06388;TE02335;ASO;2026-07-22 00:00:00;Pendente
DO06389;TE02307;Seguro;2024-03-12 00:00:00;Pendente
DO06390;TE00287;NR-10;2025-12-17 00:00:00;Válido
DO06391;TE00421;Seguro;2024-04-13 00:00:00;Válido
DO06392;TE03151;ASO;2025-06-18 00:00:00;Válido
DO06393;TE00287;NR-35;2025-07-17 00:00:00;Válido
DO06394;TE02794;ASO;2024-01-03 00:00:00;Válido
DO06395;TE00154;NR-10;2024-05-26 00:00:00;Válido
DO06396;TE02732;NR-10;2025-08-29 00:00:00;Válido
DO06397;TE02386;NR-35;2025-10-27 00:00:00;Válido
DO06398;TE02337;NR-35;2025-01-08 00:00:00;Vencido
DO06399;TE00926;ASO;2024-02-09 00:00:00;Válido
DO06400;TE00184;ASO;2025-05-02 00:00:00;Válido
DO06401;TE02638;ASO;2024-03-12 00:00:00;Válido
DO06402;TE00067;NR-10;2026-03-11 00:00:00;Pendente
DO06403;TE02829;NR-35;2026-06-03 00:00:00;Válido
DO06404;TE00565;NR-35;2026-04-16 00:00:00;Vencido
DO06405;TE00029;NR-10;2026-02-10 00:00:00;Válido
DO06406;TE02552;ASO;2025-03-21 00:00:00;Válido
DO06407;TE01503;ASO;2026-02-26 00:00:00;Vencido
DO06408;TE00825;NR-35;2024-01-06 00:00:00;Válido
DO06409;TE01032;Seguro;2025-03-01 00:00:00;Válido
DO06410;TE01961;Integração;2025-10-02 00:00:00;Válido
DO06411;TE01681;NR-35;2024-01-27 00:00:00;Vencido
DO06412;TE02148;Seguro;2024-10-01 00:00:00;Válido
DO06413;TE01036;NR-35;2025-11-27 00:00:00;Válido
DO06414;TE00638;NR-10;2024-12-20 00:00:00;Vencido
DO06415;TE02298;NR-35;2026-01-28 00:00:00;Válido
DO06416;TE00517;Integração;2026-05-28 00:00:00;Válido
DO06417;TE03196;NR-10;2025-06-25 00:00:00;Vencido
DO06418;TE03034;Seguro;2024-12-29 00:00:00;Pendente
DO06419;TE01553;NR-35;2024-06-20 00:00:00;Válido
DO06420;TE03065;Integração;2025-05-28 00:00:00;Vencido
DO06421;TE03137;ASO;2024-02-26 00:00:00;Válido
DO06422;TE00474;Integração;2025-04-08 00:00:00;Válido
DO06423;TE00325;NR-35;2025-08-03 00:00:00;Válido
DO06424;TE01727;NR-10;2024-01-16 00:00:00;Válido
DO06425;TE01627;NR-10;2024-02-25 00:00:00;Válido
DO06426;TE02416;Seguro;2024-09-03 00:00:00;Válido
DO06427;TE00358;NR-10;2025-04-06 00:00:00;Válido
DO06428;TE02633;Seguro;2026-04-26 00:00:00;Pendente
DO06429;TE03088;NR-10;2024-05-23 00:00:00;Válido
DO06430;TE00415;Seguro;2025-04-07 00:00:00;Pendente
DO06431;TE02170;NR-10;2026-01-11 00:00:00;Pendente
DO06432;TE01189;Integração;2024-01-05 00:00:00;Válido
DO06433;TE01835;Integração;2024-05-14 00:00:00;Válido
DO06434;TE00013;NR-10;2024-03-25 00:00:00;Válido
DO06435;TE01457;NR-35;2025-03-24 00:00:00;Vencido
DO06436;TE02812;NR-35;2025-06-22 00:00:00;Válido
DO06437;TE01298;NR-35;2026-03-22 00:00:00;Válido
DO06438;TE02308;NR-35;2026-07-20 00:00:00;Válido
DO06439;TE02411;NR-35;2025-12-04 00:00:00;Válido
DO06440;TE02580;Integração;2024-07-25 00:00:00;Válido
DO06441;TE02077;Seguro;2024-04-29 00:00:00;Válido
DO06442;TE01524;Integração;2025-10-14 00:00:00;Vencido
DO06443;TE02625;Seguro;2025-07-17 00:00:00;Válido
DO06444;TE02340;ASO;2024-10-12 00:00:00;Válido
DO06445;TE01184;Seguro;2026-04-11 00:00:00;Válido
DO06446;TE02296;ASO;2026-05-23 00:00:00;Válido
DO06447;TE00522;ASO;2024-11-05 00:00:00;Válido
DO06448;TE00664;Integração;2024-09-20 00:00:00;Válido
DO06449;TE01422;Seguro;2026-06-04 00:00:00;Válido
DO06450;TE02841;ASO;2024-05-03 00:00:00;Válido
DO06451;TE01198;NR-10;2024-11-18 00:00:00;Válido
DO06452;TE00809;NR-35;2025-04-11 00:00:00;Vencido
DO06453;TE00454;Seguro;2026-07-03 00:00:00;Válido
DO06454;TE02803;Seguro;2025-05-23 00:00:00;Válido
DO06455;TE02474;Seguro;2025-12-25 00:00:00;Válido
DO06456;TE00579;NR-10;2024-05-17 00:00:00;Válido
DO06457;TE00472;Integração;2025-08-21 00:00:00;Válido
DO06458;TE01527;NR-10;2024-07-28 00:00:00;Válido
DO06459;TE02819;NR-10;2026-01-08 00:00:00;Válido
DO06460;TE00375;ASO;2025-05-21 00:00:00;Válido
DO06461;TE01104;ASO;2025-12-06 00:00:00;Válido
DO06462;TE00583;Seguro;2024-10-30 00:00:00;Válido
DO06463;TE01077;ASO;2025-03-17 00:00:00;Válido
DO06464;TE02787;NR-35;2024-01-17 00:00:00;Válido
DO06465;TE00342;NR-35;2025-07-27 00:00:00;Válido
DO06466;TE02589;Integração;2026-07-25 00:00:00;Válido
DO06467;TE01060;NR-10;2025-12-30 00:00:00;Válido
DO06468;TE02190;NR-10;2026-07-19 00:00:00;Válido
DO06469;TE02764;NR-10;2026-04-08 00:00:00;Válido
DO06470;TE01937;ASO;2024-06-15 00:00:00;Vencido
DO06471;TE02537;NR-10;2026-03-08 00:00:00;Vencido
DO06472;TE02386;Integração;2024-07-21 00:00:00;Pendente
DO06473;TE00692;NR-10;2026-07-23 00:00:00;Válido
DO06474;TE02273;ASO;2025-11-26 00:00:00;Válido
DO06475;TE00473;NR-35;2024-06-18 00:00:00;Válido
DO06476;TE00306;ASO;2024-01-29 00:00:00;Válido
DO06477;TE02807;Seguro;2024-01-07 00:00:00;Pendente
DO06478;TE01826;Seguro;2025-07-09 00:00:00;Válido
DO06479;TE00568;ASO;2024-04-23 00:00:00;Válido
DO06480;TE00988;NR-10;2024-05-25 00:00:00;Válido
DO06481;TE03123;NR-10;2025-06-11 00:00:00;Válido
DO06482;TE01381;NR-10;2024-11-23 00:00:00;Válido
DO06483;TE02220;Integração;2025-08-08 00:00:00;Válido
DO06484;TE02235;ASO;2026-04-21 00:00:00;Válido
DO06485;TE00380;NR-10;2025-04-24 00:00:00;Pendente
DO06486;TE01829;ASO;2026-04-10 00:00:00;Válido
DO06487;TE01550;Seguro;2025-08-05 00:00:00;Válido
DO06488;TE00297;Integração;2026-01-27 00:00:00;Válido
DO06489;TE02446;ASO;2024-10-14 00:00:00;Válido
DO06490;TE02096;ASO;2024-03-01 00:00:00;Pendente
DO06491;TE01562;Seguro;2024-03-18 00:00:00;Válido
DO06492;TE01884;Integração;2025-01-25 00:00:00;Válido
DO06493;TE02409;ASO;2024-07-24 00:00:00;Válido
DO06494;TE01088;NR-35;2026-07-27 00:00:00;Válido
DO06495;TE00779;Integração;2024-09-11 00:00:00;Válido
DO06496;TE00941;ASO;2025-04-08 00:00:00;Válido
DO06497;TE02690;Seguro;2025-10-01 00:00:00;Válido
DO06498;TE00625;NR-10;2025-07-16 00:00:00;Vencido
DO06499;TE01539;ASO;2024-10-15 00:00:00;Válido
DO06500;TE01845;Seguro;2024-05-10 00:00:00;Válido
DO06501;TE00880;ASO;2025-10-27 00:00:00;Válido
DO06502;TE01203;NR-35;2026-01-14 00:00:00;Pendente
DO06503;TE00597;ASO;2024-07-02 00:00:00;Válido
DO06504;TE00535;Seguro;2025-08-21 00:00:00;Pendente
DO06505;TE02981;ASO;2024-09-10 00:00:00;Válido
DO06506;TE00185;Integração;2024-06-03 00:00:00;Válido
DO06507;TE02259;NR-10;2024-04-19 00:00:00;Vencido
DO06508;TE00378;NR-35;2025-08-12 00:00:00;Pendente
DO06509;TE00276;ASO;2025-02-11 00:00:00;Válido
DO06510;TE00077;Integração;2026-03-24 00:00:00;Válido
DO06511;TE03177;Integração;2025-12-10 00:00:00;Válido
DO06512;TE01939;NR-35;2025-12-06 00:00:00;Válido
DO06513;TE01913;NR-35;2026-07-12 00:00:00;Válido
DO06514;TE02419;Seguro;2025-05-27 00:00:00;Vencido
DO06515;TE02989;NR-35;2024-11-20 00:00:00;Pendente
DO06516;TE02300;NR-35;2024-10-05 00:00:00;Válido
DO06517;TE01578;NR-10;2024-03-21 00:00:00;Válido
DO06518;TE02451;Integração;2025-08-27 00:00:00;Válido
DO06519;TE02892;Seguro;2024-03-13 00:00:00;Válido
DO06520;TE01078;NR-35;2024-08-05 00:00:00;Válido
DO06521;TE03133;Integração;2025-11-14 00:00:00;Válido
DO06522;TE01813;NR-10;2025-07-19 00:00:00;Válido
DO06523;TE01345;Integração;2025-02-14 00:00:00;Válido
DO06524;TE00475;NR-35;2025-08-15 00:00:00;Pendente
DO06525;TE02798;ASO;2026-04-26 00:00:00;Válido
DO06526;TE01598;ASO;2025-10-21 00:00:00;Válido
DO06527;TE02023;Integração;2025-04-15 00:00:00;Válido
DO06528;TE03109;Seguro;2026-03-10 00:00:00;Vencido
DO06529;TE00126;Seguro;2025-06-27 00:00:00;Válido
DO06530;TE00502;NR-35;2025-04-08 00:00:00;Válido
DO06531;TE02526;Integração;2026-03-19 00:00:00;Válido
DO06532;TE01500;NR-10;2024-03-29 00:00:00;Válido
DO06533;TE02522;Seguro;2025-07-27 00:00:00;Válido
DO06534;TE00112;NR-10;2024-03-29 00:00:00;Válido
DO06535;TE02277;Seguro;2025-07-06 00:00:00;Vencido
DO06536;TE02034;NR-35;2025-05-03 00:00:00;Válido
DO06537;TE01639;NR-35;2024-10-12 00:00:00;Válido
DO06538;TE00747;ASO;2025-12-11 00:00:00;Vencido
DO06539;TE01384;Seguro;2025-12-04 00:00:00;Válido
DO06540;TE02743;Seguro;2025-04-11 00:00:00;Pendente
DO06541;TE01929;Integração;2025-05-12 00:00:00;Vencido
DO06542;TE02191;NR-10;2024-12-22 00:00:00;Vencido
DO06543;TE02722;Seguro;2026-01-26 00:00:00;Válido
DO06544;TE02744;Seguro;2024-12-30 00:00:00;Válido
DO06545;TE00249;Integração;2024-10-10 00:00:00;Válido
DO06546;TE01992;Integração;2024-03-30 00:00:00;Vencido
DO06547;TE02306;ASO;2025-11-24 00:00:00;Válido
DO06548;TE00634;NR-35;2026-07-19 00:00:00;Válido
DO06549;TE02975;NR-10;2025-07-08 00:00:00;Válido
DO06550;TE00477;Seguro;2024-05-20 00:00:00;Válido
DO06551;TE00375;NR-10;2025-01-08 00:00:00;Válido
DO06552;TE02074;Seguro;2025-02-22 00:00:00;Válido
DO06553;TE00091;NR-35;2025-07-16 00:00:00;Válido
DO06554;TE02613;NR-35;2025-11-03 00:00:00;Válido
DO06555;TE02247;NR-35;2026-01-27 00:00:00;Válido
DO06556;TE00577;NR-10;2026-04-30 00:00:00;Válido
DO06557;TE00781;NR-35;2024-03-06 00:00:00;Válido
DO06558;TE01591;NR-35;2025-09-28 00:00:00;Válido
DO06559;TE00926;ASO;2025-01-20 00:00:00;Válido
DO06560;TE00845;NR-10;2024-06-30 00:00:00;Válido
DO06561;TE00463;Seguro;2025-10-22 00:00:00;Pendente
DO06562;TE00004;ASO;2024-09-26 00:00:00;Válido
DO06563;TE00993;Seguro;2025-09-17 00:00:00;Vencido
DO06564;TE02216;NR-10;2026-02-04 00:00:00;Válido
DO06565;TE02361;Seguro;2024-05-15 00:00:00;Válido
DO06566;TE02708;ASO;2024-02-07 00:00:00;Válido
DO06567;TE00264;Integração;2024-07-18 00:00:00;Pendente
DO06568;TE02638;Seguro;2024-06-18 00:00:00;Válido
DO06569;TE02014;ASO;2025-10-08 00:00:00;Válido
DO06570;TE00194;Seguro;2026-07-10 00:00:00;Válido
DO06571;TE00149;ASO;2024-11-27 00:00:00;Válido
DO06572;TE00018;Seguro;2024-08-15 00:00:00;Válido
DO06573;TE01775;Seguro;2024-03-23 00:00:00;Válido
DO06574;TE01826;ASO;2024-07-22 00:00:00;Válido
DO06575;TE02561;Integração;2024-11-03 00:00:00;Válido
DO06576;TE02070;NR-35;2025-05-28 00:00:00;Válido
DO06577;TE00487;Integração;2026-05-27 00:00:00;Válido
DO06578;TE00993;Seguro;2024-03-03 00:00:00;Válido
DO06579;TE02841;ASO;2025-04-14 00:00:00;Válido
DO06580;TE00003;NR-35;2024-06-28 00:00:00;Válido
DO06581;TE01473;ASO;2025-07-31 00:00:00;Válido
DO06582;TE03089;ASO;2025-07-06 00:00:00;Válido
DO06583;TE03193;Integração;2026-07-31 00:00:00;Válido
DO06584;TE00146;NR-10;2025-07-06 00:00:00;Válido
DO06585;TE01913;NR-10;2025-11-16 00:00:00;Vencido
DO06586;TE02630;Integração;2025-03-27 00:00:00;Válido
DO06587;TE01098;NR-10;2024-08-16 00:00:00;Válido
DO06588;TE01552;NR-10;2024-05-22 00:00:00;Válido
DO06589;TE01314;NR-35;2024-02-22 00:00:00;Válido
DO06590;TE00855;Seguro;2026-05-24 00:00:00;Pendente
DO06591;TE00089;Integração;2024-10-04 00:00:00;Válido
DO06592;TE02466;Integração;2026-04-03 00:00:00;Válido
DO06593;TE02880;NR-10;2024-12-26 00:00:00;Válido
DO06594;TE01807;Seguro;2024-09-15 00:00:00;Válido
DO06595;TE02577;NR-10;2025-05-12 00:00:00;Válido
DO06596;TE02311;NR-10;2025-09-15 00:00:00;Válido
DO06597;TE01790;Seguro;2024-09-17 00:00:00;Válido
DO06598;TE02626;NR-35;2025-08-17 00:00:00;Vencido
DO06599;TE01692;Seguro;2025-08-11 00:00:00;Válido
DO06600;TE02917;Seguro;2025-03-03 00:00:00;Válido
DO06601;TE02132;ASO;2024-04-25 00:00:00;Pendente
DO06602;TE00279;Integração;2025-06-10 00:00:00;Vencido
DO06603;TE02844;Integração;2025-07-02 00:00:00;Válido
DO06604;TE02210;Seguro;2025-07-19 00:00:00;Válido
DO06605;TE00311;Integração;2024-01-13 00:00:00;Válido
DO06606;TE00790;NR-10;2026-03-05 00:00:00;Pendente
DO06607;TE01624;Seguro;2024-03-09 00:00:00;Válido
DO06608;TE01047;Seguro;2024-03-23 00:00:00;Válido
DO06609;TE01839;Seguro;2024-02-07 00:00:00;Válido
DO06610;TE02769;NR-35;2025-11-12 00:00:00;Válido
DO06611;TE02131;Integração;2026-03-06 00:00:00;Válido
DO06612;TE02311;NR-10;2026-07-31 00:00:00;Válido
DO06613;TE02523;ASO;2025-08-10 00:00:00;Válido
DO06614;TE01271;Integração;2025-08-16 00:00:00;Válido
DO06615;TE00172;NR-35;2026-06-23 00:00:00;Válido
DO06616;TE00522;Seguro;2026-04-04 00:00:00;Válido
DO06617;TE01560;NR-10;2026-05-07 00:00:00;Válido
DO06618;TE00918;NR-10;2024-02-20 00:00:00;Válido
DO06619;TE03086;Seguro;2024-12-29 00:00:00;Válido
DO06620;TE02521;Seguro;2026-04-28 00:00:00;Válido
DO06621;TE02697;Seguro;2025-12-16 00:00:00;Vencido
DO06622;TE01633;Seguro;2024-10-31 00:00:00;Válido
DO06623;TE02410;Integração;2024-03-12 00:00:00;Válido
DO06624;TE03145;ASO;2026-03-26 00:00:00;Válido
DO06625;TE02318;NR-10;2024-10-06 00:00:00;Válido
DO06626;TE00672;NR-35;2026-02-14 00:00:00;Pendente
DO06627;TE02650;NR-10;2024-06-26 00:00:00;Válido
DO06628;TE01603;Seguro;2026-05-22 00:00:00;Válido
DO06629;TE00625;ASO;2024-04-03 00:00:00;Válido
DO06630;TE00384;Integração;2024-03-04 00:00:00;Válido
DO06631;TE01065;ASO;2025-11-29 00:00:00;Válido
DO06632;TE00045;Integração;2025-09-10 00:00:00;Válido
DO06633;TE02281;ASO;2024-06-03 00:00:00;Vencido
DO06634;TE00026;ASO;2024-12-21 00:00:00;Válido
DO06635;TE00918;NR-35;2025-08-25 00:00:00;Válido
DO06636;TE00381;NR-35;2025-11-29 00:00:00;Válido
DO06637;TE01611;NR-35;2024-03-14 00:00:00;Válido
DO06638;TE00381;Seguro;2025-02-03 00:00:00;Vencido
DO06639;TE01522;ASO;2026-05-17 00:00:00;Válido
DO06640;TE01075;Integração;2025-02-22 00:00:00;Válido
DO06641;TE03168;Integração;2026-03-14 00:00:00;Válido
DO06642;TE01347;ASO;2026-03-04 00:00:00;Válido
DO06643;TE01781;Seguro;2025-07-27 00:00:00;Válido
DO06644;TE00530;ASO;2024-01-14 00:00:00;Válido
DO06645;TE00320;ASO;2026-03-23 00:00:00;Válido
DO06646;TE02440;Integração;2024-03-15 00:00:00;Válido
DO06647;TE01722;ASO;2026-05-10 00:00:00;Válido
DO06648;TE01180;Seguro;2026-03-21 00:00:00;Válido
DO06649;TE02476;Seguro;2024-02-18 00:00:00;Pendente
DO06650;TE02171;NR-35;2026-04-29 00:00:00;Válido
DO06651;TE00945;NR-35;2026-03-14 00:00:00;Válido
DO06652;TE02103;NR-10;2025-03-07 00:00:00;Válido
DO06653;TE01111;ASO;2025-01-15 00:00:00;Pendente
DO06654;TE01579;NR-10;2024-07-11 00:00:00;Válido
DO06655;TE00470;ASO;2025-02-03 00:00:00;Válido
DO06656;TE03152;Seguro;2024-03-05 00:00:00;Válido
DO06657;TE00136;ASO;2024-05-15 00:00:00;Válido
DO06658;TE02354;Integração;2025-12-10 00:00:00;Válido
DO06659;TE00371;Seguro;2024-03-28 00:00:00;Válido
DO06660;TE00641;Seguro;2026-03-07 00:00:00;Válido
DO06661;TE02702;Seguro;2024-12-13 00:00:00;Válido
DO06662;TE00344;NR-35;2024-02-12 00:00:00;Válido
DO06663;TE00875;ASO;2026-06-08 00:00:00;Válido
DO06664;TE01251;Seguro;2025-05-30 00:00:00;Válido
DO06665;TE00006;Seguro;2024-09-29 00:00:00;Válido
DO06666;TE02635;NR-10;2025-12-09 00:00:00;Válido
DO06667;TE01587;ASO;2026-06-07 00:00:00;Válido
DO06668;TE01948;Integração;2024-07-21 00:00:00;Válido
DO06669;TE00498;NR-35;2025-07-09 00:00:00;Válido
DO06670;TE00010;Integração;2025-06-14 00:00:00;Válido
DO06671;TE01017;NR-35;2025-04-03 00:00:00;Válido
DO06672;TE00339;NR-35;2024-01-16 00:00:00;Válido
DO06673;TE00728;NR-10;2024-11-04 00:00:00;Pendente
DO06674;TE01223;NR-35;2025-10-13 00:00:00;Válido
DO06675;TE00804;NR-10;2026-02-24 00:00:00;Válido
DO06676;TE01459;NR-10;2024-02-02 00:00:00;Válido
DO06677;TE00284;ASO;2024-04-25 00:00:00;Válido
DO06678;TE01724;NR-10;2024-08-26 00:00:00;Válido
DO06679;TE02203;ASO;2024-07-17 00:00:00;Válido
DO06680;TE02786;NR-35;2025-03-23 00:00:00;Vencido
DO06681;TE01177;ASO;2024-05-28 00:00:00;Válido
DO06682;TE02542;ASO;2026-06-11 00:00:00;Válido
DO06683;TE02434;NR-10;2026-01-23 00:00:00;Vencido
DO06684;TE01645;Integração;2025-06-06 00:00:00;Pendente
DO06685;TE02185;NR-35;2026-04-15 00:00:00;Vencido
DO06686;TE00350;NR-10;2025-04-03 00:00:00;Válido
DO06687;TE00460;ASO;2024-12-23 00:00:00;Vencido
DO06688;TE00377;Seguro;2026-05-01 00:00:00;Válido
DO06689;TE01667;Integração;2024-06-08 00:00:00;Válido
DO06690;TE03080;Integração;2026-02-02 00:00:00;Válido
DO06691;TE02617;Seguro;2025-07-27 00:00:00;Pendente
DO06692;TE01444;Seguro;2026-01-22 00:00:00;Válido
DO06693;TE00789;NR-35;2026-06-26 00:00:00;Válido
DO06694;TE01606;ASO;2025-04-27 00:00:00;Válido
DO06695;TE02083;Seguro;2024-08-16 00:00:00;Válido
DO06696;TE00776;Integração;2026-02-12 00:00:00;Vencido
DO06697;TE01213;ASO;2024-04-09 00:00:00;Válido
DO06698;TE01423;Seguro;2025-12-26 00:00:00;Válido
DO06699;TE01100;NR-10;2025-04-19 00:00:00;Vencido
DO06700;TE00857;NR-10;2024-09-30 00:00:00;Válido
DO06701;TE02231;Seguro;2024-12-28 00:00:00;Pendente
DO06702;TE01921;Seguro;2025-10-08 00:00:00;Válido
DO06703;TE00126;ASO;2025-03-30 00:00:00;Válido
DO06704;TE02619;Seguro;2025-12-25 00:00:00;Válido
DO06705;TE03016;Integração;2024-12-02 00:00:00;Pendente
DO06706;TE00189;Integração;2024-10-09 00:00:00;Válido
DO06707;TE01695;Integração;2024-06-26 00:00:00;Válido
DO06708;TE00205;ASO;2026-07-05 00:00:00;Válido
DO06709;TE00513;Integração;2024-03-21 00:00:00;Válido
DO06710;TE01445;NR-10;2025-06-04 00:00:00;Válido
DO06711;TE00498;ASO;2024-01-04 00:00:00;Vencido
DO06712;TE00215;NR-35;2025-07-20 00:00:00;Válido
DO06713;TE01257;Seguro;2024-07-05 00:00:00;Válido
DO06714;TE01939;Seguro;2024-04-15 00:00:00;Válido
DO06715;TE02545;NR-35;2024-09-27 00:00:00;Válido
DO06716;TE00725;Integração;2026-05-04 00:00:00;Válido
DO06717;TE02783;NR-35;2026-01-30 00:00:00;Pendente
DO06718;TE02164;ASO;2025-06-12 00:00:00;Válido
DO06719;TE00633;Seguro;2026-07-21 00:00:00;Válido
DO06720;TE01717;Seguro;2026-03-29 00:00:00;Válido
DO06721;TE02244;NR-35;2025-12-30 00:00:00;Válido
DO06722;TE01249;Seguro;2025-07-24 00:00:00;Válido
DO06723;TE02274;NR-10;2024-08-29 00:00:00;Válido
DO06724;TE01139;NR-35;2026-03-21 00:00:00;Pendente
DO06725;TE02844;Seguro;2026-07-14 00:00:00;Válido
DO06726;TE01521;ASO;2024-02-05 00:00:00;Pendente
DO06727;TE00088;NR-35;2024-10-25 00:00:00;Válido
DO06728;TE02591;NR-35;2024-02-28 00:00:00;Válido
DO06729;TE02233;ASO;2025-03-01 00:00:00;Válido
DO06730;TE00616;NR-10;2025-07-27 00:00:00;Válido
DO06731;TE00285;Seguro;2024-07-14 00:00:00;Válido
DO06732;TE02325;Integração;2026-05-13 00:00:00;Válido
DO06733;TE01944;Seguro;2025-03-25 00:00:00;Vencido
DO06734;TE01176;NR-35;2025-06-16 00:00:00;Válido
DO06735;TE01548;NR-35;2025-05-06 00:00:00;Válido
DO06736;TE03127;NR-35;2026-01-17 00:00:00;Vencido
DO06737;TE00416;ASO;2026-04-11 00:00:00;Válido
DO06738;TE00973;NR-10;2024-05-11 00:00:00;Válido
DO06739;TE02291;Seguro;2025-10-25 00:00:00;Válido
DO06740;TE02118;Integração;2025-08-16 00:00:00;Válido
DO06741;TE00708;NR-35;2025-07-09 00:00:00;Válido
DO06742;TE00762;Seguro;2024-05-20 00:00:00;Válido
DO06743;TE02854;ASO;2024-05-05 00:00:00;Válido
DO06744;TE03028;ASO;2025-12-17 00:00:00;Válido
DO06745;TE01958;NR-10;2025-01-23 00:00:00;Válido
DO06746;TE01040;Integração;2024-08-06 00:00:00;Válido
DO06747;TE00516;NR-35;2026-03-16 00:00:00;Válido
DO06748;TE01452;ASO;2025-06-01 00:00:00;Válido
DO06749;TE00114;NR-35;2025-02-18 00:00:00;Válido
DO06750;TE01608;NR-10;2026-04-25 00:00:00;Pendente
DO06751;TE01276;ASO;2026-02-20 00:00:00;Válido
DO06752;TE00777;ASO;2024-10-10 00:00:00;Vencido
DO06753;TE02018;ASO;2026-05-12 00:00:00;Válido
DO06754;TE03099;Seguro;2024-06-29 00:00:00;Válido
DO06755;TE03006;NR-10;2025-11-29 00:00:00;Válido
DO06756;TE00884;NR-35;2025-07-03 00:00:00;Válido
DO06757;TE02531;NR-35;2024-10-22 00:00:00;Válido
DO06758;TE00358;Integração;2024-08-26 00:00:00;Válido
DO06759;TE02681;Integração;2024-05-31 00:00:00;Válido
DO06760;TE01939;NR-35;2025-04-03 00:00:00;Válido
DO06761;TE00158;Seguro;2024-10-09 00:00:00;Válido
DO06762;TE02966;Integração;2024-01-12 00:00:00;Válido
DO06763;TE02625;NR-35;2025-09-29 00:00:00;Válido
DO06764;TE02327;NR-10;2026-02-19 00:00:00;Válido
DO06765;TE02690;NR-35;2025-01-05 00:00:00;Pendente
DO06766;TE01621;NR-10;2025-11-25 00:00:00;Pendente
DO06767;TE02179;ASO;2024-03-08 00:00:00;Vencido
DO06768;TE02806;Integração;2026-02-14 00:00:00;Vencido
DO06769;TE01612;ASO;2024-04-28 00:00:00;Válido
DO06770;TE01776;NR-10;2024-11-26 00:00:00;Válido
DO06771;TE02152;NR-35;2026-02-26 00:00:00;Válido
DO06772;TE00766;Integração;2024-12-17 00:00:00;Válido
DO06773;TE00677;NR-10;2026-06-02 00:00:00;Válido
DO06774;TE03101;NR-35;2024-10-09 00:00:00;Válido
DO06775;TE02606;NR-10;2024-11-02 00:00:00;Válido
DO06776;TE02632;ASO;2024-10-15 00:00:00;Válido
DO06777;TE00697;ASO;2025-11-30 00:00:00;Válido
DO06778;TE02472;NR-10;2025-12-14 00:00:00;Pendente
DO06779;TE00746;ASO;2024-05-24 00:00:00;Válido
DO06780;TE01682;NR-35;2026-06-28 00:00:00;Válido
DO06781;TE00928;NR-35;2025-04-30 00:00:00;Válido
DO06782;TE02563;NR-10;2025-06-03 00:00:00;Válido
DO06783;TE02457;Integração;2025-10-05 00:00:00;Válido
DO06784;TE00500;ASO;2024-11-08 00:00:00;Válido
DO06785;TE02603;NR-35;2025-01-28 00:00:00;Pendente
DO06786;TE00541;Integração;2025-05-14 00:00:00;Válido
DO06787;TE00952;Seguro;2024-09-01 00:00:00;Válido
DO06788;TE00995;ASO;2025-06-07 00:00:00;Pendente
DO06789;TE00173;NR-35;2024-03-29 00:00:00;Válido
DO06790;TE00550;NR-10;2026-04-08 00:00:00;Válido
DO06791;TE00947;NR-35;2025-09-09 00:00:00;Válido
DO06792;TE02186;NR-10;2025-12-02 00:00:00;Válido
DO06793;TE01657;Seguro;2024-10-04 00:00:00;Válido
DO06794;TE00574;NR-10;2024-10-14 00:00:00;Válido
DO06795;TE00599;Integração;2024-06-17 00:00:00;Válido
DO06796;TE00779;NR-10;2025-06-03 00:00:00;Válido
DO06797;TE02714;NR-10;2024-05-15 00:00:00;Válido
DO06798;TE01691;Integração;2024-12-06 00:00:00;Pendente
DO06799;TE00403;Integração;2025-09-13 00:00:00;Válido
DO06800;TE00148;NR-10;2025-07-22 00:00:00;Válido
DO06801;TE00034;Integração;2025-10-23 00:00:00;Válido
DO06802;TE01781;ASO;2026-07-03 00:00:00;Válido
DO06803;TE00583;NR-35;2025-11-18 00:00:00;Pendente
DO06804;TE02162;ASO;2026-01-07 00:00:00;Vencido
DO06805;TE02389;NR-10;2026-03-11 00:00:00;Pendente
DO06806;TE02401;NR-35;2024-08-02 00:00:00;Válido
DO06807;TE02570;Seguro;2025-04-21 00:00:00;Válido
DO06808;TE00881;ASO;2025-06-20 00:00:00;Válido
DO06809;TE03140;Seguro;2024-04-12 00:00:00;Pendente
DO06810;TE02965;Seguro;2024-04-29 00:00:00;Pendente
DO06811;TE00555;NR-10;2026-01-22 00:00:00;Válido
DO06812;TE00239;Integração;2025-07-09 00:00:00;Válido
DO06813;TE00236;Integração;2026-02-09 00:00:00;Válido
DO06814;TE03013;Integração;2025-01-15 00:00:00;Vencido
DO06815;TE00892;NR-10;2025-02-22 00:00:00;Válido
DO06816;TE01232;Seguro;2024-04-24 00:00:00;Válido
DO06817;TE01405;ASO;2024-09-27 00:00:00;Válido
DO06818;TE01222;ASO;2025-09-26 00:00:00;Válido
DO06819;TE03041;Integração;2024-04-29 00:00:00;Válido
DO06820;TE02801;NR-10;2026-04-07 00:00:00;Válido
DO06821;TE00762;ASO;2026-02-22 00:00:00;Válido
DO06822;TE01308;NR-35;2025-07-22 00:00:00;Válido
DO06823;TE01283;ASO;2025-09-26 00:00:00;Válido
DO06824;TE00582;NR-10;2024-01-17 00:00:00;Válido
DO06825;TE00707;ASO;2024-02-19 00:00:00;Válido
DO06826;TE01860;NR-10;2026-07-12 00:00:00;Válido
DO06827;TE03096;Seguro;2025-07-08 00:00:00;Válido
DO06828;TE02052;NR-35;2026-01-27 00:00:00;Válido
DO06829;TE02486;Integração;2024-01-15 00:00:00;Válido
DO06830;TE01486;NR-35;2025-05-03 00:00:00;Válido
DO06831;TE00130;NR-10;2025-07-27 00:00:00;Vencido
DO06832;TE01026;ASO;2025-10-20 00:00:00;Válido
DO06833;TE00896;NR-35;2025-08-25 00:00:00;Válido
DO06834;TE03037;Seguro;2024-10-03 00:00:00;Válido
DO06835;TE02693;NR-10;2025-01-17 00:00:00;Válido
DO06836;TE01872;NR-35;2025-07-05 00:00:00;Válido
DO06837;TE01428;NR-10;2024-12-05 00:00:00;Vencido
DO06838;TE01715;Integração;2025-04-17 00:00:00;Válido
DO06839;TE01599;NR-35;2026-04-29 00:00:00;Válido
DO06840;TE02718;NR-35;2026-01-24 00:00:00;Válido
DO06841;TE01024;NR-35;2024-12-21 00:00:00;Válido
DO06842;TE02557;ASO;2024-04-15 00:00:00;Válido
DO06843;TE02786;NR-10;2024-08-29 00:00:00;Válido
DO06844;TE01688;Integração;2024-06-04 00:00:00;Válido
DO06845;TE02688;NR-35;2026-04-26 00:00:00;Válido
DO06846;TE00020;NR-35;2025-08-20 00:00:00;Válido
DO06847;TE01845;ASO;2024-02-09 00:00:00;Válido
DO06848;TE01453;NR-10;2024-04-22 00:00:00;Válido
DO06849;TE01027;NR-35;2026-06-02 00:00:00;Válido
DO06850;TE01608;ASO;2024-11-25 00:00:00;Válido
DO06851;TE00901;Integração;2024-05-27 00:00:00;Válido
DO06852;TE01318;ASO;2025-01-25 00:00:00;Válido
DO06853;TE01969;NR-10;2025-05-27 00:00:00;Válido
DO06854;TE02254;NR-10;2024-10-20 00:00:00;Válido
DO06855;TE00032;NR-10;2025-08-13 00:00:00;Válido
DO06856;TE01322;ASO;2026-05-24 00:00:00;Válido
DO06857;TE02730;Seguro;2026-03-03 00:00:00;Válido
DO06858;TE00857;ASO;2024-12-29 00:00:00;Vencido
DO06859;TE01050;NR-10;2024-05-20 00:00:00;Válido
DO06860;TE01920;NR-10;2024-10-05 00:00:00;Pendente
DO06861;TE01025;NR-35;2024-05-25 00:00:00;Válido
DO06862;TE01857;Integração;2025-03-28 00:00:00;Válido
DO06863;TE01039;Seguro;2025-06-01 00:00:00;Válido
DO06864;TE01401;NR-10;2024-10-07 00:00:00;Pendente
DO06865;TE02101;Seguro;2024-04-06 00:00:00;Válido
DO06866;TE00793;NR-35;2025-01-30 00:00:00;Válido
DO06867;TE00165;Seguro;2026-06-26 00:00:00;Válido
DO06868;TE03162;Integração;2025-01-17 00:00:00;Válido
DO06869;TE00459;Integração;2025-04-21 00:00:00;Válido
DO06870;TE02217;Seguro;2024-11-04 00:00:00;Válido
DO06871;TE02286;Integração;2024-01-17 00:00:00;Válido
DO06872;TE00975;NR-35;2025-11-05 00:00:00;Válido
DO06873;TE02527;ASO;2025-04-21 00:00:00;Válido
DO06874;TE02839;NR-35;2025-09-26 00:00:00;Válido
DO06875;TE00582;NR-10;2024-09-14 00:00:00;Válido
DO06876;TE02230;ASO;2024-05-12 00:00:00;Vencido
DO06877;TE02241;Integração;2025-05-09 00:00:00;Válido
DO06878;TE01902;NR-10;2026-07-18 00:00:00;Vencido
DO06879;TE01246;NR-10;2024-07-06 00:00:00;Válido
DO06880;TE02241;NR-35;2025-07-11 00:00:00;Vencido
DO06881;TE01700;ASO;2025-08-25 00:00:00;Válido
DO06882;TE02678;Seguro;2026-01-31 00:00:00;Válido
DO06883;TE00593;Seguro;2024-10-20 00:00:00;Válido
DO06884;TE00307;Seguro;2025-11-12 00:00:00;Válido
DO06885;TE01093;Seguro;2025-03-18 00:00:00;Válido
DO06886;TE01538;Seguro;2026-04-01 00:00:00;Válido
DO06887;TE01663;NR-35;2026-04-02 00:00:00;Válido
DO06888;TE00170;ASO;2024-08-21 00:00:00;Válido
DO06889;TE01743;Seguro;2025-12-06 00:00:00;Válido
DO06890;TE02322;Integração;2025-07-31 00:00:00;Pendente
DO06891;TE02065;Seguro;2026-04-14 00:00:00;Válido
DO06892;TE02456;NR-10;2025-09-29 00:00:00;Válido
DO06893;TE00104;ASO;2024-09-02 00:00:00;Válido
DO06894;TE01042;NR-35;2025-10-05 00:00:00;Válido
DO06895;TE02546;Integração;2025-06-28 00:00:00;Válido
DO06896;TE02782;Integração;2025-02-03 00:00:00;Válido
DO06897;TE01426;Seguro;2025-06-27 00:00:00;Válido
DO06898;TE01915;Seguro;2026-03-11 00:00:00;Válido
DO06899;TE01579;NR-35;2025-01-27 00:00:00;Válido
DO06900;TE01408;NR-10;2024-08-30 00:00:00;Válido
DO06901;TE01128;Integração;2024-02-23 00:00:00;Válido
DO06902;TE01992;NR-35;2024-03-12 00:00:00;Válido
DO06903;TE03025;Integração;2025-11-18 00:00:00;Válido
DO06904;TE02018;NR-10;2024-04-20 00:00:00;Válido
DO06905;TE00230;Integração;2025-01-18 00:00:00;Vencido
DO06906;TE02175;Seguro;2026-02-09 00:00:00;Válido
DO06907;TE02868;NR-35;2025-12-28 00:00:00;Válido
DO06908;TE03091;NR-35;2024-07-24 00:00:00;Válido
DO06909;TE00109;NR-10;2024-06-22 00:00:00;Válido
DO06910;TE02280;NR-35;2025-06-28 00:00:00;Válido
DO06911;TE01865;Integração;2024-03-10 00:00:00;Pendente
DO06912;TE00401;Integração;2024-03-15 00:00:00;Válido
DO06913;TE03022;Seguro;2026-07-22 00:00:00;Válido
DO06914;TE01033;Integração;2025-12-20 00:00:00;Válido
DO06915;TE01826;Integração;2025-06-08 00:00:00;Válido
DO06916;TE01379;Seguro;2025-09-14 00:00:00;Vencido
DO06917;TE01414;Seguro;2024-09-05 00:00:00;Válido
DO06918;TE03119;Integração;2025-12-02 00:00:00;Vencido
DO06919;TE01764;NR-10;2024-02-15 00:00:00;Pendente
DO06920;TE02403;ASO;2024-09-15 00:00:00;Válido
DO06921;TE00299;Integração;2024-09-01 00:00:00;Vencido
DO06922;TE00773;Seguro;2024-04-17 00:00:00;Válido
DO06923;TE02389;ASO;2025-11-21 00:00:00;Válido
DO06924;TE00332;Integração;2025-09-11 00:00:00;Válido
DO06925;TE01007;Integração;2025-03-15 00:00:00;Válido
DO06926;TE03167;Integração;2025-06-26 00:00:00;Válido
DO06927;TE02251;NR-10;2026-07-22 00:00:00;Válido
DO06928;TE03047;Seguro;2025-07-24 00:00:00;Válido
DO06929;TE00043;NR-10;2026-07-22 00:00:00;Pendente
DO06930;TE01494;NR-35;2026-03-09 00:00:00;Válido
DO06931;TE02650;ASO;2025-08-20 00:00:00;Pendente
DO06932;TE00301;NR-35;2024-06-05 00:00:00;Válido
DO06933;TE01943;Integração;2024-03-03 00:00:00;Válido
DO06934;TE02756;NR-10;2025-11-19 00:00:00;Válido
DO06935;TE00415;Seguro;2025-06-12 00:00:00;Válido
DO06936;TE03187;Seguro;2026-01-15 00:00:00;Válido
DO06937;TE00317;Integração;2025-03-12 00:00:00;Válido
DO06938;TE01579;NR-35;2024-02-11 00:00:00;Válido
DO06939;TE01093;NR-10;2024-03-25 00:00:00;Válido
DO06940;TE00004;Integração;2024-05-04 00:00:00;Válido
DO06941;TE02754;NR-35;2025-11-01 00:00:00;Válido
DO06942;TE03041;Integração;2026-05-25 00:00:00;Válido
DO06943;TE01912;NR-10;2024-08-31 00:00:00;Pendente
DO06944;TE02343;Seguro;2024-09-29 00:00:00;Pendente
DO06945;TE00829;ASO;2024-05-10 00:00:00;Válido
DO06946;TE00989;ASO;2025-06-24 00:00:00;Válido
DO06947;TE00979;Seguro;2024-08-09 00:00:00;Válido
DO06948;TE00265;Integração;2024-04-01 00:00:00;Válido
DO06949;TE01279;NR-10;2024-04-06 00:00:00;Válido
DO06950;TE02765;NR-35;2025-11-19 00:00:00;Válido
DO06951;TE02641;Integração;2026-04-05 00:00:00;Válido
DO06952;TE01211;Integração;2024-02-14 00:00:00;Pendente
DO06953;TE00920;NR-35;2025-11-25 00:00:00;Válido
DO06954;TE00027;NR-10;2026-03-11 00:00:00;Vencido
DO06955;TE00003;Seguro;2025-07-02 00:00:00;Válido
DO06956;TE01147;NR-10;2024-03-14 00:00:00;Válido
DO06957;TE02094;NR-35;2026-01-13 00:00:00;Válido
DO06958;TE02962;Integração;2024-12-14 00:00:00;Válido
DO06959;TE02245;ASO;2025-07-07 00:00:00;Válido
DO06960;TE00007;NR-10;2026-05-24 00:00:00;Válido
DO06961;TE00409;ASO;2025-04-02 00:00:00;Válido
DO06962;TE02890;Integração;2026-05-27 00:00:00;Válido
DO06963;TE00869;Seguro;2025-03-01 00:00:00;Válido
DO06964;TE02110;Integração;2026-05-14 00:00:00;Vencido
DO06965;TE02694;Seguro;2024-04-17 00:00:00;Válido
DO06966;TE01296;NR-35;2026-03-08 00:00:00;Válido
DO06967;TE02561;Integração;2025-06-28 00:00:00;Válido
DO06968;TE01701;NR-10;2024-02-29 00:00:00;Válido
DO06969;TE01932;NR-10;2026-06-28 00:00:00;Vencido
DO06970;TE03147;Integração;2026-06-04 00:00:00;Válido
DO06971;TE00927;Integração;2025-06-21 00:00:00;Válido
DO06972;TE00500;NR-10;2026-06-20 00:00:00;Válido
DO06973;TE00729;Integração;2024-07-28 00:00:00;Válido
DO06974;TE02916;Integração;2024-03-02 00:00:00;Válido
DO06975;TE01617;ASO;2024-10-22 00:00:00;Válido
DO06976;TE01776;ASO;2024-07-09 00:00:00;Válido
DO06977;TE02242;ASO;2024-02-13 00:00:00;Válido
DO06978;TE03137;Seguro;2025-07-03 00:00:00;Válido
DO06979;TE02102;NR-10;2025-02-21 00:00:00;Válido
DO06980;TE01269;Seguro;2025-04-18 00:00:00;Válido
DO06981;TE00555;NR-10;2024-06-27 00:00:00;Pendente
DO06982;TE02032;Integração;2025-07-06 00:00:00;Válido
DO06983;TE01464;Seguro;2024-07-11 00:00:00;Válido
DO06984;TE00398;NR-10;2024-04-16 00:00:00;Pendente
DO06985;TE02942;NR-35;2025-04-16 00:00:00;Válido
DO06986;TE00701;Seguro;2025-09-08 00:00:00;Válido
DO06987;TE01082;ASO;2024-04-26 00:00:00;Válido
DO06988;TE01219;NR-10;2025-12-17 00:00:00;Válido
DO06989;TE01600;Seguro;2024-07-02 00:00:00;Pendente
DO06990;TE00304;NR-10;2025-05-02 00:00:00;Válido
DO06991;TE02011;Seguro;2024-09-20 00:00:00;Válido
DO06992;TE00700;ASO;2024-05-12 00:00:00;Válido
DO06993;TE00594;Integração;2024-03-23 00:00:00;Válido
DO06994;TE01650;ASO;2024-10-07 00:00:00;Válido
DO06995;TE01164;ASO;2025-09-28 00:00:00;Válido
DO06996;TE00960;NR-35;2024-04-27 00:00:00;Válido
DO06997;TE00987;Seguro;2026-02-24 00:00:00;Válido
DO06998;TE00613;NR-10;2024-03-26 00:00:00;Válido
DO06999;TE00223;Integração;2025-08-20 00:00:00;Válido
DO07000;TE01407;NR-10;2024-12-07 00:00:00;Válido
DO07001;TE00473;Seguro;2024-03-29 00:00:00;Válido
DO07002;TE00194;Integração;2025-11-05 00:00:00;Válido
DO07003;TE01298;Seguro;2025-04-19 00:00:00;Válido
DO07004;TE02862;ASO;2026-04-28 00:00:00;Válido
DO07005;TE02686;NR-35;2024-04-14 00:00:00;Válido
DO07006;TE01579;NR-35;2024-01-12 00:00:00;Válido
DO07007;TE00742;Seguro;2025-04-20 00:00:00;Válido
DO07008;TE01252;NR-10;2024-08-12 00:00:00;Válido
DO07009;TE02977;NR-10;2025-05-20 00:00:00;Válido
DO07010;TE02299;Integração;2024-03-02 00:00:00;Válido
DO07011;TE01458;Integração;2026-04-23 00:00:00;Válido
DO07012;TE02875;Integração;2026-03-12 00:00:00;Válido
DO07013;TE00183;NR-10;2024-09-20 00:00:00;Pendente
DO07014;TE02383;NR-10;2024-03-20 00:00:00;Válido
DO07015;TE02976;Seguro;2024-07-01 00:00:00;Válido
DO07016;TE00540;NR-35;2024-07-31 00:00:00;Válido
DO07017;TE03149;NR-35;2024-06-10 00:00:00;Válido
DO07018;TE02597;NR-10;2026-01-20 00:00:00;Válido
DO07019;TE01543;Seguro;2025-02-20 00:00:00;Válido
DO07020;TE01432;NR-10;2024-10-06 00:00:00;Vencido
DO07021;TE00272;Seguro;2025-05-03 00:00:00;Pendente
DO07022;TE00526;Integração;2024-11-23 00:00:00;Válido
DO07023;TE02099;NR-10;2024-05-06 00:00:00;Válido
DO07024;TE01146;Integração;2025-11-30 00:00:00;Válido
DO07025;TE01181;Seguro;2025-12-29 00:00:00;Pendente
DO07026;TE02770;Seguro;2025-06-12 00:00:00;Válido
DO07027;TE00772;NR-10;2026-07-08 00:00:00;Válido
DO07028;TE00320;ASO;2025-11-04 00:00:00;Válido
DO07029;TE02331;Seguro;2025-09-02 00:00:00;Válido
DO07030;TE00062;NR-10;2025-10-28 00:00:00;Pendente
DO07031;TE00253;NR-35;2025-04-14 00:00:00;Válido
DO07032;TE00769;NR-35;2025-07-09 00:00:00;Válido
DO07033;TE00315;Integração;2024-07-28 00:00:00;Pendente
DO07034;TE02024;NR-10;2024-02-02 00:00:00;Válido
DO07035;TE01579;ASO;2025-02-14 00:00:00;Válido
DO07036;TE00147;NR-35;2025-04-17 00:00:00;Pendente
DO07037;TE00550;Seguro;2024-11-24 00:00:00;Válido
DO07038;TE01252;Seguro;2024-06-01 00:00:00;Válido
DO07039;TE00001;ASO;2026-03-08 00:00:00;Válido
DO07040;TE00384;NR-35;2026-02-27 00:00:00;Válido
DO07041;TE01547;Seguro;2025-02-14 00:00:00;Válido
DO07042;TE01009;Seguro;2024-11-06 00:00:00;Válido
DO07043;TE00715;NR-35;2024-02-02 00:00:00;Válido
DO07044;TE02160;ASO;2025-09-13 00:00:00;Válido
DO07045;TE00118;Seguro;2024-07-19 00:00:00;Válido
DO07046;TE01110;NR-10;2024-09-27 00:00:00;Válido
DO07047;TE02817;Integração;2025-12-28 00:00:00;Válido
DO07048;TE02214;Integração;2024-02-28 00:00:00;Válido
DO07049;TE00483;Seguro;2026-02-08 00:00:00;Válido
DO07050;TE01169;NR-35;2024-12-07 00:00:00;Válido
DO07051;TE01354;NR-35;2024-10-06 00:00:00;Válido
DO07052;TE02996;Integração;2024-05-24 00:00:00;Válido
DO07053;TE00404;NR-10;2026-06-16 00:00:00;Válido
DO07054;TE02384;ASO;2026-01-12 00:00:00;Válido
DO07055;TE00355;Seguro;2024-12-09 00:00:00;Pendente
DO07056;TE00220;NR-35;2025-06-12 00:00:00;Pendente
DO07057;TE01854;NR-35;2024-05-20 00:00:00;Válido
DO07058;TE00925;ASO;2025-09-07 00:00:00;Pendente
DO07059;TE00150;ASO;2025-03-09 00:00:00;Pendente
DO07060;TE00761;Seguro;2025-07-28 00:00:00;Válido
DO07061;TE00214;NR-10;2025-08-19 00:00:00;Válido
DO07062;TE01021;ASO;2024-07-01 00:00:00;Válido
DO07063;TE02698;ASO;2025-01-27 00:00:00;Válido
DO07064;TE03054;NR-10;2024-08-30 00:00:00;Válido
DO07065;TE03117;Integração;2025-01-03 00:00:00;Válido
DO07066;TE01862;ASO;2025-07-13 00:00:00;Válido
DO07067;TE01746;NR-35;2026-05-07 00:00:00;Válido
DO07068;TE02355;ASO;2026-05-15 00:00:00;Válido
DO07069;TE01191;NR-35;2026-07-29 00:00:00;Vencido
DO07070;TE00899;Seguro;2024-07-22 00:00:00;Válido
DO07071;TE02350;NR-10;2025-01-12 00:00:00;Válido
DO07072;TE02627;NR-35;2024-04-27 00:00:00;Válido
DO07073;TE01468;Seguro;2025-03-21 00:00:00;Válido
DO07074;TE00851;Seguro;2024-03-28 00:00:00;Válido
DO07075;TE01477;NR-10;2024-08-29 00:00:00;Válido
DO07076;TE02365;ASO;2026-01-22 00:00:00;Válido
DO07077;TE03089;NR-35;2025-12-08 00:00:00;Válido
DO07078;TE02909;Seguro;2025-04-15 00:00:00;Pendente
DO07079;TE02440;NR-35;2026-01-04 00:00:00;Válido
DO07080;TE00391;NR-35;2025-09-24 00:00:00;Válido
DO07081;TE00448;NR-35;2024-05-14 00:00:00;Válido
DO07082;TE01588;ASO;2025-05-02 00:00:00;Pendente
DO07083;TE03126;ASO;2025-05-21 00:00:00;Válido
DO07084;TE00951;Seguro;2025-07-25 00:00:00;Válido
DO07085;TE02407;Integração;2026-03-08 00:00:00;Válido
DO07086;TE01300;NR-35;2026-01-11 00:00:00;Vencido
DO07087;TE02827;NR-10;2025-08-26 00:00:00;Válido
DO07088;TE02202;Integração;2024-09-03 00:00:00;Vencido
DO07089;TE01168;NR-35;2025-02-12 00:00:00;Válido
DO07090;TE02066;NR-35;2024-07-12 00:00:00;Válido
DO07091;TE01244;NR-35;2026-06-24 00:00:00;Válido
DO07092;TE02862;Seguro;2025-05-23 00:00:00;Válido
DO07093;TE00791;NR-10;2026-05-24 00:00:00;Válido
DO07094;TE01037;ASO;2024-12-28 00:00:00;Válido
DO07095;TE01579;NR-10;2026-02-15 00:00:00;Válido
DO07096;TE02851;Seguro;2026-02-25 00:00:00;Vencido
DO07097;TE02730;ASO;2025-05-17 00:00:00;Pendente
DO07098;TE00346;ASO;2024-05-26 00:00:00;Válido
DO07099;TE00571;Integração;2024-12-24 00:00:00;Pendente
DO07100;TE01995;Seguro;2025-05-21 00:00:00;Pendente
DO07101;TE00688;NR-10;2026-03-10 00:00:00;Pendente
DO07102;TE02657;NR-35;2026-01-02 00:00:00;Válido
DO07103;TE02788;Seguro;2025-02-12 00:00:00;Pendente
DO07104;TE03117;Integração;2025-10-28 00:00:00;Válido
DO07105;TE02983;NR-35;2025-07-02 00:00:00;Válido
DO07106;TE03038;NR-35;2025-11-17 00:00:00;Válido
DO07107;TE01812;NR-10;2024-09-19 00:00:00;Válido
DO07108;TE00930;NR-35;2025-04-12 00:00:00;Válido
DO07109;TE01300;NR-35;2025-06-23 00:00:00;Válido
DO07110;TE03198;ASO;2024-11-13 00:00:00;Válido
DO07111;TE00477;Integração;2025-12-06 00:00:00;Válido
DO07112;TE02677;NR-10;2025-08-18 00:00:00;Válido
DO07113;TE02891;NR-10;2025-05-01 00:00:00;Pendente
DO07114;TE01694;Integração;2024-05-30 00:00:00;Pendente
DO07115;TE01880;ASO;2025-07-19 00:00:00;Válido
DO07116;TE00270;NR-10;2024-08-12 00:00:00;Válido
DO07117;TE02409;Seguro;2024-03-22 00:00:00;Válido
DO07118;TE02586;NR-35;2026-05-17 00:00:00;Válido
DO07119;TE00780;Integração;2025-05-07 00:00:00;Vencido
DO07120;TE01264;NR-10;2026-01-09 00:00:00;Válido
DO07121;TE01871;Seguro;2025-07-12 00:00:00;Válido
DO07122;TE01280;Seguro;2024-11-25 00:00:00;Válido
DO07123;TE03055;Integração;2024-07-28 00:00:00;Válido
DO07124;TE02155;Integração;2025-07-01 00:00:00;Válido
DO07125;TE00846;ASO;2026-07-21 00:00:00;Válido
DO07126;TE02518;NR-10;2025-04-22 00:00:00;Válido
DO07127;TE00636;ASO;2025-06-28 00:00:00;Válido
DO07128;TE00633;Integração;2025-03-16 00:00:00;Válido
DO07129;TE01877;Seguro;2024-01-01 00:00:00;Válido
DO07130;TE00692;NR-10;2026-03-07 00:00:00;Válido
DO07131;TE00921;NR-10;2025-12-10 00:00:00;Válido
DO07132;TE02169;NR-35;2024-08-26 00:00:00;Válido
DO07133;TE01757;Seguro;2024-03-29 00:00:00;Válido
DO07134;TE02115;ASO;2024-01-13 00:00:00;Válido
DO07135;TE00276;NR-10;2024-01-11 00:00:00;Válido
DO07136;TE02070;ASO;2025-11-30 00:00:00;Vencido
DO07137;TE00448;NR-10;2024-05-16 00:00:00;Pendente
DO07138;TE01626;NR-10;2024-01-31 00:00:00;Válido
DO07139;TE00422;NR-35;2025-03-25 00:00:00;Válido
DO07140;TE03092;Integração;2024-10-20 00:00:00;Vencido
DO07141;TE03160;ASO;2024-11-19 00:00:00;Pendente
DO07142;TE01238;ASO;2024-04-05 00:00:00;Válido
DO07143;TE01138;Seguro;2025-09-23 00:00:00;Válido
DO07144;TE01530;Integração;2024-11-06 00:00:00;Vencido
DO07145;TE01711;ASO;2026-01-23 00:00:00;Válido
DO07146;TE02853;Seguro;2024-08-08 00:00:00;Válido
DO07147;TE02910;Seguro;2024-06-27 00:00:00;Vencido
DO07148;TE01188;Seguro;2024-04-19 00:00:00;Válido
DO07149;TE01750;Seguro;2025-09-14 00:00:00;Vencido
DO07150;TE00910;NR-10;2025-01-29 00:00:00;Vencido
DO07151;TE02038;ASO;2025-06-28 00:00:00;Válido
DO07152;TE01801;NR-10;2026-02-09 00:00:00;Vencido
DO07153;TE00504;ASO;2024-10-27 00:00:00;Válido
DO07154;TE01926;ASO;2025-10-23 00:00:00;Vencido
DO07155;TE01893;NR-10;2025-02-05 00:00:00;Válido
DO07156;TE02409;NR-35;2024-02-05 00:00:00;Vencido
DO07157;TE01296;Integração;2025-01-05 00:00:00;Válido
DO07158;TE01277;ASO;2026-02-24 00:00:00;Válido
DO07159;TE01148;Integração;2024-06-15 00:00:00;Vencido
DO07160;TE02701;Integração;2024-02-27 00:00:00;Válido
DO07161;TE02727;NR-35;2026-07-16 00:00:00;Válido
DO07162;TE02387;NR-10;2025-02-24 00:00:00;Válido
DO07163;TE02736;ASO;2026-01-25 00:00:00;Válido
DO07164;TE02018;Integração;2024-03-02 00:00:00;Válido
DO07165;TE00051;Integração;2025-05-15 00:00:00;Válido
DO07166;TE00171;Seguro;2026-07-17 00:00:00;Válido
DO07167;TE02532;Integração;2025-07-10 00:00:00;Válido
DO07168;TE02145;Seguro;2025-10-24 00:00:00;Válido
DO07169;TE00181;Seguro;2024-07-10 00:00:00;Válido
DO07170;TE00598;Seguro;2026-02-03 00:00:00;Válido
DO07171;TE01572;ASO;2025-09-08 00:00:00;Válido
DO07172;TE01015;Seguro;2024-03-31 00:00:00;Pendente
DO07173;TE02587;NR-10;2026-06-08 00:00:00;Vencido
DO07174;TE00590;NR-10;2025-04-29 00:00:00;Válido
DO07175;TE00854;NR-35;2024-05-08 00:00:00;Válido
DO07176;TE01330;ASO;2025-06-25 00:00:00;Válido
DO07177;TE02022;ASO;2025-05-03 00:00:00;Válido
DO07178;TE02490;NR-10;2025-09-06 00:00:00;Válido
DO07179;TE01281;Integração;2025-11-30 00:00:00;Válido
DO07180;TE01554;Integração;2025-02-04 00:00:00;Válido
DO07181;TE00380;Seguro;2025-01-17 00:00:00;Válido
DO07182;TE01425;Seguro;2024-12-14 00:00:00;Válido
DO07183;TE01460;NR-35;2025-05-13 00:00:00;Pendente
DO07184;TE02292;ASO;2026-01-30 00:00:00;Válido
DO07185;TE01270;NR-35;2026-01-16 00:00:00;Válido
DO07186;TE00256;Integração;2026-07-15 00:00:00;Vencido
DO07187;TE00064;ASO;2026-05-18 00:00:00;Vencido
DO07188;TE01718;NR-10;2025-10-20 00:00:00;Válido
DO07189;TE02560;NR-10;2025-01-16 00:00:00;Válido
DO07190;TE01530;ASO;2024-03-16 00:00:00;Válido
DO07191;TE00064;NR-10;2025-07-09 00:00:00;Válido
DO07192;TE02403;ASO;2025-02-24 00:00:00;Válido
DO07193;TE01791;Seguro;2025-02-11 00:00:00;Válido
DO07194;TE01118;ASO;2024-06-14 00:00:00;Válido
DO07195;TE00331;NR-35;2024-08-18 00:00:00;Vencido
DO07196;TE01989;ASO;2025-05-11 00:00:00;Válido
DO07197;TE01873;ASO;2024-03-03 00:00:00;Vencido
DO07198;TE02372;ASO;2025-12-21 00:00:00;Válido
DO07199;TE03022;ASO;2024-02-03 00:00:00;Válido
DO07200;TE02960;ASO;2026-05-20 00:00:00;Vencido
DO07201;TE00911;Integração;2025-03-30 00:00:00;Pendente
DO07202;TE01177;NR-35;2024-05-23 00:00:00;Válido
DO07203;TE01287;Seguro;2026-03-27 00:00:00;Válido
DO07204;TE00368;Seguro;2026-02-09 00:00:00;Válido
DO07205;TE01541;Integração;2024-09-13 00:00:00;Válido
DO07206;TE01581;NR-35;2025-07-28 00:00:00;Válido
DO07207;TE02711;Integração;2026-06-26 00:00:00;Válido
DO07208;TE02732;Integração;2024-10-22 00:00:00;Válido
DO07209;TE02204;NR-10;2024-02-15 00:00:00;Vencido
DO07210;TE00687;NR-35;2026-05-01 00:00:00;Válido
DO07211;TE01653;Seguro;2025-04-30 00:00:00;Válido
DO07212;TE01713;NR-35;2025-09-03 00:00:00;Válido
DO07213;TE00198;NR-35;2026-03-23 00:00:00;Válido
DO07214;TE02826;NR-10;2024-04-02 00:00:00;Válido
DO07215;TE00051;NR-35;2026-02-09 00:00:00;Válido
DO07216;TE00203;ASO;2024-11-18 00:00:00;Vencido
DO07217;TE01279;NR-35;2024-03-22 00:00:00;Vencido
DO07218;TE01681;Seguro;2024-05-14 00:00:00;Vencido
DO07219;TE02366;Integração;2026-03-05 00:00:00;Válido
DO07220;TE01278;NR-10;2025-01-15 00:00:00;Válido
DO07221;TE01037;NR-35;2026-03-15 00:00:00;Válido
DO07222;TE02973;Seguro;2025-09-17 00:00:00;Válido
DO07223;TE01972;ASO;2024-02-26 00:00:00;Pendente
DO07224;TE00314;Seguro;2024-12-14 00:00:00;Válido
DO07225;TE01118;ASO;2026-06-27 00:00:00;Válido
DO07226;TE01782;NR-10;2024-12-31 00:00:00;Válido
DO07227;TE00501;NR-10;2025-11-11 00:00:00;Vencido
DO07228;TE02434;Seguro;2024-10-04 00:00:00;Válido
DO07229;TE01433;NR-10;2025-08-31 00:00:00;Pendente
DO07230;TE02618;NR-10;2025-10-28 00:00:00;Válido
DO07231;TE01425;ASO;2024-11-04 00:00:00;Válido
DO07232;TE00776;NR-35;2026-07-31 00:00:00;Válido
DO07233;TE02769;Seguro;2026-03-11 00:00:00;Válido
DO07234;TE02357;Seguro;2025-01-11 00:00:00;Válido
DO07235;TE00270;Integração;2025-11-12 00:00:00;Válido
DO07236;TE00159;Seguro;2025-09-04 00:00:00;Válido
DO07237;TE02498;NR-10;2024-12-15 00:00:00;Válido
DO07238;TE01703;ASO;2025-02-03 00:00:00;Válido
DO07239;TE00991;NR-10;2025-10-05 00:00:00;Válido
DO07240;TE01482;NR-10;2026-04-28 00:00:00;Pendente
DO07241;TE01487;Seguro;2025-01-31 00:00:00;Válido
DO07242;TE02297;NR-35;2025-01-23 00:00:00;Válido
DO07243;TE00279;NR-10;2026-01-17 00:00:00;Válido
DO07244;TE00665;ASO;2024-09-26 00:00:00;Pendente
DO07245;TE03027;NR-10;2025-12-12 00:00:00;Válido
DO07246;TE02132;Integração;2024-04-10 00:00:00;Válido
DO07247;TE02615;Integração;2024-07-16 00:00:00;Pendente
DO07248;TE01650;NR-35;2026-07-29 00:00:00;Válido
DO07249;TE02720;ASO;2024-07-12 00:00:00;Válido
DO07250;TE02029;NR-35;2025-02-09 00:00:00;Pendente
DO07251;TE02361;NR-35;2025-09-01 00:00:00;Válido
DO07252;TE01930;NR-35;2025-10-01 00:00:00;Válido
DO07253;TE01031;Integração;2025-03-05 00:00:00;Vencido
DO07254;TE00433;Seguro;2026-01-13 00:00:00;Pendente
DO07255;TE00768;ASO;2026-07-12 00:00:00;Válido
DO07256;TE02560;Integração;2025-04-08 00:00:00;Pendente
DO07257;TE02714;NR-35;2024-11-01 00:00:00;Válido
DO07258;TE00679;Integração;2025-11-02 00:00:00;Pendente
DO07259;TE01573;Integração;2025-03-29 00:00:00;Vencido
DO07260;TE03018;NR-10;2024-01-11 00:00:00;Vencido
DO07261;TE02392;Integração;2024-04-27 00:00:00;Válido
DO07262;TE03076;ASO;2024-01-23 00:00:00;Válido
DO07263;TE01502;ASO;2025-06-11 00:00:00;Válido
DO07264;TE01649;Integração;2024-04-08 00:00:00;Pendente
DO07265;TE02839;Seguro;2025-08-18 00:00:00;Válido
DO07266;TE01173;Integração;2024-06-28 00:00:00;Válido
DO07267;TE00216;NR-35;2024-08-28 00:00:00;Válido
DO07268;TE01986;NR-10;2025-09-28 00:00:00;Válido
DO07269;TE01547;NR-10;2024-05-25 00:00:00;Válido
DO07270;TE01501;Seguro;2026-01-13 00:00:00;Válido
DO07271;TE01338;NR-35;2024-07-01 00:00:00;Pendente
DO07272;TE00238;NR-35;2026-04-15 00:00:00;Vencido
DO07273;TE00241;ASO;2025-11-01 00:00:00;Válido
DO07274;TE02761;Seguro;2024-01-03 00:00:00;Válido
DO07275;TE02312;NR-10;2026-05-23 00:00:00;Válido
DO07276;TE02643;Integração;2024-12-30 00:00:00;Válido
DO07277;TE00480;NR-35;2025-06-17 00:00:00;Válido
DO07278;TE02787;Seguro;2024-03-25 00:00:00;Válido
DO07279;TE00366;NR-35;2024-07-07 00:00:00;Válido
DO07280;TE00115;Integração;2026-04-28 00:00:00;Válido
DO07281;TE01024;NR-35;2024-10-05 00:00:00;Válido
DO07282;TE02102;Integração;2026-04-19 00:00:00;Válido
DO07283;TE02006;NR-35;2024-09-09 00:00:00;Válido
DO07284;TE01352;NR-35;2024-10-04 00:00:00;Válido
DO07285;TE00250;ASO;2026-04-29 00:00:00;Vencido
DO07286;TE02401;NR-35;2025-03-15 00:00:00;Vencido
DO07287;TE01326;NR-10;2025-08-22 00:00:00;Válido
DO07288;TE02938;Integração;2025-05-28 00:00:00;Vencido
DO07289;TE01914;NR-35;2024-12-18 00:00:00;Válido
DO07290;TE02101;ASO;2025-10-08 00:00:00;Válido
DO07291;TE02038;ASO;2026-03-07 00:00:00;Válido
DO07292;TE01565;NR-35;2025-06-02 00:00:00;Válido
DO07293;TE01360;NR-10;2025-06-02 00:00:00;Válido
DO07294;TE02915;Integração;2026-01-12 00:00:00;Válido
DO07295;TE00071;NR-35;2026-05-06 00:00:00;Válido
DO07296;TE00929;Seguro;2024-09-15 00:00:00;Válido
DO07297;TE02179;NR-10;2024-06-01 00:00:00;Válido
DO07298;TE02298;Seguro;2024-10-16 00:00:00;Válido
DO07299;TE02085;NR-35;2024-02-18 00:00:00;Válido
DO07300;TE02304;NR-10;2024-01-12 00:00:00;Válido
DO07301;TE00794;NR-35;2024-05-12 00:00:00;Pendente
DO07302;TE02929;Integração;2025-12-22 00:00:00;Válido
DO07303;TE02292;NR-35;2024-03-13 00:00:00;Válido
DO07304;TE02806;Seguro;2024-02-21 00:00:00;Válido
DO07305;TE03019;NR-35;2025-09-30 00:00:00;Válido
DO07306;TE02164;Integração;2025-03-24 00:00:00;Vencido
DO07307;TE02011;ASO;2024-05-22 00:00:00;Válido
DO07308;TE02504;NR-35;2025-12-28 00:00:00;Vencido
DO07309;TE00207;Seguro;2024-06-13 00:00:00;Válido
DO07310;TE00728;Seguro;2026-02-03 00:00:00;Válido
DO07311;TE00163;Seguro;2026-03-22 00:00:00;Vencido
DO07312;TE02345;NR-35;2025-06-20 00:00:00;Válido
DO07313;TE02469;Integração;2024-11-25 00:00:00;Válido
DO07314;TE01333;NR-35;2024-06-23 00:00:00;Válido
DO07315;TE01926;ASO;2024-10-22 00:00:00;Válido
DO07316;TE01553;Integração;2024-11-27 00:00:00;Válido
DO07317;TE02334;NR-10;2025-11-06 00:00:00;Válido
DO07318;TE01580;Seguro;2024-01-28 00:00:00;Válido
DO07319;TE00892;Seguro;2025-12-08 00:00:00;Válido
DO07320;TE02166;Seguro;2024-11-02 00:00:00;Válido
DO07321;TE01804;NR-35;2024-09-27 00:00:00;Válido
DO07322;TE01318;ASO;2024-06-04 00:00:00;Pendente
DO07323;TE00310;NR-10;2026-03-02 00:00:00;Válido
DO07324;TE00947;NR-10;2025-02-27 00:00:00;Válido
DO07325;TE02588;Integração;2024-01-01 00:00:00;Válido
DO07326;TE01664;ASO;2025-11-15 00:00:00;Vencido
DO07327;TE02234;Seguro;2025-07-18 00:00:00;Válido
DO07328;TE02128;ASO;2024-03-09 00:00:00;Válido
DO07329;TE00549;Seguro;2024-10-24 00:00:00;Vencido
DO07330;TE01648;Seguro;2025-10-06 00:00:00;Válido
DO07331;TE01949;NR-10;2026-01-01 00:00:00;Pendente
DO07332;TE01366;NR-35;2026-06-02 00:00:00;Válido
DO07333;TE02455;Seguro;2025-02-27 00:00:00;Válido
DO07334;TE00522;Integração;2024-06-25 00:00:00;Válido
DO07335;TE02148;Seguro;2026-05-18 00:00:00;Válido
DO07336;TE00233;Seguro;2026-03-21 00:00:00;Válido
DO07337;TE01173;ASO;2024-05-13 00:00:00;Pendente
DO07338;TE02125;Integração;2024-01-24 00:00:00;Válido
DO07339;TE02139;Integração;2025-11-11 00:00:00;Válido
DO07340;TE01283;NR-10;2024-07-18 00:00:00;Válido
DO07341;TE01940;Integração;2025-06-08 00:00:00;Válido
DO07342;TE02121;NR-35;2026-06-01 00:00:00;Pendente
DO07343;TE01020;Integração;2024-05-28 00:00:00;Válido
DO07344;TE03050;ASO;2026-07-17 00:00:00;Vencido
DO07345;TE00485;NR-35;2024-09-09 00:00:00;Válido
DO07346;TE01803;ASO;2026-06-19 00:00:00;Válido
DO07347;TE01629;Integração;2026-02-02 00:00:00;Válido
DO07348;TE03052;Integração;2025-04-25 00:00:00;Pendente
DO07349;TE02594;ASO;2024-07-15 00:00:00;Válido
DO07350;TE02895;Seguro;2026-03-31 00:00:00;Válido
DO07351;TE01033;NR-10;2026-02-15 00:00:00;Pendente
DO07352;TE01648;ASO;2026-06-10 00:00:00;Válido
DO07353;TE03001;ASO;2025-04-24 00:00:00;Válido
DO07354;TE01544;NR-35;2025-02-20 00:00:00;Válido
DO07355;TE00458;NR-35;2024-12-29 00:00:00;Válido
DO07356;TE00852;NR-35;2024-03-18 00:00:00;Válido
DO07357;TE03014;NR-10;2025-09-30 00:00:00;Válido
DO07358;TE02204;Seguro;2024-11-08 00:00:00;Válido
DO07359;TE00400;ASO;2025-06-24 00:00:00;Válido
DO07360;TE00616;Seguro;2026-07-01 00:00:00;Válido
DO07361;TE01179;ASO;2026-05-16 00:00:00;Vencido
DO07362;TE01816;NR-10;2026-05-11 00:00:00;Válido
DO07363;TE00448;ASO;2024-02-25 00:00:00;Vencido
DO07364;TE02318;NR-35;2024-05-30 00:00:00;Válido
DO07365;TE02896;Integração;2025-11-12 00:00:00;Válido
DO07366;TE02470;NR-35;2025-08-24 00:00:00;Válido
DO07367;TE01390;NR-35;2025-11-03 00:00:00;Válido
DO07368;TE01258;ASO;2025-03-18 00:00:00;Válido
DO07369;TE01003;NR-35;2026-02-10 00:00:00;Válido
DO07370;TE02602;ASO;2024-12-30 00:00:00;Válido
DO07371;TE03133;NR-10;2025-08-13 00:00:00;Válido
DO07372;TE00719;ASO;2025-03-14 00:00:00;Válido
DO07373;TE01230;Seguro;2025-07-29 00:00:00;Válido
DO07374;TE02623;NR-10;2024-04-25 00:00:00;Válido
DO07375;TE00554;Seguro;2025-04-04 00:00:00;Válido
DO07376;TE02775;Integração;2024-09-10 00:00:00;Válido
DO07377;TE02740;Seguro;2025-09-28 00:00:00;Vencido
DO07378;TE01746;Integração;2025-11-01 00:00:00;Válido
DO07379;TE01198;Integração;2025-12-10 00:00:00;Válido
DO07380;TE01616;NR-10;2024-06-10 00:00:00;Vencido
DO07381;TE02351;NR-10;2024-07-16 00:00:00;Válido
DO07382;TE00055;Integração;2025-10-27 00:00:00;Pendente
DO07383;TE01470;NR-35;2024-10-07 00:00:00;Válido
DO07384;TE01606;NR-10;2024-04-05 00:00:00;Válido
DO07385;TE00429;NR-35;2024-12-05 00:00:00;Válido
DO07386;TE02708;Seguro;2024-09-05 00:00:00;Válido
DO07387;TE00112;NR-35;2025-02-17 00:00:00;Válido
DO07388;TE01308;NR-35;2026-04-24 00:00:00;Válido
DO07389;TE02285;Seguro;2025-07-13 00:00:00;Vencido
DO07390;TE01655;Integração;2026-06-30 00:00:00;Válido
DO07391;TE00773;ASO;2026-03-08 00:00:00;Válido
DO07392;TE00795;NR-35;2024-03-09 00:00:00;Válido
DO07393;TE03134;ASO;2024-09-23 00:00:00;Válido
DO07394;TE02302;NR-35;2025-07-26 00:00:00;Válido
DO07395;TE01451;NR-35;2024-01-20 00:00:00;Válido
DO07396;TE01294;NR-35;2025-12-05 00:00:00;Válido
DO07397;TE01046;NR-10;2026-01-08 00:00:00;Válido
DO07398;TE02553;Integração;2024-01-18 00:00:00;Válido
DO07399;TE03173;NR-10;2026-07-28 00:00:00;Válido
DO07400;TE00381;NR-35;2024-11-01 00:00:00;Vencido
DO07401;TE02756;NR-10;2024-09-02 00:00:00;Válido
DO07402;TE00549;ASO;2026-07-02 00:00:00;Válido
DO07403;TE01218;ASO;2024-02-22 00:00:00;Válido
DO07404;TE00529;Integração;2024-05-12 00:00:00;Válido
DO07405;TE02923;NR-35;2025-11-04 00:00:00;Válido
DO07406;TE00869;Seguro;2026-02-08 00:00:00;Vencido
DO07407;TE02058;Integração;2024-01-26 00:00:00;Válido
DO07408;TE02268;ASO;2025-12-17 00:00:00;Válido
DO07409;TE00667;Integração;2024-05-14 00:00:00;Válido
DO07410;TE02796;NR-35;2025-06-15 00:00:00;Válido
DO07411;TE02125;NR-10;2025-08-17 00:00:00;Válido
DO07412;TE02478;Integração;2024-04-21 00:00:00;Válido
DO07413;TE01690;ASO;2025-10-02 00:00:00;Vencido
DO07414;TE00911;NR-10;2024-03-05 00:00:00;Válido
DO07415;TE00037;Integração;2025-01-09 00:00:00;Válido
DO07416;TE00536;Seguro;2025-07-30 00:00:00;Vencido
DO07417;TE03195;Integração;2025-02-22 00:00:00;Pendente
DO07418;TE00342;NR-35;2026-04-02 00:00:00;Válido
DO07419;TE02158;Seguro;2025-07-10 00:00:00;Válido
DO07420;TE02650;NR-10;2025-10-09 00:00:00;Válido
DO07421;TE01429;Integração;2024-06-16 00:00:00;Válido
DO07422;TE02869;Seguro;2024-02-27 00:00:00;Válido
DO07423;TE00762;ASO;2025-06-03 00:00:00;Válido
DO07424;TE01706;Integração;2025-12-12 00:00:00;Válido
DO07425;TE01442;NR-10;2026-07-13 00:00:00;Válido
DO07426;TE01746;ASO;2024-10-18 00:00:00;Válido
DO07427;TE00468;ASO;2026-02-24 00:00:00;Válido
DO07428;TE02600;NR-10;2025-08-25 00:00:00;Válido
DO07429;TE01079;NR-10;2024-09-15 00:00:00;Válido
DO07430;TE02344;Seguro;2026-04-10 00:00:00;Pendente
DO07431;TE01358;Seguro;2025-01-20 00:00:00;Válido
DO07432;TE02884;ASO;2025-07-15 00:00:00;Válido
DO07433;TE00817;Integração;2026-03-07 00:00:00;Válido
DO07434;TE00356;ASO;2026-07-20 00:00:00;Válido
DO07435;TE00403;NR-35;2026-05-20 00:00:00;Vencido
DO07436;TE01599;Integração;2026-01-26 00:00:00;Vencido
DO07437;TE02859;Integração;2025-03-21 00:00:00;Válido
DO07438;TE02519;NR-35;2025-04-27 00:00:00;Válido
DO07439;TE01350;Seguro;2024-01-07 00:00:00;Válido
DO07440;TE01776;ASO;2026-05-01 00:00:00;Válido
DO07441;TE02556;ASO;2024-02-28 00:00:00;Válido
DO07442;TE00392;NR-35;2024-07-12 00:00:00;Pendente
DO07443;TE03087;NR-35;2025-10-04 00:00:00;Válido
DO07444;TE02019;NR-35;2025-08-21 00:00:00;Pendente
DO07445;TE03193;Integração;2024-12-04 00:00:00;Vencido
DO07446;TE00951;ASO;2025-07-13 00:00:00;Válido
DO07447;TE02549;Integração;2025-03-28 00:00:00;Válido
DO07448;TE00137;Integração;2025-01-01 00:00:00;Válido
DO07449;TE02310;ASO;2025-10-23 00:00:00;Válido
DO07450;TE01865;NR-10;2025-01-14 00:00:00;Válido
DO07451;TE02148;Integração;2025-08-07 00:00:00;Válido
DO07452;TE01608;NR-35;2025-07-28 00:00:00;Pendente
DO07453;TE01575;NR-10;2024-05-10 00:00:00;Válido
DO07454;TE01164;Seguro;2024-01-26 00:00:00;Válido
DO07455;TE00276;NR-35;2025-10-12 00:00:00;Válido
DO07456;TE00572;Seguro;2024-03-15 00:00:00;Válido
DO07457;TE01191;NR-10;2025-11-03 00:00:00;Válido
DO07458;TE01976;ASO;2025-10-22 00:00:00;Válido
DO07459;TE02920;ASO;2024-11-29 00:00:00;Vencido
DO07460;TE00324;Integração;2025-04-28 00:00:00;Válido
DO07461;TE00040;Seguro;2024-10-08 00:00:00;Válido
DO07462;TE00663;Integração;2024-12-26 00:00:00;Válido
DO07463;TE03140;NR-10;2026-02-19 00:00:00;Válido
DO07464;TE03040;NR-35;2024-08-21 00:00:00;Válido
DO07465;TE03160;NR-10;2026-01-24 00:00:00;Válido
DO07466;TE02308;Seguro;2026-06-26 00:00:00;Válido
DO07467;TE02572;ASO;2025-10-04 00:00:00;Válido
DO07468;TE02159;Integração;2026-02-27 00:00:00;Válido
DO07469;TE01825;Integração;2026-02-04 00:00:00;Válido
DO07470;TE02619;ASO;2025-01-19 00:00:00;Vencido
DO07471;TE02878;NR-10;2026-06-29 00:00:00;Válido
DO07472;TE02532;Seguro;2024-07-29 00:00:00;Válido
DO07473;TE02911;NR-35;2024-02-09 00:00:00;Válido
DO07474;TE00215;ASO;2025-03-15 00:00:00;Válido
DO07475;TE00984;Seguro;2026-06-19 00:00:00;Vencido
DO07476;TE02298;NR-35;2024-05-10 00:00:00;Válido
DO07477;TE01824;NR-10;2025-05-05 00:00:00;Pendente
DO07478;TE00897;ASO;2024-05-06 00:00:00;Válido
DO07479;TE00853;Integração;2026-01-27 00:00:00;Válido
DO07480;TE00615;NR-35;2025-05-05 00:00:00;Válido
DO07481;TE02598;Integração;2026-04-02 00:00:00;Vencido
DO07482;TE02297;NR-35;2024-02-08 00:00:00;Válido
DO07483;TE01623;NR-35;2025-02-07 00:00:00;Válido
DO07484;TE03200;ASO;2024-12-12 00:00:00;Válido
DO07485;TE01060;NR-10;2026-04-21 00:00:00;Vencido
DO07486;TE00673;NR-10;2024-02-28 00:00:00;Vencido
DO07487;TE02352;NR-10;2024-06-14 00:00:00;Vencido
DO07488;TE01090;Seguro;2024-07-17 00:00:00;Vencido
DO07489;TE00040;NR-10;2025-08-10 00:00:00;Válido
DO07490;TE00393;ASO;2024-07-26 00:00:00;Válido
DO07491;TE01430;NR-10;2024-08-27 00:00:00;Válido
DO07492;TE01625;Seguro;2026-02-20 00:00:00;Válido
DO07493;TE01834;Integração;2024-03-05 00:00:00;Válido
DO07494;TE03158;NR-35;2024-05-18 00:00:00;Válido
DO07495;TE01553;Integração;2026-06-05 00:00:00;Válido
DO07496;TE00197;Integração;2024-06-01 00:00:00;Válido
DO07497;TE02622;ASO;2025-11-07 00:00:00;Válido
DO07498;TE01636;Integração;2026-02-10 00:00:00;Válido
DO07499;TE00378;NR-35;2024-11-06 00:00:00;Válido
DO07500;TE01006;NR-10;2026-07-17 00:00:00;Pendente
DO07501;TE02150;NR-10;2025-10-11 00:00:00;Válido
DO07502;TE00050;Integração;2025-01-08 00:00:00;Válido
DO07503;TE01424;Integração;2024-11-15 00:00:00;Válido
DO07504;TE02574;NR-10;2025-11-16 00:00:00;Válido
DO07505;TE03124;ASO;2024-01-06 00:00:00;Válido
DO07506;TE01632;ASO;2026-04-26 00:00:00;Válido
DO07507;TE00127;Seguro;2024-05-25 00:00:00;Válido
DO07508;TE02292;NR-35;2024-12-02 00:00:00;Válido
DO07509;TE00551;ASO;2024-01-20 00:00:00;Pendente
DO07510;TE01762;ASO;2024-02-23 00:00:00;Pendente
DO07511;TE01435;NR-10;2025-03-16 00:00:00;Vencido
DO07512;TE01559;Integração;2025-03-08 00:00:00;Válido
DO07513;TE02769;ASO;2026-02-18 00:00:00;Vencido
DO07514;TE02166;Seguro;2025-07-06 00:00:00;Válido
DO07515;TE02382;ASO;2025-01-19 00:00:00;Válido
DO07516;TE01317;NR-10;2024-01-21 00:00:00;Válido
DO07517;TE03196;Integração;2026-06-01 00:00:00;Válido
DO07518;TE01056;NR-10;2025-05-08 00:00:00;Vencido
DO07519;TE02205;Seguro;2024-04-03 00:00:00;Válido
DO07520;TE01694;ASO;2024-04-24 00:00:00;Válido
DO07521;TE01423;Integração;2026-07-31 00:00:00;Válido
DO07522;TE01809;NR-10;2026-03-29 00:00:00;Válido
DO07523;TE02475;Seguro;2026-06-06 00:00:00;Válido
DO07524;TE02368;ASO;2025-07-19 00:00:00;Válido
DO07525;TE01682;NR-10;2025-10-15 00:00:00;Válido
DO07526;TE01589;NR-10;2024-03-28 00:00:00;Válido
DO07527;TE02842;Seguro;2026-06-18 00:00:00;Vencido
DO07528;TE00671;Integração;2024-09-11 00:00:00;Vencido
DO07529;TE01539;ASO;2025-09-04 00:00:00;Válido
DO07530;TE00111;Integração;2024-07-07 00:00:00;Vencido
DO07531;TE01903;NR-35;2026-06-15 00:00:00;Válido
DO07532;TE01437;Integração;2024-12-06 00:00:00;Válido
DO07533;TE02662;Seguro;2024-04-19 00:00:00;Válido
DO07534;TE02174;Integração;2026-01-06 00:00:00;Válido
DO07535;TE02527;ASO;2025-10-21 00:00:00;Válido
DO07536;TE01447;NR-10;2024-11-28 00:00:00;Válido
DO07537;TE01164;NR-35;2024-03-21 00:00:00;Válido
DO07538;TE02807;NR-35;2024-03-26 00:00:00;Vencido
DO07539;TE02003;Integração;2024-09-17 00:00:00;Vencido
DO07540;TE01036;NR-10;2025-10-29 00:00:00;Válido
DO07541;TE01375;Seguro;2024-04-22 00:00:00;Válido
DO07542;TE01439;ASO;2025-06-27 00:00:00;Válido
DO07543;TE01062;NR-35;2025-09-08 00:00:00;Válido
DO07544;TE00922;Seguro;2025-07-02 00:00:00;Válido
DO07545;TE00981;NR-35;2026-04-27 00:00:00;Válido
DO07546;TE02364;ASO;2025-07-18 00:00:00;Válido
DO07547;TE02931;Seguro;2024-12-01 00:00:00;Válido
DO07548;TE01385;ASO;2024-04-04 00:00:00;Válido
DO07549;TE01685;Integração;2024-01-22 00:00:00;Válido
DO07550;TE01706;NR-35;2025-02-28 00:00:00;Vencido
DO07551;TE02999;NR-10;2024-12-21 00:00:00;Válido
DO07552;TE01137;Seguro;2025-04-21 00:00:00;Válido
DO07553;TE00494;ASO;2024-11-11 00:00:00;Válido
DO07554;TE02648;Seguro;2024-04-02 00:00:00;Válido
DO07555;TE02304;ASO;2026-03-11 00:00:00;Válido
DO07556;TE02174;Seguro;2024-07-09 00:00:00;Válido
DO07557;TE02046;Integração;2024-09-28 00:00:00;Válido
DO07558;TE02557;Integração;2025-06-13 00:00:00;Válido
DO07559;TE02368;ASO;2024-05-12 00:00:00;Válido
DO07560;TE02932;NR-10;2025-04-23 00:00:00;Pendente
DO07561;TE02013;ASO;2026-06-10 00:00:00;Pendente
DO07562;TE01310;Seguro;2024-11-14 00:00:00;Válido
DO07563;TE03141;NR-10;2025-03-21 00:00:00;Válido
DO07564;TE02860;NR-10;2024-06-16 00:00:00;Válido
DO07565;TE00085;NR-35;2024-02-23 00:00:00;Válido
DO07566;TE01312;Seguro;2024-12-29 00:00:00;Pendente
DO07567;TE00934;NR-35;2025-12-18 00:00:00;Válido
DO07568;TE02936;NR-10;2026-04-08 00:00:00;Válido
DO07569;TE02828;Seguro;2024-09-15 00:00:00;Válido
DO07570;TE02618;NR-10;2026-01-26 00:00:00;Válido
DO07571;TE00657;ASO;2026-07-23 00:00:00;Válido
DO07572;TE01874;NR-35;2024-01-11 00:00:00;Válido
DO07573;TE02430;NR-35;2026-01-11 00:00:00;Válido
DO07574;TE00369;Integração;2024-07-30 00:00:00;Válido
DO07575;TE00647;ASO;2025-03-14 00:00:00;Válido
DO07576;TE00839;NR-35;2024-08-01 00:00:00;Válido
DO07577;TE02124;NR-35;2026-01-27 00:00:00;Válido
DO07578;TE01677;Seguro;2026-04-30 00:00:00;Válido
DO07579;TE00742;ASO;2024-06-27 00:00:00;Válido
DO07580;TE01732;NR-10;2025-08-07 00:00:00;Válido
DO07581;TE00473;NR-10;2025-01-08 00:00:00;Válido
DO07582;TE02669;ASO;2024-03-29 00:00:00;Vencido
DO07583;TE02668;NR-10;2026-06-01 00:00:00;Válido
DO07584;TE00948;Seguro;2024-06-12 00:00:00;Válido
DO07585;TE00121;NR-35;2024-08-05 00:00:00;Válido
DO07586;TE01481;Seguro;2026-03-14 00:00:00;Vencido
DO07587;TE00334;ASO;2025-06-21 00:00:00;Válido
DO07588;TE02771;NR-35;2024-09-04 00:00:00;Pendente
DO07589;TE02274;NR-35;2024-01-26 00:00:00;Válido
DO07590;TE00628;ASO;2025-03-07 00:00:00;Vencido
DO07591;TE02250;Integração;2025-10-22 00:00:00;Pendente
DO07592;TE02447;NR-35;2024-07-02 00:00:00;Válido
DO07593;TE00011;NR-10;2024-02-20 00:00:00;Válido
DO07594;TE00233;Integração;2024-01-13 00:00:00;Válido
DO07595;TE02113;ASO;2024-03-24 00:00:00;Vencido
DO07596;TE01069;ASO;2024-01-25 00:00:00;Válido
DO07597;TE02140;NR-35;2026-01-23 00:00:00;Válido
DO07598;TE03048;Seguro;2026-02-04 00:00:00;Válido
DO07599;TE01257;ASO;2026-04-24 00:00:00;Pendente
DO07600;TE02928;Seguro;2025-02-06 00:00:00;Vencido
DO07601;TE00541;Seguro;2024-12-02 00:00:00;Válido
DO07602;TE00859;Integração;2024-08-15 00:00:00;Válido
DO07603;TE02308;NR-35;2025-05-07 00:00:00;Válido
DO07604;TE00721;NR-35;2024-10-08 00:00:00;Válido
DO07605;TE00786;Integração;2025-07-06 00:00:00;Válido
DO07606;TE02118;NR-10;2024-01-25 00:00:00;Válido
DO07607;TE00193;Integração;2025-07-25 00:00:00;Válido
DO07608;TE00654;ASO;2026-05-06 00:00:00;Válido
DO07609;TE01602;Seguro;2024-03-27 00:00:00;Vencido
DO07610;TE03092;Seguro;2024-01-06 00:00:00;Válido
DO07611;TE01464;NR-35;2025-05-11 00:00:00;Válido
DO07612;TE01019;Integração;2026-03-28 00:00:00;Válido
DO07613;TE01536;NR-10;2026-03-25 00:00:00;Válido
DO07614;TE00641;Seguro;2025-02-16 00:00:00;Pendente
DO07615;TE00373;NR-10;2026-04-22 00:00:00;Válido
DO07616;TE00109;Integração;2026-07-02 00:00:00;Válido
DO07617;TE02395;Seguro;2025-05-17 00:00:00;Válido
DO07618;TE00192;Integração;2024-12-08 00:00:00;Vencido
DO07619;TE00208;Seguro;2025-05-11 00:00:00;Válido
DO07620;TE01535;NR-10;2025-10-15 00:00:00;Válido
DO07621;TE00631;NR-10;2024-10-20 00:00:00;Válido
DO07622;TE02439;ASO;2024-10-31 00:00:00;Vencido
DO07623;TE03002;Integração;2026-01-11 00:00:00;Válido
DO07624;TE00351;NR-35;2024-03-04 00:00:00;Válido
DO07625;TE02573;Integração;2025-06-12 00:00:00;Pendente
DO07626;TE00683;Seguro;2024-11-06 00:00:00;Válido
DO07627;TE00335;NR-10;2026-02-17 00:00:00;Válido
DO07628;TE00454;Seguro;2024-03-20 00:00:00;Vencido
DO07629;TE01462;ASO;2026-03-16 00:00:00;Vencido
DO07630;TE03061;ASO;2026-02-14 00:00:00;Válido
DO07631;TE02172;Integração;2025-08-27 00:00:00;Válido
DO07632;TE01348;Integração;2026-03-26 00:00:00;Válido
DO07633;TE02615;ASO;2025-12-16 00:00:00;Válido
DO07634;TE02187;NR-10;2024-12-12 00:00:00;Válido
DO07635;TE00759;Integração;2025-01-10 00:00:00;Vencido
DO07636;TE02702;Seguro;2024-06-06 00:00:00;Válido
DO07637;TE01760;ASO;2024-06-23 00:00:00;Válido
DO07638;TE00619;Seguro;2024-04-02 00:00:00;Válido
DO07639;TE00087;ASO;2025-10-21 00:00:00;Válido
DO07640;TE00123;ASO;2025-03-22 00:00:00;Pendente
DO07641;TE01983;NR-10;2026-05-23 00:00:00;Válido
DO07642;TE01826;Integração;2024-07-25 00:00:00;Válido
DO07643;TE01891;Integração;2026-04-23 00:00:00;Válido
DO07644;TE01303;Seguro;2026-03-11 00:00:00;Válido
DO07645;TE00999;NR-35;2026-04-24 00:00:00;Válido
DO07646;TE01027;Seguro;2026-01-19 00:00:00;Válido
DO07647;TE02160;NR-10;2024-09-23 00:00:00;Válido
DO07648;TE00651;Integração;2025-10-02 00:00:00;Válido
DO07649;TE02740;NR-10;2026-07-22 00:00:00;Válido
DO07650;TE01663;Seguro;2024-12-14 00:00:00;Válido
DO07651;TE02345;NR-35;2026-05-21 00:00:00;Válido
DO07652;TE03194;NR-10;2024-06-17 00:00:00;Válido
DO07653;TE00083;ASO;2026-07-08 00:00:00;Vencido
DO07654;TE01552;NR-35;2025-10-31 00:00:00;Pendente
DO07655;TE00143;ASO;2026-01-12 00:00:00;Válido
DO07656;TE01097;NR-10;2026-07-27 00:00:00;Válido
DO07657;TE02033;NR-10;2024-05-06 00:00:00;Válido
DO07658;TE00740;NR-10;2024-11-02 00:00:00;Vencido
DO07659;TE01513;NR-10;2025-11-11 00:00:00;Vencido
DO07660;TE01293;ASO;2024-10-20 00:00:00;Vencido
DO07661;TE03141;NR-35;2026-02-08 00:00:00;Pendente
DO07662;TE00161;NR-35;2025-01-22 00:00:00;Válido
DO07663;TE02215;Seguro;2025-04-05 00:00:00;Válido
DO07664;TE02309;ASO;2026-01-27 00:00:00;Válido
DO07665;TE01662;ASO;2025-03-16 00:00:00;Válido
DO07666;TE01812;Seguro;2024-06-19 00:00:00;Válido
DO07667;TE01397;ASO;2026-01-03 00:00:00;Válido
DO07668;TE02890;NR-35;2024-04-19 00:00:00;Válido
DO07669;TE01161;NR-10;2024-10-13 00:00:00;Pendente
DO07670;TE02724;Integração;2026-07-30 00:00:00;Válido
DO07671;TE02121;Seguro;2025-02-16 00:00:00;Válido
DO07672;TE00053;ASO;2025-10-25 00:00:00;Válido
DO07673;TE02757;ASO;2025-05-31 00:00:00;Válido
DO07674;TE00076;Integração;2025-06-24 00:00:00;Válido
DO07675;TE01479;Seguro;2026-01-17 00:00:00;Válido
DO07676;TE02323;ASO;2025-10-18 00:00:00;Válido
DO07677;TE02272;ASO;2025-06-27 00:00:00;Válido
DO07678;TE01371;Integração;2026-03-07 00:00:00;Pendente
DO07679;TE02997;NR-35;2024-12-01 00:00:00;Vencido
DO07680;TE00987;NR-10;2026-03-30 00:00:00;Válido
DO07681;TE00553;NR-10;2024-08-14 00:00:00;Vencido
DO07682;TE00387;Integração;2024-04-28 00:00:00;Válido
DO07683;TE03088;NR-35;2026-04-06 00:00:00;Válido
DO07684;TE01674;NR-10;2024-06-28 00:00:00;Válido
DO07685;TE00505;NR-35;2025-08-08 00:00:00;Válido
DO07686;TE00483;Seguro;2026-07-14 00:00:00;Válido
DO07687;TE02892;Integração;2025-09-06 00:00:00;Pendente
DO07688;TE01342;ASO;2025-12-06 00:00:00;Válido
DO07689;TE02531;NR-10;2024-04-05 00:00:00;Pendente
DO07690;TE01852;NR-10;2024-07-26 00:00:00;Pendente
DO07691;TE00599;ASO;2025-11-23 00:00:00;Válido
DO07692;TE01429;ASO;2025-04-14 00:00:00;Válido
DO07693;TE00483;NR-35;2024-06-30 00:00:00;Válido
DO07694;TE02719;NR-10;2024-05-03 00:00:00;Válido
DO07695;TE01397;Seguro;2024-07-20 00:00:00;Vencido
DO07696;TE02775;NR-10;2026-03-05 00:00:00;Válido
DO07697;TE02799;Integração;2026-06-30 00:00:00;Válido
DO07698;TE01495;Integração;2025-04-11 00:00:00;Válido
DO07699;TE00976;NR-35;2024-05-20 00:00:00;Válido
DO07700;TE01325;ASO;2026-04-27 00:00:00;Válido
DO07701;TE01554;Integração;2024-07-26 00:00:00;Válido
DO07702;TE02574;NR-10;2025-11-17 00:00:00;Válido
DO07703;TE00245;ASO;2024-01-20 00:00:00;Válido
DO07704;TE00766;NR-35;2024-04-13 00:00:00;Válido
DO07705;TE00943;Seguro;2025-03-08 00:00:00;Válido
DO07706;TE01132;NR-10;2025-11-20 00:00:00;Válido
DO07707;TE02768;NR-10;2026-03-01 00:00:00;Válido
DO07708;TE02549;Seguro;2024-03-04 00:00:00;Vencido
DO07709;TE02942;ASO;2025-11-04 00:00:00;Válido
DO07710;TE02769;NR-10;2024-12-03 00:00:00;Válido
DO07711;TE01959;NR-10;2026-06-01 00:00:00;Válido
DO07712;TE02608;ASO;2025-07-09 00:00:00;Válido
DO07713;TE01424;NR-35;2025-09-04 00:00:00;Válido
DO07714;TE02635;NR-10;2024-08-01 00:00:00;Válido
DO07715;TE00755;Seguro;2024-04-01 00:00:00;Válido
DO07716;TE02021;Integração;2025-05-21 00:00:00;Válido
DO07717;TE01732;Integração;2025-08-14 00:00:00;Válido
DO07718;TE02310;NR-10;2025-12-14 00:00:00;Válido
DO07719;TE00407;Integração;2025-03-04 00:00:00;Válido
DO07720;TE00168;Integração;2026-01-05 00:00:00;Válido
DO07721;TE02291;NR-10;2024-11-16 00:00:00;Válido
DO07722;TE00172;ASO;2024-01-26 00:00:00;Vencido
DO07723;TE02385;NR-35;2025-07-17 00:00:00;Válido
DO07724;TE01939;NR-35;2025-08-18 00:00:00;Válido
DO07725;TE01945;NR-10;2026-04-25 00:00:00;Válido
DO07726;TE02109;NR-35;2026-03-13 00:00:00;Válido
DO07727;TE02366;NR-35;2025-12-17 00:00:00;Válido
DO07728;TE01922;NR-10;2025-04-18 00:00:00;Vencido
DO07729;TE00357;NR-10;2024-09-23 00:00:00;Vencido
DO07730;TE00609;Seguro;2024-08-06 00:00:00;Válido
DO07731;TE01004;Seguro;2026-06-05 00:00:00;Vencido
DO07732;TE02491;Seguro;2024-07-22 00:00:00;Válido
DO07733;TE03147;NR-35;2024-01-26 00:00:00;Válido
DO07734;TE00425;Seguro;2026-05-12 00:00:00;Válido
DO07735;TE02835;Seguro;2026-06-17 00:00:00;Válido
DO07736;TE01662;ASO;2026-01-13 00:00:00;Válido
DO07737;TE00005;NR-35;2025-07-29 00:00:00;Válido
DO07738;TE01163;Integração;2026-06-07 00:00:00;Válido
DO07739;TE00171;Integração;2024-12-14 00:00:00;Pendente
DO07740;TE00986;NR-35;2026-07-06 00:00:00;Pendente
DO07741;TE03060;NR-10;2026-06-09 00:00:00;Pendente
DO07742;TE00846;ASO;2024-06-04 00:00:00;Válido
DO07743;TE01049;NR-35;2025-06-19 00:00:00;Vencido
DO07744;TE00185;Integração;2024-08-01 00:00:00;Pendente
DO07745;TE01545;NR-10;2025-03-12 00:00:00;Válido
DO07746;TE00586;NR-10;2024-12-05 00:00:00;Válido
DO07747;TE00580;NR-35;2024-12-06 00:00:00;Válido
DO07748;TE01528;Integração;2026-07-29 00:00:00;Válido
DO07749;TE00213;ASO;2025-02-16 00:00:00;Válido
DO07750;TE01663;Seguro;2026-01-09 00:00:00;Válido
DO07751;TE02659;Seguro;2025-02-28 00:00:00;Vencido
DO07752;TE01555;ASO;2026-04-15 00:00:00;Válido
DO07753;TE02302;NR-35;2025-12-14 00:00:00;Válido
DO07754;TE02103;Integração;2024-02-27 00:00:00;Válido
DO07755;TE02347;Seguro;2026-07-20 00:00:00;Válido
DO07756;TE02844;NR-35;2026-07-06 00:00:00;Válido
DO07757;TE01834;NR-10;2024-05-21 00:00:00;Válido
DO07758;TE00104;Integração;2024-05-24 00:00:00;Vencido
DO07759;TE00762;ASO;2026-04-23 00:00:00;Válido
DO07760;TE00641;NR-35;2026-01-19 00:00:00;Válido
DO07761;TE00075;Seguro;2024-11-12 00:00:00;Válido
DO07762;TE02482;ASO;2025-06-07 00:00:00;Válido
DO07763;TE01986;ASO;2025-07-09 00:00:00;Válido
DO07764;TE00218;Seguro;2024-12-27 00:00:00;Vencido
DO07765;TE01847;NR-35;2024-11-28 00:00:00;Válido
DO07766;TE02489;Integração;2025-07-08 00:00:00;Válido
DO07767;TE02979;Integração;2024-07-05 00:00:00;Válido
DO07768;TE00223;NR-35;2025-08-29 00:00:00;Válido
DO07769;TE01376;Seguro;2026-06-18 00:00:00;Válido
DO07770;TE01312;ASO;2024-01-29 00:00:00;Vencido
DO07771;TE01467;Integração;2024-10-11 00:00:00;Válido
DO07772;TE02098;Seguro;2025-01-21 00:00:00;Válido
DO07773;TE00309;Seguro;2024-02-09 00:00:00;Válido
DO07774;TE01498;ASO;2026-03-29 00:00:00;Vencido
DO07775;TE00682;NR-35;2026-06-28 00:00:00;Pendente
DO07776;TE02175;NR-35;2026-06-22 00:00:00;Válido
DO07777;TE02329;NR-10;2024-02-24 00:00:00;Válido
DO07778;TE00326;ASO;2025-01-03 00:00:00;Válido
DO07779;TE00165;NR-35;2024-03-15 00:00:00;Válido
DO07780;TE00724;NR-10;2024-01-13 00:00:00;Válido
DO07781;TE01201;NR-10;2024-11-29 00:00:00;Vencido
DO07782;TE00454;ASO;2025-01-16 00:00:00;Válido
DO07783;TE02766;Seguro;2024-07-16 00:00:00;Válido
DO07784;TE02329;Integração;2025-11-20 00:00:00;Válido
DO07785;TE02127;NR-10;2025-05-10 00:00:00;Válido
DO07786;TE01908;Integração;2024-03-28 00:00:00;Válido
DO07787;TE02105;Seguro;2025-08-20 00:00:00;Válido
DO07788;TE00418;ASO;2025-07-08 00:00:00;Válido
DO07789;TE01876;NR-35;2025-10-09 00:00:00;Pendente
DO07790;TE00996;Integração;2025-05-21 00:00:00;Válido
DO07791;TE01618;Integração;2024-01-26 00:00:00;Pendente
DO07792;TE01099;NR-35;2025-09-15 00:00:00;Válido
DO07793;TE01700;Integração;2025-09-23 00:00:00;Válido
DO07794;TE02116;NR-10;2026-02-26 00:00:00;Válido
DO07795;TE00191;ASO;2024-09-13 00:00:00;Válido
DO07796;TE01452;Integração;2024-08-28 00:00:00;Válido
DO07797;TE02223;ASO;2024-05-15 00:00:00;Válido
DO07798;TE01572;Integração;2024-02-29 00:00:00;Válido
DO07799;TE02367;Integração;2025-12-26 00:00:00;Vencido
DO07800;TE02190;ASO;2026-04-20 00:00:00;Válido
DO07801;TE00078;NR-10;2024-06-30 00:00:00;Válido
DO07802;TE01556;Integração;2024-06-06 00:00:00;Válido
DO07803;TE00491;Seguro;2025-03-06 00:00:00;Válido
DO07804;TE03102;NR-10;2026-01-05 00:00:00;Válido
DO07805;TE02336;NR-10;2025-04-01 00:00:00;Válido
DO07806;TE02404;NR-35;2024-05-30 00:00:00;Válido
DO07807;TE01021;Seguro;2025-05-30 00:00:00;Pendente
DO07808;TE01710;Seguro;2025-03-05 00:00:00;Pendente
DO07809;TE00589;ASO;2025-05-27 00:00:00;Vencido
DO07810;TE00256;NR-10;2025-06-05 00:00:00;Válido
DO07811;TE01502;Integração;2024-05-02 00:00:00;Válido
DO07812;TE00242;ASO;2025-09-04 00:00:00;Válido
DO07813;TE02311;NR-10;2026-04-05 00:00:00;Vencido
DO07814;TE02193;NR-35;2026-05-16 00:00:00;Vencido
DO07815;TE00021;ASO;2024-09-04 00:00:00;Válido
DO07816;TE00871;Seguro;2024-01-08 00:00:00;Válido
DO07817;TE00722;Integração;2026-06-01 00:00:00;Válido
DO07818;TE00351;ASO;2026-07-07 00:00:00;Válido
DO07819;TE00088;NR-35;2024-10-29 00:00:00;Vencido
DO07820;TE02835;Seguro;2025-05-11 00:00:00;Válido
DO07821;TE01853;Seguro;2026-01-20 00:00:00;Válido
DO07822;TE02862;NR-10;2025-03-10 00:00:00;Pendente
DO07823;TE00430;NR-10;2025-07-19 00:00:00;Válido
DO07824;TE00733;Integração;2024-04-16 00:00:00;Válido
DO07825;TE01634;Seguro;2024-03-22 00:00:00;Válido
DO07826;TE01310;ASO;2026-04-02 00:00:00;Válido
DO07827;TE02549;NR-10;2025-12-11 00:00:00;Pendente
DO07828;TE00918;NR-10;2024-05-23 00:00:00;Válido
DO07829;TE01397;Seguro;2024-01-24 00:00:00;Válido
DO07830;TE00754;ASO;2024-11-26 00:00:00;Válido
DO07831;TE00648;Seguro;2026-07-06 00:00:00;Válido
DO07832;TE01532;Integração;2025-12-21 00:00:00;Válido
DO07833;TE01369;NR-35;2025-09-20 00:00:00;Válido
DO07834;TE01850;NR-10;2026-05-05 00:00:00;Válido
DO07835;TE02954;ASO;2026-01-02 00:00:00;Válido
DO07836;TE00686;ASO;2024-02-09 00:00:00;Válido
DO07837;TE03191;NR-35;2025-09-10 00:00:00;Pendente
DO07838;TE02662;NR-10;2025-11-19 00:00:00;Válido
DO07839;TE01190;ASO;2026-07-08 00:00:00;Pendente
DO07840;TE01337;Seguro;2026-02-14 00:00:00;Válido
DO07841;TE02736;Seguro;2024-11-02 00:00:00;Válido
DO07842;TE01816;ASO;2025-04-02 00:00:00;Válido
DO07843;TE00276;ASO;2024-08-09 00:00:00;Válido
DO07844;TE02330;NR-10;2026-04-25 00:00:00;Válido
DO07845;TE02940;NR-10;2026-05-14 00:00:00;Válido
DO07846;TE02154;NR-35;2025-09-12 00:00:00;Válido
DO07847;TE01009;Seguro;2026-07-25 00:00:00;Válido
DO07848;TE03039;NR-35;2025-04-30 00:00:00;Válido
DO07849;TE01741;NR-35;2024-12-19 00:00:00;Válido
DO07850;TE02637;NR-35;2024-05-21 00:00:00;Válido
DO07851;TE03174;NR-10;2024-02-21 00:00:00;Válido
DO07852;TE03140;Integração;2025-10-23 00:00:00;Válido
DO07853;TE00099;ASO;2024-12-27 00:00:00;Válido
DO07854;TE02439;Integração;2025-09-26 00:00:00;Válido
DO07855;TE00515;ASO;2024-08-02 00:00:00;Válido
DO07856;TE03143;Integração;2024-01-28 00:00:00;Válido
DO07857;TE01107;Integração;2025-04-11 00:00:00;Válido
DO07858;TE01369;Seguro;2025-04-13 00:00:00;Válido
DO07859;TE00341;NR-10;2024-04-25 00:00:00;Válido
DO07860;TE00765;Integração;2026-05-08 00:00:00;Válido
DO07861;TE00930;NR-10;2025-05-04 00:00:00;Vencido
DO07862;TE02132;Seguro;2025-08-11 00:00:00;Válido
DO07863;TE02255;NR-10;2025-08-20 00:00:00;Vencido
DO07864;TE02525;Integração;2024-12-04 00:00:00;Válido
DO07865;TE02926;NR-10;2024-03-27 00:00:00;Válido
DO07866;TE02721;NR-35;2025-11-10 00:00:00;Válido
DO07867;TE00886;Integração;2025-09-24 00:00:00;Válido
DO07868;TE02712;ASO;2024-04-26 00:00:00;Válido
DO07869;TE02488;ASO;2024-01-03 00:00:00;Vencido
DO07870;TE02324;ASO;2025-11-16 00:00:00;Válido
DO07871;TE01082;ASO;2024-05-21 00:00:00;Válido
DO07872;TE02196;NR-10;2024-03-08 00:00:00;Válido
DO07873;TE03074;NR-10;2026-05-23 00:00:00;Válido
DO07874;TE00812;NR-35;2025-05-12 00:00:00;Válido
DO07875;TE01803;ASO;2024-09-18 00:00:00;Válido
DO07876;TE02756;NR-35;2024-07-18 00:00:00;Válido
DO07877;TE01168;NR-35;2024-02-28 00:00:00;Vencido
DO07878;TE00249;Integração;2025-02-18 00:00:00;Válido
DO07879;TE01903;ASO;2024-05-14 00:00:00;Válido
DO07880;TE02291;ASO;2025-09-10 00:00:00;Pendente
DO07881;TE00861;NR-35;2024-01-22 00:00:00;Vencido
DO07882;TE00781;ASO;2024-06-25 00:00:00;Válido
DO07883;TE01886;Seguro;2024-07-21 00:00:00;Pendente
DO07884;TE01399;Integração;2024-01-14 00:00:00;Válido
DO07885;TE00394;ASO;2024-03-07 00:00:00;Válido
DO07886;TE02123;Seguro;2026-06-30 00:00:00;Válido
DO07887;TE02669;Seguro;2025-06-11 00:00:00;Válido
DO07888;TE02474;NR-35;2025-12-27 00:00:00;Válido
DO07889;TE01001;NR-10;2026-04-22 00:00:00;Válido
DO07890;TE02626;NR-10;2026-04-24 00:00:00;Válido
DO07891;TE00418;Integração;2025-09-22 00:00:00;Válido
DO07892;TE02337;ASO;2024-08-16 00:00:00;Válido
DO07893;TE02500;NR-10;2024-08-04 00:00:00;Válido
DO07894;TE01789;ASO;2025-05-12 00:00:00;Pendente
DO07895;TE01394;Seguro;2026-05-14 00:00:00;Válido
DO07896;TE02613;NR-35;2026-05-17 00:00:00;Válido
DO07897;TE00761;Integração;2026-01-14 00:00:00;Vencido
DO07898;TE00840;Integração;2025-10-29 00:00:00;Válido
DO07899;TE01477;ASO;2024-06-16 00:00:00;Válido
DO07900;TE00500;Seguro;2026-04-06 00:00:00;Válido
DO07901;TE01718;Seguro;2026-05-22 00:00:00;Vencido
DO07902;TE00340;ASO;2024-04-23 00:00:00;Válido
DO07903;TE01886;Seguro;2024-08-31 00:00:00;Válido
DO07904;TE01975;ASO;2025-04-11 00:00:00;Válido
DO07905;TE00803;Seguro;2026-01-03 00:00:00;Vencido
DO07906;TE02015;ASO;2026-07-07 00:00:00;Pendente
DO07907;TE01114;Integração;2026-06-22 00:00:00;Válido
DO07908;TE00929;Seguro;2024-11-15 00:00:00;Válido
DO07909;TE02275;NR-10;2025-12-08 00:00:00;Válido
DO07910;TE01145;Seguro;2025-10-30 00:00:00;Válido
DO07911;TE01422;NR-35;2024-09-10 00:00:00;Válido
DO07912;TE01425;ASO;2025-10-25 00:00:00;Válido
DO07913;TE01366;Integração;2026-04-08 00:00:00;Válido
DO07914;TE01790;Seguro;2024-03-09 00:00:00;Válido
DO07915;TE02808;Integração;2024-08-19 00:00:00;Válido
DO07916;TE01229;ASO;2024-09-05 00:00:00;Válido
DO07917;TE01225;Integração;2026-07-11 00:00:00;Válido
DO07918;TE02636;ASO;2026-02-20 00:00:00;Válido
DO07919;TE02963;Seguro;2024-05-27 00:00:00;Válido
DO07920;TE01224;NR-10;2025-12-29 00:00:00;Vencido
DO07921;TE01236;NR-35;2025-12-21 00:00:00;Válido
DO07922;TE00552;Integração;2025-06-13 00:00:00;Vencido
DO07923;TE01285;Seguro;2025-03-02 00:00:00;Válido
DO07924;TE01242;NR-10;2026-03-01 00:00:00;Válido
DO07925;TE02146;ASO;2024-02-25 00:00:00;Válido
DO07926;TE02653;NR-35;2025-04-19 00:00:00;Vencido
DO07927;TE01554;ASO;2024-02-07 00:00:00;Válido
DO07928;TE01669;ASO;2025-07-29 00:00:00;Válido
DO07929;TE01462;Seguro;2025-09-29 00:00:00;Válido
DO07930;TE03072;NR-35;2025-03-13 00:00:00;Válido
DO07931;TE01942;NR-35;2024-03-12 00:00:00;Válido
DO07932;TE00998;Integração;2024-05-15 00:00:00;Válido
DO07933;TE02039;Integração;2025-10-23 00:00:00;Válido
DO07934;TE00600;NR-35;2026-07-11 00:00:00;Válido
DO07935;TE01610;Integração;2024-10-13 00:00:00;Vencido
DO07936;TE01432;ASO;2024-12-14 00:00:00;Válido
DO07937;TE02296;NR-10;2025-10-09 00:00:00;Pendente
DO07938;TE03038;Seguro;2024-08-17 00:00:00;Válido
DO07939;TE01866;Seguro;2026-02-11 00:00:00;Vencido
DO07940;TE00527;ASO;2025-11-10 00:00:00;Válido
DO07941;TE01084;Seguro;2025-04-30 00:00:00;Válido
DO07942;TE02673;NR-10;2025-12-14 00:00:00;Válido
DO07943;TE01478;NR-10;2025-05-29 00:00:00;Válido
DO07944;TE02989;NR-35;2024-03-27 00:00:00;Válido
DO07945;TE00316;ASO;2024-12-16 00:00:00;Válido
DO07946;TE02295;Integração;2026-05-07 00:00:00;Válido
DO07947;TE02393;Seguro;2024-05-17 00:00:00;Válido
DO07948;TE00762;Seguro;2024-07-08 00:00:00;Válido
DO07949;TE00834;NR-10;2024-07-16 00:00:00;Válido
DO07950;TE01686;NR-35;2025-01-06 00:00:00;Válido
DO07951;TE00238;Integração;2025-02-05 00:00:00;Válido
DO07952;TE02362;ASO;2025-05-30 00:00:00;Válido
DO07953;TE01320;Integração;2025-08-26 00:00:00;Válido
DO07954;TE00679;NR-35;2026-03-09 00:00:00;Válido
DO07955;TE01038;ASO;2024-07-20 00:00:00;Válido
DO07956;TE02114;Integração;2025-12-08 00:00:00;Válido
DO07957;TE00449;Seguro;2026-05-22 00:00:00;Válido
DO07958;TE02329;NR-10;2024-03-10 00:00:00;Válido
DO07959;TE00572;Seguro;2024-02-09 00:00:00;Válido
DO07960;TE00003;Integração;2026-05-24 00:00:00;Válido
DO07961;TE02732;Seguro;2025-02-05 00:00:00;Válido
DO07962;TE01901;NR-35;2025-05-09 00:00:00;Válido
DO07963;TE03045;NR-10;2026-05-04 00:00:00;Válido
DO07964;TE01735;ASO;2024-02-21 00:00:00;Vencido
DO07965;TE00683;NR-10;2025-12-03 00:00:00;Válido
DO07966;TE01599;NR-35;2026-03-12 00:00:00;Válido
DO07967;TE02979;Seguro;2024-03-13 00:00:00;Válido
DO07968;TE01124;Integração;2025-12-03 00:00:00;Válido
DO07969;TE00659;Integração;2024-10-01 00:00:00;Válido
DO07970;TE01724;Integração;2024-04-07 00:00:00;Válido
DO07971;TE00423;Seguro;2024-08-11 00:00:00;Vencido
DO07972;TE00197;NR-35;2025-05-21 00:00:00;Válido
DO07973;TE02162;NR-35;2025-09-13 00:00:00;Válido
DO07974;TE00616;Seguro;2025-01-20 00:00:00;Válido
DO07975;TE01435;NR-10;2026-07-14 00:00:00;Válido
DO07976;TE01735;ASO;2025-01-27 00:00:00;Válido
DO07977;TE01064;Integração;2025-07-24 00:00:00;Válido
DO07978;TE00873;Seguro;2025-09-01 00:00:00;Válido
DO07979;TE02958;NR-10;2025-06-30 00:00:00;Válido
DO07980;TE00530;NR-10;2026-06-20 00:00:00;Válido
DO07981;TE01505;Seguro;2025-11-11 00:00:00;Válido
DO07982;TE02369;NR-10;2025-08-24 00:00:00;Válido
DO07983;TE02660;NR-10;2026-07-24 00:00:00;Válido
DO07984;TE00775;Integração;2025-05-22 00:00:00;Válido
DO07985;TE01434;Integração;2025-03-18 00:00:00;Pendente
DO07986;TE00844;NR-35;2025-03-31 00:00:00;Válido
DO07987;TE00753;Integração;2025-11-09 00:00:00;Válido
DO07988;TE00634;Integração;2024-09-16 00:00:00;Válido
DO07989;TE02131;Seguro;2025-10-01 00:00:00;Vencido
DO07990;TE00976;Integração;2026-04-03 00:00:00;Válido
DO07991;TE00827;Integração;2024-11-15 00:00:00;Válido
DO07992;TE02896;ASO;2025-03-14 00:00:00;Pendente
DO07993;TE01621;NR-35;2024-01-27 00:00:00;Válido
DO07994;TE02474;Integração;2025-12-08 00:00:00;Válido
DO07995;TE02494;Seguro;2026-06-03 00:00:00;Pendente
DO07996;TE00755;Seguro;2024-01-20 00:00:00;Válido
DO07997;TE01061;Integração;2024-03-10 00:00:00;Válido
DO07998;TE03195;NR-35;2025-03-24 00:00:00;Válido
DO07999;TE02154;Integração;2024-08-06 00:00:00;Válido
DO08000;TE00115;NR-10;2024-02-24 00:00:00;Válido
DO08001;TE01182;NR-35;2025-12-13 00:00:00;Vencido
DO08002;TE02875;Seguro;2025-01-15 00:00:00;Válido
DO08003;TE02274;Seguro;2025-03-25 00:00:00;Válido
DO08004;TE02289;Integração;2026-02-02 00:00:00;Válido
DO08005;TE00537;Integração;2025-02-10 00:00:00;Válido
DO08006;TE02901;NR-35;2025-10-24 00:00:00;Vencido
DO08007;TE00989;NR-35;2025-09-05 00:00:00;Válido
DO08008;TE00120;Integração;2024-12-30 00:00:00;Válido
DO08009;TE00458;Integração;2024-02-24 00:00:00;Válido
DO08010;TE01976;ASO;2025-05-10 00:00:00;Vencido
DO08011;TE03111;Integração;2025-05-06 00:00:00;Válido
DO08012;TE01705;ASO;2024-12-22 00:00:00;Válido
DO08013;TE02396;NR-35;2024-06-23 00:00:00;Válido
DO08014;TE00421;Integração;2026-02-13 00:00:00;Vencido
DO08015;TE02872;Seguro;2025-08-23 00:00:00;Válido
DO08016;TE02992;NR-10;2024-11-02 00:00:00;Válido
DO08017;TE00154;NR-35;2024-11-11 00:00:00;Válido
DO08018;TE00859;Integração;2026-07-07 00:00:00;Válido
DO08019;TE02569;Seguro;2025-11-05 00:00:00;Válido
DO08020;TE00186;NR-10;2024-02-08 00:00:00;Válido
DO08021;TE00842;NR-35;2026-03-01 00:00:00;Válido
DO08022;TE00014;NR-10;2026-06-28 00:00:00;Válido
DO08023;TE02083;NR-35;2025-05-04 00:00:00;Válido
DO08024;TE03066;NR-35;2025-01-13 00:00:00;Válido
DO08025;TE01608;Integração;2024-07-29 00:00:00;Válido
DO08026;TE01559;Seguro;2025-10-26 00:00:00;Vencido
DO08027;TE00625;Integração;2025-05-23 00:00:00;Vencido
DO08028;TE00332;Seguro;2025-11-11 00:00:00;Pendente
DO08029;TE01592;Integração;2026-03-08 00:00:00;Válido
DO08030;TE01494;NR-10;2026-01-15 00:00:00;Pendente
DO08031;TE01839;NR-35;2025-02-28 00:00:00;Válido
DO08032;TE02794;Seguro;2024-06-19 00:00:00;Pendente
DO08033;TE02367;ASO;2024-11-21 00:00:00;Válido
DO08034;TE02524;NR-35;2026-02-25 00:00:00;Válido
DO08035;TE02908;NR-35;2025-07-14 00:00:00;Válido
DO08036;TE01982;ASO;2024-04-02 00:00:00;Válido
DO08037;TE02783;NR-35;2026-03-24 00:00:00;Vencido
DO08038;TE02491;NR-35;2025-06-12 00:00:00;Válido
DO08039;TE03073;NR-10;2024-02-18 00:00:00;Válido
DO08040;TE01896;ASO;2024-10-29 00:00:00;Vencido
DO08041;TE02998;Seguro;2025-04-18 00:00:00;Válido
DO08042;TE02875;Seguro;2025-04-26 00:00:00;Pendente
DO08043;TE00127;Seguro;2024-01-24 00:00:00;Válido
DO08044;TE01399;Seguro;2026-05-16 00:00:00;Válido
DO08045;TE02908;NR-35;2025-07-07 00:00:00;Válido
DO08046;TE03067;NR-10;2024-04-03 00:00:00;Válido
DO08047;TE02225;NR-35;2024-04-19 00:00:00;Válido
DO08048;TE00499;ASO;2025-05-01 00:00:00;Vencido
DO08049;TE02424;Integração;2024-02-02 00:00:00;Pendente
DO08050;TE02279;NR-10;2026-02-11 00:00:00;Válido
DO08051;TE00226;NR-10;2026-06-02 00:00:00;Válido
DO08052;TE02332;NR-10;2024-06-10 00:00:00;Válido
DO08053;TE02007;Seguro;2025-05-09 00:00:00;Pendente
DO08054;TE02999;Integração;2024-11-19 00:00:00;Válido
DO08055;TE02418;ASO;2025-06-18 00:00:00;Válido
DO08056;TE01691;NR-35;2025-10-19 00:00:00;Válido
DO08057;TE01963;NR-10;2025-01-25 00:00:00;Vencido
DO08058;TE01297;ASO;2024-11-02 00:00:00;Válido
DO08059;TE02535;NR-10;2024-11-17 00:00:00;Pendente
DO08060;TE00305;NR-10;2025-11-30 00:00:00;Válido
DO08061;TE00444;ASO;2024-01-05 00:00:00;Válido
DO08062;TE02013;Seguro;2026-01-12 00:00:00;Pendente
DO08063;TE02448;Integração;2025-03-21 00:00:00;Válido
DO08064;TE01275;Integração;2025-03-13 00:00:00;Válido
DO08065;TE00657;Integração;2025-06-20 00:00:00;Válido
DO08066;TE01325;NR-10;2025-08-18 00:00:00;Válido
DO08067;TE00435;Integração;2025-03-03 00:00:00;Pendente
DO08068;TE01343;NR-10;2024-06-24 00:00:00;Válido
DO08069;TE03061;Seguro;2024-10-15 00:00:00;Pendente
DO08070;TE00991;Seguro;2024-11-03 00:00:00;Pendente
DO08071;TE03028;Seguro;2026-06-10 00:00:00;Válido
DO08072;TE00980;Integração;2026-01-09 00:00:00;Válido
DO08073;TE01181;Integração;2025-08-28 00:00:00;Pendente
DO08074;TE02469;NR-35;2024-06-26 00:00:00;Válido
DO08075;TE01282;NR-35;2024-10-11 00:00:00;Vencido
DO08076;TE01329;NR-35;2025-06-10 00:00:00;Válido
DO08077;TE01705;NR-35;2024-07-22 00:00:00;Válido
DO08078;TE00993;ASO;2025-05-29 00:00:00;Válido
DO08079;TE01175;ASO;2025-02-02 00:00:00;Válido
DO08080;TE01331;NR-35;2026-02-25 00:00:00;Válido
DO08081;TE01094;Integração;2024-04-24 00:00:00;Pendente
DO08082;TE02275;ASO;2026-01-06 00:00:00;Válido
DO08083;TE00177;Integração;2025-10-14 00:00:00;Válido
DO08084;TE00494;Integração;2026-07-31 00:00:00;Válido
DO08085;TE02789;NR-35;2025-09-03 00:00:00;Válido
DO08086;TE00566;NR-35;2024-04-20 00:00:00;Válido
DO08087;TE02933;NR-35;2025-07-24 00:00:00;Válido
DO08088;TE02597;NR-10;2024-03-28 00:00:00;Válido
DO08089;TE02736;NR-35;2026-06-28 00:00:00;Válido
DO08090;TE01927;NR-10;2026-07-23 00:00:00;Válido
DO08091;TE02321;Integração;2026-06-17 00:00:00;Válido
DO08092;TE01041;NR-35;2025-02-02 00:00:00;Válido
DO08093;TE00728;NR-10;2025-03-18 00:00:00;Vencido
DO08094;TE03011;NR-35;2025-08-06 00:00:00;Válido
DO08095;TE02808;Seguro;2025-12-14 00:00:00;Válido
DO08096;TE01985;Seguro;2025-06-23 00:00:00;Válido
DO08097;TE01949;Seguro;2024-08-16 00:00:00;Vencido
DO08098;TE02433;Seguro;2024-09-24 00:00:00;Válido
DO08099;TE00444;Seguro;2024-07-03 00:00:00;Vencido
DO08100;TE01794;Seguro;2026-02-04 00:00:00;Válido
DO08101;TE00003;NR-35;2024-11-02 00:00:00;Válido
DO08102;TE01827;Integração;2025-01-12 00:00:00;Pendente
DO08103;TE02792;NR-35;2024-04-01 00:00:00;Válido
DO08104;TE02576;NR-10;2026-04-11 00:00:00;Válido
DO08105;TE01782;NR-10;2024-09-24 00:00:00;Válido
DO08106;TE01820;Seguro;2025-06-17 00:00:00;Válido
DO08107;TE00892;Seguro;2024-02-20 00:00:00;Válido
DO08108;TE02547;Integração;2024-08-12 00:00:00;Válido
DO08109;TE00025;NR-10;2024-11-11 00:00:00;Válido
DO08110;TE01312;Seguro;2025-08-22 00:00:00;Válido
DO08111;TE01901;ASO;2025-10-05 00:00:00;Válido
DO08112;TE00256;NR-35;2025-02-24 00:00:00;Vencido
DO08113;TE02888;Integração;2025-03-23 00:00:00;Válido
DO08114;TE01761;Seguro;2025-11-10 00:00:00;Válido
DO08115;TE02708;ASO;2024-05-27 00:00:00;Válido
DO08116;TE00823;NR-10;2025-04-02 00:00:00;Válido
DO08117;TE02855;ASO;2025-12-27 00:00:00;Válido
DO08118;TE02462;NR-10;2024-01-10 00:00:00;Válido
DO08119;TE01456;ASO;2026-01-30 00:00:00;Vencido
DO08120;TE03146;ASO;2025-08-11 00:00:00;Válido
DO08121;TE00582;Integração;2026-02-19 00:00:00;Válido
DO08122;TE02269;Seguro;2024-06-13 00:00:00;Vencido
DO08123;TE01338;NR-35;2026-04-27 00:00:00;Válido
DO08124;TE00969;NR-10;2026-01-30 00:00:00;Válido
DO08125;TE00479;Integração;2026-07-22 00:00:00;Válido
DO08126;TE02191;Seguro;2024-11-30 00:00:00;Válido
DO08127;TE02483;NR-35;2024-08-24 00:00:00;Válido
DO08128;TE02303;ASO;2025-04-17 00:00:00;Válido
DO08129;TE00261;ASO;2024-09-23 00:00:00;Válido
DO08130;TE00281;Integração;2024-07-12 00:00:00;Válido
DO08131;TE02212;ASO;2024-04-12 00:00:00;Válido
DO08132;TE03044;NR-35;2026-01-27 00:00:00;Válido
DO08133;TE00394;Seguro;2026-01-31 00:00:00;Válido
DO08134;TE03049;NR-35;2024-02-06 00:00:00;Válido
DO08135;TE02893;Integração;2024-12-24 00:00:00;Válido
DO08136;TE00254;ASO;2024-07-28 00:00:00;Válido
DO08137;TE00028;NR-35;2024-12-27 00:00:00;Válido
DO08138;TE01905;ASO;2024-05-13 00:00:00;Válido
DO08139;TE01728;Seguro;2024-12-11 00:00:00;Válido
DO08140;TE01769;Integração;2024-09-25 00:00:00;Válido
DO08141;TE02609;ASO;2025-12-02 00:00:00;Válido
DO08142;TE02985;Seguro;2025-05-21 00:00:00;Válido
DO08143;TE00052;Seguro;2024-02-09 00:00:00;Vencido
DO08144;TE00615;NR-35;2026-01-14 00:00:00;Válido
DO08145;TE00651;Seguro;2025-03-11 00:00:00;Válido
DO08146;TE01937;Integração;2026-04-18 00:00:00;Válido
DO08147;TE01416;Integração;2026-01-07 00:00:00;Vencido
DO08148;TE00616;Integração;2026-01-07 00:00:00;Válido
DO08149;TE01062;ASO;2024-10-26 00:00:00;Válido
DO08150;TE01199;NR-10;2024-07-26 00:00:00;Válido
DO08151;TE02781;NR-10;2025-09-09 00:00:00;Válido
DO08152;TE01316;Integração;2026-04-18 00:00:00;Válido
DO08153;TE01371;Integração;2025-11-13 00:00:00;Válido
DO08154;TE02642;NR-10;2025-04-18 00:00:00;Pendente
DO08155;TE02572;ASO;2025-07-16 00:00:00;Válido
DO08156;TE03092;Integração;2026-06-26 00:00:00;Vencido
DO08157;TE00643;ASO;2024-01-20 00:00:00;Válido
DO08158;TE01952;Integração;2026-05-30 00:00:00;Válido
DO08159;TE02556;Integração;2026-07-31 00:00:00;Válido
DO08160;TE01377;Integração;2026-01-03 00:00:00;Válido
DO08161;TE02958;NR-10;2024-02-11 00:00:00;Válido
DO08162;TE01348;NR-35;2026-04-13 00:00:00;Válido
DO08163;TE01714;Seguro;2025-10-31 00:00:00;Vencido
DO08164;TE02742;ASO;2026-01-19 00:00:00;Válido
DO08165;TE00664;Integração;2024-05-05 00:00:00;Válido
DO08166;TE02779;Integração;2024-04-01 00:00:00;Válido
DO08167;TE02496;Seguro;2025-12-10 00:00:00;Válido
DO08168;TE00556;NR-35;2024-07-07 00:00:00;Pendente
DO08169;TE02543;NR-35;2025-10-22 00:00:00;Válido
DO08170;TE00278;NR-10;2026-02-21 00:00:00;Válido
DO08171;TE00302;Seguro;2024-02-08 00:00:00;Válido
DO08172;TE01348;Integração;2024-01-30 00:00:00;Válido
DO08173;TE02573;NR-35;2025-02-22 00:00:00;Válido
DO08174;TE01981;NR-35;2026-06-14 00:00:00;Válido
DO08175;TE00259;Seguro;2025-03-31 00:00:00;Válido
DO08176;TE03077;NR-10;2024-11-03 00:00:00;Válido
DO08177;TE00446;ASO;2025-03-12 00:00:00;Vencido
DO08178;TE01367;Integração;2025-04-17 00:00:00;Válido
DO08179;TE00422;Seguro;2025-06-03 00:00:00;Válido
DO08180;TE00079;NR-10;2024-06-13 00:00:00;Válido
DO08181;TE00119;ASO;2025-05-18 00:00:00;Válido
DO08182;TE00436;ASO;2026-07-18 00:00:00;Válido
DO08183;TE00076;NR-10;2026-04-08 00:00:00;Válido
DO08184;TE00746;Seguro;2026-05-11 00:00:00;Vencido
DO08185;TE01226;NR-10;2024-01-19 00:00:00;Pendente
DO08186;TE03163;ASO;2025-06-14 00:00:00;Válido
DO08187;TE00976;Seguro;2024-08-16 00:00:00;Vencido
DO08188;TE01781;ASO;2026-01-27 00:00:00;Válido
DO08189;TE00445;Integração;2024-08-10 00:00:00;Válido
DO08190;TE01601;NR-35;2025-05-04 00:00:00;Válido
DO08191;TE02241;Seguro;2024-02-13 00:00:00;Válido
DO08192;TE01533;NR-35;2024-05-04 00:00:00;Válido
DO08193;TE01904;ASO;2025-01-22 00:00:00;Válido
DO08194;TE00242;Integração;2026-03-28 00:00:00;Vencido
DO08195;TE01677;NR-10;2025-06-03 00:00:00;Pendente
DO08196;TE00647;NR-35;2025-05-31 00:00:00;Válido
DO08197;TE02157;Seguro;2024-10-13 00:00:00;Pendente
DO08198;TE01842;NR-10;2026-02-13 00:00:00;Válido
DO08199;TE02122;Seguro;2026-05-26 00:00:00;Válido
DO08200;TE02638;Seguro;2024-09-28 00:00:00;Pendente
DO08201;TE01421;NR-35;2024-09-22 00:00:00;Vencido
DO08202;TE02359;NR-35;2026-07-02 00:00:00;Válido
DO08203;TE01560;ASO;2024-11-13 00:00:00;Válido
DO08204;TE01171;NR-10;2026-06-26 00:00:00;Válido
DO08205;TE02839;NR-35;2025-07-04 00:00:00;Válido
DO08206;TE02780;Integração;2024-11-15 00:00:00;Válido
DO08207;TE00170;NR-35;2026-01-29 00:00:00;Pendente
DO08208;TE02929;NR-35;2025-08-30 00:00:00;Válido
DO08209;TE01598;Seguro;2024-03-25 00:00:00;Válido
DO08210;TE00193;NR-35;2024-02-20 00:00:00;Válido
DO08211;TE02714;Seguro;2025-03-08 00:00:00;Válido
DO08212;TE01701;ASO;2026-05-17 00:00:00;Válido
DO08213;TE02327;NR-35;2024-06-11 00:00:00;Válido
DO08214;TE01941;NR-35;2025-02-01 00:00:00;Válido
DO08215;TE02046;NR-35;2024-12-18 00:00:00;Válido
DO08216;TE00259;Seguro;2025-12-04 00:00:00;Válido
DO08217;TE01147;ASO;2025-01-08 00:00:00;Válido
DO08218;TE00306;Integração;2026-07-25 00:00:00;Vencido
DO08219;TE00103;NR-35;2026-03-20 00:00:00;Vencido
DO08220;TE00119;NR-35;2026-06-25 00:00:00;Válido
DO08221;TE00681;Seguro;2024-06-30 00:00:00;Válido
DO08222;TE00611;Integração;2025-05-24 00:00:00;Vencido
DO08223;TE02017;Seguro;2024-02-27 00:00:00;Válido
DO08224;TE00451;Seguro;2025-09-24 00:00:00;Válido
DO08225;TE01478;NR-10;2026-05-23 00:00:00;Válido
DO08226;TE00149;Seguro;2026-04-09 00:00:00;Válido
DO08227;TE01669;NR-10;2026-07-14 00:00:00;Válido
DO08228;TE01930;ASO;2024-12-23 00:00:00;Válido
DO08229;TE00512;NR-35;2024-11-25 00:00:00;Válido
DO08230;TE01300;NR-35;2024-02-12 00:00:00;Válido
DO08231;TE00589;NR-35;2024-02-05 00:00:00;Válido
DO08232;TE01950;NR-10;2024-02-25 00:00:00;Válido
DO08233;TE01594;Seguro;2026-06-06 00:00:00;Válido
DO08234;TE02347;NR-10;2024-07-14 00:00:00;Válido
DO08235;TE00307;NR-10;2024-07-12 00:00:00;Válido
DO08236;TE00656;Seguro;2024-12-15 00:00:00;Vencido
DO08237;TE00587;NR-35;2024-02-17 00:00:00;Válido
DO08238;TE01770;ASO;2024-11-05 00:00:00;Vencido
DO08239;TE03171;Integração;2025-11-21 00:00:00;Válido
DO08240;TE02229;Integração;2025-01-15 00:00:00;Válido
DO08241;TE00998;Integração;2025-02-26 00:00:00;Válido
DO08242;TE01892;Integração;2025-06-06 00:00:00;Válido
DO08243;TE00887;ASO;2024-11-15 00:00:00;Válido
DO08244;TE02241;Integração;2024-02-01 00:00:00;Válido
DO08245;TE00338;ASO;2026-06-05 00:00:00;Válido
DO08246;TE01175;NR-35;2025-02-14 00:00:00;Válido
DO08247;TE01891;NR-10;2024-02-15 00:00:00;Válido
DO08248;TE01864;Integração;2025-03-30 00:00:00;Pendente
DO08249;TE02457;NR-10;2025-01-13 00:00:00;Válido
DO08250;TE02268;NR-35;2024-05-19 00:00:00;Válido
DO08251;TE00982;Integração;2025-01-30 00:00:00;Válido
DO08252;TE01613;Integração;2025-05-31 00:00:00;Válido
DO08253;TE01675;ASO;2025-06-13 00:00:00;Válido
DO08254;TE02955;Seguro;2025-05-20 00:00:00;Vencido
DO08255;TE01715;Integração;2024-11-04 00:00:00;Válido
DO08256;TE01968;NR-35;2025-06-12 00:00:00;Válido
DO08257;TE01663;Seguro;2026-03-12 00:00:00;Válido
DO08258;TE00315;Seguro;2024-03-09 00:00:00;Válido
DO08259;TE01244;Integração;2026-02-12 00:00:00;Válido
DO08260;TE02275;Integração;2025-03-18 00:00:00;Válido
DO08261;TE00059;Integração;2025-12-29 00:00:00;Válido
DO08262;TE00092;NR-35;2026-05-05 00:00:00;Vencido
DO08263;TE01577;NR-35;2025-03-11 00:00:00;Válido
DO08264;TE00109;Integração;2025-06-16 00:00:00;Pendente
DO08265;TE00015;NR-35;2024-03-04 00:00:00;Válido
DO08266;TE02979;Seguro;2025-07-31 00:00:00;Válido
DO08267;TE02084;NR-10;2025-08-19 00:00:00;Válido
DO08268;TE00784;Seguro;2026-01-12 00:00:00;Pendente
DO08269;TE00976;Seguro;2025-11-04 00:00:00;Válido
DO08270;TE01076;NR-10;2026-07-27 00:00:00;Válido
DO08271;TE00695;Seguro;2026-04-05 00:00:00;Válido
DO08272;TE02974;NR-10;2024-05-09 00:00:00;Válido
DO08273;TE02437;NR-35;2024-04-11 00:00:00;Válido
DO08274;TE01512;NR-10;2026-06-16 00:00:00;Pendente
DO08275;TE01058;ASO;2025-04-29 00:00:00;Válido
DO08276;TE01034;Integração;2024-02-09 00:00:00;Válido
DO08277;TE01871;NR-35;2025-09-13 00:00:00;Válido
DO08278;TE02088;NR-35;2025-02-08 00:00:00;Válido
DO08279;TE01472;NR-35;2024-02-03 00:00:00;Válido
DO08280;TE00874;ASO;2025-05-07 00:00:00;Válido
DO08281;TE02185;Integração;2025-07-24 00:00:00;Válido
DO08282;TE00066;NR-10;2024-09-17 00:00:00;Válido
DO08283;TE02257;NR-35;2026-05-17 00:00:00;Vencido
DO08284;TE02267;NR-10;2025-01-20 00:00:00;Válido
DO08285;TE01155;Integração;2025-10-08 00:00:00;Válido
DO08286;TE02384;Seguro;2026-07-26 00:00:00;Válido
DO08287;TE01375;ASO;2024-07-17 00:00:00;Válido
DO08288;TE01155;Integração;2026-03-09 00:00:00;Válido
DO08289;TE02142;NR-35;2024-08-29 00:00:00;Válido
DO08290;TE01644;NR-10;2024-03-15 00:00:00;Válido
DO08291;TE01385;Seguro;2024-06-27 00:00:00;Válido
DO08292;TE01638;ASO;2024-07-16 00:00:00;Válido
DO08293;TE00447;Seguro;2024-01-11 00:00:00;Válido
DO08294;TE02741;NR-35;2025-05-17 00:00:00;Válido
DO08295;TE00050;ASO;2025-02-16 00:00:00;Pendente
DO08296;TE01905;ASO;2025-10-29 00:00:00;Válido
DO08297;TE01122;NR-35;2026-03-25 00:00:00;Válido
DO08298;TE00214;ASO;2026-07-14 00:00:00;Válido
DO08299;TE01850;NR-10;2025-02-17 00:00:00;Válido
DO08300;TE01260;ASO;2025-10-28 00:00:00;Válido
DO08301;TE01971;NR-10;2024-07-07 00:00:00;Válido
DO08302;TE00733;ASO;2024-07-07 00:00:00;Válido
DO08303;TE02382;NR-10;2024-06-20 00:00:00;Válido
DO08304;TE02672;NR-35;2026-07-16 00:00:00;Válido
DO08305;TE01097;ASO;2024-08-16 00:00:00;Vencido
DO08306;TE01034;ASO;2024-09-11 00:00:00;Válido
DO08307;TE01856;Seguro;2025-04-03 00:00:00;Válido
DO08308;TE02135;NR-35;2024-07-22 00:00:00;Válido
DO08309;TE00466;NR-35;2026-03-31 00:00:00;Válido
DO08310;TE02601;NR-35;2026-07-08 00:00:00;Válido
DO08311;TE01043;Integração;2025-01-17 00:00:00;Vencido
DO08312;TE02198;Integração;2024-04-12 00:00:00;Válido
DO08313;TE00180;NR-10;2026-04-30 00:00:00;Válido
DO08314;TE02566;Seguro;2026-04-06 00:00:00;Válido
DO08315;TE00370;NR-10;2025-05-17 00:00:00;Válido
DO08316;TE00176;NR-35;2026-07-07 00:00:00;Pendente
DO08317;TE01282;ASO;2024-06-29 00:00:00;Válido
DO08318;TE02006;NR-35;2025-03-07 00:00:00;Vencido
DO08319;TE02255;Seguro;2024-07-27 00:00:00;Válido
DO08320;TE00324;ASO;2024-03-01 00:00:00;Válido
DO08321;TE00057;NR-35;2026-02-10 00:00:00;Válido
DO08322;TE00303;Seguro;2026-05-25 00:00:00;Válido
DO08323;TE01808;ASO;2024-08-10 00:00:00;Válido
DO08324;TE01125;Seguro;2025-07-01 00:00:00;Vencido
DO08325;TE02283;ASO;2025-12-15 00:00:00;Válido
DO08326;TE01665;NR-10;2026-01-15 00:00:00;Vencido
DO08327;TE00052;Seguro;2026-05-01 00:00:00;Válido
DO08328;TE02240;NR-35;2024-11-24 00:00:00;Válido
DO08329;TE00001;Integração;2025-03-13 00:00:00;Válido
DO08330;TE02069;Integração;2025-09-25 00:00:00;Válido
DO08331;TE01557;NR-35;2025-09-20 00:00:00;Válido
DO08332;TE00077;Seguro;2025-09-04 00:00:00;Pendente
DO08333;TE02265;Integração;2024-11-14 00:00:00;Válido
DO08334;TE02107;Integração;2024-08-08 00:00:00;Vencido
DO08335;TE02092;Seguro;2024-09-13 00:00:00;Válido
DO08336;TE01708;NR-35;2024-12-03 00:00:00;Válido
DO08337;TE01966;NR-35;2024-06-02 00:00:00;Válido
DO08338;TE02424;NR-35;2024-11-17 00:00:00;Válido
DO08339;TE02830;Integração;2026-07-14 00:00:00;Válido
DO08340;TE02296;Seguro;2024-02-23 00:00:00;Válido
DO08341;TE00491;Seguro;2024-05-20 00:00:00;Pendente
DO08342;TE02041;NR-35;2024-01-03 00:00:00;Vencido
DO08343;TE01688;Integração;2026-03-23 00:00:00;Válido
DO08344;TE02948;Seguro;2025-03-22 00:00:00;Válido
DO08345;TE00626;ASO;2024-03-16 00:00:00;Válido
DO08346;TE02708;Integração;2025-08-22 00:00:00;Válido
DO08347;TE01936;NR-10;2026-07-15 00:00:00;Válido
DO08348;TE01355;ASO;2025-02-11 00:00:00;Válido
DO08349;TE02753;Seguro;2024-02-08 00:00:00;Válido
DO08350;TE00040;NR-35;2026-01-31 00:00:00;Válido
DO08351;TE00857;ASO;2026-07-13 00:00:00;Válido
DO08352;TE00914;Seguro;2025-10-30 00:00:00;Válido
DO08353;TE00931;NR-35;2024-11-10 00:00:00;Válido
DO08354;TE02215;Seguro;2024-09-02 00:00:00;Válido
DO08355;TE00859;ASO;2025-10-02 00:00:00;Válido
DO08356;TE01683;Integração;2024-08-28 00:00:00;Válido
DO08357;TE02370;NR-10;2025-11-06 00:00:00;Válido
DO08358;TE03156;NR-35;2025-05-01 00:00:00;Válido
DO08359;TE02802;Seguro;2024-09-13 00:00:00;Válido
DO08360;TE01657;NR-10;2025-11-13 00:00:00;Válido
DO08361;TE00107;Integração;2024-07-03 00:00:00;Válido
DO08362;TE01030;NR-10;2026-07-02 00:00:00;Válido
DO08363;TE01979;NR-10;2025-12-15 00:00:00;Válido
DO08364;TE00315;NR-10;2025-01-02 00:00:00;Válido
DO08365;TE01935;NR-10;2026-05-26 00:00:00;Válido
DO08366;TE01990;Seguro;2024-08-02 00:00:00;Válido
DO08367;TE02556;NR-35;2025-02-10 00:00:00;Válido
DO08368;TE01101;NR-35;2025-02-09 00:00:00;Válido
DO08369;TE00478;Seguro;2025-04-11 00:00:00;Válido
DO08370;TE00882;Integração;2025-07-22 00:00:00;Válido
DO08371;TE00962;Integração;2024-11-16 00:00:00;Válido
DO08372;TE02292;NR-10;2025-02-06 00:00:00;Válido
DO08373;TE02581;ASO;2025-06-07 00:00:00;Válido
DO08374;TE01140;Integração;2025-02-09 00:00:00;Válido
DO08375;TE02703;NR-35;2025-07-05 00:00:00;Válido
DO08376;TE02672;ASO;2025-03-31 00:00:00;Válido
DO08377;TE02328;Integração;2026-05-14 00:00:00;Vencido
DO08378;TE02824;NR-10;2026-03-21 00:00:00;Válido
DO08379;TE01664;Integração;2024-04-09 00:00:00;Vencido
DO08380;TE01957;ASO;2024-05-21 00:00:00;Válido
DO08381;TE02399;NR-10;2026-01-03 00:00:00;Válido
DO08382;TE00927;ASO;2025-08-20 00:00:00;Válido
DO08383;TE03190;Integração;2025-12-26 00:00:00;Pendente
DO08384;TE00659;NR-10;2024-12-20 00:00:00;Válido
DO08385;TE02683;Seguro;2024-10-10 00:00:00;Válido
DO08386;TE02786;Seguro;2026-04-14 00:00:00;Válido
DO08387;TE00268;NR-10;2024-11-20 00:00:00;Válido
DO08388;TE01116;NR-10;2025-09-06 00:00:00;Válido
DO08389;TE00232;Seguro;2024-08-01 00:00:00;Válido
DO08390;TE01759;NR-10;2025-04-22 00:00:00;Válido
DO08391;TE02983;Seguro;2025-09-21 00:00:00;Válido
DO08392;TE00150;NR-35;2024-03-16 00:00:00;Válido
DO08393;TE00975;Seguro;2025-08-28 00:00:00;Válido
DO08394;TE00477;ASO;2026-07-29 00:00:00;Válido
DO08395;TE00428;NR-35;2024-03-22 00:00:00;Válido
DO08396;TE01273;ASO;2026-05-16 00:00:00;Válido
DO08397;TE01531;Integração;2025-11-09 00:00:00;Válido
DO08398;TE00166;NR-10;2024-05-01 00:00:00;Válido
DO08399;TE00129;ASO;2026-01-06 00:00:00;Válido
DO08400;TE01965;NR-10;2025-10-14 00:00:00;Vencido
DO08401;TE00928;ASO;2024-02-13 00:00:00;Válido
DO08402;TE01115;NR-10;2024-10-09 00:00:00;Válido
DO08403;TE00606;Seguro;2024-06-22 00:00:00;Válido
DO08404;TE00234;Seguro;2026-03-11 00:00:00;Válido
DO08405;TE00121;NR-10;2026-06-28 00:00:00;Pendente
DO08406;TE01512;NR-10;2026-03-18 00:00:00;Válido
DO08407;TE02250;Integração;2024-03-12 00:00:00;Válido
DO08408;TE01488;NR-10;2025-10-10 00:00:00;Válido
DO08409;TE02060;Seguro;2025-08-16 00:00:00;Válido
DO08410;TE02443;Seguro;2024-12-29 00:00:00;Válido
DO08411;TE02731;ASO;2025-11-05 00:00:00;Válido
DO08412;TE01863;Integração;2024-06-17 00:00:00;Válido
DO08413;TE00519;Integração;2024-10-30 00:00:00;Válido
DO08414;TE01020;ASO;2024-11-25 00:00:00;Válido
DO08415;TE00150;NR-35;2025-10-12 00:00:00;Válido
DO08416;TE00513;Seguro;2025-11-07 00:00:00;Válido
DO08417;TE01361;NR-10;2025-02-07 00:00:00;Pendente
DO08418;TE02665;NR-35;2026-06-27 00:00:00;Válido
DO08419;TE02979;Seguro;2024-11-30 00:00:00;Válido
DO08420;TE02882;Seguro;2024-07-25 00:00:00;Válido
DO08421;TE00909;Integração;2025-05-11 00:00:00;Válido
DO08422;TE02111;Seguro;2025-09-15 00:00:00;Válido
DO08423;TE00041;Integração;2026-03-03 00:00:00;Válido
DO08424;TE01236;ASO;2025-12-12 00:00:00;Válido
DO08425;TE02894;NR-10;2024-10-22 00:00:00;Válido
DO08426;TE00629;Seguro;2026-01-23 00:00:00;Válido
DO08427;TE00450;ASO;2026-04-16 00:00:00;Válido
DO08428;TE01234;ASO;2025-01-11 00:00:00;Válido
DO08429;TE02985;NR-10;2025-04-15 00:00:00;Vencido
DO08430;TE00409;NR-35;2025-06-04 00:00:00;Válido
DO08431;TE02690;NR-35;2024-07-30 00:00:00;Válido
DO08432;TE00226;NR-10;2024-09-13 00:00:00;Válido
DO08433;TE02564;NR-10;2025-08-31 00:00:00;Válido
DO08434;TE00465;NR-35;2024-08-17 00:00:00;Válido
DO08435;TE02814;Integração;2025-10-23 00:00:00;Válido
DO08436;TE01292;NR-35;2024-10-07 00:00:00;Válido
DO08437;TE00941;NR-10;2026-02-15 00:00:00;Válido
DO08438;TE02736;NR-10;2024-07-31 00:00:00;Vencido
DO08439;TE00666;ASO;2026-01-04 00:00:00;Válido
DO08440;TE01790;Seguro;2025-12-04 00:00:00;Válido
DO08441;TE01709;NR-35;2026-07-05 00:00:00;Válido
DO08442;TE02387;Seguro;2025-08-16 00:00:00;Válido
DO08443;TE00292;NR-10;2025-09-02 00:00:00;Válido
DO08444;TE00412;NR-35;2024-10-14 00:00:00;Válido
DO08445;TE02034;Integração;2026-03-23 00:00:00;Válido
DO08446;TE00125;Integração;2026-02-23 00:00:00;Válido
DO08447;TE01382;ASO;2025-02-18 00:00:00;Pendente
DO08448;TE02604;NR-10;2025-12-06 00:00:00;Válido
DO08449;TE01798;Seguro;2026-06-22 00:00:00;Válido
DO08450;TE02086;NR-10;2024-10-07 00:00:00;Válido
DO08451;TE01598;ASO;2026-05-19 00:00:00;Válido
DO08452;TE01682;ASO;2026-07-08 00:00:00;Pendente
DO08453;TE02504;NR-35;2025-03-05 00:00:00;Válido
DO08454;TE00908;Seguro;2024-10-17 00:00:00;Válido
DO08455;TE02568;NR-35;2025-12-28 00:00:00;Pendente
DO08456;TE03074;Seguro;2026-04-19 00:00:00;Válido
DO08457;TE03094;NR-10;2025-05-07 00:00:00;Válido
DO08458;TE01240;ASO;2024-05-10 00:00:00;Válido
DO08459;TE00484;NR-10;2026-02-08 00:00:00;Válido
DO08460;TE01838;NR-35;2024-04-01 00:00:00;Válido
DO08461;TE03148;Integração;2024-03-14 00:00:00;Válido
DO08462;TE01499;ASO;2025-10-11 00:00:00;Válido
DO08463;TE00880;ASO;2024-11-02 00:00:00;Válido
DO08464;TE02771;NR-35;2026-06-27 00:00:00;Válido
DO08465;TE01978;NR-10;2026-05-29 00:00:00;Vencido
DO08466;TE02880;Integração;2025-03-10 00:00:00;Válido
DO08467;TE01488;NR-35;2024-12-21 00:00:00;Válido
DO08468;TE00827;NR-10;2025-02-01 00:00:00;Válido
DO08469;TE01692;Integração;2025-04-05 00:00:00;Válido
DO08470;TE02164;Integração;2025-11-08 00:00:00;Válido
DO08471;TE03129;NR-10;2026-01-14 00:00:00;Válido
DO08472;TE02730;NR-10;2025-08-29 00:00:00;Válido
DO08473;TE02473;Integração;2026-03-23 00:00:00;Válido
DO08474;TE00434;Integração;2025-11-07 00:00:00;Válido
DO08475;TE01279;NR-10;2025-03-23 00:00:00;Válido
DO08476;TE01699;Seguro;2025-05-16 00:00:00;Válido
DO08477;TE01289;ASO;2025-10-18 00:00:00;Válido
DO08478;TE01406;NR-10;2025-11-24 00:00:00;Válido
DO08479;TE01098;NR-35;2024-10-11 00:00:00;Válido
DO08480;TE00749;NR-10;2024-02-25 00:00:00;Válido
DO08481;TE01057;Integração;2025-12-07 00:00:00;Válido
DO08482;TE00658;Integração;2025-12-29 00:00:00;Válido
DO08483;TE00124;NR-35;2026-01-28 00:00:00;Válido
DO08484;TE01968;NR-10;2024-10-22 00:00:00;Válido
DO08485;TE02131;NR-35;2024-11-26 00:00:00;Válido
DO08486;TE00448;NR-10;2024-07-27 00:00:00;Pendente
DO08487;TE03121;NR-35;2024-01-23 00:00:00;Vencido
DO08488;TE00366;NR-10;2024-07-12 00:00:00;Válido
DO08489;TE02157;NR-35;2026-07-31 00:00:00;Válido
DO08490;TE02937;NR-35;2025-10-01 00:00:00;Pendente
DO08491;TE03009;NR-35;2025-05-31 00:00:00;Pendente
DO08492;TE01305;Seguro;2025-01-25 00:00:00;Válido
DO08493;TE02523;Integração;2025-09-09 00:00:00;Vencido
DO08494;TE00424;NR-35;2025-12-15 00:00:00;Válido
DO08495;TE00880;Integração;2024-07-04 00:00:00;Válido
DO08496;TE00986;ASO;2024-08-12 00:00:00;Válido
DO08497;TE00841;Seguro;2025-01-20 00:00:00;Válido
DO08498;TE02102;NR-35;2025-04-13 00:00:00;Válido
DO08499;TE01527;Seguro;2025-10-04 00:00:00;Pendente
DO08500;TE01517;Integração;2025-07-26 00:00:00;Válido
DO08501;TE00212;Integração;2025-06-05 00:00:00;Válido
DO08502;TE00720;Integração;2025-05-12 00:00:00;Válido
DO08503;TE00269;ASO;2025-04-16 00:00:00;Pendente
DO08504;TE01568;ASO;2026-04-10 00:00:00;Válido
DO08505;TE01699;ASO;2024-03-16 00:00:00;Válido
DO08506;TE00012;ASO;2025-02-25 00:00:00;Válido
DO08507;TE00194;Seguro;2025-11-11 00:00:00;Vencido
DO08508;TE02584;ASO;2024-03-02 00:00:00;Válido
DO08509;TE00554;Integração;2025-04-03 00:00:00;Válido
DO08510;TE02801;NR-10;2026-05-11 00:00:00;Válido
DO08511;TE00688;NR-10;2025-12-16 00:00:00;Válido
DO08512;TE01662;Seguro;2026-02-18 00:00:00;Válido
DO08513;TE02106;NR-10;2025-03-21 00:00:00;Válido
DO08514;TE02980;ASO;2025-12-07 00:00:00;Válido
DO08515;TE00768;NR-35;2026-06-29 00:00:00;Válido
DO08516;TE00642;NR-35;2024-05-06 00:00:00;Válido
DO08517;TE02575;ASO;2024-10-29 00:00:00;Válido
DO08518;TE02280;ASO;2024-07-14 00:00:00;Válido
DO08519;TE02726;Seguro;2025-08-25 00:00:00;Válido
DO08520;TE01029;Seguro;2024-03-27 00:00:00;Vencido
DO08521;TE02966;Seguro;2025-08-24 00:00:00;Vencido
DO08522;TE01329;NR-10;2025-04-20 00:00:00;Válido
DO08523;TE01792;Seguro;2026-01-05 00:00:00;Vencido
DO08524;TE00507;Seguro;2024-12-19 00:00:00;Válido
DO08525;TE00416;NR-10;2024-09-16 00:00:00;Válido
DO08526;TE00324;Seguro;2024-12-01 00:00:00;Pendente
DO08527;TE01367;NR-35;2026-05-16 00:00:00;Válido
DO08528;TE03139;NR-35;2026-05-11 00:00:00;Válido
DO08529;TE02756;NR-10;2025-06-18 00:00:00;Válido
DO08530;TE00915;NR-10;2026-07-12 00:00:00;Válido
DO08531;TE02021;Integração;2025-06-02 00:00:00;Válido
DO08532;TE01012;Seguro;2025-07-15 00:00:00;Válido
DO08533;TE00063;Integração;2025-04-25 00:00:00;Válido
DO08534;TE02785;Integração;2024-08-21 00:00:00;Válido
DO08535;TE02920;NR-35;2026-07-19 00:00:00;Válido
DO08536;TE00809;Integração;2026-02-09 00:00:00;Válido
DO08537;TE02294;Integração;2024-03-26 00:00:00;Válido
DO08538;TE00716;NR-35;2026-07-31 00:00:00;Válido
DO08539;TE01721;Integração;2024-02-08 00:00:00;Válido
DO08540;TE01631;NR-10;2024-12-10 00:00:00;Válido
DO08541;TE02302;NR-10;2024-01-18 00:00:00;Válido
DO08542;TE01183;Seguro;2025-10-11 00:00:00;Vencido
DO08543;TE01080;ASO;2026-05-13 00:00:00;Válido
DO08544;TE02965;Integração;2025-04-15 00:00:00;Vencido
DO08545;TE02666;NR-10;2025-12-29 00:00:00;Válido
DO08546;TE01143;Integração;2024-06-07 00:00:00;Vencido
DO08547;TE00982;ASO;2025-02-24 00:00:00;Válido
DO08548;TE02435;NR-35;2026-05-18 00:00:00;Válido
DO08549;TE02151;ASO;2026-07-31 00:00:00;Válido
DO08550;TE01267;NR-35;2024-01-05 00:00:00;Válido
DO08551;TE00824;Integração;2025-05-28 00:00:00;Válido
DO08552;TE01378;Integração;2024-09-14 00:00:00;Válido
DO08553;TE02835;Integração;2025-07-19 00:00:00;Válido
DO08554;TE01897;NR-35;2026-04-20 00:00:00;Válido
DO08555;TE00950;NR-35;2026-04-17 00:00:00;Válido
DO08556;TE02989;NR-10;2024-09-30 00:00:00;Válido
DO08557;TE02839;ASO;2024-11-02 00:00:00;Vencido
DO08558;TE01899;NR-10;2025-01-30 00:00:00;Válido
DO08559;TE00138;Seguro;2024-03-30 00:00:00;Pendente
DO08560;TE00567;Seguro;2025-12-16 00:00:00;Válido
DO08561;TE02057;NR-10;2025-06-04 00:00:00;Válido
DO08562;TE01451;Integração;2025-01-12 00:00:00;Vencido
DO08563;TE02298;NR-35;2024-11-03 00:00:00;Válido
DO08564;TE02961;NR-35;2025-07-04 00:00:00;Vencido
DO08565;TE02918;ASO;2025-09-23 00:00:00;Válido
DO08566;TE02172;Integração;2026-04-18 00:00:00;Válido
DO08567;TE02000;NR-35;2024-01-28 00:00:00;Vencido
DO08568;TE02572;NR-35;2025-10-07 00:00:00;Válido
DO08569;TE03043;NR-10;2025-05-03 00:00:00;Válido
DO08570;TE02925;ASO;2025-08-11 00:00:00;Válido
DO08571;TE01547;Integração;2024-08-10 00:00:00;Válido
DO08572;TE00272;NR-10;2024-05-04 00:00:00;Válido
DO08573;TE02295;Seguro;2025-03-14 00:00:00;Válido
DO08574;TE01284;NR-35;2025-12-24 00:00:00;Válido
DO08575;TE00192;Seguro;2025-04-18 00:00:00;Válido
DO08576;TE00239;NR-35;2024-12-11 00:00:00;Válido
DO08577;TE02493;Integração;2026-04-24 00:00:00;Pendente
DO08578;TE01968;ASO;2025-04-28 00:00:00;Válido
DO08579;TE03075;ASO;2024-05-20 00:00:00;Vencido
DO08580;TE00713;ASO;2024-09-22 00:00:00;Válido
DO08581;TE00931;ASO;2024-03-30 00:00:00;Válido
DO08582;TE00243;NR-35;2024-07-01 00:00:00;Válido
DO08583;TE00642;ASO;2024-08-23 00:00:00;Válido
DO08584;TE02684;Integração;2024-07-06 00:00:00;Vencido
DO08585;TE02529;Integração;2024-02-16 00:00:00;Válido
DO08586;TE02851;NR-35;2026-03-30 00:00:00;Válido
DO08587;TE02972;ASO;2026-06-02 00:00:00;Válido
DO08588;TE01876;NR-10;2025-10-12 00:00:00;Válido
DO08589;TE02727;NR-35;2024-05-27 00:00:00;Válido
DO08590;TE01776;Seguro;2024-07-15 00:00:00;Válido
DO08591;TE01714;Seguro;2026-05-18 00:00:00;Válido
DO08592;TE01723;ASO;2025-03-01 00:00:00;Válido
DO08593;TE00102;Integração;2026-03-02 00:00:00;Pendente
DO08594;TE00100;ASO;2025-05-27 00:00:00;Válido
DO08595;TE00601;Seguro;2024-06-23 00:00:00;Válido
DO08596;TE00324;NR-35;2026-02-28 00:00:00;Válido
DO08597;TE00189;Seguro;2024-05-25 00:00:00;Válido
DO08598;TE02985;NR-10;2025-04-03 00:00:00;Válido
DO08599;TE00752;NR-35;2026-06-01 00:00:00;Válido
DO08600;TE00960;NR-10;2026-01-29 00:00:00;Válido
DO08601;TE02322;Integração;2025-03-25 00:00:00;Pendente
DO08602;TE02528;NR-10;2025-11-24 00:00:00;Válido
DO08603;TE01840;Integração;2026-01-03 00:00:00;Válido
DO08604;TE00084;Seguro;2026-02-26 00:00:00;Válido
DO08605;TE03122;Seguro;2025-12-18 00:00:00;Válido
DO08606;TE01378;Integração;2025-10-14 00:00:00;Vencido
DO08607;TE00764;ASO;2024-04-04 00:00:00;Válido
DO08608;TE00591;ASO;2025-11-22 00:00:00;Válido
DO08609;TE02453;NR-10;2025-08-07 00:00:00;Válido
DO08610;TE01533;Integração;2024-02-11 00:00:00;Válido
DO08611;TE02658;Seguro;2024-06-10 00:00:00;Válido
DO08612;TE01143;NR-10;2026-02-18 00:00:00;Vencido
DO08613;TE02278;ASO;2025-05-19 00:00:00;Vencido
DO08614;TE02746;NR-10;2025-10-15 00:00:00;Vencido
DO08615;TE02412;Seguro;2025-02-08 00:00:00;Válido
DO08616;TE01513;Seguro;2024-03-11 00:00:00;Válido
DO08617;TE02646;Seguro;2025-08-12 00:00:00;Válido
DO08618;TE00178;Seguro;2026-05-16 00:00:00;Válido
DO08619;TE00233;Integração;2026-04-08 00:00:00;Vencido
DO08620;TE00978;Seguro;2024-03-10 00:00:00;Vencido
DO08621;TE00844;Integração;2026-04-10 00:00:00;Válido
DO08622;TE02798;NR-35;2024-08-25 00:00:00;Vencido
DO08623;TE02395;Seguro;2025-09-26 00:00:00;Vencido
DO08624;TE01548;NR-35;2025-12-14 00:00:00;Válido
DO08625;TE00591;Integração;2024-06-22 00:00:00;Válido
DO08626;TE00131;Integração;2025-05-05 00:00:00;Válido
DO08627;TE00566;Integração;2025-11-23 00:00:00;Válido
DO08628;TE02452;Seguro;2025-12-24 00:00:00;Válido
DO08629;TE00801;Integração;2025-05-07 00:00:00;Válido
DO08630;TE02979;ASO;2024-09-11 00:00:00;Válido
DO08631;TE00451;Seguro;2024-08-19 00:00:00;Válido
DO08632;TE00775;ASO;2024-01-31 00:00:00;Vencido
DO08633;TE01328;Seguro;2025-05-13 00:00:00;Vencido
DO08634;TE02737;Integração;2026-07-26 00:00:00;Válido
DO08635;TE01612;NR-35;2026-05-10 00:00:00;Válido
DO08636;TE00235;NR-10;2024-04-09 00:00:00;Válido
DO08637;TE00508;NR-35;2026-01-07 00:00:00;Válido
DO08638;TE00896;ASO;2024-11-22 00:00:00;Válido
DO08639;TE01677;NR-35;2026-06-14 00:00:00;Válido
DO08640;TE01378;NR-10;2024-12-06 00:00:00;Vencido
DO08641;TE01268;NR-35;2026-06-07 00:00:00;Válido
DO08642;TE01471;NR-35;2024-02-23 00:00:00;Válido
DO08643;TE00736;Seguro;2026-02-21 00:00:00;Válido
DO08644;TE00874;NR-10;2024-04-04 00:00:00;Válido
DO08645;TE02448;Seguro;2024-12-13 00:00:00;Válido
DO08646;TE00716;ASO;2025-07-04 00:00:00;Válido
DO08647;TE00667;Integração;2026-03-27 00:00:00;Válido
DO08648;TE00858;Integração;2025-01-18 00:00:00;Pendente
DO08649;TE00534;ASO;2025-05-27 00:00:00;Vencido
DO08650;TE00848;Integração;2025-02-08 00:00:00;Válido
DO08651;TE01690;Seguro;2025-12-02 00:00:00;Válido
DO08652;TE01374;Integração;2025-03-17 00:00:00;Válido
DO08653;TE01489;NR-35;2024-07-04 00:00:00;Válido
DO08654;TE02055;NR-35;2024-01-04 00:00:00;Válido
DO08655;TE00778;NR-10;2025-08-23 00:00:00;Válido
DO08656;TE00839;ASO;2024-05-26 00:00:00;Válido
DO08657;TE01022;Seguro;2025-12-22 00:00:00;Válido
DO08658;TE01831;ASO;2024-12-21 00:00:00;Válido
DO08659;TE01369;NR-35;2025-10-16 00:00:00;Válido
DO08660;TE00601;NR-35;2024-12-20 00:00:00;Vencido
DO08661;TE01609;ASO;2026-03-13 00:00:00;Válido
DO08662;TE00771;Integração;2024-12-07 00:00:00;Válido
DO08663;TE01873;NR-35;2025-03-12 00:00:00;Válido
DO08664;TE03054;Integração;2024-04-04 00:00:00;Vencido
DO08665;TE01277;Integração;2024-10-16 00:00:00;Vencido
DO08666;TE00634;Seguro;2024-02-14 00:00:00;Pendente
DO08667;TE01980;NR-10;2024-05-27 00:00:00;Vencido
DO08668;TE01406;Seguro;2025-10-01 00:00:00;Válido
DO08669;TE00535;Seguro;2024-11-29 00:00:00;Pendente
DO08670;TE00979;Integração;2025-08-08 00:00:00;Válido
DO08671;TE02054;Seguro;2024-08-02 00:00:00;Válido
DO08672;TE02222;NR-35;2026-04-22 00:00:00;Válido
DO08673;TE01859;Seguro;2025-04-12 00:00:00;Válido
DO08674;TE02489;ASO;2024-05-24 00:00:00;Vencido
DO08675;TE02725;Integração;2025-04-29 00:00:00;Válido
DO08676;TE00103;Integração;2025-09-24 00:00:00;Válido
DO08677;TE02239;NR-10;2025-02-26 00:00:00;Vencido
DO08678;TE01960;NR-35;2024-04-01 00:00:00;Válido
DO08679;TE01005;Integração;2025-10-24 00:00:00;Válido
DO08680;TE02873;ASO;2025-08-12 00:00:00;Pendente
DO08681;TE00111;NR-10;2025-05-18 00:00:00;Válido
DO08682;TE01773;ASO;2025-04-07 00:00:00;Vencido
DO08683;TE01754;ASO;2026-04-04 00:00:00;Válido
DO08684;TE00636;Integração;2024-09-22 00:00:00;Válido
DO08685;TE01753;NR-35;2024-09-10 00:00:00;Válido
DO08686;TE01082;NR-10;2024-04-24 00:00:00;Válido
DO08687;TE02459;NR-10;2024-11-28 00:00:00;Válido
DO08688;TE00609;Integração;2026-06-01 00:00:00;Válido
DO08689;TE03180;ASO;2024-03-04 00:00:00;Válido
DO08690;TE01797;ASO;2024-09-27 00:00:00;Vencido
DO08691;TE00167;NR-10;2025-12-17 00:00:00;Válido
DO08692;TE02464;Integração;2025-09-13 00:00:00;Vencido
DO08693;TE00287;NR-35;2024-10-13 00:00:00;Válido
DO08694;TE01389;NR-35;2024-10-15 00:00:00;Válido
DO08695;TE01437;Seguro;2024-08-30 00:00:00;Válido
DO08696;TE02785;NR-35;2026-03-02 00:00:00;Válido
DO08697;TE00866;NR-35;2025-08-15 00:00:00;Válido
DO08698;TE00346;NR-10;2025-07-29 00:00:00;Válido
DO08699;TE00667;Integração;2025-04-22 00:00:00;Válido
DO08700;TE00882;NR-10;2026-03-15 00:00:00;Válido
DO08701;TE00803;ASO;2024-06-14 00:00:00;Válido
DO08702;TE02573;ASO;2025-01-14 00:00:00;Pendente
DO08703;TE00196;ASO;2026-07-14 00:00:00;Válido
DO08704;TE01853;Seguro;2025-02-05 00:00:00;Válido
DO08705;TE00691;ASO;2024-06-18 00:00:00;Válido
DO08706;TE02738;NR-35;2024-07-05 00:00:00;Válido
DO08707;TE01122;NR-35;2024-08-15 00:00:00;Vencido
DO08708;TE02120;ASO;2026-04-01 00:00:00;Válido
DO08709;TE02331;ASO;2024-05-02 00:00:00;Válido
DO08710;TE00717;NR-35;2024-09-21 00:00:00;Vencido
DO08711;TE00969;ASO;2025-10-15 00:00:00;Válido
DO08712;TE01805;Seguro;2026-04-14 00:00:00;Válido
DO08713;TE01154;Seguro;2025-09-02 00:00:00;Válido
DO08714;TE01456;ASO;2026-05-08 00:00:00;Válido
DO08715;TE00385;Integração;2025-09-25 00:00:00;Válido
DO08716;TE01749;NR-35;2024-04-11 00:00:00;Pendente
DO08717;TE01212;Integração;2025-03-15 00:00:00;Pendente
DO08718;TE03028;Seguro;2025-05-15 00:00:00;Vencido
DO08719;TE03055;Integração;2026-06-27 00:00:00;Válido
DO08720;TE03188;Seguro;2025-01-31 00:00:00;Válido
DO08721;TE00383;ASO;2024-02-18 00:00:00;Válido
DO08722;TE03031;Integração;2024-06-15 00:00:00;Válido
DO08723;TE03111;NR-35;2026-05-06 00:00:00;Válido
DO08724;TE03017;Seguro;2024-05-26 00:00:00;Válido
DO08725;TE00743;NR-10;2025-06-25 00:00:00;Vencido
DO08726;TE02143;NR-10;2025-01-18 00:00:00;Válido
DO08727;TE00438;Seguro;2025-08-05 00:00:00;Válido
DO08728;TE00195;Seguro;2025-01-10 00:00:00;Válido
DO08729;TE01565;Integração;2024-03-27 00:00:00;Válido
DO08730;TE00066;Integração;2025-12-11 00:00:00;Válido
DO08731;TE00424;ASO;2024-05-14 00:00:00;Válido
DO08732;TE00879;NR-35;2025-06-03 00:00:00;Pendente
DO08733;TE02497;NR-35;2026-04-19 00:00:00;Vencido
DO08734;TE02651;Integração;2024-11-20 00:00:00;Válido
DO08735;TE00314;Seguro;2026-04-02 00:00:00;Válido
DO08736;TE02621;NR-35;2026-05-10 00:00:00;Válido
DO08737;TE00950;NR-10;2025-07-27 00:00:00;Válido
DO08738;TE01574;ASO;2024-09-07 00:00:00;Válido
DO08739;TE00138;NR-10;2026-07-31 00:00:00;Válido
DO08740;TE02119;ASO;2025-11-22 00:00:00;Válido
DO08741;TE02512;Seguro;2024-05-12 00:00:00;Pendente
DO08742;TE02114;NR-35;2024-04-29 00:00:00;Válido
DO08743;TE01726;ASO;2025-12-02 00:00:00;Válido
DO08744;TE00033;Integração;2024-11-15 00:00:00;Válido
DO08745;TE00918;NR-10;2024-08-02 00:00:00;Vencido
DO08746;TE03006;Seguro;2025-09-03 00:00:00;Válido
DO08747;TE00529;Integração;2026-07-16 00:00:00;Pendente
DO08748;TE00622;Seguro;2024-02-18 00:00:00;Válido
DO08749;TE02945;ASO;2025-04-21 00:00:00;Válido
DO08750;TE00546;ASO;2024-10-23 00:00:00;Válido
DO08751;TE00140;NR-35;2025-11-27 00:00:00;Válido
DO08752;TE00761;NR-10;2024-10-11 00:00:00;Válido
DO08753;TE01449;Seguro;2024-09-26 00:00:00;Válido
DO08754;TE00781;Integração;2024-04-25 00:00:00;Válido
DO08755;TE00728;NR-10;2026-01-15 00:00:00;Válido
DO08756;TE00365;Integração;2026-03-29 00:00:00;Válido
DO08757;TE00201;ASO;2025-02-27 00:00:00;Válido
DO08758;TE03098;NR-10;2025-11-10 00:00:00;Vencido
DO08759;TE00559;Integração;2025-01-15 00:00:00;Vencido
DO08760;TE00335;Integração;2026-03-08 00:00:00;Válido
DO08761;TE02807;NR-35;2024-08-06 00:00:00;Válido
DO08762;TE02831;NR-10;2026-01-16 00:00:00;Pendente
DO08763;TE01469;NR-35;2025-10-15 00:00:00;Pendente
DO08764;TE01089;NR-10;2024-02-19 00:00:00;Válido
DO08765;TE01912;Seguro;2025-06-20 00:00:00;Válido
DO08766;TE02318;NR-10;2025-10-22 00:00:00;Válido
DO08767;TE02963;Seguro;2026-04-04 00:00:00;Válido
DO08768;TE01291;ASO;2024-11-30 00:00:00;Vencido
DO08769;TE00472;Integração;2024-05-22 00:00:00;Válido
DO08770;TE00521;NR-35;2025-02-12 00:00:00;Válido
DO08771;TE02208;Seguro;2025-02-12 00:00:00;Válido
DO08772;TE02686;NR-10;2025-01-19 00:00:00;Válido
DO08773;TE00948;Integração;2026-03-17 00:00:00;Válido
DO08774;TE02758;Seguro;2025-07-31 00:00:00;Válido
DO08775;TE01738;Integração;2026-01-04 00:00:00;Válido
DO08776;TE00391;NR-10;2024-01-13 00:00:00;Válido
DO08777;TE01382;ASO;2025-11-15 00:00:00;Válido
DO08778;TE01627;NR-35;2026-06-16 00:00:00;Válido
DO08779;TE02729;NR-35;2024-09-20 00:00:00;Válido
DO08780;TE02119;NR-35;2024-08-31 00:00:00;Válido
DO08781;TE00890;ASO;2024-07-17 00:00:00;Válido
DO08782;TE02062;ASO;2025-03-19 00:00:00;Válido
DO08783;TE00034;NR-35;2026-02-20 00:00:00;Válido
DO08784;TE00399;NR-10;2024-05-17 00:00:00;Pendente
DO08785;TE01751;ASO;2025-04-14 00:00:00;Válido
DO08786;TE00719;Seguro;2026-07-26 00:00:00;Válido
DO08787;TE00349;ASO;2024-08-12 00:00:00;Pendente
DO08788;TE01837;ASO;2024-09-24 00:00:00;Válido
DO08789;TE00696;Seguro;2025-07-27 00:00:00;Válido
DO08790;TE00176;Seguro;2025-11-18 00:00:00;Válido
DO08791;TE02958;Integração;2024-11-30 00:00:00;Válido
DO08792;TE02699;NR-10;2026-06-03 00:00:00;Válido
DO08793;TE02328;NR-35;2025-07-02 00:00:00;Válido
DO08794;TE02261;Integração;2025-12-18 00:00:00;Vencido
DO08795;TE01042;NR-35;2025-12-20 00:00:00;Válido
DO08796;TE01672;Integração;2025-12-27 00:00:00;Válido
DO08797;TE00966;ASO;2024-04-03 00:00:00;Válido
DO08798;TE00735;NR-35;2025-08-06 00:00:00;Válido
DO08799;TE00709;NR-10;2026-07-06 00:00:00;Válido
DO08800;TE01490;NR-10;2026-02-07 00:00:00;Válido
DO08801;TE02795;NR-10;2025-12-14 00:00:00;Vencido
DO08802;TE02020;NR-35;2025-02-25 00:00:00;Válido
DO08803;TE00944;Integração;2024-12-23 00:00:00;Válido
DO08804;TE00892;NR-35;2024-05-09 00:00:00;Válido
DO08805;TE00360;Seguro;2025-11-01 00:00:00;Válido
DO08806;TE01266;Seguro;2024-03-21 00:00:00;Válido
DO08807;TE00295;NR-10;2024-07-29 00:00:00;Válido
DO08808;TE00623;Integração;2024-05-10 00:00:00;Pendente
DO08809;TE00132;Integração;2025-01-20 00:00:00;Válido
DO08810;TE01791;NR-10;2025-11-30 00:00:00;Válido
DO08811;TE00240;NR-10;2024-12-22 00:00:00;Válido
DO08812;TE00209;ASO;2024-07-17 00:00:00;Válido
DO08813;TE01410;NR-10;2024-06-04 00:00:00;Válido
DO08814;TE02751;Integração;2025-09-06 00:00:00;Pendente
DO08815;TE01806;NR-10;2024-09-28 00:00:00;Válido
DO08816;TE01568;NR-10;2026-03-24 00:00:00;Válido
DO08817;TE02352;NR-35;2024-01-13 00:00:00;Válido
DO08818;TE02662;Seguro;2025-04-15 00:00:00;Válido
DO08819;TE02799;Seguro;2025-06-09 00:00:00;Válido
DO08820;TE02711;Integração;2025-09-20 00:00:00;Válido
DO08821;TE01121;Seguro;2024-06-17 00:00:00;Válido
DO08822;TE02732;NR-10;2026-01-16 00:00:00;Válido
DO08823;TE01910;NR-10;2026-02-16 00:00:00;Válido
DO08824;TE01497;NR-10;2025-01-21 00:00:00;Válido
DO08825;TE00186;Seguro;2024-12-08 00:00:00;Válido
DO08826;TE02668;Integração;2024-06-06 00:00:00;Vencido
DO08827;TE00122;ASO;2026-01-31 00:00:00;Válido
DO08828;TE00094;NR-10;2025-07-18 00:00:00;Válido
DO08829;TE03076;Seguro;2026-06-19 00:00:00;Válido
DO08830;TE02997;Seguro;2024-12-17 00:00:00;Válido
DO08831;TE00508;Integração;2024-10-20 00:00:00;Válido
DO08832;TE00297;NR-35;2026-06-10 00:00:00;Válido
DO08833;TE02312;ASO;2024-10-09 00:00:00;Válido
DO08834;TE02817;ASO;2025-12-12 00:00:00;Vencido
DO08835;TE02003;NR-10;2024-03-07 00:00:00;Válido
DO08836;TE01940;NR-35;2024-11-28 00:00:00;Válido
DO08837;TE01421;ASO;2026-06-21 00:00:00;Válido
DO08838;TE02396;Integração;2026-07-12 00:00:00;Válido
DO08839;TE03022;ASO;2024-01-01 00:00:00;Válido
DO08840;TE00214;Integração;2024-05-06 00:00:00;Válido
DO08841;TE02457;NR-35;2025-10-16 00:00:00;Válido
DO08842;TE01600;NR-35;2024-12-16 00:00:00;Válido
DO08843;TE02273;ASO;2025-11-06 00:00:00;Válido
DO08844;TE02757;Seguro;2024-01-15 00:00:00;Válido
DO08845;TE02062;NR-35;2025-06-17 00:00:00;Válido
DO08846;TE02707;Integração;2024-05-16 00:00:00;Válido
DO08847;TE00429;NR-10;2026-01-26 00:00:00;Válido
DO08848;TE01825;Seguro;2025-06-18 00:00:00;Válido
DO08849;TE01444;Seguro;2024-11-15 00:00:00;Válido
DO08850;TE02363;Seguro;2025-04-16 00:00:00;Válido
DO08851;TE01911;Integração;2025-10-17 00:00:00;Vencido
DO08852;TE00526;NR-10;2025-07-26 00:00:00;Válido
DO08853;TE02761;ASO;2024-05-10 00:00:00;Válido
DO08854;TE02966;ASO;2025-06-16 00:00:00;Válido
DO08855;TE02897;NR-35;2025-02-25 00:00:00;Válido
DO08856;TE01947;NR-35;2025-04-21 00:00:00;Válido
DO08857;TE02882;NR-10;2025-01-23 00:00:00;Válido
DO08858;TE02172;Seguro;2025-11-16 00:00:00;Válido
DO08859;TE03126;NR-10;2024-01-31 00:00:00;Válido
DO08860;TE01051;NR-10;2026-04-22 00:00:00;Válido
DO08861;TE02075;Integração;2025-05-24 00:00:00;Válido
DO08862;TE01746;Seguro;2026-01-03 00:00:00;Válido
DO08863;TE01457;ASO;2025-12-23 00:00:00;Válido
DO08864;TE01286;ASO;2026-02-11 00:00:00;Válido
DO08865;TE02631;NR-10;2025-02-04 00:00:00;Válido
DO08866;TE02701;Integração;2025-12-13 00:00:00;Válido
DO08867;TE03131;Integração;2025-01-02 00:00:00;Válido
DO08868;TE00339;NR-10;2026-03-28 00:00:00;Válido
DO08869;TE02423;ASO;2025-08-30 00:00:00;Válido
DO08870;TE01532;ASO;2024-10-31 00:00:00;Pendente
DO08871;TE00055;Seguro;2024-04-07 00:00:00;Vencido
DO08872;TE00437;NR-35;2024-07-09 00:00:00;Válido
DO08873;TE00976;ASO;2025-12-23 00:00:00;Válido
DO08874;TE02376;Integração;2025-06-25 00:00:00;Válido
DO08875;TE02903;NR-35;2024-08-01 00:00:00;Válido
DO08876;TE02581;NR-10;2025-04-16 00:00:00;Válido
DO08877;TE00843;ASO;2024-04-02 00:00:00;Válido
DO08878;TE00817;Integração;2026-05-29 00:00:00;Válido
DO08879;TE02760;ASO;2024-06-30 00:00:00;Válido
DO08880;TE01094;ASO;2024-09-13 00:00:00;Válido
DO08881;TE02863;ASO;2024-02-28 00:00:00;Válido
DO08882;TE03117;Seguro;2024-07-22 00:00:00;Válido
DO08883;TE02159;NR-35;2024-12-27 00:00:00;Válido
DO08884;TE02736;ASO;2025-08-25 00:00:00;Válido
DO08885;TE02531;ASO;2024-03-13 00:00:00;Válido
DO08886;TE00394;NR-10;2024-12-03 00:00:00;Válido
DO08887;TE01871;Integração;2024-09-05 00:00:00;Válido
DO08888;TE02897;Seguro;2025-09-23 00:00:00;Vencido
DO08889;TE02693;NR-35;2026-02-11 00:00:00;Válido
DO08890;TE01178;NR-35;2024-03-08 00:00:00;Válido
DO08891;TE02985;ASO;2025-07-25 00:00:00;Pendente
DO08892;TE00094;Integração;2024-04-21 00:00:00;Válido
DO08893;TE01060;ASO;2024-10-18 00:00:00;Válido
DO08894;TE01904;ASO;2025-01-18 00:00:00;Válido
DO08895;TE01099;NR-10;2024-06-15 00:00:00;Válido
DO08896;TE03040;NR-35;2025-05-03 00:00:00;Válido
DO08897;TE02256;NR-35;2024-06-13 00:00:00;Válido
DO08898;TE00163;NR-35;2025-07-29 00:00:00;Válido
DO08899;TE01706;NR-35;2026-01-29 00:00:00;Válido
DO08900;TE00424;NR-35;2026-02-04 00:00:00;Válido
DO08901;TE00209;NR-10;2024-03-15 00:00:00;Válido
DO08902;TE01088;Seguro;2024-02-01 00:00:00;Válido
DO08903;TE02238;NR-10;2025-11-28 00:00:00;Válido
DO08904;TE01530;Integração;2024-09-15 00:00:00;Válido
DO08905;TE02555;NR-10;2026-06-06 00:00:00;Vencido
DO08906;TE00343;ASO;2024-09-07 00:00:00;Pendente
DO08907;TE00576;Integração;2024-07-16 00:00:00;Válido
DO08908;TE00910;NR-10;2024-10-24 00:00:00;Válido
DO08909;TE00960;Integração;2025-04-30 00:00:00;Válido
DO08910;TE02396;Integração;2024-10-29 00:00:00;Válido
DO08911;TE02749;NR-35;2025-03-23 00:00:00;Válido
DO08912;TE01396;Integração;2026-02-28 00:00:00;Válido
DO08913;TE03156;NR-35;2026-01-24 00:00:00;Válido
DO08914;TE02134;Integração;2026-06-09 00:00:00;Vencido
DO08915;TE02258;NR-35;2025-11-01 00:00:00;Válido
DO08916;TE01226;NR-10;2024-09-19 00:00:00;Válido
DO08917;TE02708;Seguro;2024-11-07 00:00:00;Válido
DO08918;TE01715;NR-35;2024-05-12 00:00:00;Válido
DO08919;TE01466;NR-35;2025-01-07 00:00:00;Válido
DO08920;TE02895;NR-10;2024-09-01 00:00:00;Válido
DO08921;TE00004;Seguro;2025-01-11 00:00:00;Válido
DO08922;TE01551;Seguro;2024-09-07 00:00:00;Válido
DO08923;TE00460;ASO;2024-07-12 00:00:00;Válido
DO08924;TE01166;Seguro;2025-07-03 00:00:00;Válido
DO08925;TE01897;ASO;2026-04-01 00:00:00;Válido
DO08926;TE00688;NR-35;2024-02-08 00:00:00;Válido
DO08927;TE02037;Integração;2025-07-09 00:00:00;Válido
DO08928;TE02622;ASO;2024-06-17 00:00:00;Válido
DO08929;TE02408;NR-10;2025-05-18 00:00:00;Válido
DO08930;TE01217;Integração;2024-07-26 00:00:00;Válido
DO08931;TE03123;NR-10;2026-04-19 00:00:00;Válido
DO08932;TE01747;ASO;2025-10-11 00:00:00;Válido
DO08933;TE00252;NR-35;2024-06-03 00:00:00;Válido
DO08934;TE02485;NR-10;2025-04-11 00:00:00;Válido
DO08935;TE00083;NR-35;2025-02-20 00:00:00;Válido
DO08936;TE00493;Seguro;2025-08-23 00:00:00;Válido
DO08937;TE01755;NR-10;2025-08-19 00:00:00;Válido
DO08938;TE01378;NR-35;2025-12-11 00:00:00;Pendente
DO08939;TE03079;NR-10;2025-05-07 00:00:00;Válido
DO08940;TE02058;Seguro;2024-12-27 00:00:00;Válido
DO08941;TE01160;NR-10;2024-01-10 00:00:00;Válido
DO08942;TE02502;ASO;2024-08-12 00:00:00;Pendente
DO08943;TE02596;ASO;2024-05-04 00:00:00;Vencido
DO08944;TE01007;NR-10;2026-07-17 00:00:00;Válido
DO08945;TE00327;Seguro;2024-02-17 00:00:00;Válido
DO08946;TE01850;Integração;2025-07-17 00:00:00;Válido
DO08947;TE02732;Integração;2026-04-28 00:00:00;Pendente
DO08948;TE00648;Integração;2025-02-26 00:00:00;Válido
DO08949;TE01639;ASO;2024-10-21 00:00:00;Válido
DO08950;TE02786;NR-35;2026-06-21 00:00:00;Vencido
DO08951;TE02839;NR-35;2024-10-25 00:00:00;Válido
DO08952;TE01478;ASO;2024-08-11 00:00:00;Válido
DO08953;TE02753;NR-10;2026-03-30 00:00:00;Válido
DO08954;TE02709;Integração;2026-03-05 00:00:00;Válido
DO08955;TE03111;NR-10;2026-04-07 00:00:00;Válido
DO08956;TE02859;NR-10;2025-12-16 00:00:00;Pendente
DO08957;TE01686;NR-35;2024-11-07 00:00:00;Válido
DO08958;TE00675;Seguro;2025-12-01 00:00:00;Válido
DO08959;TE01401;NR-10;2024-07-06 00:00:00;Válido
DO08960;TE02287;Integração;2026-05-12 00:00:00;Válido
DO08961;TE03004;Integração;2025-07-27 00:00:00;Pendente
DO08962;TE00354;Seguro;2025-12-07 00:00:00;Válido
DO08963;TE02756;Seguro;2026-01-24 00:00:00;Vencido
DO08964;TE00085;NR-35;2024-09-06 00:00:00;Válido
DO08965;TE00660;NR-35;2024-11-12 00:00:00;Válido
DO08966;TE02562;ASO;2025-06-14 00:00:00;Válido
DO08967;TE01293;NR-10;2025-11-03 00:00:00;Válido
DO08968;TE00629;Seguro;2024-04-30 00:00:00;Válido
DO08969;TE00998;Seguro;2024-07-05 00:00:00;Válido
DO08970;TE03017;NR-35;2025-05-06 00:00:00;Válido
DO08971;TE01469;NR-35;2024-04-07 00:00:00;Válido
DO08972;TE01548;NR-35;2024-11-29 00:00:00;Válido
DO08973;TE00224;NR-35;2024-11-19 00:00:00;Válido
DO08974;TE02877;Seguro;2024-12-20 00:00:00;Válido
DO08975;TE01403;Integração;2025-10-14 00:00:00;Vencido
DO08976;TE00944;ASO;2026-07-11 00:00:00;Válido
DO08977;TE02349;Seguro;2026-05-05 00:00:00;Válido
DO08978;TE02477;Seguro;2024-08-17 00:00:00;Válido
DO08979;TE01287;ASO;2026-03-11 00:00:00;Válido
DO08980;TE02385;NR-35;2025-04-07 00:00:00;Válido
DO08981;TE02797;ASO;2025-12-22 00:00:00;Válido
DO08982;TE02477;NR-10;2026-06-21 00:00:00;Válido
DO08983;TE02434;NR-10;2024-10-17 00:00:00;Válido
DO08984;TE02945;NR-10;2024-08-01 00:00:00;Válido
DO08985;TE01328;Integração;2024-11-03 00:00:00;Válido
DO08986;TE01985;Seguro;2025-04-03 00:00:00;Válido
DO08987;TE00242;NR-10;2025-12-07 00:00:00;Válido
DO08988;TE00799;Seguro;2024-04-22 00:00:00;Vencido
DO08989;TE01628;Seguro;2024-01-22 00:00:00;Válido
DO08990;TE00251;NR-10;2024-10-28 00:00:00;Válido
DO08991;TE03150;NR-35;2026-06-05 00:00:00;Válido
DO08992;TE01829;Integração;2024-01-27 00:00:00;Válido
DO08993;TE02536;NR-10;2025-11-29 00:00:00;Válido
DO08994;TE00164;NR-35;2025-01-29 00:00:00;Válido
DO08995;TE02759;ASO;2026-03-01 00:00:00;Válido
DO08996;TE01609;ASO;2024-05-17 00:00:00;Válido
DO08997;TE00553;NR-35;2025-10-07 00:00:00;Válido
DO08998;TE02535;ASO;2025-05-17 00:00:00;Válido
DO08999;TE00439;NR-10;2025-12-11 00:00:00;Válido
DO09000;TE01197;NR-35;2025-12-29 00:00:00;Válido
DO07548;TE01385;ASO;2024-04-04 00:00:00;Válido
DO05992;TE01928;Seguro;2024-06-16 00:00:00;Válido
DO07962;TE01901;NR-35;2025-05-09 00:00:00;Válido
ERRO_documentos_1;TE00427;NR-10;31/02/2026;Válido
