equipamento_id,cliente_id,tipo_id,marca_id,modelo,numero_serie_ficticio,ano_fabricacao
1,186,5,5,MOD-951,SER-0000001,2019
2,614,2,9,MOD-486,SER-0000002,2021
3,86,8,9,MOD-642,SER-0000003,2018
4,966,3,8,MOD-124,SER-0000004,2020
5,407,3,7,MOD-412,SER-0000005,2020
6,1,4,1,MOD-563,SER-0000006,2020
7,1173,4,6,MOD-385,SER-0000007,2023
8,977,10,3,MOD-818,SER-0000008,2024
9,1068,3,10,MOD-334,SER-0000009,2023
10,1072,3,7,MOD-958,SER-0000010,2021
11,205,3,4,MOD-324,SER-0000011,2024
12,688,1,9,MOD-128,SER-0000012,2025
13,392,9,8,MOD-243,SER-0000013,2018
14,1120,1,5,MOD-655,SER-0000014,2019
15,571,6,5,MOD-892,SER-0000015,2026
16,339,8,9,MOD-148,SER-0000016,2024
17,283,5,7,MOD-297,SER-0000017,2025
18,747,5,3,MOD-104,SER-0000018,2022
19,1038,7,4,MOD-409,SER-0000019,2021
20,920,4,7,MOD-451,SER-0000020,2019
21,19,2,4,MOD-434,SER-0000021,2026
22,898,10,7,MOD-334,SER-0000022,2018
23,828,9,11,MOD-470,SER-0000023,2023
24,238,5,7,MOD-973,SER-0000024,2026
25,995,10,11,MOD-935,SER-0000025,2021
26,1070,10,2,MOD-304,SER-0000026,2024
27,201,2,6,MOD-632,SER-0000027,2023
28,402,8,8,MOD-720,SER-0000028,2026
29,802,9,4,MOD-727,SER-0000029,2020
30,810,10,11,MOD-493,SER-0000030,2026
31,417,9,5,MOD-306,SER-0000031,2021
32,914,10,4,MOD-676,SER-0000032,2025
33,190,6,7,MOD-766,SER-0000033,2021
34,1009,5,12,MOD-689,SER-0000034,2026
35,1092,4,3,MOD-509,SER-0000035,2021
36,515,2,11,MOD-449,SER-0000036,2022
37,640,2,3,MOD-230,SER-0000037,2018
38,492,2,10,MOD-698,SER-0000038,2021
39,512,8,9,MOD-601,SER-0000039,2018
40,591,4,12,MOD-840,SER-0000040,2024
41,264,1,3,MOD-604,SER-0000041,2025
42,689,9,8,MOD-173,SER-0000042,2025
43,1093,10,6,MOD-121,SER-0000043,2024
44,623,2,4,MOD-513,SER-0000044,2020
45,357,8,9,MOD-887,SER-0000045,2025
46,888,5,1,MOD-914,SER-0000046,2021
47,920,6,6,MOD-261,SER-0000047,2019
48,1068,5,3,MOD-723,SER-0000048,2019
49,1160,7,2,MOD-533,SER-0000049,2021
50,623,1,7,MOD-633,SER-0000050,2025
51,466,8,1,MOD-426,SER-0000051,2018
52,968,2,7,MOD-763,SER-0000052,2023
53,101,2,6,MOD-130,SER-0000053,2021
54,107,5,6,MOD-835,SER-0000054,2018
55,453,5,8,MOD-397,SER-0000055,2022
56,317,8,10,MOD-791,SER-0000056,2026
57,589,10,2,MOD-462,SER-0000057,2022
58,964,8,6,MOD-140,SER-0000058,2021
59,314,2,4,MOD-484,SER-0000059,2022
60,186,5,9,MOD-317,SER-0000060,2024
61,1172,6,9,MOD-983,SER-0000061,2019
62,957,6,4,MOD-709,SER-0000062,2020
63,491,7,9,MOD-422,SER-0000063,2022
64,517,8,4,MOD-548,SER-0000064,2023
65,584,9,4,MOD-555,SER-0000065,2021
66,1122,5,10,MOD-164,SER-0000066,2022
67,1163,6,8,MOD-456,SER-0000067,2018
68,323,5,4,MOD-310,SER-0000068,2023
69,869,8,7,MOD-570,SER-0000069,2024
70,633,2,11,MOD-192,SER-0000070,2021
71,773,9,3,MOD-653,SER-0000071,2024
72,313,8,7,MOD-702,SER-0000072,2023
73,1070,6,7,MOD-139,SER-0000073,2019
74,692,6,1,MOD-458,SER-0000074,2024
75,280,9,12,MOD-223,SER-0000075,2019
76,119,7,1,MOD-122,SER-0000076,2026
77,757,4,7,MOD-106,SER-0000077,2018
78,498,5,9,MOD-644,SER-0000078,2019
79,746,2,10,MOD-538,SER-0000079,2026
80,838,7,6,MOD-928,SER-0000080,2022
81,1082,1,7,MOD-533,SER-0000081,2019
82,262,3,1,MOD-756,SER-0000082,2022
83,1095,10,12,MOD-360,SER-0000083,2020
84,116,1,5,MOD-717,SER-0000084,2021
85,641,4,7,MOD-695,SER-0000085,2020
86,1025,4,4,MOD-706,SER-0000086,2023
87,92,6,1,MOD-365,SER-0000087,2023
88,916,2,8,MOD-293,SER-0000088,2021
89,266,5,2,MOD-644,SER-0000089,2023
90,719,6,5,MOD-767,SER-0000090,2025
91,1107,8,4,MOD-402,SER-0000091,2020
92,697,4,6,MOD-755,SER-0000092,2021
93,1079,4,2,MOD-998,SER-0000093,2018
94,861,8,6,MOD-635,SER-0000094,2024
95,230,5,1,MOD-239,SER-0000095,2023
96,685,6,9,MOD-245,SER-0000096,2023
97,279,7,10,MOD-835,SER-0000097,2018
98,508,1,11,MOD-389,SER-0000098,2026
99,546,5,8,MOD-555,SER-0000099,2024
100,808,7,4,MOD-362,SER-0000100,2022
101,110,1,4,MOD-876,SER-0000101,2025
102,980,10,4,MOD-754,SER-0000102,2021
103,282,1,8,MOD-589,SER-0000103,2023
104,618,5,10,MOD-231,SER-0000104,2019
105,345,7,5,MOD-356,SER-0000105,2022
106,955,3,12,MOD-315,SER-0000106,2023
107,787,1,5,MOD-403,SER-0000107,2024
108,317,6,9,MOD-291,SER-0000108,2023
109,1108,3,2,MOD-878,SER-0000109,2018
110,199,8,9,MOD-914,SER-0000110,2025
111,638,4,7,MOD-928,SER-0000111,2023
112,1021,7,6,MOD-814,SER-0000112,2026
113,911,3,3,MOD-702,SER-0000113,2018
114,1014,7,7,MOD-757,SER-0000114,2021
115,407,9,4,MOD-265,SER-0000115,2024
116,406,10,7,MOD-513,SER-0000116,2022
117,591,6,10,MOD-524,SER-0000117,2018
118,738,5,8,MOD-298,SER-0000118,2021
119,861,10,5,MOD-844,SER-0000119,2023
120,1001,4,4,MOD-857,SER-0000120,2018
121,1030,10,12,MOD-499,SER-0000121,2025
122,1157,8,7,MOD-643,SER-0000122,2022
123,761,9,3,MOD-647,SER-0000123,2026
124,110,7,5,MOD-237,SER-0000124,2025
125,507,10,11,MOD-458,SER-0000125,2023
126,949,8,7,MOD-492,SER-0000126,2026
127,411,3,8,MOD-983,SER-0000127,2023
128,808,7,5,MOD-264,SER-0000128,2021
129,24,3,6,MOD-215,SER-0000129,2023
130,1171,9,12,MOD-916,SER-0000130,2024
131,680,8,4,MOD-164,SER-0000131,2020
132,767,5,12,MOD-450,SER-0000132,2019
133,452,3,3,MOD-658,SER-0000133,2025
134,177,5,12,MOD-323,SER-0000134,2024
135,1146,5,10,MOD-625,SER-0000135,2018
136,419,2,4,MOD-672,SER-0000136,2026
137,67,4,9,MOD-671,SER-0000137,2020
138,1093,4,1,MOD-615,SER-0000138,2021
139,1099,1,6,MOD-536,SER-0000139,2025
140,1058,9,2,MOD-120,SER-0000140,2024
141,1062,10,6,MOD-132,SER-0000141,2026
142,391,2,8,MOD-628,SER-0000142,2019
143,903,6,6,MOD-462,SER-0000143,2025
144,669,6,9,MOD-638,SER-0000144,2022
145,504,1,12,MOD-302,SER-0000145,2023
146,1090,3,8,MOD-948,SER-0000146,2025
147,267,7,11,MOD-478,SER-0000147,2026
148,59,10,6,MOD-832,SER-0000148,2020
149,765,1,11,MOD-199,SER-0000149,2022
150,723,8,10,MOD-863,SER-0000150,2023
151,349,3,9,MOD-173,SER-0000151,2018
152,662,6,8,MOD-219,SER-0000152,2019
153,983,5,8,MOD-440,SER-0000153,2021
154,723,3,2,MOD-379,SER-0000154,2018
155,496,3,8,MOD-707,SER-0000155,2021
156,728,7,5,MOD-160,SER-0000156,2020
157,83,2,10,MOD-361,SER-0000157,2023
158,963,2,10,MOD-471,SER-0000158,2023
159,853,10,10,MOD-551,SER-0000159,2018
160,1067,2,11,MOD-993,SER-0000160,2019
161,292,7,3,MOD-362,SER-0000161,2019
162,53,10,12,MOD-508,SER-0000162,2021
163,893,8,9,MOD-500,SER-0000163,2019
164,667,1,10,MOD-383,SER-0000164,2023
165,991,7,6,MOD-331,SER-0000165,2023
166,843,7,11,MOD-476,SER-0000166,2023
167,341,4,3,MOD-993,SER-0000167,2019
168,628,6,10,MOD-333,SER-0000168,2022
169,22,2,1,MOD-365,SER-0000169,2021
170,881,7,2,MOD-903,SER-0000170,2024
171,418,3,7,MOD-961,SER-0000171,2024
172,940,5,5,MOD-337,SER-0000172,2025
173,7,6,8,MOD-788,SER-0000173,2024
174,926,3,5,MOD-733,SER-0000174,2022
175,669,8,1,MOD-596,SER-0000175,2019
176,818,1,7,MOD-546,SER-0000176,2022
177,987,7,5,MOD-556,SER-0000177,2022
178,620,7,2,MOD-431,SER-0000178,2022
179,1110,6,3,MOD-948,SER-0000179,2021
180,423,8,3,MOD-287,SER-0000180,2025
181,1112,2,4,MOD-411,SER-0000181,2020
182,906,3,3,MOD-803,SER-0000182,2018
183,115,7,5,MOD-443,SER-0000183,2020
184,557,2,7,MOD-378,SER-0000184,2024
185,334,5,3,MOD-625,SER-0000185,2024
186,655,3,1,MOD-616,SER-0000186,2020
187,246,7,9,MOD-930,SER-0000187,2025
188,64,2,3,MOD-691,SER-0000188,2020
189,288,4,9,MOD-685,SER-0000189,2018
190,758,6,6,MOD-861,SER-0000190,2020
191,674,8,1,MOD-635,SER-0000191,2023
192,832,9,10,MOD-914,SER-0000192,2019
193,917,2,6,MOD-553,SER-0000193,2024
194,353,7,4,MOD-467,SER-0000194,2023
195,1133,2,8,MOD-779,SER-0000195,2024
196,395,7,11,MOD-809,SER-0000196,2021
197,947,6,1,MOD-870,SER-0000197,2021
198,1165,8,9,MOD-417,SER-0000198,2025
199,1056,5,7,MOD-643,SER-0000199,2018
200,729,9,11,MOD-474,SER-0000200,2019
201,1114,1,10,MOD-146,SER-0000201,2023
202,692,10,3,MOD-364,SER-0000202,2020
203,766,6,4,MOD-969,SER-0000203,2021
204,675,2,3,MOD-343,SER-0000204,2026
205,254,3,3,MOD-755,SER-0000205,2018
206,638,9,7,MOD-963,SER-0000206,2022
207,141,8,12,MOD-198,SER-0000207,2020
208,388,5,11,MOD-108,SER-0000208,2019
209,6,6,9,MOD-887,SER-0000209,2022
210,67,4,9,MOD-969,SER-0000210,2020
211,703,9,8,MOD-143,SER-0000211,2020
212,1045,9,1,MOD-340,SER-0000212,2025
213,719,2,6,MOD-251,SER-0000213,2026
214,962,7,8,MOD-347,SER-0000214,2026
215,957,1,7,MOD-792,SER-0000215,2018
216,390,1,4,MOD-841,SER-0000216,2024
217,72,4,3,MOD-565,SER-0000217,2020
218,805,6,12,MOD-599,SER-0000218,2024
219,443,8,4,MOD-985,SER-0000219,2020
220,243,10,3,MOD-502,SER-0000220,2019
221,2,7,9,MOD-624,SER-0000221,2021
222,774,1,1,MOD-766,SER-0000222,2020
223,490,1,12,MOD-207,SER-0000223,2022
224,1036,5,5,MOD-723,SER-0000224,2022
225,139,5,5,MOD-474,SER-0000225,2026
226,204,10,3,MOD-281,SER-0000226,2026
227,1123,6,4,MOD-271,SER-0000227,2020
228,778,5,9,MOD-436,SER-0000228,2020
229,86,10,1,MOD-692,SER-0000229,2019
230,695,3,12,MOD-361,SER-0000230,2024
231,446,5,2,MOD-432,SER-0000231,2022
232,1088,9,3,MOD-984,SER-0000232,2024
233,361,9,8,MOD-136,SER-0000233,2023
234,902,5,4,MOD-162,SER-0000234,2018
235,856,6,1,MOD-803,SER-0000235,2025
236,591,8,4,MOD-148,SER-0000236,2021
237,65,6,8,MOD-978,SER-0000237,2025
238,606,1,11,MOD-670,SER-0000238,2020
239,357,9,2,MOD-545,SER-0000239,2022
240,362,4,6,MOD-482,SER-0000240,2025
241,798,1,5,MOD-237,SER-0000241,2018
242,219,7,4,MOD-658,SER-0000242,2023
243,1109,7,10,MOD-182,SER-0000243,2026
244,213,3,8,MOD-959,SER-0000244,2023
245,594,9,3,MOD-476,SER-0000245,2026
246,459,4,8,MOD-788,SER-0000246,2019
247,322,8,6,MOD-714,SER-0000247,2025
248,568,2,5,MOD-625,SER-0000248,2021
249,397,8,5,MOD-455,SER-0000249,2019
250,1007,3,5,MOD-890,SER-0000250,2026
251,993,7,10,MOD-797,SER-0000251,2023
252,887,3,2,MOD-209,SER-0000252,2024
253,945,1,10,MOD-943,SER-0000253,2018
254,886,9,2,MOD-389,SER-0000254,2024
255,624,9,2,MOD-609,SER-0000255,2018
256,800,7,11,MOD-129,SER-0000256,2022
257,123,8,6,MOD-787,SER-0000257,2020
258,431,1,5,MOD-131,SER-0000258,2022
259,426,1,5,MOD-970,SER-0000259,2022
260,944,8,8,MOD-221,SER-0000260,2019
261,316,1,11,MOD-571,SER-0000261,2026
262,631,5,10,MOD-661,SER-0000262,2026
263,1032,3,3,MOD-697,SER-0000263,2019
264,282,1,3,MOD-393,SER-0000264,2025
265,799,10,6,MOD-945,SER-0000265,2021
266,62,2,1,MOD-479,SER-0000266,2021
267,680,4,12,MOD-718,SER-0000267,2026
268,86,6,10,MOD-617,SER-0000268,2021
269,743,5,2,MOD-318,SER-0000269,2025
270,536,10,7,MOD-388,SER-0000270,2019
271,736,5,7,MOD-168,SER-0000271,2018
272,680,2,9,MOD-183,SER-0000272,2025
273,3,9,2,MOD-724,SER-0000273,2026
274,839,2,2,MOD-415,SER-0000274,2026
275,964,6,1,MOD-579,SER-0000275,2020
276,432,9,3,MOD-597,SER-0000276,2025
277,714,9,2,MOD-893,SER-0000277,2022
278,454,5,1,MOD-831,SER-0000278,2022
279,152,6,2,MOD-433,SER-0000279,2024
280,962,4,10,MOD-756,SER-0000280,2023
281,43,5,2,MOD-234,SER-0000281,2025
282,674,8,5,MOD-168,SER-0000282,2021
283,203,6,4,MOD-372,SER-0000283,2026
284,433,10,1,MOD-359,SER-0000284,2021
285,1034,4,4,MOD-869,SER-0000285,2021
286,187,7,11,MOD-188,SER-0000286,2018
287,169,6,4,MOD-904,SER-0000287,2024
288,295,10,9,MOD-200,SER-0000288,2026
289,373,6,11,MOD-825,SER-0000289,2023
290,439,6,1,MOD-865,SER-0000290,2020
291,944,6,10,MOD-616,SER-0000291,2024
292,314,5,6,MOD-749,SER-0000292,2021
293,53,4,8,MOD-861,SER-0000293,2023
294,980,2,1,MOD-991,SER-0000294,2026
295,1153,2,8,MOD-799,SER-0000295,2019
296,956,1,1,MOD-334,SER-0000296,2018
297,361,3,9,MOD-327,SER-0000297,2021
298,348,5,10,MOD-432,SER-0000298,2024
299,602,10,6,MOD-854,SER-0000299,2018
300,1126,1,4,MOD-380,SER-0000300,2024
301,797,6,1,MOD-583,SER-0000301,2025
302,334,10,9,MOD-386,SER-0000302,2023
303,1196,5,8,MOD-914,SER-0000303,2021
304,728,1,1,MOD-636,SER-0000304,2019
305,176,9,4,MOD-443,SER-0000305,2019
306,331,1,6,MOD-227,SER-0000306,2025
307,714,5,7,MOD-802,SER-0000307,2023
308,994,2,12,MOD-544,SER-0000308,2024
309,950,3,3,MOD-574,SER-0000309,2018
310,118,8,7,MOD-537,SER-0000310,2020
311,619,5,10,MOD-120,SER-0000311,2018
312,52,5,1,MOD-216,SER-0000312,2023
313,714,8,10,MOD-886,SER-0000313,2019
314,860,3,9,MOD-371,SER-0000314,2020
315,1039,1,10,MOD-794,SER-0000315,2024
316,1109,9,8,MOD-761,SER-0000316,2022
317,161,2,3,MOD-664,SER-0000317,2021
318,457,6,3,MOD-327,SER-0000318,2021
319,987,3,2,MOD-522,SER-0000319,2025
320,83,10,9,MOD-793,SER-0000320,2023
321,854,1,10,MOD-773,SER-0000321,2026
322,481,8,3,MOD-818,SER-0000322,2019
323,960,3,3,MOD-950,SER-0000323,2019
324,80,4,12,MOD-821,SER-0000324,2019
325,452,7,12,MOD-901,SER-0000325,2025
326,668,3,12,MOD-357,SER-0000326,2021
327,1074,5,8,MOD-658,SER-0000327,2024
328,1029,4,11,MOD-558,SER-0000328,2020
329,824,4,6,MOD-795,SER-0000329,2022
330,713,4,6,MOD-294,SER-0000330,2025
331,725,4,3,MOD-563,SER-0000331,2019
332,892,9,1,MOD-279,SER-0000332,2024
333,19,9,12,MOD-236,SER-0000333,2021
334,180,10,3,MOD-796,SER-0000334,2020
335,655,9,2,MOD-222,SER-0000335,2018
336,444,3,2,MOD-476,SER-0000336,2025
337,1072,2,9,MOD-235,SER-0000337,2020
338,240,2,10,MOD-560,SER-0000338,2018
339,932,5,6,MOD-195,SER-0000339,2021
340,712,7,5,MOD-616,SER-0000340,2020
341,347,1,1,MOD-234,SER-0000341,2022
342,558,10,7,MOD-867,SER-0000342,2020
343,210,10,1,MOD-586,SER-0000343,2021
344,1117,6,7,MOD-425,SER-0000344,2018
345,610,7,6,MOD-255,SER-0000345,2019
346,1009,10,7,MOD-567,SER-0000346,2018
347,300,3,3,MOD-424,SER-0000347,2026
348,694,6,12,MOD-620,SER-0000348,2018
349,27,8,7,MOD-171,SER-0000349,2021
350,334,1,12,MOD-836,SER-0000350,2023
351,733,2,9,MOD-415,SER-0000351,2024
352,21,6,12,MOD-765,SER-0000352,2023
353,689,1,9,MOD-754,SER-0000353,2025
354,979,5,1,MOD-686,SER-0000354,2018
355,1087,8,12,MOD-429,SER-0000355,2019
356,732,8,5,MOD-179,SER-0000356,2022
357,1142,10,3,MOD-535,SER-0000357,2021
358,63,7,11,MOD-781,SER-0000358,2025
359,490,4,12,MOD-725,SER-0000359,2021
360,940,7,5,MOD-959,SER-0000360,2024
361,461,2,12,MOD-783,SER-0000361,2021
362,2,8,6,MOD-120,SER-0000362,2026
363,1038,6,7,MOD-700,SER-0000363,2024
364,8,1,7,MOD-133,SER-0000364,2018
365,70,7,9,MOD-779,SER-0000365,2019
366,689,9,10,MOD-146,SER-0000366,2024
367,627,9,10,MOD-347,SER-0000367,2025
368,452,8,10,MOD-360,SER-0000368,2018
369,103,9,10,MOD-678,SER-0000369,2019
370,111,3,3,MOD-671,SER-0000370,2024
371,555,2,3,MOD-406,SER-0000371,2020
372,379,5,8,MOD-919,SER-0000372,2022
373,186,7,12,MOD-911,SER-0000373,2024
374,677,3,5,MOD-381,SER-0000374,2021
375,45,5,8,MOD-393,SER-0000375,2018
376,162,10,10,MOD-277,SER-0000376,2023
377,966,3,8,MOD-420,SER-0000377,2019
378,491,10,12,MOD-371,SER-0000378,2025
379,1025,1,1,MOD-502,SER-0000379,2023
380,1127,7,6,MOD-331,SER-0000380,2026
381,180,10,1,MOD-528,SER-0000381,2022
382,526,2,7,MOD-131,SER-0000382,2023
383,580,4,12,MOD-971,SER-0000383,2018
384,368,10,12,MOD-391,SER-0000384,2024
385,444,10,10,MOD-634,SER-0000385,2024
386,538,8,8,MOD-885,SER-0000386,2026
387,338,3,12,MOD-890,SER-0000387,2020
388,925,7,6,MOD-424,SER-0000388,2023
389,1106,7,2,MOD-515,SER-0000389,2026
390,695,9,11,MOD-515,SER-0000390,2019
391,1010,6,2,MOD-253,SER-0000391,2019
392,931,5,3,MOD-791,SER-0000392,2022
393,791,1,6,MOD-854,SER-0000393,2026
394,406,5,9,MOD-637,SER-0000394,2025
395,457,6,4,MOD-841,SER-0000395,2022
396,896,2,8,MOD-373,SER-0000396,2019
397,148,8,3,MOD-210,SER-0000397,2020
398,181,3,3,MOD-436,SER-0000398,2020
399,312,2,6,MOD-685,SER-0000399,2023
400,740,3,10,MOD-949,SER-0000400,2021
401,498,5,7,MOD-540,SER-0000401,2020
402,494,8,3,MOD-769,SER-0000402,2018
403,663,1,10,MOD-745,SER-0000403,2018
404,125,3,2,MOD-468,SER-0000404,2020
405,573,1,2,MOD-605,SER-0000405,2022
406,966,8,3,MOD-845,SER-0000406,2021
407,577,10,9,MOD-877,SER-0000407,2021
408,409,2,2,MOD-898,SER-0000408,2024
409,805,9,7,MOD-665,SER-0000409,2022
410,756,6,11,MOD-766,SER-0000410,2025
411,977,4,2,MOD-504,SER-0000411,2019
412,961,9,7,MOD-553,SER-0000412,2019
413,577,9,8,MOD-869,SER-0000413,2021
414,656,7,8,MOD-976,SER-0000414,2022
415,265,4,5,MOD-468,SER-0000415,2021
416,1059,6,7,MOD-821,SER-0000416,2019
417,778,10,12,MOD-317,SER-0000417,2023
418,981,9,3,MOD-225,SER-0000418,2022
419,54,10,9,MOD-252,SER-0000419,2025
420,740,2,2,MOD-554,SER-0000420,2026
421,347,9,6,MOD-208,SER-0000421,2026
422,106,5,7,MOD-231,SER-0000422,2025
423,433,5,1,MOD-928,SER-0000423,2025
424,1051,10,1,MOD-561,SER-0000424,2020
425,644,10,1,MOD-286,SER-0000425,2020
426,21,9,4,MOD-289,SER-0000426,2020
427,245,2,1,MOD-404,SER-0000427,2018
428,1095,6,1,MOD-709,SER-0000428,2020
429,754,7,8,MOD-487,SER-0000429,2024
430,1144,10,12,MOD-931,SER-0000430,2025
431,98,1,9,MOD-325,SER-0000431,2021
432,436,2,3,MOD-886,SER-0000432,2024
433,113,10,8,MOD-727,SER-0000433,2026
434,812,5,7,MOD-298,SER-0000434,2022
435,129,9,2,MOD-997,SER-0000435,2019
436,690,6,2,MOD-971,SER-0000436,2024
437,548,2,8,MOD-168,SER-0000437,2021
438,1046,3,8,MOD-209,SER-0000438,2024
439,686,5,10,MOD-570,SER-0000439,2021
440,791,5,2,MOD-976,SER-0000440,2024
441,554,7,10,MOD-323,SER-0000441,2026
442,934,1,8,MOD-729,SER-0000442,2025
443,406,10,1,MOD-266,SER-0000443,2023
444,197,1,5,MOD-272,SER-0000444,2020
445,820,7,5,MOD-893,SER-0000445,2018
446,1073,5,7,MOD-236,SER-0000446,2022
447,243,10,2,MOD-988,SER-0000447,2020
448,90,4,12,MOD-402,SER-0000448,2018
449,600,7,2,MOD-534,SER-0000449,2020
450,277,3,12,MOD-835,SER-0000450,2021
451,757,2,6,MOD-471,SER-0000451,2021
452,67,7,3,MOD-792,SER-0000452,2019
453,733,10,3,MOD-853,SER-0000453,2025
454,1048,5,9,MOD-561,SER-0000454,2025
455,509,4,10,MOD-727,SER-0000455,2019
456,460,10,5,MOD-470,SER-0000456,2021
457,1084,10,6,MOD-655,SER-0000457,2018
458,588,6,1,MOD-479,SER-0000458,2023
459,532,4,1,MOD-922,SER-0000459,2023
460,289,4,8,MOD-149,SER-0000460,2020
461,248,9,3,MOD-169,SER-0000461,2019
462,663,10,10,MOD-133,SER-0000462,2024
463,80,1,7,MOD-447,SER-0000463,2020
464,46,9,6,MOD-415,SER-0000464,2026
465,167,6,3,MOD-414,SER-0000465,2021
466,853,3,4,MOD-587,SER-0000466,2024
467,1127,1,6,MOD-290,SER-0000467,2020
468,1043,9,10,MOD-491,SER-0000468,2024
469,299,9,2,MOD-572,SER-0000469,2022
470,760,2,3,MOD-500,SER-0000470,2025
471,895,4,11,MOD-178,SER-0000471,2026
472,136,6,12,MOD-681,SER-0000472,2023
473,971,4,9,MOD-907,SER-0000473,2018
474,497,1,9,MOD-739,SER-0000474,2021
475,1031,10,10,MOD-558,SER-0000475,2018
476,88,1,1,MOD-984,SER-0000476,2024
477,54,10,5,MOD-318,SER-0000477,2025
478,280,8,6,MOD-557,SER-0000478,2021
479,744,8,8,MOD-844,SER-0000479,2022
480,557,9,5,MOD-604,SER-0000480,2022
481,932,9,10,MOD-180,SER-0000481,2022
482,255,10,1,MOD-622,SER-0000482,2023
483,994,8,5,MOD-684,SER-0000483,2022
484,344,10,1,MOD-795,SER-0000484,2018
485,565,2,3,MOD-822,SER-0000485,2022
486,973,5,2,MOD-953,SER-0000486,2026
487,512,5,1,MOD-664,SER-0000487,2022
488,440,1,3,MOD-614,SER-0000488,2023
489,430,5,11,MOD-915,SER-0000489,2022
490,253,3,1,MOD-328,SER-0000490,2019
491,1003,1,7,MOD-679,SER-0000491,2020
492,326,1,9,MOD-833,SER-0000492,2025
493,450,5,3,MOD-304,SER-0000493,2021
494,1084,6,2,MOD-253,SER-0000494,2026
495,339,9,9,MOD-463,SER-0000495,2024
496,414,3,4,MOD-821,SER-0000496,2022
497,555,8,10,MOD-642,SER-0000497,2023
498,368,3,8,MOD-751,SER-0000498,2024
499,947,4,8,MOD-728,SER-0000499,2018
500,575,8,4,MOD-217,SER-0000500,2022
501,446,4,11,MOD-809,SER-0000501,2022
502,754,9,4,MOD-311,SER-0000502,2026
503,1031,4,8,MOD-716,SER-0000503,2020
504,919,2,10,MOD-950,SER-0000504,2025
505,145,2,4,MOD-722,SER-0000505,2021
506,1096,3,9,MOD-694,SER-0000506,2019
507,282,3,6,MOD-625,SER-0000507,2023
508,1192,3,5,MOD-864,SER-0000508,2020
509,484,6,7,MOD-312,SER-0000509,2019
510,607,10,2,MOD-678,SER-0000510,2019
511,152,10,7,MOD-428,SER-0000511,2021
512,721,2,6,MOD-846,SER-0000512,2026
513,1062,6,4,MOD-707,SER-0000513,2026
514,255,5,3,MOD-196,SER-0000514,2021
515,604,2,7,MOD-804,SER-0000515,2022
516,407,3,1,MOD-573,SER-0000516,2024
517,305,8,11,MOD-705,SER-0000517,2025
518,31,8,6,MOD-952,SER-0000518,2018
519,125,3,3,MOD-294,SER-0000519,2020
520,223,9,1,MOD-819,SER-0000520,2025
521,647,1,6,MOD-619,SER-0000521,2022
522,166,5,1,MOD-632,SER-0000522,2022
523,67,5,1,MOD-729,SER-0000523,2021
524,47,4,5,MOD-853,SER-0000524,2019
525,243,9,9,MOD-945,SER-0000525,2021
526,504,7,8,MOD-810,SER-0000526,2018
527,1170,9,12,MOD-105,SER-0000527,2021
528,825,6,2,MOD-733,SER-0000528,2021
529,1082,2,7,MOD-833,SER-0000529,2023
530,942,5,6,MOD-890,SER-0000530,2023
531,153,1,7,MOD-281,SER-0000531,2024
532,1036,9,9,MOD-743,SER-0000532,2022
533,978,6,6,MOD-671,SER-0000533,2021
534,925,1,12,MOD-195,SER-0000534,2023
535,344,1,4,MOD-856,SER-0000535,2018
536,761,9,3,MOD-892,SER-0000536,2024
537,763,1,3,MOD-658,SER-0000537,2020
538,142,7,6,MOD-676,SER-0000538,2020
539,292,3,2,MOD-592,SER-0000539,2023
540,338,6,7,MOD-732,SER-0000540,2018
541,484,6,2,MOD-479,SER-0000541,2025
542,849,9,5,MOD-951,SER-0000542,2023
543,683,10,8,MOD-461,SER-0000543,2024
544,441,10,5,MOD-656,SER-0000544,2026
545,679,1,9,MOD-208,SER-0000545,2023
546,534,8,4,MOD-662,SER-0000546,2024
547,351,3,1,MOD-826,SER-0000547,2020
548,790,5,10,MOD-531,SER-0000548,2023
549,910,3,11,MOD-233,SER-0000549,2023
550,95,10,2,MOD-546,SER-0000550,2020
551,1139,10,2,MOD-516,SER-0000551,2019
552,271,10,7,MOD-350,SER-0000552,2021
553,79,2,5,MOD-360,SER-0000553,2020
554,821,6,8,MOD-628,SER-0000554,2018
555,684,1,8,MOD-589,SER-0000555,2022
556,680,5,11,MOD-313,SER-0000556,2026
557,1017,9,5,MOD-965,SER-0000557,2018
558,184,7,10,MOD-786,SER-0000558,2024
559,729,2,4,MOD-597,SER-0000559,2021
560,1074,6,11,MOD-210,SER-0000560,2022
561,922,2,5,MOD-412,SER-0000561,2020
562,808,8,11,MOD-704,SER-0000562,2021
563,376,6,6,MOD-736,SER-0000563,2023
564,389,9,8,MOD-429,SER-0000564,2023
565,122,1,11,MOD-240,SER-0000565,2023
566,148,3,6,MOD-830,SER-0000566,2024
567,766,7,3,MOD-964,SER-0000567,2026
568,4,4,2,MOD-479,SER-0000568,2020
569,589,8,2,MOD-347,SER-0000569,2023
570,1133,3,7,MOD-885,SER-0000570,2026
571,90,10,10,MOD-326,SER-0000571,2019
572,398,7,9,MOD-880,SER-0000572,2024
573,73,10,3,MOD-819,SER-0000573,2019
574,200,7,6,MOD-615,SER-0000574,2020
575,2,4,5,MOD-285,SER-0000575,2018
576,457,6,10,MOD-148,SER-0000576,2020
577,279,9,10,MOD-730,SER-0000577,2020
578,362,10,11,MOD-463,SER-0000578,2022
579,457,10,10,MOD-288,SER-0000579,2023
580,583,10,10,MOD-781,SER-0000580,2025
581,814,10,11,MOD-784,SER-0000581,2021
582,105,1,2,MOD-822,SER-0000582,2020
583,671,2,3,MOD-688,SER-0000583,2021
584,1010,6,8,MOD-740,SER-0000584,2024
585,757,2,1,MOD-938,SER-0000585,2026
586,1075,6,6,MOD-411,SER-0000586,2021
587,934,10,3,MOD-233,SER-0000587,2024
588,525,9,12,MOD-518,SER-0000588,2023
589,541,4,10,MOD-365,SER-0000589,2025
590,156,1,10,MOD-258,SER-0000590,2019
591,849,2,7,MOD-390,SER-0000591,2024
592,378,3,3,MOD-106,SER-0000592,2025
593,800,4,6,MOD-988,SER-0000593,2026
594,316,10,8,MOD-255,SER-0000594,2023
595,523,8,4,MOD-206,SER-0000595,2020
596,581,1,5,MOD-816,SER-0000596,2023
597,13,6,1,MOD-717,SER-0000597,2026
598,853,7,1,MOD-472,SER-0000598,2021
599,958,10,2,MOD-851,SER-0000599,2025
600,339,5,8,MOD-496,SER-0000600,2026
601,249,4,9,MOD-798,SER-0000601,2020
602,757,5,2,MOD-557,SER-0000602,2020
603,108,10,7,MOD-253,SER-0000603,2019
604,110,1,4,MOD-380,SER-0000604,2024
605,536,10,7,MOD-920,SER-0000605,2020
606,390,2,2,MOD-962,SER-0000606,2019
607,929,7,2,MOD-922,SER-0000607,2023
608,16,2,10,MOD-192,SER-0000608,2024
609,557,6,9,MOD-102,SER-0000609,2026
610,7,6,2,MOD-888,SER-0000610,2023
611,371,8,2,MOD-449,SER-0000611,2026
612,518,4,12,MOD-242,SER-0000612,2021
613,30,7,6,MOD-562,SER-0000613,2024
614,204,9,6,MOD-449,SER-0000614,2024
615,419,8,11,MOD-595,SER-0000615,2018
616,874,6,11,MOD-359,SER-0000616,2025
617,1007,8,8,MOD-430,SER-0000617,2019
618,1015,9,7,MOD-519,SER-0000618,2025
619,244,4,11,MOD-310,SER-0000619,2026
620,544,5,11,MOD-165,SER-0000620,2026
621,988,5,1,MOD-736,SER-0000621,2019
622,25,6,3,MOD-101,SER-0000622,2021
623,1021,8,3,MOD-132,SER-0000623,2023
624,625,10,6,MOD-981,SER-0000624,2025
625,268,2,1,MOD-177,SER-0000625,2026
626,123,2,8,MOD-474,SER-0000626,2025
627,375,4,5,MOD-413,SER-0000627,2025
628,441,4,6,MOD-348,SER-0000628,2018
629,616,3,4,MOD-829,SER-0000629,2018
630,47,8,6,MOD-644,SER-0000630,2025
631,709,4,12,MOD-705,SER-0000631,2021
632,110,5,5,MOD-955,SER-0000632,2024
633,1098,1,12,MOD-263,SER-0000633,2025
634,1017,9,1,MOD-994,SER-0000634,2022
635,559,10,11,MOD-878,SER-0000635,2023
636,743,7,10,MOD-932,SER-0000636,2021
637,715,6,5,MOD-221,SER-0000637,2019
638,984,9,2,MOD-356,SER-0000638,2020
639,218,6,5,MOD-537,SER-0000639,2019
640,590,3,8,MOD-379,SER-0000640,2025
641,43,4,2,MOD-658,SER-0000641,2024
642,379,7,3,MOD-281,SER-0000642,2023
643,1113,4,11,MOD-582,SER-0000643,2019
644,320,3,9,MOD-217,SER-0000644,2020
645,530,3,7,MOD-972,SER-0000645,2019
646,341,9,3,MOD-728,SER-0000646,2022
647,610,6,4,MOD-332,SER-0000647,2018
648,231,6,1,MOD-822,SER-0000648,2026
649,1172,5,12,MOD-954,SER-0000649,2020
650,135,1,8,MOD-123,SER-0000650,2026
651,562,3,12,MOD-819,SER-0000651,2025
652,921,2,1,MOD-193,SER-0000652,2018
653,1177,6,5,MOD-322,SER-0000653,2019
654,968,7,8,MOD-314,SER-0000654,2026
655,495,1,11,MOD-404,SER-0000655,2021
656,487,8,11,MOD-578,SER-0000656,2022
657,545,3,5,MOD-183,SER-0000657,2021
658,611,5,3,MOD-555,SER-0000658,2021
659,525,9,4,MOD-101,SER-0000659,2024
660,894,7,11,MOD-394,SER-0000660,2022
661,1082,5,4,MOD-194,SER-0000661,2022
662,677,7,5,MOD-621,SER-0000662,2019
663,390,10,9,MOD-657,SER-0000663,2021
664,312,3,9,MOD-497,SER-0000664,2026
665,35,9,6,MOD-972,SER-0000665,2021
666,615,4,5,MOD-813,SER-0000666,2019
667,560,3,7,MOD-428,SER-0000667,2022
668,1091,10,4,MOD-339,SER-0000668,2019
669,1069,2,6,MOD-360,SER-0000669,2025
670,892,10,4,MOD-215,SER-0000670,2024
671,274,1,8,MOD-809,SER-0000671,2024
672,1036,6,10,MOD-148,SER-0000672,2018
673,76,3,1,MOD-342,SER-0000673,2023
674,899,5,9,MOD-859,SER-0000674,2024
675,1070,8,11,MOD-271,SER-0000675,2023
676,42,7,9,MOD-943,SER-0000676,2023
677,989,9,8,MOD-835,SER-0000677,2022
678,272,4,5,MOD-636,SER-0000678,2018
679,1191,5,7,MOD-569,SER-0000679,2019
680,72,5,1,MOD-427,SER-0000680,2025
681,643,7,8,MOD-815,SER-0000681,2021
682,643,8,8,MOD-386,SER-0000682,2020
683,831,2,6,MOD-615,SER-0000683,2018
684,1147,6,4,MOD-403,SER-0000684,2020
685,1017,2,9,MOD-903,SER-0000685,2024
686,646,4,11,MOD-891,SER-0000686,2024
687,808,6,3,MOD-277,SER-0000687,2021
688,423,6,12,MOD-616,SER-0000688,2026
689,1151,6,9,MOD-456,SER-0000689,2024
690,42,2,8,MOD-602,SER-0000690,2018
691,958,6,5,MOD-536,SER-0000691,2021
692,950,10,7,MOD-146,SER-0000692,2025
693,132,6,6,MOD-369,SER-0000693,2023
694,900,10,11,MOD-573,SER-0000694,2023
695,269,5,10,MOD-573,SER-0000695,2023
696,989,8,2,MOD-789,SER-0000696,2023
697,54,2,6,MOD-181,SER-0000697,2024
698,499,8,5,MOD-766,SER-0000698,2020
699,912,1,10,MOD-880,SER-0000699,2022
700,1185,10,7,MOD-859,SER-0000700,2018
701,337,8,4,MOD-730,SER-0000701,2019
702,828,10,11,MOD-875,SER-0000702,2024
703,105,9,9,MOD-955,SER-0000703,2020
704,973,10,2,MOD-937,SER-0000704,2025
705,488,8,12,MOD-723,SER-0000705,2023
706,877,10,3,MOD-952,SER-0000706,2023
707,1103,7,7,MOD-644,SER-0000707,2018
708,1129,2,9,MOD-174,SER-0000708,2024
709,614,4,3,MOD-789,SER-0000709,2024
710,165,6,11,MOD-856,SER-0000710,2020
711,955,6,3,MOD-504,SER-0000711,2024
712,607,3,9,MOD-940,SER-0000712,2022
713,1087,5,2,MOD-224,SER-0000713,2023
714,54,6,3,MOD-454,SER-0000714,2020
715,706,2,11,MOD-237,SER-0000715,2024
716,300,6,11,MOD-419,SER-0000716,2020
717,2,3,10,MOD-981,SER-0000717,2023
718,211,10,10,MOD-986,SER-0000718,2024
719,677,4,9,MOD-981,SER-0000719,2019
720,185,6,2,MOD-868,SER-0000720,2025
721,1005,5,3,MOD-937,SER-0000721,2021
722,254,3,1,MOD-298,SER-0000722,2022
723,395,2,7,MOD-601,SER-0000723,2018
724,1108,8,11,MOD-971,SER-0000724,2024
725,632,4,7,MOD-231,SER-0000725,2018
726,583,8,11,MOD-732,SER-0000726,2024
727,870,5,1,MOD-157,SER-0000727,2023
728,101,9,2,MOD-761,SER-0000728,2021
729,558,6,7,MOD-925,SER-0000729,2020
730,648,4,7,MOD-533,SER-0000730,2026
731,785,10,4,MOD-870,SER-0000731,2019
732,8,4,6,MOD-404,SER-0000732,2024
733,891,10,7,MOD-493,SER-0000733,2024
734,118,6,5,MOD-674,SER-0000734,2021
735,914,6,9,MOD-179,SER-0000735,2026
736,520,10,3,MOD-310,SER-0000736,2019
737,800,4,6,MOD-573,SER-0000737,2019
738,769,4,8,MOD-796,SER-0000738,2025
739,104,7,7,MOD-360,SER-0000739,2025
740,937,3,4,MOD-952,SER-0000740,2018
741,53,2,11,MOD-687,SER-0000741,2022
742,685,6,1,MOD-277,SER-0000742,2025
743,963,7,6,MOD-216,SER-0000743,2020
744,751,2,2,MOD-778,SER-0000744,2018
745,486,5,12,MOD-961,SER-0000745,2024
746,211,10,7,MOD-125,SER-0000746,2025
747,974,5,9,MOD-280,SER-0000747,2025
748,721,9,10,MOD-358,SER-0000748,2022
749,1097,8,8,MOD-729,SER-0000749,2024
750,99,4,8,MOD-595,SER-0000750,2021
751,563,7,11,MOD-709,SER-0000751,2023
752,277,10,10,MOD-154,SER-0000752,2022
753,1138,8,12,MOD-970,SER-0000753,2022
754,1014,7,7,MOD-746,SER-0000754,2018
755,408,4,9,MOD-873,SER-0000755,2024
756,252,10,11,MOD-797,SER-0000756,2019
757,173,8,5,MOD-741,SER-0000757,2026
758,649,10,1,MOD-521,SER-0000758,2020
759,613,3,1,MOD-932,SER-0000759,2025
760,394,7,1,MOD-988,SER-0000760,2018
761,518,2,11,MOD-498,SER-0000761,2021
762,231,7,12,MOD-369,SER-0000762,2018
763,985,7,2,MOD-110,SER-0000763,2024
764,1101,7,7,MOD-647,SER-0000764,2020
765,544,10,7,MOD-337,SER-0000765,2026
766,967,5,10,MOD-357,SER-0000766,2019
767,941,8,12,MOD-311,SER-0000767,2018
768,878,3,1,MOD-699,SER-0000768,2020
769,696,2,7,MOD-587,SER-0000769,2021
770,1063,9,2,MOD-761,SER-0000770,2021
771,141,3,11,MOD-331,SER-0000771,2018
772,625,3,5,MOD-794,SER-0000772,2020
773,1073,4,2,MOD-986,SER-0000773,2022
774,580,8,4,MOD-879,SER-0000774,2020
775,42,7,6,MOD-550,SER-0000775,2024
776,1087,5,9,MOD-661,SER-0000776,2019
777,724,5,3,MOD-409,SER-0000777,2022
778,949,4,11,MOD-707,SER-0000778,2023
779,1007,9,2,MOD-733,SER-0000779,2020
780,925,6,4,MOD-544,SER-0000780,2018
781,773,3,5,MOD-346,SER-0000781,2021
782,922,5,7,MOD-415,SER-0000782,2024
783,726,3,7,MOD-671,SER-0000783,2022
784,760,10,1,MOD-885,SER-0000784,2018
785,345,5,6,MOD-645,SER-0000785,2018
786,649,7,8,MOD-969,SER-0000786,2021
787,564,1,12,MOD-975,SER-0000787,2018
788,184,8,3,MOD-388,SER-0000788,2018
789,369,8,4,MOD-478,SER-0000789,2018
790,1190,3,6,MOD-887,SER-0000790,2022
791,326,7,10,MOD-853,SER-0000791,2026
792,710,5,8,MOD-908,SER-0000792,2025
793,108,4,9,MOD-101,SER-0000793,2021
794,515,5,6,MOD-210,SER-0000794,2019
795,310,2,12,MOD-325,SER-0000795,2018
796,672,4,6,MOD-648,SER-0000796,2021
797,976,4,9,MOD-391,SER-0000797,2020
798,633,8,11,MOD-133,SER-0000798,2021
799,840,3,10,MOD-495,SER-0000799,2023
800,12,3,5,MOD-186,SER-0000800,2023
801,850,9,12,MOD-392,SER-0000801,2026
802,1187,3,7,MOD-792,SER-0000802,2022
803,390,2,4,MOD-571,SER-0000803,2020
804,560,3,5,MOD-626,SER-0000804,2019
805,465,4,5,MOD-246,SER-0000805,2021
806,621,5,5,MOD-697,SER-0000806,2020
807,562,2,11,MOD-974,SER-0000807,2019
808,1017,3,4,MOD-629,SER-0000808,2022
809,313,8,9,MOD-416,SER-0000809,2025
810,581,3,8,MOD-193,SER-0000810,2025
811,727,5,3,MOD-620,SER-0000811,2022
812,973,4,9,MOD-774,SER-0000812,2021
813,429,9,8,MOD-261,SER-0000813,2026
814,235,3,8,MOD-595,SER-0000814,2023
815,100,9,4,MOD-895,SER-0000815,2025
816,1180,6,2,MOD-693,SER-0000816,2019
817,1083,9,4,MOD-894,SER-0000817,2023
818,342,10,8,MOD-682,SER-0000818,2018
819,203,5,9,MOD-257,SER-0000819,2021
820,545,7,5,MOD-806,SER-0000820,2021
821,1019,3,1,MOD-664,SER-0000821,2020
822,162,3,6,MOD-431,SER-0000822,2022
823,255,8,11,MOD-562,SER-0000823,2020
824,573,1,12,MOD-222,SER-0000824,2024
825,764,3,2,MOD-357,SER-0000825,2025
826,166,10,6,MOD-849,SER-0000826,2024
827,1143,7,9,MOD-816,SER-0000827,2024
828,1186,7,2,MOD-755,SER-0000828,2020
829,610,7,10,MOD-160,SER-0000829,2020
830,831,7,7,MOD-606,SER-0000830,2024
831,720,4,2,MOD-207,SER-0000831,2018
832,900,6,7,MOD-702,SER-0000832,2020
833,163,2,8,MOD-889,SER-0000833,2023
834,488,4,12,MOD-274,SER-0000834,2018
835,591,1,5,MOD-709,SER-0000835,2026
836,928,2,7,MOD-723,SER-0000836,2025
837,791,7,12,MOD-652,SER-0000837,2026
838,1188,3,8,MOD-692,SER-0000838,2024
839,351,3,5,MOD-275,SER-0000839,2023
840,1195,3,4,MOD-894,SER-0000840,2021
841,1196,3,1,MOD-386,SER-0000841,2021
842,396,10,6,MOD-229,SER-0000842,2022
843,575,7,4,MOD-672,SER-0000843,2021
844,154,9,10,MOD-193,SER-0000844,2023
845,188,3,12,MOD-739,SER-0000845,2018
846,426,2,8,MOD-709,SER-0000846,2026
847,432,4,10,MOD-862,SER-0000847,2024
848,900,8,2,MOD-302,SER-0000848,2024
849,965,7,2,MOD-208,SER-0000849,2022
850,974,4,3,MOD-603,SER-0000850,2019
851,854,2,8,MOD-525,SER-0000851,2018
852,715,1,1,MOD-860,SER-0000852,2025
853,182,8,6,MOD-877,SER-0000853,2023
854,885,2,1,MOD-412,SER-0000854,2022
855,871,4,4,MOD-975,SER-0000855,2025
856,844,4,9,MOD-546,SER-0000856,2022
857,77,5,3,MOD-129,SER-0000857,2020
858,158,7,8,MOD-360,SER-0000858,2021
859,61,7,12,MOD-793,SER-0000859,2025
860,162,4,4,MOD-432,SER-0000860,2022
861,296,5,5,MOD-185,SER-0000861,2023
862,804,10,10,MOD-496,SER-0000862,2018
863,892,10,1,MOD-669,SER-0000863,2018
864,1136,1,4,MOD-202,SER-0000864,2020
865,844,9,7,MOD-654,SER-0000865,2022
866,446,1,3,MOD-128,SER-0000866,2024
867,668,4,1,MOD-984,SER-0000867,2023
868,675,8,1,MOD-304,SER-0000868,2018
869,471,4,5,MOD-389,SER-0000869,2021
870,832,6,4,MOD-218,SER-0000870,2023
871,462,6,3,MOD-112,SER-0000871,2019
872,479,3,9,MOD-237,SER-0000872,2020
873,557,4,11,MOD-405,SER-0000873,2023
874,1193,1,8,MOD-255,SER-0000874,2022
875,965,9,9,MOD-303,SER-0000875,2020
876,446,4,9,MOD-974,SER-0000876,2022
877,555,5,5,MOD-807,SER-0000877,2022
878,719,8,9,MOD-121,SER-0000878,2025
879,703,3,2,MOD-725,SER-0000879,2021
880,173,9,5,MOD-236,SER-0000880,2019
881,217,1,10,MOD-520,SER-0000881,2023
882,4,3,11,MOD-490,SER-0000882,2020
883,593,8,10,MOD-421,SER-0000883,2020
884,604,7,6,MOD-445,SER-0000884,2026
885,693,8,8,MOD-297,SER-0000885,2023
886,1043,4,5,MOD-910,SER-0000886,2019
887,382,3,1,MOD-675,SER-0000887,2020
888,253,7,3,MOD-997,SER-0000888,2023
889,1185,4,8,MOD-129,SER-0000889,2026
890,279,9,2,MOD-928,SER-0000890,2025
891,766,7,11,MOD-849,SER-0000891,2025
892,749,5,7,MOD-216,SER-0000892,2018
893,971,10,8,MOD-169,SER-0000893,2026
894,465,10,8,MOD-536,SER-0000894,2026
895,1018,7,11,MOD-530,SER-0000895,2021
896,349,9,2,MOD-220,SER-0000896,2024
897,288,3,11,MOD-997,SER-0000897,2019
898,674,3,4,MOD-182,SER-0000898,2026
899,287,3,9,MOD-223,SER-0000899,2018
900,773,9,5,MOD-880,SER-0000900,2019
901,536,3,8,MOD-149,SER-0000901,2020
902,410,8,8,MOD-184,SER-0000902,2022
903,296,10,5,MOD-583,SER-0000903,2023
904,798,2,2,MOD-176,SER-0000904,2021
905,61,10,9,MOD-202,SER-0000905,2021
906,788,2,10,MOD-667,SER-0000906,2025
907,859,8,10,MOD-673,SER-0000907,2020
908,1117,2,5,MOD-727,SER-0000908,2026
909,433,2,2,MOD-985,SER-0000909,2022
910,304,9,5,MOD-827,SER-0000910,2023
911,634,5,10,MOD-180,SER-0000911,2020
912,472,10,5,MOD-957,SER-0000912,2021
913,117,7,11,MOD-846,SER-0000913,2024
914,513,10,7,MOD-975,SER-0000914,2019
915,800,1,5,MOD-999,SER-0000915,2019
916,744,2,12,MOD-957,SER-0000916,2026
917,814,6,9,MOD-274,SER-0000917,2021
918,304,3,6,MOD-956,SER-0000918,2020
919,874,10,6,MOD-536,SER-0000919,2026
920,11,5,12,MOD-770,SER-0000920,2024
921,459,3,1,MOD-334,SER-0000921,2024
922,629,7,11,MOD-545,SER-0000922,2022
923,597,4,5,MOD-190,SER-0000923,2026
924,630,9,5,MOD-148,SER-0000924,2022
925,1160,9,4,MOD-248,SER-0000925,2024
926,531,4,3,MOD-752,SER-0000926,2025
927,248,4,2,MOD-362,SER-0000927,2023
928,15,5,2,MOD-336,SER-0000928,2020
929,726,8,11,MOD-173,SER-0000929,2018
930,279,9,2,MOD-990,SER-0000930,2019
931,619,7,8,MOD-174,SER-0000931,2023
932,877,3,4,MOD-468,SER-0000932,2022
933,254,10,4,MOD-576,SER-0000933,2022
934,244,9,4,MOD-628,SER-0000934,2022
935,388,8,9,MOD-557,SER-0000935,2021
936,767,6,1,MOD-216,SER-0000936,2021
937,1052,10,2,MOD-151,SER-0000937,2023
938,361,5,2,MOD-563,SER-0000938,2026
939,735,10,1,MOD-158,SER-0000939,2020
940,595,5,5,MOD-288,SER-0000940,2025
941,795,2,5,MOD-624,SER-0000941,2020
942,353,1,12,MOD-849,SER-0000942,2022
943,949,2,5,MOD-574,SER-0000943,2019
944,552,2,10,MOD-627,SER-0000944,2023
945,514,4,2,MOD-815,SER-0000945,2019
946,441,3,4,MOD-399,SER-0000946,2018
947,413,2,8,MOD-982,SER-0000947,2026
948,196,1,5,MOD-974,SER-0000948,2026
949,564,3,4,MOD-485,SER-0000949,2025
950,73,2,9,MOD-958,SER-0000950,2023
951,94,6,9,MOD-710,SER-0000951,2019
952,984,7,11,MOD-185,SER-0000952,2026
953,1145,5,9,MOD-225,SER-0000953,2021
954,1136,2,12,MOD-675,SER-0000954,2025
955,1025,2,2,MOD-248,SER-0000955,2020
956,885,8,3,MOD-271,SER-0000956,2019
957,780,2,10,MOD-812,SER-0000957,2022
958,13,3,2,MOD-259,SER-0000958,2020
959,484,7,12,MOD-846,SER-0000959,2025
960,908,8,7,MOD-771,SER-0000960,2018
961,173,1,1,MOD-108,SER-0000961,2019
962,406,5,1,MOD-626,SER-0000962,2025
963,848,6,9,MOD-705,SER-0000963,2023
964,89,3,8,MOD-556,SER-0000964,2020
965,827,9,7,MOD-798,SER-0000965,2018
966,1049,5,2,MOD-266,SER-0000966,2023
967,204,6,10,MOD-537,SER-0000967,2026
968,468,3,6,MOD-493,SER-0000968,2019
969,1163,2,12,MOD-317,SER-0000969,2025
970,433,2,5,MOD-756,SER-0000970,2025
971,299,7,6,MOD-910,SER-0000971,2019
972,1083,5,10,MOD-250,SER-0000972,2024
973,552,1,4,MOD-689,SER-0000973,2022
974,858,4,12,MOD-421,SER-0000974,2023
975,76,1,5,MOD-517,SER-0000975,2026
976,1029,3,2,MOD-693,SER-0000976,2018
977,978,7,2,MOD-627,SER-0000977,2025
978,112,9,7,MOD-591,SER-0000978,2023
979,213,9,5,MOD-303,SER-0000979,2019
980,814,6,4,MOD-391,SER-0000980,2021
981,917,7,6,MOD-681,SER-0000981,2020
982,588,3,6,MOD-894,SER-0000982,2024
983,602,4,10,MOD-355,SER-0000983,2023
984,736,4,5,MOD-191,SER-0000984,2022
985,1077,2,10,MOD-254,SER-0000985,2019
986,744,4,9,MOD-574,SER-0000986,2020
987,877,4,6,MOD-926,SER-0000987,2023
988,595,8,2,MOD-841,SER-0000988,2021
989,740,1,11,MOD-650,SER-0000989,2018
990,1113,9,11,MOD-736,SER-0000990,2019
991,1112,4,6,MOD-606,SER-0000991,2023
992,37,8,5,MOD-430,SER-0000992,2019
993,285,9,6,MOD-967,SER-0000993,2026
994,1112,9,6,MOD-400,SER-0000994,2024
995,689,6,8,MOD-746,SER-0000995,2018
996,1006,2,12,MOD-317,SER-0000996,2025
997,77,6,9,MOD-384,SER-0000997,2024
998,1159,1,7,MOD-112,SER-0000998,2020
999,115,1,12,MOD-854,SER-0000999,2018
1000,1158,10,5,MOD-676,SER-0001000,2024
1001,213,3,2,MOD-240,SER-0001001,2022
1002,739,4,2,MOD-350,SER-0001002,2019
1003,908,5,9,MOD-289,SER-0001003,2025
1004,360,7,4,MOD-110,SER-0001004,2024
1005,916,3,10,MOD-179,SER-0001005,2021
1006,88,1,9,MOD-550,SER-0001006,2020
1007,537,5,10,MOD-501,SER-0001007,2019
1008,938,1,11,MOD-677,SER-0001008,2023
1009,326,4,8,MOD-366,SER-0001009,2022
1010,674,6,3,MOD-936,SER-0001010,2025
1011,558,1,5,MOD-786,SER-0001011,2022
1012,1063,4,4,MOD-970,SER-0001012,2024
1013,996,3,2,MOD-574,SER-0001013,2020
1014,652,3,5,MOD-105,SER-0001014,2023
1015,214,10,3,MOD-266,SER-0001015,2020
1016,906,8,6,MOD-191,SER-0001016,2020
1017,858,5,4,MOD-432,SER-0001017,2024
1018,27,1,4,MOD-280,SER-0001018,2020
1019,834,7,9,MOD-432,SER-0001019,2018
1020,850,10,1,MOD-177,SER-0001020,2019
1021,899,10,5,MOD-435,SER-0001021,2018
1022,788,3,5,MOD-984,SER-0001022,2020
1023,604,3,8,MOD-909,SER-0001023,2025
1024,1122,3,3,MOD-483,SER-0001024,2018
1025,390,4,3,MOD-342,SER-0001025,2026
1026,396,2,10,MOD-139,SER-0001026,2021
1027,146,7,3,MOD-207,SER-0001027,2026
1028,972,7,6,MOD-796,SER-0001028,2019
1029,841,4,10,MOD-791,SER-0001029,2019
1030,414,7,4,MOD-355,SER-0001030,2022
1031,1074,10,2,MOD-450,SER-0001031,2019
1032,793,9,6,MOD-763,SER-0001032,2020
1033,975,5,6,MOD-938,SER-0001033,2024
1034,863,5,12,MOD-569,SER-0001034,2024
1035,124,7,10,MOD-479,SER-0001035,2024
1036,696,10,9,MOD-332,SER-0001036,2021
1037,678,1,8,MOD-202,SER-0001037,2019
1038,1058,9,3,MOD-360,SER-0001038,2020
1039,304,5,5,MOD-111,SER-0001039,2019
1040,285,1,10,MOD-103,SER-0001040,2022
1041,191,2,10,MOD-251,SER-0001041,2025
1042,847,2,6,MOD-566,SER-0001042,2022
1043,398,9,11,MOD-257,SER-0001043,2021
1044,383,8,2,MOD-533,SER-0001044,2020
1045,629,7,10,MOD-337,SER-0001045,2023
1046,491,10,12,MOD-340,SER-0001046,2022
1047,305,8,9,MOD-186,SER-0001047,2021
1048,112,1,2,MOD-503,SER-0001048,2026
1049,141,4,4,MOD-302,SER-0001049,2023
1050,387,8,12,MOD-251,SER-0001050,2024
1051,21,7,11,MOD-282,SER-0001051,2025
1052,52,5,3,MOD-626,SER-0001052,2022
1053,596,1,5,MOD-871,SER-0001053,2024
1054,570,9,11,MOD-770,SER-0001054,2024
1055,729,2,11,MOD-890,SER-0001055,2020
1056,823,3,12,MOD-977,SER-0001056,2018
1057,743,10,2,MOD-149,SER-0001057,2020
1058,371,10,10,MOD-831,SER-0001058,2020
1059,1085,3,6,MOD-874,SER-0001059,2022
1060,1044,9,2,MOD-340,SER-0001060,2024
1061,585,5,3,MOD-245,SER-0001061,2021
1062,551,8,10,MOD-854,SER-0001062,2018
1063,102,8,7,MOD-541,SER-0001063,2019
1064,508,4,10,MOD-497,SER-0001064,2025
1065,211,4,1,MOD-783,SER-0001065,2026
1066,778,8,2,MOD-606,SER-0001066,2018
1067,170,1,8,MOD-576,SER-0001067,2025
1068,668,8,8,MOD-652,SER-0001068,2024
1069,889,1,6,MOD-706,SER-0001069,2019
1070,499,1,4,MOD-439,SER-0001070,2018
1071,714,8,3,MOD-598,SER-0001071,2026
1072,414,7,8,MOD-968,SER-0001072,2025
1073,303,7,5,MOD-329,SER-0001073,2021
1074,270,7,3,MOD-211,SER-0001074,2018
1075,809,8,7,MOD-565,SER-0001075,2022
1076,146,5,4,MOD-518,SER-0001076,2021
1077,777,10,2,MOD-388,SER-0001077,2019
1078,693,9,11,MOD-900,SER-0001078,2026
1079,557,4,10,MOD-566,SER-0001079,2018
1080,931,1,7,MOD-894,SER-0001080,2021
1081,411,8,5,MOD-952,SER-0001081,2023
1082,251,10,8,MOD-712,SER-0001082,2024
1083,300,6,2,MOD-102,SER-0001083,2018
1084,265,5,9,MOD-514,SER-0001084,2022
1085,848,8,2,MOD-690,SER-0001085,2020
1086,1185,10,12,MOD-762,SER-0001086,2022
1087,487,1,12,MOD-889,SER-0001087,2018
1088,51,10,5,MOD-611,SER-0001088,2023
1089,1077,1,2,MOD-863,SER-0001089,2026
1090,168,2,2,MOD-477,SER-0001090,2020
1091,415,6,9,MOD-608,SER-0001091,2023
1092,166,5,12,MOD-608,SER-0001092,2025
1093,558,3,6,MOD-234,SER-0001093,2020
1094,757,4,8,MOD-713,SER-0001094,2026
1095,509,3,12,MOD-409,SER-0001095,2021
1096,1147,10,5,MOD-972,SER-0001096,2023
1097,333,10,9,MOD-859,SER-0001097,2023
1098,17,10,3,MOD-783,SER-0001098,2021
1099,57,6,7,MOD-855,SER-0001099,2022
1100,59,10,7,MOD-151,SER-0001100,2018
1101,644,1,10,MOD-763,SER-0001101,2022
1102,1136,5,7,MOD-146,SER-0001102,2020
1103,669,8,3,MOD-528,SER-0001103,2020
1104,848,3,7,MOD-146,SER-0001104,2022
1105,821,10,8,MOD-223,SER-0001105,2023
1106,898,10,7,MOD-811,SER-0001106,2018
1107,576,9,9,MOD-728,SER-0001107,2023
1108,703,3,10,MOD-555,SER-0001108,2018
1109,1097,4,8,MOD-790,SER-0001109,2022
1110,304,4,8,MOD-586,SER-0001110,2020
1111,1002,8,11,MOD-288,SER-0001111,2026
1112,319,7,5,MOD-721,SER-0001112,2019
1113,396,9,3,MOD-551,SER-0001113,2023
1114,255,8,5,MOD-841,SER-0001114,2022
1115,467,2,9,MOD-137,SER-0001115,2021
1116,383,3,7,MOD-884,SER-0001116,2020
1117,146,10,5,MOD-210,SER-0001117,2024
1118,229,7,3,MOD-621,SER-0001118,2018
1119,62,4,2,MOD-538,SER-0001119,2025
1120,10,1,4,MOD-379,SER-0001120,2024
1121,205,2,5,MOD-492,SER-0001121,2019
1122,231,10,12,MOD-469,SER-0001122,2018
1123,209,4,1,MOD-737,SER-0001123,2025
1124,387,4,3,MOD-817,SER-0001124,2018
1125,840,2,8,MOD-844,SER-0001125,2026
1126,1040,9,9,MOD-172,SER-0001126,2019
1127,387,2,2,MOD-337,SER-0001127,2026
1128,480,9,4,MOD-466,SER-0001128,2019
1129,194,10,1,MOD-502,SER-0001129,2018
1130,731,10,6,MOD-875,SER-0001130,2019
1131,637,5,10,MOD-759,SER-0001131,2020
1132,459,4,11,MOD-464,SER-0001132,2020
1133,962,2,12,MOD-412,SER-0001133,2024
1134,1006,10,1,MOD-270,SER-0001134,2022
1135,1120,7,10,MOD-886,SER-0001135,2024
1136,215,5,3,MOD-640,SER-0001136,2023
1137,770,6,3,MOD-125,SER-0001137,2018
1138,774,3,3,MOD-165,SER-0001138,2019
1139,822,10,4,MOD-113,SER-0001139,2018
1140,40,5,1,MOD-549,SER-0001140,2021
1141,530,8,7,MOD-247,SER-0001141,2022
1142,244,2,2,MOD-286,SER-0001142,2018
1143,1172,1,6,MOD-513,SER-0001143,2020
1144,477,9,3,MOD-338,SER-0001144,2024
1145,961,1,5,MOD-452,SER-0001145,2020
1146,837,10,7,MOD-510,SER-0001146,2021
1147,901,6,2,MOD-614,SER-0001147,2018
1148,231,1,1,MOD-134,SER-0001148,2020
1149,245,2,9,MOD-852,SER-0001149,2023
1150,658,4,9,MOD-344,SER-0001150,2021
1151,1031,3,8,MOD-664,SER-0001151,2024
1152,118,10,11,MOD-369,SER-0001152,2019
1153,1195,4,2,MOD-129,SER-0001153,2020
1154,936,8,11,MOD-263,SER-0001154,2018
1155,582,9,1,MOD-884,SER-0001155,2024
1156,316,6,12,MOD-800,SER-0001156,2021
1157,657,5,11,MOD-923,SER-0001157,2022
1158,186,7,1,MOD-392,SER-0001158,2020
1159,1178,7,9,MOD-444,SER-0001159,2021
1160,660,8,7,MOD-349,SER-0001160,2025
1161,513,9,6,MOD-782,SER-0001161,2019
1162,893,1,12,MOD-928,SER-0001162,2026
1163,1138,1,12,MOD-945,SER-0001163,2020
1164,304,6,11,MOD-317,SER-0001164,2021
1165,1062,5,8,MOD-828,SER-0001165,2020
1166,3,2,6,MOD-161,SER-0001166,2019
1167,778,10,8,MOD-665,SER-0001167,2024
1168,737,6,8,MOD-253,SER-0001168,2026
1169,578,5,6,MOD-520,SER-0001169,2022
1170,115,8,1,MOD-468,SER-0001170,2020
1171,754,4,8,MOD-866,SER-0001171,2025
1172,809,5,9,MOD-443,SER-0001172,2024
1173,367,1,1,MOD-433,SER-0001173,2018
1174,1088,3,10,MOD-784,SER-0001174,2026
1175,886,3,4,MOD-727,SER-0001175,2022
1176,1115,4,11,MOD-719,SER-0001176,2018
1177,1003,4,5,MOD-254,SER-0001177,2024
1178,877,3,5,MOD-461,SER-0001178,2022
1179,1121,5,9,MOD-750,SER-0001179,2019
1180,202,7,8,MOD-422,SER-0001180,2020
1181,136,4,12,MOD-341,SER-0001181,2026
1182,972,7,7,MOD-216,SER-0001182,2019
1183,310,6,4,MOD-841,SER-0001183,2019
1184,1053,7,3,MOD-821,SER-0001184,2018
1185,972,1,7,MOD-542,SER-0001185,2024
1186,1001,9,12,MOD-974,SER-0001186,2026
1187,1057,7,6,MOD-646,SER-0001187,2022
1188,1183,8,5,MOD-373,SER-0001188,2021
1189,290,3,10,MOD-491,SER-0001189,2023
1190,1125,2,1,MOD-627,SER-0001190,2023
1191,1056,2,7,MOD-831,SER-0001191,2026
1192,1089,7,2,MOD-706,SER-0001192,2019
1193,354,6,4,MOD-600,SER-0001193,2020
1194,858,3,3,MOD-792,SER-0001194,2025
1195,497,2,3,MOD-107,SER-0001195,2023
1196,189,7,5,MOD-521,SER-0001196,2018
1197,757,10,1,MOD-183,SER-0001197,2025
1198,265,5,1,MOD-679,SER-0001198,2026
1199,565,4,3,MOD-247,SER-0001199,2019
1200,779,3,5,MOD-354,SER-0001200,2023
1201,657,8,10,MOD-342,SER-0001201,2022
1202,63,7,2,MOD-299,SER-0001202,2022
1203,1175,10,12,MOD-951,SER-0001203,2021
1204,731,10,1,MOD-152,SER-0001204,2020
1205,1189,7,9,MOD-504,SER-0001205,2025
1206,849,5,10,MOD-367,SER-0001206,2022
1207,944,8,2,MOD-917,SER-0001207,2025
1208,544,6,9,MOD-274,SER-0001208,2022
1209,1083,2,10,MOD-726,SER-0001209,2022
1210,835,6,1,MOD-358,SER-0001210,2021
1211,234,1,2,MOD-968,SER-0001211,2023
1212,679,2,3,MOD-681,SER-0001212,2019
1213,1102,4,6,MOD-666,SER-0001213,2022
1214,167,4,9,MOD-377,SER-0001214,2022
1215,218,6,5,MOD-875,SER-0001215,2025
1216,34,1,10,MOD-656,SER-0001216,2019
1217,1182,3,11,MOD-957,SER-0001217,2024
1218,487,5,2,MOD-670,SER-0001218,2018
1219,947,1,1,MOD-970,SER-0001219,2023
1220,646,8,7,MOD-589,SER-0001220,2022
1221,785,4,12,MOD-916,SER-0001221,2026
1222,436,6,1,MOD-242,SER-0001222,2022
1223,51,4,6,MOD-966,SER-0001223,2023
1224,605,10,11,MOD-442,SER-0001224,2019
1225,1030,2,9,MOD-477,SER-0001225,2019
1226,270,2,5,MOD-209,SER-0001226,2026
1227,612,8,9,MOD-919,SER-0001227,2024
1228,1084,1,11,MOD-422,SER-0001228,2018
1229,16,2,6,MOD-957,SER-0001229,2026
1230,769,3,1,MOD-504,SER-0001230,2023
1231,398,7,1,MOD-353,SER-0001231,2020
1232,139,4,11,MOD-136,SER-0001232,2019
1233,865,7,4,MOD-686,SER-0001233,2025
1234,709,2,3,MOD-216,SER-0001234,2022
1235,245,3,2,MOD-934,SER-0001235,2025
1236,568,3,9,MOD-868,SER-0001236,2018
1237,209,1,8,MOD-829,SER-0001237,2020
1238,283,6,6,MOD-462,SER-0001238,2025
1239,901,8,6,MOD-274,SER-0001239,2019
1240,432,5,2,MOD-317,SER-0001240,2019
1241,922,9,12,MOD-606,SER-0001241,2021
1242,662,9,12,MOD-542,SER-0001242,2020
1243,87,4,12,MOD-666,SER-0001243,2018
1244,98,10,11,MOD-459,SER-0001244,2020
1245,136,1,11,MOD-412,SER-0001245,2019
1246,861,2,7,MOD-870,SER-0001246,2025
1247,215,6,12,MOD-848,SER-0001247,2019
1248,475,6,9,MOD-721,SER-0001248,2026
1249,361,4,11,MOD-927,SER-0001249,2020
1250,986,5,2,MOD-372,SER-0001250,2019
1251,1189,4,6,MOD-622,SER-0001251,2021
1252,965,5,8,MOD-600,SER-0001252,2026
1253,238,8,8,MOD-644,SER-0001253,2021
1254,1130,5,1,MOD-648,SER-0001254,2018
1255,719,6,8,MOD-823,SER-0001255,2021
1256,823,4,12,MOD-211,SER-0001256,2018
1257,1122,2,4,MOD-850,SER-0001257,2021
1258,628,5,7,MOD-126,SER-0001258,2019
1259,720,1,11,MOD-451,SER-0001259,2018
1260,1038,5,6,MOD-584,SER-0001260,2023
1261,1078,1,3,MOD-615,SER-0001261,2019
1262,577,7,5,MOD-306,SER-0001262,2018
1263,389,5,3,MOD-208,SER-0001263,2021
1264,164,3,12,MOD-713,SER-0001264,2026
1265,402,4,5,MOD-800,SER-0001265,2020
1266,127,7,5,MOD-468,SER-0001266,2025
1267,736,4,1,MOD-890,SER-0001267,2023
1268,146,8,12,MOD-518,SER-0001268,2018
1269,189,3,10,MOD-472,SER-0001269,2021
1270,791,7,10,MOD-414,SER-0001270,2024
1271,998,10,1,MOD-924,SER-0001271,2025
1272,1108,3,6,MOD-344,SER-0001272,2020
1273,10,10,10,MOD-965,SER-0001273,2021
1274,403,9,3,MOD-987,SER-0001274,2020
1275,1129,5,7,MOD-433,SER-0001275,2022
1276,319,4,3,MOD-571,SER-0001276,2024
1277,893,7,2,MOD-346,SER-0001277,2024
1278,708,1,9,MOD-834,SER-0001278,2023
1279,315,4,5,MOD-394,SER-0001279,2022
1280,407,8,1,MOD-757,SER-0001280,2021
1281,327,4,10,MOD-583,SER-0001281,2023
1282,909,1,6,MOD-842,SER-0001282,2023
1283,512,7,11,MOD-287,SER-0001283,2018
1284,1197,2,1,MOD-123,SER-0001284,2020
1285,865,6,1,MOD-750,SER-0001285,2021
1286,458,6,8,MOD-656,SER-0001286,2018
1287,664,8,10,MOD-102,SER-0001287,2020
1288,873,2,12,MOD-867,SER-0001288,2019
1289,165,5,6,MOD-687,SER-0001289,2023
1290,361,4,1,MOD-787,SER-0001290,2023
1291,1000,6,9,MOD-114,SER-0001291,2023
1292,636,3,6,MOD-939,SER-0001292,2023
1293,653,3,9,MOD-560,SER-0001293,2019
1294,596,6,4,MOD-615,SER-0001294,2026
1295,859,6,9,MOD-939,SER-0001295,2023
1296,1040,8,7,MOD-608,SER-0001296,2022
1297,895,2,7,MOD-161,SER-0001297,2020
1298,907,6,12,MOD-134,SER-0001298,2019
1299,1165,8,10,MOD-722,SER-0001299,2022
1300,954,6,2,MOD-716,SER-0001300,2024
1301,1056,10,7,MOD-761,SER-0001301,2019
1302,1173,8,11,MOD-769,SER-0001302,2021
1303,481,2,1,MOD-540,SER-0001303,2021
1304,1016,9,11,MOD-204,SER-0001304,2019
1305,70,1,10,MOD-874,SER-0001305,2023
1306,706,5,4,MOD-987,SER-0001306,2019
1307,793,3,3,MOD-155,SER-0001307,2018
1308,108,5,12,MOD-252,SER-0001308,2026
1309,192,3,12,MOD-761,SER-0001309,2023
1310,1189,9,12,MOD-263,SER-0001310,2023
1311,901,2,9,MOD-346,SER-0001311,2023
1312,1097,2,8,MOD-353,SER-0001312,2018
1313,91,6,3,MOD-746,SER-0001313,2018
1314,171,1,7,MOD-223,SER-0001314,2019
1315,429,3,6,MOD-965,SER-0001315,2021
1316,45,3,6,MOD-751,SER-0001316,2024
1317,651,1,9,MOD-142,SER-0001317,2020
1318,1095,6,2,MOD-592,SER-0001318,2020
1319,351,8,2,MOD-690,SER-0001319,2019
1320,352,9,12,MOD-231,SER-0001320,2020
1321,440,9,2,MOD-854,SER-0001321,2025
1322,480,6,7,MOD-554,SER-0001322,2024
1323,555,5,1,MOD-123,SER-0001323,2026
1324,404,9,2,MOD-733,SER-0001324,2022
1325,649,6,1,MOD-171,SER-0001325,2018
1326,95,6,1,MOD-615,SER-0001326,2023
1327,773,3,7,MOD-493,SER-0001327,2024
1328,855,6,4,MOD-104,SER-0001328,2018
1329,1159,10,7,MOD-388,SER-0001329,2024
1330,451,2,3,MOD-231,SER-0001330,2021
1331,92,4,12,MOD-295,SER-0001331,2018
1332,22,9,9,MOD-836,SER-0001332,2022
1333,1058,7,11,MOD-894,SER-0001333,2018
1334,743,6,9,MOD-384,SER-0001334,2021
1335,69,10,10,MOD-380,SER-0001335,2020
1336,525,3,1,MOD-182,SER-0001336,2024
1337,765,3,12,MOD-383,SER-0001337,2024
1338,118,4,3,MOD-349,SER-0001338,2026
1339,985,6,10,MOD-927,SER-0001339,2024
1340,349,2,3,MOD-614,SER-0001340,2018
1341,391,4,9,MOD-722,SER-0001341,2026
1342,670,9,3,MOD-155,SER-0001342,2018
1343,1055,2,2,MOD-167,SER-0001343,2024
1344,374,1,11,MOD-656,SER-0001344,2018
1345,291,1,9,MOD-351,SER-0001345,2024
1346,526,6,6,MOD-447,SER-0001346,2019
1347,1,8,10,MOD-384,SER-0001347,2025
1348,860,4,5,MOD-466,SER-0001348,2019
1349,181,5,7,MOD-622,SER-0001349,2018
1350,230,6,2,MOD-572,SER-0001350,2019
1351,624,8,1,MOD-614,SER-0001351,2018
1352,228,5,3,MOD-762,SER-0001352,2023
1353,724,2,7,MOD-496,SER-0001353,2022
1354,742,4,2,MOD-558,SER-0001354,2021
1355,76,2,2,MOD-521,SER-0001355,2020
1356,793,4,3,MOD-211,SER-0001356,2025
1357,557,9,7,MOD-144,SER-0001357,2025
1358,1141,6,8,MOD-469,SER-0001358,2021
1359,43,4,12,MOD-776,SER-0001359,2025
1360,870,4,1,MOD-785,SER-0001360,2024
1361,1181,4,3,MOD-803,SER-0001361,2022
1362,106,3,7,MOD-234,SER-0001362,2019
1363,303,6,2,MOD-907,SER-0001363,2019
1364,1194,4,1,MOD-956,SER-0001364,2022
1365,1011,5,11,MOD-636,SER-0001365,2018
1366,1093,10,11,MOD-309,SER-0001366,2020
1367,394,1,5,MOD-541,SER-0001367,2023
1368,797,10,11,MOD-414,SER-0001368,2021
1369,759,8,12,MOD-799,SER-0001369,2023
1370,273,10,10,MOD-912,SER-0001370,2021
1371,538,5,3,MOD-780,SER-0001371,2021
1372,577,3,6,MOD-584,SER-0001372,2026
1373,994,5,1,MOD-245,SER-0001373,2023
1374,514,7,11,MOD-961,SER-0001374,2022
1375,335,6,8,MOD-403,SER-0001375,2022
1376,795,10,9,MOD-562,SER-0001376,2023
1377,234,6,12,MOD-249,SER-0001377,2019
1378,566,8,1,MOD-511,SER-0001378,2018
1379,175,10,5,MOD-731,SER-0001379,2022
1380,158,2,4,MOD-534,SER-0001380,2026
1381,124,9,6,MOD-329,SER-0001381,2024
1382,803,9,2,MOD-255,SER-0001382,2018
1383,922,1,4,MOD-444,SER-0001383,2025
1384,95,10,10,MOD-645,SER-0001384,2025
1385,875,10,12,MOD-162,SER-0001385,2022
1386,1089,3,3,MOD-280,SER-0001386,2025
1387,31,3,3,MOD-376,SER-0001387,2026
1388,1047,2,6,MOD-759,SER-0001388,2026
1389,1002,5,8,MOD-699,SER-0001389,2020
1390,890,2,3,MOD-415,SER-0001390,2023
1391,643,8,7,MOD-798,SER-0001391,2019
1392,332,9,2,MOD-495,SER-0001392,2026
1393,159,8,5,MOD-743,SER-0001393,2019
1394,340,8,6,MOD-571,SER-0001394,2022
1395,895,3,12,MOD-386,SER-0001395,2024
1396,699,4,2,MOD-488,SER-0001396,2019
1397,1084,1,6,MOD-598,SER-0001397,2018
1398,762,7,12,MOD-510,SER-0001398,2023
1399,884,2,12,MOD-894,SER-0001399,2024
1400,1182,5,9,MOD-829,SER-0001400,2018
1401,1131,5,8,MOD-595,SER-0001401,2021
1402,158,1,7,MOD-255,SER-0001402,2019
1403,1198,2,3,MOD-239,SER-0001403,2020
1404,27,3,6,MOD-704,SER-0001404,2020
1405,1168,10,4,MOD-579,SER-0001405,2018
1406,645,5,6,MOD-309,SER-0001406,2018
1407,1178,6,7,MOD-917,SER-0001407,2018
1408,845,9,10,MOD-116,SER-0001408,2019
1409,20,8,4,MOD-105,SER-0001409,2022
1410,274,6,9,MOD-448,SER-0001410,2024
1411,748,5,12,MOD-568,SER-0001411,2022
1412,1043,8,11,MOD-679,SER-0001412,2018
1413,950,2,9,MOD-195,SER-0001413,2023
1414,1081,8,3,MOD-976,SER-0001414,2019
1415,989,8,5,MOD-508,SER-0001415,2018
1416,935,2,10,MOD-288,SER-0001416,2020
1417,97,9,9,MOD-723,SER-0001417,2025
1418,500,2,11,MOD-774,SER-0001418,2026
1419,625,9,3,MOD-566,SER-0001419,2022
1420,185,1,6,MOD-626,SER-0001420,2024
1421,1200,2,6,MOD-658,SER-0001421,2022
1422,1117,6,2,MOD-756,SER-0001422,2022
1423,609,10,10,MOD-339,SER-0001423,2019
1424,396,7,11,MOD-406,SER-0001424,2020
1425,190,3,8,MOD-418,SER-0001425,2020
1426,1050,1,9,MOD-766,SER-0001426,2023
1427,1106,6,4,MOD-907,SER-0001427,2026
1428,536,9,1,MOD-185,SER-0001428,2020
1429,477,1,10,MOD-321,SER-0001429,2026
1430,864,9,2,MOD-896,SER-0001430,2023
1431,1052,7,3,MOD-203,SER-0001431,2026
1432,157,5,6,MOD-660,SER-0001432,2018
1433,50,9,7,MOD-788,SER-0001433,2022
1434,808,8,11,MOD-386,SER-0001434,2022
1435,422,4,11,MOD-316,SER-0001435,2019
1436,336,8,1,MOD-231,SER-0001436,2020
1437,387,2,2,MOD-340,SER-0001437,2023
1438,384,8,7,MOD-812,SER-0001438,2025
1439,1096,3,11,MOD-773,SER-0001439,2025
1440,40,8,3,MOD-238,SER-0001440,2020
1441,782,4,10,MOD-444,SER-0001441,2019
1442,118,2,8,MOD-847,SER-0001442,2020
1443,322,8,4,MOD-238,SER-0001443,2018
1444,845,2,10,MOD-631,SER-0001444,2019
1445,703,8,5,MOD-705,SER-0001445,2021
1446,802,8,4,MOD-103,SER-0001446,2025
1447,817,4,8,MOD-748,SER-0001447,2023
1448,538,7,11,MOD-910,SER-0001448,2024
1449,375,8,5,MOD-947,SER-0001449,2019
1450,396,8,3,MOD-954,SER-0001450,2023
1451,151,3,6,MOD-708,SER-0001451,2019
1452,771,3,3,MOD-539,SER-0001452,2022
1453,129,7,2,MOD-114,SER-0001453,2018
1454,1108,9,2,MOD-344,SER-0001454,2020
1455,440,1,5,MOD-569,SER-0001455,2021
1456,283,3,6,MOD-288,SER-0001456,2018
1457,632,1,11,MOD-199,SER-0001457,2018
1458,885,1,7,MOD-428,SER-0001458,2019
1459,183,8,11,MOD-483,SER-0001459,2020
1460,1038,4,4,MOD-840,SER-0001460,2024
1461,387,4,10,MOD-404,SER-0001461,2018
1462,74,8,2,MOD-501,SER-0001462,2019
1463,96,3,2,MOD-977,SER-0001463,2018
1464,337,8,9,MOD-760,SER-0001464,2018
1465,143,6,10,MOD-148,SER-0001465,2025
1466,782,7,9,MOD-737,SER-0001466,2021
1467,808,6,4,MOD-597,SER-0001467,2018
1468,428,1,5,MOD-900,SER-0001468,2020
1469,1000,5,11,MOD-690,SER-0001469,2023
1470,1077,10,5,MOD-373,SER-0001470,2019
1471,772,3,2,MOD-649,SER-0001471,2020
1472,617,5,4,MOD-134,SER-0001472,2021
1473,597,7,10,MOD-568,SER-0001473,2025
1474,1015,8,1,MOD-644,SER-0001474,2018
1475,342,1,2,MOD-206,SER-0001475,2025
1476,453,6,3,MOD-297,SER-0001476,2022
1477,737,9,7,MOD-122,SER-0001477,2021
1478,1156,1,3,MOD-121,SER-0001478,2019
1479,118,9,6,MOD-277,SER-0001479,2020
1480,95,9,12,MOD-335,SER-0001480,2021
1481,870,1,5,MOD-622,SER-0001481,2023
1482,1173,2,9,MOD-441,SER-0001482,2024
1483,885,1,7,MOD-336,SER-0001483,2018
1484,209,4,10,MOD-898,SER-0001484,2026
1485,1026,9,9,MOD-420,SER-0001485,2025
1486,535,5,12,MOD-599,SER-0001486,2019
1487,645,7,5,MOD-291,SER-0001487,2026
1488,594,2,2,MOD-505,SER-0001488,2020
1489,370,6,9,MOD-718,SER-0001489,2023
1490,927,3,12,MOD-825,SER-0001490,2021
1491,878,3,6,MOD-410,SER-0001491,2024
1492,280,3,4,MOD-679,SER-0001492,2018
1493,1,8,6,MOD-134,SER-0001493,2025
1494,902,10,12,MOD-348,SER-0001494,2022
1495,826,5,5,MOD-744,SER-0001495,2025
1496,231,6,10,MOD-801,SER-0001496,2021
1497,70,5,7,MOD-998,SER-0001497,2023
1498,247,5,5,MOD-244,SER-0001498,2018
1499,126,2,2,MOD-621,SER-0001499,2022
1500,1058,3,1,MOD-715,SER-0001500,2026
1501,1091,5,1,MOD-405,SER-0001501,2022
1502,666,10,5,MOD-507,SER-0001502,2021
1503,993,5,4,MOD-234,SER-0001503,2020
1504,1062,9,9,MOD-803,SER-0001504,2019
1505,147,4,1,MOD-717,SER-0001505,2021
1506,574,2,7,MOD-855,SER-0001506,2025
1507,1020,5,4,MOD-756,SER-0001507,2022
1508,645,4,7,MOD-154,SER-0001508,2020
1509,175,1,1,MOD-207,SER-0001509,2026
1510,859,5,2,MOD-187,SER-0001510,2026
1511,746,6,7,MOD-959,SER-0001511,2019
1512,262,1,9,MOD-190,SER-0001512,2019
1513,1107,1,7,MOD-186,SER-0001513,2025
1514,861,1,11,MOD-333,SER-0001514,2022
1515,688,4,8,MOD-456,SER-0001515,2019
1516,1036,7,5,MOD-444,SER-0001516,2024
1517,761,1,1,MOD-552,SER-0001517,2018
1518,486,5,12,MOD-641,SER-0001518,2019
1519,479,6,3,MOD-617,SER-0001519,2025
1520,273,10,5,MOD-883,SER-0001520,2018
1521,574,4,11,MOD-767,SER-0001521,2025
1522,133,9,2,MOD-555,SER-0001522,2023
1523,234,8,2,MOD-371,SER-0001523,2026
1524,930,3,1,MOD-508,SER-0001524,2025
1525,100,4,10,MOD-657,SER-0001525,2025
1526,885,8,10,MOD-877,SER-0001526,2026
1527,969,8,8,MOD-862,SER-0001527,2018
1528,295,10,4,MOD-928,SER-0001528,2024
1529,852,10,9,MOD-838,SER-0001529,2021
1530,810,2,8,MOD-429,SER-0001530,2025
1531,1075,7,9,MOD-946,SER-0001531,2021
1532,110,9,6,MOD-660,SER-0001532,2026
1533,1057,10,1,MOD-343,SER-0001533,2026
1534,475,4,4,MOD-234,SER-0001534,2022
1535,707,9,9,MOD-334,SER-0001535,2025
1536,1077,5,6,MOD-914,SER-0001536,2020
1537,10,9,2,MOD-753,SER-0001537,2022
1538,589,6,1,MOD-978,SER-0001538,2024
1539,308,5,8,MOD-951,SER-0001539,2020
1540,398,8,4,MOD-675,SER-0001540,2026
1541,357,2,5,MOD-530,SER-0001541,2018
1542,303,4,4,MOD-501,SER-0001542,2021
1543,61,5,10,MOD-311,SER-0001543,2020
1544,167,1,7,MOD-914,SER-0001544,2021
1545,487,8,5,MOD-224,SER-0001545,2025
1546,157,3,3,MOD-217,SER-0001546,2019
1547,417,5,5,MOD-626,SER-0001547,2025
1548,986,3,6,MOD-854,SER-0001548,2026
1549,1165,5,12,MOD-360,SER-0001549,2024
1550,1144,4,3,MOD-367,SER-0001550,2026
1551,1098,9,10,MOD-716,SER-0001551,2025
1552,162,4,3,MOD-550,SER-0001552,2022
1553,33,10,5,MOD-277,SER-0001553,2021
1554,205,5,8,MOD-398,SER-0001554,2023
1555,354,1,10,MOD-112,SER-0001555,2021
1556,845,8,7,MOD-201,SER-0001556,2024
1557,978,3,10,MOD-207,SER-0001557,2024
1558,472,2,5,MOD-705,SER-0001558,2021
1559,688,5,4,MOD-277,SER-0001559,2018
1560,623,5,9,MOD-781,SER-0001560,2021
1561,205,10,9,MOD-902,SER-0001561,2019
1562,349,8,11,MOD-833,SER-0001562,2018
1563,1004,2,3,MOD-809,SER-0001563,2020
1564,1044,9,4,MOD-333,SER-0001564,2026
1565,1064,5,1,MOD-629,SER-0001565,2019
1566,520,9,9,MOD-276,SER-0001566,2025
1567,176,7,3,MOD-906,SER-0001567,2021
1568,344,8,7,MOD-624,SER-0001568,2023
1569,288,8,4,MOD-230,SER-0001569,2025
1570,999,7,8,MOD-616,SER-0001570,2026
1571,980,7,9,MOD-926,SER-0001571,2021
1572,115,5,10,MOD-703,SER-0001572,2018
1573,164,2,6,MOD-517,SER-0001573,2023
1574,641,9,6,MOD-311,SER-0001574,2018
1575,809,8,10,MOD-238,SER-0001575,2025
1576,660,7,4,MOD-637,SER-0001576,2019
1577,1010,5,9,MOD-261,SER-0001577,2022
1578,1057,4,10,MOD-410,SER-0001578,2022
1579,717,8,4,MOD-876,SER-0001579,2025
1580,309,9,6,MOD-671,SER-0001580,2023
1581,879,9,5,MOD-738,SER-0001581,2024
1582,992,3,5,MOD-210,SER-0001582,2023
1583,948,3,12,MOD-627,SER-0001583,2025
1584,78,2,10,MOD-140,SER-0001584,2020
1585,1143,9,8,MOD-730,SER-0001585,2026
1586,966,8,4,MOD-144,SER-0001586,2024
1587,545,2,1,MOD-842,SER-0001587,2020
1588,721,5,6,MOD-180,SER-0001588,2024
1589,1073,6,3,MOD-661,SER-0001589,2021
1590,397,6,6,MOD-745,SER-0001590,2024
1591,381,7,4,MOD-226,SER-0001591,2020
1592,366,8,5,MOD-614,SER-0001592,2021
1593,392,8,11,MOD-177,SER-0001593,2020
1594,229,5,7,MOD-934,SER-0001594,2021
1595,351,1,3,MOD-530,SER-0001595,2022
1596,1048,5,1,MOD-124,SER-0001596,2018
1597,748,3,4,MOD-330,SER-0001597,2024
1598,247,7,8,MOD-552,SER-0001598,2023
1599,469,3,2,MOD-739,SER-0001599,2023
1600,748,2,4,MOD-853,SER-0001600,2025
1601,430,7,8,MOD-349,SER-0001601,2023
1602,796,3,10,MOD-491,SER-0001602,2018
1603,534,7,5,MOD-621,SER-0001603,2023
1604,299,7,6,MOD-913,SER-0001604,2025
1605,940,4,3,MOD-591,SER-0001605,2019
1606,863,2,9,MOD-832,SER-0001606,2021
1607,855,8,8,MOD-288,SER-0001607,2025
1608,911,1,6,MOD-574,SER-0001608,2023
1609,254,7,2,MOD-723,SER-0001609,2021
1610,1015,3,5,MOD-279,SER-0001610,2018
1611,216,3,8,MOD-554,SER-0001611,2021
1612,916,1,5,MOD-770,SER-0001612,2024
1613,244,6,3,MOD-150,SER-0001613,2018
1614,995,2,2,MOD-131,SER-0001614,2021
1615,636,10,4,MOD-617,SER-0001615,2025
1616,941,5,8,MOD-266,SER-0001616,2021
1617,1153,9,6,MOD-167,SER-0001617,2026
1618,177,10,11,MOD-327,SER-0001618,2023
1619,994,4,5,MOD-916,SER-0001619,2023
1620,1149,8,9,MOD-891,SER-0001620,2018
1621,603,7,10,MOD-362,SER-0001621,2021
1622,659,10,2,MOD-651,SER-0001622,2022
1623,433,1,10,MOD-118,SER-0001623,2020
1624,1187,4,11,MOD-420,SER-0001624,2023
1625,1180,8,6,MOD-376,SER-0001625,2026
1626,90,8,8,MOD-225,SER-0001626,2022
1627,42,6,11,MOD-147,SER-0001627,2021
1628,220,1,10,MOD-162,SER-0001628,2023
1629,683,6,11,MOD-507,SER-0001629,2025
1630,1053,7,3,MOD-615,SER-0001630,2024
1631,913,6,2,MOD-387,SER-0001631,2019
1632,627,9,6,MOD-434,SER-0001632,2022
1633,718,1,8,MOD-999,SER-0001633,2020
1634,1005,2,12,MOD-582,SER-0001634,2022
1635,246,10,7,MOD-947,SER-0001635,2026
1636,71,10,9,MOD-951,SER-0001636,2025
1637,838,8,1,MOD-175,SER-0001637,2019
1638,541,8,3,MOD-923,SER-0001638,2024
1639,326,9,4,MOD-817,SER-0001639,2021
1640,732,9,4,MOD-429,SER-0001640,2023
1641,359,8,11,MOD-189,SER-0001641,2026
1642,941,8,9,MOD-620,SER-0001642,2023
1643,1021,3,10,MOD-777,SER-0001643,2025
1644,635,2,7,MOD-645,SER-0001644,2023
1645,549,6,8,MOD-192,SER-0001645,2021
1646,115,3,8,MOD-122,SER-0001646,2024
1647,628,6,3,MOD-235,SER-0001647,2026
1648,1089,1,1,MOD-950,SER-0001648,2022
1649,607,8,12,MOD-409,SER-0001649,2020
1650,867,2,12,MOD-948,SER-0001650,2022
1651,69,5,1,MOD-319,SER-0001651,2019
1652,959,7,9,MOD-331,SER-0001652,2022
1653,245,6,2,MOD-204,SER-0001653,2021
1654,674,5,7,MOD-386,SER-0001654,2024
1655,234,10,9,MOD-605,SER-0001655,2025
1656,890,4,10,MOD-878,SER-0001656,2019
1657,76,6,7,MOD-983,SER-0001657,2026
1658,904,1,1,MOD-685,SER-0001658,2026
1659,968,8,5,MOD-281,SER-0001659,2019
1660,491,6,7,MOD-623,SER-0001660,2018
1661,1015,2,4,MOD-978,SER-0001661,2020
1662,868,1,10,MOD-760,SER-0001662,2026
1663,460,7,1,MOD-311,SER-0001663,2020
1664,87,2,6,MOD-836,SER-0001664,2019
1665,138,7,9,MOD-863,SER-0001665,2019
1666,48,5,1,MOD-341,SER-0001666,2022
1667,1125,2,10,MOD-490,SER-0001667,2020
1668,866,3,4,MOD-138,SER-0001668,2021
1669,900,1,2,MOD-559,SER-0001669,2025
1670,917,10,5,MOD-636,SER-0001670,2023
1671,50,1,5,MOD-863,SER-0001671,2021
1672,863,4,3,MOD-124,SER-0001672,2023
1673,974,8,8,MOD-660,SER-0001673,2025
1674,632,9,5,MOD-567,SER-0001674,2026
1675,654,2,8,MOD-622,SER-0001675,2020
1676,1065,9,1,MOD-113,SER-0001676,2024
1677,1038,5,12,MOD-565,SER-0001677,2021
1678,57,5,10,MOD-586,SER-0001678,2023
1679,142,4,7,MOD-265,SER-0001679,2024
1680,585,4,5,MOD-823,SER-0001680,2023
1681,220,9,10,MOD-868,SER-0001681,2018
1682,973,4,2,MOD-879,SER-0001682,2019
1683,620,9,4,MOD-691,SER-0001683,2021
1684,701,6,7,MOD-195,SER-0001684,2023
1685,551,6,9,MOD-342,SER-0001685,2019
1686,55,4,11,MOD-873,SER-0001686,2021
1687,240,3,2,MOD-348,SER-0001687,2025
1688,788,3,4,MOD-703,SER-0001688,2020
1689,776,9,8,MOD-258,SER-0001689,2018
1690,290,3,9,MOD-919,SER-0001690,2022
1691,744,10,4,MOD-204,SER-0001691,2021
1692,204,5,2,MOD-804,SER-0001692,2026
1693,903,10,9,MOD-614,SER-0001693,2018
1694,541,8,9,MOD-233,SER-0001694,2020
1695,690,4,12,MOD-689,SER-0001695,2023
1696,379,4,8,MOD-372,SER-0001696,2024
1697,292,2,10,MOD-881,SER-0001697,2022
1698,1095,3,10,MOD-327,SER-0001698,2018
1699,571,4,5,MOD-502,SER-0001699,2018
1700,396,7,7,MOD-265,SER-0001700,2025
1701,1192,9,7,MOD-167,SER-0001701,2019
1702,736,7,4,MOD-802,SER-0001702,2021
1703,855,6,8,MOD-449,SER-0001703,2025
1704,525,7,10,MOD-639,SER-0001704,2020
1705,652,9,3,MOD-239,SER-0001705,2025
1706,830,6,11,MOD-586,SER-0001706,2022
1707,631,10,5,MOD-148,SER-0001707,2018
1708,1108,7,1,MOD-331,SER-0001708,2021
1709,600,10,7,MOD-993,SER-0001709,2022
1710,344,1,5,MOD-507,SER-0001710,2018
1711,708,1,2,MOD-665,SER-0001711,2024
1712,535,5,2,MOD-127,SER-0001712,2018
1713,309,1,6,MOD-978,SER-0001713,2021
1714,922,5,11,MOD-910,SER-0001714,2026
1715,737,10,2,MOD-718,SER-0001715,2025
1716,58,5,8,MOD-380,SER-0001716,2024
1717,593,7,11,MOD-590,SER-0001717,2024
1718,755,6,10,MOD-855,SER-0001718,2019
1719,72,3,4,MOD-833,SER-0001719,2018
1720,440,2,12,MOD-583,SER-0001720,2023
1721,707,6,2,MOD-729,SER-0001721,2022
1722,465,4,6,MOD-739,SER-0001722,2026
1723,1060,7,11,MOD-726,SER-0001723,2024
1724,45,2,4,MOD-200,SER-0001724,2022
1725,253,6,9,MOD-524,SER-0001725,2021
1726,104,5,5,MOD-194,SER-0001726,2020
1727,293,7,7,MOD-194,SER-0001727,2019
1728,712,10,8,MOD-575,SER-0001728,2023
1729,423,9,10,MOD-982,SER-0001729,2022
1730,69,1,5,MOD-232,SER-0001730,2022
1731,491,3,1,MOD-940,SER-0001731,2021
1732,799,2,1,MOD-788,SER-0001732,2021
1733,1190,2,1,MOD-854,SER-0001733,2020
1734,626,3,7,MOD-174,SER-0001734,2026
1735,620,9,12,MOD-171,SER-0001735,2021
1736,32,2,1,MOD-178,SER-0001736,2026
1737,490,3,11,MOD-381,SER-0001737,2026
1738,972,1,3,MOD-570,SER-0001738,2021
1739,269,8,3,MOD-391,SER-0001739,2023
1740,872,5,11,MOD-986,SER-0001740,2021
1741,53,3,1,MOD-108,SER-0001741,2024
1742,793,5,2,MOD-797,SER-0001742,2018
1743,390,10,4,MOD-852,SER-0001743,2019
1744,964,9,8,MOD-979,SER-0001744,2018
1745,936,10,4,MOD-793,SER-0001745,2018
1746,917,1,4,MOD-400,SER-0001746,2018
1747,1170,4,12,MOD-265,SER-0001747,2023
1748,148,3,1,MOD-780,SER-0001748,2019
1749,1092,3,7,MOD-280,SER-0001749,2025
1750,1200,6,7,MOD-912,SER-0001750,2026
1751,1178,2,1,MOD-354,SER-0001751,2020
1752,41,6,2,MOD-187,SER-0001752,2018
1753,337,8,3,MOD-905,SER-0001753,2022
1754,236,7,6,MOD-955,SER-0001754,2020
1755,723,1,3,MOD-281,SER-0001755,2026
1756,462,8,1,MOD-535,SER-0001756,2023
1757,213,3,9,MOD-844,SER-0001757,2018
1758,56,4,12,MOD-969,SER-0001758,2025
1759,618,8,5,MOD-473,SER-0001759,2021
1760,331,10,1,MOD-700,SER-0001760,2026
1761,136,9,5,MOD-651,SER-0001761,2023
1762,231,5,3,MOD-497,SER-0001762,2022
1763,1170,9,8,MOD-481,SER-0001763,2020
1764,556,1,1,MOD-298,SER-0001764,2019
1765,272,4,5,MOD-411,SER-0001765,2023
1766,370,8,9,MOD-766,SER-0001766,2020
1767,482,9,2,MOD-720,SER-0001767,2024
1768,412,7,7,MOD-311,SER-0001768,2019
1769,1170,6,2,MOD-643,SER-0001769,2023
1770,862,3,3,MOD-552,SER-0001770,2023
1771,660,3,5,MOD-572,SER-0001771,2023
1772,683,4,3,MOD-727,SER-0001772,2019
1773,299,3,11,MOD-175,SER-0001773,2021
1774,307,1,3,MOD-409,SER-0001774,2024
1775,856,5,9,MOD-758,SER-0001775,2025
1776,38,9,10,MOD-668,SER-0001776,2019
1777,408,4,6,MOD-149,SER-0001777,2023
1778,807,6,11,MOD-819,SER-0001778,2024
1779,34,3,8,MOD-692,SER-0001779,2020
1780,540,2,12,MOD-452,SER-0001780,2023
1781,491,10,6,MOD-426,SER-0001781,2023
1782,1108,10,2,MOD-894,SER-0001782,2026
1783,226,7,8,MOD-499,SER-0001783,2020
1784,1184,9,2,MOD-120,SER-0001784,2020
1785,470,5,2,MOD-277,SER-0001785,2018
1786,483,3,8,MOD-124,SER-0001786,2025
1787,519,10,9,MOD-652,SER-0001787,2021
1788,791,1,1,MOD-591,SER-0001788,2024
1789,920,5,10,MOD-984,SER-0001789,2022
1790,78,8,12,MOD-717,SER-0001790,2023
1791,798,3,10,MOD-445,SER-0001791,2018
1792,997,1,5,MOD-560,SER-0001792,2021
1793,1158,5,10,MOD-814,SER-0001793,2022
1794,458,8,7,MOD-247,SER-0001794,2019
1795,163,5,1,MOD-955,SER-0001795,2022
1796,667,1,1,MOD-274,SER-0001796,2024
1797,1079,3,6,MOD-872,SER-0001797,2019
1798,701,7,1,MOD-775,SER-0001798,2025
1799,1139,4,6,MOD-354,SER-0001799,2024
1800,617,8,10,MOD-430,SER-0001800,2022
1801,249,10,3,MOD-709,SER-0001801,2022
1802,886,4,4,MOD-654,SER-0001802,2022
1803,45,2,1,MOD-379,SER-0001803,2018
1804,92,7,4,MOD-418,SER-0001804,2021
1805,1038,2,9,MOD-257,SER-0001805,2024
1806,577,1,11,MOD-266,SER-0001806,2019
1807,1061,6,12,MOD-295,SER-0001807,2023
1808,1152,10,7,MOD-890,SER-0001808,2025
1809,454,7,7,MOD-153,SER-0001809,2021
1810,30,7,3,MOD-676,SER-0001810,2025
1811,341,2,12,MOD-582,SER-0001811,2021
1812,897,3,9,MOD-211,SER-0001812,2019
1813,284,1,10,MOD-387,SER-0001813,2024
1814,330,5,12,MOD-498,SER-0001814,2024
1815,978,6,6,MOD-542,SER-0001815,2021
1816,811,8,11,MOD-199,SER-0001816,2022
1817,278,3,4,MOD-571,SER-0001817,2019
1818,1117,4,3,MOD-329,SER-0001818,2022
1819,746,8,12,MOD-713,SER-0001819,2025
1820,919,6,6,MOD-531,SER-0001820,2022
1821,214,10,2,MOD-347,SER-0001821,2018
1822,1021,5,9,MOD-294,SER-0001822,2022
1823,800,9,11,MOD-434,SER-0001823,2023
1824,395,1,5,MOD-463,SER-0001824,2023
1825,113,4,5,MOD-530,SER-0001825,2018
1826,307,7,7,MOD-376,SER-0001826,2020
1827,1010,7,3,MOD-941,SER-0001827,2023
1828,116,7,6,MOD-774,SER-0001828,2021
1829,237,4,8,MOD-566,SER-0001829,2019
1830,529,10,7,MOD-102,SER-0001830,2026
1831,578,9,3,MOD-221,SER-0001831,2022
1832,407,10,8,MOD-884,SER-0001832,2026
1833,33,6,3,MOD-976,SER-0001833,2024
1834,986,1,12,MOD-623,SER-0001834,2019
1835,396,6,9,MOD-229,SER-0001835,2018
1836,243,3,7,MOD-794,SER-0001836,2021
1837,457,8,2,MOD-222,SER-0001837,2021
1838,133,3,11,MOD-140,SER-0001838,2025
1839,175,4,8,MOD-749,SER-0001839,2022
1840,637,10,7,MOD-102,SER-0001840,2026
1841,586,1,1,MOD-461,SER-0001841,2026
1842,624,9,9,MOD-600,SER-0001842,2023
1843,766,10,5,MOD-730,SER-0001843,2018
1844,1059,2,11,MOD-933,SER-0001844,2024
1845,577,9,4,MOD-934,SER-0001845,2021
1846,430,2,1,MOD-211,SER-0001846,2018
1847,417,10,7,MOD-428,SER-0001847,2020
1848,872,9,5,MOD-590,SER-0001848,2021
1849,132,8,9,MOD-603,SER-0001849,2021
1850,6,3,4,MOD-168,SER-0001850,2024
1851,620,9,5,MOD-531,SER-0001851,2024
1852,929,9,10,MOD-743,SER-0001852,2025
1853,21,10,2,MOD-697,SER-0001853,2020
1854,1025,2,1,MOD-599,SER-0001854,2019
1855,747,9,5,MOD-335,SER-0001855,2024
1856,989,8,12,MOD-856,SER-0001856,2025
1857,829,7,5,MOD-961,SER-0001857,2020
1858,515,4,9,MOD-551,SER-0001858,2022
1859,383,10,8,MOD-329,SER-0001859,2026
1860,293,2,8,MOD-434,SER-0001860,2023
1861,12,3,2,MOD-465,SER-0001861,2026
1862,140,1,10,MOD-607,SER-0001862,2024
1863,35,4,3,MOD-783,SER-0001863,2018
1864,671,1,3,MOD-914,SER-0001864,2026
1865,1094,4,3,MOD-246,SER-0001865,2020
1866,692,10,5,MOD-389,SER-0001866,2019
1867,955,6,3,MOD-897,SER-0001867,2025
1868,725,3,12,MOD-870,SER-0001868,2022
1869,506,9,5,MOD-957,SER-0001869,2022
1870,75,8,12,MOD-910,SER-0001870,2024
1871,3,3,4,MOD-195,SER-0001871,2026
1872,347,4,8,MOD-374,SER-0001872,2024
1873,821,6,10,MOD-964,SER-0001873,2021
1874,296,4,10,MOD-194,SER-0001874,2024
1875,74,7,1,MOD-795,SER-0001875,2020
1876,1177,5,4,MOD-588,SER-0001876,2023
1877,885,10,4,MOD-671,SER-0001877,2023
1878,496,5,12,MOD-516,SER-0001878,2025
1879,773,2,1,MOD-188,SER-0001879,2022
1880,710,9,9,MOD-676,SER-0001880,2023
1881,669,6,4,MOD-898,SER-0001881,2019
1882,315,10,3,MOD-781,SER-0001882,2023
1883,93,9,11,MOD-276,SER-0001883,2024
1884,367,5,2,MOD-336,SER-0001884,2024
1885,278,8,1,MOD-240,SER-0001885,2025
1886,208,7,12,MOD-547,SER-0001886,2021
1887,395,6,5,MOD-641,SER-0001887,2025
1888,1004,7,7,MOD-824,SER-0001888,2021
1889,759,5,3,MOD-344,SER-0001889,2019
1890,510,6,6,MOD-986,SER-0001890,2019
1891,70,3,9,MOD-510,SER-0001891,2023
1892,438,3,12,MOD-812,SER-0001892,2022
1893,188,5,5,MOD-264,SER-0001893,2026
1894,263,8,8,MOD-789,SER-0001894,2019
1895,562,5,12,MOD-794,SER-0001895,2021
1896,135,6,9,MOD-411,SER-0001896,2026
1897,348,2,5,MOD-239,SER-0001897,2018
1898,367,3,1,MOD-163,SER-0001898,2024
1899,415,2,10,MOD-734,SER-0001899,2019
1900,1077,1,4,MOD-598,SER-0001900,2020
1901,64,7,12,MOD-520,SER-0001901,2025
1902,840,7,6,MOD-716,SER-0001902,2021
1903,840,6,2,MOD-420,SER-0001903,2019
1904,45,6,6,MOD-327,SER-0001904,2025
1905,860,3,3,MOD-276,SER-0001905,2021
1906,765,2,4,MOD-546,SER-0001906,2019
1907,214,3,11,MOD-184,SER-0001907,2026
1908,1030,8,2,MOD-721,SER-0001908,2020
1909,354,2,6,MOD-209,SER-0001909,2020
1910,17,3,1,MOD-490,SER-0001910,2018
1911,102,3,12,MOD-140,SER-0001911,2020
1912,524,1,12,MOD-167,SER-0001912,2018
1913,104,6,3,MOD-533,SER-0001913,2026
1914,72,6,10,MOD-324,SER-0001914,2020
1915,354,6,9,MOD-153,SER-0001915,2022
1916,296,2,12,MOD-936,SER-0001916,2022
1917,333,10,9,MOD-576,SER-0001917,2025
1918,913,8,2,MOD-133,SER-0001918,2019
1919,1197,8,6,MOD-144,SER-0001919,2026
1920,511,5,10,MOD-201,SER-0001920,2020
1921,109,6,12,MOD-173,SER-0001921,2025
1922,1048,5,8,MOD-370,SER-0001922,2025
1923,876,5,3,MOD-502,SER-0001923,2022
1924,458,3,6,MOD-444,SER-0001924,2025
1925,789,3,11,MOD-746,SER-0001925,2026
1926,581,1,8,MOD-754,SER-0001926,2023
1927,232,8,9,MOD-565,SER-0001927,2018
1928,424,8,8,MOD-763,SER-0001928,2020
1929,79,2,4,MOD-850,SER-0001929,2021
1930,562,9,5,MOD-936,SER-0001930,2018
1931,779,5,2,MOD-853,SER-0001931,2026
1932,681,3,10,MOD-764,SER-0001932,2025
1933,846,8,1,MOD-139,SER-0001933,2019
1934,648,3,7,MOD-285,SER-0001934,2021
1935,1055,8,9,MOD-746,SER-0001935,2020
1936,777,8,2,MOD-687,SER-0001936,2022
1937,262,1,4,MOD-441,SER-0001937,2024
1938,670,3,3,MOD-241,SER-0001938,2018
1939,609,7,11,MOD-434,SER-0001939,2025
1940,141,7,3,MOD-229,SER-0001940,2021
1941,881,1,4,MOD-498,SER-0001941,2018
1942,530,7,9,MOD-256,SER-0001942,2021
1943,627,8,6,MOD-703,SER-0001943,2025
1944,300,9,1,MOD-509,SER-0001944,2026
1945,1153,7,4,MOD-472,SER-0001945,2023
1946,468,10,3,MOD-776,SER-0001946,2024
1947,613,2,10,MOD-856,SER-0001947,2025
1948,205,2,3,MOD-297,SER-0001948,2022
1949,805,5,11,MOD-458,SER-0001949,2023
1950,283,10,7,MOD-130,SER-0001950,2019
1951,600,7,5,MOD-132,SER-0001951,2022
1952,1045,6,6,MOD-889,SER-0001952,2022
1953,791,3,7,MOD-303,SER-0001953,2018
1954,869,10,9,MOD-454,SER-0001954,2018
1955,409,10,7,MOD-339,SER-0001955,2025
1956,144,5,6,MOD-437,SER-0001956,2021
1957,722,1,6,MOD-427,SER-0001957,2022
1958,257,1,3,MOD-763,SER-0001958,2023
1959,548,5,10,MOD-836,SER-0001959,2022
1960,632,6,8,MOD-215,SER-0001960,2021
1961,680,1,6,MOD-302,SER-0001961,2024
1962,1164,4,7,MOD-653,SER-0001962,2025
1963,455,4,4,MOD-215,SER-0001963,2025
1964,1070,3,8,MOD-272,SER-0001964,2021
1965,1010,7,1,MOD-723,SER-0001965,2021
1966,218,1,10,MOD-458,SER-0001966,2026
1967,682,8,4,MOD-702,SER-0001967,2022
1968,186,6,7,MOD-147,SER-0001968,2019
1969,540,7,1,MOD-105,SER-0001969,2021
1970,303,5,3,MOD-356,SER-0001970,2019
1971,626,3,10,MOD-118,SER-0001971,2020
1972,1049,8,4,MOD-942,SER-0001972,2023
1973,445,5,8,MOD-380,SER-0001973,2019
1974,575,7,4,MOD-544,SER-0001974,2025
1975,22,4,11,MOD-606,SER-0001975,2022
1976,415,5,6,MOD-139,SER-0001976,2018
1977,435,9,7,MOD-765,SER-0001977,2022
1978,1181,4,9,MOD-912,SER-0001978,2018
1979,343,3,2,MOD-369,SER-0001979,2018
1980,1198,5,5,MOD-100,SER-0001980,2018
1981,410,4,3,MOD-167,SER-0001981,2020
1982,1112,4,2,MOD-178,SER-0001982,2019
1983,182,7,6,MOD-206,SER-0001983,2020
1984,1123,7,9,MOD-144,SER-0001984,2025
1985,614,10,5,MOD-135,SER-0001985,2026
1986,713,8,4,MOD-335,SER-0001986,2018
1987,83,8,3,MOD-597,SER-0001987,2022
1988,62,1,9,MOD-602,SER-0001988,2018
1989,818,9,3,MOD-369,SER-0001989,2019
1990,668,8,4,MOD-259,SER-0001990,2019
1991,726,8,10,MOD-720,SER-0001991,2026
1992,341,2,2,MOD-915,SER-0001992,2026
1993,121,3,12,MOD-913,SER-0001993,2026
1994,98,3,10,MOD-421,SER-0001994,2018
1995,1014,5,9,MOD-290,SER-0001995,2020
1996,393,6,9,MOD-212,SER-0001996,2023
1997,751,7,11,MOD-978,SER-0001997,2020
1998,239,7,6,MOD-873,SER-0001998,2021
1999,1074,7,10,MOD-459,SER-0001999,2019
2000,590,10,1,MOD-679,SER-0002000,2018
2001,322,10,5,MOD-227,SER-0002001,2026
2002,256,10,6,MOD-409,SER-0002002,2025
2003,252,6,8,MOD-441,SER-0002003,2026
2004,275,5,8,MOD-451,SER-0002004,2024
2005,557,8,8,MOD-962,SER-0002005,2021
2006,787,10,11,MOD-667,SER-0002006,2023
2007,875,3,6,MOD-915,SER-0002007,2025
2008,967,3,10,MOD-858,SER-0002008,2023
2009,156,4,11,MOD-192,SER-0002009,2021
2010,733,4,9,MOD-696,SER-0002010,2023
2011,154,6,9,MOD-305,SER-0002011,2020
2012,939,2,9,MOD-868,SER-0002012,2026
2013,987,7,2,MOD-319,SER-0002013,2024
2014,742,8,12,MOD-215,SER-0002014,2018
2015,1022,5,5,MOD-319,SER-0002015,2019
2016,876,5,2,MOD-217,SER-0002016,2021
2017,211,7,1,MOD-880,SER-0002017,2023
2018,1062,7,12,MOD-774,SER-0002018,2026
2019,1111,1,2,MOD-511,SER-0002019,2026
2020,965,10,7,MOD-786,SER-0002020,2020
2021,794,3,10,MOD-809,SER-0002021,2018
2022,459,7,3,MOD-255,SER-0002022,2018
2023,1072,7,12,MOD-387,SER-0002023,2025
2024,143,6,8,MOD-606,SER-0002024,2019
2025,237,7,10,MOD-644,SER-0002025,2021
2026,819,7,6,MOD-652,SER-0002026,2020
2027,293,1,9,MOD-505,SER-0002027,2022
2028,786,5,2,MOD-959,SER-0002028,2018
2029,523,6,10,MOD-250,SER-0002029,2022
2030,278,6,5,MOD-294,SER-0002030,2018
2031,715,10,11,MOD-359,SER-0002031,2024
2032,686,1,5,MOD-565,SER-0002032,2018
2033,785,9,1,MOD-233,SER-0002033,2025
2034,1117,3,1,MOD-143,SER-0002034,2018
2035,349,4,4,MOD-203,SER-0002035,2023
2036,6,7,11,MOD-382,SER-0002036,2026
2037,205,5,9,MOD-588,SER-0002037,2025
2038,612,1,9,MOD-753,SER-0002038,2020
2039,569,1,9,MOD-116,SER-0002039,2019
2040,98,7,11,MOD-786,SER-0002040,2018
2041,548,1,4,MOD-600,SER-0002041,2026
2042,566,1,12,MOD-134,SER-0002042,2026
2043,159,6,10,MOD-816,SER-0002043,2019
2044,1009,1,6,MOD-226,SER-0002044,2026
2045,40,5,11,MOD-270,SER-0002045,2026
2046,922,2,8,MOD-183,SER-0002046,2020
2047,1147,8,2,MOD-965,SER-0002047,2018
2048,862,6,9,MOD-725,SER-0002048,2023
2049,225,4,11,MOD-844,SER-0002049,2023
2050,1159,3,5,MOD-856,SER-0002050,2018
2051,619,7,1,MOD-375,SER-0002051,2025
2052,913,3,9,MOD-869,SER-0002052,2022
2053,328,7,9,MOD-431,SER-0002053,2024
2054,327,1,4,MOD-750,SER-0002054,2022
2055,261,7,10,MOD-993,SER-0002055,2019
2056,1180,5,7,MOD-385,SER-0002056,2020
2057,305,2,9,MOD-572,SER-0002057,2018
2058,752,4,10,MOD-557,SER-0002058,2025
2059,2,1,11,MOD-342,SER-0002059,2026
2060,515,2,5,MOD-323,SER-0002060,2023
2061,201,1,9,MOD-118,SER-0002061,2019
2062,792,3,4,MOD-256,SER-0002062,2026
2063,120,1,4,MOD-109,SER-0002063,2022
2064,470,2,1,MOD-914,SER-0002064,2022
2065,715,1,7,MOD-986,SER-0002065,2023
2066,1041,2,9,MOD-764,SER-0002066,2019
2067,1075,8,11,MOD-577,SER-0002067,2026
2068,1092,6,5,MOD-859,SER-0002068,2024
2069,186,10,8,MOD-735,SER-0002069,2021
2070,1081,4,5,MOD-407,SER-0002070,2023
2071,47,6,1,MOD-642,SER-0002071,2025
2072,1173,5,1,MOD-102,SER-0002072,2022
2073,752,8,12,MOD-557,SER-0002073,2024
2074,844,10,1,MOD-421,SER-0002074,2021
2075,400,1,2,MOD-310,SER-0002075,2026
2076,636,6,3,MOD-763,SER-0002076,2022
2077,435,7,11,MOD-233,SER-0002077,2025
2078,151,6,3,MOD-555,SER-0002078,2022
2079,661,4,4,MOD-810,SER-0002079,2021
2080,705,10,6,MOD-535,SER-0002080,2018
2081,625,7,10,MOD-404,SER-0002081,2025
2082,460,2,12,MOD-925,SER-0002082,2020
2083,832,1,6,MOD-877,SER-0002083,2025
2084,1160,3,7,MOD-615,SER-0002084,2026
2085,835,8,4,MOD-350,SER-0002085,2025
2086,967,10,1,MOD-672,SER-0002086,2018
2087,591,7,9,MOD-281,SER-0002087,2024
2088,351,7,1,MOD-568,SER-0002088,2025
2089,255,10,9,MOD-429,SER-0002089,2022
2090,1030,8,11,MOD-699,SER-0002090,2019
2091,591,6,11,MOD-401,SER-0002091,2019
2092,36,3,7,MOD-470,SER-0002092,2021
2093,137,9,11,MOD-735,SER-0002093,2025
2094,928,6,2,MOD-569,SER-0002094,2025
2095,1170,9,8,MOD-803,SER-0002095,2025
2096,96,7,11,MOD-347,SER-0002096,2026
2097,205,2,6,MOD-364,SER-0002097,2021
2098,1054,8,6,MOD-632,SER-0002098,2022
2099,226,10,12,MOD-971,SER-0002099,2026
2100,450,3,6,MOD-792,SER-0002100,2022
2101,710,1,2,MOD-829,SER-0002101,2026
2102,407,10,2,MOD-895,SER-0002102,2019
2103,1063,1,3,MOD-138,SER-0002103,2020
2104,350,8,7,MOD-192,SER-0002104,2022
2105,220,8,8,MOD-247,SER-0002105,2026
2106,199,10,9,MOD-193,SER-0002106,2019
2107,452,10,3,MOD-309,SER-0002107,2022
2108,313,7,2,MOD-228,SER-0002108,2021
2109,61,10,12,MOD-667,SER-0002109,2026
2110,175,10,7,MOD-819,SER-0002110,2020
2111,344,8,12,MOD-717,SER-0002111,2023
2112,1148,7,1,MOD-448,SER-0002112,2024
2113,626,6,7,MOD-978,SER-0002113,2022
2114,891,9,10,MOD-972,SER-0002114,2018
2115,44,6,9,MOD-661,SER-0002115,2020
2116,1171,8,2,MOD-952,SER-0002116,2026
2117,1065,2,2,MOD-721,SER-0002117,2022
2118,1094,8,9,MOD-338,SER-0002118,2021
2119,966,9,2,MOD-612,SER-0002119,2019
2120,730,4,8,MOD-510,SER-0002120,2026
2121,423,7,7,MOD-984,SER-0002121,2021
2122,985,4,9,MOD-414,SER-0002122,2018
2123,156,5,10,MOD-807,SER-0002123,2023
2124,10,1,8,MOD-200,SER-0002124,2024
2125,721,5,12,MOD-391,SER-0002125,2020
2126,767,1,6,MOD-218,SER-0002126,2018
2127,768,7,2,MOD-801,SER-0002127,2019
2128,176,2,5,MOD-660,SER-0002128,2018
2129,650,10,3,MOD-237,SER-0002129,2023
2130,723,8,1,MOD-562,SER-0002130,2025
2131,1043,7,11,MOD-533,SER-0002131,2025
2132,551,2,6,MOD-970,SER-0002132,2026
2133,593,5,6,MOD-248,SER-0002133,2025
2134,351,8,3,MOD-951,SER-0002134,2019
2135,922,4,9,MOD-694,SER-0002135,2023
2136,62,7,11,MOD-899,SER-0002136,2025
2137,128,5,3,MOD-920,SER-0002137,2021
2138,634,4,4,MOD-933,SER-0002138,2019
2139,453,5,10,MOD-236,SER-0002139,2020
2140,966,4,10,MOD-880,SER-0002140,2026
2141,1178,1,8,MOD-497,SER-0002141,2018
2142,599,8,9,MOD-507,SER-0002142,2022
2143,315,10,1,MOD-900,SER-0002143,2026
2144,1116,10,11,MOD-691,SER-0002144,2021
2145,55,7,1,MOD-751,SER-0002145,2018
2146,882,7,8,MOD-225,SER-0002146,2025
2147,227,3,7,MOD-983,SER-0002147,2020
2148,1070,4,1,MOD-523,SER-0002148,2020
2149,255,5,12,MOD-429,SER-0002149,2022
2150,625,10,1,MOD-455,SER-0002150,2021
2151,372,9,12,MOD-254,SER-0002151,2025
2152,998,8,10,MOD-740,SER-0002152,2018
2153,648,7,12,MOD-552,SER-0002153,2018
2154,659,2,4,MOD-209,SER-0002154,2025
2155,1029,10,7,MOD-761,SER-0002155,2023
2156,786,7,7,MOD-681,SER-0002156,2020
2157,68,4,2,MOD-727,SER-0002157,2022
2158,726,4,7,MOD-575,SER-0002158,2026
2159,1178,10,12,MOD-914,SER-0002159,2026
2160,534,7,4,MOD-146,SER-0002160,2023
2161,142,3,12,MOD-733,SER-0002161,2025
2162,192,2,5,MOD-989,SER-0002162,2023
2163,915,3,12,MOD-892,SER-0002163,2018
2164,1046,3,7,MOD-392,SER-0002164,2025
2165,26,5,5,MOD-906,SER-0002165,2025
2166,156,4,7,MOD-728,SER-0002166,2023
2167,409,2,5,MOD-493,SER-0002167,2023
2168,552,1,8,MOD-363,SER-0002168,2020
2169,222,5,7,MOD-606,SER-0002169,2019
2170,884,6,12,MOD-967,SER-0002170,2023
2171,538,7,9,MOD-134,SER-0002171,2018
2172,1175,4,10,MOD-351,SER-0002172,2022
2173,170,2,11,MOD-301,SER-0002173,2022
2174,321,8,11,MOD-360,SER-0002174,2024
2175,146,10,6,MOD-646,SER-0002175,2019
2176,380,4,11,MOD-974,SER-0002176,2021
2177,842,8,3,MOD-969,SER-0002177,2023
2178,1112,7,11,MOD-950,SER-0002178,2021
2179,619,3,6,MOD-780,SER-0002179,2020
2180,612,8,6,MOD-282,SER-0002180,2019
2181,818,7,12,MOD-877,SER-0002181,2026
2182,364,8,5,MOD-944,SER-0002182,2020
2183,783,6,11,MOD-379,SER-0002183,2025
2184,1163,5,5,MOD-684,SER-0002184,2019
2185,474,1,12,MOD-384,SER-0002185,2018
2186,1199,7,11,MOD-206,SER-0002186,2021
2187,1159,10,7,MOD-866,SER-0002187,2022
2188,613,6,6,MOD-425,SER-0002188,2018
2189,47,2,6,MOD-527,SER-0002189,2022
2190,743,4,1,MOD-975,SER-0002190,2021
2191,1059,5,11,MOD-773,SER-0002191,2021
2192,996,6,9,MOD-845,SER-0002192,2024
2193,125,6,6,MOD-340,SER-0002193,2018
2194,650,1,7,MOD-646,SER-0002194,2021
2195,32,5,4,MOD-441,SER-0002195,2020
2196,922,4,9,MOD-351,SER-0002196,2021
2197,512,10,10,MOD-586,SER-0002197,2021
2198,92,3,1,MOD-857,SER-0002198,2021
2199,1067,9,7,MOD-527,SER-0002199,2023
2200,335,7,10,MOD-377,SER-0002200,2018
2201,700,1,9,MOD-649,SER-0002201,2026
2202,1112,9,11,MOD-135,SER-0002202,2025
2203,1180,8,12,MOD-134,SER-0002203,2022
2204,737,3,11,MOD-643,SER-0002204,2020
2205,251,9,6,MOD-557,SER-0002205,2022
2206,652,10,7,MOD-561,SER-0002206,2022
2207,891,3,1,MOD-465,SER-0002207,2026
2208,516,8,11,MOD-876,SER-0002208,2024
2209,952,3,4,MOD-472,SER-0002209,2024
2210,1178,6,1,MOD-668,SER-0002210,2018
2211,69,10,1,MOD-748,SER-0002211,2019
2212,520,1,5,MOD-593,SER-0002212,2026
2213,32,5,2,MOD-927,SER-0002213,2024
2214,368,3,8,MOD-639,SER-0002214,2020
2215,5,8,5,MOD-143,SER-0002215,2025
2216,153,3,2,MOD-658,SER-0002216,2024
2217,647,3,4,MOD-984,SER-0002217,2020
2218,1040,1,9,MOD-711,SER-0002218,2026
2219,1024,9,6,MOD-142,SER-0002219,2021
2220,441,3,2,MOD-637,SER-0002220,2025
2221,711,1,8,MOD-889,SER-0002221,2022
2222,134,1,11,MOD-672,SER-0002222,2024
2223,279,9,11,MOD-543,SER-0002223,2020
2224,535,8,8,MOD-750,SER-0002224,2026
2225,18,4,12,MOD-909,SER-0002225,2022
2226,389,10,6,MOD-130,SER-0002226,2026
2227,324,6,1,MOD-925,SER-0002227,2022
2228,1157,7,1,MOD-728,SER-0002228,2024
2229,255,5,11,MOD-302,SER-0002229,2019
2230,263,9,7,MOD-443,SER-0002230,2018
2231,1007,1,12,MOD-743,SER-0002231,2019
2232,594,2,4,MOD-914,SER-0002232,2023
2233,921,3,5,MOD-138,SER-0002233,2023
2234,49,8,2,MOD-179,SER-0002234,2020
2235,907,9,7,MOD-703,SER-0002235,2020
2236,922,3,6,MOD-712,SER-0002236,2023
2237,1133,4,4,MOD-913,SER-0002237,2019
2238,153,3,4,MOD-785,SER-0002238,2023
2239,804,10,5,MOD-745,SER-0002239,2019
2240,310,9,12,MOD-926,SER-0002240,2022
2241,1103,6,5,MOD-891,SER-0002241,2025
2242,205,9,10,MOD-754,SER-0002242,2021
2243,842,8,12,MOD-906,SER-0002243,2022
2244,1190,3,1,MOD-917,SER-0002244,2019
2245,665,8,2,MOD-373,SER-0002245,2025
2246,433,2,12,MOD-335,SER-0002246,2023
2247,548,2,9,MOD-975,SER-0002247,2022
2248,301,6,12,MOD-752,SER-0002248,2024
2249,475,4,3,MOD-407,SER-0002249,2019
2250,192,10,9,MOD-341,SER-0002250,2021
2251,270,9,5,MOD-742,SER-0002251,2023
2252,935,8,6,MOD-713,SER-0002252,2026
2253,760,2,11,MOD-495,SER-0002253,2019
2254,685,3,10,MOD-943,SER-0002254,2020
2255,1017,9,11,MOD-664,SER-0002255,2018
2256,998,4,5,MOD-273,SER-0002256,2020
2257,732,7,4,MOD-287,SER-0002257,2024
2258,686,4,11,MOD-641,SER-0002258,2018
2259,971,9,11,MOD-331,SER-0002259,2022
2260,885,2,2,MOD-147,SER-0002260,2021
2261,974,3,8,MOD-450,SER-0002261,2018
2262,832,7,10,MOD-908,SER-0002262,2023
2263,1190,7,5,MOD-293,SER-0002263,2022
2264,44,2,7,MOD-567,SER-0002264,2022
2265,842,10,6,MOD-667,SER-0002265,2026
2266,282,9,12,MOD-992,SER-0002266,2025
2267,1157,9,12,MOD-957,SER-0002267,2019
2268,634,3,4,MOD-133,SER-0002268,2018
2269,1042,2,11,MOD-890,SER-0002269,2023
2270,917,7,9,MOD-777,SER-0002270,2020
2271,406,3,8,MOD-657,SER-0002271,2018
2272,934,10,8,MOD-777,SER-0002272,2023
2273,1178,9,6,MOD-963,SER-0002273,2022
2274,1074,5,12,MOD-572,SER-0002274,2021
2275,1077,5,6,MOD-604,SER-0002275,2019
2276,1136,8,5,MOD-528,SER-0002276,2021
2277,407,3,2,MOD-925,SER-0002277,2026
2278,67,2,2,MOD-594,SER-0002278,2018
2279,632,9,3,MOD-348,SER-0002279,2026
2280,346,1,2,MOD-984,SER-0002280,2025
2281,481,5,8,MOD-244,SER-0002281,2019
2282,30,3,8,MOD-223,SER-0002282,2026
2283,350,5,5,MOD-877,SER-0002283,2025
2284,500,10,3,MOD-263,SER-0002284,2022
2285,226,5,11,MOD-817,SER-0002285,2022
2286,397,2,2,MOD-772,SER-0002286,2023
2287,742,10,4,MOD-982,SER-0002287,2020
2288,523,5,1,MOD-521,SER-0002288,2018
2289,411,6,11,MOD-852,SER-0002289,2022
2290,89,7,9,MOD-811,SER-0002290,2021
2291,1074,7,9,MOD-687,SER-0002291,2023
2292,551,10,6,MOD-890,SER-0002292,2019
2293,358,5,4,MOD-498,SER-0002293,2022
2294,372,10,3,MOD-261,SER-0002294,2020
2295,643,6,9,MOD-961,SER-0002295,2018
2296,583,3,5,MOD-794,SER-0002296,2022
2297,156,8,12,MOD-848,SER-0002297,2025
2298,847,3,9,MOD-503,SER-0002298,2023
2299,803,7,2,MOD-273,SER-0002299,2022
2300,15,9,4,MOD-850,SER-0002300,2022
2301,511,6,6,MOD-904,SER-0002301,2026
2302,394,5,11,MOD-328,SER-0002302,2018
2303,751,8,7,MOD-624,SER-0002303,2019
2304,149,6,2,MOD-207,SER-0002304,2019
2305,25,10,6,MOD-271,SER-0002305,2021
2306,883,5,4,MOD-156,SER-0002306,2023
2307,1198,5,1,MOD-735,SER-0002307,2018
2308,371,3,11,MOD-429,SER-0002308,2023
2309,725,7,3,MOD-807,SER-0002309,2025
2310,563,2,12,MOD-836,SER-0002310,2018
2311,777,8,5,MOD-414,SER-0002311,2022
2312,980,6,11,MOD-106,SER-0002312,2022
2313,99,8,7,MOD-916,SER-0002313,2022
2314,12,2,10,MOD-470,SER-0002314,2022
2315,1068,3,12,MOD-437,SER-0002315,2019
2316,402,1,11,MOD-301,SER-0002316,2025
2317,941,1,7,MOD-341,SER-0002317,2018
2318,37,6,2,MOD-753,SER-0002318,2022
2319,679,10,5,MOD-773,SER-0002319,2022
2320,83,5,9,MOD-727,SER-0002320,2020
2321,637,10,9,MOD-112,SER-0002321,2021
2322,229,9,7,MOD-945,SER-0002322,2026
2323,1133,10,5,MOD-924,SER-0002323,2020
2324,193,10,5,MOD-627,SER-0002324,2022
2325,787,2,1,MOD-349,SER-0002325,2019
2326,560,2,6,MOD-544,SER-0002326,2020
2327,771,1,8,MOD-645,SER-0002327,2024
2328,1129,8,9,MOD-505,SER-0002328,2019
2329,499,3,8,MOD-604,SER-0002329,2022
2330,515,3,8,MOD-649,SER-0002330,2020
2331,884,5,3,MOD-336,SER-0002331,2026
2332,400,5,11,MOD-408,SER-0002332,2021
2333,194,8,7,MOD-660,SER-0002333,2021
2334,250,8,3,MOD-674,SER-0002334,2025
2335,315,8,7,MOD-647,SER-0002335,2026
2336,277,3,8,MOD-579,SER-0002336,2020
2337,698,7,7,MOD-135,SER-0002337,2025
2338,530,7,9,MOD-402,SER-0002338,2018
2339,636,1,8,MOD-165,SER-0002339,2021
2340,70,1,2,MOD-236,SER-0002340,2019
2341,47,6,9,MOD-512,SER-0002341,2019
2342,142,10,4,MOD-801,SER-0002342,2025
2343,717,8,7,MOD-305,SER-0002343,2018
2344,157,9,7,MOD-896,SER-0002344,2019
2345,1077,2,7,MOD-135,SER-0002345,2019
2346,266,8,5,MOD-923,SER-0002346,2024
2347,525,8,6,MOD-423,SER-0002347,2022
2348,720,4,10,MOD-837,SER-0002348,2019
2349,589,7,6,MOD-458,SER-0002349,2018
2350,79,8,2,MOD-670,SER-0002350,2022
2351,294,3,9,MOD-580,SER-0002351,2025
2352,756,8,6,MOD-846,SER-0002352,2025
2353,657,4,2,MOD-610,SER-0002353,2025
2354,231,2,3,MOD-773,SER-0002354,2020
2355,1182,10,10,MOD-982,SER-0002355,2020
2356,146,5,1,MOD-734,SER-0002356,2020
2357,245,5,8,MOD-853,SER-0002357,2018
2358,267,4,1,MOD-423,SER-0002358,2021
2359,1175,1,5,MOD-359,SER-0002359,2020
2360,633,2,10,MOD-899,SER-0002360,2023
2361,1101,1,4,MOD-662,SER-0002361,2020
2362,320,3,6,MOD-100,SER-0002362,2026
2363,307,5,9,MOD-764,SER-0002363,2018
2364,24,5,3,MOD-184,SER-0002364,2024
2365,549,5,4,MOD-564,SER-0002365,2023
2366,344,9,11,MOD-136,SER-0002366,2019
2367,328,5,4,MOD-519,SER-0002367,2019
2368,79,6,5,MOD-380,SER-0002368,2018
2369,288,9,3,MOD-767,SER-0002369,2018
2370,760,5,1,MOD-760,SER-0002370,2018
2371,59,6,7,MOD-823,SER-0002371,2019
2372,1134,3,4,MOD-781,SER-0002372,2023
2373,814,2,6,MOD-620,SER-0002373,2021
2374,5,3,9,MOD-408,SER-0002374,2019
2375,772,9,12,MOD-858,SER-0002375,2022
2376,648,8,3,MOD-115,SER-0002376,2021
2377,144,6,4,MOD-905,SER-0002377,2026
2378,482,4,1,MOD-919,SER-0002378,2026
2379,383,10,5,MOD-770,SER-0002379,2023
2380,906,10,5,MOD-772,SER-0002380,2023
2381,718,4,12,MOD-453,SER-0002381,2019
2382,114,5,3,MOD-826,SER-0002382,2023
2383,225,6,10,MOD-673,SER-0002383,2023
2384,157,8,12,MOD-769,SER-0002384,2022
2385,547,7,9,MOD-151,SER-0002385,2022
2386,948,8,8,MOD-245,SER-0002386,2025
2387,7,1,6,MOD-449,SER-0002387,2023
2388,228,9,10,MOD-481,SER-0002388,2019
2389,827,4,7,MOD-429,SER-0002389,2019
2390,763,5,12,MOD-465,SER-0002390,2018
2391,224,4,3,MOD-234,SER-0002391,2019
2392,875,4,1,MOD-229,SER-0002392,2022
2393,35,9,10,MOD-597,SER-0002393,2024
2394,68,2,4,MOD-974,SER-0002394,2018
2395,129,9,3,MOD-116,SER-0002395,2020
2396,693,1,3,MOD-155,SER-0002396,2018
2397,220,5,4,MOD-446,SER-0002397,2022
2398,1163,9,6,MOD-418,SER-0002398,2024
2399,9,8,12,MOD-122,SER-0002399,2024
2400,391,2,9,MOD-115,SER-0002400,2026
2401,769,7,11,MOD-172,SER-0002401,2018
2402,1193,4,12,MOD-968,SER-0002402,2020
2403,233,10,3,MOD-160,SER-0002403,2019
2404,809,5,12,MOD-144,SER-0002404,2024
2405,906,8,7,MOD-514,SER-0002405,2018
2406,700,9,8,MOD-393,SER-0002406,2018
2407,122,3,3,MOD-866,SER-0002407,2025
2408,124,6,6,MOD-472,SER-0002408,2026
2409,851,6,12,MOD-691,SER-0002409,2018
2410,1102,6,2,MOD-224,SER-0002410,2020
2411,802,6,5,MOD-534,SER-0002411,2026
2412,1022,9,11,MOD-278,SER-0002412,2022
2413,3,1,12,MOD-640,SER-0002413,2026
2414,550,5,6,MOD-937,SER-0002414,2019
2415,770,10,1,MOD-547,SER-0002415,2018
2416,188,6,5,MOD-198,SER-0002416,2020
2417,199,5,1,MOD-154,SER-0002417,2021
2418,710,2,11,MOD-570,SER-0002418,2018
2419,210,4,1,MOD-585,SER-0002419,2024
2420,385,3,2,MOD-817,SER-0002420,2021
2421,794,7,1,MOD-242,SER-0002421,2021
2422,748,8,4,MOD-529,SER-0002422,2019
2423,1170,10,10,MOD-756,SER-0002423,2024
2424,890,1,4,MOD-934,SER-0002424,2021
2425,746,2,11,MOD-252,SER-0002425,2022
2426,163,1,6,MOD-416,SER-0002426,2020
2427,1130,9,9,MOD-780,SER-0002427,2025
2428,1039,6,3,MOD-220,SER-0002428,2018
2429,685,2,6,MOD-906,SER-0002429,2022
2430,1122,4,11,MOD-633,SER-0002430,2025
2431,1103,9,11,MOD-623,SER-0002431,2019
2432,603,6,10,MOD-601,SER-0002432,2019
2433,158,4,12,MOD-417,SER-0002433,2018
2434,1115,6,3,MOD-735,SER-0002434,2019
2435,147,5,9,MOD-663,SER-0002435,2019
2436,1009,3,5,MOD-268,SER-0002436,2026
2437,215,9,11,MOD-131,SER-0002437,2020
2438,1006,9,12,MOD-780,SER-0002438,2025
2439,980,5,8,MOD-406,SER-0002439,2023
2440,461,9,9,MOD-865,SER-0002440,2026
2441,663,5,11,MOD-416,SER-0002441,2023
2442,815,8,6,MOD-615,SER-0002442,2019
2443,594,8,7,MOD-147,SER-0002443,2023
2444,204,1,3,MOD-384,SER-0002444,2026
2445,149,2,12,MOD-529,SER-0002445,2022
2446,1184,1,8,MOD-640,SER-0002446,2023
2447,167,5,11,MOD-420,SER-0002447,2018
2448,298,9,10,MOD-123,SER-0002448,2024
2449,969,2,3,MOD-397,SER-0002449,2025
2450,271,8,2,MOD-906,SER-0002450,2022
2451,746,8,10,MOD-123,SER-0002451,2025
2452,429,8,1,MOD-409,SER-0002452,2020
2453,849,7,3,MOD-324,SER-0002453,2018
2454,1082,7,2,MOD-684,SER-0002454,2026
2455,286,5,10,MOD-841,SER-0002455,2026
2456,194,5,6,MOD-228,SER-0002456,2023
2457,315,7,5,MOD-846,SER-0002457,2020
2458,823,6,8,MOD-274,SER-0002458,2019
2459,498,4,11,MOD-696,SER-0002459,2023
2460,1091,1,5,MOD-445,SER-0002460,2023
2461,939,3,12,MOD-996,SER-0002461,2025
2462,572,5,1,MOD-749,SER-0002462,2023
2463,1121,8,5,MOD-591,SER-0002463,2021
2464,327,3,9,MOD-854,SER-0002464,2023
2465,325,9,9,MOD-263,SER-0002465,2018
2466,480,1,7,MOD-650,SER-0002466,2019
2467,252,8,8,MOD-229,SER-0002467,2026
2468,711,10,2,MOD-639,SER-0002468,2026
2469,849,10,10,MOD-888,SER-0002469,2024
2470,1016,8,5,MOD-945,SER-0002470,2021
2471,897,3,10,MOD-227,SER-0002471,2024
2472,262,3,1,MOD-549,SER-0002472,2023
2473,396,3,1,MOD-658,SER-0002473,2023
2474,242,1,7,MOD-848,SER-0002474,2021
2475,1040,3,4,MOD-452,SER-0002475,2022
2476,628,10,4,MOD-131,SER-0002476,2026
2477,536,1,5,MOD-867,SER-0002477,2023
2478,203,3,8,MOD-986,SER-0002478,2021
2479,486,2,9,MOD-185,SER-0002479,2026
2480,1171,10,9,MOD-557,SER-0002480,2022
2481,1016,9,3,MOD-478,SER-0002481,2022
2482,712,10,9,MOD-475,SER-0002482,2026
2483,1097,6,2,MOD-985,SER-0002483,2022
2484,1098,9,2,MOD-681,SER-0002484,2021
2485,316,8,1,MOD-752,SER-0002485,2020
2486,1156,6,3,MOD-215,SER-0002486,2025
2487,896,6,10,MOD-622,SER-0002487,2026
2488,61,2,10,MOD-638,SER-0002488,2021
2489,409,2,12,MOD-166,SER-0002489,2026
2490,466,1,10,MOD-470,SER-0002490,2024
2491,880,4,12,MOD-387,SER-0002491,2020
2492,439,3,9,MOD-412,SER-0002492,2026
2493,918,6,3,MOD-318,SER-0002493,2025
2494,1090,2,4,MOD-642,SER-0002494,2021
2495,1062,5,10,MOD-810,SER-0002495,2022
2496,972,10,1,MOD-439,SER-0002496,2026
2497,657,1,12,MOD-656,SER-0002497,2018
2498,186,9,5,MOD-970,SER-0002498,2023
2499,130,9,12,MOD-365,SER-0002499,2018
2500,1077,4,12,MOD-450,SER-0002500,2018
2501,1192,8,12,MOD-567,SER-0002501,2024
2502,353,7,3,MOD-417,SER-0002502,2021
2503,1192,2,11,MOD-718,SER-0002503,2021
2504,267,5,1,MOD-623,SER-0002504,2018
2505,991,2,4,MOD-148,SER-0002505,2020
2506,742,8,1,MOD-142,SER-0002506,2026
2507,686,1,9,MOD-610,SER-0002507,2023
2508,1196,10,1,MOD-988,SER-0002508,2018
2509,364,7,7,MOD-662,SER-0002509,2020
2510,1139,1,7,MOD-565,SER-0002510,2025
2511,296,3,8,MOD-789,SER-0002511,2018
2512,1131,5,9,MOD-494,SER-0002512,2026
2513,579,5,8,MOD-909,SER-0002513,2020
2514,463,8,8,MOD-221,SER-0002514,2020
2515,193,3,11,MOD-108,SER-0002515,2018
2516,120,10,3,MOD-287,SER-0002516,2023
2517,132,3,1,MOD-719,SER-0002517,2022
2518,922,9,8,MOD-541,SER-0002518,2024
2519,15,4,11,MOD-514,SER-0002519,2022
2520,180,5,12,MOD-545,SER-0002520,2025
2521,1016,6,11,MOD-249,SER-0002521,2024
2522,856,8,11,MOD-624,SER-0002522,2023
2523,1100,7,10,MOD-871,SER-0002523,2019
2524,686,4,12,MOD-334,SER-0002524,2019
2525,521,3,12,MOD-984,SER-0002525,2023
2526,567,9,11,MOD-970,SER-0002526,2026
2527,142,2,4,MOD-648,SER-0002527,2025
2528,129,9,4,MOD-554,SER-0002528,2023
2529,477,2,12,MOD-720,SER-0002529,2022
2530,1186,8,7,MOD-458,SER-0002530,2018
2531,941,9,2,MOD-881,SER-0002531,2025
2532,890,4,6,MOD-153,SER-0002532,2021
2533,1070,9,4,MOD-792,SER-0002533,2018
2534,664,8,12,MOD-808,SER-0002534,2019
2535,221,2,3,MOD-781,SER-0002535,2026
2536,142,6,6,MOD-198,SER-0002536,2026
2537,686,2,1,MOD-405,SER-0002537,2023
2538,253,4,8,MOD-226,SER-0002538,2023
2539,300,4,11,MOD-604,SER-0002539,2023
2540,382,10,2,MOD-818,SER-0002540,2019
2541,325,1,1,MOD-862,SER-0002541,2021
2542,975,5,7,MOD-429,SER-0002542,2020
2543,132,2,3,MOD-706,SER-0002543,2026
2544,14,6,7,MOD-949,SER-0002544,2021
2545,658,10,2,MOD-435,SER-0002545,2023
2546,453,7,5,MOD-487,SER-0002546,2020
2547,326,7,9,MOD-310,SER-0002547,2023
2548,721,8,9,MOD-673,SER-0002548,2023
2549,89,3,7,MOD-377,SER-0002549,2018
2550,103,2,9,MOD-850,SER-0002550,2026
2551,296,7,9,MOD-987,SER-0002551,2021
2552,455,8,9,MOD-219,SER-0002552,2020
2553,380,8,5,MOD-600,SER-0002553,2020
2554,229,9,5,MOD-419,SER-0002554,2025
2555,982,4,2,MOD-969,SER-0002555,2025
2556,255,3,2,MOD-443,SER-0002556,2020
2557,1109,6,6,MOD-161,SER-0002557,2023
2558,1155,9,11,MOD-423,SER-0002558,2022
2559,932,6,9,MOD-166,SER-0002559,2020
2560,158,10,2,MOD-580,SER-0002560,2018
2561,781,3,7,MOD-648,SER-0002561,2021
2562,497,1,10,MOD-341,SER-0002562,2023
2563,886,4,12,MOD-683,SER-0002563,2022
2564,129,6,4,MOD-511,SER-0002564,2019
2565,315,9,1,MOD-104,SER-0002565,2019
2566,1033,1,1,MOD-254,SER-0002566,2019
2567,756,2,9,MOD-427,SER-0002567,2025
2568,197,1,4,MOD-674,SER-0002568,2021
2569,30,1,9,MOD-431,SER-0002569,2024
2570,1048,10,5,MOD-354,SER-0002570,2021
2571,1054,5,2,MOD-747,SER-0002571,2021
2572,492,10,2,MOD-669,SER-0002572,2026
2573,31,1,3,MOD-722,SER-0002573,2026
2574,716,1,10,MOD-403,SER-0002574,2023
2575,1078,5,2,MOD-919,SER-0002575,2018
2576,1036,4,7,MOD-627,SER-0002576,2020
2577,927,7,2,MOD-662,SER-0002577,2025
2578,722,5,11,MOD-148,SER-0002578,2018
2579,1165,7,7,MOD-565,SER-0002579,2023
2580,47,10,6,MOD-701,SER-0002580,2019
2581,1113,5,7,MOD-517,SER-0002581,2020
2582,1174,1,6,MOD-227,SER-0002582,2021
2583,457,7,9,MOD-640,SER-0002583,2023
2584,700,5,2,MOD-788,SER-0002584,2020
2585,626,9,8,MOD-133,SER-0002585,2023
2586,917,5,4,MOD-735,SER-0002586,2024
2587,953,4,7,MOD-797,SER-0002587,2025
2588,1076,2,7,MOD-200,SER-0002588,2025
2589,433,6,12,MOD-516,SER-0002589,2019
2590,154,2,12,MOD-371,SER-0002590,2024
2591,468,7,9,MOD-755,SER-0002591,2018
2592,1086,7,6,MOD-820,SER-0002592,2019
2593,698,8,9,MOD-286,SER-0002593,2026
2594,930,2,3,MOD-283,SER-0002594,2021
2595,644,3,7,MOD-524,SER-0002595,2020
2596,50,9,11,MOD-107,SER-0002596,2024
2597,838,9,8,MOD-723,SER-0002597,2018
2598,687,4,9,MOD-110,SER-0002598,2024
2599,361,5,3,MOD-448,SER-0002599,2023
2600,271,7,11,MOD-810,SER-0002600,2024
2601,453,9,3,MOD-137,SER-0002601,2018
2602,791,8,3,MOD-983,SER-0002602,2018
2603,851,2,11,MOD-349,SER-0002603,2025
2604,231,10,8,MOD-961,SER-0002604,2026
2605,1119,7,4,MOD-289,SER-0002605,2022
2606,1050,5,6,MOD-217,SER-0002606,2018
2607,817,8,10,MOD-199,SER-0002607,2024
2608,201,2,11,MOD-375,SER-0002608,2021
2609,575,5,5,MOD-980,SER-0002609,2018
2610,854,2,12,MOD-300,SER-0002610,2022
2611,816,4,10,MOD-931,SER-0002611,2019
2612,651,2,9,MOD-686,SER-0002612,2019
2613,1095,3,12,MOD-997,SER-0002613,2026
2614,126,9,8,MOD-821,SER-0002614,2019
2615,975,8,12,MOD-868,SER-0002615,2024
2616,281,1,5,MOD-889,SER-0002616,2022
2617,715,9,5,MOD-107,SER-0002617,2022
2618,821,7,7,MOD-125,SER-0002618,2022
2619,751,10,11,MOD-825,SER-0002619,2019
2620,666,5,5,MOD-341,SER-0002620,2022
2621,1178,9,8,MOD-281,SER-0002621,2022
2622,934,5,1,MOD-769,SER-0002622,2025
2623,65,3,1,MOD-320,SER-0002623,2025
2624,77,10,6,MOD-893,SER-0002624,2019
2625,840,10,5,MOD-483,SER-0002625,2024
2626,679,2,4,MOD-464,SER-0002626,2025
2627,720,9,4,MOD-168,SER-0002627,2021
2628,80,5,2,MOD-317,SER-0002628,2023
2629,588,9,11,MOD-476,SER-0002629,2022
2630,1085,8,7,MOD-299,SER-0002630,2019
2631,191,5,7,MOD-475,SER-0002631,2024
2632,270,4,11,MOD-160,SER-0002632,2026
2633,357,4,5,MOD-414,SER-0002633,2022
2634,78,7,3,MOD-231,SER-0002634,2026
2635,1177,7,9,MOD-574,SER-0002635,2025
2636,575,8,7,MOD-389,SER-0002636,2025
2637,48,1,6,MOD-433,SER-0002637,2020
2638,923,1,12,MOD-165,SER-0002638,2025
2639,741,2,10,MOD-861,SER-0002639,2024
2640,559,2,11,MOD-541,SER-0002640,2023
2641,131,2,6,MOD-771,SER-0002641,2026
2642,122,6,6,MOD-839,SER-0002642,2025
2643,1056,3,8,MOD-506,SER-0002643,2019
2644,838,1,8,MOD-413,SER-0002644,2024
2645,1046,7,2,MOD-827,SER-0002645,2021
2646,977,8,11,MOD-796,SER-0002646,2021
2647,742,3,10,MOD-241,SER-0002647,2018
2648,155,9,1,MOD-359,SER-0002648,2021
2649,1152,10,5,MOD-770,SER-0002649,2024
2650,459,5,10,MOD-949,SER-0002650,2022
2651,580,7,6,MOD-951,SER-0002651,2024
2652,309,9,12,MOD-609,SER-0002652,2022
2653,1123,5,6,MOD-107,SER-0002653,2026
2654,395,10,7,MOD-623,SER-0002654,2021
2655,198,6,3,MOD-916,SER-0002655,2021
2656,342,8,8,MOD-572,SER-0002656,2018
2657,299,3,6,MOD-925,SER-0002657,2023
2658,1124,4,10,MOD-499,SER-0002658,2019
2659,1089,4,12,MOD-611,SER-0002659,2022
2660,130,4,7,MOD-789,SER-0002660,2019
2661,97,6,9,MOD-602,SER-0002661,2019
2662,498,2,7,MOD-955,SER-0002662,2024
2663,1043,5,7,MOD-548,SER-0002663,2024
2664,523,2,6,MOD-750,SER-0002664,2019
2665,371,5,5,MOD-611,SER-0002665,2023
2666,557,7,12,MOD-239,SER-0002666,2022
2667,367,8,7,MOD-139,SER-0002667,2019
2668,190,4,5,MOD-197,SER-0002668,2019
2669,76,5,9,MOD-966,SER-0002669,2018
2670,348,3,2,MOD-509,SER-0002670,2020
2671,1008,6,9,MOD-463,SER-0002671,2018
2672,586,1,2,MOD-845,SER-0002672,2024
2673,610,9,9,MOD-862,SER-0002673,2026
2674,343,7,7,MOD-875,SER-0002674,2019
2675,1174,9,12,MOD-951,SER-0002675,2019
2676,175,1,1,MOD-825,SER-0002676,2018
2677,193,4,4,MOD-644,SER-0002677,2018
2678,300,1,9,MOD-326,SER-0002678,2019
2679,405,2,10,MOD-566,SER-0002679,2019
2680,356,8,11,MOD-580,SER-0002680,2022
2681,974,7,7,MOD-156,SER-0002681,2020
2682,286,7,5,MOD-134,SER-0002682,2018
2683,204,5,3,MOD-677,SER-0002683,2021
2684,546,3,12,MOD-530,SER-0002684,2020
2685,469,7,4,MOD-246,SER-0002685,2021
2686,6,4,7,MOD-977,SER-0002686,2025
2687,404,1,11,MOD-467,SER-0002687,2018
2688,46,9,6,MOD-114,SER-0002688,2020
2689,989,1,1,MOD-187,SER-0002689,2024
2690,600,1,9,MOD-700,SER-0002690,2020
2691,436,6,12,MOD-329,SER-0002691,2026
2692,374,9,10,MOD-328,SER-0002692,2026
2693,1041,5,9,MOD-325,SER-0002693,2019
2694,708,5,11,MOD-903,SER-0002694,2020
2695,735,10,4,MOD-903,SER-0002695,2019
2696,355,2,2,MOD-156,SER-0002696,2018
2697,1157,1,6,MOD-428,SER-0002697,2020
2698,185,6,9,MOD-816,SER-0002698,2019
2699,1020,2,6,MOD-830,SER-0002699,2018
2700,622,7,11,MOD-199,SER-0002700,2023
2701,1081,6,5,MOD-835,SER-0002701,2021
2702,65,2,7,MOD-707,SER-0002702,2019
2703,373,10,6,MOD-407,SER-0002703,2024
2704,1137,8,9,MOD-879,SER-0002704,2022
2705,281,8,2,MOD-107,SER-0002705,2018
2706,455,6,10,MOD-882,SER-0002706,2018
2707,1009,7,8,MOD-692,SER-0002707,2026
2708,880,4,9,MOD-484,SER-0002708,2023
2709,572,7,2,MOD-974,SER-0002709,2018
2710,1160,4,4,MOD-384,SER-0002710,2024
2711,1122,9,6,MOD-371,SER-0002711,2021
2712,800,1,7,MOD-738,SER-0002712,2019
2713,536,5,7,MOD-788,SER-0002713,2018
2714,856,5,3,MOD-559,SER-0002714,2026
2715,838,7,5,MOD-392,SER-0002715,2021
2716,717,8,3,MOD-186,SER-0002716,2020
2717,432,6,6,MOD-556,SER-0002717,2022
2718,889,7,7,MOD-335,SER-0002718,2022
2719,1054,7,11,MOD-584,SER-0002719,2018
2720,733,10,12,MOD-347,SER-0002720,2021
2721,420,9,3,MOD-969,SER-0002721,2022
2722,165,1,2,MOD-773,SER-0002722,2022
2723,239,7,5,MOD-640,SER-0002723,2019
2724,100,2,1,MOD-274,SER-0002724,2018
2725,1172,4,3,MOD-826,SER-0002725,2026
2726,41,10,3,MOD-190,SER-0002726,2020
2727,289,7,8,MOD-117,SER-0002727,2019
2728,464,9,4,MOD-764,SER-0002728,2022
2729,146,8,3,MOD-865,SER-0002729,2019
2730,443,7,1,MOD-796,SER-0002730,2023
2731,1086,8,11,MOD-521,SER-0002731,2021
2732,978,7,4,MOD-765,SER-0002732,2020
2733,1137,1,2,MOD-738,SER-0002733,2022
2734,804,2,9,MOD-112,SER-0002734,2025
2735,1156,9,10,MOD-591,SER-0002735,2024
2736,998,4,6,MOD-242,SER-0002736,2018
2737,412,4,6,MOD-322,SER-0002737,2020
2738,1058,5,7,MOD-677,SER-0002738,2019
2739,453,7,5,MOD-231,SER-0002739,2020
2740,768,5,5,MOD-342,SER-0002740,2021
2741,1121,1,11,MOD-121,SER-0002741,2020
2742,273,10,12,MOD-955,SER-0002742,2023
2743,574,10,7,MOD-140,SER-0002743,2024
2744,1140,6,2,MOD-302,SER-0002744,2026
2745,900,4,9,MOD-889,SER-0002745,2023
2746,374,5,9,MOD-508,SER-0002746,2018
2747,955,3,12,MOD-735,SER-0002747,2024
2748,231,7,1,MOD-193,SER-0002748,2020
2749,897,2,6,MOD-462,SER-0002749,2026
2750,464,4,10,MOD-280,SER-0002750,2018
2751,959,5,6,MOD-563,SER-0002751,2021
2752,421,1,8,MOD-231,SER-0002752,2020
2753,354,3,12,MOD-757,SER-0002753,2023
2754,348,5,6,MOD-404,SER-0002754,2024
2755,729,7,8,MOD-444,SER-0002755,2020
2756,882,4,1,MOD-281,SER-0002756,2020
2757,587,3,8,MOD-836,SER-0002757,2018
2758,908,10,12,MOD-833,SER-0002758,2025
2759,796,5,8,MOD-225,SER-0002759,2023
2760,852,3,9,MOD-938,SER-0002760,2018
2761,726,5,3,MOD-383,SER-0002761,2024
2762,965,3,12,MOD-246,SER-0002762,2019
2763,860,5,1,MOD-299,SER-0002763,2026
2764,1007,2,3,MOD-380,SER-0002764,2018
2765,475,10,8,MOD-876,SER-0002765,2023
2766,788,10,6,MOD-782,SER-0002766,2024
2767,1021,9,10,MOD-267,SER-0002767,2019
2768,343,4,4,MOD-245,SER-0002768,2025
2769,292,8,2,MOD-126,SER-0002769,2021
2770,393,3,9,MOD-891,SER-0002770,2021
2771,34,5,5,MOD-784,SER-0002771,2026
2772,1032,8,2,MOD-253,SER-0002772,2021
2773,1108,5,2,MOD-928,SER-0002773,2025
2774,203,6,4,MOD-879,SER-0002774,2021
2775,1028,9,6,MOD-364,SER-0002775,2025
2776,697,9,6,MOD-990,SER-0002776,2018
2777,678,10,10,MOD-724,SER-0002777,2021
2778,506,4,4,MOD-419,SER-0002778,2026
2779,895,6,3,MOD-225,SER-0002779,2019
2780,1149,5,8,MOD-420,SER-0002780,2026
2781,159,10,2,MOD-177,SER-0002781,2026
2782,677,7,3,MOD-861,SER-0002782,2024
2783,853,10,1,MOD-142,SER-0002783,2019
2784,418,10,12,MOD-759,SER-0002784,2019
2785,624,2,1,MOD-905,SER-0002785,2023
2786,940,5,5,MOD-214,SER-0002786,2023
2787,56,9,11,MOD-272,SER-0002787,2022
2788,485,6,3,MOD-410,SER-0002788,2019
2789,819,1,10,MOD-986,SER-0002789,2022
2790,768,3,5,MOD-789,SER-0002790,2021
2791,590,8,2,MOD-162,SER-0002791,2026
2792,1133,10,7,MOD-262,SER-0002792,2019
2793,81,4,5,MOD-344,SER-0002793,2020
2794,723,3,1,MOD-596,SER-0002794,2019
2795,693,1,4,MOD-761,SER-0002795,2022
2796,837,5,11,MOD-445,SER-0002796,2026
2797,299,7,2,MOD-544,SER-0002797,2024
2798,69,8,8,MOD-826,SER-0002798,2023
2799,731,8,2,MOD-307,SER-0002799,2018
2800,693,2,1,MOD-658,SER-0002800,2020
2801,499,2,5,MOD-624,SER-0002801,2021
2802,532,6,8,MOD-749,SER-0002802,2023
2803,123,10,6,MOD-408,SER-0002803,2024
2804,446,9,8,MOD-551,SER-0002804,2026
2805,450,4,6,MOD-518,SER-0002805,2023
2806,1075,10,1,MOD-985,SER-0002806,2022
2807,991,5,2,MOD-957,SER-0002807,2026
2808,1146,6,4,MOD-688,SER-0002808,2024
2809,862,5,10,MOD-855,SER-0002809,2020
2810,427,2,5,MOD-718,SER-0002810,2025
2811,650,3,3,MOD-115,SER-0002811,2019
2812,907,10,7,MOD-636,SER-0002812,2019
2813,789,8,5,MOD-717,SER-0002813,2022
2814,744,4,9,MOD-148,SER-0002814,2025
2815,1086,9,3,MOD-617,SER-0002815,2020
2816,1074,3,12,MOD-133,SER-0002816,2019
2817,830,2,5,MOD-964,SER-0002817,2018
2818,141,9,12,MOD-468,SER-0002818,2021
2819,685,1,10,MOD-341,SER-0002819,2020
2820,777,2,12,MOD-319,SER-0002820,2026
2821,806,4,9,MOD-751,SER-0002821,2018
2822,15,4,10,MOD-213,SER-0002822,2022
2823,983,10,6,MOD-601,SER-0002823,2023
2824,664,7,6,MOD-788,SER-0002824,2023
2825,1015,4,8,MOD-981,SER-0002825,2025
2826,727,10,11,MOD-284,SER-0002826,2021
2827,2,3,1,MOD-630,SER-0002827,2022
2828,822,6,4,MOD-393,SER-0002828,2019
2829,651,9,5,MOD-826,SER-0002829,2019
2830,351,5,9,MOD-549,SER-0002830,2025
2831,276,8,1,MOD-564,SER-0002831,2018
2832,1045,10,4,MOD-701,SER-0002832,2020
2833,1167,9,8,MOD-321,SER-0002833,2024
2834,519,8,4,MOD-430,SER-0002834,2026
2835,91,3,1,MOD-880,SER-0002835,2022
2836,1167,2,3,MOD-755,SER-0002836,2022
2837,44,8,6,MOD-963,SER-0002837,2022
2838,1084,9,9,MOD-723,SER-0002838,2026
2839,518,10,2,MOD-819,SER-0002839,2025
2840,796,4,6,MOD-619,SER-0002840,2019
2841,595,6,8,MOD-375,SER-0002841,2022
2842,773,4,11,MOD-781,SER-0002842,2021
2843,641,6,6,MOD-684,SER-0002843,2024
2844,380,7,7,MOD-477,SER-0002844,2019
2845,263,6,11,MOD-371,SER-0002845,2019
2846,1076,4,4,MOD-406,SER-0002846,2023
2847,26,9,12,MOD-600,SER-0002847,2021
2848,683,1,5,MOD-243,SER-0002848,2021
2849,505,10,12,MOD-698,SER-0002849,2018
2850,1,6,3,MOD-492,SER-0002850,2026
2851,66,3,7,MOD-561,SER-0002851,2026
2852,67,4,6,MOD-477,SER-0002852,2019
2853,1159,1,8,MOD-597,SER-0002853,2021
2854,438,9,12,MOD-949,SER-0002854,2019
2855,605,5,1,MOD-360,SER-0002855,2019
2856,534,4,2,MOD-239,SER-0002856,2026
2857,248,8,12,MOD-725,SER-0002857,2018
2858,747,8,6,MOD-193,SER-0002858,2026
2859,363,7,11,MOD-122,SER-0002859,2026
2860,911,4,2,MOD-144,SER-0002860,2024
2861,1054,7,6,MOD-660,SER-0002861,2018
2862,860,6,10,MOD-424,SER-0002862,2026
2863,532,2,7,MOD-851,SER-0002863,2026
2864,516,3,4,MOD-156,SER-0002864,2023
2865,25,9,6,MOD-754,SER-0002865,2026
2866,906,6,5,MOD-818,SER-0002866,2024
2867,1072,9,10,MOD-658,SER-0002867,2025
2868,805,10,4,MOD-580,SER-0002868,2024
2869,892,5,3,MOD-260,SER-0002869,2022
2870,561,1,7,MOD-222,SER-0002870,2024
2871,295,5,6,MOD-417,SER-0002871,2020
2872,816,6,4,MOD-349,SER-0002872,2019
2873,805,7,7,MOD-591,SER-0002873,2019
2874,460,6,12,MOD-656,SER-0002874,2019
2875,261,2,6,MOD-676,SER-0002875,2020
2876,866,5,10,MOD-666,SER-0002876,2022
2877,927,8,1,MOD-447,SER-0002877,2019
2878,218,4,7,MOD-461,SER-0002878,2020
2879,420,3,2,MOD-659,SER-0002879,2024
2880,978,7,11,MOD-995,SER-0002880,2019
2881,333,2,11,MOD-361,SER-0002881,2020
2882,855,9,5,MOD-909,SER-0002882,2024
2883,421,5,3,MOD-982,SER-0002883,2019
2884,711,2,9,MOD-473,SER-0002884,2018
2885,733,4,6,MOD-988,SER-0002885,2020
2886,1025,5,6,MOD-314,SER-0002886,2025
2887,968,7,11,MOD-191,SER-0002887,2019
2888,1017,2,9,MOD-943,SER-0002888,2022
2889,771,10,8,MOD-667,SER-0002889,2022
2890,202,1,6,MOD-737,SER-0002890,2023
2891,618,1,10,MOD-756,SER-0002891,2018
2892,838,4,3,MOD-297,SER-0002892,2025
2893,141,5,3,MOD-428,SER-0002893,2018
2894,1002,2,2,MOD-561,SER-0002894,2026
2895,1117,4,11,MOD-879,SER-0002895,2024
2896,1149,9,4,MOD-678,SER-0002896,2026
2897,673,8,8,MOD-984,SER-0002897,2020
2898,816,5,6,MOD-221,SER-0002898,2025
2899,253,8,10,MOD-510,SER-0002899,2024
2900,868,7,11,MOD-790,SER-0002900,2023
2901,1053,7,10,MOD-174,SER-0002901,2025
2902,503,6,9,MOD-954,SER-0002902,2023
2903,86,7,5,MOD-304,SER-0002903,2023
2904,857,3,10,MOD-321,SER-0002904,2020
2905,363,4,1,MOD-880,SER-0002905,2022
2906,671,2,10,MOD-361,SER-0002906,2023
2907,167,3,3,MOD-207,SER-0002907,2026
2908,20,5,11,MOD-174,SER-0002908,2026
2909,226,1,2,MOD-834,SER-0002909,2018
2910,797,4,7,MOD-191,SER-0002910,2024
2911,1167,1,4,MOD-414,SER-0002911,2022
2912,864,7,10,MOD-566,SER-0002912,2024
2913,1034,9,6,MOD-613,SER-0002913,2021
2914,411,10,6,MOD-634,SER-0002914,2026
2915,254,9,2,MOD-699,SER-0002915,2021
2916,458,10,1,MOD-589,SER-0002916,2018
2917,69,6,12,MOD-879,SER-0002917,2021
2918,675,9,6,MOD-730,SER-0002918,2022
2919,308,6,12,MOD-750,SER-0002919,2020
2920,799,8,1,MOD-923,SER-0002920,2023
2921,1180,1,5,MOD-526,SER-0002921,2023
2922,335,5,3,MOD-312,SER-0002922,2022
2923,102,1,11,MOD-519,SER-0002923,2023
2924,434,2,8,MOD-121,SER-0002924,2019
2925,464,9,11,MOD-224,SER-0002925,2018
2926,236,6,9,MOD-967,SER-0002926,2019
2927,221,8,6,MOD-286,SER-0002927,2020
2928,736,2,1,MOD-448,SER-0002928,2024
2929,1153,4,12,MOD-505,SER-0002929,2024
2930,569,1,5,MOD-262,SER-0002930,2018
2931,717,2,2,MOD-622,SER-0002931,2022
2932,318,7,7,MOD-124,SER-0002932,2025
2933,191,4,10,MOD-379,SER-0002933,2020
2934,1158,8,7,MOD-695,SER-0002934,2026
2935,1062,8,8,MOD-451,SER-0002935,2025
2936,788,1,6,MOD-125,SER-0002936,2026
2937,548,6,10,MOD-512,SER-0002937,2022
2938,1165,1,9,MOD-799,SER-0002938,2019
2939,1006,1,3,MOD-851,SER-0002939,2026
2940,395,10,9,MOD-426,SER-0002940,2024
2941,1079,6,5,MOD-776,SER-0002941,2024
2942,1174,5,10,MOD-701,SER-0002942,2025
2943,616,2,6,MOD-386,SER-0002943,2023
2944,551,10,6,MOD-778,SER-0002944,2021
2945,663,5,10,MOD-732,SER-0002945,2026
2946,349,9,12,MOD-638,SER-0002946,2023
2947,530,2,4,MOD-889,SER-0002947,2020
2948,196,7,2,MOD-292,SER-0002948,2023
2949,882,3,1,MOD-912,SER-0002949,2024
2950,935,2,8,MOD-977,SER-0002950,2024
2951,974,9,11,MOD-847,SER-0002951,2021
2952,60,2,5,MOD-681,SER-0002952,2024
2953,205,8,8,MOD-430,SER-0002953,2023
2954,6,5,9,MOD-893,SER-0002954,2024
2955,776,3,8,MOD-767,SER-0002955,2018
2956,961,5,9,MOD-814,SER-0002956,2023
2957,844,5,4,MOD-960,SER-0002957,2023
2958,504,4,3,MOD-120,SER-0002958,2026
2959,279,6,5,MOD-542,SER-0002959,2024
2960,403,4,12,MOD-484,SER-0002960,2025
2961,1020,7,2,MOD-470,SER-0002961,2019
2962,160,9,2,MOD-550,SER-0002962,2026
2963,17,5,4,MOD-869,SER-0002963,2022
2964,12,2,3,MOD-630,SER-0002964,2023
2965,199,2,9,MOD-837,SER-0002965,2018
2966,373,9,10,MOD-328,SER-0002966,2021
2967,1158,9,11,MOD-858,SER-0002967,2018
2968,555,5,7,MOD-952,SER-0002968,2026
2969,223,1,3,MOD-875,SER-0002969,2023
2970,77,2,1,MOD-137,SER-0002970,2024
2971,1190,1,8,MOD-579,SER-0002971,2022
2972,1035,7,8,MOD-398,SER-0002972,2018
2973,1107,4,11,MOD-531,SER-0002973,2023
2974,419,10,1,MOD-684,SER-0002974,2020
2975,116,3,12,MOD-844,SER-0002975,2025
2976,776,4,2,MOD-831,SER-0002976,2025
2977,793,9,9,MOD-231,SER-0002977,2019
2978,1041,1,8,MOD-930,SER-0002978,2020
2979,165,3,9,MOD-382,SER-0002979,2026
2980,864,5,2,MOD-823,SER-0002980,2023
2981,170,1,12,MOD-189,SER-0002981,2023
2982,438,1,10,MOD-187,SER-0002982,2022
2983,144,6,7,MOD-823,SER-0002983,2019
2984,1108,7,4,MOD-632,SER-0002984,2021
2985,1009,9,11,MOD-161,SER-0002985,2021
2986,332,8,5,MOD-698,SER-0002986,2018
2987,822,7,4,MOD-556,SER-0002987,2024
2988,437,10,8,MOD-475,SER-0002988,2026
2989,27,9,9,MOD-217,SER-0002989,2021
2990,1154,6,1,MOD-699,SER-0002990,2018
2991,369,3,4,MOD-284,SER-0002991,2025
2992,765,6,8,MOD-408,SER-0002992,2021
2993,1045,10,5,MOD-217,SER-0002993,2020
2994,810,8,6,MOD-170,SER-0002994,2019
2995,327,5,12,MOD-380,SER-0002995,2026
2996,725,5,1,MOD-374,SER-0002996,2025
2997,1069,2,7,MOD-849,SER-0002997,2020
2998,885,4,11,MOD-649,SER-0002998,2018
2999,838,2,3,MOD-312,SER-0002999,2018
3000,867,3,1,MOD-769,SER-0003000,2024
3001,74,6,9,MOD-445,SER-0003001,2020
3002,422,6,2,MOD-492,SER-0003002,2021
3003,981,8,1,MOD-831,SER-0003003,2018
3004,507,5,6,MOD-558,SER-0003004,2023
3005,855,6,1,MOD-988,SER-0003005,2019
3006,1168,8,6,MOD-938,SER-0003006,2019
3007,922,10,1,MOD-137,SER-0003007,2020
3008,984,7,12,MOD-100,SER-0003008,2024
3009,241,8,3,MOD-496,SER-0003009,2022
3010,673,2,10,MOD-719,SER-0003010,2025
3011,755,3,10,MOD-605,SER-0003011,2025
3012,936,9,3,MOD-407,SER-0003012,2024
3013,761,10,12,MOD-487,SER-0003013,2023
3014,857,5,1,MOD-633,SER-0003014,2023
3015,536,3,9,MOD-161,SER-0003015,2023
3016,479,10,4,MOD-663,SER-0003016,2020
3017,518,3,10,MOD-462,SER-0003017,2026
3018,324,8,12,MOD-802,SER-0003018,2018
3019,187,4,8,MOD-499,SER-0003019,2022
3020,1033,6,11,MOD-956,SER-0003020,2025
3021,206,2,12,MOD-350,SER-0003021,2024
3022,578,10,1,MOD-459,SER-0003022,2024
3023,94,10,4,MOD-220,SER-0003023,2020
3024,9,3,4,MOD-752,SER-0003024,2026
3025,955,4,6,MOD-638,SER-0003025,2018
3026,177,10,10,MOD-395,SER-0003026,2022
3027,307,2,10,MOD-659,SER-0003027,2026
3028,25,7,10,MOD-899,SER-0003028,2020
3029,59,6,9,MOD-489,SER-0003029,2026
3030,55,3,10,MOD-310,SER-0003030,2018
3031,93,9,5,MOD-901,SER-0003031,2021
3032,1044,8,2,MOD-340,SER-0003032,2023
3033,1032,8,3,MOD-692,SER-0003033,2021
3034,735,10,2,MOD-174,SER-0003034,2024
3035,245,10,1,MOD-593,SER-0003035,2025
3036,202,8,1,MOD-510,SER-0003036,2021
3037,933,8,8,MOD-346,SER-0003037,2026
3038,918,6,1,MOD-410,SER-0003038,2023
3039,56,10,9,MOD-781,SER-0003039,2018
3040,561,8,3,MOD-661,SER-0003040,2022
3041,1196,10,5,MOD-589,SER-0003041,2024
3042,1179,7,9,MOD-870,SER-0003042,2025
3043,551,10,1,MOD-960,SER-0003043,2023
3044,574,8,11,MOD-426,SER-0003044,2024
3045,592,5,3,MOD-511,SER-0003045,2025
3046,141,3,2,MOD-300,SER-0003046,2019
3047,1183,4,7,MOD-342,SER-0003047,2019
3048,1045,1,4,MOD-503,SER-0003048,2026
3049,815,1,1,MOD-804,SER-0003049,2018
3050,965,2,4,MOD-842,SER-0003050,2018
3051,70,4,8,MOD-822,SER-0003051,2026
3052,148,5,1,MOD-273,SER-0003052,2019
3053,1049,3,11,MOD-563,SER-0003053,2026
3054,757,6,4,MOD-306,SER-0003054,2021
3055,598,5,7,MOD-488,SER-0003055,2019
3056,835,1,4,MOD-688,SER-0003056,2025
3057,946,8,1,MOD-992,SER-0003057,2019
3058,269,8,2,MOD-941,SER-0003058,2019
3059,960,4,2,MOD-411,SER-0003059,2023
3060,612,1,11,MOD-842,SER-0003060,2024
3061,735,4,6,MOD-346,SER-0003061,2025
3062,143,9,1,MOD-730,SER-0003062,2024
3063,588,4,11,MOD-528,SER-0003063,2025
3064,240,8,8,MOD-443,SER-0003064,2026
3065,961,1,2,MOD-768,SER-0003065,2022
3066,216,8,6,MOD-946,SER-0003066,2020
3067,65,1,7,MOD-533,SER-0003067,2026
3068,730,8,9,MOD-538,SER-0003068,2021
3069,261,7,2,MOD-185,SER-0003069,2020
3070,877,5,8,MOD-104,SER-0003070,2019
3071,180,8,7,MOD-290,SER-0003071,2021
3072,267,6,4,MOD-767,SER-0003072,2021
3073,408,2,5,MOD-699,SER-0003073,2021
3074,176,2,3,MOD-459,SER-0003074,2021
3075,637,6,2,MOD-627,SER-0003075,2025
3076,493,8,4,MOD-580,SER-0003076,2024
3077,587,10,6,MOD-539,SER-0003077,2023
3078,514,7,8,MOD-289,SER-0003078,2025
3079,331,9,1,MOD-824,SER-0003079,2018
3080,1117,9,9,MOD-801,SER-0003080,2018
3081,969,10,9,MOD-128,SER-0003081,2019
3082,955,6,9,MOD-611,SER-0003082,2020
3083,199,9,3,MOD-655,SER-0003083,2026
3084,419,8,5,MOD-877,SER-0003084,2019
3085,966,9,11,MOD-398,SER-0003085,2022
3086,6,6,6,MOD-312,SER-0003086,2018
3087,1021,6,9,MOD-748,SER-0003087,2019
3088,935,2,1,MOD-304,SER-0003088,2025
3089,650,1,4,MOD-450,SER-0003089,2018
3090,869,4,2,MOD-873,SER-0003090,2018
3091,751,9,2,MOD-693,SER-0003091,2021
3092,175,7,9,MOD-512,SER-0003092,2019
3093,1117,8,6,MOD-394,SER-0003093,2022
3094,877,7,1,MOD-471,SER-0003094,2024
3095,123,8,8,MOD-370,SER-0003095,2020
3096,905,4,7,MOD-596,SER-0003096,2020
3097,422,10,12,MOD-618,SER-0003097,2025
3098,954,1,7,MOD-882,SER-0003098,2019
3099,73,4,8,MOD-145,SER-0003099,2018
3100,980,5,7,MOD-567,SER-0003100,2018
3101,360,10,10,MOD-582,SER-0003101,2022
3102,958,1,4,MOD-933,SER-0003102,2020
3103,984,6,12,MOD-614,SER-0003103,2020
3104,1053,3,2,MOD-520,SER-0003104,2023
3105,104,5,12,MOD-293,SER-0003105,2023
3106,849,8,1,MOD-230,SER-0003106,2024
3107,371,3,5,MOD-664,SER-0003107,2021
3108,1000,2,6,MOD-872,SER-0003108,2019
3109,1142,9,1,MOD-706,SER-0003109,2025
3110,665,3,3,MOD-605,SER-0003110,2025
3111,779,6,8,MOD-118,SER-0003111,2024
3112,796,2,7,MOD-454,SER-0003112,2025
3113,923,8,11,MOD-276,SER-0003113,2022
3114,941,1,7,MOD-837,SER-0003114,2022
3115,373,1,12,MOD-771,SER-0003115,2019
3116,889,7,3,MOD-731,SER-0003116,2021
3117,1114,5,12,MOD-496,SER-0003117,2021
3118,1043,8,5,MOD-986,SER-0003118,2024
3119,1117,7,7,MOD-120,SER-0003119,2020
3120,533,8,1,MOD-386,SER-0003120,2023
3121,150,9,8,MOD-207,SER-0003121,2025
3122,1146,9,9,MOD-253,SER-0003122,2020
3123,822,6,2,MOD-147,SER-0003123,2024
3124,847,6,7,MOD-437,SER-0003124,2025
3125,189,10,3,MOD-508,SER-0003125,2024
3126,981,10,2,MOD-475,SER-0003126,2018
3127,465,2,8,MOD-155,SER-0003127,2019
3128,426,1,3,MOD-918,SER-0003128,2025
3129,588,5,8,MOD-125,SER-0003129,2023
3130,733,5,8,MOD-242,SER-0003130,2024
3131,690,3,7,MOD-287,SER-0003131,2021
3132,916,2,9,MOD-988,SER-0003132,2018
3133,938,3,10,MOD-659,SER-0003133,2023
3134,911,3,11,MOD-201,SER-0003134,2019
3135,688,6,2,MOD-841,SER-0003135,2018
3136,968,2,4,MOD-143,SER-0003136,2023
3137,827,4,4,MOD-323,SER-0003137,2018
3138,166,9,7,MOD-426,SER-0003138,2020
3139,1067,8,7,MOD-145,SER-0003139,2023
3140,857,6,8,MOD-685,SER-0003140,2019
3141,1020,2,12,MOD-661,SER-0003141,2023
3142,41,6,12,MOD-662,SER-0003142,2026
3143,30,8,1,MOD-105,SER-0003143,2018
3144,566,5,7,MOD-684,SER-0003144,2023
3145,586,6,9,MOD-462,SER-0003145,2025
3146,2,8,6,MOD-202,SER-0003146,2023
3147,634,9,7,MOD-121,SER-0003147,2019
3148,771,5,11,MOD-897,SER-0003148,2021
3149,380,8,7,MOD-186,SER-0003149,2026
3150,236,9,2,MOD-488,SER-0003150,2018
3151,404,6,12,MOD-990,SER-0003151,2024
3152,1101,8,1,MOD-162,SER-0003152,2023
3153,866,5,7,MOD-404,SER-0003153,2026
3154,862,4,2,MOD-754,SER-0003154,2019
3155,1106,10,5,MOD-787,SER-0003155,2022
3156,1174,9,12,MOD-936,SER-0003156,2024
3157,930,2,12,MOD-645,SER-0003157,2021
3158,1114,1,8,MOD-518,SER-0003158,2022
3159,1104,9,5,MOD-273,SER-0003159,2018
3160,494,6,8,MOD-467,SER-0003160,2025
3161,789,6,5,MOD-439,SER-0003161,2021
3162,723,4,2,MOD-912,SER-0003162,2022
3163,720,2,4,MOD-698,SER-0003163,2021
3164,142,6,9,MOD-700,SER-0003164,2022
3165,69,8,12,MOD-780,SER-0003165,2018
3166,54,6,7,MOD-527,SER-0003166,2021
3167,1076,7,4,MOD-241,SER-0003167,2021
3168,872,9,12,MOD-186,SER-0003168,2025
3169,1146,10,2,MOD-891,SER-0003169,2024
3170,253,4,3,MOD-400,SER-0003170,2023
3171,908,4,3,MOD-217,SER-0003171,2020
3172,1181,5,4,MOD-497,SER-0003172,2020
3173,257,6,8,MOD-731,SER-0003173,2025
3174,731,1,10,MOD-675,SER-0003174,2024
3175,841,7,12,MOD-176,SER-0003175,2025
3176,472,1,11,MOD-553,SER-0003176,2019
3177,291,5,7,MOD-847,SER-0003177,2021
3178,1007,8,5,MOD-689,SER-0003178,2026
3179,665,4,2,MOD-362,SER-0003179,2024
3180,193,5,9,MOD-988,SER-0003180,2021
3181,280,7,5,MOD-921,SER-0003181,2025
3182,62,7,8,MOD-851,SER-0003182,2021
3183,520,1,3,MOD-108,SER-0003183,2019
3184,726,10,2,MOD-326,SER-0003184,2026
3185,369,10,12,MOD-796,SER-0003185,2021
3186,219,5,7,MOD-857,SER-0003186,2024
3187,1086,2,11,MOD-244,SER-0003187,2026
3188,270,3,1,MOD-893,SER-0003188,2018
3189,930,9,11,MOD-492,SER-0003189,2020
3190,13,10,9,MOD-219,SER-0003190,2022
3191,1051,6,12,MOD-109,SER-0003191,2024
3192,640,4,5,MOD-964,SER-0003192,2018
3193,22,4,8,MOD-223,SER-0003193,2019
3194,767,4,11,MOD-711,SER-0003194,2022
3195,1009,3,8,MOD-139,SER-0003195,2025
3196,220,4,5,MOD-234,SER-0003196,2019
3197,563,8,10,MOD-258,SER-0003197,2022
3198,47,6,1,MOD-233,SER-0003198,2019
3199,1189,2,6,MOD-269,SER-0003199,2024
3200,389,1,10,MOD-193,SER-0003200,2024
3201,126,4,5,MOD-583,SER-0003201,2024
3202,938,2,5,MOD-804,SER-0003202,2024
3203,1134,6,1,MOD-580,SER-0003203,2026
3204,606,7,12,MOD-965,SER-0003204,2023
3205,480,8,10,MOD-152,SER-0003205,2023
3206,868,6,6,MOD-744,SER-0003206,2020
3207,451,8,5,MOD-521,SER-0003207,2020
3208,97,9,4,MOD-937,SER-0003208,2018
3209,570,3,12,MOD-713,SER-0003209,2025
3210,919,8,1,MOD-622,SER-0003210,2026
3211,598,1,6,MOD-427,SER-0003211,2026
3212,279,2,12,MOD-469,SER-0003212,2022
3213,696,9,11,MOD-551,SER-0003213,2025
3214,128,5,10,MOD-768,SER-0003214,2018
3215,936,7,1,MOD-382,SER-0003215,2023
3216,1051,3,5,MOD-349,SER-0003216,2020
3217,999,10,8,MOD-551,SER-0003217,2019
3218,1189,9,5,MOD-576,SER-0003218,2021
3219,243,1,3,MOD-551,SER-0003219,2026
3220,153,5,4,MOD-635,SER-0003220,2019
3221,1076,4,4,MOD-757,SER-0003221,2024
3222,817,2,8,MOD-753,SER-0003222,2018
3223,872,3,1,MOD-790,SER-0003223,2026
3224,334,10,7,MOD-609,SER-0003224,2019
3225,1100,2,9,MOD-188,SER-0003225,2018
3226,245,7,7,MOD-533,SER-0003226,2026
3227,108,2,11,MOD-340,SER-0003227,2018
3228,499,9,10,MOD-951,SER-0003228,2025
3229,1016,5,5,MOD-821,SER-0003229,2026
3230,829,7,6,MOD-696,SER-0003230,2020
3231,211,6,1,MOD-143,SER-0003231,2021
3232,1183,3,7,MOD-383,SER-0003232,2021
3233,578,6,5,MOD-406,SER-0003233,2019
3234,747,3,2,MOD-195,SER-0003234,2021
3235,1146,5,1,MOD-390,SER-0003235,2025
3236,708,6,6,MOD-943,SER-0003236,2019
3237,898,7,1,MOD-954,SER-0003237,2024
3238,29,3,2,MOD-406,SER-0003238,2025
3239,917,6,12,MOD-183,SER-0003239,2025
3240,928,6,5,MOD-436,SER-0003240,2018
3241,301,5,5,MOD-265,SER-0003241,2022
3242,166,8,5,MOD-703,SER-0003242,2026
3243,873,7,4,MOD-399,SER-0003243,2022
3244,196,4,11,MOD-256,SER-0003244,2025
3245,835,4,11,MOD-638,SER-0003245,2026
3246,883,7,6,MOD-130,SER-0003246,2023
3247,527,1,4,MOD-183,SER-0003247,2025
3248,1051,1,7,MOD-458,SER-0003248,2023
3249,611,3,2,MOD-139,SER-0003249,2019
3250,733,2,5,MOD-617,SER-0003250,2026
3251,243,9,3,MOD-223,SER-0003251,2020
3252,108,1,9,MOD-593,SER-0003252,2022
3253,671,7,2,MOD-352,SER-0003253,2026
3254,1005,10,6,MOD-238,SER-0003254,2018
3255,40,4,9,MOD-269,SER-0003255,2025
3256,288,6,9,MOD-862,SER-0003256,2025
3257,410,2,5,MOD-735,SER-0003257,2025
3258,526,3,3,MOD-517,SER-0003258,2020
3259,107,4,5,MOD-752,SER-0003259,2025
3260,320,5,1,MOD-242,SER-0003260,2018
3261,553,10,3,MOD-976,SER-0003261,2022
3262,509,6,12,MOD-156,SER-0003262,2022
3263,759,1,2,MOD-915,SER-0003263,2026
3264,760,8,6,MOD-784,SER-0003264,2026
3265,132,7,4,MOD-498,SER-0003265,2024
3266,153,1,11,MOD-211,SER-0003266,2019
3267,48,6,10,MOD-660,SER-0003267,2022
3268,830,10,6,MOD-137,SER-0003268,2019
3269,804,9,5,MOD-899,SER-0003269,2023
3270,170,10,3,MOD-731,SER-0003270,2019
3271,1163,1,1,MOD-793,SER-0003271,2026
3272,397,9,6,MOD-858,SER-0003272,2024
3273,190,7,1,MOD-705,SER-0003273,2026
3274,670,1,9,MOD-577,SER-0003274,2025
3275,257,9,6,MOD-347,SER-0003275,2019
3276,613,9,7,MOD-676,SER-0003276,2022
3277,1182,9,3,MOD-921,SER-0003277,2022
3278,1063,4,8,MOD-227,SER-0003278,2021
3279,71,4,3,MOD-615,SER-0003279,2024
3280,1197,6,6,MOD-783,SER-0003280,2024
3281,743,1,10,MOD-721,SER-0003281,2020
3282,1050,5,1,MOD-548,SER-0003282,2025
3283,1053,6,4,MOD-666,SER-0003283,2026
3284,874,9,8,MOD-355,SER-0003284,2019
3285,250,9,5,MOD-522,SER-0003285,2020
3286,71,5,10,MOD-478,SER-0003286,2024
3287,752,4,12,MOD-847,SER-0003287,2018
3288,979,3,6,MOD-780,SER-0003288,2021
3289,233,2,1,MOD-663,SER-0003289,2019
3290,345,9,7,MOD-748,SER-0003290,2018
3291,53,10,1,MOD-890,SER-0003291,2019
3292,1200,3,11,MOD-170,SER-0003292,2025
3293,757,9,8,MOD-743,SER-0003293,2019
3294,785,9,7,MOD-607,SER-0003294,2020
3295,299,1,5,MOD-413,SER-0003295,2024
3296,383,2,9,MOD-496,SER-0003296,2022
3297,291,8,6,MOD-911,SER-0003297,2019
3298,794,10,5,MOD-143,SER-0003298,2018
3299,336,7,6,MOD-816,SER-0003299,2024
3300,824,3,12,MOD-738,SER-0003300,2020
3301,722,4,1,MOD-853,SER-0003301,2022
3302,771,5,1,MOD-178,SER-0003302,2026
3303,1151,3,4,MOD-708,SER-0003303,2023
3304,711,4,9,MOD-772,SER-0003304,2023
3305,1082,7,3,MOD-374,SER-0003305,2021
3306,650,6,7,MOD-120,SER-0003306,2019
3307,448,4,7,MOD-622,SER-0003307,2018
3308,159,3,8,MOD-585,SER-0003308,2018
3309,217,5,3,MOD-347,SER-0003309,2021
3310,536,8,1,MOD-539,SER-0003310,2020
3311,243,2,8,MOD-538,SER-0003311,2026
3312,997,10,12,MOD-242,SER-0003312,2026
3313,1177,7,11,MOD-167,SER-0003313,2023
3314,474,3,8,MOD-733,SER-0003314,2023
3315,1070,10,8,MOD-582,SER-0003315,2023
3316,951,6,5,MOD-913,SER-0003316,2023
3317,120,7,2,MOD-683,SER-0003317,2019
3318,338,6,4,MOD-995,SER-0003318,2020
3319,805,10,9,MOD-809,SER-0003319,2021
3320,863,9,9,MOD-126,SER-0003320,2026
3321,290,5,2,MOD-284,SER-0003321,2018
3322,531,7,1,MOD-372,SER-0003322,2026
3323,559,2,10,MOD-454,SER-0003323,2022
3324,201,9,9,MOD-495,SER-0003324,2024
3325,1112,5,2,MOD-825,SER-0003325,2018
3326,957,3,12,MOD-430,SER-0003326,2019
3327,8,2,8,MOD-915,SER-0003327,2024
3328,722,10,10,MOD-828,SER-0003328,2023
3329,738,3,5,MOD-305,SER-0003329,2022
3330,540,8,3,MOD-382,SER-0003330,2018
3331,728,1,7,MOD-765,SER-0003331,2024
3332,988,1,11,MOD-121,SER-0003332,2022
3333,15,3,9,MOD-136,SER-0003333,2023
3334,581,2,2,MOD-829,SER-0003334,2018
3335,951,1,1,MOD-419,SER-0003335,2019
3336,878,2,8,MOD-955,SER-0003336,2019
3337,277,1,8,MOD-663,SER-0003337,2019
3338,405,5,3,MOD-240,SER-0003338,2018
3339,1106,6,12,MOD-436,SER-0003339,2026
3340,43,8,5,MOD-802,SER-0003340,2024
3341,1098,2,4,MOD-217,SER-0003341,2026
3342,377,4,11,MOD-899,SER-0003342,2022
3343,1046,7,3,MOD-146,SER-0003343,2022
3344,393,6,10,MOD-984,SER-0003344,2021
3345,1110,9,1,MOD-417,SER-0003345,2019
3346,689,1,6,MOD-646,SER-0003346,2025
3347,657,4,9,MOD-330,SER-0003347,2024
3348,779,8,11,MOD-169,SER-0003348,2021
3349,448,2,4,MOD-158,SER-0003349,2024
3350,92,8,1,MOD-972,SER-0003350,2025
3351,1096,2,8,MOD-419,SER-0003351,2023
3352,534,6,9,MOD-947,SER-0003352,2025
3353,1093,9,9,MOD-487,SER-0003353,2018
3354,8,7,2,MOD-980,SER-0003354,2026
3355,925,4,5,MOD-668,SER-0003355,2024
3356,307,3,11,MOD-339,SER-0003356,2018
3357,445,3,11,MOD-927,SER-0003357,2019
3358,71,10,5,MOD-155,SER-0003358,2022
3359,356,9,4,MOD-225,SER-0003359,2024
3360,1198,6,9,MOD-522,SER-0003360,2021
3361,758,3,4,MOD-832,SER-0003361,2026
3362,1137,8,9,MOD-251,SER-0003362,2020
3363,114,8,5,MOD-919,SER-0003363,2025
3364,324,1,1,MOD-225,SER-0003364,2020
3365,221,4,3,MOD-361,SER-0003365,2020
3366,657,5,2,MOD-808,SER-0003366,2020
3367,859,5,8,MOD-259,SER-0003367,2025
3368,82,4,5,MOD-852,SER-0003368,2020
3369,763,2,9,MOD-787,SER-0003369,2020
3370,669,10,2,MOD-542,SER-0003370,2026
3371,1132,7,11,MOD-986,SER-0003371,2025
3372,1054,7,6,MOD-244,SER-0003372,2023
3373,547,10,2,MOD-828,SER-0003373,2026
3374,1144,7,2,MOD-900,SER-0003374,2021
3375,871,7,1,MOD-799,SER-0003375,2025
3376,1105,8,6,MOD-624,SER-0003376,2022
3377,303,9,12,MOD-554,SER-0003377,2025
3378,469,9,2,MOD-203,SER-0003378,2026
3379,200,9,3,MOD-319,SER-0003379,2023
3380,268,10,8,MOD-786,SER-0003380,2018
3381,975,2,5,MOD-166,SER-0003381,2024
3382,385,3,2,MOD-777,SER-0003382,2025
3383,536,4,2,MOD-959,SER-0003383,2021
3384,309,3,6,MOD-620,SER-0003384,2023
3385,1072,8,11,MOD-658,SER-0003385,2020
3386,521,2,6,MOD-310,SER-0003386,2022
3387,604,10,7,MOD-347,SER-0003387,2022
3388,528,10,9,MOD-465,SER-0003388,2018
3389,1194,3,7,MOD-234,SER-0003389,2022
3390,555,8,2,MOD-233,SER-0003390,2023
3391,788,6,4,MOD-251,SER-0003391,2023
3392,148,5,9,MOD-644,SER-0003392,2018
3393,439,1,3,MOD-751,SER-0003393,2022
3394,691,6,9,MOD-107,SER-0003394,2023
3395,480,6,3,MOD-328,SER-0003395,2018
3396,1008,2,1,MOD-945,SER-0003396,2023
3397,820,2,3,MOD-426,SER-0003397,2024
3398,441,2,10,MOD-306,SER-0003398,2022
3399,245,3,10,MOD-620,SER-0003399,2018
3400,6,1,12,MOD-612,SER-0003400,2022
3401,1048,2,11,MOD-256,SER-0003401,2026
3402,936,4,7,MOD-413,SER-0003402,2022
3403,862,9,5,MOD-130,SER-0003403,2024
3404,529,3,3,MOD-314,SER-0003404,2022
3405,1130,4,12,MOD-493,SER-0003405,2021
3406,798,5,1,MOD-897,SER-0003406,2018
3407,446,7,7,MOD-780,SER-0003407,2019
3408,421,7,12,MOD-782,SER-0003408,2024
3409,649,1,6,MOD-874,SER-0003409,2018
3410,742,4,8,MOD-329,SER-0003410,2020
3411,929,1,6,MOD-747,SER-0003411,2018
3412,952,6,10,MOD-631,SER-0003412,2023
3413,40,8,10,MOD-441,SER-0003413,2024
3414,285,1,12,MOD-447,SER-0003414,2024
3415,275,5,7,MOD-908,SER-0003415,2020
3416,1173,8,4,MOD-415,SER-0003416,2018
3417,160,5,7,MOD-200,SER-0003417,2025
3418,14,7,8,MOD-393,SER-0003418,2026
3419,518,7,2,MOD-958,SER-0003419,2023
3420,78,3,1,MOD-182,SER-0003420,2026
3421,680,2,10,MOD-900,SER-0003421,2022
3422,203,4,5,MOD-484,SER-0003422,2024
3423,1100,3,9,MOD-638,SER-0003423,2018
3424,675,1,1,MOD-584,SER-0003424,2026
3425,563,3,3,MOD-235,SER-0003425,2022
3426,639,8,7,MOD-138,SER-0003426,2024
3427,826,2,5,MOD-730,SER-0003427,2023
3428,988,2,4,MOD-228,SER-0003428,2024
3429,958,5,7,MOD-502,SER-0003429,2026
3430,667,8,6,MOD-621,SER-0003430,2018
3431,760,4,5,MOD-121,SER-0003431,2026
3432,384,3,11,MOD-766,SER-0003432,2020
3433,438,2,10,MOD-433,SER-0003433,2024
3434,1109,3,7,MOD-504,SER-0003434,2020
3435,298,4,2,MOD-264,SER-0003435,2020
3436,96,2,8,MOD-480,SER-0003436,2019
3437,38,6,5,MOD-191,SER-0003437,2020
3438,350,10,8,MOD-137,SER-0003438,2021
3439,33,6,2,MOD-854,SER-0003439,2026
3440,355,4,5,MOD-384,SER-0003440,2019
3441,681,9,7,MOD-756,SER-0003441,2021
3442,1046,7,7,MOD-593,SER-0003442,2025
3443,506,6,2,MOD-586,SER-0003443,2022
3444,896,3,5,MOD-234,SER-0003444,2021
3445,1009,9,12,MOD-943,SER-0003445,2023
3446,401,10,3,MOD-735,SER-0003446,2024
3447,524,4,4,MOD-514,SER-0003447,2023
3448,1105,9,7,MOD-546,SER-0003448,2025
3449,141,1,5,MOD-265,SER-0003449,2021
3450,724,10,1,MOD-325,SER-0003450,2023
3451,312,9,8,MOD-997,SER-0003451,2021
3452,947,1,11,MOD-144,SER-0003452,2022
3453,7,5,1,MOD-726,SER-0003453,2022
3454,329,1,4,MOD-488,SER-0003454,2018
3455,91,3,8,MOD-284,SER-0003455,2026
3456,786,10,10,MOD-904,SER-0003456,2020
3457,448,2,10,MOD-606,SER-0003457,2019
3458,471,9,5,MOD-725,SER-0003458,2022
3459,1125,7,11,MOD-400,SER-0003459,2025
3460,397,5,8,MOD-764,SER-0003460,2025
3461,538,9,1,MOD-644,SER-0003461,2022
3462,652,2,6,MOD-276,SER-0003462,2022
3463,1171,9,4,MOD-753,SER-0003463,2026
3464,762,9,2,MOD-657,SER-0003464,2020
3465,1006,1,5,MOD-506,SER-0003465,2025
3466,690,8,4,MOD-881,SER-0003466,2020
3467,455,5,6,MOD-534,SER-0003467,2018
3468,712,4,2,MOD-925,SER-0003468,2025
3469,572,5,2,MOD-129,SER-0003469,2023
3470,586,4,9,MOD-219,SER-0003470,2023
3471,249,9,3,MOD-112,SER-0003471,2026
3472,212,10,9,MOD-365,SER-0003472,2023
3473,856,7,3,MOD-203,SER-0003473,2021
3474,1167,1,3,MOD-668,SER-0003474,2024
3475,727,8,7,MOD-674,SER-0003475,2026
3476,608,4,4,MOD-726,SER-0003476,2024
3477,48,3,11,MOD-361,SER-0003477,2022
3478,1023,10,8,MOD-232,SER-0003478,2023
3479,59,7,3,MOD-877,SER-0003479,2024
3480,734,10,12,MOD-190,SER-0003480,2023
3481,570,5,10,MOD-460,SER-0003481,2023
3482,790,8,10,MOD-797,SER-0003482,2025
3483,924,7,1,MOD-113,SER-0003483,2025
3484,16,6,4,MOD-520,SER-0003484,2020
3485,82,3,6,MOD-793,SER-0003485,2021
3486,225,5,11,MOD-903,SER-0003486,2021
3487,29,6,10,MOD-929,SER-0003487,2019
3488,570,5,10,MOD-398,SER-0003488,2019
3489,858,7,4,MOD-542,SER-0003489,2018
3490,268,8,1,MOD-979,SER-0003490,2023
3491,740,1,11,MOD-387,SER-0003491,2021
3492,1173,2,6,MOD-331,SER-0003492,2023
3493,1131,8,8,MOD-452,SER-0003493,2026
3494,701,10,6,MOD-157,SER-0003494,2020
3495,279,9,7,MOD-923,SER-0003495,2025
3496,472,4,1,MOD-776,SER-0003496,2025
3497,851,7,1,MOD-645,SER-0003497,2026
3498,363,6,2,MOD-914,SER-0003498,2023
3499,1040,10,11,MOD-324,SER-0003499,2026
3500,988,4,6,MOD-185,SER-0003500,2020
3501,735,10,5,MOD-948,SER-0003501,2020
3502,294,9,3,MOD-864,SER-0003502,2025
3503,297,7,4,MOD-324,SER-0003503,2019
3504,1040,1,9,MOD-770,SER-0003504,2026
3505,552,7,4,MOD-678,SER-0003505,2023
3506,3,9,2,MOD-840,SER-0003506,2024
3507,242,10,4,MOD-668,SER-0003507,2022
3508,902,5,7,MOD-233,SER-0003508,2020
3509,95,2,8,MOD-692,SER-0003509,2021
3510,519,4,9,MOD-994,SER-0003510,2020
3511,1110,3,9,MOD-435,SER-0003511,2019
3512,1154,5,1,MOD-912,SER-0003512,2020
3513,1082,4,9,MOD-981,SER-0003513,2023
3514,78,2,1,MOD-582,SER-0003514,2026
3515,413,6,2,MOD-242,SER-0003515,2023
3516,10,8,3,MOD-867,SER-0003516,2023
3517,25,1,4,MOD-289,SER-0003517,2025
3518,160,7,11,MOD-260,SER-0003518,2026
3519,758,2,10,MOD-371,SER-0003519,2018
3520,1107,1,1,MOD-625,SER-0003520,2023
3521,535,2,2,MOD-273,SER-0003521,2021
3522,710,5,3,MOD-101,SER-0003522,2021
3523,1116,2,1,MOD-441,SER-0003523,2018
3524,196,6,7,MOD-153,SER-0003524,2019
3525,1099,5,11,MOD-404,SER-0003525,2021
3526,854,9,9,MOD-766,SER-0003526,2026
3527,149,4,10,MOD-201,SER-0003527,2024
3528,374,2,3,MOD-645,SER-0003528,2021
3529,165,6,7,MOD-948,SER-0003529,2024
3530,1143,1,11,MOD-878,SER-0003530,2023
3531,1087,2,6,MOD-183,SER-0003531,2018
3532,950,10,7,MOD-396,SER-0003532,2018
3533,712,6,1,MOD-851,SER-0003533,2023
3534,212,5,12,MOD-981,SER-0003534,2019
3535,293,8,6,MOD-301,SER-0003535,2024
3536,772,2,7,MOD-900,SER-0003536,2023
3537,599,7,8,MOD-846,SER-0003537,2023
3538,68,1,12,MOD-783,SER-0003538,2019
3539,712,3,9,MOD-600,SER-0003539,2018
3540,739,10,1,MOD-786,SER-0003540,2020
3541,788,9,12,MOD-909,SER-0003541,2021
3542,545,8,4,MOD-111,SER-0003542,2021
3543,1005,6,3,MOD-640,SER-0003543,2025
3544,1180,2,4,MOD-435,SER-0003544,2022
3545,961,5,8,MOD-456,SER-0003545,2018
3546,439,6,4,MOD-651,SER-0003546,2019
3547,385,4,11,MOD-513,SER-0003547,2021
3548,1184,2,5,MOD-702,SER-0003548,2019
3549,838,5,2,MOD-799,SER-0003549,2021
3550,522,7,10,MOD-948,SER-0003550,2022
3551,512,1,3,MOD-918,SER-0003551,2020
3552,236,2,8,MOD-163,SER-0003552,2021
3553,1100,6,9,MOD-923,SER-0003553,2026
3554,508,10,12,MOD-731,SER-0003554,2018
3555,995,7,5,MOD-574,SER-0003555,2021
3556,492,9,2,MOD-900,SER-0003556,2024
3557,48,3,8,MOD-887,SER-0003557,2021
3558,1143,10,6,MOD-585,SER-0003558,2019
3559,562,6,8,MOD-355,SER-0003559,2019
3560,227,5,1,MOD-123,SER-0003560,2019
3561,709,4,7,MOD-108,SER-0003561,2020
3562,258,8,11,MOD-175,SER-0003562,2022
3563,548,7,2,MOD-885,SER-0003563,2020
3564,870,10,12,MOD-126,SER-0003564,2022
3565,157,3,10,MOD-267,SER-0003565,2023
3566,441,7,9,MOD-134,SER-0003566,2022
3567,468,1,9,MOD-866,SER-0003567,2026
3568,420,1,5,MOD-987,SER-0003568,2023
3569,293,9,10,MOD-627,SER-0003569,2023
3570,147,6,4,MOD-436,SER-0003570,2024
3571,1119,9,3,MOD-538,SER-0003571,2018
3572,343,5,6,MOD-280,SER-0003572,2023
3573,118,3,11,MOD-124,SER-0003573,2019
3574,640,3,6,MOD-326,SER-0003574,2019
3575,150,10,4,MOD-379,SER-0003575,2026
3576,808,2,3,MOD-508,SER-0003576,2024
3577,30,6,12,MOD-716,SER-0003577,2019
3578,410,1,9,MOD-663,SER-0003578,2023
3579,464,3,9,MOD-941,SER-0003579,2022
3580,504,6,8,MOD-119,SER-0003580,2018
3581,38,5,8,MOD-518,SER-0003581,2025
3582,74,2,7,MOD-273,SER-0003582,2021
3583,401,5,5,MOD-243,SER-0003583,2024
3584,1143,6,10,MOD-590,SER-0003584,2019
3585,995,3,9,MOD-471,SER-0003585,2020
3586,895,1,11,MOD-852,SER-0003586,2018
3587,1019,4,9,MOD-577,SER-0003587,2026
3588,149,10,7,MOD-508,SER-0003588,2020
3589,474,6,3,MOD-585,SER-0003589,2021
3590,160,4,3,MOD-676,SER-0003590,2020
3591,1173,10,10,MOD-161,SER-0003591,2024
3592,718,9,4,MOD-979,SER-0003592,2026
3593,38,6,10,MOD-168,SER-0003593,2023
3594,798,3,6,MOD-444,SER-0003594,2022
3595,537,10,1,MOD-764,SER-0003595,2020
3596,250,7,6,MOD-271,SER-0003596,2025
3597,350,8,1,MOD-280,SER-0003597,2021
3598,790,4,11,MOD-367,SER-0003598,2023
3599,1107,1,8,MOD-522,SER-0003599,2022
3600,15,6,2,MOD-380,SER-0003600,2024
3601,867,7,9,MOD-828,SER-0003601,2024
3602,988,8,1,MOD-122,SER-0003602,2025
3603,582,5,4,MOD-951,SER-0003603,2018
3604,575,4,10,MOD-376,SER-0003604,2026
3605,293,1,11,MOD-803,SER-0003605,2018
3606,364,8,2,MOD-277,SER-0003606,2026
3607,958,4,10,MOD-579,SER-0003607,2023
3608,875,1,9,MOD-898,SER-0003608,2022
3609,535,3,12,MOD-864,SER-0003609,2021
3610,308,7,4,MOD-734,SER-0003610,2018
3611,775,3,9,MOD-721,SER-0003611,2025
3612,932,10,8,MOD-632,SER-0003612,2025
3613,771,1,1,MOD-729,SER-0003613,2022
3614,1083,7,3,MOD-815,SER-0003614,2020
3615,791,4,4,MOD-186,SER-0003615,2019
3616,75,10,5,MOD-296,SER-0003616,2023
3617,1168,8,2,MOD-952,SER-0003617,2023
3618,817,7,12,MOD-483,SER-0003618,2026
3619,640,6,10,MOD-557,SER-0003619,2025
3620,976,9,4,MOD-235,SER-0003620,2018
3621,771,7,5,MOD-621,SER-0003621,2018
3622,476,4,4,MOD-467,SER-0003622,2024
3623,90,9,9,MOD-877,SER-0003623,2023
3624,1082,6,1,MOD-825,SER-0003624,2019
3625,1117,10,11,MOD-509,SER-0003625,2025
3626,60,10,4,MOD-701,SER-0003626,2021
3627,394,5,2,MOD-714,SER-0003627,2020
3628,337,8,4,MOD-365,SER-0003628,2026
3629,866,5,4,MOD-188,SER-0003629,2026
3630,354,3,1,MOD-148,SER-0003630,2019
3631,285,3,12,MOD-396,SER-0003631,2019
3632,671,3,4,MOD-438,SER-0003632,2018
3633,487,3,6,MOD-703,SER-0003633,2023
3634,626,1,1,MOD-253,SER-0003634,2019
3635,1177,10,10,MOD-197,SER-0003635,2024
3636,380,5,4,MOD-467,SER-0003636,2021
3637,1130,1,4,MOD-848,SER-0003637,2021
3638,610,3,12,MOD-118,SER-0003638,2018
3639,770,2,5,MOD-785,SER-0003639,2019
3640,529,10,11,MOD-121,SER-0003640,2018
3641,394,5,1,MOD-224,SER-0003641,2022
3642,1158,9,8,MOD-964,SER-0003642,2024
3643,574,3,8,MOD-298,SER-0003643,2024
3644,495,6,11,MOD-897,SER-0003644,2024
3645,238,5,3,MOD-889,SER-0003645,2019
3646,261,9,2,MOD-429,SER-0003646,2021
3647,1091,10,9,MOD-943,SER-0003647,2026
3648,1050,1,4,MOD-650,SER-0003648,2022
3649,66,8,7,MOD-740,SER-0003649,2022
3650,1124,1,9,MOD-887,SER-0003650,2021
3651,189,10,6,MOD-464,SER-0003651,2023
3652,936,9,8,MOD-825,SER-0003652,2026
3653,815,5,6,MOD-465,SER-0003653,2018
3654,432,1,8,MOD-976,SER-0003654,2020
3655,800,2,7,MOD-655,SER-0003655,2021
3656,577,5,3,MOD-776,SER-0003656,2023
3657,273,8,1,MOD-662,SER-0003657,2023
3658,327,8,2,MOD-386,SER-0003658,2025
3659,565,2,6,MOD-236,SER-0003659,2026
3660,953,2,9,MOD-127,SER-0003660,2023
3661,901,4,3,MOD-251,SER-0003661,2018
3662,522,3,4,MOD-228,SER-0003662,2020
3663,960,3,2,MOD-373,SER-0003663,2018
3664,186,3,11,MOD-826,SER-0003664,2018
3665,378,5,1,MOD-254,SER-0003665,2022
3666,976,2,9,MOD-847,SER-0003666,2025
3667,1123,6,8,MOD-520,SER-0003667,2022
3668,233,6,10,MOD-529,SER-0003668,2026
3669,342,2,6,MOD-446,SER-0003669,2026
3670,147,10,1,MOD-896,SER-0003670,2021
3671,842,8,8,MOD-196,SER-0003671,2023
3672,438,1,2,MOD-851,SER-0003672,2020
3673,1047,10,6,MOD-804,SER-0003673,2019
3674,1073,5,2,MOD-921,SER-0003674,2021
3675,1176,5,11,MOD-467,SER-0003675,2018
3676,1076,5,5,MOD-695,SER-0003676,2018
3677,669,4,7,MOD-885,SER-0003677,2022
3678,162,1,2,MOD-104,SER-0003678,2025
3679,407,6,10,MOD-897,SER-0003679,2019
3680,604,6,6,MOD-228,SER-0003680,2025
3681,75,8,7,MOD-621,SER-0003681,2018
3682,336,7,10,MOD-245,SER-0003682,2024
3683,614,5,1,MOD-621,SER-0003683,2018
3684,769,9,1,MOD-391,SER-0003684,2025
3685,205,10,1,MOD-394,SER-0003685,2025
3686,22,7,11,MOD-465,SER-0003686,2018
3687,221,6,4,MOD-206,SER-0003687,2020
3688,353,7,4,MOD-416,SER-0003688,2021
3689,1084,10,11,MOD-253,SER-0003689,2018
3690,768,3,12,MOD-871,SER-0003690,2024
3691,1177,4,4,MOD-199,SER-0003691,2026
3692,341,8,12,MOD-334,SER-0003692,2023
3693,8,1,2,MOD-628,SER-0003693,2022
3694,211,7,1,MOD-771,SER-0003694,2025
3695,331,1,8,MOD-782,SER-0003695,2024
3696,73,5,1,MOD-710,SER-0003696,2019
3697,677,10,3,MOD-161,SER-0003697,2023
3698,580,8,9,MOD-907,SER-0003698,2019
3699,84,2,6,MOD-868,SER-0003699,2019
3700,321,1,10,MOD-940,SER-0003700,2023
3701,167,3,10,MOD-101,SER-0003701,2021
3702,894,5,2,MOD-187,SER-0003702,2023
3703,350,2,1,MOD-382,SER-0003703,2024
3704,237,1,10,MOD-698,SER-0003704,2020
3705,263,9,9,MOD-962,SER-0003705,2022
3706,1024,8,1,MOD-119,SER-0003706,2025
3707,1048,8,2,MOD-667,SER-0003707,2023
3708,1190,2,7,MOD-762,SER-0003708,2021
3709,469,4,7,MOD-869,SER-0003709,2018
3710,756,5,12,MOD-772,SER-0003710,2026
3711,715,4,6,MOD-356,SER-0003711,2026
3712,49,3,7,MOD-507,SER-0003712,2024
3713,55,3,3,MOD-418,SER-0003713,2025
3714,239,1,4,MOD-653,SER-0003714,2021
3715,467,3,4,MOD-224,SER-0003715,2026
3716,327,4,1,MOD-962,SER-0003716,2025
3717,840,6,3,MOD-754,SER-0003717,2024
3718,918,5,9,MOD-839,SER-0003718,2026
3719,602,7,12,MOD-994,SER-0003719,2024
3720,384,6,12,MOD-508,SER-0003720,2023
3721,322,6,6,MOD-228,SER-0003721,2026
3722,674,10,10,MOD-805,SER-0003722,2023
3723,29,7,12,MOD-679,SER-0003723,2018
3724,818,1,5,MOD-360,SER-0003724,2019
3725,712,5,3,MOD-330,SER-0003725,2020
3726,253,10,6,MOD-370,SER-0003726,2023
3727,661,7,2,MOD-232,SER-0003727,2024
3728,903,3,5,MOD-909,SER-0003728,2025
3729,156,7,5,MOD-965,SER-0003729,2022
3730,317,3,9,MOD-126,SER-0003730,2026
3731,985,5,11,MOD-956,SER-0003731,2019
3732,1056,9,4,MOD-558,SER-0003732,2026
3733,825,9,7,MOD-704,SER-0003733,2021
3734,1086,10,5,MOD-402,SER-0003734,2024
3735,618,7,3,MOD-424,SER-0003735,2022
3736,1024,4,3,MOD-373,SER-0003736,2020
3737,1123,5,4,MOD-728,SER-0003737,2026
3738,716,9,10,MOD-460,SER-0003738,2022
3739,64,5,8,MOD-169,SER-0003739,2018
3740,918,8,2,MOD-703,SER-0003740,2022
3741,1143,2,3,MOD-729,SER-0003741,2018
3742,190,10,11,MOD-540,SER-0003742,2025
3743,985,3,2,MOD-692,SER-0003743,2019
3744,881,10,3,MOD-543,SER-0003744,2022
3745,1096,2,8,MOD-239,SER-0003745,2018
3746,278,8,3,MOD-118,SER-0003746,2024
3747,739,9,7,MOD-323,SER-0003747,2022
3748,237,9,8,MOD-496,SER-0003748,2018
3749,318,7,11,MOD-512,SER-0003749,2022
3750,525,4,8,MOD-822,SER-0003750,2018
3751,983,7,3,MOD-276,SER-0003751,2022
3752,1047,10,3,MOD-657,SER-0003752,2019
3753,251,7,11,MOD-542,SER-0003753,2026
3754,479,6,12,MOD-827,SER-0003754,2018
3755,1149,7,9,MOD-986,SER-0003755,2023
3756,80,4,6,MOD-971,SER-0003756,2026
3757,235,5,3,MOD-650,SER-0003757,2020
3758,265,2,10,MOD-117,SER-0003758,2024
3759,808,7,11,MOD-966,SER-0003759,2021
3760,973,9,2,MOD-435,SER-0003760,2024
3761,210,1,10,MOD-260,SER-0003761,2019
3762,255,8,10,MOD-397,SER-0003762,2022
3763,169,10,7,MOD-279,SER-0003763,2022
3764,639,10,9,MOD-318,SER-0003764,2026
3765,600,1,8,MOD-404,SER-0003765,2019
3766,366,9,11,MOD-936,SER-0003766,2024
3767,442,4,1,MOD-264,SER-0003767,2023
3768,83,1,9,MOD-268,SER-0003768,2018
3769,307,3,12,MOD-146,SER-0003769,2018
3770,497,7,8,MOD-147,SER-0003770,2025
3771,1061,3,10,MOD-894,SER-0003771,2022
3772,397,4,8,MOD-789,SER-0003772,2020
3773,468,8,12,MOD-911,SER-0003773,2020
3774,437,4,11,MOD-107,SER-0003774,2021
3775,16,7,4,MOD-996,SER-0003775,2025
3776,573,4,5,MOD-658,SER-0003776,2020
3777,27,9,9,MOD-229,SER-0003777,2023
3778,590,7,4,MOD-800,SER-0003778,2020
3779,75,3,6,MOD-614,SER-0003779,2021
3780,991,1,4,MOD-976,SER-0003780,2019
3781,855,8,12,MOD-829,SER-0003781,2021
3782,1015,1,12,MOD-327,SER-0003782,2020
3783,1041,7,3,MOD-332,SER-0003783,2022
3784,886,9,11,MOD-640,SER-0003784,2019
3785,700,1,12,MOD-675,SER-0003785,2018
3786,221,1,1,MOD-695,SER-0003786,2024
3787,33,4,3,MOD-679,SER-0003787,2022
3788,197,7,6,MOD-755,SER-0003788,2020
3789,964,1,6,MOD-242,SER-0003789,2025
3790,630,1,10,MOD-449,SER-0003790,2020
3791,798,9,5,MOD-985,SER-0003791,2023
3792,758,7,4,MOD-411,SER-0003792,2018
3793,1034,9,8,MOD-944,SER-0003793,2026
3794,228,7,5,MOD-272,SER-0003794,2022
3795,1095,6,4,MOD-633,SER-0003795,2019
3796,167,1,6,MOD-663,SER-0003796,2021
3797,1155,3,9,MOD-900,SER-0003797,2026
3798,861,8,10,MOD-517,SER-0003798,2025
3799,381,10,5,MOD-807,SER-0003799,2025
3800,162,6,1,MOD-715,SER-0003800,2024
3801,224,7,1,MOD-534,SER-0003801,2023
3802,911,8,6,MOD-814,SER-0003802,2018
3803,535,10,3,MOD-328,SER-0003803,2022
3804,535,8,4,MOD-819,SER-0003804,2018
3805,749,6,1,MOD-143,SER-0003805,2019
3806,1102,3,2,MOD-148,SER-0003806,2018
3807,196,3,10,MOD-203,SER-0003807,2020
3808,685,2,9,MOD-113,SER-0003808,2024
3809,232,6,8,MOD-822,SER-0003809,2019
3810,400,5,1,MOD-706,SER-0003810,2025
3811,769,1,4,MOD-594,SER-0003811,2018
3812,953,1,11,MOD-727,SER-0003812,2025
3813,452,8,10,MOD-225,SER-0003813,2020
3814,711,2,1,MOD-866,SER-0003814,2026
3815,800,8,11,MOD-679,SER-0003815,2019
3816,105,3,5,MOD-339,SER-0003816,2025
3817,1057,1,4,MOD-941,SER-0003817,2019
3818,450,2,12,MOD-838,SER-0003818,2019
3819,1198,1,6,MOD-265,SER-0003819,2024
3820,989,4,11,MOD-880,SER-0003820,2021
3821,1,6,4,MOD-555,SER-0003821,2021
3822,1056,8,5,MOD-211,SER-0003822,2026
3823,803,6,1,MOD-189,SER-0003823,2022
3824,1095,10,9,MOD-201,SER-0003824,2024
3825,357,1,11,MOD-553,SER-0003825,2019
3826,984,2,6,MOD-129,SER-0003826,2021
3827,1150,8,9,MOD-169,SER-0003827,2023
3828,298,7,3,MOD-318,SER-0003828,2021
3829,512,5,6,MOD-535,SER-0003829,2020
3830,1119,4,5,MOD-228,SER-0003830,2018
3831,287,7,1,MOD-195,SER-0003831,2025
3832,911,3,6,MOD-313,SER-0003832,2022
3833,111,3,7,MOD-624,SER-0003833,2024
3834,1145,9,9,MOD-514,SER-0003834,2022
3835,530,10,5,MOD-304,SER-0003835,2022
3836,931,8,3,MOD-660,SER-0003836,2018
3837,1123,4,2,MOD-800,SER-0003837,2018
3838,1165,3,10,MOD-525,SER-0003838,2026
3839,899,4,12,MOD-271,SER-0003839,2023
3840,55,5,3,MOD-698,SER-0003840,2021
3841,279,4,8,MOD-643,SER-0003841,2020
3842,1168,6,7,MOD-261,SER-0003842,2018
3843,80,7,1,MOD-902,SER-0003843,2023
3844,853,4,6,MOD-310,SER-0003844,2020
3845,343,2,12,MOD-696,SER-0003845,2020
3846,137,10,11,MOD-202,SER-0003846,2023
3847,642,10,3,MOD-120,SER-0003847,2021
3848,357,6,1,MOD-667,SER-0003848,2022
3849,1014,5,10,MOD-405,SER-0003849,2025
3850,1186,1,6,MOD-360,SER-0003850,2026
3851,916,8,1,MOD-251,SER-0003851,2018
3852,691,9,8,MOD-913,SER-0003852,2020
3853,533,8,4,MOD-682,SER-0003853,2020
3854,1118,5,12,MOD-161,SER-0003854,2021
3855,317,6,9,MOD-318,SER-0003855,2022
3856,252,2,7,MOD-559,SER-0003856,2021
3857,1196,2,3,MOD-828,SER-0003857,2019
3858,20,7,1,MOD-237,SER-0003858,2022
3859,507,6,1,MOD-165,SER-0003859,2026
3860,599,10,2,MOD-269,SER-0003860,2020
3861,861,7,1,MOD-611,SER-0003861,2018
3862,217,1,11,MOD-925,SER-0003862,2024
3863,272,4,8,MOD-436,SER-0003863,2018
3864,1040,3,6,MOD-354,SER-0003864,2026
3865,783,9,11,MOD-322,SER-0003865,2026
3866,1119,9,10,MOD-422,SER-0003866,2019
3867,907,9,4,MOD-926,SER-0003867,2020
3868,1197,1,3,MOD-949,SER-0003868,2020
3869,998,1,5,MOD-175,SER-0003869,2022
3870,68,5,1,MOD-519,SER-0003870,2024
3871,703,4,2,MOD-253,SER-0003871,2024
3872,348,9,2,MOD-753,SER-0003872,2018
3873,622,1,1,MOD-113,SER-0003873,2023
3874,89,6,2,MOD-378,SER-0003874,2026
3875,105,9,12,MOD-816,SER-0003875,2021
3876,144,9,11,MOD-856,SER-0003876,2026
3877,1142,9,2,MOD-412,SER-0003877,2024
3878,640,4,1,MOD-119,SER-0003878,2025
3879,514,1,7,MOD-889,SER-0003879,2023
3880,722,7,11,MOD-881,SER-0003880,2023
3881,1195,6,9,MOD-944,SER-0003881,2024
3882,97,1,1,MOD-343,SER-0003882,2026
3883,371,4,11,MOD-296,SER-0003883,2023
3884,42,4,11,MOD-896,SER-0003884,2024
3885,602,9,1,MOD-769,SER-0003885,2025
3886,472,7,2,MOD-180,SER-0003886,2026
3887,498,9,6,MOD-907,SER-0003887,2022
3888,556,5,9,MOD-980,SER-0003888,2026
3889,1165,4,7,MOD-647,SER-0003889,2025
3890,422,6,3,MOD-142,SER-0003890,2021
3891,422,3,6,MOD-830,SER-0003891,2020
3892,469,5,8,MOD-563,SER-0003892,2026
3893,64,6,10,MOD-575,SER-0003893,2023
3894,617,9,10,MOD-837,SER-0003894,2020
3895,288,10,2,MOD-265,SER-0003895,2022
3896,347,5,1,MOD-398,SER-0003896,2024
3897,1135,10,3,MOD-699,SER-0003897,2025
3898,127,2,1,MOD-861,SER-0003898,2026
3899,33,5,5,MOD-149,SER-0003899,2023
3900,724,10,9,MOD-260,SER-0003900,2020
3901,504,10,9,MOD-454,SER-0003901,2023
3902,561,6,8,MOD-893,SER-0003902,2021
3903,1003,3,6,MOD-903,SER-0003903,2021
3904,327,7,7,MOD-618,SER-0003904,2019
3905,472,4,5,MOD-757,SER-0003905,2018
3906,70,9,11,MOD-779,SER-0003906,2023
3907,638,6,12,MOD-163,SER-0003907,2018
3908,862,10,3,MOD-359,SER-0003908,2019
3909,30,7,4,MOD-716,SER-0003909,2025
3910,279,2,7,MOD-570,SER-0003910,2022
3911,606,8,12,MOD-565,SER-0003911,2026
3912,273,1,11,MOD-244,SER-0003912,2022
3913,1112,9,6,MOD-539,SER-0003913,2022
3914,1089,6,8,MOD-971,SER-0003914,2018
3915,924,3,7,MOD-957,SER-0003915,2023
3916,994,4,2,MOD-591,SER-0003916,2022
3917,607,10,12,MOD-960,SER-0003917,2019
3918,135,4,3,MOD-954,SER-0003918,2018
3919,667,1,5,MOD-842,SER-0003919,2020
3920,926,5,6,MOD-261,SER-0003920,2024
3921,601,5,4,MOD-838,SER-0003921,2022
3922,288,9,10,MOD-420,SER-0003922,2018
3923,380,10,5,MOD-724,SER-0003923,2018
3924,41,3,3,MOD-295,SER-0003924,2025
3925,1120,6,8,MOD-188,SER-0003925,2022
3926,255,3,3,MOD-110,SER-0003926,2018
3927,422,4,12,MOD-884,SER-0003927,2023
3928,1002,8,9,MOD-679,SER-0003928,2026
3929,218,8,1,MOD-575,SER-0003929,2024
3930,1111,6,8,MOD-277,SER-0003930,2018
3931,1123,10,6,MOD-888,SER-0003931,2020
3932,985,4,8,MOD-231,SER-0003932,2024
3933,786,6,2,MOD-364,SER-0003933,2018
3934,280,3,1,MOD-118,SER-0003934,2025
3935,466,8,6,MOD-608,SER-0003935,2024
3936,447,10,2,MOD-738,SER-0003936,2025
3937,930,9,9,MOD-127,SER-0003937,2025
3938,646,7,3,MOD-777,SER-0003938,2022
3939,703,8,2,MOD-849,SER-0003939,2020
3940,574,1,8,MOD-675,SER-0003940,2026
3941,988,3,6,MOD-994,SER-0003941,2026
3942,1160,8,8,MOD-971,SER-0003942,2019
3943,809,4,8,MOD-790,SER-0003943,2018
3944,12,2,3,MOD-332,SER-0003944,2022
3945,818,10,11,MOD-509,SER-0003945,2021
3946,965,10,7,MOD-542,SER-0003946,2022
3947,1091,9,2,MOD-774,SER-0003947,2026
3948,342,10,4,MOD-233,SER-0003948,2025
3949,126,8,4,MOD-860,SER-0003949,2018
3950,217,9,5,MOD-315,SER-0003950,2026
3951,1061,5,3,MOD-456,SER-0003951,2019
3952,324,1,8,MOD-627,SER-0003952,2025
3953,1115,1,9,MOD-983,SER-0003953,2019
3954,197,8,12,MOD-376,SER-0003954,2021
3955,828,6,11,MOD-604,SER-0003955,2021
3956,1180,6,8,MOD-816,SER-0003956,2021
3957,295,2,3,MOD-405,SER-0003957,2019
3958,1102,7,6,MOD-919,SER-0003958,2021
3959,109,6,8,MOD-298,SER-0003959,2024
3960,445,7,5,MOD-961,SER-0003960,2019
3961,930,4,9,MOD-579,SER-0003961,2019
3962,402,1,8,MOD-711,SER-0003962,2022
3963,261,6,11,MOD-945,SER-0003963,2026
3964,73,7,2,MOD-347,SER-0003964,2018
3965,670,5,4,MOD-806,SER-0003965,2024
3966,1172,5,12,MOD-174,SER-0003966,2019
3967,386,2,6,MOD-445,SER-0003967,2019
3968,1131,7,5,MOD-559,SER-0003968,2024
3969,755,8,5,MOD-800,SER-0003969,2025
3970,805,7,3,MOD-998,SER-0003970,2022
3971,1025,8,12,MOD-408,SER-0003971,2023
3972,1176,7,3,MOD-325,SER-0003972,2026
3973,905,2,12,MOD-504,SER-0003973,2020
3974,1098,7,7,MOD-881,SER-0003974,2020
3975,866,10,5,MOD-350,SER-0003975,2019
3976,539,8,11,MOD-525,SER-0003976,2024
3977,30,8,5,MOD-223,SER-0003977,2023
3978,1009,3,4,MOD-624,SER-0003978,2023
3979,510,10,5,MOD-553,SER-0003979,2020
3980,129,2,11,MOD-560,SER-0003980,2026
3981,429,9,2,MOD-994,SER-0003981,2019
3982,1100,7,3,MOD-213,SER-0003982,2021
3983,237,5,9,MOD-305,SER-0003983,2023
3984,1043,10,7,MOD-749,SER-0003984,2025
3985,1048,5,11,MOD-345,SER-0003985,2025
3986,747,7,7,MOD-484,SER-0003986,2025
3987,253,4,3,MOD-363,SER-0003987,2019
3988,802,9,4,MOD-539,SER-0003988,2021
3989,478,1,6,MOD-866,SER-0003989,2019
3990,781,2,2,MOD-781,SER-0003990,2020
3991,718,5,3,MOD-157,SER-0003991,2019
3992,364,5,7,MOD-807,SER-0003992,2025
3993,262,6,7,MOD-765,SER-0003993,2025
3994,1171,3,3,MOD-835,SER-0003994,2026
3995,1118,6,4,MOD-957,SER-0003995,2022
3996,742,9,9,MOD-683,SER-0003996,2020
3997,1071,5,4,MOD-761,SER-0003997,2021
3998,241,6,12,MOD-292,SER-0003998,2024
3999,403,1,1,MOD-209,SER-0003999,2020
4000,552,2,6,MOD-517,SER-0004000,2026
