reparo_id,os_id,data_inicio,data_fim,solucao,horas_tecnicas,resultado
1,1,2025-08-29,2025-09-04,Troca de componente,9.9,Resolvido
2,2,2025-09-14,2025-09-23,Limpeza técnica,18.8,Resolvido
4,4,2025-07-28,2025-08-05,Reparo de placa,32.4,Resolvido
5,5,2025-10-08,2025-10-12,Atualização de software,10.9,Retorno
7,7,2026-04-05,2026-04-10,Reparo de placa,18.3,Resolvido
8,8,2025-08-19,2025-08-29,Troca de componente,14.5,Retorno
9,9,2026-04-15,2026-04-26,Atualização de software,29.3,Resolvido
10,10,2025-11-14,2025-11-24,Troca de componente,14.4,Resolvido
11,11,2026-05-26,2026-06-07,Reparo de placa,24.2,Resolvido
12,12,2026-01-26,2026-01-28,Atualização de software,11.9,Resolvido
14,14,2025-08-31,2025-09-10,Reparo de placa,34.2,Resolvido
16,16,2025-08-18,2025-08-18,Limpeza técnica,2.4,Resolvido
17,17,2026-02-25,2026-02-25,Atualização de software,3.2,Resolvido
19,19,2026-06-14,2026-06-18,Limpeza técnica,17.5,Resolvido
20,20,2026-06-24,2026-06-29,Limpeza técnica,17.9,Resolvido
21,21,2026-02-09,2026-02-17,Limpeza técnica,15.3,Resolvido
22,22,2025-08-30,2025-09-01,Atualização de software,11.7,Resolvido
23,23,2026-05-30,2026-06-05,Reparo de placa,15.8,Resolvido
24,24,2026-02-16,2026-02-23,Limpeza técnica,18.5,Retorno
26,26,2026-04-27,2026-04-27,Limpeza técnica,3.7,Resolvido
27,27,2025-12-10,2025-12-16,Limpeza técnica,26.0,Resolvido
28,28,2025-07-16,2025-07-29,Reparo de placa,46.2,Retorno
30,30,2025-11-06,2025-11-14,Reparo de placa,35.0,Resolvido
31,31,2026-02-16,2026-02-20,Atualização de software,15.8,Resolvido
34,34,2025-12-29,2026-01-06,Limpeza técnica,15.2,Resolvido
35,35,2025-10-30,2025-11-08,Reparo de placa,27.5,Resolvido
36,36,2026-04-14,2026-04-22,Limpeza técnica,10.5,Resolvido
37,37,2026-04-15,2026-04-20,Reparo de placa,13.9,Resolvido
39,39,2026-01-19,2026-01-22,Reparo de placa,10.5,Resolvido
40,40,2026-01-20,2026-01-26,Reparo de placa,18.3,Resolvido
41,41,2026-05-28,2026-05-29,Troca de componente,3.3,Resolvido
42,42,2025-12-13,2025-12-16,Troca de componente,7.9,Resolvido
44,44,2025-08-23,2025-08-27,Reparo de placa,8.1,Resolvido
45,45,2026-03-21,2026-03-24,Reparo de placa,5.8,Resolvido
46,46,2025-09-20,2025-10-01,Reparo de placa,31.4,Resolvido
47,47,2026-02-17,2026-02-21,Reparo de placa,10.9,Resolvido
48,48,2026-05-04,2026-05-04,Reparo de placa,2.0,Retorno
49,49,2026-06-18,2026-06-20,Troca de componente,3.5,Resolvido
50,50,2025-09-16,2025-09-29,Atualização de software,30.5,Resolvido
51,51,2025-07-21,2025-07-28,Atualização de software,14.2,Resolvido
52,52,2026-04-25,2026-05-02,Limpeza técnica,31.4,Resolvido
53,53,2026-05-16,2026-05-24,Limpeza técnica,22.3,Resolvido
55,55,2026-01-20,2026-02-02,Troca de componente,28.6,Resolvido
57,57,2025-11-20,2025-11-21,Atualização de software,4.4,Resolvido
58,58,2026-01-09,2026-01-18,Atualização de software,23.2,Resolvido
59,59,2026-01-19,2026-01-26,Reparo de placa,11.5,Resolvido
61,61,2025-08-29,2025-09-05,Atualização de software,30.0,Resolvido
63,63,2026-02-28,2026-03-05,Atualização de software,8.5,Resolvido
64,64,2026-04-04,2026-04-07,Reparo de placa,13.0,Resolvido
67,67,2026-06-27,2026-07-02,Atualização de software,6.3,Resolvido
68,68,2025-10-28,2025-11-05,Troca de componente,24.8,Resolvido
70,70,2025-10-07,2025-10-16,Atualização de software,37.0,Resolvido
71,71,2026-05-25,2026-05-31,Atualização de software,21.1,Resolvido
72,72,2026-05-01,2026-05-11,Limpeza técnica,24.9,Resolvido
73,73,2025-11-04,2025-11-11,Atualização de software,32.0,Resolvido
74,74,2026-06-07,2026-06-15,Atualização de software,27.5,Resolvido
75,75,2026-05-02,2026-05-13,Reparo de placa,45.8,Resolvido
76,76,2025-09-21,2025-09-24,Atualização de software,6.5,Resolvido
77,77,2026-03-02,2026-03-10,Limpeza técnica,14.4,Resolvido
79,79,2026-06-29,2026-07-05,Limpeza técnica,23.3,Resolvido
80,80,2025-11-01,2025-11-11,Atualização de software,36.0,Resolvido
82,82,2025-11-04,2025-11-13,Atualização de software,18.5,Resolvido
83,83,2026-04-04,2026-04-10,Reparo de placa,9.6,Resolvido
84,84,2025-08-12,2025-08-19,Troca de componente,25.6,Resolvido
85,85,2026-03-15,2026-03-18,Reparo de placa,12.6,Resolvido
86,86,2025-12-05,2025-12-11,Troca de componente,8.8,Resolvido
87,87,2026-01-26,2026-02-06,Reparo de placa,44.5,Resolvido
88,88,2026-06-30,2026-06-30,Troca de componente,3.5,Resolvido
91,91,2025-09-14,2025-09-22,Limpeza técnica,16.6,Resolvido
93,93,2025-10-28,2025-11-06,Troca de componente,13.1,Resolvido
94,94,2026-05-29,2026-06-09,Reparo de placa,22.6,Resolvido
95,95,2026-02-13,2026-02-24,Troca de componente,36.5,Resolvido
96,96,2026-06-12,2026-06-22,Reparo de placa,36.1,Resolvido
97,97,2025-10-30,2025-10-30,Reparo de placa,3.6,Resolvido
98,98,2026-03-21,2026-03-27,Troca de componente,14.3,Resolvido
100,100,2025-11-06,2025-11-09,Limpeza técnica,7.6,Retorno
102,102,2025-09-23,2025-10-03,Atualização de software,26.6,Resolvido
106,106,2025-11-10,2025-11-13,Limpeza técnica,9.9,Resolvido
108,108,2026-03-12,2026-03-17,Reparo de placa,17.8,Resolvido
109,109,2026-04-11,2026-04-19,Atualização de software,20.7,Resolvido
110,110,2025-10-07,2025-10-07,Limpeza técnica,3.8,Retorno
111,111,2025-08-17,2025-08-26,Atualização de software,23.9,Resolvido
112,112,2025-07-10,2025-07-22,Limpeza técnica,35.3,Resolvido
114,114,2026-03-18,2026-03-31,Limpeza técnica,30.0,Resolvido
116,116,2025-07-06,2025-07-17,Reparo de placa,31.6,Resolvido
117,117,2026-06-30,2026-06-30,Reparo de placa,1.4,Resolvido
118,118,2025-08-20,2025-09-01,Limpeza técnica,15.6,Resolvido
119,119,2025-07-07,2025-07-14,Reparo de placa,19.7,Resolvido
120,120,2026-05-05,2026-05-05,Troca de componente,3.1,Resolvido
121,121,2025-07-15,2025-07-28,Reparo de placa,29.5,Resolvido
122,122,2025-09-25,2025-10-03,Atualização de software,17.3,Resolvido
123,123,2026-02-13,2026-02-18,Limpeza técnica,8.8,Resolvido
124,124,2026-05-27,2026-06-05,Limpeza técnica,10.8,Resolvido
126,126,2025-09-25,2025-09-26,Reparo de placa,3.8,Resolvido
127,127,2025-12-27,2026-01-09,Atualização de software,48.2,Resolvido
130,130,2026-02-24,2026-03-05,Atualização de software,26.1,Resolvido
131,131,2025-12-06,2025-12-16,Reparo de placa,31.9,Resolvido
132,132,2025-11-22,2025-12-03,Atualização de software,37.6,Resolvido
134,134,2025-08-31,2025-09-09,Troca de componente,38.4,Resolvido
135,135,2026-01-08,2026-01-09,Atualização de software,6.0,Resolvido
136,136,2025-10-15,2025-10-18,Troca de componente,10.4,Resolvido
138,138,2026-06-25,2026-06-26,Limpeza técnica,2.4,Resolvido
139,139,2025-12-10,2025-12-20,Reparo de placa,17.9,Resolvido
140,140,2025-09-21,2025-09-29,Limpeza técnica,14.7,Resolvido
141,141,2026-05-24,2026-05-31,Atualização de software,18.1,Resolvido
142,142,2025-11-02,2025-11-14,Troca de componente,15.7,Resolvido
143,143,2025-10-02,2025-10-15,Atualização de software,44.9,Resolvido
144,144,2026-03-01,2026-03-07,Limpeza técnica,11.6,Resolvido
145,145,2026-04-02,2026-04-08,Atualização de software,17.2,Resolvido
146,146,2025-07-03,2025-07-10,Limpeza técnica,19.8,Resolvido
147,147,2026-02-28,2026-03-05,Limpeza técnica,9.1,Resolvido
148,148,2025-07-12,2025-07-25,Troca de componente,39.9,Resolvido
151,151,2025-07-02,2025-07-02,Troca de componente,1.7,Resolvido
152,152,2025-10-28,2025-11-09,Atualização de software,34.6,Resolvido
154,154,2025-11-01,2025-11-09,Troca de componente,15.9,Resolvido
155,155,2026-04-08,2026-04-18,Reparo de placa,12.8,Resolvido
158,158,2026-05-05,2026-05-18,Atualização de software,25.3,Resolvido
159,159,2025-12-23,2025-12-30,Atualização de software,15.6,Resolvido
160,160,2025-07-10,2025-07-19,Limpeza técnica,23.8,Resolvido
162,162,2025-10-23,2025-10-31,Reparo de placa,17.5,Resolvido
163,163,2025-11-21,2025-11-26,Troca de componente,8.7,Resolvido
164,164,2025-10-17,2025-10-17,Reparo de placa,2.7,Resolvido
165,165,2025-12-10,2025-12-19,Atualização de software,18.9,Retorno
166,166,2025-07-26,2025-07-28,Limpeza técnica,3.5,Resolvido
169,169,2026-01-01,2026-01-09,Atualização de software,9.3,Resolvido
170,170,2025-11-19,2025-11-19,Reparo de placa,2.5,Resolvido
171,171,2026-05-20,2026-05-27,Troca de componente,16.5,Resolvido
174,174,2025-12-12,2025-12-15,Reparo de placa,6.7,Resolvido
176,176,2026-03-11,2026-03-15,Reparo de placa,15.4,Resolvido
177,177,2025-07-22,2025-07-30,Reparo de placa,16.0,Resolvido
178,178,2026-02-18,2026-02-19,Limpeza técnica,2.6,Resolvido
179,179,2026-06-05,2026-06-13,Troca de componente,30.9,Resolvido
180,180,2025-10-15,2025-10-18,Reparo de placa,10.2,Resolvido
181,181,2025-07-17,2025-07-18,Troca de componente,4.0,Resolvido
182,182,2025-11-15,2025-11-23,Atualização de software,35.0,Resolvido
183,183,2026-04-12,2026-04-15,Atualização de software,9.0,Resolvido
185,185,2026-04-12,2026-04-24,Atualização de software,50.9,Resolvido
186,186,2025-11-22,2025-12-03,Reparo de placa,34.3,Resolvido
187,187,2025-07-28,2025-07-29,Troca de componente,6.7,Resolvido
188,188,2026-06-30,2026-07-05,Atualização de software,8.5,Resolvido
189,189,2026-04-27,2026-05-09,Reparo de placa,25.9,Resolvido
190,190,2026-05-24,2026-05-29,Limpeza técnica,13.9,Resolvido
193,193,2025-12-12,2025-12-17,Reparo de placa,13.4,Resolvido
194,194,2025-08-22,2025-08-31,Atualização de software,35.2,Resolvido
195,195,2025-10-19,2025-10-23,Limpeza técnica,18.8,Resolvido
196,196,2026-04-11,2026-04-20,Troca de componente,18.3,Resolvido
199,199,2026-03-18,2026-03-29,Limpeza técnica,12.8,Resolvido
200,200,2026-02-12,2026-02-24,Reparo de placa,16.3,Resolvido
201,201,2025-12-26,2026-01-03,Limpeza técnica,20.5,Retorno
202,202,2026-01-16,2026-01-22,Atualização de software,23.5,Resolvido
203,203,2026-03-20,2026-03-20,Troca de componente,3.3,Resolvido
205,205,2026-03-27,2026-04-03,Reparo de placa,19.1,Resolvido
206,206,2026-01-10,2026-01-20,Troca de componente,13.1,Resolvido
207,207,2025-09-18,2025-09-24,Troca de componente,14.3,Resolvido
208,208,2026-04-13,2026-04-15,Atualização de software,6.0,Resolvido
211,211,2025-12-17,2025-12-23,Limpeza técnica,7.1,Retorno
212,212,2026-01-06,2026-01-12,Limpeza técnica,25.9,Resolvido
213,213,2025-08-24,2025-09-05,Atualização de software,31.1,Resolvido
214,214,2026-06-16,2026-06-22,Troca de componente,26.8,Resolvido
215,215,2025-11-30,2025-12-11,Limpeza técnica,32.0,Resolvido
216,216,2025-09-05,2025-09-11,Reparo de placa,16.0,Retorno
217,217,2026-03-26,2026-04-04,Atualização de software,12.5,Resolvido
218,218,2026-02-26,2026-03-01,Limpeza técnica,14.5,Resolvido
219,219,2025-10-22,2025-10-26,Limpeza técnica,10.6,Resolvido
220,220,2026-06-19,2026-06-20,Reparo de placa,2.8,Retorno
221,221,2025-10-20,2025-10-21,Atualização de software,7.4,Resolvido
223,223,2025-12-21,2025-12-26,Troca de componente,13.2,Resolvido
224,224,2026-05-07,2026-05-14,Reparo de placa,13.3,Resolvido
225,225,2025-11-04,2025-11-06,Reparo de placa,11.8,Resolvido
226,226,2026-06-25,2026-06-25,Reparo de placa,2.4,Resolvido
227,227,2026-05-28,2026-05-28,Reparo de placa,3.4,Retorno
228,228,2026-03-13,2026-03-14,Reparo de placa,2.4,Resolvido
229,229,2025-12-06,2025-12-14,Reparo de placa,32.6,Resolvido
230,230,2025-11-24,2025-12-01,Atualização de software,13.8,Retorno
231,231,2025-07-08,2025-07-08,Atualização de software,3.5,Resolvido
232,232,2025-07-29,2025-08-08,Limpeza técnica,12.4,Resolvido
233,233,2026-05-13,2026-05-15,Reparo de placa,8.0,Resolvido
234,234,2025-09-22,2025-09-23,Reparo de placa,4.0,Resolvido
235,235,2025-08-16,2025-08-21,Reparo de placa,22.9,Resolvido
237,237,2026-02-01,2026-02-07,Atualização de software,22.7,Resolvido
238,238,2026-05-13,2026-05-19,Reparo de placa,13.5,Resolvido
239,239,2026-03-31,2026-04-07,Troca de componente,31.8,Resolvido
240,240,2025-08-16,2025-08-27,Troca de componente,23.7,Resolvido
241,241,2025-08-24,2025-09-03,Reparo de placa,15.0,Resolvido
242,242,2026-03-26,2026-03-30,Atualização de software,18.2,Resolvido
244,244,2025-09-23,2025-09-23,Reparo de placa,2.4,Resolvido
245,245,2025-10-30,2025-11-02,Reparo de placa,6.5,Resolvido
247,247,2025-10-18,2025-10-23,Reparo de placa,16.2,Resolvido
248,248,2025-09-04,2025-09-17,Reparo de placa,40.3,Resolvido
250,250,2026-05-06,2026-05-08,Troca de componente,4.3,Resolvido
251,251,2025-08-14,2025-08-21,Reparo de placa,24.6,Resolvido
252,252,2026-04-02,2026-04-08,Reparo de placa,15.4,Resolvido
253,253,2026-01-03,2026-01-05,Troca de componente,9.6,Resolvido
254,254,2026-04-21,2026-05-04,Limpeza técnica,34.7,Resolvido
255,255,2026-01-22,2026-01-24,Atualização de software,3.5,Resolvido
256,256,2026-04-06,2026-04-08,Limpeza técnica,3.1,Resolvido
258,258,2026-02-18,2026-02-24,Limpeza técnica,16.4,Resolvido
259,259,2025-07-28,2025-07-31,Troca de componente,14.7,Resolvido
260,260,2026-04-11,2026-04-18,Atualização de software,18.7,Resolvido
261,261,2025-10-16,2025-10-24,Reparo de placa,27.6,Resolvido
262,262,2026-03-15,2026-03-23,Reparo de placa,15.0,Resolvido
263,263,2026-01-13,2026-01-18,Reparo de placa,23.2,Retorno
265,265,2025-12-30,2026-01-07,Atualização de software,30.5,Resolvido
266,266,2026-01-28,2026-02-02,Troca de componente,10.9,Resolvido
267,267,2026-04-29,2026-05-12,Limpeza técnica,27.4,Resolvido
269,269,2026-05-15,2026-05-20,Reparo de placa,17.7,Resolvido
270,270,2025-09-30,2025-10-06,Troca de componente,26.2,Resolvido
271,271,2025-07-24,2025-07-24,Reparo de placa,2.6,Resolvido
272,272,2025-11-14,2025-11-23,Limpeza técnica,38.2,Resolvido
273,273,2025-09-21,2025-09-28,Troca de componente,26.5,Resolvido
274,274,2026-03-16,2026-03-20,Troca de componente,18.0,Resolvido
275,275,2026-02-10,2026-02-13,Atualização de software,5.1,Resolvido
276,276,2025-08-01,2025-08-09,Troca de componente,28.7,Resolvido
277,277,2026-06-01,2026-06-06,Troca de componente,7.9,Resolvido
278,278,2025-12-26,2026-01-06,Atualização de software,30.8,Resolvido
279,279,2026-05-25,2026-06-07,Limpeza técnica,17.3,Resolvido
282,282,2025-07-19,2025-07-26,Atualização de software,21.7,Resolvido
283,283,2026-01-12,2026-01-23,Troca de componente,31.5,Resolvido
284,284,2025-11-02,2025-11-11,Troca de componente,22.0,Resolvido
285,285,2026-06-13,2026-06-18,Reparo de placa,22.9,Resolvido
288,288,2025-09-12,2025-09-14,Troca de componente,7.2,Resolvido
290,290,2025-07-12,2025-07-21,Limpeza técnica,19.7,Resolvido
292,292,2025-12-10,2025-12-22,Limpeza técnica,22.8,Resolvido
293,293,2025-11-18,2025-11-27,Reparo de placa,29.0,Resolvido
294,294,2025-07-13,2025-07-25,Troca de componente,47.8,Resolvido
295,295,2026-06-14,2026-06-16,Reparo de placa,10.4,Resolvido
296,296,2026-05-09,2026-05-22,Atualização de software,24.3,Resolvido
297,297,2026-05-03,2026-05-16,Reparo de placa,22.6,Resolvido
298,298,2025-11-19,2025-11-26,Atualização de software,30.3,Resolvido
299,299,2025-07-15,2025-07-23,Limpeza técnica,14.2,Resolvido
300,300,2025-11-26,2025-12-07,Atualização de software,36.4,Resolvido
301,301,2026-05-24,2026-06-01,Limpeza técnica,11.5,Resolvido
302,302,2025-09-28,2025-09-30,Reparo de placa,10.0,Resolvido
303,303,2025-09-22,2025-10-04,Troca de componente,26.9,Resolvido
305,305,2025-10-06,2025-10-10,Atualização de software,14.2,Retorno
306,306,2026-06-19,2026-06-19,Atualização de software,1.1,Resolvido
308,308,2025-09-18,2025-09-20,Reparo de placa,9.8,Resolvido
309,309,2025-11-25,2025-11-25,Atualização de software,2.7,Resolvido
311,311,2026-06-30,2026-06-30,Atualização de software,1.7,Resolvido
313,313,2026-01-13,2026-01-26,Reparo de placa,28.3,Resolvido
314,314,2025-07-28,2025-08-05,Troca de componente,20.5,Resolvido
315,315,2025-08-24,2025-08-28,Limpeza técnica,13.0,Resolvido
316,316,2025-08-08,2025-08-19,Reparo de placa,42.1,Resolvido
318,318,2025-07-24,2025-07-29,Limpeza técnica,20.8,Resolvido
320,320,2026-04-03,2026-04-14,Atualização de software,12.9,Resolvido
321,321,2026-03-03,2026-03-14,Atualização de software,23.3,Resolvido
322,322,2025-09-22,2025-09-27,Limpeza técnica,14.2,Resolvido
323,323,2026-02-13,2026-02-16,Troca de componente,8.4,Resolvido
324,324,2025-10-18,2025-10-30,Limpeza técnica,14.8,Resolvido
325,325,2026-01-11,2026-01-14,Troca de componente,12.6,Resolvido
327,327,2026-01-22,2026-02-02,Limpeza técnica,40.9,Resolvido
328,328,2025-12-04,2025-12-09,Atualização de software,19.6,Resolvido
329,329,2026-01-16,2026-01-20,Limpeza técnica,14.1,Resolvido
330,330,2026-03-04,2026-03-11,Reparo de placa,10.7,Resolvido
331,331,2026-01-05,2026-01-12,Troca de componente,21.6,Resolvido
332,332,2026-01-31,2026-02-12,Limpeza técnica,16.2,Resolvido
333,333,2026-01-31,2026-02-03,Atualização de software,7.6,Resolvido
334,334,2026-04-12,2026-04-18,Atualização de software,7.8,Resolvido
335,335,2026-06-21,2026-06-21,Troca de componente,2.2,Resolvido
336,336,2026-01-27,2026-01-30,Limpeza técnica,6.8,Resolvido
337,337,2025-12-27,2025-12-31,Troca de componente,12.2,Resolvido
338,338,2025-10-15,2025-10-15,Limpeza técnica,3.1,Resolvido
339,339,2025-11-10,2025-11-22,Limpeza técnica,40.7,Resolvido
340,340,2026-06-06,2026-06-09,Atualização de software,7.3,Resolvido
341,341,2025-12-05,2025-12-08,Atualização de software,15.3,Resolvido
342,342,2025-07-12,2025-07-25,Atualização de software,28.9,Resolvido
343,343,2025-11-14,2025-11-25,Reparo de placa,27.7,Resolvido
344,344,2025-12-03,2025-12-09,Troca de componente,12.1,Resolvido
345,345,2025-11-03,2025-11-04,Reparo de placa,3.3,Resolvido
346,346,2026-04-06,2026-04-16,Limpeza técnica,30.4,Resolvido
347,347,2026-03-07,2026-03-10,Atualização de software,14.3,Resolvido
348,348,2026-05-07,2026-05-12,Limpeza técnica,23.9,Resolvido
349,349,2025-09-16,2025-09-29,Reparo de placa,38.0,Resolvido
352,352,2026-02-14,2026-02-17,Atualização de software,12.4,Retorno
354,354,2026-06-22,2026-06-26,Reparo de placa,16.6,Resolvido
355,355,2025-07-22,2025-08-04,Limpeza técnica,40.9,Resolvido
356,356,2025-07-13,2025-07-13,Reparo de placa,1.4,Resolvido
357,357,2025-10-20,2025-10-20,Troca de componente,2.5,Resolvido
358,358,2025-09-14,2025-09-14,Troca de componente,3.1,Resolvido
359,359,2026-02-09,2026-02-12,Atualização de software,10.5,Resolvido
360,360,2026-03-26,2026-03-30,Troca de componente,11.5,Resolvido
361,361,2025-08-13,2025-08-14,Atualização de software,2.4,Resolvido
362,362,2026-03-14,2026-03-24,Troca de componente,33.3,Resolvido
364,364,2026-03-03,2026-03-09,Reparo de placa,10.7,Resolvido
365,365,2026-01-18,2026-01-23,Limpeza técnica,11.8,Resolvido
366,366,2026-03-08,2026-03-11,Troca de componente,10.7,Resolvido
367,367,2026-06-15,2026-06-24,Reparo de placa,28.4,Resolvido
368,368,2026-04-29,2026-04-30,Troca de componente,2.7,Resolvido
369,369,2026-04-21,2026-04-21,Limpeza técnica,3.7,Resolvido
370,370,2026-02-20,2026-02-20,Reparo de placa,1.5,Resolvido
371,371,2025-08-13,2025-08-26,Troca de componente,21.8,Resolvido
372,372,2025-07-15,2025-07-25,Troca de componente,20.7,Resolvido
373,373,2025-11-01,2025-11-13,Troca de componente,42.5,Resolvido
374,374,2025-07-17,2025-07-22,Limpeza técnica,20.3,Resolvido
376,376,2025-12-21,2026-01-02,Reparo de placa,48.5,Resolvido
377,377,2025-12-23,2026-01-04,Limpeza técnica,15.5,Resolvido
378,378,2026-06-25,2026-07-05,Troca de componente,39.4,Resolvido
379,379,2025-09-03,2025-09-13,Reparo de placa,42.8,Resolvido
380,380,2026-05-06,2026-05-08,Troca de componente,4.5,Resolvido
381,381,2026-01-26,2026-02-06,Troca de componente,28.5,Resolvido
382,382,2025-09-16,2025-09-25,Limpeza técnica,14.6,Resolvido
384,384,2025-08-09,2025-08-18,Reparo de placa,39.9,Resolvido
385,385,2026-05-02,2026-05-14,Atualização de software,13.6,Resolvido
386,386,2026-05-09,2026-05-14,Limpeza técnica,7.6,Resolvido
387,387,2025-08-22,2025-08-30,Limpeza técnica,23.9,Resolvido
388,388,2026-01-03,2026-01-15,Reparo de placa,45.1,Resolvido
389,389,2026-06-25,2026-06-29,Limpeza técnica,6.7,Retorno
390,390,2026-01-13,2026-01-17,Limpeza técnica,16.9,Retorno
391,391,2025-10-18,2025-10-24,Limpeza técnica,8.3,Resolvido
392,392,2026-06-07,2026-06-07,Limpeza técnica,3.8,Resolvido
393,393,2026-04-22,2026-04-30,Reparo de placa,34.6,Resolvido
397,397,2025-09-07,2025-09-16,Troca de componente,11.8,Resolvido
398,398,2026-02-10,2026-02-16,Troca de componente,16.6,Resolvido
399,399,2026-02-05,2026-02-05,Limpeza técnica,3.6,Resolvido
400,400,2025-10-10,2025-10-15,Limpeza técnica,10.3,Resolvido
401,401,2026-06-08,2026-06-19,Limpeza técnica,23.8,Resolvido
404,404,2026-02-07,2026-02-19,Atualização de software,23.1,Resolvido
407,407,2026-03-12,2026-03-13,Reparo de placa,2.5,Resolvido
408,408,2025-09-14,2025-09-26,Troca de componente,25.8,Resolvido
409,409,2026-02-13,2026-02-17,Limpeza técnica,7.8,Resolvido
411,411,2025-09-07,2025-09-16,Troca de componente,18.1,Resolvido
412,412,2026-04-14,2026-04-22,Atualização de software,16.5,Resolvido
414,414,2026-01-14,2026-01-14,Limpeza técnica,2.9,Resolvido
417,417,2026-02-14,2026-02-15,Atualização de software,6.9,Resolvido
418,418,2025-09-23,2025-09-27,Limpeza técnica,5.9,Resolvido
419,419,2025-12-28,2026-01-01,Limpeza técnica,14.2,Resolvido
420,420,2025-07-31,2025-08-09,Atualização de software,24.7,Resolvido
421,421,2026-05-15,2026-05-23,Reparo de placa,13.1,Resolvido
422,422,2026-04-06,2026-04-12,Reparo de placa,15.4,Resolvido
423,423,2025-10-28,2025-11-01,Troca de componente,19.5,Resolvido
426,426,2025-09-20,2025-09-27,Atualização de software,25.5,Resolvido
427,427,2025-07-25,2025-08-05,Atualização de software,15.2,Resolvido
428,428,2026-04-21,2026-04-26,Limpeza técnica,8.4,Resolvido
430,430,2026-03-27,2026-03-29,Troca de componente,7.2,Resolvido
431,431,2026-01-10,2026-01-23,Limpeza técnica,20.9,Resolvido
432,432,2026-03-24,2026-03-30,Limpeza técnica,12.4,Resolvido
433,433,2026-02-17,2026-02-19,Reparo de placa,5.0,Retorno
434,434,2025-11-12,2025-11-17,Limpeza técnica,7.4,Resolvido
435,435,2025-11-01,2025-11-08,Atualização de software,26.6,Resolvido
436,436,2026-06-09,2026-06-21,Limpeza técnica,36.9,Resolvido
438,438,2026-01-30,2026-02-03,Limpeza técnica,13.7,Resolvido
440,440,2026-02-15,2026-02-17,Atualização de software,9.7,Resolvido
442,442,2026-03-12,2026-03-25,Reparo de placa,49.0,Resolvido
443,443,2025-07-11,2025-07-22,Limpeza técnica,38.7,Resolvido
444,444,2026-05-19,2026-05-26,Reparo de placa,9.2,Resolvido
445,445,2025-07-28,2025-08-05,Atualização de software,33.4,Resolvido
447,447,2026-01-01,2026-01-10,Limpeza técnica,16.5,Resolvido
448,448,2026-06-22,2026-07-01,Atualização de software,25.0,Resolvido
450,450,2026-05-11,2026-05-17,Limpeza técnica,10.4,Resolvido
451,451,2025-09-20,2025-10-01,Atualização de software,22.4,Resolvido
452,452,2025-08-06,2025-08-19,Troca de componente,28.4,Resolvido
453,453,2026-06-28,2026-07-04,Reparo de placa,19.1,Resolvido
454,454,2026-05-04,2026-05-07,Atualização de software,4.4,Resolvido
455,455,2025-09-28,2025-10-11,Troca de componente,26.3,Resolvido
456,456,2025-09-29,2025-10-07,Reparo de placa,28.3,Resolvido
457,457,2025-08-06,2025-08-17,Reparo de placa,35.2,Resolvido
458,458,2026-05-09,2026-05-15,Reparo de placa,22.6,Resolvido
459,459,2025-08-18,2025-08-20,Reparo de placa,5.4,Resolvido
461,461,2025-07-14,2025-07-16,Reparo de placa,7.6,Resolvido
464,464,2026-06-18,2026-06-29,Reparo de placa,31.7,Resolvido
466,466,2026-05-23,2026-06-01,Atualização de software,24.0,Resolvido
467,467,2026-02-17,2026-02-25,Atualização de software,35.9,Retorno
470,470,2025-11-16,2025-11-24,Limpeza técnica,18.3,Resolvido
471,471,2026-01-20,2026-02-02,Troca de componente,16.1,Resolvido
473,473,2025-09-24,2025-10-03,Limpeza técnica,28.1,Resolvido
474,474,2026-05-22,2026-06-02,Reparo de placa,38.0,Retorno
475,475,2025-08-26,2025-08-29,Limpeza técnica,6.4,Resolvido
476,476,2025-08-05,2025-08-05,Atualização de software,1.4,Resolvido
477,477,2026-01-28,2026-02-01,Limpeza técnica,10.9,Resolvido
478,478,2025-08-11,2025-08-11,Limpeza técnica,2.9,Resolvido
479,479,2026-04-06,2026-04-06,Atualização de software,2.8,Resolvido
480,480,2026-04-07,2026-04-15,Limpeza técnica,16.4,Resolvido
481,481,2026-04-14,2026-04-23,Troca de componente,10.3,Resolvido
482,482,2025-11-17,2025-11-30,Troca de componente,53.5,Resolvido
483,483,2026-03-05,2026-03-10,Troca de componente,7.6,Resolvido
484,484,2025-10-27,2025-11-06,Atualização de software,18.8,Retorno
485,485,2025-11-25,2025-11-29,Atualização de software,6.2,Resolvido
487,487,2026-03-16,2026-03-17,Troca de componente,7.8,Resolvido
488,488,2025-07-26,2025-07-30,Atualização de software,15.6,Resolvido
489,489,2026-04-04,2026-04-14,Reparo de placa,35.5,Resolvido
490,490,2026-04-18,2026-04-26,Atualização de software,33.0,Resolvido
491,491,2026-06-21,2026-07-01,Troca de componente,25.5,Resolvido
492,492,2025-11-13,2025-11-16,Reparo de placa,10.6,Resolvido
493,493,2025-09-24,2025-10-03,Troca de componente,29.4,Resolvido
494,494,2025-09-07,2025-09-16,Atualização de software,16.2,Resolvido
496,496,2025-11-05,2025-11-18,Troca de componente,42.0,Resolvido
498,498,2026-03-20,2026-03-21,Limpeza técnica,2.6,Resolvido
499,499,2025-10-30,2025-11-04,Limpeza técnica,6.3,Resolvido
502,502,2025-08-12,2025-08-20,Reparo de placa,14.7,Resolvido
503,503,2025-12-04,2025-12-16,Atualização de software,33.1,Resolvido
504,504,2025-12-21,2025-12-27,Reparo de placa,13.4,Resolvido
505,505,2025-11-11,2025-11-22,Limpeza técnica,33.0,Resolvido
506,506,2025-10-26,2025-10-30,Troca de componente,12.8,Resolvido
507,507,2026-01-09,2026-01-21,Limpeza técnica,17.8,Resolvido
508,508,2026-02-14,2026-02-24,Limpeza técnica,29.9,Resolvido
509,509,2026-03-18,2026-03-18,Reparo de placa,1.0,Resolvido
510,510,2026-01-20,2026-01-25,Reparo de placa,9.8,Resolvido
511,511,2026-05-03,2026-05-07,Limpeza técnica,7.4,Resolvido
512,512,2026-02-13,2026-02-14,Troca de componente,7.9,Resolvido
513,513,2025-08-06,2025-08-18,Atualização de software,17.8,Resolvido
514,514,2025-09-27,2025-10-08,Troca de componente,30.5,Resolvido
515,515,2026-03-16,2026-03-28,Limpeza técnica,46.0,Resolvido
516,516,2025-12-26,2026-01-06,Reparo de placa,33.1,Retorno
517,517,2025-10-24,2025-10-30,Troca de componente,9.0,Resolvido
518,518,2025-10-03,2025-10-07,Reparo de placa,17.6,Resolvido
519,519,2026-01-11,2026-01-20,Atualização de software,19.4,Resolvido
520,520,2026-01-25,2026-01-29,Limpeza técnica,17.9,Resolvido
521,521,2025-12-18,2025-12-31,Reparo de placa,43.0,Resolvido
522,522,2026-05-19,2026-06-01,Limpeza técnica,52.8,Resolvido
523,523,2025-08-10,2025-08-22,Atualização de software,44.2,Resolvido
524,524,2025-09-13,2025-09-21,Troca de componente,18.0,Retorno
526,526,2025-10-07,2025-10-17,Troca de componente,29.8,Resolvido
527,527,2025-10-03,2025-10-15,Troca de componente,32.5,Retorno
528,528,2025-12-12,2025-12-19,Reparo de placa,27.4,Resolvido
529,529,2026-03-30,2026-03-31,Reparo de placa,6.0,Resolvido
530,530,2026-03-20,2026-03-30,Reparo de placa,40.4,Resolvido
532,532,2026-05-07,2026-05-20,Reparo de placa,36.9,Retorno
533,533,2025-09-22,2025-10-03,Troca de componente,40.4,Resolvido
534,534,2026-02-22,2026-02-26,Atualização de software,13.3,Resolvido
535,535,2026-05-20,2026-05-23,Limpeza técnica,14.6,Resolvido
536,536,2026-02-27,2026-03-02,Limpeza técnica,14.0,Resolvido
537,537,2026-03-22,2026-03-24,Limpeza técnica,11.3,Resolvido
538,538,2026-02-20,2026-03-01,Troca de componente,23.0,Resolvido
539,539,2026-01-08,2026-01-20,Atualização de software,22.7,Resolvido
541,541,2026-05-21,2026-05-24,Limpeza técnica,10.0,Resolvido
542,542,2026-05-06,2026-05-15,Limpeza técnica,29.0,Resolvido
543,543,2026-01-04,2026-01-09,Atualização de software,20.2,Resolvido
544,544,2026-01-26,2026-02-05,Reparo de placa,12.3,Retorno
545,545,2026-01-25,2026-01-26,Atualização de software,2.4,Resolvido
546,546,2026-03-10,2026-03-13,Troca de componente,11.5,Resolvido
547,547,2026-01-06,2026-01-08,Limpeza técnica,3.4,Resolvido
548,548,2026-01-22,2026-01-23,Reparo de placa,6.8,Resolvido
550,550,2025-11-15,2025-11-25,Atualização de software,11.8,Resolvido
551,551,2025-07-06,2025-07-08,Troca de componente,9.9,Resolvido
552,552,2025-08-07,2025-08-09,Limpeza técnica,3.8,Resolvido
553,553,2026-06-18,2026-06-28,Troca de componente,34.8,Resolvido
555,555,2026-01-30,2026-02-08,Troca de componente,10.9,Resolvido
557,557,2026-05-14,2026-05-14,Troca de componente,3.8,Resolvido
558,558,2026-06-20,2026-06-28,Limpeza técnica,23.5,Resolvido
559,559,2026-06-08,2026-06-12,Troca de componente,6.2,Resolvido
560,560,2026-06-13,2026-06-25,Atualização de software,27.8,Resolvido
561,561,2025-11-19,2025-11-30,Reparo de placa,23.1,Resolvido
562,562,2025-12-23,2026-01-05,Atualização de software,25.5,Resolvido
563,563,2026-02-12,2026-02-14,Troca de componente,4.6,Resolvido
564,564,2025-10-19,2025-10-23,Limpeza técnica,13.4,Resolvido
565,565,2026-05-09,2026-05-22,Troca de componente,40.5,Resolvido
567,567,2026-03-08,2026-03-21,Troca de componente,36.0,Resolvido
568,568,2026-05-17,2026-05-19,Atualização de software,3.5,Resolvido
569,569,2025-10-19,2025-10-25,Reparo de placa,13.2,Resolvido
570,570,2025-12-26,2025-12-30,Limpeza técnica,13.2,Resolvido
572,572,2025-12-12,2025-12-17,Reparo de placa,15.5,Resolvido
573,573,2026-02-18,2026-03-01,Limpeza técnica,12.3,Resolvido
574,574,2025-09-27,2025-10-10,Troca de componente,25.9,Resolvido
575,575,2025-12-24,2025-12-30,Limpeza técnica,23.3,Resolvido
576,576,2025-07-04,2025-07-14,Reparo de placa,33.8,Resolvido
577,577,2026-02-03,2026-02-07,Atualização de software,18.6,Resolvido
578,578,2025-07-30,2025-08-08,Limpeza técnica,25.4,Resolvido
579,579,2025-07-23,2025-08-04,Atualização de software,30.4,Resolvido
581,581,2026-03-03,2026-03-08,Troca de componente,23.4,Resolvido
583,583,2026-02-09,2026-02-17,Atualização de software,28.9,Resolvido
584,584,2025-11-26,2025-12-08,Limpeza técnica,20.8,Resolvido
585,585,2025-07-25,2025-08-01,Atualização de software,11.7,Resolvido
586,586,2025-12-05,2025-12-06,Atualização de software,4.4,Resolvido
588,588,2026-01-03,2026-01-13,Reparo de placa,28.8,Resolvido
589,589,2025-07-03,2025-07-08,Troca de componente,10.9,Resolvido
590,590,2025-09-28,2025-10-04,Atualização de software,21.7,Resolvido
591,591,2026-06-20,2026-06-29,Atualização de software,34.7,Resolvido
592,592,2025-08-07,2025-08-08,Reparo de placa,3.0,Resolvido
593,593,2026-03-19,2026-03-29,Atualização de software,39.8,Resolvido
594,594,2025-09-28,2025-10-05,Troca de componente,22.5,Resolvido
595,595,2025-11-29,2025-12-04,Troca de componente,22.6,Resolvido
596,596,2025-11-02,2025-11-08,Reparo de placa,15.5,Resolvido
597,597,2025-11-25,2025-12-07,Atualização de software,45.2,Resolvido
598,598,2025-07-11,2025-07-14,Atualização de software,6.4,Retorno
599,599,2026-04-23,2026-04-30,Troca de componente,25.9,Resolvido
601,601,2025-07-22,2025-07-26,Limpeza técnica,11.3,Resolvido
602,602,2026-06-03,2026-06-14,Troca de componente,38.7,Resolvido
603,603,2025-10-04,2025-10-06,Troca de componente,9.5,Resolvido
604,604,2025-09-26,2025-10-04,Atualização de software,9.1,Resolvido
606,606,2025-11-03,2025-11-07,Reparo de placa,17.5,Resolvido
608,608,2026-02-25,2026-02-25,Atualização de software,3.3,Resolvido
609,609,2025-12-16,2025-12-18,Atualização de software,11.3,Resolvido
610,610,2026-02-16,2026-03-01,Atualização de software,18.2,Resolvido
611,611,2026-06-04,2026-06-14,Reparo de placa,19.3,Resolvido
612,612,2025-08-20,2025-08-26,Atualização de software,25.9,Resolvido
613,613,2025-08-07,2025-08-19,Troca de componente,37.1,Resolvido
614,614,2025-08-04,2025-08-06,Troca de componente,11.3,Resolvido
615,615,2025-09-05,2025-09-14,Reparo de placa,34.4,Resolvido
617,617,2026-06-23,2026-07-01,Reparo de placa,27.9,Resolvido
618,618,2025-10-27,2025-11-07,Reparo de placa,33.6,Resolvido
620,620,2025-08-25,2025-09-03,Atualização de software,31.0,Resolvido
621,621,2026-04-08,2026-04-14,Troca de componente,22.8,Resolvido
623,623,2026-01-17,2026-01-18,Troca de componente,5.6,Resolvido
624,624,2026-06-17,2026-06-18,Atualização de software,5.8,Resolvido
626,626,2026-02-02,2026-02-02,Atualização de software,1.2,Resolvido
628,628,2025-09-29,2025-10-12,Limpeza técnica,48.5,Resolvido
629,629,2026-05-15,2026-05-18,Troca de componente,12.2,Resolvido
630,630,2025-08-22,2025-08-30,Limpeza técnica,19.8,Resolvido
631,631,2026-05-31,2026-06-13,Troca de componente,35.2,Resolvido
633,633,2026-02-03,2026-02-10,Atualização de software,17.7,Resolvido
634,634,2026-05-20,2026-05-23,Atualização de software,4.2,Resolvido
636,636,2025-07-06,2025-07-16,Troca de componente,42.4,Resolvido
638,638,2025-11-08,2025-11-19,Troca de componente,39.1,Resolvido
639,639,2026-05-03,2026-05-05,Reparo de placa,6.4,Resolvido
640,640,2025-07-11,2025-07-12,Troca de componente,3.4,Resolvido
641,641,2026-03-17,2026-03-30,Atualização de software,47.0,Resolvido
642,642,2025-12-05,2025-12-14,Troca de componente,25.4,Resolvido
646,646,2025-10-26,2025-10-26,Atualização de software,2.3,Resolvido
648,648,2025-12-15,2025-12-18,Troca de componente,5.9,Resolvido
649,649,2026-02-25,2026-03-03,Limpeza técnica,17.6,Resolvido
650,650,2026-06-06,2026-06-18,Limpeza técnica,46.5,Resolvido
651,651,2026-02-22,2026-03-07,Limpeza técnica,46.6,Resolvido
653,653,2026-02-26,2026-03-11,Reparo de placa,22.4,Resolvido
654,654,2026-04-24,2026-05-05,Troca de componente,29.4,Resolvido
655,655,2026-01-04,2026-01-06,Limpeza técnica,6.6,Resolvido
657,657,2026-03-06,2026-03-10,Reparo de placa,8.9,Resolvido
658,658,2026-05-07,2026-05-10,Atualização de software,13.5,Resolvido
660,660,2025-12-19,2025-12-30,Limpeza técnica,34.3,Resolvido
661,661,2025-08-11,2025-08-16,Reparo de placa,22.3,Resolvido
662,662,2026-04-01,2026-04-05,Limpeza técnica,8.7,Resolvido
665,665,2026-04-15,2026-04-27,Limpeza técnica,43.0,Resolvido
666,666,2025-07-26,2025-07-31,Troca de componente,10.6,Resolvido
667,667,2026-04-29,2026-05-02,Limpeza técnica,5.5,Resolvido
668,668,2025-08-12,2025-08-21,Troca de componente,39.7,Resolvido
669,669,2025-08-21,2025-09-02,Atualização de software,31.5,Retorno
670,670,2025-11-25,2025-11-26,Atualização de software,5.2,Resolvido
671,671,2026-01-08,2026-01-17,Troca de componente,20.5,Resolvido
672,672,2026-04-08,2026-04-08,Limpeza técnica,2.8,Resolvido
673,673,2025-08-29,2025-08-30,Atualização de software,5.0,Resolvido
674,674,2026-04-21,2026-04-23,Reparo de placa,8.8,Resolvido
675,675,2026-01-10,2026-01-17,Atualização de software,20.0,Retorno
677,677,2025-12-01,2025-12-06,Limpeza técnica,6.9,Retorno
678,678,2026-06-04,2026-06-04,Atualização de software,2.8,Resolvido
679,679,2025-10-03,2025-10-12,Troca de componente,16.4,Resolvido
680,680,2026-06-06,2026-06-06,Atualização de software,1.3,Resolvido
681,681,2026-04-07,2026-04-13,Limpeza técnica,18.0,Resolvido
682,682,2026-03-11,2026-03-16,Atualização de software,20.2,Resolvido
683,683,2026-04-03,2026-04-09,Atualização de software,11.1,Resolvido
684,684,2026-05-10,2026-05-10,Troca de componente,1.3,Resolvido
686,686,2026-04-07,2026-04-17,Limpeza técnica,31.4,Resolvido
687,687,2026-05-23,2026-06-03,Limpeza técnica,25.5,Resolvido
688,688,2026-02-24,2026-03-07,Limpeza técnica,37.0,Resolvido
689,689,2026-02-14,2026-02-21,Troca de componente,27.1,Resolvido
691,691,2025-10-21,2025-10-23,Atualização de software,10.8,Resolvido
693,693,2026-01-02,2026-01-05,Atualização de software,13.1,Resolvido
694,694,2025-08-20,2025-08-23,Troca de componente,6.7,Resolvido
695,695,2025-08-30,2025-09-06,Reparo de placa,23.5,Resolvido
697,697,2025-08-28,2025-09-02,Atualização de software,18.4,Resolvido
698,698,2025-09-15,2025-09-28,Troca de componente,18.8,Resolvido
699,699,2025-10-14,2025-10-16,Atualização de software,10.4,Resolvido
700,700,2026-01-14,2026-01-16,Troca de componente,7.2,Resolvido
701,701,2025-08-14,2025-08-16,Troca de componente,3.5,Resolvido
702,702,2026-02-09,2026-02-21,Reparo de placa,50.3,Resolvido
703,703,2025-08-29,2025-09-06,Troca de componente,32.2,Resolvido
704,704,2025-10-08,2025-10-17,Atualização de software,13.6,Resolvido
706,706,2026-06-14,2026-06-20,Reparo de placa,16.0,Resolvido
707,707,2026-04-07,2026-04-20,Limpeza técnica,24.1,Resolvido
708,708,2026-03-28,2026-03-29,Troca de componente,6.0,Resolvido
711,711,2025-08-28,2025-09-03,Reparo de placa,18.6,Resolvido
712,712,2026-02-21,2026-03-03,Atualização de software,30.7,Resolvido
713,713,2026-01-11,2026-01-23,Limpeza técnica,16.0,Resolvido
714,714,2026-05-28,2026-06-07,Troca de componente,25.1,Resolvido
715,715,2025-09-07,2025-09-11,Limpeza técnica,7.8,Resolvido
717,717,2026-02-03,2026-02-08,Reparo de placa,10.1,Resolvido
719,719,2025-10-12,2025-10-22,Troca de componente,30.5,Resolvido
720,720,2025-12-29,2026-01-08,Reparo de placa,43.4,Resolvido
721,721,2025-10-05,2025-10-05,Limpeza técnica,3.3,Resolvido
722,722,2026-06-27,2026-07-04,Atualização de software,29.8,Resolvido
723,723,2026-07-01,2026-07-14,Atualização de software,47.0,Resolvido
724,724,2026-02-11,2026-02-12,Troca de componente,7.1,Retorno
725,725,2025-09-10,2025-09-11,Troca de componente,6.6,Resolvido
726,726,2025-10-06,2025-10-17,Troca de componente,33.4,Resolvido
727,727,2025-10-23,2025-10-31,Reparo de placa,11.7,Resolvido
728,728,2025-11-23,2025-11-27,Atualização de software,19.0,Resolvido
729,729,2026-03-15,2026-03-19,Reparo de placa,5.4,Resolvido
730,730,2025-08-29,2025-09-02,Troca de componente,6.8,Resolvido
731,731,2025-07-31,2025-08-01,Troca de componente,5.5,Resolvido
732,732,2025-09-12,2025-09-15,Troca de componente,12.7,Resolvido
733,733,2025-07-11,2025-07-20,Reparo de placa,14.6,Resolvido
734,734,2025-08-01,2025-08-08,Limpeza técnica,22.3,Resolvido
735,735,2025-12-01,2025-12-08,Troca de componente,25.0,Resolvido
736,736,2025-12-09,2025-12-19,Limpeza técnica,36.1,Retorno
737,737,2025-11-15,2025-11-21,Atualização de software,25.0,Resolvido
741,741,2025-11-24,2025-11-25,Atualização de software,2.7,Resolvido
742,742,2025-08-08,2025-08-14,Atualização de software,21.2,Resolvido
743,743,2025-09-26,2025-10-03,Atualização de software,27.9,Retorno
744,744,2025-09-19,2025-09-19,Limpeza técnica,3.8,Resolvido
745,745,2025-10-15,2025-10-19,Troca de componente,11.4,Resolvido
746,746,2025-09-21,2025-09-21,Limpeza técnica,3.0,Resolvido
747,747,2026-03-15,2026-03-22,Limpeza técnica,27.8,Resolvido
748,748,2025-09-21,2025-10-03,Atualização de software,22.2,Retorno
749,749,2026-03-04,2026-03-12,Atualização de software,11.2,Resolvido
750,750,2026-03-09,2026-03-21,Limpeza técnica,43.6,Resolvido
751,751,2026-03-07,2026-03-11,Troca de componente,17.5,Resolvido
752,752,2025-10-13,2025-10-21,Atualização de software,35.2,Resolvido
753,753,2025-10-15,2025-10-22,Limpeza técnica,29.8,Resolvido
754,754,2026-01-24,2026-01-25,Atualização de software,4.6,Resolvido
755,755,2025-10-17,2025-10-22,Troca de componente,6.2,Resolvido
756,756,2025-10-12,2025-10-21,Limpeza técnica,15.9,Resolvido
757,757,2026-01-08,2026-01-18,Reparo de placa,23.4,Resolvido
758,758,2026-05-25,2026-05-29,Atualização de software,9.3,Resolvido
759,759,2025-08-22,2025-08-22,Limpeza técnica,2.5,Resolvido
761,761,2026-06-14,2026-06-16,Limpeza técnica,9.6,Resolvido
762,762,2026-02-14,2026-02-21,Limpeza técnica,8.5,Resolvido
763,763,2026-03-07,2026-03-11,Limpeza técnica,8.2,Resolvido
766,766,2025-11-06,2025-11-18,Atualização de software,13.6,Resolvido
767,767,2026-02-17,2026-02-22,Reparo de placa,16.7,Resolvido
768,768,2025-12-21,2025-12-27,Reparo de placa,8.5,Resolvido
770,770,2026-05-18,2026-05-25,Troca de componente,22.0,Resolvido
771,771,2026-05-06,2026-05-16,Reparo de placa,39.1,Resolvido
772,772,2025-07-31,2025-08-05,Reparo de placa,18.9,Resolvido
773,773,2026-05-31,2026-06-12,Atualização de software,46.2,Resolvido
774,774,2026-01-06,2026-01-19,Reparo de placa,18.6,Resolvido
775,775,2025-11-13,2025-11-24,Atualização de software,34.7,Resolvido
776,776,2025-12-14,2025-12-16,Limpeza técnica,5.8,Resolvido
777,777,2026-05-09,2026-05-16,Troca de componente,31.3,Resolvido
779,779,2025-09-25,2025-09-28,Atualização de software,15.0,Resolvido
780,780,2026-06-14,2026-06-20,Atualização de software,14.6,Resolvido
781,781,2026-05-24,2026-06-01,Troca de componente,24.5,Resolvido
782,782,2026-03-20,2026-03-26,Troca de componente,17.6,Resolvido
783,783,2025-12-06,2025-12-13,Limpeza técnica,26.9,Resolvido
784,784,2026-01-15,2026-01-24,Atualização de software,33.7,Resolvido
785,785,2025-12-01,2025-12-07,Reparo de placa,9.1,Resolvido
786,786,2025-10-09,2025-10-19,Limpeza técnica,38.8,Resolvido
787,787,2025-12-09,2025-12-09,Limpeza técnica,3.3,Resolvido
788,788,2025-10-12,2025-10-13,Limpeza técnica,7.0,Resolvido
789,789,2025-10-17,2025-10-20,Reparo de placa,11.7,Resolvido
790,790,2026-06-14,2026-06-21,Reparo de placa,27.0,Resolvido
793,793,2026-06-16,2026-06-27,Reparo de placa,23.0,Retorno
794,794,2025-11-21,2025-12-02,Limpeza técnica,12.1,Resolvido
795,795,2025-08-26,2025-09-01,Troca de componente,14.5,Resolvido
798,798,2026-03-14,2026-03-24,Reparo de placa,35.0,Resolvido
801,801,2025-10-13,2025-10-26,Atualização de software,44.7,Resolvido
802,802,2025-08-11,2025-08-16,Reparo de placa,6.8,Resolvido
805,805,2026-01-28,2026-02-04,Reparo de placa,18.8,Resolvido
806,806,2025-12-19,2025-12-22,Limpeza técnica,9.0,Resolvido
807,807,2025-08-10,2025-08-15,Reparo de placa,22.6,Resolvido
808,808,2025-07-19,2025-07-26,Atualização de software,16.0,Resolvido
809,809,2025-11-24,2025-11-25,Atualização de software,6.5,Resolvido
810,810,2025-07-14,2025-07-20,Troca de componente,7.6,Retorno
811,811,2026-03-29,2026-04-08,Limpeza técnica,28.3,Resolvido
815,815,2026-03-22,2026-03-31,Reparo de placa,15.1,Resolvido
816,816,2026-01-08,2026-01-17,Troca de componente,15.2,Resolvido
817,817,2025-08-30,2025-09-06,Limpeza técnica,20.0,Resolvido
818,818,2026-02-26,2026-03-06,Troca de componente,27.6,Resolvido
819,819,2026-03-14,2026-03-14,Atualização de software,2.9,Resolvido
820,820,2026-05-18,2026-05-28,Limpeza técnica,13.3,Resolvido
821,821,2026-05-04,2026-05-16,Troca de componente,30.7,Resolvido
822,822,2026-06-10,2026-06-20,Limpeza técnica,34.5,Resolvido
823,823,2026-02-13,2026-02-16,Atualização de software,5.4,Resolvido
826,826,2026-04-09,2026-04-09,Limpeza técnica,3.2,Resolvido
827,827,2026-05-22,2026-05-28,Atualização de software,7.1,Resolvido
828,828,2026-03-01,2026-03-14,Atualização de software,16.3,Resolvido
829,829,2026-02-03,2026-02-13,Limpeza técnica,32.6,Resolvido
830,830,2026-03-03,2026-03-13,Atualização de software,16.3,Resolvido
831,831,2026-06-30,2026-06-30,Limpeza técnica,1.3,Resolvido
832,832,2025-08-13,2025-08-15,Troca de componente,5.7,Resolvido
833,833,2025-10-18,2025-10-31,Troca de componente,37.6,Resolvido
834,834,2025-07-08,2025-07-17,Limpeza técnica,38.8,Resolvido
835,835,2026-03-24,2026-04-02,Reparo de placa,11.8,Resolvido
836,836,2026-02-13,2026-02-13,Limpeza técnica,2.4,Resolvido
837,837,2025-08-18,2025-08-18,Reparo de placa,3.7,Resolvido
840,840,2026-06-16,2026-06-18,Reparo de placa,11.9,Resolvido
841,841,2026-04-04,2026-04-04,Limpeza técnica,2.8,Resolvido
842,842,2025-08-28,2025-09-07,Reparo de placa,34.4,Resolvido
843,843,2025-08-11,2025-08-12,Troca de componente,7.2,Resolvido
844,844,2025-08-20,2025-08-23,Limpeza técnica,4.3,Resolvido
845,845,2026-06-12,2026-06-17,Limpeza técnica,6.2,Resolvido
846,846,2025-11-25,2025-12-06,Atualização de software,22.6,Resolvido
847,847,2025-07-04,2025-07-16,Atualização de software,26.4,Resolvido
848,848,2026-06-23,2026-07-06,Limpeza técnica,52.1,Resolvido
849,849,2026-03-29,2026-04-07,Limpeza técnica,31.2,Resolvido
850,850,2025-12-01,2025-12-08,Limpeza técnica,21.1,Resolvido
851,851,2025-10-12,2025-10-22,Limpeza técnica,33.2,Resolvido
852,852,2026-03-22,2026-03-25,Atualização de software,12.8,Resolvido
853,853,2025-12-17,2025-12-18,Reparo de placa,2.3,Resolvido
854,854,2026-02-16,2026-02-19,Reparo de placa,4.7,Resolvido
856,856,2026-04-21,2026-04-24,Troca de componente,9.1,Resolvido
857,857,2026-04-12,2026-04-20,Atualização de software,33.8,Resolvido
858,858,2025-10-23,2025-10-29,Atualização de software,10.4,Resolvido
859,859,2026-04-08,2026-04-13,Atualização de software,17.3,Resolvido
860,860,2026-05-22,2026-05-30,Reparo de placa,15.9,Resolvido
861,861,2026-03-31,2026-04-09,Troca de componente,35.5,Resolvido
862,862,2025-07-10,2025-07-17,Reparo de placa,12.3,Resolvido
863,863,2026-05-02,2026-05-11,Reparo de placa,17.7,Resolvido
864,864,2026-06-10,2026-06-11,Reparo de placa,7.4,Resolvido
866,866,2025-12-27,2026-01-04,Limpeza técnica,28.6,Resolvido
867,867,2026-04-01,2026-04-14,Reparo de placa,55.1,Resolvido
870,870,2025-12-26,2026-01-06,Reparo de placa,20.0,Resolvido
871,871,2025-09-07,2025-09-10,Reparo de placa,4.3,Resolvido
872,872,2026-02-06,2026-02-14,Troca de componente,16.8,Resolvido
873,873,2025-07-04,2025-07-06,Limpeza técnica,5.4,Resolvido
874,874,2025-11-21,2025-12-01,Limpeza técnica,32.2,Resolvido
875,875,2026-05-22,2026-06-04,Reparo de placa,26.6,Resolvido
876,876,2026-04-14,2026-04-16,Atualização de software,7.3,Resolvido
877,877,2026-03-13,2026-03-26,Atualização de software,32.7,Resolvido
878,878,2025-07-10,2025-07-11,Reparo de placa,2.2,Resolvido
880,880,2025-12-21,2025-12-24,Reparo de placa,4.3,Resolvido
881,881,2025-12-23,2026-01-01,Troca de componente,28.5,Resolvido
882,882,2025-08-04,2025-08-09,Limpeza técnica,11.0,Resolvido
883,883,2025-12-10,2025-12-14,Reparo de placa,19.3,Resolvido
884,884,2026-02-17,2026-02-20,Atualização de software,14.7,Resolvido
885,885,2025-11-14,2025-11-25,Troca de componente,37.2,Resolvido
887,887,2025-09-15,2025-09-23,Troca de componente,10.3,Resolvido
888,888,2025-09-24,2025-09-25,Limpeza técnica,5.7,Resolvido
890,890,2025-09-21,2025-09-23,Troca de componente,10.0,Resolvido
891,891,2025-12-23,2025-12-27,Limpeza técnica,5.9,Resolvido
892,892,2025-08-14,2025-08-21,Reparo de placa,31.6,Resolvido
893,893,2026-04-26,2026-05-05,Limpeza técnica,34.7,Retorno
894,894,2026-01-20,2026-01-30,Atualização de software,38.4,Retorno
895,895,2025-07-11,2025-07-11,Reparo de placa,1.2,Resolvido
897,897,2025-08-04,2025-08-10,Atualização de software,11.9,Resolvido
898,898,2026-03-27,2026-03-31,Limpeza técnica,19.4,Resolvido
899,899,2026-06-21,2026-07-04,Troca de componente,52.0,Resolvido
902,902,2025-08-24,2025-08-25,Atualização de software,7.1,Retorno
903,903,2025-09-15,2025-09-18,Troca de componente,6.7,Resolvido
905,905,2025-08-02,2025-08-10,Troca de componente,14.2,Resolvido
906,906,2026-01-28,2026-01-30,Atualização de software,11.0,Resolvido
907,907,2025-08-15,2025-08-15,Atualização de software,3.9,Resolvido
908,908,2026-05-02,2026-05-03,Troca de componente,4.3,Resolvido
909,909,2026-04-15,2026-04-24,Limpeza técnica,20.4,Resolvido
910,910,2026-02-07,2026-02-13,Reparo de placa,13.7,Resolvido
911,911,2025-10-20,2025-10-25,Troca de componente,18.3,Resolvido
912,912,2025-12-03,2025-12-05,Limpeza técnica,7.8,Resolvido
913,913,2025-07-15,2025-07-28,Atualização de software,23.4,Resolvido
914,914,2025-08-02,2025-08-13,Atualização de software,20.1,Resolvido
915,915,2026-04-29,2026-05-12,Atualização de software,43.2,Resolvido
916,916,2025-08-23,2025-08-31,Limpeza técnica,28.3,Resolvido
917,917,2025-09-09,2025-09-19,Limpeza técnica,39.5,Resolvido
918,918,2025-07-20,2025-08-02,Troca de componente,48.1,Resolvido
919,919,2025-10-22,2025-10-22,Reparo de placa,3.2,Resolvido
920,920,2025-07-31,2025-08-02,Limpeza técnica,7.1,Resolvido
921,921,2026-03-30,2026-04-03,Reparo de placa,19.1,Resolvido
922,922,2026-04-11,2026-04-14,Troca de componente,4.3,Retorno
923,923,2025-10-10,2025-10-16,Troca de componente,12.4,Retorno
924,924,2026-01-26,2026-01-30,Atualização de software,19.5,Resolvido
925,925,2025-07-13,2025-07-21,Limpeza técnica,24.3,Resolvido
926,926,2026-06-20,2026-06-21,Reparo de placa,6.6,Resolvido
927,927,2025-08-10,2025-08-14,Limpeza técnica,18.0,Retorno
928,928,2025-08-14,2025-08-21,Limpeza técnica,25.8,Resolvido
930,930,2026-03-19,2026-03-31,Troca de componente,37.1,Resolvido
931,931,2026-01-30,2026-02-05,Troca de componente,16.6,Resolvido
932,932,2025-11-20,2025-11-22,Reparo de placa,3.6,Resolvido
934,934,2025-12-31,2026-01-11,Reparo de placa,38.8,Resolvido
935,935,2026-03-12,2026-03-16,Troca de componente,19.5,Resolvido
936,936,2025-09-06,2025-09-07,Atualização de software,2.9,Resolvido
937,937,2026-05-31,2026-06-13,Limpeza técnica,48.3,Resolvido
938,938,2025-12-31,2026-01-13,Troca de componente,40.2,Resolvido
939,939,2025-12-06,2025-12-11,Troca de componente,7.9,Resolvido
940,940,2025-07-20,2025-07-24,Troca de componente,6.0,Resolvido
942,942,2025-11-20,2025-11-30,Troca de componente,12.0,Retorno
943,943,2025-10-08,2025-10-14,Reparo de placa,13.0,Resolvido
944,944,2026-02-15,2026-02-21,Reparo de placa,10.5,Resolvido
945,945,2025-10-14,2025-10-26,Troca de componente,24.4,Resolvido
946,946,2026-03-31,2026-04-07,Reparo de placa,20.0,Resolvido
947,947,2026-04-06,2026-04-16,Atualização de software,30.2,Resolvido
948,948,2026-06-03,2026-06-11,Atualização de software,21.6,Resolvido
949,949,2026-06-05,2026-06-10,Atualização de software,23.7,Resolvido
950,950,2025-08-11,2025-08-13,Troca de componente,11.0,Resolvido
951,951,2026-04-04,2026-04-06,Reparo de placa,3.8,Resolvido
953,953,2026-03-04,2026-03-13,Reparo de placa,25.3,Resolvido
954,954,2026-04-25,2026-05-04,Troca de componente,25.2,Resolvido
955,955,2025-11-27,2025-12-10,Reparo de placa,44.4,Resolvido
957,957,2025-11-27,2025-12-03,Limpeza técnica,22.3,Resolvido
958,958,2026-04-24,2026-04-25,Reparo de placa,2.0,Resolvido
959,959,2025-08-07,2025-08-09,Reparo de placa,5.7,Resolvido
961,961,2025-11-24,2025-11-29,Reparo de placa,20.6,Resolvido
962,962,2026-04-06,2026-04-16,Atualização de software,15.1,Resolvido
963,963,2025-10-19,2025-10-26,Limpeza técnica,25.5,Resolvido
964,964,2025-08-09,2025-08-22,Reparo de placa,31.8,Resolvido
965,965,2026-04-21,2026-04-28,Atualização de software,25.5,Resolvido
966,966,2026-05-28,2026-06-06,Reparo de placa,18.8,Resolvido
967,967,2025-12-16,2025-12-20,Limpeza técnica,17.6,Resolvido
968,968,2025-09-03,2025-09-09,Troca de componente,7.2,Resolvido
971,971,2025-08-19,2025-08-30,Atualização de software,46.2,Resolvido
972,972,2025-11-10,2025-11-21,Limpeza técnica,30.9,Resolvido
973,973,2026-02-15,2026-02-23,Limpeza técnica,15.5,Resolvido
974,974,2025-12-13,2025-12-24,Atualização de software,27.8,Resolvido
975,975,2026-06-01,2026-06-14,Limpeza técnica,33.7,Resolvido
976,976,2025-09-24,2025-10-05,Atualização de software,43.8,Resolvido
978,978,2026-01-20,2026-01-24,Troca de componente,18.1,Retorno
980,980,2026-02-08,2026-02-15,Limpeza técnica,20.4,Resolvido
982,982,2026-02-26,2026-03-06,Troca de componente,32.5,Retorno
983,983,2025-07-25,2025-08-04,Atualização de software,33.3,Resolvido
984,984,2025-10-11,2025-10-16,Troca de componente,15.9,Retorno
985,985,2026-02-24,2026-03-09,Limpeza técnica,40.4,Resolvido
986,986,2026-06-14,2026-06-25,Troca de componente,21.8,Resolvido
987,987,2025-11-21,2025-11-23,Reparo de placa,7.7,Resolvido
988,988,2026-06-17,2026-06-28,Troca de componente,25.5,Resolvido
989,989,2025-07-06,2025-07-13,Troca de componente,8.2,Resolvido
990,990,2025-12-18,2025-12-21,Atualização de software,15.0,Resolvido
992,992,2026-03-26,2026-04-01,Reparo de placa,13.5,Resolvido
993,993,2025-07-03,2025-07-03,Limpeza técnica,3.3,Resolvido
994,994,2026-02-18,2026-02-28,Atualização de software,19.9,Resolvido
995,995,2026-05-03,2026-05-04,Limpeza técnica,6.9,Resolvido
996,996,2025-12-24,2025-12-31,Troca de componente,8.9,Resolvido
998,998,2025-07-17,2025-07-17,Limpeza técnica,1.5,Resolvido
1001,1001,2026-05-16,2026-05-22,Atualização de software,25.2,Retorno
1002,1002,2025-09-29,2025-10-05,Troca de componente,24.3,Resolvido
1003,1003,2025-09-14,2025-09-25,Reparo de placa,25.4,Resolvido
1004,1004,2025-11-07,2025-11-15,Atualização de software,12.4,Resolvido
1006,1006,2026-01-02,2026-01-05,Reparo de placa,6.0,Resolvido
1007,1007,2026-02-23,2026-02-24,Troca de componente,4.2,Resolvido
1009,1009,2025-09-12,2025-09-15,Limpeza técnica,8.8,Resolvido
1011,1011,2026-04-26,2026-04-26,Reparo de placa,4.0,Resolvido
1012,1012,2025-09-06,2025-09-16,Troca de componente,19.8,Resolvido
1013,1013,2025-10-20,2025-10-30,Atualização de software,11.2,Retorno
1015,1015,2025-07-25,2025-07-28,Troca de componente,11.9,Retorno
1016,1016,2025-11-25,2025-11-26,Troca de componente,7.6,Resolvido
1018,1018,2025-07-17,2025-07-23,Limpeza técnica,8.3,Resolvido
1019,1019,2026-04-25,2026-04-27,Troca de componente,8.6,Resolvido
1020,1020,2025-11-02,2025-11-11,Reparo de placa,22.9,Resolvido
1022,1022,2025-10-25,2025-10-28,Reparo de placa,12.4,Resolvido
1023,1023,2025-08-08,2025-08-15,Troca de componente,25.1,Resolvido
1024,1024,2026-06-03,2026-06-16,Limpeza técnica,49.6,Resolvido
1026,1026,2026-03-17,2026-03-18,Troca de componente,7.7,Resolvido
1027,1027,2026-03-02,2026-03-15,Troca de componente,53.1,Resolvido
1028,1028,2026-01-05,2026-01-12,Troca de componente,14.7,Resolvido
1029,1029,2026-06-10,2026-06-22,Limpeza técnica,21.7,Resolvido
1030,1030,2026-04-07,2026-04-17,Limpeza técnica,38.7,Resolvido
1031,1031,2026-03-10,2026-03-18,Atualização de software,15.8,Resolvido
1034,1034,2026-05-28,2026-06-09,Reparo de placa,20.6,Resolvido
1035,1035,2026-05-27,2026-06-05,Atualização de software,12.4,Resolvido
1036,1036,2026-05-13,2026-05-25,Reparo de placa,18.1,Resolvido
1037,1037,2025-12-30,2026-01-10,Atualização de software,47.3,Resolvido
1038,1038,2025-10-15,2025-10-20,Reparo de placa,17.6,Resolvido
1039,1039,2026-06-22,2026-06-22,Troca de componente,3.6,Resolvido
1040,1040,2025-08-01,2025-08-01,Troca de componente,1.9,Retorno
1042,1042,2026-03-24,2026-03-31,Reparo de placa,20.5,Resolvido
1043,1043,2025-10-05,2025-10-10,Limpeza técnica,16.3,Resolvido
1045,1045,2026-06-01,2026-06-05,Atualização de software,6.9,Resolvido
1046,1046,2026-03-19,2026-03-29,Limpeza técnica,15.5,Resolvido
1047,1047,2025-07-13,2025-07-13,Limpeza técnica,3.7,Resolvido
1048,1048,2026-03-27,2026-03-30,Troca de componente,14.3,Resolvido
1049,1049,2026-01-05,2026-01-10,Atualização de software,22.4,Resolvido
1052,1052,2026-05-29,2026-06-08,Troca de componente,13.5,Resolvido
1053,1053,2025-09-30,2025-10-02,Troca de componente,5.0,Resolvido
1055,1055,2025-08-18,2025-08-29,Reparo de placa,31.3,Resolvido
1057,1057,2026-01-31,2026-02-02,Limpeza técnica,10.0,Resolvido
1058,1058,2026-03-22,2026-03-25,Reparo de placa,5.4,Resolvido
1059,1059,2026-05-31,2026-06-09,Atualização de software,28.5,Resolvido
1060,1060,2025-09-02,2025-09-15,Troca de componente,49.9,Resolvido
1061,1061,2026-03-28,2026-04-04,Troca de componente,14.9,Resolvido
1062,1062,2026-03-13,2026-03-26,Limpeza técnica,34.0,Resolvido
1063,1063,2025-11-07,2025-11-10,Troca de componente,14.4,Resolvido
1065,1065,2026-03-26,2026-04-08,Limpeza técnica,26.7,Resolvido
1066,1066,2026-06-12,2026-06-24,Limpeza técnica,39.2,Resolvido
1067,1067,2026-03-08,2026-03-12,Limpeza técnica,6.5,Resolvido
1068,1068,2025-11-09,2025-11-16,Reparo de placa,25.6,Resolvido
1069,1069,2026-03-02,2026-03-03,Troca de componente,6.2,Resolvido
1070,1070,2025-08-14,2025-08-14,Limpeza técnica,3.2,Retorno
1072,1072,2025-10-26,2025-10-31,Troca de componente,17.7,Resolvido
1073,1073,2026-02-28,2026-03-11,Limpeza técnica,42.4,Resolvido
1075,1075,2025-09-27,2025-10-05,Reparo de placa,32.9,Resolvido
1076,1076,2025-07-31,2025-08-12,Reparo de placa,37.1,Resolvido
1077,1077,2025-07-15,2025-07-18,Atualização de software,5.5,Resolvido
1078,1078,2026-03-05,2026-03-09,Troca de componente,17.3,Resolvido
1079,1079,2025-09-24,2025-10-04,Troca de componente,18.1,Resolvido
1081,1081,2025-11-26,2025-12-08,Atualização de software,49.5,Resolvido
1082,1082,2025-08-11,2025-08-14,Atualização de software,13.3,Resolvido
1083,1083,2026-06-03,2026-06-15,Atualização de software,42.2,Resolvido
1084,1084,2026-03-15,2026-03-16,Reparo de placa,5.1,Resolvido
1085,1085,2025-07-25,2025-08-01,Limpeza técnica,24.9,Resolvido
1086,1086,2026-02-25,2026-03-03,Troca de componente,15.0,Retorno
1087,1087,2025-12-13,2025-12-21,Atualização de software,22.4,Resolvido
1088,1088,2026-05-16,2026-05-22,Limpeza técnica,22.0,Resolvido
1089,1089,2025-07-09,2025-07-15,Limpeza técnica,9.9,Resolvido
1090,1090,2025-07-16,2025-07-21,Reparo de placa,20.5,Resolvido
1091,1091,2025-08-09,2025-08-15,Reparo de placa,10.2,Resolvido
1092,1092,2025-10-29,2025-11-07,Troca de componente,10.8,Resolvido
1093,1093,2025-08-25,2025-09-06,Troca de componente,17.6,Resolvido
1094,1094,2026-03-22,2026-04-04,Limpeza técnica,33.3,Resolvido
1095,1095,2026-05-31,2026-05-31,Limpeza técnica,2.4,Retorno
1096,1096,2026-04-09,2026-04-13,Reparo de placa,19.7,Resolvido
1097,1097,2025-09-28,2025-10-04,Troca de componente,9.1,Resolvido
1099,1099,2025-09-05,2025-09-11,Reparo de placa,21.7,Resolvido
1100,1100,2025-11-17,2025-11-30,Limpeza técnica,33.4,Resolvido
1101,1101,2026-06-16,2026-06-18,Troca de componente,9.6,Resolvido
1103,1103,2026-06-30,2026-07-05,Atualização de software,22.3,Resolvido
1104,1104,2025-08-05,2025-08-07,Atualização de software,9.5,Resolvido
1105,1105,2025-12-19,2025-12-31,Limpeza técnica,16.0,Resolvido
1106,1106,2025-08-13,2025-08-15,Reparo de placa,8.0,Resolvido
1107,1107,2025-09-26,2025-10-05,Limpeza técnica,27.3,Resolvido
1108,1108,2025-11-06,2025-11-06,Limpeza técnica,1.2,Resolvido
1109,1109,2025-08-05,2025-08-11,Troca de componente,7.1,Resolvido
1110,1110,2025-10-12,2025-10-14,Atualização de software,9.5,Resolvido
1111,1111,2025-10-23,2025-10-25,Reparo de placa,9.6,Resolvido
1114,1114,2026-05-19,2026-06-01,Limpeza técnica,29.8,Resolvido
1115,1115,2026-06-22,2026-06-25,Atualização de software,14.4,Retorno
1116,1116,2026-03-10,2026-03-19,Reparo de placa,17.5,Resolvido
1117,1117,2025-10-16,2025-10-26,Atualização de software,29.2,Resolvido
1118,1118,2025-09-26,2025-10-07,Atualização de software,36.3,Resolvido
1119,1119,2026-05-01,2026-05-03,Reparo de placa,10.1,Resolvido
1120,1120,2026-01-10,2026-01-17,Troca de componente,23.9,Resolvido
1121,1121,2025-09-04,2025-09-10,Atualização de software,19.1,Resolvido
1123,1123,2025-07-02,2025-07-09,Troca de componente,26.7,Resolvido
1124,1124,2026-05-25,2026-05-25,Limpeza técnica,3.0,Resolvido
1125,1125,2025-12-20,2025-12-27,Troca de componente,17.4,Resolvido
1126,1126,2025-09-27,2025-10-02,Troca de componente,13.3,Resolvido
1127,1127,2026-05-23,2026-05-25,Troca de componente,9.3,Resolvido
1128,1128,2025-10-29,2025-11-05,Limpeza técnica,27.1,Resolvido
1129,1129,2025-10-23,2025-10-26,Reparo de placa,13.0,Resolvido
1130,1130,2026-02-20,2026-02-25,Troca de componente,15.9,Resolvido
1131,1131,2025-11-05,2025-11-15,Atualização de software,23.6,Resolvido
1132,1132,2026-06-02,2026-06-09,Reparo de placa,8.6,Resolvido
1133,1133,2025-07-19,2025-07-21,Atualização de software,11.0,Retorno
1134,1134,2026-03-04,2026-03-07,Limpeza técnica,13.9,Resolvido
1135,1135,2026-05-23,2026-06-02,Limpeza técnica,42.6,Resolvido
1138,1138,2026-03-16,2026-03-29,Limpeza técnica,50.4,Resolvido
1140,1140,2026-02-21,2026-02-27,Troca de componente,17.6,Resolvido
1141,1141,2026-06-14,2026-06-20,Reparo de placa,8.6,Resolvido
1142,1142,2025-12-21,2026-01-03,Troca de componente,51.6,Resolvido
1143,1143,2025-12-19,2025-12-30,Troca de componente,15.8,Resolvido
1144,1144,2026-02-03,2026-02-13,Limpeza técnica,39.2,Resolvido
1146,1146,2026-05-01,2026-05-13,Troca de componente,44.4,Resolvido
1147,1147,2025-09-02,2025-09-06,Limpeza técnica,8.1,Resolvido
1148,1148,2025-07-12,2025-07-20,Reparo de placa,31.7,Resolvido
1149,1149,2026-06-27,2026-06-29,Atualização de software,6.4,Resolvido
1151,1151,2026-04-04,2026-04-10,Limpeza técnica,21.5,Resolvido
1152,1152,2026-01-01,2026-01-13,Reparo de placa,27.7,Resolvido
1153,1153,2026-01-16,2026-01-21,Reparo de placa,22.4,Retorno
1154,1154,2026-01-05,2026-01-08,Troca de componente,15.9,Retorno
1155,1155,2026-02-13,2026-02-24,Troca de componente,13.1,Resolvido
1157,1157,2026-05-17,2026-05-17,Troca de componente,2.3,Resolvido
1158,1158,2025-10-20,2025-10-29,Troca de componente,36.3,Retorno
1159,1159,2025-11-06,2025-11-11,Troca de componente,13.6,Resolvido
1160,1160,2026-05-15,2026-05-16,Atualização de software,2.2,Resolvido
1161,1161,2025-10-04,2025-10-07,Troca de componente,5.3,Resolvido
1164,1164,2026-04-14,2026-04-17,Troca de componente,10.8,Resolvido
1165,1165,2025-09-30,2025-10-09,Reparo de placa,27.9,Resolvido
1166,1166,2025-12-08,2025-12-19,Limpeza técnica,21.9,Resolvido
1167,1167,2025-10-04,2025-10-12,Troca de componente,13.7,Resolvido
1168,1168,2026-03-12,2026-03-14,Atualização de software,10.5,Resolvido
1173,1173,2026-02-03,2026-02-14,Atualização de software,40.8,Resolvido
1174,1174,2026-04-07,2026-04-12,Troca de componente,8.8,Retorno
1175,1175,2026-04-13,2026-04-21,Reparo de placa,14.4,Resolvido
1176,1176,2025-12-20,2025-12-25,Limpeza técnica,12.3,Resolvido
1177,1177,2025-09-09,2025-09-09,Limpeza técnica,2.8,Resolvido
1179,1179,2026-06-18,2026-06-30,Atualização de software,26.9,Resolvido
1181,1181,2025-10-05,2025-10-12,Atualização de software,21.6,Resolvido
1183,1183,2025-12-28,2026-01-09,Troca de componente,27.2,Resolvido
1184,1184,2026-06-30,2026-07-03,Troca de componente,13.3,Resolvido
1185,1185,2025-08-10,2025-08-14,Reparo de placa,6.0,Resolvido
1186,1186,2026-02-03,2026-02-13,Atualização de software,13.5,Resolvido
1187,1187,2025-10-26,2025-11-03,Reparo de placa,29.1,Resolvido
1188,1188,2026-01-23,2026-01-24,Limpeza técnica,6.8,Resolvido
1190,1190,2025-12-08,2025-12-08,Atualização de software,1.3,Resolvido
1191,1191,2025-12-12,2025-12-20,Limpeza técnica,16.2,Resolvido
1192,1192,2026-04-23,2026-05-06,Reparo de placa,36.5,Resolvido
1193,1193,2026-01-06,2026-01-09,Atualização de software,4.2,Resolvido
1194,1194,2026-03-27,2026-03-31,Reparo de placa,15.0,Resolvido
1196,1196,2025-07-20,2025-07-24,Troca de componente,16.8,Resolvido
1197,1197,2025-12-27,2026-01-08,Atualização de software,47.0,Resolvido
1199,1199,2026-06-29,2026-06-29,Atualização de software,1.5,Resolvido
1200,1200,2026-05-19,2026-05-24,Atualização de software,10.2,Resolvido
1201,1201,2025-11-17,2025-11-27,Reparo de placa,16.9,Resolvido
1202,1202,2026-04-10,2026-04-13,Troca de componente,4.7,Resolvido
1204,1204,2025-09-29,2025-09-30,Limpeza técnica,6.9,Resolvido
1205,1205,2026-04-13,2026-04-15,Troca de componente,9.2,Resolvido
1206,1206,2025-12-22,2025-12-26,Atualização de software,5.3,Resolvido
1207,1207,2026-02-06,2026-02-09,Atualização de software,6.3,Resolvido
1208,1208,2026-04-30,2026-05-03,Limpeza técnica,11.8,Resolvido
1209,1209,2026-06-02,2026-06-09,Troca de componente,30.7,Resolvido
1210,1210,2026-04-06,2026-04-06,Atualização de software,3.0,Resolvido
1211,1211,2025-11-08,2025-11-14,Limpeza técnica,12.7,Resolvido
1212,1212,2025-10-14,2025-10-18,Atualização de software,13.0,Resolvido
1214,1214,2026-03-07,2026-03-09,Reparo de placa,10.1,Resolvido
1215,1215,2025-09-14,2025-09-25,Troca de componente,31.9,Retorno
1216,1216,2026-01-25,2026-01-29,Reparo de placa,13.9,Resolvido
1217,1217,2025-11-18,2025-11-18,Troca de componente,3.6,Resolvido
1218,1218,2025-12-28,2026-01-07,Atualização de software,19.1,Resolvido
1219,1219,2025-09-14,2025-09-22,Atualização de software,33.3,Resolvido
1220,1220,2025-12-29,2026-01-07,Reparo de placa,37.1,Resolvido
1221,1221,2025-08-03,2025-08-13,Reparo de placa,40.1,Resolvido
1222,1222,2025-08-19,2025-08-27,Troca de componente,33.4,Resolvido
1223,1223,2026-06-12,2026-06-24,Reparo de placa,36.8,Resolvido
1224,1224,2025-10-22,2025-10-28,Atualização de software,22.8,Resolvido
1225,1225,2025-07-23,2025-07-30,Atualização de software,25.0,Resolvido
1226,1226,2025-09-30,2025-10-12,Reparo de placa,41.5,Resolvido
1227,1227,2026-03-31,2026-04-10,Limpeza técnica,37.7,Resolvido
1228,1228,2025-08-08,2025-08-12,Troca de componente,16.6,Retorno
1229,1229,2025-12-09,2025-12-17,Reparo de placa,19.9,Resolvido
1230,1230,2025-07-28,2025-07-30,Atualização de software,5.9,Resolvido
1231,1231,2026-04-24,2026-05-03,Reparo de placa,21.4,Resolvido
1232,1232,2025-11-01,2025-11-14,Reparo de placa,17.5,Resolvido
1233,1233,2026-04-02,2026-04-03,Reparo de placa,5.2,Resolvido
1234,1234,2025-11-28,2025-12-05,Reparo de placa,16.3,Retorno
1235,1235,2026-03-12,2026-03-21,Atualização de software,26.2,Resolvido
1236,1236,2025-12-08,2025-12-16,Atualização de software,21.8,Resolvido
1237,1237,2026-03-24,2026-04-02,Reparo de placa,33.2,Resolvido
1238,1238,2026-05-01,2026-05-13,Limpeza técnica,40.0,Resolvido
1239,1239,2026-01-19,2026-02-01,Troca de componente,29.5,Resolvido
1241,1241,2025-11-23,2025-11-28,Limpeza técnica,19.0,Retorno
1242,1242,2026-06-19,2026-07-02,Troca de componente,35.4,Retorno
1243,1243,2026-01-12,2026-01-15,Reparo de placa,14.0,Resolvido
1244,1244,2025-09-27,2025-09-30,Atualização de software,11.6,Resolvido
1245,1245,2026-03-10,2026-03-20,Limpeza técnica,35.1,Resolvido
1246,1246,2026-02-18,2026-02-19,Troca de componente,4.4,Resolvido
1247,1247,2025-12-31,2026-01-10,Troca de componente,33.5,Retorno
1249,1249,2025-08-10,2025-08-12,Limpeza técnica,9.5,Resolvido
1250,1250,2025-10-20,2025-10-21,Limpeza técnica,6.8,Resolvido
1252,1252,2025-08-13,2025-08-16,Atualização de software,6.8,Resolvido
1254,1254,2025-12-01,2025-12-08,Limpeza técnica,10.0,Resolvido
1257,1257,2026-01-17,2026-01-27,Atualização de software,16.5,Resolvido
1258,1258,2026-04-17,2026-04-19,Atualização de software,3.8,Resolvido
1259,1259,2025-11-23,2025-11-26,Limpeza técnica,14.0,Resolvido
1260,1260,2025-11-29,2025-12-05,Reparo de placa,25.1,Resolvido
1261,1261,2026-01-11,2026-01-14,Atualização de software,15.6,Resolvido
1262,1262,2026-04-22,2026-04-26,Atualização de software,12.2,Resolvido
1266,1266,2026-05-06,2026-05-19,Atualização de software,18.8,Resolvido
1267,1267,2025-08-08,2025-08-08,Limpeza técnica,2.4,Resolvido
1268,1268,2025-11-27,2025-12-02,Atualização de software,15.2,Resolvido
1269,1269,2026-02-09,2026-02-14,Limpeza técnica,14.0,Resolvido
1271,1271,2026-03-04,2026-03-14,Troca de componente,39.0,Resolvido
1272,1272,2025-10-07,2025-10-10,Limpeza técnica,14.5,Resolvido
1273,1273,2026-01-24,2026-02-05,Atualização de software,39.1,Resolvido
1275,1275,2025-08-26,2025-09-03,Limpeza técnica,18.4,Resolvido
1276,1276,2025-12-03,2025-12-12,Atualização de software,25.3,Resolvido
1277,1277,2025-12-22,2025-12-26,Limpeza técnica,9.9,Resolvido
1278,1278,2026-05-02,2026-05-08,Limpeza técnica,11.3,Resolvido
1280,1280,2025-11-14,2025-11-14,Atualização de software,1.4,Resolvido
1281,1281,2026-06-19,2026-06-22,Limpeza técnica,9.6,Resolvido
1282,1282,2025-08-31,2025-09-08,Atualização de software,28.0,Resolvido
1283,1283,2025-07-10,2025-07-20,Limpeza técnica,29.1,Resolvido
1284,1284,2025-07-16,2025-07-18,Limpeza técnica,9.5,Retorno
1285,1285,2026-01-27,2026-01-31,Reparo de placa,14.4,Resolvido
1286,1286,2026-02-06,2026-02-17,Reparo de placa,26.5,Resolvido
1287,1287,2025-07-09,2025-07-15,Reparo de placa,16.6,Resolvido
1288,1288,2026-03-20,2026-03-31,Atualização de software,18.6,Resolvido
1289,1289,2025-12-14,2025-12-23,Limpeza técnica,16.1,Resolvido
1290,1290,2026-03-21,2026-03-28,Limpeza técnica,17.5,Resolvido
1291,1291,2026-01-29,2026-02-08,Reparo de placa,20.5,Resolvido
1292,1292,2026-06-23,2026-07-06,Troca de componente,38.3,Resolvido
1293,1293,2025-07-04,2025-07-08,Limpeza técnica,13.3,Resolvido
1294,1294,2026-02-10,2026-02-16,Limpeza técnica,12.7,Resolvido
1295,1295,2025-10-16,2025-10-24,Atualização de software,26.5,Resolvido
1296,1296,2026-01-07,2026-01-11,Troca de componente,12.1,Resolvido
1297,1297,2026-04-25,2026-05-07,Reparo de placa,42.2,Resolvido
1298,1298,2025-12-12,2025-12-25,Limpeza técnica,32.3,Resolvido
1299,1299,2026-01-01,2026-01-02,Troca de componente,6.4,Resolvido
1300,1300,2026-05-05,2026-05-07,Atualização de software,10.5,Resolvido
1301,1301,2026-05-11,2026-05-11,Troca de componente,3.1,Resolvido
1302,1302,2026-02-07,2026-02-08,Limpeza técnica,5.6,Resolvido
1303,1303,2026-04-03,2026-04-16,Limpeza técnica,27.7,Resolvido
1304,1304,2026-06-14,2026-06-15,Atualização de software,6.3,Resolvido
1306,1306,2026-02-26,2026-03-02,Troca de componente,10.5,Resolvido
1307,1307,2025-08-11,2025-08-18,Atualização de software,25.3,Resolvido
1308,1308,2026-01-07,2026-01-08,Reparo de placa,2.4,Resolvido
1310,1310,2025-07-21,2025-07-28,Atualização de software,31.9,Resolvido
1311,1311,2025-12-03,2025-12-11,Reparo de placa,28.9,Resolvido
1312,1312,2026-05-28,2026-06-05,Troca de componente,20.5,Retorno
1313,1313,2026-05-31,2026-06-09,Reparo de placa,12.2,Resolvido
1314,1314,2025-08-28,2025-09-03,Troca de componente,25.1,Resolvido
1315,1315,2026-03-14,2026-03-19,Atualização de software,10.4,Resolvido
1316,1316,2025-12-01,2025-12-05,Atualização de software,8.3,Resolvido
1318,1318,2026-03-20,2026-03-27,Reparo de placa,24.6,Resolvido
1319,1319,2026-02-21,2026-02-27,Reparo de placa,22.5,Resolvido
1320,1320,2026-04-30,2026-05-10,Atualização de software,18.8,Resolvido
1321,1321,2026-05-16,2026-05-21,Atualização de software,17.1,Resolvido
1322,1322,2025-11-23,2025-12-03,Limpeza técnica,21.9,Resolvido
1323,1323,2026-01-23,2026-02-03,Atualização de software,22.3,Resolvido
1324,1324,2025-10-30,2025-11-08,Atualização de software,20.9,Resolvido
1325,1325,2026-06-15,2026-06-27,Reparo de placa,17.9,Resolvido
1326,1326,2025-09-28,2025-09-29,Reparo de placa,5.0,Resolvido
1327,1327,2025-07-22,2025-07-22,Limpeza técnica,3.8,Resolvido
1328,1328,2026-03-25,2026-03-26,Atualização de software,4.0,Resolvido
1329,1329,2026-03-28,2026-03-31,Reparo de placa,11.6,Resolvido
1330,1330,2026-05-25,2026-06-03,Limpeza técnica,14.8,Resolvido
1331,1331,2025-07-31,2025-08-12,Reparo de placa,17.8,Resolvido
1332,1332,2025-12-13,2025-12-26,Reparo de placa,47.2,Resolvido
1333,1333,2026-03-18,2026-03-18,Atualização de software,3.8,Resolvido
1334,1334,2025-08-12,2025-08-12,Atualização de software,3.9,Resolvido
1335,1335,2025-10-31,2025-11-05,Atualização de software,6.7,Resolvido
1337,1337,2025-12-10,2025-12-15,Atualização de software,15.7,Resolvido
1338,1338,2026-01-19,2026-02-01,Limpeza técnica,27.7,Resolvido
1340,1340,2025-07-03,2025-07-16,Limpeza técnica,44.2,Resolvido
1341,1341,2025-10-15,2025-10-26,Troca de componente,37.7,Resolvido
1342,1342,2026-03-27,2026-04-07,Atualização de software,46.6,Resolvido
1343,1343,2026-06-17,2026-06-18,Troca de componente,2.1,Resolvido
1344,1344,2026-04-10,2026-04-16,Troca de componente,14.3,Resolvido
1346,1346,2026-04-30,2026-05-03,Troca de componente,6.3,Resolvido
1347,1347,2025-09-02,2025-09-11,Limpeza técnica,34.5,Resolvido
1348,1348,2026-06-09,2026-06-22,Limpeza técnica,41.2,Resolvido
1349,1349,2025-09-05,2025-09-05,Reparo de placa,3.9,Resolvido
1350,1350,2025-12-24,2026-01-01,Limpeza técnica,17.6,Resolvido
1351,1351,2026-03-13,2026-03-15,Reparo de placa,7.6,Resolvido
1353,1353,2026-06-17,2026-06-25,Limpeza técnica,22.4,Retorno
1354,1354,2026-06-29,2026-07-11,Reparo de placa,20.2,Resolvido
1357,1357,2025-09-09,2025-09-18,Troca de componente,13.8,Resolvido
1359,1359,2026-05-27,2026-06-04,Reparo de placa,18.9,Resolvido
1360,1360,2025-07-16,2025-07-18,Troca de componente,4.1,Resolvido
1361,1361,2026-05-14,2026-05-19,Reparo de placa,18.7,Resolvido
1362,1362,2025-10-31,2025-11-13,Troca de componente,27.8,Resolvido
1363,1363,2026-06-16,2026-06-16,Atualização de software,1.4,Resolvido
1364,1364,2026-02-07,2026-02-07,Reparo de placa,3.7,Resolvido
1365,1365,2026-04-27,2026-05-10,Troca de componente,53.4,Resolvido
1366,1366,2025-08-28,2025-09-02,Atualização de software,8.0,Resolvido
1368,1368,2025-11-30,2025-12-07,Limpeza técnica,19.0,Resolvido
1369,1369,2026-06-18,2026-06-23,Limpeza técnica,11.1,Resolvido
1371,1371,2025-07-30,2025-08-03,Limpeza técnica,5.7,Resolvido
1372,1372,2025-10-17,2025-10-17,Atualização de software,2.3,Resolvido
1373,1373,2025-12-03,2025-12-05,Troca de componente,9.8,Resolvido
1374,1374,2025-09-09,2025-09-14,Limpeza técnica,23.1,Resolvido
1375,1375,2026-05-11,2026-05-17,Reparo de placa,12.3,Resolvido
1376,1376,2026-05-14,2026-05-20,Limpeza técnica,13.9,Resolvido
1377,1377,2026-06-21,2026-07-02,Reparo de placa,12.6,Resolvido
1378,1378,2026-05-15,2026-05-23,Limpeza técnica,22.8,Resolvido
1379,1379,2026-02-21,2026-02-25,Limpeza técnica,6.4,Resolvido
1380,1380,2025-07-21,2025-08-03,Limpeza técnica,29.1,Resolvido
1381,1381,2025-11-24,2025-11-25,Reparo de placa,7.4,Resolvido
1382,1382,2026-06-10,2026-06-19,Atualização de software,26.1,Resolvido
1383,1383,2026-04-04,2026-04-08,Limpeza técnica,9.6,Retorno
1384,1384,2025-09-25,2025-09-29,Reparo de placa,6.6,Resolvido
1385,1385,2026-03-20,2026-03-31,Limpeza técnica,32.2,Resolvido
1386,1386,2025-12-04,2025-12-08,Troca de componente,16.3,Resolvido
1389,1389,2026-03-16,2026-03-24,Reparo de placa,21.5,Resolvido
1390,1390,2026-03-09,2026-03-19,Reparo de placa,18.5,Resolvido
1392,1392,2025-07-15,2025-07-25,Atualização de software,29.6,Resolvido
1395,1395,2025-07-20,2025-07-29,Troca de componente,39.3,Retorno
1396,1396,2025-10-18,2025-10-26,Atualização de software,15.0,Resolvido
1398,1398,2026-06-20,2026-06-26,Limpeza técnica,8.0,Resolvido
1399,1399,2026-02-15,2026-02-27,Reparo de placa,26.3,Resolvido
1400,1400,2026-06-14,2026-06-14,Troca de componente,2.5,Resolvido
1401,1401,2025-08-19,2025-09-01,Reparo de placa,45.5,Resolvido
1402,1402,2026-05-22,2026-05-26,Reparo de placa,14.3,Resolvido
1404,1404,2025-12-13,2025-12-26,Troca de componente,48.1,Resolvido
1405,1405,2026-01-03,2026-01-06,Troca de componente,5.6,Resolvido
1406,1406,2026-05-25,2026-05-31,Limpeza técnica,25.3,Resolvido
1408,1408,2026-05-25,2026-05-25,Atualização de software,2.5,Resolvido
1409,1409,2025-07-13,2025-07-26,Limpeza técnica,36.2,Resolvido
1410,1410,2025-10-08,2025-10-13,Atualização de software,18.0,Resolvido
1412,1412,2026-01-22,2026-02-03,Atualização de software,34.6,Resolvido
1413,1413,2025-09-08,2025-09-20,Limpeza técnica,17.0,Resolvido
1414,1414,2025-09-14,2025-09-21,Limpeza técnica,11.4,Resolvido
1415,1415,2026-05-09,2026-05-12,Troca de componente,7.4,Resolvido
1416,1416,2026-04-16,2026-04-27,Atualização de software,47.3,Retorno
1417,1417,2026-01-14,2026-01-27,Reparo de placa,32.5,Resolvido
1418,1418,2026-06-13,2026-06-14,Atualização de software,4.1,Resolvido
1419,1419,2026-05-17,2026-05-30,Limpeza técnica,19.7,Resolvido
1420,1420,2025-07-02,2025-07-10,Reparo de placa,17.7,Resolvido
1422,1422,2025-09-05,2025-09-18,Reparo de placa,47.8,Resolvido
1424,1424,2026-05-23,2026-06-02,Troca de componente,18.0,Resolvido
1425,1425,2026-04-23,2026-05-06,Limpeza técnica,28.8,Resolvido
1426,1426,2025-09-25,2025-09-27,Troca de componente,8.7,Resolvido
1427,1427,2025-10-31,2025-11-04,Reparo de placa,19.8,Resolvido
1429,1429,2025-09-04,2025-09-06,Limpeza técnica,7.0,Resolvido
1430,1430,2025-09-14,2025-09-21,Atualização de software,24.2,Resolvido
1431,1431,2025-08-31,2025-09-09,Atualização de software,38.9,Resolvido
1433,1433,2025-12-20,2025-12-30,Limpeza técnica,33.0,Resolvido
1434,1434,2026-02-23,2026-02-26,Atualização de software,9.6,Resolvido
1435,1435,2026-06-05,2026-06-11,Troca de componente,22.9,Resolvido
1436,1436,2026-02-12,2026-02-23,Troca de componente,13.6,Resolvido
1437,1437,2025-12-18,2025-12-28,Atualização de software,17.5,Resolvido
1439,1439,2025-08-12,2025-08-13,Limpeza técnica,3.3,Resolvido
1440,1440,2025-10-29,2025-10-30,Atualização de software,6.6,Resolvido
1441,1441,2025-11-19,2025-11-30,Limpeza técnica,42.5,Resolvido
1442,1442,2026-06-15,2026-06-24,Troca de componente,33.3,Resolvido
1443,1443,2026-05-01,2026-05-06,Limpeza técnica,7.5,Resolvido
1445,1445,2025-10-27,2025-11-01,Limpeza técnica,21.2,Resolvido
1446,1446,2026-01-23,2026-01-24,Troca de componente,5.6,Resolvido
1447,1447,2025-09-07,2025-09-12,Atualização de software,19.5,Resolvido
1448,1448,2025-12-16,2025-12-21,Troca de componente,16.8,Resolvido
1449,1449,2026-05-12,2026-05-23,Limpeza técnica,12.2,Resolvido
1450,1450,2025-09-18,2025-09-18,Atualização de software,1.4,Resolvido
1451,1451,2025-12-19,2026-01-01,Atualização de software,30.8,Resolvido
1453,1453,2025-12-29,2026-01-11,Troca de componente,35.0,Resolvido
1454,1454,2026-01-10,2026-01-21,Reparo de placa,28.7,Resolvido
1455,1455,2025-11-22,2025-12-05,Atualização de software,49.3,Resolvido
1456,1456,2025-10-10,2025-10-13,Troca de componente,13.1,Resolvido
1458,1458,2025-09-12,2025-09-18,Reparo de placa,19.3,Resolvido
1459,1459,2026-03-10,2026-03-23,Reparo de placa,46.8,Resolvido
1461,1461,2025-12-23,2025-12-31,Troca de componente,19.2,Resolvido
1465,1465,2025-11-11,2025-11-20,Limpeza técnica,13.1,Resolvido
1466,1466,2025-10-21,2025-10-30,Limpeza técnica,28.1,Resolvido
1467,1467,2026-03-18,2026-03-28,Troca de componente,36.9,Resolvido
1468,1468,2026-05-03,2026-05-08,Reparo de placa,21.9,Resolvido
1469,1469,2026-06-06,2026-06-18,Reparo de placa,30.6,Resolvido
1470,1470,2026-06-06,2026-06-16,Troca de componente,38.3,Resolvido
1471,1471,2026-03-22,2026-03-27,Limpeza técnica,8.5,Resolvido
1472,1472,2025-10-11,2025-10-11,Atualização de software,1.1,Resolvido
1473,1473,2026-01-13,2026-01-21,Atualização de software,34.6,Resolvido
1474,1474,2025-11-26,2025-12-01,Reparo de placa,20.4,Resolvido
1475,1475,2025-12-26,2026-01-07,Troca de componente,42.9,Resolvido
1476,1476,2026-03-29,2026-04-01,Limpeza técnica,11.1,Resolvido
1478,1478,2026-03-26,2026-04-05,Troca de componente,26.3,Resolvido
1479,1479,2026-04-11,2026-04-21,Atualização de software,37.2,Resolvido
1480,1480,2026-05-21,2026-05-21,Troca de componente,1.4,Resolvido
1482,1482,2026-02-06,2026-02-15,Atualização de software,20.6,Resolvido
1483,1483,2026-03-08,2026-03-21,Troca de componente,40.0,Resolvido
1484,1484,2025-12-09,2025-12-16,Troca de componente,19.3,Resolvido
1485,1485,2026-03-07,2026-03-19,Atualização de software,51.7,Resolvido
1486,1486,2025-08-07,2025-08-18,Reparo de placa,15.9,Resolvido
1487,1487,2025-08-01,2025-08-01,Limpeza técnica,1.4,Resolvido
1488,1488,2025-11-02,2025-11-02,Limpeza técnica,3.5,Resolvido
1489,1489,2026-03-13,2026-03-18,Troca de componente,13.4,Resolvido
1490,1490,2025-10-06,2025-10-15,Atualização de software,23.9,Retorno
1491,1491,2026-06-06,2026-06-15,Atualização de software,31.8,Resolvido
1492,1492,2025-10-02,2025-10-15,Troca de componente,45.0,Resolvido
1493,1493,2026-04-27,2026-05-01,Limpeza técnica,16.0,Resolvido
1494,1494,2026-02-04,2026-02-04,Atualização de software,2.2,Resolvido
1495,1495,2026-06-19,2026-07-02,Atualização de software,48.2,Resolvido
1496,1496,2025-11-24,2025-12-04,Limpeza técnica,21.0,Resolvido
1497,1497,2025-10-12,2025-10-18,Atualização de software,23.0,Resolvido
1498,1498,2025-10-03,2025-10-14,Atualização de software,26.4,Retorno
1499,1499,2025-08-31,2025-09-12,Reparo de placa,31.7,Resolvido
1500,1500,2026-05-27,2026-05-29,Reparo de placa,11.7,Resolvido
1504,1504,2025-08-20,2025-08-30,Troca de componente,41.4,Resolvido
1505,1505,2025-09-29,2025-10-12,Limpeza técnica,46.5,Resolvido
1506,1506,2026-04-10,2026-04-16,Reparo de placa,22.0,Resolvido
1507,1507,2025-12-26,2026-01-08,Atualização de software,40.5,Resolvido
1508,1508,2026-06-17,2026-06-20,Atualização de software,9.2,Retorno
1509,1509,2026-04-20,2026-04-22,Limpeza técnica,5.1,Resolvido
1510,1510,2025-11-14,2025-11-18,Troca de componente,12.9,Retorno
1511,1511,2026-01-13,2026-01-14,Atualização de software,2.5,Resolvido
1512,1512,2026-03-28,2026-03-29,Atualização de software,5.1,Resolvido
1514,1514,2026-02-25,2026-03-04,Troca de componente,23.6,Resolvido
1515,1515,2026-03-08,2026-03-14,Reparo de placa,17.9,Resolvido
1516,1516,2026-01-02,2026-01-14,Reparo de placa,48.9,Resolvido
1517,1517,2025-09-24,2025-09-29,Reparo de placa,15.9,Resolvido
1518,1518,2025-07-30,2025-08-03,Reparo de placa,13.0,Resolvido
1519,1519,2025-11-06,2025-11-17,Atualização de software,46.4,Resolvido
1520,1520,2026-05-23,2026-05-27,Limpeza técnica,18.3,Resolvido
1521,1521,2025-07-30,2025-08-10,Reparo de placa,34.3,Resolvido
1522,1522,2025-08-07,2025-08-18,Limpeza técnica,19.2,Resolvido
1523,1523,2026-05-17,2026-05-20,Troca de componente,4.2,Resolvido
1525,1525,2025-10-07,2025-10-08,Troca de componente,7.1,Resolvido
1526,1526,2025-09-09,2025-09-13,Limpeza técnica,10.4,Resolvido
1527,1527,2025-10-08,2025-10-16,Troca de componente,24.7,Resolvido
1528,1528,2026-01-15,2026-01-25,Limpeza técnica,38.9,Resolvido
1530,1530,2026-06-21,2026-06-23,Atualização de software,8.1,Resolvido
1531,1531,2026-05-02,2026-05-15,Limpeza técnica,35.1,Resolvido
1532,1532,2025-09-12,2025-09-12,Limpeza técnica,2.1,Resolvido
1533,1533,2025-11-29,2025-12-09,Troca de componente,29.9,Resolvido
1534,1534,2025-10-02,2025-10-12,Troca de componente,40.1,Resolvido
1535,1535,2025-12-21,2025-12-28,Reparo de placa,13.9,Resolvido
1536,1536,2025-07-16,2025-07-28,Troca de componente,30.4,Resolvido
1537,1537,2026-03-08,2026-03-21,Reparo de placa,24.5,Resolvido
1538,1538,2026-04-25,2026-04-25,Limpeza técnica,3.5,Resolvido
1539,1539,2026-05-18,2026-05-18,Troca de componente,3.8,Resolvido
1540,1540,2025-07-21,2025-07-23,Limpeza técnica,11.7,Resolvido
1541,1541,2025-10-24,2025-10-31,Reparo de placa,10.1,Retorno
1542,1542,2026-01-29,2026-02-11,Troca de componente,44.2,Resolvido
1543,1543,2025-07-15,2025-07-15,Troca de componente,3.7,Resolvido
1544,1544,2026-06-15,2026-06-22,Troca de componente,18.4,Resolvido
1545,1545,2026-04-07,2026-04-19,Limpeza técnica,37.2,Resolvido
1546,1546,2025-09-30,2025-10-12,Limpeza técnica,41.9,Resolvido
1547,1547,2026-05-23,2026-05-26,Atualização de software,7.7,Resolvido
1549,1549,2025-08-09,2025-08-22,Troca de componente,37.9,Resolvido
1550,1550,2025-08-11,2025-08-20,Reparo de placa,17.3,Resolvido
1551,1551,2025-08-27,2025-08-30,Troca de componente,7.0,Resolvido
1552,1552,2025-10-23,2025-11-01,Limpeza técnica,19.5,Resolvido
1553,1553,2026-03-21,2026-03-30,Troca de componente,30.7,Resolvido
1554,1554,2026-05-27,2026-05-31,Troca de componente,12.6,Resolvido
1555,1555,2025-07-13,2025-07-19,Reparo de placa,19.5,Resolvido
1556,1556,2026-02-13,2026-02-21,Limpeza técnica,9.1,Resolvido
1558,1558,2025-09-08,2025-09-17,Limpeza técnica,37.6,Retorno
1559,1559,2025-09-16,2025-09-19,Limpeza técnica,7.5,Resolvido
1560,1560,2026-05-22,2026-05-24,Limpeza técnica,11.3,Resolvido
1561,1561,2025-09-13,2025-09-20,Limpeza técnica,21.8,Resolvido
1562,1562,2026-02-25,2026-02-26,Atualização de software,6.2,Resolvido
1564,1564,2026-06-17,2026-06-18,Reparo de placa,7.6,Resolvido
1565,1565,2026-04-24,2026-04-30,Atualização de software,21.4,Resolvido
1566,1566,2026-05-05,2026-05-15,Atualização de software,25.5,Resolvido
1567,1567,2026-06-25,2026-06-29,Atualização de software,5.8,Resolvido
1568,1568,2026-06-22,2026-07-04,Atualização de software,21.6,Resolvido
1569,1569,2025-07-15,2025-07-18,Limpeza técnica,13.1,Resolvido
1570,1570,2026-06-10,2026-06-20,Reparo de placa,22.1,Resolvido
1571,1571,2026-03-04,2026-03-16,Limpeza técnica,48.7,Resolvido
1572,1572,2025-10-31,2025-11-09,Limpeza técnica,21.9,Retorno
1573,1573,2026-03-24,2026-04-03,Reparo de placa,28.5,Resolvido
1574,1574,2025-09-08,2025-09-17,Atualização de software,24.6,Resolvido
1575,1575,2026-05-17,2026-05-30,Troca de componente,41.3,Resolvido
1576,1576,2026-06-21,2026-07-04,Atualização de software,19.0,Resolvido
1577,1577,2026-01-18,2026-01-22,Reparo de placa,13.5,Retorno
1579,1579,2025-11-01,2025-11-03,Atualização de software,6.9,Resolvido
1580,1580,2026-01-22,2026-01-31,Limpeza técnica,22.4,Retorno
1581,1581,2026-02-03,2026-02-09,Limpeza técnica,18.8,Resolvido
1582,1582,2025-10-13,2025-10-26,Troca de componente,42.3,Resolvido
1583,1583,2025-12-14,2025-12-23,Troca de componente,11.7,Resolvido
1584,1584,2025-12-26,2026-01-05,Atualização de software,23.9,Retorno
1585,1585,2025-09-10,2025-09-15,Troca de componente,15.9,Resolvido
1586,1586,2026-01-09,2026-01-16,Limpeza técnica,27.4,Resolvido
1588,1588,2026-01-25,2026-02-01,Atualização de software,28.3,Resolvido
1589,1589,2026-06-28,2026-07-05,Limpeza técnica,11.7,Resolvido
1590,1590,2026-05-04,2026-05-13,Troca de componente,23.3,Resolvido
1591,1591,2026-06-16,2026-06-22,Atualização de software,8.7,Resolvido
1592,1592,2026-01-06,2026-01-07,Limpeza técnica,2.9,Resolvido
1593,1593,2026-04-14,2026-04-26,Atualização de software,16.8,Resolvido
1595,1595,2025-12-08,2025-12-15,Limpeza técnica,14.8,Resolvido
1596,1596,2026-02-26,2026-02-27,Troca de componente,6.1,Resolvido
1597,1597,2025-12-14,2025-12-25,Reparo de placa,41.6,Resolvido
1600,1600,2025-11-30,2025-12-08,Atualização de software,13.1,Resolvido
1601,1601,2025-07-07,2025-07-09,Troca de componente,8.7,Resolvido
1602,1602,2025-09-13,2025-09-17,Atualização de software,18.4,Resolvido
1603,1603,2026-05-14,2026-05-18,Atualização de software,16.7,Resolvido
1605,1605,2025-11-08,2025-11-21,Limpeza técnica,19.8,Resolvido
1606,1606,2025-08-30,2025-09-10,Atualização de software,17.1,Resolvido
1607,1607,2026-03-22,2026-04-03,Reparo de placa,36.4,Resolvido
1609,1609,2026-06-06,2026-06-08,Atualização de software,9.0,Resolvido
1610,1610,2025-11-14,2025-11-15,Limpeza técnica,3.8,Resolvido
1611,1611,2026-05-01,2026-05-03,Limpeza técnica,9.7,Resolvido
1612,1612,2026-05-04,2026-05-11,Atualização de software,10.1,Resolvido
1613,1613,2025-07-02,2025-07-06,Atualização de software,13.6,Retorno
1615,1615,2026-02-22,2026-02-26,Atualização de software,10.7,Resolvido
1616,1616,2025-12-02,2025-12-04,Atualização de software,5.1,Resolvido
1617,1617,2026-03-06,2026-03-09,Limpeza técnica,6.4,Resolvido
1618,1618,2026-02-01,2026-02-08,Limpeza técnica,9.1,Resolvido
1619,1619,2026-03-13,2026-03-20,Reparo de placa,14.0,Resolvido
1620,1620,2026-05-31,2026-06-08,Atualização de software,26.0,Resolvido
1621,1621,2026-05-09,2026-05-10,Troca de componente,2.5,Resolvido
1622,1622,2025-11-22,2025-11-26,Troca de componente,11.1,Retorno
1623,1623,2026-01-12,2026-01-16,Limpeza técnica,10.4,Resolvido
1624,1624,2026-05-23,2026-05-30,Reparo de placa,26.6,Resolvido
1625,1625,2025-11-30,2025-12-08,Reparo de placa,16.7,Resolvido
1626,1626,2026-02-24,2026-03-05,Reparo de placa,32.6,Resolvido
1627,1627,2025-12-15,2025-12-26,Limpeza técnica,45.9,Resolvido
1628,1628,2025-12-16,2025-12-25,Atualização de software,26.9,Resolvido
1629,1629,2026-02-10,2026-02-14,Atualização de software,5.3,Resolvido
1630,1630,2026-02-05,2026-02-12,Atualização de software,9.0,Resolvido
1632,1632,2026-02-02,2026-02-09,Atualização de software,16.8,Resolvido
1633,1633,2026-05-15,2026-05-23,Troca de componente,18.3,Resolvido
1635,1635,2025-08-04,2025-08-17,Limpeza técnica,49.4,Resolvido
1636,1636,2026-03-28,2026-04-02,Reparo de placa,9.0,Resolvido
1637,1637,2025-11-13,2025-11-24,Atualização de software,18.5,Resolvido
1638,1638,2025-11-29,2025-12-12,Troca de componente,42.2,Resolvido
1639,1639,2025-07-10,2025-07-11,Limpeza técnica,8.0,Resolvido
1640,1640,2026-05-15,2026-05-27,Atualização de software,42.7,Resolvido
1641,1641,2026-02-12,2026-02-14,Troca de componente,6.3,Resolvido
1642,1642,2025-10-25,2025-11-04,Atualização de software,14.0,Resolvido
1643,1643,2025-07-13,2025-07-18,Limpeza técnica,8.5,Resolvido
1644,1644,2026-07-01,2026-07-13,Reparo de placa,26.9,Resolvido
1645,1645,2025-10-18,2025-10-25,Troca de componente,22.7,Resolvido
1646,1646,2026-05-22,2026-05-31,Atualização de software,26.5,Resolvido
1647,1647,2025-12-04,2025-12-04,Limpeza técnica,1.4,Resolvido
1648,1648,2026-04-27,2026-05-10,Troca de componente,53.4,Resolvido
1649,1649,2026-01-22,2026-01-24,Atualização de software,6.3,Retorno
1650,1650,2025-07-03,2025-07-06,Reparo de placa,9.1,Resolvido
1651,1651,2025-12-12,2025-12-25,Atualização de software,14.2,Resolvido
1652,1652,2025-11-12,2025-11-16,Troca de componente,5.1,Resolvido
1654,1654,2025-10-19,2025-11-01,Limpeza técnica,25.5,Resolvido
1655,1655,2026-04-09,2026-04-22,Atualização de software,34.9,Resolvido
1657,1657,2025-09-02,2025-09-06,Troca de componente,10.6,Retorno
1658,1658,2026-04-23,2026-04-26,Reparo de placa,9.9,Resolvido
1659,1659,2025-09-21,2025-10-03,Troca de componente,26.1,Resolvido
1660,1660,2025-12-26,2026-01-02,Troca de componente,27.4,Resolvido
1661,1661,2026-06-10,2026-06-16,Reparo de placa,15.6,Resolvido
1662,1662,2026-06-09,2026-06-14,Reparo de placa,20.6,Resolvido
1663,1663,2025-07-12,2025-07-23,Troca de componente,14.6,Resolvido
1664,1664,2025-08-23,2025-08-25,Atualização de software,11.2,Resolvido
1665,1665,2026-06-14,2026-06-17,Atualização de software,12.0,Resolvido
1666,1666,2026-01-13,2026-01-26,Troca de componente,44.9,Resolvido
1668,1668,2025-10-24,2025-10-28,Troca de componente,9.2,Resolvido
1669,1669,2025-11-21,2025-11-22,Atualização de software,6.6,Resolvido
1671,1671,2025-08-12,2025-08-12,Reparo de placa,2.8,Resolvido
1672,1672,2025-07-28,2025-08-01,Atualização de software,18.0,Resolvido
1673,1673,2026-01-27,2026-02-05,Reparo de placa,28.7,Resolvido
1674,1674,2026-05-10,2026-05-13,Troca de componente,14.4,Resolvido
1675,1675,2025-07-02,2025-07-09,Troca de componente,21.5,Resolvido
1677,1677,2025-07-11,2025-07-20,Troca de componente,23.4,Resolvido
1678,1678,2025-09-12,2025-09-14,Reparo de placa,5.9,Resolvido
1679,1679,2026-04-20,2026-05-03,Limpeza técnica,26.9,Resolvido
1681,1681,2026-01-10,2026-01-11,Limpeza técnica,5.5,Resolvido
1682,1682,2026-02-18,2026-02-26,Limpeza técnica,14.1,Resolvido
1683,1683,2025-09-05,2025-09-11,Atualização de software,24.4,Resolvido
1684,1684,2025-07-27,2025-07-29,Atualização de software,5.2,Resolvido
1685,1685,2026-05-19,2026-05-26,Limpeza técnica,16.0,Resolvido
1686,1686,2025-11-27,2025-11-28,Reparo de placa,6.6,Resolvido
1687,1687,2025-08-31,2025-09-03,Reparo de placa,14.6,Resolvido
1688,1688,2026-04-12,2026-04-22,Troca de componente,26.7,Resolvido
1689,1689,2025-07-22,2025-08-02,Troca de componente,30.4,Resolvido
1690,1690,2025-11-23,2025-12-04,Troca de componente,27.7,Resolvido
1691,1691,2025-11-03,2025-11-05,Atualização de software,10.8,Resolvido
1693,1693,2026-01-31,2026-02-04,Atualização de software,12.6,Resolvido
1694,1694,2025-08-31,2025-09-07,Troca de componente,11.3,Resolvido
1695,1695,2025-08-18,2025-08-28,Atualização de software,28.1,Resolvido
1696,1696,2025-07-21,2025-07-24,Atualização de software,10.4,Retorno
1699,1699,2025-08-22,2025-09-01,Limpeza técnica,43.9,Resolvido
1700,1700,2026-01-31,2026-02-10,Atualização de software,28.6,Resolvido
1701,1701,2025-12-06,2025-12-14,Troca de componente,17.3,Resolvido
1702,1702,2025-08-27,2025-09-01,Atualização de software,15.0,Resolvido
1704,1704,2026-01-21,2026-01-28,Reparo de placa,23.3,Resolvido
1705,1705,2026-06-04,2026-06-05,Troca de componente,7.8,Resolvido
1707,1707,2025-12-03,2025-12-11,Atualização de software,10.8,Resolvido
1708,1708,2025-08-20,2025-08-28,Troca de componente,34.6,Resolvido
1709,1709,2026-05-10,2026-05-11,Atualização de software,3.0,Resolvido
1710,1710,2025-08-27,2025-08-30,Troca de componente,4.1,Resolvido
1711,1711,2025-10-06,2025-10-15,Reparo de placa,18.7,Resolvido
1712,1712,2026-01-13,2026-01-16,Reparo de placa,11.9,Resolvido
1713,1713,2026-04-04,2026-04-16,Troca de componente,46.5,Resolvido
1714,1714,2026-06-26,2026-07-03,Troca de componente,26.7,Resolvido
1715,1715,2025-12-03,2025-12-03,Reparo de placa,1.9,Resolvido
1716,1716,2026-04-14,2026-04-24,Limpeza técnica,18.1,Resolvido
1717,1717,2026-05-25,2026-05-25,Atualização de software,1.9,Resolvido
1718,1718,2026-05-16,2026-05-18,Limpeza técnica,8.5,Resolvido
1719,1719,2025-12-13,2025-12-22,Troca de componente,31.5,Resolvido
1720,1720,2025-07-16,2025-07-26,Reparo de placa,40.8,Resolvido
1721,1721,2026-02-06,2026-02-19,Atualização de software,25.1,Resolvido
1722,1722,2025-08-12,2025-08-21,Atualização de software,10.9,Resolvido
1723,1723,2026-01-17,2026-01-17,Atualização de software,1.0,Resolvido
1724,1724,2025-08-19,2025-08-31,Limpeza técnica,27.6,Resolvido
1726,1726,2026-06-13,2026-06-20,Atualização de software,14.4,Resolvido
1727,1727,2026-04-15,2026-04-27,Reparo de placa,15.8,Resolvido
1728,1728,2025-07-29,2025-08-10,Troca de componente,21.5,Resolvido
1729,1729,2025-10-22,2025-10-28,Atualização de software,12.9,Resolvido
1730,1730,2025-10-30,2025-10-31,Reparo de placa,3.2,Resolvido
1731,1731,2026-06-13,2026-06-17,Limpeza técnica,17.5,Resolvido
1732,1732,2025-08-25,2025-08-26,Atualização de software,5.0,Resolvido
1733,1733,2025-07-09,2025-07-19,Limpeza técnica,15.1,Resolvido
1734,1734,2026-05-22,2026-05-28,Reparo de placa,21.2,Resolvido
1735,1735,2026-05-03,2026-05-15,Limpeza técnica,32.0,Resolvido
1736,1736,2026-02-03,2026-02-12,Atualização de software,27.7,Resolvido
1737,1737,2026-02-17,2026-02-25,Troca de componente,27.1,Resolvido
1738,1738,2026-04-26,2026-04-30,Limpeza técnica,5.9,Resolvido
1739,1739,2025-07-09,2025-07-13,Limpeza técnica,17.0,Resolvido
1740,1740,2025-08-14,2025-08-21,Limpeza técnica,24.1,Resolvido
1741,1741,2026-02-03,2026-02-10,Limpeza técnica,12.3,Resolvido
1742,1742,2025-08-12,2025-08-16,Limpeza técnica,5.5,Resolvido
1743,1743,2026-02-07,2026-02-19,Limpeza técnica,26.9,Resolvido
1744,1744,2026-03-04,2026-03-04,Limpeza técnica,1.6,Resolvido
1745,1745,2025-07-25,2025-08-04,Troca de componente,20.3,Resolvido
1746,1746,2025-08-10,2025-08-21,Reparo de placa,37.7,Resolvido
1747,1747,2025-11-25,2025-12-03,Atualização de software,24.4,Resolvido
1748,1748,2026-03-26,2026-04-04,Atualização de software,22.4,Resolvido
1749,1749,2026-03-22,2026-03-22,Limpeza técnica,2.5,Resolvido
1750,1750,2025-08-18,2025-08-24,Reparo de placa,19.9,Resolvido
1751,1751,2026-01-11,2026-01-11,Reparo de placa,1.4,Resolvido
1753,1753,2026-04-27,2026-05-10,Reparo de placa,38.6,Resolvido
1754,1754,2025-11-18,2025-11-29,Limpeza técnica,40.8,Resolvido
1755,1755,2025-08-18,2025-08-19,Reparo de placa,5.7,Resolvido
1756,1756,2026-05-27,2026-06-06,Reparo de placa,17.6,Resolvido
1757,1757,2026-05-09,2026-05-16,Atualização de software,21.8,Resolvido
1758,1758,2026-06-22,2026-06-29,Troca de componente,20.7,Resolvido
1759,1759,2026-04-15,2026-04-20,Limpeza técnica,9.5,Resolvido
1760,1760,2025-07-13,2025-07-22,Reparo de placa,33.9,Resolvido
1761,1761,2026-05-23,2026-05-23,Troca de componente,2.2,Resolvido
1762,1762,2026-01-02,2026-01-13,Limpeza técnica,32.7,Resolvido
1763,1763,2025-12-15,2025-12-28,Reparo de placa,54.1,Resolvido
1764,1764,2025-08-20,2025-08-20,Troca de componente,1.3,Resolvido
1765,1765,2025-11-18,2025-11-29,Limpeza técnica,37.5,Resolvido
1768,1768,2026-01-16,2026-01-18,Limpeza técnica,3.3,Resolvido
1770,1770,2026-05-10,2026-05-23,Limpeza técnica,21.5,Resolvido
1771,1771,2026-03-23,2026-03-25,Atualização de software,6.3,Resolvido
1772,1772,2025-07-04,2025-07-07,Atualização de software,10.9,Resolvido
1773,1773,2025-12-05,2025-12-12,Atualização de software,29.5,Resolvido
1774,1774,2026-03-07,2026-03-12,Troca de componente,10.3,Resolvido
1775,1775,2026-04-18,2026-04-24,Atualização de software,8.6,Resolvido
1776,1776,2026-02-09,2026-02-16,Troca de componente,13.6,Resolvido
1778,1778,2025-12-20,2025-12-27,Troca de componente,20.5,Resolvido
1779,1779,2026-02-02,2026-02-02,Atualização de software,4.0,Resolvido
1780,1780,2025-12-26,2025-12-29,Reparo de placa,10.4,Resolvido
1781,1781,2025-07-20,2025-07-28,Limpeza técnica,16.1,Resolvido
1782,1782,2026-04-06,2026-04-06,Limpeza técnica,4.0,Resolvido
1783,1783,2025-09-27,2025-10-02,Atualização de software,8.5,Retorno
1784,1784,2026-03-03,2026-03-12,Limpeza técnica,26.8,Resolvido
1785,1785,2026-04-10,2026-04-16,Limpeza técnica,12.3,Resolvido
1786,1786,2026-06-07,2026-06-19,Troca de componente,48.9,Resolvido
1787,1787,2026-01-01,2026-01-01,Troca de componente,1.2,Resolvido
1788,1788,2026-04-27,2026-05-01,Reparo de placa,16.0,Resolvido
1789,1789,2026-03-06,2026-03-19,Atualização de software,51.3,Resolvido
1790,1790,2025-08-30,2025-08-31,Reparo de placa,4.3,Resolvido
1792,1792,2025-09-13,2025-09-21,Reparo de placa,28.0,Retorno
1793,1793,2026-04-15,2026-04-17,Limpeza técnica,5.9,Resolvido
1794,1794,2026-05-22,2026-05-23,Limpeza técnica,3.0,Resolvido
1796,1796,2025-09-21,2025-09-25,Atualização de software,7.4,Resolvido
1797,1797,2026-04-02,2026-04-11,Limpeza técnica,18.8,Resolvido
1799,1799,2026-05-12,2026-05-24,Troca de componente,48.0,Resolvido
1800,1800,2026-05-22,2026-05-25,Troca de componente,9.0,Resolvido
1802,1802,2026-03-23,2026-04-04,Atualização de software,48.4,Resolvido
1803,1803,2026-06-16,2026-06-21,Reparo de placa,12.0,Resolvido
1804,1804,2026-01-03,2026-01-04,Troca de componente,7.9,Resolvido
1805,1805,2026-06-28,2026-06-30,Troca de componente,10.2,Resolvido
1806,1806,2025-11-25,2025-12-04,Reparo de placa,23.1,Resolvido
1807,1807,2026-02-22,2026-03-07,Troca de componente,45.4,Resolvido
1808,1808,2025-09-16,2025-09-23,Reparo de placa,14.5,Resolvido
1809,1809,2025-10-28,2025-11-08,Atualização de software,35.7,Resolvido
1810,1810,2026-05-06,2026-05-13,Atualização de software,17.1,Resolvido
1812,1812,2026-03-02,2026-03-11,Reparo de placa,22.6,Resolvido
1813,1813,2025-08-21,2025-09-02,Reparo de placa,28.3,Resolvido
1814,1814,2025-08-22,2025-08-23,Atualização de software,6.8,Resolvido
1816,1816,2025-07-14,2025-07-15,Limpeza técnica,5.4,Resolvido
1817,1817,2026-01-29,2026-02-04,Limpeza técnica,25.7,Resolvido
1818,1818,2026-01-03,2026-01-13,Reparo de placa,35.5,Resolvido
1819,1819,2026-04-30,2026-05-05,Troca de componente,16.0,Resolvido
1821,1821,2026-01-30,2026-02-06,Atualização de software,29.8,Resolvido
1822,1822,2025-09-29,2025-10-10,Atualização de software,41.0,Resolvido
1824,1824,2026-05-06,2026-05-08,Reparo de placa,6.8,Resolvido
1825,1825,2025-12-31,2026-01-07,Limpeza técnica,18.8,Retorno
1826,1826,2025-10-10,2025-10-12,Limpeza técnica,11.2,Resolvido
1827,1827,2026-01-04,2026-01-07,Troca de componente,14.5,Resolvido
1829,1829,2025-07-21,2025-07-27,Limpeza técnica,16.2,Resolvido
1831,1831,2025-08-17,2025-08-27,Limpeza técnica,33.6,Resolvido
1834,1834,2025-09-02,2025-09-12,Reparo de placa,42.2,Resolvido
1835,1835,2026-03-30,2026-04-04,Limpeza técnica,22.2,Resolvido
1836,1836,2025-12-02,2025-12-14,Limpeza técnica,36.3,Resolvido
1837,1837,2026-02-10,2026-02-20,Atualização de software,33.8,Resolvido
1838,1838,2026-04-02,2026-04-09,Limpeza técnica,9.3,Resolvido
1842,1842,2025-07-21,2025-07-26,Reparo de placa,22.4,Resolvido
1843,1843,2026-03-07,2026-03-08,Troca de componente,3.2,Resolvido
1844,1844,2026-05-25,2026-05-26,Troca de componente,7.6,Resolvido
1846,1846,2025-10-20,2025-10-20,Limpeza técnica,3.9,Resolvido
1847,1847,2026-03-26,2026-03-27,Troca de componente,6.6,Resolvido
1848,1848,2026-03-28,2026-04-08,Limpeza técnica,48.0,Resolvido
1850,1850,2026-04-16,2026-04-23,Limpeza técnica,19.0,Resolvido
1851,1851,2025-10-08,2025-10-08,Limpeza técnica,2.7,Resolvido
1852,1852,2026-02-19,2026-02-25,Atualização de software,13.2,Resolvido
1853,1853,2026-01-12,2026-01-22,Reparo de placa,20.3,Resolvido
1854,1854,2026-01-18,2026-01-25,Reparo de placa,17.3,Resolvido
1856,1856,2026-01-20,2026-01-26,Reparo de placa,13.3,Resolvido
1857,1857,2026-04-17,2026-04-19,Reparo de placa,11.0,Resolvido
1858,1858,2026-04-15,2026-04-27,Limpeza técnica,26.1,Resolvido
1860,1860,2025-08-24,2025-08-25,Limpeza técnica,7.5,Resolvido
1861,1861,2026-03-05,2026-03-07,Reparo de placa,4.2,Resolvido
1862,1862,2025-08-03,2025-08-06,Reparo de placa,10.0,Resolvido
1863,1863,2026-02-05,2026-02-07,Limpeza técnica,7.6,Resolvido
1864,1864,2025-11-03,2025-11-05,Atualização de software,9.8,Resolvido
1865,1865,2026-02-28,2026-02-28,Atualização de software,1.9,Resolvido
1866,1866,2025-10-30,2025-11-05,Reparo de placa,19.1,Resolvido
1868,1868,2025-08-20,2025-08-23,Atualização de software,7.5,Resolvido
1869,1869,2026-04-12,2026-04-14,Troca de componente,9.0,Resolvido
1870,1870,2026-05-25,2026-06-04,Atualização de software,28.4,Resolvido
1871,1871,2026-01-24,2026-02-05,Reparo de placa,28.2,Resolvido
1873,1873,2026-06-23,2026-06-29,Limpeza técnica,16.5,Resolvido
1875,1875,2026-02-10,2026-02-15,Reparo de placa,17.1,Resolvido
1876,1876,2026-05-12,2026-05-17,Limpeza técnica,21.4,Resolvido
1877,1877,2026-04-29,2026-04-30,Limpeza técnica,5.3,Resolvido
1878,1878,2026-05-17,2026-05-23,Atualização de software,7.6,Resolvido
1879,1879,2026-04-21,2026-04-28,Atualização de software,23.4,Resolvido
1880,1880,2026-02-16,2026-02-19,Limpeza técnica,15.9,Resolvido
1881,1881,2025-12-13,2025-12-21,Atualização de software,17.4,Resolvido
1882,1882,2025-07-03,2025-07-15,Troca de componente,13.6,Resolvido
1883,1883,2026-04-29,2026-05-11,Limpeza técnica,36.2,Resolvido
1884,1884,2026-06-14,2026-06-22,Troca de componente,32.8,Resolvido
1885,1885,2026-01-08,2026-01-17,Atualização de software,37.3,Resolvido
1886,1886,2026-03-27,2026-03-27,Troca de componente,3.6,Resolvido
1887,1887,2025-11-26,2025-11-30,Atualização de software,7.1,Resolvido
1888,1888,2026-03-11,2026-03-16,Reparo de placa,22.1,Resolvido
1889,1889,2025-11-16,2025-11-21,Troca de componente,6.6,Resolvido
1890,1890,2025-10-11,2025-10-21,Limpeza técnica,34.9,Resolvido
1891,1891,2026-01-17,2026-01-24,Limpeza técnica,30.8,Resolvido
1892,1892,2025-07-08,2025-07-16,Limpeza técnica,20.4,Resolvido
1893,1893,2026-06-22,2026-07-03,Troca de componente,36.5,Resolvido
1894,1894,2026-06-16,2026-06-27,Troca de componente,34.1,Resolvido
1896,1896,2026-01-06,2026-01-12,Reparo de placa,13.5,Resolvido
1897,1897,2025-11-08,2025-11-14,Troca de componente,20.4,Resolvido
1900,1900,2026-06-10,2026-06-10,Reparo de placa,2.3,Resolvido
1901,1901,2026-05-22,2026-06-02,Limpeza técnica,17.6,Resolvido
1904,1904,2026-01-22,2026-01-26,Limpeza técnica,12.2,Resolvido
1905,1905,2026-05-01,2026-05-10,Limpeza técnica,23.3,Resolvido
1906,1906,2026-04-09,2026-04-21,Atualização de software,27.3,Resolvido
1907,1907,2026-03-17,2026-03-18,Atualização de software,5.6,Resolvido
1908,1908,2026-05-14,2026-05-18,Limpeza técnica,12.0,Resolvido
1910,1910,2025-12-23,2026-01-04,Limpeza técnica,42.5,Resolvido
1911,1911,2025-09-27,2025-10-01,Reparo de placa,9.0,Resolvido
1913,1913,2026-01-13,2026-01-17,Limpeza técnica,15.7,Resolvido
1915,1915,2025-08-27,2025-09-05,Reparo de placa,31.2,Resolvido
1916,1916,2026-04-19,2026-05-02,Limpeza técnica,53.9,Resolvido
1919,1919,2025-11-26,2025-12-07,Limpeza técnica,33.2,Resolvido
1920,1920,2025-10-16,2025-10-21,Troca de componente,14.7,Resolvido
1922,1922,2025-12-23,2025-12-30,Atualização de software,8.1,Resolvido
1924,1924,2026-05-02,2026-05-09,Troca de componente,21.8,Retorno
1925,1925,2026-01-25,2026-01-29,Limpeza técnica,12.8,Resolvido
1926,1926,2025-07-10,2025-07-11,Troca de componente,4.8,Resolvido
1927,1927,2026-03-01,2026-03-11,Limpeza técnica,29.8,Resolvido
1928,1928,2026-03-21,2026-03-29,Troca de componente,10.0,Resolvido
1929,1929,2025-09-08,2025-09-08,Reparo de placa,2.1,Resolvido
1930,1930,2026-04-25,2026-05-03,Atualização de software,14.9,Resolvido
1931,1931,2025-08-06,2025-08-07,Troca de componente,5.7,Resolvido
1932,1932,2026-02-11,2026-02-12,Reparo de placa,5.3,Resolvido
1933,1933,2025-11-03,2025-11-09,Reparo de placa,20.3,Resolvido
1934,1934,2026-04-17,2026-04-27,Atualização de software,32.9,Resolvido
1935,1935,2025-07-30,2025-08-02,Reparo de placa,14.2,Resolvido
1936,1936,2025-10-01,2025-10-13,Troca de componente,24.0,Resolvido
1937,1937,2025-08-29,2025-09-04,Atualização de software,15.7,Resolvido
1939,1939,2025-09-02,2025-09-06,Limpeza técnica,18.7,Resolvido
1941,1941,2025-08-22,2025-08-28,Reparo de placa,27.4,Resolvido
1943,1943,2025-12-02,2025-12-14,Atualização de software,14.5,Resolvido
1944,1944,2026-06-18,2026-06-25,Atualização de software,8.4,Resolvido
1945,1945,2025-12-01,2025-12-06,Reparo de placa,18.9,Resolvido
1946,1946,2025-10-14,2025-10-20,Reparo de placa,14.2,Resolvido
1947,1947,2025-07-03,2025-07-12,Troca de componente,15.3,Resolvido
1950,1950,2025-07-20,2025-07-24,Limpeza técnica,14.1,Resolvido
1951,1951,2026-04-15,2026-04-22,Reparo de placa,31.3,Resolvido
1952,1952,2025-10-13,2025-10-26,Atualização de software,23.0,Resolvido
1953,1953,2025-12-03,2025-12-13,Troca de componente,41.0,Resolvido
1954,1954,2025-08-23,2025-08-25,Troca de componente,9.5,Resolvido
1955,1955,2026-05-18,2026-05-31,Atualização de software,38.1,Resolvido
1956,1956,2025-08-29,2025-09-08,Reparo de placa,23.5,Resolvido
1960,1960,2026-03-19,2026-03-24,Limpeza técnica,23.0,Resolvido
1961,1961,2025-07-26,2025-08-04,Reparo de placa,18.9,Resolvido
1965,1965,2026-01-25,2026-02-03,Limpeza técnica,35.7,Resolvido
1966,1966,2025-07-12,2025-07-20,Reparo de placa,19.3,Resolvido
1967,1967,2025-07-14,2025-07-21,Atualização de software,11.0,Resolvido
1968,1968,2026-02-09,2026-02-12,Limpeza técnica,11.1,Resolvido
1969,1969,2026-01-12,2026-01-13,Limpeza técnica,3.7,Resolvido
1970,1970,2026-06-03,2026-06-16,Reparo de placa,38.0,Resolvido
1971,1971,2025-07-03,2025-07-03,Troca de componente,1.1,Resolvido
1973,1973,2026-02-07,2026-02-12,Reparo de placa,15.3,Resolvido
1974,1974,2026-05-11,2026-05-14,Reparo de placa,10.6,Resolvido
1975,1975,2025-11-06,2025-11-18,Troca de componente,32.1,Resolvido
1976,1976,2026-03-05,2026-03-07,Reparo de placa,3.4,Resolvido
1979,1979,2026-02-18,2026-02-22,Atualização de software,11.4,Resolvido
1981,1981,2026-03-01,2026-03-14,Limpeza técnica,47.0,Resolvido
1982,1982,2025-07-03,2025-07-10,Atualização de software,13.4,Resolvido
1983,1983,2026-05-19,2026-05-29,Atualização de software,35.7,Retorno
1984,1984,2025-09-30,2025-10-07,Reparo de placa,31.6,Resolvido
1987,1987,2025-12-18,2025-12-26,Limpeza técnica,13.6,Resolvido
1989,1989,2026-06-26,2026-07-01,Atualização de software,12.4,Resolvido
1990,1990,2025-12-25,2025-12-31,Limpeza técnica,22.6,Resolvido
1991,1991,2026-04-09,2026-04-22,Troca de componente,37.0,Resolvido
1992,1992,2026-03-08,2026-03-21,Atualização de software,14.5,Resolvido
1995,1995,2025-09-04,2025-09-07,Reparo de placa,5.9,Resolvido
1996,1996,2025-12-31,2026-01-10,Troca de componente,17.9,Resolvido
1997,1997,2026-02-01,2026-02-07,Reparo de placa,23.8,Resolvido
2000,2000,2025-09-17,2025-09-21,Limpeza técnica,18.6,Resolvido
2002,2002,2026-04-18,2026-04-29,Atualização de software,31.2,Resolvido
2003,2003,2025-10-10,2025-10-14,Limpeza técnica,14.5,Resolvido
2004,2004,2025-07-08,2025-07-14,Troca de componente,21.6,Resolvido
2005,2005,2025-12-28,2025-12-31,Limpeza técnica,10.4,Resolvido
2006,2006,2025-12-16,2025-12-24,Atualização de software,32.3,Resolvido
2007,2007,2025-12-15,2025-12-27,Atualização de software,24.5,Resolvido
2008,2008,2025-11-02,2025-11-03,Atualização de software,3.0,Resolvido
2010,2010,2026-03-31,2026-04-10,Atualização de software,33.1,Resolvido
2011,2011,2025-12-05,2025-12-17,Reparo de placa,36.8,Resolvido
2012,2012,2026-03-29,2026-04-01,Troca de componente,14.2,Resolvido
2013,2013,2025-09-30,2025-09-30,Limpeza técnica,1.6,Resolvido
2014,2014,2026-05-07,2026-05-12,Reparo de placa,21.8,Resolvido
2015,2015,2025-07-07,2025-07-07,Troca de componente,3.7,Retorno
2016,2016,2026-01-31,2026-02-03,Reparo de placa,12.8,Resolvido
2018,2018,2026-04-06,2026-04-16,Atualização de software,41.8,Resolvido
2020,2020,2025-09-13,2025-09-26,Reparo de placa,51.3,Resolvido
2022,2022,2026-03-30,2026-03-31,Limpeza técnica,6.7,Retorno
2023,2023,2025-11-20,2025-11-22,Troca de componente,3.4,Resolvido
2024,2024,2026-05-28,2026-06-02,Limpeza técnica,18.2,Resolvido
2025,2025,2025-12-06,2025-12-14,Reparo de placa,31.5,Resolvido
2026,2026,2025-09-11,2025-09-19,Limpeza técnica,33.5,Resolvido
2027,2027,2025-09-28,2025-10-07,Atualização de software,30.4,Resolvido
2028,2028,2026-03-20,2026-04-02,Atualização de software,34.9,Resolvido
2029,2029,2025-09-13,2025-09-16,Atualização de software,12.3,Resolvido
2030,2030,2025-11-13,2025-11-16,Troca de componente,9.1,Resolvido
2031,2031,2025-12-10,2025-12-23,Reparo de placa,30.2,Resolvido
2032,2032,2025-11-28,2025-12-08,Atualização de software,29.8,Resolvido
2033,2033,2026-06-27,2026-06-29,Reparo de placa,8.7,Resolvido
2034,2034,2025-12-30,2026-01-01,Troca de componente,11.6,Resolvido
2035,2035,2025-10-30,2025-11-11,Reparo de placa,35.2,Resolvido
2036,2036,2026-05-03,2026-05-06,Limpeza técnica,12.3,Resolvido
2038,2038,2026-01-26,2026-02-03,Atualização de software,25.6,Resolvido
2039,2039,2025-09-20,2025-09-25,Reparo de placa,13.4,Resolvido
2040,2040,2026-02-04,2026-02-15,Reparo de placa,13.8,Resolvido
2041,2041,2026-05-07,2026-05-12,Troca de componente,21.2,Resolvido
2042,2042,2025-10-09,2025-10-12,Troca de componente,10.0,Resolvido
2043,2043,2026-05-23,2026-06-01,Atualização de software,28.0,Resolvido
2044,2044,2025-10-23,2025-11-01,Reparo de placa,18.6,Resolvido
2045,2045,2025-12-10,2025-12-15,Limpeza técnica,10.1,Resolvido
2046,2046,2025-07-06,2025-07-19,Reparo de placa,22.6,Resolvido
2047,2047,2026-06-28,2026-07-09,Limpeza técnica,30.3,Resolvido
2048,2048,2025-10-30,2025-11-09,Atualização de software,25.0,Resolvido
2049,2049,2026-06-07,2026-06-19,Reparo de placa,45.9,Resolvido
2050,2050,2025-09-07,2025-09-12,Reparo de placa,22.6,Resolvido
2051,2051,2026-03-19,2026-03-29,Reparo de placa,11.2,Retorno
2052,2052,2025-08-18,2025-08-22,Limpeza técnica,11.4,Resolvido
2053,2053,2025-07-17,2025-07-30,Troca de componente,43.3,Retorno
2054,2054,2026-05-22,2026-06-02,Reparo de placa,17.7,Resolvido
2056,2056,2026-06-09,2026-06-21,Atualização de software,27.7,Resolvido
2057,2057,2025-11-07,2025-11-10,Limpeza técnica,7.7,Resolvido
2058,2058,2025-12-03,2025-12-04,Atualização de software,3.2,Resolvido
2059,2059,2025-07-21,2025-08-03,Troca de componente,43.6,Resolvido
2060,2060,2025-10-04,2025-10-13,Reparo de placa,30.6,Resolvido
2061,2061,2026-01-15,2026-01-26,Atualização de software,41.4,Resolvido
2062,2062,2026-04-27,2026-05-05,Limpeza técnica,26.2,Resolvido
2064,2064,2026-01-12,2026-01-20,Limpeza técnica,9.8,Resolvido
2066,2066,2025-07-02,2025-07-04,Troca de componente,7.5,Resolvido
2067,2067,2026-05-14,2026-05-26,Reparo de placa,51.1,Resolvido
2068,2068,2025-12-03,2025-12-15,Limpeza técnica,18.5,Resolvido
2071,2071,2025-07-21,2025-08-03,Limpeza técnica,35.3,Resolvido
2072,2072,2025-09-24,2025-09-30,Limpeza técnica,8.3,Resolvido
2075,2075,2025-12-26,2026-01-08,Atualização de software,46.5,Resolvido
2076,2076,2026-05-17,2026-05-26,Limpeza técnica,26.6,Resolvido
2078,2078,2025-09-01,2025-09-11,Limpeza técnica,42.0,Resolvido
2080,2080,2026-01-21,2026-01-26,Troca de componente,8.4,Resolvido
2081,2081,2025-07-28,2025-08-05,Limpeza técnica,27.7,Resolvido
2082,2082,2026-04-24,2026-04-29,Atualização de software,9.2,Resolvido
2084,2084,2025-09-18,2025-10-01,Atualização de software,39.3,Resolvido
2085,2085,2026-04-19,2026-04-27,Atualização de software,17.7,Resolvido
2086,2086,2025-07-11,2025-07-17,Limpeza técnica,13.6,Resolvido
2087,2087,2025-10-12,2025-10-22,Limpeza técnica,26.9,Resolvido
2088,2088,2026-05-20,2026-06-02,Reparo de placa,25.7,Resolvido
2089,2089,2026-03-15,2026-03-26,Reparo de placa,17.2,Resolvido
2090,2090,2025-12-18,2025-12-22,Atualização de software,14.1,Resolvido
2091,2091,2026-06-07,2026-06-17,Limpeza técnica,40.2,Resolvido
2092,2092,2026-04-21,2026-04-26,Atualização de software,10.2,Resolvido
2093,2093,2026-02-12,2026-02-12,Atualização de software,3.1,Resolvido
2094,2094,2026-03-24,2026-03-27,Limpeza técnica,12.5,Resolvido
2096,2096,2026-05-23,2026-06-02,Limpeza técnica,13.7,Resolvido
2097,2097,2025-09-25,2025-09-30,Atualização de software,15.5,Resolvido
2098,2098,2025-07-11,2025-07-18,Limpeza técnica,31.7,Resolvido
2099,2099,2026-06-23,2026-06-28,Reparo de placa,21.1,Retorno
2100,2100,2026-06-20,2026-06-21,Atualização de software,2.8,Resolvido
2101,2101,2026-06-30,2026-07-02,Reparo de placa,10.7,Resolvido
2103,2103,2025-07-23,2025-07-25,Atualização de software,10.0,Resolvido
2104,2104,2026-05-25,2026-06-07,Troca de componente,38.1,Resolvido
2105,2105,2026-01-27,2026-01-31,Atualização de software,11.2,Resolvido
2106,2106,2026-05-04,2026-05-16,Troca de componente,25.5,Resolvido
2107,2107,2025-10-19,2025-10-26,Limpeza técnica,29.2,Resolvido
2110,2110,2026-06-04,2026-06-06,Reparo de placa,10.1,Resolvido
2111,2111,2025-12-01,2025-12-05,Troca de componente,8.8,Resolvido
2112,2112,2025-07-06,2025-07-19,Atualização de software,30.5,Resolvido
2113,2113,2025-10-12,2025-10-18,Atualização de software,18.6,Resolvido
2114,2114,2026-04-06,2026-04-09,Troca de componente,9.6,Resolvido
2115,2115,2025-11-11,2025-11-18,Atualização de software,25.6,Resolvido
2116,2116,2026-01-26,2026-02-05,Atualização de software,30.9,Resolvido
2117,2117,2026-01-24,2026-01-28,Limpeza técnica,11.3,Resolvido
2119,2119,2026-05-23,2026-05-31,Troca de componente,15.9,Resolvido
2120,2120,2025-12-03,2025-12-09,Atualização de software,18.6,Resolvido
2122,2122,2026-04-11,2026-04-12,Troca de componente,6.5,Resolvido
2123,2123,2026-04-29,2026-04-30,Troca de componente,3.4,Resolvido
2124,2124,2025-10-12,2025-10-22,Reparo de placa,42.9,Resolvido
2126,2126,2026-02-12,2026-02-21,Reparo de placa,30.8,Resolvido
2127,2127,2025-12-02,2025-12-07,Limpeza técnica,20.1,Resolvido
2129,2129,2026-05-28,2026-06-04,Reparo de placa,8.2,Resolvido
2130,2130,2025-07-12,2025-07-14,Reparo de placa,3.5,Resolvido
2131,2131,2026-02-24,2026-03-02,Reparo de placa,26.1,Resolvido
2132,2132,2026-04-10,2026-04-14,Troca de componente,17.6,Resolvido
2133,2133,2026-06-15,2026-06-28,Reparo de placa,30.9,Resolvido
2134,2134,2025-10-03,2025-10-07,Reparo de placa,9.0,Resolvido
2135,2135,2025-09-13,2025-09-24,Troca de componente,21.3,Resolvido
2136,2136,2026-01-15,2026-01-28,Limpeza técnica,49.4,Resolvido
2137,2137,2026-04-17,2026-04-19,Reparo de placa,4.6,Resolvido
2138,2138,2026-04-07,2026-04-16,Limpeza técnica,31.3,Resolvido
2139,2139,2026-01-08,2026-01-20,Reparo de placa,27.7,Resolvido
2140,2140,2025-12-27,2025-12-28,Troca de componente,4.1,Resolvido
2142,2142,2026-05-26,2026-06-07,Limpeza técnica,18.5,Resolvido
2143,2143,2025-12-06,2025-12-14,Limpeza técnica,24.8,Resolvido
2145,2145,2026-03-22,2026-04-04,Atualização de software,46.9,Resolvido
2147,2147,2026-04-21,2026-05-02,Troca de componente,40.8,Resolvido
2148,2148,2025-10-28,2025-10-30,Reparo de placa,8.8,Resolvido
2149,2149,2025-08-19,2025-08-27,Troca de componente,14.3,Resolvido
2152,2152,2026-04-05,2026-04-13,Limpeza técnica,32.5,Resolvido
2153,2153,2026-03-07,2026-03-15,Troca de componente,23.0,Resolvido
2154,2154,2025-10-04,2025-10-06,Reparo de placa,9.5,Resolvido
2155,2155,2025-09-24,2025-10-06,Atualização de software,36.7,Resolvido
2156,2156,2026-03-30,2026-04-10,Atualização de software,16.4,Resolvido
2157,2157,2025-07-12,2025-07-22,Atualização de software,18.2,Resolvido
2158,2158,2025-09-09,2025-09-14,Atualização de software,7.2,Resolvido
2159,2159,2025-09-19,2025-09-20,Reparo de placa,4.8,Resolvido
2160,2160,2025-10-04,2025-10-13,Limpeza técnica,11.4,Resolvido
2162,2162,2025-08-24,2025-08-24,Atualização de software,2.6,Resolvido
2163,2163,2025-07-12,2025-07-22,Limpeza técnica,21.8,Resolvido
2164,2164,2026-02-17,2026-02-23,Limpeza técnica,13.0,Resolvido
2166,2166,2025-11-10,2025-11-10,Atualização de software,1.6,Resolvido
2167,2167,2026-04-24,2026-05-04,Atualização de software,37.2,Resolvido
2168,2168,2025-08-14,2025-08-22,Reparo de placa,22.2,Resolvido
2169,2169,2026-06-02,2026-06-09,Reparo de placa,29.6,Resolvido
2170,2170,2026-05-23,2026-05-26,Reparo de placa,15.3,Resolvido
2171,2171,2025-11-07,2025-11-15,Troca de componente,11.4,Resolvido
2172,2172,2026-05-31,2026-05-31,Reparo de placa,3.0,Resolvido
2173,2173,2025-09-03,2025-09-15,Limpeza técnica,29.4,Resolvido
2174,2174,2025-09-10,2025-09-14,Reparo de placa,15.4,Retorno
2175,2175,2026-05-31,2026-06-10,Atualização de software,24.2,Resolvido
2176,2176,2025-12-26,2026-01-01,Troca de componente,11.1,Resolvido
2177,2177,2025-09-06,2025-09-14,Limpeza técnica,14.6,Resolvido
2178,2178,2025-12-21,2025-12-29,Limpeza técnica,10.2,Resolvido
2179,2179,2026-02-11,2026-02-20,Limpeza técnica,21.4,Resolvido
2180,2180,2025-07-26,2025-07-26,Atualização de software,1.4,Resolvido
2182,2182,2025-09-19,2025-09-27,Troca de componente,10.8,Resolvido
2184,2184,2025-12-06,2025-12-17,Troca de componente,29.9,Resolvido
2186,2186,2026-01-04,2026-01-11,Atualização de software,29.7,Resolvido
2188,2188,2026-06-01,2026-06-07,Atualização de software,18.3,Resolvido
2190,2190,2025-10-20,2025-10-24,Limpeza técnica,17.9,Resolvido
2192,2192,2025-11-28,2025-12-06,Atualização de software,14.6,Resolvido
2193,2193,2025-09-06,2025-09-09,Limpeza técnica,8.9,Retorno
2194,2194,2026-05-14,2026-05-17,Troca de componente,13.1,Resolvido
2195,2195,2026-03-13,2026-03-18,Troca de componente,10.6,Resolvido
2196,2196,2025-10-01,2025-10-08,Limpeza técnica,23.9,Resolvido
2197,2197,2026-02-09,2026-02-11,Limpeza técnica,9.7,Resolvido
2199,2199,2026-02-08,2026-02-14,Troca de componente,21.2,Retorno
2200,2200,2025-12-21,2025-12-22,Troca de componente,7.0,Resolvido
2201,2201,2025-11-03,2025-11-12,Troca de componente,37.8,Resolvido
2202,2202,2025-09-16,2025-09-21,Reparo de placa,19.0,Resolvido
2206,2206,2025-12-13,2025-12-18,Troca de componente,7.3,Resolvido
2207,2207,2025-09-19,2025-09-28,Reparo de placa,39.7,Resolvido
2208,2208,2025-07-03,2025-07-08,Limpeza técnica,11.0,Resolvido
2209,2209,2025-12-24,2025-12-31,Atualização de software,10.9,Resolvido
2210,2210,2025-11-01,2025-11-04,Troca de componente,5.2,Resolvido
2211,2211,2026-05-17,2026-05-17,Reparo de placa,2.5,Resolvido
2212,2212,2025-11-18,2025-11-18,Troca de componente,2.0,Resolvido
2213,2213,2026-05-29,2026-06-09,Troca de componente,12.2,Resolvido
2214,2214,2026-04-12,2026-04-20,Limpeza técnica,23.1,Resolvido
2216,2216,2026-05-05,2026-05-06,Atualização de software,3.1,Resolvido
2217,2217,2026-05-05,2026-05-15,Reparo de placa,38.9,Resolvido
2218,2218,2026-04-21,2026-04-25,Limpeza técnica,11.1,Retorno
2219,2219,2026-01-31,2026-02-12,Troca de componente,35.4,Resolvido
2221,2221,2026-03-19,2026-03-26,Limpeza técnica,31.4,Resolvido
2222,2222,2026-02-22,2026-03-05,Atualização de software,42.2,Resolvido
2223,2223,2025-12-16,2025-12-29,Limpeza técnica,44.5,Retorno
2224,2224,2026-04-13,2026-04-18,Atualização de software,11.2,Resolvido
2225,2225,2025-08-08,2025-08-19,Limpeza técnica,25.7,Retorno
2226,2226,2025-12-16,2025-12-22,Limpeza técnica,22.1,Resolvido
2227,2227,2025-07-28,2025-07-31,Troca de componente,6.3,Resolvido
2228,2228,2025-11-28,2025-11-30,Atualização de software,9.9,Resolvido
2229,2229,2025-09-29,2025-10-03,Limpeza técnica,5.1,Resolvido
2231,2231,2026-05-27,2026-05-27,Limpeza técnica,3.4,Resolvido
2233,2233,2026-06-10,2026-06-20,Atualização de software,11.7,Resolvido
2234,2234,2026-06-09,2026-06-15,Limpeza técnica,27.4,Resolvido
2235,2235,2025-08-05,2025-08-09,Reparo de placa,5.3,Resolvido
2237,2237,2025-09-14,2025-09-23,Reparo de placa,29.2,Resolvido
2239,2239,2026-01-27,2026-02-06,Troca de componente,28.6,Resolvido
2240,2240,2026-05-18,2026-05-25,Reparo de placa,30.8,Resolvido
2241,2241,2026-05-02,2026-05-13,Limpeza técnica,32.0,Retorno
2242,2242,2026-02-17,2026-02-23,Troca de componente,14.2,Resolvido
2244,2244,2025-09-19,2025-10-02,Reparo de placa,28.1,Resolvido
2245,2245,2025-10-26,2025-11-08,Limpeza técnica,21.9,Resolvido
2246,2246,2026-06-03,2026-06-15,Limpeza técnica,25.3,Resolvido
2248,2248,2025-09-15,2025-09-16,Limpeza técnica,2.7,Resolvido
2249,2249,2026-01-11,2026-01-20,Reparo de placa,36.0,Resolvido
2250,2250,2026-02-17,2026-02-19,Limpeza técnica,6.9,Resolvido
2251,2251,2026-04-29,2026-05-04,Troca de componente,7.5,Resolvido
2252,2252,2026-05-19,2026-05-20,Atualização de software,5.3,Resolvido
2253,2253,2026-05-04,2026-05-04,Atualização de software,1.1,Resolvido
2254,2254,2025-11-20,2025-11-24,Reparo de placa,8.9,Resolvido
2255,2255,2026-03-13,2026-03-15,Atualização de software,3.6,Resolvido
2256,2256,2025-09-17,2025-09-25,Troca de componente,22.0,Resolvido
2257,2257,2025-12-23,2025-12-27,Troca de componente,20.0,Resolvido
2258,2258,2026-01-11,2026-01-17,Troca de componente,9.3,Resolvido
2259,2259,2026-05-29,2026-06-03,Troca de componente,15.1,Resolvido
2260,2260,2025-08-17,2025-08-29,Troca de componente,20.4,Resolvido
2261,2261,2026-01-04,2026-01-15,Reparo de placa,21.0,Resolvido
2262,2262,2026-05-08,2026-05-11,Atualização de software,7.1,Resolvido
2263,2263,2025-11-22,2025-12-03,Limpeza técnica,44.2,Resolvido
2264,2264,2025-08-04,2025-08-07,Limpeza técnica,11.8,Resolvido
2265,2265,2026-06-21,2026-06-25,Atualização de software,19.3,Resolvido
2266,2266,2025-11-11,2025-11-17,Atualização de software,27.2,Resolvido
2267,2267,2025-09-24,2025-10-04,Reparo de placa,37.7,Resolvido
2268,2268,2025-08-22,2025-08-30,Limpeza técnica,25.6,Resolvido
2269,2269,2025-11-27,2025-11-30,Atualização de software,11.7,Resolvido
2270,2270,2025-07-15,2025-07-27,Atualização de software,24.2,Resolvido
2271,2271,2025-10-30,2025-11-04,Limpeza técnica,15.6,Resolvido
2272,2272,2025-08-10,2025-08-21,Troca de componente,20.3,Resolvido
2273,2273,2026-05-23,2026-06-04,Limpeza técnica,44.0,Resolvido
2274,2274,2025-09-27,2025-10-10,Atualização de software,14.1,Resolvido
2275,2275,2026-02-13,2026-02-16,Atualização de software,6.5,Resolvido
2276,2276,2026-01-16,2026-01-25,Reparo de placa,34.7,Resolvido
2277,2277,2025-11-09,2025-11-13,Atualização de software,12.4,Resolvido
2278,2278,2025-08-17,2025-08-24,Atualização de software,18.5,Resolvido
2279,2279,2026-04-20,2026-04-28,Reparo de placa,31.8,Resolvido
2280,2280,2026-02-05,2026-02-15,Limpeza técnica,42.9,Resolvido
2281,2281,2026-03-07,2026-03-11,Limpeza técnica,8.4,Resolvido
2282,2282,2025-08-15,2025-08-28,Reparo de placa,31.6,Resolvido
2283,2283,2025-12-07,2025-12-12,Reparo de placa,14.2,Resolvido
2284,2284,2025-07-18,2025-07-18,Troca de componente,1.5,Resolvido
2285,2285,2025-08-11,2025-08-13,Reparo de placa,4.3,Resolvido
2287,2287,2026-03-30,2026-04-01,Atualização de software,11.5,Resolvido
2288,2288,2025-12-31,2026-01-05,Reparo de placa,16.9,Resolvido
2289,2289,2026-02-08,2026-02-15,Reparo de placa,22.1,Resolvido
2290,2290,2026-06-20,2026-06-25,Atualização de software,19.6,Resolvido
2291,2291,2026-01-16,2026-01-24,Limpeza técnica,27.2,Resolvido
2293,2293,2025-11-30,2025-12-02,Troca de componente,8.1,Resolvido
2294,2294,2025-07-25,2025-07-29,Atualização de software,12.9,Resolvido
2297,2297,2025-07-10,2025-07-13,Atualização de software,6.5,Resolvido
2298,2298,2026-06-30,2026-07-09,Atualização de software,11.5,Resolvido
2299,2299,2026-03-20,2026-03-21,Troca de componente,7.7,Resolvido
2300,2300,2026-06-21,2026-06-21,Troca de componente,2.4,Resolvido
2301,2301,2026-04-01,2026-04-08,Reparo de placa,18.6,Resolvido
2302,2302,2026-03-10,2026-03-16,Reparo de placa,7.6,Resolvido
2304,2304,2026-01-26,2026-02-08,Atualização de software,19.8,Resolvido
2305,2305,2025-12-03,2025-12-08,Troca de componente,20.3,Resolvido
2307,2307,2025-07-11,2025-07-24,Atualização de software,40.0,Resolvido
2308,2308,2026-01-08,2026-01-18,Atualização de software,18.6,Resolvido
2309,2309,2025-12-18,2025-12-20,Troca de componente,10.9,Resolvido
2310,2310,2026-02-10,2026-02-10,Atualização de software,1.9,Resolvido
2311,2311,2025-10-31,2025-11-07,Reparo de placa,8.4,Resolvido
2312,2312,2026-04-29,2026-04-29,Atualização de software,2.0,Retorno
2313,2313,2026-01-15,2026-01-20,Reparo de placa,15.2,Resolvido
2314,2314,2025-07-28,2025-08-01,Reparo de placa,8.3,Resolvido
2315,2315,2026-01-26,2026-02-04,Reparo de placa,34.2,Resolvido
2316,2316,2025-08-05,2025-08-12,Limpeza técnica,12.4,Resolvido
2317,2317,2025-10-19,2025-10-21,Troca de componente,6.4,Resolvido
2318,2318,2025-07-07,2025-07-17,Reparo de placa,38.4,Resolvido
2320,2320,2026-04-08,2026-04-17,Limpeza técnica,18.8,Retorno
2321,2321,2026-03-14,2026-03-18,Limpeza técnica,18.7,Resolvido
2322,2322,2025-07-16,2025-07-23,Atualização de software,11.3,Resolvido
2323,2323,2025-11-22,2025-11-25,Atualização de software,7.8,Resolvido
2324,2324,2026-01-01,2026-01-01,Atualização de software,2.4,Resolvido
2325,2325,2025-11-01,2025-11-09,Troca de componente,18.1,Resolvido
2326,2326,2025-11-12,2025-11-15,Atualização de software,8.5,Resolvido
2327,2327,2025-09-01,2025-09-04,Limpeza técnica,15.8,Resolvido
2329,2329,2026-03-22,2026-03-27,Troca de componente,21.8,Resolvido
2330,2330,2025-10-29,2025-10-30,Limpeza técnica,5.8,Resolvido
2332,2332,2026-05-21,2026-05-31,Limpeza técnica,23.4,Resolvido
2333,2333,2025-07-13,2025-07-18,Reparo de placa,14.2,Resolvido
2334,2334,2026-04-02,2026-04-07,Atualização de software,21.7,Resolvido
2335,2335,2025-10-01,2025-10-06,Reparo de placa,13.6,Resolvido
2336,2336,2025-07-14,2025-07-26,Atualização de software,25.0,Resolvido
2337,2337,2025-09-06,2025-09-18,Limpeza técnica,20.2,Resolvido
2338,2338,2026-02-28,2026-03-01,Troca de componente,7.0,Resolvido
2339,2339,2025-11-04,2025-11-15,Atualização de software,34.9,Resolvido
2341,2341,2025-12-19,2025-12-28,Atualização de software,15.5,Resolvido
2342,2342,2025-11-02,2025-11-15,Troca de componente,29.3,Resolvido
2344,2344,2025-12-22,2025-12-31,Limpeza técnica,35.8,Resolvido
2348,2348,2025-12-09,2025-12-17,Reparo de placa,9.7,Resolvido
2349,2349,2026-04-18,2026-04-24,Troca de componente,10.0,Resolvido
2351,2351,2026-02-04,2026-02-14,Reparo de placa,12.5,Resolvido
2352,2352,2025-10-27,2025-11-02,Troca de componente,20.7,Resolvido
2353,2353,2026-06-06,2026-06-09,Limpeza técnica,9.5,Resolvido
2354,2354,2026-03-07,2026-03-17,Atualização de software,39.9,Resolvido
2355,2355,2026-03-30,2026-03-31,Limpeza técnica,3.8,Resolvido
2356,2356,2025-08-06,2025-08-11,Reparo de placa,9.2,Resolvido
2357,2357,2025-09-17,2025-09-19,Reparo de placa,10.5,Resolvido
2358,2358,2026-02-10,2026-02-16,Reparo de placa,9.8,Resolvido
2360,2360,2026-01-31,2026-02-04,Troca de componente,8.1,Resolvido
2361,2361,2026-03-31,2026-04-05,Limpeza técnica,21.7,Resolvido
2362,2362,2026-06-23,2026-06-26,Atualização de software,11.1,Resolvido
2363,2363,2026-04-03,2026-04-13,Atualização de software,17.3,Resolvido
2364,2364,2026-06-28,2026-07-05,Reparo de placa,29.6,Resolvido
2366,2366,2026-05-05,2026-05-08,Limpeza técnica,14.4,Resolvido
2367,2367,2025-07-28,2025-08-05,Reparo de placa,15.3,Resolvido
2368,2368,2025-08-03,2025-08-07,Troca de componente,14.7,Resolvido
2369,2369,2026-01-22,2026-01-23,Limpeza técnica,2.3,Resolvido
2370,2370,2026-04-14,2026-04-17,Limpeza técnica,8.0,Resolvido
2371,2371,2026-03-05,2026-03-05,Reparo de placa,1.3,Retorno
2372,2372,2025-11-24,2025-11-29,Troca de componente,7.3,Resolvido
2373,2373,2026-06-12,2026-06-17,Limpeza técnica,21.2,Resolvido
2374,2374,2025-07-13,2025-07-16,Troca de componente,7.4,Resolvido
2375,2375,2025-09-27,2025-10-02,Limpeza técnica,23.2,Resolvido
2376,2376,2025-12-31,2026-01-07,Limpeza técnica,24.1,Resolvido
2377,2377,2025-08-12,2025-08-16,Troca de componente,11.5,Resolvido
2378,2378,2026-03-29,2026-04-10,Atualização de software,30.5,Resolvido
2379,2379,2026-01-17,2026-01-30,Limpeza técnica,27.9,Resolvido
2380,2380,2026-07-01,2026-07-14,Troca de componente,50.7,Resolvido
2382,2382,2025-10-17,2025-10-28,Reparo de placa,31.0,Resolvido
2383,2383,2025-08-05,2025-08-10,Reparo de placa,7.2,Resolvido
2384,2384,2025-08-07,2025-08-13,Reparo de placa,22.7,Resolvido
2385,2385,2026-06-28,2026-06-30,Atualização de software,10.1,Resolvido
2386,2386,2025-12-10,2025-12-16,Reparo de placa,7.0,Resolvido
2387,2387,2026-04-02,2026-04-13,Reparo de placa,15.7,Resolvido
2388,2388,2026-02-01,2026-02-13,Atualização de software,35.6,Resolvido
2389,2389,2025-08-13,2025-08-15,Troca de componente,6.0,Resolvido
2390,2390,2026-05-23,2026-05-26,Atualização de software,11.2,Resolvido
2392,2392,2025-12-14,2025-12-20,Reparo de placa,26.8,Resolvido
2393,2393,2026-03-30,2026-03-30,Limpeza técnica,3.7,Resolvido
2394,2394,2026-02-23,2026-02-27,Atualização de software,7.5,Resolvido
2395,2395,2026-05-25,2026-05-28,Reparo de placa,13.9,Resolvido
2396,2396,2026-03-02,2026-03-15,Reparo de placa,48.7,Resolvido
2397,2397,2026-04-29,2026-04-30,Reparo de placa,3.2,Resolvido
2400,2400,2025-12-25,2026-01-06,Limpeza técnica,39.0,Resolvido
2401,2401,2026-01-18,2026-01-23,Limpeza técnica,17.2,Resolvido
2402,2402,2026-03-10,2026-03-13,Atualização de software,15.7,Retorno
2403,2403,2026-04-23,2026-05-04,Troca de componente,17.9,Resolvido
2404,2404,2025-12-24,2025-12-28,Atualização de software,11.2,Resolvido
2405,2405,2026-04-19,2026-04-19,Reparo de placa,1.8,Resolvido
2406,2406,2026-01-29,2026-02-03,Limpeza técnica,22.1,Resolvido
2407,2407,2026-04-05,2026-04-08,Troca de componente,9.6,Resolvido
2408,2408,2026-05-26,2026-06-02,Limpeza técnica,17.9,Resolvido
2409,2409,2025-07-25,2025-07-29,Limpeza técnica,17.6,Resolvido
2410,2410,2025-09-25,2025-09-25,Troca de componente,3.8,Retorno
2413,2413,2025-12-30,2026-01-05,Troca de componente,7.8,Resolvido
2414,2414,2026-03-30,2026-03-31,Reparo de placa,6.3,Resolvido
2415,2415,2025-12-08,2025-12-16,Limpeza técnica,27.9,Resolvido
2416,2416,2025-08-26,2025-08-29,Limpeza técnica,4.9,Resolvido
2417,2417,2026-05-19,2026-05-29,Atualização de software,36.0,Resolvido
2418,2418,2026-05-09,2026-05-12,Troca de componente,10.2,Resolvido
2419,2419,2025-12-05,2025-12-14,Limpeza técnica,30.8,Resolvido
2420,2420,2025-12-06,2025-12-14,Limpeza técnica,31.1,Resolvido
2421,2421,2026-05-28,2026-06-05,Limpeza técnica,26.3,Resolvido
2422,2422,2025-11-27,2025-12-06,Limpeza técnica,32.9,Resolvido
2423,2423,2025-12-31,2026-01-08,Troca de componente,10.1,Resolvido
2424,2424,2026-04-05,2026-04-15,Limpeza técnica,29.3,Resolvido
2425,2425,2025-10-26,2025-11-07,Limpeza técnica,39.5,Resolvido
2426,2426,2026-02-02,2026-02-03,Limpeza técnica,6.6,Resolvido
2427,2427,2025-07-12,2025-07-17,Troca de componente,6.0,Resolvido
2428,2428,2025-07-27,2025-08-08,Atualização de software,17.2,Resolvido
2429,2429,2026-03-26,2026-03-30,Troca de componente,19.1,Resolvido
2433,2433,2026-04-29,2026-05-06,Reparo de placa,9.5,Resolvido
2434,2434,2025-07-14,2025-07-17,Troca de componente,5.8,Resolvido
2435,2435,2026-05-03,2026-05-05,Limpeza técnica,9.3,Resolvido
2436,2436,2026-01-16,2026-01-28,Troca de componente,23.2,Retorno
2438,2438,2025-12-30,2026-01-04,Atualização de software,18.9,Resolvido
2439,2439,2025-10-04,2025-10-17,Limpeza técnica,25.4,Resolvido
2440,2440,2026-02-10,2026-02-22,Reparo de placa,34.7,Resolvido
2441,2441,2025-08-09,2025-08-16,Limpeza técnica,11.4,Resolvido
2442,2442,2026-01-23,2026-01-26,Atualização de software,12.7,Resolvido
2443,2443,2025-12-17,2025-12-30,Limpeza técnica,53.3,Resolvido
2444,2444,2026-04-11,2026-04-24,Atualização de software,48.7,Resolvido
2445,2445,2025-11-25,2025-12-03,Troca de componente,12.1,Resolvido
2446,2446,2026-03-30,2026-03-31,Limpeza técnica,7.9,Resolvido
2448,2448,2025-09-15,2025-09-27,Atualização de software,25.2,Resolvido
2451,2451,2025-10-20,2025-10-20,Atualização de software,2.6,Resolvido
2452,2452,2026-06-18,2026-06-28,Troca de componente,35.0,Resolvido
2453,2453,2025-12-31,2026-01-04,Atualização de software,17.9,Resolvido
2454,2454,2026-05-20,2026-05-22,Reparo de placa,9.4,Resolvido
2455,2455,2026-06-07,2026-06-13,Atualização de software,17.0,Resolvido
2456,2456,2026-01-31,2026-02-12,Limpeza técnica,46.3,Resolvido
2457,2457,2025-12-10,2025-12-20,Reparo de placa,37.1,Resolvido
2459,2459,2025-07-03,2025-07-06,Limpeza técnica,14.2,Retorno
2460,2460,2026-01-01,2026-01-04,Reparo de placa,15.4,Resolvido
2461,2461,2026-02-10,2026-02-12,Limpeza técnica,4.3,Resolvido
2462,2462,2025-09-11,2025-09-22,Atualização de software,16.8,Resolvido
2464,2464,2026-02-11,2026-02-15,Limpeza técnica,13.3,Retorno
2465,2465,2025-10-16,2025-10-22,Reparo de placa,27.5,Resolvido
2466,2466,2025-12-26,2026-01-08,Reparo de placa,36.3,Resolvido
2467,2467,2026-05-10,2026-05-22,Reparo de placa,19.8,Resolvido
2468,2468,2025-10-14,2025-10-23,Limpeza técnica,22.6,Resolvido
2469,2469,2026-06-19,2026-06-23,Troca de componente,11.5,Resolvido
2470,2470,2025-07-05,2025-07-13,Reparo de placa,32.7,Resolvido
2471,2471,2026-05-10,2026-05-10,Reparo de placa,2.0,Resolvido
2472,2472,2025-12-24,2025-12-24,Troca de componente,2.7,Resolvido
2473,2473,2026-06-10,2026-06-16,Reparo de placa,20.6,Retorno
2475,2475,2026-05-28,2026-05-30,Reparo de placa,5.0,Resolvido
2477,2477,2025-08-07,2025-08-12,Atualização de software,11.0,Resolvido
2478,2478,2026-05-19,2026-05-25,Troca de componente,22.8,Resolvido
2479,2479,2026-05-21,2026-05-23,Limpeza técnica,6.1,Retorno
2480,2480,2025-09-14,2025-09-18,Limpeza técnica,17.8,Resolvido
2481,2481,2026-05-29,2026-06-08,Limpeza técnica,29.1,Resolvido
2483,2483,2025-08-31,2025-09-02,Atualização de software,5.4,Resolvido
2484,2484,2026-01-21,2026-01-29,Troca de componente,18.3,Resolvido
2485,2485,2025-11-05,2025-11-05,Troca de componente,2.8,Resolvido
2486,2486,2026-05-26,2026-05-26,Reparo de placa,3.7,Resolvido
2487,2487,2026-02-26,2026-03-05,Atualização de software,18.0,Resolvido
2488,2488,2026-03-28,2026-04-09,Reparo de placa,25.9,Resolvido
2489,2489,2025-11-09,2025-11-12,Troca de componente,14.8,Resolvido
2490,2490,2025-11-08,2025-11-19,Limpeza técnica,31.6,Resolvido
2491,2491,2025-09-23,2025-10-04,Troca de componente,43.8,Resolvido
2492,2492,2026-05-08,2026-05-19,Limpeza técnica,17.3,Resolvido
2493,2493,2025-08-15,2025-08-18,Reparo de placa,11.1,Resolvido
2495,2495,2025-10-27,2025-11-08,Limpeza técnica,18.6,Resolvido
2496,2496,2026-06-29,2026-07-11,Atualização de software,21.4,Resolvido
2497,2497,2026-06-05,2026-06-12,Limpeza técnica,15.5,Resolvido
2498,2498,2025-11-09,2025-11-14,Atualização de software,16.8,Resolvido
2499,2499,2026-05-28,2026-05-30,Limpeza técnica,5.5,Resolvido
2500,2500,2026-04-25,2026-04-25,Limpeza técnica,3.4,Retorno
2502,2502,2026-01-24,2026-02-02,Reparo de placa,33.8,Resolvido
2503,2503,2026-03-09,2026-03-22,Troca de componente,26.4,Resolvido
2504,2504,2026-01-01,2026-01-10,Reparo de placa,39.0,Resolvido
2505,2505,2025-10-23,2025-10-31,Troca de componente,34.2,Retorno
2506,2506,2026-05-09,2026-05-13,Limpeza técnica,10.3,Resolvido
2508,2508,2025-12-25,2025-12-29,Troca de componente,8.1,Resolvido
2509,2509,2026-05-13,2026-05-25,Limpeza técnica,22.6,Resolvido
2510,2510,2026-05-19,2026-05-20,Atualização de software,3.3,Resolvido
2511,2511,2026-02-02,2026-02-15,Atualização de software,34.0,Resolvido
2512,2512,2025-07-24,2025-08-02,Reparo de placa,39.5,Resolvido
2513,2513,2025-10-28,2025-10-29,Limpeza técnica,4.3,Resolvido
2514,2514,2026-06-14,2026-06-21,Troca de componente,23.7,Resolvido
2515,2515,2026-01-07,2026-01-17,Troca de componente,35.8,Resolvido
2516,2516,2025-07-31,2025-08-13,Troca de componente,29.1,Resolvido
2517,2517,2026-03-29,2026-03-31,Limpeza técnica,9.6,Resolvido
2518,2518,2025-09-17,2025-09-25,Limpeza técnica,16.7,Resolvido
2519,2519,2026-01-31,2026-02-11,Limpeza técnica,46.7,Resolvido
2520,2520,2025-12-14,2025-12-14,Reparo de placa,1.5,Resolvido
2521,2521,2026-01-24,2026-01-26,Limpeza técnica,4.2,Resolvido
2522,2522,2025-11-10,2025-11-22,Limpeza técnica,28.9,Resolvido
2523,2523,2026-01-20,2026-02-02,Reparo de placa,42.3,Resolvido
2525,2525,2026-04-18,2026-04-20,Limpeza técnica,8.4,Resolvido
2526,2526,2025-12-08,2025-12-18,Troca de componente,31.6,Resolvido
2527,2527,2025-09-12,2025-09-25,Atualização de software,30.7,Resolvido
2528,2528,2025-07-25,2025-08-06,Atualização de software,50.2,Resolvido
2529,2529,2026-05-11,2026-05-19,Atualização de software,14.5,Resolvido
2530,2530,2025-10-08,2025-10-12,Troca de componente,12.8,Resolvido
2531,2531,2025-12-13,2025-12-26,Reparo de placa,47.6,Resolvido
2532,2532,2026-05-18,2026-05-18,Troca de componente,2.7,Resolvido
2533,2533,2025-12-16,2025-12-20,Limpeza técnica,11.4,Resolvido
2534,2534,2026-05-04,2026-05-05,Reparo de placa,7.2,Resolvido
2535,2535,2026-01-20,2026-01-26,Atualização de software,15.8,Resolvido
2536,2536,2025-07-13,2025-07-25,Atualização de software,32.9,Resolvido
2538,2538,2026-03-13,2026-03-25,Atualização de software,14.4,Resolvido
2539,2539,2025-12-29,2025-12-30,Reparo de placa,3.5,Resolvido
2541,2541,2025-10-07,2025-10-07,Limpeza técnica,3.6,Resolvido
2542,2542,2025-12-14,2025-12-17,Reparo de placa,8.0,Resolvido
2543,2543,2025-10-13,2025-10-15,Limpeza técnica,5.8,Resolvido
2545,2545,2026-01-06,2026-01-07,Limpeza técnica,5.9,Resolvido
2546,2546,2025-07-13,2025-07-26,Limpeza técnica,55.3,Resolvido
2547,2547,2026-05-27,2026-06-06,Atualização de software,22.6,Resolvido
2548,2548,2026-03-03,2026-03-11,Troca de componente,10.3,Resolvido
2549,2549,2026-02-23,2026-02-24,Troca de componente,3.3,Resolvido
2550,2550,2026-01-12,2026-01-14,Reparo de placa,7.4,Resolvido
2552,2552,2026-01-11,2026-01-16,Reparo de placa,9.1,Retorno
2553,2553,2025-08-21,2025-09-02,Limpeza técnica,51.8,Resolvido
2554,2554,2025-09-27,2025-10-03,Reparo de placa,15.5,Resolvido
2555,2555,2025-12-26,2026-01-02,Atualização de software,15.2,Resolvido
2556,2556,2025-10-02,2025-10-09,Reparo de placa,11.0,Resolvido
2557,2557,2026-03-24,2026-03-29,Troca de componente,10.5,Resolvido
2558,2558,2026-04-15,2026-04-16,Atualização de software,5.4,Resolvido
2559,2559,2026-01-26,2026-02-07,Troca de componente,19.0,Resolvido
2561,2561,2026-01-25,2026-01-31,Reparo de placa,22.1,Resolvido
2563,2563,2025-07-03,2025-07-14,Atualização de software,42.9,Resolvido
2564,2564,2025-08-06,2025-08-13,Atualização de software,21.2,Resolvido
2565,2565,2025-09-02,2025-09-02,Troca de componente,3.8,Resolvido
2566,2566,2025-10-19,2025-10-28,Reparo de placa,36.6,Resolvido
2567,2567,2026-05-01,2026-05-05,Troca de componente,6.6,Resolvido
2568,2568,2026-03-02,2026-03-09,Limpeza técnica,22.8,Resolvido
2570,2570,2026-03-05,2026-03-10,Troca de componente,20.3,Resolvido
2571,2571,2025-11-02,2025-11-10,Limpeza técnica,18.0,Resolvido
2573,2573,2025-10-16,2025-10-27,Atualização de software,31.1,Resolvido
2575,2575,2026-02-22,2026-02-24,Limpeza técnica,6.2,Resolvido
2577,2577,2025-10-04,2025-10-15,Limpeza técnica,25.9,Retorno
2580,2580,2026-02-28,2026-03-05,Limpeza técnica,9.4,Resolvido
2581,2581,2025-10-24,2025-11-06,Atualização de software,34.5,Resolvido
2582,2582,2025-12-29,2026-01-07,Atualização de software,37.1,Resolvido
2583,2583,2026-04-13,2026-04-25,Reparo de placa,27.7,Resolvido
2584,2584,2026-06-19,2026-07-02,Reparo de placa,31.5,Resolvido
2586,2586,2026-01-06,2026-01-17,Atualização de software,45.3,Resolvido
2588,2588,2026-02-15,2026-02-18,Atualização de software,12.9,Resolvido
2589,2589,2026-04-20,2026-04-29,Limpeza técnica,28.7,Resolvido
2591,2591,2025-12-08,2025-12-11,Atualização de software,4.3,Resolvido
2592,2592,2025-08-16,2025-08-16,Troca de componente,1.7,Resolvido
2593,2593,2026-05-23,2026-06-05,Limpeza técnica,15.7,Retorno
2594,2594,2025-11-24,2025-11-27,Troca de componente,10.8,Resolvido
2596,2596,2026-04-18,2026-04-24,Atualização de software,20.7,Resolvido
2597,2597,2026-04-08,2026-04-10,Troca de componente,9.2,Resolvido
2598,2598,2025-10-08,2025-10-11,Troca de componente,12.1,Resolvido
2599,2599,2026-02-25,2026-03-03,Atualização de software,21.8,Resolvido
2600,2600,2025-08-18,2025-08-26,Reparo de placa,9.2,Resolvido
2601,2601,2025-11-30,2025-12-04,Atualização de software,18.7,Retorno
2602,2602,2026-04-08,2026-04-21,Troca de componente,38.6,Resolvido
2603,2603,2025-07-16,2025-07-23,Atualização de software,26.3,Resolvido
2604,2604,2026-02-07,2026-02-13,Limpeza técnica,27.1,Retorno
2605,2605,2026-02-03,2026-02-16,Troca de componente,47.0,Resolvido
2607,2607,2025-07-22,2025-07-31,Atualização de software,32.5,Resolvido
2608,2608,2025-09-12,2025-09-14,Atualização de software,9.2,Resolvido
2610,2610,2026-04-28,2026-05-03,Reparo de placa,20.4,Resolvido
2611,2611,2026-04-29,2026-05-10,Troca de componente,44.9,Resolvido
2612,2612,2025-10-18,2025-10-24,Limpeza técnica,27.9,Resolvido
2613,2613,2025-09-12,2025-09-14,Troca de componente,9.2,Resolvido
2614,2614,2025-09-07,2025-09-07,Atualização de software,2.2,Resolvido
2615,2615,2025-12-21,2025-12-25,Troca de componente,12.8,Resolvido
2617,2617,2025-10-22,2025-10-22,Limpeza técnica,1.3,Resolvido
2618,2618,2025-07-12,2025-07-19,Limpeza técnica,15.1,Resolvido
2619,2619,2025-07-18,2025-07-28,Troca de componente,12.3,Resolvido
2621,2621,2026-01-20,2026-01-27,Limpeza técnica,27.6,Resolvido
2622,2622,2026-02-19,2026-02-19,Limpeza técnica,1.6,Resolvido
2623,2623,2025-11-30,2025-12-01,Reparo de placa,6.9,Resolvido
2624,2624,2026-01-19,2026-01-31,Limpeza técnica,33.3,Resolvido
2626,2626,2025-07-30,2025-08-05,Atualização de software,19.7,Resolvido
2627,2627,2025-09-07,2025-09-14,Limpeza técnica,16.0,Resolvido
2628,2628,2025-11-21,2025-11-23,Limpeza técnica,11.3,Retorno
2629,2629,2025-10-01,2025-10-08,Reparo de placa,30.6,Resolvido
2630,2630,2026-04-05,2026-04-12,Troca de componente,24.5,Resolvido
2631,2631,2025-09-22,2025-10-05,Troca de componente,52.4,Retorno
2634,2634,2026-05-24,2026-05-24,Atualização de software,4.0,Resolvido
2635,2635,2025-08-03,2025-08-13,Reparo de placa,19.6,Resolvido
2636,2636,2025-07-31,2025-08-07,Atualização de software,14.6,Resolvido
2637,2637,2026-03-20,2026-03-21,Reparo de placa,3.4,Resolvido
2638,2638,2025-09-12,2025-09-20,Limpeza técnica,32.6,Resolvido
2640,2640,2026-01-11,2026-01-12,Limpeza técnica,6.2,Resolvido
2641,2641,2026-06-06,2026-06-19,Troca de componente,38.5,Resolvido
2643,2643,2025-12-19,2025-12-23,Troca de componente,12.9,Resolvido
2644,2644,2026-03-08,2026-03-11,Atualização de software,4.7,Resolvido
2648,2648,2025-12-06,2025-12-18,Limpeza técnica,14.4,Resolvido
2651,2651,2026-06-14,2026-06-21,Limpeza técnica,25.8,Resolvido
2653,2653,2025-09-11,2025-09-17,Troca de componente,18.1,Resolvido
2654,2654,2026-03-21,2026-03-24,Reparo de placa,4.4,Resolvido
2655,2655,2026-04-24,2026-05-04,Troca de componente,17.9,Resolvido
2656,2656,2025-12-08,2025-12-13,Limpeza técnica,16.4,Resolvido
2657,2657,2025-07-03,2025-07-05,Limpeza técnica,11.4,Resolvido
2658,2658,2025-08-16,2025-08-23,Troca de componente,24.9,Resolvido
2659,2659,2025-09-27,2025-10-10,Limpeza técnica,34.3,Resolvido
2661,2661,2025-08-14,2025-08-26,Limpeza técnica,20.1,Resolvido
2662,2662,2025-12-07,2025-12-20,Reparo de placa,34.3,Resolvido
2663,2663,2026-01-21,2026-01-22,Limpeza técnica,7.5,Resolvido
2664,2664,2025-12-18,2025-12-26,Limpeza técnica,28.9,Resolvido
2665,2665,2025-07-14,2025-07-16,Reparo de placa,5.9,Resolvido
2666,2666,2026-06-20,2026-06-25,Reparo de placa,18.0,Resolvido
2667,2667,2025-10-18,2025-10-21,Atualização de software,9.5,Resolvido
2669,2669,2026-04-06,2026-04-15,Reparo de placa,11.9,Resolvido
2670,2670,2026-05-12,2026-05-17,Reparo de placa,23.9,Resolvido
2671,2671,2026-06-13,2026-06-26,Reparo de placa,36.4,Resolvido
2673,2673,2026-01-17,2026-01-18,Atualização de software,7.6,Resolvido
2674,2674,2025-08-30,2025-09-01,Atualização de software,8.4,Resolvido
2675,2675,2026-05-26,2026-05-26,Limpeza técnica,3.1,Resolvido
2676,2676,2026-02-13,2026-02-24,Limpeza técnica,12.8,Resolvido
2677,2677,2026-02-14,2026-02-21,Reparo de placa,12.8,Resolvido
2679,2679,2026-01-16,2026-01-19,Limpeza técnica,6.8,Resolvido
2680,2680,2026-06-15,2026-06-22,Reparo de placa,13.0,Resolvido
2681,2681,2026-02-20,2026-02-28,Reparo de placa,28.2,Resolvido
2682,2682,2025-07-20,2025-07-25,Atualização de software,19.1,Resolvido
2685,2685,2026-01-23,2026-01-23,Atualização de software,1.3,Resolvido
2686,2686,2025-08-06,2025-08-16,Reparo de placa,32.3,Resolvido
2688,2688,2026-03-28,2026-03-28,Reparo de placa,1.3,Resolvido
2689,2689,2026-02-10,2026-02-18,Atualização de software,26.2,Resolvido
2690,2690,2026-03-05,2026-03-09,Reparo de placa,8.4,Resolvido
2691,2691,2026-04-27,2026-05-09,Reparo de placa,47.4,Resolvido
2692,2692,2025-12-20,2025-12-22,Atualização de software,11.4,Resolvido
2693,2693,2026-02-10,2026-02-13,Troca de componente,8.1,Resolvido
2694,2694,2026-06-13,2026-06-19,Limpeza técnica,23.9,Resolvido
2695,2695,2026-02-28,2026-03-03,Atualização de software,7.5,Resolvido
2697,2697,2026-01-22,2026-01-29,Troca de componente,20.7,Resolvido
2698,2698,2025-10-23,2025-11-02,Limpeza técnica,40.4,Resolvido
2699,2699,2026-03-02,2026-03-14,Reparo de placa,32.3,Resolvido
2700,2700,2026-04-05,2026-04-12,Limpeza técnica,26.9,Resolvido
2702,2702,2026-01-31,2026-02-13,Atualização de software,49.6,Resolvido
2703,2703,2025-07-23,2025-08-02,Reparo de placa,29.1,Resolvido
2707,2707,2026-05-10,2026-05-15,Reparo de placa,14.8,Resolvido
2709,2709,2026-03-11,2026-03-21,Reparo de placa,17.4,Resolvido
2711,2711,2025-10-05,2025-10-16,Reparo de placa,39.6,Resolvido
2714,2714,2026-06-29,2026-07-07,Troca de componente,30.1,Resolvido
2715,2715,2026-01-31,2026-02-05,Troca de componente,7.2,Resolvido
2716,2716,2025-11-16,2025-11-23,Reparo de placa,29.4,Resolvido
2717,2717,2026-03-23,2026-03-27,Reparo de placa,5.3,Resolvido
2718,2718,2025-12-01,2025-12-07,Reparo de placa,26.0,Resolvido
2719,2719,2026-02-08,2026-02-14,Reparo de placa,11.7,Resolvido
2720,2720,2025-08-24,2025-09-06,Limpeza técnica,42.1,Resolvido
2721,2721,2026-01-17,2026-01-19,Troca de componente,3.0,Resolvido
2722,2722,2026-06-03,2026-06-04,Reparo de placa,8.0,Retorno
2725,2725,2025-08-03,2025-08-15,Limpeza técnica,18.1,Retorno
2726,2726,2025-08-04,2025-08-17,Troca de componente,33.4,Resolvido
2727,2727,2025-12-16,2025-12-23,Troca de componente,27.7,Resolvido
2728,2728,2026-05-08,2026-05-20,Limpeza técnica,29.7,Resolvido
2729,2729,2026-06-12,2026-06-14,Limpeza técnica,10.0,Resolvido
2730,2730,2026-01-26,2026-02-01,Troca de componente,11.6,Resolvido
2731,2731,2026-03-18,2026-03-21,Reparo de placa,9.3,Resolvido
2733,2733,2025-11-15,2025-11-18,Troca de componente,15.7,Resolvido
2735,2735,2025-07-31,2025-08-11,Atualização de software,28.6,Resolvido
2736,2736,2025-11-12,2025-11-19,Troca de componente,16.8,Retorno
2737,2737,2025-12-01,2025-12-09,Atualização de software,28.1,Resolvido
2738,2738,2026-02-09,2026-02-11,Limpeza técnica,5.6,Resolvido
2741,2741,2026-03-14,2026-03-19,Limpeza técnica,9.4,Resolvido
2742,2742,2026-02-23,2026-02-28,Limpeza técnica,7.8,Retorno
2743,2743,2026-03-25,2026-04-06,Atualização de software,42.2,Resolvido
2744,2744,2025-09-08,2025-09-10,Troca de componente,7.1,Resolvido
2745,2745,2026-04-18,2026-04-26,Atualização de software,13.3,Resolvido
2746,2746,2025-09-05,2025-09-17,Troca de componente,17.7,Retorno
2748,2748,2025-09-23,2025-09-26,Atualização de software,6.1,Resolvido
2750,2750,2026-01-24,2026-01-24,Atualização de software,3.5,Resolvido
2751,2751,2026-01-22,2026-01-30,Reparo de placa,30.4,Resolvido
2753,2753,2025-10-15,2025-10-21,Limpeza técnica,24.6,Retorno
2754,2754,2025-12-28,2026-01-10,Reparo de placa,25.5,Resolvido
2755,2755,2025-10-31,2025-11-05,Troca de componente,17.8,Resolvido
2756,2756,2026-03-30,2026-04-12,Reparo de placa,34.3,Resolvido
2757,2757,2025-10-05,2025-10-18,Troca de componente,16.7,Resolvido
2758,2758,2026-04-20,2026-04-29,Reparo de placa,14.0,Resolvido
2759,2759,2026-04-12,2026-04-13,Atualização de software,4.4,Resolvido
2760,2760,2026-05-08,2026-05-10,Troca de componente,4.7,Resolvido
2761,2761,2025-12-05,2025-12-12,Troca de componente,27.3,Resolvido
2764,2764,2026-04-28,2026-04-29,Reparo de placa,4.4,Resolvido
2765,2765,2026-04-11,2026-04-14,Troca de componente,11.7,Resolvido
2767,2767,2026-06-28,2026-07-02,Limpeza técnica,16.0,Resolvido
2768,2768,2026-04-29,2026-05-07,Limpeza técnica,33.2,Resolvido
2772,2772,2026-04-02,2026-04-07,Reparo de placa,8.6,Resolvido
2774,2774,2025-08-23,2025-08-24,Troca de componente,3.1,Resolvido
2775,2775,2026-06-04,2026-06-12,Reparo de placa,34.2,Resolvido
2776,2776,2025-07-22,2025-08-04,Reparo de placa,23.3,Resolvido
2777,2777,2025-12-21,2025-12-26,Reparo de placa,20.3,Resolvido
2778,2778,2025-09-22,2025-10-04,Limpeza técnica,50.1,Resolvido
2779,2779,2026-05-29,2026-06-05,Troca de componente,22.0,Resolvido
2780,2780,2026-05-15,2026-05-15,Troca de componente,2.0,Resolvido
2781,2781,2025-07-30,2025-08-07,Limpeza técnica,15.7,Resolvido
2782,2782,2026-05-10,2026-05-20,Limpeza técnica,36.3,Resolvido
2783,2783,2025-07-16,2025-07-17,Reparo de placa,6.8,Resolvido
2786,2786,2026-03-13,2026-03-14,Limpeza técnica,3.6,Resolvido
2787,2787,2025-11-08,2025-11-10,Reparo de placa,3.6,Retorno
2788,2788,2025-10-22,2025-10-28,Troca de componente,7.7,Resolvido
2789,2789,2026-04-15,2026-04-27,Limpeza técnica,22.6,Resolvido
2790,2790,2026-01-02,2026-01-08,Troca de componente,16.8,Resolvido
2791,2791,2025-10-14,2025-10-25,Troca de componente,27.5,Resolvido
2792,2792,2025-12-03,2025-12-07,Troca de componente,9.5,Resolvido
2793,2793,2026-04-02,2026-04-15,Limpeza técnica,31.2,Resolvido
2795,2795,2026-04-26,2026-04-27,Reparo de placa,8.0,Resolvido
2796,2796,2025-07-14,2025-07-20,Reparo de placa,7.5,Resolvido
2797,2797,2025-12-17,2025-12-21,Limpeza técnica,15.0,Resolvido
2799,2799,2026-02-26,2026-03-01,Atualização de software,14.6,Resolvido
2800,2800,2025-10-08,2025-10-18,Troca de componente,15.0,Resolvido
2802,2802,2026-05-29,2026-06-02,Limpeza técnica,13.5,Resolvido
2803,2803,2026-02-23,2026-03-07,Troca de componente,41.5,Resolvido
2805,2805,2025-12-17,2025-12-25,Troca de componente,29.9,Resolvido
2806,2806,2025-11-17,2025-11-20,Atualização de software,10.7,Resolvido
2807,2807,2025-10-27,2025-10-29,Reparo de placa,8.2,Resolvido
2810,2810,2026-01-09,2026-01-13,Limpeza técnica,11.8,Resolvido
2812,2812,2025-11-27,2025-12-10,Troca de componente,21.7,Resolvido
2813,2813,2025-08-31,2025-09-02,Reparo de placa,6.8,Resolvido
2814,2814,2026-04-07,2026-04-20,Reparo de placa,49.9,Resolvido
2815,2815,2026-02-12,2026-02-24,Reparo de placa,36.3,Resolvido
2816,2816,2025-11-04,2025-11-08,Troca de componente,7.6,Resolvido
2817,2817,2025-09-18,2025-09-24,Reparo de placa,23.3,Resolvido
2818,2818,2026-04-22,2026-04-22,Troca de componente,2.1,Resolvido
2819,2819,2025-12-27,2026-01-08,Reparo de placa,47.3,Resolvido
2822,2822,2025-11-18,2025-11-28,Troca de componente,32.4,Resolvido
2823,2823,2026-03-27,2026-04-05,Reparo de placa,10.7,Resolvido
2826,2826,2026-02-25,2026-03-03,Troca de componente,11.2,Resolvido
2827,2827,2026-06-19,2026-06-29,Atualização de software,28.6,Resolvido
2828,2828,2026-02-08,2026-02-11,Limpeza técnica,14.8,Resolvido
2829,2829,2025-12-02,2025-12-08,Troca de componente,14.0,Resolvido
2830,2830,2026-06-23,2026-07-01,Troca de componente,14.4,Resolvido
2831,2831,2026-06-24,2026-07-02,Reparo de placa,17.2,Resolvido
2833,2833,2025-09-04,2025-09-06,Troca de componente,10.0,Resolvido
2838,2838,2025-08-24,2025-09-02,Troca de componente,35.0,Resolvido
2839,2839,2025-10-20,2025-10-23,Atualização de software,13.0,Resolvido
2840,2840,2025-07-10,2025-07-23,Troca de componente,25.2,Resolvido
2841,2841,2026-06-30,2026-07-12,Limpeza técnica,34.6,Resolvido
2842,2842,2026-02-01,2026-02-13,Reparo de placa,37.1,Resolvido
2843,2843,2025-07-15,2025-07-22,Atualização de software,17.9,Resolvido
2845,2845,2026-05-16,2026-05-23,Reparo de placa,22.2,Resolvido
2846,2846,2025-08-02,2025-08-02,Troca de componente,3.2,Resolvido
2847,2847,2025-09-05,2025-09-16,Reparo de placa,41.3,Resolvido
2848,2848,2025-11-30,2025-12-04,Troca de componente,16.7,Resolvido
2849,2849,2026-04-10,2026-04-11,Reparo de placa,3.1,Resolvido
2850,2850,2025-09-19,2025-09-28,Reparo de placa,24.4,Resolvido
2856,2856,2025-09-13,2025-09-19,Atualização de software,13.0,Resolvido
2857,2857,2026-02-02,2026-02-09,Troca de componente,25.3,Resolvido
2858,2858,2025-08-22,2025-08-23,Reparo de placa,6.9,Resolvido
2859,2859,2026-05-09,2026-05-18,Atualização de software,34.1,Resolvido
2860,2860,2026-01-16,2026-01-25,Atualização de software,24.7,Resolvido
2861,2861,2026-06-08,2026-06-12,Troca de componente,8.4,Resolvido
2862,2862,2026-06-21,2026-07-03,Limpeza técnica,16.2,Resolvido
2863,2863,2025-11-04,2025-11-11,Troca de componente,24.3,Resolvido
2865,2865,2026-05-28,2026-06-09,Reparo de placa,20.1,Resolvido
2867,2867,2026-04-24,2026-04-28,Limpeza técnica,15.7,Resolvido
2868,2868,2025-07-25,2025-07-27,Limpeza técnica,3.4,Resolvido
2869,2869,2025-08-22,2025-08-26,Limpeza técnica,19.1,Resolvido
2870,2870,2025-09-12,2025-09-17,Limpeza técnica,23.1,Resolvido
2871,2871,2025-11-11,2025-11-24,Troca de componente,53.1,Resolvido
2872,2872,2025-11-09,2025-11-18,Troca de componente,39.5,Resolvido
2873,2873,2026-06-09,2026-06-17,Reparo de placa,33.4,Resolvido
2874,2874,2025-12-15,2025-12-24,Reparo de placa,20.1,Resolvido
2876,2876,2026-03-03,2026-03-14,Limpeza técnica,21.4,Resolvido
2877,2877,2026-02-10,2026-02-22,Troca de componente,28.0,Resolvido
2879,2879,2026-05-14,2026-05-21,Atualização de software,25.3,Retorno
2880,2880,2026-03-02,2026-03-06,Troca de componente,13.2,Resolvido
2881,2881,2025-08-10,2025-08-12,Troca de componente,11.9,Resolvido
2882,2882,2026-01-26,2026-02-02,Reparo de placa,17.8,Resolvido
2883,2883,2025-10-10,2025-10-11,Limpeza técnica,7.6,Resolvido
2884,2884,2026-06-11,2026-06-18,Limpeza técnica,31.5,Resolvido
2885,2885,2026-01-06,2026-01-19,Atualização de software,46.3,Resolvido
2886,2886,2025-11-18,2025-11-28,Reparo de placa,25.8,Resolvido
2887,2887,2025-11-21,2025-12-01,Limpeza técnica,29.2,Resolvido
2888,2888,2025-11-30,2025-12-10,Limpeza técnica,26.3,Resolvido
2889,2889,2025-11-18,2025-11-26,Reparo de placa,27.4,Resolvido
2894,2894,2025-12-15,2025-12-20,Reparo de placa,23.4,Resolvido
2895,2895,2025-10-23,2025-10-27,Limpeza técnica,13.8,Resolvido
2896,2896,2026-01-19,2026-02-01,Atualização de software,29.7,Resolvido
2897,2897,2026-04-23,2026-04-29,Troca de componente,27.3,Resolvido
2898,2898,2025-12-20,2025-12-22,Limpeza técnica,11.9,Resolvido
2899,2899,2025-09-19,2025-09-22,Atualização de software,5.6,Resolvido
2900,2900,2026-03-03,2026-03-09,Reparo de placa,7.8,Resolvido
2901,2901,2025-07-08,2025-07-10,Limpeza técnica,11.6,Resolvido
2902,2902,2025-10-29,2025-10-29,Limpeza técnica,1.1,Resolvido
2903,2903,2026-05-29,2026-06-11,Atualização de software,28.8,Resolvido
2904,2904,2026-06-03,2026-06-13,Limpeza técnica,20.0,Resolvido
2906,2906,2025-08-09,2025-08-18,Atualização de software,22.4,Resolvido
2907,2907,2025-09-26,2025-10-06,Reparo de placa,15.6,Resolvido
2908,2908,2026-05-15,2026-05-24,Reparo de placa,39.1,Resolvido
2909,2909,2026-04-28,2026-04-30,Troca de componente,7.0,Resolvido
2911,2911,2026-06-05,2026-06-18,Limpeza técnica,25.3,Resolvido
2912,2912,2026-04-26,2026-04-30,Reparo de placa,19.5,Retorno
2913,2913,2025-07-30,2025-08-02,Atualização de software,14.4,Resolvido
2914,2914,2025-11-24,2025-11-28,Atualização de software,9.8,Resolvido
2916,2916,2025-08-17,2025-08-22,Atualização de software,8.5,Resolvido
2917,2917,2026-02-02,2026-02-11,Troca de componente,11.1,Resolvido
2918,2918,2025-08-15,2025-08-25,Atualização de software,40.6,Resolvido
2919,2919,2025-09-03,2025-09-12,Atualização de software,11.4,Resolvido
2920,2920,2026-04-01,2026-04-13,Troca de componente,18.9,Resolvido
2921,2921,2025-09-09,2025-09-18,Reparo de placa,28.4,Resolvido
2922,2922,2026-06-11,2026-06-16,Limpeza técnica,20.1,Resolvido
2923,2923,2025-09-12,2025-09-17,Troca de componente,6.8,Resolvido
2924,2924,2025-09-05,2025-09-09,Reparo de placa,7.9,Resolvido
2926,2926,2026-05-16,2026-05-25,Troca de componente,11.3,Resolvido
2929,2929,2025-12-27,2026-01-08,Troca de componente,46.4,Resolvido
2930,2930,2025-08-27,2025-08-28,Limpeza técnica,3.5,Resolvido
2933,2933,2025-12-26,2026-01-06,Reparo de placa,32.6,Resolvido
2934,2934,2026-05-11,2026-05-17,Troca de componente,8.3,Resolvido
2935,2935,2025-10-24,2025-11-05,Atualização de software,25.3,Resolvido
2936,2936,2025-09-06,2025-09-15,Limpeza técnica,32.0,Resolvido
2937,2937,2026-05-27,2026-05-31,Limpeza técnica,16.6,Resolvido
2938,2938,2026-04-11,2026-04-15,Limpeza técnica,8.6,Resolvido
2939,2939,2025-12-12,2025-12-25,Reparo de placa,14.6,Resolvido
2940,2940,2025-09-18,2025-09-25,Troca de componente,14.6,Resolvido
2941,2941,2025-11-17,2025-11-20,Reparo de placa,13.1,Retorno
2942,2942,2025-11-16,2025-11-28,Reparo de placa,13.9,Resolvido
2944,2944,2025-08-06,2025-08-19,Atualização de software,49.5,Resolvido
2945,2945,2025-08-27,2025-09-08,Limpeza técnica,13.2,Resolvido
2946,2946,2025-12-12,2025-12-16,Limpeza técnica,13.2,Resolvido
2949,2949,2026-06-20,2026-06-23,Limpeza técnica,10.9,Resolvido
2950,2950,2026-01-22,2026-01-29,Troca de componente,21.5,Resolvido
2952,2952,2026-03-10,2026-03-10,Limpeza técnica,1.6,Resolvido
2953,2953,2026-04-10,2026-04-17,Troca de componente,13.5,Resolvido
2954,2954,2026-03-20,2026-03-30,Troca de componente,41.0,Resolvido
2955,2955,2026-01-19,2026-01-29,Limpeza técnica,43.5,Resolvido
2956,2956,2026-01-05,2026-01-08,Limpeza técnica,10.8,Resolvido
2957,2957,2026-06-25,2026-07-02,Limpeza técnica,18.8,Resolvido
2958,2958,2025-10-24,2025-10-27,Troca de componente,14.1,Resolvido
2959,2959,2026-02-05,2026-02-09,Troca de componente,12.6,Resolvido
2960,2960,2026-03-19,2026-03-24,Atualização de software,13.4,Resolvido
2962,2962,2025-09-01,2025-09-03,Limpeza técnica,4.1,Resolvido
2963,2963,2025-08-22,2025-08-31,Reparo de placa,11.5,Resolvido
2966,2966,2025-12-15,2025-12-25,Atualização de software,27.7,Resolvido
2968,2968,2025-07-18,2025-07-25,Troca de componente,8.2,Resolvido
2969,2969,2026-05-10,2026-05-12,Reparo de placa,5.9,Resolvido
2970,2970,2025-12-08,2025-12-14,Reparo de placa,23.3,Resolvido
2971,2971,2026-06-19,2026-06-29,Atualização de software,39.1,Resolvido
2972,2972,2025-10-04,2025-10-11,Troca de componente,18.1,Resolvido
2973,2973,2025-07-08,2025-07-10,Troca de componente,7.0,Retorno
2974,2974,2026-03-02,2026-03-13,Reparo de placa,36.1,Resolvido
2975,2975,2026-01-13,2026-01-22,Limpeza técnica,11.9,Resolvido
2977,2977,2025-11-07,2025-11-10,Limpeza técnica,10.7,Resolvido
2978,2978,2025-11-06,2025-11-13,Troca de componente,26.9,Resolvido
2980,2980,2025-11-29,2025-12-04,Limpeza técnica,22.3,Resolvido
2982,2982,2026-01-14,2026-01-21,Limpeza técnica,27.2,Resolvido
2983,2983,2026-04-14,2026-04-26,Atualização de software,27.5,Resolvido
2984,2984,2025-09-12,2025-09-18,Reparo de placa,20.3,Resolvido
2985,2985,2026-02-24,2026-02-25,Atualização de software,3.0,Retorno
2987,2987,2025-10-17,2025-10-21,Limpeza técnica,15.5,Resolvido
2989,2989,2025-07-25,2025-07-26,Reparo de placa,3.5,Resolvido
2990,2990,2025-09-10,2025-09-10,Troca de componente,3.6,Resolvido
2991,2991,2026-06-17,2026-06-26,Limpeza técnica,22.8,Resolvido
2992,2992,2026-01-15,2026-01-19,Atualização de software,8.6,Resolvido
2994,2994,2026-05-14,2026-05-24,Atualização de software,36.6,Resolvido
2995,2995,2025-12-13,2025-12-21,Atualização de software,9.8,Resolvido
2996,2996,2026-03-05,2026-03-15,Limpeza técnica,29.4,Resolvido
2999,2999,2025-08-27,2025-09-03,Troca de componente,12.7,Resolvido
3000,3000,2025-08-04,2025-08-10,Limpeza técnica,16.0,Resolvido
3001,3001,2026-03-08,2026-03-11,Limpeza técnica,15.7,Resolvido
3003,3003,2026-01-15,2026-01-17,Reparo de placa,4.6,Resolvido
3004,3004,2025-08-14,2025-08-20,Reparo de placa,25.2,Resolvido
3005,3005,2025-12-28,2026-01-07,Atualização de software,41.6,Resolvido
3006,3006,2026-05-02,2026-05-02,Atualização de software,4.0,Resolvido
3007,3007,2025-07-07,2025-07-11,Reparo de placa,10.2,Resolvido
3009,3009,2026-02-21,2026-02-22,Reparo de placa,7.3,Resolvido
3010,3010,2025-08-27,2025-09-03,Reparo de placa,21.7,Resolvido
3011,3011,2026-02-20,2026-03-03,Troca de componente,13.5,Resolvido
3012,3012,2025-11-06,2025-11-15,Troca de componente,38.4,Resolvido
3013,3013,2025-12-21,2025-12-25,Atualização de software,19.6,Resolvido
3014,3014,2026-01-12,2026-01-22,Troca de componente,16.7,Resolvido
3015,3015,2026-04-23,2026-04-27,Troca de componente,8.9,Resolvido
3016,3016,2025-12-30,2026-01-01,Limpeza técnica,9.0,Resolvido
3018,3018,2025-11-16,2025-11-19,Atualização de software,8.6,Resolvido
3019,3019,2026-05-11,2026-05-11,Limpeza técnica,2.2,Resolvido
3021,3021,2025-11-07,2025-11-20,Limpeza técnica,22.4,Resolvido
3022,3022,2025-10-24,2025-10-24,Limpeza técnica,2.1,Resolvido
3023,3023,2026-06-07,2026-06-09,Troca de componente,7.4,Resolvido
3024,3024,2026-05-02,2026-05-07,Limpeza técnica,17.1,Resolvido
3025,3025,2025-11-10,2025-11-14,Troca de componente,6.5,Resolvido
3026,3026,2025-07-14,2025-07-22,Reparo de placa,35.8,Resolvido
3027,3027,2026-04-08,2026-04-10,Reparo de placa,7.9,Resolvido
3028,3028,2025-12-04,2025-12-15,Reparo de placa,26.1,Resolvido
3029,3029,2025-10-07,2025-10-11,Limpeza técnica,16.2,Resolvido
3030,3030,2026-01-05,2026-01-12,Reparo de placa,18.3,Resolvido
3031,3031,2025-11-09,2025-11-18,Atualização de software,33.0,Resolvido
3032,3032,2025-11-22,2025-11-23,Troca de componente,5.9,Resolvido
3033,3033,2025-10-03,2025-10-12,Troca de componente,30.3,Resolvido
3034,3034,2025-12-24,2026-01-04,Limpeza técnica,45.1,Resolvido
3035,3035,2026-03-30,2026-04-03,Reparo de placa,16.0,Resolvido
3036,3036,2026-04-27,2026-05-06,Limpeza técnica,37.0,Resolvido
3037,3037,2026-02-25,2026-02-27,Limpeza técnica,6.0,Resolvido
3038,3038,2025-11-26,2025-11-28,Limpeza técnica,5.7,Resolvido
3039,3039,2025-10-21,2025-10-28,Limpeza técnica,29.1,Resolvido
3040,3040,2025-08-14,2025-08-19,Troca de componente,20.6,Resolvido
3042,3042,2025-07-10,2025-07-19,Atualização de software,31.5,Resolvido
3043,3043,2026-04-05,2026-04-16,Atualização de software,20.7,Resolvido
3045,3045,2025-08-25,2025-08-26,Limpeza técnica,2.5,Resolvido
3048,3048,2026-03-16,2026-03-28,Atualização de software,45.5,Resolvido
3049,3049,2025-12-08,2025-12-16,Atualização de software,34.2,Resolvido
3050,3050,2025-08-18,2025-08-30,Atualização de software,27.3,Resolvido
3051,3051,2026-03-25,2026-03-31,Troca de componente,15.9,Resolvido
3052,3052,2025-08-26,2025-09-05,Troca de componente,24.6,Resolvido
3053,3053,2026-02-23,2026-03-08,Troca de componente,37.7,Resolvido
3054,3054,2025-12-30,2025-12-31,Limpeza técnica,6.9,Retorno
3056,3056,2026-01-08,2026-01-14,Atualização de software,21.0,Resolvido
3057,3057,2025-11-15,2025-11-15,Reparo de placa,3.6,Resolvido
3058,3058,2026-06-29,2026-07-10,Troca de componente,34.1,Retorno
3059,3059,2026-01-19,2026-01-19,Troca de componente,1.6,Resolvido
3060,3060,2025-11-04,2025-11-17,Limpeza técnica,35.1,Resolvido
3061,3061,2026-04-26,2026-04-28,Limpeza técnica,6.5,Resolvido
3062,3062,2025-12-02,2025-12-15,Reparo de placa,14.7,Resolvido
3063,3063,2026-04-23,2026-04-26,Atualização de software,14.5,Resolvido
3064,3064,2026-05-07,2026-05-11,Atualização de software,17.1,Resolvido
3068,3068,2025-07-09,2025-07-17,Limpeza técnica,18.5,Resolvido
3070,3070,2025-07-18,2025-07-28,Limpeza técnica,14.4,Resolvido
3071,3071,2025-11-11,2025-11-19,Atualização de software,16.1,Resolvido
3072,3072,2026-01-01,2026-01-08,Troca de componente,10.8,Resolvido
3073,3073,2025-11-03,2025-11-16,Atualização de software,25.2,Resolvido
3074,3074,2025-09-16,2025-09-21,Limpeza técnica,19.3,Resolvido
3075,3075,2026-02-10,2026-02-23,Atualização de software,23.1,Resolvido
3076,3076,2026-03-03,2026-03-16,Limpeza técnica,18.0,Resolvido
3077,3077,2026-03-23,2026-04-01,Troca de componente,33.6,Resolvido
3078,3078,2026-02-28,2026-03-09,Limpeza técnica,31.1,Resolvido
3079,3079,2025-10-14,2025-10-22,Atualização de software,32.8,Resolvido
3080,3080,2026-04-02,2026-04-14,Limpeza técnica,20.8,Resolvido
3081,3081,2026-04-04,2026-04-12,Limpeza técnica,34.3,Resolvido
3082,3082,2026-02-28,2026-03-05,Limpeza técnica,22.2,Resolvido
3083,3083,2026-06-27,2026-07-02,Limpeza técnica,16.4,Resolvido
3084,3084,2026-07-01,2026-07-05,Limpeza técnica,11.1,Resolvido
3085,3085,2026-03-05,2026-03-14,Limpeza técnica,32.7,Resolvido
3086,3086,2025-11-08,2025-11-19,Reparo de placa,20.3,Resolvido
3087,3087,2025-10-30,2025-11-03,Limpeza técnica,13.0,Retorno
3088,3088,2026-01-08,2026-01-09,Reparo de placa,4.6,Resolvido
3090,3090,2025-10-27,2025-10-30,Reparo de placa,4.2,Resolvido
3091,3091,2025-07-17,2025-07-21,Atualização de software,10.9,Resolvido
3092,3092,2025-10-06,2025-10-19,Troca de componente,17.2,Resolvido
3094,3094,2026-06-15,2026-06-23,Atualização de software,10.7,Resolvido
3095,3095,2026-05-10,2026-05-21,Reparo de placa,19.1,Resolvido
3097,3097,2025-08-18,2025-08-26,Reparo de placa,27.8,Resolvido
3098,3098,2025-07-09,2025-07-14,Atualização de software,16.2,Resolvido
3099,3099,2025-09-12,2025-09-25,Atualização de software,51.3,Resolvido
3101,3101,2026-03-01,2026-03-01,Atualização de software,1.9,Resolvido
3102,3102,2025-09-23,2025-10-01,Reparo de placa,21.2,Resolvido
3105,3105,2025-08-12,2025-08-19,Troca de componente,11.8,Resolvido
3106,3106,2026-01-17,2026-01-24,Limpeza técnica,22.7,Resolvido
3107,3107,2026-06-28,2026-07-02,Troca de componente,9.2,Resolvido
3108,3108,2026-05-11,2026-05-14,Limpeza técnica,8.3,Resolvido
3109,3109,2026-04-06,2026-04-11,Troca de componente,10.4,Resolvido
3111,3111,2025-11-11,2025-11-21,Troca de componente,25.8,Resolvido
3112,3112,2025-11-23,2025-11-28,Troca de componente,8.7,Resolvido
3113,3113,2025-09-28,2025-09-29,Limpeza técnica,5.7,Resolvido
3115,3115,2026-01-16,2026-01-16,Reparo de placa,3.1,Resolvido
3116,3116,2025-09-14,2025-09-22,Troca de componente,21.4,Resolvido
3117,3117,2025-12-15,2025-12-23,Atualização de software,16.1,Resolvido
3118,3118,2026-05-10,2026-05-19,Reparo de placa,22.7,Resolvido
3119,3119,2025-10-20,2025-10-26,Limpeza técnica,27.8,Resolvido
3120,3120,2025-08-25,2025-08-31,Limpeza técnica,23.2,Resolvido
3121,3121,2026-01-22,2026-02-03,Reparo de placa,43.0,Resolvido
3122,3122,2026-01-25,2026-02-05,Limpeza técnica,28.5,Resolvido
3123,3123,2025-10-31,2025-11-12,Troca de componente,40.7,Resolvido
3124,3124,2025-10-09,2025-10-18,Atualização de software,17.7,Resolvido
3125,3125,2025-07-22,2025-07-28,Troca de componente,8.1,Resolvido
3127,3127,2026-03-30,2026-04-01,Troca de componente,11.3,Resolvido
3128,3128,2025-10-15,2025-10-19,Atualização de software,17.5,Resolvido
3130,3130,2026-05-18,2026-05-21,Atualização de software,9.9,Resolvido
3131,3131,2026-05-15,2026-05-15,Limpeza técnica,2.4,Resolvido
3134,3134,2025-10-05,2025-10-12,Limpeza técnica,26.8,Resolvido
3136,3136,2025-09-15,2025-09-22,Atualização de software,16.0,Retorno
3137,3137,2025-07-08,2025-07-18,Reparo de placa,40.2,Resolvido
3138,3138,2025-08-05,2025-08-13,Atualização de software,35.7,Resolvido
3139,3139,2026-04-16,2026-04-29,Atualização de software,26.4,Resolvido
3140,3140,2025-11-04,2025-11-12,Reparo de placa,18.1,Resolvido
3141,3141,2025-10-28,2025-10-31,Atualização de software,9.1,Resolvido
3142,3142,2025-07-30,2025-08-10,Troca de componente,14.0,Resolvido
3143,3143,2026-02-16,2026-02-21,Limpeza técnica,17.5,Resolvido
3144,3144,2025-09-01,2025-09-10,Reparo de placa,25.7,Resolvido
3145,3145,2026-05-23,2026-05-23,Reparo de placa,1.3,Resolvido
3146,3146,2025-08-23,2025-08-28,Atualização de software,6.5,Resolvido
3147,3147,2025-07-13,2025-07-14,Reparo de placa,5.2,Resolvido
3149,3149,2026-04-12,2026-04-13,Limpeza técnica,7.8,Resolvido
3151,3151,2026-06-14,2026-06-20,Troca de componente,11.7,Resolvido
3152,3152,2026-06-05,2026-06-14,Atualização de software,38.3,Resolvido
3153,3153,2025-11-28,2025-12-08,Reparo de placa,13.6,Resolvido
3154,3154,2026-01-04,2026-01-14,Troca de componente,23.7,Retorno
3155,3155,2026-05-12,2026-05-25,Atualização de software,38.1,Resolvido
3156,3156,2025-08-13,2025-08-16,Atualização de software,7.6,Resolvido
3157,3157,2025-10-31,2025-11-09,Troca de componente,27.5,Resolvido
3158,3158,2025-12-19,2025-12-22,Atualização de software,11.2,Resolvido
3160,3160,2026-02-02,2026-02-04,Troca de componente,3.0,Resolvido
3161,3161,2026-06-26,2026-06-29,Limpeza técnica,7.6,Resolvido
3162,3162,2025-10-23,2025-11-04,Atualização de software,50.6,Resolvido
3163,3163,2026-05-18,2026-05-31,Limpeza técnica,27.1,Resolvido
3164,3164,2025-09-07,2025-09-18,Atualização de software,33.9,Resolvido
3165,3165,2026-01-14,2026-01-15,Troca de componente,7.0,Resolvido
3166,3166,2026-03-24,2026-03-30,Limpeza técnica,14.2,Resolvido
3167,3167,2026-05-29,2026-05-29,Troca de componente,3.9,Resolvido
3168,3168,2025-11-20,2025-11-28,Atualização de software,16.9,Retorno
3169,3169,2026-02-26,2026-03-04,Troca de componente,23.8,Resolvido
3170,3170,2026-02-09,2026-02-18,Reparo de placa,22.0,Resolvido
3171,3171,2026-05-27,2026-06-09,Atualização de software,15.5,Resolvido
3172,3172,2026-05-23,2026-05-30,Troca de componente,18.9,Resolvido
3173,3173,2025-08-02,2025-08-09,Troca de componente,10.6,Resolvido
3174,3174,2026-01-17,2026-01-19,Atualização de software,11.8,Resolvido
3176,3176,2026-02-17,2026-02-23,Atualização de software,25.6,Resolvido
3177,3177,2025-07-07,2025-07-10,Troca de componente,13.6,Resolvido
3178,3178,2026-01-15,2026-01-16,Atualização de software,7.2,Resolvido
3180,3180,2026-04-26,2026-04-29,Atualização de software,13.7,Resolvido
3181,3181,2025-07-27,2025-08-03,Reparo de placa,10.2,Resolvido
3182,3182,2026-04-09,2026-04-22,Reparo de placa,15.1,Resolvido
3183,3183,2025-08-01,2025-08-04,Limpeza técnica,14.9,Resolvido
3184,3184,2025-10-12,2025-10-13,Atualização de software,7.5,Resolvido
3186,3186,2025-11-24,2025-12-02,Atualização de software,13.4,Resolvido
3187,3187,2025-09-14,2025-09-18,Limpeza técnica,9.0,Resolvido
3188,3188,2025-09-26,2025-10-07,Troca de componente,40.5,Resolvido
3189,3189,2025-11-28,2025-12-07,Reparo de placa,39.0,Resolvido
3190,3190,2026-05-13,2026-05-25,Troca de componente,35.1,Resolvido
3191,3191,2025-07-10,2025-07-14,Atualização de software,12.4,Resolvido
3192,3192,2026-03-27,2026-04-01,Limpeza técnica,13.6,Resolvido
3193,3193,2025-12-08,2025-12-14,Atualização de software,11.8,Resolvido
3194,3194,2026-02-28,2026-03-10,Troca de componente,24.1,Resolvido
3195,3195,2025-08-17,2025-08-28,Atualização de software,33.9,Resolvido
3196,3196,2025-12-15,2025-12-16,Troca de componente,4.9,Retorno
3197,3197,2025-08-29,2025-09-08,Reparo de placa,12.5,Resolvido
3198,3198,2025-08-31,2025-09-09,Limpeza técnica,15.3,Resolvido
3200,3200,2026-04-22,2026-05-03,Atualização de software,37.3,Resolvido
3202,3202,2026-02-13,2026-02-22,Troca de componente,32.5,Resolvido
3203,3203,2025-12-18,2025-12-18,Atualização de software,2.7,Resolvido
3204,3204,2025-07-03,2025-07-05,Troca de componente,5.6,Resolvido
3205,3205,2026-04-19,2026-04-24,Limpeza técnica,10.6,Resolvido
3206,3206,2026-05-17,2026-05-24,Troca de componente,21.5,Resolvido
3208,3208,2026-03-31,2026-04-12,Reparo de placa,47.8,Resolvido
3209,3209,2026-05-20,2026-05-25,Troca de componente,20.4,Resolvido
3210,3210,2025-08-08,2025-08-09,Atualização de software,2.3,Resolvido
3211,3211,2025-08-28,2025-09-08,Limpeza técnica,35.9,Resolvido
3212,3212,2025-07-08,2025-07-19,Troca de componente,44.7,Resolvido
3213,3213,2025-10-23,2025-10-27,Limpeza técnica,14.3,Resolvido
3214,3214,2026-04-27,2026-05-04,Troca de componente,26.5,Resolvido
3215,3215,2026-03-01,2026-03-03,Limpeza técnica,4.8,Resolvido
3216,3216,2026-06-18,2026-06-27,Atualização de software,33.2,Resolvido
3218,3218,2026-02-04,2026-02-10,Limpeza técnica,15.9,Resolvido
3219,3219,2025-10-28,2025-11-02,Reparo de placa,15.2,Resolvido
3220,3220,2025-12-10,2025-12-11,Reparo de placa,3.7,Resolvido
3222,3222,2026-04-18,2026-04-18,Atualização de software,1.6,Resolvido
3223,3223,2026-04-25,2026-04-25,Limpeza técnica,2.6,Resolvido
3224,3224,2026-05-07,2026-05-17,Reparo de placa,30.9,Resolvido
3225,3225,2026-04-30,2026-05-05,Limpeza técnica,21.5,Resolvido
3226,3226,2025-11-19,2025-12-02,Reparo de placa,23.0,Resolvido
3228,3228,2025-09-25,2025-10-01,Reparo de placa,11.1,Resolvido
3229,3229,2026-02-09,2026-02-19,Atualização de software,15.2,Resolvido
3232,3232,2026-04-28,2026-05-10,Limpeza técnica,48.5,Resolvido
3233,3233,2025-10-11,2025-10-23,Reparo de placa,31.8,Resolvido
3235,3235,2026-02-27,2026-03-06,Troca de componente,18.1,Resolvido
3236,3236,2025-12-27,2026-01-01,Troca de componente,17.0,Resolvido
3237,3237,2026-04-10,2026-04-15,Reparo de placa,22.7,Resolvido
3238,3238,2026-04-23,2026-04-25,Reparo de placa,6.7,Resolvido
3239,3239,2026-05-15,2026-05-17,Troca de componente,10.1,Resolvido
3240,3240,2026-01-14,2026-01-21,Reparo de placa,23.8,Resolvido
3241,3241,2026-04-18,2026-04-30,Troca de componente,29.2,Resolvido
3242,3242,2025-07-14,2025-07-24,Atualização de software,29.6,Resolvido
3244,3244,2026-04-29,2026-05-04,Limpeza técnica,13.0,Resolvido
3245,3245,2026-03-13,2026-03-26,Troca de componente,55.5,Resolvido
3247,3247,2025-08-04,2025-08-17,Atualização de software,37.5,Resolvido
3248,3248,2026-03-25,2026-04-03,Troca de componente,37.6,Resolvido
3251,3251,2025-12-08,2025-12-16,Limpeza técnica,19.2,Resolvido
3252,3252,2026-05-25,2026-05-29,Limpeza técnica,8.4,Resolvido
3254,3254,2025-09-28,2025-10-10,Atualização de software,28.8,Resolvido
3256,3256,2025-09-15,2025-09-18,Limpeza técnica,7.7,Retorno
3257,3257,2025-11-20,2025-11-24,Troca de componente,5.6,Resolvido
3258,3258,2026-04-12,2026-04-22,Limpeza técnica,17.5,Resolvido
3259,3259,2025-09-10,2025-09-19,Limpeza técnica,14.5,Resolvido
3260,3260,2025-09-23,2025-10-04,Reparo de placa,43.9,Resolvido
3261,3261,2026-01-15,2026-01-18,Atualização de software,6.3,Resolvido
3262,3262,2025-07-14,2025-07-15,Atualização de software,5.1,Resolvido
3264,3264,2025-07-21,2025-08-02,Atualização de software,45.4,Resolvido
3266,3266,2026-02-03,2026-02-03,Limpeza técnica,1.8,Resolvido
3267,3267,2025-11-18,2025-11-29,Reparo de placa,30.4,Resolvido
3268,3268,2026-02-28,2026-03-13,Troca de componente,39.1,Resolvido
3269,3269,2026-03-13,2026-03-18,Limpeza técnica,9.8,Resolvido
3270,3270,2025-11-11,2025-11-14,Reparo de placa,14.3,Resolvido
3271,3271,2025-07-08,2025-07-15,Limpeza técnica,20.3,Resolvido
3274,3274,2025-10-26,2025-11-06,Reparo de placa,31.8,Resolvido
3275,3275,2026-01-08,2026-01-11,Atualização de software,5.4,Resolvido
3277,3277,2025-09-07,2025-09-14,Atualização de software,16.5,Resolvido
3278,3278,2025-11-29,2025-12-12,Atualização de software,49.4,Resolvido
3279,3279,2025-08-10,2025-08-22,Troca de componente,14.0,Resolvido
3280,3280,2025-10-27,2025-11-06,Reparo de placa,22.6,Resolvido
3281,3281,2026-05-23,2026-05-25,Reparo de placa,10.1,Resolvido
3282,3282,2025-09-13,2025-09-15,Troca de componente,6.6,Resolvido
3283,3283,2026-03-26,2026-03-29,Limpeza técnica,8.8,Resolvido
3284,3284,2026-01-05,2026-01-06,Troca de componente,4.6,Resolvido
3287,3287,2026-02-24,2026-02-24,Limpeza técnica,2.6,Resolvido
3291,3291,2025-10-30,2025-11-09,Troca de componente,32.6,Resolvido
3292,3292,2026-02-10,2026-02-19,Reparo de placa,17.9,Retorno
3293,3293,2025-07-09,2025-07-13,Atualização de software,12.1,Resolvido
3294,3294,2025-10-05,2025-10-11,Atualização de software,28.0,Resolvido
3296,3296,2026-04-03,2026-04-05,Troca de componente,6.2,Resolvido
3297,3297,2026-05-01,2026-05-10,Reparo de placa,36.7,Resolvido
3299,3299,2025-07-16,2025-07-28,Atualização de software,31.7,Resolvido
3300,3300,2025-09-25,2025-10-07,Troca de componente,34.9,Resolvido
3301,3301,2025-07-09,2025-07-16,Limpeza técnica,9.8,Resolvido
3302,3302,2026-04-21,2026-04-22,Limpeza técnica,3.5,Resolvido
3303,3303,2025-09-23,2025-10-02,Reparo de placa,16.6,Resolvido
3304,3304,2025-10-13,2025-10-15,Atualização de software,8.5,Resolvido
3305,3305,2026-01-05,2026-01-05,Troca de componente,2.4,Resolvido
3306,3306,2026-03-13,2026-03-24,Troca de componente,33.1,Resolvido
3307,3307,2025-10-19,2025-10-26,Troca de componente,11.8,Resolvido
3308,3308,2025-08-05,2025-08-16,Atualização de software,40.3,Resolvido
3309,3309,2025-10-31,2025-11-09,Reparo de placa,37.1,Resolvido
3310,3310,2026-02-13,2026-02-18,Troca de componente,10.0,Retorno
3311,3311,2026-05-10,2026-05-22,Troca de componente,39.9,Resolvido
3314,3314,2026-02-04,2026-02-17,Troca de componente,53.0,Resolvido
3317,3317,2025-09-14,2025-09-19,Limpeza técnica,14.9,Resolvido
3318,3318,2026-05-16,2026-05-26,Reparo de placa,11.3,Resolvido
3319,3319,2025-09-03,2025-09-09,Atualização de software,7.7,Resolvido
3320,3320,2026-03-08,2026-03-11,Reparo de placa,6.1,Resolvido
3321,3321,2026-01-04,2026-01-07,Troca de componente,6.3,Resolvido
3322,3322,2025-11-18,2025-11-20,Troca de componente,8.6,Resolvido
3323,3323,2026-05-07,2026-05-07,Reparo de placa,3.3,Resolvido
3324,3324,2026-06-13,2026-06-15,Troca de componente,11.5,Resolvido
3327,3327,2026-01-21,2026-02-02,Limpeza técnica,25.4,Resolvido
3328,3328,2025-12-31,2026-01-12,Reparo de placa,50.2,Resolvido
3329,3329,2025-07-27,2025-08-01,Reparo de placa,13.2,Resolvido
3330,3330,2025-10-04,2025-10-07,Limpeza técnica,10.3,Resolvido
3332,3332,2025-12-19,2025-12-19,Limpeza técnica,1.9,Resolvido
3333,3333,2026-06-01,2026-06-14,Atualização de software,43.5,Resolvido
3335,3335,2026-06-22,2026-06-29,Limpeza técnica,19.2,Resolvido
3336,3336,2025-07-27,2025-07-30,Reparo de placa,11.0,Resolvido
3337,3337,2025-07-25,2025-08-02,Atualização de software,25.9,Retorno
3338,3338,2026-01-24,2026-02-06,Reparo de placa,33.1,Resolvido
3339,3339,2026-05-12,2026-05-24,Reparo de placa,40.4,Resolvido
3340,3340,2025-11-15,2025-11-23,Limpeza técnica,16.1,Resolvido
3341,3341,2025-07-07,2025-07-10,Reparo de placa,9.5,Resolvido
3343,3343,2025-11-23,2025-11-26,Reparo de placa,15.6,Resolvido
3346,3346,2026-05-01,2026-05-12,Atualização de software,17.4,Resolvido
3347,3347,2026-02-27,2026-03-08,Limpeza técnica,32.3,Resolvido
3348,3348,2026-03-28,2026-03-29,Troca de componente,7.5,Resolvido
3349,3349,2026-05-12,2026-05-23,Reparo de placa,46.4,Resolvido
3350,3350,2026-05-08,2026-05-10,Troca de componente,8.0,Resolvido
3351,3351,2025-07-29,2025-07-29,Atualização de software,3.6,Resolvido
3353,3353,2026-04-06,2026-04-15,Limpeza técnica,34.1,Resolvido
3354,3354,2025-12-14,2025-12-16,Reparo de placa,7.4,Resolvido
3355,3355,2025-07-30,2025-08-05,Limpeza técnica,20.1,Resolvido
3356,3356,2026-01-24,2026-01-25,Limpeza técnica,5.7,Resolvido
3357,3357,2025-08-07,2025-08-16,Limpeza técnica,21.9,Resolvido
3359,3359,2025-10-21,2025-10-30,Atualização de software,14.1,Resolvido
3360,3360,2026-02-22,2026-02-25,Atualização de software,12.6,Resolvido
3361,3361,2025-08-18,2025-08-29,Atualização de software,42.9,Resolvido
3362,3362,2025-10-31,2025-11-11,Atualização de software,16.0,Resolvido
3363,3363,2025-12-29,2026-01-05,Atualização de software,26.0,Resolvido
3364,3364,2026-01-17,2026-01-17,Limpeza técnica,3.3,Resolvido
3365,3365,2025-08-13,2025-08-25,Troca de componente,47.1,Resolvido
3366,3366,2025-09-04,2025-09-13,Troca de componente,10.9,Resolvido
3367,3367,2026-04-20,2026-04-26,Troca de componente,26.6,Resolvido
3368,3368,2026-01-04,2026-01-13,Troca de componente,26.3,Resolvido
3369,3369,2025-09-30,2025-10-13,Reparo de placa,40.3,Resolvido
3370,3370,2026-04-02,2026-04-04,Reparo de placa,8.2,Retorno
3371,3371,2025-07-06,2025-07-17,Atualização de software,41.2,Resolvido
3372,3372,2026-05-22,2026-05-27,Limpeza técnica,20.1,Resolvido
3373,3373,2025-11-27,2025-11-30,Atualização de software,7.8,Resolvido
3374,3374,2026-02-02,2026-02-13,Troca de componente,18.0,Resolvido
3377,3377,2026-06-07,2026-06-20,Atualização de software,24.7,Resolvido
3378,3378,2025-11-12,2025-11-23,Reparo de placa,15.4,Resolvido
3380,3380,2025-08-28,2025-09-02,Limpeza técnica,9.9,Resolvido
3381,3381,2026-02-06,2026-02-07,Troca de componente,4.5,Resolvido
3382,3382,2025-12-30,2026-01-12,Limpeza técnica,35.2,Resolvido
3383,3383,2026-02-17,2026-02-21,Reparo de placa,9.8,Resolvido
3385,3385,2025-07-03,2025-07-12,Atualização de software,32.1,Resolvido
3387,3387,2026-01-14,2026-01-15,Limpeza técnica,7.4,Resolvido
3390,3390,2026-01-30,2026-02-01,Limpeza técnica,10.6,Resolvido
3391,3391,2025-07-06,2025-07-11,Reparo de placa,12.6,Resolvido
3392,3392,2025-09-18,2025-09-21,Limpeza técnica,12.1,Resolvido
3393,3393,2026-05-07,2026-05-09,Atualização de software,7.1,Resolvido
3394,3394,2026-01-05,2026-01-05,Reparo de placa,1.3,Resolvido
3396,3396,2025-12-23,2025-12-23,Atualização de software,1.7,Resolvido
3397,3397,2025-12-18,2025-12-23,Reparo de placa,17.4,Resolvido
3398,3398,2025-09-07,2025-09-13,Reparo de placa,16.7,Resolvido
3400,3400,2025-11-25,2025-12-05,Reparo de placa,29.6,Resolvido
3402,3402,2025-12-04,2025-12-05,Reparo de placa,4.0,Resolvido
3403,3403,2026-01-17,2026-01-27,Atualização de software,27.4,Resolvido
3404,3404,2026-01-09,2026-01-17,Limpeza técnica,32.0,Resolvido
3405,3405,2025-09-12,2025-09-18,Troca de componente,21.1,Resolvido
3407,3407,2026-03-01,2026-03-06,Limpeza técnica,15.2,Resolvido
3408,3408,2026-04-28,2026-04-28,Limpeza técnica,1.4,Resolvido
3409,3409,2026-01-10,2026-01-15,Atualização de software,20.9,Resolvido
3410,3410,2026-02-07,2026-02-07,Troca de componente,1.7,Resolvido
3411,3411,2026-03-11,2026-03-20,Reparo de placa,11.3,Resolvido
3412,3412,2025-09-24,2025-09-30,Reparo de placa,13.1,Retorno
3413,3413,2026-04-21,2026-04-25,Atualização de software,7.6,Resolvido
3415,3415,2026-04-24,2026-04-29,Atualização de software,12.9,Resolvido
3416,3416,2025-08-14,2025-08-18,Troca de componente,13.6,Resolvido
3417,3417,2026-05-14,2026-05-17,Limpeza técnica,7.8,Resolvido
3418,3418,2026-02-05,2026-02-14,Atualização de software,21.6,Resolvido
3420,3420,2026-03-02,2026-03-04,Troca de componente,10.8,Resolvido
3421,3421,2025-09-04,2025-09-17,Limpeza técnica,39.8,Resolvido
3422,3422,2025-11-06,2025-11-12,Reparo de placa,22.0,Resolvido
3423,3423,2026-01-08,2026-01-10,Atualização de software,5.8,Resolvido
3424,3424,2026-03-15,2026-03-23,Troca de componente,19.2,Resolvido
3425,3425,2026-03-04,2026-03-13,Limpeza técnica,37.9,Resolvido
3426,3426,2025-09-18,2025-09-24,Troca de componente,22.7,Resolvido
3427,3427,2026-06-30,2026-07-06,Troca de componente,21.3,Resolvido
3428,3428,2026-03-10,2026-03-15,Reparo de placa,21.6,Resolvido
3429,3429,2026-04-26,2026-04-26,Reparo de placa,2.6,Resolvido
3431,3431,2026-05-22,2026-05-26,Limpeza técnica,17.3,Resolvido
3433,3433,2026-04-14,2026-04-17,Reparo de placa,11.3,Resolvido
3434,3434,2025-09-12,2025-09-23,Atualização de software,29.5,Resolvido
3437,3437,2025-08-29,2025-08-31,Troca de componente,5.2,Resolvido
3438,3438,2026-03-21,2026-04-01,Reparo de placa,14.5,Resolvido
3439,3439,2026-04-23,2026-04-27,Limpeza técnica,19.1,Resolvido
3440,3440,2026-01-07,2026-01-18,Limpeza técnica,27.3,Resolvido
3441,3441,2026-05-12,2026-05-13,Troca de componente,5.7,Resolvido
3442,3442,2025-09-21,2025-10-01,Troca de componente,38.2,Resolvido
3443,3443,2025-09-17,2025-09-17,Reparo de placa,1.1,Resolvido
3444,3444,2026-06-30,2026-07-11,Limpeza técnica,34.1,Resolvido
3445,3445,2025-10-31,2025-11-12,Troca de componente,20.1,Resolvido
3446,3446,2025-07-11,2025-07-22,Limpeza técnica,22.4,Resolvido
3448,3448,2026-01-11,2026-01-12,Reparo de placa,4.0,Resolvido
3449,3449,2026-04-03,2026-04-08,Atualização de software,23.4,Resolvido
3450,3450,2026-06-25,2026-07-02,Atualização de software,31.7,Resolvido
3451,3451,2026-04-02,2026-04-13,Reparo de placa,46.8,Resolvido
3452,3452,2025-09-02,2025-09-02,Limpeza técnica,2.6,Resolvido
3455,3455,2026-01-10,2026-01-13,Reparo de placa,6.2,Resolvido
3456,3456,2026-04-11,2026-04-17,Limpeza técnica,10.4,Resolvido
3457,3457,2025-11-19,2025-11-21,Limpeza técnica,4.8,Resolvido
3458,3458,2025-10-03,2025-10-08,Reparo de placa,15.6,Resolvido
3459,3459,2025-12-05,2025-12-12,Limpeza técnica,25.2,Resolvido
3460,3460,2025-09-04,2025-09-05,Reparo de placa,3.5,Retorno
3461,3461,2026-03-23,2026-04-04,Limpeza técnica,50.3,Resolvido
3462,3462,2026-03-25,2026-03-28,Troca de componente,5.8,Resolvido
3463,3463,2025-08-13,2025-08-22,Troca de componente,17.1,Resolvido
3464,3464,2026-03-29,2026-03-30,Atualização de software,6.5,Resolvido
3465,3465,2026-05-30,2026-05-30,Limpeza técnica,2.3,Resolvido
3466,3466,2026-05-04,2026-05-06,Troca de componente,11.9,Resolvido
3468,3468,2026-02-24,2026-03-03,Atualização de software,8.6,Resolvido
3469,3469,2026-06-30,2026-07-10,Reparo de placa,27.2,Resolvido
3470,3470,2026-05-18,2026-05-27,Troca de componente,22.1,Resolvido
3471,3471,2025-12-17,2025-12-19,Reparo de placa,8.6,Resolvido
3472,3472,2025-12-22,2025-12-28,Limpeza técnica,14.5,Resolvido
3473,3473,2025-07-05,2025-07-13,Atualização de software,20.0,Resolvido
3474,3474,2025-07-12,2025-07-25,Reparo de placa,17.6,Retorno
3475,3475,2025-09-04,2025-09-17,Troca de componente,53.7,Resolvido
3476,3476,2026-04-28,2026-05-04,Reparo de placa,12.6,Resolvido
3477,3477,2026-06-12,2026-06-18,Limpeza técnica,7.5,Resolvido
3478,3478,2025-07-26,2025-08-08,Troca de componente,36.4,Resolvido
3479,3479,2025-09-29,2025-10-12,Atualização de software,52.4,Resolvido
3480,3480,2025-09-01,2025-09-04,Troca de componente,9.4,Resolvido
3482,3482,2026-06-14,2026-06-22,Atualização de software,22.8,Resolvido
3483,3483,2025-07-13,2025-07-19,Atualização de software,21.1,Resolvido
3484,3484,2025-10-27,2025-10-29,Troca de componente,9.6,Resolvido
3485,3485,2026-05-02,2026-05-03,Reparo de placa,3.1,Resolvido
3487,3487,2026-05-27,2026-05-31,Atualização de software,15.2,Resolvido
3488,3488,2025-12-04,2025-12-09,Limpeza técnica,17.3,Resolvido
3489,3489,2025-07-07,2025-07-20,Troca de componente,16.3,Resolvido
3490,3490,2025-07-12,2025-07-20,Limpeza técnica,21.5,Resolvido
3491,3491,2025-09-05,2025-09-14,Atualização de software,15.3,Resolvido
3492,3492,2025-09-05,2025-09-11,Limpeza técnica,27.1,Resolvido
3494,3494,2025-08-12,2025-08-17,Atualização de software,10.0,Retorno
3495,3495,2026-03-13,2026-03-23,Limpeza técnica,11.3,Resolvido
3496,3496,2026-01-18,2026-01-27,Reparo de placa,20.4,Resolvido
3497,3497,2026-03-18,2026-03-19,Troca de componente,3.9,Resolvido
3498,3498,2025-12-03,2025-12-15,Reparo de placa,33.7,Resolvido
3499,3499,2025-12-25,2026-01-02,Reparo de placa,24.4,Resolvido
3500,3500,2026-01-12,2026-01-15,Limpeza técnica,4.4,Resolvido
3501,3501,2026-05-09,2026-05-16,Limpeza técnica,23.2,Resolvido
3502,3502,2025-07-16,2025-07-26,Limpeza técnica,38.1,Resolvido
3503,3503,2025-11-19,2025-11-22,Troca de componente,6.7,Resolvido
3504,3504,2025-11-26,2025-12-01,Troca de componente,19.2,Resolvido
3505,3505,2026-02-10,2026-02-22,Reparo de placa,22.8,Resolvido
3507,3507,2025-12-24,2025-12-31,Troca de componente,23.6,Resolvido
3509,3509,2025-12-01,2025-12-14,Limpeza técnica,35.8,Resolvido
3510,3510,2026-03-17,2026-03-19,Troca de componente,4.3,Resolvido
3511,3511,2026-03-02,2026-03-05,Atualização de software,5.7,Resolvido
3513,3513,2026-04-15,2026-04-22,Reparo de placa,12.7,Resolvido
3514,3514,2025-10-03,2025-10-03,Atualização de software,3.5,Resolvido
3515,3515,2025-10-21,2025-11-03,Limpeza técnica,48.7,Resolvido
3516,3516,2026-06-13,2026-06-22,Reparo de placa,29.7,Resolvido
3517,3517,2026-03-12,2026-03-22,Reparo de placa,19.0,Resolvido
3518,3518,2025-09-24,2025-09-30,Limpeza técnica,27.6,Resolvido
3519,3519,2025-11-07,2025-11-07,Troca de componente,1.3,Resolvido
3520,3520,2026-01-08,2026-01-20,Limpeza técnica,48.9,Resolvido
3521,3521,2025-11-06,2025-11-10,Atualização de software,9.6,Resolvido
3523,3523,2025-11-08,2025-11-14,Troca de componente,16.5,Resolvido
3524,3524,2026-02-09,2026-02-13,Reparo de placa,19.0,Resolvido
3525,3525,2026-03-08,2026-03-17,Atualização de software,29.7,Resolvido
3526,3526,2025-08-02,2025-08-11,Limpeza técnica,18.3,Retorno
3527,3527,2026-02-01,2026-02-07,Atualização de software,19.5,Resolvido
3528,3528,2025-07-04,2025-07-10,Troca de componente,7.6,Resolvido
3529,3529,2026-06-02,2026-06-10,Reparo de placa,19.6,Resolvido
3530,3530,2026-05-21,2026-05-26,Reparo de placa,8.5,Resolvido
3533,3533,2026-03-25,2026-03-25,Reparo de placa,3.8,Resolvido
3534,3534,2026-01-27,2026-02-03,Reparo de placa,10.9,Resolvido
3535,3535,2026-01-15,2026-01-21,Troca de componente,27.0,Retorno
3538,3538,2025-11-17,2025-11-20,Atualização de software,15.9,Resolvido
3539,3539,2025-10-12,2025-10-22,Reparo de placa,20.8,Resolvido
3540,3540,2026-05-22,2026-05-28,Troca de componente,26.2,Resolvido
3541,3541,2026-01-18,2026-01-26,Troca de componente,13.4,Resolvido
3542,3542,2026-04-12,2026-04-24,Atualização de software,15.0,Resolvido
3544,3544,2025-09-21,2025-09-28,Troca de componente,27.5,Resolvido
3546,3546,2026-03-20,2026-03-21,Atualização de software,5.5,Retorno
3547,3547,2025-10-18,2025-10-20,Limpeza técnica,9.5,Resolvido
3549,3549,2026-04-19,2026-04-25,Troca de componente,23.0,Resolvido
3550,3550,2025-07-09,2025-07-20,Atualização de software,31.9,Resolvido
3551,3551,2026-05-24,2026-05-24,Atualização de software,2.7,Resolvido
3552,3552,2026-05-24,2026-06-06,Troca de componente,38.0,Resolvido
3554,3554,2025-12-19,2026-01-01,Limpeza técnica,17.8,Resolvido
3555,3555,2025-08-25,2025-09-05,Limpeza técnica,29.4,Resolvido
3556,3556,2025-12-29,2026-01-02,Reparo de placa,18.9,Resolvido
3557,3557,2025-08-27,2025-09-06,Limpeza técnica,36.4,Resolvido
3558,3558,2026-06-29,2026-07-09,Troca de componente,43.9,Resolvido
3559,3559,2025-12-25,2025-12-27,Troca de componente,5.0,Resolvido
3560,3560,2025-11-06,2025-11-07,Reparo de placa,2.5,Resolvido
3561,3561,2026-02-07,2026-02-09,Reparo de placa,8.1,Resolvido
3564,3564,2026-05-30,2026-06-07,Limpeza técnica,25.4,Resolvido
3566,3566,2026-03-13,2026-03-17,Atualização de software,16.4,Resolvido
3567,3567,2025-10-15,2025-10-23,Limpeza técnica,35.7,Resolvido
3568,3568,2026-03-14,2026-03-25,Troca de componente,20.5,Resolvido
3569,3569,2026-05-08,2026-05-21,Limpeza técnica,14.1,Resolvido
3570,3570,2025-10-17,2025-10-22,Limpeza técnica,13.1,Resolvido
3571,3571,2025-09-24,2025-09-30,Troca de componente,15.6,Resolvido
3573,3573,2025-11-27,2025-12-09,Reparo de placa,51.2,Resolvido
3574,3574,2025-09-12,2025-09-24,Reparo de placa,40.1,Resolvido
3575,3575,2025-09-10,2025-09-15,Reparo de placa,21.1,Resolvido
3577,3577,2026-02-27,2026-03-03,Atualização de software,8.3,Resolvido
3578,3578,2026-05-16,2026-05-20,Reparo de placa,10.8,Resolvido
3579,3579,2026-04-03,2026-04-07,Limpeza técnica,6.0,Resolvido
3581,3581,2025-11-12,2025-11-18,Limpeza técnica,24.0,Resolvido
3582,3582,2026-01-06,2026-01-14,Reparo de placa,29.1,Retorno
3583,3583,2025-08-20,2025-08-24,Atualização de software,12.6,Resolvido
3584,3584,2026-01-26,2026-02-07,Reparo de placa,18.6,Resolvido
3586,3586,2025-10-02,2025-10-10,Troca de componente,29.8,Resolvido
3588,3588,2025-10-12,2025-10-13,Troca de componente,5.3,Resolvido
3589,3589,2026-02-05,2026-02-18,Reparo de placa,29.9,Resolvido
3591,3591,2025-08-28,2025-09-07,Troca de componente,40.2,Resolvido
3593,3593,2025-10-09,2025-10-16,Atualização de software,12.8,Resolvido
3594,3594,2025-08-25,2025-09-03,Reparo de placa,32.3,Resolvido
3595,3595,2026-03-17,2026-03-29,Limpeza técnica,28.2,Resolvido
3596,3596,2025-12-12,2025-12-19,Atualização de software,13.2,Resolvido
3597,3597,2026-06-29,2026-07-03,Reparo de placa,13.1,Resolvido
3598,3598,2025-12-05,2025-12-14,Atualização de software,10.7,Retorno
3599,3599,2026-06-03,2026-06-12,Reparo de placa,18.1,Resolvido
3600,3600,2025-07-04,2025-07-14,Atualização de software,31.2,Resolvido
3601,3601,2025-08-24,2025-09-02,Atualização de software,39.6,Resolvido
3602,3602,2025-12-06,2025-12-11,Reparo de placa,19.5,Resolvido
3603,3603,2026-05-09,2026-05-20,Troca de componente,21.5,Retorno
3604,3604,2026-04-22,2026-04-22,Troca de componente,1.5,Resolvido
3605,3605,2025-07-04,2025-07-15,Atualização de software,18.7,Resolvido
3608,3608,2026-04-06,2026-04-12,Reparo de placa,27.4,Resolvido
3609,3609,2025-12-21,2025-12-27,Limpeza técnica,26.2,Resolvido
3610,3610,2025-10-30,2025-11-11,Atualização de software,17.0,Resolvido
3611,3611,2026-02-25,2026-03-03,Troca de componente,7.5,Resolvido
3612,3612,2026-02-01,2026-02-09,Reparo de placa,20.8,Resolvido
3613,3613,2026-01-10,2026-01-23,Reparo de placa,47.8,Resolvido
3614,3614,2025-08-20,2025-09-01,Reparo de placa,50.0,Resolvido
3615,3615,2026-01-06,2026-01-11,Limpeza técnica,12.0,Resolvido
3616,3616,2026-03-05,2026-03-17,Atualização de software,19.3,Retorno
3617,3617,2025-10-20,2025-10-30,Atualização de software,43.9,Resolvido
3618,3618,2026-05-13,2026-05-15,Troca de componente,5.2,Resolvido
3619,3619,2026-01-03,2026-01-11,Reparo de placa,35.4,Resolvido
3621,3621,2026-03-26,2026-04-07,Troca de componente,28.0,Resolvido
3622,3622,2026-04-29,2026-05-11,Atualização de software,37.3,Resolvido
3623,3623,2026-02-17,2026-02-22,Limpeza técnica,6.0,Resolvido
3624,3624,2026-04-13,2026-04-22,Atualização de software,17.9,Resolvido
3625,3625,2026-03-13,2026-03-20,Troca de componente,19.2,Resolvido
3626,3626,2025-12-15,2025-12-20,Troca de componente,16.0,Resolvido
3627,3627,2025-09-14,2025-09-15,Troca de componente,2.5,Resolvido
3628,3628,2026-01-04,2026-01-16,Troca de componente,40.8,Resolvido
3629,3629,2026-05-04,2026-05-10,Troca de componente,25.9,Resolvido
3631,3631,2025-08-12,2025-08-15,Troca de componente,8.9,Retorno
3632,3632,2026-05-25,2026-05-25,Reparo de placa,2.5,Resolvido
3634,3634,2026-01-07,2026-01-13,Reparo de placa,14.4,Resolvido
3635,3635,2025-09-13,2025-09-15,Atualização de software,5.1,Resolvido
3636,3636,2025-08-19,2025-08-23,Reparo de placa,6.5,Resolvido
3637,3637,2025-10-07,2025-10-08,Reparo de placa,3.3,Resolvido
3638,3638,2025-10-29,2025-11-01,Troca de componente,6.4,Resolvido
3639,3639,2026-05-31,2026-06-06,Reparo de placa,27.5,Resolvido
3641,3641,2025-11-21,2025-11-28,Limpeza técnica,17.1,Resolvido
3642,3642,2025-10-09,2025-10-13,Troca de componente,17.4,Resolvido
3643,3643,2025-09-28,2025-10-09,Reparo de placa,19.4,Resolvido
3644,3644,2025-12-10,2025-12-23,Reparo de placa,45.6,Resolvido
3645,3645,2026-02-03,2026-02-07,Reparo de placa,9.1,Resolvido
3646,3646,2026-06-29,2026-07-12,Atualização de software,30.8,Resolvido
3647,3647,2026-05-09,2026-05-16,Reparo de placa,24.8,Resolvido
3648,3648,2025-12-06,2025-12-07,Limpeza técnica,2.1,Resolvido
3649,3649,2026-05-31,2026-06-01,Limpeza técnica,4.4,Resolvido
3650,3650,2026-04-13,2026-04-26,Atualização de software,39.9,Resolvido
3651,3651,2026-02-20,2026-02-27,Troca de componente,13.2,Resolvido
3652,3652,2025-12-01,2025-12-05,Limpeza técnica,13.1,Resolvido
3653,3653,2025-08-21,2025-09-02,Limpeza técnica,51.4,Resolvido
3656,3656,2026-04-13,2026-04-14,Reparo de placa,2.1,Resolvido
3657,3657,2025-11-06,2025-11-19,Atualização de software,52.3,Resolvido
3658,3658,2026-01-02,2026-01-06,Reparo de placa,15.1,Resolvido
3659,3659,2026-03-23,2026-04-04,Troca de componente,39.4,Retorno
3660,3660,2026-02-26,2026-03-06,Reparo de placa,11.3,Resolvido
3661,3661,2026-03-05,2026-03-05,Troca de componente,2.5,Resolvido
3662,3662,2025-08-05,2025-08-14,Atualização de software,24.1,Resolvido
3664,3664,2026-01-23,2026-02-03,Atualização de software,28.6,Resolvido
3665,3665,2025-12-20,2025-12-23,Atualização de software,4.4,Resolvido
3666,3666,2025-09-27,2025-10-09,Reparo de placa,22.4,Resolvido
3667,3667,2026-06-23,2026-06-23,Troca de componente,3.7,Resolvido
3668,3668,2026-02-04,2026-02-16,Limpeza técnica,39.1,Resolvido
3670,3670,2026-05-10,2026-05-22,Reparo de placa,22.8,Resolvido
3671,3671,2025-08-21,2025-08-25,Atualização de software,9.8,Resolvido
3672,3672,2025-10-04,2025-10-10,Atualização de software,17.1,Resolvido
3673,3673,2025-11-13,2025-11-26,Limpeza técnica,21.1,Resolvido
3675,3675,2025-12-04,2025-12-07,Atualização de software,13.2,Resolvido
3676,3676,2026-02-26,2026-03-06,Limpeza técnica,24.1,Resolvido
3677,3677,2025-11-18,2025-11-19,Atualização de software,4.8,Resolvido
3678,3678,2026-04-17,2026-04-28,Troca de componente,32.5,Resolvido
3681,3681,2026-06-23,2026-06-28,Troca de componente,17.7,Resolvido
3682,3682,2026-06-19,2026-06-19,Troca de componente,2.4,Resolvido
3684,3684,2025-12-12,2025-12-15,Troca de componente,12.4,Resolvido
3686,3686,2025-08-11,2025-08-21,Limpeza técnica,43.7,Resolvido
3687,3687,2026-03-27,2026-04-03,Limpeza técnica,30.7,Resolvido
3690,3690,2026-01-16,2026-01-27,Limpeza técnica,21.3,Resolvido
3692,3692,2026-04-27,2026-05-01,Reparo de placa,13.7,Resolvido
3693,3693,2025-07-13,2025-07-22,Atualização de software,28.5,Resolvido
3694,3694,2025-10-09,2025-10-19,Reparo de placa,38.6,Resolvido
3696,3696,2026-03-10,2026-03-17,Reparo de placa,17.3,Resolvido
3697,3697,2026-03-07,2026-03-17,Troca de componente,25.2,Resolvido
3698,3698,2025-11-15,2025-11-28,Atualização de software,18.5,Resolvido
3699,3699,2025-07-21,2025-08-02,Troca de componente,18.6,Resolvido
3700,3700,2025-09-17,2025-09-29,Reparo de placa,50.8,Resolvido
3701,3701,2026-02-23,2026-03-01,Atualização de software,8.5,Resolvido
3702,3702,2026-05-22,2026-06-03,Limpeza técnica,24.1,Resolvido
3703,3703,2025-09-24,2025-10-06,Limpeza técnica,41.1,Resolvido
3704,3704,2025-08-19,2025-08-23,Atualização de software,13.0,Resolvido
3705,3705,2026-02-09,2026-02-17,Atualização de software,27.3,Resolvido
3706,3706,2025-08-30,2025-09-04,Reparo de placa,14.0,Resolvido
3707,3707,2026-02-17,2026-02-21,Atualização de software,17.2,Resolvido
3708,3708,2026-01-06,2026-01-13,Atualização de software,30.7,Resolvido
3710,3710,2025-12-03,2025-12-09,Atualização de software,27.0,Resolvido
3711,3711,2025-08-30,2025-09-11,Troca de componente,51.8,Resolvido
3712,3712,2025-09-26,2025-09-26,Reparo de placa,2.3,Resolvido
3713,3713,2025-12-01,2025-12-14,Atualização de software,17.3,Resolvido
3714,3714,2026-04-18,2026-04-20,Atualização de software,5.3,Resolvido
3715,3715,2026-02-02,2026-02-04,Troca de componente,5.9,Resolvido
3716,3716,2025-11-25,2025-11-27,Limpeza técnica,6.1,Resolvido
3717,3717,2025-12-03,2025-12-10,Troca de componente,16.2,Resolvido
3718,3718,2025-12-23,2026-01-02,Atualização de software,16.0,Resolvido
3719,3719,2025-08-23,2025-08-31,Reparo de placa,13.0,Resolvido
3720,3720,2025-12-21,2026-01-01,Limpeza técnica,39.8,Retorno
3721,3721,2025-10-12,2025-10-25,Troca de componente,23.1,Resolvido
3723,3723,2026-05-01,2026-05-07,Reparo de placa,26.3,Resolvido
3724,3724,2025-12-28,2026-01-07,Atualização de software,33.0,Resolvido
3725,3725,2026-05-08,2026-05-12,Atualização de software,9.3,Resolvido
3726,3726,2026-05-16,2026-05-23,Reparo de placa,22.6,Resolvido
3727,3727,2026-06-08,2026-06-21,Limpeza técnica,52.6,Resolvido
3728,3728,2025-11-30,2025-12-12,Atualização de software,45.1,Resolvido
3729,3729,2025-09-28,2025-10-02,Reparo de placa,18.1,Resolvido
3730,3730,2026-05-18,2026-05-20,Limpeza técnica,5.0,Resolvido
3731,3731,2025-08-16,2025-08-27,Limpeza técnica,18.7,Resolvido
3733,3733,2025-08-01,2025-08-08,Troca de componente,13.9,Resolvido
3734,3734,2026-04-30,2026-05-03,Troca de componente,12.9,Resolvido
3735,3735,2026-02-09,2026-02-09,Troca de componente,2.5,Resolvido
3736,3736,2026-04-17,2026-04-30,Reparo de placa,51.0,Resolvido
3737,3737,2025-07-19,2025-07-22,Atualização de software,7.3,Resolvido
3739,3739,2025-12-17,2025-12-17,Reparo de placa,3.6,Resolvido
3740,3740,2026-02-09,2026-02-11,Atualização de software,11.2,Resolvido
3742,3742,2025-12-15,2025-12-23,Troca de componente,15.4,Resolvido
3743,3743,2025-12-28,2025-12-31,Reparo de placa,7.7,Resolvido
3744,3744,2026-05-16,2026-05-28,Reparo de placa,13.2,Resolvido
3745,3745,2026-06-15,2026-06-23,Atualização de software,10.5,Resolvido
3747,3747,2025-09-13,2025-09-23,Limpeza técnica,24.8,Resolvido
3749,3749,2025-10-18,2025-10-22,Limpeza técnica,12.6,Resolvido
3751,3751,2026-02-27,2026-03-02,Troca de componente,12.8,Resolvido
3752,3752,2025-10-31,2025-11-04,Reparo de placa,18.6,Resolvido
3753,3753,2025-12-21,2026-01-02,Reparo de placa,40.8,Resolvido
3754,3754,2025-11-06,2025-11-11,Atualização de software,18.6,Resolvido
3755,3755,2025-12-10,2025-12-14,Limpeza técnica,6.5,Resolvido
3756,3756,2026-01-30,2026-02-10,Troca de componente,32.1,Resolvido
3757,3757,2025-10-13,2025-10-18,Atualização de software,23.7,Resolvido
3758,3758,2026-05-07,2026-05-10,Troca de componente,8.1,Retorno
3759,3759,2026-07-01,2026-07-05,Troca de componente,14.2,Resolvido
3760,3760,2026-05-29,2026-06-06,Troca de componente,15.6,Resolvido
3761,3761,2026-06-07,2026-06-15,Atualização de software,22.9,Retorno
3763,3763,2025-09-19,2025-09-23,Atualização de software,13.5,Resolvido
3764,3764,2026-03-15,2026-03-16,Reparo de placa,5.3,Resolvido
3765,3765,2025-07-12,2025-07-12,Limpeza técnica,1.4,Resolvido
3766,3766,2026-05-02,2026-05-13,Reparo de placa,18.0,Resolvido
3767,3767,2025-11-22,2025-11-30,Atualização de software,22.7,Resolvido
3768,3768,2025-07-28,2025-08-02,Atualização de software,17.3,Resolvido
3769,3769,2025-10-16,2025-10-25,Troca de componente,21.8,Resolvido
3770,3770,2026-03-13,2026-03-13,Limpeza técnica,3.7,Resolvido
3771,3771,2026-01-27,2026-01-30,Reparo de placa,10.6,Resolvido
3772,3772,2025-10-10,2025-10-21,Reparo de placa,29.1,Retorno
3773,3773,2026-06-19,2026-06-27,Limpeza técnica,21.9,Resolvido
3774,3774,2025-10-07,2025-10-17,Reparo de placa,14.7,Resolvido
3775,3775,2025-09-06,2025-09-07,Reparo de placa,7.0,Resolvido
3776,3776,2026-05-06,2026-05-11,Limpeza técnica,15.5,Resolvido
3777,3777,2026-06-05,2026-06-18,Troca de componente,34.8,Resolvido
3778,3778,2025-11-17,2025-11-22,Troca de componente,15.2,Resolvido
3779,3779,2026-04-23,2026-04-27,Atualização de software,9.9,Resolvido
3780,3780,2025-08-04,2025-08-16,Troca de componente,32.5,Resolvido
3781,3781,2026-06-01,2026-06-14,Troca de componente,35.8,Resolvido
3782,3782,2026-02-22,2026-03-07,Limpeza técnica,52.6,Resolvido
3784,3784,2026-06-20,2026-06-29,Troca de componente,21.9,Resolvido
3785,3785,2026-03-22,2026-03-31,Limpeza técnica,31.1,Resolvido
3786,3786,2026-05-07,2026-05-09,Reparo de placa,8.1,Resolvido
3787,3787,2025-07-08,2025-07-13,Atualização de software,7.5,Resolvido
3788,3788,2026-01-23,2026-01-27,Limpeza técnica,17.9,Resolvido
3789,3789,2026-03-15,2026-03-17,Reparo de placa,11.1,Resolvido
3790,3790,2026-03-20,2026-03-29,Atualização de software,20.8,Resolvido
3791,3791,2025-12-07,2025-12-09,Atualização de software,8.4,Resolvido
3792,3792,2025-12-11,2025-12-24,Atualização de software,22.6,Resolvido
3793,3793,2025-12-08,2025-12-19,Reparo de placa,23.6,Resolvido
3795,3795,2026-03-16,2026-03-17,Limpeza técnica,2.1,Resolvido
3796,3796,2026-01-20,2026-01-28,Troca de componente,30.4,Resolvido
3797,3797,2026-01-11,2026-01-16,Troca de componente,15.8,Resolvido
3798,3798,2026-02-25,2026-03-08,Reparo de placa,16.9,Resolvido
3799,3799,2025-10-19,2025-10-24,Atualização de software,21.7,Resolvido
3800,3800,2026-05-30,2026-06-12,Reparo de placa,42.0,Resolvido
3801,3801,2026-06-29,2026-07-12,Troca de componente,25.1,Retorno
3802,3802,2025-09-08,2025-09-20,Reparo de placa,15.0,Resolvido
3803,3803,2026-03-20,2026-03-23,Reparo de placa,13.5,Resolvido
3804,3804,2025-08-16,2025-08-25,Troca de componente,13.6,Resolvido
3806,3806,2025-10-10,2025-10-19,Atualização de software,17.4,Resolvido
3807,3807,2026-01-25,2026-02-03,Limpeza técnica,28.1,Resolvido
3808,3808,2026-03-25,2026-04-03,Limpeza técnica,34.3,Resolvido
3809,3809,2026-03-17,2026-03-18,Reparo de placa,2.2,Resolvido
3810,3810,2025-12-01,2025-12-07,Troca de componente,16.0,Resolvido
3811,3811,2025-12-30,2026-01-01,Reparo de placa,4.2,Resolvido
3812,3812,2025-11-23,2025-12-04,Troca de componente,41.2,Resolvido
3813,3813,2026-01-04,2026-01-11,Atualização de software,8.2,Resolvido
3814,3814,2025-07-07,2025-07-14,Atualização de software,18.2,Resolvido
3815,3815,2025-10-17,2025-10-19,Reparo de placa,11.0,Resolvido
3816,3816,2026-05-01,2026-05-09,Limpeza técnica,21.0,Resolvido
3818,3818,2026-05-06,2026-05-11,Limpeza técnica,17.3,Resolvido
3819,3819,2026-06-08,2026-06-17,Reparo de placa,18.1,Resolvido
3821,3821,2026-05-15,2026-05-28,Limpeza técnica,20.8,Resolvido
3822,3822,2025-07-31,2025-08-11,Troca de componente,38.2,Resolvido
3823,3823,2025-09-18,2025-09-20,Atualização de software,9.4,Resolvido
3824,3824,2025-08-08,2025-08-18,Atualização de software,18.2,Resolvido
3826,3826,2026-03-23,2026-03-31,Atualização de software,19.2,Resolvido
3828,3828,2025-11-28,2025-12-11,Atualização de software,29.0,Resolvido
3829,3829,2025-11-23,2025-12-03,Troca de componente,20.2,Resolvido
3830,3830,2026-05-27,2026-05-30,Limpeza técnica,15.8,Resolvido
3831,3831,2026-01-29,2026-02-03,Troca de componente,18.6,Resolvido
3832,3832,2026-01-13,2026-01-15,Atualização de software,7.0,Resolvido
3833,3833,2026-04-09,2026-04-12,Troca de componente,8.6,Retorno
3834,3834,2026-05-14,2026-05-14,Reparo de placa,2.8,Resolvido
3835,3835,2025-12-31,2026-01-13,Limpeza técnica,51.6,Resolvido
3836,3836,2026-03-04,2026-03-12,Limpeza técnica,35.9,Resolvido
3837,3837,2025-12-27,2026-01-09,Troca de componente,33.8,Resolvido
3838,3838,2026-02-07,2026-02-09,Reparo de placa,9.1,Resolvido
3839,3839,2025-09-09,2025-09-15,Limpeza técnica,17.5,Resolvido
3840,3840,2026-04-10,2026-04-10,Limpeza técnica,2.4,Resolvido
3841,3841,2026-01-19,2026-01-28,Limpeza técnica,20.9,Resolvido
3842,3842,2025-10-30,2025-11-01,Reparo de placa,5.3,Resolvido
3843,3843,2026-02-19,2026-03-02,Reparo de placa,27.0,Resolvido
3844,3844,2025-07-02,2025-07-03,Limpeza técnica,5.1,Resolvido
3845,3845,2026-04-11,2026-04-14,Atualização de software,15.0,Resolvido
3846,3846,2025-10-07,2025-10-18,Reparo de placa,45.8,Resolvido
3847,3847,2026-06-28,2026-07-05,Atualização de software,26.6,Resolvido
3848,3848,2026-03-25,2026-03-28,Limpeza técnica,4.7,Resolvido
3849,3849,2026-04-12,2026-04-18,Troca de componente,25.8,Resolvido
3850,3850,2025-09-17,2025-09-26,Atualização de software,19.6,Resolvido
3851,3851,2025-08-14,2025-08-25,Limpeza técnica,27.5,Resolvido
3853,3853,2026-06-10,2026-06-19,Limpeza técnica,24.0,Resolvido
3854,3854,2026-06-11,2026-06-14,Atualização de software,14.4,Resolvido
3856,3856,2025-11-06,2025-11-10,Troca de componente,9.5,Resolvido
3857,3857,2026-03-05,2026-03-13,Limpeza técnica,25.8,Resolvido
3858,3858,2026-06-14,2026-06-16,Troca de componente,9.0,Resolvido
3859,3859,2026-03-15,2026-03-25,Troca de componente,21.6,Resolvido
3860,3860,2026-06-28,2026-07-06,Reparo de placa,24.5,Resolvido
3862,3862,2026-06-15,2026-06-22,Atualização de software,10.7,Resolvido
3863,3863,2025-08-13,2025-08-19,Reparo de placa,24.0,Resolvido
3864,3864,2026-05-03,2026-05-09,Atualização de software,7.2,Resolvido
3865,3865,2026-06-15,2026-06-27,Atualização de software,41.5,Resolvido
3866,3866,2025-07-17,2025-07-20,Troca de componente,14.8,Resolvido
3868,3868,2025-07-13,2025-07-20,Reparo de placa,15.7,Resolvido
3869,3869,2026-01-02,2026-01-04,Troca de componente,7.8,Resolvido
3870,3870,2026-02-01,2026-02-12,Reparo de placa,31.8,Resolvido
3871,3871,2026-06-08,2026-06-18,Troca de componente,40.0,Retorno
3873,3873,2025-08-05,2025-08-12,Atualização de software,30.4,Resolvido
3874,3874,2025-11-10,2025-11-21,Reparo de placa,22.3,Resolvido
3875,3875,2026-05-25,2026-05-30,Atualização de software,14.2,Resolvido
3876,3876,2026-05-27,2026-06-01,Atualização de software,23.0,Resolvido
3877,3877,2025-09-18,2025-09-29,Limpeza técnica,43.0,Resolvido
3880,3880,2026-02-17,2026-02-25,Atualização de software,31.7,Resolvido
3881,3881,2025-10-22,2025-10-23,Atualização de software,6.3,Resolvido
3882,3882,2025-12-08,2025-12-08,Reparo de placa,3.3,Resolvido
3883,3883,2025-09-15,2025-09-15,Troca de componente,3.0,Resolvido
3887,3887,2025-10-16,2025-10-25,Atualização de software,29.9,Resolvido
3888,3888,2025-12-01,2025-12-05,Troca de componente,6.3,Resolvido
3889,3889,2025-10-08,2025-10-09,Limpeza técnica,6.2,Resolvido
3890,3890,2025-07-15,2025-07-23,Troca de componente,23.2,Resolvido
3891,3891,2026-01-21,2026-01-30,Atualização de software,13.6,Resolvido
3893,3893,2025-07-19,2025-07-31,Troca de componente,46.5,Resolvido
3894,3894,2025-12-16,2025-12-27,Atualização de software,35.5,Resolvido
3895,3895,2025-11-26,2025-12-09,Troca de componente,15.3,Resolvido
3897,3897,2026-01-22,2026-01-22,Atualização de software,3.5,Resolvido
3898,3898,2025-10-26,2025-11-02,Reparo de placa,16.1,Resolvido
3899,3899,2026-03-08,2026-03-11,Reparo de placa,11.0,Resolvido
3902,3902,2026-01-26,2026-01-31,Troca de componente,14.4,Resolvido
3903,3903,2026-03-26,2026-03-29,Troca de componente,5.9,Resolvido
3905,3905,2026-04-13,2026-04-22,Atualização de software,30.8,Resolvido
3906,3906,2025-07-24,2025-07-28,Atualização de software,15.6,Resolvido
3907,3907,2025-12-03,2025-12-14,Atualização de software,23.4,Resolvido
3908,3908,2025-08-26,2025-09-05,Atualização de software,21.6,Resolvido
3909,3909,2026-02-15,2026-02-25,Reparo de placa,23.6,Resolvido
3910,3910,2025-11-16,2025-11-25,Troca de componente,19.1,Resolvido
3911,3911,2025-12-22,2026-01-02,Limpeza técnica,25.0,Resolvido
3912,3912,2025-08-12,2025-08-23,Limpeza técnica,43.9,Resolvido
3913,3913,2025-09-13,2025-09-26,Atualização de software,14.9,Resolvido
3914,3914,2025-07-17,2025-07-19,Limpeza técnica,7.1,Resolvido
3915,3915,2026-01-16,2026-01-25,Limpeza técnica,10.0,Resolvido
3916,3916,2025-09-18,2025-09-24,Reparo de placa,15.0,Resolvido
3917,3917,2026-02-22,2026-02-23,Troca de componente,3.0,Resolvido
3919,3919,2025-08-21,2025-08-28,Limpeza técnica,9.5,Resolvido
3920,3920,2025-11-08,2025-11-10,Limpeza técnica,10.9,Resolvido
3921,3921,2025-10-11,2025-10-15,Reparo de placa,12.3,Resolvido
3923,3923,2025-10-06,2025-10-12,Limpeza técnica,12.4,Resolvido
3924,3924,2025-09-14,2025-09-18,Limpeza técnica,17.0,Resolvido
3925,3925,2025-12-30,2026-01-06,Troca de componente,10.2,Resolvido
3927,3927,2025-11-10,2025-11-10,Limpeza técnica,3.2,Resolvido
3928,3928,2025-09-28,2025-10-09,Troca de componente,34.4,Resolvido
3929,3929,2026-06-17,2026-06-28,Limpeza técnica,37.6,Resolvido
3930,3930,2025-12-16,2025-12-20,Reparo de placa,13.0,Resolvido
3931,3931,2025-12-07,2025-12-10,Reparo de placa,5.7,Resolvido
3932,3932,2025-09-11,2025-09-19,Limpeza técnica,32.8,Resolvido
3933,3933,2026-01-19,2026-01-22,Limpeza técnica,14.9,Resolvido
3934,3934,2025-10-17,2025-10-25,Atualização de software,18.3,Resolvido
3935,3935,2026-02-10,2026-02-18,Atualização de software,35.8,Resolvido
3936,3936,2026-03-14,2026-03-15,Troca de componente,7.8,Resolvido
3937,3937,2025-11-12,2025-11-15,Troca de componente,14.1,Resolvido
3938,3938,2025-12-19,2026-01-01,Troca de componente,26.6,Resolvido
3939,3939,2026-06-17,2026-06-21,Limpeza técnica,18.9,Resolvido
3940,3940,2026-04-15,2026-04-25,Troca de componente,17.5,Resolvido
3941,3941,2026-05-30,2026-06-12,Troca de componente,37.1,Resolvido
3943,3943,2025-07-24,2025-07-30,Reparo de placa,21.2,Resolvido
3944,3944,2026-05-28,2026-06-04,Atualização de software,10.8,Resolvido
3945,3945,2026-03-24,2026-03-30,Limpeza técnica,25.6,Resolvido
3946,3946,2026-03-09,2026-03-17,Limpeza técnica,34.8,Resolvido
3947,3947,2026-06-01,2026-06-11,Troca de componente,27.9,Resolvido
3948,3948,2025-12-19,2025-12-22,Troca de componente,11.5,Resolvido
3949,3949,2025-07-23,2025-07-31,Reparo de placa,20.5,Resolvido
3950,3950,2026-06-10,2026-06-11,Reparo de placa,3.6,Resolvido
3951,3951,2025-10-05,2025-10-18,Limpeza técnica,15.7,Resolvido
3952,3952,2025-10-07,2025-10-10,Limpeza técnica,15.0,Resolvido
3953,3953,2025-08-22,2025-08-28,Atualização de software,13.9,Resolvido
3954,3954,2026-04-26,2026-04-28,Reparo de placa,8.2,Resolvido
3955,3955,2026-04-02,2026-04-13,Atualização de software,24.7,Resolvido
3957,3957,2026-01-02,2026-01-15,Limpeza técnica,44.2,Resolvido
3959,3959,2026-05-02,2026-05-13,Limpeza técnica,45.5,Resolvido
3960,3960,2025-10-23,2025-10-30,Limpeza técnica,12.2,Resolvido
3961,3961,2026-03-09,2026-03-17,Atualização de software,21.6,Resolvido
3962,3962,2026-06-19,2026-06-29,Troca de componente,30.4,Resolvido
3964,3964,2026-02-13,2026-02-26,Troca de componente,33.7,Resolvido
3965,3965,2025-08-10,2025-08-19,Troca de componente,35.5,Resolvido
3966,3966,2026-05-22,2026-05-27,Troca de componente,8.3,Retorno
3967,3967,2025-09-23,2025-09-30,Troca de componente,16.9,Resolvido
3968,3968,2025-08-08,2025-08-20,Limpeza técnica,26.3,Resolvido
3969,3969,2025-11-05,2025-11-16,Limpeza técnica,30.5,Resolvido
3971,3971,2025-08-27,2025-09-03,Atualização de software,23.8,Resolvido
3974,3974,2026-04-06,2026-04-07,Troca de componente,2.2,Resolvido
3975,3975,2025-07-11,2025-07-23,Troca de componente,13.9,Resolvido
3976,3976,2025-11-26,2025-12-07,Limpeza técnica,41.8,Resolvido
3977,3977,2026-03-23,2026-04-02,Limpeza técnica,23.3,Resolvido
3978,3978,2025-08-29,2025-09-06,Troca de componente,22.7,Resolvido
3979,3979,2025-07-09,2025-07-22,Atualização de software,29.5,Resolvido
3981,3981,2026-01-24,2026-01-26,Atualização de software,7.0,Resolvido
3982,3982,2026-03-01,2026-03-12,Limpeza técnica,33.5,Resolvido
3984,3984,2026-04-30,2026-05-05,Reparo de placa,10.7,Resolvido
3985,3985,2025-08-11,2025-08-13,Atualização de software,8.0,Resolvido
3986,3986,2025-10-26,2025-11-08,Troca de componente,24.4,Resolvido
3987,3987,2025-09-01,2025-09-02,Troca de componente,5.0,Resolvido
3988,3988,2025-08-19,2025-08-27,Troca de componente,34.0,Resolvido
3989,3989,2025-10-25,2025-11-07,Troca de componente,37.8,Resolvido
3990,3990,2025-12-24,2026-01-06,Troca de componente,16.0,Resolvido
3991,3991,2025-12-16,2025-12-21,Reparo de placa,23.3,Resolvido
3992,3992,2025-07-10,2025-07-14,Limpeza técnica,10.4,Resolvido
3993,3993,2025-09-24,2025-10-05,Atualização de software,21.9,Resolvido
3994,3994,2026-01-06,2026-01-11,Troca de componente,8.3,Resolvido
3996,3996,2025-09-25,2025-09-28,Troca de componente,15.0,Resolvido
3998,3998,2025-08-08,2025-08-09,Reparo de placa,5.7,Resolvido
3999,3999,2026-06-10,2026-06-10,Reparo de placa,3.7,Resolvido
4000,4000,2025-11-01,2025-11-12,Atualização de software,24.6,Resolvido
