pagamento_id,matricula_id,competencia,valor,data_vencimento,data_pagamento,status,motivo_rejeicao
49,5,2025-07-01,399,2025-03-07,2025-02-07,Pago,fk_invalida:matricula_id
50,5,2025-08-01,1199,2025-01-08,2025-07-08,Pago,fk_invalida:matricula_id
51,5,2025-09-01,99,2025-04-09,,Vencido,fk_invalida:matricula_id
52,5,2025-10-01,149,2025-02-10,2025-10-10,Pago,fk_invalida:matricula_id
58,5,2026-04-01,149,2026-02-04,,Vencido,fk_invalida:matricula_id
59,5,2026-05-01,399,2026-01-05,2026-06-05,Pago,fk_invalida:matricula_id
75,7,2025-09-01,109,2025-01-09,2025-08-09,Pago,fk_invalida:matricula_id
77,7,2025-11-01,109,2025-03-11,2025-09-11,Pago,fk_invalida:matricula_id
82,7,2026-04-01,149,2026-01-04,2026-05-04,Pago,fk_invalida:matricula_id
86,8,2025-08-01,109,2025-03-08,2025-02-08,Pago,fk_invalida:matricula_id
87,8,2025-09-01,699,2025-01-09,,Vencido,fk_invalida:matricula_id
93,8,2026-03-01,149,2026-02-03,,Vencido,fk_invalida:matricula_id
102,9,2025-12-01,99,2025-03-12,2025-04-12,Pago,fk_invalida:matricula_id
105,9,2026-03-01,399,2026-01-03,2026-11-03,Pago,fk_invalida:matricula_id
113,10,2025-11-01,99,2025-02-11,2025-09-11,Pago,fk_invalida:matricula_id
114,10,2025-12-01,199,2025-01-12,,Vencido,fk_invalida:matricula_id
119,10,2026-05-01,199,2026-01-05,2026-08-05,Pago,fk_invalida:matricula_id
120,10,2026-06-01,1199,2026-01-06,,Vencido,fk_invalida:matricula_id
121,11,2025-07-01,99,2025-06-07,2025-08-07,Pago,fk_invalida:matricula_id
124,11,2025-10-01,35,2025-04-10,2025-08-10,Pago,fk_invalida:matricula_id
126,11,2025-12-01,35,2025-02-12,,Vencido,fk_invalida:matricula_id
131,11,2026-05-01,109,2026-01-05,2026-08-05,Pago,fk_invalida:matricula_id
133,12,2025-07-01,35,2025-03-07,2025-02-07,Pago,fk_invalida:matricula_id
134,12,2025-08-01,1199,2025-01-08,2025-03-08,Pago,fk_invalida:matricula_id
135,12,2025-09-01,99,2025-02-09,2025-05-09,Pago,fk_invalida:matricula_id
136,12,2025-10-01,1199,2025-01-10,2025-03-10,Pago,fk_invalida:matricula_id
147,13,2025-09-01,699,2025-03-09,2025-02-09,Pago,fk_invalida:matricula_id
148,13,2025-10-01,109,2025-02-10,2025-03-10,Pago,fk_invalida:matricula_id
153,13,2026-03-01,199,2026-02-03,2026-06-03,Pago,fk_invalida:matricula_id
157,14,2025-07-01,109,2025-03-07,2025-09-07,Pago,fk_invalida:matricula_id
159,14,2025-09-01,1199,2025-02-09,2025-10-09,Pago,fk_invalida:matricula_id
165,14,2026-03-01,699,2026-03-03,2026-07-03,Pago,fk_invalida:matricula_id
167,14,2026-05-01,99,2026-02-05,2026-02-05,Pago,fk_invalida:matricula_id
169,15,2025-07-01,399,2025-04-07,2025-01-07,Pago,fk_invalida:matricula_id
170,15,2025-08-01,199,2025-03-08,2025-10-08,Pago,fk_invalida:matricula_id
172,15,2025-10-01,199,2025-02-10,2025-03-10,Pago,fk_invalida:matricula_id
173,15,2025-11-01,399,2025-01-11,2025-03-11,Pago,fk_invalida:matricula_id
181,16,2025-07-01,99,2025-04-07,2025-06-07,Pago,fk_invalida:matricula_id
184,16,2025-10-01,35,2025-02-10,2025-05-10,Pago,fk_invalida:matricula_id
185,16,2025-11-01,149,2025-01-11,2025-12-11,Pago,fk_invalida:matricula_id
189,16,2026-03-01,1199,2026-01-03,2026-07-03,Pago,fk_invalida:matricula_id
191,16,2026-05-01,199,2026-01-05,2026-04-05,Pago,fk_invalida:matricula_id
194,17,2025-08-01,35,2025-02-08,2025-11-08,Pago,fk_invalida:matricula_id
205,18,2025-07-01,199,2025-02-07,2025-12-07,Pago,fk_invalida:matricula_id
206,18,2025-08-01,109,2025-03-08,2025-06-08,Pago,fk_invalida:matricula_id
207,18,2025-09-01,699,2025-01-09,,Vencido,fk_invalida:matricula_id
208,18,2025-10-01,199,2025-04-10,2025-12-10,Pago,fk_invalida:matricula_id
210,18,2025-12-01,149,2025-02-12,2025-03-12,Pago,fk_invalida:matricula_id
217,19,2025-07-01,699,2025-03-07,2025-07-07,Pago,fk_invalida:matricula_id
219,19,2025-09-01,109,2025-04-09,2025-05-09,Pago,fk_invalida:matricula_id
222,19,2025-12-01,399,2025-02-12,,Vencido,fk_invalida:matricula_id
223,19,2026-01-01,399,2026-02-01,2026-04-01,Pago,fk_invalida:matricula_id
226,19,2026-04-01,149,2026-01-04,,Vencido,fk_invalida:matricula_id
228,19,2026-06-01,99,2026-01-06,2026-05-06,Pago,fk_invalida:matricula_id
229,20,2025-07-01,399,2025-03-07,,Vencido,fk_invalida:matricula_id
231,20,2025-09-01,35,2025-01-09,2025-05-09,Pago,fk_invalida:matricula_id
238,20,2026-04-01,109,2026-01-04,2026-02-04,Pago,fk_invalida:matricula_id
240,20,2026-06-01,149,2026-01-06,,Vencido,fk_invalida:matricula_id
241,21,2025-07-01,199,2025-06-07,2025-07-07,Pago,fk_invalida:matricula_id
242,21,2025-08-01,99,2025-03-08,2025-09-08,Pago,fk_invalida:matricula_id
246,21,2025-12-01,1199,2025-03-12,2025-02-12,Pago,fk_invalida:matricula_id
253,22,2025-07-01,149,2025-01-07,2025-07-07,Pago,fk_invalida:matricula_id
254,22,2025-08-01,1199,2025-04-08,2025-09-08,Pago,fk_invalida:matricula_id
259,22,2026-01-01,99,2026-01-01,2026-09-01,Pago,fk_invalida:matricula_id
265,23,2025-07-01,399,2025-03-07,2025-02-07,Pago,fk_invalida:matricula_id
270,23,2025-12-01,109,2025-02-12,2025-03-12,Pago,fk_invalida:matricula_id
275,23,2026-05-01,399,2026-01-05,2026-04-05,Pago,fk_invalida:matricula_id
276,23,2026-06-01,99,2026-01-06,2026-12-06,Pago,fk_invalida:matricula_id
278,24,2025-08-01,399,2025-03-08,2025-01-08,Pago,fk_invalida:matricula_id
280,24,2025-10-01,99,2025-01-10,2025-05-10,Pago,fk_invalida:matricula_id
282,24,2025-12-01,699,2025-02-12,2025-12-12,Pago,fk_invalida:matricula_id
289,25,2025-07-01,1199,2025-02-07,2025-02-07,Pago,fk_invalida:matricula_id
291,25,2025-09-01,1199,2025-04-09,2025-06-09,Pago,fk_invalida:matricula_id
304,26,2025-10-01,109,2025-03-10,2025-01-10,Pago,fk_invalida:matricula_id
306,26,2025-12-01,35,2025-03-12,2025-06-12,Pago,fk_invalida:matricula_id
313,27,2025-07-01,399,2025-06-07,2025-09-07,Pago,fk_invalida:matricula_id
314,27,2025-08-01,149,2025-05-08,2025-10-08,Pago,fk_invalida:matricula_id
318,27,2025-12-01,149,2025-03-12,2025-03-12,Pago,fk_invalida:matricula_id
321,27,2026-03-01,99,2026-02-03,2026-12-03,Pago,fk_invalida:matricula_id
322,27,2026-04-01,149,2026-01-04,2026-01-04,Pago,fk_invalida:matricula_id
325,28,2025-07-01,699,2025-03-07,2025-07-07,Pago,fk_invalida:matricula_id
327,28,2025-09-01,109,2025-03-09,2025-01-09,Pago,fk_invalida:matricula_id
330,28,2025-12-01,1199,2025-02-12,2025-06-12,Pago,fk_invalida:matricula_id
331,28,2026-01-01,99,2026-01-01,2026-04-01,Pago,fk_invalida:matricula_id
337,29,2025-07-01,35,2025-02-07,2025-05-07,Pago,fk_invalida:matricula_id
339,29,2025-09-01,199,2025-02-09,2025-11-09,Pago,fk_invalida:matricula_id
342,29,2025-12-01,199,2025-03-12,2025-10-12,Pago,fk_invalida:matricula_id
345,29,2026-03-01,149,2026-03-03,2026-07-03,Pago,fk_invalida:matricula_id
349,30,2025-07-01,109,2025-03-07,2025-04-07,Pago,fk_invalida:matricula_id
350,30,2025-08-01,399,2025-02-08,2025-07-08,Pago,fk_invalida:matricula_id
352,30,2025-10-01,109,2025-02-10,2025-02-10,Pago,fk_invalida:matricula_id
357,30,2026-03-01,399,2026-01-03,2026-09-03,Pago,fk_invalida:matricula_id
358,30,2026-04-01,35,2026-02-04,2026-09-04,Pago,fk_invalida:matricula_id
359,30,2026-05-01,149,2026-02-05,2026-07-05,Pago,fk_invalida:matricula_id
369,31,2026-03-01,199,2026-03-03,,Vencido,fk_invalida:matricula_id
370,31,2026-04-01,99,2026-01-04,2026-05-04,Pago,fk_invalida:matricula_id
374,32,2025-08-01,109,2025-05-08,2025-06-08,Pago,fk_invalida:matricula_id
375,32,2025-09-01,109,2025-01-09,2025-09-09,Pago,fk_invalida:matricula_id
379,32,2026-01-01,699,2026-02-01,,Vencido,fk_invalida:matricula_id
387,33,2025-09-01,199,2025-02-09,2025-07-09,Pago,fk_invalida:matricula_id
390,33,2025-12-01,149,2025-02-12,,Vencido,fk_invalida:matricula_id
391,33,2026-01-01,199,2026-02-01,2026-11-01,Pago,fk_invalida:matricula_id
396,33,2026-06-01,399,2026-01-06,2026-04-06,Pago,fk_invalida:matricula_id
397,34,2025-07-01,199,2025-04-07,,Vencido,fk_invalida:matricula_id
402,34,2025-12-01,399,2025-02-12,2025-01-12,Pago,fk_invalida:matricula_id
406,34,2026-04-01,399,2026-02-04,2026-02-04,Pago,fk_invalida:matricula_id
407,34,2026-05-01,35,2026-01-05,2026-10-05,Pago,fk_invalida:matricula_id
411,35,2025-09-01,149,2025-01-09,2025-10-09,Pago,fk_invalida:matricula_id
412,35,2025-10-01,149,2025-04-10,2025-04-10,Pago,fk_invalida:matricula_id
414,35,2025-12-01,35,2025-02-12,2025-08-12,Pago,fk_invalida:matricula_id
417,35,2026-03-01,699,2026-01-03,2026-03-03,Pago,fk_invalida:matricula_id
418,35,2026-04-01,699,2026-01-04,2026-07-04,Pago,fk_invalida:matricula_id
422,36,2025-08-01,35,2025-01-08,2025-09-08,Pago,fk_invalida:matricula_id
425,36,2025-11-01,1199,2025-03-11,2025-08-11,Pago,fk_invalida:matricula_id
426,36,2025-12-01,109,2025-01-12,2025-08-12,Pago,fk_invalida:matricula_id
433,37,2025-07-01,99,2025-02-07,2025-01-07,Pago,fk_invalida:matricula_id
434,37,2025-08-01,35,2025-03-08,2025-08-08,Pago,fk_invalida:matricula_id
435,37,2025-09-01,35,2025-03-09,2025-07-09,Pago,fk_invalida:matricula_id
438,37,2025-12-01,109,2025-02-12,2025-05-12,Pago,fk_invalida:matricula_id
441,37,2026-03-01,699,2026-03-03,2026-09-03,Pago,fk_invalida:matricula_id
445,38,2025-07-01,35,2025-05-07,2025-08-07,Pago,fk_invalida:matricula_id
446,38,2025-08-01,99,2025-01-08,2025-11-08,Pago,fk_invalida:matricula_id
447,38,2025-09-01,699,2025-02-09,2025-01-09,Pago,fk_invalida:matricula_id
453,38,2026-03-01,699,2026-02-03,2026-06-03,Pago,fk_invalida:matricula_id
454,38,2026-04-01,1199,2026-02-04,2026-11-04,Pago,fk_invalida:matricula_id
457,39,2025-07-01,149,2025-02-07,2025-01-07,Pago,fk_invalida:matricula_id
469,40,2025-07-01,99,2025-06-07,2025-08-07,Pago,fk_invalida:matricula_id
470,40,2025-08-01,99,2025-01-08,2025-01-08,Pago,fk_invalida:matricula_id
471,40,2025-09-01,1199,2025-02-09,2025-04-09,Pago,fk_invalida:matricula_id
478,40,2026-04-01,699,2026-01-04,2026-12-04,Pago,fk_invalida:matricula_id
481,41,2025-07-01,399,2025-06-07,2025-11-07,Pago,fk_invalida:matricula_id
484,41,2025-10-01,99,2025-03-10,,Vencido,fk_invalida:matricula_id
487,41,2026-01-01,1199,2026-02-01,2026-03-01,Pago,fk_invalida:matricula_id
489,41,2026-03-01,699,2026-01-03,2026-07-03,Pago,fk_invalida:matricula_id
492,41,2026-06-01,1199,2026-01-06,2026-09-06,Pago,fk_invalida:matricula_id
494,42,2025-08-01,1199,2025-03-08,2025-08-08,Pago,fk_invalida:matricula_id
499,42,2026-01-01,699,2026-01-01,2026-05-01,Pago,fk_invalida:matricula_id
505,43,2025-07-01,199,2025-05-07,2025-05-07,Pago,fk_invalida:matricula_id
509,43,2025-11-01,1199,2025-02-11,2025-06-11,Pago,fk_invalida:matricula_id
517,44,2025-07-01,1199,2025-03-07,,Vencido,fk_invalida:matricula_id
518,44,2025-08-01,399,2025-02-08,2025-05-08,Pago,fk_invalida:matricula_id
519,44,2025-09-01,109,2025-03-09,2025-02-09,Pago,fk_invalida:matricula_id
520,44,2025-10-01,1199,2025-04-10,2025-12-10,Pago,fk_invalida:matricula_id
525,44,2026-03-01,109,2026-03-03,2026-09-03,Pago,fk_invalida:matricula_id
529,45,2025-07-01,109,2025-05-07,2025-07-07,Pago,fk_invalida:matricula_id
530,45,2025-08-01,199,2025-02-08,2025-01-08,Pago,fk_invalida:matricula_id
531,45,2025-09-01,109,2025-03-09,2025-05-09,Pago,fk_invalida:matricula_id
541,46,2025-07-01,699,2025-01-07,2025-02-07,Pago,fk_invalida:matricula_id
553,47,2025-07-01,149,2025-05-07,2025-02-07,Pago,fk_invalida:matricula_id
557,47,2025-11-01,399,2025-02-11,2025-06-11,Pago,fk_invalida:matricula_id
558,47,2025-12-01,699,2025-03-12,2025-07-12,Pago,fk_invalida:matricula_id
561,47,2026-03-01,399,2026-02-03,2026-07-03,Pago,fk_invalida:matricula_id
569,48,2025-11-01,99,2025-02-11,2025-10-11,Pago,fk_invalida:matricula_id
577,49,2025-07-01,399,2025-01-07,2025-07-07,Pago,fk_invalida:matricula_id
578,49,2025-08-01,109,2025-04-08,2025-10-08,Pago,fk_invalida:matricula_id
585,49,2026-03-01,699,2026-03-03,2026-05-03,Pago,fk_invalida:matricula_id
589,50,2025-07-01,99,2025-02-07,2025-05-07,Pago,fk_invalida:matricula_id
592,50,2025-10-01,699,2025-01-10,2025-01-10,Pago,fk_invalida:matricula_id
594,50,2025-12-01,199,2025-01-12,2025-07-12,Pago,fk_invalida:matricula_id
596,50,2026-02-01,99,2026-01-02,2026-10-02,Pago,fk_invalida:matricula_id
597,50,2026-03-01,699,2026-03-03,2026-06-03,Pago,fk_invalida:matricula_id
599,50,2026-05-01,399,2026-01-05,,Vencido,fk_invalida:matricula_id
603,51,2025-09-01,149,2025-01-09,2025-07-09,Pago,fk_invalida:matricula_id
611,51,2026-05-01,149,2026-02-05,,Vencido,fk_invalida:matricula_id
614,52,2025-08-01,399,2025-05-08,2025-03-08,Pago,fk_invalida:matricula_id
615,52,2025-09-01,35,2025-01-09,,Vencido,fk_invalida:matricula_id
616,52,2025-10-01,1199,2025-04-10,2025-08-10,Pago,fk_invalida:matricula_id
617,52,2025-11-01,99,2025-01-11,2025-05-11,Pago,fk_invalida:matricula_id
618,52,2025-12-01,1199,2025-02-12,2025-07-12,Pago,fk_invalida:matricula_id
625,53,2025-07-01,149,2025-03-07,2025-02-07,Pago,fk_invalida:matricula_id
626,53,2025-08-01,35,2025-02-08,2025-03-08,Pago,fk_invalida:matricula_id
627,53,2025-09-01,399,2025-03-09,2025-09-09,Pago,fk_invalida:matricula_id
628,53,2025-10-01,699,2025-03-10,2025-02-10,Pago,fk_invalida:matricula_id
633,53,2026-03-01,149,2026-01-03,2026-04-03,Pago,fk_invalida:matricula_id
637,54,2025-07-01,109,2025-02-07,2025-02-07,Pago,fk_invalida:matricula_id
638,54,2025-08-01,1199,2025-05-08,2025-08-08,Pago,fk_invalida:matricula_id
639,54,2025-09-01,399,2025-02-09,2025-08-09,Pago,fk_invalida:matricula_id
645,54,2026-03-01,109,2026-03-03,,Vencido,fk_invalida:matricula_id
649,55,2025-07-01,109,2025-06-07,2025-06-07,Pago,fk_invalida:matricula_id
652,55,2025-10-01,399,2025-02-10,2025-02-10,Pago,fk_invalida:matricula_id
653,55,2025-11-01,199,2025-01-11,2025-01-11,Pago,fk_invalida:matricula_id
654,55,2025-12-01,1199,2025-01-12,2025-10-12,Pago,fk_invalida:matricula_id
655,55,2026-01-01,199,2026-01-01,2026-11-01,Pago,fk_invalida:matricula_id
660,55,2026-06-01,99,2026-01-06,,Vencido,fk_invalida:matricula_id
662,56,2025-08-01,399,2025-01-08,2025-03-08,Pago,fk_invalida:matricula_id
663,56,2025-09-01,35,2025-01-09,2025-02-09,Pago,fk_invalida:matricula_id
664,56,2025-10-01,35,2025-01-10,2025-06-10,Pago,fk_invalida:matricula_id
666,56,2025-12-01,399,2025-01-12,2025-09-12,Pago,fk_invalida:matricula_id
667,56,2026-01-01,109,2026-01-01,2026-07-01,Pago,fk_invalida:matricula_id
669,56,2026-03-01,699,2026-02-03,,Vencido,fk_invalida:matricula_id
673,57,2025-07-01,699,2025-02-07,2025-02-07,Pago,fk_invalida:matricula_id
675,57,2025-09-01,149,2025-01-09,2025-03-09,Pago,fk_invalida:matricula_id
682,57,2026-04-01,1199,2026-01-04,2026-09-04,Pago,fk_invalida:matricula_id
684,57,2026-06-01,35,2026-01-06,2026-11-06,Pago,fk_invalida:matricula_id
685,58,2025-07-01,99,2025-04-07,2025-07-07,Pago,fk_invalida:matricula_id
699,59,2025-09-01,1199,2025-03-09,2025-06-09,Pago,fk_invalida:matricula_id
702,59,2025-12-01,1199,2025-01-12,2025-01-12,Pago,fk_invalida:matricula_id
709,60,2025-07-01,35,2025-02-07,2025-03-07,Pago,fk_invalida:matricula_id
710,60,2025-08-01,109,2025-05-08,2025-11-08,Pago,fk_invalida:matricula_id
714,60,2025-12-01,149,2025-02-12,,Vencido,fk_invalida:matricula_id
722,61,2025-08-01,35,2025-03-08,2025-08-08,Pago,fk_invalida:matricula_id
723,61,2025-09-01,399,2025-02-09,2025-04-09,Pago,fk_invalida:matricula_id
726,61,2025-12-01,199,2025-02-12,2025-09-12,Pago,fk_invalida:matricula_id
727,61,2026-01-01,35,2026-02-01,2026-07-01,Pago,fk_invalida:matricula_id
733,62,2025-07-01,109,2025-06-07,2025-05-07,Pago,fk_invalida:matricula_id
736,62,2025-10-01,399,2025-02-10,2025-08-10,Pago,fk_invalida:matricula_id
741,62,2026-03-01,1199,2026-02-03,2026-04-03,Pago,fk_invalida:matricula_id
742,62,2026-04-01,199,2026-02-04,2026-03-04,Pago,fk_invalida:matricula_id
750,63,2025-12-01,1199,2025-02-12,,Vencido,fk_invalida:matricula_id
753,63,2026-03-01,149,2026-02-03,2026-04-03,Pago,fk_invalida:matricula_id
757,64,2025-07-01,199,2025-03-07,2025-09-07,Pago,fk_invalida:matricula_id
769,65,2025-07-01,109,2025-03-07,2025-06-07,Pago,fk_invalida:matricula_id
772,65,2025-10-01,199,2025-03-10,2025-03-10,Pago,fk_invalida:matricula_id
773,65,2025-11-01,149,2025-01-11,2025-04-11,Pago,fk_invalida:matricula_id
776,65,2026-02-01,699,2026-01-02,2026-04-02,Pago,fk_invalida:matricula_id
777,65,2026-03-01,199,2026-03-03,2026-02-03,Pago,fk_invalida:matricula_id
780,65,2026-06-01,109,2026-01-06,2026-12-06,Pago,fk_invalida:matricula_id
785,66,2025-11-01,699,2025-02-11,2025-01-11,Pago,fk_invalida:matricula_id
790,66,2026-04-01,1199,2026-01-04,2026-03-04,Pago,fk_invalida:matricula_id
793,67,2025-07-01,699,2025-04-07,,Vencido,fk_invalida:matricula_id
797,67,2025-11-01,99,2025-01-11,2025-10-11,Pago,fk_invalida:matricula_id
803,67,2026-05-01,149,2026-02-05,2026-08-05,Pago,fk_invalida:matricula_id
805,68,2025-07-01,199,2025-01-07,2025-03-07,Pago,fk_invalida:matricula_id
810,68,2025-12-01,199,2025-03-12,,Vencido,fk_invalida:matricula_id
812,68,2026-02-01,35,2026-01-02,,Vencido,fk_invalida:matricula_id
817,69,2025-07-01,99,2025-04-07,2025-07-07,Pago,fk_invalida:matricula_id
819,69,2025-09-01,109,2025-04-09,,Vencido,fk_invalida:matricula_id
820,69,2025-10-01,1199,2025-03-10,2025-03-10,Pago,fk_invalida:matricula_id
823,69,2026-01-01,35,2026-02-01,2026-01-01,Pago,fk_invalida:matricula_id
829,70,2025-07-01,399,2025-06-07,,Vencido,fk_invalida:matricula_id
830,70,2025-08-01,1199,2025-01-08,2025-11-08,Pago,fk_invalida:matricula_id
831,70,2025-09-01,99,2025-03-09,2025-07-09,Pago,fk_invalida:matricula_id
832,70,2025-10-01,109,2025-04-10,2025-04-10,Pago,fk_invalida:matricula_id
833,70,2025-11-01,1199,2025-02-11,2025-09-11,Pago,fk_invalida:matricula_id
834,70,2025-12-01,149,2025-03-12,2025-04-12,Pago,fk_invalida:matricula_id
838,70,2026-04-01,699,2026-02-04,2026-06-04,Pago,fk_invalida:matricula_id
841,71,2025-07-01,149,2025-05-07,2025-02-07,Pago,fk_invalida:matricula_id
842,71,2025-08-01,99,2025-02-08,2025-07-08,Pago,fk_invalida:matricula_id
844,71,2025-10-01,149,2025-04-10,2025-09-10,Pago,fk_invalida:matricula_id
845,71,2025-11-01,199,2025-02-11,,Vencido,fk_invalida:matricula_id
853,72,2025-07-01,199,2025-01-07,2025-04-07,Pago,fk_invalida:matricula_id
854,72,2025-08-01,109,2025-04-08,2025-05-08,Pago,fk_invalida:matricula_id
856,72,2025-10-01,399,2025-04-10,2025-11-10,Pago,fk_invalida:matricula_id
859,72,2026-01-01,149,2026-02-01,2026-04-01,Pago,fk_invalida:matricula_id
866,73,2025-08-01,1199,2025-01-08,2025-01-08,Pago,fk_invalida:matricula_id
867,73,2025-09-01,1199,2025-01-09,,Vencido,fk_invalida:matricula_id
878,74,2025-08-01,1199,2025-03-08,2025-07-08,Pago,fk_invalida:matricula_id
882,74,2025-12-01,109,2025-02-12,2025-01-12,Pago,fk_invalida:matricula_id
889,75,2025-07-01,35,2025-03-07,2025-01-07,Pago,fk_invalida:matricula_id
899,75,2026-05-01,399,2026-01-05,2026-10-05,Pago,fk_invalida:matricula_id
901,76,2025-07-01,99,2025-02-07,2025-05-07,Pago,fk_invalida:matricula_id
904,76,2025-10-01,99,2025-03-10,2025-01-10,Pago,fk_invalida:matricula_id
905,76,2025-11-01,1199,2025-02-11,,Vencido,fk_invalida:matricula_id
913,77,2025-07-01,99,2025-06-07,2025-04-07,Pago,fk_invalida:matricula_id
914,77,2025-08-01,699,2025-01-08,2025-03-08,Pago,fk_invalida:matricula_id
915,77,2025-09-01,35,2025-03-09,,Vencido,fk_invalida:matricula_id
919,77,2026-01-01,109,2026-01-01,2026-04-01,Pago,fk_invalida:matricula_id
921,77,2026-03-01,99,2026-02-03,2026-05-03,Pago,fk_invalida:matricula_id
925,78,2025-07-01,399,2025-03-07,2025-01-07,Pago,fk_invalida:matricula_id
926,78,2025-08-01,399,2025-01-08,2025-11-08,Pago,fk_invalida:matricula_id
929,78,2025-11-01,699,2025-03-11,2025-03-11,Pago,fk_invalida:matricula_id
930,78,2025-12-01,399,2025-02-12,,Vencido,fk_invalida:matricula_id
935,78,2026-05-01,699,2026-01-05,2026-03-05,Pago,fk_invalida:matricula_id
938,79,2025-08-01,199,2025-04-08,2025-11-08,Pago,fk_invalida:matricula_id
947,79,2026-05-01,1199,2026-02-05,2026-12-05,Pago,fk_invalida:matricula_id
949,80,2025-07-01,35,2025-03-07,2025-07-07,Pago,fk_invalida:matricula_id
951,80,2025-09-01,399,2025-03-09,2025-07-09,Pago,fk_invalida:matricula_id
952,80,2025-10-01,699,2025-02-10,2025-12-10,Pago,fk_invalida:matricula_id
954,80,2025-12-01,399,2025-03-12,2025-04-12,Pago,fk_invalida:matricula_id
962,81,2025-08-01,99,2025-04-08,2025-07-08,Pago,fk_invalida:matricula_id
966,81,2025-12-01,699,2025-03-12,2025-12-12,Pago,fk_invalida:matricula_id
967,81,2026-01-01,149,2026-01-01,2026-05-01,Pago,fk_invalida:matricula_id
970,81,2026-04-01,149,2026-01-04,2026-01-04,Pago,fk_invalida:matricula_id
974,82,2025-08-01,35,2025-04-08,,Vencido,fk_invalida:matricula_id
975,82,2025-09-01,109,2025-02-09,2025-07-09,Pago,fk_invalida:matricula_id
979,82,2026-01-01,149,2026-01-01,,Vencido,fk_invalida:matricula_id
981,82,2026-03-01,109,2026-03-03,2026-06-03,Pago,fk_invalida:matricula_id
986,83,2025-08-01,109,2025-01-08,2025-04-08,Pago,fk_invalida:matricula_id
987,83,2025-09-01,1199,2025-03-09,2025-04-09,Pago,fk_invalida:matricula_id
994,83,2026-04-01,399,2026-01-04,2026-03-04,Pago,fk_invalida:matricula_id
997,84,2025-07-01,149,2025-03-07,2025-11-07,Pago,fk_invalida:matricula_id
1000,84,2025-10-01,149,2025-02-10,2025-12-10,Pago,fk_invalida:matricula_id
1001,84,2025-11-01,35,2025-03-11,2025-05-11,Pago,fk_invalida:matricula_id
1002,84,2025-12-01,109,2025-02-12,2025-11-12,Pago,fk_invalida:matricula_id
1006,84,2026-04-01,109,2026-01-04,2026-01-04,Pago,fk_invalida:matricula_id
1007,84,2026-05-01,1199,2026-01-05,2026-01-05,Pago,fk_invalida:matricula_id
1011,85,2025-09-01,35,2025-03-09,2025-07-09,Pago,fk_invalida:matricula_id
1013,85,2025-11-01,109,2025-02-11,2025-12-11,Pago,fk_invalida:matricula_id
1026,86,2025-12-01,149,2025-03-12,2025-02-12,Pago,fk_invalida:matricula_id
1027,86,2026-01-01,199,2026-01-01,,Vencido,fk_invalida:matricula_id
1030,86,2026-04-01,199,2026-02-04,2026-08-04,Pago,fk_invalida:matricula_id
1033,87,2025-07-01,99,2025-03-07,2025-06-07,Pago,fk_invalida:matricula_id
1034,87,2025-08-01,109,2025-04-08,,Vencido,fk_invalida:matricula_id
1036,87,2025-10-01,699,2025-02-10,,Vencido,fk_invalida:matricula_id
1046,88,2025-08-01,35,2025-04-08,2025-10-08,Pago,fk_invalida:matricula_id
1049,88,2025-11-01,699,2025-01-11,2025-10-11,Pago,fk_invalida:matricula_id
1052,88,2026-02-01,399,2026-01-02,2026-04-02,Pago,fk_invalida:matricula_id
1058,89,2025-08-01,149,2025-03-08,2025-11-08,Pago,fk_invalida:matricula_id
1059,89,2025-09-01,699,2025-03-09,2025-03-09,Pago,fk_invalida:matricula_id
1063,89,2026-01-01,199,2026-02-01,2026-07-01,Pago,fk_invalida:matricula_id
1065,89,2026-03-01,1199,2026-03-03,2026-02-03,Pago,fk_invalida:matricula_id
1069,90,2025-07-01,199,2025-02-07,2025-11-07,Pago,fk_invalida:matricula_id
1070,90,2025-08-01,149,2025-05-08,2025-09-08,Pago,fk_invalida:matricula_id
1071,90,2025-09-01,1199,2025-02-09,2025-09-09,Pago,fk_invalida:matricula_id
1072,90,2025-10-01,1199,2025-04-10,2025-06-10,Pago,fk_invalida:matricula_id
1079,90,2026-05-01,699,2026-01-05,2026-11-05,Pago,fk_invalida:matricula_id
1081,91,2025-07-01,199,2025-01-07,2025-09-07,Pago,fk_invalida:matricula_id
1085,91,2025-11-01,399,2025-02-11,2025-04-11,Pago,fk_invalida:matricula_id
1090,91,2026-04-01,149,2026-01-04,2026-05-04,Pago,fk_invalida:matricula_id
1093,92,2025-07-01,399,2025-06-07,2025-10-07,Pago,fk_invalida:matricula_id
1099,92,2026-01-01,1199,2026-01-01,2026-05-01,Pago,fk_invalida:matricula_id
1105,93,2025-07-01,1199,2025-01-07,2025-10-07,Pago,fk_invalida:matricula_id
1106,93,2025-08-01,149,2025-02-08,,Vencido,fk_invalida:matricula_id
1118,94,2025-08-01,109,2025-03-08,2025-03-08,Pago,fk_invalida:matricula_id
1119,94,2025-09-01,35,2025-02-09,2025-03-09,Pago,fk_invalida:matricula_id
1125,94,2026-03-01,699,2026-02-03,2026-05-03,Pago,fk_invalida:matricula_id
1132,95,2025-10-01,149,2025-03-10,2025-11-10,Pago,fk_invalida:matricula_id
1133,95,2025-11-01,1199,2025-03-11,2025-11-11,Pago,fk_invalida:matricula_id
1137,95,2026-03-01,149,2026-03-03,2026-11-03,Pago,fk_invalida:matricula_id
1138,95,2026-04-01,99,2026-02-04,2026-12-04,Pago,fk_invalida:matricula_id
1143,96,2025-09-01,199,2025-03-09,2025-05-09,Pago,fk_invalida:matricula_id
1144,96,2025-10-01,399,2025-01-10,2025-12-10,Pago,fk_invalida:matricula_id
1146,96,2025-12-01,149,2025-03-12,2025-02-12,Pago,fk_invalida:matricula_id
1147,96,2026-01-01,1199,2026-02-01,2026-08-01,Pago,fk_invalida:matricula_id
1153,97,2025-07-01,1199,2025-05-07,2025-04-07,Pago,fk_invalida:matricula_id
1154,97,2025-08-01,99,2025-02-08,2025-11-08,Pago,fk_invalida:matricula_id
1161,97,2026-03-01,399,2026-01-03,2026-12-03,Pago,fk_invalida:matricula_id
1167,98,2025-09-01,149,2025-01-09,2025-01-09,Pago,fk_invalida:matricula_id
1174,98,2026-04-01,399,2026-02-04,2026-04-04,Pago,fk_invalida:matricula_id
1176,98,2026-06-01,99,2026-01-06,,Vencido,fk_invalida:matricula_id
1177,99,2025-07-01,99,2025-01-07,,Vencido,fk_invalida:matricula_id
1178,99,2025-08-01,149,2025-02-08,2025-06-08,Pago,fk_invalida:matricula_id
1179,99,2025-09-01,109,2025-03-09,2025-10-09,Pago,fk_invalida:matricula_id
1180,99,2025-10-01,699,2025-04-10,2025-04-10,Pago,fk_invalida:matricula_id
1182,99,2025-12-01,99,2025-03-12,2025-01-12,Pago,fk_invalida:matricula_id
1189,100,2025-07-01,199,2025-04-07,2025-08-07,Pago,fk_invalida:matricula_id
1190,100,2025-08-01,399,2025-01-08,2025-08-08,Pago,fk_invalida:matricula_id
1192,100,2025-10-01,99,2025-02-10,2025-09-10,Pago,fk_invalida:matricula_id
1193,100,2025-11-01,699,2025-02-11,2025-10-11,Pago,fk_invalida:matricula_id
1202,101,2025-08-01,399,2025-05-08,2025-08-08,Pago,fk_invalida:matricula_id
1205,101,2025-11-01,35,2025-02-11,2025-10-11,Pago,fk_invalida:matricula_id
1208,101,2026-02-01,399,2026-01-02,2026-09-02,Pago,fk_invalida:matricula_id
1214,102,2025-08-01,109,2025-02-08,2025-05-08,Pago,fk_invalida:matricula_id
1215,102,2025-09-01,199,2025-01-09,,Vencido,fk_invalida:matricula_id
1216,102,2025-10-01,199,2025-03-10,2025-02-10,Pago,fk_invalida:matricula_id
1217,102,2025-11-01,699,2025-02-11,2025-04-11,Pago,fk_invalida:matricula_id
1222,102,2026-04-01,1199,2026-02-04,2026-01-04,Pago,fk_invalida:matricula_id
1225,103,2025-07-01,35,2025-01-07,2025-02-07,Pago,fk_invalida:matricula_id
1228,103,2025-10-01,1199,2025-03-10,2025-05-10,Pago,fk_invalida:matricula_id
1237,104,2025-07-01,109,2025-06-07,2025-12-07,Pago,fk_invalida:matricula_id
1251,105,2025-09-01,1199,2025-02-09,2025-12-09,Pago,fk_invalida:matricula_id
1252,105,2025-10-01,149,2025-04-10,2025-07-10,Pago,fk_invalida:matricula_id
1254,105,2025-12-01,99,2025-02-12,2025-06-12,Pago,fk_invalida:matricula_id
1262,106,2025-08-01,35,2025-05-08,2025-03-08,Pago,fk_invalida:matricula_id
1263,106,2025-09-01,109,2025-03-09,,Vencido,fk_invalida:matricula_id
1264,106,2025-10-01,35,2025-04-10,2025-10-10,Pago,fk_invalida:matricula_id
1266,106,2025-12-01,35,2025-01-12,2025-09-12,Pago,fk_invalida:matricula_id
1269,106,2026-03-01,35,2026-01-03,,Vencido,fk_invalida:matricula_id
1270,106,2026-04-01,699,2026-02-04,2026-08-04,Pago,fk_invalida:matricula_id
1271,106,2026-05-01,199,2026-01-05,2026-09-05,Pago,fk_invalida:matricula_id
1275,107,2025-09-01,35,2025-03-09,2025-04-09,Pago,fk_invalida:matricula_id
1285,108,2025-07-01,99,2025-05-07,2025-10-07,Pago,fk_invalida:matricula_id
1286,108,2025-08-01,149,2025-04-08,,Vencido,fk_invalida:matricula_id
1287,108,2025-09-01,199,2025-01-09,2025-12-09,Pago,fk_invalida:matricula_id
1288,108,2025-10-01,199,2025-03-10,,Vencido,fk_invalida:matricula_id
1292,108,2026-02-01,149,2026-01-02,2026-02-02,Pago,fk_invalida:matricula_id
1294,108,2026-04-01,99,2026-01-04,2026-09-04,Pago,fk_invalida:matricula_id
1296,108,2026-06-01,35,2026-01-06,2026-09-06,Pago,fk_invalida:matricula_id
1298,109,2025-08-01,199,2025-05-08,2025-07-08,Pago,fk_invalida:matricula_id
1302,109,2025-12-01,109,2025-02-12,2025-01-12,Pago,fk_invalida:matricula_id
1303,109,2026-01-01,699,2026-01-01,2026-06-01,Pago,fk_invalida:matricula_id
1305,109,2026-03-01,109,2026-03-03,,Vencido,fk_invalida:matricula_id
1308,109,2026-06-01,1199,2026-01-06,2026-12-06,Pago,fk_invalida:matricula_id
1309,110,2025-07-01,109,2025-04-07,2025-05-07,Pago,fk_invalida:matricula_id
1315,110,2026-01-01,699,2026-02-01,2026-11-01,Pago,fk_invalida:matricula_id
1325,111,2025-11-01,99,2025-01-11,2025-04-11,Pago,fk_invalida:matricula_id
1327,111,2026-01-01,149,2026-01-01,2026-02-01,Pago,fk_invalida:matricula_id
1333,112,2025-07-01,699,2025-03-07,2025-09-07,Pago,fk_invalida:matricula_id
1336,112,2025-10-01,199,2025-01-10,2025-08-10,Pago,fk_invalida:matricula_id
1337,112,2025-11-01,109,2025-02-11,2025-10-11,Pago,fk_invalida:matricula_id
1342,112,2026-04-01,699,2026-01-04,2026-02-04,Pago,fk_invalida:matricula_id
1348,113,2025-10-01,99,2025-02-10,,Vencido,fk_invalida:matricula_id
1349,113,2025-11-01,1199,2025-03-11,2025-05-11,Pago,fk_invalida:matricula_id
1357,114,2025-07-01,35,2025-03-07,2025-11-07,Pago,fk_invalida:matricula_id
1358,114,2025-08-01,699,2025-02-08,2025-06-08,Pago,fk_invalida:matricula_id
1360,114,2025-10-01,199,2025-02-10,,Vencido,fk_invalida:matricula_id
1365,114,2026-03-01,35,2026-03-03,,Vencido,fk_invalida:matricula_id
1373,115,2025-11-01,35,2025-02-11,2025-09-11,Pago,fk_invalida:matricula_id
1378,115,2026-04-01,35,2026-01-04,2026-01-04,Pago,fk_invalida:matricula_id
1381,116,2025-07-01,99,2025-02-07,2025-08-07,Pago,fk_invalida:matricula_id
1382,116,2025-08-01,99,2025-03-08,2025-11-08,Pago,fk_invalida:matricula_id
1384,116,2025-10-01,1199,2025-01-10,2025-07-10,Pago,fk_invalida:matricula_id
1385,116,2025-11-01,1199,2025-01-11,2025-01-11,Pago,fk_invalida:matricula_id
1388,116,2026-02-01,35,2026-01-02,2026-03-02,Pago,fk_invalida:matricula_id
1390,116,2026-04-01,109,2026-01-04,2026-09-04,Pago,fk_invalida:matricula_id
1393,117,2025-07-01,699,2025-04-07,,Vencido,fk_invalida:matricula_id
1394,117,2025-08-01,99,2025-02-08,2025-02-08,Pago,fk_invalida:matricula_id
1395,117,2025-09-01,99,2025-01-09,,Vencido,fk_invalida:matricula_id
1397,117,2025-11-01,35,2025-02-11,2025-06-11,Pago,fk_invalida:matricula_id
1398,117,2025-12-01,149,2025-03-12,2025-02-12,Pago,fk_invalida:matricula_id
1399,117,2026-01-01,699,2026-02-01,2026-12-01,Pago,fk_invalida:matricula_id
1401,117,2026-03-01,99,2026-01-03,2026-06-03,Pago,fk_invalida:matricula_id
1405,118,2025-07-01,199,2025-02-07,2025-05-07,Pago,fk_invalida:matricula_id
1408,118,2025-10-01,1199,2025-02-10,2025-04-10,Pago,fk_invalida:matricula_id
1417,119,2025-07-01,149,2025-05-07,2025-06-07,Pago,fk_invalida:matricula_id
1419,119,2025-09-01,199,2025-01-09,2025-02-09,Pago,fk_invalida:matricula_id
1424,119,2026-02-01,109,2026-01-02,2026-03-02,Pago,fk_invalida:matricula_id
1425,119,2026-03-01,99,2026-01-03,2026-07-03,Pago,fk_invalida:matricula_id
1431,120,2025-09-01,99,2025-04-09,2025-09-09,Pago,fk_invalida:matricula_id
1432,120,2025-10-01,1199,2025-01-10,2025-08-10,Pago,fk_invalida:matricula_id
1434,120,2025-12-01,109,2025-01-12,2025-07-12,Pago,fk_invalida:matricula_id
1441,121,2025-07-01,35,2025-02-07,2025-10-07,Pago,fk_invalida:matricula_id
1442,121,2025-08-01,199,2025-05-08,2025-08-08,Pago,fk_invalida:matricula_id
1445,121,2025-11-01,199,2025-02-11,2025-11-11,Pago,fk_invalida:matricula_id
1446,121,2025-12-01,399,2025-02-12,2025-05-12,Pago,fk_invalida:matricula_id
1447,121,2026-01-01,99,2026-02-01,2026-12-01,Pago,fk_invalida:matricula_id
1453,122,2025-07-01,99,2025-02-07,2025-07-07,Pago,fk_invalida:matricula_id
1455,122,2025-09-01,1199,2025-01-09,,Vencido,fk_invalida:matricula_id
1460,122,2026-02-01,109,2026-01-02,2026-03-02,Pago,fk_invalida:matricula_id
1462,122,2026-04-01,35,2026-02-04,2026-02-04,Pago,fk_invalida:matricula_id
1463,122,2026-05-01,1199,2026-01-05,2026-04-05,Pago,fk_invalida:matricula_id
1464,122,2026-06-01,699,2026-01-06,2026-02-06,Pago,fk_invalida:matricula_id
1466,123,2025-08-01,35,2025-05-08,2025-10-08,Pago,fk_invalida:matricula_id
1470,123,2025-12-01,699,2025-02-12,,Vencido,fk_invalida:matricula_id
1473,123,2026-03-01,1199,2026-03-03,2026-11-03,Pago,fk_invalida:matricula_id
1477,124,2025-07-01,35,2025-02-07,,Vencido,fk_invalida:matricula_id
1478,124,2025-08-01,399,2025-01-08,2025-06-08,Pago,fk_invalida:matricula_id
1479,124,2025-09-01,699,2025-02-09,2025-11-09,Pago,fk_invalida:matricula_id
1483,124,2026-01-01,199,2026-01-01,2026-03-01,Pago,fk_invalida:matricula_id
1489,125,2025-07-01,399,2025-02-07,2025-03-07,Pago,fk_invalida:matricula_id
1490,125,2025-08-01,699,2025-05-08,2025-12-08,Pago,fk_invalida:matricula_id
1501,126,2025-07-01,149,2025-03-07,2025-01-07,Pago,fk_invalida:matricula_id
1506,126,2025-12-01,99,2025-01-12,,Vencido,fk_invalida:matricula_id
1511,126,2026-05-01,699,2026-02-05,2026-04-05,Pago,fk_invalida:matricula_id
1514,127,2025-08-01,199,2025-01-08,2025-01-08,Pago,fk_invalida:matricula_id
1516,127,2025-10-01,35,2025-03-10,2025-04-10,Pago,fk_invalida:matricula_id
1517,127,2025-11-01,109,2025-03-11,2025-11-11,Pago,fk_invalida:matricula_id
1518,127,2025-12-01,1199,2025-03-12,2025-10-12,Pago,fk_invalida:matricula_id
1525,128,2025-07-01,699,2025-02-07,2025-06-07,Pago,fk_invalida:matricula_id
1528,128,2025-10-01,399,2025-04-10,2025-06-10,Pago,fk_invalida:matricula_id
1529,128,2025-11-01,199,2025-02-11,2025-02-11,Pago,fk_invalida:matricula_id
1537,129,2025-07-01,149,2025-03-07,2025-02-07,Pago,fk_invalida:matricula_id
1538,129,2025-08-01,399,2025-04-08,2025-03-08,Pago,fk_invalida:matricula_id
1541,129,2025-11-01,149,2025-03-11,2025-02-11,Pago,fk_invalida:matricula_id
1545,129,2026-03-01,399,2026-01-03,2026-01-03,Pago,fk_invalida:matricula_id
1549,130,2025-07-01,149,2025-06-07,2025-11-07,Pago,fk_invalida:matricula_id
1551,130,2025-09-01,199,2025-01-09,2025-06-09,Pago,fk_invalida:matricula_id
1557,130,2026-03-01,109,2026-01-03,2026-03-03,Pago,fk_invalida:matricula_id
1561,131,2025-07-01,399,2025-05-07,2025-03-07,Pago,fk_invalida:matricula_id
1562,131,2025-08-01,699,2025-01-08,2025-02-08,Pago,fk_invalida:matricula_id
1564,131,2025-10-01,199,2025-03-10,2025-02-10,Pago,fk_invalida:matricula_id
1565,131,2025-11-01,109,2025-01-11,2025-12-11,Pago,fk_invalida:matricula_id
1566,131,2025-12-01,199,2025-01-12,,Vencido,fk_invalida:matricula_id
1567,131,2026-01-01,149,2026-02-01,2026-05-01,Pago,fk_invalida:matricula_id
1570,131,2026-04-01,1199,2026-02-04,,Vencido,fk_invalida:matricula_id
1573,132,2025-07-01,149,2025-02-07,2025-05-07,Pago,fk_invalida:matricula_id
1575,132,2025-09-01,199,2025-04-09,2025-08-09,Pago,fk_invalida:matricula_id
1576,132,2025-10-01,199,2025-02-10,2025-06-10,Pago,fk_invalida:matricula_id
1581,132,2026-03-01,399,2026-03-03,,Vencido,fk_invalida:matricula_id
1585,133,2025-07-01,399,2025-03-07,,Vencido,fk_invalida:matricula_id
1586,133,2025-08-01,149,2025-05-08,,Vencido,fk_invalida:matricula_id
1589,133,2025-11-01,699,2025-02-11,2025-01-11,Pago,fk_invalida:matricula_id
1591,133,2026-01-01,35,2026-01-01,2026-11-01,Pago,fk_invalida:matricula_id
1594,133,2026-04-01,149,2026-01-04,2026-02-04,Pago,fk_invalida:matricula_id
1598,134,2025-08-01,109,2025-03-08,2025-10-08,Pago,fk_invalida:matricula_id
1600,134,2025-10-01,35,2025-04-10,2025-07-10,Pago,fk_invalida:matricula_id
1602,134,2025-12-01,149,2025-03-12,2025-01-12,Pago,fk_invalida:matricula_id
1605,134,2026-03-01,149,2026-01-03,,Vencido,fk_invalida:matricula_id
1606,134,2026-04-01,109,2026-01-04,2026-01-04,Pago,fk_invalida:matricula_id
1607,134,2026-05-01,35,2026-01-05,2026-03-05,Pago,fk_invalida:matricula_id
1609,135,2025-07-01,149,2025-03-07,,Vencido,fk_invalida:matricula_id
1611,135,2025-09-01,399,2025-01-09,2025-06-09,Pago,fk_invalida:matricula_id
1612,135,2025-10-01,399,2025-02-10,2025-11-10,Pago,fk_invalida:matricula_id
1619,135,2026-05-01,399,2026-01-05,2026-01-05,Pago,fk_invalida:matricula_id
1624,136,2025-10-01,109,2025-03-10,,Vencido,fk_invalida:matricula_id
1625,136,2025-11-01,1199,2025-03-11,2025-08-11,Pago,fk_invalida:matricula_id
1626,136,2025-12-01,149,2025-02-12,2025-10-12,Pago,fk_invalida:matricula_id
1628,136,2026-02-01,1199,2026-01-02,2026-11-02,Pago,fk_invalida:matricula_id
1629,136,2026-03-01,199,2026-01-03,2026-07-03,Pago,fk_invalida:matricula_id
1632,136,2026-06-01,399,2026-01-06,2026-03-06,Pago,fk_invalida:matricula_id
1633,137,2025-07-01,99,2025-04-07,2025-12-07,Pago,fk_invalida:matricula_id
1636,137,2025-10-01,109,2025-03-10,2025-07-10,Pago,fk_invalida:matricula_id
1638,137,2025-12-01,149,2025-03-12,2025-05-12,Pago,fk_invalida:matricula_id
1639,137,2026-01-01,35,2026-01-01,2026-12-01,Pago,fk_invalida:matricula_id
1641,137,2026-03-01,35,2026-02-03,2026-03-03,Pago,fk_invalida:matricula_id
1642,137,2026-04-01,199,2026-01-04,2026-04-04,Pago,fk_invalida:matricula_id
1646,138,2025-08-01,1199,2025-04-08,2025-02-08,Pago,fk_invalida:matricula_id
1654,138,2026-04-01,149,2026-01-04,2026-10-04,Pago,fk_invalida:matricula_id
1655,138,2026-05-01,35,2026-01-05,2026-01-05,Pago,fk_invalida:matricula_id
1657,139,2025-07-01,699,2025-06-07,2025-12-07,Pago,fk_invalida:matricula_id
1669,140,2025-07-01,1199,2025-05-07,2025-08-07,Pago,fk_invalida:matricula_id
1678,140,2026-04-01,699,2026-01-04,2026-05-04,Pago,fk_invalida:matricula_id
1681,141,2025-07-01,199,2025-06-07,2025-06-07,Pago,fk_invalida:matricula_id
1684,141,2025-10-01,109,2025-04-10,2025-01-10,Pago,fk_invalida:matricula_id
1685,141,2025-11-01,99,2025-01-11,2025-01-11,Pago,fk_invalida:matricula_id
1691,141,2026-05-01,699,2026-02-05,2026-10-05,Pago,fk_invalida:matricula_id
1693,142,2025-07-01,1199,2025-05-07,2025-07-07,Pago,fk_invalida:matricula_id
1695,142,2025-09-01,399,2025-04-09,2025-09-09,Pago,fk_invalida:matricula_id
1697,142,2025-11-01,149,2025-01-11,2025-06-11,Pago,fk_invalida:matricula_id
1701,142,2026-03-01,399,2026-03-03,2026-08-03,Pago,fk_invalida:matricula_id
1705,143,2025-07-01,199,2025-02-07,2025-06-07,Pago,fk_invalida:matricula_id
1707,143,2025-09-01,1199,2025-02-09,2025-10-09,Pago,fk_invalida:matricula_id
1709,143,2025-11-01,399,2025-03-11,,Vencido,fk_invalida:matricula_id
1710,143,2025-12-01,109,2025-02-12,2025-04-12,Pago,fk_invalida:matricula_id
1713,143,2026-03-01,199,2026-03-03,2026-12-03,Pago,fk_invalida:matricula_id
1717,144,2025-07-01,399,2025-02-07,2025-04-07,Pago,fk_invalida:matricula_id
1719,144,2025-09-01,399,2025-02-09,2025-01-09,Pago,fk_invalida:matricula_id
1724,144,2026-02-01,99,2026-01-02,2026-04-02,Pago,fk_invalida:matricula_id
1729,145,2025-07-01,399,2025-06-07,2025-10-07,Pago,fk_invalida:matricula_id
1730,145,2025-08-01,699,2025-05-08,2025-02-08,Pago,fk_invalida:matricula_id
1744,146,2025-10-01,699,2025-02-10,2025-10-10,Pago,fk_invalida:matricula_id
1745,146,2025-11-01,35,2025-03-11,2025-01-11,Pago,fk_invalida:matricula_id
1747,146,2026-01-01,399,2026-02-01,2026-11-01,Pago,fk_invalida:matricula_id
1749,146,2026-03-01,149,2026-01-03,2026-05-03,Pago,fk_invalida:matricula_id
1755,147,2025-09-01,149,2025-03-09,2025-06-09,Pago,fk_invalida:matricula_id
1759,147,2026-01-01,199,2026-01-01,2026-10-01,Pago,fk_invalida:matricula_id
1762,147,2026-04-01,35,2026-01-04,2026-02-04,Pago,fk_invalida:matricula_id
1766,148,2025-08-01,399,2025-05-08,2025-09-08,Pago,fk_invalida:matricula_id
1767,148,2025-09-01,109,2025-02-09,2025-02-09,Pago,fk_invalida:matricula_id
1768,148,2025-10-01,99,2025-01-10,2025-04-10,Pago,fk_invalida:matricula_id
1769,148,2025-11-01,35,2025-01-11,2025-03-11,Pago,fk_invalida:matricula_id
1774,148,2026-04-01,199,2026-01-04,2026-12-04,Pago,fk_invalida:matricula_id
1778,149,2025-08-01,35,2025-05-08,2025-02-08,Pago,fk_invalida:matricula_id
1780,149,2025-10-01,149,2025-02-10,2025-07-10,Pago,fk_invalida:matricula_id
1785,149,2026-03-01,99,2026-03-03,2026-01-03,Pago,fk_invalida:matricula_id
1786,149,2026-04-01,399,2026-01-04,2026-06-04,Pago,fk_invalida:matricula_id
1789,150,2025-07-01,199,2025-06-07,2025-09-07,Pago,fk_invalida:matricula_id
1791,150,2025-09-01,399,2025-02-09,2025-11-09,Pago,fk_invalida:matricula_id
1797,150,2026-03-01,109,2026-02-03,2026-10-03,Pago,fk_invalida:matricula_id
1798,150,2026-04-01,99,2026-02-04,2026-11-04,Pago,fk_invalida:matricula_id
1799,150,2026-05-01,699,2026-02-05,2026-04-05,Pago,fk_invalida:matricula_id
1801,151,2025-07-01,149,2025-04-07,2025-09-07,Pago,fk_invalida:matricula_id
1805,151,2025-11-01,99,2025-01-11,2025-12-11,Pago,fk_invalida:matricula_id
1806,151,2025-12-01,35,2025-01-12,2025-02-12,Pago,fk_invalida:matricula_id
1813,152,2025-07-01,109,2025-06-07,2025-06-07,Pago,fk_invalida:matricula_id
1816,152,2025-10-01,199,2025-03-10,2025-03-10,Pago,fk_invalida:matricula_id
1820,152,2026-02-01,1199,2026-01-02,2026-01-02,Pago,fk_invalida:matricula_id
1822,152,2026-04-01,99,2026-02-04,,Vencido,fk_invalida:matricula_id
1825,153,2025-07-01,199,2025-03-07,2025-09-07,Pago,fk_invalida:matricula_id
1826,153,2025-08-01,35,2025-01-08,2025-12-08,Pago,fk_invalida:matricula_id
1830,153,2025-12-01,699,2025-03-12,2025-01-12,Pago,fk_invalida:matricula_id
1833,153,2026-03-01,399,2026-03-03,2026-10-03,Pago,fk_invalida:matricula_id
1836,153,2026-06-01,35,2026-01-06,2026-05-06,Pago,fk_invalida:matricula_id
1838,154,2025-08-01,1199,2025-05-08,2025-05-08,Pago,fk_invalida:matricula_id
1839,154,2025-09-01,99,2025-04-09,2025-06-09,Pago,fk_invalida:matricula_id
1840,154,2025-10-01,109,2025-02-10,2025-06-10,Pago,fk_invalida:matricula_id
1847,154,2026-05-01,399,2026-01-05,2026-01-05,Pago,fk_invalida:matricula_id
1849,155,2025-07-01,109,2025-03-07,2025-12-07,Pago,fk_invalida:matricula_id
1860,155,2026-06-01,699,2026-01-06,2026-06-06,Pago,fk_invalida:matricula_id
1864,156,2025-10-01,399,2025-04-10,2025-01-10,Pago,fk_invalida:matricula_id
1868,156,2026-02-01,399,2026-01-02,2026-10-02,Pago,fk_invalida:matricula_id
1870,156,2026-04-01,35,2026-02-04,2026-02-04,Pago,fk_invalida:matricula_id
1871,156,2026-05-01,149,2026-02-05,2026-04-05,Pago,fk_invalida:matricula_id
1873,157,2025-07-01,699,2025-01-07,2025-03-07,Pago,fk_invalida:matricula_id
1874,157,2025-08-01,99,2025-03-08,2025-03-08,Pago,fk_invalida:matricula_id
1877,157,2025-11-01,699,2025-02-11,2025-12-11,Pago,fk_invalida:matricula_id
1878,157,2025-12-01,699,2025-01-12,2025-12-12,Pago,fk_invalida:matricula_id
1882,157,2026-04-01,199,2026-01-04,,Vencido,fk_invalida:matricula_id
1884,157,2026-06-01,109,2026-01-06,2026-07-06,Pago,fk_invalida:matricula_id
1886,158,2025-08-01,699,2025-05-08,2025-08-08,Pago,fk_invalida:matricula_id
1887,158,2025-09-01,699,2025-02-09,,Vencido,fk_invalida:matricula_id
1889,158,2025-11-01,399,2025-01-11,2025-09-11,Pago,fk_invalida:matricula_id
1897,159,2025-07-01,399,2025-03-07,2025-05-07,Pago,fk_invalida:matricula_id
1899,159,2025-09-01,199,2025-04-09,2025-04-09,Pago,fk_invalida:matricula_id
1902,159,2025-12-01,699,2025-02-12,2025-08-12,Pago,fk_invalida:matricula_id
1909,160,2025-07-01,35,2025-04-07,2025-05-07,Pago,fk_invalida:matricula_id
1910,160,2025-08-01,1199,2025-04-08,,Vencido,fk_invalida:matricula_id
1911,160,2025-09-01,399,2025-03-09,2025-12-09,Pago,fk_invalida:matricula_id
1918,160,2026-04-01,399,2026-02-04,2026-09-04,Pago,fk_invalida:matricula_id
1922,161,2025-08-01,99,2025-01-08,2025-07-08,Pago,fk_invalida:matricula_id
1933,162,2025-07-01,699,2025-06-07,2025-03-07,Pago,fk_invalida:matricula_id
1934,162,2025-08-01,99,2025-01-08,2025-03-08,Pago,fk_invalida:matricula_id
1936,162,2025-10-01,109,2025-01-10,2025-08-10,Pago,fk_invalida:matricula_id
1937,162,2025-11-01,1199,2025-01-11,2025-09-11,Pago,fk_invalida:matricula_id
1941,162,2026-03-01,35,2026-03-03,2026-05-03,Pago,fk_invalida:matricula_id
1942,162,2026-04-01,199,2026-01-04,2026-03-04,Pago,fk_invalida:matricula_id
1945,163,2025-07-01,699,2025-01-07,2025-02-07,Pago,fk_invalida:matricula_id
1948,163,2025-10-01,399,2025-01-10,2025-10-10,Pago,fk_invalida:matricula_id
1949,163,2025-11-01,109,2025-01-11,2025-12-11,Pago,fk_invalida:matricula_id
1955,163,2026-05-01,109,2026-02-05,2026-09-05,Pago,fk_invalida:matricula_id
1957,164,2025-07-01,35,2025-03-07,,Vencido,fk_invalida:matricula_id
1958,164,2025-08-01,699,2025-01-08,2025-06-08,Pago,fk_invalida:matricula_id
1961,164,2025-11-01,699,2025-03-11,2025-06-11,Pago,fk_invalida:matricula_id
1962,164,2025-12-01,149,2025-03-12,2025-12-12,Pago,fk_invalida:matricula_id
1969,165,2025-07-01,99,2025-01-07,2025-11-07,Pago,fk_invalida:matricula_id
1970,165,2025-08-01,35,2025-05-08,2025-02-08,Pago,fk_invalida:matricula_id
1972,165,2025-10-01,35,2025-01-10,2025-01-10,Pago,fk_invalida:matricula_id
1973,165,2025-11-01,1199,2025-03-11,2025-04-11,Pago,fk_invalida:matricula_id
1975,165,2026-01-01,399,2026-02-01,2026-02-01,Pago,fk_invalida:matricula_id
1980,165,2026-06-01,199,2026-01-06,2026-01-06,Pago,fk_invalida:matricula_id
1981,166,2025-07-01,35,2025-05-07,2025-04-07,Pago,fk_invalida:matricula_id
1983,166,2025-09-01,1199,2025-04-09,2025-11-09,Pago,fk_invalida:matricula_id
1990,166,2026-04-01,699,2026-02-04,2026-09-04,Pago,fk_invalida:matricula_id
1991,166,2026-05-01,35,2026-01-05,2026-12-05,Pago,fk_invalida:matricula_id
1993,167,2025-07-01,699,2025-03-07,2025-08-07,Pago,fk_invalida:matricula_id
1994,167,2025-08-01,199,2025-02-08,2025-10-08,Pago,fk_invalida:matricula_id
1995,167,2025-09-01,109,2025-03-09,2025-12-09,Pago,fk_invalida:matricula_id
1996,167,2025-10-01,699,2025-01-10,,Vencido,fk_invalida:matricula_id
1998,167,2025-12-01,35,2025-02-12,2025-04-12,Pago,fk_invalida:matricula_id
1999,167,2026-01-01,399,2026-01-01,2026-07-01,Pago,fk_invalida:matricula_id
2002,167,2026-04-01,399,2026-01-04,2026-10-04,Pago,fk_invalida:matricula_id
2005,168,2025-07-01,99,2025-02-07,2025-11-07,Pago,fk_invalida:matricula_id
2006,168,2025-08-01,109,2025-04-08,2025-10-08,Pago,fk_invalida:matricula_id
2007,168,2025-09-01,35,2025-03-09,,Vencido,fk_invalida:matricula_id
2008,168,2025-10-01,99,2025-02-10,2025-09-10,Pago,fk_invalida:matricula_id
2013,168,2026-03-01,35,2026-02-03,2026-07-03,Pago,fk_invalida:matricula_id
2014,168,2026-04-01,699,2026-02-04,2026-03-04,Pago,fk_invalida:matricula_id
2018,169,2025-08-01,149,2025-01-08,,Vencido,fk_invalida:matricula_id
2019,169,2025-09-01,699,2025-04-09,2025-01-09,Pago,fk_invalida:matricula_id
2031,170,2025-09-01,35,2025-04-09,2025-10-09,Pago,fk_invalida:matricula_id
2034,170,2025-12-01,99,2025-01-12,2025-12-12,Pago,fk_invalida:matricula_id
2035,170,2026-01-01,149,2026-01-01,2026-07-01,Pago,fk_invalida:matricula_id
2042,171,2025-08-01,199,2025-03-08,2025-04-08,Pago,fk_invalida:matricula_id
2044,171,2025-10-01,109,2025-01-10,2025-10-10,Pago,fk_invalida:matricula_id
2048,171,2026-02-01,1199,2026-01-02,2026-06-02,Pago,fk_invalida:matricula_id
2051,171,2026-05-01,109,2026-01-05,,Vencido,fk_invalida:matricula_id
2053,172,2025-07-01,149,2025-01-07,2025-12-07,Pago,fk_invalida:matricula_id
2057,172,2025-11-01,399,2025-01-11,2025-05-11,Pago,fk_invalida:matricula_id
2058,172,2025-12-01,35,2025-03-12,2025-09-12,Pago,fk_invalida:matricula_id
2060,172,2026-02-01,199,2026-01-02,2026-03-02,Pago,fk_invalida:matricula_id
2063,172,2026-05-01,699,2026-02-05,2026-04-05,Pago,fk_invalida:matricula_id
2065,173,2025-07-01,35,2025-05-07,2025-11-07,Pago,fk_invalida:matricula_id
2066,173,2025-08-01,699,2025-05-08,2025-02-08,Pago,fk_invalida:matricula_id
2071,173,2026-01-01,35,2026-01-01,2026-03-01,Pago,fk_invalida:matricula_id
2075,173,2026-05-01,35,2026-01-05,,Vencido,fk_invalida:matricula_id
2078,174,2025-08-01,149,2025-01-08,,Vencido,fk_invalida:matricula_id
2079,174,2025-09-01,399,2025-01-09,2025-02-09,Pago,fk_invalida:matricula_id
2083,174,2026-01-01,99,2026-02-01,2026-03-01,Pago,fk_invalida:matricula_id
2084,174,2026-02-01,35,2026-01-02,2026-06-02,Pago,fk_invalida:matricula_id
2089,175,2025-07-01,199,2025-03-07,,Vencido,fk_invalida:matricula_id
2090,175,2025-08-01,399,2025-02-08,,Vencido,fk_invalida:matricula_id
2092,175,2025-10-01,109,2025-03-10,2025-06-10,Pago,fk_invalida:matricula_id
2093,175,2025-11-01,699,2025-03-11,,Vencido,fk_invalida:matricula_id
2094,175,2025-12-01,199,2025-03-12,2025-11-12,Pago,fk_invalida:matricula_id
2097,175,2026-03-01,109,2026-02-03,2026-12-03,Pago,fk_invalida:matricula_id
2103,176,2025-09-01,99,2025-02-09,2025-02-09,Pago,fk_invalida:matricula_id
2107,176,2026-01-01,399,2026-02-01,2026-11-01,Pago,fk_invalida:matricula_id
2113,177,2025-07-01,699,2025-03-07,2025-01-07,Pago,fk_invalida:matricula_id
2117,177,2025-11-01,99,2025-01-11,,Vencido,fk_invalida:matricula_id
2126,178,2025-08-01,35,2025-04-08,2025-07-08,Pago,fk_invalida:matricula_id
2127,178,2025-09-01,109,2025-03-09,2025-04-09,Pago,fk_invalida:matricula_id
2129,178,2025-11-01,149,2025-01-11,2025-12-11,Pago,fk_invalida:matricula_id
2138,179,2025-08-01,699,2025-02-08,2025-03-08,Pago,fk_invalida:matricula_id
2139,179,2025-09-01,399,2025-04-09,2025-01-09,Pago,fk_invalida:matricula_id
2140,179,2025-10-01,149,2025-02-10,2025-09-10,Pago,fk_invalida:matricula_id
2142,179,2025-12-01,399,2025-01-12,2025-04-12,Pago,fk_invalida:matricula_id
2143,179,2026-01-01,99,2026-02-01,2026-12-01,Pago,fk_invalida:matricula_id
2146,179,2026-04-01,99,2026-02-04,2026-04-04,Pago,fk_invalida:matricula_id
2154,180,2025-12-01,699,2025-02-12,2025-11-12,Pago,fk_invalida:matricula_id
2162,181,2025-08-01,35,2025-05-08,2025-06-08,Pago,fk_invalida:matricula_id
2170,181,2026-04-01,699,2026-02-04,2026-08-04,Pago,fk_invalida:matricula_id
2173,182,2025-07-01,199,2025-01-07,2025-05-07,Pago,fk_invalida:matricula_id
2174,182,2025-08-01,35,2025-01-08,,Vencido,fk_invalida:matricula_id
2175,182,2025-09-01,99,2025-02-09,2025-09-09,Pago,fk_invalida:matricula_id
2180,182,2026-02-01,35,2026-01-02,2026-09-02,Pago,fk_invalida:matricula_id
2182,182,2026-04-01,399,2026-02-04,2026-11-04,Pago,fk_invalida:matricula_id
2188,183,2025-10-01,199,2025-04-10,,Vencido,fk_invalida:matricula_id
2197,184,2025-07-01,399,2025-05-07,2025-04-07,Pago,fk_invalida:matricula_id
2198,184,2025-08-01,99,2025-01-08,2025-12-08,Pago,fk_invalida:matricula_id
2211,185,2025-09-01,149,2025-02-09,2025-10-09,Pago,fk_invalida:matricula_id
2221,186,2025-07-01,199,2025-03-07,2025-02-07,Pago,fk_invalida:matricula_id
2222,186,2025-08-01,199,2025-03-08,2025-06-08,Pago,fk_invalida:matricula_id
2223,186,2025-09-01,399,2025-03-09,2025-06-09,Pago,fk_invalida:matricula_id
2224,186,2025-10-01,699,2025-01-10,,Vencido,fk_invalida:matricula_id
2225,186,2025-11-01,399,2025-03-11,2025-06-11,Pago,fk_invalida:matricula_id
2227,186,2026-01-01,109,2026-01-01,,Vencido,fk_invalida:matricula_id
2233,187,2025-07-01,399,2025-01-07,,Vencido,fk_invalida:matricula_id
2234,187,2025-08-01,1199,2025-01-08,2025-04-08,Pago,fk_invalida:matricula_id
2236,187,2025-10-01,199,2025-02-10,2025-09-10,Pago,fk_invalida:matricula_id
2247,188,2025-09-01,1199,2025-03-09,2025-11-09,Pago,fk_invalida:matricula_id
2248,188,2025-10-01,149,2025-04-10,2025-06-10,Pago,fk_invalida:matricula_id
2253,188,2026-03-01,99,2026-03-03,2026-10-03,Pago,fk_invalida:matricula_id
2255,188,2026-05-01,1199,2026-01-05,2026-01-05,Pago,fk_invalida:matricula_id
2257,189,2025-07-01,699,2025-03-07,2025-01-07,Pago,fk_invalida:matricula_id
2259,189,2025-09-01,35,2025-02-09,2025-11-09,Pago,fk_invalida:matricula_id
2260,189,2025-10-01,399,2025-02-10,2025-02-10,Pago,fk_invalida:matricula_id
2265,189,2026-03-01,109,2026-01-03,2026-08-03,Pago,fk_invalida:matricula_id
2271,190,2025-09-01,1199,2025-01-09,2025-04-09,Pago,fk_invalida:matricula_id
2272,190,2025-10-01,199,2025-02-10,2025-11-10,Pago,fk_invalida:matricula_id
2273,190,2025-11-01,1199,2025-01-11,2025-11-11,Pago,fk_invalida:matricula_id
2274,190,2025-12-01,149,2025-03-12,2025-08-12,Pago,fk_invalida:matricula_id
2277,190,2026-03-01,109,2026-02-03,2026-06-03,Pago,fk_invalida:matricula_id
2281,191,2025-07-01,109,2025-03-07,2025-09-07,Pago,fk_invalida:matricula_id
2282,191,2025-08-01,109,2025-04-08,2025-10-08,Pago,fk_invalida:matricula_id
2283,191,2025-09-01,199,2025-02-09,2025-11-09,Pago,fk_invalida:matricula_id
2286,191,2025-12-01,699,2025-03-12,,Vencido,fk_invalida:matricula_id
2289,191,2026-03-01,35,2026-03-03,2026-03-03,Pago,fk_invalida:matricula_id
2293,192,2025-07-01,699,2025-02-07,,Vencido,fk_invalida:matricula_id
2295,192,2025-09-01,149,2025-02-09,2025-04-09,Pago,fk_invalida:matricula_id
2297,192,2025-11-01,109,2025-02-11,2025-06-11,Pago,fk_invalida:matricula_id
2301,192,2026-03-01,99,2026-02-03,2026-11-03,Pago,fk_invalida:matricula_id
2304,192,2026-06-01,399,2026-01-06,,Vencido,fk_invalida:matricula_id
2305,193,2025-07-01,1199,2025-06-07,2025-05-07,Pago,fk_invalida:matricula_id
2307,193,2025-09-01,399,2025-02-09,2025-12-09,Pago,fk_invalida:matricula_id
2313,193,2026-03-01,109,2026-03-03,2026-10-03,Pago,fk_invalida:matricula_id
2320,194,2025-10-01,199,2025-04-10,2025-11-10,Pago,fk_invalida:matricula_id
2323,194,2026-01-01,99,2026-01-01,2026-05-01,Pago,fk_invalida:matricula_id
2324,194,2026-02-01,399,2026-01-02,2026-04-02,Pago,fk_invalida:matricula_id
2329,195,2025-07-01,699,2025-02-07,2025-04-07,Pago,fk_invalida:matricula_id
2330,195,2025-08-01,149,2025-04-08,2025-01-08,Pago,fk_invalida:matricula_id
2331,195,2025-09-01,149,2025-03-09,,Vencido,fk_invalida:matricula_id
2334,195,2025-12-01,109,2025-03-12,2025-01-12,Pago,fk_invalida:matricula_id
2339,195,2026-05-01,1199,2026-02-05,2026-05-05,Pago,fk_invalida:matricula_id
2341,196,2025-07-01,35,2025-05-07,,Vencido,fk_invalida:matricula_id
2342,196,2025-08-01,399,2025-02-08,2025-05-08,Pago,fk_invalida:matricula_id
2344,196,2025-10-01,149,2025-03-10,2025-03-10,Pago,fk_invalida:matricula_id
2345,196,2025-11-01,399,2025-01-11,2025-08-11,Pago,fk_invalida:matricula_id
2347,196,2026-01-01,399,2026-01-01,2026-11-01,Pago,fk_invalida:matricula_id
2349,196,2026-03-01,1199,2026-01-03,2026-10-03,Pago,fk_invalida:matricula_id
2352,196,2026-06-01,1199,2026-01-06,2026-01-06,Pago,fk_invalida:matricula_id
2355,197,2025-09-01,699,2025-04-09,2025-11-09,Pago,fk_invalida:matricula_id
2361,197,2026-03-01,35,2026-02-03,2026-01-03,Pago,fk_invalida:matricula_id
2363,197,2026-05-01,99,2026-02-05,2026-07-05,Pago,fk_invalida:matricula_id
2367,198,2025-09-01,109,2025-04-09,2025-01-09,Pago,fk_invalida:matricula_id
2368,198,2025-10-01,199,2025-04-10,,Vencido,fk_invalida:matricula_id
2370,198,2025-12-01,149,2025-03-12,,Vencido,fk_invalida:matricula_id
2377,199,2025-07-01,109,2025-03-07,2025-04-07,Pago,fk_invalida:matricula_id
2380,199,2025-10-01,99,2025-02-10,,Vencido,fk_invalida:matricula_id
2383,199,2026-01-01,199,2026-02-01,2026-08-01,Pago,fk_invalida:matricula_id
2387,199,2026-05-01,99,2026-02-05,2026-05-05,Pago,fk_invalida:matricula_id
2389,200,2025-07-01,699,2025-05-07,,Vencido,fk_invalida:matricula_id
2390,200,2025-08-01,1199,2025-04-08,2025-07-08,Pago,fk_invalida:matricula_id
2391,200,2025-09-01,99,2025-04-09,2025-01-09,Pago,fk_invalida:matricula_id
2394,200,2025-12-01,109,2025-01-12,2025-09-12,Pago,fk_invalida:matricula_id
2397,200,2026-03-01,199,2026-01-03,2026-02-03,Pago,fk_invalida:matricula_id
2402,201,2025-08-01,109,2025-03-08,2025-12-08,Pago,fk_invalida:matricula_id
2403,201,2025-09-01,109,2025-03-09,2025-08-09,Pago,fk_invalida:matricula_id
2405,201,2025-11-01,699,2025-03-11,2025-09-11,Pago,fk_invalida:matricula_id
2406,201,2025-12-01,699,2025-01-12,2025-04-12,Pago,fk_invalida:matricula_id
2407,201,2026-01-01,99,2026-02-01,2026-05-01,Pago,fk_invalida:matricula_id
2413,202,2025-07-01,699,2025-02-07,2025-02-07,Pago,fk_invalida:matricula_id
2415,202,2025-09-01,1199,2025-01-09,2025-11-09,Pago,fk_invalida:matricula_id
2416,202,2025-10-01,109,2025-03-10,2025-08-10,Pago,fk_invalida:matricula_id
2419,202,2026-01-01,109,2026-02-01,2026-09-01,Pago,fk_invalida:matricula_id
2421,202,2026-03-01,149,2026-01-03,2026-01-03,Pago,fk_invalida:matricula_id
2427,203,2025-09-01,399,2025-04-09,2025-02-09,Pago,fk_invalida:matricula_id
2429,203,2025-11-01,35,2025-01-11,2025-02-11,Pago,fk_invalida:matricula_id
2430,203,2025-12-01,699,2025-02-12,2025-05-12,Pago,fk_invalida:matricula_id
2434,203,2026-04-01,35,2026-02-04,,Vencido,fk_invalida:matricula_id
2438,204,2025-08-01,99,2025-04-08,2025-07-08,Pago,fk_invalida:matricula_id
2441,204,2025-11-01,149,2025-02-11,2025-04-11,Pago,fk_invalida:matricula_id
2446,204,2026-04-01,99,2026-01-04,2026-06-04,Pago,fk_invalida:matricula_id
2449,205,2025-07-01,99,2025-02-07,2025-04-07,Pago,fk_invalida:matricula_id
2450,205,2025-08-01,149,2025-05-08,,Vencido,fk_invalida:matricula_id
2456,205,2026-02-01,149,2026-01-02,2026-09-02,Pago,fk_invalida:matricula_id
2459,205,2026-05-01,199,2026-01-05,2026-09-05,Pago,fk_invalida:matricula_id
2461,206,2025-07-01,399,2025-04-07,2025-12-07,Pago,fk_invalida:matricula_id
2462,206,2025-08-01,99,2025-03-08,2025-03-08,Pago,fk_invalida:matricula_id
2464,206,2025-10-01,99,2025-04-10,2025-01-10,Pago,fk_invalida:matricula_id
2469,206,2026-03-01,199,2026-01-03,2026-10-03,Pago,fk_invalida:matricula_id
2473,207,2025-07-01,109,2025-04-07,2025-03-07,Pago,fk_invalida:matricula_id
2474,207,2025-08-01,109,2025-01-08,2025-10-08,Pago,fk_invalida:matricula_id
2480,207,2026-02-01,699,2026-01-02,,Vencido,fk_invalida:matricula_id
2485,208,2025-07-01,35,2025-03-07,2025-04-07,Pago,fk_invalida:matricula_id
2488,208,2025-10-01,699,2025-01-10,2025-02-10,Pago,fk_invalida:matricula_id
2490,208,2025-12-01,1199,2025-02-12,,Vencido,fk_invalida:matricula_id
2496,208,2026-06-01,399,2026-01-06,2026-11-06,Pago,fk_invalida:matricula_id
2497,209,2025-07-01,109,2025-05-07,2025-03-07,Pago,fk_invalida:matricula_id
2498,209,2025-08-01,699,2025-02-08,2025-10-08,Pago,fk_invalida:matricula_id
2499,209,2025-09-01,99,2025-03-09,2025-03-09,Pago,fk_invalida:matricula_id
2500,209,2025-10-01,109,2025-02-10,2025-07-10,Pago,fk_invalida:matricula_id
2507,209,2026-05-01,109,2026-02-05,2026-08-05,Pago,fk_invalida:matricula_id
2511,210,2025-09-01,35,2025-02-09,2025-10-09,Pago,fk_invalida:matricula_id
2514,210,2025-12-01,35,2025-02-12,2025-10-12,Pago,fk_invalida:matricula_id
2517,210,2026-03-01,699,2026-03-03,,Vencido,fk_invalida:matricula_id
2526,211,2025-12-01,1199,2025-02-12,2025-07-12,Pago,fk_invalida:matricula_id
2533,212,2025-07-01,35,2025-05-07,2025-08-07,Pago,fk_invalida:matricula_id
2535,212,2025-09-01,699,2025-04-09,2025-08-09,Pago,fk_invalida:matricula_id
2542,212,2026-04-01,149,2026-02-04,,Vencido,fk_invalida:matricula_id
2545,213,2025-07-01,35,2025-02-07,2025-04-07,Pago,fk_invalida:matricula_id
2550,213,2025-12-01,149,2025-03-12,2025-02-12,Pago,fk_invalida:matricula_id
2553,213,2026-03-01,399,2026-01-03,2026-07-03,Pago,fk_invalida:matricula_id
2556,213,2026-06-01,109,2026-01-06,2026-12-06,Pago,fk_invalida:matricula_id
2557,214,2025-07-01,35,2025-06-07,2025-12-07,Pago,fk_invalida:matricula_id
2558,214,2025-08-01,99,2025-04-08,2025-05-08,Pago,fk_invalida:matricula_id
2560,214,2025-10-01,699,2025-02-10,2025-10-10,Pago,fk_invalida:matricula_id
2561,214,2025-11-01,35,2025-02-11,2025-07-11,Pago,fk_invalida:matricula_id
2562,214,2025-12-01,399,2025-02-12,,Vencido,fk_invalida:matricula_id
2569,215,2025-07-01,1199,2025-01-07,2025-06-07,Pago,fk_invalida:matricula_id
2570,215,2025-08-01,399,2025-03-08,2025-12-08,Pago,fk_invalida:matricula_id
2571,215,2025-09-01,149,2025-04-09,2025-01-09,Pago,fk_invalida:matricula_id
2578,215,2026-04-01,399,2026-02-04,2026-03-04,Pago,fk_invalida:matricula_id
2583,216,2025-09-01,109,2025-02-09,2025-08-09,Pago,fk_invalida:matricula_id
2586,216,2025-12-01,149,2025-01-12,2025-01-12,Pago,fk_invalida:matricula_id
2595,217,2025-09-01,699,2025-03-09,2025-05-09,Pago,fk_invalida:matricula_id
2596,217,2025-10-01,99,2025-02-10,,Vencido,fk_invalida:matricula_id
2599,217,2026-01-01,149,2026-01-01,2026-05-01,Pago,fk_invalida:matricula_id
2602,217,2026-04-01,149,2026-02-04,2026-05-04,Pago,fk_invalida:matricula_id
2605,218,2025-07-01,399,2025-02-07,2025-09-07,Pago,fk_invalida:matricula_id
2615,218,2026-05-01,1199,2026-01-05,2026-02-05,Pago,fk_invalida:matricula_id
2617,219,2025-07-01,399,2025-02-07,2025-09-07,Pago,fk_invalida:matricula_id
2623,219,2026-01-01,699,2026-01-01,2026-09-01,Pago,fk_invalida:matricula_id
2625,219,2026-03-01,399,2026-02-03,,Vencido,fk_invalida:matricula_id
2637,220,2026-03-01,35,2026-03-03,,Vencido,fk_invalida:matricula_id
2642,221,2025-08-01,399,2025-04-08,2025-08-08,Pago,fk_invalida:matricula_id
2647,221,2026-01-01,399,2026-02-01,2026-06-01,Pago,fk_invalida:matricula_id
2651,221,2026-05-01,35,2026-02-05,2026-06-05,Pago,fk_invalida:matricula_id
2654,222,2025-08-01,35,2025-03-08,2025-05-08,Pago,fk_invalida:matricula_id
2656,222,2025-10-01,99,2025-02-10,,Vencido,fk_invalida:matricula_id
2665,223,2025-07-01,109,2025-04-07,2025-07-07,Pago,fk_invalida:matricula_id
2666,223,2025-08-01,699,2025-02-08,,Vencido,fk_invalida:matricula_id
2667,223,2025-09-01,399,2025-04-09,2025-08-09,Pago,fk_invalida:matricula_id
2668,223,2025-10-01,149,2025-03-10,2025-11-10,Pago,fk_invalida:matricula_id
2671,223,2026-01-01,1199,2026-01-01,2026-09-01,Pago,fk_invalida:matricula_id
2678,224,2025-08-01,399,2025-01-08,2025-05-08,Pago,fk_invalida:matricula_id
2679,224,2025-09-01,99,2025-01-09,2025-12-09,Pago,fk_invalida:matricula_id
2689,225,2025-07-01,199,2025-01-07,2025-10-07,Pago,fk_invalida:matricula_id
2692,225,2025-10-01,149,2025-03-10,2025-05-10,Pago,fk_invalida:matricula_id
2693,225,2025-11-01,149,2025-01-11,2025-08-11,Pago,fk_invalida:matricula_id
2702,226,2025-08-01,699,2025-04-08,2025-11-08,Pago,fk_invalida:matricula_id
2703,226,2025-09-01,699,2025-03-09,2025-02-09,Pago,fk_invalida:matricula_id
2705,226,2025-11-01,199,2025-01-11,2025-01-11,Pago,fk_invalida:matricula_id
2713,227,2025-07-01,399,2025-02-07,2025-08-07,Pago,fk_invalida:matricula_id
2714,227,2025-08-01,1199,2025-05-08,,Vencido,fk_invalida:matricula_id
2715,227,2025-09-01,699,2025-02-09,2025-01-09,Pago,fk_invalida:matricula_id
2721,227,2026-03-01,149,2026-02-03,2026-08-03,Pago,fk_invalida:matricula_id
2722,227,2026-04-01,99,2026-01-04,2026-06-04,Pago,fk_invalida:matricula_id
2725,228,2025-07-01,35,2025-04-07,2025-07-07,Pago,fk_invalida:matricula_id
2730,228,2025-12-01,109,2025-01-12,,Vencido,fk_invalida:matricula_id
2731,228,2026-01-01,1199,2026-01-01,,Vencido,fk_invalida:matricula_id
2737,229,2025-07-01,99,2025-06-07,,Vencido,fk_invalida:matricula_id
2739,229,2025-09-01,699,2025-01-09,2025-02-09,Pago,fk_invalida:matricula_id
2740,229,2025-10-01,109,2025-02-10,2025-09-10,Pago,fk_invalida:matricula_id
2743,229,2026-01-01,35,2026-02-01,2026-01-01,Pago,fk_invalida:matricula_id
2746,229,2026-04-01,399,2026-02-04,,Vencido,fk_invalida:matricula_id
2749,230,2025-07-01,1199,2025-02-07,2025-06-07,Pago,fk_invalida:matricula_id
2754,230,2025-12-01,99,2025-01-12,2025-09-12,Pago,fk_invalida:matricula_id
2762,231,2025-08-01,99,2025-02-08,2025-08-08,Pago,fk_invalida:matricula_id
2765,231,2025-11-01,399,2025-03-11,,Vencido,fk_invalida:matricula_id
2766,231,2025-12-01,399,2025-01-12,2025-10-12,Pago,fk_invalida:matricula_id
2773,232,2025-07-01,399,2025-02-07,2025-04-07,Pago,fk_invalida:matricula_id
2778,232,2025-12-01,109,2025-02-12,2025-02-12,Pago,fk_invalida:matricula_id
2782,232,2026-04-01,699,2026-01-04,2026-06-04,Pago,fk_invalida:matricula_id
2785,233,2025-07-01,149,2025-04-07,2025-12-07,Pago,fk_invalida:matricula_id
2791,233,2026-01-01,399,2026-01-01,2026-03-01,Pago,fk_invalida:matricula_id
2799,234,2025-09-01,99,2025-01-09,2025-07-09,Pago,fk_invalida:matricula_id
2800,234,2025-10-01,109,2025-04-10,2025-01-10,Pago,fk_invalida:matricula_id
2803,234,2026-01-01,149,2026-02-01,2026-10-01,Pago,fk_invalida:matricula_id
2805,234,2026-03-01,199,2026-02-03,,Vencido,fk_invalida:matricula_id
2807,234,2026-05-01,109,2026-01-05,2026-10-05,Pago,fk_invalida:matricula_id
2813,235,2025-11-01,35,2025-03-11,,Vencido,fk_invalida:matricula_id
2829,236,2026-03-01,99,2026-03-03,,Vencido,fk_invalida:matricula_id
2859,239,2025-09-01,109,2025-03-09,,Vencido,fk_invalida:matricula_id
2860,239,2025-10-01,199,2025-04-10,,Vencido,fk_invalida:matricula_id
2865,239,2026-03-01,1199,2026-03-03,2026-11-03,Pago,fk_invalida:matricula_id
2869,240,2025-07-01,399,2025-03-07,2025-02-07,Pago,fk_invalida:matricula_id
2872,240,2025-10-01,199,2025-04-10,2025-08-10,Pago,fk_invalida:matricula_id
2881,241,2025-07-01,35,2025-05-07,2025-04-07,Pago,fk_invalida:matricula_id
2882,241,2025-08-01,199,2025-04-08,2025-09-08,Pago,fk_invalida:matricula_id
2883,241,2025-09-01,109,2025-03-09,,Vencido,fk_invalida:matricula_id
2884,241,2025-10-01,149,2025-03-10,2025-05-10,Pago,fk_invalida:matricula_id
2885,241,2025-11-01,109,2025-02-11,,Vencido,fk_invalida:matricula_id
2886,241,2025-12-01,399,2025-03-12,,Vencido,fk_invalida:matricula_id
2894,242,2025-08-01,149,2025-03-08,2025-02-08,Pago,fk_invalida:matricula_id
2899,242,2026-01-01,1199,2026-02-01,2026-11-01,Pago,fk_invalida:matricula_id
2902,242,2026-04-01,35,2026-01-04,,Vencido,fk_invalida:matricula_id
2904,242,2026-06-01,399,2026-01-06,2026-07-06,Pago,fk_invalida:matricula_id
2905,243,2025-07-01,699,2025-03-07,2025-01-07,Pago,fk_invalida:matricula_id
2912,243,2026-02-01,199,2026-01-02,,Vencido,fk_invalida:matricula_id
2918,244,2025-08-01,109,2025-05-08,,Vencido,fk_invalida:matricula_id
2919,244,2025-09-01,699,2025-01-09,2025-08-09,Pago,fk_invalida:matricula_id
2921,244,2025-11-01,109,2025-03-11,2025-12-11,Pago,fk_invalida:matricula_id
2928,244,2026-06-01,149,2026-01-06,2026-09-06,Pago,fk_invalida:matricula_id
2929,245,2025-07-01,99,2025-01-07,2025-05-07,Pago,fk_invalida:matricula_id
2930,245,2025-08-01,99,2025-05-08,,Vencido,fk_invalida:matricula_id
2937,245,2026-03-01,35,2026-03-03,2026-09-03,Pago,fk_invalida:matricula_id
2939,245,2026-05-01,1199,2026-01-05,2026-12-05,Pago,fk_invalida:matricula_id
2942,246,2025-08-01,199,2025-01-08,2025-11-08,Pago,fk_invalida:matricula_id
2943,246,2025-09-01,1199,2025-03-09,2025-10-09,Pago,fk_invalida:matricula_id
2944,246,2025-10-01,199,2025-02-10,,Vencido,fk_invalida:matricula_id
2947,246,2026-01-01,35,2026-01-01,2026-02-01,Pago,fk_invalida:matricula_id
2949,246,2026-03-01,199,2026-02-03,,Vencido,fk_invalida:matricula_id
2965,248,2025-07-01,699,2025-01-07,2025-09-07,Pago,fk_invalida:matricula_id
2967,248,2025-09-01,99,2025-04-09,2025-04-09,Pago,fk_invalida:matricula_id
2970,248,2025-12-01,149,2025-02-12,2025-10-12,Pago,fk_invalida:matricula_id
2971,248,2026-01-01,199,2026-02-01,,Vencido,fk_invalida:matricula_id
2972,248,2026-02-01,109,2026-01-02,2026-01-02,Pago,fk_invalida:matricula_id
2973,248,2026-03-01,109,2026-03-03,,Vencido,fk_invalida:matricula_id
2977,249,2025-07-01,699,2025-04-07,2025-12-07,Pago,fk_invalida:matricula_id
2978,249,2025-08-01,1199,2025-05-08,2025-10-08,Pago,fk_invalida:matricula_id
2985,249,2026-03-01,149,2026-02-03,2026-03-03,Pago,fk_invalida:matricula_id
2989,250,2025-07-01,699,2025-04-07,2025-03-07,Pago,fk_invalida:matricula_id
2990,250,2025-08-01,99,2025-04-08,2025-10-08,Pago,fk_invalida:matricula_id
2991,250,2025-09-01,149,2025-01-09,2025-01-09,Pago,fk_invalida:matricula_id
2994,250,2025-12-01,35,2025-02-12,2025-05-12,Pago,fk_invalida:matricula_id
3004,251,2025-10-01,35,2025-03-10,2025-05-10,Pago,fk_invalida:matricula_id
3008,251,2026-02-01,149,2026-01-02,2026-05-02,Pago,fk_invalida:matricula_id
3013,252,2025-07-01,1199,2025-01-07,2025-10-07,Pago,fk_invalida:matricula_id
3014,252,2025-08-01,99,2025-01-08,2025-05-08,Pago,fk_invalida:matricula_id
3016,252,2025-10-01,199,2025-04-10,2025-03-10,Pago,fk_invalida:matricula_id
3018,252,2025-12-01,35,2025-03-12,,Vencido,fk_invalida:matricula_id
3022,252,2026-04-01,35,2026-02-04,,Vencido,fk_invalida:matricula_id
3025,253,2025-07-01,99,2025-03-07,2025-09-07,Pago,fk_invalida:matricula_id
3026,253,2025-08-01,149,2025-04-08,2025-09-08,Pago,fk_invalida:matricula_id
3027,253,2025-09-01,99,2025-01-09,,Vencido,fk_invalida:matricula_id
3040,254,2025-10-01,1199,2025-03-10,,Vencido,fk_invalida:matricula_id
3047,254,2026-05-01,109,2026-01-05,2026-04-05,Pago,fk_invalida:matricula_id
3049,255,2025-07-01,199,2025-01-07,,Vencido,fk_invalida:matricula_id
3050,255,2025-08-01,99,2025-05-08,2025-12-08,Pago,fk_invalida:matricula_id
3053,255,2025-11-01,149,2025-01-11,2025-12-11,Pago,fk_invalida:matricula_id
3054,255,2025-12-01,35,2025-03-12,2025-11-12,Pago,fk_invalida:matricula_id
3066,256,2025-12-01,109,2025-02-12,2025-05-12,Pago,fk_invalida:matricula_id
3069,256,2026-03-01,699,2026-01-03,2026-03-03,Pago,fk_invalida:matricula_id
3074,257,2025-08-01,1199,2025-05-08,,Vencido,fk_invalida:matricula_id
3076,257,2025-10-01,1199,2025-02-10,2025-09-10,Pago,fk_invalida:matricula_id
3081,257,2026-03-01,1199,2026-01-03,2026-05-03,Pago,fk_invalida:matricula_id
3084,257,2026-06-01,699,2026-01-06,2026-03-06,Pago,fk_invalida:matricula_id
3086,258,2025-08-01,149,2025-02-08,2025-02-08,Pago,fk_invalida:matricula_id
3087,258,2025-09-01,399,2025-03-09,2025-09-09,Pago,fk_invalida:matricula_id
3094,258,2026-04-01,699,2026-02-04,2026-08-04,Pago,fk_invalida:matricula_id
3095,258,2026-05-01,699,2026-02-05,,Vencido,fk_invalida:matricula_id
3097,259,2025-07-01,35,2025-06-07,2025-08-07,Pago,fk_invalida:matricula_id
3099,259,2025-09-01,149,2025-04-09,2025-12-09,Pago,fk_invalida:matricula_id
3102,259,2025-12-01,109,2025-01-12,2025-06-12,Pago,fk_invalida:matricula_id
3109,260,2025-07-01,699,2025-06-07,2025-05-07,Pago,fk_invalida:matricula_id
3111,260,2025-09-01,699,2025-04-09,2025-07-09,Pago,fk_invalida:matricula_id
3114,260,2025-12-01,35,2025-01-12,2025-02-12,Pago,fk_invalida:matricula_id
3119,260,2026-05-01,35,2026-02-05,2026-11-05,Pago,fk_invalida:matricula_id
3124,261,2025-10-01,199,2025-04-10,,Vencido,fk_invalida:matricula_id
3125,261,2025-11-01,35,2025-01-11,2025-04-11,Pago,fk_invalida:matricula_id
3129,261,2026-03-01,149,2026-02-03,2026-12-03,Pago,fk_invalida:matricula_id
3131,261,2026-05-01,35,2026-01-05,2026-11-05,Pago,fk_invalida:matricula_id
3134,262,2025-08-01,99,2025-04-08,,Vencido,fk_invalida:matricula_id
3136,262,2025-10-01,699,2025-01-10,,Vencido,fk_invalida:matricula_id
3138,262,2025-12-01,199,2025-01-12,2025-07-12,Pago,fk_invalida:matricula_id
3142,262,2026-04-01,399,2026-01-04,2026-09-04,Pago,fk_invalida:matricula_id
3143,262,2026-05-01,399,2026-02-05,2026-06-05,Pago,fk_invalida:matricula_id
3146,263,2025-08-01,199,2025-02-08,2025-10-08,Pago,fk_invalida:matricula_id
3147,263,2025-09-01,99,2025-01-09,2025-07-09,Pago,fk_invalida:matricula_id
3148,263,2025-10-01,699,2025-04-10,2025-02-10,Pago,fk_invalida:matricula_id
3149,263,2025-11-01,149,2025-03-11,2025-07-11,Pago,fk_invalida:matricula_id
3151,263,2026-01-01,199,2026-02-01,2026-07-01,Pago,fk_invalida:matricula_id
3158,264,2025-08-01,149,2025-01-08,2025-09-08,Pago,fk_invalida:matricula_id
3165,264,2026-03-01,99,2026-01-03,2026-12-03,Pago,fk_invalida:matricula_id
3168,264,2026-06-01,99,2026-01-06,2026-09-06,Pago,fk_invalida:matricula_id
3169,265,2025-07-01,1199,2025-01-07,2025-07-07,Pago,fk_invalida:matricula_id
3170,265,2025-08-01,1199,2025-02-08,2025-07-08,Pago,fk_invalida:matricula_id
3173,265,2025-11-01,109,2025-02-11,2025-03-11,Pago,fk_invalida:matricula_id
3174,265,2025-12-01,35,2025-01-12,2025-05-12,Pago,fk_invalida:matricula_id
3178,265,2026-04-01,199,2026-02-04,,Vencido,fk_invalida:matricula_id
3182,266,2025-08-01,149,2025-03-08,2025-03-08,Pago,fk_invalida:matricula_id
3183,266,2025-09-01,35,2025-01-09,2025-07-09,Pago,fk_invalida:matricula_id
3190,266,2026-04-01,99,2026-02-04,2026-03-04,Pago,fk_invalida:matricula_id
3193,267,2025-07-01,399,2025-05-07,2025-04-07,Pago,fk_invalida:matricula_id
3200,267,2026-02-01,149,2026-01-02,2026-12-02,Pago,fk_invalida:matricula_id
3205,268,2025-07-01,199,2025-04-07,2025-08-07,Pago,fk_invalida:matricula_id
3206,268,2025-08-01,699,2025-04-08,2025-02-08,Pago,fk_invalida:matricula_id
3208,268,2025-10-01,699,2025-02-10,,Vencido,fk_invalida:matricula_id
3215,268,2026-05-01,699,2026-01-05,2026-10-05,Pago,fk_invalida:matricula_id
3217,269,2025-07-01,35,2025-03-07,2025-10-07,Pago,fk_invalida:matricula_id
3218,269,2025-08-01,35,2025-03-08,2025-05-08,Pago,fk_invalida:matricula_id
3222,269,2025-12-01,109,2025-01-12,2025-07-12,Pago,fk_invalida:matricula_id
3227,269,2026-05-01,199,2026-01-05,2026-08-05,Pago,fk_invalida:matricula_id
3228,269,2026-06-01,35,2026-01-06,2026-03-06,Pago,fk_invalida:matricula_id
3229,270,2025-07-01,1199,2025-06-07,2025-10-07,Pago,fk_invalida:matricula_id
3230,270,2025-08-01,399,2025-04-08,2025-04-08,Pago,fk_invalida:matricula_id
3231,270,2025-09-01,199,2025-02-09,2025-07-09,Pago,fk_invalida:matricula_id
3232,270,2025-10-01,1199,2025-03-10,2025-02-10,Pago,fk_invalida:matricula_id
3234,270,2025-12-01,99,2025-03-12,2025-08-12,Pago,fk_invalida:matricula_id
3237,270,2026-03-01,1199,2026-02-03,2026-10-03,Pago,fk_invalida:matricula_id
3238,270,2026-04-01,399,2026-02-04,,Vencido,fk_invalida:matricula_id
3241,271,2025-07-01,109,2025-06-07,,Vencido,fk_invalida:matricula_id
3242,271,2025-08-01,149,2025-05-08,2025-03-08,Pago,fk_invalida:matricula_id
3245,271,2025-11-01,199,2025-01-11,2025-02-11,Pago,fk_invalida:matricula_id
3248,271,2026-02-01,109,2026-01-02,2026-03-02,Pago,fk_invalida:matricula_id
3254,272,2025-08-01,109,2025-05-08,2025-04-08,Pago,fk_invalida:matricula_id
3257,272,2025-11-01,699,2025-03-11,2025-04-11,Pago,fk_invalida:matricula_id
3265,273,2025-07-01,35,2025-02-07,2025-11-07,Pago,fk_invalida:matricula_id
3270,273,2025-12-01,1199,2025-02-12,,Vencido,fk_invalida:matricula_id
3274,273,2026-04-01,399,2026-02-04,,Vencido,fk_invalida:matricula_id
3278,274,2025-08-01,1199,2025-01-08,2025-08-08,Pago,fk_invalida:matricula_id
3279,274,2025-09-01,399,2025-04-09,2025-05-09,Pago,fk_invalida:matricula_id
3281,274,2025-11-01,399,2025-01-11,2025-08-11,Pago,fk_invalida:matricula_id
3285,274,2026-03-01,99,2026-03-03,2026-03-03,Pago,fk_invalida:matricula_id
3289,275,2025-07-01,99,2025-03-07,2025-07-07,Pago,fk_invalida:matricula_id
3290,275,2025-08-01,699,2025-05-08,2025-03-08,Pago,fk_invalida:matricula_id
3291,275,2025-09-01,109,2025-04-09,2025-03-09,Pago,fk_invalida:matricula_id
3297,275,2026-03-01,109,2026-03-03,2026-03-03,Pago,fk_invalida:matricula_id
3299,275,2026-05-01,399,2026-02-05,2026-10-05,Pago,fk_invalida:matricula_id
3300,275,2026-06-01,699,2026-01-06,2026-02-06,Pago,fk_invalida:matricula_id
3301,276,2025-07-01,399,2025-05-07,2025-11-07,Pago,fk_invalida:matricula_id
3303,276,2025-09-01,109,2025-03-09,2025-02-09,Pago,fk_invalida:matricula_id
3304,276,2025-10-01,699,2025-01-10,2025-11-10,Pago,fk_invalida:matricula_id
3305,276,2025-11-01,99,2025-01-11,,Vencido,fk_invalida:matricula_id
3309,276,2026-03-01,699,2026-02-03,,Vencido,fk_invalida:matricula_id
3313,277,2025-07-01,199,2025-05-07,2025-12-07,Pago,fk_invalida:matricula_id
3314,277,2025-08-01,99,2025-03-08,,Vencido,fk_invalida:matricula_id
3318,277,2025-12-01,1199,2025-02-12,2025-04-12,Pago,fk_invalida:matricula_id
3321,277,2026-03-01,1199,2026-01-03,2026-11-03,Pago,fk_invalida:matricula_id
3324,277,2026-06-01,149,2026-01-06,2026-01-06,Pago,fk_invalida:matricula_id
3325,278,2025-07-01,699,2025-01-07,2025-11-07,Pago,fk_invalida:matricula_id
3327,278,2025-09-01,99,2025-04-09,2025-06-09,Pago,fk_invalida:matricula_id
3329,278,2025-11-01,399,2025-01-11,2025-05-11,Pago,fk_invalida:matricula_id
3331,278,2026-01-01,1199,2026-02-01,2026-10-01,Pago,fk_invalida:matricula_id
3333,278,2026-03-01,199,2026-02-03,2026-02-03,Pago,fk_invalida:matricula_id
3335,278,2026-05-01,99,2026-01-05,2026-12-05,Pago,fk_invalida:matricula_id
3337,279,2025-07-01,35,2025-01-07,2025-07-07,Pago,fk_invalida:matricula_id
3338,279,2025-08-01,99,2025-04-08,2025-12-08,Pago,fk_invalida:matricula_id
3339,279,2025-09-01,149,2025-03-09,2025-07-09,Pago,fk_invalida:matricula_id
3343,279,2026-01-01,109,2026-02-01,2026-04-01,Pago,fk_invalida:matricula_id
3353,280,2025-11-01,699,2025-03-11,,Vencido,fk_invalida:matricula_id
3355,280,2026-01-01,149,2026-01-01,2026-02-01,Pago,fk_invalida:matricula_id
3356,280,2026-02-01,109,2026-01-02,2026-12-02,Pago,fk_invalida:matricula_id
3359,280,2026-05-01,1199,2026-02-05,2026-06-05,Pago,fk_invalida:matricula_id
3362,281,2025-08-01,149,2025-03-08,2025-12-08,Pago,fk_invalida:matricula_id
3363,281,2025-09-01,149,2025-03-09,,Vencido,fk_invalida:matricula_id
3364,281,2025-10-01,99,2025-03-10,2025-02-10,Pago,fk_invalida:matricula_id
3365,281,2025-11-01,99,2025-01-11,2025-07-11,Pago,fk_invalida:matricula_id
3367,281,2026-01-01,199,2026-01-01,2026-04-01,Pago,fk_invalida:matricula_id
3371,281,2026-05-01,199,2026-01-05,2026-04-05,Pago,fk_invalida:matricula_id
3372,281,2026-06-01,699,2026-01-06,,Vencido,fk_invalida:matricula_id
3381,282,2026-03-01,149,2026-01-03,,Vencido,fk_invalida:matricula_id
3387,283,2025-09-01,99,2025-04-09,2025-02-09,Pago,fk_invalida:matricula_id
3389,283,2025-11-01,149,2025-03-11,2025-10-11,Pago,fk_invalida:matricula_id
3397,284,2025-07-01,399,2025-04-07,2025-02-07,Pago,fk_invalida:matricula_id
3401,284,2025-11-01,1199,2025-01-11,2025-12-11,Pago,fk_invalida:matricula_id
3405,284,2026-03-01,699,2026-02-03,2026-08-03,Pago,fk_invalida:matricula_id
3409,285,2025-07-01,149,2025-02-07,,Vencido,fk_invalida:matricula_id
3410,285,2025-08-01,149,2025-01-08,2025-08-08,Pago,fk_invalida:matricula_id
3412,285,2025-10-01,1199,2025-01-10,2025-09-10,Pago,fk_invalida:matricula_id
3413,285,2025-11-01,35,2025-02-11,2025-03-11,Pago,fk_invalida:matricula_id
3421,286,2025-07-01,35,2025-06-07,2025-07-07,Pago,fk_invalida:matricula_id
3423,286,2025-09-01,1199,2025-04-09,2025-05-09,Pago,fk_invalida:matricula_id
3426,286,2025-12-01,99,2025-01-12,2025-06-12,Pago,fk_invalida:matricula_id
3434,287,2025-08-01,699,2025-05-08,,Vencido,fk_invalida:matricula_id
3445,288,2025-07-01,35,2025-05-07,2025-03-07,Pago,fk_invalida:matricula_id
3446,288,2025-08-01,1199,2025-05-08,,Vencido,fk_invalida:matricula_id
3447,288,2025-09-01,199,2025-01-09,,Vencido,fk_invalida:matricula_id
3448,288,2025-10-01,399,2025-03-10,,Vencido,fk_invalida:matricula_id
3449,288,2025-11-01,35,2025-03-11,2025-11-11,Pago,fk_invalida:matricula_id
3451,288,2026-01-01,699,2026-02-01,2026-03-01,Pago,fk_invalida:matricula_id
3453,288,2026-03-01,109,2026-01-03,2026-03-03,Pago,fk_invalida:matricula_id
3454,288,2026-04-01,399,2026-01-04,,Vencido,fk_invalida:matricula_id
3457,289,2025-07-01,1199,2025-01-07,2025-06-07,Pago,fk_invalida:matricula_id
3459,289,2025-09-01,149,2025-02-09,2025-07-09,Pago,fk_invalida:matricula_id
3460,289,2025-10-01,149,2025-03-10,2025-06-10,Pago,fk_invalida:matricula_id
3462,289,2025-12-01,399,2025-03-12,2025-11-12,Pago,fk_invalida:matricula_id
3470,290,2025-08-01,99,2025-04-08,2025-07-08,Pago,fk_invalida:matricula_id
3472,290,2025-10-01,109,2025-02-10,2025-11-10,Pago,fk_invalida:matricula_id
3477,290,2026-03-01,699,2026-01-03,2026-06-03,Pago,fk_invalida:matricula_id
3482,291,2025-08-01,109,2025-02-08,,Vencido,fk_invalida:matricula_id
3484,291,2025-10-01,99,2025-01-10,2025-03-10,Pago,fk_invalida:matricula_id
3488,291,2026-02-01,699,2026-01-02,2026-11-02,Pago,fk_invalida:matricula_id
3489,291,2026-03-01,35,2026-03-03,,Vencido,fk_invalida:matricula_id
3490,291,2026-04-01,109,2026-01-04,2026-02-04,Pago,fk_invalida:matricula_id
3491,291,2026-05-01,399,2026-02-05,2026-05-05,Pago,fk_invalida:matricula_id
3493,292,2025-07-01,149,2025-05-07,,Vencido,fk_invalida:matricula_id
3494,292,2025-08-01,149,2025-03-08,2025-11-08,Pago,fk_invalida:matricula_id
3496,292,2025-10-01,35,2025-03-10,2025-01-10,Pago,fk_invalida:matricula_id
3497,292,2025-11-01,109,2025-03-11,2025-02-11,Pago,fk_invalida:matricula_id
3498,292,2025-12-01,1199,2025-01-12,,Vencido,fk_invalida:matricula_id
3505,293,2025-07-01,399,2025-02-07,2025-09-07,Pago,fk_invalida:matricula_id
3506,293,2025-08-01,699,2025-03-08,2025-07-08,Pago,fk_invalida:matricula_id
3508,293,2025-10-01,699,2025-04-10,2025-05-10,Pago,fk_invalida:matricula_id
3515,293,2026-05-01,1199,2026-02-05,2026-10-05,Pago,fk_invalida:matricula_id
3517,294,2025-07-01,699,2025-05-07,2025-05-07,Pago,fk_invalida:matricula_id
3518,294,2025-08-01,35,2025-04-08,2025-03-08,Pago,fk_invalida:matricula_id
3521,294,2025-11-01,1199,2025-01-11,2025-08-11,Pago,fk_invalida:matricula_id
3529,295,2025-07-01,149,2025-01-07,2025-08-07,Pago,fk_invalida:matricula_id
3530,295,2025-08-01,199,2025-02-08,2025-02-08,Pago,fk_invalida:matricula_id
3542,296,2025-08-01,199,2025-05-08,2025-11-08,Pago,fk_invalida:matricula_id
3548,296,2026-02-01,149,2026-01-02,2026-02-02,Pago,fk_invalida:matricula_id
3551,296,2026-05-01,35,2026-02-05,2026-06-05,Pago,fk_invalida:matricula_id
3553,297,2025-07-01,99,2025-02-07,2025-07-07,Pago,fk_invalida:matricula_id
3556,297,2025-10-01,699,2025-03-10,2025-06-10,Pago,fk_invalida:matricula_id
3563,297,2026-05-01,35,2026-02-05,2026-07-05,Pago,fk_invalida:matricula_id
3566,298,2025-08-01,199,2025-04-08,2025-04-08,Pago,fk_invalida:matricula_id
3567,298,2025-09-01,399,2025-04-09,2025-08-09,Pago,fk_invalida:matricula_id
3575,298,2026-05-01,149,2026-01-05,2026-04-05,Pago,fk_invalida:matricula_id
3581,299,2025-11-01,149,2025-03-11,2025-02-11,Pago,fk_invalida:matricula_id
3582,299,2025-12-01,199,2025-03-12,,Vencido,fk_invalida:matricula_id
3586,299,2026-04-01,1199,2026-02-04,2026-09-04,Pago,fk_invalida:matricula_id
3587,299,2026-05-01,399,2026-01-05,2026-03-05,Pago,fk_invalida:matricula_id
3590,300,2025-08-01,99,2025-01-08,2025-07-08,Pago,fk_invalida:matricula_id
3592,300,2025-10-01,699,2025-04-10,2025-11-10,Pago,fk_invalida:matricula_id
3604,301,2025-10-01,399,2025-03-10,2025-11-10,Pago,fk_invalida:matricula_id
3606,301,2025-12-01,149,2025-02-12,2025-02-12,Pago,fk_invalida:matricula_id
3614,302,2025-08-01,1199,2025-01-08,2025-08-08,Pago,fk_invalida:matricula_id
3615,302,2025-09-01,149,2025-01-09,2025-06-09,Pago,fk_invalida:matricula_id
3618,302,2025-12-01,109,2025-02-12,2025-01-12,Pago,fk_invalida:matricula_id
3623,302,2026-05-01,699,2026-02-05,,Vencido,fk_invalida:matricula_id
3625,303,2025-07-01,99,2025-04-07,2025-03-07,Pago,fk_invalida:matricula_id
3626,303,2025-08-01,149,2025-05-08,,Vencido,fk_invalida:matricula_id
3627,303,2025-09-01,1199,2025-03-09,,Vencido,fk_invalida:matricula_id
3650,305,2025-08-01,199,2025-01-08,2025-09-08,Pago,fk_invalida:matricula_id
3653,305,2025-11-01,99,2025-01-11,2025-09-11,Pago,fk_invalida:matricula_id
3656,305,2026-02-01,109,2026-01-02,2026-07-02,Pago,fk_invalida:matricula_id
3657,305,2026-03-01,399,2026-02-03,2026-10-03,Pago,fk_invalida:matricula_id
3661,306,2025-07-01,699,2025-03-07,2025-08-07,Pago,fk_invalida:matricula_id
3666,306,2025-12-01,99,2025-01-12,2025-06-12,Pago,fk_invalida:matricula_id
3669,306,2026-03-01,199,2026-03-03,2026-10-03,Pago,fk_invalida:matricula_id
3671,306,2026-05-01,35,2026-01-05,2026-06-05,Pago,fk_invalida:matricula_id
3672,306,2026-06-01,149,2026-01-06,2026-10-06,Pago,fk_invalida:matricula_id
3673,307,2025-07-01,35,2025-02-07,,Vencido,fk_invalida:matricula_id
3674,307,2025-08-01,699,2025-05-08,,Vencido,fk_invalida:matricula_id
3676,307,2025-10-01,35,2025-02-10,2025-09-10,Pago,fk_invalida:matricula_id
3677,307,2025-11-01,199,2025-03-11,2025-11-11,Pago,fk_invalida:matricula_id
3678,307,2025-12-01,399,2025-02-12,,Vencido,fk_invalida:matricula_id
3681,307,2026-03-01,109,2026-01-03,2026-09-03,Pago,fk_invalida:matricula_id
3686,308,2025-08-01,699,2025-01-08,2025-10-08,Pago,fk_invalida:matricula_id
3689,308,2025-11-01,199,2025-03-11,2025-04-11,Pago,fk_invalida:matricula_id
3690,308,2025-12-01,99,2025-01-12,2025-05-12,Pago,fk_invalida:matricula_id
3695,308,2026-05-01,699,2026-01-05,2026-02-05,Pago,fk_invalida:matricula_id
3698,309,2025-08-01,1199,2025-02-08,2025-05-08,Pago,fk_invalida:matricula_id
3700,309,2025-10-01,1199,2025-02-10,2025-09-10,Pago,fk_invalida:matricula_id
3701,309,2025-11-01,35,2025-01-11,2025-08-11,Pago,fk_invalida:matricula_id
3705,309,2026-03-01,35,2026-01-03,2026-11-03,Pago,fk_invalida:matricula_id
3708,309,2026-06-01,109,2026-01-06,2026-06-06,Pago,fk_invalida:matricula_id
3709,310,2025-07-01,399,2025-03-07,2025-11-07,Pago,fk_invalida:matricula_id
3710,310,2025-08-01,399,2025-02-08,2025-12-08,Pago,fk_invalida:matricula_id
3714,310,2025-12-01,149,2025-03-12,2025-08-12,Pago,fk_invalida:matricula_id
3715,310,2026-01-01,99,2026-02-01,2026-11-01,Pago,fk_invalida:matricula_id
3719,310,2026-05-01,99,2026-01-05,2026-03-05,Pago,fk_invalida:matricula_id
3723,311,2025-09-01,399,2025-03-09,2025-02-09,Pago,fk_invalida:matricula_id
3728,311,2026-02-01,149,2026-01-02,2026-11-02,Pago,fk_invalida:matricula_id
3733,312,2025-07-01,399,2025-02-07,2025-11-07,Pago,fk_invalida:matricula_id
3735,312,2025-09-01,199,2025-03-09,2025-11-09,Pago,fk_invalida:matricula_id
3736,312,2025-10-01,109,2025-01-10,2025-04-10,Pago,fk_invalida:matricula_id
3741,312,2026-03-01,99,2026-01-03,2026-07-03,Pago,fk_invalida:matricula_id
3742,312,2026-04-01,109,2026-01-04,2026-10-04,Pago,fk_invalida:matricula_id
3745,313,2025-07-01,109,2025-04-07,,Vencido,fk_invalida:matricula_id
3747,313,2025-09-01,1199,2025-04-09,2025-12-09,Pago,fk_invalida:matricula_id
3748,313,2025-10-01,399,2025-03-10,2025-06-10,Pago,fk_invalida:matricula_id
3751,313,2026-01-01,1199,2026-01-01,,Vencido,fk_invalida:matricula_id
3757,314,2025-07-01,1199,2025-02-07,,Vencido,fk_invalida:matricula_id
3769,315,2025-07-01,1199,2025-06-07,2025-06-07,Pago,fk_invalida:matricula_id
3770,315,2025-08-01,399,2025-03-08,2025-06-08,Pago,fk_invalida:matricula_id
3771,315,2025-09-01,399,2025-01-09,2025-11-09,Pago,fk_invalida:matricula_id
3773,315,2025-11-01,699,2025-02-11,2025-03-11,Pago,fk_invalida:matricula_id
3777,315,2026-03-01,699,2026-02-03,2026-02-03,Pago,fk_invalida:matricula_id
3781,316,2025-07-01,149,2025-02-07,2025-05-07,Pago,fk_invalida:matricula_id
3785,316,2025-11-01,149,2025-02-11,2025-01-11,Pago,fk_invalida:matricula_id
3797,317,2025-11-01,199,2025-03-11,2025-10-11,Pago,fk_invalida:matricula_id
3801,317,2026-03-01,99,2026-02-03,,Vencido,fk_invalida:matricula_id
3809,318,2025-11-01,149,2025-01-11,2025-04-11,Pago,fk_invalida:matricula_id
3819,319,2025-09-01,35,2025-02-09,2025-07-09,Pago,fk_invalida:matricula_id
3822,319,2025-12-01,99,2025-02-12,2025-02-12,Pago,fk_invalida:matricula_id
3829,320,2025-07-01,109,2025-02-07,2025-10-07,Pago,fk_invalida:matricula_id
3830,320,2025-08-01,109,2025-03-08,2025-06-08,Pago,fk_invalida:matricula_id
3831,320,2025-09-01,699,2025-03-09,2025-03-09,Pago,fk_invalida:matricula_id
3832,320,2025-10-01,199,2025-02-10,2025-08-10,Pago,fk_invalida:matricula_id
3836,320,2026-02-01,699,2026-01-02,2026-08-02,Pago,fk_invalida:matricula_id
3837,320,2026-03-01,199,2026-03-03,2026-02-03,Pago,fk_invalida:matricula_id
3841,321,2025-07-01,99,2025-06-07,2025-04-07,Pago,fk_invalida:matricula_id
3842,321,2025-08-01,149,2025-02-08,2025-08-08,Pago,fk_invalida:matricula_id
3844,321,2025-10-01,109,2025-02-10,2025-10-10,Pago,fk_invalida:matricula_id
3849,321,2026-03-01,1199,2026-03-03,2026-11-03,Pago,fk_invalida:matricula_id
3851,321,2026-05-01,149,2026-01-05,2026-08-05,Pago,fk_invalida:matricula_id
3863,322,2026-05-01,149,2026-01-05,,Vencido,fk_invalida:matricula_id
3868,323,2025-10-01,99,2025-01-10,2025-08-10,Pago,fk_invalida:matricula_id
3869,323,2025-11-01,109,2025-02-11,2025-12-11,Pago,fk_invalida:matricula_id
3873,323,2026-03-01,699,2026-01-03,2026-11-03,Pago,fk_invalida:matricula_id
3876,323,2026-06-01,1199,2026-01-06,2026-05-06,Pago,fk_invalida:matricula_id
3880,324,2025-10-01,699,2025-02-10,2025-10-10,Pago,fk_invalida:matricula_id
3882,324,2025-12-01,99,2025-03-12,2025-09-12,Pago,fk_invalida:matricula_id
3884,324,2026-02-01,99,2026-01-02,2026-10-02,Pago,fk_invalida:matricula_id
3889,325,2025-07-01,149,2025-01-07,2025-10-07,Pago,fk_invalida:matricula_id
3894,325,2025-12-01,199,2025-03-12,2025-01-12,Pago,fk_invalida:matricula_id
3901,326,2025-07-01,109,2025-02-07,2025-09-07,Pago,fk_invalida:matricula_id
3902,326,2025-08-01,149,2025-05-08,2025-10-08,Pago,fk_invalida:matricula_id
3905,326,2025-11-01,35,2025-01-11,2025-02-11,Pago,fk_invalida:matricula_id
3909,326,2026-03-01,1199,2026-01-03,,Vencido,fk_invalida:matricula_id
3910,326,2026-04-01,1199,2026-02-04,2026-04-04,Pago,fk_invalida:matricula_id
3911,326,2026-05-01,35,2026-01-05,,Vencido,fk_invalida:matricula_id
3913,327,2025-07-01,35,2025-05-07,2025-09-07,Pago,fk_invalida:matricula_id
3914,327,2025-08-01,35,2025-04-08,2025-12-08,Pago,fk_invalida:matricula_id
3915,327,2025-09-01,199,2025-03-09,2025-06-09,Pago,fk_invalida:matricula_id
3916,327,2025-10-01,399,2025-02-10,2025-12-10,Pago,fk_invalida:matricula_id
3917,327,2025-11-01,149,2025-01-11,2025-11-11,Pago,fk_invalida:matricula_id
3918,327,2025-12-01,1199,2025-01-12,2025-11-12,Pago,fk_invalida:matricula_id
3921,327,2026-03-01,99,2026-03-03,2026-02-03,Pago,fk_invalida:matricula_id
3924,327,2026-06-01,149,2026-01-06,2026-04-06,Pago,fk_invalida:matricula_id
3927,328,2025-09-01,99,2025-02-09,2025-07-09,Pago,fk_invalida:matricula_id
3928,328,2025-10-01,699,2025-04-10,,Vencido,fk_invalida:matricula_id
3930,328,2025-12-01,109,2025-02-12,2025-08-12,Pago,fk_invalida:matricula_id
3931,328,2026-01-01,99,2026-02-01,2026-05-01,Pago,fk_invalida:matricula_id
3935,328,2026-05-01,149,2026-01-05,2026-02-05,Pago,fk_invalida:matricula_id
3938,329,2025-08-01,199,2025-03-08,,Vencido,fk_invalida:matricula_id
3940,329,2025-10-01,699,2025-04-10,2025-04-10,Pago,fk_invalida:matricula_id
3945,329,2026-03-01,99,2026-03-03,2026-03-03,Pago,fk_invalida:matricula_id
3949,330,2025-07-01,1199,2025-03-07,2025-05-07,Pago,fk_invalida:matricula_id
3950,330,2025-08-01,149,2025-02-08,2025-05-08,Pago,fk_invalida:matricula_id
3955,330,2026-01-01,199,2026-01-01,2026-11-01,Pago,fk_invalida:matricula_id
3957,330,2026-03-01,1199,2026-03-03,2026-10-03,Pago,fk_invalida:matricula_id
3961,331,2025-07-01,1199,2025-05-07,2025-05-07,Pago,fk_invalida:matricula_id
3962,331,2025-08-01,109,2025-03-08,2025-07-08,Pago,fk_invalida:matricula_id
3965,331,2025-11-01,99,2025-01-11,2025-09-11,Pago,fk_invalida:matricula_id
3966,331,2025-12-01,35,2025-01-12,2025-04-12,Pago,fk_invalida:matricula_id
3967,331,2026-01-01,99,2026-02-01,2026-11-01,Pago,fk_invalida:matricula_id
3973,332,2025-07-01,199,2025-04-07,2025-09-07,Pago,fk_invalida:matricula_id
3977,332,2025-11-01,99,2025-01-11,2025-03-11,Pago,fk_invalida:matricula_id
3985,333,2025-07-01,1199,2025-06-07,2025-06-07,Pago,fk_invalida:matricula_id
3987,333,2025-09-01,35,2025-02-09,2025-09-09,Pago,fk_invalida:matricula_id
3989,333,2025-11-01,699,2025-01-11,2025-03-11,Pago,fk_invalida:matricula_id
3990,333,2025-12-01,699,2025-01-12,2025-06-12,Pago,fk_invalida:matricula_id
3996,333,2026-06-01,1199,2026-01-06,2026-08-06,Pago,fk_invalida:matricula_id
3997,334,2025-07-01,35,2025-02-07,2025-10-07,Pago,fk_invalida:matricula_id
3999,334,2025-09-01,1199,2025-02-09,2025-07-09,Pago,fk_invalida:matricula_id
4000,334,2025-10-01,149,2025-03-10,2025-11-10,Pago,fk_invalida:matricula_id
4006,334,2026-04-01,109,2026-02-04,2026-09-04,Pago,fk_invalida:matricula_id
4010,335,2025-08-01,99,2025-01-08,2025-12-08,Pago,fk_invalida:matricula_id
4012,335,2025-10-01,35,2025-01-10,2025-05-10,Pago,fk_invalida:matricula_id
4017,335,2026-03-01,109,2026-01-03,2026-10-03,Pago,fk_invalida:matricula_id
4022,336,2025-08-01,1199,2025-04-08,2025-03-08,Pago,fk_invalida:matricula_id
4023,336,2025-09-01,699,2025-04-09,2025-11-09,Pago,fk_invalida:matricula_id
4024,336,2025-10-01,109,2025-03-10,2025-06-10,Pago,fk_invalida:matricula_id
4026,336,2025-12-01,109,2025-03-12,,Vencido,fk_invalida:matricula_id
4033,337,2025-07-01,1199,2025-01-07,2025-01-07,Pago,fk_invalida:matricula_id
4034,337,2025-08-01,149,2025-02-08,2025-02-08,Pago,fk_invalida:matricula_id
4035,337,2025-09-01,109,2025-02-09,,Vencido,fk_invalida:matricula_id
4045,338,2025-07-01,199,2025-06-07,2025-03-07,Pago,fk_invalida:matricula_id
4046,338,2025-08-01,35,2025-01-08,2025-11-08,Pago,fk_invalida:matricula_id
4048,338,2025-10-01,399,2025-01-10,,Vencido,fk_invalida:matricula_id
4050,338,2025-12-01,99,2025-02-12,2025-10-12,Pago,fk_invalida:matricula_id
4052,338,2026-02-01,35,2026-01-02,2026-11-02,Pago,fk_invalida:matricula_id
4053,338,2026-03-01,399,2026-02-03,,Vencido,fk_invalida:matricula_id
4054,338,2026-04-01,109,2026-01-04,2026-04-04,Pago,fk_invalida:matricula_id
4057,339,2025-07-01,1199,2025-04-07,2025-03-07,Pago,fk_invalida:matricula_id
4059,339,2025-09-01,699,2025-01-09,,Vencido,fk_invalida:matricula_id
4066,339,2026-04-01,35,2026-01-04,,Vencido,fk_invalida:matricula_id
4069,340,2025-07-01,1199,2025-04-07,2025-10-07,Pago,fk_invalida:matricula_id
4070,340,2025-08-01,1199,2025-01-08,,Vencido,fk_invalida:matricula_id
4071,340,2025-09-01,99,2025-04-09,2025-01-09,Pago,fk_invalida:matricula_id
4073,340,2025-11-01,699,2025-03-11,2025-07-11,Pago,fk_invalida:matricula_id
4081,341,2025-07-01,99,2025-01-07,2025-08-07,Pago,fk_invalida:matricula_id
4082,341,2025-08-01,149,2025-02-08,2025-05-08,Pago,fk_invalida:matricula_id
4085,341,2025-11-01,1199,2025-02-11,2025-03-11,Pago,fk_invalida:matricula_id
4089,341,2026-03-01,99,2026-02-03,,Vencido,fk_invalida:matricula_id
4091,341,2026-05-01,199,2026-02-05,,Vencido,fk_invalida:matricula_id
4093,342,2025-07-01,1199,2025-03-07,2025-01-07,Pago,fk_invalida:matricula_id
4095,342,2025-09-01,199,2025-01-09,2025-12-09,Pago,fk_invalida:matricula_id
4096,342,2025-10-01,399,2025-01-10,2025-12-10,Pago,fk_invalida:matricula_id
4103,342,2026-05-01,109,2026-01-05,,Vencido,fk_invalida:matricula_id
4105,343,2025-07-01,149,2025-04-07,2025-03-07,Pago,fk_invalida:matricula_id
4106,343,2025-08-01,199,2025-01-08,,Vencido,fk_invalida:matricula_id
4107,343,2025-09-01,149,2025-04-09,2025-02-09,Pago,fk_invalida:matricula_id
4108,343,2025-10-01,35,2025-04-10,2025-06-10,Pago,fk_invalida:matricula_id
4110,343,2025-12-01,35,2025-02-12,2025-02-12,Pago,fk_invalida:matricula_id
4117,344,2025-07-01,399,2025-04-07,2025-11-07,Pago,fk_invalida:matricula_id
4119,344,2025-09-01,1199,2025-03-09,2025-02-09,Pago,fk_invalida:matricula_id
4120,344,2025-10-01,1199,2025-02-10,,Vencido,fk_invalida:matricula_id
4125,344,2026-03-01,149,2026-02-03,2026-08-03,Pago,fk_invalida:matricula_id
4127,344,2026-05-01,149,2026-01-05,2026-04-05,Pago,fk_invalida:matricula_id
4131,345,2025-09-01,1199,2025-01-09,2025-03-09,Pago,fk_invalida:matricula_id
4132,345,2025-10-01,1199,2025-03-10,,Vencido,fk_invalida:matricula_id
4135,345,2026-01-01,99,2026-01-01,,Vencido,fk_invalida:matricula_id
4141,346,2025-07-01,1199,2025-06-07,2025-04-07,Pago,fk_invalida:matricula_id
4143,346,2025-09-01,35,2025-01-09,,Vencido,fk_invalida:matricula_id
4147,346,2026-01-01,35,2026-01-01,2026-06-01,Pago,fk_invalida:matricula_id
4148,346,2026-02-01,109,2026-01-02,2026-02-02,Pago,fk_invalida:matricula_id
4153,347,2025-07-01,1199,2025-06-07,2025-12-07,Pago,fk_invalida:matricula_id
4156,347,2025-10-01,1199,2025-02-10,2025-06-10,Pago,fk_invalida:matricula_id
4157,347,2025-11-01,199,2025-03-11,2025-11-11,Pago,fk_invalida:matricula_id
4158,347,2025-12-01,199,2025-03-12,2025-01-12,Pago,fk_invalida:matricula_id
4160,347,2026-02-01,35,2026-01-02,,Vencido,fk_invalida:matricula_id
4165,348,2025-07-01,149,2025-06-07,2025-03-07,Pago,fk_invalida:matricula_id
4167,348,2025-09-01,199,2025-01-09,2025-02-09,Pago,fk_invalida:matricula_id
4169,348,2025-11-01,699,2025-03-11,,Vencido,fk_invalida:matricula_id
4173,348,2026-03-01,699,2026-01-03,2026-10-03,Pago,fk_invalida:matricula_id
4174,348,2026-04-01,699,2026-01-04,2026-11-04,Pago,fk_invalida:matricula_id
4179,349,2025-09-01,149,2025-03-09,2025-06-09,Pago,fk_invalida:matricula_id
4180,349,2025-10-01,699,2025-04-10,2025-09-10,Pago,fk_invalida:matricula_id
4194,350,2025-12-01,199,2025-01-12,2025-11-12,Pago,fk_invalida:matricula_id
4201,351,2025-07-01,35,2025-02-07,2025-03-07,Pago,fk_invalida:matricula_id
4202,351,2025-08-01,1199,2025-04-08,,Vencido,fk_invalida:matricula_id
4204,351,2025-10-01,199,2025-03-10,,Vencido,fk_invalida:matricula_id
4206,351,2025-12-01,399,2025-03-12,2025-01-12,Pago,fk_invalida:matricula_id
4214,352,2025-08-01,99,2025-04-08,2025-07-08,Pago,fk_invalida:matricula_id
4215,352,2025-09-01,399,2025-03-09,2025-08-09,Pago,fk_invalida:matricula_id
4216,352,2025-10-01,149,2025-03-10,2025-04-10,Pago,fk_invalida:matricula_id
4218,352,2025-12-01,149,2025-02-12,2025-09-12,Pago,fk_invalida:matricula_id
4221,352,2026-03-01,399,2026-02-03,,Vencido,fk_invalida:matricula_id
4226,353,2025-08-01,149,2025-04-08,2025-08-08,Pago,fk_invalida:matricula_id
4227,353,2025-09-01,1199,2025-04-09,2025-03-09,Pago,fk_invalida:matricula_id
4229,353,2025-11-01,109,2025-01-11,2025-10-11,Pago,fk_invalida:matricula_id
4240,354,2025-10-01,35,2025-04-10,2025-06-10,Pago,fk_invalida:matricula_id
4241,354,2025-11-01,35,2025-02-11,2025-05-11,Pago,fk_invalida:matricula_id
4242,354,2025-12-01,99,2025-02-12,2025-07-12,Pago,fk_invalida:matricula_id
4249,355,2025-07-01,109,2025-06-07,2025-08-07,Pago,fk_invalida:matricula_id
4257,355,2026-03-01,149,2026-01-03,2026-04-03,Pago,fk_invalida:matricula_id
4258,355,2026-04-01,109,2026-02-04,2026-05-04,Pago,fk_invalida:matricula_id
4261,356,2025-07-01,699,2025-04-07,2025-09-07,Pago,fk_invalida:matricula_id
4262,356,2025-08-01,1199,2025-04-08,2025-04-08,Pago,fk_invalida:matricula_id
4264,356,2025-10-01,199,2025-04-10,,Vencido,fk_invalida:matricula_id
4265,356,2025-11-01,109,2025-02-11,2025-01-11,Pago,fk_invalida:matricula_id
4266,356,2025-12-01,149,2025-01-12,2025-07-12,Pago,fk_invalida:matricula_id
4268,356,2026-02-01,1199,2026-01-02,2026-11-02,Pago,fk_invalida:matricula_id
4276,357,2025-10-01,35,2025-02-10,2025-03-10,Pago,fk_invalida:matricula_id
4278,357,2025-12-01,399,2025-01-12,2025-06-12,Pago,fk_invalida:matricula_id
4285,358,2025-07-01,35,2025-03-07,2025-10-07,Pago,fk_invalida:matricula_id
4286,358,2025-08-01,35,2025-03-08,2025-11-08,Pago,fk_invalida:matricula_id
4291,358,2026-01-01,99,2026-02-01,2026-10-01,Pago,fk_invalida:matricula_id
4293,358,2026-03-01,699,2026-03-03,2026-01-03,Pago,fk_invalida:matricula_id
4297,359,2025-07-01,99,2025-05-07,2025-03-07,Pago,fk_invalida:matricula_id
4298,359,2025-08-01,399,2025-03-08,2025-02-08,Pago,fk_invalida:matricula_id
4303,359,2026-01-01,35,2026-01-01,2026-02-01,Pago,fk_invalida:matricula_id
4307,359,2026-05-01,149,2026-02-05,2026-09-05,Pago,fk_invalida:matricula_id
4320,360,2026-06-01,199,2026-01-06,2026-04-06,Pago,fk_invalida:matricula_id
4321,361,2025-07-01,35,2025-03-07,2025-05-07,Pago,fk_invalida:matricula_id
4322,361,2025-08-01,399,2025-01-08,2025-10-08,Pago,fk_invalida:matricula_id
4323,361,2025-09-01,35,2025-04-09,2025-08-09,Pago,fk_invalida:matricula_id
4325,361,2025-11-01,149,2025-02-11,2025-09-11,Pago,fk_invalida:matricula_id
4331,361,2026-05-01,399,2026-02-05,2026-03-05,Pago,fk_invalida:matricula_id
4333,362,2025-07-01,35,2025-06-07,2025-10-07,Pago,fk_invalida:matricula_id
4345,363,2025-07-01,699,2025-06-07,2025-08-07,Pago,fk_invalida:matricula_id
4346,363,2025-08-01,1199,2025-04-08,,Vencido,fk_invalida:matricula_id
4347,363,2025-09-01,109,2025-02-09,2025-01-09,Pago,fk_invalida:matricula_id
4348,363,2025-10-01,35,2025-01-10,2025-05-10,Pago,fk_invalida:matricula_id
4351,363,2026-01-01,99,2026-02-01,2026-10-01,Pago,fk_invalida:matricula_id
4355,363,2026-05-01,35,2026-02-05,,Vencido,fk_invalida:matricula_id
4358,364,2025-08-01,1199,2025-02-08,2025-09-08,Pago,fk_invalida:matricula_id
4359,364,2025-09-01,99,2025-01-09,,Vencido,fk_invalida:matricula_id
4360,364,2025-10-01,1199,2025-04-10,2025-09-10,Pago,fk_invalida:matricula_id
4361,364,2025-11-01,149,2025-02-11,2025-02-11,Pago,fk_invalida:matricula_id
4367,364,2026-05-01,35,2026-02-05,2026-04-05,Pago,fk_invalida:matricula_id
4369,365,2025-07-01,399,2025-06-07,,Vencido,fk_invalida:matricula_id
4370,365,2025-08-01,199,2025-04-08,,Vencido,fk_invalida:matricula_id
4372,365,2025-10-01,35,2025-01-10,2025-02-10,Pago,fk_invalida:matricula_id
4381,366,2025-07-01,199,2025-01-07,2025-05-07,Pago,fk_invalida:matricula_id
4385,366,2025-11-01,99,2025-03-11,2025-06-11,Pago,fk_invalida:matricula_id
4393,367,2025-07-01,35,2025-02-07,2025-07-07,Pago,fk_invalida:matricula_id
4394,367,2025-08-01,399,2025-01-08,2025-05-08,Pago,fk_invalida:matricula_id
4395,367,2025-09-01,149,2025-02-09,2025-02-09,Pago,fk_invalida:matricula_id
4396,367,2025-10-01,199,2025-01-10,2025-05-10,Pago,fk_invalida:matricula_id
4403,367,2026-05-01,399,2026-02-05,2026-08-05,Pago,fk_invalida:matricula_id
4405,368,2025-07-01,1199,2025-02-07,2025-11-07,Pago,fk_invalida:matricula_id
4417,369,2025-07-01,99,2025-04-07,2025-08-07,Pago,fk_invalida:matricula_id
4423,369,2026-01-01,149,2026-02-01,2026-11-01,Pago,fk_invalida:matricula_id
4429,370,2025-07-01,35,2025-02-07,,Vencido,fk_invalida:matricula_id
4430,370,2025-08-01,99,2025-02-08,2025-02-08,Pago,fk_invalida:matricula_id
4432,370,2025-10-01,109,2025-03-10,,Vencido,fk_invalida:matricula_id
4434,370,2025-12-01,99,2025-03-12,2025-12-12,Pago,fk_invalida:matricula_id
4441,371,2025-07-01,99,2025-03-07,2025-11-07,Pago,fk_invalida:matricula_id
4442,371,2025-08-01,149,2025-05-08,2025-07-08,Pago,fk_invalida:matricula_id
4444,371,2025-10-01,109,2025-03-10,2025-03-10,Pago,fk_invalida:matricula_id
4451,371,2026-05-01,109,2026-01-05,2026-04-05,Pago,fk_invalida:matricula_id
4453,372,2025-07-01,99,2025-02-07,2025-08-07,Pago,fk_invalida:matricula_id
4454,372,2025-08-01,699,2025-01-08,,Vencido,fk_invalida:matricula_id
4457,372,2025-11-01,699,2025-02-11,,Vencido,fk_invalida:matricula_id
4459,372,2026-01-01,1199,2026-02-01,2026-04-01,Pago,fk_invalida:matricula_id
4461,372,2026-03-01,35,2026-01-03,2026-10-03,Pago,fk_invalida:matricula_id
4465,373,2025-07-01,699,2025-01-07,2025-07-07,Pago,fk_invalida:matricula_id
4468,373,2025-10-01,199,2025-04-10,2025-11-10,Pago,fk_invalida:matricula_id
4471,373,2026-01-01,99,2026-02-01,2026-11-01,Pago,fk_invalida:matricula_id
4473,373,2026-03-01,35,2026-01-03,2026-02-03,Pago,fk_invalida:matricula_id
4477,374,2025-07-01,99,2025-02-07,2025-12-07,Pago,fk_invalida:matricula_id
4479,374,2025-09-01,149,2025-02-09,,Vencido,fk_invalida:matricula_id
4481,374,2025-11-01,35,2025-03-11,2025-03-11,Pago,fk_invalida:matricula_id
4483,374,2026-01-01,149,2026-01-01,2026-04-01,Pago,fk_invalida:matricula_id
4484,374,2026-02-01,35,2026-01-02,2026-03-02,Pago,fk_invalida:matricula_id
4489,375,2025-07-01,99,2025-04-07,2025-04-07,Pago,fk_invalida:matricula_id
4495,375,2026-01-01,1199,2026-02-01,2026-11-01,Pago,fk_invalida:matricula_id
4501,376,2025-07-01,399,2025-04-07,2025-04-07,Pago,fk_invalida:matricula_id
4506,376,2025-12-01,399,2025-02-12,2025-09-12,Pago,fk_invalida:matricula_id
4513,377,2025-07-01,399,2025-04-07,2025-02-07,Pago,fk_invalida:matricula_id
4515,377,2025-09-01,199,2025-04-09,2025-02-09,Pago,fk_invalida:matricula_id
4523,377,2026-05-01,1199,2026-01-05,,Vencido,fk_invalida:matricula_id
4525,378,2025-07-01,35,2025-05-07,2025-08-07,Pago,fk_invalida:matricula_id
4526,378,2025-08-01,199,2025-03-08,2025-05-08,Pago,fk_invalida:matricula_id
4527,378,2025-09-01,109,2025-03-09,2025-10-09,Pago,fk_invalida:matricula_id
4528,378,2025-10-01,699,2025-02-10,,Vencido,fk_invalida:matricula_id
4531,378,2026-01-01,99,2026-02-01,2026-03-01,Pago,fk_invalida:matricula_id
4544,379,2026-02-01,199,2026-01-02,,Vencido,fk_invalida:matricula_id
4545,379,2026-03-01,1199,2026-01-03,2026-06-03,Pago,fk_invalida:matricula_id
4550,380,2025-08-01,35,2025-04-08,2025-04-08,Pago,fk_invalida:matricula_id
4557,380,2026-03-01,399,2026-02-03,2026-09-03,Pago,fk_invalida:matricula_id
4561,381,2025-07-01,149,2025-02-07,2025-02-07,Pago,fk_invalida:matricula_id
4564,381,2025-10-01,109,2025-04-10,2025-01-10,Pago,fk_invalida:matricula_id
4565,381,2025-11-01,399,2025-03-11,2025-07-11,Pago,fk_invalida:matricula_id
4567,381,2026-01-01,35,2026-01-01,2026-09-01,Pago,fk_invalida:matricula_id
4571,381,2026-05-01,699,2026-02-05,,Vencido,fk_invalida:matricula_id
4573,382,2025-07-01,99,2025-02-07,2025-06-07,Pago,fk_invalida:matricula_id
4575,382,2025-09-01,35,2025-03-09,2025-10-09,Pago,fk_invalida:matricula_id
4578,382,2025-12-01,35,2025-02-12,2025-03-12,Pago,fk_invalida:matricula_id
4582,382,2026-04-01,1199,2026-01-04,2026-04-04,Pago,fk_invalida:matricula_id
4585,383,2025-07-01,35,2025-01-07,2025-02-07,Pago,fk_invalida:matricula_id
4586,383,2025-08-01,1199,2025-03-08,2025-06-08,Pago,fk_invalida:matricula_id
4599,384,2025-09-01,35,2025-01-09,2025-01-09,Pago,fk_invalida:matricula_id
4600,384,2025-10-01,149,2025-04-10,2025-05-10,Pago,fk_invalida:matricula_id
4602,384,2025-12-01,99,2025-02-12,2025-12-12,Pago,fk_invalida:matricula_id
4603,384,2026-01-01,109,2026-01-01,2026-05-01,Pago,fk_invalida:matricula_id
4605,384,2026-03-01,99,2026-03-03,2026-12-03,Pago,fk_invalida:matricula_id
4606,384,2026-04-01,35,2026-02-04,2026-11-04,Pago,fk_invalida:matricula_id
4610,385,2025-08-01,699,2025-03-08,2025-01-08,Pago,fk_invalida:matricula_id
4621,386,2025-07-01,149,2025-01-07,2025-09-07,Pago,fk_invalida:matricula_id
4625,386,2025-11-01,149,2025-02-11,2025-12-11,Pago,fk_invalida:matricula_id
4626,386,2025-12-01,399,2025-02-12,2025-04-12,Pago,fk_invalida:matricula_id
4627,386,2026-01-01,99,2026-01-01,2026-03-01,Pago,fk_invalida:matricula_id
4628,386,2026-02-01,399,2026-01-02,2026-11-02,Pago,fk_invalida:matricula_id
4631,386,2026-05-01,699,2026-01-05,2026-09-05,Pago,fk_invalida:matricula_id
4632,386,2026-06-01,99,2026-01-06,2026-05-06,Pago,fk_invalida:matricula_id
4633,387,2025-07-01,399,2025-01-07,2025-12-07,Pago,fk_invalida:matricula_id
4634,387,2025-08-01,399,2025-02-08,2025-01-08,Pago,fk_invalida:matricula_id
4637,387,2025-11-01,35,2025-03-11,2025-06-11,Pago,fk_invalida:matricula_id
4643,387,2026-05-01,199,2026-02-05,2026-02-05,Pago,fk_invalida:matricula_id
4644,387,2026-06-01,35,2026-01-06,2026-09-06,Pago,fk_invalida:matricula_id
4645,388,2025-07-01,399,2025-06-07,2025-11-07,Pago,fk_invalida:matricula_id
4648,388,2025-10-01,35,2025-04-10,2025-09-10,Pago,fk_invalida:matricula_id
4653,388,2026-03-01,399,2026-02-03,2026-08-03,Pago,fk_invalida:matricula_id
4659,389,2025-09-01,109,2025-03-09,2025-04-09,Pago,fk_invalida:matricula_id
4660,389,2025-10-01,1199,2025-02-10,2025-10-10,Pago,fk_invalida:matricula_id
4663,389,2026-01-01,35,2026-02-01,2026-04-01,Pago,fk_invalida:matricula_id
4669,390,2025-07-01,35,2025-03-07,2025-11-07,Pago,fk_invalida:matricula_id
4673,390,2025-11-01,1199,2025-02-11,2025-02-11,Pago,fk_invalida:matricula_id
4675,390,2026-01-01,1199,2026-02-01,2026-02-01,Pago,fk_invalida:matricula_id
4677,390,2026-03-01,199,2026-02-03,,Vencido,fk_invalida:matricula_id
4680,390,2026-06-01,1199,2026-01-06,2026-10-06,Pago,fk_invalida:matricula_id
4681,391,2025-07-01,99,2025-01-07,2025-08-07,Pago,fk_invalida:matricula_id
4683,391,2025-09-01,109,2025-04-09,2025-01-09,Pago,fk_invalida:matricula_id
4684,391,2025-10-01,399,2025-03-10,2025-09-10,Pago,fk_invalida:matricula_id
4685,391,2025-11-01,99,2025-03-11,2025-12-11,Pago,fk_invalida:matricula_id
4687,391,2026-01-01,199,2026-01-01,2026-04-01,Pago,fk_invalida:matricula_id
4699,392,2026-01-01,35,2026-01-01,2026-10-01,Pago,fk_invalida:matricula_id
4703,392,2026-05-01,35,2026-02-05,2026-10-05,Pago,fk_invalida:matricula_id
4705,393,2025-07-01,109,2025-01-07,2025-07-07,Pago,fk_invalida:matricula_id
4706,393,2025-08-01,109,2025-03-08,2025-01-08,Pago,fk_invalida:matricula_id
4710,393,2025-12-01,109,2025-02-12,2025-04-12,Pago,fk_invalida:matricula_id
4719,394,2025-09-01,99,2025-04-09,2025-06-09,Pago,fk_invalida:matricula_id
4720,394,2025-10-01,699,2025-02-10,2025-02-10,Pago,fk_invalida:matricula_id
4721,394,2025-11-01,35,2025-02-11,,Vencido,fk_invalida:matricula_id
4722,394,2025-12-01,149,2025-02-12,,Vencido,fk_invalida:matricula_id
4727,394,2026-05-01,109,2026-01-05,2026-03-05,Pago,fk_invalida:matricula_id
4729,395,2025-07-01,699,2025-02-07,,Vencido,fk_invalida:matricula_id
4734,395,2025-12-01,1199,2025-02-12,2025-11-12,Pago,fk_invalida:matricula_id
4738,395,2026-04-01,1199,2026-02-04,,Vencido,fk_invalida:matricula_id
4739,395,2026-05-01,199,2026-02-05,2026-07-05,Pago,fk_invalida:matricula_id
4741,396,2025-07-01,399,2025-05-07,2025-08-07,Pago,fk_invalida:matricula_id
4742,396,2025-08-01,699,2025-02-08,2025-06-08,Pago,fk_invalida:matricula_id
4743,396,2025-09-01,35,2025-04-09,2025-06-09,Pago,fk_invalida:matricula_id
4744,396,2025-10-01,199,2025-02-10,,Vencido,fk_invalida:matricula_id
4745,396,2025-11-01,199,2025-01-11,2025-08-11,Pago,fk_invalida:matricula_id
4746,396,2025-12-01,35,2025-02-12,2025-07-12,Pago,fk_invalida:matricula_id
4749,396,2026-03-01,199,2026-01-03,2026-12-03,Pago,fk_invalida:matricula_id
4753,397,2025-07-01,149,2025-06-07,2025-03-07,Pago,fk_invalida:matricula_id
4754,397,2025-08-01,99,2025-05-08,,Vencido,fk_invalida:matricula_id
4755,397,2025-09-01,149,2025-02-09,2025-10-09,Pago,fk_invalida:matricula_id
4756,397,2025-10-01,399,2025-01-10,,Vencido,fk_invalida:matricula_id
4762,397,2026-04-01,109,2026-02-04,2026-07-04,Pago,fk_invalida:matricula_id
4765,398,2025-07-01,109,2025-03-07,2025-07-07,Pago,fk_invalida:matricula_id
4767,398,2025-09-01,35,2025-04-09,2025-09-09,Pago,fk_invalida:matricula_id
4777,399,2025-07-01,35,2025-04-07,2025-08-07,Pago,fk_invalida:matricula_id
4778,399,2025-08-01,199,2025-05-08,,Vencido,fk_invalida:matricula_id
4790,400,2025-08-01,699,2025-05-08,2025-06-08,Pago,fk_invalida:matricula_id
4792,400,2025-10-01,399,2025-02-10,,Vencido,fk_invalida:matricula_id
4793,400,2025-11-01,399,2025-01-11,2025-07-11,Pago,fk_invalida:matricula_id
4795,400,2026-01-01,699,2026-02-01,2026-01-01,Pago,fk_invalida:matricula_id
4798,400,2026-04-01,699,2026-02-04,2026-10-04,Pago,fk_invalida:matricula_id
4801,401,2025-07-01,35,2025-02-07,2025-10-07,Pago,fk_invalida:matricula_id
4812,401,2026-06-01,1199,2026-01-06,2026-02-06,Pago,fk_invalida:matricula_id
4823,402,2026-05-01,149,2026-02-05,2026-06-05,Pago,fk_invalida:matricula_id
4825,403,2025-07-01,99,2025-03-07,2025-10-07,Pago,fk_invalida:matricula_id
4835,403,2026-05-01,199,2026-01-05,2026-11-05,Pago,fk_invalida:matricula_id
4837,404,2025-07-01,399,2025-02-07,2025-12-07,Pago,fk_invalida:matricula_id
4840,404,2025-10-01,1199,2025-03-10,2025-03-10,Pago,fk_invalida:matricula_id
4841,404,2025-11-01,399,2025-03-11,2025-03-11,Pago,fk_invalida:matricula_id
4842,404,2025-12-01,199,2025-03-12,2025-06-12,Pago,fk_invalida:matricula_id
4845,404,2026-03-01,1199,2026-03-03,2026-09-03,Pago,fk_invalida:matricula_id
4850,405,2025-08-01,1199,2025-03-08,2025-09-08,Pago,fk_invalida:matricula_id
4852,405,2025-10-01,699,2025-01-10,2025-06-10,Pago,fk_invalida:matricula_id
4861,406,2025-07-01,699,2025-03-07,2025-12-07,Pago,fk_invalida:matricula_id
4862,406,2025-08-01,35,2025-01-08,2025-08-08,Pago,fk_invalida:matricula_id
4874,407,2025-08-01,149,2025-04-08,2025-12-08,Pago,fk_invalida:matricula_id
4883,407,2026-05-01,199,2026-01-05,2026-04-05,Pago,fk_invalida:matricula_id
4885,408,2025-07-01,149,2025-03-07,,Vencido,fk_invalida:matricula_id
4886,408,2025-08-01,99,2025-01-08,2025-03-08,Pago,fk_invalida:matricula_id
4887,408,2025-09-01,109,2025-02-09,2025-10-09,Pago,fk_invalida:matricula_id
4890,408,2025-12-01,109,2025-01-12,2025-09-12,Pago,fk_invalida:matricula_id
4897,409,2025-07-01,699,2025-05-07,2025-05-07,Pago,fk_invalida:matricula_id
4899,409,2025-09-01,699,2025-04-09,2025-07-09,Pago,fk_invalida:matricula_id
4903,409,2026-01-01,399,2026-02-01,,Vencido,fk_invalida:matricula_id
4904,409,2026-02-01,699,2026-01-02,,Vencido,fk_invalida:matricula_id
4907,409,2026-05-01,109,2026-02-05,2026-12-05,Pago,fk_invalida:matricula_id
4909,410,2025-07-01,1199,2025-04-07,2025-07-07,Pago,fk_invalida:matricula_id
4910,410,2025-08-01,35,2025-01-08,,Vencido,fk_invalida:matricula_id
4912,410,2025-10-01,109,2025-03-10,2025-11-10,Pago,fk_invalida:matricula_id
4913,410,2025-11-01,109,2025-01-11,2025-04-11,Pago,fk_invalida:matricula_id
4917,410,2026-03-01,199,2026-03-03,2026-11-03,Pago,fk_invalida:matricula_id
4919,410,2026-05-01,99,2026-01-05,2026-05-05,Pago,fk_invalida:matricula_id
4925,411,2025-11-01,1199,2025-01-11,2025-06-11,Pago,fk_invalida:matricula_id
4930,411,2026-04-01,99,2026-02-04,,Vencido,fk_invalida:matricula_id
4933,412,2025-07-01,109,2025-01-07,,Vencido,fk_invalida:matricula_id
4934,412,2025-08-01,35,2025-04-08,2025-02-08,Pago,fk_invalida:matricula_id
4937,412,2025-11-01,199,2025-02-11,2025-09-11,Pago,fk_invalida:matricula_id
4938,412,2025-12-01,399,2025-03-12,2025-11-12,Pago,fk_invalida:matricula_id
4947,413,2025-09-01,399,2025-01-09,2025-10-09,Pago,fk_invalida:matricula_id
4949,413,2025-11-01,1199,2025-01-11,2025-10-11,Pago,fk_invalida:matricula_id
4952,413,2026-02-01,199,2026-01-02,2026-12-02,Pago,fk_invalida:matricula_id
4955,413,2026-05-01,399,2026-02-05,2026-09-05,Pago,fk_invalida:matricula_id
4960,414,2025-10-01,1199,2025-01-10,,Vencido,fk_invalida:matricula_id
4961,414,2025-11-01,1199,2025-02-11,2025-02-11,Pago,fk_invalida:matricula_id
4962,414,2025-12-01,199,2025-03-12,2025-02-12,Pago,fk_invalida:matricula_id
4967,414,2026-05-01,149,2026-01-05,2026-06-05,Pago,fk_invalida:matricula_id
4970,415,2025-08-01,35,2025-05-08,2025-10-08,Pago,fk_invalida:matricula_id
4972,415,2025-10-01,199,2025-02-10,2025-08-10,Pago,fk_invalida:matricula_id
4973,415,2025-11-01,99,2025-02-11,2025-09-11,Pago,fk_invalida:matricula_id
4974,415,2025-12-01,1199,2025-01-12,2025-04-12,Pago,fk_invalida:matricula_id
4977,415,2026-03-01,399,2026-01-03,2026-09-03,Pago,fk_invalida:matricula_id
4979,415,2026-05-01,399,2026-01-05,2026-04-05,Pago,fk_invalida:matricula_id
4981,416,2025-07-01,699,2025-01-07,2025-03-07,Pago,fk_invalida:matricula_id
4984,416,2025-10-01,35,2025-01-10,2025-04-10,Pago,fk_invalida:matricula_id
4987,416,2026-01-01,149,2026-02-01,2026-05-01,Pago,fk_invalida:matricula_id
4996,417,2025-10-01,109,2025-03-10,2025-06-10,Pago,fk_invalida:matricula_id
4998,417,2025-12-01,149,2025-01-12,,Vencido,fk_invalida:matricula_id
5000,417,2026-02-01,699,2026-01-02,2026-12-02,Pago,fk_invalida:matricula_id
5005,418,2025-07-01,35,2025-05-07,2025-11-07,Pago,fk_invalida:matricula_id
5008,418,2025-10-01,1199,2025-03-10,2025-02-10,Pago,fk_invalida:matricula_id
5017,419,2025-07-01,1199,2025-04-07,,Vencido,fk_invalida:matricula_id
5018,419,2025-08-01,399,2025-05-08,,Vencido,fk_invalida:matricula_id
5020,419,2025-10-01,399,2025-01-10,2025-10-10,Pago,fk_invalida:matricula_id
5025,419,2026-03-01,109,2026-01-03,2026-01-03,Pago,fk_invalida:matricula_id
5026,419,2026-04-01,699,2026-02-04,2026-08-04,Pago,fk_invalida:matricula_id
5027,419,2026-05-01,199,2026-01-05,2026-04-05,Pago,fk_invalida:matricula_id
5030,420,2025-08-01,35,2025-04-08,2025-10-08,Pago,fk_invalida:matricula_id
5031,420,2025-09-01,199,2025-01-09,2025-12-09,Pago,fk_invalida:matricula_id
5036,420,2026-02-01,109,2026-01-02,2026-01-02,Pago,fk_invalida:matricula_id
5039,420,2026-05-01,699,2026-01-05,2026-02-05,Pago,fk_invalida:matricula_id
5041,421,2025-07-01,699,2025-05-07,2025-04-07,Pago,fk_invalida:matricula_id
5042,421,2025-08-01,149,2025-02-08,2025-03-08,Pago,fk_invalida:matricula_id
5044,421,2025-10-01,109,2025-01-10,2025-08-10,Pago,fk_invalida:matricula_id
5045,421,2025-11-01,149,2025-03-11,2025-08-11,Pago,fk_invalida:matricula_id
5046,421,2025-12-01,35,2025-02-12,2025-02-12,Pago,fk_invalida:matricula_id
5050,421,2026-04-01,199,2026-01-04,2026-03-04,Pago,fk_invalida:matricula_id
5053,422,2025-07-01,35,2025-05-07,2025-03-07,Pago,fk_invalida:matricula_id
5054,422,2025-08-01,199,2025-01-08,2025-07-08,Pago,fk_invalida:matricula_id
5059,422,2026-01-01,399,2026-02-01,2026-10-01,Pago,fk_invalida:matricula_id
5061,422,2026-03-01,699,2026-01-03,2026-06-03,Pago,fk_invalida:matricula_id
5067,423,2025-09-01,199,2025-03-09,2025-10-09,Pago,fk_invalida:matricula_id
5072,423,2026-02-01,199,2026-01-02,2026-05-02,Pago,fk_invalida:matricula_id
5078,424,2025-08-01,149,2025-01-08,2025-05-08,Pago,fk_invalida:matricula_id
5079,424,2025-09-01,699,2025-04-09,2025-07-09,Pago,fk_invalida:matricula_id
5080,424,2025-10-01,99,2025-04-10,2025-08-10,Pago,fk_invalida:matricula_id
5082,424,2025-12-01,199,2025-02-12,2025-10-12,Pago,fk_invalida:matricula_id
5084,424,2026-02-01,399,2026-01-02,2026-11-02,Pago,fk_invalida:matricula_id
5086,424,2026-04-01,1199,2026-01-04,2026-12-04,Pago,fk_invalida:matricula_id
5090,425,2025-08-01,35,2025-03-08,2025-12-08,Pago,fk_invalida:matricula_id
5097,425,2026-03-01,149,2026-01-03,2026-12-03,Pago,fk_invalida:matricula_id
5098,425,2026-04-01,99,2026-01-04,2026-07-04,Pago,fk_invalida:matricula_id
5099,425,2026-05-01,109,2026-02-05,2026-07-05,Pago,fk_invalida:matricula_id
5101,426,2025-07-01,699,2025-01-07,2025-11-07,Pago,fk_invalida:matricula_id
5102,426,2025-08-01,109,2025-03-08,2025-11-08,Pago,fk_invalida:matricula_id
5107,426,2026-01-01,35,2026-01-01,2026-10-01,Pago,fk_invalida:matricula_id
5111,426,2026-05-01,35,2026-01-05,2026-03-05,Pago,fk_invalida:matricula_id
5117,427,2025-11-01,399,2025-03-11,,Vencido,fk_invalida:matricula_id
5121,427,2026-03-01,699,2026-03-03,2026-03-03,Pago,fk_invalida:matricula_id
5126,428,2025-08-01,149,2025-05-08,2025-03-08,Pago,fk_invalida:matricula_id
5130,428,2025-12-01,1199,2025-02-12,,Vencido,fk_invalida:matricula_id
5137,429,2025-07-01,149,2025-01-07,,Vencido,fk_invalida:matricula_id
5138,429,2025-08-01,109,2025-01-08,2025-01-08,Pago,fk_invalida:matricula_id
5140,429,2025-10-01,149,2025-03-10,,Vencido,fk_invalida:matricula_id
5151,430,2025-09-01,149,2025-03-09,2025-10-09,Pago,fk_invalida:matricula_id
5152,430,2025-10-01,699,2025-03-10,,Vencido,fk_invalida:matricula_id
5154,430,2025-12-01,149,2025-01-12,2025-04-12,Pago,fk_invalida:matricula_id
5160,430,2026-06-01,1199,2026-01-06,2026-05-06,Pago,fk_invalida:matricula_id
5161,431,2025-07-01,699,2025-04-07,2025-05-07,Pago,fk_invalida:matricula_id
5164,431,2025-10-01,399,2025-03-10,2025-04-10,Pago,fk_invalida:matricula_id
5165,431,2025-11-01,149,2025-01-11,2025-11-11,Pago,fk_invalida:matricula_id
5173,432,2025-07-01,1199,2025-03-07,2025-05-07,Pago,fk_invalida:matricula_id
5174,432,2025-08-01,199,2025-03-08,2025-04-08,Pago,fk_invalida:matricula_id
5177,432,2025-11-01,149,2025-01-11,2025-11-11,Pago,fk_invalida:matricula_id
5178,432,2025-12-01,99,2025-02-12,2025-12-12,Pago,fk_invalida:matricula_id
5185,433,2025-07-01,1199,2025-04-07,,Vencido,fk_invalida:matricula_id
5186,433,2025-08-01,35,2025-01-08,2025-06-08,Pago,fk_invalida:matricula_id
5195,433,2026-05-01,699,2026-01-05,2026-11-05,Pago,fk_invalida:matricula_id
5198,434,2025-08-01,99,2025-01-08,2025-10-08,Pago,fk_invalida:matricula_id
5199,434,2025-09-01,149,2025-04-09,2025-09-09,Pago,fk_invalida:matricula_id
5204,434,2026-02-01,699,2026-01-02,2026-09-02,Pago,fk_invalida:matricula_id
5206,434,2026-04-01,149,2026-02-04,2026-03-04,Pago,fk_invalida:matricula_id
5207,434,2026-05-01,199,2026-01-05,2026-01-05,Pago,fk_invalida:matricula_id
5210,435,2025-08-01,35,2025-01-08,2025-01-08,Pago,fk_invalida:matricula_id
5211,435,2025-09-01,35,2025-04-09,2025-01-09,Pago,fk_invalida:matricula_id
5213,435,2025-11-01,35,2025-01-11,,Vencido,fk_invalida:matricula_id
5214,435,2025-12-01,35,2025-01-12,,Vencido,fk_invalida:matricula_id
5218,435,2026-04-01,399,2026-02-04,2026-03-04,Pago,fk_invalida:matricula_id
5221,436,2025-07-01,149,2025-02-07,2025-04-07,Pago,fk_invalida:matricula_id
5225,436,2025-11-01,109,2025-02-11,2025-12-11,Pago,fk_invalida:matricula_id
5236,437,2025-10-01,35,2025-04-10,2025-04-10,Pago,fk_invalida:matricula_id
5237,437,2025-11-01,199,2025-03-11,,Vencido,fk_invalida:matricula_id
5238,437,2025-12-01,699,2025-03-12,2025-08-12,Pago,fk_invalida:matricula_id
5246,438,2025-08-01,35,2025-03-08,,Vencido,fk_invalida:matricula_id
5247,438,2025-09-01,35,2025-04-09,2025-11-09,Pago,fk_invalida:matricula_id
5248,438,2025-10-01,99,2025-01-10,2025-07-10,Pago,fk_invalida:matricula_id
5255,438,2026-05-01,149,2026-01-05,2026-01-05,Pago,fk_invalida:matricula_id
5258,439,2025-08-01,149,2025-02-08,2025-11-08,Pago,fk_invalida:matricula_id
5259,439,2025-09-01,199,2025-03-09,2025-07-09,Pago,fk_invalida:matricula_id
5261,439,2025-11-01,699,2025-03-11,2025-06-11,Pago,fk_invalida:matricula_id
5263,439,2026-01-01,399,2026-01-01,2026-09-01,Pago,fk_invalida:matricula_id
5265,439,2026-03-01,1199,2026-02-03,,Vencido,fk_invalida:matricula_id
5266,439,2026-04-01,1199,2026-01-04,2026-09-04,Pago,fk_invalida:matricula_id
5274,440,2025-12-01,199,2025-02-12,2025-07-12,Pago,fk_invalida:matricula_id
5275,440,2026-01-01,35,2026-02-01,2026-11-01,Pago,fk_invalida:matricula_id
5279,440,2026-05-01,109,2026-01-05,2026-09-05,Pago,fk_invalida:matricula_id
5281,441,2025-07-01,1199,2025-03-07,2025-12-07,Pago,fk_invalida:matricula_id
5283,441,2025-09-01,699,2025-02-09,2025-07-09,Pago,fk_invalida:matricula_id
5284,441,2025-10-01,109,2025-03-10,2025-02-10,Pago,fk_invalida:matricula_id
5290,441,2026-04-01,99,2026-02-04,2026-08-04,Pago,fk_invalida:matricula_id
5291,441,2026-05-01,109,2026-01-05,2026-03-05,Pago,fk_invalida:matricula_id
5293,442,2025-07-01,699,2025-01-07,2025-11-07,Pago,fk_invalida:matricula_id
5297,442,2025-11-01,99,2025-02-11,2025-01-11,Pago,fk_invalida:matricula_id
5299,442,2026-01-01,99,2026-02-01,2026-06-01,Pago,fk_invalida:matricula_id
5305,443,2025-07-01,109,2025-01-07,2025-12-07,Pago,fk_invalida:matricula_id
5306,443,2025-08-01,35,2025-04-08,2025-01-08,Pago,fk_invalida:matricula_id
5308,443,2025-10-01,35,2025-01-10,2025-10-10,Pago,fk_invalida:matricula_id
5319,444,2025-09-01,1199,2025-02-09,2025-05-09,Pago,fk_invalida:matricula_id
5320,444,2025-10-01,199,2025-02-10,2025-03-10,Pago,fk_invalida:matricula_id
5323,444,2026-01-01,399,2026-01-01,2026-05-01,Pago,fk_invalida:matricula_id
5326,444,2026-04-01,109,2026-02-04,2026-04-04,Pago,fk_invalida:matricula_id
5329,445,2025-07-01,1199,2025-01-07,2025-03-07,Pago,fk_invalida:matricula_id
5330,445,2025-08-01,399,2025-03-08,2025-02-08,Pago,fk_invalida:matricula_id
5333,445,2025-11-01,699,2025-02-11,2025-03-11,Pago,fk_invalida:matricula_id
5338,445,2026-04-01,399,2026-02-04,2026-05-04,Pago,fk_invalida:matricula_id
5339,445,2026-05-01,99,2026-02-05,2026-06-05,Pago,fk_invalida:matricula_id
5341,446,2025-07-01,1199,2025-01-07,,Vencido,fk_invalida:matricula_id
5343,446,2025-09-01,149,2025-03-09,,Vencido,fk_invalida:matricula_id
5349,446,2026-03-01,99,2026-01-03,2026-01-03,Pago,fk_invalida:matricula_id
5353,447,2025-07-01,199,2025-05-07,2025-08-07,Pago,fk_invalida:matricula_id
5359,447,2026-01-01,99,2026-02-01,2026-11-01,Pago,fk_invalida:matricula_id
5360,447,2026-02-01,399,2026-01-02,2026-07-02,Pago,fk_invalida:matricula_id
5363,447,2026-05-01,109,2026-01-05,,Vencido,fk_invalida:matricula_id
5365,448,2025-07-01,35,2025-04-07,2025-07-07,Pago,fk_invalida:matricula_id
5366,448,2025-08-01,149,2025-04-08,2025-12-08,Pago,fk_invalida:matricula_id
5373,448,2026-03-01,1199,2026-01-03,2026-10-03,Pago,fk_invalida:matricula_id
5377,449,2025-07-01,1199,2025-02-07,2025-03-07,Pago,fk_invalida:matricula_id
5378,449,2025-08-01,99,2025-01-08,2025-08-08,Pago,fk_invalida:matricula_id
5380,449,2025-10-01,1199,2025-03-10,2025-04-10,Pago,fk_invalida:matricula_id
5389,450,2025-07-01,149,2025-01-07,,Vencido,fk_invalida:matricula_id
5390,450,2025-08-01,699,2025-04-08,2025-05-08,Pago,fk_invalida:matricula_id
5392,450,2025-10-01,35,2025-02-10,2025-05-10,Pago,fk_invalida:matricula_id
5394,450,2025-12-01,35,2025-02-12,2025-08-12,Pago,fk_invalida:matricula_id
5401,451,2025-07-01,699,2025-03-07,2025-04-07,Pago,fk_invalida:matricula_id
5416,452,2025-10-01,99,2025-01-10,,Vencido,fk_invalida:matricula_id
5428,453,2025-10-01,35,2025-03-10,2025-06-10,Pago,fk_invalida:matricula_id
5437,454,2025-07-01,149,2025-02-07,2025-12-07,Pago,fk_invalida:matricula_id
5439,454,2025-09-01,35,2025-02-09,,Vencido,fk_invalida:matricula_id
5440,454,2025-10-01,99,2025-04-10,2025-05-10,Pago,fk_invalida:matricula_id
5447,454,2026-05-01,399,2026-02-05,2026-12-05,Pago,fk_invalida:matricula_id
5452,455,2025-10-01,699,2025-02-10,2025-08-10,Pago,fk_invalida:matricula_id
5453,455,2025-11-01,99,2025-02-11,2025-01-11,Pago,fk_invalida:matricula_id
5457,455,2026-03-01,399,2026-01-03,2026-03-03,Pago,fk_invalida:matricula_id
5462,456,2025-08-01,35,2025-03-08,2025-11-08,Pago,fk_invalida:matricula_id
5463,456,2025-09-01,199,2025-02-09,2025-06-09,Pago,fk_invalida:matricula_id
5471,456,2026-05-01,99,2026-01-05,,Vencido,fk_invalida:matricula_id
5473,457,2025-07-01,699,2025-06-07,2025-10-07,Pago,fk_invalida:matricula_id
5474,457,2025-08-01,109,2025-04-08,2025-08-08,Pago,fk_invalida:matricula_id
5486,458,2025-08-01,699,2025-02-08,2025-08-08,Pago,fk_invalida:matricula_id
5487,458,2025-09-01,99,2025-02-09,2025-03-09,Pago,fk_invalida:matricula_id
5488,458,2025-10-01,109,2025-04-10,2025-12-10,Pago,fk_invalida:matricula_id
5491,458,2026-01-01,399,2026-01-01,2026-02-01,Pago,fk_invalida:matricula_id
5499,459,2025-09-01,35,2025-01-09,2025-11-09,Pago,fk_invalida:matricula_id
5505,459,2026-03-01,199,2026-01-03,2026-05-03,Pago,fk_invalida:matricula_id
5508,459,2026-06-01,109,2026-01-06,2026-08-06,Pago,fk_invalida:matricula_id
5509,460,2025-07-01,199,2025-02-07,2025-01-07,Pago,fk_invalida:matricula_id
5513,460,2025-11-01,699,2025-02-11,2025-06-11,Pago,fk_invalida:matricula_id
5517,460,2026-03-01,199,2026-01-03,2026-03-03,Pago,fk_invalida:matricula_id
5521,461,2025-07-01,399,2025-06-07,2025-12-07,Pago,fk_invalida:matricula_id
5533,462,2025-07-01,699,2025-04-07,2025-02-07,Pago,fk_invalida:matricula_id
5535,462,2025-09-01,699,2025-02-09,2025-01-09,Pago,fk_invalida:matricula_id
5536,462,2025-10-01,699,2025-02-10,2025-10-10,Pago,fk_invalida:matricula_id
5538,462,2025-12-01,399,2025-02-12,2025-02-12,Pago,fk_invalida:matricula_id
5539,462,2026-01-01,99,2026-01-01,,Vencido,fk_invalida:matricula_id
5540,462,2026-02-01,99,2026-01-02,,Vencido,fk_invalida:matricula_id
5543,462,2026-05-01,109,2026-01-05,2026-07-05,Pago,fk_invalida:matricula_id
5545,463,2025-07-01,149,2025-03-07,2025-07-07,Pago,fk_invalida:matricula_id
5546,463,2025-08-01,399,2025-02-08,,Vencido,fk_invalida:matricula_id
5548,463,2025-10-01,1199,2025-02-10,2025-10-10,Pago,fk_invalida:matricula_id
5554,463,2026-04-01,699,2026-01-04,2026-08-04,Pago,fk_invalida:matricula_id
5556,463,2026-06-01,109,2026-01-06,2026-06-06,Pago,fk_invalida:matricula_id
5557,464,2025-07-01,699,2025-04-07,,Vencido,fk_invalida:matricula_id
5558,464,2025-08-01,199,2025-05-08,2025-02-08,Pago,fk_invalida:matricula_id
5559,464,2025-09-01,1199,2025-02-09,2025-10-09,Pago,fk_invalida:matricula_id
5560,464,2025-10-01,399,2025-02-10,2025-10-10,Pago,fk_invalida:matricula_id
5566,464,2026-04-01,199,2026-02-04,2026-04-04,Pago,fk_invalida:matricula_id
5569,465,2025-07-01,699,2025-05-07,2025-07-07,Pago,fk_invalida:matricula_id
5577,465,2026-03-01,149,2026-01-03,2026-12-03,Pago,fk_invalida:matricula_id
5581,466,2025-07-01,35,2025-03-07,2025-07-07,Pago,fk_invalida:matricula_id
5583,466,2025-09-01,399,2025-01-09,2025-09-09,Pago,fk_invalida:matricula_id
5588,466,2026-02-01,699,2026-01-02,,Vencido,fk_invalida:matricula_id
5595,467,2025-09-01,699,2025-04-09,2025-01-09,Pago,fk_invalida:matricula_id
5597,467,2025-11-01,35,2025-03-11,2025-08-11,Pago,fk_invalida:matricula_id
5602,467,2026-04-01,99,2026-02-04,2026-02-04,Pago,fk_invalida:matricula_id
5606,468,2025-08-01,199,2025-03-08,2025-08-08,Pago,fk_invalida:matricula_id
5607,468,2025-09-01,399,2025-01-09,2025-05-09,Pago,fk_invalida:matricula_id
5608,468,2025-10-01,1199,2025-03-10,2025-12-10,Pago,fk_invalida:matricula_id
5610,468,2025-12-01,699,2025-02-12,2025-09-12,Pago,fk_invalida:matricula_id
5611,468,2026-01-01,99,2026-02-01,2026-08-01,Pago,fk_invalida:matricula_id
5615,468,2026-05-01,699,2026-01-05,2026-02-05,Pago,fk_invalida:matricula_id
5617,469,2025-07-01,199,2025-03-07,2025-05-07,Pago,fk_invalida:matricula_id
5619,469,2025-09-01,99,2025-03-09,2025-04-09,Pago,fk_invalida:matricula_id
5620,469,2025-10-01,35,2025-01-10,2025-05-10,Pago,fk_invalida:matricula_id
5622,469,2025-12-01,399,2025-02-12,2025-01-12,Pago,fk_invalida:matricula_id
5625,469,2026-03-01,199,2026-03-03,2026-09-03,Pago,fk_invalida:matricula_id
5626,469,2026-04-01,35,2026-02-04,2026-09-04,Pago,fk_invalida:matricula_id
5627,469,2026-05-01,149,2026-01-05,,Vencido,fk_invalida:matricula_id
5630,470,2025-08-01,109,2025-01-08,2025-06-08,Pago,fk_invalida:matricula_id
5631,470,2025-09-01,35,2025-01-09,2025-06-09,Pago,fk_invalida:matricula_id
5632,470,2025-10-01,1199,2025-04-10,2025-02-10,Pago,fk_invalida:matricula_id
5634,470,2025-12-01,399,2025-02-12,2025-12-12,Pago,fk_invalida:matricula_id
5641,471,2025-07-01,149,2025-06-07,2025-12-07,Pago,fk_invalida:matricula_id
5642,471,2025-08-01,199,2025-05-08,2025-08-08,Pago,fk_invalida:matricula_id
5645,471,2025-11-01,149,2025-03-11,2025-07-11,Pago,fk_invalida:matricula_id
5647,471,2026-01-01,399,2026-01-01,2026-08-01,Pago,fk_invalida:matricula_id
5651,471,2026-05-01,99,2026-01-05,2026-03-05,Pago,fk_invalida:matricula_id
5653,472,2025-07-01,99,2025-06-07,2025-09-07,Pago,fk_invalida:matricula_id
5655,472,2025-09-01,399,2025-04-09,2025-07-09,Pago,fk_invalida:matricula_id
5656,472,2025-10-01,1199,2025-01-10,2025-07-10,Pago,fk_invalida:matricula_id
5657,472,2025-11-01,399,2025-01-11,2025-01-11,Pago,fk_invalida:matricula_id
5664,472,2026-06-01,199,2026-01-06,2026-09-06,Pago,fk_invalida:matricula_id
5667,473,2025-09-01,35,2025-03-09,2025-12-09,Pago,fk_invalida:matricula_id
5668,473,2025-10-01,109,2025-04-10,,Vencido,fk_invalida:matricula_id
5670,473,2025-12-01,99,2025-02-12,2025-07-12,Pago,fk_invalida:matricula_id
5677,474,2025-07-01,35,2025-05-07,,Vencido,fk_invalida:matricula_id
5678,474,2025-08-01,35,2025-04-08,2025-04-08,Pago,fk_invalida:matricula_id
5681,474,2025-11-01,35,2025-01-11,2025-03-11,Pago,fk_invalida:matricula_id
5687,474,2026-05-01,109,2026-02-05,2026-06-05,Pago,fk_invalida:matricula_id
5689,475,2025-07-01,35,2025-05-07,2025-12-07,Pago,fk_invalida:matricula_id
5691,475,2025-09-01,149,2025-02-09,2025-04-09,Pago,fk_invalida:matricula_id
5692,475,2025-10-01,399,2025-04-10,,Vencido,fk_invalida:matricula_id
5696,475,2026-02-01,99,2026-01-02,2026-12-02,Pago,fk_invalida:matricula_id
5701,476,2025-07-01,149,2025-01-07,2025-09-07,Pago,fk_invalida:matricula_id
5702,476,2025-08-01,99,2025-02-08,2025-02-08,Pago,fk_invalida:matricula_id
5703,476,2025-09-01,149,2025-02-09,2025-11-09,Pago,fk_invalida:matricula_id
5705,476,2025-11-01,1199,2025-01-11,2025-09-11,Pago,fk_invalida:matricula_id
5709,476,2026-03-01,199,2026-02-03,2026-02-03,Pago,fk_invalida:matricula_id
5710,476,2026-04-01,99,2026-01-04,2026-10-04,Pago,fk_invalida:matricula_id
5713,477,2025-07-01,1199,2025-06-07,2025-07-07,Pago,fk_invalida:matricula_id
5715,477,2025-09-01,399,2025-01-09,2025-02-09,Pago,fk_invalida:matricula_id
5716,477,2025-10-01,399,2025-04-10,2025-09-10,Pago,fk_invalida:matricula_id
5718,477,2025-12-01,1199,2025-01-12,2025-06-12,Pago,fk_invalida:matricula_id
5721,477,2026-03-01,35,2026-01-03,2026-01-03,Pago,fk_invalida:matricula_id
5725,478,2025-07-01,149,2025-01-07,,Vencido,fk_invalida:matricula_id
5727,478,2025-09-01,399,2025-01-09,,Vencido,fk_invalida:matricula_id
5733,478,2026-03-01,399,2026-03-03,,Vencido,fk_invalida:matricula_id
5735,478,2026-05-01,149,2026-01-05,2026-03-05,Pago,fk_invalida:matricula_id
5737,479,2025-07-01,35,2025-06-07,2025-04-07,Pago,fk_invalida:matricula_id
5739,479,2025-09-01,199,2025-04-09,2025-12-09,Pago,fk_invalida:matricula_id
5740,479,2025-10-01,35,2025-04-10,2025-05-10,Pago,fk_invalida:matricula_id
5748,479,2026-06-01,1199,2026-01-06,2026-07-06,Pago,fk_invalida:matricula_id
5752,480,2025-10-01,35,2025-04-10,,Vencido,fk_invalida:matricula_id
5757,480,2026-03-01,109,2026-02-03,,Vencido,fk_invalida:matricula_id
5758,480,2026-04-01,35,2026-01-04,2026-06-04,Pago,fk_invalida:matricula_id
5762,481,2025-08-01,99,2025-05-08,2025-03-08,Pago,fk_invalida:matricula_id
5763,481,2025-09-01,35,2025-04-09,2025-02-09,Pago,fk_invalida:matricula_id
5764,481,2025-10-01,149,2025-03-10,2025-05-10,Pago,fk_invalida:matricula_id
5765,481,2025-11-01,399,2025-02-11,2025-08-11,Pago,fk_invalida:matricula_id
5766,481,2025-12-01,99,2025-02-12,2025-07-12,Pago,fk_invalida:matricula_id
5769,481,2026-03-01,149,2026-03-03,2026-05-03,Pago,fk_invalida:matricula_id
5770,481,2026-04-01,1199,2026-02-04,2026-05-04,Pago,fk_invalida:matricula_id
5771,481,2026-05-01,99,2026-01-05,2026-01-05,Pago,fk_invalida:matricula_id
5773,482,2025-07-01,109,2025-03-07,2025-09-07,Pago,fk_invalida:matricula_id
5774,482,2025-08-01,699,2025-03-08,2025-03-08,Pago,fk_invalida:matricula_id
5775,482,2025-09-01,199,2025-02-09,2025-09-09,Pago,fk_invalida:matricula_id
5776,482,2025-10-01,1199,2025-03-10,2025-03-10,Pago,fk_invalida:matricula_id
5783,482,2026-05-01,1199,2026-01-05,,Vencido,fk_invalida:matricula_id
5785,483,2025-07-01,35,2025-01-07,2025-07-07,Pago,fk_invalida:matricula_id
5786,483,2025-08-01,699,2025-01-08,2025-04-08,Pago,fk_invalida:matricula_id
5788,483,2025-10-01,199,2025-03-10,2025-08-10,Pago,fk_invalida:matricula_id
5793,483,2026-03-01,699,2026-02-03,2026-09-03,Pago,fk_invalida:matricula_id
5794,483,2026-04-01,35,2026-01-04,2026-03-04,Pago,fk_invalida:matricula_id
5809,485,2025-07-01,149,2025-01-07,,Vencido,fk_invalida:matricula_id
5817,485,2026-03-01,149,2026-01-03,2026-07-03,Pago,fk_invalida:matricula_id
5819,485,2026-05-01,199,2026-02-05,,Vencido,fk_invalida:matricula_id
5824,486,2025-10-01,35,2025-01-10,2025-08-10,Pago,fk_invalida:matricula_id
5826,486,2025-12-01,35,2025-03-12,2025-09-12,Pago,fk_invalida:matricula_id
5827,486,2026-01-01,699,2026-02-01,2026-12-01,Pago,fk_invalida:matricula_id
5833,487,2025-07-01,99,2025-02-07,,Vencido,fk_invalida:matricula_id
5835,487,2025-09-01,99,2025-04-09,2025-06-09,Pago,fk_invalida:matricula_id
5845,488,2025-07-01,35,2025-03-07,2025-01-07,Pago,fk_invalida:matricula_id
5846,488,2025-08-01,149,2025-01-08,2025-04-08,Pago,fk_invalida:matricula_id
5849,488,2025-11-01,199,2025-02-11,2025-12-11,Pago,fk_invalida:matricula_id
5857,489,2025-07-01,399,2025-01-07,2025-01-07,Pago,fk_invalida:matricula_id
5860,489,2025-10-01,399,2025-03-10,2025-10-10,Pago,fk_invalida:matricula_id
5861,489,2025-11-01,399,2025-03-11,2025-06-11,Pago,fk_invalida:matricula_id
5871,490,2025-09-01,399,2025-04-09,,Vencido,fk_invalida:matricula_id
5874,490,2025-12-01,109,2025-02-12,2025-07-12,Pago,fk_invalida:matricula_id
5878,490,2026-04-01,1199,2026-01-04,2026-06-04,Pago,fk_invalida:matricula_id
5886,491,2025-12-01,109,2025-01-12,,Vencido,fk_invalida:matricula_id
5889,491,2026-03-01,109,2026-02-03,2026-03-03,Pago,fk_invalida:matricula_id
5891,491,2026-05-01,149,2026-01-05,2026-02-05,Pago,fk_invalida:matricula_id
5895,492,2025-09-01,399,2025-03-09,2025-12-09,Pago,fk_invalida:matricula_id
5897,492,2025-11-01,1199,2025-01-11,2025-08-11,Pago,fk_invalida:matricula_id
5901,492,2026-03-01,99,2026-01-03,2026-01-03,Pago,fk_invalida:matricula_id
5907,493,2025-09-01,149,2025-04-09,2025-09-09,Pago,fk_invalida:matricula_id
5914,493,2026-04-01,399,2026-01-04,,Vencido,fk_invalida:matricula_id
5919,494,2025-09-01,99,2025-03-09,2025-07-09,Pago,fk_invalida:matricula_id
5927,494,2026-05-01,199,2026-02-05,2026-03-05,Pago,fk_invalida:matricula_id
5937,495,2026-03-01,35,2026-03-03,2026-09-03,Pago,fk_invalida:matricula_id
5942,496,2025-08-01,109,2025-02-08,2025-03-08,Pago,fk_invalida:matricula_id
5945,496,2025-11-01,149,2025-01-11,2025-04-11,Pago,fk_invalida:matricula_id
5953,497,2025-07-01,199,2025-01-07,2025-09-07,Pago,fk_invalida:matricula_id
5955,497,2025-09-01,109,2025-01-09,2025-10-09,Pago,fk_invalida:matricula_id
5961,497,2026-03-01,1199,2026-03-03,2026-07-03,Pago,fk_invalida:matricula_id
5965,498,2025-07-01,149,2025-02-07,,Vencido,fk_invalida:matricula_id
5966,498,2025-08-01,699,2025-02-08,2025-11-08,Pago,fk_invalida:matricula_id
5968,498,2025-10-01,699,2025-01-10,2025-01-10,Pago,fk_invalida:matricula_id
5969,498,2025-11-01,149,2025-02-11,2025-01-11,Pago,fk_invalida:matricula_id
5977,499,2025-07-01,399,2025-05-07,,Vencido,fk_invalida:matricula_id
5978,499,2025-08-01,149,2025-01-08,2025-07-08,Pago,fk_invalida:matricula_id
5979,499,2025-09-01,149,2025-02-09,,Vencido,fk_invalida:matricula_id
5989,500,2025-07-01,399,2025-02-07,2025-10-07,Pago,fk_invalida:matricula_id
5991,500,2025-09-01,699,2025-02-09,,Vencido,fk_invalida:matricula_id
5992,500,2025-10-01,699,2025-04-10,2025-12-10,Pago,fk_invalida:matricula_id
5993,500,2025-11-01,399,2025-03-11,2025-05-11,Pago,fk_invalida:matricula_id
5994,500,2025-12-01,109,2025-02-12,2025-09-12,Pago,fk_invalida:matricula_id
5997,500,2026-03-01,399,2026-03-03,2026-07-03,Pago,fk_invalida:matricula_id
5998,500,2026-04-01,149,2026-01-04,2026-08-04,Pago,fk_invalida:matricula_id
6001,501,2025-07-01,199,2025-01-07,2025-05-07,Pago,fk_invalida:matricula_id
6002,501,2025-08-01,1199,2025-02-08,,Vencido,fk_invalida:matricula_id
6004,501,2025-10-01,109,2025-04-10,2025-02-10,Pago,fk_invalida:matricula_id
6007,501,2026-01-01,109,2026-02-01,,Vencido,fk_invalida:matricula_id
6008,501,2026-02-01,149,2026-01-02,,Vencido,fk_invalida:matricula_id
6010,501,2026-04-01,199,2026-02-04,2026-05-04,Pago,fk_invalida:matricula_id
6011,501,2026-05-01,35,2026-02-05,,Vencido,fk_invalida:matricula_id
6013,502,2025-07-01,1199,2025-01-07,2025-12-07,Pago,fk_invalida:matricula_id
6014,502,2025-08-01,1199,2025-05-08,2025-03-08,Pago,fk_invalida:matricula_id
6015,502,2025-09-01,1199,2025-04-09,2025-05-09,Pago,fk_invalida:matricula_id
6018,502,2025-12-01,149,2025-03-12,2025-09-12,Pago,fk_invalida:matricula_id
6021,502,2026-03-01,399,2026-01-03,,Vencido,fk_invalida:matricula_id
6026,503,2025-08-01,199,2025-01-08,,Vencido,fk_invalida:matricula_id
6028,503,2025-10-01,99,2025-03-10,2025-08-10,Pago,fk_invalida:matricula_id
6029,503,2025-11-01,699,2025-02-11,2025-04-11,Pago,fk_invalida:matricula_id
6031,503,2026-01-01,99,2026-02-01,,Vencido,fk_invalida:matricula_id
6033,503,2026-03-01,149,2026-02-03,2026-12-03,Pago,fk_invalida:matricula_id
6035,503,2026-05-01,109,2026-02-05,2026-10-05,Pago,fk_invalida:matricula_id
6043,504,2026-01-01,35,2026-01-01,2026-08-01,Pago,fk_invalida:matricula_id
6044,504,2026-02-01,109,2026-01-02,2026-10-02,Pago,fk_invalida:matricula_id
6047,504,2026-05-01,699,2026-01-05,2026-08-05,Pago,fk_invalida:matricula_id
6049,505,2025-07-01,699,2025-06-07,2025-12-07,Pago,fk_invalida:matricula_id
6053,505,2025-11-01,99,2025-01-11,2025-07-11,Pago,fk_invalida:matricula_id
6060,505,2026-06-01,1199,2026-01-06,2026-10-06,Pago,fk_invalida:matricula_id
6061,506,2025-07-01,699,2025-02-07,2025-07-07,Pago,fk_invalida:matricula_id
6062,506,2025-08-01,99,2025-04-08,,Vencido,fk_invalida:matricula_id
6063,506,2025-09-01,699,2025-02-09,2025-01-09,Pago,fk_invalida:matricula_id
6073,507,2025-07-01,699,2025-01-07,,Vencido,fk_invalida:matricula_id
6074,507,2025-08-01,699,2025-03-08,2025-09-08,Pago,fk_invalida:matricula_id
6079,507,2026-01-01,399,2026-02-01,2026-03-01,Pago,fk_invalida:matricula_id
6085,508,2025-07-01,109,2025-01-07,2025-05-07,Pago,fk_invalida:matricula_id
6093,508,2026-03-01,699,2026-02-03,2026-07-03,Pago,fk_invalida:matricula_id
6096,508,2026-06-01,35,2026-01-06,2026-06-06,Pago,fk_invalida:matricula_id
6097,509,2025-07-01,35,2025-03-07,,Vencido,fk_invalida:matricula_id
6101,509,2025-11-01,99,2025-02-11,2025-12-11,Pago,fk_invalida:matricula_id
6102,509,2025-12-01,99,2025-01-12,2025-03-12,Pago,fk_invalida:matricula_id
6103,509,2026-01-01,699,2026-01-01,2026-02-01,Pago,fk_invalida:matricula_id
6109,510,2025-07-01,199,2025-06-07,2025-04-07,Pago,fk_invalida:matricula_id
6110,510,2025-08-01,35,2025-05-08,2025-07-08,Pago,fk_invalida:matricula_id
6114,510,2025-12-01,1199,2025-02-12,,Vencido,fk_invalida:matricula_id
6115,510,2026-01-01,109,2026-01-01,2026-08-01,Pago,fk_invalida:matricula_id
6121,511,2025-07-01,35,2025-04-07,2025-05-07,Pago,fk_invalida:matricula_id
6123,511,2025-09-01,109,2025-03-09,2025-07-09,Pago,fk_invalida:matricula_id
6124,511,2025-10-01,1199,2025-01-10,2025-03-10,Pago,fk_invalida:matricula_id
6135,512,2025-09-01,1199,2025-02-09,2025-08-09,Pago,fk_invalida:matricula_id
6137,512,2025-11-01,109,2025-03-11,2025-04-11,Pago,fk_invalida:matricula_id
6142,512,2026-04-01,1199,2026-02-04,2026-05-04,Pago,fk_invalida:matricula_id
6145,513,2025-07-01,1199,2025-03-07,2025-12-07,Pago,fk_invalida:matricula_id
6146,513,2025-08-01,199,2025-02-08,2025-02-08,Pago,fk_invalida:matricula_id
6147,513,2025-09-01,99,2025-02-09,2025-01-09,Pago,fk_invalida:matricula_id
6157,514,2025-07-01,99,2025-01-07,,Vencido,fk_invalida:matricula_id
6158,514,2025-08-01,1199,2025-05-08,2025-07-08,Pago,fk_invalida:matricula_id
6162,514,2025-12-01,35,2025-02-12,2025-06-12,Pago,fk_invalida:matricula_id
6165,514,2026-03-01,699,2026-01-03,2026-01-03,Pago,fk_invalida:matricula_id
6167,514,2026-05-01,109,2026-01-05,2026-12-05,Pago,fk_invalida:matricula_id
6169,515,2025-07-01,699,2025-04-07,2025-08-07,Pago,fk_invalida:matricula_id
6170,515,2025-08-01,99,2025-04-08,2025-05-08,Pago,fk_invalida:matricula_id
6172,515,2025-10-01,699,2025-02-10,2025-07-10,Pago,fk_invalida:matricula_id
6176,515,2026-02-01,149,2026-01-02,2026-01-02,Pago,fk_invalida:matricula_id
6181,516,2025-07-01,699,2025-01-07,2025-03-07,Pago,fk_invalida:matricula_id
6183,516,2025-09-01,1199,2025-02-09,2025-06-09,Pago,fk_invalida:matricula_id
6185,516,2025-11-01,149,2025-02-11,2025-06-11,Pago,fk_invalida:matricula_id
6192,516,2026-06-01,149,2026-01-06,2026-07-06,Pago,fk_invalida:matricula_id
6195,517,2025-09-01,199,2025-03-09,2025-04-09,Pago,fk_invalida:matricula_id
6202,517,2026-04-01,99,2026-02-04,2026-06-04,Pago,fk_invalida:matricula_id
6205,518,2025-07-01,1199,2025-02-07,2025-07-07,Pago,fk_invalida:matricula_id
6207,518,2025-09-01,109,2025-03-09,2025-08-09,Pago,fk_invalida:matricula_id
6209,518,2025-11-01,699,2025-01-11,2025-08-11,Pago,fk_invalida:matricula_id
6211,518,2026-01-01,109,2026-02-01,2026-07-01,Pago,fk_invalida:matricula_id
6213,518,2026-03-01,199,2026-01-03,2026-01-03,Pago,fk_invalida:matricula_id
6220,519,2025-10-01,1199,2025-03-10,2025-08-10,Pago,fk_invalida:matricula_id
6221,519,2025-11-01,149,2025-02-11,2025-12-11,Pago,fk_invalida:matricula_id
6225,519,2026-03-01,699,2026-01-03,,Vencido,fk_invalida:matricula_id
6229,520,2025-07-01,99,2025-04-07,2025-05-07,Pago,fk_invalida:matricula_id
6230,520,2025-08-01,399,2025-04-08,2025-12-08,Pago,fk_invalida:matricula_id
6231,520,2025-09-01,149,2025-02-09,2025-10-09,Pago,fk_invalida:matricula_id
6233,520,2025-11-01,99,2025-03-11,,Vencido,fk_invalida:matricula_id
6234,520,2025-12-01,399,2025-02-12,2025-03-12,Pago,fk_invalida:matricula_id
6237,520,2026-03-01,35,2026-02-03,2026-03-03,Pago,fk_invalida:matricula_id
6241,521,2025-07-01,99,2025-05-07,2025-04-07,Pago,fk_invalida:matricula_id
6244,521,2025-10-01,149,2025-03-10,2025-01-10,Pago,fk_invalida:matricula_id
6253,522,2025-07-01,99,2025-05-07,2025-07-07,Pago,fk_invalida:matricula_id
6254,522,2025-08-01,35,2025-03-08,2025-05-08,Pago,fk_invalida:matricula_id
6255,522,2025-09-01,199,2025-04-09,2025-07-09,Pago,fk_invalida:matricula_id
6257,522,2025-11-01,199,2025-03-11,2025-02-11,Pago,fk_invalida:matricula_id
6261,522,2026-03-01,199,2026-01-03,2026-08-03,Pago,fk_invalida:matricula_id
6263,522,2026-05-01,109,2026-02-05,2026-04-05,Pago,fk_invalida:matricula_id
6265,523,2025-07-01,35,2025-05-07,2025-04-07,Pago,fk_invalida:matricula_id
6267,523,2025-09-01,109,2025-01-09,2025-02-09,Pago,fk_invalida:matricula_id
6274,523,2026-04-01,35,2026-02-04,2026-10-04,Pago,fk_invalida:matricula_id
6275,523,2026-05-01,1199,2026-01-05,2026-02-05,Pago,fk_invalida:matricula_id
6277,524,2025-07-01,699,2025-02-07,,Vencido,fk_invalida:matricula_id
6278,524,2025-08-01,109,2025-03-08,2025-10-08,Pago,fk_invalida:matricula_id
6280,524,2025-10-01,399,2025-04-10,2025-10-10,Pago,fk_invalida:matricula_id
6282,524,2025-12-01,99,2025-03-12,2025-01-12,Pago,fk_invalida:matricula_id
6290,525,2025-08-01,199,2025-03-08,2025-01-08,Pago,fk_invalida:matricula_id
6292,525,2025-10-01,1199,2025-03-10,2025-01-10,Pago,fk_invalida:matricula_id
6293,525,2025-11-01,149,2025-01-11,2025-10-11,Pago,fk_invalida:matricula_id
6294,525,2025-12-01,399,2025-03-12,,Vencido,fk_invalida:matricula_id
6301,526,2025-07-01,699,2025-05-07,2025-12-07,Pago,fk_invalida:matricula_id
6302,526,2025-08-01,399,2025-02-08,2025-11-08,Pago,fk_invalida:matricula_id
6309,526,2026-03-01,149,2026-01-03,2026-02-03,Pago,fk_invalida:matricula_id
6313,527,2025-07-01,699,2025-01-07,2025-06-07,Pago,fk_invalida:matricula_id
6316,527,2025-10-01,109,2025-02-10,2025-09-10,Pago,fk_invalida:matricula_id
6318,527,2025-12-01,1199,2025-02-12,,Vencido,fk_invalida:matricula_id
6325,528,2025-07-01,109,2025-02-07,2025-03-07,Pago,fk_invalida:matricula_id
6326,528,2025-08-01,109,2025-01-08,2025-03-08,Pago,fk_invalida:matricula_id
6327,528,2025-09-01,35,2025-01-09,2025-09-09,Pago,fk_invalida:matricula_id
6328,528,2025-10-01,1199,2025-02-10,2025-09-10,Pago,fk_invalida:matricula_id
6338,529,2025-08-01,1199,2025-05-08,2025-03-08,Pago,fk_invalida:matricula_id
6341,529,2025-11-01,35,2025-02-11,2025-11-11,Pago,fk_invalida:matricula_id
6342,529,2025-12-01,99,2025-03-12,2025-08-12,Pago,fk_invalida:matricula_id
6361,531,2025-07-01,399,2025-04-07,2025-11-07,Pago,fk_invalida:matricula_id
6365,531,2025-11-01,99,2025-01-11,2025-05-11,Pago,fk_invalida:matricula_id
6373,532,2025-07-01,149,2025-01-07,2025-12-07,Pago,fk_invalida:matricula_id
6374,532,2025-08-01,199,2025-02-08,2025-05-08,Pago,fk_invalida:matricula_id
6378,532,2025-12-01,35,2025-02-12,2025-06-12,Pago,fk_invalida:matricula_id
6381,532,2026-03-01,699,2026-03-03,2026-01-03,Pago,fk_invalida:matricula_id
6385,533,2025-07-01,35,2025-03-07,2025-01-07,Pago,fk_invalida:matricula_id
6389,533,2025-11-01,149,2025-01-11,2025-05-11,Pago,fk_invalida:matricula_id
6390,533,2025-12-01,699,2025-02-12,2025-06-12,Pago,fk_invalida:matricula_id
6398,534,2025-08-01,149,2025-03-08,2025-08-08,Pago,fk_invalida:matricula_id
6400,534,2025-10-01,109,2025-02-10,2025-07-10,Pago,fk_invalida:matricula_id
6409,535,2025-07-01,35,2025-05-07,2025-12-07,Pago,fk_invalida:matricula_id
6410,535,2025-08-01,99,2025-03-08,2025-02-08,Pago,fk_invalida:matricula_id
6423,536,2025-09-01,399,2025-03-09,,Vencido,fk_invalida:matricula_id
6435,537,2025-09-01,99,2025-03-09,,Vencido,fk_invalida:matricula_id
6436,537,2025-10-01,199,2025-03-10,2025-04-10,Pago,fk_invalida:matricula_id
6440,537,2026-02-01,699,2026-01-02,2026-11-02,Pago,fk_invalida:matricula_id
6445,538,2025-07-01,399,2025-01-07,2025-01-07,Pago,fk_invalida:matricula_id
6448,538,2025-10-01,399,2025-02-10,,Vencido,fk_invalida:matricula_id
6458,539,2025-08-01,1199,2025-03-08,,Vencido,fk_invalida:matricula_id
6459,539,2025-09-01,699,2025-03-09,2025-02-09,Pago,fk_invalida:matricula_id
6465,539,2026-03-01,399,2026-02-03,2026-03-03,Pago,fk_invalida:matricula_id
6469,540,2025-07-01,99,2025-01-07,2025-02-07,Pago,fk_invalida:matricula_id
6471,540,2025-09-01,149,2025-04-09,2025-08-09,Pago,fk_invalida:matricula_id
6472,540,2025-10-01,199,2025-04-10,2025-04-10,Pago,fk_invalida:matricula_id
6474,540,2025-12-01,1199,2025-03-12,2025-05-12,Pago,fk_invalida:matricula_id
6477,540,2026-03-01,35,2026-03-03,2026-04-03,Pago,fk_invalida:matricula_id
6481,541,2025-07-01,109,2025-06-07,,Vencido,fk_invalida:matricula_id
6482,541,2025-08-01,399,2025-02-08,2025-02-08,Pago,fk_invalida:matricula_id
6483,541,2025-09-01,399,2025-02-09,2025-07-09,Pago,fk_invalida:matricula_id
6484,541,2025-10-01,109,2025-04-10,2025-11-10,Pago,fk_invalida:matricula_id
6485,541,2025-11-01,199,2025-02-11,2025-06-11,Pago,fk_invalida:matricula_id
6487,541,2026-01-01,35,2026-01-01,,Vencido,fk_invalida:matricula_id
6494,542,2025-08-01,399,2025-04-08,2025-05-08,Pago,fk_invalida:matricula_id
6497,542,2025-11-01,99,2025-02-11,2025-07-11,Pago,fk_invalida:matricula_id
6501,542,2026-03-01,399,2026-03-03,2026-09-03,Pago,fk_invalida:matricula_id
6506,543,2025-08-01,699,2025-05-08,,Vencido,fk_invalida:matricula_id
6511,543,2026-01-01,1199,2026-01-01,2026-12-01,Pago,fk_invalida:matricula_id
6513,543,2026-03-01,109,2026-01-03,2026-01-03,Pago,fk_invalida:matricula_id
6519,544,2025-09-01,1199,2025-01-09,2025-08-09,Pago,fk_invalida:matricula_id
6530,545,2025-08-01,1199,2025-01-08,2025-01-08,Pago,fk_invalida:matricula_id
6532,545,2025-10-01,199,2025-01-10,,Vencido,fk_invalida:matricula_id
6537,545,2026-03-01,99,2026-03-03,,Vencido,fk_invalida:matricula_id
6541,546,2025-07-01,109,2025-05-07,2025-09-07,Pago,fk_invalida:matricula_id
6546,546,2025-12-01,399,2025-01-12,2025-10-12,Pago,fk_invalida:matricula_id
6549,546,2026-03-01,399,2026-02-03,2026-02-03,Pago,fk_invalida:matricula_id
6553,547,2025-07-01,399,2025-05-07,2025-11-07,Pago,fk_invalida:matricula_id
6555,547,2025-09-01,699,2025-03-09,2025-05-09,Pago,fk_invalida:matricula_id
6556,547,2025-10-01,199,2025-04-10,2025-02-10,Pago,fk_invalida:matricula_id
6558,547,2025-12-01,399,2025-03-12,2025-11-12,Pago,fk_invalida:matricula_id
6565,548,2025-07-01,699,2025-02-07,,Vencido,fk_invalida:matricula_id
6568,548,2025-10-01,99,2025-04-10,2025-06-10,Pago,fk_invalida:matricula_id
6575,548,2026-05-01,1199,2026-02-05,2026-02-05,Pago,fk_invalida:matricula_id
6579,549,2025-09-01,399,2025-04-09,2025-03-09,Pago,fk_invalida:matricula_id
6582,549,2025-12-01,99,2025-01-12,2025-04-12,Pago,fk_invalida:matricula_id
6583,549,2026-01-01,35,2026-01-01,2026-07-01,Pago,fk_invalida:matricula_id
6585,549,2026-03-01,35,2026-01-03,,Vencido,fk_invalida:matricula_id
6588,549,2026-06-01,109,2026-01-06,2026-01-06,Pago,fk_invalida:matricula_id
6589,550,2025-07-01,149,2025-02-07,2025-01-07,Pago,fk_invalida:matricula_id
6590,550,2025-08-01,1199,2025-01-08,2025-07-08,Pago,fk_invalida:matricula_id
6592,550,2025-10-01,35,2025-03-10,2025-11-10,Pago,fk_invalida:matricula_id
6594,550,2025-12-01,35,2025-02-12,2025-08-12,Pago,fk_invalida:matricula_id
6595,550,2026-01-01,149,2026-02-01,2026-08-01,Pago,fk_invalida:matricula_id
6607,551,2026-01-01,35,2026-02-01,2026-10-01,Pago,fk_invalida:matricula_id
6613,552,2025-07-01,35,2025-03-07,2025-08-07,Pago,fk_invalida:matricula_id
6616,552,2025-10-01,99,2025-01-10,2025-03-10,Pago,fk_invalida:matricula_id
6621,552,2026-03-01,35,2026-02-03,,Vencido,fk_invalida:matricula_id
6623,552,2026-05-01,149,2026-01-05,2026-02-05,Pago,fk_invalida:matricula_id
6625,553,2025-07-01,399,2025-05-07,2025-07-07,Pago,fk_invalida:matricula_id
6626,553,2025-08-01,199,2025-01-08,2025-12-08,Pago,fk_invalida:matricula_id
6628,553,2025-10-01,699,2025-03-10,2025-10-10,Pago,fk_invalida:matricula_id
6631,553,2026-01-01,99,2026-01-01,2026-05-01,Pago,fk_invalida:matricula_id
6638,554,2025-08-01,35,2025-05-08,2025-02-08,Pago,fk_invalida:matricula_id
6640,554,2025-10-01,149,2025-01-10,2025-05-10,Pago,fk_invalida:matricula_id
6642,554,2025-12-01,199,2025-03-12,2025-03-12,Pago,fk_invalida:matricula_id
6643,554,2026-01-01,99,2026-02-01,2026-12-01,Pago,fk_invalida:matricula_id
6647,554,2026-05-01,399,2026-01-05,2026-08-05,Pago,fk_invalida:matricula_id
6650,555,2025-08-01,149,2025-02-08,2025-10-08,Pago,fk_invalida:matricula_id
6652,555,2025-10-01,99,2025-04-10,2025-03-10,Pago,fk_invalida:matricula_id
6653,555,2025-11-01,149,2025-01-11,,Vencido,fk_invalida:matricula_id
6654,555,2025-12-01,99,2025-03-12,,Vencido,fk_invalida:matricula_id
6663,556,2025-09-01,1199,2025-02-09,2025-07-09,Pago,fk_invalida:matricula_id
6667,556,2026-01-01,199,2026-01-01,2026-08-01,Pago,fk_invalida:matricula_id
6670,556,2026-04-01,109,2026-02-04,2026-03-04,Pago,fk_invalida:matricula_id
6671,556,2026-05-01,109,2026-01-05,2026-11-05,Pago,fk_invalida:matricula_id
6676,557,2025-10-01,399,2025-02-10,2025-02-10,Pago,fk_invalida:matricula_id
6677,557,2025-11-01,99,2025-02-11,2025-11-11,Pago,fk_invalida:matricula_id
6681,557,2026-03-01,399,2026-02-03,2026-07-03,Pago,fk_invalida:matricula_id
6685,558,2025-07-01,35,2025-01-07,2025-11-07,Pago,fk_invalida:matricula_id
6686,558,2025-08-01,99,2025-04-08,,Vencido,fk_invalida:matricula_id
6697,559,2025-07-01,199,2025-05-07,2025-05-07,Pago,fk_invalida:matricula_id
6701,559,2025-11-01,199,2025-02-11,2025-02-11,Pago,fk_invalida:matricula_id
6703,559,2026-01-01,149,2026-02-01,2026-11-01,Pago,fk_invalida:matricula_id
6709,560,2025-07-01,99,2025-05-07,2025-11-07,Pago,fk_invalida:matricula_id
6721,561,2025-07-01,199,2025-02-07,2025-10-07,Pago,fk_invalida:matricula_id
6723,561,2025-09-01,199,2025-03-09,2025-05-09,Pago,fk_invalida:matricula_id
6728,561,2026-02-01,109,2026-01-02,2026-07-02,Pago,fk_invalida:matricula_id
6733,562,2025-07-01,109,2025-01-07,2025-06-07,Pago,fk_invalida:matricula_id
6735,562,2025-09-01,1199,2025-02-09,2025-02-09,Pago,fk_invalida:matricula_id
6736,562,2025-10-01,399,2025-03-10,2025-02-10,Pago,fk_invalida:matricula_id
6737,562,2025-11-01,109,2025-03-11,2025-07-11,Pago,fk_invalida:matricula_id
6739,562,2026-01-01,199,2026-01-01,2026-10-01,Pago,fk_invalida:matricula_id
6741,562,2026-03-01,149,2026-02-03,2026-03-03,Pago,fk_invalida:matricula_id
6742,562,2026-04-01,99,2026-02-04,2026-10-04,Pago,fk_invalida:matricula_id
6743,562,2026-05-01,699,2026-01-05,2026-05-05,Pago,fk_invalida:matricula_id
6749,563,2025-11-01,399,2025-01-11,2025-08-11,Pago,fk_invalida:matricula_id
6757,564,2025-07-01,199,2025-02-07,2025-04-07,Pago,fk_invalida:matricula_id
6761,564,2025-11-01,399,2025-03-11,,Vencido,fk_invalida:matricula_id
6765,564,2026-03-01,109,2026-03-03,2026-11-03,Pago,fk_invalida:matricula_id
6776,565,2026-02-01,109,2026-01-02,,Vencido,fk_invalida:matricula_id
6778,565,2026-04-01,399,2026-01-04,2026-03-04,Pago,fk_invalida:matricula_id
6782,566,2025-08-01,699,2025-02-08,,Vencido,fk_invalida:matricula_id
6783,566,2025-09-01,35,2025-03-09,2025-01-09,Pago,fk_invalida:matricula_id
6784,566,2025-10-01,149,2025-04-10,2025-09-10,Pago,fk_invalida:matricula_id
6786,566,2025-12-01,699,2025-03-12,2025-03-12,Pago,fk_invalida:matricula_id
6793,567,2025-07-01,699,2025-05-07,2025-04-07,Pago,fk_invalida:matricula_id
6794,567,2025-08-01,1199,2025-02-08,,Vencido,fk_invalida:matricula_id
6795,567,2025-09-01,99,2025-04-09,,Vencido,fk_invalida:matricula_id
6796,567,2025-10-01,1199,2025-01-10,,Vencido,fk_invalida:matricula_id
6798,567,2025-12-01,99,2025-02-12,,Vencido,fk_invalida:matricula_id
6802,567,2026-04-01,399,2026-01-04,,Vencido,fk_invalida:matricula_id
6808,568,2025-10-01,399,2025-02-10,,Vencido,fk_invalida:matricula_id
6809,568,2025-11-01,699,2025-02-11,2025-02-11,Pago,fk_invalida:matricula_id
6812,568,2026-02-01,699,2026-01-02,,Vencido,fk_invalida:matricula_id
6817,569,2025-07-01,399,2025-02-07,2025-04-07,Pago,fk_invalida:matricula_id
6819,569,2025-09-01,399,2025-03-09,2025-04-09,Pago,fk_invalida:matricula_id
6822,569,2025-12-01,1199,2025-02-12,2025-02-12,Pago,fk_invalida:matricula_id
6829,570,2025-07-01,109,2025-02-07,2025-01-07,Pago,fk_invalida:matricula_id
6830,570,2025-08-01,199,2025-04-08,2025-01-08,Pago,fk_invalida:matricula_id
6832,570,2025-10-01,35,2025-01-10,2025-05-10,Pago,fk_invalida:matricula_id
6835,570,2026-01-01,399,2026-01-01,,Vencido,fk_invalida:matricula_id
6837,570,2026-03-01,149,2026-02-03,2026-11-03,Pago,fk_invalida:matricula_id
6853,572,2025-07-01,35,2025-01-07,2025-06-07,Pago,fk_invalida:matricula_id
6854,572,2025-08-01,99,2025-02-08,2025-07-08,Pago,fk_invalida:matricula_id
6855,572,2025-09-01,149,2025-02-09,2025-03-09,Pago,fk_invalida:matricula_id
6856,572,2025-10-01,109,2025-02-10,,Vencido,fk_invalida:matricula_id
6862,572,2026-04-01,699,2026-02-04,2026-05-04,Pago,fk_invalida:matricula_id
6866,573,2025-08-01,99,2025-03-08,2025-07-08,Pago,fk_invalida:matricula_id
6867,573,2025-09-01,199,2025-04-09,2025-07-09,Pago,fk_invalida:matricula_id
6868,573,2025-10-01,99,2025-01-10,,Vencido,fk_invalida:matricula_id
6878,574,2025-08-01,1199,2025-01-08,,Vencido,fk_invalida:matricula_id
6883,574,2026-01-01,149,2026-01-01,,Vencido,fk_invalida:matricula_id
6886,574,2026-04-01,199,2026-02-04,2026-02-04,Pago,fk_invalida:matricula_id
6892,575,2025-10-01,149,2025-04-10,2025-06-10,Pago,fk_invalida:matricula_id
6898,575,2026-04-01,399,2026-02-04,2026-02-04,Pago,fk_invalida:matricula_id
6901,576,2025-07-01,1199,2025-01-07,,Vencido,fk_invalida:matricula_id
6903,576,2025-09-01,1199,2025-04-09,2025-08-09,Pago,fk_invalida:matricula_id
6906,576,2025-12-01,699,2025-02-12,2025-08-12,Pago,fk_invalida:matricula_id
6909,576,2026-03-01,109,2026-01-03,2026-10-03,Pago,fk_invalida:matricula_id
6914,577,2025-08-01,109,2025-03-08,2025-05-08,Pago,fk_invalida:matricula_id
6915,577,2025-09-01,149,2025-04-09,,Vencido,fk_invalida:matricula_id
6918,577,2025-12-01,99,2025-01-12,2025-07-12,Pago,fk_invalida:matricula_id
6925,578,2025-07-01,99,2025-01-07,2025-11-07,Pago,fk_invalida:matricula_id
6930,578,2025-12-01,149,2025-01-12,2025-04-12,Pago,fk_invalida:matricula_id
6933,578,2026-03-01,399,2026-03-03,2026-04-03,Pago,fk_invalida:matricula_id
6934,578,2026-04-01,199,2026-01-04,2026-03-04,Pago,fk_invalida:matricula_id
6937,579,2025-07-01,149,2025-02-07,2025-12-07,Pago,fk_invalida:matricula_id
6938,579,2025-08-01,109,2025-03-08,2025-10-08,Pago,fk_invalida:matricula_id
6941,579,2025-11-01,1199,2025-02-11,2025-01-11,Pago,fk_invalida:matricula_id
6946,579,2026-04-01,35,2026-01-04,2026-06-04,Pago,fk_invalida:matricula_id
6951,580,2025-09-01,1199,2025-02-09,2025-12-09,Pago,fk_invalida:matricula_id
6952,580,2025-10-01,99,2025-04-10,2025-11-10,Pago,fk_invalida:matricula_id
6959,580,2026-05-01,109,2026-01-05,2026-08-05,Pago,fk_invalida:matricula_id
6961,581,2025-07-01,99,2025-06-07,2025-11-07,Pago,fk_invalida:matricula_id
6966,581,2025-12-01,199,2025-02-12,2025-09-12,Pago,fk_invalida:matricula_id
6968,581,2026-02-01,99,2026-01-02,2026-02-02,Pago,fk_invalida:matricula_id
6972,581,2026-06-01,199,2026-01-06,2026-05-06,Pago,fk_invalida:matricula_id
6975,582,2025-09-01,149,2025-04-09,2025-11-09,Pago,fk_invalida:matricula_id
6977,582,2025-11-01,99,2025-02-11,2025-01-11,Pago,fk_invalida:matricula_id
6981,582,2026-03-01,149,2026-01-03,2026-06-03,Pago,fk_invalida:matricula_id
6985,583,2025-07-01,149,2025-05-07,,Vencido,fk_invalida:matricula_id
6988,583,2025-10-01,149,2025-01-10,2025-11-10,Pago,fk_invalida:matricula_id
6990,583,2025-12-01,399,2025-01-12,,Vencido,fk_invalida:matricula_id
6993,583,2026-03-01,149,2026-01-03,2026-03-03,Pago,fk_invalida:matricula_id
6997,584,2025-07-01,109,2025-04-07,,Vencido,fk_invalida:matricula_id
6998,584,2025-08-01,99,2025-03-08,2025-12-08,Pago,fk_invalida:matricula_id
7000,584,2025-10-01,35,2025-03-10,,Vencido,fk_invalida:matricula_id
7011,585,2025-09-01,199,2025-01-09,2025-07-09,Pago,fk_invalida:matricula_id
7012,585,2025-10-01,149,2025-04-10,2025-03-10,Pago,fk_invalida:matricula_id
7021,586,2025-07-01,399,2025-02-07,2025-08-07,Pago,fk_invalida:matricula_id
7033,587,2025-07-01,1199,2025-05-07,2025-11-07,Pago,fk_invalida:matricula_id
7035,587,2025-09-01,199,2025-03-09,2025-12-09,Pago,fk_invalida:matricula_id
7036,587,2025-10-01,35,2025-03-10,2025-12-10,Pago,fk_invalida:matricula_id
7042,587,2026-04-01,199,2026-01-04,2026-03-04,Pago,fk_invalida:matricula_id
7045,588,2025-07-01,199,2025-04-07,2025-08-07,Pago,fk_invalida:matricula_id
7046,588,2025-08-01,1199,2025-04-08,2025-07-08,Pago,fk_invalida:matricula_id
7049,588,2025-11-01,399,2025-03-11,2025-05-11,Pago,fk_invalida:matricula_id
7055,588,2026-05-01,99,2026-02-05,2026-12-05,Pago,fk_invalida:matricula_id
7060,589,2025-10-01,199,2025-01-10,,Vencido,fk_invalida:matricula_id
7062,589,2025-12-01,1199,2025-03-12,2025-10-12,Pago,fk_invalida:matricula_id
7063,589,2026-01-01,1199,2026-01-01,2026-06-01,Pago,fk_invalida:matricula_id
7065,589,2026-03-01,35,2026-02-03,2026-08-03,Pago,fk_invalida:matricula_id
7067,589,2026-05-01,149,2026-02-05,,Vencido,fk_invalida:matricula_id
7070,590,2025-08-01,399,2025-02-08,2025-01-08,Pago,fk_invalida:matricula_id
7071,590,2025-09-01,99,2025-03-09,2025-05-09,Pago,fk_invalida:matricula_id
7072,590,2025-10-01,109,2025-01-10,2025-03-10,Pago,fk_invalida:matricula_id
7077,590,2026-03-01,199,2026-02-03,2026-01-03,Pago,fk_invalida:matricula_id
7078,590,2026-04-01,699,2026-02-04,2026-02-04,Pago,fk_invalida:matricula_id
7081,591,2025-07-01,1199,2025-06-07,2025-05-07,Pago,fk_invalida:matricula_id
7085,591,2025-11-01,35,2025-03-11,2025-12-11,Pago,fk_invalida:matricula_id
7086,591,2025-12-01,99,2025-02-12,2025-11-12,Pago,fk_invalida:matricula_id
7089,591,2026-03-01,399,2026-01-03,,Vencido,fk_invalida:matricula_id
7094,592,2025-08-01,399,2025-01-08,,Vencido,fk_invalida:matricula_id
7095,592,2025-09-01,99,2025-01-09,2025-12-09,Pago,fk_invalida:matricula_id
7105,593,2025-07-01,109,2025-04-07,2025-02-07,Pago,fk_invalida:matricula_id
7108,593,2025-10-01,109,2025-02-10,2025-05-10,Pago,fk_invalida:matricula_id
7113,593,2026-03-01,35,2026-01-03,2026-08-03,Pago,fk_invalida:matricula_id
7117,594,2025-07-01,109,2025-01-07,,Vencido,fk_invalida:matricula_id
7118,594,2025-08-01,399,2025-04-08,,Vencido,fk_invalida:matricula_id
7119,594,2025-09-01,1199,2025-02-09,2025-08-09,Pago,fk_invalida:matricula_id
7121,594,2025-11-01,99,2025-02-11,2025-09-11,Pago,fk_invalida:matricula_id
7130,595,2025-08-01,399,2025-04-08,2025-05-08,Pago,fk_invalida:matricula_id
7134,595,2025-12-01,149,2025-01-12,2025-10-12,Pago,fk_invalida:matricula_id
7139,595,2026-05-01,99,2026-02-05,2026-07-05,Pago,fk_invalida:matricula_id
7141,596,2025-07-01,399,2025-05-07,2025-03-07,Pago,fk_invalida:matricula_id
7142,596,2025-08-01,1199,2025-04-08,2025-11-08,Pago,fk_invalida:matricula_id
7146,596,2025-12-01,199,2025-01-12,2025-08-12,Pago,fk_invalida:matricula_id
7148,596,2026-02-01,99,2026-01-02,2026-11-02,Pago,fk_invalida:matricula_id
7156,597,2025-10-01,199,2025-04-10,2025-06-10,Pago,fk_invalida:matricula_id
7157,597,2025-11-01,99,2025-01-11,,Vencido,fk_invalida:matricula_id
7158,597,2025-12-01,199,2025-01-12,,Vencido,fk_invalida:matricula_id
7165,598,2025-07-01,35,2025-01-07,,Vencido,fk_invalida:matricula_id
7166,598,2025-08-01,399,2025-01-08,2025-05-08,Pago,fk_invalida:matricula_id
7170,598,2025-12-01,149,2025-03-12,2025-01-12,Pago,fk_invalida:matricula_id
7172,598,2026-02-01,35,2026-01-02,2026-04-02,Pago,fk_invalida:matricula_id
7174,598,2026-04-01,1199,2026-01-04,2026-06-04,Pago,fk_invalida:matricula_id
7175,598,2026-05-01,399,2026-01-05,2026-01-05,Pago,fk_invalida:matricula_id
7178,599,2025-08-01,149,2025-02-08,2025-04-08,Pago,fk_invalida:matricula_id
7189,600,2025-07-01,99,2025-01-07,2025-09-07,Pago,fk_invalida:matricula_id
7193,600,2025-11-01,35,2025-03-11,2025-09-11,Pago,fk_invalida:matricula_id
7197,600,2026-03-01,699,2026-01-03,2026-09-03,Pago,fk_invalida:matricula_id
7198,600,2026-04-01,699,2026-01-04,2026-02-04,Pago,fk_invalida:matricula_id
7201,601,2025-07-01,99,2025-01-07,2025-09-07,Pago,fk_invalida:matricula_id
7202,601,2025-08-01,149,2025-05-08,,Vencido,fk_invalida:matricula_id
7203,601,2025-09-01,109,2025-04-09,2025-09-09,Pago,fk_invalida:matricula_id
7208,601,2026-02-01,35,2026-01-02,2026-07-02,Pago,fk_invalida:matricula_id
7213,602,2025-07-01,199,2025-05-07,2025-02-07,Pago,fk_invalida:matricula_id
7214,602,2025-08-01,109,2025-03-08,2025-04-08,Pago,fk_invalida:matricula_id
7217,602,2025-11-01,149,2025-01-11,2025-11-11,Pago,fk_invalida:matricula_id
7218,602,2025-12-01,199,2025-03-12,2025-11-12,Pago,fk_invalida:matricula_id
7224,602,2026-06-01,399,2026-01-06,2026-03-06,Pago,fk_invalida:matricula_id
7233,603,2026-03-01,199,2026-02-03,2026-02-03,Pago,fk_invalida:matricula_id
7237,604,2025-07-01,399,2025-03-07,,Vencido,fk_invalida:matricula_id
7238,604,2025-08-01,35,2025-05-08,2025-04-08,Pago,fk_invalida:matricula_id
7244,604,2026-02-01,199,2026-01-02,2026-05-02,Pago,fk_invalida:matricula_id
7250,605,2025-08-01,109,2025-03-08,2025-11-08,Pago,fk_invalida:matricula_id
7251,605,2025-09-01,699,2025-04-09,2025-12-09,Pago,fk_invalida:matricula_id
7254,605,2025-12-01,109,2025-01-12,2025-02-12,Pago,fk_invalida:matricula_id
7257,605,2026-03-01,699,2026-02-03,2026-01-03,Pago,fk_invalida:matricula_id
7258,605,2026-04-01,35,2026-02-04,2026-03-04,Pago,fk_invalida:matricula_id
7262,606,2025-08-01,1199,2025-05-08,2025-02-08,Pago,fk_invalida:matricula_id
7266,606,2025-12-01,199,2025-01-12,2025-07-12,Pago,fk_invalida:matricula_id
7270,606,2026-04-01,109,2026-02-04,2026-06-04,Pago,fk_invalida:matricula_id
7271,606,2026-05-01,1199,2026-02-05,2026-12-05,Pago,fk_invalida:matricula_id
7279,607,2026-01-01,199,2026-02-01,2026-08-01,Pago,fk_invalida:matricula_id
7281,607,2026-03-01,35,2026-01-03,,Vencido,fk_invalida:matricula_id
7285,608,2025-07-01,399,2025-03-07,,Vencido,fk_invalida:matricula_id
7286,608,2025-08-01,35,2025-02-08,2025-02-08,Pago,fk_invalida:matricula_id
7287,608,2025-09-01,399,2025-01-09,2025-04-09,Pago,fk_invalida:matricula_id
7288,608,2025-10-01,109,2025-02-10,2025-01-10,Pago,fk_invalida:matricula_id
7293,608,2026-03-01,199,2026-02-03,2026-04-03,Pago,fk_invalida:matricula_id
7298,609,2025-08-01,699,2025-04-08,2025-11-08,Pago,fk_invalida:matricula_id
7305,609,2026-03-01,109,2026-03-03,,Vencido,fk_invalida:matricula_id
7309,610,2025-07-01,35,2025-02-07,2025-11-07,Pago,fk_invalida:matricula_id
7310,610,2025-08-01,149,2025-02-08,2025-06-08,Pago,fk_invalida:matricula_id
7324,611,2025-10-01,149,2025-04-10,2025-06-10,Pago,fk_invalida:matricula_id
7325,611,2025-11-01,149,2025-01-11,2025-02-11,Pago,fk_invalida:matricula_id
7327,611,2026-01-01,199,2026-02-01,2026-02-01,Pago,fk_invalida:matricula_id
7334,612,2025-08-01,699,2025-05-08,2025-02-08,Pago,fk_invalida:matricula_id
7336,612,2025-10-01,699,2025-04-10,2025-10-10,Pago,fk_invalida:matricula_id
7337,612,2025-11-01,699,2025-01-11,2025-08-11,Pago,fk_invalida:matricula_id
7341,612,2026-03-01,99,2026-03-03,2026-06-03,Pago,fk_invalida:matricula_id
7342,612,2026-04-01,199,2026-01-04,2026-08-04,Pago,fk_invalida:matricula_id
7348,613,2025-10-01,199,2025-02-10,2025-09-10,Pago,fk_invalida:matricula_id
7353,613,2026-03-01,1199,2026-03-03,,Vencido,fk_invalida:matricula_id
7354,613,2026-04-01,149,2026-02-04,2026-07-04,Pago,fk_invalida:matricula_id
7359,614,2025-09-01,1199,2025-02-09,2025-10-09,Pago,fk_invalida:matricula_id
7367,614,2026-05-01,35,2026-01-05,,Vencido,fk_invalida:matricula_id
7369,615,2025-07-01,99,2025-01-07,2025-04-07,Pago,fk_invalida:matricula_id
7370,615,2025-08-01,199,2025-03-08,,Vencido,fk_invalida:matricula_id
7373,615,2025-11-01,199,2025-01-11,2025-01-11,Pago,fk_invalida:matricula_id
7377,615,2026-03-01,109,2026-01-03,2026-04-03,Pago,fk_invalida:matricula_id
7385,616,2025-11-01,99,2025-03-11,,Vencido,fk_invalida:matricula_id
7386,616,2025-12-01,199,2025-01-12,2025-05-12,Pago,fk_invalida:matricula_id
7393,617,2025-07-01,699,2025-01-07,,Vencido,fk_invalida:matricula_id
7395,617,2025-09-01,699,2025-02-09,,Vencido,fk_invalida:matricula_id
7396,617,2025-10-01,1199,2025-03-10,,Vencido,fk_invalida:matricula_id
7405,618,2025-07-01,35,2025-02-07,2025-10-07,Pago,fk_invalida:matricula_id
7406,618,2025-08-01,199,2025-01-08,2025-02-08,Pago,fk_invalida:matricula_id
7407,618,2025-09-01,1199,2025-02-09,2025-04-09,Pago,fk_invalida:matricula_id
7408,618,2025-10-01,1199,2025-03-10,,Vencido,fk_invalida:matricula_id
7417,619,2025-07-01,1199,2025-02-07,,Vencido,fk_invalida:matricula_id
7418,619,2025-08-01,109,2025-02-08,2025-02-08,Pago,fk_invalida:matricula_id
7423,619,2026-01-01,699,2026-02-01,2026-09-01,Pago,fk_invalida:matricula_id
7427,619,2026-05-01,199,2026-02-05,,Vencido,fk_invalida:matricula_id
7430,620,2025-08-01,35,2025-02-08,2025-04-08,Pago,fk_invalida:matricula_id
7432,620,2025-10-01,109,2025-01-10,2025-05-10,Pago,fk_invalida:matricula_id
7437,620,2026-03-01,35,2026-01-03,2026-06-03,Pago,fk_invalida:matricula_id
7441,621,2025-07-01,109,2025-06-07,2025-07-07,Pago,fk_invalida:matricula_id
7442,621,2025-08-01,1199,2025-02-08,2025-04-08,Pago,fk_invalida:matricula_id
7443,621,2025-09-01,99,2025-01-09,2025-01-09,Pago,fk_invalida:matricula_id
7449,621,2026-03-01,109,2026-03-03,2026-05-03,Pago,fk_invalida:matricula_id
7454,622,2025-08-01,1199,2025-04-08,,Vencido,fk_invalida:matricula_id
7458,622,2025-12-01,149,2025-01-12,2025-02-12,Pago,fk_invalida:matricula_id
7472,623,2026-02-01,199,2026-01-02,,Vencido,fk_invalida:matricula_id
7483,624,2026-01-01,149,2026-02-01,2026-09-01,Pago,fk_invalida:matricula_id
7485,624,2026-03-01,99,2026-02-03,,Vencido,fk_invalida:matricula_id
7489,625,2025-07-01,199,2025-05-07,2025-03-07,Pago,fk_invalida:matricula_id
7490,625,2025-08-01,99,2025-01-08,2025-06-08,Pago,fk_invalida:matricula_id
7491,625,2025-09-01,199,2025-01-09,2025-01-09,Pago,fk_invalida:matricula_id
7493,625,2025-11-01,149,2025-02-11,2025-01-11,Pago,fk_invalida:matricula_id
7496,625,2026-02-01,35,2026-01-02,2026-11-02,Pago,fk_invalida:matricula_id
7501,626,2025-07-01,699,2025-04-07,2025-03-07,Pago,fk_invalida:matricula_id
7502,626,2025-08-01,1199,2025-04-08,2025-04-08,Pago,fk_invalida:matricula_id
7503,626,2025-09-01,199,2025-01-09,2025-06-09,Pago,fk_invalida:matricula_id
7510,626,2026-04-01,109,2026-01-04,2026-08-04,Pago,fk_invalida:matricula_id
7515,627,2025-09-01,99,2025-04-09,2025-07-09,Pago,fk_invalida:matricula_id
7516,627,2025-10-01,149,2025-02-10,,Vencido,fk_invalida:matricula_id
7521,627,2026-03-01,109,2026-02-03,2026-02-03,Pago,fk_invalida:matricula_id
7525,628,2025-07-01,149,2025-04-07,2025-01-07,Pago,fk_invalida:matricula_id
7527,628,2025-09-01,699,2025-04-09,2025-02-09,Pago,fk_invalida:matricula_id
7537,629,2025-07-01,199,2025-05-07,2025-06-07,Pago,fk_invalida:matricula_id
7539,629,2025-09-01,99,2025-02-09,2025-09-09,Pago,fk_invalida:matricula_id
7541,629,2025-11-01,35,2025-03-11,2025-01-11,Pago,fk_invalida:matricula_id
7545,629,2026-03-01,1199,2026-02-03,2026-02-03,Pago,fk_invalida:matricula_id
7549,630,2025-07-01,399,2025-06-07,2025-11-07,Pago,fk_invalida:matricula_id
7550,630,2025-08-01,699,2025-03-08,2025-09-08,Pago,fk_invalida:matricula_id
7551,630,2025-09-01,199,2025-02-09,2025-04-09,Pago,fk_invalida:matricula_id
7566,631,2025-12-01,1199,2025-03-12,2025-01-12,Pago,fk_invalida:matricula_id
7567,631,2026-01-01,35,2026-02-01,2026-09-01,Pago,fk_invalida:matricula_id
7569,631,2026-03-01,699,2026-02-03,2026-04-03,Pago,fk_invalida:matricula_id
7573,632,2025-07-01,149,2025-06-07,2025-10-07,Pago,fk_invalida:matricula_id
7574,632,2025-08-01,199,2025-03-08,2025-02-08,Pago,fk_invalida:matricula_id
7575,632,2025-09-01,149,2025-04-09,2025-10-09,Pago,fk_invalida:matricula_id
7581,632,2026-03-01,699,2026-02-03,2026-06-03,Pago,fk_invalida:matricula_id
7585,633,2025-07-01,199,2025-05-07,2025-10-07,Pago,fk_invalida:matricula_id
7587,633,2025-09-01,35,2025-01-09,2025-03-09,Pago,fk_invalida:matricula_id
7588,633,2025-10-01,399,2025-03-10,2025-06-10,Pago,fk_invalida:matricula_id
7589,633,2025-11-01,1199,2025-01-11,2025-12-11,Pago,fk_invalida:matricula_id
7591,633,2026-01-01,109,2026-01-01,2026-08-01,Pago,fk_invalida:matricula_id
7594,633,2026-04-01,399,2026-01-04,2026-02-04,Pago,fk_invalida:matricula_id
7597,634,2025-07-01,35,2025-01-07,2025-02-07,Pago,fk_invalida:matricula_id
7598,634,2025-08-01,35,2025-03-08,,Vencido,fk_invalida:matricula_id
7600,634,2025-10-01,149,2025-03-10,,Vencido,fk_invalida:matricula_id
7601,634,2025-11-01,99,2025-01-11,2025-02-11,Pago,fk_invalida:matricula_id
7609,635,2025-07-01,35,2025-02-07,2025-04-07,Pago,fk_invalida:matricula_id
7611,635,2025-09-01,149,2025-04-09,2025-12-09,Pago,fk_invalida:matricula_id
7612,635,2025-10-01,199,2025-01-10,2025-09-10,Pago,fk_invalida:matricula_id
7618,635,2026-04-01,1199,2026-01-04,2026-05-04,Pago,fk_invalida:matricula_id
7619,635,2026-05-01,149,2026-01-05,2026-04-05,Pago,fk_invalida:matricula_id
7621,636,2025-07-01,35,2025-04-07,,Vencido,fk_invalida:matricula_id
7629,636,2026-03-01,1199,2026-02-03,2026-05-03,Pago,fk_invalida:matricula_id
7632,636,2026-06-01,99,2026-01-06,2026-08-06,Pago,fk_invalida:matricula_id
7634,637,2025-08-01,99,2025-05-08,2025-09-08,Pago,fk_invalida:matricula_id
7636,637,2025-10-01,99,2025-04-10,2025-08-10,Pago,fk_invalida:matricula_id
7637,637,2025-11-01,99,2025-01-11,2025-11-11,Pago,fk_invalida:matricula_id
7641,637,2026-03-01,699,2026-01-03,2026-04-03,Pago,fk_invalida:matricula_id
7643,637,2026-05-01,199,2026-02-05,,Vencido,fk_invalida:matricula_id
7648,638,2025-10-01,99,2025-02-10,2025-09-10,Pago,fk_invalida:matricula_id
7649,638,2025-11-01,149,2025-03-11,,Vencido,fk_invalida:matricula_id
7650,638,2025-12-01,399,2025-02-12,,Vencido,fk_invalida:matricula_id
7652,638,2026-02-01,149,2026-01-02,2026-05-02,Pago,fk_invalida:matricula_id
7657,639,2025-07-01,35,2025-02-07,2025-04-07,Pago,fk_invalida:matricula_id
7659,639,2025-09-01,35,2025-04-09,2025-04-09,Pago,fk_invalida:matricula_id
7670,640,2025-08-01,399,2025-01-08,2025-10-08,Pago,fk_invalida:matricula_id
7674,640,2025-12-01,149,2025-02-12,2025-02-12,Pago,fk_invalida:matricula_id
7682,641,2025-08-01,1199,2025-05-08,2025-03-08,Pago,fk_invalida:matricula_id
7683,641,2025-09-01,99,2025-03-09,,Vencido,fk_invalida:matricula_id
7687,641,2026-01-01,149,2026-02-01,,Vencido,fk_invalida:matricula_id
7693,642,2025-07-01,199,2025-04-07,2025-07-07,Pago,fk_invalida:matricula_id
7696,642,2025-10-01,399,2025-04-10,2025-02-10,Pago,fk_invalida:matricula_id
7697,642,2025-11-01,199,2025-03-11,2025-10-11,Pago,fk_invalida:matricula_id
7698,642,2025-12-01,399,2025-02-12,2025-04-12,Pago,fk_invalida:matricula_id
7699,642,2026-01-01,399,2026-01-01,2026-06-01,Pago,fk_invalida:matricula_id
7701,642,2026-03-01,109,2026-02-03,2026-09-03,Pago,fk_invalida:matricula_id
7706,643,2025-08-01,399,2025-03-08,2025-02-08,Pago,fk_invalida:matricula_id
7714,643,2026-04-01,149,2026-01-04,2026-09-04,Pago,fk_invalida:matricula_id
7717,644,2025-07-01,199,2025-03-07,,Vencido,fk_invalida:matricula_id
7719,644,2025-09-01,199,2025-03-09,2025-07-09,Pago,fk_invalida:matricula_id
7720,644,2025-10-01,109,2025-01-10,,Vencido,fk_invalida:matricula_id
7729,645,2025-07-01,35,2025-05-07,,Vencido,fk_invalida:matricula_id
7730,645,2025-08-01,1199,2025-03-08,2025-11-08,Pago,fk_invalida:matricula_id
7739,645,2026-05-01,35,2026-02-05,2026-01-05,Pago,fk_invalida:matricula_id
7741,646,2025-07-01,99,2025-06-07,2025-10-07,Pago,fk_invalida:matricula_id
7746,646,2025-12-01,699,2025-03-12,2025-06-12,Pago,fk_invalida:matricula_id
7750,646,2026-04-01,699,2026-01-04,,Vencido,fk_invalida:matricula_id
7754,647,2025-08-01,199,2025-04-08,2025-07-08,Pago,fk_invalida:matricula_id
7759,647,2026-01-01,99,2026-01-01,2026-03-01,Pago,fk_invalida:matricula_id
7761,647,2026-03-01,99,2026-02-03,2026-01-03,Pago,fk_invalida:matricula_id
7765,648,2025-07-01,699,2025-03-07,2025-08-07,Pago,fk_invalida:matricula_id
7768,648,2025-10-01,99,2025-03-10,2025-12-10,Pago,fk_invalida:matricula_id
7769,648,2025-11-01,149,2025-03-11,2025-07-11,Pago,fk_invalida:matricula_id
7777,649,2025-07-01,109,2025-06-07,2025-12-07,Pago,fk_invalida:matricula_id
7779,649,2025-09-01,399,2025-03-09,2025-08-09,Pago,fk_invalida:matricula_id
7781,649,2025-11-01,35,2025-02-11,2025-01-11,Pago,fk_invalida:matricula_id
7783,649,2026-01-01,149,2026-01-01,2026-07-01,Pago,fk_invalida:matricula_id
7784,649,2026-02-01,199,2026-01-02,2026-06-02,Pago,fk_invalida:matricula_id
7785,649,2026-03-01,399,2026-02-03,2026-02-03,Pago,fk_invalida:matricula_id
7786,649,2026-04-01,199,2026-01-04,2026-12-04,Pago,fk_invalida:matricula_id
7790,650,2025-08-01,149,2025-02-08,2025-06-08,Pago,fk_invalida:matricula_id
7792,650,2025-10-01,99,2025-03-10,2025-06-10,Pago,fk_invalida:matricula_id
7796,650,2026-02-01,35,2026-01-02,2026-04-02,Pago,fk_invalida:matricula_id
7801,651,2025-07-01,35,2025-03-07,2025-07-07,Pago,fk_invalida:matricula_id
7806,651,2025-12-01,1199,2025-03-12,2025-01-12,Pago,fk_invalida:matricula_id
7811,651,2026-05-01,99,2026-02-05,2026-01-05,Pago,fk_invalida:matricula_id
7813,652,2025-07-01,149,2025-01-07,,Vencido,fk_invalida:matricula_id
7816,652,2025-10-01,149,2025-04-10,2025-12-10,Pago,fk_invalida:matricula_id
7818,652,2025-12-01,399,2025-01-12,2025-01-12,Pago,fk_invalida:matricula_id
7822,652,2026-04-01,35,2026-01-04,,Vencido,fk_invalida:matricula_id
7823,652,2026-05-01,99,2026-02-05,2026-01-05,Pago,fk_invalida:matricula_id
7825,653,2025-07-01,399,2025-02-07,2025-02-07,Pago,fk_invalida:matricula_id
7830,653,2025-12-01,399,2025-02-12,2025-09-12,Pago,fk_invalida:matricula_id
7833,653,2026-03-01,35,2026-01-03,2026-01-03,Pago,fk_invalida:matricula_id
7835,653,2026-05-01,199,2026-01-05,2026-03-05,Pago,fk_invalida:matricula_id
7846,654,2026-04-01,699,2026-01-04,2026-07-04,Pago,fk_invalida:matricula_id
7851,655,2025-09-01,699,2025-04-09,2025-09-09,Pago,fk_invalida:matricula_id
7852,655,2025-10-01,699,2025-04-10,2025-10-10,Pago,fk_invalida:matricula_id
7854,655,2025-12-01,699,2025-01-12,,Vencido,fk_invalida:matricula_id
7855,655,2026-01-01,35,2026-01-01,,Vencido,fk_invalida:matricula_id
7857,655,2026-03-01,199,2026-03-03,2026-05-03,Pago,fk_invalida:matricula_id
7859,655,2026-05-01,35,2026-02-05,2026-11-05,Pago,fk_invalida:matricula_id
7861,656,2025-07-01,199,2025-03-07,,Vencido,fk_invalida:matricula_id
7862,656,2025-08-01,149,2025-03-08,2025-12-08,Pago,fk_invalida:matricula_id
7864,656,2025-10-01,99,2025-01-10,,Vencido,fk_invalida:matricula_id
7869,656,2026-03-01,199,2026-01-03,2026-07-03,Pago,fk_invalida:matricula_id
7875,657,2025-09-01,1199,2025-02-09,,Vencido,fk_invalida:matricula_id
7877,657,2025-11-01,1199,2025-01-11,2025-04-11,Pago,fk_invalida:matricula_id
7899,659,2025-09-01,109,2025-02-09,2025-06-09,Pago,fk_invalida:matricula_id
7900,659,2025-10-01,199,2025-02-10,2025-05-10,Pago,fk_invalida:matricula_id
7902,659,2025-12-01,149,2025-03-12,2025-10-12,Pago,fk_invalida:matricula_id
7909,660,2025-07-01,149,2025-05-07,2025-02-07,Pago,fk_invalida:matricula_id
7911,660,2025-09-01,199,2025-02-09,2025-10-09,Pago,fk_invalida:matricula_id
7918,660,2026-04-01,399,2026-01-04,2026-01-04,Pago,fk_invalida:matricula_id
7922,661,2025-08-01,199,2025-05-08,2025-06-08,Pago,fk_invalida:matricula_id
7927,661,2026-01-01,109,2026-01-01,2026-07-01,Pago,fk_invalida:matricula_id
7933,662,2025-07-01,199,2025-05-07,2025-05-07,Pago,fk_invalida:matricula_id
7935,662,2025-09-01,699,2025-01-09,2025-08-09,Pago,fk_invalida:matricula_id
7936,662,2025-10-01,1199,2025-04-10,2025-12-10,Pago,fk_invalida:matricula_id
7937,662,2025-11-01,35,2025-01-11,2025-09-11,Pago,fk_invalida:matricula_id
7938,662,2025-12-01,199,2025-02-12,2025-03-12,Pago,fk_invalida:matricula_id
7943,662,2026-05-01,1199,2026-01-05,2026-06-05,Pago,fk_invalida:matricula_id
7945,663,2025-07-01,399,2025-03-07,,Vencido,fk_invalida:matricula_id
7947,663,2025-09-01,99,2025-02-09,2025-02-09,Pago,fk_invalida:matricula_id
7948,663,2025-10-01,1199,2025-03-10,2025-05-10,Pago,fk_invalida:matricula_id
7949,663,2025-11-01,149,2025-01-11,2025-10-11,Pago,fk_invalida:matricula_id
7953,663,2026-03-01,109,2026-02-03,2026-03-03,Pago,fk_invalida:matricula_id
7960,664,2025-10-01,35,2025-01-10,2025-07-10,Pago,fk_invalida:matricula_id
7961,664,2025-11-01,149,2025-02-11,2025-08-11,Pago,fk_invalida:matricula_id
7965,664,2026-03-01,99,2026-03-03,,Vencido,fk_invalida:matricula_id
7969,665,2025-07-01,35,2025-01-07,2025-03-07,Pago,fk_invalida:matricula_id
7970,665,2025-08-01,109,2025-04-08,2025-03-08,Pago,fk_invalida:matricula_id
7973,665,2025-11-01,109,2025-03-11,2025-02-11,Pago,fk_invalida:matricula_id
7981,666,2025-07-01,109,2025-03-07,2025-02-07,Pago,fk_invalida:matricula_id
7984,666,2025-10-01,109,2025-04-10,2025-01-10,Pago,fk_invalida:matricula_id
7985,666,2025-11-01,699,2025-02-11,2025-01-11,Pago,fk_invalida:matricula_id
7987,666,2026-01-01,149,2026-01-01,2026-04-01,Pago,fk_invalida:matricula_id
7991,666,2026-05-01,199,2026-02-05,2026-04-05,Pago,fk_invalida:matricula_id
7994,667,2025-08-01,109,2025-02-08,2025-04-08,Pago,fk_invalida:matricula_id
7995,667,2025-09-01,149,2025-04-09,,Vencido,fk_invalida:matricula_id
8001,667,2026-03-01,35,2026-01-03,2026-07-03,Pago,fk_invalida:matricula_id
8003,667,2026-05-01,699,2026-01-05,2026-11-05,Pago,fk_invalida:matricula_id
8005,668,2025-07-01,199,2025-04-07,2025-09-07,Pago,fk_invalida:matricula_id
8008,668,2025-10-01,149,2025-04-10,2025-08-10,Pago,fk_invalida:matricula_id
8014,668,2026-04-01,399,2026-01-04,2026-01-04,Pago,fk_invalida:matricula_id
8015,668,2026-05-01,149,2026-02-05,2026-06-05,Pago,fk_invalida:matricula_id
8017,669,2025-07-01,1199,2025-04-07,2025-11-07,Pago,fk_invalida:matricula_id
8018,669,2025-08-01,149,2025-03-08,2025-01-08,Pago,fk_invalida:matricula_id
8019,669,2025-09-01,399,2025-02-09,2025-10-09,Pago,fk_invalida:matricula_id
8021,669,2025-11-01,35,2025-02-11,2025-08-11,Pago,fk_invalida:matricula_id
8023,669,2026-01-01,99,2026-02-01,2026-10-01,Pago,fk_invalida:matricula_id
8027,669,2026-05-01,399,2026-01-05,2026-11-05,Pago,fk_invalida:matricula_id
8029,670,2025-07-01,399,2025-01-07,2025-12-07,Pago,fk_invalida:matricula_id
8030,670,2025-08-01,109,2025-03-08,2025-02-08,Pago,fk_invalida:matricula_id
8032,670,2025-10-01,1199,2025-01-10,,Vencido,fk_invalida:matricula_id
8033,670,2025-11-01,109,2025-01-11,,Vencido,fk_invalida:matricula_id
8034,670,2025-12-01,699,2025-02-12,,Vencido,fk_invalida:matricula_id
8036,670,2026-02-01,399,2026-01-02,2026-04-02,Pago,fk_invalida:matricula_id
8037,670,2026-03-01,35,2026-03-03,,Vencido,fk_invalida:matricula_id
8041,671,2025-07-01,149,2025-02-07,2025-10-07,Pago,fk_invalida:matricula_id
8044,671,2025-10-01,399,2025-01-10,2025-06-10,Pago,fk_invalida:matricula_id
8046,671,2025-12-01,149,2025-02-12,2025-02-12,Pago,fk_invalida:matricula_id
8049,671,2026-03-01,399,2026-03-03,,Vencido,fk_invalida:matricula_id
8050,671,2026-04-01,109,2026-02-04,,Vencido,fk_invalida:matricula_id
8053,672,2025-07-01,109,2025-06-07,2025-03-07,Pago,fk_invalida:matricula_id
8055,672,2025-09-01,35,2025-02-09,,Vencido,fk_invalida:matricula_id
8063,672,2026-05-01,149,2026-01-05,2026-09-05,Pago,fk_invalida:matricula_id
8067,673,2025-09-01,35,2025-02-09,2025-03-09,Pago,fk_invalida:matricula_id
8068,673,2025-10-01,99,2025-01-10,2025-05-10,Pago,fk_invalida:matricula_id
8069,673,2025-11-01,35,2025-03-11,2025-10-11,Pago,fk_invalida:matricula_id
8070,673,2025-12-01,99,2025-02-12,,Vencido,fk_invalida:matricula_id
8071,673,2026-01-01,99,2026-01-01,2026-11-01,Pago,fk_invalida:matricula_id
8077,674,2025-07-01,699,2025-02-07,2025-01-07,Pago,fk_invalida:matricula_id
8079,674,2025-09-01,35,2025-03-09,2025-07-09,Pago,fk_invalida:matricula_id
8081,674,2025-11-01,199,2025-02-11,2025-11-11,Pago,fk_invalida:matricula_id
8086,674,2026-04-01,699,2026-01-04,2026-11-04,Pago,fk_invalida:matricula_id
8089,675,2025-07-01,399,2025-02-07,2025-01-07,Pago,fk_invalida:matricula_id
8091,675,2025-09-01,99,2025-04-09,2025-07-09,Pago,fk_invalida:matricula_id
8093,675,2025-11-01,199,2025-02-11,2025-10-11,Pago,fk_invalida:matricula_id
8097,675,2026-03-01,399,2026-03-03,2026-08-03,Pago,fk_invalida:matricula_id
8101,676,2025-07-01,149,2025-04-07,2025-11-07,Pago,fk_invalida:matricula_id
8104,676,2025-10-01,149,2025-03-10,2025-06-10,Pago,fk_invalida:matricula_id
8107,676,2026-01-01,199,2026-02-01,2026-04-01,Pago,fk_invalida:matricula_id
8116,677,2025-10-01,199,2025-03-10,2025-04-10,Pago,fk_invalida:matricula_id
8117,677,2025-11-01,1199,2025-01-11,2025-11-11,Pago,fk_invalida:matricula_id
8119,677,2026-01-01,199,2026-02-01,2026-11-01,Pago,fk_invalida:matricula_id
8124,677,2026-06-01,35,2026-01-06,2026-07-06,Pago,fk_invalida:matricula_id
8132,678,2026-02-01,1199,2026-01-02,2026-10-02,Pago,fk_invalida:matricula_id
8133,678,2026-03-01,699,2026-02-03,2026-10-03,Pago,fk_invalida:matricula_id
8134,678,2026-04-01,109,2026-01-04,2026-01-04,Pago,fk_invalida:matricula_id
8137,679,2025-07-01,699,2025-01-07,2025-07-07,Pago,fk_invalida:matricula_id
8138,679,2025-08-01,399,2025-04-08,2025-05-08,Pago,fk_invalida:matricula_id
8149,680,2025-07-01,35,2025-04-07,2025-03-07,Pago,fk_invalida:matricula_id
8152,680,2025-10-01,699,2025-01-10,2025-11-10,Pago,fk_invalida:matricula_id
8153,680,2025-11-01,149,2025-03-11,2025-08-11,Pago,fk_invalida:matricula_id
8154,680,2025-12-01,199,2025-03-12,,Vencido,fk_invalida:matricula_id
8159,680,2026-05-01,699,2026-01-05,2026-11-05,Pago,fk_invalida:matricula_id
8162,681,2025-08-01,99,2025-01-08,2025-12-08,Pago,fk_invalida:matricula_id
8163,681,2025-09-01,1199,2025-02-09,,Vencido,fk_invalida:matricula_id
8164,681,2025-10-01,1199,2025-02-10,2025-09-10,Pago,fk_invalida:matricula_id
8166,681,2025-12-01,399,2025-02-12,2025-12-12,Pago,fk_invalida:matricula_id
8167,681,2026-01-01,399,2026-02-01,2026-05-01,Pago,fk_invalida:matricula_id
8169,681,2026-03-01,1199,2026-02-03,,Vencido,fk_invalida:matricula_id
8185,683,2025-07-01,699,2025-04-07,2025-07-07,Pago,fk_invalida:matricula_id
8188,683,2025-10-01,399,2025-03-10,2025-08-10,Pago,fk_invalida:matricula_id
8197,684,2025-07-01,35,2025-03-07,2025-07-07,Pago,fk_invalida:matricula_id
8201,684,2025-11-01,149,2025-02-11,2025-11-11,Pago,fk_invalida:matricula_id
8207,684,2026-05-01,199,2026-02-05,2026-06-05,Pago,fk_invalida:matricula_id
8209,685,2025-07-01,1199,2025-02-07,2025-01-07,Pago,fk_invalida:matricula_id
8210,685,2025-08-01,1199,2025-02-08,,Vencido,fk_invalida:matricula_id
8211,685,2025-09-01,699,2025-04-09,2025-09-09,Pago,fk_invalida:matricula_id
8217,685,2026-03-01,35,2026-01-03,2026-05-03,Pago,fk_invalida:matricula_id
8221,686,2025-07-01,35,2025-02-07,2025-08-07,Pago,fk_invalida:matricula_id
8222,686,2025-08-01,699,2025-03-08,2025-12-08,Pago,fk_invalida:matricula_id
8225,686,2025-11-01,149,2025-02-11,2025-07-11,Pago,fk_invalida:matricula_id
8227,686,2026-01-01,1199,2026-01-01,2026-08-01,Pago,fk_invalida:matricula_id
8228,686,2026-02-01,699,2026-01-02,2026-01-02,Pago,fk_invalida:matricula_id
8229,686,2026-03-01,99,2026-03-03,2026-03-03,Pago,fk_invalida:matricula_id
8233,687,2025-07-01,109,2025-02-07,2025-06-07,Pago,fk_invalida:matricula_id
8234,687,2025-08-01,199,2025-02-08,2025-08-08,Pago,fk_invalida:matricula_id
8238,687,2025-12-01,199,2025-03-12,2025-05-12,Pago,fk_invalida:matricula_id
8239,687,2026-01-01,99,2026-01-01,,Vencido,fk_invalida:matricula_id
8241,687,2026-03-01,149,2026-03-03,2026-06-03,Pago,fk_invalida:matricula_id
8245,688,2025-07-01,109,2025-05-07,2025-12-07,Pago,fk_invalida:matricula_id
8246,688,2025-08-01,1199,2025-01-08,2025-04-08,Pago,fk_invalida:matricula_id
8247,688,2025-09-01,109,2025-01-09,,Vencido,fk_invalida:matricula_id
8248,688,2025-10-01,399,2025-01-10,2025-09-10,Pago,fk_invalida:matricula_id
8250,688,2025-12-01,199,2025-03-12,2025-06-12,Pago,fk_invalida:matricula_id
8257,689,2025-07-01,1199,2025-04-07,2025-12-07,Pago,fk_invalida:matricula_id
8267,689,2026-05-01,699,2026-02-05,,Vencido,fk_invalida:matricula_id
8270,690,2025-08-01,699,2025-04-08,2025-07-08,Pago,fk_invalida:matricula_id
8271,690,2025-09-01,99,2025-04-09,,Vencido,fk_invalida:matricula_id
8275,690,2026-01-01,149,2026-01-01,2026-09-01,Pago,fk_invalida:matricula_id
8278,690,2026-04-01,99,2026-01-04,2026-06-04,Pago,fk_invalida:matricula_id
8281,691,2025-07-01,99,2025-05-07,2025-12-07,Pago,fk_invalida:matricula_id
8283,691,2025-09-01,699,2025-02-09,2025-07-09,Pago,fk_invalida:matricula_id
8284,691,2025-10-01,699,2025-02-10,2025-05-10,Pago,fk_invalida:matricula_id
8288,691,2026-02-01,109,2026-01-02,2026-07-02,Pago,fk_invalida:matricula_id
8294,692,2025-08-01,699,2025-04-08,2025-12-08,Pago,fk_invalida:matricula_id
8295,692,2025-09-01,399,2025-03-09,2025-06-09,Pago,fk_invalida:matricula_id
8297,692,2025-11-01,399,2025-01-11,2025-12-11,Pago,fk_invalida:matricula_id
8299,692,2026-01-01,699,2026-02-01,,Vencido,fk_invalida:matricula_id
8306,693,2025-08-01,149,2025-01-08,2025-08-08,Pago,fk_invalida:matricula_id
8308,693,2025-10-01,199,2025-04-10,2025-02-10,Pago,fk_invalida:matricula_id
8317,694,2025-07-01,1199,2025-01-07,2025-11-07,Pago,fk_invalida:matricula_id
8318,694,2025-08-01,35,2025-03-08,2025-02-08,Pago,fk_invalida:matricula_id
8319,694,2025-09-01,109,2025-02-09,2025-01-09,Pago,fk_invalida:matricula_id
8323,694,2026-01-01,199,2026-02-01,2026-07-01,Pago,fk_invalida:matricula_id
8330,695,2025-08-01,99,2025-01-08,2025-03-08,Pago,fk_invalida:matricula_id
8331,695,2025-09-01,199,2025-02-09,2025-02-09,Pago,fk_invalida:matricula_id
8333,695,2025-11-01,699,2025-03-11,2025-01-11,Pago,fk_invalida:matricula_id
8340,695,2026-06-01,35,2026-01-06,2026-10-06,Pago,fk_invalida:matricula_id
8341,696,2025-07-01,109,2025-03-07,,Vencido,fk_invalida:matricula_id
8343,696,2025-09-01,149,2025-03-09,2025-10-09,Pago,fk_invalida:matricula_id
8351,696,2026-05-01,99,2026-01-05,2026-03-05,Pago,fk_invalida:matricula_id
8352,696,2026-06-01,149,2026-01-06,2026-04-06,Pago,fk_invalida:matricula_id
8353,697,2025-07-01,699,2025-05-07,2025-05-07,Pago,fk_invalida:matricula_id
8354,697,2025-08-01,199,2025-05-08,2025-06-08,Pago,fk_invalida:matricula_id
8359,697,2026-01-01,699,2026-02-01,2026-08-01,Pago,fk_invalida:matricula_id
8365,698,2025-07-01,35,2025-03-07,2025-09-07,Pago,fk_invalida:matricula_id
8366,698,2025-08-01,699,2025-04-08,2025-08-08,Pago,fk_invalida:matricula_id
8367,698,2025-09-01,99,2025-02-09,2025-08-09,Pago,fk_invalida:matricula_id
8369,698,2025-11-01,199,2025-02-11,,Vencido,fk_invalida:matricula_id
8373,698,2026-03-01,35,2026-02-03,,Vencido,fk_invalida:matricula_id
8385,699,2026-03-01,1199,2026-01-03,2026-11-03,Pago,fk_invalida:matricula_id
8407,701,2026-01-01,109,2026-01-01,2026-11-01,Pago,fk_invalida:matricula_id
8408,701,2026-02-01,149,2026-01-02,2026-03-02,Pago,fk_invalida:matricula_id
8409,701,2026-03-01,99,2026-02-03,2026-10-03,Pago,fk_invalida:matricula_id
8415,702,2025-09-01,1199,2025-03-09,2025-06-09,Pago,fk_invalida:matricula_id
8416,702,2025-10-01,149,2025-03-10,,Vencido,fk_invalida:matricula_id
8419,702,2026-01-01,35,2026-01-01,2026-06-01,Pago,fk_invalida:matricula_id
8425,703,2025-07-01,199,2025-03-07,2025-02-07,Pago,fk_invalida:matricula_id
8428,703,2025-10-01,149,2025-01-10,2025-03-10,Pago,fk_invalida:matricula_id
8429,703,2025-11-01,35,2025-02-11,2025-03-11,Pago,fk_invalida:matricula_id
8430,703,2025-12-01,199,2025-01-12,2025-03-12,Pago,fk_invalida:matricula_id
8438,704,2025-08-01,199,2025-03-08,2025-04-08,Pago,fk_invalida:matricula_id
8443,704,2026-01-01,35,2026-01-01,2026-12-01,Pago,fk_invalida:matricula_id
8449,705,2025-07-01,99,2025-06-07,2025-10-07,Pago,fk_invalida:matricula_id
8451,705,2025-09-01,99,2025-02-09,2025-12-09,Pago,fk_invalida:matricula_id
8452,705,2025-10-01,109,2025-03-10,2025-03-10,Pago,fk_invalida:matricula_id
8455,705,2026-01-01,99,2026-01-01,2026-04-01,Pago,fk_invalida:matricula_id
8461,706,2025-07-01,199,2025-02-07,2025-01-07,Pago,fk_invalida:matricula_id
8462,706,2025-08-01,99,2025-05-08,2025-04-08,Pago,fk_invalida:matricula_id
8469,706,2026-03-01,699,2026-01-03,2026-12-03,Pago,fk_invalida:matricula_id
8470,706,2026-04-01,399,2026-02-04,,Vencido,fk_invalida:matricula_id
8472,706,2026-06-01,399,2026-01-06,2026-05-06,Pago,fk_invalida:matricula_id
8473,707,2025-07-01,1199,2025-02-07,2025-05-07,Pago,fk_invalida:matricula_id
8476,707,2025-10-01,399,2025-04-10,2025-10-10,Pago,fk_invalida:matricula_id
8478,707,2025-12-01,1199,2025-01-12,2025-02-12,Pago,fk_invalida:matricula_id
8481,707,2026-03-01,99,2026-03-03,2026-01-03,Pago,fk_invalida:matricula_id
8485,708,2025-07-01,109,2025-05-07,,Vencido,fk_invalida:matricula_id
8489,708,2025-11-01,399,2025-02-11,2025-09-11,Pago,fk_invalida:matricula_id
8490,708,2025-12-01,149,2025-03-12,2025-07-12,Pago,fk_invalida:matricula_id
8494,708,2026-04-01,35,2026-01-04,2026-08-04,Pago,fk_invalida:matricula_id
8496,708,2026-06-01,99,2026-01-06,2026-11-06,Pago,fk_invalida:matricula_id
8511,710,2025-09-01,149,2025-04-09,2025-03-09,Pago,fk_invalida:matricula_id
8512,710,2025-10-01,99,2025-03-10,2025-03-10,Pago,fk_invalida:matricula_id
8518,710,2026-04-01,199,2026-01-04,2026-05-04,Pago,fk_invalida:matricula_id
8521,711,2025-07-01,199,2025-03-07,2025-10-07,Pago,fk_invalida:matricula_id
8522,711,2025-08-01,149,2025-05-08,2025-12-08,Pago,fk_invalida:matricula_id
8526,711,2025-12-01,699,2025-02-12,2025-01-12,Pago,fk_invalida:matricula_id
8531,711,2026-05-01,699,2026-01-05,,Vencido,fk_invalida:matricula_id
8532,711,2026-06-01,399,2026-01-06,2026-10-06,Pago,fk_invalida:matricula_id
8534,712,2025-08-01,109,2025-02-08,2025-03-08,Pago,fk_invalida:matricula_id
8545,713,2025-07-01,149,2025-01-07,2025-08-07,Pago,fk_invalida:matricula_id
8548,713,2025-10-01,699,2025-01-10,,Vencido,fk_invalida:matricula_id
8551,713,2026-01-01,149,2026-01-01,2026-08-01,Pago,fk_invalida:matricula_id
8553,713,2026-03-01,199,2026-03-03,2026-05-03,Pago,fk_invalida:matricula_id
8557,714,2025-07-01,109,2025-04-07,2025-12-07,Pago,fk_invalida:matricula_id
8559,714,2025-09-01,1199,2025-01-09,2025-10-09,Pago,fk_invalida:matricula_id
8565,714,2026-03-01,99,2026-02-03,2026-01-03,Pago,fk_invalida:matricula_id
8569,715,2025-07-01,109,2025-04-07,,Vencido,fk_invalida:matricula_id
8571,715,2025-09-01,149,2025-02-09,2025-08-09,Pago,fk_invalida:matricula_id
8580,715,2026-06-01,699,2026-01-06,,Vencido,fk_invalida:matricula_id
8582,716,2025-08-01,99,2025-04-08,2025-05-08,Pago,fk_invalida:matricula_id
8584,716,2025-10-01,149,2025-03-10,2025-10-10,Pago,fk_invalida:matricula_id
8586,716,2025-12-01,399,2025-02-12,2025-05-12,Pago,fk_invalida:matricula_id
8587,716,2026-01-01,1199,2026-01-01,2026-09-01,Pago,fk_invalida:matricula_id
8591,716,2026-05-01,99,2026-02-05,2026-09-05,Pago,fk_invalida:matricula_id
8593,717,2025-07-01,1199,2025-06-07,2025-09-07,Pago,fk_invalida:matricula_id
8594,717,2025-08-01,699,2025-03-08,,Vencido,fk_invalida:matricula_id
8597,717,2025-11-01,99,2025-01-11,2025-08-11,Pago,fk_invalida:matricula_id
8598,717,2025-12-01,99,2025-02-12,2025-09-12,Pago,fk_invalida:matricula_id
8606,718,2025-08-01,149,2025-04-08,2025-01-08,Pago,fk_invalida:matricula_id
8612,718,2026-02-01,399,2026-01-02,2026-03-02,Pago,fk_invalida:matricula_id
8619,719,2025-09-01,149,2025-01-09,2025-12-09,Pago,fk_invalida:matricula_id
8622,719,2025-12-01,199,2025-02-12,2025-06-12,Pago,fk_invalida:matricula_id
8633,720,2025-11-01,99,2025-01-11,2025-12-11,Pago,fk_invalida:matricula_id
8642,721,2025-08-01,399,2025-03-08,2025-05-08,Pago,fk_invalida:matricula_id
8649,721,2026-03-01,99,2026-01-03,2026-04-03,Pago,fk_invalida:matricula_id
8653,722,2025-07-01,199,2025-02-07,2025-02-07,Pago,fk_invalida:matricula_id
8654,722,2025-08-01,699,2025-05-08,2025-10-08,Pago,fk_invalida:matricula_id
8659,722,2026-01-01,699,2026-02-01,2026-02-01,Pago,fk_invalida:matricula_id
8661,722,2026-03-01,699,2026-01-03,2026-04-03,Pago,fk_invalida:matricula_id
8666,723,2025-08-01,149,2025-03-08,2025-12-08,Pago,fk_invalida:matricula_id
8668,723,2025-10-01,399,2025-02-10,2025-12-10,Pago,fk_invalida:matricula_id
8669,723,2025-11-01,699,2025-01-11,2025-12-11,Pago,fk_invalida:matricula_id
8673,723,2026-03-01,399,2026-03-03,2026-09-03,Pago,fk_invalida:matricula_id
8677,724,2025-07-01,109,2025-02-07,2025-11-07,Pago,fk_invalida:matricula_id
8678,724,2025-08-01,149,2025-02-08,2025-08-08,Pago,fk_invalida:matricula_id
8681,724,2025-11-01,109,2025-02-11,,Vencido,fk_invalida:matricula_id
8685,724,2026-03-01,1199,2026-02-03,2026-01-03,Pago,fk_invalida:matricula_id
8692,725,2025-10-01,149,2025-01-10,2025-12-10,Pago,fk_invalida:matricula_id
8697,725,2026-03-01,199,2026-01-03,2026-11-03,Pago,fk_invalida:matricula_id
8702,726,2025-08-01,199,2025-01-08,2025-05-08,Pago,fk_invalida:matricula_id
8705,726,2025-11-01,199,2025-02-11,2025-08-11,Pago,fk_invalida:matricula_id
8713,727,2025-07-01,699,2025-04-07,2025-04-07,Pago,fk_invalida:matricula_id
8716,727,2025-10-01,109,2025-02-10,,Vencido,fk_invalida:matricula_id
8718,727,2025-12-01,109,2025-03-12,2025-05-12,Pago,fk_invalida:matricula_id
8723,727,2026-05-01,35,2026-01-05,2026-12-05,Pago,fk_invalida:matricula_id
8727,728,2025-09-01,699,2025-04-09,2025-03-09,Pago,fk_invalida:matricula_id
8728,728,2025-10-01,699,2025-03-10,2025-05-10,Pago,fk_invalida:matricula_id
8730,728,2025-12-01,1199,2025-02-12,2025-08-12,Pago,fk_invalida:matricula_id
8731,728,2026-01-01,149,2026-02-01,2026-03-01,Pago,fk_invalida:matricula_id
8738,729,2025-08-01,149,2025-05-08,2025-05-08,Pago,fk_invalida:matricula_id
8740,729,2025-10-01,399,2025-04-10,2025-09-10,Pago,fk_invalida:matricula_id
8746,729,2026-04-01,99,2026-01-04,2026-08-04,Pago,fk_invalida:matricula_id
8750,730,2025-08-01,399,2025-02-08,,Vencido,fk_invalida:matricula_id
8752,730,2025-10-01,199,2025-04-10,2025-06-10,Pago,fk_invalida:matricula_id
8757,730,2026-03-01,1199,2026-01-03,,Vencido,fk_invalida:matricula_id
8759,730,2026-05-01,1199,2026-02-05,2026-07-05,Pago,fk_invalida:matricula_id
8773,732,2025-07-01,1199,2025-03-07,2025-11-07,Pago,fk_invalida:matricula_id
8774,732,2025-08-01,199,2025-01-08,,Vencido,fk_invalida:matricula_id
8775,732,2025-09-01,149,2025-02-09,,Vencido,fk_invalida:matricula_id
8778,732,2025-12-01,399,2025-01-12,2025-02-12,Pago,fk_invalida:matricula_id
8780,732,2026-02-01,199,2026-01-02,2026-03-02,Pago,fk_invalida:matricula_id
8786,733,2025-08-01,699,2025-03-08,2025-10-08,Pago,fk_invalida:matricula_id
8787,733,2025-09-01,99,2025-04-09,2025-02-09,Pago,fk_invalida:matricula_id
8789,733,2025-11-01,699,2025-03-11,2025-11-11,Pago,fk_invalida:matricula_id
8795,733,2026-05-01,109,2026-02-05,2026-11-05,Pago,fk_invalida:matricula_id
8797,734,2025-07-01,109,2025-05-07,2025-08-07,Pago,fk_invalida:matricula_id
8798,734,2025-08-01,99,2025-03-08,2025-04-08,Pago,fk_invalida:matricula_id
8800,734,2025-10-01,399,2025-02-10,,Vencido,fk_invalida:matricula_id
8801,734,2025-11-01,399,2025-03-11,2025-12-11,Pago,fk_invalida:matricula_id
8802,734,2025-12-01,149,2025-03-12,,Vencido,fk_invalida:matricula_id
8806,734,2026-04-01,99,2026-01-04,2026-06-04,Pago,fk_invalida:matricula_id
8809,735,2025-07-01,1199,2025-03-07,2025-04-07,Pago,fk_invalida:matricula_id
8810,735,2025-08-01,35,2025-03-08,,Vencido,fk_invalida:matricula_id
8811,735,2025-09-01,109,2025-02-09,2025-02-09,Pago,fk_invalida:matricula_id
8813,735,2025-11-01,99,2025-01-11,2025-02-11,Pago,fk_invalida:matricula_id
8822,736,2025-08-01,109,2025-01-08,2025-07-08,Pago,fk_invalida:matricula_id
8826,736,2025-12-01,35,2025-02-12,2025-04-12,Pago,fk_invalida:matricula_id
8835,737,2025-09-01,699,2025-02-09,2025-12-09,Pago,fk_invalida:matricula_id
8845,738,2025-07-01,699,2025-01-07,2025-12-07,Pago,fk_invalida:matricula_id
8846,738,2025-08-01,699,2025-03-08,2025-12-08,Pago,fk_invalida:matricula_id
8848,738,2025-10-01,399,2025-04-10,2025-03-10,Pago,fk_invalida:matricula_id
8851,738,2026-01-01,399,2026-01-01,2026-12-01,Pago,fk_invalida:matricula_id
8853,738,2026-03-01,149,2026-01-03,2026-05-03,Pago,fk_invalida:matricula_id
8860,739,2025-10-01,99,2025-02-10,2025-11-10,Pago,fk_invalida:matricula_id
8870,740,2025-08-01,35,2025-03-08,2025-11-08,Pago,fk_invalida:matricula_id
8871,740,2025-09-01,109,2025-04-09,2025-03-09,Pago,fk_invalida:matricula_id
8873,740,2025-11-01,399,2025-03-11,2025-11-11,Pago,fk_invalida:matricula_id
8874,740,2025-12-01,399,2025-03-12,2025-01-12,Pago,fk_invalida:matricula_id
8877,740,2026-03-01,109,2026-02-03,2026-05-03,Pago,fk_invalida:matricula_id
8881,741,2025-07-01,35,2025-01-07,2025-11-07,Pago,fk_invalida:matricula_id
8884,741,2025-10-01,109,2025-04-10,2025-02-10,Pago,fk_invalida:matricula_id
8891,741,2026-05-01,149,2026-01-05,,Vencido,fk_invalida:matricula_id
8894,742,2025-08-01,699,2025-03-08,2025-01-08,Pago,fk_invalida:matricula_id
8896,742,2025-10-01,1199,2025-01-10,2025-12-10,Pago,fk_invalida:matricula_id
8898,742,2025-12-01,699,2025-01-12,2025-08-12,Pago,fk_invalida:matricula_id
8901,742,2026-03-01,699,2026-02-03,,Vencido,fk_invalida:matricula_id
8906,743,2025-08-01,99,2025-04-08,,Vencido,fk_invalida:matricula_id
8908,743,2025-10-01,35,2025-03-10,2025-06-10,Pago,fk_invalida:matricula_id
8917,744,2025-07-01,699,2025-05-07,2025-12-07,Pago,fk_invalida:matricula_id
8918,744,2025-08-01,109,2025-04-08,2025-08-08,Pago,fk_invalida:matricula_id
8928,744,2026-06-01,1199,2026-01-06,2026-12-06,Pago,fk_invalida:matricula_id
8929,745,2025-07-01,699,2025-03-07,2025-03-07,Pago,fk_invalida:matricula_id
8932,745,2025-10-01,35,2025-02-10,,Vencido,fk_invalida:matricula_id
8933,745,2025-11-01,399,2025-02-11,2025-02-11,Pago,fk_invalida:matricula_id
8934,745,2025-12-01,199,2025-02-12,2025-12-12,Pago,fk_invalida:matricula_id
8935,745,2026-01-01,199,2026-02-01,2026-12-01,Pago,fk_invalida:matricula_id
8941,746,2025-07-01,35,2025-01-07,2025-09-07,Pago,fk_invalida:matricula_id
8944,746,2025-10-01,399,2025-02-10,2025-12-10,Pago,fk_invalida:matricula_id
8951,746,2026-05-01,199,2026-01-05,2026-09-05,Pago,fk_invalida:matricula_id
8957,747,2025-11-01,399,2025-02-11,2025-05-11,Pago,fk_invalida:matricula_id
8965,748,2025-07-01,109,2025-02-07,2025-11-07,Pago,fk_invalida:matricula_id
8969,748,2025-11-01,109,2025-01-11,2025-12-11,Pago,fk_invalida:matricula_id
8977,749,2025-07-01,699,2025-03-07,2025-09-07,Pago,fk_invalida:matricula_id
8981,749,2025-11-01,199,2025-03-11,2025-12-11,Pago,fk_invalida:matricula_id
8982,749,2025-12-01,199,2025-02-12,2025-08-12,Pago,fk_invalida:matricula_id
8990,750,2025-08-01,35,2025-04-08,2025-07-08,Pago,fk_invalida:matricula_id
8991,750,2025-09-01,699,2025-01-09,,Vencido,fk_invalida:matricula_id
8999,750,2026-05-01,109,2026-02-05,2026-12-05,Pago,fk_invalida:matricula_id
9007,751,2026-01-01,99,2026-01-01,2026-02-01,Pago,fk_invalida:matricula_id
9009,751,2026-03-01,1199,2026-02-03,2026-03-03,Pago,fk_invalida:matricula_id
9012,751,2026-06-01,199,2026-01-06,2026-02-06,Pago,fk_invalida:matricula_id
9015,752,2025-09-01,149,2025-02-09,2025-12-09,Pago,fk_invalida:matricula_id
9017,752,2025-11-01,399,2025-03-11,2025-01-11,Pago,fk_invalida:matricula_id
9022,752,2026-04-01,149,2026-01-04,2026-11-04,Pago,fk_invalida:matricula_id
9024,752,2026-06-01,199,2026-01-06,,Vencido,fk_invalida:matricula_id
9028,753,2025-10-01,149,2025-02-10,2025-08-10,Pago,fk_invalida:matricula_id
9031,753,2026-01-01,1199,2026-01-01,2026-12-01,Pago,fk_invalida:matricula_id
9034,753,2026-04-01,99,2026-02-04,2026-10-04,Pago,fk_invalida:matricula_id
9041,754,2025-11-01,699,2025-02-11,2025-12-11,Pago,fk_invalida:matricula_id
9042,754,2025-12-01,149,2025-03-12,2025-05-12,Pago,fk_invalida:matricula_id
9050,755,2025-08-01,35,2025-02-08,2025-10-08,Pago,fk_invalida:matricula_id
9051,755,2025-09-01,399,2025-02-09,2025-12-09,Pago,fk_invalida:matricula_id
9053,755,2025-11-01,149,2025-03-11,2025-07-11,Pago,fk_invalida:matricula_id
9058,755,2026-04-01,699,2026-02-04,2026-03-04,Pago,fk_invalida:matricula_id
9059,755,2026-05-01,1199,2026-02-05,2026-04-05,Pago,fk_invalida:matricula_id
9062,756,2025-08-01,109,2025-04-08,2025-10-08,Pago,fk_invalida:matricula_id
9063,756,2025-09-01,199,2025-02-09,2025-03-09,Pago,fk_invalida:matricula_id
9064,756,2025-10-01,99,2025-01-10,2025-05-10,Pago,fk_invalida:matricula_id
9069,756,2026-03-01,35,2026-01-03,2026-02-03,Pago,fk_invalida:matricula_id
9073,757,2025-07-01,699,2025-04-07,2025-06-07,Pago,fk_invalida:matricula_id
9077,757,2025-11-01,199,2025-02-11,2025-04-11,Pago,fk_invalida:matricula_id
9081,757,2026-03-01,199,2026-01-03,2026-07-03,Pago,fk_invalida:matricula_id
9085,758,2025-07-01,99,2025-03-07,2025-01-07,Pago,fk_invalida:matricula_id
9086,758,2025-08-01,399,2025-03-08,2025-09-08,Pago,fk_invalida:matricula_id
9088,758,2025-10-01,199,2025-01-10,2025-02-10,Pago,fk_invalida:matricula_id
9089,758,2025-11-01,109,2025-01-11,2025-03-11,Pago,fk_invalida:matricula_id
9097,759,2025-07-01,1199,2025-03-07,,Vencido,fk_invalida:matricula_id
9098,759,2025-08-01,399,2025-04-08,2025-05-08,Pago,fk_invalida:matricula_id
9099,759,2025-09-01,699,2025-01-09,,Vencido,fk_invalida:matricula_id
9100,759,2025-10-01,399,2025-04-10,2025-12-10,Pago,fk_invalida:matricula_id
9101,759,2025-11-01,99,2025-01-11,2025-08-11,Pago,fk_invalida:matricula_id
9105,759,2026-03-01,1199,2026-01-03,2026-03-03,Pago,fk_invalida:matricula_id
9110,760,2025-08-01,1199,2025-05-08,2025-10-08,Pago,fk_invalida:matricula_id
9111,760,2025-09-01,99,2025-03-09,2025-10-09,Pago,fk_invalida:matricula_id
9118,760,2026-04-01,199,2026-02-04,2026-05-04,Pago,fk_invalida:matricula_id
9121,761,2025-07-01,109,2025-01-07,2025-07-07,Pago,fk_invalida:matricula_id
9123,761,2025-09-01,149,2025-01-09,2025-10-09,Pago,fk_invalida:matricula_id
9124,761,2025-10-01,699,2025-03-10,2025-06-10,Pago,fk_invalida:matricula_id
9126,761,2025-12-01,99,2025-03-12,2025-05-12,Pago,fk_invalida:matricula_id
9127,761,2026-01-01,149,2026-02-01,2026-06-01,Pago,fk_invalida:matricula_id
9142,762,2026-04-01,35,2026-02-04,2026-02-04,Pago,fk_invalida:matricula_id
9145,763,2025-07-01,99,2025-04-07,,Vencido,fk_invalida:matricula_id
9146,763,2025-08-01,149,2025-05-08,2025-12-08,Pago,fk_invalida:matricula_id
9153,763,2026-03-01,1199,2026-01-03,2026-05-03,Pago,fk_invalida:matricula_id
9154,763,2026-04-01,149,2026-01-04,2026-08-04,Pago,fk_invalida:matricula_id
9157,764,2025-07-01,35,2025-01-07,,Vencido,fk_invalida:matricula_id
9167,764,2026-05-01,399,2026-02-05,,Vencido,fk_invalida:matricula_id
9174,765,2025-12-01,399,2025-03-12,2025-07-12,Pago,fk_invalida:matricula_id
9177,765,2026-03-01,1199,2026-02-03,2026-05-03,Pago,fk_invalida:matricula_id
9182,766,2025-08-01,199,2025-03-08,2025-02-08,Pago,fk_invalida:matricula_id
9183,766,2025-09-01,149,2025-03-09,2025-10-09,Pago,fk_invalida:matricula_id
9185,766,2025-11-01,699,2025-01-11,2025-06-11,Pago,fk_invalida:matricula_id
9186,766,2025-12-01,399,2025-01-12,2025-08-12,Pago,fk_invalida:matricula_id
9188,766,2026-02-01,99,2026-01-02,2026-02-02,Pago,fk_invalida:matricula_id
9193,767,2025-07-01,399,2025-06-07,2025-10-07,Pago,fk_invalida:matricula_id
9195,767,2025-09-01,399,2025-01-09,2025-11-09,Pago,fk_invalida:matricula_id
9197,767,2025-11-01,35,2025-03-11,,Vencido,fk_invalida:matricula_id
9198,767,2025-12-01,35,2025-03-12,2025-10-12,Pago,fk_invalida:matricula_id
9205,768,2025-07-01,1199,2025-05-07,2025-06-07,Pago,fk_invalida:matricula_id
9211,768,2026-01-01,35,2026-01-01,2026-02-01,Pago,fk_invalida:matricula_id
9214,768,2026-04-01,109,2026-01-04,2026-12-04,Pago,fk_invalida:matricula_id
9218,769,2025-08-01,35,2025-02-08,2025-04-08,Pago,fk_invalida:matricula_id
9221,769,2025-11-01,99,2025-03-11,2025-02-11,Pago,fk_invalida:matricula_id
9225,769,2026-03-01,399,2026-03-03,2026-04-03,Pago,fk_invalida:matricula_id
9226,769,2026-04-01,199,2026-02-04,,Vencido,fk_invalida:matricula_id
9227,769,2026-05-01,99,2026-02-05,,Vencido,fk_invalida:matricula_id
9229,770,2025-07-01,1199,2025-02-07,2025-10-07,Pago,fk_invalida:matricula_id
9230,770,2025-08-01,699,2025-01-08,2025-11-08,Pago,fk_invalida:matricula_id
9237,770,2026-03-01,199,2026-01-03,,Vencido,fk_invalida:matricula_id
9241,771,2025-07-01,1199,2025-03-07,2025-11-07,Pago,fk_invalida:matricula_id
9242,771,2025-08-01,699,2025-04-08,,Vencido,fk_invalida:matricula_id
9246,771,2025-12-01,1199,2025-03-12,2025-09-12,Pago,fk_invalida:matricula_id
9253,772,2025-07-01,149,2025-04-07,2025-03-07,Pago,fk_invalida:matricula_id
9257,772,2025-11-01,149,2025-01-11,2025-06-11,Pago,fk_invalida:matricula_id
9259,772,2026-01-01,199,2026-02-01,2026-11-01,Pago,fk_invalida:matricula_id
9262,772,2026-04-01,399,2026-01-04,2026-10-04,Pago,fk_invalida:matricula_id
9265,773,2025-07-01,199,2025-01-07,2025-12-07,Pago,fk_invalida:matricula_id
9266,773,2025-08-01,149,2025-02-08,2025-08-08,Pago,fk_invalida:matricula_id
9269,773,2025-11-01,35,2025-03-11,2025-07-11,Pago,fk_invalida:matricula_id
9282,774,2025-12-01,149,2025-02-12,2025-10-12,Pago,fk_invalida:matricula_id
9289,775,2025-07-01,35,2025-01-07,2025-04-07,Pago,fk_invalida:matricula_id
9290,775,2025-08-01,399,2025-01-08,2025-10-08,Pago,fk_invalida:matricula_id
9292,775,2025-10-01,699,2025-03-10,2025-05-10,Pago,fk_invalida:matricula_id
9297,775,2026-03-01,35,2026-03-03,2026-03-03,Pago,fk_invalida:matricula_id
9298,775,2026-04-01,699,2026-02-04,2026-07-04,Pago,fk_invalida:matricula_id
9299,775,2026-05-01,149,2026-02-05,2026-05-05,Pago,fk_invalida:matricula_id
9302,776,2025-08-01,109,2025-02-08,2025-10-08,Pago,fk_invalida:matricula_id
9309,776,2026-03-01,1199,2026-01-03,,Vencido,fk_invalida:matricula_id
9311,776,2026-05-01,35,2026-01-05,2026-06-05,Pago,fk_invalida:matricula_id
9313,777,2025-07-01,399,2025-01-07,2025-12-07,Pago,fk_invalida:matricula_id
9314,777,2025-08-01,109,2025-02-08,2025-11-08,Pago,fk_invalida:matricula_id
9316,777,2025-10-01,109,2025-04-10,2025-01-10,Pago,fk_invalida:matricula_id
9322,777,2026-04-01,199,2026-02-04,2026-02-04,Pago,fk_invalida:matricula_id
9323,777,2026-05-01,149,2026-01-05,2026-10-05,Pago,fk_invalida:matricula_id
9327,778,2025-09-01,699,2025-03-09,2025-04-09,Pago,fk_invalida:matricula_id
9333,778,2026-03-01,399,2026-03-03,,Vencido,fk_invalida:matricula_id
9337,779,2025-07-01,35,2025-04-07,2025-02-07,Pago,fk_invalida:matricula_id
9340,779,2025-10-01,109,2025-04-10,2025-12-10,Pago,fk_invalida:matricula_id
9345,779,2026-03-01,35,2026-02-03,2026-10-03,Pago,fk_invalida:matricula_id
9346,779,2026-04-01,109,2026-01-04,,Vencido,fk_invalida:matricula_id
9348,779,2026-06-01,35,2026-01-06,2026-05-06,Pago,fk_invalida:matricula_id
9349,780,2025-07-01,109,2025-03-07,2025-04-07,Pago,fk_invalida:matricula_id
9350,780,2025-08-01,399,2025-03-08,,Vencido,fk_invalida:matricula_id
9352,780,2025-10-01,109,2025-01-10,2025-10-10,Pago,fk_invalida:matricula_id
9359,780,2026-05-01,99,2026-02-05,2026-03-05,Pago,fk_invalida:matricula_id
9360,780,2026-06-01,35,2026-01-06,2026-11-06,Pago,fk_invalida:matricula_id
9362,781,2025-08-01,199,2025-05-08,2025-03-08,Pago,fk_invalida:matricula_id
9363,781,2025-09-01,699,2025-03-09,2025-10-09,Pago,fk_invalida:matricula_id
9373,782,2025-07-01,109,2025-06-07,2025-11-07,Pago,fk_invalida:matricula_id
9374,782,2025-08-01,109,2025-04-08,2025-03-08,Pago,fk_invalida:matricula_id
9376,782,2025-10-01,99,2025-01-10,2025-04-10,Pago,fk_invalida:matricula_id
9381,782,2026-03-01,99,2026-03-03,2026-11-03,Pago,fk_invalida:matricula_id
9383,782,2026-05-01,699,2026-02-05,2026-07-05,Pago,fk_invalida:matricula_id
9385,783,2025-07-01,35,2025-03-07,2025-04-07,Pago,fk_invalida:matricula_id
9387,783,2025-09-01,199,2025-04-09,,Vencido,fk_invalida:matricula_id
9388,783,2025-10-01,199,2025-02-10,2025-05-10,Pago,fk_invalida:matricula_id
9390,783,2025-12-01,35,2025-01-12,,Vencido,fk_invalida:matricula_id
9393,783,2026-03-01,699,2026-01-03,2026-04-03,Pago,fk_invalida:matricula_id
9397,784,2025-07-01,199,2025-05-07,2025-05-07,Pago,fk_invalida:matricula_id
9398,784,2025-08-01,149,2025-01-08,2025-12-08,Pago,fk_invalida:matricula_id
9402,784,2025-12-01,149,2025-02-12,2025-03-12,Pago,fk_invalida:matricula_id
9408,784,2026-06-01,35,2026-01-06,,Vencido,fk_invalida:matricula_id
9409,785,2025-07-01,149,2025-02-07,2025-11-07,Pago,fk_invalida:matricula_id
9410,785,2025-08-01,699,2025-01-08,2025-08-08,Pago,fk_invalida:matricula_id
9411,785,2025-09-01,99,2025-02-09,2025-09-09,Pago,fk_invalida:matricula_id
9412,785,2025-10-01,1199,2025-04-10,2025-02-10,Pago,fk_invalida:matricula_id
9421,786,2025-07-01,199,2025-02-07,2025-11-07,Pago,fk_invalida:matricula_id
9422,786,2025-08-01,149,2025-04-08,2025-08-08,Pago,fk_invalida:matricula_id
9423,786,2025-09-01,99,2025-04-09,2025-03-09,Pago,fk_invalida:matricula_id
9424,786,2025-10-01,109,2025-04-10,2025-10-10,Pago,fk_invalida:matricula_id
9429,786,2026-03-01,399,2026-02-03,2026-03-03,Pago,fk_invalida:matricula_id
9430,786,2026-04-01,35,2026-01-04,2026-11-04,Pago,fk_invalida:matricula_id
9433,787,2025-07-01,149,2025-06-07,,Vencido,fk_invalida:matricula_id
9434,787,2025-08-01,99,2025-04-08,2025-03-08,Pago,fk_invalida:matricula_id
9446,788,2025-08-01,109,2025-01-08,2025-04-08,Pago,fk_invalida:matricula_id
9448,788,2025-10-01,149,2025-02-10,2025-10-10,Pago,fk_invalida:matricula_id
9453,788,2026-03-01,35,2026-02-03,2026-04-03,Pago,fk_invalida:matricula_id
9458,789,2025-08-01,149,2025-04-08,,Vencido,fk_invalida:matricula_id
9471,790,2025-09-01,99,2025-01-09,2025-05-09,Pago,fk_invalida:matricula_id
9476,790,2026-02-01,399,2026-01-02,2026-04-02,Pago,fk_invalida:matricula_id
9480,790,2026-06-01,399,2026-01-06,2026-06-06,Pago,fk_invalida:matricula_id
9482,791,2025-08-01,699,2025-05-08,2025-06-08,Pago,fk_invalida:matricula_id
9483,791,2025-09-01,199,2025-01-09,2025-04-09,Pago,fk_invalida:matricula_id
9486,791,2025-12-01,199,2025-03-12,2025-03-12,Pago,fk_invalida:matricula_id
9489,791,2026-03-01,109,2026-03-03,2026-11-03,Pago,fk_invalida:matricula_id
9494,792,2025-08-01,109,2025-05-08,2025-03-08,Pago,fk_invalida:matricula_id
9495,792,2025-09-01,1199,2025-01-09,2025-03-09,Pago,fk_invalida:matricula_id
9497,792,2025-11-01,1199,2025-03-11,2025-04-11,Pago,fk_invalida:matricula_id
9502,792,2026-04-01,399,2026-01-04,2026-03-04,Pago,fk_invalida:matricula_id
9505,793,2025-07-01,1199,2025-05-07,2025-04-07,Pago,fk_invalida:matricula_id
9508,793,2025-10-01,35,2025-02-10,2025-02-10,Pago,fk_invalida:matricula_id
9517,794,2025-07-01,35,2025-05-07,,Vencido,fk_invalida:matricula_id
9519,794,2025-09-01,99,2025-02-09,2025-09-09,Pago,fk_invalida:matricula_id
9520,794,2025-10-01,399,2025-02-10,2025-07-10,Pago,fk_invalida:matricula_id
9521,794,2025-11-01,199,2025-01-11,2025-01-11,Pago,fk_invalida:matricula_id
9525,794,2026-03-01,149,2026-02-03,2026-07-03,Pago,fk_invalida:matricula_id
9529,795,2025-07-01,35,2025-04-07,2025-02-07,Pago,fk_invalida:matricula_id
9534,795,2025-12-01,109,2025-03-12,2025-12-12,Pago,fk_invalida:matricula_id
9537,795,2026-03-01,699,2026-01-03,2026-10-03,Pago,fk_invalida:matricula_id
9553,797,2025-07-01,149,2025-02-07,2025-07-07,Pago,fk_invalida:matricula_id
9558,797,2025-12-01,699,2025-02-12,2025-09-12,Pago,fk_invalida:matricula_id
9559,797,2026-01-01,699,2026-02-01,2026-06-01,Pago,fk_invalida:matricula_id
9561,797,2026-03-01,109,2026-02-03,,Vencido,fk_invalida:matricula_id
9562,797,2026-04-01,699,2026-01-04,2026-02-04,Pago,fk_invalida:matricula_id
9565,798,2025-07-01,199,2025-03-07,2025-05-07,Pago,fk_invalida:matricula_id
9566,798,2025-08-01,149,2025-04-08,2025-08-08,Pago,fk_invalida:matricula_id
9569,798,2025-11-01,35,2025-03-11,2025-09-11,Pago,fk_invalida:matricula_id
9571,798,2026-01-01,199,2026-02-01,,Vencido,fk_invalida:matricula_id
9575,798,2026-05-01,399,2026-01-05,,Vencido,fk_invalida:matricula_id
9578,799,2025-08-01,399,2025-03-08,2025-10-08,Pago,fk_invalida:matricula_id
9579,799,2025-09-01,1199,2025-01-09,2025-09-09,Pago,fk_invalida:matricula_id
9584,799,2026-02-01,99,2026-01-02,2026-10-02,Pago,fk_invalida:matricula_id
9587,799,2026-05-01,699,2026-02-05,2026-05-05,Pago,fk_invalida:matricula_id
9589,800,2025-07-01,1199,2025-04-07,2025-03-07,Pago,fk_invalida:matricula_id
9590,800,2025-08-01,109,2025-03-08,2025-09-08,Pago,fk_invalida:matricula_id
9591,800,2025-09-01,1199,2025-01-09,2025-08-09,Pago,fk_invalida:matricula_id
9592,800,2025-10-01,1199,2025-04-10,2025-04-10,Pago,fk_invalida:matricula_id
9607,801,2026-01-01,199,2026-01-01,2026-12-01,Pago,fk_invalida:matricula_id
9610,801,2026-04-01,699,2026-02-04,2026-03-04,Pago,fk_invalida:matricula_id
9613,802,2025-07-01,149,2025-05-07,2025-02-07,Pago,fk_invalida:matricula_id
9614,802,2025-08-01,1199,2025-01-08,2025-07-08,Pago,fk_invalida:matricula_id
9616,802,2025-10-01,1199,2025-04-10,2025-06-10,Pago,fk_invalida:matricula_id
9618,802,2025-12-01,699,2025-02-12,2025-08-12,Pago,fk_invalida:matricula_id
9621,802,2026-03-01,109,2026-02-03,2026-10-03,Pago,fk_invalida:matricula_id
9622,802,2026-04-01,149,2026-01-04,2026-04-04,Pago,fk_invalida:matricula_id
9626,803,2025-08-01,199,2025-02-08,2025-05-08,Pago,fk_invalida:matricula_id
9627,803,2025-09-01,699,2025-04-09,2025-04-09,Pago,fk_invalida:matricula_id
9628,803,2025-10-01,199,2025-02-10,,Vencido,fk_invalida:matricula_id
9635,803,2026-05-01,1199,2026-02-05,2026-11-05,Pago,fk_invalida:matricula_id
9637,804,2025-07-01,35,2025-06-07,,Vencido,fk_invalida:matricula_id
9638,804,2025-08-01,399,2025-01-08,2025-01-08,Pago,fk_invalida:matricula_id
9643,804,2026-01-01,1199,2026-01-01,2026-10-01,Pago,fk_invalida:matricula_id
9645,804,2026-03-01,1199,2026-03-03,,Vencido,fk_invalida:matricula_id
9649,805,2025-07-01,1199,2025-05-07,2025-09-07,Pago,fk_invalida:matricula_id
9650,805,2025-08-01,199,2025-01-08,2025-04-08,Pago,fk_invalida:matricula_id
9651,805,2025-09-01,699,2025-03-09,2025-11-09,Pago,fk_invalida:matricula_id
9653,805,2025-11-01,35,2025-03-11,2025-03-11,Pago,fk_invalida:matricula_id
9661,806,2025-07-01,109,2025-02-07,2025-05-07,Pago,fk_invalida:matricula_id
9662,806,2025-08-01,149,2025-05-08,2025-12-08,Pago,fk_invalida:matricula_id
9666,806,2025-12-01,99,2025-03-12,2025-09-12,Pago,fk_invalida:matricula_id
9670,806,2026-04-01,199,2026-01-04,2026-04-04,Pago,fk_invalida:matricula_id
9673,807,2025-07-01,149,2025-06-07,2025-03-07,Pago,fk_invalida:matricula_id
9675,807,2025-09-01,35,2025-04-09,2025-12-09,Pago,fk_invalida:matricula_id
9677,807,2025-11-01,399,2025-03-11,2025-11-11,Pago,fk_invalida:matricula_id
9685,808,2025-07-01,149,2025-06-07,2025-09-07,Pago,fk_invalida:matricula_id
9686,808,2025-08-01,109,2025-02-08,2025-12-08,Pago,fk_invalida:matricula_id
9688,808,2025-10-01,699,2025-04-10,2025-12-10,Pago,fk_invalida:matricula_id
9691,808,2026-01-01,99,2026-01-01,2026-07-01,Pago,fk_invalida:matricula_id
9697,809,2025-07-01,1199,2025-02-07,2025-02-07,Pago,fk_invalida:matricula_id
9699,809,2025-09-01,399,2025-02-09,2025-01-09,Pago,fk_invalida:matricula_id
9709,810,2025-07-01,1199,2025-03-07,2025-01-07,Pago,fk_invalida:matricula_id
9712,810,2025-10-01,109,2025-04-10,2025-02-10,Pago,fk_invalida:matricula_id
9723,811,2025-09-01,1199,2025-04-09,2025-11-09,Pago,fk_invalida:matricula_id
9725,811,2025-11-01,199,2025-02-11,2025-01-11,Pago,fk_invalida:matricula_id
9734,812,2025-08-01,699,2025-01-08,2025-09-08,Pago,fk_invalida:matricula_id
9741,812,2026-03-01,1199,2026-02-03,2026-11-03,Pago,fk_invalida:matricula_id
9745,813,2025-07-01,99,2025-04-07,2025-01-07,Pago,fk_invalida:matricula_id
9753,813,2026-03-01,149,2026-02-03,2026-02-03,Pago,fk_invalida:matricula_id
9755,813,2026-05-01,109,2026-02-05,2026-04-05,Pago,fk_invalida:matricula_id
9758,814,2025-08-01,109,2025-05-08,2025-10-08,Pago,fk_invalida:matricula_id
9759,814,2025-09-01,149,2025-04-09,2025-07-09,Pago,fk_invalida:matricula_id
9761,814,2025-11-01,109,2025-01-11,2025-08-11,Pago,fk_invalida:matricula_id
9762,814,2025-12-01,1199,2025-02-12,2025-05-12,Pago,fk_invalida:matricula_id
9763,814,2026-01-01,109,2026-02-01,2026-07-01,Pago,fk_invalida:matricula_id
9766,814,2026-04-01,699,2026-02-04,2026-02-04,Pago,fk_invalida:matricula_id
9769,815,2025-07-01,149,2025-02-07,,Vencido,fk_invalida:matricula_id
9771,815,2025-09-01,99,2025-02-09,,Vencido,fk_invalida:matricula_id
9781,816,2025-07-01,109,2025-02-07,2025-08-07,Pago,fk_invalida:matricula_id
9782,816,2025-08-01,199,2025-05-08,2025-12-08,Pago,fk_invalida:matricula_id
9784,816,2025-10-01,199,2025-03-10,,Vencido,fk_invalida:matricula_id
9787,816,2026-01-01,99,2026-02-01,2026-08-01,Pago,fk_invalida:matricula_id
9788,816,2026-02-01,699,2026-01-02,2026-11-02,Pago,fk_invalida:matricula_id
9793,817,2025-07-01,199,2025-04-07,2025-12-07,Pago,fk_invalida:matricula_id
9794,817,2025-08-01,149,2025-01-08,2025-06-08,Pago,fk_invalida:matricula_id
9805,818,2025-07-01,1199,2025-06-07,2025-06-07,Pago,fk_invalida:matricula_id
9808,818,2025-10-01,399,2025-02-10,2025-12-10,Pago,fk_invalida:matricula_id
9814,818,2026-04-01,109,2026-01-04,2026-08-04,Pago,fk_invalida:matricula_id
9817,819,2025-07-01,399,2025-06-07,2025-11-07,Pago,fk_invalida:matricula_id
9820,819,2025-10-01,149,2025-04-10,2025-04-10,Pago,fk_invalida:matricula_id
9830,820,2025-08-01,399,2025-02-08,2025-09-08,Pago,fk_invalida:matricula_id
9832,820,2025-10-01,399,2025-04-10,2025-02-10,Pago,fk_invalida:matricula_id
9833,820,2025-11-01,699,2025-01-11,2025-02-11,Pago,fk_invalida:matricula_id
9853,822,2025-07-01,399,2025-01-07,2025-07-07,Pago,fk_invalida:matricula_id
9866,823,2025-08-01,699,2025-04-08,2025-03-08,Pago,fk_invalida:matricula_id
9867,823,2025-09-01,1199,2025-02-09,2025-04-09,Pago,fk_invalida:matricula_id
9870,823,2025-12-01,109,2025-03-12,2025-09-12,Pago,fk_invalida:matricula_id
9877,824,2025-07-01,99,2025-01-07,2025-09-07,Pago,fk_invalida:matricula_id
9880,824,2025-10-01,199,2025-02-10,2025-09-10,Pago,fk_invalida:matricula_id
9885,824,2026-03-01,199,2026-03-03,2026-08-03,Pago,fk_invalida:matricula_id
9889,825,2025-07-01,199,2025-02-07,2025-04-07,Pago,fk_invalida:matricula_id
9890,825,2025-08-01,99,2025-03-08,2025-07-08,Pago,fk_invalida:matricula_id
9891,825,2025-09-01,109,2025-04-09,2025-12-09,Pago,fk_invalida:matricula_id
9895,825,2026-01-01,1199,2026-02-01,2026-01-01,Pago,fk_invalida:matricula_id
9902,826,2025-08-01,35,2025-05-08,2025-11-08,Pago,fk_invalida:matricula_id
9904,826,2025-10-01,35,2025-01-10,,Vencido,fk_invalida:matricula_id
9907,826,2026-01-01,109,2026-01-01,2026-09-01,Pago,fk_invalida:matricula_id
9915,827,2025-09-01,1199,2025-02-09,2025-11-09,Pago,fk_invalida:matricula_id
9918,827,2025-12-01,149,2025-03-12,2025-05-12,Pago,fk_invalida:matricula_id
9921,827,2026-03-01,35,2026-03-03,2026-06-03,Pago,fk_invalida:matricula_id
9922,827,2026-04-01,109,2026-01-04,2026-05-04,Pago,fk_invalida:matricula_id
9926,828,2025-08-01,199,2025-02-08,2025-01-08,Pago,fk_invalida:matricula_id
9931,828,2026-01-01,35,2026-01-01,2026-02-01,Pago,fk_invalida:matricula_id
9937,829,2025-07-01,99,2025-01-07,2025-01-07,Pago,fk_invalida:matricula_id
9938,829,2025-08-01,149,2025-04-08,2025-10-08,Pago,fk_invalida:matricula_id
9939,829,2025-09-01,149,2025-02-09,2025-04-09,Pago,fk_invalida:matricula_id
9940,829,2025-10-01,109,2025-03-10,2025-10-10,Pago,fk_invalida:matricula_id
9941,829,2025-11-01,199,2025-03-11,2025-08-11,Pago,fk_invalida:matricula_id
9942,829,2025-12-01,399,2025-03-12,2025-09-12,Pago,fk_invalida:matricula_id
9948,829,2026-06-01,35,2026-01-06,,Vencido,fk_invalida:matricula_id
9949,830,2025-07-01,199,2025-06-07,,Vencido,fk_invalida:matricula_id
9951,830,2025-09-01,149,2025-02-09,2025-07-09,Pago,fk_invalida:matricula_id
9953,830,2025-11-01,149,2025-02-11,2025-01-11,Pago,fk_invalida:matricula_id
9964,831,2025-10-01,35,2025-03-10,,Vencido,fk_invalida:matricula_id
9966,831,2025-12-01,399,2025-03-12,2025-10-12,Pago,fk_invalida:matricula_id
9967,831,2026-01-01,35,2026-01-01,2026-10-01,Pago,fk_invalida:matricula_id
9975,832,2025-09-01,149,2025-03-09,2025-07-09,Pago,fk_invalida:matricula_id
9977,832,2025-11-01,1199,2025-03-11,2025-05-11,Pago,fk_invalida:matricula_id
9981,832,2026-03-01,109,2026-02-03,2026-10-03,Pago,fk_invalida:matricula_id
9982,832,2026-04-01,699,2026-01-04,,Vencido,fk_invalida:matricula_id
9985,833,2025-07-01,35,2025-05-07,2025-04-07,Pago,fk_invalida:matricula_id
9986,833,2025-08-01,399,2025-05-08,2025-07-08,Pago,fk_invalida:matricula_id
9993,833,2026-03-01,109,2026-01-03,2026-10-03,Pago,fk_invalida:matricula_id
9994,833,2026-04-01,109,2026-02-04,,Vencido,fk_invalida:matricula_id
10011,835,2025-09-01,1199,2025-04-09,2025-03-09,Pago,fk_invalida:matricula_id
10013,835,2025-11-01,35,2025-02-11,2025-09-11,Pago,fk_invalida:matricula_id
10021,836,2025-07-01,109,2025-04-07,2025-01-07,Pago,fk_invalida:matricula_id
10022,836,2025-08-01,199,2025-01-08,,Vencido,fk_invalida:matricula_id
10033,837,2025-07-01,149,2025-03-07,2025-12-07,Pago,fk_invalida:matricula_id
10035,837,2025-09-01,699,2025-04-09,2025-12-09,Pago,fk_invalida:matricula_id
10037,837,2025-11-01,399,2025-01-11,,Vencido,fk_invalida:matricula_id
10039,837,2026-01-01,99,2026-02-01,2026-11-01,Pago,fk_invalida:matricula_id
10042,837,2026-04-01,99,2026-01-04,2026-12-04,Pago,fk_invalida:matricula_id
10046,838,2025-08-01,1199,2025-01-08,,Vencido,fk_invalida:matricula_id
10052,838,2026-02-01,99,2026-01-02,2026-09-02,Pago,fk_invalida:matricula_id
10053,838,2026-03-01,109,2026-01-03,2026-04-03,Pago,fk_invalida:matricula_id
10054,838,2026-04-01,109,2026-01-04,2026-12-04,Pago,fk_invalida:matricula_id
10057,839,2025-07-01,399,2025-02-07,2025-08-07,Pago,fk_invalida:matricula_id
10058,839,2025-08-01,149,2025-01-08,2025-09-08,Pago,fk_invalida:matricula_id
10060,839,2025-10-01,699,2025-02-10,2025-07-10,Pago,fk_invalida:matricula_id
10069,840,2025-07-01,1199,2025-04-07,2025-11-07,Pago,fk_invalida:matricula_id
10071,840,2025-09-01,399,2025-04-09,2025-10-09,Pago,fk_invalida:matricula_id
10072,840,2025-10-01,109,2025-03-10,,Vencido,fk_invalida:matricula_id
10078,840,2026-04-01,149,2026-02-04,2026-08-04,Pago,fk_invalida:matricula_id
10079,840,2026-05-01,109,2026-02-05,2026-12-05,Pago,fk_invalida:matricula_id
10081,841,2025-07-01,399,2025-06-07,2025-09-07,Pago,fk_invalida:matricula_id
10082,841,2025-08-01,109,2025-04-08,2025-12-08,Pago,fk_invalida:matricula_id
10083,841,2025-09-01,109,2025-04-09,2025-03-09,Pago,fk_invalida:matricula_id
10084,841,2025-10-01,699,2025-03-10,2025-02-10,Pago,fk_invalida:matricula_id
10085,841,2025-11-01,699,2025-01-11,,Vencido,fk_invalida:matricula_id
10088,841,2026-02-01,199,2026-01-02,,Vencido,fk_invalida:matricula_id
10089,841,2026-03-01,199,2026-03-03,2026-02-03,Pago,fk_invalida:matricula_id
10090,841,2026-04-01,699,2026-01-04,2026-06-04,Pago,fk_invalida:matricula_id
10095,842,2025-09-01,35,2025-02-09,2025-10-09,Pago,fk_invalida:matricula_id
10096,842,2025-10-01,399,2025-03-10,2025-05-10,Pago,fk_invalida:matricula_id
10097,842,2025-11-01,199,2025-03-11,2025-03-11,Pago,fk_invalida:matricula_id
10098,842,2025-12-01,399,2025-03-12,2025-01-12,Pago,fk_invalida:matricula_id
10105,843,2025-07-01,99,2025-06-07,2025-04-07,Pago,fk_invalida:matricula_id
10106,843,2025-08-01,99,2025-04-08,,Vencido,fk_invalida:matricula_id
10121,844,2025-11-01,199,2025-03-11,,Vencido,fk_invalida:matricula_id
10127,844,2026-05-01,699,2026-02-05,2026-12-05,Pago,fk_invalida:matricula_id
10129,845,2025-07-01,149,2025-02-07,2025-08-07,Pago,fk_invalida:matricula_id
10130,845,2025-08-01,149,2025-05-08,2025-08-08,Pago,fk_invalida:matricula_id
10132,845,2025-10-01,1199,2025-04-10,2025-06-10,Pago,fk_invalida:matricula_id
10133,845,2025-11-01,399,2025-03-11,,Vencido,fk_invalida:matricula_id
10145,846,2025-11-01,35,2025-01-11,2025-02-11,Pago,fk_invalida:matricula_id
10154,847,2025-08-01,1199,2025-04-08,2025-05-08,Pago,fk_invalida:matricula_id
10155,847,2025-09-01,399,2025-01-09,,Vencido,fk_invalida:matricula_id
10156,847,2025-10-01,149,2025-04-10,2025-11-10,Pago,fk_invalida:matricula_id
10158,847,2025-12-01,149,2025-02-12,2025-10-12,Pago,fk_invalida:matricula_id
10161,847,2026-03-01,199,2026-01-03,2026-11-03,Pago,fk_invalida:matricula_id
10165,848,2025-07-01,199,2025-03-07,2025-05-07,Pago,fk_invalida:matricula_id
10167,848,2025-09-01,1199,2025-03-09,2025-04-09,Pago,fk_invalida:matricula_id
10173,848,2026-03-01,1199,2026-03-03,2026-03-03,Pago,fk_invalida:matricula_id
10177,849,2025-07-01,699,2025-05-07,2025-03-07,Pago,fk_invalida:matricula_id
10178,849,2025-08-01,399,2025-03-08,,Vencido,fk_invalida:matricula_id
10180,849,2025-10-01,99,2025-01-10,2025-09-10,Pago,fk_invalida:matricula_id
10185,849,2026-03-01,149,2026-02-03,2026-04-03,Pago,fk_invalida:matricula_id
10186,849,2026-04-01,109,2026-01-04,2026-08-04,Pago,fk_invalida:matricula_id
10189,850,2025-07-01,149,2025-02-07,2025-03-07,Pago,fk_invalida:matricula_id
10191,850,2025-09-01,35,2025-02-09,2025-04-09,Pago,fk_invalida:matricula_id
10193,850,2025-11-01,35,2025-01-11,2025-04-11,Pago,fk_invalida:matricula_id
10198,850,2026-04-01,1199,2026-01-04,2026-11-04,Pago,fk_invalida:matricula_id
10201,851,2025-07-01,99,2025-05-07,2025-05-07,Pago,fk_invalida:matricula_id
10202,851,2025-08-01,35,2025-04-08,2025-08-08,Pago,fk_invalida:matricula_id
10204,851,2025-10-01,399,2025-03-10,2025-11-10,Pago,fk_invalida:matricula_id
10205,851,2025-11-01,35,2025-02-11,,Vencido,fk_invalida:matricula_id
10207,851,2026-01-01,199,2026-02-01,2026-01-01,Pago,fk_invalida:matricula_id
10209,851,2026-03-01,699,2026-02-03,2026-05-03,Pago,fk_invalida:matricula_id
10211,851,2026-05-01,35,2026-02-05,2026-06-05,Pago,fk_invalida:matricula_id
10212,851,2026-06-01,99,2026-01-06,2026-02-06,Pago,fk_invalida:matricula_id
10214,852,2025-08-01,35,2025-04-08,2025-02-08,Pago,fk_invalida:matricula_id
10216,852,2025-10-01,109,2025-01-10,2025-10-10,Pago,fk_invalida:matricula_id
10217,852,2025-11-01,149,2025-02-11,2025-10-11,Pago,fk_invalida:matricula_id
10219,852,2026-01-01,199,2026-01-01,2026-09-01,Pago,fk_invalida:matricula_id
10221,852,2026-03-01,699,2026-01-03,2026-10-03,Pago,fk_invalida:matricula_id
10224,852,2026-06-01,399,2026-01-06,2026-04-06,Pago,fk_invalida:matricula_id
10225,853,2025-07-01,699,2025-04-07,2025-09-07,Pago,fk_invalida:matricula_id
10226,853,2025-08-01,1199,2025-02-08,2025-09-08,Pago,fk_invalida:matricula_id
10228,853,2025-10-01,35,2025-01-10,2025-03-10,Pago,fk_invalida:matricula_id
10230,853,2025-12-01,1199,2025-03-12,2025-06-12,Pago,fk_invalida:matricula_id
10233,853,2026-03-01,399,2026-01-03,2026-02-03,Pago,fk_invalida:matricula_id
10234,853,2026-04-01,99,2026-01-04,2026-08-04,Pago,fk_invalida:matricula_id
10235,853,2026-05-01,109,2026-02-05,2026-05-05,Pago,fk_invalida:matricula_id
10237,854,2025-07-01,99,2025-04-07,2025-03-07,Pago,fk_invalida:matricula_id
10238,854,2025-08-01,699,2025-04-08,2025-06-08,Pago,fk_invalida:matricula_id
10239,854,2025-09-01,399,2025-02-09,2025-07-09,Pago,fk_invalida:matricula_id
10240,854,2025-10-01,199,2025-04-10,2025-11-10,Pago,fk_invalida:matricula_id
10245,854,2026-03-01,35,2026-02-03,2026-05-03,Pago,fk_invalida:matricula_id
10253,855,2025-11-01,1199,2025-03-11,2025-04-11,Pago,fk_invalida:matricula_id
10261,856,2025-07-01,199,2025-05-07,2025-12-07,Pago,fk_invalida:matricula_id
10262,856,2025-08-01,35,2025-04-08,2025-08-08,Pago,fk_invalida:matricula_id
10263,856,2025-09-01,199,2025-01-09,,Vencido,fk_invalida:matricula_id
10273,857,2025-07-01,35,2025-05-07,2025-11-07,Pago,fk_invalida:matricula_id
10274,857,2025-08-01,149,2025-04-08,2025-03-08,Pago,fk_invalida:matricula_id
10278,857,2025-12-01,199,2025-01-12,2025-09-12,Pago,fk_invalida:matricula_id
10285,858,2025-07-01,699,2025-05-07,2025-07-07,Pago,fk_invalida:matricula_id
10289,858,2025-11-01,109,2025-01-11,2025-12-11,Pago,fk_invalida:matricula_id
10291,858,2026-01-01,99,2026-02-01,,Vencido,fk_invalida:matricula_id
10294,858,2026-04-01,399,2026-01-04,2026-11-04,Pago,fk_invalida:matricula_id
10297,859,2025-07-01,99,2025-05-07,2025-03-07,Pago,fk_invalida:matricula_id
10298,859,2025-08-01,1199,2025-01-08,2025-09-08,Pago,fk_invalida:matricula_id
10299,859,2025-09-01,35,2025-03-09,2025-01-09,Pago,fk_invalida:matricula_id
10305,859,2026-03-01,699,2026-01-03,2026-04-03,Pago,fk_invalida:matricula_id
10310,860,2025-08-01,699,2025-04-08,2025-03-08,Pago,fk_invalida:matricula_id
10313,860,2025-11-01,149,2025-03-11,2025-10-11,Pago,fk_invalida:matricula_id
10314,860,2025-12-01,35,2025-01-12,2025-08-12,Pago,fk_invalida:matricula_id
10317,860,2026-03-01,199,2026-02-03,2026-07-03,Pago,fk_invalida:matricula_id
10324,861,2025-10-01,109,2025-04-10,2025-03-10,Pago,fk_invalida:matricula_id
10328,861,2026-02-01,149,2026-01-02,2026-05-02,Pago,fk_invalida:matricula_id
10329,861,2026-03-01,99,2026-02-03,,Vencido,fk_invalida:matricula_id
10333,862,2025-07-01,99,2025-04-07,,Vencido,fk_invalida:matricula_id
10334,862,2025-08-01,149,2025-04-08,2025-04-08,Pago,fk_invalida:matricula_id
10336,862,2025-10-01,699,2025-03-10,2025-08-10,Pago,fk_invalida:matricula_id
10338,862,2025-12-01,99,2025-03-12,2025-05-12,Pago,fk_invalida:matricula_id
10339,862,2026-01-01,109,2026-01-01,2026-03-01,Pago,fk_invalida:matricula_id
10341,862,2026-03-01,109,2026-03-03,2026-06-03,Pago,fk_invalida:matricula_id
10343,862,2026-05-01,1199,2026-02-05,2026-11-05,Pago,fk_invalida:matricula_id
10345,863,2025-07-01,399,2025-04-07,2025-12-07,Pago,fk_invalida:matricula_id
10347,863,2025-09-01,399,2025-04-09,2025-12-09,Pago,fk_invalida:matricula_id
10348,863,2025-10-01,699,2025-01-10,2025-11-10,Pago,fk_invalida:matricula_id
10349,863,2025-11-01,1199,2025-01-11,2025-11-11,Pago,fk_invalida:matricula_id
10355,863,2026-05-01,99,2026-01-05,2026-09-05,Pago,fk_invalida:matricula_id
10357,864,2025-07-01,99,2025-03-07,2025-09-07,Pago,fk_invalida:matricula_id
10362,864,2025-12-01,699,2025-01-12,2025-02-12,Pago,fk_invalida:matricula_id
10365,864,2026-03-01,199,2026-02-03,,Vencido,fk_invalida:matricula_id
10367,864,2026-05-01,1199,2026-01-05,2026-09-05,Pago,fk_invalida:matricula_id
10369,865,2025-07-01,109,2025-01-07,,Vencido,fk_invalida:matricula_id
10370,865,2025-08-01,149,2025-02-08,2025-04-08,Pago,fk_invalida:matricula_id
10372,865,2025-10-01,199,2025-01-10,,Vencido,fk_invalida:matricula_id
10375,865,2026-01-01,149,2026-02-01,2026-10-01,Pago,fk_invalida:matricula_id
10377,865,2026-03-01,1199,2026-01-03,2026-09-03,Pago,fk_invalida:matricula_id
10381,866,2025-07-01,199,2025-06-07,2025-12-07,Pago,fk_invalida:matricula_id
10384,866,2025-10-01,399,2025-02-10,2025-11-10,Pago,fk_invalida:matricula_id
10387,866,2026-01-01,199,2026-02-01,2026-06-01,Pago,fk_invalida:matricula_id
10393,867,2025-07-01,109,2025-01-07,2025-07-07,Pago,fk_invalida:matricula_id
10394,867,2025-08-01,699,2025-03-08,2025-07-08,Pago,fk_invalida:matricula_id
10405,868,2025-07-01,35,2025-06-07,2025-04-07,Pago,fk_invalida:matricula_id
10406,868,2025-08-01,399,2025-03-08,2025-11-08,Pago,fk_invalida:matricula_id
10408,868,2025-10-01,699,2025-01-10,2025-02-10,Pago,fk_invalida:matricula_id
10409,868,2025-11-01,109,2025-02-11,2025-04-11,Pago,fk_invalida:matricula_id
10414,868,2026-04-01,699,2026-02-04,2026-03-04,Pago,fk_invalida:matricula_id
10420,869,2025-10-01,1199,2025-03-10,2025-06-10,Pago,fk_invalida:matricula_id
10429,870,2025-07-01,199,2025-02-07,2025-05-07,Pago,fk_invalida:matricula_id
10430,870,2025-08-01,35,2025-01-08,2025-01-08,Pago,fk_invalida:matricula_id
10432,870,2025-10-01,399,2025-03-10,2025-06-10,Pago,fk_invalida:matricula_id
10444,871,2025-10-01,109,2025-02-10,2025-07-10,Pago,fk_invalida:matricula_id
10445,871,2025-11-01,699,2025-02-11,2025-03-11,Pago,fk_invalida:matricula_id
10449,871,2026-03-01,199,2026-02-03,2026-09-03,Pago,fk_invalida:matricula_id
10453,872,2025-07-01,699,2025-01-07,2025-06-07,Pago,fk_invalida:matricula_id
10458,872,2025-12-01,699,2025-02-12,2025-03-12,Pago,fk_invalida:matricula_id
10459,872,2026-01-01,109,2026-02-01,2026-05-01,Pago,fk_invalida:matricula_id
10462,872,2026-04-01,149,2026-01-04,2026-07-04,Pago,fk_invalida:matricula_id
10468,873,2025-10-01,399,2025-01-10,,Vencido,fk_invalida:matricula_id
10470,873,2025-12-01,399,2025-02-12,2025-05-12,Pago,fk_invalida:matricula_id
10477,874,2025-07-01,35,2025-06-07,2025-05-07,Pago,fk_invalida:matricula_id
10478,874,2025-08-01,199,2025-01-08,2025-08-08,Pago,fk_invalida:matricula_id
10487,874,2026-05-01,35,2026-02-05,2026-07-05,Pago,fk_invalida:matricula_id
10489,875,2025-07-01,1199,2025-04-07,,Vencido,fk_invalida:matricula_id
10491,875,2025-09-01,109,2025-03-09,2025-09-09,Pago,fk_invalida:matricula_id
10497,875,2026-03-01,399,2026-02-03,2026-06-03,Pago,fk_invalida:matricula_id
10504,876,2025-10-01,99,2025-02-10,2025-12-10,Pago,fk_invalida:matricula_id
10506,876,2025-12-01,1199,2025-02-12,,Vencido,fk_invalida:matricula_id
10512,876,2026-06-01,149,2026-01-06,2026-01-06,Pago,fk_invalida:matricula_id
10514,877,2025-08-01,1199,2025-02-08,2025-01-08,Pago,fk_invalida:matricula_id
10516,877,2025-10-01,99,2025-02-10,2025-12-10,Pago,fk_invalida:matricula_id
10517,877,2025-11-01,399,2025-03-11,2025-11-11,Pago,fk_invalida:matricula_id
10518,877,2025-12-01,35,2025-01-12,2025-08-12,Pago,fk_invalida:matricula_id
10519,877,2026-01-01,149,2026-01-01,2026-09-01,Pago,fk_invalida:matricula_id
10522,877,2026-04-01,109,2026-02-04,2026-06-04,Pago,fk_invalida:matricula_id
10536,878,2026-06-01,99,2026-01-06,2026-06-06,Pago,fk_invalida:matricula_id
10537,879,2025-07-01,35,2025-02-07,2025-02-07,Pago,fk_invalida:matricula_id
10539,879,2025-09-01,149,2025-01-09,2025-12-09,Pago,fk_invalida:matricula_id
10541,879,2025-11-01,35,2025-03-11,2025-04-11,Pago,fk_invalida:matricula_id
10545,879,2026-03-01,199,2026-03-03,2026-09-03,Pago,fk_invalida:matricula_id
10549,880,2025-07-01,199,2025-03-07,2025-11-07,Pago,fk_invalida:matricula_id
10550,880,2025-08-01,99,2025-01-08,2025-04-08,Pago,fk_invalida:matricula_id
10552,880,2025-10-01,109,2025-03-10,2025-11-10,Pago,fk_invalida:matricula_id
10555,880,2026-01-01,699,2026-02-01,2026-08-01,Pago,fk_invalida:matricula_id
10558,880,2026-04-01,99,2026-02-04,2026-08-04,Pago,fk_invalida:matricula_id
10561,881,2025-07-01,399,2025-06-07,2025-12-07,Pago,fk_invalida:matricula_id
10565,881,2025-11-01,699,2025-01-11,2025-04-11,Pago,fk_invalida:matricula_id
10576,882,2025-10-01,35,2025-02-10,2025-01-10,Pago,fk_invalida:matricula_id
10577,882,2025-11-01,199,2025-01-11,,Vencido,fk_invalida:matricula_id
10581,882,2026-03-01,149,2026-02-03,2026-06-03,Pago,fk_invalida:matricula_id
10583,882,2026-05-01,35,2026-02-05,2026-10-05,Pago,fk_invalida:matricula_id
10585,883,2025-07-01,149,2025-05-07,2025-07-07,Pago,fk_invalida:matricula_id
10588,883,2025-10-01,99,2025-04-10,2025-03-10,Pago,fk_invalida:matricula_id
10597,884,2025-07-01,699,2025-04-07,2025-05-07,Pago,fk_invalida:matricula_id
10598,884,2025-08-01,35,2025-01-08,,Vencido,fk_invalida:matricula_id
10600,884,2025-10-01,109,2025-04-10,2025-08-10,Pago,fk_invalida:matricula_id
10603,884,2026-01-01,35,2026-01-01,2026-08-01,Pago,fk_invalida:matricula_id
10604,884,2026-02-01,99,2026-01-02,2026-10-02,Pago,fk_invalida:matricula_id
10606,884,2026-04-01,1199,2026-01-04,2026-02-04,Pago,fk_invalida:matricula_id
10609,885,2025-07-01,35,2025-06-07,2025-05-07,Pago,fk_invalida:matricula_id
10610,885,2025-08-01,399,2025-01-08,2025-10-08,Pago,fk_invalida:matricula_id
10619,885,2026-05-01,35,2026-02-05,2026-07-05,Pago,fk_invalida:matricula_id
10623,886,2025-09-01,99,2025-04-09,2025-12-09,Pago,fk_invalida:matricula_id
10624,886,2025-10-01,1199,2025-01-10,,Vencido,fk_invalida:matricula_id
10628,886,2026-02-01,149,2026-01-02,2026-10-02,Pago,fk_invalida:matricula_id
10633,887,2025-07-01,99,2025-06-07,2025-11-07,Pago,fk_invalida:matricula_id
10639,887,2026-01-01,1199,2026-01-01,2026-09-01,Pago,fk_invalida:matricula_id
10640,887,2026-02-01,1199,2026-01-02,2026-10-02,Pago,fk_invalida:matricula_id
10642,887,2026-04-01,1199,2026-02-04,2026-07-04,Pago,fk_invalida:matricula_id
10647,888,2025-09-01,199,2025-01-09,2025-09-09,Pago,fk_invalida:matricula_id
10653,888,2026-03-01,149,2026-01-03,2026-02-03,Pago,fk_invalida:matricula_id
10656,888,2026-06-01,1199,2026-01-06,2026-10-06,Pago,fk_invalida:matricula_id
10658,889,2025-08-01,199,2025-05-08,,Vencido,fk_invalida:matricula_id
10669,890,2025-07-01,149,2025-06-07,2025-06-07,Pago,fk_invalida:matricula_id
10670,890,2025-08-01,1199,2025-02-08,2025-12-08,Pago,fk_invalida:matricula_id
10672,890,2025-10-01,35,2025-02-10,,Vencido,fk_invalida:matricula_id
10673,890,2025-11-01,1199,2025-02-11,2025-08-11,Pago,fk_invalida:matricula_id
10674,890,2025-12-01,99,2025-03-12,2025-06-12,Pago,fk_invalida:matricula_id
10675,890,2026-01-01,35,2026-01-01,2026-04-01,Pago,fk_invalida:matricula_id
10681,891,2025-07-01,35,2025-04-07,,Vencido,fk_invalida:matricula_id
10684,891,2025-10-01,149,2025-02-10,2025-07-10,Pago,fk_invalida:matricula_id
10685,891,2025-11-01,149,2025-02-11,2025-06-11,Pago,fk_invalida:matricula_id
10687,891,2026-01-01,1199,2026-01-01,2026-01-01,Pago,fk_invalida:matricula_id
10688,891,2026-02-01,399,2026-01-02,2026-12-02,Pago,fk_invalida:matricula_id
10692,891,2026-06-01,109,2026-01-06,2026-01-06,Pago,fk_invalida:matricula_id
10693,892,2025-07-01,149,2025-05-07,2025-05-07,Pago,fk_invalida:matricula_id
10706,893,2025-08-01,109,2025-02-08,2025-11-08,Pago,fk_invalida:matricula_id
10707,893,2025-09-01,399,2025-04-09,2025-06-09,Pago,fk_invalida:matricula_id
10708,893,2025-10-01,199,2025-02-10,2025-07-10,Pago,fk_invalida:matricula_id
10709,893,2025-11-01,109,2025-03-11,2025-01-11,Pago,fk_invalida:matricula_id
10718,894,2025-08-01,199,2025-02-08,,Vencido,fk_invalida:matricula_id
10720,894,2025-10-01,699,2025-03-10,2025-11-10,Pago,fk_invalida:matricula_id
10721,894,2025-11-01,1199,2025-01-11,2025-05-11,Pago,fk_invalida:matricula_id
10722,894,2025-12-01,399,2025-01-12,2025-08-12,Pago,fk_invalida:matricula_id
10724,894,2026-02-01,1199,2026-01-02,2026-10-02,Pago,fk_invalida:matricula_id
10726,894,2026-04-01,99,2026-01-04,2026-09-04,Pago,fk_invalida:matricula_id
10729,895,2025-07-01,1199,2025-06-07,2025-06-07,Pago,fk_invalida:matricula_id
10730,895,2025-08-01,109,2025-02-08,2025-03-08,Pago,fk_invalida:matricula_id
10731,895,2025-09-01,109,2025-03-09,2025-10-09,Pago,fk_invalida:matricula_id
10735,895,2026-01-01,99,2026-02-01,2026-10-01,Pago,fk_invalida:matricula_id
10737,895,2026-03-01,109,2026-03-03,2026-11-03,Pago,fk_invalida:matricula_id
10741,896,2025-07-01,35,2025-04-07,2025-03-07,Pago,fk_invalida:matricula_id
10744,896,2025-10-01,109,2025-04-10,2025-08-10,Pago,fk_invalida:matricula_id
10746,896,2025-12-01,35,2025-01-12,2025-05-12,Pago,fk_invalida:matricula_id
10751,896,2026-05-01,1199,2026-01-05,,Vencido,fk_invalida:matricula_id
10753,897,2025-07-01,699,2025-01-07,2025-12-07,Pago,fk_invalida:matricula_id
10761,897,2026-03-01,399,2026-02-03,,Vencido,fk_invalida:matricula_id
10763,897,2026-05-01,699,2026-02-05,2026-01-05,Pago,fk_invalida:matricula_id
10767,898,2025-09-01,35,2025-04-09,2025-07-09,Pago,fk_invalida:matricula_id
10768,898,2025-10-01,199,2025-02-10,2025-05-10,Pago,fk_invalida:matricula_id
10771,898,2026-01-01,99,2026-01-01,2026-04-01,Pago,fk_invalida:matricula_id
10772,898,2026-02-01,109,2026-01-02,2026-11-02,Pago,fk_invalida:matricula_id
10777,899,2025-07-01,109,2025-05-07,2025-08-07,Pago,fk_invalida:matricula_id
10778,899,2025-08-01,699,2025-02-08,2025-04-08,Pago,fk_invalida:matricula_id
10780,899,2025-10-01,99,2025-02-10,2025-04-10,Pago,fk_invalida:matricula_id
10789,900,2025-07-01,699,2025-05-07,2025-02-07,Pago,fk_invalida:matricula_id
10791,900,2025-09-01,35,2025-03-09,2025-07-09,Pago,fk_invalida:matricula_id
10797,900,2026-03-01,399,2026-01-03,2026-10-03,Pago,fk_invalida:matricula_id
10803,901,2025-09-01,1199,2025-03-09,2025-08-09,Pago,fk_invalida:matricula_id
10805,901,2025-11-01,35,2025-01-11,2025-06-11,Pago,fk_invalida:matricula_id
10813,902,2025-07-01,699,2025-02-07,2025-07-07,Pago,fk_invalida:matricula_id
10814,902,2025-08-01,35,2025-03-08,2025-05-08,Pago,fk_invalida:matricula_id
10817,902,2025-11-01,1199,2025-03-11,2025-05-11,Pago,fk_invalida:matricula_id
10824,902,2026-06-01,149,2026-01-06,2026-08-06,Pago,fk_invalida:matricula_id
10825,903,2025-07-01,1199,2025-05-07,2025-08-07,Pago,fk_invalida:matricula_id
10827,903,2025-09-01,1199,2025-01-09,2025-08-09,Pago,fk_invalida:matricula_id
10829,903,2025-11-01,149,2025-03-11,2025-04-11,Pago,fk_invalida:matricula_id
10850,905,2025-08-01,35,2025-03-08,2025-07-08,Pago,fk_invalida:matricula_id
10851,905,2025-09-01,399,2025-02-09,,Vencido,fk_invalida:matricula_id
10861,906,2025-07-01,35,2025-06-07,2025-08-07,Pago,fk_invalida:matricula_id
10862,906,2025-08-01,99,2025-01-08,2025-09-08,Pago,fk_invalida:matricula_id
10864,906,2025-10-01,399,2025-01-10,,Vencido,fk_invalida:matricula_id
10865,906,2025-11-01,35,2025-03-11,2025-06-11,Pago,fk_invalida:matricula_id
10867,906,2026-01-01,699,2026-02-01,2026-11-01,Pago,fk_invalida:matricula_id
10876,907,2025-10-01,35,2025-04-10,,Vencido,fk_invalida:matricula_id
10877,907,2025-11-01,149,2025-02-11,2025-04-11,Pago,fk_invalida:matricula_id
10879,907,2026-01-01,35,2026-02-01,2026-09-01,Pago,fk_invalida:matricula_id
10886,908,2025-08-01,199,2025-04-08,,Vencido,fk_invalida:matricula_id
10887,908,2025-09-01,149,2025-03-09,2025-05-09,Pago,fk_invalida:matricula_id
10888,908,2025-10-01,35,2025-03-10,2025-05-10,Pago,fk_invalida:matricula_id
10890,908,2025-12-01,99,2025-02-12,2025-02-12,Pago,fk_invalida:matricula_id
10894,908,2026-04-01,149,2026-01-04,2026-09-04,Pago,fk_invalida:matricula_id
10897,909,2025-07-01,99,2025-02-07,2025-02-07,Pago,fk_invalida:matricula_id
10898,909,2025-08-01,699,2025-03-08,2025-04-08,Pago,fk_invalida:matricula_id
10909,910,2025-07-01,199,2025-01-07,,Vencido,fk_invalida:matricula_id
10911,910,2025-09-01,149,2025-02-09,2025-07-09,Pago,fk_invalida:matricula_id
10912,910,2025-10-01,99,2025-04-10,,Vencido,fk_invalida:matricula_id
10913,910,2025-11-01,399,2025-02-11,2025-11-11,Pago,fk_invalida:matricula_id
10921,911,2025-07-01,35,2025-02-07,2025-06-07,Pago,fk_invalida:matricula_id
10922,911,2025-08-01,149,2025-03-08,2025-01-08,Pago,fk_invalida:matricula_id
10930,911,2026-04-01,99,2026-02-04,2026-06-04,Pago,fk_invalida:matricula_id
10934,912,2025-08-01,199,2025-02-08,2025-03-08,Pago,fk_invalida:matricula_id
10935,912,2025-09-01,109,2025-01-09,2025-11-09,Pago,fk_invalida:matricula_id
10938,912,2025-12-01,35,2025-02-12,2025-10-12,Pago,fk_invalida:matricula_id
10945,913,2025-07-01,399,2025-06-07,2025-11-07,Pago,fk_invalida:matricula_id
10947,913,2025-09-01,699,2025-01-09,2025-05-09,Pago,fk_invalida:matricula_id
10948,913,2025-10-01,35,2025-02-10,2025-09-10,Pago,fk_invalida:matricula_id
10950,913,2025-12-01,35,2025-01-12,2025-11-12,Pago,fk_invalida:matricula_id
10953,913,2026-03-01,35,2026-03-03,2026-12-03,Pago,fk_invalida:matricula_id
10954,913,2026-04-01,99,2026-01-04,,Vencido,fk_invalida:matricula_id
10957,914,2025-07-01,1199,2025-02-07,2025-06-07,Pago,fk_invalida:matricula_id
10958,914,2025-08-01,99,2025-03-08,2025-11-08,Pago,fk_invalida:matricula_id
10959,914,2025-09-01,199,2025-04-09,2025-01-09,Pago,fk_invalida:matricula_id
10963,914,2026-01-01,35,2026-01-01,2026-04-01,Pago,fk_invalida:matricula_id
10965,914,2026-03-01,99,2026-02-03,2026-04-03,Pago,fk_invalida:matricula_id
10972,915,2025-10-01,699,2025-04-10,2025-06-10,Pago,fk_invalida:matricula_id
10978,915,2026-04-01,1199,2026-01-04,2026-02-04,Pago,fk_invalida:matricula_id
10979,915,2026-05-01,149,2026-02-05,2026-02-05,Pago,fk_invalida:matricula_id
10982,916,2025-08-01,199,2025-05-08,,Vencido,fk_invalida:matricula_id
10983,916,2025-09-01,109,2025-04-09,2025-09-09,Pago,fk_invalida:matricula_id
10985,916,2025-11-01,399,2025-01-11,,Vencido,fk_invalida:matricula_id
10988,916,2026-02-01,1199,2026-01-02,,Vencido,fk_invalida:matricula_id
10991,916,2026-05-01,99,2026-02-05,2026-03-05,Pago,fk_invalida:matricula_id
10993,917,2025-07-01,99,2025-01-07,2025-03-07,Pago,fk_invalida:matricula_id
11010,918,2025-12-01,99,2025-03-12,2025-02-12,Pago,fk_invalida:matricula_id
11011,918,2026-01-01,109,2026-01-01,2026-06-01,Pago,fk_invalida:matricula_id
11015,918,2026-05-01,149,2026-01-05,2026-03-05,Pago,fk_invalida:matricula_id
11017,919,2025-07-01,699,2025-05-07,2025-02-07,Pago,fk_invalida:matricula_id
11019,919,2025-09-01,699,2025-04-09,2025-04-09,Pago,fk_invalida:matricula_id
11022,919,2025-12-01,149,2025-02-12,2025-01-12,Pago,fk_invalida:matricula_id
11027,919,2026-05-01,109,2026-01-05,,Vencido,fk_invalida:matricula_id
11028,919,2026-06-01,109,2026-01-06,2026-06-06,Pago,fk_invalida:matricula_id
11029,920,2025-07-01,109,2025-03-07,2025-04-07,Pago,fk_invalida:matricula_id
11031,920,2025-09-01,199,2025-03-09,,Vencido,fk_invalida:matricula_id
11034,920,2025-12-01,199,2025-02-12,2025-09-12,Pago,fk_invalida:matricula_id
11037,920,2026-03-01,1199,2026-01-03,2026-05-03,Pago,fk_invalida:matricula_id
11041,921,2025-07-01,1199,2025-05-07,,Vencido,fk_invalida:matricula_id
11045,921,2025-11-01,1199,2025-03-11,2025-12-11,Pago,fk_invalida:matricula_id
11051,921,2026-05-01,109,2026-01-05,2026-10-05,Pago,fk_invalida:matricula_id
11054,922,2025-08-01,109,2025-01-08,2025-12-08,Pago,fk_invalida:matricula_id
11055,922,2025-09-01,35,2025-04-09,,Vencido,fk_invalida:matricula_id
11059,922,2026-01-01,399,2026-01-01,,Vencido,fk_invalida:matricula_id
11065,923,2025-07-01,99,2025-06-07,,Vencido,fk_invalida:matricula_id
11072,923,2026-02-01,149,2026-01-02,2026-09-02,Pago,fk_invalida:matricula_id
11074,923,2026-04-01,399,2026-01-04,2026-11-04,Pago,fk_invalida:matricula_id
11079,924,2025-09-01,99,2025-04-09,2025-10-09,Pago,fk_invalida:matricula_id
11080,924,2025-10-01,399,2025-04-10,2025-01-10,Pago,fk_invalida:matricula_id
11084,924,2026-02-01,149,2026-01-02,2026-02-02,Pago,fk_invalida:matricula_id
11090,925,2025-08-01,99,2025-03-08,,Vencido,fk_invalida:matricula_id
11091,925,2025-09-01,699,2025-02-09,2025-07-09,Pago,fk_invalida:matricula_id
11092,925,2025-10-01,99,2025-03-10,2025-04-10,Pago,fk_invalida:matricula_id
11093,925,2025-11-01,149,2025-03-11,2025-12-11,Pago,fk_invalida:matricula_id
11098,925,2026-04-01,99,2026-02-04,2026-03-04,Pago,fk_invalida:matricula_id
11102,926,2025-08-01,699,2025-02-08,2025-03-08,Pago,fk_invalida:matricula_id
11103,926,2025-09-01,35,2025-03-09,2025-12-09,Pago,fk_invalida:matricula_id
11104,926,2025-10-01,199,2025-01-10,2025-11-10,Pago,fk_invalida:matricula_id
11105,926,2025-11-01,99,2025-01-11,2025-09-11,Pago,fk_invalida:matricula_id
11109,926,2026-03-01,199,2026-03-03,2026-08-03,Pago,fk_invalida:matricula_id
11113,927,2025-07-01,149,2025-06-07,2025-06-07,Pago,fk_invalida:matricula_id
11117,927,2025-11-01,35,2025-02-11,2025-10-11,Pago,fk_invalida:matricula_id
11119,927,2026-01-01,199,2026-02-01,2026-08-01,Pago,fk_invalida:matricula_id
11122,927,2026-04-01,99,2026-02-04,2026-05-04,Pago,fk_invalida:matricula_id
11123,927,2026-05-01,199,2026-01-05,2026-12-05,Pago,fk_invalida:matricula_id
11125,928,2025-07-01,99,2025-01-07,2025-12-07,Pago,fk_invalida:matricula_id
11126,928,2025-08-01,35,2025-05-08,,Vencido,fk_invalida:matricula_id
11131,928,2026-01-01,399,2026-01-01,2026-09-01,Pago,fk_invalida:matricula_id
11133,928,2026-03-01,149,2026-03-03,,Vencido,fk_invalida:matricula_id
11141,929,2025-11-01,109,2025-02-11,2025-07-11,Pago,fk_invalida:matricula_id
11143,929,2026-01-01,109,2026-02-01,2026-04-01,Pago,fk_invalida:matricula_id
11147,929,2026-05-01,1199,2026-01-05,2026-02-05,Pago,fk_invalida:matricula_id
11149,930,2025-07-01,199,2025-04-07,2025-09-07,Pago,fk_invalida:matricula_id
11150,930,2025-08-01,149,2025-02-08,2025-04-08,Pago,fk_invalida:matricula_id
11151,930,2025-09-01,699,2025-03-09,2025-12-09,Pago,fk_invalida:matricula_id
11154,930,2025-12-01,99,2025-03-12,2025-03-12,Pago,fk_invalida:matricula_id
11159,930,2026-05-01,149,2026-01-05,2026-02-05,Pago,fk_invalida:matricula_id
11161,931,2025-07-01,199,2025-03-07,2025-10-07,Pago,fk_invalida:matricula_id
11163,931,2025-09-01,699,2025-01-09,2025-07-09,Pago,fk_invalida:matricula_id
11164,931,2025-10-01,99,2025-03-10,2025-10-10,Pago,fk_invalida:matricula_id
11173,932,2025-07-01,99,2025-05-07,,Vencido,fk_invalida:matricula_id
11175,932,2025-09-01,99,2025-02-09,,Vencido,fk_invalida:matricula_id
11176,932,2025-10-01,149,2025-02-10,,Vencido,fk_invalida:matricula_id
11178,932,2025-12-01,35,2025-01-12,2025-03-12,Pago,fk_invalida:matricula_id
11179,932,2026-01-01,149,2026-02-01,2026-01-01,Pago,fk_invalida:matricula_id
11182,932,2026-04-01,199,2026-02-04,2026-09-04,Pago,fk_invalida:matricula_id
11185,933,2025-07-01,1199,2025-05-07,2025-04-07,Pago,fk_invalida:matricula_id
11186,933,2025-08-01,149,2025-05-08,2025-09-08,Pago,fk_invalida:matricula_id
11193,933,2026-03-01,399,2026-02-03,2026-08-03,Pago,fk_invalida:matricula_id
11197,934,2025-07-01,99,2025-01-07,2025-02-07,Pago,fk_invalida:matricula_id
11199,934,2025-09-01,199,2025-01-09,,Vencido,fk_invalida:matricula_id
11200,934,2025-10-01,199,2025-01-10,2025-10-10,Pago,fk_invalida:matricula_id
11202,934,2025-12-01,109,2025-01-12,,Vencido,fk_invalida:matricula_id
11211,935,2025-09-01,699,2025-01-09,2025-09-09,Pago,fk_invalida:matricula_id
11212,935,2025-10-01,109,2025-04-10,2025-08-10,Pago,fk_invalida:matricula_id
11213,935,2025-11-01,199,2025-01-11,2025-08-11,Pago,fk_invalida:matricula_id
11221,936,2025-07-01,699,2025-04-07,2025-03-07,Pago,fk_invalida:matricula_id
11223,936,2025-09-01,1199,2025-04-09,,Vencido,fk_invalida:matricula_id
11233,937,2025-07-01,99,2025-05-07,2025-12-07,Pago,fk_invalida:matricula_id
11235,937,2025-09-01,35,2025-01-09,,Vencido,fk_invalida:matricula_id
11236,937,2025-10-01,1199,2025-04-10,2025-06-10,Pago,fk_invalida:matricula_id
11244,937,2026-06-01,1199,2026-01-06,2026-03-06,Pago,fk_invalida:matricula_id
11252,938,2026-02-01,99,2026-01-02,2026-03-02,Pago,fk_invalida:matricula_id
11258,939,2025-08-01,99,2025-03-08,2025-08-08,Pago,fk_invalida:matricula_id
11259,939,2025-09-01,699,2025-03-09,2025-09-09,Pago,fk_invalida:matricula_id
11260,939,2025-10-01,149,2025-04-10,2025-03-10,Pago,fk_invalida:matricula_id
11269,940,2025-07-01,1199,2025-03-07,2025-08-07,Pago,fk_invalida:matricula_id
11271,940,2025-09-01,199,2025-02-09,2025-12-09,Pago,fk_invalida:matricula_id
11272,940,2025-10-01,35,2025-01-10,2025-09-10,Pago,fk_invalida:matricula_id
11277,940,2026-03-01,199,2026-03-03,2026-10-03,Pago,fk_invalida:matricula_id
11286,941,2025-12-01,35,2025-01-12,2025-09-12,Pago,fk_invalida:matricula_id
11293,942,2025-07-01,199,2025-02-07,,Vencido,fk_invalida:matricula_id
11298,942,2025-12-01,699,2025-03-12,2025-11-12,Pago,fk_invalida:matricula_id
11302,942,2026-04-01,109,2026-01-04,2026-11-04,Pago,fk_invalida:matricula_id
11303,942,2026-05-01,99,2026-02-05,2026-04-05,Pago,fk_invalida:matricula_id
11308,943,2025-10-01,149,2025-01-10,,Vencido,fk_invalida:matricula_id
11309,943,2025-11-01,149,2025-03-11,2025-08-11,Pago,fk_invalida:matricula_id
11317,944,2025-07-01,1199,2025-01-07,2025-12-07,Pago,fk_invalida:matricula_id
11319,944,2025-09-01,99,2025-03-09,2025-05-09,Pago,fk_invalida:matricula_id
11320,944,2025-10-01,35,2025-04-10,2025-06-10,Pago,fk_invalida:matricula_id
11329,945,2025-07-01,1199,2025-01-07,,Vencido,fk_invalida:matricula_id
11330,945,2025-08-01,699,2025-02-08,2025-09-08,Pago,fk_invalida:matricula_id
11334,945,2025-12-01,399,2025-02-12,2025-02-12,Pago,fk_invalida:matricula_id
11341,946,2025-07-01,199,2025-01-07,2025-10-07,Pago,fk_invalida:matricula_id
11345,946,2025-11-01,35,2025-01-11,2025-10-11,Pago,fk_invalida:matricula_id
11349,946,2026-03-01,699,2026-03-03,2026-10-03,Pago,fk_invalida:matricula_id
11353,947,2025-07-01,1199,2025-04-07,2025-11-07,Pago,fk_invalida:matricula_id
11355,947,2025-09-01,699,2025-03-09,2025-03-09,Pago,fk_invalida:matricula_id
11357,947,2025-11-01,399,2025-02-11,2025-06-11,Pago,fk_invalida:matricula_id
11369,948,2025-11-01,1199,2025-03-11,2025-01-11,Pago,fk_invalida:matricula_id
11373,948,2026-03-01,35,2026-02-03,2026-06-03,Pago,fk_invalida:matricula_id
11376,948,2026-06-01,399,2026-01-06,2026-10-06,Pago,fk_invalida:matricula_id
11378,949,2025-08-01,1199,2025-04-08,2025-05-08,Pago,fk_invalida:matricula_id
11382,949,2025-12-01,35,2025-01-12,2025-04-12,Pago,fk_invalida:matricula_id
11389,950,2025-07-01,35,2025-05-07,2025-02-07,Pago,fk_invalida:matricula_id
11392,950,2025-10-01,399,2025-02-10,2025-06-10,Pago,fk_invalida:matricula_id
11401,951,2025-07-01,99,2025-05-07,2025-11-07,Pago,fk_invalida:matricula_id
11404,951,2025-10-01,99,2025-04-10,2025-12-10,Pago,fk_invalida:matricula_id
11409,951,2026-03-01,109,2026-01-03,2026-07-03,Pago,fk_invalida:matricula_id
11415,952,2025-09-01,99,2025-01-09,2025-08-09,Pago,fk_invalida:matricula_id
11417,952,2025-11-01,399,2025-02-11,2025-03-11,Pago,fk_invalida:matricula_id
11422,952,2026-04-01,149,2026-02-04,2026-06-04,Pago,fk_invalida:matricula_id
11425,953,2025-07-01,149,2025-06-07,2025-09-07,Pago,fk_invalida:matricula_id
11426,953,2025-08-01,199,2025-04-08,,Vencido,fk_invalida:matricula_id
11427,953,2025-09-01,99,2025-03-09,2025-09-09,Pago,fk_invalida:matricula_id
11434,953,2026-04-01,399,2026-01-04,2026-04-04,Pago,fk_invalida:matricula_id
11439,954,2025-09-01,199,2025-04-09,2025-04-09,Pago,fk_invalida:matricula_id
11452,955,2025-10-01,149,2025-01-10,2025-10-10,Pago,fk_invalida:matricula_id
11453,955,2025-11-01,109,2025-03-11,2025-11-11,Pago,fk_invalida:matricula_id
11457,955,2026-03-01,149,2026-02-03,2026-08-03,Pago,fk_invalida:matricula_id
11461,956,2025-07-01,199,2025-02-07,2025-10-07,Pago,fk_invalida:matricula_id
11465,956,2025-11-01,1199,2025-03-11,2025-08-11,Pago,fk_invalida:matricula_id
11469,956,2026-03-01,35,2026-03-03,2026-05-03,Pago,fk_invalida:matricula_id
11473,957,2025-07-01,199,2025-04-07,2025-06-07,Pago,fk_invalida:matricula_id
11483,957,2026-05-01,109,2026-02-05,2026-01-05,Pago,fk_invalida:matricula_id
11484,957,2026-06-01,109,2026-01-06,2026-10-06,Pago,fk_invalida:matricula_id
11485,958,2025-07-01,199,2025-04-07,2025-08-07,Pago,fk_invalida:matricula_id
11493,958,2026-03-01,109,2026-01-03,2026-12-03,Pago,fk_invalida:matricula_id
11498,959,2025-08-01,109,2025-01-08,2025-07-08,Pago,fk_invalida:matricula_id
11500,959,2025-10-01,1199,2025-02-10,2025-03-10,Pago,fk_invalida:matricula_id
11503,959,2026-01-01,1199,2026-02-01,2026-01-01,Pago,fk_invalida:matricula_id
11504,959,2026-02-01,699,2026-01-02,2026-11-02,Pago,fk_invalida:matricula_id
11510,960,2025-08-01,699,2025-01-08,2025-04-08,Pago,fk_invalida:matricula_id
11512,960,2025-10-01,99,2025-02-10,2025-07-10,Pago,fk_invalida:matricula_id
11517,960,2026-03-01,99,2026-02-03,,Vencido,fk_invalida:matricula_id
11521,961,2025-07-01,399,2025-02-07,2025-05-07,Pago,fk_invalida:matricula_id
11524,961,2025-10-01,109,2025-01-10,2025-10-10,Pago,fk_invalida:matricula_id
11533,962,2025-07-01,99,2025-01-07,2025-09-07,Pago,fk_invalida:matricula_id
11535,962,2025-09-01,199,2025-04-09,2025-06-09,Pago,fk_invalida:matricula_id
11536,962,2025-10-01,35,2025-03-10,2025-03-10,Pago,fk_invalida:matricula_id
11537,962,2025-11-01,1199,2025-03-11,,Vencido,fk_invalida:matricula_id
11543,962,2026-05-01,1199,2026-02-05,,Vencido,fk_invalida:matricula_id
11544,962,2026-06-01,149,2026-01-06,,Vencido,fk_invalida:matricula_id
11547,963,2025-09-01,99,2025-03-09,2025-09-09,Pago,fk_invalida:matricula_id
11550,963,2025-12-01,1199,2025-02-12,2025-11-12,Pago,fk_invalida:matricula_id
11558,964,2025-08-01,699,2025-02-08,2025-12-08,Pago,fk_invalida:matricula_id
11559,964,2025-09-01,35,2025-02-09,2025-03-09,Pago,fk_invalida:matricula_id
11560,964,2025-10-01,699,2025-02-10,2025-02-10,Pago,fk_invalida:matricula_id
11564,964,2026-02-01,399,2026-01-02,2026-06-02,Pago,fk_invalida:matricula_id
11569,965,2025-07-01,399,2025-04-07,2025-03-07,Pago,fk_invalida:matricula_id
11570,965,2025-08-01,149,2025-04-08,,Vencido,fk_invalida:matricula_id
11574,965,2025-12-01,35,2025-02-12,2025-01-12,Pago,fk_invalida:matricula_id
11577,965,2026-03-01,699,2026-03-03,2026-06-03,Pago,fk_invalida:matricula_id
11583,966,2025-09-01,699,2025-01-09,2025-04-09,Pago,fk_invalida:matricula_id
11586,966,2025-12-01,1199,2025-02-12,2025-08-12,Pago,fk_invalida:matricula_id
11589,966,2026-03-01,99,2026-01-03,2026-01-03,Pago,fk_invalida:matricula_id
11590,966,2026-04-01,149,2026-02-04,2026-03-04,Pago,fk_invalida:matricula_id
11595,967,2025-09-01,699,2025-04-09,2025-03-09,Pago,fk_invalida:matricula_id
11597,967,2025-11-01,199,2025-02-11,2025-01-11,Pago,fk_invalida:matricula_id
11599,967,2026-01-01,109,2026-01-01,,Vencido,fk_invalida:matricula_id
11603,967,2026-05-01,1199,2026-02-05,,Vencido,fk_invalida:matricula_id
11605,968,2025-07-01,399,2025-05-07,2025-09-07,Pago,fk_invalida:matricula_id
11609,968,2025-11-01,699,2025-02-11,2025-03-11,Pago,fk_invalida:matricula_id
11612,968,2026-02-01,109,2026-01-02,2026-05-02,Pago,fk_invalida:matricula_id
11617,969,2025-07-01,1199,2025-06-07,2025-12-07,Pago,fk_invalida:matricula_id
11621,969,2025-11-01,109,2025-02-11,2025-04-11,Pago,fk_invalida:matricula_id
11622,969,2025-12-01,99,2025-03-12,,Vencido,fk_invalida:matricula_id
11623,969,2026-01-01,399,2026-01-01,,Vencido,fk_invalida:matricula_id
11628,969,2026-06-01,699,2026-01-06,2026-09-06,Pago,fk_invalida:matricula_id
11629,970,2025-07-01,109,2025-04-07,2025-01-07,Pago,fk_invalida:matricula_id
11631,970,2025-09-01,199,2025-03-09,2025-04-09,Pago,fk_invalida:matricula_id
11633,970,2025-11-01,399,2025-03-11,,Vencido,fk_invalida:matricula_id
11636,970,2026-02-01,199,2026-01-02,2026-12-02,Pago,fk_invalida:matricula_id
11637,970,2026-03-01,199,2026-03-03,2026-03-03,Pago,fk_invalida:matricula_id
11639,970,2026-05-01,99,2026-01-05,2026-11-05,Pago,fk_invalida:matricula_id
11643,971,2025-09-01,149,2025-03-09,2025-02-09,Pago,fk_invalida:matricula_id
11644,971,2025-10-01,35,2025-03-10,2025-06-10,Pago,fk_invalida:matricula_id
11652,971,2026-06-01,1199,2026-01-06,2026-11-06,Pago,fk_invalida:matricula_id
11655,972,2025-09-01,399,2025-04-09,2025-12-09,Pago,fk_invalida:matricula_id
11656,972,2025-10-01,699,2025-04-10,2025-11-10,Pago,fk_invalida:matricula_id
11657,972,2025-11-01,399,2025-03-11,2025-02-11,Pago,fk_invalida:matricula_id
11662,972,2026-04-01,1199,2026-02-04,2026-09-04,Pago,fk_invalida:matricula_id
11666,973,2025-08-01,699,2025-04-08,2025-02-08,Pago,fk_invalida:matricula_id
11667,973,2025-09-01,109,2025-04-09,2025-06-09,Pago,fk_invalida:matricula_id
11668,973,2025-10-01,1199,2025-02-10,2025-02-10,Pago,fk_invalida:matricula_id
11673,973,2026-03-01,99,2026-02-03,2026-01-03,Pago,fk_invalida:matricula_id
11675,973,2026-05-01,699,2026-01-05,,Vencido,fk_invalida:matricula_id
11678,974,2025-08-01,1199,2025-02-08,2025-01-08,Pago,fk_invalida:matricula_id
11679,974,2025-09-01,35,2025-03-09,2025-10-09,Pago,fk_invalida:matricula_id
11683,974,2026-01-01,199,2026-02-01,2026-12-01,Pago,fk_invalida:matricula_id
11689,975,2025-07-01,149,2025-02-07,,Vencido,fk_invalida:matricula_id
11690,975,2025-08-01,35,2025-03-08,2025-02-08,Pago,fk_invalida:matricula_id
11693,975,2025-11-01,199,2025-03-11,2025-05-11,Pago,fk_invalida:matricula_id
11695,975,2026-01-01,399,2026-02-01,2026-06-01,Pago,fk_invalida:matricula_id
11701,976,2025-07-01,149,2025-04-07,2025-07-07,Pago,fk_invalida:matricula_id
11702,976,2025-08-01,149,2025-03-08,,Vencido,fk_invalida:matricula_id
11703,976,2025-09-01,99,2025-01-09,2025-05-09,Pago,fk_invalida:matricula_id
11704,976,2025-10-01,199,2025-03-10,2025-07-10,Pago,fk_invalida:matricula_id
11705,976,2025-11-01,149,2025-02-11,2025-11-11,Pago,fk_invalida:matricula_id
11726,978,2025-08-01,35,2025-03-08,,Vencido,fk_invalida:matricula_id
11727,978,2025-09-01,399,2025-01-09,,Vencido,fk_invalida:matricula_id
11732,978,2026-02-01,1199,2026-01-02,2026-04-02,Pago,fk_invalida:matricula_id
11739,979,2025-09-01,149,2025-02-09,2025-03-09,Pago,fk_invalida:matricula_id
11743,979,2026-01-01,399,2026-01-01,2026-12-01,Pago,fk_invalida:matricula_id
11745,979,2026-03-01,99,2026-03-03,2026-03-03,Pago,fk_invalida:matricula_id
11749,980,2025-07-01,699,2025-03-07,2025-07-07,Pago,fk_invalida:matricula_id
11750,980,2025-08-01,399,2025-05-08,2025-09-08,Pago,fk_invalida:matricula_id
11753,980,2025-11-01,199,2025-01-11,2025-07-11,Pago,fk_invalida:matricula_id
11754,980,2025-12-01,99,2025-03-12,,Vencido,fk_invalida:matricula_id
11755,980,2026-01-01,149,2026-02-01,2026-06-01,Pago,fk_invalida:matricula_id
11758,980,2026-04-01,1199,2026-02-04,2026-02-04,Pago,fk_invalida:matricula_id
11762,981,2025-08-01,1199,2025-04-08,2025-03-08,Pago,fk_invalida:matricula_id
11765,981,2025-11-01,199,2025-03-11,2025-04-11,Pago,fk_invalida:matricula_id
11767,981,2026-01-01,149,2026-01-01,2026-12-01,Pago,fk_invalida:matricula_id
11771,981,2026-05-01,399,2026-02-05,2026-02-05,Pago,fk_invalida:matricula_id
11772,981,2026-06-01,1199,2026-01-06,2026-06-06,Pago,fk_invalida:matricula_id
11773,982,2025-07-01,99,2025-02-07,2025-03-07,Pago,fk_invalida:matricula_id
11777,982,2025-11-01,399,2025-02-11,,Vencido,fk_invalida:matricula_id
11778,982,2025-12-01,109,2025-02-12,2025-10-12,Pago,fk_invalida:matricula_id
11781,982,2026-03-01,109,2026-03-03,,Vencido,fk_invalida:matricula_id
11785,983,2025-07-01,149,2025-04-07,2025-03-07,Pago,fk_invalida:matricula_id
11786,983,2025-08-01,1199,2025-04-08,2025-09-08,Pago,fk_invalida:matricula_id
11789,983,2025-11-01,399,2025-03-11,2025-02-11,Pago,fk_invalida:matricula_id
11791,983,2026-01-01,199,2026-02-01,2026-10-01,Pago,fk_invalida:matricula_id
11795,983,2026-05-01,199,2026-01-05,2026-01-05,Pago,fk_invalida:matricula_id
11796,983,2026-06-01,149,2026-01-06,2026-11-06,Pago,fk_invalida:matricula_id
11797,984,2025-07-01,199,2025-06-07,2025-06-07,Pago,fk_invalida:matricula_id
11799,984,2025-09-01,1199,2025-02-09,2025-03-09,Pago,fk_invalida:matricula_id
11800,984,2025-10-01,399,2025-04-10,,Vencido,fk_invalida:matricula_id
11801,984,2025-11-01,399,2025-01-11,2025-05-11,Pago,fk_invalida:matricula_id
11805,984,2026-03-01,1199,2026-01-03,2026-09-03,Pago,fk_invalida:matricula_id
11809,985,2025-07-01,99,2025-01-07,2025-11-07,Pago,fk_invalida:matricula_id
11810,985,2025-08-01,399,2025-04-08,,Vencido,fk_invalida:matricula_id
11813,985,2025-11-01,199,2025-03-11,2025-01-11,Pago,fk_invalida:matricula_id
11815,985,2026-01-01,399,2026-02-01,2026-02-01,Pago,fk_invalida:matricula_id
11819,985,2026-05-01,109,2026-01-05,2026-04-05,Pago,fk_invalida:matricula_id
11823,986,2025-09-01,1199,2025-02-09,2025-11-09,Pago,fk_invalida:matricula_id
11825,986,2025-11-01,699,2025-02-11,,Vencido,fk_invalida:matricula_id
11826,986,2025-12-01,199,2025-01-12,2025-01-12,Pago,fk_invalida:matricula_id
11833,987,2025-07-01,399,2025-02-07,2025-01-07,Pago,fk_invalida:matricula_id
11842,987,2026-04-01,1199,2026-02-04,2026-02-04,Pago,fk_invalida:matricula_id
11845,988,2025-07-01,109,2025-06-07,2025-03-07,Pago,fk_invalida:matricula_id
11846,988,2025-08-01,699,2025-01-08,,Vencido,fk_invalida:matricula_id
11854,988,2026-04-01,399,2026-02-04,2026-01-04,Pago,fk_invalida:matricula_id
11860,989,2025-10-01,149,2025-03-10,2025-10-10,Pago,fk_invalida:matricula_id
11862,989,2025-12-01,109,2025-02-12,,Vencido,fk_invalida:matricula_id
11866,989,2026-04-01,699,2026-01-04,2026-07-04,Pago,fk_invalida:matricula_id
11869,990,2025-07-01,399,2025-06-07,2025-11-07,Pago,fk_invalida:matricula_id
11870,990,2025-08-01,399,2025-01-08,2025-11-08,Pago,fk_invalida:matricula_id
11871,990,2025-09-01,35,2025-04-09,2025-08-09,Pago,fk_invalida:matricula_id
11872,990,2025-10-01,1199,2025-04-10,2025-02-10,Pago,fk_invalida:matricula_id
11873,990,2025-11-01,149,2025-03-11,2025-03-11,Pago,fk_invalida:matricula_id
11875,990,2026-01-01,149,2026-02-01,2026-12-01,Pago,fk_invalida:matricula_id
11881,991,2025-07-01,699,2025-03-07,2025-12-07,Pago,fk_invalida:matricula_id
11882,991,2025-08-01,109,2025-02-08,2025-01-08,Pago,fk_invalida:matricula_id
11883,991,2025-09-01,35,2025-01-09,,Vencido,fk_invalida:matricula_id
11884,991,2025-10-01,109,2025-02-10,2025-03-10,Pago,fk_invalida:matricula_id
11885,991,2025-11-01,109,2025-03-11,2025-06-11,Pago,fk_invalida:matricula_id
11889,991,2026-03-01,699,2026-02-03,2026-11-03,Pago,fk_invalida:matricula_id
11895,992,2025-09-01,1199,2025-01-09,2025-05-09,Pago,fk_invalida:matricula_id
11896,992,2025-10-01,1199,2025-01-10,,Vencido,fk_invalida:matricula_id
11902,992,2026-04-01,1199,2026-01-04,2026-08-04,Pago,fk_invalida:matricula_id
11905,993,2025-07-01,199,2025-01-07,2025-09-07,Pago,fk_invalida:matricula_id
11906,993,2025-08-01,199,2025-01-08,2025-09-08,Pago,fk_invalida:matricula_id
11908,993,2025-10-01,199,2025-03-10,2025-07-10,Pago,fk_invalida:matricula_id
11909,993,2025-11-01,35,2025-01-11,2025-11-11,Pago,fk_invalida:matricula_id
11918,994,2025-08-01,99,2025-02-08,2025-12-08,Pago,fk_invalida:matricula_id
11932,995,2025-10-01,99,2025-03-10,2025-11-10,Pago,fk_invalida:matricula_id
11933,995,2025-11-01,109,2025-01-11,2025-02-11,Pago,fk_invalida:matricula_id
11948,996,2026-02-01,399,2026-01-02,2026-02-02,Pago,fk_invalida:matricula_id
11953,997,2025-07-01,35,2025-02-07,2025-07-07,Pago,fk_invalida:matricula_id
11955,997,2025-09-01,35,2025-03-09,2025-08-09,Pago,fk_invalida:matricula_id
11959,997,2026-01-01,699,2026-02-01,2026-05-01,Pago,fk_invalida:matricula_id
11960,997,2026-02-01,699,2026-01-02,2026-09-02,Pago,fk_invalida:matricula_id
11965,998,2025-07-01,199,2025-02-07,2025-10-07,Pago,fk_invalida:matricula_id
11969,998,2025-11-01,399,2025-03-11,2025-02-11,Pago,fk_invalida:matricula_id
11977,999,2025-07-01,699,2025-05-07,,Vencido,fk_invalida:matricula_id
11978,999,2025-08-01,109,2025-01-08,,Vencido,fk_invalida:matricula_id
11980,999,2025-10-01,149,2025-04-10,2025-11-10,Pago,fk_invalida:matricula_id
11992,1000,2025-10-01,109,2025-03-10,2025-03-10,Pago,fk_invalida:matricula_id
11994,1000,2025-12-01,149,2025-03-12,2025-04-12,Pago,fk_invalida:matricula_id
11997,1000,2026-03-01,35,2026-01-03,2026-02-03,Pago,fk_invalida:matricula_id
12002,1001,2025-08-01,399,2025-02-08,2025-08-08,Pago,fk_invalida:matricula_id
12005,1001,2025-11-01,99,2025-02-11,2025-06-11,Pago,fk_invalida:matricula_id
12011,1001,2026-05-01,199,2026-02-05,2026-04-05,Pago,fk_invalida:matricula_id
12019,1002,2026-01-01,109,2026-01-01,2026-11-01,Pago,fk_invalida:matricula_id
12023,1002,2026-05-01,699,2026-01-05,2026-09-05,Pago,fk_invalida:matricula_id
12028,1003,2025-10-01,35,2025-02-10,2025-09-10,Pago,fk_invalida:matricula_id
12031,1003,2026-01-01,99,2026-02-01,2026-10-01,Pago,fk_invalida:matricula_id
12035,1003,2026-05-01,199,2026-02-05,,Vencido,fk_invalida:matricula_id
12036,1003,2026-06-01,399,2026-01-06,2026-08-06,Pago,fk_invalida:matricula_id
12037,1004,2025-07-01,35,2025-04-07,2025-09-07,Pago,fk_invalida:matricula_id
12038,1004,2025-08-01,149,2025-01-08,2025-01-08,Pago,fk_invalida:matricula_id
12039,1004,2025-09-01,1199,2025-02-09,2025-10-09,Pago,fk_invalida:matricula_id
12040,1004,2025-10-01,699,2025-03-10,2025-02-10,Pago,fk_invalida:matricula_id
12045,1004,2026-03-01,99,2026-02-03,2026-02-03,Pago,fk_invalida:matricula_id
12048,1004,2026-06-01,99,2026-01-06,2026-07-06,Pago,fk_invalida:matricula_id
12049,1005,2025-07-01,399,2025-04-07,2025-12-07,Pago,fk_invalida:matricula_id
12052,1005,2025-10-01,699,2025-01-10,2025-08-10,Pago,fk_invalida:matricula_id
12053,1005,2025-11-01,99,2025-01-11,2025-11-11,Pago,fk_invalida:matricula_id
12055,1005,2026-01-01,399,2026-01-01,2026-01-01,Pago,fk_invalida:matricula_id
12063,1006,2025-09-01,699,2025-02-09,2025-03-09,Pago,fk_invalida:matricula_id
12069,1006,2026-03-01,1199,2026-03-03,,Vencido,fk_invalida:matricula_id
12076,1007,2025-10-01,109,2025-01-10,2025-09-10,Pago,fk_invalida:matricula_id
12077,1007,2025-11-01,399,2025-02-11,2025-10-11,Pago,fk_invalida:matricula_id
12078,1007,2025-12-01,699,2025-03-12,2025-09-12,Pago,fk_invalida:matricula_id
12082,1007,2026-04-01,1199,2026-01-04,2026-10-04,Pago,fk_invalida:matricula_id
12083,1007,2026-05-01,699,2026-02-05,2026-05-05,Pago,fk_invalida:matricula_id
12086,1008,2025-08-01,699,2025-04-08,,Vencido,fk_invalida:matricula_id
12088,1008,2025-10-01,399,2025-02-10,2025-10-10,Pago,fk_invalida:matricula_id
12089,1008,2025-11-01,199,2025-01-11,2025-12-11,Pago,fk_invalida:matricula_id
12098,1009,2025-08-01,109,2025-02-08,2025-12-08,Pago,fk_invalida:matricula_id
12099,1009,2025-09-01,99,2025-04-09,,Vencido,fk_invalida:matricula_id
12100,1009,2025-10-01,35,2025-03-10,2025-05-10,Pago,fk_invalida:matricula_id
12106,1009,2026-04-01,35,2026-01-04,2026-08-04,Pago,fk_invalida:matricula_id
12109,1010,2025-07-01,149,2025-06-07,2025-08-07,Pago,fk_invalida:matricula_id
12111,1010,2025-09-01,149,2025-02-09,2025-01-09,Pago,fk_invalida:matricula_id
12113,1010,2025-11-01,399,2025-02-11,2025-05-11,Pago,fk_invalida:matricula_id
12114,1010,2025-12-01,699,2025-02-12,2025-03-12,Pago,fk_invalida:matricula_id
12121,1011,2025-07-01,99,2025-05-07,,Vencido,fk_invalida:matricula_id
12122,1011,2025-08-01,699,2025-02-08,2025-11-08,Pago,fk_invalida:matricula_id
12123,1011,2025-09-01,149,2025-04-09,2025-04-09,Pago,fk_invalida:matricula_id
12125,1011,2025-11-01,1199,2025-02-11,2025-09-11,Pago,fk_invalida:matricula_id
12131,1011,2026-05-01,149,2026-01-05,2026-11-05,Pago,fk_invalida:matricula_id
12133,1012,2025-07-01,199,2025-05-07,,Vencido,fk_invalida:matricula_id
12136,1012,2025-10-01,399,2025-03-10,2025-10-10,Pago,fk_invalida:matricula_id
12138,1012,2025-12-01,1199,2025-02-12,2025-06-12,Pago,fk_invalida:matricula_id
12144,1012,2026-06-01,1199,2026-01-06,2026-02-06,Pago,fk_invalida:matricula_id
12146,1013,2025-08-01,399,2025-04-08,2025-05-08,Pago,fk_invalida:matricula_id
12147,1013,2025-09-01,699,2025-02-09,2025-03-09,Pago,fk_invalida:matricula_id
12148,1013,2025-10-01,399,2025-04-10,2025-12-10,Pago,fk_invalida:matricula_id
12154,1013,2026-04-01,399,2026-01-04,2026-11-04,Pago,fk_invalida:matricula_id
12157,1014,2025-07-01,1199,2025-04-07,2025-04-07,Pago,fk_invalida:matricula_id
12164,1014,2026-02-01,199,2026-01-02,2026-01-02,Pago,fk_invalida:matricula_id
12167,1014,2026-05-01,109,2026-01-05,2026-04-05,Pago,fk_invalida:matricula_id
12168,1014,2026-06-01,1199,2026-01-06,2026-03-06,Pago,fk_invalida:matricula_id
12172,1015,2025-10-01,35,2025-02-10,2025-01-10,Pago,fk_invalida:matricula_id
12173,1015,2025-11-01,199,2025-01-11,2025-02-11,Pago,fk_invalida:matricula_id
12175,1015,2026-01-01,1199,2026-01-01,2026-02-01,Pago,fk_invalida:matricula_id
12177,1015,2026-03-01,99,2026-03-03,2026-09-03,Pago,fk_invalida:matricula_id
12191,1016,2026-05-01,399,2026-02-05,2026-03-05,Pago,fk_invalida:matricula_id
12195,1017,2025-09-01,35,2025-02-09,2025-05-09,Pago,fk_invalida:matricula_id
12198,1017,2025-12-01,699,2025-02-12,2025-02-12,Pago,fk_invalida:matricula_id
12206,1018,2025-08-01,109,2025-02-08,2025-05-08,Pago,fk_invalida:matricula_id
12217,1019,2025-07-01,149,2025-02-07,2025-04-07,Pago,fk_invalida:matricula_id
12221,1019,2025-11-01,199,2025-03-11,2025-11-11,Pago,fk_invalida:matricula_id
12223,1019,2026-01-01,699,2026-02-01,2026-05-01,Pago,fk_invalida:matricula_id
12229,1020,2025-07-01,699,2025-03-07,2025-02-07,Pago,fk_invalida:matricula_id
12230,1020,2025-08-01,1199,2025-05-08,2025-08-08,Pago,fk_invalida:matricula_id
12242,1021,2025-08-01,109,2025-01-08,,Vencido,fk_invalida:matricula_id
12243,1021,2025-09-01,99,2025-01-09,,Vencido,fk_invalida:matricula_id
12247,1021,2026-01-01,149,2026-01-01,2026-08-01,Pago,fk_invalida:matricula_id
12254,1022,2025-08-01,109,2025-04-08,2025-04-08,Pago,fk_invalida:matricula_id
12255,1022,2025-09-01,399,2025-03-09,2025-01-09,Pago,fk_invalida:matricula_id
12256,1022,2025-10-01,109,2025-04-10,2025-05-10,Pago,fk_invalida:matricula_id
12261,1022,2026-03-01,149,2026-03-03,2026-12-03,Pago,fk_invalida:matricula_id
12265,1023,2025-07-01,149,2025-01-07,2025-02-07,Pago,fk_invalida:matricula_id
12266,1023,2025-08-01,199,2025-03-08,2025-06-08,Pago,fk_invalida:matricula_id
12268,1023,2025-10-01,699,2025-04-10,2025-09-10,Pago,fk_invalida:matricula_id
12274,1023,2026-04-01,35,2026-01-04,2026-11-04,Pago,fk_invalida:matricula_id
12275,1023,2026-05-01,149,2026-01-05,2026-11-05,Pago,fk_invalida:matricula_id
12280,1024,2025-10-01,399,2025-04-10,,Vencido,fk_invalida:matricula_id
12284,1024,2026-02-01,399,2026-01-02,2026-04-02,Pago,fk_invalida:matricula_id
12285,1024,2026-03-01,699,2026-01-03,,Vencido,fk_invalida:matricula_id
12289,1025,2025-07-01,35,2025-04-07,2025-11-07,Pago,fk_invalida:matricula_id
12290,1025,2025-08-01,199,2025-02-08,2025-09-08,Pago,fk_invalida:matricula_id
12294,1025,2025-12-01,1199,2025-01-12,2025-07-12,Pago,fk_invalida:matricula_id
12295,1025,2026-01-01,99,2026-01-01,2026-11-01,Pago,fk_invalida:matricula_id
12297,1025,2026-03-01,199,2026-01-03,2026-10-03,Pago,fk_invalida:matricula_id
12301,1026,2025-07-01,699,2025-05-07,2025-07-07,Pago,fk_invalida:matricula_id
12302,1026,2025-08-01,399,2025-01-08,2025-07-08,Pago,fk_invalida:matricula_id
12303,1026,2025-09-01,35,2025-02-09,,Vencido,fk_invalida:matricula_id
12308,1026,2026-02-01,109,2026-01-02,2026-02-02,Pago,fk_invalida:matricula_id
12313,1027,2025-07-01,35,2025-06-07,2025-03-07,Pago,fk_invalida:matricula_id
12316,1027,2025-10-01,199,2025-01-10,,Vencido,fk_invalida:matricula_id
12325,1028,2025-07-01,99,2025-05-07,2025-08-07,Pago,fk_invalida:matricula_id
12326,1028,2025-08-01,399,2025-04-08,2025-11-08,Pago,fk_invalida:matricula_id
12327,1028,2025-09-01,699,2025-01-09,2025-05-09,Pago,fk_invalida:matricula_id
12329,1028,2025-11-01,149,2025-02-11,2025-09-11,Pago,fk_invalida:matricula_id
12335,1028,2026-05-01,109,2026-02-05,,Vencido,fk_invalida:matricula_id
12337,1029,2025-07-01,199,2025-02-07,2025-09-07,Pago,fk_invalida:matricula_id
12338,1029,2025-08-01,35,2025-01-08,2025-09-08,Pago,fk_invalida:matricula_id
12343,1029,2026-01-01,35,2026-01-01,2026-04-01,Pago,fk_invalida:matricula_id
12361,1031,2025-07-01,99,2025-02-07,2025-01-07,Pago,fk_invalida:matricula_id
12375,1032,2025-09-01,109,2025-03-09,2025-09-09,Pago,fk_invalida:matricula_id
12376,1032,2025-10-01,99,2025-04-10,2025-10-10,Pago,fk_invalida:matricula_id
12380,1032,2026-02-01,1199,2026-01-02,2026-02-02,Pago,fk_invalida:matricula_id
12381,1032,2026-03-01,99,2026-01-03,2026-09-03,Pago,fk_invalida:matricula_id
12382,1032,2026-04-01,199,2026-01-04,2026-06-04,Pago,fk_invalida:matricula_id
12386,1033,2025-08-01,99,2025-05-08,,Vencido,fk_invalida:matricula_id
12397,1034,2025-07-01,699,2025-01-07,2025-08-07,Pago,fk_invalida:matricula_id
12398,1034,2025-08-01,109,2025-04-08,2025-01-08,Pago,fk_invalida:matricula_id
12406,1034,2026-04-01,109,2026-01-04,,Vencido,fk_invalida:matricula_id
12412,1035,2025-10-01,99,2025-03-10,2025-03-10,Pago,fk_invalida:matricula_id
12413,1035,2025-11-01,109,2025-01-11,2025-12-11,Pago,fk_invalida:matricula_id
12417,1035,2026-03-01,99,2026-02-03,2026-01-03,Pago,fk_invalida:matricula_id
12419,1035,2026-05-01,699,2026-02-05,2026-04-05,Pago,fk_invalida:matricula_id
12422,1036,2025-08-01,1199,2025-05-08,2025-11-08,Pago,fk_invalida:matricula_id
12423,1036,2025-09-01,399,2025-04-09,2025-03-09,Pago,fk_invalida:matricula_id
12425,1036,2025-11-01,35,2025-02-11,2025-09-11,Pago,fk_invalida:matricula_id
12430,1036,2026-04-01,399,2026-02-04,2026-10-04,Pago,fk_invalida:matricula_id
12433,1037,2025-07-01,399,2025-03-07,2025-12-07,Pago,fk_invalida:matricula_id
12434,1037,2025-08-01,399,2025-03-08,2025-11-08,Pago,fk_invalida:matricula_id
12445,1038,2025-07-01,149,2025-03-07,2025-02-07,Pago,fk_invalida:matricula_id
12446,1038,2025-08-01,109,2025-02-08,2025-05-08,Pago,fk_invalida:matricula_id
12447,1038,2025-09-01,199,2025-04-09,2025-07-09,Pago,fk_invalida:matricula_id
12448,1038,2025-10-01,149,2025-02-10,2025-07-10,Pago,fk_invalida:matricula_id
12451,1038,2026-01-01,1199,2026-02-01,2026-06-01,Pago,fk_invalida:matricula_id
12461,1039,2025-11-01,35,2025-01-11,2025-12-11,Pago,fk_invalida:matricula_id
12462,1039,2025-12-01,149,2025-02-12,,Vencido,fk_invalida:matricula_id
12466,1039,2026-04-01,699,2026-01-04,2026-05-04,Pago,fk_invalida:matricula_id
12469,1040,2025-07-01,109,2025-02-07,,Vencido,fk_invalida:matricula_id
12473,1040,2025-11-01,149,2025-03-11,2025-02-11,Pago,fk_invalida:matricula_id
12478,1040,2026-04-01,1199,2026-01-04,,Vencido,fk_invalida:matricula_id
12479,1040,2026-05-01,149,2026-02-05,2026-11-05,Pago,fk_invalida:matricula_id
12481,1041,2025-07-01,99,2025-03-07,2025-04-07,Pago,fk_invalida:matricula_id
12482,1041,2025-08-01,35,2025-02-08,2025-01-08,Pago,fk_invalida:matricula_id
12492,1041,2026-06-01,35,2026-01-06,2026-11-06,Pago,fk_invalida:matricula_id
12495,1042,2025-09-01,149,2025-01-09,2025-04-09,Pago,fk_invalida:matricula_id
12509,1043,2025-11-01,109,2025-02-11,2025-02-11,Pago,fk_invalida:matricula_id
12512,1043,2026-02-01,399,2026-01-02,,Vencido,fk_invalida:matricula_id
12514,1043,2026-04-01,99,2026-02-04,2026-06-04,Pago,fk_invalida:matricula_id
12517,1044,2025-07-01,1199,2025-05-07,,Vencido,fk_invalida:matricula_id
12521,1044,2025-11-01,35,2025-01-11,2025-08-11,Pago,fk_invalida:matricula_id
12529,1045,2025-07-01,149,2025-01-07,2025-06-07,Pago,fk_invalida:matricula_id
12533,1045,2025-11-01,699,2025-03-11,2025-05-11,Pago,fk_invalida:matricula_id
12540,1045,2026-06-01,149,2026-01-06,2026-12-06,Pago,fk_invalida:matricula_id
12541,1046,2025-07-01,699,2025-03-07,,Vencido,fk_invalida:matricula_id
12553,1047,2025-07-01,99,2025-04-07,2025-11-07,Pago,fk_invalida:matricula_id
12554,1047,2025-08-01,149,2025-05-08,2025-10-08,Pago,fk_invalida:matricula_id
12565,1048,2025-07-01,109,2025-01-07,2025-06-07,Pago,fk_invalida:matricula_id
12568,1048,2025-10-01,99,2025-03-10,2025-04-10,Pago,fk_invalida:matricula_id
12581,1049,2025-11-01,109,2025-01-11,,Vencido,fk_invalida:matricula_id
12585,1049,2026-03-01,1199,2026-02-03,2026-12-03,Pago,fk_invalida:matricula_id
12589,1050,2025-07-01,99,2025-01-07,2025-10-07,Pago,fk_invalida:matricula_id
12592,1050,2025-10-01,109,2025-02-10,2025-06-10,Pago,fk_invalida:matricula_id
12593,1050,2025-11-01,399,2025-02-11,2025-04-11,Pago,fk_invalida:matricula_id
12595,1050,2026-01-01,399,2026-02-01,2026-12-01,Pago,fk_invalida:matricula_id
12598,1050,2026-04-01,399,2026-01-04,2026-03-04,Pago,fk_invalida:matricula_id
12601,1051,2025-07-01,699,2025-05-07,2025-04-07,Pago,fk_invalida:matricula_id
12605,1051,2025-11-01,1199,2025-03-11,2025-04-11,Pago,fk_invalida:matricula_id
12609,1051,2026-03-01,149,2026-02-03,2026-01-03,Pago,fk_invalida:matricula_id
12610,1051,2026-04-01,399,2026-02-04,2026-12-04,Pago,fk_invalida:matricula_id
12611,1051,2026-05-01,699,2026-01-05,2026-05-05,Pago,fk_invalida:matricula_id
12614,1052,2025-08-01,99,2025-03-08,2025-03-08,Pago,fk_invalida:matricula_id
12615,1052,2025-09-01,35,2025-01-09,2025-06-09,Pago,fk_invalida:matricula_id
12616,1052,2025-10-01,109,2025-01-10,2025-04-10,Pago,fk_invalida:matricula_id
12618,1052,2025-12-01,699,2025-01-12,2025-03-12,Pago,fk_invalida:matricula_id
12625,1053,2025-07-01,1199,2025-03-07,2025-08-07,Pago,fk_invalida:matricula_id
12634,1053,2026-04-01,1199,2026-01-04,2026-12-04,Pago,fk_invalida:matricula_id
12635,1053,2026-05-01,1199,2026-02-05,2026-07-05,Pago,fk_invalida:matricula_id
12638,1054,2025-08-01,199,2025-05-08,2025-07-08,Pago,fk_invalida:matricula_id
12639,1054,2025-09-01,699,2025-01-09,2025-09-09,Pago,fk_invalida:matricula_id
12643,1054,2026-01-01,699,2026-01-01,,Vencido,fk_invalida:matricula_id
12645,1054,2026-03-01,35,2026-01-03,2026-10-03,Pago,fk_invalida:matricula_id
12649,1055,2025-07-01,109,2025-04-07,2025-01-07,Pago,fk_invalida:matricula_id
12651,1055,2025-09-01,35,2025-04-09,,Vencido,fk_invalida:matricula_id
12658,1055,2026-04-01,399,2026-01-04,2026-04-04,Pago,fk_invalida:matricula_id
12662,1056,2025-08-01,149,2025-04-08,2025-06-08,Pago,fk_invalida:matricula_id
12663,1056,2025-09-01,1199,2025-04-09,2025-12-09,Pago,fk_invalida:matricula_id
12665,1056,2025-11-01,1199,2025-02-11,2025-04-11,Pago,fk_invalida:matricula_id
12672,1056,2026-06-01,109,2026-01-06,,Vencido,fk_invalida:matricula_id
12678,1057,2025-12-01,199,2025-01-12,2025-02-12,Pago,fk_invalida:matricula_id
12679,1057,2026-01-01,1199,2026-02-01,2026-01-01,Pago,fk_invalida:matricula_id
12680,1057,2026-02-01,1199,2026-01-02,2026-04-02,Pago,fk_invalida:matricula_id
12681,1057,2026-03-01,109,2026-01-03,2026-09-03,Pago,fk_invalida:matricula_id
12685,1058,2025-07-01,149,2025-06-07,2025-07-07,Pago,fk_invalida:matricula_id
12686,1058,2025-08-01,35,2025-04-08,2025-08-08,Pago,fk_invalida:matricula_id
12687,1058,2025-09-01,149,2025-04-09,2025-12-09,Pago,fk_invalida:matricula_id
12690,1058,2025-12-01,35,2025-03-12,2025-07-12,Pago,fk_invalida:matricula_id
12698,1059,2025-08-01,99,2025-02-08,2025-03-08,Pago,fk_invalida:matricula_id
12702,1059,2025-12-01,109,2025-02-12,2025-06-12,Pago,fk_invalida:matricula_id
12703,1059,2026-01-01,199,2026-02-01,2026-02-01,Pago,fk_invalida:matricula_id
12709,1060,2025-07-01,1199,2025-04-07,2025-01-07,Pago,fk_invalida:matricula_id
12714,1060,2025-12-01,35,2025-02-12,2025-11-12,Pago,fk_invalida:matricula_id
12718,1060,2026-04-01,35,2026-01-04,,Vencido,fk_invalida:matricula_id
12724,1061,2025-10-01,99,2025-03-10,2025-05-10,Pago,fk_invalida:matricula_id
12728,1061,2026-02-01,109,2026-01-02,2026-07-02,Pago,fk_invalida:matricula_id
12732,1061,2026-06-01,149,2026-01-06,,Vencido,fk_invalida:matricula_id
12734,1062,2025-08-01,149,2025-03-08,2025-08-08,Pago,fk_invalida:matricula_id
12738,1062,2025-12-01,99,2025-02-12,2025-04-12,Pago,fk_invalida:matricula_id
12741,1062,2026-03-01,99,2026-01-03,2026-04-03,Pago,fk_invalida:matricula_id
12744,1062,2026-06-01,35,2026-01-06,2026-09-06,Pago,fk_invalida:matricula_id
12746,1063,2025-08-01,109,2025-03-08,2025-10-08,Pago,fk_invalida:matricula_id
12747,1063,2025-09-01,199,2025-03-09,2025-10-09,Pago,fk_invalida:matricula_id
12750,1063,2025-12-01,99,2025-01-12,2025-08-12,Pago,fk_invalida:matricula_id
12751,1063,2026-01-01,399,2026-02-01,2026-01-01,Pago,fk_invalida:matricula_id
12757,1064,2025-07-01,199,2025-06-07,2025-11-07,Pago,fk_invalida:matricula_id
12759,1064,2025-09-01,99,2025-01-09,2025-06-09,Pago,fk_invalida:matricula_id
12760,1064,2025-10-01,109,2025-03-10,2025-08-10,Pago,fk_invalida:matricula_id
12769,1065,2025-07-01,109,2025-06-07,2025-05-07,Pago,fk_invalida:matricula_id
12770,1065,2025-08-01,199,2025-02-08,,Vencido,fk_invalida:matricula_id
12772,1065,2025-10-01,1199,2025-01-10,2025-08-10,Pago,fk_invalida:matricula_id
12780,1065,2026-06-01,199,2026-01-06,2026-04-06,Pago,fk_invalida:matricula_id
12794,1067,2025-08-01,99,2025-03-08,2025-08-08,Pago,fk_invalida:matricula_id
12796,1067,2025-10-01,35,2025-03-10,2025-02-10,Pago,fk_invalida:matricula_id
12797,1067,2025-11-01,199,2025-02-11,2025-10-11,Pago,fk_invalida:matricula_id
12803,1067,2026-05-01,1199,2026-01-05,2026-06-05,Pago,fk_invalida:matricula_id
12805,1068,2025-07-01,199,2025-01-07,,Vencido,fk_invalida:matricula_id
12806,1068,2025-08-01,699,2025-04-08,2025-10-08,Pago,fk_invalida:matricula_id
12807,1068,2025-09-01,149,2025-01-09,2025-12-09,Pago,fk_invalida:matricula_id
12817,1069,2025-07-01,35,2025-03-07,2025-01-07,Pago,fk_invalida:matricula_id
12823,1069,2026-01-01,699,2026-02-01,2026-09-01,Pago,fk_invalida:matricula_id
12825,1069,2026-03-01,199,2026-01-03,2026-04-03,Pago,fk_invalida:matricula_id
12829,1070,2025-07-01,109,2025-03-07,,Vencido,fk_invalida:matricula_id
12831,1070,2025-09-01,149,2025-03-09,2025-06-09,Pago,fk_invalida:matricula_id
12834,1070,2025-12-01,399,2025-03-12,2025-11-12,Pago,fk_invalida:matricula_id
12836,1070,2026-02-01,699,2026-01-02,2026-02-02,Pago,fk_invalida:matricula_id
12842,1071,2025-08-01,149,2025-04-08,2025-01-08,Pago,fk_invalida:matricula_id
12843,1071,2025-09-01,35,2025-01-09,2025-07-09,Pago,fk_invalida:matricula_id
12844,1071,2025-10-01,399,2025-02-10,2025-03-10,Pago,fk_invalida:matricula_id
12846,1071,2025-12-01,1199,2025-03-12,,Vencido,fk_invalida:matricula_id
12849,1071,2026-03-01,35,2026-01-03,2026-06-03,Pago,fk_invalida:matricula_id
12853,1072,2025-07-01,99,2025-05-07,2025-11-07,Pago,fk_invalida:matricula_id
12854,1072,2025-08-01,149,2025-01-08,,Vencido,fk_invalida:matricula_id
12855,1072,2025-09-01,149,2025-03-09,2025-01-09,Pago,fk_invalida:matricula_id
12861,1072,2026-03-01,99,2026-02-03,2026-12-03,Pago,fk_invalida:matricula_id
12866,1073,2025-08-01,35,2025-02-08,2025-03-08,Pago,fk_invalida:matricula_id
12867,1073,2025-09-01,149,2025-04-09,2025-10-09,Pago,fk_invalida:matricula_id
12870,1073,2025-12-01,99,2025-01-12,2025-03-12,Pago,fk_invalida:matricula_id
12873,1073,2026-03-01,99,2026-03-03,2026-03-03,Pago,fk_invalida:matricula_id
12877,1074,2025-07-01,1199,2025-01-07,2025-01-07,Pago,fk_invalida:matricula_id
12879,1074,2025-09-01,1199,2025-04-09,2025-01-09,Pago,fk_invalida:matricula_id
12880,1074,2025-10-01,99,2025-02-10,2025-12-10,Pago,fk_invalida:matricula_id
12881,1074,2025-11-01,699,2025-01-11,2025-01-11,Pago,fk_invalida:matricula_id
12891,1075,2025-09-01,149,2025-04-09,2025-06-09,Pago,fk_invalida:matricula_id
12895,1075,2026-01-01,99,2026-01-01,2026-06-01,Pago,fk_invalida:matricula_id
12902,1076,2025-08-01,109,2025-05-08,2025-12-08,Pago,fk_invalida:matricula_id
12903,1076,2025-09-01,199,2025-02-09,2025-09-09,Pago,fk_invalida:matricula_id
12906,1076,2025-12-01,199,2025-01-12,2025-04-12,Pago,fk_invalida:matricula_id
12909,1076,2026-03-01,399,2026-01-03,2026-04-03,Pago,fk_invalida:matricula_id
12911,1076,2026-05-01,699,2026-01-05,2026-05-05,Pago,fk_invalida:matricula_id
12913,1077,2025-07-01,699,2025-02-07,2025-08-07,Pago,fk_invalida:matricula_id
12914,1077,2025-08-01,149,2025-04-08,2025-12-08,Pago,fk_invalida:matricula_id
12918,1077,2025-12-01,399,2025-02-12,2025-03-12,Pago,fk_invalida:matricula_id
12919,1077,2026-01-01,149,2026-02-01,2026-01-01,Pago,fk_invalida:matricula_id
12922,1077,2026-04-01,699,2026-01-04,2026-05-04,Pago,fk_invalida:matricula_id
12924,1077,2026-06-01,35,2026-01-06,2026-05-06,Pago,fk_invalida:matricula_id
12925,1078,2025-07-01,99,2025-01-07,2025-06-07,Pago,fk_invalida:matricula_id
12928,1078,2025-10-01,199,2025-02-10,2025-06-10,Pago,fk_invalida:matricula_id
12930,1078,2025-12-01,99,2025-03-12,2025-09-12,Pago,fk_invalida:matricula_id
12933,1078,2026-03-01,699,2026-03-03,2026-02-03,Pago,fk_invalida:matricula_id
12935,1078,2026-05-01,109,2026-02-05,2026-01-05,Pago,fk_invalida:matricula_id
12937,1079,2025-07-01,199,2025-01-07,2025-04-07,Pago,fk_invalida:matricula_id
12938,1079,2025-08-01,109,2025-05-08,2025-05-08,Pago,fk_invalida:matricula_id
12939,1079,2025-09-01,699,2025-01-09,2025-01-09,Pago,fk_invalida:matricula_id
12940,1079,2025-10-01,1199,2025-02-10,2025-07-10,Pago,fk_invalida:matricula_id
12941,1079,2025-11-01,399,2025-01-11,2025-12-11,Pago,fk_invalida:matricula_id
12949,1080,2025-07-01,1199,2025-04-07,2025-06-07,Pago,fk_invalida:matricula_id
12950,1080,2025-08-01,35,2025-03-08,2025-10-08,Pago,fk_invalida:matricula_id
12952,1080,2025-10-01,99,2025-02-10,,Vencido,fk_invalida:matricula_id
12953,1080,2025-11-01,149,2025-03-11,2025-03-11,Pago,fk_invalida:matricula_id
12954,1080,2025-12-01,1199,2025-02-12,2025-05-12,Pago,fk_invalida:matricula_id
12958,1080,2026-04-01,149,2026-02-04,2026-08-04,Pago,fk_invalida:matricula_id
12961,1081,2025-07-01,109,2025-01-07,2025-04-07,Pago,fk_invalida:matricula_id
12962,1081,2025-08-01,109,2025-01-08,,Vencido,fk_invalida:matricula_id
12964,1081,2025-10-01,149,2025-04-10,2025-09-10,Pago,fk_invalida:matricula_id
12971,1081,2026-05-01,199,2026-01-05,2026-11-05,Pago,fk_invalida:matricula_id
12974,1082,2025-08-01,109,2025-05-08,2025-04-08,Pago,fk_invalida:matricula_id
12976,1082,2025-10-01,99,2025-04-10,2025-07-10,Pago,fk_invalida:matricula_id
12977,1082,2025-11-01,199,2025-01-11,2025-11-11,Pago,fk_invalida:matricula_id
12979,1082,2026-01-01,1199,2026-01-01,2026-10-01,Pago,fk_invalida:matricula_id
12980,1082,2026-02-01,1199,2026-01-02,2026-07-02,Pago,fk_invalida:matricula_id
12981,1082,2026-03-01,109,2026-03-03,2026-04-03,Pago,fk_invalida:matricula_id
12987,1083,2025-09-01,699,2025-03-09,2025-05-09,Pago,fk_invalida:matricula_id
12989,1083,2025-11-01,1199,2025-01-11,2025-01-11,Pago,fk_invalida:matricula_id
12990,1083,2025-12-01,149,2025-03-12,2025-02-12,Pago,fk_invalida:matricula_id
12995,1083,2026-05-01,149,2026-02-05,,Vencido,fk_invalida:matricula_id
12996,1083,2026-06-01,35,2026-01-06,2026-11-06,Pago,fk_invalida:matricula_id
12997,1084,2025-07-01,35,2025-06-07,,Vencido,fk_invalida:matricula_id
12999,1084,2025-09-01,109,2025-03-09,2025-09-09,Pago,fk_invalida:matricula_id
13002,1084,2025-12-01,109,2025-01-12,,Vencido,fk_invalida:matricula_id
13009,1085,2025-07-01,1199,2025-06-07,2025-09-07,Pago,fk_invalida:matricula_id
13016,1085,2026-02-01,699,2026-01-02,2026-01-02,Pago,fk_invalida:matricula_id
13017,1085,2026-03-01,399,2026-02-03,2026-05-03,Pago,fk_invalida:matricula_id
13021,1086,2025-07-01,35,2025-03-07,2025-01-07,Pago,fk_invalida:matricula_id
13022,1086,2025-08-01,35,2025-03-08,2025-04-08,Pago,fk_invalida:matricula_id
13033,1087,2025-07-01,99,2025-03-07,2025-05-07,Pago,fk_invalida:matricula_id
13034,1087,2025-08-01,399,2025-03-08,,Vencido,fk_invalida:matricula_id
13038,1087,2025-12-01,99,2025-01-12,,Vencido,fk_invalida:matricula_id
13041,1087,2026-03-01,699,2026-01-03,2026-02-03,Pago,fk_invalida:matricula_id
13049,1088,2025-11-01,399,2025-03-11,,Vencido,fk_invalida:matricula_id
13053,1088,2026-03-01,109,2026-03-03,2026-09-03,Pago,fk_invalida:matricula_id
13055,1088,2026-05-01,149,2026-01-05,2026-07-05,Pago,fk_invalida:matricula_id
13059,1089,2025-09-01,109,2025-02-09,,Vencido,fk_invalida:matricula_id
13060,1089,2025-10-01,35,2025-01-10,2025-10-10,Pago,fk_invalida:matricula_id
13061,1089,2025-11-01,1199,2025-02-11,2025-07-11,Pago,fk_invalida:matricula_id
13062,1089,2025-12-01,699,2025-03-12,2025-07-12,Pago,fk_invalida:matricula_id
13065,1089,2026-03-01,1199,2026-02-03,,Vencido,fk_invalida:matricula_id
13068,1089,2026-06-01,99,2026-01-06,,Vencido,fk_invalida:matricula_id
13069,1090,2025-07-01,35,2025-01-07,2025-03-07,Pago,fk_invalida:matricula_id
13070,1090,2025-08-01,109,2025-01-08,,Vencido,fk_invalida:matricula_id
13071,1090,2025-09-01,699,2025-04-09,2025-08-09,Pago,fk_invalida:matricula_id
13074,1090,2025-12-01,35,2025-03-12,2025-11-12,Pago,fk_invalida:matricula_id
13081,1091,2025-07-01,699,2025-03-07,,Vencido,fk_invalida:matricula_id
13082,1091,2025-08-01,35,2025-05-08,2025-03-08,Pago,fk_invalida:matricula_id
13085,1091,2025-11-01,99,2025-01-11,2025-10-11,Pago,fk_invalida:matricula_id
13101,1092,2026-03-01,1199,2026-01-03,,Vencido,fk_invalida:matricula_id
13102,1092,2026-04-01,699,2026-01-04,2026-12-04,Pago,fk_invalida:matricula_id
13105,1093,2025-07-01,399,2025-06-07,2025-09-07,Pago,fk_invalida:matricula_id
13106,1093,2025-08-01,199,2025-01-08,2025-04-08,Pago,fk_invalida:matricula_id
13107,1093,2025-09-01,1199,2025-04-09,2025-04-09,Pago,fk_invalida:matricula_id
13117,1094,2025-07-01,399,2025-05-07,2025-02-07,Pago,fk_invalida:matricula_id
13120,1094,2025-10-01,109,2025-02-10,,Vencido,fk_invalida:matricula_id
13121,1094,2025-11-01,1199,2025-03-11,2025-05-11,Pago,fk_invalida:matricula_id
13127,1094,2026-05-01,699,2026-02-05,2026-04-05,Pago,fk_invalida:matricula_id
13129,1095,2025-07-01,1199,2025-04-07,2025-08-07,Pago,fk_invalida:matricula_id
13130,1095,2025-08-01,99,2025-03-08,2025-02-08,Pago,fk_invalida:matricula_id
13131,1095,2025-09-01,99,2025-03-09,2025-12-09,Pago,fk_invalida:matricula_id
13148,1096,2026-02-01,149,2026-01-02,2026-02-02,Pago,fk_invalida:matricula_id
13150,1096,2026-04-01,199,2026-02-04,2026-06-04,Pago,fk_invalida:matricula_id
13153,1097,2025-07-01,399,2025-01-07,2025-03-07,Pago,fk_invalida:matricula_id
13154,1097,2025-08-01,99,2025-01-08,2025-03-08,Pago,fk_invalida:matricula_id
13158,1097,2025-12-01,35,2025-02-12,,Vencido,fk_invalida:matricula_id
13161,1097,2026-03-01,199,2026-01-03,2026-09-03,Pago,fk_invalida:matricula_id
13164,1097,2026-06-01,99,2026-01-06,2026-08-06,Pago,fk_invalida:matricula_id
13166,1098,2025-08-01,1199,2025-02-08,2025-08-08,Pago,fk_invalida:matricula_id
13174,1098,2026-04-01,1199,2026-01-04,2026-05-04,Pago,fk_invalida:matricula_id
13178,1099,2025-08-01,35,2025-01-08,2025-11-08,Pago,fk_invalida:matricula_id
13181,1099,2025-11-01,399,2025-02-11,2025-03-11,Pago,fk_invalida:matricula_id
13182,1099,2025-12-01,149,2025-01-12,2025-08-12,Pago,fk_invalida:matricula_id
13187,1099,2026-05-01,35,2026-01-05,2026-04-05,Pago,fk_invalida:matricula_id
13189,1100,2025-07-01,699,2025-02-07,2025-08-07,Pago,fk_invalida:matricula_id
13197,1100,2026-03-01,199,2026-01-03,2026-02-03,Pago,fk_invalida:matricula_id
13200,1100,2026-06-01,399,2026-01-06,2026-06-06,Pago,fk_invalida:matricula_id
13207,1101,2026-01-01,199,2026-02-01,2026-09-01,Pago,fk_invalida:matricula_id
13213,1102,2025-07-01,699,2025-05-07,2025-07-07,Pago,fk_invalida:matricula_id
13215,1102,2025-09-01,99,2025-01-09,2025-05-09,Pago,fk_invalida:matricula_id
13225,1103,2025-07-01,149,2025-03-07,2025-01-07,Pago,fk_invalida:matricula_id
13227,1103,2025-09-01,149,2025-03-09,2025-06-09,Pago,fk_invalida:matricula_id
13230,1103,2025-12-01,99,2025-01-12,2025-08-12,Pago,fk_invalida:matricula_id
13231,1103,2026-01-01,149,2026-01-01,2026-08-01,Pago,fk_invalida:matricula_id
13233,1103,2026-03-01,699,2026-03-03,2026-03-03,Pago,fk_invalida:matricula_id
13240,1104,2025-10-01,109,2025-02-10,,Vencido,fk_invalida:matricula_id
13241,1104,2025-11-01,1199,2025-02-11,2025-12-11,Pago,fk_invalida:matricula_id
13244,1104,2026-02-01,109,2026-01-02,2026-04-02,Pago,fk_invalida:matricula_id
13246,1104,2026-04-01,109,2026-02-04,2026-11-04,Pago,fk_invalida:matricula_id
13249,1105,2025-07-01,109,2025-03-07,2025-12-07,Pago,fk_invalida:matricula_id
13251,1105,2025-09-01,399,2025-02-09,2025-10-09,Pago,fk_invalida:matricula_id
13252,1105,2025-10-01,109,2025-01-10,2025-06-10,Pago,fk_invalida:matricula_id
13258,1105,2026-04-01,399,2026-01-04,2026-03-04,Pago,fk_invalida:matricula_id
13261,1106,2025-07-01,699,2025-02-07,,Vencido,fk_invalida:matricula_id
13263,1106,2025-09-01,149,2025-02-09,2025-03-09,Pago,fk_invalida:matricula_id
13269,1106,2026-03-01,1199,2026-03-03,2026-01-03,Pago,fk_invalida:matricula_id
13270,1106,2026-04-01,99,2026-02-04,,Vencido,fk_invalida:matricula_id
13273,1107,2025-07-01,99,2025-02-07,2025-04-07,Pago,fk_invalida:matricula_id
13274,1107,2025-08-01,199,2025-04-08,2025-05-08,Pago,fk_invalida:matricula_id
13276,1107,2025-10-01,35,2025-03-10,2025-12-10,Pago,fk_invalida:matricula_id
13281,1107,2026-03-01,699,2026-03-03,2026-10-03,Pago,fk_invalida:matricula_id
13284,1107,2026-06-01,199,2026-01-06,2026-04-06,Pago,fk_invalida:matricula_id
13285,1108,2025-07-01,99,2025-05-07,2025-04-07,Pago,fk_invalida:matricula_id
13286,1108,2025-08-01,149,2025-04-08,2025-05-08,Pago,fk_invalida:matricula_id
13287,1108,2025-09-01,149,2025-02-09,,Vencido,fk_invalida:matricula_id
13288,1108,2025-10-01,35,2025-02-10,2025-12-10,Pago,fk_invalida:matricula_id
13291,1108,2026-01-01,1199,2026-01-01,,Vencido,fk_invalida:matricula_id
13300,1109,2025-10-01,149,2025-04-10,2025-04-10,Pago,fk_invalida:matricula_id
13301,1109,2025-11-01,109,2025-03-11,,Vencido,fk_invalida:matricula_id
13302,1109,2025-12-01,399,2025-03-12,2025-04-12,Pago,fk_invalida:matricula_id
13309,1110,2025-07-01,109,2025-01-07,2025-02-07,Pago,fk_invalida:matricula_id
13310,1110,2025-08-01,35,2025-04-08,2025-07-08,Pago,fk_invalida:matricula_id
13311,1110,2025-09-01,199,2025-03-09,2025-01-09,Pago,fk_invalida:matricula_id
13312,1110,2025-10-01,399,2025-04-10,2025-05-10,Pago,fk_invalida:matricula_id
13313,1110,2025-11-01,99,2025-02-11,,Vencido,fk_invalida:matricula_id
13314,1110,2025-12-01,1199,2025-01-12,2025-11-12,Pago,fk_invalida:matricula_id
13318,1110,2026-04-01,35,2026-01-04,2026-06-04,Pago,fk_invalida:matricula_id
13321,1111,2025-07-01,109,2025-04-07,2025-04-07,Pago,fk_invalida:matricula_id
13324,1111,2025-10-01,109,2025-01-10,2025-01-10,Pago,fk_invalida:matricula_id
13333,1112,2025-07-01,99,2025-05-07,2025-12-07,Pago,fk_invalida:matricula_id
13336,1112,2025-10-01,399,2025-01-10,2025-01-10,Pago,fk_invalida:matricula_id
13341,1112,2026-03-01,699,2026-03-03,2026-12-03,Pago,fk_invalida:matricula_id
13346,1113,2025-08-01,149,2025-02-08,2025-06-08,Pago,fk_invalida:matricula_id
13349,1113,2025-11-01,1199,2025-02-11,2025-02-11,Pago,fk_invalida:matricula_id
13353,1113,2026-03-01,1199,2026-03-03,2026-07-03,Pago,fk_invalida:matricula_id
13355,1113,2026-05-01,149,2026-02-05,2026-10-05,Pago,fk_invalida:matricula_id
13357,1114,2025-07-01,399,2025-02-07,2025-08-07,Pago,fk_invalida:matricula_id
13358,1114,2025-08-01,399,2025-03-08,,Vencido,fk_invalida:matricula_id
13359,1114,2025-09-01,35,2025-02-09,2025-08-09,Pago,fk_invalida:matricula_id
13360,1114,2025-10-01,399,2025-01-10,2025-01-10,Pago,fk_invalida:matricula_id
13365,1114,2026-03-01,149,2026-01-03,2026-06-03,Pago,fk_invalida:matricula_id
13370,1115,2025-08-01,199,2025-04-08,2025-08-08,Pago,fk_invalida:matricula_id
13373,1115,2025-11-01,99,2025-02-11,2025-10-11,Pago,fk_invalida:matricula_id
13381,1116,2025-07-01,35,2025-02-07,2025-12-07,Pago,fk_invalida:matricula_id
13385,1116,2025-11-01,149,2025-01-11,2025-08-11,Pago,fk_invalida:matricula_id
13389,1116,2026-03-01,1199,2026-01-03,,Vencido,fk_invalida:matricula_id
13390,1116,2026-04-01,399,2026-01-04,2026-07-04,Pago,fk_invalida:matricula_id
13398,1117,2025-12-01,99,2025-01-12,2025-05-12,Pago,fk_invalida:matricula_id
13401,1117,2026-03-01,1199,2026-03-03,2026-11-03,Pago,fk_invalida:matricula_id
13408,1118,2025-10-01,1199,2025-01-10,2025-04-10,Pago,fk_invalida:matricula_id
13413,1118,2026-03-01,35,2026-03-03,2026-12-03,Pago,fk_invalida:matricula_id
13418,1119,2025-08-01,1199,2025-02-08,2025-07-08,Pago,fk_invalida:matricula_id
13419,1119,2025-09-01,35,2025-02-09,,Vencido,fk_invalida:matricula_id
13420,1119,2025-10-01,699,2025-03-10,2025-11-10,Pago,fk_invalida:matricula_id
13425,1119,2026-03-01,99,2026-01-03,2026-02-03,Pago,fk_invalida:matricula_id
13430,1120,2025-08-01,149,2025-04-08,2025-05-08,Pago,fk_invalida:matricula_id
13441,1121,2025-07-01,99,2025-04-07,2025-08-07,Pago,fk_invalida:matricula_id
13445,1121,2025-11-01,35,2025-02-11,2025-06-11,Pago,fk_invalida:matricula_id
13453,1122,2025-07-01,399,2025-01-07,2025-01-07,Pago,fk_invalida:matricula_id
13456,1122,2025-10-01,149,2025-01-10,2025-09-10,Pago,fk_invalida:matricula_id
13461,1122,2026-03-01,149,2026-03-03,2026-03-03,Pago,fk_invalida:matricula_id
13462,1122,2026-04-01,699,2026-01-04,,Vencido,fk_invalida:matricula_id
13464,1122,2026-06-01,149,2026-01-06,2026-08-06,Pago,fk_invalida:matricula_id
13466,1123,2025-08-01,35,2025-03-08,2025-02-08,Pago,fk_invalida:matricula_id
13468,1123,2025-10-01,149,2025-03-10,2025-12-10,Pago,fk_invalida:matricula_id
13470,1123,2025-12-01,399,2025-01-12,2025-12-12,Pago,fk_invalida:matricula_id
13472,1123,2026-02-01,109,2026-01-02,2026-10-02,Pago,fk_invalida:matricula_id
13476,1123,2026-06-01,109,2026-01-06,2026-06-06,Pago,fk_invalida:matricula_id
13481,1124,2025-11-01,35,2025-01-11,2025-04-11,Pago,fk_invalida:matricula_id
13486,1124,2026-04-01,109,2026-02-04,2026-02-04,Pago,fk_invalida:matricula_id
13488,1124,2026-06-01,35,2026-01-06,2026-11-06,Pago,fk_invalida:matricula_id
13490,1125,2025-08-01,99,2025-03-08,2025-10-08,Pago,fk_invalida:matricula_id
13492,1125,2025-10-01,399,2025-01-10,2025-03-10,Pago,fk_invalida:matricula_id
13497,1125,2026-03-01,199,2026-01-03,,Vencido,fk_invalida:matricula_id
13504,1126,2025-10-01,149,2025-04-10,2025-05-10,Pago,fk_invalida:matricula_id
13508,1126,2026-02-01,109,2026-01-02,2026-02-02,Pago,fk_invalida:matricula_id
13509,1126,2026-03-01,399,2026-02-03,2026-06-03,Pago,fk_invalida:matricula_id
13510,1126,2026-04-01,35,2026-02-04,2026-02-04,Pago,fk_invalida:matricula_id
13511,1126,2026-05-01,399,2026-02-05,,Vencido,fk_invalida:matricula_id
13513,1127,2025-07-01,399,2025-02-07,,Vencido,fk_invalida:matricula_id
13517,1127,2025-11-01,1199,2025-01-11,2025-03-11,Pago,fk_invalida:matricula_id
13526,1128,2025-08-01,699,2025-01-08,,Vencido,fk_invalida:matricula_id
13528,1128,2025-10-01,1199,2025-03-10,2025-03-10,Pago,fk_invalida:matricula_id
13537,1129,2025-07-01,99,2025-06-07,2025-03-07,Pago,fk_invalida:matricula_id
13539,1129,2025-09-01,199,2025-02-09,2025-05-09,Pago,fk_invalida:matricula_id
13542,1129,2025-12-01,109,2025-02-12,2025-05-12,Pago,fk_invalida:matricula_id
13545,1129,2026-03-01,109,2026-03-03,2026-12-03,Pago,fk_invalida:matricula_id
13548,1129,2026-06-01,109,2026-01-06,2026-05-06,Pago,fk_invalida:matricula_id
13549,1130,2025-07-01,1199,2025-05-07,2025-04-07,Pago,fk_invalida:matricula_id
13550,1130,2025-08-01,399,2025-01-08,2025-01-08,Pago,fk_invalida:matricula_id
13551,1130,2025-09-01,35,2025-03-09,2025-04-09,Pago,fk_invalida:matricula_id
13552,1130,2025-10-01,699,2025-03-10,,Vencido,fk_invalida:matricula_id
13556,1130,2026-02-01,35,2026-01-02,2026-04-02,Pago,fk_invalida:matricula_id
13557,1130,2026-03-01,699,2026-03-03,2026-12-03,Pago,fk_invalida:matricula_id
13558,1130,2026-04-01,99,2026-02-04,2026-04-04,Pago,fk_invalida:matricula_id
13561,1131,2025-07-01,99,2025-03-07,2025-01-07,Pago,fk_invalida:matricula_id
13562,1131,2025-08-01,1199,2025-03-08,,Vencido,fk_invalida:matricula_id
13563,1131,2025-09-01,1199,2025-03-09,2025-05-09,Pago,fk_invalida:matricula_id
13565,1131,2025-11-01,109,2025-02-11,2025-04-11,Pago,fk_invalida:matricula_id
13567,1131,2026-01-01,1199,2026-02-01,2026-11-01,Pago,fk_invalida:matricula_id
13569,1131,2026-03-01,109,2026-02-03,,Vencido,fk_invalida:matricula_id
13573,1132,2025-07-01,199,2025-05-07,2025-08-07,Pago,fk_invalida:matricula_id
13577,1132,2025-11-01,149,2025-02-11,2025-04-11,Pago,fk_invalida:matricula_id
13584,1132,2026-06-01,1199,2026-01-06,2026-09-06,Pago,fk_invalida:matricula_id
13585,1133,2025-07-01,199,2025-02-07,2025-08-07,Pago,fk_invalida:matricula_id
13587,1133,2025-09-01,199,2025-03-09,2025-02-09,Pago,fk_invalida:matricula_id
13588,1133,2025-10-01,699,2025-04-10,,Vencido,fk_invalida:matricula_id
13589,1133,2025-11-01,699,2025-02-11,2025-07-11,Pago,fk_invalida:matricula_id
13593,1133,2026-03-01,699,2026-02-03,2026-11-03,Pago,fk_invalida:matricula_id
13597,1134,2025-07-01,99,2025-02-07,,Vencido,fk_invalida:matricula_id
13601,1134,2025-11-01,149,2025-01-11,2025-07-11,Pago,fk_invalida:matricula_id
13607,1134,2026-05-01,99,2026-01-05,2026-02-05,Pago,fk_invalida:matricula_id
13609,1135,2025-07-01,1199,2025-06-07,2025-08-07,Pago,fk_invalida:matricula_id
13610,1135,2025-08-01,1199,2025-01-08,2025-01-08,Pago,fk_invalida:matricula_id
13611,1135,2025-09-01,149,2025-01-09,2025-04-09,Pago,fk_invalida:matricula_id
13621,1136,2025-07-01,149,2025-05-07,2025-08-07,Pago,fk_invalida:matricula_id
13625,1136,2025-11-01,35,2025-03-11,2025-01-11,Pago,fk_invalida:matricula_id
13626,1136,2025-12-01,99,2025-02-12,2025-11-12,Pago,fk_invalida:matricula_id
13628,1136,2026-02-01,699,2026-01-02,2026-09-02,Pago,fk_invalida:matricula_id
13632,1136,2026-06-01,199,2026-01-06,2026-04-06,Pago,fk_invalida:matricula_id
13637,1137,2025-11-01,199,2025-03-11,2025-08-11,Pago,fk_invalida:matricula_id
13643,1137,2026-05-01,149,2026-02-05,2026-07-05,Pago,fk_invalida:matricula_id
13645,1138,2025-07-01,109,2025-03-07,,Vencido,fk_invalida:matricula_id
13646,1138,2025-08-01,99,2025-04-08,2025-01-08,Pago,fk_invalida:matricula_id
13650,1138,2025-12-01,199,2025-02-12,2025-05-12,Pago,fk_invalida:matricula_id
13662,1139,2025-12-01,99,2025-02-12,,Vencido,fk_invalida:matricula_id
13665,1139,2026-03-01,399,2026-03-03,2026-07-03,Pago,fk_invalida:matricula_id
13673,1140,2025-11-01,109,2025-02-11,2025-01-11,Pago,fk_invalida:matricula_id
13675,1140,2026-01-01,699,2026-02-01,2026-12-01,Pago,fk_invalida:matricula_id
13677,1140,2026-03-01,99,2026-03-03,2026-05-03,Pago,fk_invalida:matricula_id
13679,1140,2026-05-01,99,2026-02-05,2026-02-05,Pago,fk_invalida:matricula_id
13680,1140,2026-06-01,699,2026-01-06,,Vencido,fk_invalida:matricula_id
13681,1141,2025-07-01,199,2025-06-07,2025-10-07,Pago,fk_invalida:matricula_id
13685,1141,2025-11-01,399,2025-02-11,2025-01-11,Pago,fk_invalida:matricula_id
13689,1141,2026-03-01,99,2026-02-03,,Vencido,fk_invalida:matricula_id
13690,1141,2026-04-01,1199,2026-02-04,2026-01-04,Pago,fk_invalida:matricula_id
13693,1142,2025-07-01,399,2025-03-07,,Vencido,fk_invalida:matricula_id
13695,1142,2025-09-01,199,2025-04-09,,Vencido,fk_invalida:matricula_id
13696,1142,2025-10-01,99,2025-02-10,2025-02-10,Pago,fk_invalida:matricula_id
13697,1142,2025-11-01,399,2025-02-11,2025-03-11,Pago,fk_invalida:matricula_id
13698,1142,2025-12-01,1199,2025-03-12,2025-01-12,Pago,fk_invalida:matricula_id
13701,1142,2026-03-01,99,2026-01-03,2026-09-03,Pago,fk_invalida:matricula_id
13705,1143,2025-07-01,35,2025-03-07,2025-07-07,Pago,fk_invalida:matricula_id
13707,1143,2025-09-01,149,2025-01-09,2025-07-09,Pago,fk_invalida:matricula_id
13714,1143,2026-04-01,99,2026-01-04,2026-07-04,Pago,fk_invalida:matricula_id
13717,1144,2025-07-01,35,2025-02-07,2025-07-07,Pago,fk_invalida:matricula_id
13725,1144,2026-03-01,399,2026-01-03,2026-06-03,Pago,fk_invalida:matricula_id
13729,1145,2025-07-01,1199,2025-06-07,2025-08-07,Pago,fk_invalida:matricula_id
13731,1145,2025-09-01,199,2025-02-09,2025-08-09,Pago,fk_invalida:matricula_id
13732,1145,2025-10-01,35,2025-03-10,2025-12-10,Pago,fk_invalida:matricula_id
13733,1145,2025-11-01,199,2025-03-11,2025-05-11,Pago,fk_invalida:matricula_id
13735,1145,2026-01-01,199,2026-02-01,2026-11-01,Pago,fk_invalida:matricula_id
13741,1146,2025-07-01,1199,2025-02-07,2025-12-07,Pago,fk_invalida:matricula_id
13744,1146,2025-10-01,99,2025-03-10,2025-06-10,Pago,fk_invalida:matricula_id
13751,1146,2026-05-01,399,2026-01-05,2026-06-05,Pago,fk_invalida:matricula_id
13754,1147,2025-08-01,109,2025-04-08,2025-05-08,Pago,fk_invalida:matricula_id
13755,1147,2025-09-01,699,2025-01-09,2025-11-09,Pago,fk_invalida:matricula_id
13758,1147,2025-12-01,109,2025-03-12,2025-02-12,Pago,fk_invalida:matricula_id
13766,1148,2025-08-01,99,2025-01-08,2025-09-08,Pago,fk_invalida:matricula_id
13775,1148,2026-05-01,149,2026-02-05,,Vencido,fk_invalida:matricula_id
13777,1149,2025-07-01,149,2025-05-07,2025-02-07,Pago,fk_invalida:matricula_id
13781,1149,2025-11-01,35,2025-01-11,2025-02-11,Pago,fk_invalida:matricula_id
13787,1149,2026-05-01,99,2026-02-05,2026-12-05,Pago,fk_invalida:matricula_id
13789,1150,2025-07-01,35,2025-06-07,2025-10-07,Pago,fk_invalida:matricula_id
13790,1150,2025-08-01,199,2025-01-08,2025-07-08,Pago,fk_invalida:matricula_id
13791,1150,2025-09-01,35,2025-04-09,,Vencido,fk_invalida:matricula_id
13792,1150,2025-10-01,109,2025-01-10,2025-07-10,Pago,fk_invalida:matricula_id
13794,1150,2025-12-01,109,2025-03-12,2025-11-12,Pago,fk_invalida:matricula_id
13799,1150,2026-05-01,399,2026-02-05,2026-05-05,Pago,fk_invalida:matricula_id
13801,1151,2025-07-01,199,2025-03-07,2025-03-07,Pago,fk_invalida:matricula_id
13802,1151,2025-08-01,35,2025-03-08,2025-01-08,Pago,fk_invalida:matricula_id
13805,1151,2025-11-01,109,2025-03-11,2025-02-11,Pago,fk_invalida:matricula_id
13807,1151,2026-01-01,109,2026-02-01,,Vencido,fk_invalida:matricula_id
13812,1151,2026-06-01,99,2026-01-06,2026-06-06,Pago,fk_invalida:matricula_id
13814,1152,2025-08-01,99,2025-05-08,,Vencido,fk_invalida:matricula_id
13825,1153,2025-07-01,199,2025-05-07,2025-06-07,Pago,fk_invalida:matricula_id
13837,1154,2025-07-01,149,2025-03-07,2025-08-07,Pago,fk_invalida:matricula_id
13838,1154,2025-08-01,1199,2025-03-08,2025-03-08,Pago,fk_invalida:matricula_id
13840,1154,2025-10-01,35,2025-02-10,2025-11-10,Pago,fk_invalida:matricula_id
13841,1154,2025-11-01,35,2025-02-11,2025-09-11,Pago,fk_invalida:matricula_id
13845,1154,2026-03-01,1199,2026-03-03,2026-10-03,Pago,fk_invalida:matricula_id
13846,1154,2026-04-01,99,2026-02-04,2026-05-04,Pago,fk_invalida:matricula_id
13849,1155,2025-07-01,99,2025-02-07,2025-03-07,Pago,fk_invalida:matricula_id
13851,1155,2025-09-01,35,2025-03-09,2025-01-09,Pago,fk_invalida:matricula_id
13852,1155,2025-10-01,1199,2025-01-10,2025-11-10,Pago,fk_invalida:matricula_id
13857,1155,2026-03-01,1199,2026-03-03,2026-04-03,Pago,fk_invalida:matricula_id
13858,1155,2026-04-01,199,2026-01-04,2026-04-04,Pago,fk_invalida:matricula_id
13862,1156,2025-08-01,199,2025-01-08,2025-02-08,Pago,fk_invalida:matricula_id
13863,1156,2025-09-01,1199,2025-04-09,2025-03-09,Pago,fk_invalida:matricula_id
13864,1156,2025-10-01,109,2025-02-10,2025-09-10,Pago,fk_invalida:matricula_id
13869,1156,2026-03-01,199,2026-03-03,2026-04-03,Pago,fk_invalida:matricula_id
13870,1156,2026-04-01,149,2026-02-04,2026-08-04,Pago,fk_invalida:matricula_id
13874,1157,2025-08-01,699,2025-02-08,2025-10-08,Pago,fk_invalida:matricula_id
13875,1157,2025-09-01,1199,2025-02-09,2025-08-09,Pago,fk_invalida:matricula_id
13876,1157,2025-10-01,199,2025-02-10,2025-02-10,Pago,fk_invalida:matricula_id
13879,1157,2026-01-01,699,2026-01-01,2026-05-01,Pago,fk_invalida:matricula_id
13886,1158,2025-08-01,199,2025-03-08,2025-02-08,Pago,fk_invalida:matricula_id
13900,1159,2025-10-01,199,2025-02-10,2025-10-10,Pago,fk_invalida:matricula_id
13901,1159,2025-11-01,35,2025-03-11,2025-04-11,Pago,fk_invalida:matricula_id
13910,1160,2025-08-01,99,2025-03-08,2025-11-08,Pago,fk_invalida:matricula_id
13911,1160,2025-09-01,399,2025-02-09,2025-04-09,Pago,fk_invalida:matricula_id
13914,1160,2025-12-01,99,2025-01-12,2025-08-12,Pago,fk_invalida:matricula_id
13915,1160,2026-01-01,1199,2026-01-01,2026-12-01,Pago,fk_invalida:matricula_id
13921,1161,2025-07-01,399,2025-05-07,2025-02-07,Pago,fk_invalida:matricula_id
13928,1161,2026-02-01,1199,2026-01-02,2026-09-02,Pago,fk_invalida:matricula_id
13933,1162,2025-07-01,99,2025-02-07,2025-05-07,Pago,fk_invalida:matricula_id
13941,1162,2026-03-01,699,2026-02-03,2026-08-03,Pago,fk_invalida:matricula_id
13942,1162,2026-04-01,1199,2026-01-04,2026-10-04,Pago,fk_invalida:matricula_id
13945,1163,2025-07-01,99,2025-03-07,2025-11-07,Pago,fk_invalida:matricula_id
13946,1163,2025-08-01,35,2025-01-08,2025-10-08,Pago,fk_invalida:matricula_id
13949,1163,2025-11-01,399,2025-02-11,2025-10-11,Pago,fk_invalida:matricula_id
13950,1163,2025-12-01,399,2025-02-12,,Vencido,fk_invalida:matricula_id
13955,1163,2026-05-01,99,2026-01-05,2026-02-05,Pago,fk_invalida:matricula_id
13956,1163,2026-06-01,149,2026-01-06,2026-09-06,Pago,fk_invalida:matricula_id
13957,1164,2025-07-01,99,2025-02-07,2025-05-07,Pago,fk_invalida:matricula_id
13959,1164,2025-09-01,699,2025-03-09,2025-11-09,Pago,fk_invalida:matricula_id
13967,1164,2026-05-01,1199,2026-01-05,2026-12-05,Pago,fk_invalida:matricula_id
13969,1165,2025-07-01,99,2025-06-07,,Vencido,fk_invalida:matricula_id
13970,1165,2025-08-01,109,2025-02-08,2025-06-08,Pago,fk_invalida:matricula_id
13981,1166,2025-07-01,1199,2025-01-07,2025-10-07,Pago,fk_invalida:matricula_id
13982,1166,2025-08-01,109,2025-05-08,,Vencido,fk_invalida:matricula_id
13983,1166,2025-09-01,199,2025-03-09,2025-01-09,Pago,fk_invalida:matricula_id
13990,1166,2026-04-01,399,2026-02-04,2026-04-04,Pago,fk_invalida:matricula_id
13994,1167,2025-08-01,109,2025-02-08,2025-01-08,Pago,fk_invalida:matricula_id
14001,1167,2026-03-01,399,2026-01-03,2026-09-03,Pago,fk_invalida:matricula_id
14004,1167,2026-06-01,1199,2026-01-06,2026-06-06,Pago,fk_invalida:matricula_id
14005,1168,2025-07-01,149,2025-04-07,2025-04-07,Pago,fk_invalida:matricula_id
14007,1168,2025-09-01,149,2025-01-09,2025-10-09,Pago,fk_invalida:matricula_id
14010,1168,2025-12-01,149,2025-03-12,2025-11-12,Pago,fk_invalida:matricula_id
14013,1168,2026-03-01,699,2026-01-03,2026-10-03,Pago,fk_invalida:matricula_id
14015,1168,2026-05-01,149,2026-02-05,2026-08-05,Pago,fk_invalida:matricula_id
14017,1169,2025-07-01,109,2025-04-07,2025-07-07,Pago,fk_invalida:matricula_id
14018,1169,2025-08-01,199,2025-04-08,,Vencido,fk_invalida:matricula_id
14029,1170,2025-07-01,699,2025-03-07,2025-03-07,Pago,fk_invalida:matricula_id
14030,1170,2025-08-01,1199,2025-01-08,2025-05-08,Pago,fk_invalida:matricula_id
14031,1170,2025-09-01,699,2025-02-09,2025-09-09,Pago,fk_invalida:matricula_id
14036,1170,2026-02-01,109,2026-01-02,,Vencido,fk_invalida:matricula_id
14041,1171,2025-07-01,1199,2025-02-07,,Vencido,fk_invalida:matricula_id
14042,1171,2025-08-01,35,2025-04-08,2025-09-08,Pago,fk_invalida:matricula_id
14043,1171,2025-09-01,399,2025-04-09,2025-10-09,Pago,fk_invalida:matricula_id
14045,1171,2025-11-01,109,2025-02-11,,Vencido,fk_invalida:matricula_id
14048,1171,2026-02-01,109,2026-01-02,2026-05-02,Pago,fk_invalida:matricula_id
14049,1171,2026-03-01,149,2026-03-03,,Vencido,fk_invalida:matricula_id
14053,1172,2025-07-01,399,2025-04-07,2025-08-07,Pago,fk_invalida:matricula_id
14054,1172,2025-08-01,1199,2025-03-08,2025-06-08,Pago,fk_invalida:matricula_id
14058,1172,2025-12-01,149,2025-01-12,2025-03-12,Pago,fk_invalida:matricula_id
14060,1172,2026-02-01,149,2026-01-02,2026-06-02,Pago,fk_invalida:matricula_id
14063,1172,2026-05-01,35,2026-02-05,2026-01-05,Pago,fk_invalida:matricula_id
14075,1173,2026-05-01,35,2026-01-05,2026-07-05,Pago,fk_invalida:matricula_id
14078,1174,2025-08-01,1199,2025-03-08,2025-04-08,Pago,fk_invalida:matricula_id
14082,1174,2025-12-01,399,2025-01-12,,Vencido,fk_invalida:matricula_id
14085,1174,2026-03-01,1199,2026-02-03,2026-05-03,Pago,fk_invalida:matricula_id
14090,1175,2025-08-01,109,2025-05-08,2025-02-08,Pago,fk_invalida:matricula_id
14091,1175,2025-09-01,199,2025-04-09,2025-10-09,Pago,fk_invalida:matricula_id
14092,1175,2025-10-01,399,2025-01-10,2025-10-10,Pago,fk_invalida:matricula_id
14095,1175,2026-01-01,699,2026-02-01,2026-12-01,Pago,fk_invalida:matricula_id
14100,1175,2026-06-01,199,2026-01-06,2026-08-06,Pago,fk_invalida:matricula_id
14101,1176,2025-07-01,109,2025-06-07,2025-03-07,Pago,fk_invalida:matricula_id
14103,1176,2025-09-01,149,2025-03-09,2025-08-09,Pago,fk_invalida:matricula_id
14106,1176,2025-12-01,199,2025-02-12,2025-11-12,Pago,fk_invalida:matricula_id
14109,1176,2026-03-01,35,2026-03-03,2026-11-03,Pago,fk_invalida:matricula_id
14113,1177,2025-07-01,1199,2025-04-07,2025-11-07,Pago,fk_invalida:matricula_id
14114,1177,2025-08-01,35,2025-02-08,2025-06-08,Pago,fk_invalida:matricula_id
14116,1177,2025-10-01,199,2025-02-10,2025-05-10,Pago,fk_invalida:matricula_id
14122,1177,2026-04-01,1199,2026-01-04,2026-12-04,Pago,fk_invalida:matricula_id
14125,1178,2025-07-01,99,2025-01-07,,Vencido,fk_invalida:matricula_id
14128,1178,2025-10-01,199,2025-02-10,,Vencido,fk_invalida:matricula_id
14137,1179,2025-07-01,699,2025-06-07,2025-04-07,Pago,fk_invalida:matricula_id
14149,1180,2025-07-01,149,2025-05-07,2025-02-07,Pago,fk_invalida:matricula_id
14154,1180,2025-12-01,699,2025-01-12,,Vencido,fk_invalida:matricula_id
14156,1180,2026-02-01,109,2026-01-02,2026-10-02,Pago,fk_invalida:matricula_id
14157,1180,2026-03-01,1199,2026-01-03,2026-07-03,Pago,fk_invalida:matricula_id
14158,1180,2026-04-01,149,2026-01-04,2026-11-04,Pago,fk_invalida:matricula_id
14159,1180,2026-05-01,399,2026-02-05,2026-07-05,Pago,fk_invalida:matricula_id
14161,1181,2025-07-01,699,2025-01-07,2025-08-07,Pago,fk_invalida:matricula_id
14162,1181,2025-08-01,99,2025-03-08,2025-11-08,Pago,fk_invalida:matricula_id
14163,1181,2025-09-01,399,2025-02-09,2025-11-09,Pago,fk_invalida:matricula_id
14174,1182,2025-08-01,1199,2025-02-08,2025-11-08,Pago,fk_invalida:matricula_id
14175,1182,2025-09-01,109,2025-04-09,2025-01-09,Pago,fk_invalida:matricula_id
14176,1182,2025-10-01,99,2025-04-10,2025-06-10,Pago,fk_invalida:matricula_id
14177,1182,2025-11-01,35,2025-03-11,2025-02-11,Pago,fk_invalida:matricula_id
14185,1183,2025-07-01,199,2025-06-07,2025-12-07,Pago,fk_invalida:matricula_id
14186,1183,2025-08-01,399,2025-02-08,2025-04-08,Pago,fk_invalida:matricula_id
14187,1183,2025-09-01,99,2025-02-09,2025-11-09,Pago,fk_invalida:matricula_id
14188,1183,2025-10-01,199,2025-02-10,2025-10-10,Pago,fk_invalida:matricula_id
14192,1183,2026-02-01,399,2026-01-02,2026-09-02,Pago,fk_invalida:matricula_id
14193,1183,2026-03-01,699,2026-01-03,2026-07-03,Pago,fk_invalida:matricula_id
14197,1184,2025-07-01,1199,2025-04-07,2025-02-07,Pago,fk_invalida:matricula_id
14198,1184,2025-08-01,149,2025-05-08,2025-08-08,Pago,fk_invalida:matricula_id
14201,1184,2025-11-01,35,2025-02-11,2025-08-11,Pago,fk_invalida:matricula_id
14205,1184,2026-03-01,199,2026-02-03,2026-10-03,Pago,fk_invalida:matricula_id
14209,1185,2025-07-01,199,2025-05-07,2025-12-07,Pago,fk_invalida:matricula_id
14213,1185,2025-11-01,109,2025-02-11,2025-04-11,Pago,fk_invalida:matricula_id
14221,1186,2025-07-01,699,2025-01-07,2025-03-07,Pago,fk_invalida:matricula_id
14222,1186,2025-08-01,99,2025-03-08,2025-01-08,Pago,fk_invalida:matricula_id
14231,1186,2026-05-01,35,2026-02-05,2026-03-05,Pago,fk_invalida:matricula_id
14233,1187,2025-07-01,699,2025-01-07,,Vencido,fk_invalida:matricula_id
14234,1187,2025-08-01,699,2025-03-08,2025-04-08,Pago,fk_invalida:matricula_id
14235,1187,2025-09-01,99,2025-02-09,2025-05-09,Pago,fk_invalida:matricula_id
14236,1187,2025-10-01,99,2025-04-10,2025-02-10,Pago,fk_invalida:matricula_id
14240,1187,2026-02-01,199,2026-01-02,2026-12-02,Pago,fk_invalida:matricula_id
14241,1187,2026-03-01,399,2026-02-03,2026-02-03,Pago,fk_invalida:matricula_id
14243,1187,2026-05-01,149,2026-01-05,2026-09-05,Pago,fk_invalida:matricula_id
14245,1188,2025-07-01,199,2025-05-07,2025-11-07,Pago,fk_invalida:matricula_id
14246,1188,2025-08-01,199,2025-04-08,2025-07-08,Pago,fk_invalida:matricula_id
14248,1188,2025-10-01,1199,2025-04-10,2025-12-10,Pago,fk_invalida:matricula_id
14251,1188,2026-01-01,99,2026-02-01,2026-01-01,Pago,fk_invalida:matricula_id
14255,1188,2026-05-01,699,2026-02-05,2026-06-05,Pago,fk_invalida:matricula_id
14257,1189,2025-07-01,149,2025-04-07,2025-07-07,Pago,fk_invalida:matricula_id
14261,1189,2025-11-01,399,2025-03-11,2025-05-11,Pago,fk_invalida:matricula_id
14273,1190,2025-11-01,199,2025-03-11,,Vencido,fk_invalida:matricula_id
14276,1190,2026-02-01,199,2026-01-02,2026-04-02,Pago,fk_invalida:matricula_id
14277,1190,2026-03-01,1199,2026-02-03,2026-03-03,Pago,fk_invalida:matricula_id
14284,1191,2025-10-01,109,2025-03-10,,Vencido,fk_invalida:matricula_id
14285,1191,2025-11-01,1199,2025-03-11,2025-01-11,Pago,fk_invalida:matricula_id
14287,1191,2026-01-01,99,2026-01-01,2026-06-01,Pago,fk_invalida:matricula_id
14289,1191,2026-03-01,149,2026-01-03,2026-12-03,Pago,fk_invalida:matricula_id
14293,1192,2025-07-01,1199,2025-04-07,,Vencido,fk_invalida:matricula_id
14294,1192,2025-08-01,149,2025-01-08,2025-08-08,Pago,fk_invalida:matricula_id
14305,1193,2025-07-01,149,2025-05-07,2025-08-07,Pago,fk_invalida:matricula_id
14308,1193,2025-10-01,199,2025-04-10,,Vencido,fk_invalida:matricula_id
14309,1193,2025-11-01,109,2025-02-11,2025-09-11,Pago,fk_invalida:matricula_id
14313,1193,2026-03-01,199,2026-01-03,2026-12-03,Pago,fk_invalida:matricula_id
14318,1194,2025-08-01,99,2025-04-08,2025-04-08,Pago,fk_invalida:matricula_id
14320,1194,2025-10-01,99,2025-01-10,2025-08-10,Pago,fk_invalida:matricula_id
14322,1194,2025-12-01,149,2025-02-12,2025-02-12,Pago,fk_invalida:matricula_id
14329,1195,2025-07-01,109,2025-05-07,2025-05-07,Pago,fk_invalida:matricula_id
14330,1195,2025-08-01,149,2025-04-08,2025-02-08,Pago,fk_invalida:matricula_id
14337,1195,2026-03-01,399,2026-03-03,2026-05-03,Pago,fk_invalida:matricula_id
14341,1196,2025-07-01,1199,2025-03-07,2025-04-07,Pago,fk_invalida:matricula_id
14343,1196,2025-09-01,99,2025-04-09,2025-09-09,Pago,fk_invalida:matricula_id
14349,1196,2026-03-01,699,2026-01-03,2026-12-03,Pago,fk_invalida:matricula_id
14350,1196,2026-04-01,149,2026-02-04,2026-10-04,Pago,fk_invalida:matricula_id
14353,1197,2025-07-01,199,2025-01-07,2025-07-07,Pago,fk_invalida:matricula_id
14354,1197,2025-08-01,199,2025-02-08,2025-12-08,Pago,fk_invalida:matricula_id
14362,1197,2026-04-01,149,2026-02-04,,Vencido,fk_invalida:matricula_id
14365,1198,2025-07-01,149,2025-06-07,2025-08-07,Pago,fk_invalida:matricula_id
14366,1198,2025-08-01,399,2025-01-08,2025-05-08,Pago,fk_invalida:matricula_id
14367,1198,2025-09-01,99,2025-03-09,2025-11-09,Pago,fk_invalida:matricula_id
14371,1198,2026-01-01,699,2026-01-01,2026-07-01,Pago,fk_invalida:matricula_id
14379,1199,2025-09-01,109,2025-02-09,,Vencido,fk_invalida:matricula_id
14380,1199,2025-10-01,1199,2025-02-10,2025-12-10,Pago,fk_invalida:matricula_id
14385,1199,2026-03-01,99,2026-02-03,2026-06-03,Pago,fk_invalida:matricula_id
14389,1200,2025-07-01,109,2025-06-07,2025-08-07,Pago,fk_invalida:matricula_id
14392,1200,2025-10-01,199,2025-01-10,,Vencido,fk_invalida:matricula_id
14393,1200,2025-11-01,399,2025-02-11,2025-06-11,Pago,fk_invalida:matricula_id
14394,1200,2025-12-01,149,2025-03-12,2025-06-12,Pago,fk_invalida:matricula_id
14403,1201,2025-09-01,199,2025-02-09,2025-02-09,Pago,fk_invalida:matricula_id
14404,1201,2025-10-01,699,2025-02-10,,Vencido,fk_invalida:matricula_id
14409,1201,2026-03-01,699,2026-03-03,2026-11-03,Pago,fk_invalida:matricula_id
14413,1202,2025-07-01,99,2025-02-07,,Vencido,fk_invalida:matricula_id
14414,1202,2025-08-01,149,2025-02-08,2025-01-08,Pago,fk_invalida:matricula_id
14416,1202,2025-10-01,109,2025-02-10,2025-06-10,Pago,fk_invalida:matricula_id
14423,1202,2026-05-01,699,2026-01-05,2026-02-05,Pago,fk_invalida:matricula_id
14425,1203,2025-07-01,35,2025-02-07,2025-10-07,Pago,fk_invalida:matricula_id
14426,1203,2025-08-01,1199,2025-02-08,2025-12-08,Pago,fk_invalida:matricula_id
14429,1203,2025-11-01,99,2025-03-11,2025-03-11,Pago,fk_invalida:matricula_id
14431,1203,2026-01-01,149,2026-01-01,2026-10-01,Pago,fk_invalida:matricula_id
14433,1203,2026-03-01,109,2026-03-03,2026-05-03,Pago,fk_invalida:matricula_id
14434,1203,2026-04-01,399,2026-02-04,2026-10-04,Pago,fk_invalida:matricula_id
14440,1204,2025-10-01,35,2025-04-10,2025-02-10,Pago,fk_invalida:matricula_id
14443,1204,2026-01-01,199,2026-01-01,2026-12-01,Pago,fk_invalida:matricula_id
14449,1205,2025-07-01,149,2025-04-07,2025-01-07,Pago,fk_invalida:matricula_id
14450,1205,2025-08-01,699,2025-02-08,2025-02-08,Pago,fk_invalida:matricula_id
14452,1205,2025-10-01,149,2025-04-10,,Vencido,fk_invalida:matricula_id
14453,1205,2025-11-01,199,2025-03-11,2025-11-11,Pago,fk_invalida:matricula_id
14454,1205,2025-12-01,1199,2025-02-12,2025-11-12,Pago,fk_invalida:matricula_id
14457,1205,2026-03-01,1199,2026-01-03,2026-05-03,Pago,fk_invalida:matricula_id
14462,1206,2025-08-01,35,2025-02-08,2025-03-08,Pago,fk_invalida:matricula_id
14463,1206,2025-09-01,35,2025-02-09,2025-06-09,Pago,fk_invalida:matricula_id
14464,1206,2025-10-01,99,2025-03-10,2025-08-10,Pago,fk_invalida:matricula_id
14465,1206,2025-11-01,109,2025-02-11,2025-02-11,Pago,fk_invalida:matricula_id
14468,1206,2026-02-01,199,2026-01-02,2026-05-02,Pago,fk_invalida:matricula_id
14473,1207,2025-07-01,699,2025-02-07,,Vencido,fk_invalida:matricula_id
14476,1207,2025-10-01,99,2025-01-10,2025-10-10,Pago,fk_invalida:matricula_id
14477,1207,2025-11-01,149,2025-02-11,2025-05-11,Pago,fk_invalida:matricula_id
14483,1207,2026-05-01,35,2026-02-05,2026-12-05,Pago,fk_invalida:matricula_id
14485,1208,2025-07-01,399,2025-01-07,,Vencido,fk_invalida:matricula_id
14495,1208,2026-05-01,1199,2026-02-05,2026-01-05,Pago,fk_invalida:matricula_id
14497,1209,2025-07-01,109,2025-04-07,,Vencido,fk_invalida:matricula_id
14501,1209,2025-11-01,149,2025-02-11,2025-12-11,Pago,fk_invalida:matricula_id
14512,1210,2025-10-01,149,2025-01-10,2025-10-10,Pago,fk_invalida:matricula_id
14513,1210,2025-11-01,699,2025-02-11,2025-10-11,Pago,fk_invalida:matricula_id
14518,1210,2026-04-01,149,2026-01-04,2026-03-04,Pago,fk_invalida:matricula_id
14521,1211,2025-07-01,35,2025-04-07,,Vencido,fk_invalida:matricula_id
14524,1211,2025-10-01,199,2025-02-10,2025-05-10,Pago,fk_invalida:matricula_id
14527,1211,2026-01-01,699,2026-02-01,,Vencido,fk_invalida:matricula_id
14529,1211,2026-03-01,399,2026-01-03,2026-01-03,Pago,fk_invalida:matricula_id
14531,1211,2026-05-01,149,2026-02-05,2026-05-05,Pago,fk_invalida:matricula_id
14534,1212,2025-08-01,109,2025-04-08,,Vencido,fk_invalida:matricula_id
14538,1212,2025-12-01,699,2025-01-12,2025-02-12,Pago,fk_invalida:matricula_id
14539,1212,2026-01-01,109,2026-02-01,2026-07-01,Pago,fk_invalida:matricula_id
14541,1212,2026-03-01,109,2026-01-03,,Vencido,fk_invalida:matricula_id
14542,1212,2026-04-01,149,2026-02-04,,Vencido,fk_invalida:matricula_id
14544,1212,2026-06-01,109,2026-01-06,2026-10-06,Pago,fk_invalida:matricula_id
14545,1213,2025-07-01,99,2025-04-07,2025-01-07,Pago,fk_invalida:matricula_id
14547,1213,2025-09-01,149,2025-03-09,2025-12-09,Pago,fk_invalida:matricula_id
14553,1213,2026-03-01,699,2026-02-03,2026-10-03,Pago,fk_invalida:matricula_id
14558,1214,2025-08-01,199,2025-01-08,2025-04-08,Pago,fk_invalida:matricula_id
14559,1214,2025-09-01,149,2025-01-09,2025-11-09,Pago,fk_invalida:matricula_id
14561,1214,2025-11-01,35,2025-02-11,2025-05-11,Pago,fk_invalida:matricula_id
14569,1215,2025-07-01,199,2025-05-07,2025-06-07,Pago,fk_invalida:matricula_id
14574,1215,2025-12-01,99,2025-02-12,2025-09-12,Pago,fk_invalida:matricula_id
14577,1215,2026-03-01,1199,2026-01-03,2026-07-03,Pago,fk_invalida:matricula_id
14582,1216,2025-08-01,1199,2025-03-08,2025-07-08,Pago,fk_invalida:matricula_id
14586,1216,2025-12-01,399,2025-02-12,2025-04-12,Pago,fk_invalida:matricula_id
14587,1216,2026-01-01,99,2026-02-01,2026-09-01,Pago,fk_invalida:matricula_id
14589,1216,2026-03-01,699,2026-03-03,2026-08-03,Pago,fk_invalida:matricula_id
14590,1216,2026-04-01,1199,2026-02-04,2026-07-04,Pago,fk_invalida:matricula_id
14592,1216,2026-06-01,99,2026-01-06,2026-11-06,Pago,fk_invalida:matricula_id
14598,1217,2025-12-01,399,2025-02-12,2025-02-12,Pago,fk_invalida:matricula_id
14600,1217,2026-02-01,399,2026-01-02,2026-09-02,Pago,fk_invalida:matricula_id
14602,1217,2026-04-01,35,2026-01-04,2026-11-04,Pago,fk_invalida:matricula_id
14603,1217,2026-05-01,1199,2026-01-05,2026-05-05,Pago,fk_invalida:matricula_id
14605,1218,2025-07-01,1199,2025-06-07,2025-04-07,Pago,fk_invalida:matricula_id
14608,1218,2025-10-01,149,2025-02-10,,Vencido,fk_invalida:matricula_id
14611,1218,2026-01-01,699,2026-02-01,2026-05-01,Pago,fk_invalida:matricula_id
14613,1218,2026-03-01,149,2026-03-03,2026-07-03,Pago,fk_invalida:matricula_id
14617,1219,2025-07-01,149,2025-02-07,2025-12-07,Pago,fk_invalida:matricula_id
14618,1219,2025-08-01,149,2025-02-08,2025-06-08,Pago,fk_invalida:matricula_id
14621,1219,2025-11-01,35,2025-02-11,2025-09-11,Pago,fk_invalida:matricula_id
14622,1219,2025-12-01,199,2025-01-12,2025-12-12,Pago,fk_invalida:matricula_id
14625,1219,2026-03-01,99,2026-03-03,2026-02-03,Pago,fk_invalida:matricula_id
14629,1220,2025-07-01,699,2025-05-07,2025-02-07,Pago,fk_invalida:matricula_id
14640,1220,2026-06-01,399,2026-01-06,2026-10-06,Pago,fk_invalida:matricula_id
14641,1221,2025-07-01,109,2025-05-07,,Vencido,fk_invalida:matricula_id
14645,1221,2025-11-01,699,2025-01-11,2025-05-11,Pago,fk_invalida:matricula_id
14646,1221,2025-12-01,1199,2025-01-12,2025-01-12,Pago,fk_invalida:matricula_id
14648,1221,2026-02-01,109,2026-01-02,2026-02-02,Pago,fk_invalida:matricula_id
14649,1221,2026-03-01,699,2026-01-03,2026-05-03,Pago,fk_invalida:matricula_id
14653,1222,2025-07-01,109,2025-05-07,2025-07-07,Pago,fk_invalida:matricula_id
14654,1222,2025-08-01,199,2025-03-08,,Vencido,fk_invalida:matricula_id
14657,1222,2025-11-01,399,2025-02-11,2025-01-11,Pago,fk_invalida:matricula_id
14665,1223,2025-07-01,699,2025-03-07,2025-02-07,Pago,fk_invalida:matricula_id
14667,1223,2025-09-01,149,2025-01-09,2025-05-09,Pago,fk_invalida:matricula_id
14669,1223,2025-11-01,199,2025-02-11,2025-09-11,Pago,fk_invalida:matricula_id
14670,1223,2025-12-01,399,2025-03-12,2025-07-12,Pago,fk_invalida:matricula_id
14678,1224,2025-08-01,1199,2025-04-08,2025-05-08,Pago,fk_invalida:matricula_id
14680,1224,2025-10-01,109,2025-04-10,,Vencido,fk_invalida:matricula_id
14687,1224,2026-05-01,399,2026-01-05,2026-11-05,Pago,fk_invalida:matricula_id
14691,1225,2025-09-01,35,2025-04-09,,Vencido,fk_invalida:matricula_id
14703,1226,2025-09-01,109,2025-01-09,2025-10-09,Pago,fk_invalida:matricula_id
14704,1226,2025-10-01,109,2025-02-10,2025-09-10,Pago,fk_invalida:matricula_id
14713,1227,2025-07-01,1199,2025-02-07,2025-04-07,Pago,fk_invalida:matricula_id
14715,1227,2025-09-01,149,2025-01-09,2025-09-09,Pago,fk_invalida:matricula_id
14718,1227,2025-12-01,99,2025-01-12,2025-11-12,Pago,fk_invalida:matricula_id
14721,1227,2026-03-01,699,2026-01-03,,Vencido,fk_invalida:matricula_id
14722,1227,2026-04-01,1199,2026-02-04,2026-01-04,Pago,fk_invalida:matricula_id
14725,1228,2025-07-01,699,2025-04-07,2025-02-07,Pago,fk_invalida:matricula_id
14726,1228,2025-08-01,99,2025-02-08,2025-06-08,Pago,fk_invalida:matricula_id
14730,1228,2025-12-01,109,2025-02-12,,Vencido,fk_invalida:matricula_id
14734,1228,2026-04-01,399,2026-01-04,2026-07-04,Pago,fk_invalida:matricula_id
14735,1228,2026-05-01,199,2026-02-05,2026-04-05,Pago,fk_invalida:matricula_id
14737,1229,2025-07-01,699,2025-05-07,2025-07-07,Pago,fk_invalida:matricula_id
14738,1229,2025-08-01,35,2025-01-08,2025-03-08,Pago,fk_invalida:matricula_id
14741,1229,2025-11-01,399,2025-01-11,2025-12-11,Pago,fk_invalida:matricula_id
14749,1230,2025-07-01,399,2025-06-07,,Vencido,fk_invalida:matricula_id
14750,1230,2025-08-01,109,2025-04-08,2025-05-08,Pago,fk_invalida:matricula_id
14751,1230,2025-09-01,199,2025-02-09,2025-03-09,Pago,fk_invalida:matricula_id
14761,1231,2025-07-01,149,2025-06-07,2025-06-07,Pago,fk_invalida:matricula_id
14768,1231,2026-02-01,109,2026-01-02,2026-02-02,Pago,fk_invalida:matricula_id
14770,1231,2026-04-01,1199,2026-01-04,2026-03-04,Pago,fk_invalida:matricula_id
14771,1231,2026-05-01,109,2026-01-05,2026-08-05,Pago,fk_invalida:matricula_id
14777,1232,2025-11-01,1199,2025-02-11,2025-12-11,Pago,fk_invalida:matricula_id
14781,1232,2026-03-01,149,2026-02-03,2026-05-03,Pago,fk_invalida:matricula_id
14782,1232,2026-04-01,35,2026-02-04,2026-02-04,Pago,fk_invalida:matricula_id
14783,1232,2026-05-01,109,2026-02-05,2026-06-05,Pago,fk_invalida:matricula_id
14785,1233,2025-07-01,149,2025-06-07,2025-03-07,Pago,fk_invalida:matricula_id
14788,1233,2025-10-01,399,2025-01-10,2025-01-10,Pago,fk_invalida:matricula_id
14793,1233,2026-03-01,399,2026-03-03,2026-10-03,Pago,fk_invalida:matricula_id
14797,1234,2025-07-01,109,2025-01-07,2025-08-07,Pago,fk_invalida:matricula_id
14799,1234,2025-09-01,199,2025-02-09,2025-10-09,Pago,fk_invalida:matricula_id
14801,1234,2025-11-01,109,2025-02-11,,Vencido,fk_invalida:matricula_id
14803,1234,2026-01-01,35,2026-02-01,2026-08-01,Pago,fk_invalida:matricula_id
14806,1234,2026-04-01,199,2026-02-04,,Vencido,fk_invalida:matricula_id
14809,1235,2025-07-01,199,2025-03-07,,Vencido,fk_invalida:matricula_id
14821,1236,2025-07-01,99,2025-02-07,2025-03-07,Pago,fk_invalida:matricula_id
14823,1236,2025-09-01,99,2025-04-09,2025-01-09,Pago,fk_invalida:matricula_id
14824,1236,2025-10-01,1199,2025-04-10,2025-01-10,Pago,fk_invalida:matricula_id
14826,1236,2025-12-01,99,2025-02-12,2025-05-12,Pago,fk_invalida:matricula_id
14835,1237,2025-09-01,149,2025-01-09,2025-09-09,Pago,fk_invalida:matricula_id
14841,1237,2026-03-01,109,2026-02-03,2026-10-03,Pago,fk_invalida:matricula_id
14845,1238,2025-07-01,35,2025-05-07,2025-09-07,Pago,fk_invalida:matricula_id
14848,1238,2025-10-01,399,2025-04-10,2025-01-10,Pago,fk_invalida:matricula_id
14857,1239,2025-07-01,199,2025-02-07,2025-04-07,Pago,fk_invalida:matricula_id
14858,1239,2025-08-01,399,2025-05-08,,Vencido,fk_invalida:matricula_id
14864,1239,2026-02-01,99,2026-01-02,2026-09-02,Pago,fk_invalida:matricula_id
14870,1240,2025-08-01,199,2025-05-08,,Vencido,fk_invalida:matricula_id
14873,1240,2025-11-01,1199,2025-02-11,2025-03-11,Pago,fk_invalida:matricula_id
14881,1241,2025-07-01,109,2025-03-07,2025-01-07,Pago,fk_invalida:matricula_id
14883,1241,2025-09-01,35,2025-02-09,2025-09-09,Pago,fk_invalida:matricula_id
14891,1241,2026-05-01,99,2026-01-05,2026-08-05,Pago,fk_invalida:matricula_id
14892,1241,2026-06-01,99,2026-01-06,,Vencido,fk_invalida:matricula_id
14895,1242,2025-09-01,35,2025-03-09,2025-09-09,Pago,fk_invalida:matricula_id
14898,1242,2025-12-01,1199,2025-01-12,2025-03-12,Pago,fk_invalida:matricula_id
14905,1243,2025-07-01,99,2025-05-07,,Vencido,fk_invalida:matricula_id
14908,1243,2025-10-01,35,2025-03-10,2025-02-10,Pago,fk_invalida:matricula_id
14912,1243,2026-02-01,149,2026-01-02,2026-02-02,Pago,fk_invalida:matricula_id
14917,1244,2025-07-01,1199,2025-04-07,2025-09-07,Pago,fk_invalida:matricula_id
14918,1244,2025-08-01,399,2025-03-08,,Vencido,fk_invalida:matricula_id
14920,1244,2025-10-01,35,2025-04-10,2025-06-10,Pago,fk_invalida:matricula_id
14921,1244,2025-11-01,1199,2025-03-11,2025-10-11,Pago,fk_invalida:matricula_id
14929,1245,2025-07-01,35,2025-02-07,2025-02-07,Pago,fk_invalida:matricula_id
14932,1245,2025-10-01,149,2025-03-10,2025-07-10,Pago,fk_invalida:matricula_id
14935,1245,2026-01-01,35,2026-01-01,,Vencido,fk_invalida:matricula_id
14943,1246,2025-09-01,35,2025-04-09,2025-01-09,Pago,fk_invalida:matricula_id
14944,1246,2025-10-01,699,2025-04-10,2025-02-10,Pago,fk_invalida:matricula_id
14951,1246,2026-05-01,699,2026-01-05,,Vencido,fk_invalida:matricula_id
14953,1247,2025-07-01,699,2025-01-07,2025-08-07,Pago,fk_invalida:matricula_id
14954,1247,2025-08-01,149,2025-03-08,2025-12-08,Pago,fk_invalida:matricula_id
14955,1247,2025-09-01,1199,2025-04-09,2025-08-09,Pago,fk_invalida:matricula_id
14957,1247,2025-11-01,1199,2025-02-11,2025-04-11,Pago,fk_invalida:matricula_id
14958,1247,2025-12-01,1199,2025-01-12,,Vencido,fk_invalida:matricula_id
14967,1248,2025-09-01,109,2025-04-09,2025-01-09,Pago,fk_invalida:matricula_id
14977,1249,2025-07-01,149,2025-05-07,2025-02-07,Pago,fk_invalida:matricula_id
14985,1249,2026-03-01,99,2026-02-03,2026-11-03,Pago,fk_invalida:matricula_id
14991,1250,2025-09-01,149,2025-01-09,2025-10-09,Pago,fk_invalida:matricula_id
14992,1250,2025-10-01,35,2025-02-10,,Vencido,fk_invalida:matricula_id
14993,1250,2025-11-01,35,2025-01-11,2025-12-11,Pago,fk_invalida:matricula_id
14999,1250,2026-05-01,1199,2026-01-05,2026-06-05,Pago,fk_invalida:matricula_id
15001,1251,2025-07-01,35,2025-05-07,2025-03-07,Pago,fk_invalida:matricula_id
15002,1251,2025-08-01,1199,2025-03-08,2025-07-08,Pago,fk_invalida:matricula_id
15004,1251,2025-10-01,35,2025-03-10,,Vencido,fk_invalida:matricula_id
15006,1251,2025-12-01,699,2025-03-12,2025-03-12,Pago,fk_invalida:matricula_id
15009,1251,2026-03-01,1199,2026-03-03,2026-06-03,Pago,fk_invalida:matricula_id
15011,1251,2026-05-01,99,2026-02-05,,Vencido,fk_invalida:matricula_id
15016,1252,2025-10-01,1199,2025-02-10,2025-12-10,Pago,fk_invalida:matricula_id
15018,1252,2025-12-01,35,2025-02-12,2025-12-12,Pago,fk_invalida:matricula_id
15025,1253,2025-07-01,1199,2025-05-07,2025-09-07,Pago,fk_invalida:matricula_id
15027,1253,2025-09-01,149,2025-03-09,2025-06-09,Pago,fk_invalida:matricula_id
15033,1253,2026-03-01,699,2026-01-03,2026-02-03,Pago,fk_invalida:matricula_id
15034,1253,2026-04-01,399,2026-02-04,2026-04-04,Pago,fk_invalida:matricula_id
15039,1254,2025-09-01,99,2025-01-09,2025-06-09,Pago,fk_invalida:matricula_id
15041,1254,2025-11-01,109,2025-01-11,2025-01-11,Pago,fk_invalida:matricula_id
15043,1254,2026-01-01,399,2026-01-01,2026-08-01,Pago,fk_invalida:matricula_id
15044,1254,2026-02-01,199,2026-01-02,2026-05-02,Pago,fk_invalida:matricula_id
15047,1254,2026-05-01,99,2026-01-05,2026-03-05,Pago,fk_invalida:matricula_id
15048,1254,2026-06-01,35,2026-01-06,2026-12-06,Pago,fk_invalida:matricula_id
15049,1255,2025-07-01,699,2025-06-07,2025-11-07,Pago,fk_invalida:matricula_id
15051,1255,2025-09-01,99,2025-04-09,2025-09-09,Pago,fk_invalida:matricula_id
15056,1255,2026-02-01,35,2026-01-02,2026-09-02,Pago,fk_invalida:matricula_id
15061,1256,2025-07-01,109,2025-04-07,2025-12-07,Pago,fk_invalida:matricula_id
15062,1256,2025-08-01,149,2025-01-08,2025-09-08,Pago,fk_invalida:matricula_id
15074,1257,2025-08-01,199,2025-02-08,2025-10-08,Pago,fk_invalida:matricula_id
15075,1257,2025-09-01,99,2025-03-09,2025-12-09,Pago,fk_invalida:matricula_id
15079,1257,2026-01-01,149,2026-02-01,2026-08-01,Pago,fk_invalida:matricula_id
15082,1257,2026-04-01,399,2026-01-04,2026-03-04,Pago,fk_invalida:matricula_id
15086,1258,2025-08-01,1199,2025-02-08,2025-01-08,Pago,fk_invalida:matricula_id
15089,1258,2025-11-01,1199,2025-01-11,,Vencido,fk_invalida:matricula_id
15093,1258,2026-03-01,109,2026-01-03,2026-03-03,Pago,fk_invalida:matricula_id
15097,1259,2025-07-01,109,2025-01-07,2025-05-07,Pago,fk_invalida:matricula_id
15098,1259,2025-08-01,199,2025-05-08,2025-09-08,Pago,fk_invalida:matricula_id
15099,1259,2025-09-01,109,2025-01-09,2025-05-09,Pago,fk_invalida:matricula_id
15100,1259,2025-10-01,199,2025-02-10,2025-08-10,Pago,fk_invalida:matricula_id
15105,1259,2026-03-01,699,2026-01-03,,Vencido,fk_invalida:matricula_id
15110,1260,2025-08-01,199,2025-04-08,2025-11-08,Pago,fk_invalida:matricula_id
15112,1260,2025-10-01,699,2025-01-10,2025-10-10,Pago,fk_invalida:matricula_id
15114,1260,2025-12-01,109,2025-02-12,2025-06-12,Pago,fk_invalida:matricula_id
15116,1260,2026-02-01,699,2026-01-02,2026-08-02,Pago,fk_invalida:matricula_id
15122,1261,2025-08-01,99,2025-04-08,2025-01-08,Pago,fk_invalida:matricula_id
15130,1261,2026-04-01,35,2026-01-04,,Vencido,fk_invalida:matricula_id
15133,1262,2025-07-01,399,2025-03-07,2025-11-07,Pago,fk_invalida:matricula_id
15134,1262,2025-08-01,99,2025-01-08,2025-07-08,Pago,fk_invalida:matricula_id
15136,1262,2025-10-01,1199,2025-02-10,2025-06-10,Pago,fk_invalida:matricula_id
15137,1262,2025-11-01,109,2025-03-11,2025-03-11,Pago,fk_invalida:matricula_id
15139,1262,2026-01-01,199,2026-01-01,2026-10-01,Pago,fk_invalida:matricula_id
15144,1262,2026-06-01,399,2026-01-06,2026-12-06,Pago,fk_invalida:matricula_id
15145,1263,2025-07-01,1199,2025-02-07,,Vencido,fk_invalida:matricula_id
15147,1263,2025-09-01,1199,2025-03-09,,Vencido,fk_invalida:matricula_id
15149,1263,2025-11-01,1199,2025-03-11,2025-07-11,Pago,fk_invalida:matricula_id
15154,1263,2026-04-01,199,2026-02-04,2026-05-04,Pago,fk_invalida:matricula_id
15156,1263,2026-06-01,149,2026-01-06,2026-11-06,Pago,fk_invalida:matricula_id
15157,1264,2025-07-01,149,2025-01-07,2025-07-07,Pago,fk_invalida:matricula_id
15158,1264,2025-08-01,699,2025-02-08,2025-07-08,Pago,fk_invalida:matricula_id
15159,1264,2025-09-01,109,2025-04-09,2025-06-09,Pago,fk_invalida:matricula_id
15160,1264,2025-10-01,399,2025-04-10,2025-08-10,Pago,fk_invalida:matricula_id
15165,1264,2026-03-01,399,2026-03-03,,Vencido,fk_invalida:matricula_id
15169,1265,2025-07-01,109,2025-03-07,2025-05-07,Pago,fk_invalida:matricula_id
15170,1265,2025-08-01,35,2025-05-08,2025-03-08,Pago,fk_invalida:matricula_id
15171,1265,2025-09-01,399,2025-02-09,2025-08-09,Pago,fk_invalida:matricula_id
15172,1265,2025-10-01,1199,2025-04-10,2025-04-10,Pago,fk_invalida:matricula_id
15184,1266,2025-10-01,399,2025-01-10,2025-02-10,Pago,fk_invalida:matricula_id
15188,1266,2026-02-01,109,2026-01-02,2026-01-02,Pago,fk_invalida:matricula_id
15193,1267,2025-07-01,1199,2025-02-07,2025-02-07,Pago,fk_invalida:matricula_id
15194,1267,2025-08-01,99,2025-04-08,,Vencido,fk_invalida:matricula_id
15200,1267,2026-02-01,199,2026-01-02,2026-09-02,Pago,fk_invalida:matricula_id
15202,1267,2026-04-01,109,2026-02-04,,Vencido,fk_invalida:matricula_id
15207,1268,2025-09-01,149,2025-04-09,2025-04-09,Pago,fk_invalida:matricula_id
15210,1268,2025-12-01,99,2025-01-12,2025-06-12,Pago,fk_invalida:matricula_id
15215,1268,2026-05-01,1199,2026-01-05,2026-04-05,Pago,fk_invalida:matricula_id
15217,1269,2025-07-01,109,2025-04-07,2025-03-07,Pago,fk_invalida:matricula_id
15219,1269,2025-09-01,199,2025-04-09,2025-02-09,Pago,fk_invalida:matricula_id
15221,1269,2025-11-01,399,2025-03-11,,Vencido,fk_invalida:matricula_id
15222,1269,2025-12-01,1199,2025-02-12,,Vencido,fk_invalida:matricula_id
15225,1269,2026-03-01,109,2026-03-03,2026-10-03,Pago,fk_invalida:matricula_id
15227,1269,2026-05-01,99,2026-01-05,2026-12-05,Pago,fk_invalida:matricula_id
15231,1270,2025-09-01,699,2025-01-09,2025-06-09,Pago,fk_invalida:matricula_id
15233,1270,2025-11-01,109,2025-01-11,2025-04-11,Pago,fk_invalida:matricula_id
15251,1271,2026-05-01,1199,2026-01-05,2026-07-05,Pago,fk_invalida:matricula_id
15262,1272,2026-04-01,399,2026-02-04,2026-06-04,Pago,fk_invalida:matricula_id
15263,1272,2026-05-01,1199,2026-02-05,2026-12-05,Pago,fk_invalida:matricula_id
15266,1273,2025-08-01,399,2025-01-08,2025-12-08,Pago,fk_invalida:matricula_id
15268,1273,2025-10-01,699,2025-01-10,2025-07-10,Pago,fk_invalida:matricula_id
15269,1273,2025-11-01,109,2025-03-11,2025-09-11,Pago,fk_invalida:matricula_id
15273,1273,2026-03-01,399,2026-03-03,2026-06-03,Pago,fk_invalida:matricula_id
15274,1273,2026-04-01,1199,2026-01-04,,Vencido,fk_invalida:matricula_id
15277,1274,2025-07-01,199,2025-02-07,2025-07-07,Pago,fk_invalida:matricula_id
15279,1274,2025-09-01,399,2025-02-09,2025-06-09,Pago,fk_invalida:matricula_id
15281,1274,2025-11-01,149,2025-02-11,2025-07-11,Pago,fk_invalida:matricula_id
15285,1274,2026-03-01,109,2026-01-03,,Vencido,fk_invalida:matricula_id
15289,1275,2025-07-01,149,2025-02-07,2025-11-07,Pago,fk_invalida:matricula_id
15291,1275,2025-09-01,35,2025-04-09,2025-04-09,Pago,fk_invalida:matricula_id
15294,1275,2025-12-01,399,2025-03-12,2025-12-12,Pago,fk_invalida:matricula_id
15297,1275,2026-03-01,399,2026-03-03,2026-11-03,Pago,fk_invalida:matricula_id
15302,1276,2025-08-01,99,2025-03-08,2025-02-08,Pago,fk_invalida:matricula_id
15303,1276,2025-09-01,109,2025-02-09,2025-10-09,Pago,fk_invalida:matricula_id
15304,1276,2025-10-01,35,2025-04-10,,Vencido,fk_invalida:matricula_id
15307,1276,2026-01-01,109,2026-01-01,2026-05-01,Pago,fk_invalida:matricula_id
15313,1277,2025-07-01,699,2025-01-07,2025-11-07,Pago,fk_invalida:matricula_id
15322,1277,2026-04-01,1199,2026-01-04,2026-08-04,Pago,fk_invalida:matricula_id
15326,1278,2025-08-01,149,2025-03-08,2025-11-08,Pago,fk_invalida:matricula_id
15327,1278,2025-09-01,199,2025-02-09,2025-05-09,Pago,fk_invalida:matricula_id
15328,1278,2025-10-01,399,2025-01-10,2025-06-10,Pago,fk_invalida:matricula_id
15333,1278,2026-03-01,199,2026-03-03,2026-09-03,Pago,fk_invalida:matricula_id
15337,1279,2025-07-01,399,2025-03-07,2025-06-07,Pago,fk_invalida:matricula_id
15339,1279,2025-09-01,199,2025-04-09,2025-03-09,Pago,fk_invalida:matricula_id
15341,1279,2025-11-01,35,2025-03-11,2025-12-11,Pago,fk_invalida:matricula_id
15345,1279,2026-03-01,99,2026-02-03,2026-11-03,Pago,fk_invalida:matricula_id
15352,1280,2025-10-01,399,2025-01-10,2025-09-10,Pago,fk_invalida:matricula_id
15354,1280,2025-12-01,109,2025-02-12,,Vencido,fk_invalida:matricula_id
15361,1281,2025-07-01,99,2025-01-07,2025-04-07,Pago,fk_invalida:matricula_id
15363,1281,2025-09-01,399,2025-02-09,2025-05-09,Pago,fk_invalida:matricula_id
15364,1281,2025-10-01,149,2025-02-10,2025-07-10,Pago,fk_invalida:matricula_id
15376,1282,2025-10-01,35,2025-01-10,2025-02-10,Pago,fk_invalida:matricula_id
15388,1283,2025-10-01,399,2025-04-10,2025-06-10,Pago,fk_invalida:matricula_id
15389,1283,2025-11-01,99,2025-03-11,2025-01-11,Pago,fk_invalida:matricula_id
15397,1284,2025-07-01,109,2025-03-07,,Vencido,fk_invalida:matricula_id
15398,1284,2025-08-01,1199,2025-04-08,,Vencido,fk_invalida:matricula_id
15400,1284,2025-10-01,99,2025-03-10,2025-11-10,Pago,fk_invalida:matricula_id
15402,1284,2025-12-01,399,2025-02-12,2025-11-12,Pago,fk_invalida:matricula_id
15403,1284,2026-01-01,35,2026-01-01,2026-12-01,Pago,fk_invalida:matricula_id
15405,1284,2026-03-01,149,2026-01-03,2026-10-03,Pago,fk_invalida:matricula_id
15406,1284,2026-04-01,699,2026-02-04,2026-04-04,Pago,fk_invalida:matricula_id
15407,1284,2026-05-01,109,2026-01-05,2026-05-05,Pago,fk_invalida:matricula_id
15410,1285,2025-08-01,199,2025-02-08,2025-06-08,Pago,fk_invalida:matricula_id
15411,1285,2025-09-01,109,2025-02-09,2025-09-09,Pago,fk_invalida:matricula_id
15412,1285,2025-10-01,699,2025-02-10,2025-12-10,Pago,fk_invalida:matricula_id
15417,1285,2026-03-01,99,2026-03-03,2026-11-03,Pago,fk_invalida:matricula_id
15422,1286,2025-08-01,1199,2025-01-08,2025-09-08,Pago,fk_invalida:matricula_id
15423,1286,2025-09-01,149,2025-02-09,2025-08-09,Pago,fk_invalida:matricula_id
15424,1286,2025-10-01,199,2025-01-10,2025-05-10,Pago,fk_invalida:matricula_id
15425,1286,2025-11-01,99,2025-01-11,,Vencido,fk_invalida:matricula_id
15434,1287,2025-08-01,109,2025-01-08,2025-11-08,Pago,fk_invalida:matricula_id
15437,1287,2025-11-01,149,2025-03-11,,Vencido,fk_invalida:matricula_id
15445,1288,2025-07-01,35,2025-05-07,2025-04-07,Pago,fk_invalida:matricula_id
15446,1288,2025-08-01,699,2025-02-08,2025-12-08,Pago,fk_invalida:matricula_id
15450,1288,2025-12-01,1199,2025-02-12,2025-12-12,Pago,fk_invalida:matricula_id
15455,1288,2026-05-01,35,2026-02-05,,Vencido,fk_invalida:matricula_id
15458,1289,2025-08-01,99,2025-05-08,,Vencido,fk_invalida:matricula_id
15459,1289,2025-09-01,199,2025-02-09,2025-11-09,Pago,fk_invalida:matricula_id
15469,1290,2025-07-01,99,2025-06-07,2025-11-07,Pago,fk_invalida:matricula_id
15474,1290,2025-12-01,1199,2025-03-12,2025-03-12,Pago,fk_invalida:matricula_id
15475,1290,2026-01-01,1199,2026-02-01,2026-12-01,Pago,fk_invalida:matricula_id
15479,1290,2026-05-01,35,2026-02-05,2026-08-05,Pago,fk_invalida:matricula_id
15481,1291,2025-07-01,399,2025-02-07,2025-11-07,Pago,fk_invalida:matricula_id
15484,1291,2025-10-01,99,2025-02-10,2025-09-10,Pago,fk_invalida:matricula_id
15485,1291,2025-11-01,199,2025-02-11,2025-05-11,Pago,fk_invalida:matricula_id
15486,1291,2025-12-01,399,2025-02-12,2025-09-12,Pago,fk_invalida:matricula_id
15493,1292,2025-07-01,149,2025-05-07,2025-10-07,Pago,fk_invalida:matricula_id
15495,1292,2025-09-01,1199,2025-01-09,2025-09-09,Pago,fk_invalida:matricula_id
15497,1292,2025-11-01,699,2025-02-11,2025-05-11,Pago,fk_invalida:matricula_id
15498,1292,2025-12-01,109,2025-02-12,,Vencido,fk_invalida:matricula_id
15503,1292,2026-05-01,1199,2026-02-05,2026-08-05,Pago,fk_invalida:matricula_id
15517,1294,2025-07-01,199,2025-03-07,2025-08-07,Pago,fk_invalida:matricula_id
15518,1294,2025-08-01,149,2025-03-08,2025-08-08,Pago,fk_invalida:matricula_id
15519,1294,2025-09-01,699,2025-04-09,2025-05-09,Pago,fk_invalida:matricula_id
15520,1294,2025-10-01,399,2025-03-10,2025-12-10,Pago,fk_invalida:matricula_id
15521,1294,2025-11-01,109,2025-02-11,,Vencido,fk_invalida:matricula_id
15526,1294,2026-04-01,1199,2026-02-04,,Vencido,fk_invalida:matricula_id
15529,1295,2025-07-01,199,2025-03-07,2025-10-07,Pago,fk_invalida:matricula_id
15530,1295,2025-08-01,35,2025-04-08,2025-06-08,Pago,fk_invalida:matricula_id
15531,1295,2025-09-01,99,2025-04-09,2025-03-09,Pago,fk_invalida:matricula_id
15536,1295,2026-02-01,699,2026-01-02,2026-08-02,Pago,fk_invalida:matricula_id
15538,1295,2026-04-01,199,2026-02-04,,Vencido,fk_invalida:matricula_id
15541,1296,2025-07-01,199,2025-02-07,,Vencido,fk_invalida:matricula_id
15550,1296,2026-04-01,699,2026-02-04,2026-03-04,Pago,fk_invalida:matricula_id
15551,1296,2026-05-01,199,2026-01-05,2026-02-05,Pago,fk_invalida:matricula_id
15553,1297,2025-07-01,149,2025-01-07,2025-02-07,Pago,fk_invalida:matricula_id
15555,1297,2025-09-01,199,2025-04-09,2025-03-09,Pago,fk_invalida:matricula_id
15556,1297,2025-10-01,1199,2025-04-10,,Vencido,fk_invalida:matricula_id
15563,1297,2026-05-01,399,2026-02-05,2026-05-05,Pago,fk_invalida:matricula_id
15565,1298,2025-07-01,399,2025-01-07,2025-12-07,Pago,fk_invalida:matricula_id
15568,1298,2025-10-01,199,2025-01-10,2025-06-10,Pago,fk_invalida:matricula_id
15569,1298,2025-11-01,699,2025-03-11,2025-02-11,Pago,fk_invalida:matricula_id
15573,1298,2026-03-01,35,2026-01-03,2026-12-03,Pago,fk_invalida:matricula_id
15574,1298,2026-04-01,699,2026-01-04,2026-09-04,Pago,fk_invalida:matricula_id
15578,1299,2025-08-01,149,2025-01-08,2025-02-08,Pago,fk_invalida:matricula_id
15581,1299,2025-11-01,109,2025-02-11,2025-09-11,Pago,fk_invalida:matricula_id
15582,1299,2025-12-01,1199,2025-03-12,2025-08-12,Pago,fk_invalida:matricula_id
15583,1299,2026-01-01,109,2026-02-01,2026-12-01,Pago,fk_invalida:matricula_id
15589,1300,2025-07-01,699,2025-03-07,2025-03-07,Pago,fk_invalida:matricula_id
15591,1300,2025-09-01,109,2025-03-09,,Vencido,fk_invalida:matricula_id
15592,1300,2025-10-01,99,2025-04-10,2025-10-10,Pago,fk_invalida:matricula_id
15595,1300,2026-01-01,199,2026-02-01,2026-01-01,Pago,fk_invalida:matricula_id
15598,1300,2026-04-01,149,2026-01-04,2026-06-04,Pago,fk_invalida:matricula_id
15603,1301,2025-09-01,199,2025-01-09,,Vencido,fk_invalida:matricula_id
15609,1301,2026-03-01,149,2026-02-03,2026-08-03,Pago,fk_invalida:matricula_id
15614,1302,2025-08-01,1199,2025-05-08,2025-03-08,Pago,fk_invalida:matricula_id
15616,1302,2025-10-01,109,2025-01-10,,Vencido,fk_invalida:matricula_id
15625,1303,2025-07-01,699,2025-02-07,2025-10-07,Pago,fk_invalida:matricula_id
15626,1303,2025-08-01,1199,2025-01-08,2025-08-08,Pago,fk_invalida:matricula_id
15627,1303,2025-09-01,149,2025-02-09,2025-11-09,Pago,fk_invalida:matricula_id
15629,1303,2025-11-01,149,2025-03-11,2025-04-11,Pago,fk_invalida:matricula_id
15640,1304,2025-10-01,149,2025-01-10,2025-01-10,Pago,fk_invalida:matricula_id
15643,1304,2026-01-01,699,2026-02-01,2026-03-01,Pago,fk_invalida:matricula_id
15644,1304,2026-02-01,699,2026-01-02,2026-09-02,Pago,fk_invalida:matricula_id
15645,1304,2026-03-01,199,2026-02-03,2026-09-03,Pago,fk_invalida:matricula_id
15649,1305,2025-07-01,99,2025-04-07,2025-12-07,Pago,fk_invalida:matricula_id
15650,1305,2025-08-01,99,2025-05-08,2025-03-08,Pago,fk_invalida:matricula_id
15652,1305,2025-10-01,35,2025-01-10,2025-10-10,Pago,fk_invalida:matricula_id
15656,1305,2026-02-01,109,2026-01-02,2026-05-02,Pago,fk_invalida:matricula_id
15661,1306,2025-07-01,199,2025-02-07,,Vencido,fk_invalida:matricula_id
15674,1307,2025-08-01,35,2025-02-08,2025-07-08,Pago,fk_invalida:matricula_id
15676,1307,2025-10-01,199,2025-01-10,,Vencido,fk_invalida:matricula_id
15677,1307,2025-11-01,109,2025-01-11,2025-05-11,Pago,fk_invalida:matricula_id
15679,1307,2026-01-01,149,2026-02-01,2026-03-01,Pago,fk_invalida:matricula_id
15680,1307,2026-02-01,1199,2026-01-02,2026-12-02,Pago,fk_invalida:matricula_id
15685,1308,2025-07-01,1199,2025-06-07,2025-04-07,Pago,fk_invalida:matricula_id
15686,1308,2025-08-01,149,2025-03-08,2025-07-08,Pago,fk_invalida:matricula_id
15688,1308,2025-10-01,699,2025-03-10,2025-08-10,Pago,fk_invalida:matricula_id
15692,1308,2026-02-01,149,2026-01-02,2026-09-02,Pago,fk_invalida:matricula_id
15694,1308,2026-04-01,199,2026-01-04,2026-01-04,Pago,fk_invalida:matricula_id
15698,1309,2025-08-01,699,2025-04-08,2025-12-08,Pago,fk_invalida:matricula_id
15705,1309,2026-03-01,1199,2026-03-03,2026-12-03,Pago,fk_invalida:matricula_id
15710,1310,2025-08-01,1199,2025-03-08,2025-06-08,Pago,fk_invalida:matricula_id
15713,1310,2025-11-01,1199,2025-02-11,2025-12-11,Pago,fk_invalida:matricula_id
15717,1310,2026-03-01,1199,2026-01-03,2026-05-03,Pago,fk_invalida:matricula_id
15719,1310,2026-05-01,109,2026-01-05,2026-06-05,Pago,fk_invalida:matricula_id
15721,1311,2025-07-01,99,2025-06-07,2025-10-07,Pago,fk_invalida:matricula_id
15724,1311,2025-10-01,99,2025-03-10,2025-05-10,Pago,fk_invalida:matricula_id
15729,1311,2026-03-01,109,2026-02-03,2026-01-03,Pago,fk_invalida:matricula_id
15733,1312,2025-07-01,199,2025-04-07,2025-07-07,Pago,fk_invalida:matricula_id
15734,1312,2025-08-01,99,2025-02-08,2025-10-08,Pago,fk_invalida:matricula_id
15737,1312,2025-11-01,109,2025-01-11,2025-07-11,Pago,fk_invalida:matricula_id
15738,1312,2025-12-01,399,2025-03-12,2025-01-12,Pago,fk_invalida:matricula_id
15739,1312,2026-01-01,199,2026-02-01,,Vencido,fk_invalida:matricula_id
15741,1312,2026-03-01,99,2026-01-03,2026-06-03,Pago,fk_invalida:matricula_id
15742,1312,2026-04-01,149,2026-02-04,2026-08-04,Pago,fk_invalida:matricula_id
15744,1312,2026-06-01,399,2026-01-06,2026-06-06,Pago,fk_invalida:matricula_id
15745,1313,2025-07-01,199,2025-01-07,2025-02-07,Pago,fk_invalida:matricula_id
15748,1313,2025-10-01,109,2025-02-10,,Vencido,fk_invalida:matricula_id
15751,1313,2026-01-01,199,2026-02-01,,Vencido,fk_invalida:matricula_id
15753,1313,2026-03-01,699,2026-01-03,2026-07-03,Pago,fk_invalida:matricula_id
15757,1314,2025-07-01,199,2025-05-07,2025-04-07,Pago,fk_invalida:matricula_id
15760,1314,2025-10-01,1199,2025-02-10,2025-12-10,Pago,fk_invalida:matricula_id
15764,1314,2026-02-01,1199,2026-01-02,2026-04-02,Pago,fk_invalida:matricula_id
15770,1315,2025-08-01,99,2025-02-08,2025-03-08,Pago,fk_invalida:matricula_id
15771,1315,2025-09-01,35,2025-02-09,,Vencido,fk_invalida:matricula_id
15774,1315,2025-12-01,35,2025-02-12,2025-02-12,Pago,fk_invalida:matricula_id
15777,1315,2026-03-01,1199,2026-02-03,2026-01-03,Pago,fk_invalida:matricula_id
15781,1316,2025-07-01,99,2025-04-07,2025-08-07,Pago,fk_invalida:matricula_id
15782,1316,2025-08-01,35,2025-02-08,2025-10-08,Pago,fk_invalida:matricula_id
15783,1316,2025-09-01,399,2025-04-09,2025-03-09,Pago,fk_invalida:matricula_id
15785,1316,2025-11-01,99,2025-02-11,2025-07-11,Pago,fk_invalida:matricula_id
15793,1317,2025-07-01,35,2025-02-07,2025-10-07,Pago,fk_invalida:matricula_id
15794,1317,2025-08-01,699,2025-02-08,2025-12-08,Pago,fk_invalida:matricula_id
15805,1318,2025-07-01,99,2025-02-07,,Vencido,fk_invalida:matricula_id
15820,1319,2025-10-01,199,2025-02-10,2025-06-10,Pago,fk_invalida:matricula_id
15822,1319,2025-12-01,35,2025-01-12,2025-04-12,Pago,fk_invalida:matricula_id
15830,1320,2025-08-01,99,2025-01-08,2025-08-08,Pago,fk_invalida:matricula_id
15831,1320,2025-09-01,99,2025-03-09,,Vencido,fk_invalida:matricula_id
15832,1320,2025-10-01,1199,2025-02-10,2025-01-10,Pago,fk_invalida:matricula_id
15845,1321,2025-11-01,109,2025-01-11,2025-04-11,Pago,fk_invalida:matricula_id
15853,1322,2025-07-01,1199,2025-06-07,2025-03-07,Pago,fk_invalida:matricula_id
15855,1322,2025-09-01,99,2025-01-09,,Vencido,fk_invalida:matricula_id
15856,1322,2025-10-01,399,2025-03-10,,Vencido,fk_invalida:matricula_id
15865,1323,2025-07-01,399,2025-06-07,2025-08-07,Pago,fk_invalida:matricula_id
15866,1323,2025-08-01,199,2025-05-08,2025-11-08,Pago,fk_invalida:matricula_id
15868,1323,2025-10-01,1199,2025-02-10,2025-06-10,Pago,fk_invalida:matricula_id
15874,1323,2026-04-01,1199,2026-01-04,2026-09-04,Pago,fk_invalida:matricula_id
15889,1325,2025-07-01,699,2025-02-07,2025-04-07,Pago,fk_invalida:matricula_id
15891,1325,2025-09-01,699,2025-01-09,2025-01-09,Pago,fk_invalida:matricula_id
15892,1325,2025-10-01,35,2025-04-10,,Vencido,fk_invalida:matricula_id
15895,1325,2026-01-01,199,2026-01-01,2026-08-01,Pago,fk_invalida:matricula_id
15898,1325,2026-04-01,399,2026-01-04,,Vencido,fk_invalida:matricula_id
15902,1326,2025-08-01,35,2025-04-08,2025-08-08,Pago,fk_invalida:matricula_id
15907,1326,2026-01-01,149,2026-02-01,2026-02-01,Pago,fk_invalida:matricula_id
15909,1326,2026-03-01,109,2026-01-03,2026-01-03,Pago,fk_invalida:matricula_id
15916,1327,2025-10-01,1199,2025-01-10,2025-10-10,Pago,fk_invalida:matricula_id
15925,1328,2025-07-01,149,2025-06-07,2025-03-07,Pago,fk_invalida:matricula_id
15926,1328,2025-08-01,99,2025-03-08,2025-04-08,Pago,fk_invalida:matricula_id
15928,1328,2025-10-01,99,2025-02-10,2025-06-10,Pago,fk_invalida:matricula_id
15929,1328,2025-11-01,199,2025-03-11,2025-05-11,Pago,fk_invalida:matricula_id
15930,1328,2025-12-01,109,2025-01-12,,Vencido,fk_invalida:matricula_id
15934,1328,2026-04-01,109,2026-01-04,2026-08-04,Pago,fk_invalida:matricula_id
15937,1329,2025-07-01,199,2025-03-07,2025-10-07,Pago,fk_invalida:matricula_id
15938,1329,2025-08-01,109,2025-03-08,2025-04-08,Pago,fk_invalida:matricula_id
15939,1329,2025-09-01,1199,2025-03-09,,Vencido,fk_invalida:matricula_id
15940,1329,2025-10-01,35,2025-04-10,2025-12-10,Pago,fk_invalida:matricula_id
15945,1329,2026-03-01,199,2026-01-03,2026-12-03,Pago,fk_invalida:matricula_id
15950,1330,2025-08-01,109,2025-03-08,2025-04-08,Pago,fk_invalida:matricula_id
15951,1330,2025-09-01,699,2025-02-09,2025-03-09,Pago,fk_invalida:matricula_id
15953,1330,2025-11-01,199,2025-01-11,2025-10-11,Pago,fk_invalida:matricula_id
15957,1330,2026-03-01,199,2026-01-03,2026-12-03,Pago,fk_invalida:matricula_id
15959,1330,2026-05-01,99,2026-02-05,,Vencido,fk_invalida:matricula_id
15970,1331,2026-04-01,399,2026-01-04,2026-07-04,Pago,fk_invalida:matricula_id
15971,1331,2026-05-01,109,2026-01-05,2026-12-05,Pago,fk_invalida:matricula_id
15974,1332,2025-08-01,399,2025-04-08,2025-02-08,Pago,fk_invalida:matricula_id
15975,1332,2025-09-01,35,2025-04-09,2025-03-09,Pago,fk_invalida:matricula_id
15976,1332,2025-10-01,109,2025-04-10,,Vencido,fk_invalida:matricula_id
15982,1332,2026-04-01,149,2026-02-04,,Vencido,fk_invalida:matricula_id
15986,1333,2025-08-01,35,2025-05-08,2025-12-08,Pago,fk_invalida:matricula_id
15987,1333,2025-09-01,699,2025-02-09,2025-06-09,Pago,fk_invalida:matricula_id
15990,1333,2025-12-01,199,2025-03-12,2025-10-12,Pago,fk_invalida:matricula_id
15996,1333,2026-06-01,699,2026-01-06,2026-06-06,Pago,fk_invalida:matricula_id
15997,1334,2025-07-01,199,2025-02-07,,Vencido,fk_invalida:matricula_id
15999,1334,2025-09-01,1199,2025-01-09,2025-03-09,Pago,fk_invalida:matricula_id
16002,1334,2025-12-01,109,2025-03-12,,Vencido,fk_invalida:matricula_id
16014,1335,2025-12-01,1199,2025-01-12,2025-12-12,Pago,fk_invalida:matricula_id
16017,1335,2026-03-01,1199,2026-03-03,,Vencido,fk_invalida:matricula_id
16023,1336,2025-09-01,399,2025-02-09,2025-02-09,Pago,fk_invalida:matricula_id
16025,1336,2025-11-01,699,2025-02-11,2025-06-11,Pago,fk_invalida:matricula_id
16026,1336,2025-12-01,99,2025-02-12,2025-12-12,Pago,fk_invalida:matricula_id
16027,1336,2026-01-01,149,2026-02-01,2026-06-01,Pago,fk_invalida:matricula_id
16038,1337,2025-12-01,149,2025-02-12,2025-02-12,Pago,fk_invalida:matricula_id
16045,1338,2025-07-01,149,2025-01-07,2025-07-07,Pago,fk_invalida:matricula_id
16047,1338,2025-09-01,99,2025-02-09,,Vencido,fk_invalida:matricula_id
16059,1339,2025-09-01,99,2025-04-09,2025-04-09,Pago,fk_invalida:matricula_id
16061,1339,2025-11-01,199,2025-01-11,,Vencido,fk_invalida:matricula_id
16070,1340,2025-08-01,99,2025-02-08,2025-09-08,Pago,fk_invalida:matricula_id
16072,1340,2025-10-01,399,2025-02-10,2025-09-10,Pago,fk_invalida:matricula_id
16078,1340,2026-04-01,109,2026-02-04,2026-01-04,Pago,fk_invalida:matricula_id
16079,1340,2026-05-01,99,2026-01-05,,Vencido,fk_invalida:matricula_id
16089,1341,2026-03-01,399,2026-01-03,,Vencido,fk_invalida:matricula_id
16093,1342,2025-07-01,699,2025-01-07,2025-06-07,Pago,fk_invalida:matricula_id
16094,1342,2025-08-01,149,2025-03-08,2025-06-08,Pago,fk_invalida:matricula_id
16096,1342,2025-10-01,399,2025-03-10,2025-09-10,Pago,fk_invalida:matricula_id
16097,1342,2025-11-01,99,2025-01-11,2025-02-11,Pago,fk_invalida:matricula_id
16103,1342,2026-05-01,699,2026-02-05,2026-06-05,Pago,fk_invalida:matricula_id
16106,1343,2025-08-01,99,2025-03-08,,Vencido,fk_invalida:matricula_id
16108,1343,2025-10-01,35,2025-04-10,2025-08-10,Pago,fk_invalida:matricula_id
16110,1343,2025-12-01,199,2025-01-12,2025-05-12,Pago,fk_invalida:matricula_id
16119,1344,2025-09-01,1199,2025-03-09,2025-03-09,Pago,fk_invalida:matricula_id
16122,1344,2025-12-01,35,2025-03-12,2025-07-12,Pago,fk_invalida:matricula_id
16124,1344,2026-02-01,99,2026-01-02,2026-05-02,Pago,fk_invalida:matricula_id
16129,1345,2025-07-01,699,2025-05-07,2025-02-07,Pago,fk_invalida:matricula_id
16133,1345,2025-11-01,35,2025-02-11,2025-05-11,Pago,fk_invalida:matricula_id
16134,1345,2025-12-01,199,2025-02-12,,Vencido,fk_invalida:matricula_id
16137,1345,2026-03-01,699,2026-02-03,,Vencido,fk_invalida:matricula_id
16141,1346,2025-07-01,35,2025-01-07,,Vencido,fk_invalida:matricula_id
16145,1346,2025-11-01,199,2025-01-11,,Vencido,fk_invalida:matricula_id
16148,1346,2026-02-01,149,2026-01-02,2026-03-02,Pago,fk_invalida:matricula_id
16156,1347,2025-10-01,1199,2025-01-10,,Vencido,fk_invalida:matricula_id
16165,1348,2025-07-01,699,2025-03-07,2025-11-07,Pago,fk_invalida:matricula_id
16167,1348,2025-09-01,699,2025-01-09,2025-05-09,Pago,fk_invalida:matricula_id
16180,1349,2025-10-01,99,2025-03-10,2025-02-10,Pago,fk_invalida:matricula_id
16185,1349,2026-03-01,699,2026-02-03,2026-05-03,Pago,fk_invalida:matricula_id
16186,1349,2026-04-01,35,2026-01-04,2026-11-04,Pago,fk_invalida:matricula_id
16189,1350,2025-07-01,109,2025-03-07,2025-10-07,Pago,fk_invalida:matricula_id
16192,1350,2025-10-01,109,2025-01-10,,Vencido,fk_invalida:matricula_id
16199,1350,2026-05-01,99,2026-01-05,2026-11-05,Pago,fk_invalida:matricula_id
16208,1351,2026-02-01,1199,2026-01-02,2026-10-02,Pago,fk_invalida:matricula_id
16209,1351,2026-03-01,149,2026-02-03,2026-07-03,Pago,fk_invalida:matricula_id
16210,1351,2026-04-01,109,2026-01-04,2026-04-04,Pago,fk_invalida:matricula_id
16214,1352,2025-08-01,109,2025-01-08,2025-11-08,Pago,fk_invalida:matricula_id
16216,1352,2025-10-01,109,2025-03-10,2025-12-10,Pago,fk_invalida:matricula_id
16221,1352,2026-03-01,149,2026-03-03,2026-03-03,Pago,fk_invalida:matricula_id
16225,1353,2025-07-01,199,2025-04-07,2025-09-07,Pago,fk_invalida:matricula_id
16228,1353,2025-10-01,199,2025-03-10,2025-04-10,Pago,fk_invalida:matricula_id
16233,1353,2026-03-01,199,2026-03-03,2026-10-03,Pago,fk_invalida:matricula_id
16234,1353,2026-04-01,399,2026-01-04,2026-04-04,Pago,fk_invalida:matricula_id
16238,1354,2025-08-01,699,2025-01-08,2025-04-08,Pago,fk_invalida:matricula_id
16239,1354,2025-09-01,199,2025-02-09,2025-11-09,Pago,fk_invalida:matricula_id
16240,1354,2025-10-01,399,2025-04-10,2025-05-10,Pago,fk_invalida:matricula_id
16252,1355,2025-10-01,35,2025-03-10,2025-06-10,Pago,fk_invalida:matricula_id
16257,1355,2026-03-01,1199,2026-02-03,2026-02-03,Pago,fk_invalida:matricula_id
16262,1356,2025-08-01,199,2025-02-08,2025-07-08,Pago,fk_invalida:matricula_id
16265,1356,2025-11-01,399,2025-03-11,2025-05-11,Pago,fk_invalida:matricula_id
16266,1356,2025-12-01,699,2025-02-12,2025-05-12,Pago,fk_invalida:matricula_id
16267,1356,2026-01-01,1199,2026-01-01,2026-05-01,Pago,fk_invalida:matricula_id
16274,1357,2025-08-01,1199,2025-01-08,2025-09-08,Pago,fk_invalida:matricula_id
16276,1357,2025-10-01,1199,2025-03-10,2025-05-10,Pago,fk_invalida:matricula_id
16277,1357,2025-11-01,149,2025-01-11,2025-04-11,Pago,fk_invalida:matricula_id
16285,1358,2025-07-01,1199,2025-03-07,2025-07-07,Pago,fk_invalida:matricula_id
16287,1358,2025-09-01,35,2025-01-09,2025-03-09,Pago,fk_invalida:matricula_id
16290,1358,2025-12-01,109,2025-01-12,2025-10-12,Pago,fk_invalida:matricula_id
16291,1358,2026-01-01,199,2026-02-01,2026-04-01,Pago,fk_invalida:matricula_id
16292,1358,2026-02-01,1199,2026-01-02,2026-07-02,Pago,fk_invalida:matricula_id
16299,1359,2025-09-01,1199,2025-01-09,2025-07-09,Pago,fk_invalida:matricula_id
16309,1360,2025-07-01,399,2025-06-07,2025-12-07,Pago,fk_invalida:matricula_id
16310,1360,2025-08-01,199,2025-02-08,2025-03-08,Pago,fk_invalida:matricula_id
16321,1361,2025-07-01,99,2025-05-07,2025-05-07,Pago,fk_invalida:matricula_id
16323,1361,2025-09-01,149,2025-03-09,,Vencido,fk_invalida:matricula_id
16325,1361,2025-11-01,699,2025-03-11,2025-04-11,Pago,fk_invalida:matricula_id
16327,1361,2026-01-01,199,2026-01-01,2026-01-01,Pago,fk_invalida:matricula_id
16333,1362,2025-07-01,149,2025-05-07,2025-10-07,Pago,fk_invalida:matricula_id
16339,1362,2026-01-01,109,2026-01-01,,Vencido,fk_invalida:matricula_id
16342,1362,2026-04-01,99,2026-02-04,2026-10-04,Pago,fk_invalida:matricula_id
16345,1363,2025-07-01,199,2025-02-07,2025-03-07,Pago,fk_invalida:matricula_id
16347,1363,2025-09-01,699,2025-03-09,2025-02-09,Pago,fk_invalida:matricula_id
16349,1363,2025-11-01,109,2025-01-11,,Vencido,fk_invalida:matricula_id
16351,1363,2026-01-01,109,2026-02-01,,Vencido,fk_invalida:matricula_id
16357,1364,2025-07-01,1199,2025-02-07,2025-02-07,Pago,fk_invalida:matricula_id
16358,1364,2025-08-01,399,2025-02-08,2025-03-08,Pago,fk_invalida:matricula_id
16363,1364,2026-01-01,149,2026-02-01,2026-04-01,Pago,fk_invalida:matricula_id
16369,1365,2025-07-01,149,2025-05-07,2025-11-07,Pago,fk_invalida:matricula_id
16370,1365,2025-08-01,199,2025-01-08,2025-06-08,Pago,fk_invalida:matricula_id
16371,1365,2025-09-01,99,2025-02-09,2025-11-09,Pago,fk_invalida:matricula_id
16372,1365,2025-10-01,1199,2025-01-10,,Vencido,fk_invalida:matricula_id
16379,1365,2026-05-01,699,2026-01-05,,Vencido,fk_invalida:matricula_id
16383,1366,2025-09-01,399,2025-04-09,2025-05-09,Pago,fk_invalida:matricula_id
16384,1366,2025-10-01,399,2025-04-10,2025-11-10,Pago,fk_invalida:matricula_id
16385,1366,2025-11-01,149,2025-01-11,2025-07-11,Pago,fk_invalida:matricula_id
16393,1367,2025-07-01,35,2025-05-07,,Vencido,fk_invalida:matricula_id
16395,1367,2025-09-01,99,2025-04-09,,Vencido,fk_invalida:matricula_id
16405,1368,2025-07-01,399,2025-06-07,2025-04-07,Pago,fk_invalida:matricula_id
16413,1368,2026-03-01,109,2026-01-03,2026-06-03,Pago,fk_invalida:matricula_id
16414,1368,2026-04-01,199,2026-01-04,2026-09-04,Pago,fk_invalida:matricula_id
16421,1369,2025-11-01,699,2025-03-11,2025-02-11,Pago,fk_invalida:matricula_id
16426,1369,2026-04-01,149,2026-01-04,2026-04-04,Pago,fk_invalida:matricula_id
16427,1369,2026-05-01,1199,2026-01-05,,Vencido,fk_invalida:matricula_id
16429,1370,2025-07-01,99,2025-04-07,2025-09-07,Pago,fk_invalida:matricula_id
16433,1370,2025-11-01,99,2025-01-11,2025-07-11,Pago,fk_invalida:matricula_id
16442,1371,2025-08-01,149,2025-03-08,2025-08-08,Pago,fk_invalida:matricula_id
16444,1371,2025-10-01,149,2025-01-10,2025-12-10,Pago,fk_invalida:matricula_id
16449,1371,2026-03-01,699,2026-01-03,2026-08-03,Pago,fk_invalida:matricula_id
16453,1372,2025-07-01,99,2025-06-07,2025-09-07,Pago,fk_invalida:matricula_id
16459,1372,2026-01-01,35,2026-01-01,2026-02-01,Pago,fk_invalida:matricula_id
16461,1372,2026-03-01,149,2026-01-03,2026-12-03,Pago,fk_invalida:matricula_id
16467,1373,2025-09-01,699,2025-01-09,,Vencido,fk_invalida:matricula_id
16477,1374,2025-07-01,109,2025-05-07,2025-06-07,Pago,fk_invalida:matricula_id
16480,1374,2025-10-01,149,2025-04-10,2025-04-10,Pago,fk_invalida:matricula_id
16481,1374,2025-11-01,1199,2025-01-11,2025-09-11,Pago,fk_invalida:matricula_id
16482,1374,2025-12-01,109,2025-02-12,2025-06-12,Pago,fk_invalida:matricula_id
16489,1375,2025-07-01,35,2025-05-07,2025-09-07,Pago,fk_invalida:matricula_id
16490,1375,2025-08-01,109,2025-02-08,2025-07-08,Pago,fk_invalida:matricula_id
16492,1375,2025-10-01,1199,2025-04-10,,Vencido,fk_invalida:matricula_id
16502,1376,2025-08-01,109,2025-03-08,2025-01-08,Pago,fk_invalida:matricula_id
16503,1376,2025-09-01,99,2025-03-09,,Vencido,fk_invalida:matricula_id
16504,1376,2025-10-01,199,2025-02-10,2025-06-10,Pago,fk_invalida:matricula_id
16513,1377,2025-07-01,99,2025-02-07,2025-05-07,Pago,fk_invalida:matricula_id
16514,1377,2025-08-01,699,2025-01-08,2025-10-08,Pago,fk_invalida:matricula_id
16525,1378,2025-07-01,1199,2025-06-07,,Vencido,fk_invalida:matricula_id
16528,1378,2025-10-01,199,2025-03-10,2025-05-10,Pago,fk_invalida:matricula_id
16529,1378,2025-11-01,109,2025-03-11,2025-11-11,Pago,fk_invalida:matricula_id
16533,1378,2026-03-01,1199,2026-02-03,2026-01-03,Pago,fk_invalida:matricula_id
16538,1379,2025-08-01,149,2025-04-08,2025-02-08,Pago,fk_invalida:matricula_id
16541,1379,2025-11-01,35,2025-02-11,2025-05-11,Pago,fk_invalida:matricula_id
16547,1379,2026-05-01,399,2026-02-05,2026-01-05,Pago,fk_invalida:matricula_id
16549,1380,2025-07-01,1199,2025-02-07,2025-03-07,Pago,fk_invalida:matricula_id
16551,1380,2025-09-01,699,2025-02-09,2025-07-09,Pago,fk_invalida:matricula_id
16554,1380,2025-12-01,1199,2025-03-12,2025-07-12,Pago,fk_invalida:matricula_id
16558,1380,2026-04-01,399,2026-01-04,2026-02-04,Pago,fk_invalida:matricula_id
16559,1380,2026-05-01,109,2026-02-05,2026-09-05,Pago,fk_invalida:matricula_id
16563,1381,2025-09-01,399,2025-03-09,2025-12-09,Pago,fk_invalida:matricula_id
16566,1381,2025-12-01,99,2025-01-12,2025-11-12,Pago,fk_invalida:matricula_id
16567,1381,2026-01-01,109,2026-02-01,2026-01-01,Pago,fk_invalida:matricula_id
16570,1381,2026-04-01,35,2026-02-04,2026-03-04,Pago,fk_invalida:matricula_id
16573,1382,2025-07-01,35,2025-03-07,2025-08-07,Pago,fk_invalida:matricula_id
16575,1382,2025-09-01,99,2025-01-09,2025-05-09,Pago,fk_invalida:matricula_id
16577,1382,2025-11-01,1199,2025-01-11,2025-03-11,Pago,fk_invalida:matricula_id
16579,1382,2026-01-01,399,2026-01-01,2026-06-01,Pago,fk_invalida:matricula_id
16590,1383,2025-12-01,35,2025-03-12,2025-12-12,Pago,fk_invalida:matricula_id
16591,1383,2026-01-01,99,2026-01-01,2026-08-01,Pago,fk_invalida:matricula_id
16602,1384,2025-12-01,699,2025-01-12,2025-10-12,Pago,fk_invalida:matricula_id
16605,1384,2026-03-01,199,2026-01-03,2026-07-03,Pago,fk_invalida:matricula_id
16609,1385,2025-07-01,99,2025-01-07,2025-10-07,Pago,fk_invalida:matricula_id
16621,1386,2025-07-01,99,2025-03-07,2025-04-07,Pago,fk_invalida:matricula_id
16623,1386,2025-09-01,149,2025-04-09,2025-05-09,Pago,fk_invalida:matricula_id
16624,1386,2025-10-01,1199,2025-04-10,,Vencido,fk_invalida:matricula_id
16633,1387,2025-07-01,399,2025-03-07,,Vencido,fk_invalida:matricula_id
16634,1387,2025-08-01,199,2025-05-08,2025-11-08,Pago,fk_invalida:matricula_id
16635,1387,2025-09-01,1199,2025-02-09,2025-01-09,Pago,fk_invalida:matricula_id
16646,1388,2025-08-01,109,2025-01-08,2025-03-08,Pago,fk_invalida:matricula_id
16647,1388,2025-09-01,199,2025-03-09,2025-10-09,Pago,fk_invalida:matricula_id
16648,1388,2025-10-01,99,2025-03-10,2025-07-10,Pago,fk_invalida:matricula_id
16660,1389,2025-10-01,399,2025-03-10,2025-03-10,Pago,fk_invalida:matricula_id
16669,1390,2025-07-01,1199,2025-06-07,2025-04-07,Pago,fk_invalida:matricula_id
16674,1390,2025-12-01,399,2025-03-12,2025-04-12,Pago,fk_invalida:matricula_id
16677,1390,2026-03-01,99,2026-02-03,2026-03-03,Pago,fk_invalida:matricula_id
16682,1391,2025-08-01,399,2025-05-08,2025-05-08,Pago,fk_invalida:matricula_id
16684,1391,2025-10-01,399,2025-03-10,2025-06-10,Pago,fk_invalida:matricula_id
16691,1391,2026-05-01,199,2026-02-05,2026-12-05,Pago,fk_invalida:matricula_id
16694,1392,2025-08-01,1199,2025-05-08,2025-04-08,Pago,fk_invalida:matricula_id
16695,1392,2025-09-01,109,2025-02-09,2025-08-09,Pago,fk_invalida:matricula_id
16697,1392,2025-11-01,109,2025-03-11,2025-09-11,Pago,fk_invalida:matricula_id
16701,1392,2026-03-01,199,2026-02-03,2026-07-03,Pago,fk_invalida:matricula_id
16705,1393,2025-07-01,399,2025-03-07,2025-10-07,Pago,fk_invalida:matricula_id
16709,1393,2025-11-01,35,2025-02-11,2025-05-11,Pago,fk_invalida:matricula_id
16718,1394,2025-08-01,1199,2025-04-08,2025-08-08,Pago,fk_invalida:matricula_id
16720,1394,2025-10-01,99,2025-01-10,2025-08-10,Pago,fk_invalida:matricula_id
16725,1394,2026-03-01,699,2026-01-03,2026-04-03,Pago,fk_invalida:matricula_id
16730,1395,2025-08-01,149,2025-04-08,2025-08-08,Pago,fk_invalida:matricula_id
16733,1395,2025-11-01,149,2025-03-11,2025-11-11,Pago,fk_invalida:matricula_id
16735,1395,2026-01-01,699,2026-02-01,2026-05-01,Pago,fk_invalida:matricula_id
16753,1397,2025-07-01,99,2025-05-07,2025-02-07,Pago,fk_invalida:matricula_id
16754,1397,2025-08-01,399,2025-01-08,,Vencido,fk_invalida:matricula_id
16755,1397,2025-09-01,109,2025-03-09,2025-06-09,Pago,fk_invalida:matricula_id
16757,1397,2025-11-01,35,2025-02-11,2025-01-11,Pago,fk_invalida:matricula_id
16760,1397,2026-02-01,1199,2026-01-02,,Vencido,fk_invalida:matricula_id
16761,1397,2026-03-01,399,2026-02-03,,Vencido,fk_invalida:matricula_id
16763,1397,2026-05-01,109,2026-01-05,,Vencido,fk_invalida:matricula_id
16766,1398,2025-08-01,1199,2025-02-08,2025-03-08,Pago,fk_invalida:matricula_id
16768,1398,2025-10-01,35,2025-04-10,2025-04-10,Pago,fk_invalida:matricula_id
16769,1398,2025-11-01,99,2025-01-11,2025-04-11,Pago,fk_invalida:matricula_id
16773,1398,2026-03-01,99,2026-01-03,2026-10-03,Pago,fk_invalida:matricula_id
16776,1398,2026-06-01,109,2026-01-06,2026-10-06,Pago,fk_invalida:matricula_id
16777,1399,2025-07-01,199,2025-04-07,2025-08-07,Pago,fk_invalida:matricula_id
16778,1399,2025-08-01,1199,2025-04-08,,Vencido,fk_invalida:matricula_id
16779,1399,2025-09-01,1199,2025-01-09,2025-02-09,Pago,fk_invalida:matricula_id
16780,1399,2025-10-01,399,2025-03-10,2025-09-10,Pago,fk_invalida:matricula_id
16781,1399,2025-11-01,699,2025-02-11,2025-09-11,Pago,fk_invalida:matricula_id
16783,1399,2026-01-01,35,2026-01-01,2026-01-01,Pago,fk_invalida:matricula_id
16785,1399,2026-03-01,149,2026-03-03,2026-08-03,Pago,fk_invalida:matricula_id
16793,1400,2025-11-01,99,2025-02-11,2025-07-11,Pago,fk_invalida:matricula_id
16795,1400,2026-01-01,99,2026-02-01,2026-10-01,Pago,fk_invalida:matricula_id
16798,1400,2026-04-01,1199,2026-02-04,2026-01-04,Pago,fk_invalida:matricula_id
16799,1400,2026-05-01,109,2026-02-05,2026-11-05,Pago,fk_invalida:matricula_id
16801,1401,2025-07-01,199,2025-03-07,2025-02-07,Pago,fk_invalida:matricula_id
16814,1402,2025-08-01,699,2025-02-08,2025-10-08,Pago,fk_invalida:matricula_id
16815,1402,2025-09-01,109,2025-01-09,2025-03-09,Pago,fk_invalida:matricula_id
16816,1402,2025-10-01,399,2025-04-10,2025-03-10,Pago,fk_invalida:matricula_id
16840,1404,2025-10-01,399,2025-01-10,,Vencido,fk_invalida:matricula_id
16848,1404,2026-06-01,149,2026-01-06,2026-08-06,Pago,fk_invalida:matricula_id
16852,1405,2025-10-01,109,2025-04-10,2025-01-10,Pago,fk_invalida:matricula_id
16856,1405,2026-02-01,399,2026-01-02,2026-10-02,Pago,fk_invalida:matricula_id
16857,1405,2026-03-01,35,2026-02-03,2026-06-03,Pago,fk_invalida:matricula_id
16858,1405,2026-04-01,99,2026-01-04,2026-09-04,Pago,fk_invalida:matricula_id
16862,1406,2025-08-01,35,2025-05-08,2025-08-08,Pago,fk_invalida:matricula_id
16863,1406,2025-09-01,109,2025-03-09,2025-10-09,Pago,fk_invalida:matricula_id
16871,1406,2026-05-01,399,2026-02-05,2026-10-05,Pago,fk_invalida:matricula_id
16873,1407,2025-07-01,399,2025-05-07,2025-11-07,Pago,fk_invalida:matricula_id
16875,1407,2025-09-01,399,2025-01-09,2025-03-09,Pago,fk_invalida:matricula_id
16887,1408,2025-09-01,99,2025-04-09,2025-05-09,Pago,fk_invalida:matricula_id
16889,1408,2025-11-01,699,2025-01-11,,Vencido,fk_invalida:matricula_id
16895,1408,2026-05-01,199,2026-02-05,2026-02-05,Pago,fk_invalida:matricula_id
16896,1408,2026-06-01,99,2026-01-06,2026-06-06,Pago,fk_invalida:matricula_id
16897,1409,2025-07-01,149,2025-06-07,2025-10-07,Pago,fk_invalida:matricula_id
16900,1409,2025-10-01,1199,2025-01-10,,Vencido,fk_invalida:matricula_id
16901,1409,2025-11-01,1199,2025-02-11,2025-01-11,Pago,fk_invalida:matricula_id
16903,1409,2026-01-01,149,2026-02-01,2026-02-01,Pago,fk_invalida:matricula_id
16907,1409,2026-05-01,99,2026-01-05,2026-06-05,Pago,fk_invalida:matricula_id
16916,1410,2026-02-01,1199,2026-01-02,2026-04-02,Pago,fk_invalida:matricula_id
16920,1410,2026-06-01,1199,2026-01-06,2026-04-06,Pago,fk_invalida:matricula_id
16921,1411,2025-07-01,99,2025-05-07,2025-02-07,Pago,fk_invalida:matricula_id
16922,1411,2025-08-01,699,2025-02-08,2025-09-08,Pago,fk_invalida:matricula_id
16931,1411,2026-05-01,109,2026-01-05,2026-11-05,Pago,fk_invalida:matricula_id
16934,1412,2025-08-01,1199,2025-04-08,2025-08-08,Pago,fk_invalida:matricula_id
16937,1412,2025-11-01,149,2025-03-11,2025-04-11,Pago,fk_invalida:matricula_id
16939,1412,2026-01-01,199,2026-02-01,2026-08-01,Pago,fk_invalida:matricula_id
16942,1412,2026-04-01,699,2026-02-04,2026-04-04,Pago,fk_invalida:matricula_id
16946,1413,2025-08-01,149,2025-01-08,2025-01-08,Pago,fk_invalida:matricula_id
16948,1413,2025-10-01,399,2025-03-10,2025-08-10,Pago,fk_invalida:matricula_id
16959,1414,2025-09-01,1199,2025-04-09,2025-08-09,Pago,fk_invalida:matricula_id
16960,1414,2025-10-01,99,2025-04-10,2025-11-10,Pago,fk_invalida:matricula_id
16961,1414,2025-11-01,109,2025-03-11,2025-03-11,Pago,fk_invalida:matricula_id
16963,1414,2026-01-01,199,2026-01-01,2026-05-01,Pago,fk_invalida:matricula_id
16964,1414,2026-02-01,109,2026-01-02,2026-11-02,Pago,fk_invalida:matricula_id
16969,1415,2025-07-01,399,2025-04-07,2025-09-07,Pago,fk_invalida:matricula_id
16972,1415,2025-10-01,99,2025-03-10,2025-10-10,Pago,fk_invalida:matricula_id
16973,1415,2025-11-01,149,2025-03-11,2025-04-11,Pago,fk_invalida:matricula_id
16975,1415,2026-01-01,149,2026-01-01,2026-10-01,Pago,fk_invalida:matricula_id
16977,1415,2026-03-01,699,2026-02-03,2026-02-03,Pago,fk_invalida:matricula_id
16982,1416,2025-08-01,149,2025-02-08,2025-04-08,Pago,fk_invalida:matricula_id
16983,1416,2025-09-01,199,2025-04-09,2025-01-09,Pago,fk_invalida:matricula_id
16985,1416,2025-11-01,399,2025-03-11,,Vencido,fk_invalida:matricula_id
16989,1416,2026-03-01,99,2026-01-03,,Vencido,fk_invalida:matricula_id
16993,1417,2025-07-01,99,2025-01-07,,Vencido,fk_invalida:matricula_id
16998,1417,2025-12-01,199,2025-02-12,2025-01-12,Pago,fk_invalida:matricula_id
17005,1418,2025-07-01,199,2025-01-07,2025-04-07,Pago,fk_invalida:matricula_id
17006,1418,2025-08-01,149,2025-02-08,2025-02-08,Pago,fk_invalida:matricula_id
17008,1418,2025-10-01,109,2025-01-10,2025-08-10,Pago,fk_invalida:matricula_id
17010,1418,2025-12-01,99,2025-01-12,2025-03-12,Pago,fk_invalida:matricula_id
17015,1418,2026-05-01,109,2026-01-05,2026-06-05,Pago,fk_invalida:matricula_id
17017,1419,2025-07-01,149,2025-05-07,,Vencido,fk_invalida:matricula_id
17018,1419,2025-08-01,199,2025-04-08,2025-01-08,Pago,fk_invalida:matricula_id
17019,1419,2025-09-01,699,2025-04-09,2025-02-09,Pago,fk_invalida:matricula_id
17022,1419,2025-12-01,149,2025-02-12,2025-02-12,Pago,fk_invalida:matricula_id
17023,1419,2026-01-01,35,2026-02-01,2026-10-01,Pago,fk_invalida:matricula_id
17030,1420,2025-08-01,149,2025-01-08,2025-01-08,Pago,fk_invalida:matricula_id
17032,1420,2025-10-01,699,2025-03-10,2025-05-10,Pago,fk_invalida:matricula_id
17034,1420,2025-12-01,99,2025-03-12,2025-05-12,Pago,fk_invalida:matricula_id
17037,1420,2026-03-01,109,2026-03-03,2026-04-03,Pago,fk_invalida:matricula_id
17038,1420,2026-04-01,199,2026-01-04,2026-01-04,Pago,fk_invalida:matricula_id
17041,1421,2025-07-01,109,2025-03-07,2025-10-07,Pago,fk_invalida:matricula_id
17043,1421,2025-09-01,35,2025-03-09,2025-08-09,Pago,fk_invalida:matricula_id
17046,1421,2025-12-01,699,2025-01-12,,Vencido,fk_invalida:matricula_id
17053,1422,2025-07-01,109,2025-02-07,2025-03-07,Pago,fk_invalida:matricula_id
17057,1422,2025-11-01,399,2025-01-11,2025-11-11,Pago,fk_invalida:matricula_id
17059,1422,2026-01-01,399,2026-02-01,2026-05-01,Pago,fk_invalida:matricula_id
17062,1422,2026-04-01,99,2026-01-04,2026-04-04,Pago,fk_invalida:matricula_id
17063,1422,2026-05-01,35,2026-02-05,2026-08-05,Pago,fk_invalida:matricula_id
17066,1423,2025-08-01,99,2025-04-08,2025-05-08,Pago,fk_invalida:matricula_id
17067,1423,2025-09-01,699,2025-02-09,2025-05-09,Pago,fk_invalida:matricula_id
17068,1423,2025-10-01,35,2025-03-10,2025-05-10,Pago,fk_invalida:matricula_id
17070,1423,2025-12-01,699,2025-02-12,2025-09-12,Pago,fk_invalida:matricula_id
17077,1424,2025-07-01,99,2025-03-07,2025-09-07,Pago,fk_invalida:matricula_id
17080,1424,2025-10-01,109,2025-01-10,2025-03-10,Pago,fk_invalida:matricula_id
17088,1424,2026-06-01,149,2026-01-06,2026-04-06,Pago,fk_invalida:matricula_id
17092,1425,2025-10-01,99,2025-03-10,2025-12-10,Pago,fk_invalida:matricula_id
17097,1425,2026-03-01,109,2026-02-03,2026-02-03,Pago,fk_invalida:matricula_id
17099,1425,2026-05-01,699,2026-02-05,2026-04-05,Pago,fk_invalida:matricula_id
17101,1426,2025-07-01,199,2025-01-07,,Vencido,fk_invalida:matricula_id
17102,1426,2025-08-01,199,2025-02-08,2025-12-08,Pago,fk_invalida:matricula_id
17103,1426,2025-09-01,199,2025-03-09,2025-10-09,Pago,fk_invalida:matricula_id
17104,1426,2025-10-01,199,2025-02-10,2025-02-10,Pago,fk_invalida:matricula_id
17107,1426,2026-01-01,699,2026-02-01,,Vencido,fk_invalida:matricula_id
17110,1426,2026-04-01,109,2026-01-04,2026-06-04,Pago,fk_invalida:matricula_id
17113,1427,2025-07-01,699,2025-05-07,2025-02-07,Pago,fk_invalida:matricula_id
17114,1427,2025-08-01,1199,2025-03-08,,Vencido,fk_invalida:matricula_id
17115,1427,2025-09-01,109,2025-01-09,2025-02-09,Pago,fk_invalida:matricula_id
17117,1427,2025-11-01,399,2025-03-11,2025-05-11,Pago,fk_invalida:matricula_id
17118,1427,2025-12-01,109,2025-03-12,2025-05-12,Pago,fk_invalida:matricula_id
17119,1427,2026-01-01,199,2026-02-01,2026-10-01,Pago,fk_invalida:matricula_id
17121,1427,2026-03-01,199,2026-01-03,,Vencido,fk_invalida:matricula_id
17123,1427,2026-05-01,1199,2026-01-05,2026-06-05,Pago,fk_invalida:matricula_id
17125,1428,2025-07-01,99,2025-02-07,2025-03-07,Pago,fk_invalida:matricula_id
17130,1428,2025-12-01,1199,2025-01-12,2025-12-12,Pago,fk_invalida:matricula_id
17135,1428,2026-05-01,1199,2026-01-05,2026-05-05,Pago,fk_invalida:matricula_id
17137,1429,2025-07-01,109,2025-03-07,2025-03-07,Pago,fk_invalida:matricula_id
17142,1429,2025-12-01,99,2025-01-12,2025-07-12,Pago,fk_invalida:matricula_id
17149,1430,2025-07-01,109,2025-02-07,2025-04-07,Pago,fk_invalida:matricula_id
17150,1430,2025-08-01,399,2025-04-08,2025-12-08,Pago,fk_invalida:matricula_id
17154,1430,2025-12-01,35,2025-03-12,2025-06-12,Pago,fk_invalida:matricula_id
17155,1430,2026-01-01,199,2026-01-01,2026-04-01,Pago,fk_invalida:matricula_id
17163,1431,2025-09-01,109,2025-04-09,2025-04-09,Pago,fk_invalida:matricula_id
17164,1431,2025-10-01,1199,2025-01-10,2025-09-10,Pago,fk_invalida:matricula_id
17166,1431,2025-12-01,149,2025-01-12,,Vencido,fk_invalida:matricula_id
17173,1432,2025-07-01,149,2025-06-07,2025-06-07,Pago,fk_invalida:matricula_id
17174,1432,2025-08-01,1199,2025-03-08,,Vencido,fk_invalida:matricula_id
17176,1432,2025-10-01,109,2025-04-10,2025-10-10,Pago,fk_invalida:matricula_id
17179,1432,2026-01-01,149,2026-01-01,2026-10-01,Pago,fk_invalida:matricula_id
17180,1432,2026-02-01,1199,2026-01-02,2026-04-02,Pago,fk_invalida:matricula_id
17181,1432,2026-03-01,99,2026-01-03,2026-11-03,Pago,fk_invalida:matricula_id
17186,1433,2025-08-01,99,2025-04-08,2025-10-08,Pago,fk_invalida:matricula_id
17188,1433,2025-10-01,99,2025-02-10,2025-11-10,Pago,fk_invalida:matricula_id
17189,1433,2025-11-01,1199,2025-01-11,,Vencido,fk_invalida:matricula_id
17200,1434,2025-10-01,35,2025-02-10,2025-08-10,Pago,fk_invalida:matricula_id
17201,1434,2025-11-01,399,2025-02-11,2025-07-11,Pago,fk_invalida:matricula_id
17202,1434,2025-12-01,1199,2025-02-12,2025-08-12,Pago,fk_invalida:matricula_id
17206,1434,2026-04-01,149,2026-01-04,,Vencido,fk_invalida:matricula_id
17209,1435,2025-07-01,1199,2025-03-07,2025-04-07,Pago,fk_invalida:matricula_id
17210,1435,2025-08-01,149,2025-04-08,,Vencido,fk_invalida:matricula_id
17211,1435,2025-09-01,109,2025-03-09,2025-12-09,Pago,fk_invalida:matricula_id
17224,1436,2025-10-01,149,2025-01-10,2025-02-10,Pago,fk_invalida:matricula_id
17233,1437,2025-07-01,35,2025-04-07,2025-06-07,Pago,fk_invalida:matricula_id
17234,1437,2025-08-01,199,2025-02-08,,Vencido,fk_invalida:matricula_id
17237,1437,2025-11-01,199,2025-01-11,2025-12-11,Pago,fk_invalida:matricula_id
17240,1437,2026-02-01,199,2026-01-02,2026-04-02,Pago,fk_invalida:matricula_id
17245,1438,2025-07-01,1199,2025-01-07,2025-10-07,Pago,fk_invalida:matricula_id
17247,1438,2025-09-01,149,2025-02-09,2025-02-09,Pago,fk_invalida:matricula_id
17253,1438,2026-03-01,699,2026-01-03,2026-09-03,Pago,fk_invalida:matricula_id
17267,1439,2026-05-01,109,2026-01-05,2026-06-05,Pago,fk_invalida:matricula_id
17269,1440,2025-07-01,1199,2025-04-07,2025-01-07,Pago,fk_invalida:matricula_id
17270,1440,2025-08-01,699,2025-01-08,2025-05-08,Pago,fk_invalida:matricula_id
17271,1440,2025-09-01,199,2025-04-09,2025-03-09,Pago,fk_invalida:matricula_id
17272,1440,2025-10-01,399,2025-02-10,2025-04-10,Pago,fk_invalida:matricula_id
17274,1440,2025-12-01,199,2025-01-12,2025-04-12,Pago,fk_invalida:matricula_id
17278,1440,2026-04-01,109,2026-01-04,2026-03-04,Pago,fk_invalida:matricula_id
17282,1441,2025-08-01,199,2025-02-08,2025-12-08,Pago,fk_invalida:matricula_id
17283,1441,2025-09-01,699,2025-04-09,2025-06-09,Pago,fk_invalida:matricula_id
17284,1441,2025-10-01,109,2025-02-10,2025-12-10,Pago,fk_invalida:matricula_id
17285,1441,2025-11-01,699,2025-03-11,2025-09-11,Pago,fk_invalida:matricula_id
17286,1441,2025-12-01,99,2025-01-12,2025-01-12,Pago,fk_invalida:matricula_id
17293,1442,2025-07-01,149,2025-02-07,2025-03-07,Pago,fk_invalida:matricula_id
17294,1442,2025-08-01,99,2025-01-08,2025-11-08,Pago,fk_invalida:matricula_id
17305,1443,2025-07-01,109,2025-02-07,2025-01-07,Pago,fk_invalida:matricula_id
17306,1443,2025-08-01,149,2025-02-08,2025-02-08,Pago,fk_invalida:matricula_id
17310,1443,2025-12-01,1199,2025-03-12,2025-05-12,Pago,fk_invalida:matricula_id
17311,1443,2026-01-01,99,2026-01-01,,Vencido,fk_invalida:matricula_id
17312,1443,2026-02-01,99,2026-01-02,,Vencido,fk_invalida:matricula_id
17316,1443,2026-06-01,109,2026-01-06,,Vencido,fk_invalida:matricula_id
17317,1444,2025-07-01,699,2025-05-07,2025-05-07,Pago,fk_invalida:matricula_id
17319,1444,2025-09-01,1199,2025-02-09,,Vencido,fk_invalida:matricula_id
17320,1444,2025-10-01,99,2025-03-10,2025-05-10,Pago,fk_invalida:matricula_id
17326,1444,2026-04-01,149,2026-02-04,2026-10-04,Pago,fk_invalida:matricula_id
17328,1444,2026-06-01,399,2026-01-06,2026-07-06,Pago,fk_invalida:matricula_id
17329,1445,2025-07-01,199,2025-03-07,,Vencido,fk_invalida:matricula_id
17330,1445,2025-08-01,149,2025-05-08,2025-04-08,Pago,fk_invalida:matricula_id
17331,1445,2025-09-01,399,2025-04-09,2025-04-09,Pago,fk_invalida:matricula_id
17332,1445,2025-10-01,399,2025-02-10,2025-08-10,Pago,fk_invalida:matricula_id
17335,1445,2026-01-01,199,2026-01-01,2026-12-01,Pago,fk_invalida:matricula_id
17342,1446,2025-08-01,699,2025-03-08,2025-04-08,Pago,fk_invalida:matricula_id
17344,1446,2025-10-01,399,2025-03-10,2025-02-10,Pago,fk_invalida:matricula_id
17354,1447,2025-08-01,399,2025-04-08,2025-08-08,Pago,fk_invalida:matricula_id
17357,1447,2025-11-01,99,2025-01-11,,Vencido,fk_invalida:matricula_id
17360,1447,2026-02-01,35,2026-01-02,,Vencido,fk_invalida:matricula_id
17364,1447,2026-06-01,1199,2026-01-06,,Vencido,fk_invalida:matricula_id
17366,1448,2025-08-01,99,2025-05-08,2025-08-08,Pago,fk_invalida:matricula_id
17367,1448,2025-09-01,99,2025-01-09,2025-03-09,Pago,fk_invalida:matricula_id
17370,1448,2025-12-01,109,2025-03-12,2025-09-12,Pago,fk_invalida:matricula_id
17371,1448,2026-01-01,35,2026-01-01,2026-05-01,Pago,fk_invalida:matricula_id
17377,1449,2025-07-01,35,2025-04-07,2025-11-07,Pago,fk_invalida:matricula_id
17378,1449,2025-08-01,399,2025-03-08,2025-01-08,Pago,fk_invalida:matricula_id
17380,1449,2025-10-01,199,2025-01-10,2025-10-10,Pago,fk_invalida:matricula_id
17381,1449,2025-11-01,699,2025-03-11,2025-08-11,Pago,fk_invalida:matricula_id
17385,1449,2026-03-01,149,2026-03-03,2026-11-03,Pago,fk_invalida:matricula_id
17390,1450,2025-08-01,1199,2025-01-08,2025-12-08,Pago,fk_invalida:matricula_id
17396,1450,2026-02-01,149,2026-01-02,2026-05-02,Pago,fk_invalida:matricula_id
17399,1450,2026-05-01,199,2026-02-05,2026-07-05,Pago,fk_invalida:matricula_id
17402,1451,2025-08-01,199,2025-04-08,2025-04-08,Pago,fk_invalida:matricula_id
17403,1451,2025-09-01,149,2025-04-09,2025-07-09,Pago,fk_invalida:matricula_id
17414,1452,2025-08-01,399,2025-04-08,2025-04-08,Pago,fk_invalida:matricula_id
17416,1452,2025-10-01,1199,2025-01-10,,Vencido,fk_invalida:matricula_id
17429,1453,2025-11-01,99,2025-01-11,2025-12-11,Pago,fk_invalida:matricula_id
17437,1454,2025-07-01,1199,2025-01-07,,Vencido,fk_invalida:matricula_id
17438,1454,2025-08-01,109,2025-05-08,,Vencido,fk_invalida:matricula_id
17447,1454,2026-05-01,99,2026-02-05,2026-01-05,Pago,fk_invalida:matricula_id
17452,1455,2025-10-01,35,2025-02-10,2025-12-10,Pago,fk_invalida:matricula_id
17455,1455,2026-01-01,399,2026-01-01,2026-11-01,Pago,fk_invalida:matricula_id
17461,1456,2025-07-01,399,2025-05-07,2025-03-07,Pago,fk_invalida:matricula_id
17462,1456,2025-08-01,199,2025-03-08,2025-10-08,Pago,fk_invalida:matricula_id
17463,1456,2025-09-01,99,2025-03-09,2025-12-09,Pago,fk_invalida:matricula_id
17464,1456,2025-10-01,399,2025-02-10,2025-09-10,Pago,fk_invalida:matricula_id
17467,1456,2026-01-01,199,2026-02-01,2026-09-01,Pago,fk_invalida:matricula_id
17469,1456,2026-03-01,149,2026-02-03,2026-04-03,Pago,fk_invalida:matricula_id
17474,1457,2025-08-01,399,2025-05-08,2025-12-08,Pago,fk_invalida:matricula_id
17476,1457,2025-10-01,199,2025-02-10,2025-07-10,Pago,fk_invalida:matricula_id
17480,1457,2026-02-01,149,2026-01-02,2026-05-02,Pago,fk_invalida:matricula_id
17485,1458,2025-07-01,399,2025-01-07,2025-02-07,Pago,fk_invalida:matricula_id
17486,1458,2025-08-01,199,2025-05-08,2025-05-08,Pago,fk_invalida:matricula_id
17490,1458,2025-12-01,99,2025-02-12,2025-06-12,Pago,fk_invalida:matricula_id
17491,1458,2026-01-01,699,2026-02-01,2026-07-01,Pago,fk_invalida:matricula_id
17493,1458,2026-03-01,149,2026-01-03,2026-01-03,Pago,fk_invalida:matricula_id
17494,1458,2026-04-01,399,2026-01-04,2026-06-04,Pago,fk_invalida:matricula_id
17502,1459,2025-12-01,1199,2025-02-12,2025-04-12,Pago,fk_invalida:matricula_id
17505,1459,2026-03-01,149,2026-01-03,,Vencido,fk_invalida:matricula_id
17506,1459,2026-04-01,199,2026-01-04,,Vencido,fk_invalida:matricula_id
17510,1460,2025-08-01,199,2025-01-08,2025-04-08,Pago,fk_invalida:matricula_id
17511,1460,2025-09-01,399,2025-04-09,2025-12-09,Pago,fk_invalida:matricula_id
17522,1461,2025-08-01,109,2025-01-08,,Vencido,fk_invalida:matricula_id
17523,1461,2025-09-01,109,2025-02-09,2025-03-09,Pago,fk_invalida:matricula_id
17526,1461,2025-12-01,399,2025-01-12,2025-10-12,Pago,fk_invalida:matricula_id
17529,1461,2026-03-01,699,2026-03-03,,Vencido,fk_invalida:matricula_id
17530,1461,2026-04-01,199,2026-02-04,2026-10-04,Pago,fk_invalida:matricula_id
17541,1462,2026-03-01,199,2026-03-03,2026-03-03,Pago,fk_invalida:matricula_id
17545,1463,2025-07-01,1199,2025-05-07,2025-06-07,Pago,fk_invalida:matricula_id
17546,1463,2025-08-01,99,2025-04-08,,Vencido,fk_invalida:matricula_id
17548,1463,2025-10-01,199,2025-01-10,2025-06-10,Pago,fk_invalida:matricula_id
17551,1463,2026-01-01,35,2026-02-01,2026-12-01,Pago,fk_invalida:matricula_id
17553,1463,2026-03-01,35,2026-02-03,2026-07-03,Pago,fk_invalida:matricula_id
17559,1464,2025-09-01,1199,2025-04-09,2025-11-09,Pago,fk_invalida:matricula_id
17562,1464,2025-12-01,35,2025-02-12,,Vencido,fk_invalida:matricula_id
17565,1464,2026-03-01,109,2026-03-03,2026-01-03,Pago,fk_invalida:matricula_id
17570,1465,2025-08-01,399,2025-01-08,2025-09-08,Pago,fk_invalida:matricula_id
17574,1465,2025-12-01,109,2025-03-12,2025-07-12,Pago,fk_invalida:matricula_id
17576,1465,2026-02-01,199,2026-01-02,,Vencido,fk_invalida:matricula_id
17577,1465,2026-03-01,199,2026-03-03,2026-10-03,Pago,fk_invalida:matricula_id
17581,1466,2025-07-01,699,2025-06-07,2025-09-07,Pago,fk_invalida:matricula_id
17582,1466,2025-08-01,699,2025-05-08,2025-02-08,Pago,fk_invalida:matricula_id
17585,1466,2025-11-01,199,2025-02-11,2025-09-11,Pago,fk_invalida:matricula_id
17589,1466,2026-03-01,399,2026-02-03,,Vencido,fk_invalida:matricula_id
17593,1467,2025-07-01,399,2025-06-07,2025-04-07,Pago,fk_invalida:matricula_id
17594,1467,2025-08-01,109,2025-05-08,2025-07-08,Pago,fk_invalida:matricula_id
17596,1467,2025-10-01,399,2025-01-10,2025-07-10,Pago,fk_invalida:matricula_id
17597,1467,2025-11-01,35,2025-02-11,2025-05-11,Pago,fk_invalida:matricula_id
17598,1467,2025-12-01,199,2025-03-12,2025-09-12,Pago,fk_invalida:matricula_id
17602,1467,2026-04-01,199,2026-01-04,2026-12-04,Pago,fk_invalida:matricula_id
17608,1468,2025-10-01,149,2025-01-10,2025-06-10,Pago,fk_invalida:matricula_id
17609,1468,2025-11-01,1199,2025-03-11,,Vencido,fk_invalida:matricula_id
17611,1468,2026-01-01,399,2026-01-01,2026-10-01,Pago,fk_invalida:matricula_id
17614,1468,2026-04-01,149,2026-02-04,2026-09-04,Pago,fk_invalida:matricula_id
17617,1469,2025-07-01,399,2025-04-07,2025-11-07,Pago,fk_invalida:matricula_id
17622,1469,2025-12-01,35,2025-02-12,2025-09-12,Pago,fk_invalida:matricula_id
17623,1469,2026-01-01,399,2026-02-01,2026-01-01,Pago,fk_invalida:matricula_id
17627,1469,2026-05-01,35,2026-01-05,2026-12-05,Pago,fk_invalida:matricula_id
17630,1470,2025-08-01,149,2025-05-08,2025-03-08,Pago,fk_invalida:matricula_id
17635,1470,2026-01-01,1199,2026-02-01,,Vencido,fk_invalida:matricula_id
17636,1470,2026-02-01,149,2026-01-02,2026-06-02,Pago,fk_invalida:matricula_id
17639,1470,2026-05-01,109,2026-02-05,2026-11-05,Pago,fk_invalida:matricula_id
17641,1471,2025-07-01,699,2025-03-07,2025-03-07,Pago,fk_invalida:matricula_id
17645,1471,2025-11-01,109,2025-03-11,2025-12-11,Pago,fk_invalida:matricula_id
17650,1471,2026-04-01,35,2026-01-04,2026-02-04,Pago,fk_invalida:matricula_id
17665,1473,2025-07-01,199,2025-05-07,2025-12-07,Pago,fk_invalida:matricula_id
17667,1473,2025-09-01,399,2025-03-09,2025-10-09,Pago,fk_invalida:matricula_id
17673,1473,2026-03-01,99,2026-03-03,2026-06-03,Pago,fk_invalida:matricula_id
17676,1473,2026-06-01,199,2026-01-06,2026-04-06,Pago,fk_invalida:matricula_id
17677,1474,2025-07-01,149,2025-03-07,,Vencido,fk_invalida:matricula_id
17678,1474,2025-08-01,35,2025-01-08,2025-10-08,Pago,fk_invalida:matricula_id
17682,1474,2025-12-01,699,2025-01-12,2025-09-12,Pago,fk_invalida:matricula_id
17689,1475,2025-07-01,199,2025-05-07,,Vencido,fk_invalida:matricula_id
17702,1476,2025-08-01,99,2025-04-08,2025-05-08,Pago,fk_invalida:matricula_id
17703,1476,2025-09-01,149,2025-04-09,2025-12-09,Pago,fk_invalida:matricula_id
17708,1476,2026-02-01,399,2026-01-02,2026-08-02,Pago,fk_invalida:matricula_id
17710,1476,2026-04-01,35,2026-02-04,2026-08-04,Pago,fk_invalida:matricula_id
17719,1477,2026-01-01,35,2026-01-01,,Vencido,fk_invalida:matricula_id
17721,1477,2026-03-01,99,2026-03-03,,Vencido,fk_invalida:matricula_id
17724,1477,2026-06-01,99,2026-01-06,2026-07-06,Pago,fk_invalida:matricula_id
17726,1478,2025-08-01,1199,2025-05-08,2025-03-08,Pago,fk_invalida:matricula_id
17728,1478,2025-10-01,399,2025-01-10,,Vencido,fk_invalida:matricula_id
17730,1478,2025-12-01,199,2025-02-12,2025-10-12,Pago,fk_invalida:matricula_id
17746,1479,2026-04-01,199,2026-02-04,2026-08-04,Pago,fk_invalida:matricula_id
17747,1479,2026-05-01,149,2026-01-05,2026-05-05,Pago,fk_invalida:matricula_id
17753,1480,2025-11-01,699,2025-01-11,,Vencido,fk_invalida:matricula_id
17756,1480,2026-02-01,109,2026-01-02,2026-04-02,Pago,fk_invalida:matricula_id
17762,1481,2025-08-01,99,2025-05-08,2025-05-08,Pago,fk_invalida:matricula_id
17773,1482,2025-07-01,149,2025-05-07,2025-08-07,Pago,fk_invalida:matricula_id
17780,1482,2026-02-01,399,2026-01-02,2026-12-02,Pago,fk_invalida:matricula_id
17781,1482,2026-03-01,109,2026-03-03,2026-06-03,Pago,fk_invalida:matricula_id
17786,1483,2025-08-01,35,2025-02-08,2025-11-08,Pago,fk_invalida:matricula_id
17787,1483,2025-09-01,35,2025-04-09,,Vencido,fk_invalida:matricula_id
17789,1483,2025-11-01,149,2025-03-11,2025-04-11,Pago,fk_invalida:matricula_id
17793,1483,2026-03-01,699,2026-02-03,,Vencido,fk_invalida:matricula_id
17797,1484,2025-07-01,35,2025-01-07,2025-09-07,Pago,fk_invalida:matricula_id
17798,1484,2025-08-01,399,2025-02-08,2025-06-08,Pago,fk_invalida:matricula_id
17799,1484,2025-09-01,109,2025-01-09,2025-03-09,Pago,fk_invalida:matricula_id
17811,1485,2025-09-01,99,2025-04-09,2025-04-09,Pago,fk_invalida:matricula_id
17813,1485,2025-11-01,1199,2025-01-11,2025-08-11,Pago,fk_invalida:matricula_id
17815,1485,2026-01-01,699,2026-02-01,2026-09-01,Pago,fk_invalida:matricula_id
17821,1486,2025-07-01,199,2025-04-07,2025-04-07,Pago,fk_invalida:matricula_id
17822,1486,2025-08-01,35,2025-01-08,2025-05-08,Pago,fk_invalida:matricula_id
17824,1486,2025-10-01,699,2025-03-10,2025-06-10,Pago,fk_invalida:matricula_id
17826,1486,2025-12-01,149,2025-01-12,2025-01-12,Pago,fk_invalida:matricula_id
17829,1486,2026-03-01,399,2026-02-03,2026-02-03,Pago,fk_invalida:matricula_id
17833,1487,2025-07-01,35,2025-04-07,,Vencido,fk_invalida:matricula_id
17839,1487,2026-01-01,109,2026-01-01,2026-02-01,Pago,fk_invalida:matricula_id
17843,1487,2026-05-01,109,2026-02-05,2026-09-05,Pago,fk_invalida:matricula_id
17844,1487,2026-06-01,199,2026-01-06,2026-12-06,Pago,fk_invalida:matricula_id
17848,1488,2025-10-01,399,2025-01-10,2025-08-10,Pago,fk_invalida:matricula_id
17857,1489,2025-07-01,35,2025-03-07,2025-09-07,Pago,fk_invalida:matricula_id
17858,1489,2025-08-01,109,2025-02-08,2025-04-08,Pago,fk_invalida:matricula_id
17862,1489,2025-12-01,149,2025-02-12,2025-06-12,Pago,fk_invalida:matricula_id
17865,1489,2026-03-01,699,2026-01-03,,Vencido,fk_invalida:matricula_id
17871,1490,2025-09-01,99,2025-01-09,2025-10-09,Pago,fk_invalida:matricula_id
17881,1491,2025-07-01,399,2025-06-07,2025-04-07,Pago,fk_invalida:matricula_id
17883,1491,2025-09-01,1199,2025-02-09,2025-03-09,Pago,fk_invalida:matricula_id
17885,1491,2025-11-01,199,2025-02-11,2025-06-11,Pago,fk_invalida:matricula_id
17886,1491,2025-12-01,399,2025-03-12,2025-11-12,Pago,fk_invalida:matricula_id
17887,1491,2026-01-01,1199,2026-02-01,,Vencido,fk_invalida:matricula_id
17888,1491,2026-02-01,149,2026-01-02,2026-07-02,Pago,fk_invalida:matricula_id
17889,1491,2026-03-01,99,2026-03-03,2026-01-03,Pago,fk_invalida:matricula_id
17891,1491,2026-05-01,199,2026-02-05,,Vencido,fk_invalida:matricula_id
17898,1492,2025-12-01,399,2025-02-12,2025-08-12,Pago,fk_invalida:matricula_id
17905,1493,2025-07-01,109,2025-03-07,2025-10-07,Pago,fk_invalida:matricula_id
17908,1493,2025-10-01,99,2025-02-10,2025-06-10,Pago,fk_invalida:matricula_id
17913,1493,2026-03-01,99,2026-03-03,2026-09-03,Pago,fk_invalida:matricula_id
17917,1494,2025-07-01,35,2025-04-07,,Vencido,fk_invalida:matricula_id
17918,1494,2025-08-01,699,2025-03-08,2025-10-08,Pago,fk_invalida:matricula_id
17922,1494,2025-12-01,35,2025-01-12,2025-09-12,Pago,fk_invalida:matricula_id
17930,1495,2025-08-01,149,2025-01-08,2025-06-08,Pago,fk_invalida:matricula_id
17931,1495,2025-09-01,35,2025-03-09,2025-03-09,Pago,fk_invalida:matricula_id
17934,1495,2025-12-01,199,2025-02-12,2025-04-12,Pago,fk_invalida:matricula_id
17935,1495,2026-01-01,699,2026-01-01,2026-08-01,Pago,fk_invalida:matricula_id
17939,1495,2026-05-01,35,2026-01-05,2026-08-05,Pago,fk_invalida:matricula_id
17941,1496,2025-07-01,699,2025-04-07,2025-12-07,Pago,fk_invalida:matricula_id
17942,1496,2025-08-01,399,2025-01-08,2025-07-08,Pago,fk_invalida:matricula_id
17943,1496,2025-09-01,109,2025-01-09,,Vencido,fk_invalida:matricula_id
17945,1496,2025-11-01,699,2025-03-11,2025-08-11,Pago,fk_invalida:matricula_id
17953,1497,2025-07-01,109,2025-04-07,2025-04-07,Pago,fk_invalida:matricula_id
17955,1497,2025-09-01,699,2025-04-09,2025-08-09,Pago,fk_invalida:matricula_id
17957,1497,2025-11-01,199,2025-03-11,2025-04-11,Pago,fk_invalida:matricula_id
17959,1497,2026-01-01,149,2026-02-01,2026-03-01,Pago,fk_invalida:matricula_id
17961,1497,2026-03-01,1199,2026-03-03,2026-08-03,Pago,fk_invalida:matricula_id
17967,1498,2025-09-01,35,2025-03-09,2025-02-09,Pago,fk_invalida:matricula_id
17989,1500,2025-07-01,149,2025-04-07,2025-06-07,Pago,fk_invalida:matricula_id
17990,1500,2025-08-01,399,2025-03-08,,Vencido,fk_invalida:matricula_id
17991,1500,2025-09-01,35,2025-04-09,2025-05-09,Pago,fk_invalida:matricula_id
17992,1500,2025-10-01,199,2025-02-10,,Vencido,fk_invalida:matricula_id
17998,1500,2026-04-01,699,2026-01-04,2026-05-04,Pago,fk_invalida:matricula_id
18001,1501,2025-07-01,1199,2025-02-07,2025-11-07,Pago,fk_invalida:matricula_id
18003,1501,2025-09-01,109,2025-03-09,2025-06-09,Pago,fk_invalida:matricula_id
18009,1501,2026-03-01,1199,2026-01-03,2026-05-03,Pago,fk_invalida:matricula_id
18011,1501,2026-05-01,199,2026-02-05,,Vencido,fk_invalida:matricula_id
18012,1501,2026-06-01,199,2026-01-06,2026-01-06,Pago,fk_invalida:matricula_id
18013,1502,2025-07-01,399,2025-02-07,2025-02-07,Pago,fk_invalida:matricula_id
18014,1502,2025-08-01,1199,2025-04-08,2025-02-08,Pago,fk_invalida:matricula_id
18017,1502,2025-11-01,109,2025-01-11,2025-04-11,Pago,fk_invalida:matricula_id
18018,1502,2025-12-01,699,2025-03-12,2025-10-12,Pago,fk_invalida:matricula_id
18025,1503,2025-07-01,199,2025-03-07,2025-03-07,Pago,fk_invalida:matricula_id
18026,1503,2025-08-01,699,2025-05-08,2025-03-08,Pago,fk_invalida:matricula_id
18027,1503,2025-09-01,699,2025-03-09,2025-06-09,Pago,fk_invalida:matricula_id
18028,1503,2025-10-01,35,2025-03-10,,Vencido,fk_invalida:matricula_id
18037,1504,2025-07-01,149,2025-05-07,2025-09-07,Pago,fk_invalida:matricula_id
18038,1504,2025-08-01,99,2025-02-08,2025-09-08,Pago,fk_invalida:matricula_id
18039,1504,2025-09-01,35,2025-04-09,2025-05-09,Pago,fk_invalida:matricula_id
18042,1504,2025-12-01,699,2025-02-12,2025-02-12,Pago,fk_invalida:matricula_id
18049,1505,2025-07-01,99,2025-03-07,2025-09-07,Pago,fk_invalida:matricula_id
18050,1505,2025-08-01,199,2025-03-08,2025-04-08,Pago,fk_invalida:matricula_id
18053,1505,2025-11-01,199,2025-02-11,,Vencido,fk_invalida:matricula_id
18061,1506,2025-07-01,699,2025-06-07,,Vencido,fk_invalida:matricula_id
18063,1506,2025-09-01,699,2025-02-09,2025-12-09,Pago,fk_invalida:matricula_id
18069,1506,2026-03-01,199,2026-01-03,2026-08-03,Pago,fk_invalida:matricula_id
18073,1507,2025-07-01,35,2025-06-07,2025-12-07,Pago,fk_invalida:matricula_id
18074,1507,2025-08-01,109,2025-01-08,2025-08-08,Pago,fk_invalida:matricula_id
18075,1507,2025-09-01,35,2025-03-09,2025-12-09,Pago,fk_invalida:matricula_id
18076,1507,2025-10-01,35,2025-01-10,,Vencido,fk_invalida:matricula_id
18078,1507,2025-12-01,1199,2025-02-12,2025-04-12,Pago,fk_invalida:matricula_id
18081,1507,2026-03-01,149,2026-01-03,2026-10-03,Pago,fk_invalida:matricula_id
18085,1508,2025-07-01,35,2025-04-07,2025-02-07,Pago,fk_invalida:matricula_id
18089,1508,2025-11-01,1199,2025-02-11,2025-06-11,Pago,fk_invalida:matricula_id
18095,1508,2026-05-01,699,2026-02-05,2026-01-05,Pago,fk_invalida:matricula_id
18098,1509,2025-08-01,1199,2025-05-08,2025-05-08,Pago,fk_invalida:matricula_id
18103,1509,2026-01-01,109,2026-02-01,2026-12-01,Pago,fk_invalida:matricula_id
18106,1509,2026-04-01,1199,2026-01-04,2026-12-04,Pago,fk_invalida:matricula_id
18109,1510,2025-07-01,199,2025-01-07,2025-04-07,Pago,fk_invalida:matricula_id
18110,1510,2025-08-01,199,2025-03-08,2025-02-08,Pago,fk_invalida:matricula_id
18111,1510,2025-09-01,199,2025-03-09,2025-05-09,Pago,fk_invalida:matricula_id
18112,1510,2025-10-01,109,2025-02-10,2025-07-10,Pago,fk_invalida:matricula_id
18113,1510,2025-11-01,199,2025-01-11,2025-12-11,Pago,fk_invalida:matricula_id
18114,1510,2025-12-01,109,2025-03-12,2025-04-12,Pago,fk_invalida:matricula_id
18115,1510,2026-01-01,1199,2026-02-01,2026-03-01,Pago,fk_invalida:matricula_id
18117,1510,2026-03-01,699,2026-01-03,2026-10-03,Pago,fk_invalida:matricula_id
18121,1511,2025-07-01,99,2025-03-07,2025-05-07,Pago,fk_invalida:matricula_id
18122,1511,2025-08-01,35,2025-04-08,2025-04-08,Pago,fk_invalida:matricula_id
18125,1511,2025-11-01,35,2025-02-11,2025-10-11,Pago,fk_invalida:matricula_id
18145,1513,2025-07-01,109,2025-02-07,2025-10-07,Pago,fk_invalida:matricula_id
18146,1513,2025-08-01,699,2025-01-08,2025-11-08,Pago,fk_invalida:matricula_id
18169,1515,2025-07-01,35,2025-03-07,2025-09-07,Pago,fk_invalida:matricula_id
18170,1515,2025-08-01,35,2025-04-08,2025-11-08,Pago,fk_invalida:matricula_id
18171,1515,2025-09-01,399,2025-04-09,2025-12-09,Pago,fk_invalida:matricula_id
18173,1515,2025-11-01,1199,2025-02-11,2025-11-11,Pago,fk_invalida:matricula_id
18174,1515,2025-12-01,199,2025-01-12,2025-02-12,Pago,fk_invalida:matricula_id
18177,1515,2026-03-01,149,2026-03-03,2026-04-03,Pago,fk_invalida:matricula_id
18179,1515,2026-05-01,399,2026-02-05,2026-03-05,Pago,fk_invalida:matricula_id
18181,1516,2025-07-01,399,2025-04-07,2025-04-07,Pago,fk_invalida:matricula_id
18183,1516,2025-09-01,699,2025-02-09,2025-05-09,Pago,fk_invalida:matricula_id
18187,1516,2026-01-01,199,2026-01-01,2026-07-01,Pago,fk_invalida:matricula_id
18194,1517,2025-08-01,99,2025-05-08,,Vencido,fk_invalida:matricula_id
18195,1517,2025-09-01,149,2025-02-09,2025-03-09,Pago,fk_invalida:matricula_id
18196,1517,2025-10-01,35,2025-04-10,2025-02-10,Pago,fk_invalida:matricula_id
18201,1517,2026-03-01,399,2026-03-03,2026-10-03,Pago,fk_invalida:matricula_id
18205,1518,2025-07-01,699,2025-03-07,2025-12-07,Pago,fk_invalida:matricula_id
18206,1518,2025-08-01,99,2025-04-08,2025-12-08,Pago,fk_invalida:matricula_id
18213,1518,2026-03-01,35,2026-02-03,2026-11-03,Pago,fk_invalida:matricula_id
18217,1519,2025-07-01,99,2025-06-07,,Vencido,fk_invalida:matricula_id
18218,1519,2025-08-01,99,2025-04-08,2025-05-08,Pago,fk_invalida:matricula_id
18221,1519,2025-11-01,109,2025-03-11,2025-01-11,Pago,fk_invalida:matricula_id
18222,1519,2025-12-01,199,2025-01-12,2025-03-12,Pago,fk_invalida:matricula_id
18229,1520,2025-07-01,109,2025-03-07,2025-03-07,Pago,fk_invalida:matricula_id
18231,1520,2025-09-01,699,2025-03-09,2025-05-09,Pago,fk_invalida:matricula_id
18234,1520,2025-12-01,149,2025-03-12,,Vencido,fk_invalida:matricula_id
18241,1521,2025-07-01,1199,2025-03-07,2025-09-07,Pago,fk_invalida:matricula_id
18244,1521,2025-10-01,699,2025-01-10,2025-01-10,Pago,fk_invalida:matricula_id
18245,1521,2025-11-01,399,2025-01-11,2025-08-11,Pago,fk_invalida:matricula_id
18246,1521,2025-12-01,109,2025-01-12,2025-12-12,Pago,fk_invalida:matricula_id
18250,1521,2026-04-01,699,2026-01-04,2026-02-04,Pago,fk_invalida:matricula_id
18251,1521,2026-05-01,109,2026-02-05,2026-03-05,Pago,fk_invalida:matricula_id
18254,1522,2025-08-01,399,2025-01-08,2025-03-08,Pago,fk_invalida:matricula_id
18255,1522,2025-09-01,399,2025-02-09,2025-07-09,Pago,fk_invalida:matricula_id
18257,1522,2025-11-01,199,2025-03-11,2025-09-11,Pago,fk_invalida:matricula_id
18259,1522,2026-01-01,109,2026-01-01,2026-12-01,Pago,fk_invalida:matricula_id
18261,1522,2026-03-01,699,2026-01-03,2026-01-03,Pago,fk_invalida:matricula_id
18263,1522,2026-05-01,99,2026-02-05,2026-06-05,Pago,fk_invalida:matricula_id
18264,1522,2026-06-01,399,2026-01-06,2026-08-06,Pago,fk_invalida:matricula_id
18266,1523,2025-08-01,109,2025-01-08,,Vencido,fk_invalida:matricula_id
18277,1524,2025-07-01,99,2025-05-07,2025-11-07,Pago,fk_invalida:matricula_id
18278,1524,2025-08-01,1199,2025-03-08,2025-06-08,Pago,fk_invalida:matricula_id
18280,1524,2025-10-01,699,2025-04-10,2025-01-10,Pago,fk_invalida:matricula_id
18281,1524,2025-11-01,1199,2025-01-11,2025-11-11,Pago,fk_invalida:matricula_id
18291,1525,2025-09-01,399,2025-04-09,2025-12-09,Pago,fk_invalida:matricula_id
18301,1526,2025-07-01,35,2025-05-07,2025-04-07,Pago,fk_invalida:matricula_id
18303,1526,2025-09-01,699,2025-04-09,,Vencido,fk_invalida:matricula_id
18308,1526,2026-02-01,1199,2026-01-02,2026-06-02,Pago,fk_invalida:matricula_id
18313,1527,2025-07-01,699,2025-05-07,2025-04-07,Pago,fk_invalida:matricula_id
18314,1527,2025-08-01,99,2025-03-08,2025-10-08,Pago,fk_invalida:matricula_id
18316,1527,2025-10-01,399,2025-01-10,2025-11-10,Pago,fk_invalida:matricula_id
18320,1527,2026-02-01,109,2026-01-02,2026-01-02,Pago,fk_invalida:matricula_id
18321,1527,2026-03-01,1199,2026-03-03,2026-03-03,Pago,fk_invalida:matricula_id
18324,1527,2026-06-01,199,2026-01-06,2026-04-06,Pago,fk_invalida:matricula_id
18328,1528,2025-10-01,699,2025-01-10,2025-11-10,Pago,fk_invalida:matricula_id
18329,1528,2025-11-01,149,2025-03-11,2025-03-11,Pago,fk_invalida:matricula_id
18339,1529,2025-09-01,199,2025-02-09,2025-06-09,Pago,fk_invalida:matricula_id
18343,1529,2026-01-01,1199,2026-01-01,2026-01-01,Pago,fk_invalida:matricula_id
18345,1529,2026-03-01,199,2026-02-03,,Vencido,fk_invalida:matricula_id
18347,1529,2026-05-01,699,2026-02-05,2026-02-05,Pago,fk_invalida:matricula_id
18349,1530,2025-07-01,149,2025-04-07,2025-11-07,Pago,fk_invalida:matricula_id
18354,1530,2025-12-01,399,2025-03-12,2025-12-12,Pago,fk_invalida:matricula_id
18358,1530,2026-04-01,109,2026-02-04,2026-04-04,Pago,fk_invalida:matricula_id
18361,1531,2025-07-01,399,2025-05-07,2025-07-07,Pago,fk_invalida:matricula_id
18362,1531,2025-08-01,109,2025-05-08,2025-06-08,Pago,fk_invalida:matricula_id
18363,1531,2025-09-01,699,2025-02-09,2025-09-09,Pago,fk_invalida:matricula_id
18369,1531,2026-03-01,399,2026-03-03,2026-06-03,Pago,fk_invalida:matricula_id
18373,1532,2025-07-01,199,2025-03-07,2025-01-07,Pago,fk_invalida:matricula_id
18383,1532,2026-05-01,399,2026-01-05,,Vencido,fk_invalida:matricula_id
18384,1532,2026-06-01,199,2026-01-06,,Vencido,fk_invalida:matricula_id
18386,1533,2025-08-01,699,2025-01-08,2025-03-08,Pago,fk_invalida:matricula_id
18389,1533,2025-11-01,1199,2025-02-11,2025-08-11,Pago,fk_invalida:matricula_id
18390,1533,2025-12-01,399,2025-01-12,2025-11-12,Pago,fk_invalida:matricula_id
18401,1534,2025-11-01,149,2025-03-11,2025-02-11,Pago,fk_invalida:matricula_id
18412,1535,2025-10-01,99,2025-02-10,2025-10-10,Pago,fk_invalida:matricula_id
18417,1535,2026-03-01,199,2026-01-03,2026-03-03,Pago,fk_invalida:matricula_id
18422,1536,2025-08-01,399,2025-05-08,2025-07-08,Pago,fk_invalida:matricula_id
18424,1536,2025-10-01,99,2025-04-10,2025-09-10,Pago,fk_invalida:matricula_id
18430,1536,2026-04-01,1199,2026-02-04,2026-06-04,Pago,fk_invalida:matricula_id
18433,1537,2025-07-01,199,2025-05-07,2025-05-07,Pago,fk_invalida:matricula_id
18440,1537,2026-02-01,699,2026-01-02,2026-05-02,Pago,fk_invalida:matricula_id
18446,1538,2025-08-01,149,2025-04-08,2025-01-08,Pago,fk_invalida:matricula_id
18447,1538,2025-09-01,35,2025-01-09,2025-07-09,Pago,fk_invalida:matricula_id
18448,1538,2025-10-01,399,2025-03-10,2025-08-10,Pago,fk_invalida:matricula_id
18458,1539,2025-08-01,109,2025-02-08,2025-09-08,Pago,fk_invalida:matricula_id
18461,1539,2025-11-01,109,2025-01-11,2025-04-11,Pago,fk_invalida:matricula_id
18465,1539,2026-03-01,109,2026-02-03,2026-02-03,Pago,fk_invalida:matricula_id
18466,1539,2026-04-01,149,2026-01-04,2026-05-04,Pago,fk_invalida:matricula_id
18470,1540,2025-08-01,199,2025-04-08,2025-04-08,Pago,fk_invalida:matricula_id
18476,1540,2026-02-01,699,2026-01-02,2026-10-02,Pago,fk_invalida:matricula_id
18482,1541,2025-08-01,199,2025-05-08,,Vencido,fk_invalida:matricula_id
18483,1541,2025-09-01,1199,2025-04-09,2025-04-09,Pago,fk_invalida:matricula_id
18484,1541,2025-10-01,399,2025-02-10,,Vencido,fk_invalida:matricula_id
18485,1541,2025-11-01,399,2025-02-11,,Vencido,fk_invalida:matricula_id
18493,1542,2025-07-01,99,2025-04-07,2025-10-07,Pago,fk_invalida:matricula_id
18495,1542,2025-09-01,699,2025-04-09,2025-02-09,Pago,fk_invalida:matricula_id
18499,1542,2026-01-01,99,2026-02-01,2026-12-01,Pago,fk_invalida:matricula_id
18506,1543,2025-08-01,199,2025-03-08,2025-08-08,Pago,fk_invalida:matricula_id
18507,1543,2025-09-01,109,2025-04-09,2025-10-09,Pago,fk_invalida:matricula_id
18514,1543,2026-04-01,1199,2026-02-04,2026-10-04,Pago,fk_invalida:matricula_id
18518,1544,2025-08-01,199,2025-04-08,,Vencido,fk_invalida:matricula_id
18519,1544,2025-09-01,35,2025-01-09,2025-01-09,Pago,fk_invalida:matricula_id
18525,1544,2026-03-01,149,2026-02-03,,Vencido,fk_invalida:matricula_id
18530,1545,2025-08-01,1199,2025-02-08,2025-02-08,Pago,fk_invalida:matricula_id
18532,1545,2025-10-01,35,2025-01-10,,Vencido,fk_invalida:matricula_id
18534,1545,2025-12-01,199,2025-02-12,2025-09-12,Pago,fk_invalida:matricula_id
18535,1545,2026-01-01,99,2026-02-01,2026-08-01,Pago,fk_invalida:matricula_id
18537,1545,2026-03-01,109,2026-03-03,,Vencido,fk_invalida:matricula_id
18544,1546,2025-10-01,99,2025-01-10,2025-09-10,Pago,fk_invalida:matricula_id
18550,1546,2026-04-01,99,2026-02-04,2026-03-04,Pago,fk_invalida:matricula_id
18551,1546,2026-05-01,699,2026-02-05,2026-05-05,Pago,fk_invalida:matricula_id
18552,1546,2026-06-01,399,2026-01-06,2026-09-06,Pago,fk_invalida:matricula_id
18553,1547,2025-07-01,1199,2025-03-07,2025-02-07,Pago,fk_invalida:matricula_id
18557,1547,2025-11-01,99,2025-03-11,2025-10-11,Pago,fk_invalida:matricula_id
18558,1547,2025-12-01,699,2025-03-12,2025-04-12,Pago,fk_invalida:matricula_id
18565,1548,2025-07-01,399,2025-05-07,2025-10-07,Pago,fk_invalida:matricula_id
18573,1548,2026-03-01,699,2026-02-03,2026-08-03,Pago,fk_invalida:matricula_id
18577,1549,2025-07-01,99,2025-01-07,2025-12-07,Pago,fk_invalida:matricula_id
18580,1549,2025-10-01,109,2025-04-10,2025-10-10,Pago,fk_invalida:matricula_id
18582,1549,2025-12-01,699,2025-02-12,2025-10-12,Pago,fk_invalida:matricula_id
18585,1549,2026-03-01,109,2026-03-03,2026-03-03,Pago,fk_invalida:matricula_id
18586,1549,2026-04-01,699,2026-01-04,2026-04-04,Pago,fk_invalida:matricula_id
18587,1549,2026-05-01,399,2026-01-05,2026-09-05,Pago,fk_invalida:matricula_id
18589,1550,2025-07-01,109,2025-05-07,2025-06-07,Pago,fk_invalida:matricula_id
18590,1550,2025-08-01,99,2025-01-08,2025-06-08,Pago,fk_invalida:matricula_id
18597,1550,2026-03-01,399,2026-03-03,,Vencido,fk_invalida:matricula_id
18601,1551,2025-07-01,35,2025-02-07,2025-06-07,Pago,fk_invalida:matricula_id
18604,1551,2025-10-01,1199,2025-03-10,2025-10-10,Pago,fk_invalida:matricula_id
18605,1551,2025-11-01,109,2025-02-11,2025-06-11,Pago,fk_invalida:matricula_id
18607,1551,2026-01-01,149,2026-01-01,2026-01-01,Pago,fk_invalida:matricula_id
18610,1551,2026-04-01,699,2026-01-04,2026-10-04,Pago,fk_invalida:matricula_id
18611,1551,2026-05-01,199,2026-02-05,2026-11-05,Pago,fk_invalida:matricula_id
18613,1552,2025-07-01,35,2025-05-07,2025-06-07,Pago,fk_invalida:matricula_id
18625,1553,2025-07-01,149,2025-06-07,2025-12-07,Pago,fk_invalida:matricula_id
18627,1553,2025-09-01,699,2025-01-09,2025-07-09,Pago,fk_invalida:matricula_id
18639,1554,2025-09-01,1199,2025-04-09,2025-01-09,Pago,fk_invalida:matricula_id
18641,1554,2025-11-01,199,2025-02-11,2025-05-11,Pago,fk_invalida:matricula_id
18650,1555,2025-08-01,1199,2025-02-08,2025-09-08,Pago,fk_invalida:matricula_id
18651,1555,2025-09-01,199,2025-04-09,2025-09-09,Pago,fk_invalida:matricula_id
18655,1555,2026-01-01,149,2026-01-01,2026-10-01,Pago,fk_invalida:matricula_id
18661,1556,2025-07-01,35,2025-04-07,,Vencido,fk_invalida:matricula_id
18666,1556,2025-12-01,149,2025-03-12,2025-02-12,Pago,fk_invalida:matricula_id
18671,1556,2026-05-01,149,2026-01-05,2026-04-05,Pago,fk_invalida:matricula_id
18674,1557,2025-08-01,109,2025-01-08,2025-01-08,Pago,fk_invalida:matricula_id
18678,1557,2025-12-01,1199,2025-03-12,2025-08-12,Pago,fk_invalida:matricula_id
18681,1557,2026-03-01,149,2026-02-03,2026-05-03,Pago,fk_invalida:matricula_id
18686,1558,2025-08-01,1199,2025-02-08,2025-12-08,Pago,fk_invalida:matricula_id
18687,1558,2025-09-01,149,2025-01-09,2025-08-09,Pago,fk_invalida:matricula_id
18688,1558,2025-10-01,109,2025-02-10,2025-08-10,Pago,fk_invalida:matricula_id
18690,1558,2025-12-01,99,2025-01-12,2025-04-12,Pago,fk_invalida:matricula_id
18693,1558,2026-03-01,109,2026-02-03,2026-09-03,Pago,fk_invalida:matricula_id
18695,1558,2026-05-01,699,2026-01-05,2026-05-05,Pago,fk_invalida:matricula_id
18705,1559,2026-03-01,35,2026-03-03,2026-12-03,Pago,fk_invalida:matricula_id
18709,1560,2025-07-01,399,2025-04-07,2025-05-07,Pago,fk_invalida:matricula_id
18710,1560,2025-08-01,699,2025-04-08,2025-01-08,Pago,fk_invalida:matricula_id
18724,1561,2025-10-01,699,2025-03-10,2025-06-10,Pago,fk_invalida:matricula_id
18725,1561,2025-11-01,399,2025-03-11,2025-02-11,Pago,fk_invalida:matricula_id
18727,1561,2026-01-01,1199,2026-01-01,2026-10-01,Pago,fk_invalida:matricula_id
18734,1562,2025-08-01,199,2025-01-08,2025-10-08,Pago,fk_invalida:matricula_id
18735,1562,2025-09-01,1199,2025-03-09,2025-11-09,Pago,fk_invalida:matricula_id
18741,1562,2026-03-01,149,2026-01-03,2026-02-03,Pago,fk_invalida:matricula_id
18742,1562,2026-04-01,149,2026-01-04,2026-01-04,Pago,fk_invalida:matricula_id
18756,1563,2026-06-01,399,2026-01-06,2026-04-06,Pago,fk_invalida:matricula_id
18757,1564,2025-07-01,1199,2025-06-07,2025-04-07,Pago,fk_invalida:matricula_id
18760,1564,2025-10-01,399,2025-02-10,2025-06-10,Pago,fk_invalida:matricula_id
18761,1564,2025-11-01,199,2025-01-11,2025-11-11,Pago,fk_invalida:matricula_id
18762,1564,2025-12-01,35,2025-01-12,2025-02-12,Pago,fk_invalida:matricula_id
18767,1564,2026-05-01,109,2026-02-05,,Vencido,fk_invalida:matricula_id
18769,1565,2025-07-01,99,2025-02-07,2025-10-07,Pago,fk_invalida:matricula_id
18771,1565,2025-09-01,149,2025-03-09,2025-08-09,Pago,fk_invalida:matricula_id
18772,1565,2025-10-01,699,2025-02-10,,Vencido,fk_invalida:matricula_id
18773,1565,2025-11-01,699,2025-03-11,2025-01-11,Pago,fk_invalida:matricula_id
18781,1566,2025-07-01,109,2025-01-07,2025-05-07,Pago,fk_invalida:matricula_id
18787,1566,2026-01-01,699,2026-01-01,2026-05-01,Pago,fk_invalida:matricula_id
18788,1566,2026-02-01,35,2026-01-02,2026-09-02,Pago,fk_invalida:matricula_id
18795,1567,2025-09-01,399,2025-04-09,,Vencido,fk_invalida:matricula_id
18797,1567,2025-11-01,35,2025-03-11,2025-10-11,Pago,fk_invalida:matricula_id
18801,1567,2026-03-01,149,2026-02-03,,Vencido,fk_invalida:matricula_id
18802,1567,2026-04-01,35,2026-01-04,2026-11-04,Pago,fk_invalida:matricula_id
18810,1568,2025-12-01,1199,2025-01-12,,Vencido,fk_invalida:matricula_id
18817,1569,2025-07-01,1199,2025-02-07,2025-12-07,Pago,fk_invalida:matricula_id
18836,1570,2026-02-01,35,2026-01-02,2026-12-02,Pago,fk_invalida:matricula_id
18837,1570,2026-03-01,109,2026-03-03,2026-10-03,Pago,fk_invalida:matricula_id
18838,1570,2026-04-01,149,2026-01-04,2026-03-04,Pago,fk_invalida:matricula_id
18839,1570,2026-05-01,199,2026-02-05,2026-02-05,Pago,fk_invalida:matricula_id
18841,1571,2025-07-01,199,2025-02-07,2025-10-07,Pago,fk_invalida:matricula_id
18843,1571,2025-09-01,1199,2025-01-09,2025-09-09,Pago,fk_invalida:matricula_id
18844,1571,2025-10-01,199,2025-04-10,,Vencido,fk_invalida:matricula_id
18846,1571,2025-12-01,149,2025-03-12,2025-12-12,Pago,fk_invalida:matricula_id
18850,1571,2026-04-01,35,2026-02-04,2026-06-04,Pago,fk_invalida:matricula_id
18855,1572,2025-09-01,35,2025-04-09,2025-03-09,Pago,fk_invalida:matricula_id
18857,1572,2025-11-01,399,2025-03-11,2025-01-11,Pago,fk_invalida:matricula_id
18858,1572,2025-12-01,199,2025-03-12,2025-12-12,Pago,fk_invalida:matricula_id
18859,1572,2026-01-01,1199,2026-02-01,2026-01-01,Pago,fk_invalida:matricula_id
18862,1572,2026-04-01,399,2026-01-04,2026-11-04,Pago,fk_invalida:matricula_id
18865,1573,2025-07-01,1199,2025-01-07,2025-05-07,Pago,fk_invalida:matricula_id
18866,1573,2025-08-01,109,2025-05-08,2025-10-08,Pago,fk_invalida:matricula_id
18870,1573,2025-12-01,1199,2025-02-12,2025-03-12,Pago,fk_invalida:matricula_id
18878,1574,2025-08-01,149,2025-04-08,,Vencido,fk_invalida:matricula_id
18882,1574,2025-12-01,149,2025-03-12,2025-02-12,Pago,fk_invalida:matricula_id
18885,1574,2026-03-01,35,2026-01-03,2026-02-03,Pago,fk_invalida:matricula_id
18901,1576,2025-07-01,35,2025-02-07,2025-01-07,Pago,fk_invalida:matricula_id
18903,1576,2025-09-01,199,2025-02-09,2025-03-09,Pago,fk_invalida:matricula_id
18906,1576,2025-12-01,99,2025-03-12,2025-10-12,Pago,fk_invalida:matricula_id
18909,1576,2026-03-01,1199,2026-01-03,2026-10-03,Pago,fk_invalida:matricula_id
18910,1576,2026-04-01,99,2026-02-04,2026-03-04,Pago,fk_invalida:matricula_id
18913,1577,2025-07-01,699,2025-05-07,2025-08-07,Pago,fk_invalida:matricula_id
18914,1577,2025-08-01,109,2025-02-08,2025-09-08,Pago,fk_invalida:matricula_id
18917,1577,2025-11-01,1199,2025-01-11,2025-09-11,Pago,fk_invalida:matricula_id
18921,1577,2026-03-01,149,2026-02-03,2026-10-03,Pago,fk_invalida:matricula_id
18926,1578,2025-08-01,199,2025-02-08,2025-01-08,Pago,fk_invalida:matricula_id
18927,1578,2025-09-01,99,2025-03-09,2025-10-09,Pago,fk_invalida:matricula_id
18929,1578,2025-11-01,199,2025-01-11,2025-02-11,Pago,fk_invalida:matricula_id
18933,1578,2026-03-01,149,2026-03-03,2026-02-03,Pago,fk_invalida:matricula_id
18938,1579,2025-08-01,199,2025-04-08,2025-08-08,Pago,fk_invalida:matricula_id
18943,1579,2026-01-01,149,2026-01-01,2026-06-01,Pago,fk_invalida:matricula_id
18949,1580,2025-07-01,109,2025-02-07,2025-05-07,Pago,fk_invalida:matricula_id
18950,1580,2025-08-01,699,2025-03-08,,Vencido,fk_invalida:matricula_id
18951,1580,2025-09-01,149,2025-01-09,2025-12-09,Pago,fk_invalida:matricula_id
18957,1580,2026-03-01,99,2026-03-03,,Vencido,fk_invalida:matricula_id
18963,1581,2025-09-01,149,2025-01-09,2025-03-09,Pago,fk_invalida:matricula_id
18964,1581,2025-10-01,699,2025-02-10,2025-07-10,Pago,fk_invalida:matricula_id
18965,1581,2025-11-01,199,2025-03-11,2025-06-11,Pago,fk_invalida:matricula_id
18968,1581,2026-02-01,1199,2026-01-02,2026-01-02,Pago,fk_invalida:matricula_id
18969,1581,2026-03-01,1199,2026-02-03,2026-02-03,Pago,fk_invalida:matricula_id
18972,1581,2026-06-01,109,2026-01-06,2026-01-06,Pago,fk_invalida:matricula_id
18973,1582,2025-07-01,1199,2025-04-07,2025-06-07,Pago,fk_invalida:matricula_id
18974,1582,2025-08-01,399,2025-03-08,2025-12-08,Pago,fk_invalida:matricula_id
18975,1582,2025-09-01,35,2025-03-09,2025-01-09,Pago,fk_invalida:matricula_id
18978,1582,2025-12-01,399,2025-03-12,,Vencido,fk_invalida:matricula_id
18985,1583,2025-07-01,35,2025-02-07,2025-04-07,Pago,fk_invalida:matricula_id
18987,1583,2025-09-01,399,2025-03-09,2025-10-09,Pago,fk_invalida:matricula_id
18990,1583,2025-12-01,699,2025-01-12,2025-05-12,Pago,fk_invalida:matricula_id
18993,1583,2026-03-01,699,2026-03-03,,Vencido,fk_invalida:matricula_id
18994,1583,2026-04-01,149,2026-01-04,2026-11-04,Pago,fk_invalida:matricula_id
18997,1584,2025-07-01,149,2025-02-07,2025-03-07,Pago,fk_invalida:matricula_id
18999,1584,2025-09-01,149,2025-03-09,,Vencido,fk_invalida:matricula_id
19000,1584,2025-10-01,109,2025-03-10,2025-03-10,Pago,fk_invalida:matricula_id
19004,1584,2026-02-01,699,2026-01-02,2026-11-02,Pago,fk_invalida:matricula_id
19008,1584,2026-06-01,109,2026-01-06,2026-01-06,Pago,fk_invalida:matricula_id
19010,1585,2025-08-01,99,2025-04-08,2025-08-08,Pago,fk_invalida:matricula_id
19011,1585,2025-09-01,99,2025-04-09,,Vencido,fk_invalida:matricula_id
19018,1585,2026-04-01,35,2026-01-04,2026-11-04,Pago,fk_invalida:matricula_id
19023,1586,2025-09-01,1199,2025-02-09,2025-09-09,Pago,fk_invalida:matricula_id
19024,1586,2025-10-01,35,2025-03-10,2025-07-10,Pago,fk_invalida:matricula_id
19033,1587,2025-07-01,109,2025-02-07,2025-05-07,Pago,fk_invalida:matricula_id
19034,1587,2025-08-01,35,2025-04-08,2025-01-08,Pago,fk_invalida:matricula_id
19036,1587,2025-10-01,1199,2025-02-10,,Vencido,fk_invalida:matricula_id
19039,1587,2026-01-01,99,2026-01-01,2026-08-01,Pago,fk_invalida:matricula_id
19045,1588,2025-07-01,1199,2025-02-07,2025-12-07,Pago,fk_invalida:matricula_id
19053,1588,2026-03-01,35,2026-03-03,2026-05-03,Pago,fk_invalida:matricula_id
19057,1589,2025-07-01,699,2025-05-07,2025-02-07,Pago,fk_invalida:matricula_id
19065,1589,2026-03-01,99,2026-02-03,2026-06-03,Pago,fk_invalida:matricula_id
19066,1589,2026-04-01,399,2026-01-04,,Vencido,fk_invalida:matricula_id
19072,1590,2025-10-01,109,2025-02-10,2025-07-10,Pago,fk_invalida:matricula_id
19075,1590,2026-01-01,35,2026-01-01,2026-06-01,Pago,fk_invalida:matricula_id
19082,1591,2025-08-01,399,2025-01-08,2025-08-08,Pago,fk_invalida:matricula_id
19086,1591,2025-12-01,109,2025-02-12,2025-06-12,Pago,fk_invalida:matricula_id
19090,1591,2026-04-01,1199,2026-01-04,2026-07-04,Pago,fk_invalida:matricula_id
19094,1592,2025-08-01,109,2025-01-08,,Vencido,fk_invalida:matricula_id
19095,1592,2025-09-01,1199,2025-03-09,2025-08-09,Pago,fk_invalida:matricula_id
19096,1592,2025-10-01,699,2025-04-10,2025-07-10,Pago,fk_invalida:matricula_id
19098,1592,2025-12-01,99,2025-01-12,2025-11-12,Pago,fk_invalida:matricula_id
19100,1592,2026-02-01,399,2026-01-02,,Vencido,fk_invalida:matricula_id
19102,1592,2026-04-01,699,2026-02-04,2026-10-04,Pago,fk_invalida:matricula_id
19113,1593,2026-03-01,1199,2026-01-03,,Vencido,fk_invalida:matricula_id
19117,1594,2025-07-01,1199,2025-03-07,,Vencido,fk_invalida:matricula_id
19119,1594,2025-09-01,699,2025-02-09,,Vencido,fk_invalida:matricula_id
19121,1594,2025-11-01,109,2025-01-11,2025-04-11,Pago,fk_invalida:matricula_id
19122,1594,2025-12-01,699,2025-01-12,2025-08-12,Pago,fk_invalida:matricula_id
19125,1594,2026-03-01,1199,2026-03-03,2026-10-03,Pago,fk_invalida:matricula_id
19129,1595,2025-07-01,109,2025-03-07,,Vencido,fk_invalida:matricula_id
19130,1595,2025-08-01,199,2025-05-08,2025-12-08,Pago,fk_invalida:matricula_id
19132,1595,2025-10-01,99,2025-04-10,,Vencido,fk_invalida:matricula_id
19141,1596,2025-07-01,99,2025-04-07,2025-03-07,Pago,fk_invalida:matricula_id
19142,1596,2025-08-01,199,2025-02-08,2025-08-08,Pago,fk_invalida:matricula_id
19146,1596,2025-12-01,699,2025-01-12,,Vencido,fk_invalida:matricula_id
19157,1597,2025-11-01,35,2025-03-11,2025-02-11,Pago,fk_invalida:matricula_id
19161,1597,2026-03-01,35,2026-02-03,2026-03-03,Pago,fk_invalida:matricula_id
19162,1597,2026-04-01,109,2026-02-04,2026-06-04,Pago,fk_invalida:matricula_id
19163,1597,2026-05-01,149,2026-01-05,,Vencido,fk_invalida:matricula_id
19164,1597,2026-06-01,1199,2026-01-06,2026-06-06,Pago,fk_invalida:matricula_id
19165,1598,2025-07-01,1199,2025-01-07,2025-08-07,Pago,fk_invalida:matricula_id
19166,1598,2025-08-01,1199,2025-05-08,2025-06-08,Pago,fk_invalida:matricula_id
19167,1598,2025-09-01,199,2025-03-09,2025-03-09,Pago,fk_invalida:matricula_id
19173,1598,2026-03-01,109,2026-02-03,2026-09-03,Pago,fk_invalida:matricula_id
19177,1599,2025-07-01,199,2025-03-07,2025-04-07,Pago,fk_invalida:matricula_id
19178,1599,2025-08-01,99,2025-02-08,,Vencido,fk_invalida:matricula_id
19179,1599,2025-09-01,35,2025-04-09,2025-02-09,Pago,fk_invalida:matricula_id
19182,1599,2025-12-01,35,2025-03-12,2025-05-12,Pago,fk_invalida:matricula_id
19185,1599,2026-03-01,109,2026-03-03,2026-05-03,Pago,fk_invalida:matricula_id
19192,1600,2025-10-01,35,2025-01-10,,Vencido,fk_invalida:matricula_id
19197,1600,2026-03-01,109,2026-03-03,,Vencido,fk_invalida:matricula_id
19201,1601,2025-07-01,399,2025-04-07,2025-09-07,Pago,fk_invalida:matricula_id
19204,1601,2025-10-01,99,2025-04-10,2025-02-10,Pago,fk_invalida:matricula_id
19206,1601,2025-12-01,109,2025-02-12,2025-02-12,Pago,fk_invalida:matricula_id
19208,1601,2026-02-01,99,2026-01-02,2026-08-02,Pago,fk_invalida:matricula_id
19215,1602,2025-09-01,699,2025-03-09,2025-05-09,Pago,fk_invalida:matricula_id
19216,1602,2025-10-01,149,2025-03-10,2025-12-10,Pago,fk_invalida:matricula_id
19217,1602,2025-11-01,149,2025-01-11,2025-11-11,Pago,fk_invalida:matricula_id
19219,1602,2026-01-01,149,2026-02-01,2026-04-01,Pago,fk_invalida:matricula_id
19221,1602,2026-03-01,35,2026-02-03,2026-08-03,Pago,fk_invalida:matricula_id
19222,1602,2026-04-01,149,2026-02-04,2026-02-04,Pago,fk_invalida:matricula_id
19223,1602,2026-05-01,99,2026-02-05,2026-07-05,Pago,fk_invalida:matricula_id
19227,1603,2025-09-01,199,2025-03-09,2025-07-09,Pago,fk_invalida:matricula_id
19228,1603,2025-10-01,399,2025-03-10,2025-03-10,Pago,fk_invalida:matricula_id
19230,1603,2025-12-01,199,2025-01-12,2025-11-12,Pago,fk_invalida:matricula_id
19234,1603,2026-04-01,699,2026-02-04,2026-02-04,Pago,fk_invalida:matricula_id
19237,1604,2025-07-01,149,2025-02-07,2025-10-07,Pago,fk_invalida:matricula_id
19238,1604,2025-08-01,99,2025-02-08,2025-09-08,Pago,fk_invalida:matricula_id
19241,1604,2025-11-01,35,2025-02-11,2025-05-11,Pago,fk_invalida:matricula_id
19243,1604,2026-01-01,199,2026-01-01,2026-06-01,Pago,fk_invalida:matricula_id
19249,1605,2025-07-01,399,2025-01-07,2025-06-07,Pago,fk_invalida:matricula_id
19250,1605,2025-08-01,699,2025-02-08,2025-01-08,Pago,fk_invalida:matricula_id
19256,1605,2026-02-01,699,2026-01-02,2026-08-02,Pago,fk_invalida:matricula_id
19259,1605,2026-05-01,99,2026-01-05,2026-03-05,Pago,fk_invalida:matricula_id
19266,1606,2025-12-01,109,2025-02-12,2025-10-12,Pago,fk_invalida:matricula_id
19270,1606,2026-04-01,109,2026-01-04,2026-11-04,Pago,fk_invalida:matricula_id
19273,1607,2025-07-01,35,2025-03-07,2025-02-07,Pago,fk_invalida:matricula_id
19274,1607,2025-08-01,199,2025-01-08,2025-01-08,Pago,fk_invalida:matricula_id
19276,1607,2025-10-01,35,2025-01-10,2025-11-10,Pago,fk_invalida:matricula_id
19277,1607,2025-11-01,699,2025-01-11,,Vencido,fk_invalida:matricula_id
19280,1607,2026-02-01,109,2026-01-02,2026-03-02,Pago,fk_invalida:matricula_id
19282,1607,2026-04-01,99,2026-02-04,2026-07-04,Pago,fk_invalida:matricula_id
19285,1608,2025-07-01,149,2025-03-07,2025-09-07,Pago,fk_invalida:matricula_id
19287,1608,2025-09-01,109,2025-02-09,2025-12-09,Pago,fk_invalida:matricula_id
19299,1609,2025-09-01,99,2025-04-09,,Vencido,fk_invalida:matricula_id
19305,1609,2026-03-01,199,2026-01-03,2026-05-03,Pago,fk_invalida:matricula_id
19309,1610,2025-07-01,699,2025-04-07,2025-11-07,Pago,fk_invalida:matricula_id
19312,1610,2025-10-01,149,2025-03-10,,Vencido,fk_invalida:matricula_id
19323,1611,2025-09-01,149,2025-03-09,2025-04-09,Pago,fk_invalida:matricula_id
19338,1612,2025-12-01,99,2025-03-12,2025-09-12,Pago,fk_invalida:matricula_id
19339,1612,2026-01-01,99,2026-01-01,2026-10-01,Pago,fk_invalida:matricula_id
19341,1612,2026-03-01,109,2026-02-03,2026-09-03,Pago,fk_invalida:matricula_id
19343,1612,2026-05-01,99,2026-02-05,,Vencido,fk_invalida:matricula_id
19345,1613,2025-07-01,699,2025-06-07,2025-06-07,Pago,fk_invalida:matricula_id
19347,1613,2025-09-01,399,2025-01-09,2025-06-09,Pago,fk_invalida:matricula_id
19349,1613,2025-11-01,199,2025-03-11,,Vencido,fk_invalida:matricula_id
19357,1614,2025-07-01,35,2025-01-07,2025-03-07,Pago,fk_invalida:matricula_id
19359,1614,2025-09-01,35,2025-01-09,2025-06-09,Pago,fk_invalida:matricula_id
19360,1614,2025-10-01,149,2025-04-10,,Vencido,fk_invalida:matricula_id
19361,1614,2025-11-01,699,2025-02-11,2025-04-11,Pago,fk_invalida:matricula_id
19363,1614,2026-01-01,109,2026-01-01,2026-04-01,Pago,fk_invalida:matricula_id
19364,1614,2026-02-01,699,2026-01-02,2026-09-02,Pago,fk_invalida:matricula_id
19367,1614,2026-05-01,699,2026-02-05,2026-05-05,Pago,fk_invalida:matricula_id
19369,1615,2025-07-01,109,2025-02-07,2025-01-07,Pago,fk_invalida:matricula_id
19371,1615,2025-09-01,109,2025-03-09,2025-06-09,Pago,fk_invalida:matricula_id
19379,1615,2026-05-01,1199,2026-02-05,2026-10-05,Pago,fk_invalida:matricula_id
19381,1616,2025-07-01,99,2025-06-07,2025-10-07,Pago,fk_invalida:matricula_id
19383,1616,2025-09-01,399,2025-02-09,,Vencido,fk_invalida:matricula_id
19390,1616,2026-04-01,1199,2026-02-04,2026-05-04,Pago,fk_invalida:matricula_id
19393,1617,2025-07-01,1199,2025-03-07,2025-03-07,Pago,fk_invalida:matricula_id
19398,1617,2025-12-01,109,2025-03-12,2025-03-12,Pago,fk_invalida:matricula_id
19402,1617,2026-04-01,399,2026-02-04,2026-10-04,Pago,fk_invalida:matricula_id
19415,1618,2026-05-01,109,2026-01-05,,Vencido,fk_invalida:matricula_id
19418,1619,2025-08-01,199,2025-01-08,,Vencido,fk_invalida:matricula_id
19422,1619,2025-12-01,199,2025-02-12,2025-12-12,Pago,fk_invalida:matricula_id
19425,1619,2026-03-01,35,2026-01-03,2026-05-03,Pago,fk_invalida:matricula_id
19428,1619,2026-06-01,109,2026-01-06,2026-08-06,Pago,fk_invalida:matricula_id
19432,1620,2025-10-01,149,2025-03-10,2025-07-10,Pago,fk_invalida:matricula_id
19444,1621,2025-10-01,699,2025-01-10,2025-03-10,Pago,fk_invalida:matricula_id
19445,1621,2025-11-01,699,2025-02-11,2025-09-11,Pago,fk_invalida:matricula_id
19450,1621,2026-04-01,99,2026-01-04,2026-06-04,Pago,fk_invalida:matricula_id
19453,1622,2025-07-01,99,2025-01-07,2025-03-07,Pago,fk_invalida:matricula_id
19460,1622,2026-02-01,109,2026-01-02,2026-07-02,Pago,fk_invalida:matricula_id
19465,1623,2025-07-01,399,2025-04-07,2025-01-07,Pago,fk_invalida:matricula_id
19470,1623,2025-12-01,109,2025-01-12,,Vencido,fk_invalida:matricula_id
19471,1623,2026-01-01,699,2026-01-01,,Vencido,fk_invalida:matricula_id
19493,1625,2025-11-01,99,2025-03-11,2025-03-11,Pago,fk_invalida:matricula_id
19497,1625,2026-03-01,99,2026-02-03,2026-04-03,Pago,fk_invalida:matricula_id
19500,1625,2026-06-01,149,2026-01-06,2026-09-06,Pago,fk_invalida:matricula_id
19504,1626,2025-10-01,35,2025-03-10,2025-03-10,Pago,fk_invalida:matricula_id
19505,1626,2025-11-01,399,2025-03-11,2025-08-11,Pago,fk_invalida:matricula_id
19506,1626,2025-12-01,199,2025-02-12,,Vencido,fk_invalida:matricula_id
19507,1626,2026-01-01,99,2026-02-01,2026-04-01,Pago,fk_invalida:matricula_id
19514,1627,2025-08-01,35,2025-01-08,,Vencido,fk_invalida:matricula_id
19515,1627,2025-09-01,109,2025-04-09,2025-04-09,Pago,fk_invalida:matricula_id
19516,1627,2025-10-01,99,2025-03-10,2025-09-10,Pago,fk_invalida:matricula_id
19521,1627,2026-03-01,1199,2026-03-03,2026-04-03,Pago,fk_invalida:matricula_id
19522,1627,2026-04-01,109,2026-01-04,2026-12-04,Pago,fk_invalida:matricula_id
19525,1628,2025-07-01,699,2025-02-07,2025-12-07,Pago,fk_invalida:matricula_id
19527,1628,2025-09-01,199,2025-02-09,,Vencido,fk_invalida:matricula_id
19528,1628,2025-10-01,149,2025-01-10,2025-11-10,Pago,fk_invalida:matricula_id
19530,1628,2025-12-01,35,2025-03-12,2025-02-12,Pago,fk_invalida:matricula_id
19531,1628,2026-01-01,399,2026-02-01,2026-10-01,Pago,fk_invalida:matricula_id
19537,1629,2025-07-01,149,2025-01-07,2025-01-07,Pago,fk_invalida:matricula_id
19538,1629,2025-08-01,35,2025-03-08,,Vencido,fk_invalida:matricula_id
19542,1629,2025-12-01,99,2025-02-12,,Vencido,fk_invalida:matricula_id
19547,1629,2026-05-01,149,2026-02-05,2026-08-05,Pago,fk_invalida:matricula_id
19558,1630,2026-04-01,699,2026-02-04,2026-04-04,Pago,fk_invalida:matricula_id
19561,1631,2025-07-01,399,2025-02-07,2025-05-07,Pago,fk_invalida:matricula_id
19562,1631,2025-08-01,399,2025-02-08,2025-12-08,Pago,fk_invalida:matricula_id
19563,1631,2025-09-01,149,2025-04-09,2025-03-09,Pago,fk_invalida:matricula_id
19564,1631,2025-10-01,35,2025-04-10,2025-09-10,Pago,fk_invalida:matricula_id
19573,1632,2025-07-01,109,2025-06-07,2025-04-07,Pago,fk_invalida:matricula_id
19574,1632,2025-08-01,35,2025-01-08,,Vencido,fk_invalida:matricula_id
19575,1632,2025-09-01,399,2025-01-09,2025-06-09,Pago,fk_invalida:matricula_id
19576,1632,2025-10-01,199,2025-04-10,2025-02-10,Pago,fk_invalida:matricula_id
19581,1632,2026-03-01,1199,2026-02-03,2026-08-03,Pago,fk_invalida:matricula_id
19586,1633,2025-08-01,699,2025-04-08,2025-08-08,Pago,fk_invalida:matricula_id
19589,1633,2025-11-01,99,2025-02-11,2025-06-11,Pago,fk_invalida:matricula_id
19597,1634,2025-07-01,99,2025-05-07,,Vencido,fk_invalida:matricula_id
19598,1634,2025-08-01,1199,2025-01-08,2025-05-08,Pago,fk_invalida:matricula_id
19600,1634,2025-10-01,1199,2025-02-10,2025-04-10,Pago,fk_invalida:matricula_id
19601,1634,2025-11-01,699,2025-02-11,2025-06-11,Pago,fk_invalida:matricula_id
19603,1634,2026-01-01,99,2026-01-01,2026-08-01,Pago,fk_invalida:matricula_id
19604,1634,2026-02-01,35,2026-01-02,2026-04-02,Pago,fk_invalida:matricula_id
19605,1634,2026-03-01,35,2026-03-03,2026-05-03,Pago,fk_invalida:matricula_id
19609,1635,2025-07-01,399,2025-01-07,2025-11-07,Pago,fk_invalida:matricula_id
19613,1635,2025-11-01,199,2025-01-11,2025-06-11,Pago,fk_invalida:matricula_id
19614,1635,2025-12-01,199,2025-01-12,2025-09-12,Pago,fk_invalida:matricula_id
19621,1636,2025-07-01,35,2025-01-07,,Vencido,fk_invalida:matricula_id
19624,1636,2025-10-01,399,2025-02-10,2025-09-10,Pago,fk_invalida:matricula_id
19625,1636,2025-11-01,109,2025-02-11,2025-07-11,Pago,fk_invalida:matricula_id
19629,1636,2026-03-01,149,2026-01-03,2026-10-03,Pago,fk_invalida:matricula_id
19634,1637,2025-08-01,99,2025-03-08,2025-05-08,Pago,fk_invalida:matricula_id
19636,1637,2025-10-01,35,2025-02-10,,Vencido,fk_invalida:matricula_id
19637,1637,2025-11-01,399,2025-03-11,2025-10-11,Pago,fk_invalida:matricula_id
19641,1637,2026-03-01,199,2026-03-03,,Vencido,fk_invalida:matricula_id
19643,1637,2026-05-01,109,2026-01-05,2026-11-05,Pago,fk_invalida:matricula_id
19645,1638,2025-07-01,399,2025-04-07,,Vencido,fk_invalida:matricula_id
19647,1638,2025-09-01,1199,2025-01-09,,Vencido,fk_invalida:matricula_id
19649,1638,2025-11-01,699,2025-01-11,2025-07-11,Pago,fk_invalida:matricula_id
19650,1638,2025-12-01,35,2025-02-12,2025-12-12,Pago,fk_invalida:matricula_id
19657,1639,2025-07-01,35,2025-02-07,,Vencido,fk_invalida:matricula_id
19669,1640,2025-07-01,1199,2025-03-07,2025-04-07,Pago,fk_invalida:matricula_id
19672,1640,2025-10-01,35,2025-01-10,2025-12-10,Pago,fk_invalida:matricula_id
19674,1640,2025-12-01,199,2025-02-12,,Vencido,fk_invalida:matricula_id
19682,1641,2025-08-01,99,2025-02-08,,Vencido,fk_invalida:matricula_id
19683,1641,2025-09-01,1199,2025-01-09,,Vencido,fk_invalida:matricula_id
19685,1641,2025-11-01,149,2025-02-11,2025-05-11,Pago,fk_invalida:matricula_id
19686,1641,2025-12-01,199,2025-02-12,,Vencido,fk_invalida:matricula_id
19687,1641,2026-01-01,35,2026-02-01,,Vencido,fk_invalida:matricula_id
19689,1641,2026-03-01,109,2026-02-03,2026-05-03,Pago,fk_invalida:matricula_id
19693,1642,2025-07-01,699,2025-04-07,2025-09-07,Pago,fk_invalida:matricula_id
19707,1643,2025-09-01,149,2025-04-09,2025-07-09,Pago,fk_invalida:matricula_id
19711,1643,2026-01-01,109,2026-01-01,,Vencido,fk_invalida:matricula_id
19725,1644,2026-03-01,1199,2026-03-03,2026-07-03,Pago,fk_invalida:matricula_id
19729,1645,2025-07-01,399,2025-04-07,2025-11-07,Pago,fk_invalida:matricula_id
19730,1645,2025-08-01,1199,2025-03-08,,Vencido,fk_invalida:matricula_id
19731,1645,2025-09-01,1199,2025-04-09,2025-06-09,Pago,fk_invalida:matricula_id
19732,1645,2025-10-01,35,2025-01-10,2025-05-10,Pago,fk_invalida:matricula_id
19735,1645,2026-01-01,109,2026-01-01,2026-11-01,Pago,fk_invalida:matricula_id
19743,1646,2025-09-01,99,2025-04-09,2025-06-09,Pago,fk_invalida:matricula_id
19745,1646,2025-11-01,109,2025-02-11,2025-09-11,Pago,fk_invalida:matricula_id
19747,1646,2026-01-01,199,2026-02-01,2026-08-01,Pago,fk_invalida:matricula_id
19750,1646,2026-04-01,99,2026-01-04,,Vencido,fk_invalida:matricula_id
19751,1646,2026-05-01,1199,2026-01-05,2026-09-05,Pago,fk_invalida:matricula_id
19752,1646,2026-06-01,1199,2026-01-06,,Vencido,fk_invalida:matricula_id
19754,1647,2025-08-01,35,2025-05-08,,Vencido,fk_invalida:matricula_id
19756,1647,2025-10-01,399,2025-04-10,2025-04-10,Pago,fk_invalida:matricula_id
19758,1647,2025-12-01,699,2025-03-12,,Vencido,fk_invalida:matricula_id
19759,1647,2026-01-01,109,2026-02-01,2026-12-01,Pago,fk_invalida:matricula_id
19762,1647,2026-04-01,399,2026-02-04,2026-04-04,Pago,fk_invalida:matricula_id
19765,1648,2025-07-01,199,2025-01-07,,Vencido,fk_invalida:matricula_id
19767,1648,2025-09-01,1199,2025-04-09,,Vencido,fk_invalida:matricula_id
19768,1648,2025-10-01,699,2025-02-10,2025-06-10,Pago,fk_invalida:matricula_id
19774,1648,2026-04-01,199,2026-02-04,2026-05-04,Pago,fk_invalida:matricula_id
19775,1648,2026-05-01,35,2026-01-05,2026-02-05,Pago,fk_invalida:matricula_id
19778,1649,2025-08-01,1199,2025-01-08,2025-11-08,Pago,fk_invalida:matricula_id
19779,1649,2025-09-01,699,2025-02-09,2025-07-09,Pago,fk_invalida:matricula_id
19782,1649,2025-12-01,35,2025-02-12,2025-11-12,Pago,fk_invalida:matricula_id
19786,1649,2026-04-01,99,2026-02-04,2026-09-04,Pago,fk_invalida:matricula_id
19787,1649,2026-05-01,1199,2026-02-05,2026-05-05,Pago,fk_invalida:matricula_id
19789,1650,2025-07-01,109,2025-03-07,2025-05-07,Pago,fk_invalida:matricula_id
19791,1650,2025-09-01,35,2025-01-09,2025-12-09,Pago,fk_invalida:matricula_id
19797,1650,2026-03-01,109,2026-01-03,2026-07-03,Pago,fk_invalida:matricula_id
19799,1650,2026-05-01,1199,2026-01-05,2026-04-05,Pago,fk_invalida:matricula_id
19801,1651,2025-07-01,109,2025-01-07,2025-11-07,Pago,fk_invalida:matricula_id
19802,1651,2025-08-01,199,2025-03-08,2025-02-08,Pago,fk_invalida:matricula_id
19806,1651,2025-12-01,99,2025-01-12,2025-05-12,Pago,fk_invalida:matricula_id
19814,1652,2025-08-01,149,2025-02-08,2025-05-08,Pago,fk_invalida:matricula_id
19818,1652,2025-12-01,1199,2025-03-12,2025-12-12,Pago,fk_invalida:matricula_id
19828,1653,2025-10-01,199,2025-04-10,,Vencido,fk_invalida:matricula_id
19834,1653,2026-04-01,35,2026-02-04,2026-03-04,Pago,fk_invalida:matricula_id
19835,1653,2026-05-01,35,2026-02-05,2026-12-05,Pago,fk_invalida:matricula_id
19837,1654,2025-07-01,199,2025-02-07,2025-11-07,Pago,fk_invalida:matricula_id
19838,1654,2025-08-01,199,2025-03-08,,Vencido,fk_invalida:matricula_id
19840,1654,2025-10-01,699,2025-02-10,2025-04-10,Pago,fk_invalida:matricula_id
19843,1654,2026-01-01,149,2026-02-01,2026-04-01,Pago,fk_invalida:matricula_id
19845,1654,2026-03-01,149,2026-02-03,,Vencido,fk_invalida:matricula_id
19850,1655,2025-08-01,149,2025-03-08,2025-10-08,Pago,fk_invalida:matricula_id
19853,1655,2025-11-01,149,2025-03-11,2025-11-11,Pago,fk_invalida:matricula_id
19858,1655,2026-04-01,109,2026-01-04,2026-11-04,Pago,fk_invalida:matricula_id
19864,1656,2025-10-01,199,2025-04-10,,Vencido,fk_invalida:matricula_id
19873,1657,2025-07-01,1199,2025-03-07,,Vencido,fk_invalida:matricula_id
19875,1657,2025-09-01,109,2025-02-09,2025-03-09,Pago,fk_invalida:matricula_id
19879,1657,2026-01-01,99,2026-02-01,2026-08-01,Pago,fk_invalida:matricula_id
19881,1657,2026-03-01,1199,2026-02-03,2026-08-03,Pago,fk_invalida:matricula_id
19887,1658,2025-09-01,699,2025-01-09,2025-04-09,Pago,fk_invalida:matricula_id
19898,1659,2025-08-01,699,2025-02-08,2025-04-08,Pago,fk_invalida:matricula_id
19901,1659,2025-11-01,699,2025-03-11,2025-06-11,Pago,fk_invalida:matricula_id
19902,1659,2025-12-01,399,2025-03-12,2025-03-12,Pago,fk_invalida:matricula_id
19903,1659,2026-01-01,35,2026-02-01,,Vencido,fk_invalida:matricula_id
19910,1660,2025-08-01,199,2025-04-08,2025-03-08,Pago,fk_invalida:matricula_id
19915,1660,2026-01-01,99,2026-01-01,2026-05-01,Pago,fk_invalida:matricula_id
19923,1661,2025-09-01,109,2025-01-09,2025-01-09,Pago,fk_invalida:matricula_id
19925,1661,2025-11-01,1199,2025-03-11,2025-07-11,Pago,fk_invalida:matricula_id
19933,1662,2025-07-01,109,2025-05-07,2025-10-07,Pago,fk_invalida:matricula_id
19936,1662,2025-10-01,199,2025-04-10,,Vencido,fk_invalida:matricula_id
19945,1663,2025-07-01,149,2025-03-07,2025-03-07,Pago,fk_invalida:matricula_id
19947,1663,2025-09-01,199,2025-01-09,2025-08-09,Pago,fk_invalida:matricula_id
19950,1663,2025-12-01,149,2025-03-12,,Vencido,fk_invalida:matricula_id
19952,1663,2026-02-01,109,2026-01-02,2026-12-02,Pago,fk_invalida:matricula_id
19953,1663,2026-03-01,35,2026-01-03,2026-04-03,Pago,fk_invalida:matricula_id
19955,1663,2026-05-01,199,2026-01-05,2026-05-05,Pago,fk_invalida:matricula_id
19957,1664,2025-07-01,399,2025-06-07,2025-10-07,Pago,fk_invalida:matricula_id
19960,1664,2025-10-01,99,2025-04-10,2025-11-10,Pago,fk_invalida:matricula_id
19975,1665,2026-01-01,99,2026-01-01,2026-08-01,Pago,fk_invalida:matricula_id
19981,1666,2025-07-01,99,2025-04-07,,Vencido,fk_invalida:matricula_id
19982,1666,2025-08-01,399,2025-03-08,,Vencido,fk_invalida:matricula_id
19983,1666,2025-09-01,1199,2025-01-09,2025-03-09,Pago,fk_invalida:matricula_id
19984,1666,2025-10-01,699,2025-04-10,2025-09-10,Pago,fk_invalida:matricula_id
19999,1667,2026-01-01,1199,2026-01-01,2026-12-01,Pago,fk_invalida:matricula_id
20005,1668,2025-07-01,1199,2025-04-07,2025-06-07,Pago,fk_invalida:matricula_id
20008,1668,2025-10-01,149,2025-03-10,2025-03-10,Pago,fk_invalida:matricula_id
20009,1668,2025-11-01,99,2025-02-11,2025-04-11,Pago,fk_invalida:matricula_id
20017,1669,2025-07-01,109,2025-05-07,2025-05-07,Pago,fk_invalida:matricula_id
20025,1669,2026-03-01,99,2026-01-03,2026-11-03,Pago,fk_invalida:matricula_id
20026,1669,2026-04-01,109,2026-01-04,2026-11-04,Pago,fk_invalida:matricula_id
20027,1669,2026-05-01,35,2026-02-05,2026-11-05,Pago,fk_invalida:matricula_id
20031,1670,2025-09-01,109,2025-03-09,,Vencido,fk_invalida:matricula_id
20034,1670,2025-12-01,199,2025-03-12,2025-07-12,Pago,fk_invalida:matricula_id
20037,1670,2026-03-01,699,2026-02-03,2026-06-03,Pago,fk_invalida:matricula_id
20040,1670,2026-06-01,149,2026-01-06,2026-01-06,Pago,fk_invalida:matricula_id
20043,1671,2025-09-01,109,2025-04-09,2025-07-09,Pago,fk_invalida:matricula_id
20044,1671,2025-10-01,399,2025-02-10,2025-02-10,Pago,fk_invalida:matricula_id
20045,1671,2025-11-01,109,2025-02-11,2025-03-11,Pago,fk_invalida:matricula_id
20046,1671,2025-12-01,99,2025-01-12,2025-11-12,Pago,fk_invalida:matricula_id
20054,1672,2025-08-01,1199,2025-02-08,2025-10-08,Pago,fk_invalida:matricula_id
20059,1672,2026-01-01,35,2026-01-01,2026-07-01,Pago,fk_invalida:matricula_id
20068,1673,2025-10-01,99,2025-01-10,,Vencido,fk_invalida:matricula_id
20073,1673,2026-03-01,99,2026-01-03,,Vencido,fk_invalida:matricula_id
20075,1673,2026-05-01,699,2026-01-05,2026-05-05,Pago,fk_invalida:matricula_id
20077,1674,2025-07-01,199,2025-06-07,2025-06-07,Pago,fk_invalida:matricula_id
20078,1674,2025-08-01,399,2025-04-08,2025-01-08,Pago,fk_invalida:matricula_id
20079,1674,2025-09-01,109,2025-01-09,,Vencido,fk_invalida:matricula_id
20085,1674,2026-03-01,699,2026-02-03,2026-11-03,Pago,fk_invalida:matricula_id
20094,1675,2025-12-01,199,2025-02-12,2025-02-12,Pago,fk_invalida:matricula_id
20101,1676,2025-07-01,699,2025-06-07,,Vencido,fk_invalida:matricula_id
20111,1676,2026-05-01,399,2026-01-05,2026-02-05,Pago,fk_invalida:matricula_id
20112,1676,2026-06-01,149,2026-01-06,2026-12-06,Pago,fk_invalida:matricula_id
20113,1677,2025-07-01,99,2025-01-07,2025-09-07,Pago,fk_invalida:matricula_id
20114,1677,2025-08-01,109,2025-03-08,2025-09-08,Pago,fk_invalida:matricula_id
20123,1677,2026-05-01,399,2026-02-05,2026-04-05,Pago,fk_invalida:matricula_id
20126,1678,2025-08-01,1199,2025-03-08,2025-03-08,Pago,fk_invalida:matricula_id
20142,1679,2025-12-01,1199,2025-01-12,,Vencido,fk_invalida:matricula_id
20143,1679,2026-01-01,1199,2026-01-01,2026-05-01,Pago,fk_invalida:matricula_id
20145,1679,2026-03-01,149,2026-01-03,2026-09-03,Pago,fk_invalida:matricula_id
20147,1679,2026-05-01,99,2026-01-05,2026-12-05,Pago,fk_invalida:matricula_id
20149,1680,2025-07-01,99,2025-02-07,2025-12-07,Pago,fk_invalida:matricula_id
20150,1680,2025-08-01,99,2025-03-08,2025-06-08,Pago,fk_invalida:matricula_id
20152,1680,2025-10-01,1199,2025-03-10,2025-12-10,Pago,fk_invalida:matricula_id
20155,1680,2026-01-01,699,2026-01-01,2026-08-01,Pago,fk_invalida:matricula_id
20160,1680,2026-06-01,199,2026-01-06,2026-07-06,Pago,fk_invalida:matricula_id
20164,1681,2025-10-01,399,2025-01-10,2025-01-10,Pago,fk_invalida:matricula_id
20167,1681,2026-01-01,99,2026-01-01,2026-09-01,Pago,fk_invalida:matricula_id
20169,1681,2026-03-01,399,2026-01-03,2026-12-03,Pago,fk_invalida:matricula_id
20171,1681,2026-05-01,35,2026-01-05,,Vencido,fk_invalida:matricula_id
20173,1682,2025-07-01,35,2025-04-07,2025-03-07,Pago,fk_invalida:matricula_id
20174,1682,2025-08-01,99,2025-03-08,,Vencido,fk_invalida:matricula_id
20176,1682,2025-10-01,399,2025-01-10,,Vencido,fk_invalida:matricula_id
20178,1682,2025-12-01,99,2025-03-12,2025-12-12,Pago,fk_invalida:matricula_id
20183,1682,2026-05-01,399,2026-01-05,2026-04-05,Pago,fk_invalida:matricula_id
20185,1683,2025-07-01,1199,2025-05-07,2025-12-07,Pago,fk_invalida:matricula_id
20188,1683,2025-10-01,399,2025-03-10,,Vencido,fk_invalida:matricula_id
20194,1683,2026-04-01,109,2026-01-04,2026-10-04,Pago,fk_invalida:matricula_id
20197,1684,2025-07-01,35,2025-06-07,,Vencido,fk_invalida:matricula_id
20199,1684,2025-09-01,699,2025-01-09,2025-12-09,Pago,fk_invalida:matricula_id
20201,1684,2025-11-01,399,2025-01-11,2025-12-11,Pago,fk_invalida:matricula_id
20203,1684,2026-01-01,149,2026-01-01,2026-01-01,Pago,fk_invalida:matricula_id
20208,1684,2026-06-01,1199,2026-01-06,2026-10-06,Pago,fk_invalida:matricula_id
20210,1685,2025-08-01,1199,2025-03-08,2025-02-08,Pago,fk_invalida:matricula_id
20211,1685,2025-09-01,99,2025-01-09,2025-10-09,Pago,fk_invalida:matricula_id
20215,1685,2026-01-01,99,2026-01-01,,Vencido,fk_invalida:matricula_id
20217,1685,2026-03-01,399,2026-01-03,2026-01-03,Pago,fk_invalida:matricula_id
20226,1686,2025-12-01,149,2025-03-12,,Vencido,fk_invalida:matricula_id
20230,1686,2026-04-01,99,2026-01-04,2026-06-04,Pago,fk_invalida:matricula_id
20239,1687,2026-01-01,35,2026-01-01,2026-03-01,Pago,fk_invalida:matricula_id
20247,1688,2025-09-01,149,2025-04-09,2025-03-09,Pago,fk_invalida:matricula_id
20251,1688,2026-01-01,99,2026-02-01,2026-06-01,Pago,fk_invalida:matricula_id
20260,1689,2025-10-01,99,2025-04-10,2025-09-10,Pago,fk_invalida:matricula_id
20261,1689,2025-11-01,99,2025-02-11,,Vencido,fk_invalida:matricula_id
20269,1690,2025-07-01,99,2025-05-07,2025-07-07,Pago,fk_invalida:matricula_id
20271,1690,2025-09-01,149,2025-02-09,2025-03-09,Pago,fk_invalida:matricula_id
20282,1691,2025-08-01,699,2025-04-08,2025-02-08,Pago,fk_invalida:matricula_id
20283,1691,2025-09-01,399,2025-02-09,2025-12-09,Pago,fk_invalida:matricula_id
20288,1691,2026-02-01,399,2026-01-02,,Vencido,fk_invalida:matricula_id
20289,1691,2026-03-01,399,2026-01-03,2026-06-03,Pago,fk_invalida:matricula_id
20292,1691,2026-06-01,199,2026-01-06,2026-05-06,Pago,fk_invalida:matricula_id
20296,1692,2025-10-01,109,2025-03-10,2025-10-10,Pago,fk_invalida:matricula_id
20298,1692,2025-12-01,35,2025-02-12,2025-05-12,Pago,fk_invalida:matricula_id
20300,1692,2026-02-01,199,2026-01-02,2026-04-02,Pago,fk_invalida:matricula_id
20305,1693,2025-07-01,99,2025-02-07,2025-09-07,Pago,fk_invalida:matricula_id
20306,1693,2025-08-01,149,2025-05-08,2025-10-08,Pago,fk_invalida:matricula_id
20307,1693,2025-09-01,99,2025-02-09,2025-03-09,Pago,fk_invalida:matricula_id
20321,1694,2025-11-01,35,2025-03-11,2025-11-11,Pago,fk_invalida:matricula_id
20327,1694,2026-05-01,35,2026-02-05,2026-08-05,Pago,fk_invalida:matricula_id
20332,1695,2025-10-01,399,2025-02-10,,Vencido,fk_invalida:matricula_id
20340,1695,2026-06-01,109,2026-01-06,,Vencido,fk_invalida:matricula_id
20341,1696,2025-07-01,35,2025-03-07,2025-05-07,Pago,fk_invalida:matricula_id
20343,1696,2025-09-01,199,2025-02-09,2025-10-09,Pago,fk_invalida:matricula_id
20344,1696,2025-10-01,399,2025-01-10,2025-09-10,Pago,fk_invalida:matricula_id
20355,1697,2025-09-01,109,2025-02-09,2025-07-09,Pago,fk_invalida:matricula_id
20356,1697,2025-10-01,35,2025-03-10,2025-08-10,Pago,fk_invalida:matricula_id
20357,1697,2025-11-01,1199,2025-03-11,2025-12-11,Pago,fk_invalida:matricula_id
20365,1698,2025-07-01,35,2025-02-07,2025-11-07,Pago,fk_invalida:matricula_id
20367,1698,2025-09-01,699,2025-04-09,2025-07-09,Pago,fk_invalida:matricula_id
20369,1698,2025-11-01,149,2025-02-11,2025-01-11,Pago,fk_invalida:matricula_id
20371,1698,2026-01-01,149,2026-02-01,,Vencido,fk_invalida:matricula_id
20379,1699,2025-09-01,699,2025-01-09,2025-02-09,Pago,fk_invalida:matricula_id
20380,1699,2025-10-01,199,2025-01-10,2025-12-10,Pago,fk_invalida:matricula_id
20385,1699,2026-03-01,199,2026-03-03,2026-12-03,Pago,fk_invalida:matricula_id
20386,1699,2026-04-01,35,2026-01-04,2026-09-04,Pago,fk_invalida:matricula_id
20389,1700,2025-07-01,99,2025-02-07,,Vencido,fk_invalida:matricula_id
20390,1700,2025-08-01,1199,2025-03-08,2025-05-08,Pago,fk_invalida:matricula_id
20391,1700,2025-09-01,399,2025-01-09,2025-03-09,Pago,fk_invalida:matricula_id
20392,1700,2025-10-01,149,2025-02-10,2025-08-10,Pago,fk_invalida:matricula_id
20393,1700,2025-11-01,109,2025-01-11,2025-11-11,Pago,fk_invalida:matricula_id
20395,1700,2026-01-01,109,2026-01-01,2026-11-01,Pago,fk_invalida:matricula_id
20401,1701,2025-07-01,99,2025-03-07,,Vencido,fk_invalida:matricula_id
20402,1701,2025-08-01,399,2025-03-08,2025-03-08,Pago,fk_invalida:matricula_id
20404,1701,2025-10-01,1199,2025-03-10,2025-04-10,Pago,fk_invalida:matricula_id
20409,1701,2026-03-01,99,2026-01-03,2026-03-03,Pago,fk_invalida:matricula_id
20417,1702,2025-11-01,1199,2025-03-11,2025-01-11,Pago,fk_invalida:matricula_id
20419,1702,2026-01-01,199,2026-01-01,2026-01-01,Pago,fk_invalida:matricula_id
20425,1703,2025-07-01,99,2025-03-07,2025-11-07,Pago,fk_invalida:matricula_id
20429,1703,2025-11-01,149,2025-03-11,2025-05-11,Pago,fk_invalida:matricula_id
20437,1704,2025-07-01,109,2025-05-07,2025-09-07,Pago,fk_invalida:matricula_id
20441,1704,2025-11-01,99,2025-01-11,2025-06-11,Pago,fk_invalida:matricula_id
20443,1704,2026-01-01,99,2026-02-01,2026-12-01,Pago,fk_invalida:matricula_id
20450,1705,2025-08-01,699,2025-01-08,2025-05-08,Pago,fk_invalida:matricula_id
20451,1705,2025-09-01,699,2025-04-09,2025-12-09,Pago,fk_invalida:matricula_id
20452,1705,2025-10-01,699,2025-03-10,2025-05-10,Pago,fk_invalida:matricula_id
20455,1705,2026-01-01,399,2026-02-01,,Vencido,fk_invalida:matricula_id
20463,1706,2025-09-01,1199,2025-01-09,2025-03-09,Pago,fk_invalida:matricula_id
20465,1706,2025-11-01,699,2025-03-11,2025-01-11,Pago,fk_invalida:matricula_id
20473,1707,2025-07-01,35,2025-05-07,2025-03-07,Pago,fk_invalida:matricula_id
20475,1707,2025-09-01,99,2025-01-09,,Vencido,fk_invalida:matricula_id
20476,1707,2025-10-01,109,2025-03-10,,Vencido,fk_invalida:matricula_id
20478,1707,2025-12-01,109,2025-03-12,2025-07-12,Pago,fk_invalida:matricula_id
20481,1707,2026-03-01,149,2026-03-03,2026-05-03,Pago,fk_invalida:matricula_id
20485,1708,2025-07-01,699,2025-02-07,2025-08-07,Pago,fk_invalida:matricula_id
20486,1708,2025-08-01,699,2025-05-08,2025-04-08,Pago,fk_invalida:matricula_id
20493,1708,2026-03-01,399,2026-01-03,2026-08-03,Pago,fk_invalida:matricula_id
20498,1709,2025-08-01,99,2025-02-08,2025-10-08,Pago,fk_invalida:matricula_id
20501,1709,2025-11-01,699,2025-01-11,,Vencido,fk_invalida:matricula_id
20503,1709,2026-01-01,149,2026-01-01,,Vencido,fk_invalida:matricula_id
20511,1710,2025-09-01,99,2025-03-09,2025-06-09,Pago,fk_invalida:matricula_id
20514,1710,2025-12-01,99,2025-01-12,2025-07-12,Pago,fk_invalida:matricula_id
20517,1710,2026-03-01,199,2026-01-03,2026-11-03,Pago,fk_invalida:matricula_id
20518,1710,2026-04-01,1199,2026-01-04,2026-06-04,Pago,fk_invalida:matricula_id
20526,1711,2025-12-01,1199,2025-02-12,2025-07-12,Pago,fk_invalida:matricula_id
20529,1711,2026-03-01,35,2026-03-03,2026-06-03,Pago,fk_invalida:matricula_id
20533,1712,2025-07-01,199,2025-01-07,2025-10-07,Pago,fk_invalida:matricula_id
20537,1712,2025-11-01,399,2025-01-11,2025-12-11,Pago,fk_invalida:matricula_id
20539,1712,2026-01-01,399,2026-02-01,2026-08-01,Pago,fk_invalida:matricula_id
20543,1712,2026-05-01,1199,2026-01-05,2026-11-05,Pago,fk_invalida:matricula_id
20545,1713,2025-07-01,399,2025-05-07,,Vencido,fk_invalida:matricula_id
20546,1713,2025-08-01,109,2025-02-08,2025-08-08,Pago,fk_invalida:matricula_id
20548,1713,2025-10-01,35,2025-02-10,2025-11-10,Pago,fk_invalida:matricula_id
20549,1713,2025-11-01,109,2025-02-11,2025-08-11,Pago,fk_invalida:matricula_id
20550,1713,2025-12-01,199,2025-01-12,2025-03-12,Pago,fk_invalida:matricula_id
20551,1713,2026-01-01,699,2026-02-01,2026-08-01,Pago,fk_invalida:matricula_id
20553,1713,2026-03-01,1199,2026-02-03,2026-01-03,Pago,fk_invalida:matricula_id
20557,1714,2025-07-01,399,2025-02-07,2025-09-07,Pago,fk_invalida:matricula_id
20558,1714,2025-08-01,699,2025-03-08,2025-08-08,Pago,fk_invalida:matricula_id
20559,1714,2025-09-01,399,2025-04-09,,Vencido,fk_invalida:matricula_id
20561,1714,2025-11-01,399,2025-03-11,2025-01-11,Pago,fk_invalida:matricula_id
20567,1714,2026-05-01,149,2026-02-05,2026-05-05,Pago,fk_invalida:matricula_id
20569,1715,2025-07-01,99,2025-06-07,2025-10-07,Pago,fk_invalida:matricula_id
20574,1715,2025-12-01,99,2025-03-12,,Vencido,fk_invalida:matricula_id
20577,1715,2026-03-01,109,2026-01-03,2026-09-03,Pago,fk_invalida:matricula_id
20581,1716,2025-07-01,699,2025-06-07,2025-12-07,Pago,fk_invalida:matricula_id
20583,1716,2025-09-01,149,2025-03-09,2025-08-09,Pago,fk_invalida:matricula_id
20589,1716,2026-03-01,99,2026-02-03,,Vencido,fk_invalida:matricula_id
20598,1717,2025-12-01,99,2025-02-12,2025-12-12,Pago,fk_invalida:matricula_id
20602,1717,2026-04-01,35,2026-02-04,2026-11-04,Pago,fk_invalida:matricula_id
20606,1718,2025-08-01,199,2025-03-08,2025-04-08,Pago,fk_invalida:matricula_id
20609,1718,2025-11-01,399,2025-02-11,2025-02-11,Pago,fk_invalida:matricula_id
20610,1718,2025-12-01,99,2025-02-12,2025-08-12,Pago,fk_invalida:matricula_id
20617,1719,2025-07-01,35,2025-06-07,2025-06-07,Pago,fk_invalida:matricula_id
20618,1719,2025-08-01,35,2025-01-08,2025-05-08,Pago,fk_invalida:matricula_id
20623,1719,2026-01-01,109,2026-01-01,2026-08-01,Pago,fk_invalida:matricula_id
20631,1720,2025-09-01,149,2025-01-09,2025-07-09,Pago,fk_invalida:matricula_id
20632,1720,2025-10-01,149,2025-01-10,,Vencido,fk_invalida:matricula_id
20634,1720,2025-12-01,99,2025-01-12,2025-06-12,Pago,fk_invalida:matricula_id
20641,1721,2025-07-01,199,2025-04-07,2025-08-07,Pago,fk_invalida:matricula_id
20645,1721,2025-11-01,199,2025-02-11,2025-09-11,Pago,fk_invalida:matricula_id
20646,1721,2025-12-01,1199,2025-03-12,2025-04-12,Pago,fk_invalida:matricula_id
20654,1722,2025-08-01,699,2025-05-08,2025-12-08,Pago,fk_invalida:matricula_id
20655,1722,2025-09-01,399,2025-04-09,2025-06-09,Pago,fk_invalida:matricula_id
20657,1722,2025-11-01,149,2025-02-11,2025-03-11,Pago,fk_invalida:matricula_id
20665,1723,2025-07-01,99,2025-06-07,,Vencido,fk_invalida:matricula_id
20666,1723,2025-08-01,699,2025-01-08,2025-05-08,Pago,fk_invalida:matricula_id
20668,1723,2025-10-01,109,2025-01-10,2025-06-10,Pago,fk_invalida:matricula_id
20669,1723,2025-11-01,35,2025-02-11,2025-05-11,Pago,fk_invalida:matricula_id
20672,1723,2026-02-01,99,2026-01-02,2026-01-02,Pago,fk_invalida:matricula_id
20677,1724,2025-07-01,399,2025-06-07,2025-07-07,Pago,fk_invalida:matricula_id
20679,1724,2025-09-01,199,2025-01-09,2025-05-09,Pago,fk_invalida:matricula_id
20680,1724,2025-10-01,699,2025-01-10,,Vencido,fk_invalida:matricula_id
20681,1724,2025-11-01,399,2025-02-11,2025-12-11,Pago,fk_invalida:matricula_id
20685,1724,2026-03-01,99,2026-01-03,,Vencido,fk_invalida:matricula_id
20689,1725,2025-07-01,149,2025-01-07,,Vencido,fk_invalida:matricula_id
20690,1725,2025-08-01,1199,2025-02-08,2025-09-08,Pago,fk_invalida:matricula_id
20701,1726,2025-07-01,109,2025-02-07,2025-05-07,Pago,fk_invalida:matricula_id
20703,1726,2025-09-01,1199,2025-02-09,,Vencido,fk_invalida:matricula_id
20704,1726,2025-10-01,399,2025-04-10,2025-03-10,Pago,fk_invalida:matricula_id
20707,1726,2026-01-01,399,2026-01-01,2026-09-01,Pago,fk_invalida:matricula_id
20709,1726,2026-03-01,149,2026-02-03,2026-11-03,Pago,fk_invalida:matricula_id
20710,1726,2026-04-01,109,2026-01-04,2026-10-04,Pago,fk_invalida:matricula_id
20713,1727,2025-07-01,1199,2025-04-07,2025-05-07,Pago,fk_invalida:matricula_id
20714,1727,2025-08-01,199,2025-05-08,2025-08-08,Pago,fk_invalida:matricula_id
20723,1727,2026-05-01,699,2026-02-05,2026-01-05,Pago,fk_invalida:matricula_id
20725,1728,2025-07-01,149,2025-02-07,2025-08-07,Pago,fk_invalida:matricula_id
20735,1728,2026-05-01,99,2026-02-05,2026-03-05,Pago,fk_invalida:matricula_id
20740,1729,2025-10-01,35,2025-04-10,2025-09-10,Pago,fk_invalida:matricula_id
20742,1729,2025-12-01,99,2025-02-12,,Vencido,fk_invalida:matricula_id
20749,1730,2025-07-01,399,2025-05-07,2025-08-07,Pago,fk_invalida:matricula_id
20750,1730,2025-08-01,35,2025-04-08,2025-08-08,Pago,fk_invalida:matricula_id
20751,1730,2025-09-01,1199,2025-04-09,2025-04-09,Pago,fk_invalida:matricula_id
20752,1730,2025-10-01,109,2025-01-10,,Vencido,fk_invalida:matricula_id
20754,1730,2025-12-01,149,2025-02-12,2025-07-12,Pago,fk_invalida:matricula_id
20757,1730,2026-03-01,99,2026-03-03,2026-09-03,Pago,fk_invalida:matricula_id
20758,1730,2026-04-01,99,2026-01-04,,Vencido,fk_invalida:matricula_id
20759,1730,2026-05-01,99,2026-02-05,2026-03-05,Pago,fk_invalida:matricula_id
20764,1731,2025-10-01,99,2025-01-10,2025-09-10,Pago,fk_invalida:matricula_id
20769,1731,2026-03-01,99,2026-01-03,,Vencido,fk_invalida:matricula_id
20770,1731,2026-04-01,699,2026-01-04,2026-07-04,Pago,fk_invalida:matricula_id
20771,1731,2026-05-01,699,2026-01-05,2026-06-05,Pago,fk_invalida:matricula_id
20772,1731,2026-06-01,99,2026-01-06,,Vencido,fk_invalida:matricula_id
20774,1732,2025-08-01,699,2025-02-08,,Vencido,fk_invalida:matricula_id
20775,1732,2025-09-01,399,2025-03-09,2025-02-09,Pago,fk_invalida:matricula_id
20777,1732,2025-11-01,399,2025-03-11,2025-04-11,Pago,fk_invalida:matricula_id
20778,1732,2025-12-01,109,2025-01-12,2025-11-12,Pago,fk_invalida:matricula_id
20782,1732,2026-04-01,699,2026-02-04,2026-02-04,Pago,fk_invalida:matricula_id
20785,1733,2025-07-01,399,2025-05-07,2025-06-07,Pago,fk_invalida:matricula_id
20786,1733,2025-08-01,35,2025-01-08,2025-12-08,Pago,fk_invalida:matricula_id
20793,1733,2026-03-01,109,2026-01-03,2026-02-03,Pago,fk_invalida:matricula_id
20797,1734,2025-07-01,109,2025-05-07,2025-04-07,Pago,fk_invalida:matricula_id
20798,1734,2025-08-01,199,2025-02-08,2025-12-08,Pago,fk_invalida:matricula_id
20810,1735,2025-08-01,35,2025-03-08,2025-01-08,Pago,fk_invalida:matricula_id
20812,1735,2025-10-01,699,2025-03-10,2025-12-10,Pago,fk_invalida:matricula_id
20822,1736,2025-08-01,109,2025-05-08,2025-04-08,Pago,fk_invalida:matricula_id
20823,1736,2025-09-01,149,2025-04-09,2025-09-09,Pago,fk_invalida:matricula_id
20831,1736,2026-05-01,399,2026-01-05,2026-10-05,Pago,fk_invalida:matricula_id
20833,1737,2025-07-01,699,2025-01-07,,Vencido,fk_invalida:matricula_id
20834,1737,2025-08-01,399,2025-04-08,2025-02-08,Pago,fk_invalida:matricula_id
20836,1737,2025-10-01,699,2025-04-10,2025-06-10,Pago,fk_invalida:matricula_id
20843,1737,2026-05-01,109,2026-01-05,2026-06-05,Pago,fk_invalida:matricula_id
20849,1738,2025-11-01,149,2025-01-11,2025-06-11,Pago,fk_invalida:matricula_id
20850,1738,2025-12-01,149,2025-02-12,2025-11-12,Pago,fk_invalida:matricula_id
20852,1738,2026-02-01,35,2026-01-02,2026-05-02,Pago,fk_invalida:matricula_id
20853,1738,2026-03-01,35,2026-01-03,2026-10-03,Pago,fk_invalida:matricula_id
20857,1739,2025-07-01,99,2025-03-07,2025-01-07,Pago,fk_invalida:matricula_id
20859,1739,2025-09-01,199,2025-04-09,2025-09-09,Pago,fk_invalida:matricula_id
20860,1739,2025-10-01,1199,2025-02-10,2025-06-10,Pago,fk_invalida:matricula_id
20865,1739,2026-03-01,109,2026-02-03,2026-10-03,Pago,fk_invalida:matricula_id
20870,1740,2025-08-01,149,2025-02-08,2025-07-08,Pago,fk_invalida:matricula_id
20871,1740,2025-09-01,1199,2025-03-09,2025-12-09,Pago,fk_invalida:matricula_id
20872,1740,2025-10-01,199,2025-04-10,2025-06-10,Pago,fk_invalida:matricula_id
20873,1740,2025-11-01,1199,2025-02-11,2025-05-11,Pago,fk_invalida:matricula_id
20875,1740,2026-01-01,199,2026-02-01,,Vencido,fk_invalida:matricula_id
20878,1740,2026-04-01,399,2026-01-04,2026-08-04,Pago,fk_invalida:matricula_id
20881,1741,2025-07-01,35,2025-06-07,,Vencido,fk_invalida:matricula_id
20882,1741,2025-08-01,699,2025-05-08,2025-03-08,Pago,fk_invalida:matricula_id
20883,1741,2025-09-01,699,2025-03-09,2025-06-09,Pago,fk_invalida:matricula_id
20884,1741,2025-10-01,99,2025-01-10,2025-08-10,Pago,fk_invalida:matricula_id
20893,1742,2025-07-01,1199,2025-04-07,2025-07-07,Pago,fk_invalida:matricula_id
20899,1742,2026-01-01,199,2026-02-01,2026-07-01,Pago,fk_invalida:matricula_id
20901,1742,2026-03-01,149,2026-01-03,2026-05-03,Pago,fk_invalida:matricula_id
20905,1743,2025-07-01,109,2025-04-07,2025-08-07,Pago,fk_invalida:matricula_id
20906,1743,2025-08-01,149,2025-02-08,2025-01-08,Pago,fk_invalida:matricula_id
20907,1743,2025-09-01,35,2025-02-09,2025-11-09,Pago,fk_invalida:matricula_id
20909,1743,2025-11-01,35,2025-03-11,2025-07-11,Pago,fk_invalida:matricula_id
20915,1743,2026-05-01,99,2026-01-05,,Vencido,fk_invalida:matricula_id
20917,1744,2025-07-01,1199,2025-06-07,2025-10-07,Pago,fk_invalida:matricula_id
20919,1744,2025-09-01,399,2025-03-09,2025-10-09,Pago,fk_invalida:matricula_id
20929,1745,2025-07-01,199,2025-04-07,2025-02-07,Pago,fk_invalida:matricula_id
20932,1745,2025-10-01,149,2025-04-10,2025-09-10,Pago,fk_invalida:matricula_id
20934,1745,2025-12-01,35,2025-02-12,2025-07-12,Pago,fk_invalida:matricula_id
20942,1746,2025-08-01,1199,2025-03-08,2025-12-08,Pago,fk_invalida:matricula_id
20943,1746,2025-09-01,699,2025-01-09,2025-03-09,Pago,fk_invalida:matricula_id
20944,1746,2025-10-01,399,2025-01-10,,Vencido,fk_invalida:matricula_id
20945,1746,2025-11-01,399,2025-01-11,2025-09-11,Pago,fk_invalida:matricula_id
20947,1746,2026-01-01,699,2026-01-01,2026-12-01,Pago,fk_invalida:matricula_id
20949,1746,2026-03-01,1199,2026-03-03,2026-11-03,Pago,fk_invalida:matricula_id
20953,1747,2025-07-01,109,2025-05-07,,Vencido,fk_invalida:matricula_id
20955,1747,2025-09-01,199,2025-02-09,2025-10-09,Pago,fk_invalida:matricula_id
20956,1747,2025-10-01,399,2025-01-10,2025-10-10,Pago,fk_invalida:matricula_id
20957,1747,2025-11-01,35,2025-01-11,2025-12-11,Pago,fk_invalida:matricula_id
20959,1747,2026-01-01,35,2026-02-01,,Vencido,fk_invalida:matricula_id
20964,1747,2026-06-01,199,2026-01-06,2026-06-06,Pago,fk_invalida:matricula_id
20965,1748,2025-07-01,109,2025-05-07,2025-02-07,Pago,fk_invalida:matricula_id
20968,1748,2025-10-01,149,2025-04-10,2025-02-10,Pago,fk_invalida:matricula_id
20973,1748,2026-03-01,99,2026-02-03,2026-12-03,Pago,fk_invalida:matricula_id
20977,1749,2025-07-01,399,2025-04-07,2025-02-07,Pago,fk_invalida:matricula_id
20978,1749,2025-08-01,109,2025-01-08,2025-10-08,Pago,fk_invalida:matricula_id
20981,1749,2025-11-01,149,2025-01-11,2025-11-11,Pago,fk_invalida:matricula_id
20990,1750,2025-08-01,99,2025-03-08,2025-01-08,Pago,fk_invalida:matricula_id
20994,1750,2025-12-01,699,2025-01-12,,Vencido,fk_invalida:matricula_id
20996,1750,2026-02-01,35,2026-01-02,2026-08-02,Pago,fk_invalida:matricula_id
20998,1750,2026-04-01,399,2026-02-04,2026-03-04,Pago,fk_invalida:matricula_id
21002,1751,2025-08-01,699,2025-05-08,2025-09-08,Pago,fk_invalida:matricula_id
21004,1751,2025-10-01,35,2025-02-10,2025-10-10,Pago,fk_invalida:matricula_id
21009,1751,2026-03-01,109,2026-03-03,2026-03-03,Pago,fk_invalida:matricula_id
21013,1752,2025-07-01,149,2025-02-07,2025-05-07,Pago,fk_invalida:matricula_id
21014,1752,2025-08-01,399,2025-05-08,,Vencido,fk_invalida:matricula_id
21015,1752,2025-09-01,35,2025-03-09,2025-04-09,Pago,fk_invalida:matricula_id
21017,1752,2025-11-01,35,2025-02-11,,Vencido,fk_invalida:matricula_id
21025,1753,2025-07-01,699,2025-04-07,2025-01-07,Pago,fk_invalida:matricula_id
21026,1753,2025-08-01,699,2025-04-08,2025-06-08,Pago,fk_invalida:matricula_id
21030,1753,2025-12-01,109,2025-02-12,2025-04-12,Pago,fk_invalida:matricula_id
21042,1754,2025-12-01,699,2025-01-12,2025-12-12,Pago,fk_invalida:matricula_id
21047,1754,2026-05-01,109,2026-01-05,2026-02-05,Pago,fk_invalida:matricula_id
21049,1755,2025-07-01,399,2025-03-07,2025-03-07,Pago,fk_invalida:matricula_id
21050,1755,2025-08-01,1199,2025-01-08,2025-05-08,Pago,fk_invalida:matricula_id
21054,1755,2025-12-01,35,2025-01-12,2025-08-12,Pago,fk_invalida:matricula_id
21062,1756,2025-08-01,35,2025-01-08,2025-09-08,Pago,fk_invalida:matricula_id
21064,1756,2025-10-01,109,2025-01-10,2025-08-10,Pago,fk_invalida:matricula_id
21073,1757,2025-07-01,35,2025-02-07,2025-09-07,Pago,fk_invalida:matricula_id
21074,1757,2025-08-01,99,2025-05-08,2025-02-08,Pago,fk_invalida:matricula_id
21079,1757,2026-01-01,199,2026-01-01,2026-10-01,Pago,fk_invalida:matricula_id
21082,1757,2026-04-01,699,2026-02-04,2026-12-04,Pago,fk_invalida:matricula_id
21085,1758,2025-07-01,149,2025-06-07,2025-08-07,Pago,fk_invalida:matricula_id
21086,1758,2025-08-01,1199,2025-05-08,2025-09-08,Pago,fk_invalida:matricula_id
21088,1758,2025-10-01,109,2025-04-10,2025-04-10,Pago,fk_invalida:matricula_id
21090,1758,2025-12-01,1199,2025-03-12,2025-08-12,Pago,fk_invalida:matricula_id
21091,1758,2026-01-01,35,2026-01-01,2026-06-01,Pago,fk_invalida:matricula_id
21097,1759,2025-07-01,699,2025-01-07,2025-02-07,Pago,fk_invalida:matricula_id
21098,1759,2025-08-01,399,2025-03-08,2025-02-08,Pago,fk_invalida:matricula_id
21099,1759,2025-09-01,199,2025-03-09,2025-03-09,Pago,fk_invalida:matricula_id
21100,1759,2025-10-01,99,2025-01-10,2025-11-10,Pago,fk_invalida:matricula_id
21103,1759,2026-01-01,199,2026-01-01,2026-10-01,Pago,fk_invalida:matricula_id
21105,1759,2026-03-01,149,2026-01-03,2026-05-03,Pago,fk_invalida:matricula_id
21107,1759,2026-05-01,99,2026-02-05,2026-10-05,Pago,fk_invalida:matricula_id
21109,1760,2025-07-01,199,2025-05-07,2025-08-07,Pago,fk_invalida:matricula_id
21112,1760,2025-10-01,699,2025-03-10,2025-01-10,Pago,fk_invalida:matricula_id
21113,1760,2025-11-01,399,2025-02-11,2025-09-11,Pago,fk_invalida:matricula_id
21118,1760,2026-04-01,109,2026-02-04,2026-01-04,Pago,fk_invalida:matricula_id
21123,1761,2025-09-01,149,2025-03-09,2025-08-09,Pago,fk_invalida:matricula_id
21126,1761,2025-12-01,199,2025-01-12,2025-05-12,Pago,fk_invalida:matricula_id
21134,1762,2025-08-01,699,2025-05-08,2025-04-08,Pago,fk_invalida:matricula_id
21135,1762,2025-09-01,399,2025-01-09,2025-11-09,Pago,fk_invalida:matricula_id
21136,1762,2025-10-01,1199,2025-02-10,2025-05-10,Pago,fk_invalida:matricula_id
21148,1763,2025-10-01,399,2025-01-10,,Vencido,fk_invalida:matricula_id
21149,1763,2025-11-01,1199,2025-01-11,2025-06-11,Pago,fk_invalida:matricula_id
21155,1763,2026-05-01,35,2026-02-05,2026-03-05,Pago,fk_invalida:matricula_id
21158,1764,2025-08-01,99,2025-03-08,2025-12-08,Pago,fk_invalida:matricula_id
21160,1764,2025-10-01,1199,2025-03-10,2025-12-10,Pago,fk_invalida:matricula_id
21161,1764,2025-11-01,199,2025-03-11,2025-06-11,Pago,fk_invalida:matricula_id
21162,1764,2025-12-01,109,2025-03-12,2025-07-12,Pago,fk_invalida:matricula_id
21165,1764,2026-03-01,699,2026-03-03,2026-11-03,Pago,fk_invalida:matricula_id
21169,1765,2025-07-01,149,2025-03-07,2025-01-07,Pago,fk_invalida:matricula_id
21170,1765,2025-08-01,109,2025-03-08,2025-11-08,Pago,fk_invalida:matricula_id
21172,1765,2025-10-01,1199,2025-04-10,2025-11-10,Pago,fk_invalida:matricula_id
21181,1766,2025-07-01,399,2025-04-07,,Vencido,fk_invalida:matricula_id
21182,1766,2025-08-01,199,2025-05-08,2025-05-08,Pago,fk_invalida:matricula_id
21183,1766,2025-09-01,99,2025-02-09,2025-04-09,Pago,fk_invalida:matricula_id
21184,1766,2025-10-01,99,2025-04-10,,Vencido,fk_invalida:matricula_id
21187,1766,2026-01-01,149,2026-01-01,2026-07-01,Pago,fk_invalida:matricula_id
21194,1767,2025-08-01,149,2025-04-08,2025-08-08,Pago,fk_invalida:matricula_id
21195,1767,2025-09-01,149,2025-03-09,2025-12-09,Pago,fk_invalida:matricula_id
21196,1767,2025-10-01,399,2025-02-10,2025-07-10,Pago,fk_invalida:matricula_id
21199,1767,2026-01-01,149,2026-02-01,2026-09-01,Pago,fk_invalida:matricula_id
21200,1767,2026-02-01,399,2026-01-02,2026-05-02,Pago,fk_invalida:matricula_id
21202,1767,2026-04-01,1199,2026-02-04,2026-01-04,Pago,fk_invalida:matricula_id
21204,1767,2026-06-01,699,2026-01-06,,Vencido,fk_invalida:matricula_id
21206,1768,2025-08-01,99,2025-04-08,2025-06-08,Pago,fk_invalida:matricula_id
21209,1768,2025-11-01,109,2025-01-11,2025-06-11,Pago,fk_invalida:matricula_id
21217,1769,2025-07-01,699,2025-06-07,2025-04-07,Pago,fk_invalida:matricula_id
21218,1769,2025-08-01,149,2025-05-08,2025-06-08,Pago,fk_invalida:matricula_id
21229,1770,2025-07-01,149,2025-04-07,2025-11-07,Pago,fk_invalida:matricula_id
21232,1770,2025-10-01,199,2025-01-10,2025-11-10,Pago,fk_invalida:matricula_id
21239,1770,2026-05-01,699,2026-01-05,,Vencido,fk_invalida:matricula_id
21241,1771,2025-07-01,99,2025-02-07,,Vencido,fk_invalida:matricula_id
21243,1771,2025-09-01,35,2025-01-09,2025-04-09,Pago,fk_invalida:matricula_id
21247,1771,2026-01-01,109,2026-02-01,2026-08-01,Pago,fk_invalida:matricula_id
21251,1771,2026-05-01,99,2026-01-05,2026-07-05,Pago,fk_invalida:matricula_id
21256,1772,2025-10-01,399,2025-03-10,,Vencido,fk_invalida:matricula_id
21268,1773,2025-10-01,699,2025-03-10,2025-05-10,Pago,fk_invalida:matricula_id
21269,1773,2025-11-01,399,2025-01-11,,Vencido,fk_invalida:matricula_id
21270,1773,2025-12-01,199,2025-03-12,2025-05-12,Pago,fk_invalida:matricula_id
21277,1774,2025-07-01,1199,2025-03-07,2025-02-07,Pago,fk_invalida:matricula_id
21279,1774,2025-09-01,399,2025-02-09,2025-03-09,Pago,fk_invalida:matricula_id
21285,1774,2026-03-01,699,2026-01-03,2026-01-03,Pago,fk_invalida:matricula_id
21287,1774,2026-05-01,1199,2026-02-05,2026-06-05,Pago,fk_invalida:matricula_id
21289,1775,2025-07-01,149,2025-03-07,,Vencido,fk_invalida:matricula_id
21290,1775,2025-08-01,35,2025-05-08,,Vencido,fk_invalida:matricula_id
21297,1775,2026-03-01,399,2026-01-03,2026-07-03,Pago,fk_invalida:matricula_id
21302,1776,2025-08-01,199,2025-02-08,2025-07-08,Pago,fk_invalida:matricula_id
21304,1776,2025-10-01,99,2025-04-10,2025-03-10,Pago,fk_invalida:matricula_id
21309,1776,2026-03-01,199,2026-01-03,2026-04-03,Pago,fk_invalida:matricula_id
21313,1777,2025-07-01,149,2025-05-07,2025-08-07,Pago,fk_invalida:matricula_id
21318,1777,2025-12-01,399,2025-03-12,,Vencido,fk_invalida:matricula_id
21332,1778,2026-02-01,35,2026-01-02,2026-06-02,Pago,fk_invalida:matricula_id
21340,1779,2025-10-01,1199,2025-02-10,2025-10-10,Pago,fk_invalida:matricula_id
21341,1779,2025-11-01,99,2025-01-11,2025-04-11,Pago,fk_invalida:matricula_id
21346,1779,2026-04-01,99,2026-02-04,2026-08-04,Pago,fk_invalida:matricula_id
21350,1780,2025-08-01,149,2025-03-08,2025-07-08,Pago,fk_invalida:matricula_id
21357,1780,2026-03-01,35,2026-02-03,,Vencido,fk_invalida:matricula_id
21361,1781,2025-07-01,35,2025-05-07,,Vencido,fk_invalida:matricula_id
21363,1781,2025-09-01,99,2025-01-09,,Vencido,fk_invalida:matricula_id
21364,1781,2025-10-01,35,2025-04-10,,Vencido,fk_invalida:matricula_id
21372,1781,2026-06-01,149,2026-01-06,2026-04-06,Pago,fk_invalida:matricula_id
21373,1782,2025-07-01,109,2025-03-07,2025-05-07,Pago,fk_invalida:matricula_id
21374,1782,2025-08-01,149,2025-05-08,2025-11-08,Pago,fk_invalida:matricula_id
21376,1782,2025-10-01,199,2025-02-10,2025-08-10,Pago,fk_invalida:matricula_id
21380,1782,2026-02-01,699,2026-01-02,2026-08-02,Pago,fk_invalida:matricula_id
21382,1782,2026-04-01,699,2026-01-04,2026-08-04,Pago,fk_invalida:matricula_id
21388,1783,2025-10-01,199,2025-04-10,2025-06-10,Pago,fk_invalida:matricula_id
21389,1783,2025-11-01,35,2025-01-11,2025-12-11,Pago,fk_invalida:matricula_id
21390,1783,2025-12-01,1199,2025-02-12,2025-08-12,Pago,fk_invalida:matricula_id
21399,1784,2025-09-01,149,2025-01-09,2025-08-09,Pago,fk_invalida:matricula_id
21403,1784,2026-01-01,699,2026-01-01,2026-02-01,Pago,fk_invalida:matricula_id
21405,1784,2026-03-01,199,2026-03-03,2026-01-03,Pago,fk_invalida:matricula_id
21406,1784,2026-04-01,1199,2026-02-04,2026-04-04,Pago,fk_invalida:matricula_id
21409,1785,2025-07-01,199,2025-05-07,2025-08-07,Pago,fk_invalida:matricula_id
21410,1785,2025-08-01,199,2025-01-08,2025-07-08,Pago,fk_invalida:matricula_id
21411,1785,2025-09-01,1199,2025-01-09,2025-09-09,Pago,fk_invalida:matricula_id
21413,1785,2025-11-01,399,2025-02-11,2025-02-11,Pago,fk_invalida:matricula_id
21417,1785,2026-03-01,399,2026-01-03,2026-05-03,Pago,fk_invalida:matricula_id
21420,1785,2026-06-01,1199,2026-01-06,2026-07-06,Pago,fk_invalida:matricula_id
21421,1786,2025-07-01,699,2025-04-07,2025-05-07,Pago,fk_invalida:matricula_id
21424,1786,2025-10-01,1199,2025-01-10,2025-12-10,Pago,fk_invalida:matricula_id
21428,1786,2026-02-01,109,2026-01-02,2026-03-02,Pago,fk_invalida:matricula_id
21430,1786,2026-04-01,199,2026-01-04,2026-09-04,Pago,fk_invalida:matricula_id
21433,1787,2025-07-01,1199,2025-05-07,2025-06-07,Pago,fk_invalida:matricula_id
21441,1787,2026-03-01,1199,2026-03-03,2026-04-03,Pago,fk_invalida:matricula_id
21450,1788,2025-12-01,199,2025-03-12,2025-12-12,Pago,fk_invalida:matricula_id
21455,1788,2026-05-01,99,2026-01-05,,Vencido,fk_invalida:matricula_id
21457,1789,2025-07-01,1199,2025-05-07,,Vencido,fk_invalida:matricula_id
21458,1789,2025-08-01,1199,2025-04-08,2025-05-08,Pago,fk_invalida:matricula_id
21459,1789,2025-09-01,35,2025-03-09,2025-06-09,Pago,fk_invalida:matricula_id
21460,1789,2025-10-01,399,2025-01-10,2025-07-10,Pago,fk_invalida:matricula_id
21464,1789,2026-02-01,149,2026-01-02,2026-04-02,Pago,fk_invalida:matricula_id
21465,1789,2026-03-01,699,2026-03-03,2026-07-03,Pago,fk_invalida:matricula_id
21466,1789,2026-04-01,399,2026-02-04,2026-09-04,Pago,fk_invalida:matricula_id
21469,1790,2025-07-01,199,2025-02-07,2025-12-07,Pago,fk_invalida:matricula_id
21470,1790,2025-08-01,399,2025-05-08,2025-12-08,Pago,fk_invalida:matricula_id
21472,1790,2025-10-01,199,2025-01-10,2025-07-10,Pago,fk_invalida:matricula_id
21474,1790,2025-12-01,149,2025-01-12,2025-07-12,Pago,fk_invalida:matricula_id
21477,1790,2026-03-01,699,2026-02-03,2026-08-03,Pago,fk_invalida:matricula_id
21482,1791,2025-08-01,99,2025-04-08,2025-11-08,Pago,fk_invalida:matricula_id
21484,1791,2025-10-01,1199,2025-03-10,2025-03-10,Pago,fk_invalida:matricula_id
21489,1791,2026-03-01,199,2026-01-03,,Vencido,fk_invalida:matricula_id
21490,1791,2026-04-01,99,2026-02-04,,Vencido,fk_invalida:matricula_id
21493,1792,2025-07-01,149,2025-01-07,,Vencido,fk_invalida:matricula_id
21494,1792,2025-08-01,1199,2025-01-08,2025-02-08,Pago,fk_invalida:matricula_id
21497,1792,2025-11-01,399,2025-02-11,2025-05-11,Pago,fk_invalida:matricula_id
21506,1793,2025-08-01,1199,2025-03-08,2025-05-08,Pago,fk_invalida:matricula_id
21508,1793,2025-10-01,699,2025-04-10,2025-01-10,Pago,fk_invalida:matricula_id
21513,1793,2026-03-01,199,2026-03-03,2026-01-03,Pago,fk_invalida:matricula_id
21514,1793,2026-04-01,1199,2026-02-04,,Vencido,fk_invalida:matricula_id
21515,1793,2026-05-01,35,2026-01-05,2026-02-05,Pago,fk_invalida:matricula_id
21517,1794,2025-07-01,149,2025-01-07,2025-07-07,Pago,fk_invalida:matricula_id
21520,1794,2025-10-01,1199,2025-04-10,2025-12-10,Pago,fk_invalida:matricula_id
21529,1795,2025-07-01,99,2025-05-07,2025-11-07,Pago,fk_invalida:matricula_id
21531,1795,2025-09-01,109,2025-02-09,2025-05-09,Pago,fk_invalida:matricula_id
21534,1795,2025-12-01,699,2025-02-12,2025-03-12,Pago,fk_invalida:matricula_id
21535,1795,2026-01-01,149,2026-02-01,2026-01-01,Pago,fk_invalida:matricula_id
21537,1795,2026-03-01,109,2026-02-03,2026-09-03,Pago,fk_invalida:matricula_id
21541,1796,2025-07-01,109,2025-03-07,2025-10-07,Pago,fk_invalida:matricula_id
21542,1796,2025-08-01,109,2025-03-08,2025-03-08,Pago,fk_invalida:matricula_id
21543,1796,2025-09-01,1199,2025-03-09,2025-04-09,Pago,fk_invalida:matricula_id
21551,1796,2026-05-01,109,2026-01-05,2026-07-05,Pago,fk_invalida:matricula_id
21552,1796,2026-06-01,109,2026-01-06,,Vencido,fk_invalida:matricula_id
21553,1797,2025-07-01,149,2025-02-07,2025-03-07,Pago,fk_invalida:matricula_id
21555,1797,2025-09-01,149,2025-02-09,2025-09-09,Pago,fk_invalida:matricula_id
21557,1797,2025-11-01,35,2025-01-11,,Vencido,fk_invalida:matricula_id
21563,1797,2026-05-01,699,2026-01-05,2026-05-05,Pago,fk_invalida:matricula_id
21564,1797,2026-06-01,99,2026-01-06,2026-10-06,Pago,fk_invalida:matricula_id
21565,1798,2025-07-01,109,2025-06-07,2025-04-07,Pago,fk_invalida:matricula_id
21569,1798,2025-11-01,109,2025-03-11,2025-01-11,Pago,fk_invalida:matricula_id
21577,1799,2025-07-01,1199,2025-03-07,2025-08-07,Pago,fk_invalida:matricula_id
21578,1799,2025-08-01,109,2025-02-08,2025-11-08,Pago,fk_invalida:matricula_id
21580,1799,2025-10-01,99,2025-04-10,2025-06-10,Pago,fk_invalida:matricula_id
21589,1800,2025-07-01,199,2025-02-07,2025-06-07,Pago,fk_invalida:matricula_id
21590,1800,2025-08-01,149,2025-03-08,2025-07-08,Pago,fk_invalida:matricula_id
21591,1800,2025-09-01,399,2025-04-09,2025-12-09,Pago,fk_invalida:matricula_id
21592,1800,2025-10-01,99,2025-01-10,2025-11-10,Pago,fk_invalida:matricula_id
21594,1800,2025-12-01,149,2025-02-12,2025-06-12,Pago,fk_invalida:matricula_id
21595,1800,2026-01-01,35,2026-02-01,2026-04-01,Pago,fk_invalida:matricula_id
21596,1800,2026-02-01,35,2026-01-02,2026-03-02,Pago,fk_invalida:matricula_id
21597,1800,2026-03-01,109,2026-03-03,2026-05-03,Pago,fk_invalida:matricula_id
21601,1801,2025-07-01,35,2025-05-07,,Vencido,fk_invalida:matricula_id
21602,1801,2025-08-01,199,2025-04-08,2025-07-08,Pago,fk_invalida:matricula_id
21604,1801,2025-10-01,199,2025-01-10,2025-05-10,Pago,fk_invalida:matricula_id
21610,1801,2026-04-01,699,2026-02-04,2026-10-04,Pago,fk_invalida:matricula_id
21613,1802,2025-07-01,149,2025-03-07,2025-08-07,Pago,fk_invalida:matricula_id
21614,1802,2025-08-01,99,2025-05-08,2025-04-08,Pago,fk_invalida:matricula_id
21617,1802,2025-11-01,149,2025-02-11,2025-03-11,Pago,fk_invalida:matricula_id
21625,1803,2025-07-01,199,2025-02-07,2025-06-07,Pago,fk_invalida:matricula_id
21626,1803,2025-08-01,99,2025-02-08,,Vencido,fk_invalida:matricula_id
21627,1803,2025-09-01,99,2025-04-09,2025-02-09,Pago,fk_invalida:matricula_id
21628,1803,2025-10-01,149,2025-03-10,2025-12-10,Pago,fk_invalida:matricula_id
21633,1803,2026-03-01,99,2026-03-03,2026-01-03,Pago,fk_invalida:matricula_id
21637,1804,2025-07-01,699,2025-04-07,2025-03-07,Pago,fk_invalida:matricula_id
21638,1804,2025-08-01,199,2025-05-08,2025-10-08,Pago,fk_invalida:matricula_id
21639,1804,2025-09-01,149,2025-02-09,2025-10-09,Pago,fk_invalida:matricula_id
21652,1805,2025-10-01,35,2025-04-10,,Vencido,fk_invalida:matricula_id
21655,1805,2026-01-01,35,2026-02-01,,Vencido,fk_invalida:matricula_id
21659,1805,2026-05-01,35,2026-01-05,2026-10-05,Pago,fk_invalida:matricula_id
21663,1806,2025-09-01,99,2025-03-09,,Vencido,fk_invalida:matricula_id
21664,1806,2025-10-01,149,2025-03-10,2025-09-10,Pago,fk_invalida:matricula_id
21665,1806,2025-11-01,399,2025-02-11,2025-10-11,Pago,fk_invalida:matricula_id
21677,1807,2025-11-01,199,2025-03-11,2025-08-11,Pago,fk_invalida:matricula_id
21679,1807,2026-01-01,199,2026-01-01,2026-04-01,Pago,fk_invalida:matricula_id
21683,1807,2026-05-01,199,2026-02-05,2026-04-05,Pago,fk_invalida:matricula_id
21685,1808,2025-07-01,99,2025-05-07,2025-06-07,Pago,fk_invalida:matricula_id
21696,1808,2026-06-01,35,2026-01-06,2026-09-06,Pago,fk_invalida:matricula_id
21697,1809,2025-07-01,1199,2025-02-07,2025-07-07,Pago,fk_invalida:matricula_id
21701,1809,2025-11-01,199,2025-03-11,,Vencido,fk_invalida:matricula_id
21702,1809,2025-12-01,699,2025-02-12,2025-04-12,Pago,fk_invalida:matricula_id
21705,1809,2026-03-01,1199,2026-02-03,2026-07-03,Pago,fk_invalida:matricula_id
21709,1810,2025-07-01,199,2025-05-07,2025-12-07,Pago,fk_invalida:matricula_id
21711,1810,2025-09-01,149,2025-04-09,2025-01-09,Pago,fk_invalida:matricula_id
21712,1810,2025-10-01,399,2025-02-10,2025-08-10,Pago,fk_invalida:matricula_id
21713,1810,2025-11-01,1199,2025-02-11,2025-09-11,Pago,fk_invalida:matricula_id
21715,1810,2026-01-01,109,2026-02-01,2026-05-01,Pago,fk_invalida:matricula_id
21718,1810,2026-04-01,699,2026-02-04,,Vencido,fk_invalida:matricula_id
21726,1811,2025-12-01,149,2025-02-12,2025-10-12,Pago,fk_invalida:matricula_id
21738,1812,2025-12-01,109,2025-03-12,2025-12-12,Pago,fk_invalida:matricula_id
21743,1812,2026-05-01,109,2026-02-05,2026-02-05,Pago,fk_invalida:matricula_id
21748,1813,2025-10-01,149,2025-04-10,2025-01-10,Pago,fk_invalida:matricula_id
21749,1813,2025-11-01,109,2025-03-11,2025-03-11,Pago,fk_invalida:matricula_id
21751,1813,2026-01-01,109,2026-02-01,,Vencido,fk_invalida:matricula_id
21753,1813,2026-03-01,1199,2026-03-03,2026-09-03,Pago,fk_invalida:matricula_id
21755,1813,2026-05-01,1199,2026-02-05,2026-05-05,Pago,fk_invalida:matricula_id
21758,1814,2025-08-01,99,2025-05-08,,Vencido,fk_invalida:matricula_id
21760,1814,2025-10-01,99,2025-02-10,2025-05-10,Pago,fk_invalida:matricula_id
21763,1814,2026-01-01,149,2026-01-01,2026-07-01,Pago,fk_invalida:matricula_id
21769,1815,2025-07-01,109,2025-06-07,2025-06-07,Pago,fk_invalida:matricula_id
21780,1815,2026-06-01,149,2026-01-06,2026-08-06,Pago,fk_invalida:matricula_id
21781,1816,2025-07-01,699,2025-03-07,2025-04-07,Pago,fk_invalida:matricula_id
21782,1816,2025-08-01,399,2025-02-08,2025-09-08,Pago,fk_invalida:matricula_id
21783,1816,2025-09-01,109,2025-03-09,2025-05-09,Pago,fk_invalida:matricula_id
21785,1816,2025-11-01,149,2025-03-11,2025-06-11,Pago,fk_invalida:matricula_id
21786,1816,2025-12-01,399,2025-01-12,2025-08-12,Pago,fk_invalida:matricula_id
21794,1817,2025-08-01,35,2025-01-08,,Vencido,fk_invalida:matricula_id
21795,1817,2025-09-01,149,2025-03-09,2025-10-09,Pago,fk_invalida:matricula_id
21796,1817,2025-10-01,699,2025-04-10,,Vencido,fk_invalida:matricula_id
21797,1817,2025-11-01,149,2025-01-11,2025-08-11,Pago,fk_invalida:matricula_id
21798,1817,2025-12-01,35,2025-02-12,2025-04-12,Pago,fk_invalida:matricula_id
21806,1818,2025-08-01,1199,2025-03-08,2025-07-08,Pago,fk_invalida:matricula_id
21809,1818,2025-11-01,699,2025-03-11,2025-01-11,Pago,fk_invalida:matricula_id
21810,1818,2025-12-01,399,2025-01-12,2025-02-12,Pago,fk_invalida:matricula_id
21811,1818,2026-01-01,399,2026-02-01,,Vencido,fk_invalida:matricula_id
21815,1818,2026-05-01,149,2026-02-05,2026-05-05,Pago,fk_invalida:matricula_id
21817,1819,2025-07-01,109,2025-03-07,2025-02-07,Pago,fk_invalida:matricula_id
21820,1819,2025-10-01,109,2025-04-10,,Vencido,fk_invalida:matricula_id
21823,1819,2026-01-01,35,2026-01-01,,Vencido,fk_invalida:matricula_id
21830,1820,2025-08-01,699,2025-02-08,,Vencido,fk_invalida:matricula_id
21834,1820,2025-12-01,35,2025-01-12,2025-06-12,Pago,fk_invalida:matricula_id
21835,1820,2026-01-01,199,2026-02-01,2026-11-01,Pago,fk_invalida:matricula_id
21842,1821,2025-08-01,35,2025-04-08,2025-05-08,Pago,fk_invalida:matricula_id
21843,1821,2025-09-01,399,2025-02-09,,Vencido,fk_invalida:matricula_id
21844,1821,2025-10-01,399,2025-02-10,2025-08-10,Pago,fk_invalida:matricula_id
21845,1821,2025-11-01,1199,2025-03-11,,Vencido,fk_invalida:matricula_id
21848,1821,2026-02-01,109,2026-01-02,2026-10-02,Pago,fk_invalida:matricula_id
21850,1821,2026-04-01,99,2026-02-04,2026-06-04,Pago,fk_invalida:matricula_id
21851,1821,2026-05-01,35,2026-02-05,2026-09-05,Pago,fk_invalida:matricula_id
21858,1822,2025-12-01,1199,2025-02-12,2025-12-12,Pago,fk_invalida:matricula_id
21865,1823,2025-07-01,1199,2025-04-07,2025-11-07,Pago,fk_invalida:matricula_id
21875,1823,2026-05-01,399,2026-01-05,2026-05-05,Pago,fk_invalida:matricula_id
21877,1824,2025-07-01,199,2025-03-07,2025-01-07,Pago,fk_invalida:matricula_id
21881,1824,2025-11-01,399,2025-03-11,2025-05-11,Pago,fk_invalida:matricula_id
21882,1824,2025-12-01,699,2025-02-12,2025-02-12,Pago,fk_invalida:matricula_id
21888,1824,2026-06-01,35,2026-01-06,2026-06-06,Pago,fk_invalida:matricula_id
21889,1825,2025-07-01,399,2025-05-07,2025-04-07,Pago,fk_invalida:matricula_id
21890,1825,2025-08-01,1199,2025-02-08,2025-05-08,Pago,fk_invalida:matricula_id
21892,1825,2025-10-01,699,2025-04-10,2025-01-10,Pago,fk_invalida:matricula_id
21896,1825,2026-02-01,199,2026-01-02,2026-11-02,Pago,fk_invalida:matricula_id
21901,1826,2025-07-01,35,2025-01-07,,Vencido,fk_invalida:matricula_id
21902,1826,2025-08-01,99,2025-01-08,2025-12-08,Pago,fk_invalida:matricula_id
21904,1826,2025-10-01,35,2025-02-10,2025-03-10,Pago,fk_invalida:matricula_id
21905,1826,2025-11-01,1199,2025-03-11,2025-09-11,Pago,fk_invalida:matricula_id
21909,1826,2026-03-01,149,2026-02-03,2026-11-03,Pago,fk_invalida:matricula_id
21910,1826,2026-04-01,149,2026-01-04,2026-10-04,Pago,fk_invalida:matricula_id
21911,1826,2026-05-01,699,2026-01-05,2026-03-05,Pago,fk_invalida:matricula_id
21913,1827,2025-07-01,699,2025-05-07,,Vencido,fk_invalida:matricula_id
21925,1828,2025-07-01,1199,2025-04-07,2025-01-07,Pago,fk_invalida:matricula_id
21932,1828,2026-02-01,399,2026-01-02,2026-07-02,Pago,fk_invalida:matricula_id
21934,1828,2026-04-01,199,2026-01-04,2026-05-04,Pago,fk_invalida:matricula_id
21937,1829,2025-07-01,399,2025-03-07,2025-01-07,Pago,fk_invalida:matricula_id
21938,1829,2025-08-01,1199,2025-01-08,2025-09-08,Pago,fk_invalida:matricula_id
21940,1829,2025-10-01,109,2025-03-10,2025-08-10,Pago,fk_invalida:matricula_id
21945,1829,2026-03-01,699,2026-03-03,2026-06-03,Pago,fk_invalida:matricula_id
21946,1829,2026-04-01,35,2026-02-04,2026-06-04,Pago,fk_invalida:matricula_id
21949,1830,2025-07-01,149,2025-02-07,2025-05-07,Pago,fk_invalida:matricula_id
21950,1830,2025-08-01,199,2025-03-08,2025-02-08,Pago,fk_invalida:matricula_id
21961,1831,2025-07-01,149,2025-05-07,2025-03-07,Pago,fk_invalida:matricula_id
21965,1831,2025-11-01,99,2025-02-11,,Vencido,fk_invalida:matricula_id
21967,1831,2026-01-01,99,2026-02-01,2026-05-01,Pago,fk_invalida:matricula_id
21971,1831,2026-05-01,1199,2026-02-05,2026-06-05,Pago,fk_invalida:matricula_id
21981,1832,2026-03-01,199,2026-01-03,,Vencido,fk_invalida:matricula_id
21983,1832,2026-05-01,399,2026-02-05,2026-09-05,Pago,fk_invalida:matricula_id
21985,1833,2025-07-01,399,2025-02-07,2025-05-07,Pago,fk_invalida:matricula_id
21987,1833,2025-09-01,1199,2025-02-09,2025-07-09,Pago,fk_invalida:matricula_id
21993,1833,2026-03-01,99,2026-02-03,2026-02-03,Pago,fk_invalida:matricula_id
21994,1833,2026-04-01,1199,2026-02-04,2026-11-04,Pago,fk_invalida:matricula_id
21997,1834,2025-07-01,199,2025-03-07,2025-07-07,Pago,fk_invalida:matricula_id
21998,1834,2025-08-01,109,2025-01-08,,Vencido,fk_invalida:matricula_id
21999,1834,2025-09-01,149,2025-04-09,2025-05-09,Pago,fk_invalida:matricula_id
22002,1834,2025-12-01,35,2025-01-12,2025-09-12,Pago,fk_invalida:matricula_id
22005,1834,2026-03-01,99,2026-02-03,,Vencido,fk_invalida:matricula_id
22009,1835,2025-07-01,1199,2025-02-07,2025-10-07,Pago,fk_invalida:matricula_id
22010,1835,2025-08-01,199,2025-01-08,2025-07-08,Pago,fk_invalida:matricula_id
22011,1835,2025-09-01,199,2025-02-09,2025-09-09,Pago,fk_invalida:matricula_id
22012,1835,2025-10-01,199,2025-01-10,2025-02-10,Pago,fk_invalida:matricula_id
22017,1835,2026-03-01,35,2026-03-03,2026-08-03,Pago,fk_invalida:matricula_id
22018,1835,2026-04-01,399,2026-02-04,2026-03-04,Pago,fk_invalida:matricula_id
22019,1835,2026-05-01,399,2026-02-05,2026-02-05,Pago,fk_invalida:matricula_id
22021,1836,2025-07-01,399,2025-04-07,2025-03-07,Pago,fk_invalida:matricula_id
22029,1836,2026-03-01,35,2026-03-03,2026-04-03,Pago,fk_invalida:matricula_id
22031,1836,2026-05-01,699,2026-01-05,2026-02-05,Pago,fk_invalida:matricula_id
22033,1837,2025-07-01,99,2025-06-07,2025-07-07,Pago,fk_invalida:matricula_id
22035,1837,2025-09-01,699,2025-02-09,,Vencido,fk_invalida:matricula_id
22041,1837,2026-03-01,35,2026-03-03,2026-07-03,Pago,fk_invalida:matricula_id
22043,1837,2026-05-01,35,2026-01-05,2026-06-05,Pago,fk_invalida:matricula_id
22045,1838,2025-07-01,199,2025-01-07,2025-12-07,Pago,fk_invalida:matricula_id
22047,1838,2025-09-01,1199,2025-04-09,2025-08-09,Pago,fk_invalida:matricula_id
22053,1838,2026-03-01,699,2026-01-03,2026-12-03,Pago,fk_invalida:matricula_id
22057,1839,2025-07-01,149,2025-01-07,2025-04-07,Pago,fk_invalida:matricula_id
22058,1839,2025-08-01,149,2025-04-08,2025-11-08,Pago,fk_invalida:matricula_id
22061,1839,2025-11-01,199,2025-03-11,2025-10-11,Pago,fk_invalida:matricula_id
22067,1839,2026-05-01,149,2026-02-05,,Vencido,fk_invalida:matricula_id
22072,1840,2025-10-01,399,2025-02-10,,Vencido,fk_invalida:matricula_id
22080,1840,2026-06-01,699,2026-01-06,2026-03-06,Pago,fk_invalida:matricula_id
22082,1841,2025-08-01,149,2025-02-08,2025-02-08,Pago,fk_invalida:matricula_id
22083,1841,2025-09-01,149,2025-03-09,2025-12-09,Pago,fk_invalida:matricula_id
22086,1841,2025-12-01,399,2025-03-12,,Vencido,fk_invalida:matricula_id
22089,1841,2026-03-01,99,2026-01-03,2026-02-03,Pago,fk_invalida:matricula_id
22093,1842,2025-07-01,1199,2025-04-07,2025-07-07,Pago,fk_invalida:matricula_id
22094,1842,2025-08-01,149,2025-01-08,2025-11-08,Pago,fk_invalida:matricula_id
22095,1842,2025-09-01,109,2025-04-09,2025-12-09,Pago,fk_invalida:matricula_id
22096,1842,2025-10-01,149,2025-02-10,,Vencido,fk_invalida:matricula_id
22097,1842,2025-11-01,35,2025-01-11,2025-06-11,Pago,fk_invalida:matricula_id
22102,1842,2026-04-01,399,2026-02-04,2026-11-04,Pago,fk_invalida:matricula_id
22106,1843,2025-08-01,99,2025-02-08,2025-11-08,Pago,fk_invalida:matricula_id
22108,1843,2025-10-01,199,2025-01-10,2025-10-10,Pago,fk_invalida:matricula_id
22110,1843,2025-12-01,109,2025-03-12,2025-05-12,Pago,fk_invalida:matricula_id
22114,1843,2026-04-01,699,2026-01-04,2026-03-04,Pago,fk_invalida:matricula_id
22119,1844,2025-09-01,1199,2025-03-09,2025-04-09,Pago,fk_invalida:matricula_id
22122,1844,2025-12-01,99,2025-02-12,2025-08-12,Pago,fk_invalida:matricula_id
22125,1844,2026-03-01,35,2026-03-03,2026-03-03,Pago,fk_invalida:matricula_id
22126,1844,2026-04-01,35,2026-02-04,2026-04-04,Pago,fk_invalida:matricula_id
22129,1845,2025-07-01,109,2025-06-07,2025-04-07,Pago,fk_invalida:matricula_id
22131,1845,2025-09-01,149,2025-03-09,2025-02-09,Pago,fk_invalida:matricula_id
22138,1845,2026-04-01,399,2026-01-04,2026-01-04,Pago,fk_invalida:matricula_id
22147,1846,2026-01-01,699,2026-02-01,2026-01-01,Pago,fk_invalida:matricula_id
22148,1846,2026-02-01,1199,2026-01-02,2026-03-02,Pago,fk_invalida:matricula_id
22153,1847,2025-07-01,1199,2025-04-07,2025-02-07,Pago,fk_invalida:matricula_id
22155,1847,2025-09-01,149,2025-03-09,2025-05-09,Pago,fk_invalida:matricula_id
22159,1847,2026-01-01,199,2026-02-01,2026-10-01,Pago,fk_invalida:matricula_id
22161,1847,2026-03-01,399,2026-02-03,,Vencido,fk_invalida:matricula_id
22165,1848,2025-07-01,699,2025-06-07,2025-08-07,Pago,fk_invalida:matricula_id
22166,1848,2025-08-01,149,2025-02-08,2025-11-08,Pago,fk_invalida:matricula_id
22169,1848,2025-11-01,99,2025-02-11,2025-02-11,Pago,fk_invalida:matricula_id
22171,1848,2026-01-01,699,2026-01-01,2026-01-01,Pago,fk_invalida:matricula_id
22180,1849,2025-10-01,149,2025-03-10,2025-06-10,Pago,fk_invalida:matricula_id
22182,1849,2025-12-01,1199,2025-01-12,2025-01-12,Pago,fk_invalida:matricula_id
22183,1849,2026-01-01,399,2026-02-01,2026-08-01,Pago,fk_invalida:matricula_id
22190,1850,2025-08-01,149,2025-03-08,2025-03-08,Pago,fk_invalida:matricula_id
22191,1850,2025-09-01,109,2025-02-09,2025-08-09,Pago,fk_invalida:matricula_id
22192,1850,2025-10-01,149,2025-04-10,2025-07-10,Pago,fk_invalida:matricula_id
22194,1850,2025-12-01,149,2025-03-12,2025-04-12,Pago,fk_invalida:matricula_id
22197,1850,2026-03-01,99,2026-03-03,2026-12-03,Pago,fk_invalida:matricula_id
22203,1851,2025-09-01,699,2025-01-09,2025-10-09,Pago,fk_invalida:matricula_id
22205,1851,2025-11-01,1199,2025-02-11,2025-07-11,Pago,fk_invalida:matricula_id
22207,1851,2026-01-01,99,2026-02-01,2026-05-01,Pago,fk_invalida:matricula_id
22213,1852,2025-07-01,109,2025-04-07,2025-07-07,Pago,fk_invalida:matricula_id
22216,1852,2025-10-01,1199,2025-02-10,,Vencido,fk_invalida:matricula_id
22217,1852,2025-11-01,1199,2025-02-11,2025-01-11,Pago,fk_invalida:matricula_id
22221,1852,2026-03-01,1199,2026-03-03,2026-04-03,Pago,fk_invalida:matricula_id
22223,1852,2026-05-01,35,2026-01-05,2026-11-05,Pago,fk_invalida:matricula_id
22224,1852,2026-06-01,149,2026-01-06,2026-02-06,Pago,fk_invalida:matricula_id
22227,1853,2025-09-01,199,2025-04-09,2025-05-09,Pago,fk_invalida:matricula_id
22228,1853,2025-10-01,109,2025-04-10,2025-01-10,Pago,fk_invalida:matricula_id
22229,1853,2025-11-01,99,2025-02-11,2025-05-11,Pago,fk_invalida:matricula_id
22230,1853,2025-12-01,35,2025-02-12,,Vencido,fk_invalida:matricula_id
22231,1853,2026-01-01,99,2026-02-01,2026-02-01,Pago,fk_invalida:matricula_id
22232,1853,2026-02-01,35,2026-01-02,2026-04-02,Pago,fk_invalida:matricula_id
22239,1854,2025-09-01,149,2025-03-09,2025-08-09,Pago,fk_invalida:matricula_id
22241,1854,2025-11-01,35,2025-02-11,,Vencido,fk_invalida:matricula_id
22243,1854,2026-01-01,1199,2026-01-01,,Vencido,fk_invalida:matricula_id
22247,1854,2026-05-01,149,2026-01-05,2026-07-05,Pago,fk_invalida:matricula_id
22249,1855,2025-07-01,109,2025-06-07,2025-11-07,Pago,fk_invalida:matricula_id
22262,1856,2025-08-01,109,2025-04-08,2025-03-08,Pago,fk_invalida:matricula_id
22263,1856,2025-09-01,109,2025-04-09,2025-02-09,Pago,fk_invalida:matricula_id
22269,1856,2026-03-01,699,2026-01-03,2026-11-03,Pago,fk_invalida:matricula_id
22276,1857,2025-10-01,699,2025-03-10,2025-04-10,Pago,fk_invalida:matricula_id
22279,1857,2026-01-01,109,2026-01-01,2026-11-01,Pago,fk_invalida:matricula_id
22281,1857,2026-03-01,149,2026-03-03,2026-11-03,Pago,fk_invalida:matricula_id
22283,1857,2026-05-01,99,2026-01-05,2026-10-05,Pago,fk_invalida:matricula_id
22285,1858,2025-07-01,399,2025-05-07,2025-02-07,Pago,fk_invalida:matricula_id
22293,1858,2026-03-01,399,2026-03-03,2026-03-03,Pago,fk_invalida:matricula_id
22299,1859,2025-09-01,99,2025-02-09,2025-06-09,Pago,fk_invalida:matricula_id
22309,1860,2025-07-01,109,2025-05-07,2025-11-07,Pago,fk_invalida:matricula_id
22311,1860,2025-09-01,99,2025-01-09,2025-02-09,Pago,fk_invalida:matricula_id
22312,1860,2025-10-01,99,2025-04-10,,Vencido,fk_invalida:matricula_id
22315,1860,2026-01-01,149,2026-02-01,2026-05-01,Pago,fk_invalida:matricula_id
22316,1860,2026-02-01,109,2026-01-02,2026-12-02,Pago,fk_invalida:matricula_id
22317,1860,2026-03-01,199,2026-01-03,2026-01-03,Pago,fk_invalida:matricula_id
22320,1860,2026-06-01,149,2026-01-06,2026-05-06,Pago,fk_invalida:matricula_id
22324,1861,2025-10-01,1199,2025-03-10,2025-03-10,Pago,fk_invalida:matricula_id
22327,1861,2026-01-01,1199,2026-01-01,2026-02-01,Pago,fk_invalida:matricula_id
22330,1861,2026-04-01,99,2026-01-04,2026-09-04,Pago,fk_invalida:matricula_id
22331,1861,2026-05-01,109,2026-02-05,2026-01-05,Pago,fk_invalida:matricula_id
22333,1862,2025-07-01,149,2025-06-07,2025-12-07,Pago,fk_invalida:matricula_id
22334,1862,2025-08-01,99,2025-02-08,,Vencido,fk_invalida:matricula_id
22338,1862,2025-12-01,109,2025-02-12,2025-01-12,Pago,fk_invalida:matricula_id
22341,1862,2026-03-01,199,2026-01-03,2026-10-03,Pago,fk_invalida:matricula_id
22345,1863,2025-07-01,699,2025-03-07,2025-12-07,Pago,fk_invalida:matricula_id
22346,1863,2025-08-01,699,2025-02-08,2025-09-08,Pago,fk_invalida:matricula_id
22349,1863,2025-11-01,149,2025-01-11,2025-07-11,Pago,fk_invalida:matricula_id
22353,1863,2026-03-01,699,2026-02-03,2026-10-03,Pago,fk_invalida:matricula_id
22357,1864,2025-07-01,109,2025-02-07,2025-07-07,Pago,fk_invalida:matricula_id
22361,1864,2025-11-01,99,2025-03-11,,Vencido,fk_invalida:matricula_id
22366,1864,2026-04-01,199,2026-02-04,,Vencido,fk_invalida:matricula_id
22368,1864,2026-06-01,1199,2026-01-06,2026-03-06,Pago,fk_invalida:matricula_id
22369,1865,2025-07-01,399,2025-05-07,2025-08-07,Pago,fk_invalida:matricula_id
22370,1865,2025-08-01,149,2025-01-08,2025-07-08,Pago,fk_invalida:matricula_id
22372,1865,2025-10-01,699,2025-02-10,,Vencido,fk_invalida:matricula_id
22375,1865,2026-01-01,99,2026-02-01,2026-03-01,Pago,fk_invalida:matricula_id
22381,1866,2025-07-01,35,2025-02-07,2025-12-07,Pago,fk_invalida:matricula_id
22386,1866,2025-12-01,149,2025-03-12,2025-01-12,Pago,fk_invalida:matricula_id
22391,1866,2026-05-01,35,2026-02-05,,Vencido,fk_invalida:matricula_id
22393,1867,2025-07-01,109,2025-02-07,2025-03-07,Pago,fk_invalida:matricula_id
22394,1867,2025-08-01,109,2025-04-08,2025-11-08,Pago,fk_invalida:matricula_id
22395,1867,2025-09-01,109,2025-02-09,2025-11-09,Pago,fk_invalida:matricula_id
22396,1867,2025-10-01,35,2025-01-10,2025-02-10,Pago,fk_invalida:matricula_id
22401,1867,2026-03-01,699,2026-03-03,2026-11-03,Pago,fk_invalida:matricula_id
22402,1867,2026-04-01,399,2026-02-04,2026-02-04,Pago,fk_invalida:matricula_id
22405,1868,2025-07-01,109,2025-06-07,2025-03-07,Pago,fk_invalida:matricula_id
22406,1868,2025-08-01,149,2025-04-08,,Vencido,fk_invalida:matricula_id
22408,1868,2025-10-01,109,2025-03-10,2025-05-10,Pago,fk_invalida:matricula_id
22409,1868,2025-11-01,99,2025-03-11,2025-06-11,Pago,fk_invalida:matricula_id
22415,1868,2026-05-01,99,2026-01-05,2026-09-05,Pago,fk_invalida:matricula_id
22417,1869,2025-07-01,99,2025-01-07,2025-11-07,Pago,fk_invalida:matricula_id
22418,1869,2025-08-01,699,2025-02-08,2025-03-08,Pago,fk_invalida:matricula_id
22423,1869,2026-01-01,699,2026-02-01,2026-07-01,Pago,fk_invalida:matricula_id
22425,1869,2026-03-01,699,2026-03-03,2026-02-03,Pago,fk_invalida:matricula_id
22426,1869,2026-04-01,1199,2026-01-04,,Vencido,fk_invalida:matricula_id
22428,1869,2026-06-01,35,2026-01-06,2026-09-06,Pago,fk_invalida:matricula_id
22430,1870,2025-08-01,99,2025-05-08,2025-10-08,Pago,fk_invalida:matricula_id
22442,1871,2025-08-01,99,2025-01-08,2025-06-08,Pago,fk_invalida:matricula_id
22443,1871,2025-09-01,35,2025-02-09,2025-06-09,Pago,fk_invalida:matricula_id
22444,1871,2025-10-01,149,2025-01-10,2025-11-10,Pago,fk_invalida:matricula_id
22453,1872,2025-07-01,399,2025-02-07,2025-09-07,Pago,fk_invalida:matricula_id
22455,1872,2025-09-01,35,2025-03-09,2025-01-09,Pago,fk_invalida:matricula_id
22459,1872,2026-01-01,109,2026-02-01,2026-10-01,Pago,fk_invalida:matricula_id
22465,1873,2025-07-01,109,2025-03-07,2025-05-07,Pago,fk_invalida:matricula_id
22470,1873,2025-12-01,109,2025-03-12,2025-05-12,Pago,fk_invalida:matricula_id
22472,1873,2026-02-01,1199,2026-01-02,2026-02-02,Pago,fk_invalida:matricula_id
22473,1873,2026-03-01,35,2026-03-03,2026-02-03,Pago,fk_invalida:matricula_id
22481,1874,2025-11-01,699,2025-02-11,2025-11-11,Pago,fk_invalida:matricula_id
22489,1875,2025-07-01,35,2025-05-07,2025-07-07,Pago,fk_invalida:matricula_id
22492,1875,2025-10-01,399,2025-04-10,2025-06-10,Pago,fk_invalida:matricula_id
22493,1875,2025-11-01,399,2025-01-11,,Vencido,fk_invalida:matricula_id
22497,1875,2026-03-01,1199,2026-01-03,2026-08-03,Pago,fk_invalida:matricula_id
22498,1875,2026-04-01,35,2026-02-04,2026-02-04,Pago,fk_invalida:matricula_id
22504,1876,2025-10-01,109,2025-02-10,2025-04-10,Pago,fk_invalida:matricula_id
22505,1876,2025-11-01,109,2025-01-11,2025-10-11,Pago,fk_invalida:matricula_id
22510,1876,2026-04-01,149,2026-02-04,2026-01-04,Pago,fk_invalida:matricula_id
22514,1877,2025-08-01,109,2025-03-08,2025-07-08,Pago,fk_invalida:matricula_id
22515,1877,2025-09-01,399,2025-04-09,2025-04-09,Pago,fk_invalida:matricula_id
22516,1877,2025-10-01,109,2025-02-10,2025-02-10,Pago,fk_invalida:matricula_id
22525,1878,2025-07-01,109,2025-03-07,2025-12-07,Pago,fk_invalida:matricula_id
22527,1878,2025-09-01,699,2025-01-09,2025-09-09,Pago,fk_invalida:matricula_id
22528,1878,2025-10-01,699,2025-04-10,,Vencido,fk_invalida:matricula_id
22529,1878,2025-11-01,35,2025-03-11,2025-03-11,Pago,fk_invalida:matricula_id
22533,1878,2026-03-01,699,2026-03-03,2026-11-03,Pago,fk_invalida:matricula_id
22537,1879,2025-07-01,1199,2025-04-07,2025-04-07,Pago,fk_invalida:matricula_id
22538,1879,2025-08-01,699,2025-05-08,2025-10-08,Pago,fk_invalida:matricula_id
22546,1879,2026-04-01,35,2026-02-04,2026-03-04,Pago,fk_invalida:matricula_id
22551,1880,2025-09-01,699,2025-03-09,,Vencido,fk_invalida:matricula_id
22553,1880,2025-11-01,149,2025-02-11,2025-04-11,Pago,fk_invalida:matricula_id
22561,1881,2025-07-01,35,2025-03-07,2025-02-07,Pago,fk_invalida:matricula_id
22566,1881,2025-12-01,99,2025-01-12,2025-04-12,Pago,fk_invalida:matricula_id
22571,1881,2026-05-01,109,2026-01-05,,Vencido,fk_invalida:matricula_id
22574,1882,2025-08-01,1199,2025-05-08,2025-03-08,Pago,fk_invalida:matricula_id
22578,1882,2025-12-01,149,2025-03-12,,Vencido,fk_invalida:matricula_id
22581,1882,2026-03-01,699,2026-02-03,,Vencido,fk_invalida:matricula_id
22586,1883,2025-08-01,149,2025-03-08,2025-05-08,Pago,fk_invalida:matricula_id
22587,1883,2025-09-01,699,2025-01-09,2025-05-09,Pago,fk_invalida:matricula_id
22588,1883,2025-10-01,149,2025-03-10,2025-05-10,Pago,fk_invalida:matricula_id
22596,1883,2026-06-01,699,2026-01-06,2026-06-06,Pago,fk_invalida:matricula_id
22600,1884,2025-10-01,199,2025-03-10,,Vencido,fk_invalida:matricula_id
22601,1884,2025-11-01,1199,2025-02-11,2025-01-11,Pago,fk_invalida:matricula_id
22606,1884,2026-04-01,399,2026-01-04,2026-05-04,Pago,fk_invalida:matricula_id
22613,1885,2025-11-01,699,2025-02-11,2025-01-11,Pago,fk_invalida:matricula_id
22621,1886,2025-07-01,199,2025-03-07,2025-10-07,Pago,fk_invalida:matricula_id
22626,1886,2025-12-01,699,2025-03-12,2025-01-12,Pago,fk_invalida:matricula_id
22627,1886,2026-01-01,399,2026-02-01,2026-05-01,Pago,fk_invalida:matricula_id
22640,1887,2026-02-01,99,2026-01-02,2026-12-02,Pago,fk_invalida:matricula_id
22645,1888,2025-07-01,99,2025-06-07,,Vencido,fk_invalida:matricula_id
22646,1888,2025-08-01,35,2025-03-08,2025-04-08,Pago,fk_invalida:matricula_id
22647,1888,2025-09-01,399,2025-04-09,,Vencido,fk_invalida:matricula_id
22648,1888,2025-10-01,699,2025-04-10,,Vencido,fk_invalida:matricula_id
22650,1888,2025-12-01,109,2025-02-12,2025-09-12,Pago,fk_invalida:matricula_id
22651,1888,2026-01-01,149,2026-02-01,2026-09-01,Pago,fk_invalida:matricula_id
22656,1888,2026-06-01,199,2026-01-06,2026-04-06,Pago,fk_invalida:matricula_id
22660,1889,2025-10-01,109,2025-01-10,2025-02-10,Pago,fk_invalida:matricula_id
22661,1889,2025-11-01,399,2025-03-11,2025-12-11,Pago,fk_invalida:matricula_id
22662,1889,2025-12-01,199,2025-01-12,2025-09-12,Pago,fk_invalida:matricula_id
22669,1890,2025-07-01,1199,2025-02-07,2025-09-07,Pago,fk_invalida:matricula_id
22671,1890,2025-09-01,99,2025-01-09,2025-06-09,Pago,fk_invalida:matricula_id
22672,1890,2025-10-01,99,2025-04-10,,Vencido,fk_invalida:matricula_id
22674,1890,2025-12-01,109,2025-02-12,2025-08-12,Pago,fk_invalida:matricula_id
22677,1890,2026-03-01,35,2026-03-03,2026-06-03,Pago,fk_invalida:matricula_id
22687,1891,2026-01-01,99,2026-01-01,2026-08-01,Pago,fk_invalida:matricula_id
22689,1891,2026-03-01,35,2026-02-03,2026-01-03,Pago,fk_invalida:matricula_id
22705,1893,2025-07-01,199,2025-01-07,,Vencido,fk_invalida:matricula_id
22706,1893,2025-08-01,399,2025-04-08,2025-06-08,Pago,fk_invalida:matricula_id
22711,1893,2026-01-01,149,2026-02-01,2026-12-01,Pago,fk_invalida:matricula_id
22712,1893,2026-02-01,149,2026-01-02,2026-01-02,Pago,fk_invalida:matricula_id
22713,1893,2026-03-01,149,2026-03-03,,Vencido,fk_invalida:matricula_id
22715,1893,2026-05-01,35,2026-01-05,2026-05-05,Pago,fk_invalida:matricula_id
22722,1894,2025-12-01,35,2025-01-12,2025-07-12,Pago,fk_invalida:matricula_id
22723,1894,2026-01-01,99,2026-01-01,2026-08-01,Pago,fk_invalida:matricula_id
22729,1895,2025-07-01,399,2025-06-07,2025-05-07,Pago,fk_invalida:matricula_id
22730,1895,2025-08-01,109,2025-05-08,2025-03-08,Pago,fk_invalida:matricula_id
22731,1895,2025-09-01,35,2025-04-09,2025-10-09,Pago,fk_invalida:matricula_id
22732,1895,2025-10-01,1199,2025-02-10,2025-10-10,Pago,fk_invalida:matricula_id
22737,1895,2026-03-01,109,2026-01-03,2026-02-03,Pago,fk_invalida:matricula_id
22741,1896,2025-07-01,1199,2025-03-07,2025-08-07,Pago,fk_invalida:matricula_id
22742,1896,2025-08-01,699,2025-03-08,2025-02-08,Pago,fk_invalida:matricula_id
22743,1896,2025-09-01,109,2025-03-09,,Vencido,fk_invalida:matricula_id
22746,1896,2025-12-01,149,2025-03-12,2025-01-12,Pago,fk_invalida:matricula_id
22749,1896,2026-03-01,99,2026-01-03,,Vencido,fk_invalida:matricula_id
22753,1897,2025-07-01,1199,2025-03-07,2025-12-07,Pago,fk_invalida:matricula_id
22763,1897,2026-05-01,99,2026-02-05,2026-02-05,Pago,fk_invalida:matricula_id
22765,1898,2025-07-01,149,2025-02-07,2025-06-07,Pago,fk_invalida:matricula_id
22766,1898,2025-08-01,1199,2025-02-08,2025-03-08,Pago,fk_invalida:matricula_id
22767,1898,2025-09-01,35,2025-02-09,2025-04-09,Pago,fk_invalida:matricula_id
22781,1899,2025-11-01,35,2025-02-11,2025-08-11,Pago,fk_invalida:matricula_id
22782,1899,2025-12-01,35,2025-02-12,,Vencido,fk_invalida:matricula_id
22785,1899,2026-03-01,99,2026-03-03,2026-05-03,Pago,fk_invalida:matricula_id
22787,1899,2026-05-01,1199,2026-02-05,2026-09-05,Pago,fk_invalida:matricula_id
22790,1900,2025-08-01,35,2025-04-08,2025-04-08,Pago,fk_invalida:matricula_id
22792,1900,2025-10-01,109,2025-01-10,2025-08-10,Pago,fk_invalida:matricula_id
22803,1901,2025-09-01,109,2025-01-09,2025-04-09,Pago,fk_invalida:matricula_id
22806,1901,2025-12-01,99,2025-02-12,2025-01-12,Pago,fk_invalida:matricula_id
22809,1901,2026-03-01,149,2026-01-03,2026-12-03,Pago,fk_invalida:matricula_id
22811,1901,2026-05-01,199,2026-01-05,2026-12-05,Pago,fk_invalida:matricula_id
22813,1902,2025-07-01,99,2025-03-07,2025-10-07,Pago,fk_invalida:matricula_id
22814,1902,2025-08-01,699,2025-01-08,2025-02-08,Pago,fk_invalida:matricula_id
22818,1902,2025-12-01,199,2025-02-12,2025-01-12,Pago,fk_invalida:matricula_id
22822,1902,2026-04-01,35,2026-02-04,2026-04-04,Pago,fk_invalida:matricula_id
22825,1903,2025-07-01,699,2025-01-07,2025-07-07,Pago,fk_invalida:matricula_id
22826,1903,2025-08-01,1199,2025-05-08,2025-02-08,Pago,fk_invalida:matricula_id
22827,1903,2025-09-01,199,2025-01-09,2025-10-09,Pago,fk_invalida:matricula_id
22839,1904,2025-09-01,699,2025-02-09,2025-06-09,Pago,fk_invalida:matricula_id
22845,1904,2026-03-01,1199,2026-02-03,2026-08-03,Pago,fk_invalida:matricula_id
22846,1904,2026-04-01,99,2026-02-04,2026-04-04,Pago,fk_invalida:matricula_id
22847,1904,2026-05-01,1199,2026-02-05,2026-03-05,Pago,fk_invalida:matricula_id
22863,1906,2025-09-01,1199,2025-03-09,2025-03-09,Pago,fk_invalida:matricula_id
22872,1906,2026-06-01,199,2026-01-06,2026-07-06,Pago,fk_invalida:matricula_id
22873,1907,2025-07-01,149,2025-03-07,2025-10-07,Pago,fk_invalida:matricula_id
22874,1907,2025-08-01,399,2025-04-08,2025-06-08,Pago,fk_invalida:matricula_id
22875,1907,2025-09-01,109,2025-02-09,2025-01-09,Pago,fk_invalida:matricula_id
22881,1907,2026-03-01,199,2026-01-03,2026-10-03,Pago,fk_invalida:matricula_id
22884,1907,2026-06-01,699,2026-01-06,2026-12-06,Pago,fk_invalida:matricula_id
22886,1908,2025-08-01,399,2025-01-08,2025-09-08,Pago,fk_invalida:matricula_id
22887,1908,2025-09-01,1199,2025-03-09,2025-12-09,Pago,fk_invalida:matricula_id
22888,1908,2025-10-01,99,2025-01-10,2025-05-10,Pago,fk_invalida:matricula_id
22891,1908,2026-01-01,399,2026-02-01,2026-03-01,Pago,fk_invalida:matricula_id
22893,1908,2026-03-01,109,2026-01-03,2026-08-03,Pago,fk_invalida:matricula_id
22894,1908,2026-04-01,699,2026-01-04,2026-10-04,Pago,fk_invalida:matricula_id
22897,1909,2025-07-01,149,2025-02-07,2025-11-07,Pago,fk_invalida:matricula_id
22903,1909,2026-01-01,35,2026-01-01,2026-07-01,Pago,fk_invalida:matricula_id
22905,1909,2026-03-01,699,2026-01-03,2026-02-03,Pago,fk_invalida:matricula_id
22907,1909,2026-05-01,699,2026-02-05,2026-08-05,Pago,fk_invalida:matricula_id
22910,1910,2025-08-01,699,2025-01-08,2025-05-08,Pago,fk_invalida:matricula_id
22916,1910,2026-02-01,399,2026-01-02,2026-11-02,Pago,fk_invalida:matricula_id
22917,1910,2026-03-01,399,2026-01-03,2026-10-03,Pago,fk_invalida:matricula_id
22921,1911,2025-07-01,109,2025-05-07,2025-04-07,Pago,fk_invalida:matricula_id
22926,1911,2025-12-01,99,2025-02-12,,Vencido,fk_invalida:matricula_id
22931,1911,2026-05-01,35,2026-02-05,2026-03-05,Pago,fk_invalida:matricula_id
22933,1912,2025-07-01,35,2025-02-07,2025-04-07,Pago,fk_invalida:matricula_id
22934,1912,2025-08-01,699,2025-01-08,2025-12-08,Pago,fk_invalida:matricula_id
22937,1912,2025-11-01,35,2025-01-11,2025-01-11,Pago,fk_invalida:matricula_id
22939,1912,2026-01-01,1199,2026-02-01,2026-04-01,Pago,fk_invalida:matricula_id
22950,1913,2025-12-01,199,2025-01-12,2025-01-12,Pago,fk_invalida:matricula_id
22953,1913,2026-03-01,199,2026-01-03,2026-02-03,Pago,fk_invalida:matricula_id
22959,1914,2025-09-01,199,2025-01-09,2025-02-09,Pago,fk_invalida:matricula_id
22969,1915,2025-07-01,109,2025-03-07,2025-03-07,Pago,fk_invalida:matricula_id
22971,1915,2025-09-01,1199,2025-03-09,2025-07-09,Pago,fk_invalida:matricula_id
22972,1915,2025-10-01,699,2025-02-10,2025-01-10,Pago,fk_invalida:matricula_id
22974,1915,2025-12-01,399,2025-03-12,2025-08-12,Pago,fk_invalida:matricula_id
22976,1915,2026-02-01,199,2026-01-02,2026-03-02,Pago,fk_invalida:matricula_id
22978,1915,2026-04-01,109,2026-02-04,2026-01-04,Pago,fk_invalida:matricula_id
22979,1915,2026-05-01,99,2026-02-05,2026-04-05,Pago,fk_invalida:matricula_id
22981,1916,2025-07-01,35,2025-04-07,2025-08-07,Pago,fk_invalida:matricula_id
22991,1916,2026-05-01,199,2026-01-05,2026-03-05,Pago,fk_invalida:matricula_id
22993,1917,2025-07-01,699,2025-05-07,,Vencido,fk_invalida:matricula_id
22994,1917,2025-08-01,1199,2025-04-08,2025-04-08,Pago,fk_invalida:matricula_id
22996,1917,2025-10-01,149,2025-02-10,,Vencido,fk_invalida:matricula_id
22997,1917,2025-11-01,699,2025-02-11,,Vencido,fk_invalida:matricula_id
22999,1917,2026-01-01,699,2026-02-01,2026-02-01,Pago,fk_invalida:matricula_id
23002,1917,2026-04-01,1199,2026-02-04,2026-12-04,Pago,fk_invalida:matricula_id
23005,1918,2025-07-01,149,2025-03-07,2025-07-07,Pago,fk_invalida:matricula_id
23009,1918,2025-11-01,699,2025-03-11,2025-05-11,Pago,fk_invalida:matricula_id
23013,1918,2026-03-01,399,2026-01-03,2026-07-03,Pago,fk_invalida:matricula_id
23015,1918,2026-05-01,149,2026-01-05,2026-06-05,Pago,fk_invalida:matricula_id
23017,1919,2025-07-01,399,2025-04-07,2025-11-07,Pago,fk_invalida:matricula_id
23022,1919,2025-12-01,199,2025-03-12,2025-02-12,Pago,fk_invalida:matricula_id
23026,1919,2026-04-01,1199,2026-01-04,2026-12-04,Pago,fk_invalida:matricula_id
23041,1921,2025-07-01,99,2025-04-07,2025-03-07,Pago,fk_invalida:matricula_id
23044,1921,2025-10-01,109,2025-01-10,2025-08-10,Pago,fk_invalida:matricula_id
23053,1922,2025-07-01,199,2025-05-07,,Vencido,fk_invalida:matricula_id
23056,1922,2025-10-01,399,2025-02-10,2025-12-10,Pago,fk_invalida:matricula_id
23058,1922,2025-12-01,109,2025-01-12,,Vencido,fk_invalida:matricula_id
23059,1922,2026-01-01,99,2026-02-01,2026-07-01,Pago,fk_invalida:matricula_id
23061,1922,2026-03-01,149,2026-03-03,2026-07-03,Pago,fk_invalida:matricula_id
23067,1923,2025-09-01,35,2025-01-09,2025-10-09,Pago,fk_invalida:matricula_id
23068,1923,2025-10-01,399,2025-03-10,2025-09-10,Pago,fk_invalida:matricula_id
23070,1923,2025-12-01,35,2025-01-12,2025-05-12,Pago,fk_invalida:matricula_id
23077,1924,2025-07-01,1199,2025-04-07,2025-06-07,Pago,fk_invalida:matricula_id
23079,1924,2025-09-01,149,2025-02-09,2025-07-09,Pago,fk_invalida:matricula_id
23086,1924,2026-04-01,1199,2026-02-04,2026-03-04,Pago,fk_invalida:matricula_id
23087,1924,2026-05-01,399,2026-01-05,,Vencido,fk_invalida:matricula_id
23089,1925,2025-07-01,199,2025-04-07,2025-09-07,Pago,fk_invalida:matricula_id
23091,1925,2025-09-01,399,2025-04-09,2025-03-09,Pago,fk_invalida:matricula_id
23092,1925,2025-10-01,199,2025-03-10,,Vencido,fk_invalida:matricula_id
23094,1925,2025-12-01,99,2025-02-12,2025-12-12,Pago,fk_invalida:matricula_id
23098,1925,2026-04-01,699,2026-02-04,2026-04-04,Pago,fk_invalida:matricula_id
23101,1926,2025-07-01,109,2025-01-07,2025-11-07,Pago,fk_invalida:matricula_id
23102,1926,2025-08-01,149,2025-05-08,2025-07-08,Pago,fk_invalida:matricula_id
23103,1926,2025-09-01,1199,2025-01-09,2025-02-09,Pago,fk_invalida:matricula_id
23106,1926,2025-12-01,699,2025-01-12,2025-02-12,Pago,fk_invalida:matricula_id
23113,1927,2025-07-01,109,2025-06-07,2025-11-07,Pago,fk_invalida:matricula_id
23117,1927,2025-11-01,399,2025-02-11,2025-07-11,Pago,fk_invalida:matricula_id
23118,1927,2025-12-01,399,2025-02-12,2025-09-12,Pago,fk_invalida:matricula_id
23124,1927,2026-06-01,199,2026-01-06,,Vencido,fk_invalida:matricula_id
23125,1928,2025-07-01,1199,2025-01-07,2025-11-07,Pago,fk_invalida:matricula_id
23127,1928,2025-09-01,1199,2025-02-09,2025-01-09,Pago,fk_invalida:matricula_id
23128,1928,2025-10-01,399,2025-01-10,2025-01-10,Pago,fk_invalida:matricula_id
23137,1929,2025-07-01,99,2025-04-07,2025-11-07,Pago,fk_invalida:matricula_id
23139,1929,2025-09-01,399,2025-04-09,2025-02-09,Pago,fk_invalida:matricula_id
23140,1929,2025-10-01,35,2025-04-10,2025-12-10,Pago,fk_invalida:matricula_id
23141,1929,2025-11-01,199,2025-01-11,2025-11-11,Pago,fk_invalida:matricula_id
23146,1929,2026-04-01,35,2026-01-04,2026-09-04,Pago,fk_invalida:matricula_id
23151,1930,2025-09-01,149,2025-01-09,2025-03-09,Pago,fk_invalida:matricula_id
23153,1930,2025-11-01,109,2025-02-11,,Vencido,fk_invalida:matricula_id
23155,1930,2026-01-01,99,2026-02-01,2026-07-01,Pago,fk_invalida:matricula_id
23163,1931,2025-09-01,199,2025-03-09,,Vencido,fk_invalida:matricula_id
23166,1931,2025-12-01,1199,2025-01-12,2025-11-12,Pago,fk_invalida:matricula_id
23170,1931,2026-04-01,399,2026-01-04,2026-10-04,Pago,fk_invalida:matricula_id
23171,1931,2026-05-01,149,2026-02-05,,Vencido,fk_invalida:matricula_id
23173,1932,2025-07-01,99,2025-03-07,2025-08-07,Pago,fk_invalida:matricula_id
23174,1932,2025-08-01,699,2025-02-08,2025-09-08,Pago,fk_invalida:matricula_id
23175,1932,2025-09-01,1199,2025-02-09,2025-11-09,Pago,fk_invalida:matricula_id
23178,1932,2025-12-01,149,2025-02-12,,Vencido,fk_invalida:matricula_id
23185,1933,2025-07-01,399,2025-01-07,,Vencido,fk_invalida:matricula_id
23200,1934,2025-10-01,1199,2025-03-10,2025-09-10,Pago,fk_invalida:matricula_id
23201,1934,2025-11-01,35,2025-01-11,2025-01-11,Pago,fk_invalida:matricula_id
23206,1934,2026-04-01,99,2026-01-04,2026-06-04,Pago,fk_invalida:matricula_id
23209,1935,2025-07-01,199,2025-01-07,2025-06-07,Pago,fk_invalida:matricula_id
23212,1935,2025-10-01,99,2025-02-10,2025-12-10,Pago,fk_invalida:matricula_id
23215,1935,2026-01-01,99,2026-01-01,2026-06-01,Pago,fk_invalida:matricula_id
23221,1936,2025-07-01,699,2025-06-07,2025-12-07,Pago,fk_invalida:matricula_id
23223,1936,2025-09-01,699,2025-01-09,2025-06-09,Pago,fk_invalida:matricula_id
23224,1936,2025-10-01,1199,2025-01-10,2025-07-10,Pago,fk_invalida:matricula_id
23227,1936,2026-01-01,1199,2026-01-01,,Vencido,fk_invalida:matricula_id
23229,1936,2026-03-01,399,2026-03-03,2026-09-03,Pago,fk_invalida:matricula_id
23231,1936,2026-05-01,149,2026-02-05,2026-08-05,Pago,fk_invalida:matricula_id
23233,1937,2025-07-01,1199,2025-03-07,2025-05-07,Pago,fk_invalida:matricula_id
23245,1938,2025-07-01,399,2025-04-07,,Vencido,fk_invalida:matricula_id
23250,1938,2025-12-01,199,2025-03-12,2025-01-12,Pago,fk_invalida:matricula_id
23257,1939,2025-07-01,99,2025-05-07,2025-10-07,Pago,fk_invalida:matricula_id
23259,1939,2025-09-01,35,2025-04-09,2025-06-09,Pago,fk_invalida:matricula_id
23265,1939,2026-03-01,1199,2026-03-03,2026-12-03,Pago,fk_invalida:matricula_id
23269,1940,2025-07-01,199,2025-04-07,2025-01-07,Pago,fk_invalida:matricula_id
23270,1940,2025-08-01,35,2025-02-08,,Vencido,fk_invalida:matricula_id
23287,1941,2026-01-01,199,2026-02-01,2026-12-01,Pago,fk_invalida:matricula_id
23293,1942,2025-07-01,1199,2025-05-07,2025-03-07,Pago,fk_invalida:matricula_id
23302,1942,2026-04-01,99,2026-01-04,2026-03-04,Pago,fk_invalida:matricula_id
23305,1943,2025-07-01,99,2025-01-07,2025-09-07,Pago,fk_invalida:matricula_id
23308,1943,2025-10-01,149,2025-02-10,,Vencido,fk_invalida:matricula_id
23309,1943,2025-11-01,99,2025-01-11,2025-09-11,Pago,fk_invalida:matricula_id
23313,1943,2026-03-01,1199,2026-03-03,2026-11-03,Pago,fk_invalida:matricula_id
23320,1944,2025-10-01,399,2025-04-10,,Vencido,fk_invalida:matricula_id
23323,1944,2026-01-01,35,2026-01-01,2026-10-01,Pago,fk_invalida:matricula_id
23327,1944,2026-05-01,1199,2026-01-05,2026-09-05,Pago,fk_invalida:matricula_id
23328,1944,2026-06-01,35,2026-01-06,2026-11-06,Pago,fk_invalida:matricula_id
23329,1945,2025-07-01,35,2025-04-07,2025-03-07,Pago,fk_invalida:matricula_id
23330,1945,2025-08-01,1199,2025-02-08,2025-10-08,Pago,fk_invalida:matricula_id
23334,1945,2025-12-01,199,2025-01-12,2025-11-12,Pago,fk_invalida:matricula_id
23344,1946,2025-10-01,99,2025-02-10,2025-01-10,Pago,fk_invalida:matricula_id
23346,1946,2025-12-01,99,2025-02-12,2025-01-12,Pago,fk_invalida:matricula_id
23347,1946,2026-01-01,99,2026-02-01,2026-08-01,Pago,fk_invalida:matricula_id
23349,1946,2026-03-01,399,2026-03-03,2026-03-03,Pago,fk_invalida:matricula_id
23350,1946,2026-04-01,1199,2026-01-04,2026-08-04,Pago,fk_invalida:matricula_id
23353,1947,2025-07-01,199,2025-03-07,,Vencido,fk_invalida:matricula_id
23354,1947,2025-08-01,99,2025-01-08,2025-08-08,Pago,fk_invalida:matricula_id
23357,1947,2025-11-01,109,2025-02-11,2025-09-11,Pago,fk_invalida:matricula_id
23358,1947,2025-12-01,1199,2025-02-12,,Vencido,fk_invalida:matricula_id
23359,1947,2026-01-01,199,2026-01-01,2026-09-01,Pago,fk_invalida:matricula_id
23360,1947,2026-02-01,699,2026-01-02,2026-09-02,Pago,fk_invalida:matricula_id
23361,1947,2026-03-01,99,2026-03-03,2026-12-03,Pago,fk_invalida:matricula_id
23366,1948,2025-08-01,399,2025-02-08,2025-12-08,Pago,fk_invalida:matricula_id
23371,1948,2026-01-01,109,2026-02-01,2026-09-01,Pago,fk_invalida:matricula_id
23377,1949,2025-07-01,35,2025-02-07,2025-03-07,Pago,fk_invalida:matricula_id
23382,1949,2025-12-01,35,2025-01-12,,Vencido,fk_invalida:matricula_id
23383,1949,2026-01-01,399,2026-01-01,2026-06-01,Pago,fk_invalida:matricula_id
23387,1949,2026-05-01,199,2026-02-05,2026-05-05,Pago,fk_invalida:matricula_id
23390,1950,2025-08-01,109,2025-04-08,,Vencido,fk_invalida:matricula_id
23391,1950,2025-09-01,699,2025-01-09,2025-05-09,Pago,fk_invalida:matricula_id
23392,1950,2025-10-01,199,2025-03-10,2025-01-10,Pago,fk_invalida:matricula_id
23395,1950,2026-01-01,1199,2026-02-01,2026-08-01,Pago,fk_invalida:matricula_id
23396,1950,2026-02-01,1199,2026-01-02,2026-07-02,Pago,fk_invalida:matricula_id
23401,1951,2025-07-01,399,2025-03-07,,Vencido,fk_invalida:matricula_id
23402,1951,2025-08-01,149,2025-01-08,2025-08-08,Pago,fk_invalida:matricula_id
23403,1951,2025-09-01,699,2025-03-09,2025-06-09,Pago,fk_invalida:matricula_id
23404,1951,2025-10-01,199,2025-04-10,2025-09-10,Pago,fk_invalida:matricula_id
23405,1951,2025-11-01,1199,2025-01-11,2025-04-11,Pago,fk_invalida:matricula_id
23413,1952,2025-07-01,399,2025-02-07,2025-10-07,Pago,fk_invalida:matricula_id
23415,1952,2025-09-01,35,2025-01-09,2025-11-09,Pago,fk_invalida:matricula_id
23418,1952,2025-12-01,149,2025-02-12,,Vencido,fk_invalida:matricula_id
23425,1953,2025-07-01,99,2025-06-07,2025-03-07,Pago,fk_invalida:matricula_id
23426,1953,2025-08-01,109,2025-03-08,2025-12-08,Pago,fk_invalida:matricula_id
23430,1953,2025-12-01,109,2025-02-12,2025-05-12,Pago,fk_invalida:matricula_id
23438,1954,2025-08-01,399,2025-04-08,2025-07-08,Pago,fk_invalida:matricula_id
23440,1954,2025-10-01,399,2025-03-10,2025-12-10,Pago,fk_invalida:matricula_id
23442,1954,2025-12-01,99,2025-01-12,,Vencido,fk_invalida:matricula_id
23445,1954,2026-03-01,109,2026-02-03,2026-03-03,Pago,fk_invalida:matricula_id
23449,1955,2025-07-01,199,2025-03-07,2025-09-07,Pago,fk_invalida:matricula_id
23453,1955,2025-11-01,699,2025-01-11,,Vencido,fk_invalida:matricula_id
23454,1955,2025-12-01,699,2025-01-12,2025-11-12,Pago,fk_invalida:matricula_id
23458,1955,2026-04-01,99,2026-01-04,2026-03-04,Pago,fk_invalida:matricula_id
23461,1956,2025-07-01,199,2025-02-07,2025-06-07,Pago,fk_invalida:matricula_id
23465,1956,2025-11-01,99,2025-03-11,2025-06-11,Pago,fk_invalida:matricula_id
23466,1956,2025-12-01,699,2025-02-12,2025-07-12,Pago,fk_invalida:matricula_id
23469,1956,2026-03-01,699,2026-02-03,2026-07-03,Pago,fk_invalida:matricula_id
23473,1957,2025-07-01,399,2025-05-07,2025-02-07,Pago,fk_invalida:matricula_id
23474,1957,2025-08-01,35,2025-01-08,2025-01-08,Pago,fk_invalida:matricula_id
23475,1957,2025-09-01,699,2025-02-09,2025-03-09,Pago,fk_invalida:matricula_id
23478,1957,2025-12-01,35,2025-01-12,2025-07-12,Pago,fk_invalida:matricula_id
23480,1957,2026-02-01,199,2026-01-02,2026-06-02,Pago,fk_invalida:matricula_id
23481,1957,2026-03-01,35,2026-03-03,2026-04-03,Pago,fk_invalida:matricula_id
23485,1958,2025-07-01,199,2025-03-07,2025-06-07,Pago,fk_invalida:matricula_id
23486,1958,2025-08-01,149,2025-02-08,2025-12-08,Pago,fk_invalida:matricula_id
23488,1958,2025-10-01,699,2025-02-10,2025-09-10,Pago,fk_invalida:matricula_id
23489,1958,2025-11-01,399,2025-03-11,2025-02-11,Pago,fk_invalida:matricula_id
23491,1958,2026-01-01,699,2026-02-01,,Vencido,fk_invalida:matricula_id
23498,1959,2025-08-01,399,2025-01-08,2025-10-08,Pago,fk_invalida:matricula_id
23499,1959,2025-09-01,109,2025-04-09,2025-11-09,Pago,fk_invalida:matricula_id
23505,1959,2026-03-01,35,2026-02-03,2026-11-03,Pago,fk_invalida:matricula_id
23509,1960,2025-07-01,99,2025-06-07,,Vencido,fk_invalida:matricula_id
23514,1960,2025-12-01,109,2025-03-12,2025-05-12,Pago,fk_invalida:matricula_id
23517,1960,2026-03-01,35,2026-01-03,2026-03-03,Pago,fk_invalida:matricula_id
23521,1961,2025-07-01,149,2025-04-07,2025-07-07,Pago,fk_invalida:matricula_id
23522,1961,2025-08-01,699,2025-04-08,2025-06-08,Pago,fk_invalida:matricula_id
23526,1961,2025-12-01,199,2025-02-12,2025-10-12,Pago,fk_invalida:matricula_id
23529,1961,2026-03-01,1199,2026-02-03,2026-04-03,Pago,fk_invalida:matricula_id
23533,1962,2025-07-01,399,2025-02-07,2025-06-07,Pago,fk_invalida:matricula_id
23546,1963,2025-08-01,399,2025-05-08,2025-09-08,Pago,fk_invalida:matricula_id
23549,1963,2025-11-01,1199,2025-01-11,2025-01-11,Pago,fk_invalida:matricula_id
23554,1963,2026-04-01,35,2026-02-04,2026-12-04,Pago,fk_invalida:matricula_id
23555,1963,2026-05-01,35,2026-02-05,,Vencido,fk_invalida:matricula_id
23556,1963,2026-06-01,199,2026-01-06,,Vencido,fk_invalida:matricula_id
23557,1964,2025-07-01,99,2025-05-07,2025-12-07,Pago,fk_invalida:matricula_id
23565,1964,2026-03-01,1199,2026-01-03,2026-08-03,Pago,fk_invalida:matricula_id
23570,1965,2025-08-01,35,2025-01-08,,Vencido,fk_invalida:matricula_id
23572,1965,2025-10-01,699,2025-02-10,2025-09-10,Pago,fk_invalida:matricula_id
23575,1965,2026-01-01,109,2026-02-01,2026-11-01,Pago,fk_invalida:matricula_id
23581,1966,2025-07-01,699,2025-06-07,2025-09-07,Pago,fk_invalida:matricula_id
23583,1966,2025-09-01,149,2025-02-09,,Vencido,fk_invalida:matricula_id
23593,1967,2025-07-01,199,2025-05-07,2025-09-07,Pago,fk_invalida:matricula_id
23599,1967,2026-01-01,699,2026-02-01,2026-06-01,Pago,fk_invalida:matricula_id
23601,1967,2026-03-01,35,2026-02-03,2026-03-03,Pago,fk_invalida:matricula_id
23606,1968,2025-08-01,699,2025-03-08,,Vencido,fk_invalida:matricula_id
23612,1968,2026-02-01,199,2026-01-02,,Vencido,fk_invalida:matricula_id
23616,1968,2026-06-01,99,2026-01-06,2026-10-06,Pago,fk_invalida:matricula_id
23618,1969,2025-08-01,699,2025-02-08,2025-01-08,Pago,fk_invalida:matricula_id
23621,1969,2025-11-01,699,2025-02-11,2025-05-11,Pago,fk_invalida:matricula_id
23622,1969,2025-12-01,99,2025-01-12,2025-05-12,Pago,fk_invalida:matricula_id
23630,1970,2025-08-01,35,2025-01-08,2025-01-08,Pago,fk_invalida:matricula_id
23633,1970,2025-11-01,109,2025-03-11,2025-09-11,Pago,fk_invalida:matricula_id
23637,1970,2026-03-01,199,2026-02-03,,Vencido,fk_invalida:matricula_id
23641,1971,2025-07-01,99,2025-01-07,2025-05-07,Pago,fk_invalida:matricula_id
23642,1971,2025-08-01,149,2025-04-08,2025-11-08,Pago,fk_invalida:matricula_id
23645,1971,2025-11-01,699,2025-02-11,,Vencido,fk_invalida:matricula_id
23647,1971,2026-01-01,1199,2026-02-01,2026-12-01,Pago,fk_invalida:matricula_id
23651,1971,2026-05-01,1199,2026-01-05,2026-11-05,Pago,fk_invalida:matricula_id
23654,1972,2025-08-01,199,2025-05-08,2025-09-08,Pago,fk_invalida:matricula_id
23656,1972,2025-10-01,399,2025-03-10,,Vencido,fk_invalida:matricula_id
23663,1972,2026-05-01,109,2026-02-05,2026-04-05,Pago,fk_invalida:matricula_id
23665,1973,2025-07-01,109,2025-04-07,2025-08-07,Pago,fk_invalida:matricula_id
23667,1973,2025-09-01,109,2025-02-09,,Vencido,fk_invalida:matricula_id
23671,1973,2026-01-01,149,2026-01-01,2026-04-01,Pago,fk_invalida:matricula_id
23683,1974,2026-01-01,399,2026-02-01,2026-06-01,Pago,fk_invalida:matricula_id
23690,1975,2025-08-01,399,2025-03-08,2025-03-08,Pago,fk_invalida:matricula_id
23691,1975,2025-09-01,35,2025-02-09,,Vencido,fk_invalida:matricula_id
23692,1975,2025-10-01,35,2025-04-10,2025-11-10,Pago,fk_invalida:matricula_id
23698,1975,2026-04-01,699,2026-01-04,2026-01-04,Pago,fk_invalida:matricula_id
23701,1976,2025-07-01,199,2025-03-07,2025-03-07,Pago,fk_invalida:matricula_id
23702,1976,2025-08-01,99,2025-04-08,2025-10-08,Pago,fk_invalida:matricula_id
23704,1976,2025-10-01,1199,2025-04-10,2025-10-10,Pago,fk_invalida:matricula_id
23705,1976,2025-11-01,199,2025-01-11,2025-09-11,Pago,fk_invalida:matricula_id
23706,1976,2025-12-01,1199,2025-03-12,2025-10-12,Pago,fk_invalida:matricula_id
23711,1976,2026-05-01,109,2026-02-05,2026-08-05,Pago,fk_invalida:matricula_id
23713,1977,2025-07-01,699,2025-01-07,2025-07-07,Pago,fk_invalida:matricula_id
23715,1977,2025-09-01,1199,2025-03-09,2025-11-09,Pago,fk_invalida:matricula_id
23717,1977,2025-11-01,99,2025-02-11,2025-03-11,Pago,fk_invalida:matricula_id
23721,1977,2026-03-01,199,2026-03-03,,Vencido,fk_invalida:matricula_id
23725,1978,2025-07-01,1199,2025-01-07,2025-07-07,Pago,fk_invalida:matricula_id
23727,1978,2025-09-01,99,2025-01-09,2025-07-09,Pago,fk_invalida:matricula_id
23730,1978,2025-12-01,1199,2025-02-12,2025-02-12,Pago,fk_invalida:matricula_id
23731,1978,2026-01-01,149,2026-02-01,2026-05-01,Pago,fk_invalida:matricula_id
23738,1979,2025-08-01,99,2025-04-08,2025-10-08,Pago,fk_invalida:matricula_id
23740,1979,2025-10-01,699,2025-04-10,2025-02-10,Pago,fk_invalida:matricula_id
23745,1979,2026-03-01,399,2026-01-03,,Vencido,fk_invalida:matricula_id
23749,1980,2025-07-01,99,2025-03-07,2025-10-07,Pago,fk_invalida:matricula_id
23750,1980,2025-08-01,35,2025-04-08,2025-09-08,Pago,fk_invalida:matricula_id
23751,1980,2025-09-01,109,2025-03-09,2025-02-09,Pago,fk_invalida:matricula_id
23752,1980,2025-10-01,699,2025-02-10,2025-10-10,Pago,fk_invalida:matricula_id
23757,1980,2026-03-01,399,2026-03-03,2026-10-03,Pago,fk_invalida:matricula_id
23766,1981,2025-12-01,199,2025-02-12,2025-06-12,Pago,fk_invalida:matricula_id
23767,1981,2026-01-01,1199,2026-01-01,2026-11-01,Pago,fk_invalida:matricula_id
23774,1982,2025-08-01,199,2025-04-08,2025-10-08,Pago,fk_invalida:matricula_id
23778,1982,2025-12-01,399,2025-03-12,,Vencido,fk_invalida:matricula_id
23781,1982,2026-03-01,399,2026-01-03,,Vencido,fk_invalida:matricula_id
23784,1982,2026-06-01,149,2026-01-06,2026-01-06,Pago,fk_invalida:matricula_id
23785,1983,2025-07-01,109,2025-01-07,2025-08-07,Pago,fk_invalida:matricula_id
23787,1983,2025-09-01,699,2025-02-09,2025-03-09,Pago,fk_invalida:matricula_id
23788,1983,2025-10-01,699,2025-04-10,2025-04-10,Pago,fk_invalida:matricula_id
23791,1983,2026-01-01,399,2026-02-01,2026-12-01,Pago,fk_invalida:matricula_id
23793,1983,2026-03-01,199,2026-01-03,2026-11-03,Pago,fk_invalida:matricula_id
23797,1984,2025-07-01,109,2025-03-07,2025-07-07,Pago,fk_invalida:matricula_id
23798,1984,2025-08-01,99,2025-04-08,2025-11-08,Pago,fk_invalida:matricula_id
23800,1984,2025-10-01,199,2025-02-10,2025-08-10,Pago,fk_invalida:matricula_id
23804,1984,2026-02-01,199,2026-01-02,2026-05-02,Pago,fk_invalida:matricula_id
23805,1984,2026-03-01,35,2026-02-03,2026-05-03,Pago,fk_invalida:matricula_id
23806,1984,2026-04-01,399,2026-02-04,2026-04-04,Pago,fk_invalida:matricula_id
23808,1984,2026-06-01,109,2026-01-06,,Vencido,fk_invalida:matricula_id
23809,1985,2025-07-01,399,2025-03-07,2025-05-07,Pago,fk_invalida:matricula_id
23811,1985,2025-09-01,399,2025-03-09,2025-07-09,Pago,fk_invalida:matricula_id
23817,1985,2026-03-01,149,2026-01-03,2026-10-03,Pago,fk_invalida:matricula_id
23819,1985,2026-05-01,1199,2026-02-05,2026-11-05,Pago,fk_invalida:matricula_id
23820,1985,2026-06-01,1199,2026-01-06,2026-05-06,Pago,fk_invalida:matricula_id
23821,1986,2025-07-01,199,2025-05-07,2025-05-07,Pago,fk_invalida:matricula_id
23823,1986,2025-09-01,99,2025-01-09,2025-12-09,Pago,fk_invalida:matricula_id
23829,1986,2026-03-01,99,2026-03-03,2026-12-03,Pago,fk_invalida:matricula_id
23830,1986,2026-04-01,699,2026-01-04,2026-04-04,Pago,fk_invalida:matricula_id
23831,1986,2026-05-01,35,2026-01-05,2026-05-05,Pago,fk_invalida:matricula_id
23832,1986,2026-06-01,99,2026-01-06,2026-03-06,Pago,fk_invalida:matricula_id
23834,1987,2025-08-01,699,2025-01-08,2025-03-08,Pago,fk_invalida:matricula_id
23836,1987,2025-10-01,109,2025-03-10,2025-01-10,Pago,fk_invalida:matricula_id
23837,1987,2025-11-01,399,2025-02-11,2025-01-11,Pago,fk_invalida:matricula_id
23847,1988,2025-09-01,109,2025-03-09,2025-08-09,Pago,fk_invalida:matricula_id
23848,1988,2025-10-01,149,2025-01-10,,Vencido,fk_invalida:matricula_id
23857,1989,2025-07-01,99,2025-05-07,2025-11-07,Pago,fk_invalida:matricula_id
23859,1989,2025-09-01,99,2025-04-09,2025-12-09,Pago,fk_invalida:matricula_id
23863,1989,2026-01-01,199,2026-02-01,2026-07-01,Pago,fk_invalida:matricula_id
23867,1989,2026-05-01,199,2026-02-05,2026-05-05,Pago,fk_invalida:matricula_id
23869,1990,2025-07-01,35,2025-06-07,2025-12-07,Pago,fk_invalida:matricula_id
23870,1990,2025-08-01,109,2025-05-08,,Vencido,fk_invalida:matricula_id
23871,1990,2025-09-01,109,2025-01-09,2025-10-09,Pago,fk_invalida:matricula_id
23881,1991,2025-07-01,109,2025-03-07,2025-01-07,Pago,fk_invalida:matricula_id
23882,1991,2025-08-01,99,2025-05-08,2025-08-08,Pago,fk_invalida:matricula_id
23884,1991,2025-10-01,99,2025-04-10,,Vencido,fk_invalida:matricula_id
23893,1992,2025-07-01,1199,2025-03-07,2025-12-07,Pago,fk_invalida:matricula_id
23894,1992,2025-08-01,109,2025-01-08,2025-11-08,Pago,fk_invalida:matricula_id
23904,1992,2026-06-01,699,2026-01-06,,Vencido,fk_invalida:matricula_id
23905,1993,2025-07-01,699,2025-05-07,2025-05-07,Pago,fk_invalida:matricula_id
23911,1993,2026-01-01,399,2026-01-01,2026-10-01,Pago,fk_invalida:matricula_id
23913,1993,2026-03-01,109,2026-03-03,,Vencido,fk_invalida:matricula_id
23918,1994,2025-08-01,99,2025-01-08,2025-08-08,Pago,fk_invalida:matricula_id
23919,1994,2025-09-01,149,2025-04-09,2025-08-09,Pago,fk_invalida:matricula_id
23925,1994,2026-03-01,99,2026-03-03,,Vencido,fk_invalida:matricula_id
23927,1994,2026-05-01,149,2026-01-05,2026-07-05,Pago,fk_invalida:matricula_id
23930,1995,2025-08-01,35,2025-04-08,2025-12-08,Pago,fk_invalida:matricula_id
23935,1995,2026-01-01,199,2026-02-01,2026-08-01,Pago,fk_invalida:matricula_id
23938,1995,2026-04-01,35,2026-01-04,2026-03-04,Pago,fk_invalida:matricula_id
23941,1996,2025-07-01,399,2025-06-07,2025-07-07,Pago,fk_invalida:matricula_id
23944,1996,2025-10-01,35,2025-03-10,2025-02-10,Pago,fk_invalida:matricula_id
23949,1996,2026-03-01,399,2026-01-03,2026-04-03,Pago,fk_invalida:matricula_id
23950,1996,2026-04-01,109,2026-02-04,2026-12-04,Pago,fk_invalida:matricula_id
23961,1997,2026-03-01,699,2026-02-03,2026-12-03,Pago,fk_invalida:matricula_id
23969,1998,2025-11-01,399,2025-03-11,2025-10-11,Pago,fk_invalida:matricula_id
23973,1998,2026-03-01,149,2026-03-03,2026-08-03,Pago,fk_invalida:matricula_id
23975,1998,2026-05-01,199,2026-02-05,2026-05-05,Pago,fk_invalida:matricula_id
23978,1999,2025-08-01,35,2025-02-08,2025-09-08,Pago,fk_invalida:matricula_id
23983,1999,2026-01-01,109,2026-02-01,2026-02-01,Pago,fk_invalida:matricula_id
23986,1999,2026-04-01,99,2026-02-04,2026-02-04,Pago,fk_invalida:matricula_id
23990,2000,2025-08-01,35,2025-02-08,2025-10-08,Pago,fk_invalida:matricula_id
23992,2000,2025-10-01,149,2025-01-10,2025-04-10,Pago,fk_invalida:matricula_id
23993,2000,2025-11-01,35,2025-02-11,2025-09-11,Pago,fk_invalida:matricula_id
24001,2001,2025-07-01,399,2025-02-07,,Vencido,fk_invalida:matricula_id
24007,2001,2026-01-01,199,2026-02-01,2026-11-01,Pago,fk_invalida:matricula_id
24011,2001,2026-05-01,99,2026-02-05,2026-12-05,Pago,fk_invalida:matricula_id
24012,2001,2026-06-01,149,2026-01-06,,Vencido,fk_invalida:matricula_id
24014,2002,2025-08-01,399,2025-02-08,2025-04-08,Pago,fk_invalida:matricula_id
24015,2002,2025-09-01,199,2025-04-09,2025-03-09,Pago,fk_invalida:matricula_id
24025,2003,2025-07-01,35,2025-03-07,,Vencido,fk_invalida:matricula_id
24027,2003,2025-09-01,35,2025-02-09,2025-05-09,Pago,fk_invalida:matricula_id
24028,2003,2025-10-01,699,2025-02-10,2025-07-10,Pago,fk_invalida:matricula_id
24034,2003,2026-04-01,35,2026-02-04,2026-12-04,Pago,fk_invalida:matricula_id
24035,2003,2026-05-01,99,2026-01-05,2026-07-05,Pago,fk_invalida:matricula_id
24040,2004,2025-10-01,1199,2025-03-10,2025-01-10,Pago,fk_invalida:matricula_id
24041,2004,2025-11-01,109,2025-02-11,2025-06-11,Pago,fk_invalida:matricula_id
24044,2004,2026-02-01,109,2026-01-02,2026-10-02,Pago,fk_invalida:matricula_id
24045,2004,2026-03-01,149,2026-01-03,2026-02-03,Pago,fk_invalida:matricula_id
24046,2004,2026-04-01,199,2026-02-04,2026-07-04,Pago,fk_invalida:matricula_id
24047,2004,2026-05-01,699,2026-02-05,,Vencido,fk_invalida:matricula_id
24051,2005,2025-09-01,149,2025-03-09,2025-07-09,Pago,fk_invalida:matricula_id
24052,2005,2025-10-01,399,2025-02-10,2025-08-10,Pago,fk_invalida:matricula_id
24053,2005,2025-11-01,109,2025-01-11,2025-04-11,Pago,fk_invalida:matricula_id
24054,2005,2025-12-01,199,2025-02-12,2025-01-12,Pago,fk_invalida:matricula_id
24062,2006,2025-08-01,99,2025-02-08,2025-11-08,Pago,fk_invalida:matricula_id
24069,2006,2026-03-01,109,2026-01-03,2026-06-03,Pago,fk_invalida:matricula_id
24070,2006,2026-04-01,99,2026-02-04,2026-11-04,Pago,fk_invalida:matricula_id
24071,2006,2026-05-01,109,2026-02-05,2026-03-05,Pago,fk_invalida:matricula_id
24073,2007,2025-07-01,35,2025-04-07,2025-01-07,Pago,fk_invalida:matricula_id
24075,2007,2025-09-01,199,2025-04-09,,Vencido,fk_invalida:matricula_id
24076,2007,2025-10-01,109,2025-03-10,,Vencido,fk_invalida:matricula_id
24085,2008,2025-07-01,35,2025-02-07,2025-02-07,Pago,fk_invalida:matricula_id
24087,2008,2025-09-01,109,2025-03-09,2025-03-09,Pago,fk_invalida:matricula_id
24089,2008,2025-11-01,1199,2025-02-11,2025-05-11,Pago,fk_invalida:matricula_id
24091,2008,2026-01-01,99,2026-01-01,2026-01-01,Pago,fk_invalida:matricula_id
24092,2008,2026-02-01,35,2026-01-02,2026-06-02,Pago,fk_invalida:matricula_id
24099,2009,2025-09-01,699,2025-03-09,2025-02-09,Pago,fk_invalida:matricula_id
24104,2009,2026-02-01,149,2026-01-02,2026-04-02,Pago,fk_invalida:matricula_id
24108,2009,2026-06-01,199,2026-01-06,2026-07-06,Pago,fk_invalida:matricula_id
24109,2010,2025-07-01,109,2025-02-07,2025-01-07,Pago,fk_invalida:matricula_id
24110,2010,2025-08-01,109,2025-05-08,2025-07-08,Pago,fk_invalida:matricula_id
24111,2010,2025-09-01,35,2025-01-09,2025-03-09,Pago,fk_invalida:matricula_id
24112,2010,2025-10-01,35,2025-02-10,2025-02-10,Pago,fk_invalida:matricula_id
24114,2010,2025-12-01,35,2025-03-12,2025-08-12,Pago,fk_invalida:matricula_id
24115,2010,2026-01-01,1199,2026-01-01,2026-08-01,Pago,fk_invalida:matricula_id
24116,2010,2026-02-01,199,2026-01-02,2026-11-02,Pago,fk_invalida:matricula_id
24122,2011,2025-08-01,35,2025-03-08,2025-03-08,Pago,fk_invalida:matricula_id
24124,2011,2025-10-01,35,2025-01-10,,Vencido,fk_invalida:matricula_id
24133,2012,2025-07-01,199,2025-02-07,2025-11-07,Pago,fk_invalida:matricula_id
24135,2012,2025-09-01,199,2025-04-09,2025-01-09,Pago,fk_invalida:matricula_id
24138,2012,2025-12-01,1199,2025-02-12,2025-08-12,Pago,fk_invalida:matricula_id
24139,2012,2026-01-01,149,2026-01-01,2026-01-01,Pago,fk_invalida:matricula_id
24145,2013,2025-07-01,199,2025-03-07,2025-05-07,Pago,fk_invalida:matricula_id
24148,2013,2025-10-01,1199,2025-02-10,2025-01-10,Pago,fk_invalida:matricula_id
24157,2014,2025-07-01,399,2025-03-07,2025-12-07,Pago,fk_invalida:matricula_id
24158,2014,2025-08-01,35,2025-02-08,2025-02-08,Pago,fk_invalida:matricula_id
24161,2014,2025-11-01,35,2025-02-11,,Vencido,fk_invalida:matricula_id
24165,2014,2026-03-01,35,2026-01-03,2026-09-03,Pago,fk_invalida:matricula_id
24179,2015,2026-05-01,149,2026-01-05,,Vencido,fk_invalida:matricula_id
24181,2016,2025-07-01,199,2025-05-07,,Vencido,fk_invalida:matricula_id
24182,2016,2025-08-01,699,2025-03-08,,Vencido,fk_invalida:matricula_id
24184,2016,2025-10-01,35,2025-04-10,2025-01-10,Pago,fk_invalida:matricula_id
24194,2017,2025-08-01,149,2025-03-08,2025-08-08,Pago,fk_invalida:matricula_id
24196,2017,2025-10-01,109,2025-02-10,2025-09-10,Pago,fk_invalida:matricula_id
24197,2017,2025-11-01,99,2025-03-11,2025-12-11,Pago,fk_invalida:matricula_id
24201,2017,2026-03-01,1199,2026-02-03,,Vencido,fk_invalida:matricula_id
24203,2017,2026-05-01,149,2026-01-05,2026-12-05,Pago,fk_invalida:matricula_id
24205,2018,2025-07-01,199,2025-02-07,2025-02-07,Pago,fk_invalida:matricula_id
24206,2018,2025-08-01,399,2025-02-08,2025-01-08,Pago,fk_invalida:matricula_id
24207,2018,2025-09-01,35,2025-03-09,2025-08-09,Pago,fk_invalida:matricula_id
24209,2018,2025-11-01,149,2025-03-11,2025-07-11,Pago,fk_invalida:matricula_id
24213,2018,2026-03-01,149,2026-03-03,2026-10-03,Pago,fk_invalida:matricula_id
24217,2019,2025-07-01,399,2025-04-07,2025-09-07,Pago,fk_invalida:matricula_id
24220,2019,2025-10-01,109,2025-01-10,2025-09-10,Pago,fk_invalida:matricula_id
24221,2019,2025-11-01,149,2025-03-11,2025-05-11,Pago,fk_invalida:matricula_id
24231,2020,2025-09-01,35,2025-01-09,2025-03-09,Pago,fk_invalida:matricula_id
24234,2020,2025-12-01,699,2025-01-12,2025-05-12,Pago,fk_invalida:matricula_id
24239,2020,2026-05-01,1199,2026-02-05,2026-03-05,Pago,fk_invalida:matricula_id
24244,2021,2025-10-01,35,2025-01-10,2025-05-10,Pago,fk_invalida:matricula_id
24253,2022,2025-07-01,1199,2025-06-07,2025-04-07,Pago,fk_invalida:matricula_id
24256,2022,2025-10-01,109,2025-04-10,2025-10-10,Pago,fk_invalida:matricula_id
24257,2022,2025-11-01,699,2025-03-11,2025-10-11,Pago,fk_invalida:matricula_id
24262,2022,2026-04-01,35,2026-01-04,2026-04-04,Pago,fk_invalida:matricula_id
24265,2023,2025-07-01,149,2025-05-07,2025-08-07,Pago,fk_invalida:matricula_id
24266,2023,2025-08-01,149,2025-04-08,2025-02-08,Pago,fk_invalida:matricula_id
24267,2023,2025-09-01,1199,2025-02-09,2025-07-09,Pago,fk_invalida:matricula_id
24269,2023,2025-11-01,99,2025-02-11,2025-04-11,Pago,fk_invalida:matricula_id
24271,2023,2026-01-01,99,2026-01-01,2026-01-01,Pago,fk_invalida:matricula_id
24278,2024,2025-08-01,109,2025-05-08,2025-09-08,Pago,fk_invalida:matricula_id
24285,2024,2026-03-01,399,2026-03-03,,Vencido,fk_invalida:matricula_id
24287,2024,2026-05-01,399,2026-01-05,2026-12-05,Pago,fk_invalida:matricula_id
24289,2025,2025-07-01,35,2025-01-07,2025-06-07,Pago,fk_invalida:matricula_id
24291,2025,2025-09-01,109,2025-01-09,2025-11-09,Pago,fk_invalida:matricula_id
24293,2025,2025-11-01,109,2025-03-11,2025-10-11,Pago,fk_invalida:matricula_id
24303,2026,2025-09-01,99,2025-04-09,2025-06-09,Pago,fk_invalida:matricula_id
24304,2026,2025-10-01,199,2025-03-10,2025-01-10,Pago,fk_invalida:matricula_id
24305,2026,2025-11-01,109,2025-01-11,,Vencido,fk_invalida:matricula_id
24306,2026,2025-12-01,35,2025-01-12,2025-10-12,Pago,fk_invalida:matricula_id
24309,2026,2026-03-01,109,2026-01-03,2026-12-03,Pago,fk_invalida:matricula_id
24313,2027,2025-07-01,699,2025-05-07,2025-07-07,Pago,fk_invalida:matricula_id
24314,2027,2025-08-01,99,2025-04-08,2025-05-08,Pago,fk_invalida:matricula_id
24317,2027,2025-11-01,199,2025-02-11,2025-05-11,Pago,fk_invalida:matricula_id
24321,2027,2026-03-01,399,2026-01-03,2026-02-03,Pago,fk_invalida:matricula_id
24325,2028,2025-07-01,399,2025-02-07,2025-09-07,Pago,fk_invalida:matricula_id
24327,2028,2025-09-01,35,2025-03-09,2025-09-09,Pago,fk_invalida:matricula_id
24333,2028,2026-03-01,149,2026-01-03,2026-12-03,Pago,fk_invalida:matricula_id
24334,2028,2026-04-01,1199,2026-02-04,2026-08-04,Pago,fk_invalida:matricula_id
24336,2028,2026-06-01,109,2026-01-06,2026-05-06,Pago,fk_invalida:matricula_id
24337,2029,2025-07-01,109,2025-06-07,2025-10-07,Pago,fk_invalida:matricula_id
24338,2029,2025-08-01,149,2025-02-08,2025-06-08,Pago,fk_invalida:matricula_id
24341,2029,2025-11-01,699,2025-02-11,2025-05-11,Pago,fk_invalida:matricula_id
24345,2029,2026-03-01,99,2026-02-03,2026-01-03,Pago,fk_invalida:matricula_id
24368,2031,2026-02-01,199,2026-01-02,,Vencido,fk_invalida:matricula_id
24372,2031,2026-06-01,109,2026-01-06,2026-05-06,Pago,fk_invalida:matricula_id
24377,2032,2025-11-01,699,2025-01-11,2025-11-11,Pago,fk_invalida:matricula_id
24379,2032,2026-01-01,109,2026-02-01,2026-11-01,Pago,fk_invalida:matricula_id
24381,2032,2026-03-01,699,2026-03-03,2026-03-03,Pago,fk_invalida:matricula_id
24385,2033,2025-07-01,109,2025-06-07,2025-08-07,Pago,fk_invalida:matricula_id
24386,2033,2025-08-01,109,2025-01-08,2025-02-08,Pago,fk_invalida:matricula_id
24387,2033,2025-09-01,35,2025-01-09,2025-12-09,Pago,fk_invalida:matricula_id
24388,2033,2025-10-01,149,2025-03-10,2025-01-10,Pago,fk_invalida:matricula_id
24392,2033,2026-02-01,1199,2026-01-02,2026-08-02,Pago,fk_invalida:matricula_id
24395,2033,2026-05-01,149,2026-02-05,2026-08-05,Pago,fk_invalida:matricula_id
24400,2034,2025-10-01,149,2025-01-10,2025-11-10,Pago,fk_invalida:matricula_id
24402,2034,2025-12-01,199,2025-02-12,2025-01-12,Pago,fk_invalida:matricula_id
24405,2034,2026-03-01,99,2026-02-03,2026-10-03,Pago,fk_invalida:matricula_id
24409,2035,2025-07-01,99,2025-06-07,2025-10-07,Pago,fk_invalida:matricula_id
24411,2035,2025-09-01,149,2025-01-09,2025-09-09,Pago,fk_invalida:matricula_id
24412,2035,2025-10-01,1199,2025-02-10,,Vencido,fk_invalida:matricula_id
24414,2035,2025-12-01,1199,2025-03-12,2025-07-12,Pago,fk_invalida:matricula_id
24421,2036,2025-07-01,149,2025-02-07,2025-01-07,Pago,fk_invalida:matricula_id
24422,2036,2025-08-01,699,2025-03-08,,Vencido,fk_invalida:matricula_id
24423,2036,2025-09-01,109,2025-04-09,2025-11-09,Pago,fk_invalida:matricula_id
24426,2036,2025-12-01,109,2025-01-12,2025-11-12,Pago,fk_invalida:matricula_id
24434,2037,2025-08-01,35,2025-05-08,2025-03-08,Pago,fk_invalida:matricula_id
24436,2037,2025-10-01,699,2025-01-10,2025-10-10,Pago,fk_invalida:matricula_id
24445,2038,2025-07-01,399,2025-02-07,2025-03-07,Pago,fk_invalida:matricula_id
24446,2038,2025-08-01,399,2025-05-08,2025-04-08,Pago,fk_invalida:matricula_id
24456,2038,2026-06-01,35,2026-01-06,2026-06-06,Pago,fk_invalida:matricula_id
24459,2039,2025-09-01,699,2025-03-09,,Vencido,fk_invalida:matricula_id
24467,2039,2026-05-01,149,2026-02-05,2026-03-05,Pago,fk_invalida:matricula_id
24468,2039,2026-06-01,699,2026-01-06,2026-12-06,Pago,fk_invalida:matricula_id
24470,2040,2025-08-01,35,2025-03-08,2025-08-08,Pago,fk_invalida:matricula_id
24471,2040,2025-09-01,699,2025-02-09,,Vencido,fk_invalida:matricula_id
24472,2040,2025-10-01,699,2025-04-10,,Vencido,fk_invalida:matricula_id
24473,2040,2025-11-01,1199,2025-03-11,2025-10-11,Pago,fk_invalida:matricula_id
24481,2041,2025-07-01,99,2025-06-07,2025-04-07,Pago,fk_invalida:matricula_id
24490,2041,2026-04-01,399,2026-01-04,,Vencido,fk_invalida:matricula_id
24494,2042,2025-08-01,699,2025-01-08,2025-09-08,Pago,fk_invalida:matricula_id
24495,2042,2025-09-01,699,2025-04-09,2025-10-09,Pago,fk_invalida:matricula_id
24496,2042,2025-10-01,99,2025-04-10,2025-08-10,Pago,fk_invalida:matricula_id
24498,2042,2025-12-01,399,2025-02-12,2025-08-12,Pago,fk_invalida:matricula_id
24501,2042,2026-03-01,199,2026-02-03,2026-12-03,Pago,fk_invalida:matricula_id
24505,2043,2025-07-01,1199,2025-05-07,2025-03-07,Pago,fk_invalida:matricula_id
24507,2043,2025-09-01,109,2025-03-09,2025-03-09,Pago,fk_invalida:matricula_id
24509,2043,2025-11-01,699,2025-02-11,,Vencido,fk_invalida:matricula_id
24517,2044,2025-07-01,699,2025-02-07,2025-05-07,Pago,fk_invalida:matricula_id
24518,2044,2025-08-01,699,2025-02-08,2025-07-08,Pago,fk_invalida:matricula_id
24519,2044,2025-09-01,35,2025-03-09,2025-10-09,Pago,fk_invalida:matricula_id
24520,2044,2025-10-01,149,2025-02-10,,Vencido,fk_invalida:matricula_id
24521,2044,2025-11-01,35,2025-03-11,2025-10-11,Pago,fk_invalida:matricula_id
24529,2045,2025-07-01,199,2025-02-07,2025-08-07,Pago,fk_invalida:matricula_id
24530,2045,2025-08-01,99,2025-03-08,2025-08-08,Pago,fk_invalida:matricula_id
24536,2045,2026-02-01,199,2026-01-02,2026-06-02,Pago,fk_invalida:matricula_id
24542,2046,2025-08-01,1199,2025-04-08,2025-03-08,Pago,fk_invalida:matricula_id
24545,2046,2025-11-01,99,2025-01-11,,Vencido,fk_invalida:matricula_id
24547,2046,2026-01-01,199,2026-01-01,2026-04-01,Pago,fk_invalida:matricula_id
24553,2047,2025-07-01,109,2025-05-07,2025-02-07,Pago,fk_invalida:matricula_id
24554,2047,2025-08-01,109,2025-04-08,2025-12-08,Pago,fk_invalida:matricula_id
24567,2048,2025-09-01,199,2025-04-09,2025-10-09,Pago,fk_invalida:matricula_id
24570,2048,2025-12-01,199,2025-02-12,2025-06-12,Pago,fk_invalida:matricula_id
24571,2048,2026-01-01,109,2026-01-01,2026-02-01,Pago,fk_invalida:matricula_id
24578,2049,2025-08-01,99,2025-03-08,2025-10-08,Pago,fk_invalida:matricula_id
24580,2049,2025-10-01,109,2025-04-10,2025-10-10,Pago,fk_invalida:matricula_id
24589,2050,2025-07-01,1199,2025-06-07,2025-10-07,Pago,fk_invalida:matricula_id
24598,2050,2026-04-01,35,2026-01-04,2026-11-04,Pago,fk_invalida:matricula_id
24599,2050,2026-05-01,109,2026-01-05,2026-06-05,Pago,fk_invalida:matricula_id
24601,2051,2025-07-01,1199,2025-03-07,2025-05-07,Pago,fk_invalida:matricula_id
24605,2051,2025-11-01,109,2025-02-11,2025-07-11,Pago,fk_invalida:matricula_id
24606,2051,2025-12-01,399,2025-03-12,,Vencido,fk_invalida:matricula_id
24609,2051,2026-03-01,1199,2026-02-03,,Vencido,fk_invalida:matricula_id
24613,2052,2025-07-01,35,2025-03-07,2025-10-07,Pago,fk_invalida:matricula_id
24614,2052,2025-08-01,35,2025-04-08,2025-03-08,Pago,fk_invalida:matricula_id
24618,2052,2025-12-01,699,2025-03-12,2025-02-12,Pago,fk_invalida:matricula_id
24621,2052,2026-03-01,99,2026-03-03,2026-05-03,Pago,fk_invalida:matricula_id
24625,2053,2025-07-01,149,2025-04-07,2025-04-07,Pago,fk_invalida:matricula_id
24627,2053,2025-09-01,99,2025-03-09,2025-10-09,Pago,fk_invalida:matricula_id
24630,2053,2025-12-01,99,2025-02-12,2025-10-12,Pago,fk_invalida:matricula_id
24637,2054,2025-07-01,109,2025-01-07,2025-06-07,Pago,fk_invalida:matricula_id
24640,2054,2025-10-01,149,2025-01-10,2025-09-10,Pago,fk_invalida:matricula_id
24641,2054,2025-11-01,109,2025-02-11,2025-09-11,Pago,fk_invalida:matricula_id
24642,2054,2025-12-01,109,2025-03-12,2025-01-12,Pago,fk_invalida:matricula_id
24653,2055,2025-11-01,99,2025-02-11,2025-10-11,Pago,fk_invalida:matricula_id
24655,2055,2026-01-01,399,2026-01-01,,Vencido,fk_invalida:matricula_id
24657,2055,2026-03-01,149,2026-01-03,2026-03-03,Pago,fk_invalida:matricula_id
24661,2056,2025-07-01,109,2025-02-07,2025-05-07,Pago,fk_invalida:matricula_id
24668,2056,2026-02-01,99,2026-01-02,,Vencido,fk_invalida:matricula_id
24673,2057,2025-07-01,1199,2025-02-07,2025-01-07,Pago,fk_invalida:matricula_id
24675,2057,2025-09-01,699,2025-02-09,2025-01-09,Pago,fk_invalida:matricula_id
24677,2057,2025-11-01,1199,2025-01-11,2025-07-11,Pago,fk_invalida:matricula_id
24686,2058,2025-08-01,35,2025-01-08,2025-05-08,Pago,fk_invalida:matricula_id
24688,2058,2025-10-01,35,2025-02-10,2025-08-10,Pago,fk_invalida:matricula_id
24693,2058,2026-03-01,199,2026-03-03,,Vencido,fk_invalida:matricula_id
24694,2058,2026-04-01,399,2026-01-04,2026-10-04,Pago,fk_invalida:matricula_id
24697,2059,2025-07-01,1199,2025-03-07,2025-05-07,Pago,fk_invalida:matricula_id
24701,2059,2025-11-01,109,2025-03-11,,Vencido,fk_invalida:matricula_id
24704,2059,2026-02-01,1199,2026-01-02,2026-07-02,Pago,fk_invalida:matricula_id
24706,2059,2026-04-01,699,2026-01-04,,Vencido,fk_invalida:matricula_id
24712,2060,2025-10-01,399,2025-04-10,2025-11-10,Pago,fk_invalida:matricula_id
24716,2060,2026-02-01,399,2026-01-02,2026-05-02,Pago,fk_invalida:matricula_id
24721,2061,2025-07-01,149,2025-02-07,2025-03-07,Pago,fk_invalida:matricula_id
24723,2061,2025-09-01,1199,2025-04-09,,Vencido,fk_invalida:matricula_id
24724,2061,2025-10-01,399,2025-03-10,2025-04-10,Pago,fk_invalida:matricula_id
24727,2061,2026-01-01,699,2026-01-01,2026-12-01,Pago,fk_invalida:matricula_id
24728,2061,2026-02-01,99,2026-01-02,2026-11-02,Pago,fk_invalida:matricula_id
24729,2061,2026-03-01,149,2026-02-03,2026-03-03,Pago,fk_invalida:matricula_id
24734,2062,2025-08-01,99,2025-01-08,2025-10-08,Pago,fk_invalida:matricula_id
24736,2062,2025-10-01,399,2025-03-10,2025-07-10,Pago,fk_invalida:matricula_id
24740,2062,2026-02-01,109,2026-01-02,2026-02-02,Pago,fk_invalida:matricula_id
24743,2062,2026-05-01,199,2026-01-05,2026-06-05,Pago,fk_invalida:matricula_id
24745,2063,2025-07-01,35,2025-02-07,2025-07-07,Pago,fk_invalida:matricula_id
24746,2063,2025-08-01,109,2025-05-08,2025-05-08,Pago,fk_invalida:matricula_id
24748,2063,2025-10-01,99,2025-01-10,2025-07-10,Pago,fk_invalida:matricula_id
24749,2063,2025-11-01,399,2025-02-11,2025-11-11,Pago,fk_invalida:matricula_id
24753,2063,2026-03-01,99,2026-03-03,2026-03-03,Pago,fk_invalida:matricula_id
24760,2064,2025-10-01,399,2025-03-10,2025-12-10,Pago,fk_invalida:matricula_id
24762,2064,2025-12-01,149,2025-02-12,,Vencido,fk_invalida:matricula_id
24767,2064,2026-05-01,1199,2026-02-05,2026-12-05,Pago,fk_invalida:matricula_id
24769,2065,2025-07-01,199,2025-06-07,2025-08-07,Pago,fk_invalida:matricula_id
24770,2065,2025-08-01,699,2025-04-08,2025-08-08,Pago,fk_invalida:matricula_id
24771,2065,2025-09-01,99,2025-04-09,2025-06-09,Pago,fk_invalida:matricula_id
24774,2065,2025-12-01,199,2025-03-12,2025-06-12,Pago,fk_invalida:matricula_id
24776,2065,2026-02-01,109,2026-01-02,,Vencido,fk_invalida:matricula_id
24778,2065,2026-04-01,399,2026-01-04,2026-05-04,Pago,fk_invalida:matricula_id
24782,2066,2025-08-01,1199,2025-03-08,,Vencido,fk_invalida:matricula_id
24783,2066,2025-09-01,109,2025-02-09,2025-03-09,Pago,fk_invalida:matricula_id
24789,2066,2026-03-01,99,2026-01-03,2026-03-03,Pago,fk_invalida:matricula_id
24793,2067,2025-07-01,149,2025-06-07,,Vencido,fk_invalida:matricula_id
24801,2067,2026-03-01,109,2026-02-03,2026-02-03,Pago,fk_invalida:matricula_id
24805,2068,2025-07-01,109,2025-06-07,2025-06-07,Pago,fk_invalida:matricula_id
24807,2068,2025-09-01,35,2025-01-09,2025-10-09,Pago,fk_invalida:matricula_id
24819,2069,2025-09-01,99,2025-03-09,,Vencido,fk_invalida:matricula_id
24822,2069,2025-12-01,199,2025-02-12,2025-02-12,Pago,fk_invalida:matricula_id
24823,2069,2026-01-01,199,2026-01-01,2026-01-01,Pago,fk_invalida:matricula_id
24829,2070,2025-07-01,35,2025-03-07,2025-06-07,Pago,fk_invalida:matricula_id
24831,2070,2025-09-01,399,2025-04-09,2025-09-09,Pago,fk_invalida:matricula_id
24835,2070,2026-01-01,199,2026-01-01,2026-03-01,Pago,fk_invalida:matricula_id
24837,2070,2026-03-01,1199,2026-03-03,2026-09-03,Pago,fk_invalida:matricula_id
24841,2071,2025-07-01,399,2025-05-07,,Vencido,fk_invalida:matricula_id
24842,2071,2025-08-01,699,2025-05-08,2025-08-08,Pago,fk_invalida:matricula_id
24852,2071,2026-06-01,99,2026-01-06,2026-04-06,Pago,fk_invalida:matricula_id
24854,2072,2025-08-01,699,2025-05-08,,Vencido,fk_invalida:matricula_id
24856,2072,2025-10-01,199,2025-03-10,2025-07-10,Pago,fk_invalida:matricula_id
24859,2072,2026-01-01,699,2026-01-01,2026-05-01,Pago,fk_invalida:matricula_id
24871,2073,2026-01-01,699,2026-02-01,2026-02-01,Pago,fk_invalida:matricula_id
24873,2073,2026-03-01,1199,2026-03-03,,Vencido,fk_invalida:matricula_id
24877,2074,2025-07-01,1199,2025-06-07,2025-12-07,Pago,fk_invalida:matricula_id
24887,2074,2026-05-01,699,2026-02-05,2026-01-05,Pago,fk_invalida:matricula_id
24890,2075,2025-08-01,699,2025-04-08,2025-05-08,Pago,fk_invalida:matricula_id
24894,2075,2025-12-01,109,2025-03-12,2025-06-12,Pago,fk_invalida:matricula_id
24898,2075,2026-04-01,199,2026-02-04,,Vencido,fk_invalida:matricula_id
24901,2076,2025-07-01,109,2025-01-07,2025-01-07,Pago,fk_invalida:matricula_id
24902,2076,2025-08-01,399,2025-05-08,2025-07-08,Pago,fk_invalida:matricula_id
24903,2076,2025-09-01,399,2025-04-09,2025-08-09,Pago,fk_invalida:matricula_id
24905,2076,2025-11-01,109,2025-03-11,2025-12-11,Pago,fk_invalida:matricula_id
24919,2077,2026-01-01,199,2026-01-01,2026-11-01,Pago,fk_invalida:matricula_id
24922,2077,2026-04-01,149,2026-02-04,2026-02-04,Pago,fk_invalida:matricula_id
24928,2078,2025-10-01,99,2025-04-10,2025-10-10,Pago,fk_invalida:matricula_id
24929,2078,2025-11-01,149,2025-01-11,2025-01-11,Pago,fk_invalida:matricula_id
24930,2078,2025-12-01,149,2025-03-12,2025-04-12,Pago,fk_invalida:matricula_id
24935,2078,2026-05-01,1199,2026-01-05,2026-11-05,Pago,fk_invalida:matricula_id
24938,2079,2025-08-01,109,2025-02-08,2025-05-08,Pago,fk_invalida:matricula_id
24939,2079,2025-09-01,699,2025-04-09,2025-08-09,Pago,fk_invalida:matricula_id
24942,2079,2025-12-01,149,2025-01-12,2025-06-12,Pago,fk_invalida:matricula_id
24946,2079,2026-04-01,99,2026-02-04,2026-12-04,Pago,fk_invalida:matricula_id
24949,2080,2025-07-01,35,2025-06-07,2025-12-07,Pago,fk_invalida:matricula_id
24950,2080,2025-08-01,35,2025-05-08,,Vencido,fk_invalida:matricula_id
24951,2080,2025-09-01,699,2025-04-09,2025-03-09,Pago,fk_invalida:matricula_id
24954,2080,2025-12-01,149,2025-03-12,2025-06-12,Pago,fk_invalida:matricula_id
24961,2081,2025-07-01,699,2025-05-07,2025-12-07,Pago,fk_invalida:matricula_id
24963,2081,2025-09-01,149,2025-03-09,2025-09-09,Pago,fk_invalida:matricula_id
24971,2081,2026-05-01,1199,2026-02-05,2026-04-05,Pago,fk_invalida:matricula_id
24973,2082,2025-07-01,699,2025-02-07,,Vencido,fk_invalida:matricula_id
24988,2083,2025-10-01,35,2025-03-10,,Vencido,fk_invalida:matricula_id
24990,2083,2025-12-01,35,2025-01-12,2025-03-12,Pago,fk_invalida:matricula_id
24997,2084,2025-07-01,199,2025-01-07,,Vencido,fk_invalida:matricula_id
25000,2084,2025-10-01,99,2025-04-10,2025-05-10,Pago,fk_invalida:matricula_id
25001,2084,2025-11-01,149,2025-03-11,2025-03-11,Pago,fk_invalida:matricula_id
25006,2084,2026-04-01,149,2026-01-04,2026-06-04,Pago,fk_invalida:matricula_id
25007,2084,2026-05-01,1199,2026-01-05,2026-07-05,Pago,fk_invalida:matricula_id
25010,2085,2025-08-01,149,2025-01-08,2025-05-08,Pago,fk_invalida:matricula_id
25014,2085,2025-12-01,399,2025-01-12,2025-08-12,Pago,fk_invalida:matricula_id
25017,2085,2026-03-01,699,2026-03-03,,Vencido,fk_invalida:matricula_id
25036,2087,2025-10-01,149,2025-04-10,,Vencido,fk_invalida:matricula_id
25037,2087,2025-11-01,99,2025-01-11,2025-11-11,Pago,fk_invalida:matricula_id
25045,2088,2025-07-01,149,2025-01-07,2025-12-07,Pago,fk_invalida:matricula_id
25047,2088,2025-09-01,399,2025-02-09,2025-06-09,Pago,fk_invalida:matricula_id
25048,2088,2025-10-01,35,2025-01-10,2025-11-10,Pago,fk_invalida:matricula_id
25053,2088,2026-03-01,35,2026-02-03,2026-07-03,Pago,fk_invalida:matricula_id
25055,2088,2026-05-01,699,2026-02-05,2026-08-05,Pago,fk_invalida:matricula_id
25063,2089,2026-01-01,699,2026-01-01,2026-06-01,Pago,fk_invalida:matricula_id
25065,2089,2026-03-01,99,2026-02-03,2026-04-03,Pago,fk_invalida:matricula_id
25066,2089,2026-04-01,699,2026-02-04,2026-04-04,Pago,fk_invalida:matricula_id
25070,2090,2025-08-01,399,2025-05-08,2025-05-08,Pago,fk_invalida:matricula_id
25073,2090,2025-11-01,149,2025-01-11,2025-12-11,Pago,fk_invalida:matricula_id
25074,2090,2025-12-01,149,2025-02-12,2025-05-12,Pago,fk_invalida:matricula_id
25075,2090,2026-01-01,109,2026-01-01,2026-07-01,Pago,fk_invalida:matricula_id
25081,2091,2025-07-01,35,2025-03-07,2025-02-07,Pago,fk_invalida:matricula_id
25083,2091,2025-09-01,35,2025-02-09,,Vencido,fk_invalida:matricula_id
25085,2091,2025-11-01,199,2025-02-11,2025-06-11,Pago,fk_invalida:matricula_id
25097,2092,2025-11-01,199,2025-02-11,2025-05-11,Pago,fk_invalida:matricula_id
25103,2092,2026-05-01,699,2026-02-05,2026-11-05,Pago,fk_invalida:matricula_id
25105,2093,2025-07-01,35,2025-05-07,2025-04-07,Pago,fk_invalida:matricula_id
25106,2093,2025-08-01,35,2025-03-08,2025-01-08,Pago,fk_invalida:matricula_id
25108,2093,2025-10-01,149,2025-02-10,2025-12-10,Pago,fk_invalida:matricula_id
25117,2094,2025-07-01,109,2025-06-07,2025-07-07,Pago,fk_invalida:matricula_id
25118,2094,2025-08-01,109,2025-05-08,2025-08-08,Pago,fk_invalida:matricula_id
25120,2094,2025-10-01,149,2025-01-10,2025-03-10,Pago,fk_invalida:matricula_id
25123,2094,2026-01-01,199,2026-02-01,2026-05-01,Pago,fk_invalida:matricula_id
25125,2094,2026-03-01,99,2026-03-03,2026-03-03,Pago,fk_invalida:matricula_id
25127,2094,2026-05-01,109,2026-02-05,,Vencido,fk_invalida:matricula_id
25129,2095,2025-07-01,99,2025-06-07,2025-06-07,Pago,fk_invalida:matricula_id
25130,2095,2025-08-01,399,2025-01-08,2025-10-08,Pago,fk_invalida:matricula_id
25131,2095,2025-09-01,99,2025-01-09,2025-09-09,Pago,fk_invalida:matricula_id
25137,2095,2026-03-01,399,2026-01-03,,Vencido,fk_invalida:matricula_id
25142,2096,2025-08-01,1199,2025-01-08,2025-05-08,Pago,fk_invalida:matricula_id
25148,2096,2026-02-01,199,2026-01-02,2026-02-02,Pago,fk_invalida:matricula_id
25150,2096,2026-04-01,199,2026-01-04,2026-08-04,Pago,fk_invalida:matricula_id
25151,2096,2026-05-01,99,2026-01-05,2026-01-05,Pago,fk_invalida:matricula_id
25154,2097,2025-08-01,109,2025-04-08,2025-04-08,Pago,fk_invalida:matricula_id
25156,2097,2025-10-01,199,2025-03-10,2025-11-10,Pago,fk_invalida:matricula_id
25157,2097,2025-11-01,109,2025-03-11,2025-03-11,Pago,fk_invalida:matricula_id
25158,2097,2025-12-01,399,2025-01-12,2025-11-12,Pago,fk_invalida:matricula_id
25161,2097,2026-03-01,199,2026-03-03,2026-12-03,Pago,fk_invalida:matricula_id
25162,2097,2026-04-01,109,2026-01-04,,Vencido,fk_invalida:matricula_id
25163,2097,2026-05-01,149,2026-02-05,2026-05-05,Pago,fk_invalida:matricula_id
25164,2097,2026-06-01,99,2026-01-06,2026-01-06,Pago,fk_invalida:matricula_id
25166,2098,2025-08-01,109,2025-02-08,2025-03-08,Pago,fk_invalida:matricula_id
25168,2098,2025-10-01,199,2025-01-10,2025-04-10,Pago,fk_invalida:matricula_id
25169,2098,2025-11-01,1199,2025-01-11,2025-09-11,Pago,fk_invalida:matricula_id
25170,2098,2025-12-01,699,2025-02-12,2025-01-12,Pago,fk_invalida:matricula_id
25175,2098,2026-05-01,699,2026-02-05,2026-08-05,Pago,fk_invalida:matricula_id
25177,2099,2025-07-01,1199,2025-04-07,2025-04-07,Pago,fk_invalida:matricula_id
25181,2099,2025-11-01,99,2025-03-11,2025-10-11,Pago,fk_invalida:matricula_id
25182,2099,2025-12-01,35,2025-03-12,2025-01-12,Pago,fk_invalida:matricula_id
25191,2100,2025-09-01,149,2025-02-09,2025-09-09,Pago,fk_invalida:matricula_id
25197,2100,2026-03-01,149,2026-01-03,,Vencido,fk_invalida:matricula_id
25199,2100,2026-05-01,99,2026-02-05,2026-08-05,Pago,fk_invalida:matricula_id
25201,2101,2025-07-01,699,2025-01-07,2025-03-07,Pago,fk_invalida:matricula_id
25203,2101,2025-09-01,399,2025-01-09,2025-04-09,Pago,fk_invalida:matricula_id
25204,2101,2025-10-01,199,2025-01-10,2025-01-10,Pago,fk_invalida:matricula_id
25206,2101,2025-12-01,399,2025-02-12,2025-12-12,Pago,fk_invalida:matricula_id
25213,2102,2025-07-01,699,2025-06-07,2025-11-07,Pago,fk_invalida:matricula_id
25217,2102,2025-11-01,99,2025-01-11,,Vencido,fk_invalida:matricula_id
25222,2102,2026-04-01,149,2026-01-04,2026-12-04,Pago,fk_invalida:matricula_id
25226,2103,2025-08-01,399,2025-01-08,2025-11-08,Pago,fk_invalida:matricula_id
25228,2103,2025-10-01,199,2025-01-10,2025-09-10,Pago,fk_invalida:matricula_id
25233,2103,2026-03-01,399,2026-03-03,2026-05-03,Pago,fk_invalida:matricula_id
25237,2104,2025-07-01,1199,2025-02-07,2025-09-07,Pago,fk_invalida:matricula_id
25238,2104,2025-08-01,109,2025-03-08,2025-10-08,Pago,fk_invalida:matricula_id
25241,2104,2025-11-01,199,2025-03-11,,Vencido,fk_invalida:matricula_id
25243,2104,2026-01-01,399,2026-02-01,2026-04-01,Pago,fk_invalida:matricula_id
25249,2105,2025-07-01,699,2025-01-07,2025-11-07,Pago,fk_invalida:matricula_id
25257,2105,2026-03-01,35,2026-03-03,2026-07-03,Pago,fk_invalida:matricula_id
25258,2105,2026-04-01,99,2026-02-04,2026-05-04,Pago,fk_invalida:matricula_id
25260,2105,2026-06-01,1199,2026-01-06,,Vencido,fk_invalida:matricula_id
25269,2106,2026-03-01,99,2026-02-03,2026-06-03,Pago,fk_invalida:matricula_id
25273,2107,2025-07-01,199,2025-05-07,2025-04-07,Pago,fk_invalida:matricula_id
25276,2107,2025-10-01,1199,2025-03-10,2025-05-10,Pago,fk_invalida:matricula_id
25278,2107,2025-12-01,399,2025-03-12,2025-12-12,Pago,fk_invalida:matricula_id
25281,2107,2026-03-01,99,2026-02-03,2026-09-03,Pago,fk_invalida:matricula_id
25285,2108,2025-07-01,99,2025-02-07,2025-02-07,Pago,fk_invalida:matricula_id
25293,2108,2026-03-01,35,2026-03-03,2026-04-03,Pago,fk_invalida:matricula_id
25295,2108,2026-05-01,149,2026-01-05,2026-03-05,Pago,fk_invalida:matricula_id
25299,2109,2025-09-01,699,2025-04-09,2025-08-09,Pago,fk_invalida:matricula_id
25302,2109,2025-12-01,699,2025-01-12,2025-03-12,Pago,fk_invalida:matricula_id
25311,2110,2025-09-01,35,2025-03-09,2025-10-09,Pago,fk_invalida:matricula_id
25314,2110,2025-12-01,199,2025-01-12,,Vencido,fk_invalida:matricula_id
25319,2110,2026-05-01,35,2026-02-05,2026-07-05,Pago,fk_invalida:matricula_id
25321,2111,2025-07-01,35,2025-05-07,2025-03-07,Pago,fk_invalida:matricula_id
25324,2111,2025-10-01,699,2025-04-10,2025-03-10,Pago,fk_invalida:matricula_id
25325,2111,2025-11-01,199,2025-01-11,2025-09-11,Pago,fk_invalida:matricula_id
25330,2111,2026-04-01,1199,2026-01-04,,Vencido,fk_invalida:matricula_id
25331,2111,2026-05-01,699,2026-02-05,2026-11-05,Pago,fk_invalida:matricula_id
25333,2112,2025-07-01,199,2025-05-07,,Vencido,fk_invalida:matricula_id
25342,2112,2026-04-01,99,2026-02-04,2026-10-04,Pago,fk_invalida:matricula_id
25346,2113,2025-08-01,35,2025-04-08,2025-03-08,Pago,fk_invalida:matricula_id
25350,2113,2025-12-01,1199,2025-01-12,2025-04-12,Pago,fk_invalida:matricula_id
25355,2113,2026-05-01,199,2026-02-05,2026-10-05,Pago,fk_invalida:matricula_id
25358,2114,2025-08-01,99,2025-02-08,2025-03-08,Pago,fk_invalida:matricula_id
25362,2114,2025-12-01,109,2025-01-12,2025-03-12,Pago,fk_invalida:matricula_id
25369,2115,2025-07-01,35,2025-02-07,2025-03-07,Pago,fk_invalida:matricula_id
25373,2115,2025-11-01,99,2025-02-11,,Vencido,fk_invalida:matricula_id
25375,2115,2026-01-01,99,2026-02-01,2026-08-01,Pago,fk_invalida:matricula_id
25382,2116,2025-08-01,199,2025-04-08,2025-08-08,Pago,fk_invalida:matricula_id
25390,2116,2026-04-01,109,2026-01-04,2026-02-04,Pago,fk_invalida:matricula_id
25393,2117,2025-07-01,699,2025-01-07,2025-02-07,Pago,fk_invalida:matricula_id
25397,2117,2025-11-01,399,2025-03-11,2025-09-11,Pago,fk_invalida:matricula_id
25401,2117,2026-03-01,699,2026-03-03,2026-11-03,Pago,fk_invalida:matricula_id
25403,2117,2026-05-01,109,2026-01-05,2026-07-05,Pago,fk_invalida:matricula_id
25405,2118,2025-07-01,399,2025-02-07,2025-11-07,Pago,fk_invalida:matricula_id
25407,2118,2025-09-01,109,2025-02-09,2025-11-09,Pago,fk_invalida:matricula_id
25409,2118,2025-11-01,109,2025-02-11,2025-03-11,Pago,fk_invalida:matricula_id
25410,2118,2025-12-01,35,2025-02-12,,Vencido,fk_invalida:matricula_id
25413,2118,2026-03-01,99,2026-02-03,2026-05-03,Pago,fk_invalida:matricula_id
25414,2118,2026-04-01,149,2026-02-04,,Vencido,fk_invalida:matricula_id
25416,2118,2026-06-01,399,2026-01-06,2026-09-06,Pago,fk_invalida:matricula_id
25417,2119,2025-07-01,199,2025-01-07,2025-12-07,Pago,fk_invalida:matricula_id
25430,2120,2025-08-01,199,2025-05-08,2025-10-08,Pago,fk_invalida:matricula_id
25432,2120,2025-10-01,199,2025-04-10,2025-03-10,Pago,fk_invalida:matricula_id
25434,2120,2025-12-01,109,2025-01-12,2025-04-12,Pago,fk_invalida:matricula_id
25441,2121,2025-07-01,109,2025-05-07,,Vencido,fk_invalida:matricula_id
25442,2121,2025-08-01,109,2025-01-08,2025-05-08,Pago,fk_invalida:matricula_id
25448,2121,2026-02-01,699,2026-01-02,2026-03-02,Pago,fk_invalida:matricula_id
25453,2122,2025-07-01,109,2025-01-07,2025-11-07,Pago,fk_invalida:matricula_id
25454,2122,2025-08-01,699,2025-02-08,2025-07-08,Pago,fk_invalida:matricula_id
25455,2122,2025-09-01,699,2025-01-09,2025-07-09,Pago,fk_invalida:matricula_id
25456,2122,2025-10-01,149,2025-04-10,,Vencido,fk_invalida:matricula_id
25468,2123,2025-10-01,35,2025-02-10,2025-04-10,Pago,fk_invalida:matricula_id
25474,2123,2026-04-01,399,2026-01-04,2026-11-04,Pago,fk_invalida:matricula_id
25476,2123,2026-06-01,99,2026-01-06,2026-06-06,Pago,fk_invalida:matricula_id
25478,2124,2025-08-01,99,2025-05-08,2025-09-08,Pago,fk_invalida:matricula_id
25490,2125,2025-08-01,109,2025-02-08,2025-05-08,Pago,fk_invalida:matricula_id
25492,2125,2025-10-01,99,2025-01-10,2025-02-10,Pago,fk_invalida:matricula_id
25493,2125,2025-11-01,399,2025-02-11,2025-01-11,Pago,fk_invalida:matricula_id
25497,2125,2026-03-01,99,2026-01-03,,Vencido,fk_invalida:matricula_id
25501,2126,2025-07-01,399,2025-03-07,,Vencido,fk_invalida:matricula_id
25503,2126,2025-09-01,109,2025-04-09,2025-01-09,Pago,fk_invalida:matricula_id
25513,2127,2025-07-01,699,2025-02-07,2025-07-07,Pago,fk_invalida:matricula_id
25518,2127,2025-12-01,1199,2025-03-12,2025-06-12,Pago,fk_invalida:matricula_id
25521,2127,2026-03-01,99,2026-02-03,2026-12-03,Pago,fk_invalida:matricula_id
25525,2128,2025-07-01,399,2025-06-07,,Vencido,fk_invalida:matricula_id
25526,2128,2025-08-01,699,2025-02-08,2025-09-08,Pago,fk_invalida:matricula_id
25533,2128,2026-03-01,35,2026-02-03,2026-04-03,Pago,fk_invalida:matricula_id
25537,2129,2025-07-01,199,2025-02-07,,Vencido,fk_invalida:matricula_id
25538,2129,2025-08-01,199,2025-04-08,2025-06-08,Pago,fk_invalida:matricula_id
25539,2129,2025-09-01,399,2025-03-09,,Vencido,fk_invalida:matricula_id
25540,2129,2025-10-01,149,2025-02-10,2025-06-10,Pago,fk_invalida:matricula_id
25542,2129,2025-12-01,199,2025-01-12,2025-10-12,Pago,fk_invalida:matricula_id
25551,2130,2025-09-01,149,2025-02-09,2025-01-09,Pago,fk_invalida:matricula_id
25553,2130,2025-11-01,149,2025-02-11,,Vencido,fk_invalida:matricula_id
25555,2130,2026-01-01,149,2026-01-01,2026-02-01,Pago,fk_invalida:matricula_id
25562,2131,2025-08-01,1199,2025-03-08,2025-12-08,Pago,fk_invalida:matricula_id
25573,2132,2025-07-01,99,2025-03-07,2025-08-07,Pago,fk_invalida:matricula_id
25574,2132,2025-08-01,399,2025-04-08,2025-12-08,Pago,fk_invalida:matricula_id
25583,2132,2026-05-01,399,2026-02-05,2026-11-05,Pago,fk_invalida:matricula_id
25585,2133,2025-07-01,149,2025-06-07,2025-03-07,Pago,fk_invalida:matricula_id
25591,2133,2026-01-01,399,2026-01-01,2026-04-01,Pago,fk_invalida:matricula_id
25592,2133,2026-02-01,699,2026-01-02,2026-07-02,Pago,fk_invalida:matricula_id
25593,2133,2026-03-01,99,2026-01-03,,Vencido,fk_invalida:matricula_id
25608,2134,2026-06-01,149,2026-01-06,2026-03-06,Pago,fk_invalida:matricula_id
25611,2135,2025-09-01,109,2025-01-09,2025-09-09,Pago,fk_invalida:matricula_id
25612,2135,2025-10-01,35,2025-02-10,2025-10-10,Pago,fk_invalida:matricula_id
25613,2135,2025-11-01,99,2025-03-11,2025-09-11,Pago,fk_invalida:matricula_id
25614,2135,2025-12-01,699,2025-03-12,2025-11-12,Pago,fk_invalida:matricula_id
25617,2135,2026-03-01,109,2026-02-03,2026-02-03,Pago,fk_invalida:matricula_id
25620,2135,2026-06-01,149,2026-01-06,2026-09-06,Pago,fk_invalida:matricula_id
25621,2136,2025-07-01,199,2025-04-07,2025-05-07,Pago,fk_invalida:matricula_id
25622,2136,2025-08-01,699,2025-03-08,2025-12-08,Pago,fk_invalida:matricula_id
25623,2136,2025-09-01,35,2025-01-09,2025-07-09,Pago,fk_invalida:matricula_id
25625,2136,2025-11-01,99,2025-02-11,2025-03-11,Pago,fk_invalida:matricula_id
25629,2136,2026-03-01,699,2026-01-03,2026-12-03,Pago,fk_invalida:matricula_id
25630,2136,2026-04-01,199,2026-01-04,2026-05-04,Pago,fk_invalida:matricula_id
25635,2137,2025-09-01,149,2025-04-09,2025-10-09,Pago,fk_invalida:matricula_id
25636,2137,2025-10-01,399,2025-01-10,2025-06-10,Pago,fk_invalida:matricula_id
25639,2137,2026-01-01,149,2026-02-01,2026-05-01,Pago,fk_invalida:matricula_id
25641,2137,2026-03-01,109,2026-02-03,2026-12-03,Pago,fk_invalida:matricula_id
25645,2138,2025-07-01,1199,2025-03-07,2025-09-07,Pago,fk_invalida:matricula_id
25646,2138,2025-08-01,35,2025-01-08,2025-05-08,Pago,fk_invalida:matricula_id
25654,2138,2026-04-01,109,2026-02-04,2026-01-04,Pago,fk_invalida:matricula_id
25657,2139,2025-07-01,35,2025-06-07,,Vencido,fk_invalida:matricula_id
25663,2139,2026-01-01,699,2026-02-01,2026-04-01,Pago,fk_invalida:matricula_id
25665,2139,2026-03-01,99,2026-02-03,2026-03-03,Pago,fk_invalida:matricula_id
25669,2140,2025-07-01,35,2025-04-07,2025-08-07,Pago,fk_invalida:matricula_id
25672,2140,2025-10-01,199,2025-04-10,2025-05-10,Pago,fk_invalida:matricula_id
25674,2140,2025-12-01,699,2025-03-12,2025-04-12,Pago,fk_invalida:matricula_id
25685,2141,2025-11-01,149,2025-02-11,2025-05-11,Pago,fk_invalida:matricula_id
25690,2141,2026-04-01,199,2026-01-04,2026-11-04,Pago,fk_invalida:matricula_id
25693,2142,2025-07-01,699,2025-02-07,2025-06-07,Pago,fk_invalida:matricula_id
25695,2142,2025-09-01,199,2025-02-09,2025-11-09,Pago,fk_invalida:matricula_id
25696,2142,2025-10-01,199,2025-04-10,2025-11-10,Pago,fk_invalida:matricula_id
25701,2142,2026-03-01,1199,2026-02-03,2026-11-03,Pago,fk_invalida:matricula_id
25705,2143,2025-07-01,1199,2025-01-07,2025-01-07,Pago,fk_invalida:matricula_id
25706,2143,2025-08-01,99,2025-03-08,2025-10-08,Pago,fk_invalida:matricula_id
25708,2143,2025-10-01,199,2025-04-10,2025-02-10,Pago,fk_invalida:matricula_id
25710,2143,2025-12-01,35,2025-01-12,2025-09-12,Pago,fk_invalida:matricula_id
25713,2143,2026-03-01,99,2026-01-03,2026-03-03,Pago,fk_invalida:matricula_id
25714,2143,2026-04-01,199,2026-02-04,2026-06-04,Pago,fk_invalida:matricula_id
25717,2144,2025-07-01,399,2025-01-07,2025-07-07,Pago,fk_invalida:matricula_id
25718,2144,2025-08-01,109,2025-04-08,2025-09-08,Pago,fk_invalida:matricula_id
25720,2144,2025-10-01,1199,2025-04-10,2025-07-10,Pago,fk_invalida:matricula_id
25721,2144,2025-11-01,109,2025-01-11,2025-07-11,Pago,fk_invalida:matricula_id
25731,2145,2025-09-01,399,2025-03-09,2025-05-09,Pago,fk_invalida:matricula_id
25732,2145,2025-10-01,35,2025-01-10,2025-03-10,Pago,fk_invalida:matricula_id
25737,2145,2026-03-01,699,2026-02-03,2026-07-03,Pago,fk_invalida:matricula_id
25741,2146,2025-07-01,699,2025-01-07,2025-01-07,Pago,fk_invalida:matricula_id
25742,2146,2025-08-01,99,2025-02-08,2025-07-08,Pago,fk_invalida:matricula_id
25751,2146,2026-05-01,699,2026-01-05,2026-05-05,Pago,fk_invalida:matricula_id
25754,2147,2025-08-01,99,2025-01-08,,Vencido,fk_invalida:matricula_id
25758,2147,2025-12-01,99,2025-03-12,2025-05-12,Pago,fk_invalida:matricula_id
25759,2147,2026-01-01,99,2026-02-01,,Vencido,fk_invalida:matricula_id
25761,2147,2026-03-01,99,2026-01-03,2026-09-03,Pago,fk_invalida:matricula_id
25765,2148,2025-07-01,99,2025-05-07,2025-02-07,Pago,fk_invalida:matricula_id
25766,2148,2025-08-01,1199,2025-02-08,2025-02-08,Pago,fk_invalida:matricula_id
25767,2148,2025-09-01,99,2025-02-09,2025-02-09,Pago,fk_invalida:matricula_id
25769,2148,2025-11-01,109,2025-02-11,2025-09-11,Pago,fk_invalida:matricula_id
25770,2148,2025-12-01,109,2025-03-12,2025-03-12,Pago,fk_invalida:matricula_id
25778,2149,2025-08-01,149,2025-05-08,2025-08-08,Pago,fk_invalida:matricula_id
25779,2149,2025-09-01,399,2025-03-09,2025-11-09,Pago,fk_invalida:matricula_id
25780,2149,2025-10-01,35,2025-04-10,2025-03-10,Pago,fk_invalida:matricula_id
25787,2149,2026-05-01,699,2026-02-05,2026-09-05,Pago,fk_invalida:matricula_id
25789,2150,2025-07-01,99,2025-05-07,2025-03-07,Pago,fk_invalida:matricula_id
25791,2150,2025-09-01,399,2025-02-09,2025-06-09,Pago,fk_invalida:matricula_id
25804,2151,2025-10-01,109,2025-04-10,2025-08-10,Pago,fk_invalida:matricula_id
25807,2151,2026-01-01,199,2026-02-01,2026-01-01,Pago,fk_invalida:matricula_id
25817,2152,2025-11-01,109,2025-02-11,2025-03-11,Pago,fk_invalida:matricula_id
25821,2152,2026-03-01,399,2026-02-03,2026-03-03,Pago,fk_invalida:matricula_id
25826,2153,2025-08-01,99,2025-01-08,2025-01-08,Pago,fk_invalida:matricula_id
25827,2153,2025-09-01,35,2025-04-09,2025-03-09,Pago,fk_invalida:matricula_id
25829,2153,2025-11-01,199,2025-03-11,,Vencido,fk_invalida:matricula_id
25840,2154,2025-10-01,699,2025-02-10,2025-08-10,Pago,fk_invalida:matricula_id
25843,2154,2026-01-01,99,2026-02-01,2026-09-01,Pago,fk_invalida:matricula_id
25853,2155,2025-11-01,109,2025-01-11,,Vencido,fk_invalida:matricula_id
25854,2155,2025-12-01,149,2025-02-12,2025-10-12,Pago,fk_invalida:matricula_id
25855,2155,2026-01-01,149,2026-01-01,2026-01-01,Pago,fk_invalida:matricula_id
25869,2156,2026-03-01,199,2026-01-03,2026-06-03,Pago,fk_invalida:matricula_id
25874,2157,2025-08-01,1199,2025-03-08,,Vencido,fk_invalida:matricula_id
25877,2157,2025-11-01,1199,2025-01-11,2025-02-11,Pago,fk_invalida:matricula_id
25878,2157,2025-12-01,149,2025-01-12,2025-08-12,Pago,fk_invalida:matricula_id
25885,2158,2025-07-01,109,2025-06-07,2025-11-07,Pago,fk_invalida:matricula_id
25895,2158,2026-05-01,109,2026-01-05,,Vencido,fk_invalida:matricula_id
25898,2159,2025-08-01,99,2025-01-08,2025-05-08,Pago,fk_invalida:matricula_id
25899,2159,2025-09-01,109,2025-02-09,2025-09-09,Pago,fk_invalida:matricula_id
25901,2159,2025-11-01,99,2025-03-11,2025-06-11,Pago,fk_invalida:matricula_id
25904,2159,2026-02-01,199,2026-01-02,,Vencido,fk_invalida:matricula_id
25909,2160,2025-07-01,1199,2025-01-07,,Vencido,fk_invalida:matricula_id
25912,2160,2025-10-01,35,2025-04-10,2025-12-10,Pago,fk_invalida:matricula_id
25914,2160,2025-12-01,699,2025-02-12,2025-01-12,Pago,fk_invalida:matricula_id
25918,2160,2026-04-01,149,2026-01-04,2026-12-04,Pago,fk_invalida:matricula_id
25925,2161,2025-11-01,35,2025-01-11,2025-03-11,Pago,fk_invalida:matricula_id
25933,2162,2025-07-01,109,2025-01-07,2025-07-07,Pago,fk_invalida:matricula_id
25935,2162,2025-09-01,199,2025-01-09,2025-05-09,Pago,fk_invalida:matricula_id
25936,2162,2025-10-01,99,2025-03-10,2025-01-10,Pago,fk_invalida:matricula_id
25939,2162,2026-01-01,199,2026-02-01,2026-07-01,Pago,fk_invalida:matricula_id
25945,2163,2025-07-01,399,2025-03-07,2025-09-07,Pago,fk_invalida:matricula_id
25946,2163,2025-08-01,199,2025-02-08,2025-05-08,Pago,fk_invalida:matricula_id
25948,2163,2025-10-01,35,2025-01-10,2025-06-10,Pago,fk_invalida:matricula_id
25954,2163,2026-04-01,399,2026-01-04,2026-06-04,Pago,fk_invalida:matricula_id
25957,2164,2025-07-01,99,2025-01-07,,Vencido,fk_invalida:matricula_id
25959,2164,2025-09-01,149,2025-03-09,2025-09-09,Pago,fk_invalida:matricula_id
25960,2164,2025-10-01,1199,2025-03-10,2025-03-10,Pago,fk_invalida:matricula_id
25962,2164,2025-12-01,99,2025-02-12,2025-05-12,Pago,fk_invalida:matricula_id
25965,2164,2026-03-01,109,2026-02-03,2026-06-03,Pago,fk_invalida:matricula_id
25968,2164,2026-06-01,399,2026-01-06,2026-10-06,Pago,fk_invalida:matricula_id
25969,2165,2025-07-01,35,2025-04-07,2025-12-07,Pago,fk_invalida:matricula_id
25970,2165,2025-08-01,199,2025-01-08,2025-02-08,Pago,fk_invalida:matricula_id
25971,2165,2025-09-01,99,2025-01-09,,Vencido,fk_invalida:matricula_id
25972,2165,2025-10-01,699,2025-04-10,2025-01-10,Pago,fk_invalida:matricula_id
25974,2165,2025-12-01,699,2025-01-12,2025-10-12,Pago,fk_invalida:matricula_id
25981,2166,2025-07-01,99,2025-03-07,2025-11-07,Pago,fk_invalida:matricula_id
25982,2166,2025-08-01,1199,2025-05-08,2025-03-08,Pago,fk_invalida:matricula_id
25983,2166,2025-09-01,199,2025-03-09,2025-04-09,Pago,fk_invalida:matricula_id
25993,2167,2025-07-01,149,2025-02-07,,Vencido,fk_invalida:matricula_id
25995,2167,2025-09-01,699,2025-04-09,2025-10-09,Pago,fk_invalida:matricula_id
25998,2167,2025-12-01,699,2025-02-12,2025-05-12,Pago,fk_invalida:matricula_id
26005,2168,2025-07-01,699,2025-05-07,2025-12-07,Pago,fk_invalida:matricula_id
26006,2168,2025-08-01,399,2025-04-08,,Vencido,fk_invalida:matricula_id
26009,2168,2025-11-01,109,2025-02-11,2025-07-11,Pago,fk_invalida:matricula_id
26015,2168,2026-05-01,1199,2026-02-05,2026-08-05,Pago,fk_invalida:matricula_id
26018,2169,2025-08-01,109,2025-04-08,2025-09-08,Pago,fk_invalida:matricula_id
26019,2169,2025-09-01,199,2025-01-09,2025-11-09,Pago,fk_invalida:matricula_id
26024,2169,2026-02-01,199,2026-01-02,2026-05-02,Pago,fk_invalida:matricula_id
26029,2170,2025-07-01,35,2025-04-07,2025-07-07,Pago,fk_invalida:matricula_id
26032,2170,2025-10-01,149,2025-04-10,,Vencido,fk_invalida:matricula_id
26039,2170,2026-05-01,99,2026-02-05,2026-10-05,Pago,fk_invalida:matricula_id
26041,2171,2025-07-01,199,2025-05-07,2025-09-07,Pago,fk_invalida:matricula_id
26042,2171,2025-08-01,109,2025-05-08,2025-05-08,Pago,fk_invalida:matricula_id
26053,2172,2025-07-01,1199,2025-06-07,,Vencido,fk_invalida:matricula_id
26055,2172,2025-09-01,1199,2025-02-09,2025-12-09,Pago,fk_invalida:matricula_id
26067,2173,2025-09-01,99,2025-03-09,2025-04-09,Pago,fk_invalida:matricula_id
26070,2173,2025-12-01,1199,2025-02-12,2025-09-12,Pago,fk_invalida:matricula_id
26072,2173,2026-02-01,35,2026-01-02,,Vencido,fk_invalida:matricula_id
26073,2173,2026-03-01,35,2026-02-03,2026-08-03,Pago,fk_invalida:matricula_id
26074,2173,2026-04-01,99,2026-01-04,2026-05-04,Pago,fk_invalida:matricula_id
26075,2173,2026-05-01,1199,2026-01-05,2026-10-05,Pago,fk_invalida:matricula_id
26078,2174,2025-08-01,1199,2025-02-08,2025-05-08,Pago,fk_invalida:matricula_id
26080,2174,2025-10-01,99,2025-02-10,2025-10-10,Pago,fk_invalida:matricula_id
26082,2174,2025-12-01,199,2025-01-12,2025-01-12,Pago,fk_invalida:matricula_id
26086,2174,2026-04-01,699,2026-02-04,2026-06-04,Pago,fk_invalida:matricula_id
26091,2175,2025-09-01,99,2025-04-09,2025-08-09,Pago,fk_invalida:matricula_id
26093,2175,2025-11-01,399,2025-01-11,2025-08-11,Pago,fk_invalida:matricula_id
26094,2175,2025-12-01,699,2025-02-12,2025-07-12,Pago,fk_invalida:matricula_id
26097,2175,2026-03-01,1199,2026-03-03,2026-06-03,Pago,fk_invalida:matricula_id
26102,2176,2025-08-01,699,2025-03-08,2025-08-08,Pago,fk_invalida:matricula_id
26106,2176,2025-12-01,35,2025-03-12,2025-01-12,Pago,fk_invalida:matricula_id
26114,2177,2025-08-01,199,2025-04-08,2025-12-08,Pago,fk_invalida:matricula_id
26119,2177,2026-01-01,399,2026-01-01,2026-03-01,Pago,fk_invalida:matricula_id
26125,2178,2025-07-01,199,2025-04-07,,Vencido,fk_invalida:matricula_id
26126,2178,2025-08-01,35,2025-05-08,,Vencido,fk_invalida:matricula_id
26130,2178,2025-12-01,199,2025-02-12,,Vencido,fk_invalida:matricula_id
26133,2178,2026-03-01,399,2026-03-03,2026-07-03,Pago,fk_invalida:matricula_id
26137,2179,2025-07-01,699,2025-01-07,2025-01-07,Pago,fk_invalida:matricula_id
26138,2179,2025-08-01,199,2025-04-08,2025-12-08,Pago,fk_invalida:matricula_id
26139,2179,2025-09-01,199,2025-01-09,2025-09-09,Pago,fk_invalida:matricula_id
26145,2179,2026-03-01,199,2026-03-03,2026-08-03,Pago,fk_invalida:matricula_id
26149,2180,2025-07-01,199,2025-04-07,2025-01-07,Pago,fk_invalida:matricula_id
26150,2180,2025-08-01,149,2025-03-08,,Vencido,fk_invalida:matricula_id
26158,2180,2026-04-01,35,2026-02-04,2026-02-04,Pago,fk_invalida:matricula_id
26161,2181,2025-07-01,1199,2025-05-07,2025-12-07,Pago,fk_invalida:matricula_id
26163,2181,2025-09-01,399,2025-02-09,,Vencido,fk_invalida:matricula_id
26167,2181,2026-01-01,149,2026-02-01,2026-03-01,Pago,fk_invalida:matricula_id
26170,2181,2026-04-01,99,2026-02-04,2026-01-04,Pago,fk_invalida:matricula_id
26173,2182,2025-07-01,99,2025-05-07,,Vencido,fk_invalida:matricula_id
26174,2182,2025-08-01,699,2025-03-08,2025-10-08,Pago,fk_invalida:matricula_id
26175,2182,2025-09-01,1199,2025-02-09,2025-01-09,Pago,fk_invalida:matricula_id
26176,2182,2025-10-01,1199,2025-01-10,2025-12-10,Pago,fk_invalida:matricula_id
26181,2182,2026-03-01,109,2026-03-03,2026-03-03,Pago,fk_invalida:matricula_id
26185,2183,2025-07-01,99,2025-04-07,2025-12-07,Pago,fk_invalida:matricula_id
26190,2183,2025-12-01,35,2025-02-12,2025-04-12,Pago,fk_invalida:matricula_id
26200,2184,2025-10-01,1199,2025-03-10,2025-12-10,Pago,fk_invalida:matricula_id
26201,2184,2025-11-01,99,2025-03-11,,Vencido,fk_invalida:matricula_id
26207,2184,2026-05-01,35,2026-02-05,2026-08-05,Pago,fk_invalida:matricula_id
26209,2185,2025-07-01,99,2025-03-07,2025-01-07,Pago,fk_invalida:matricula_id
26210,2185,2025-08-01,699,2025-02-08,2025-11-08,Pago,fk_invalida:matricula_id
26220,2185,2026-06-01,149,2026-01-06,2026-09-06,Pago,fk_invalida:matricula_id
26221,2186,2025-07-01,399,2025-04-07,2025-03-07,Pago,fk_invalida:matricula_id
26222,2186,2025-08-01,399,2025-04-08,,Vencido,fk_invalida:matricula_id
26223,2186,2025-09-01,99,2025-02-09,2025-07-09,Pago,fk_invalida:matricula_id
26224,2186,2025-10-01,149,2025-02-10,2025-03-10,Pago,fk_invalida:matricula_id
26229,2186,2026-03-01,399,2026-01-03,2026-02-03,Pago,fk_invalida:matricula_id
26233,2187,2025-07-01,399,2025-04-07,2025-12-07,Pago,fk_invalida:matricula_id
26243,2187,2026-05-01,109,2026-02-05,2026-02-05,Pago,fk_invalida:matricula_id
26254,2188,2026-04-01,399,2026-01-04,2026-03-04,Pago,fk_invalida:matricula_id
26257,2189,2025-07-01,109,2025-03-07,2025-11-07,Pago,fk_invalida:matricula_id
26259,2189,2025-09-01,699,2025-03-09,,Vencido,fk_invalida:matricula_id
26269,2190,2025-07-01,1199,2025-04-07,2025-07-07,Pago,fk_invalida:matricula_id
26272,2190,2025-10-01,35,2025-01-10,2025-10-10,Pago,fk_invalida:matricula_id
26273,2190,2025-11-01,399,2025-01-11,2025-11-11,Pago,fk_invalida:matricula_id
26281,2191,2025-07-01,1199,2025-04-07,2025-11-07,Pago,fk_invalida:matricula_id
26282,2191,2025-08-01,699,2025-02-08,2025-07-08,Pago,fk_invalida:matricula_id
26283,2191,2025-09-01,199,2025-03-09,2025-12-09,Pago,fk_invalida:matricula_id
26293,2192,2025-07-01,1199,2025-01-07,2025-12-07,Pago,fk_invalida:matricula_id
26294,2192,2025-08-01,99,2025-05-08,,Vencido,fk_invalida:matricula_id
26307,2193,2025-09-01,1199,2025-02-09,,Vencido,fk_invalida:matricula_id
26308,2193,2025-10-01,99,2025-02-10,,Vencido,fk_invalida:matricula_id
26310,2193,2025-12-01,149,2025-01-12,2025-09-12,Pago,fk_invalida:matricula_id
26312,2193,2026-02-01,109,2026-01-02,2026-10-02,Pago,fk_invalida:matricula_id
26322,2194,2025-12-01,35,2025-03-12,2025-01-12,Pago,fk_invalida:matricula_id
26326,2194,2026-04-01,199,2026-02-04,2026-04-04,Pago,fk_invalida:matricula_id
26329,2195,2025-07-01,699,2025-05-07,2025-04-07,Pago,fk_invalida:matricula_id
26331,2195,2025-09-01,99,2025-01-09,2025-03-09,Pago,fk_invalida:matricula_id
26332,2195,2025-10-01,35,2025-01-10,2025-09-10,Pago,fk_invalida:matricula_id
26337,2195,2026-03-01,699,2026-01-03,2026-10-03,Pago,fk_invalida:matricula_id
26342,2196,2025-08-01,149,2025-05-08,2025-04-08,Pago,fk_invalida:matricula_id
26343,2196,2025-09-01,699,2025-04-09,2025-03-09,Pago,fk_invalida:matricula_id
26344,2196,2025-10-01,109,2025-04-10,2025-09-10,Pago,fk_invalida:matricula_id
26346,2196,2025-12-01,109,2025-01-12,2025-04-12,Pago,fk_invalida:matricula_id
26347,2196,2026-01-01,109,2026-01-01,2026-10-01,Pago,fk_invalida:matricula_id
26350,2196,2026-04-01,149,2026-02-04,2026-01-04,Pago,fk_invalida:matricula_id
26355,2197,2025-09-01,35,2025-02-09,2025-11-09,Pago,fk_invalida:matricula_id
26357,2197,2025-11-01,699,2025-03-11,2025-05-11,Pago,fk_invalida:matricula_id
26358,2197,2025-12-01,149,2025-01-12,2025-11-12,Pago,fk_invalida:matricula_id
26361,2197,2026-03-01,199,2026-01-03,,Vencido,fk_invalida:matricula_id
26365,2198,2025-07-01,35,2025-02-07,2025-05-07,Pago,fk_invalida:matricula_id
26367,2198,2025-09-01,99,2025-04-09,2025-11-09,Pago,fk_invalida:matricula_id
26368,2198,2025-10-01,109,2025-03-10,2025-05-10,Pago,fk_invalida:matricula_id
26369,2198,2025-11-01,699,2025-02-11,2025-08-11,Pago,fk_invalida:matricula_id
26370,2198,2025-12-01,35,2025-02-12,2025-06-12,Pago,fk_invalida:matricula_id
26371,2198,2026-01-01,35,2026-02-01,2026-12-01,Pago,fk_invalida:matricula_id
26374,2198,2026-04-01,399,2026-01-04,2026-05-04,Pago,fk_invalida:matricula_id
26376,2198,2026-06-01,399,2026-01-06,2026-01-06,Pago,fk_invalida:matricula_id
26378,2199,2025-08-01,99,2025-01-08,2025-07-08,Pago,fk_invalida:matricula_id
26379,2199,2025-09-01,199,2025-03-09,2025-04-09,Pago,fk_invalida:matricula_id
26380,2199,2025-10-01,149,2025-02-10,2025-11-10,Pago,fk_invalida:matricula_id
26387,2199,2026-05-01,35,2026-02-05,2026-06-05,Pago,fk_invalida:matricula_id
26389,2200,2025-07-01,149,2025-06-07,2025-12-07,Pago,fk_invalida:matricula_id
26392,2200,2025-10-01,699,2025-03-10,2025-06-10,Pago,fk_invalida:matricula_id
26396,2200,2026-02-01,699,2026-01-02,,Vencido,fk_invalida:matricula_id
