honorario_id;cliente_id;competencia;valor;data_vencimento;data_pagamento;status
1;1;  2025-07  ;818,41;2025-07-16;2025-07-28;Pago
2;1;  2025-07  ;2645,22;2025-08-12;;Pendente
3;1;  2025-08  ;2269,97;2025-09-13;2025-09-18;Pago
4;1;  2025-09  ;4032,69;2025-10-19;2025-11-02;Pago
5;1;2025-10;3561,94;2025-11-16;2025-11-26;Pago
6;1;2025-11;2861,17;2025-12-11;2025-12-17;Pago
7;1;2025-12;846,28;2026-01-13;;Pendente
8;1;2026-01;923,01;2026-02-06;2026-02-06;Pago
9;1;2026-02;1307,74;2026-03-10;2026-03-23;Pago
10;1;2026-03;3285,26;2026-04-10;2026-04-21;Pago
11;1;2026-04;1138,2;2026-05-21;2026-06-02;Pago
12;1;2026-05;3552,89;2026-06-11;2026-06-18;Pago
13;2;2025-07;3936,84;2025-07-23;;Pendente
14;2;2025-07;4420,3;2025-08-12;2025-08-19;Pago
15;2;2025-08;1034,65;2025-09-12;2025-09-11;Pago
16;2;2025-09;3747,08;2025-10-13;2025-10-22;Pago
17;2;2025-10;541,32;2025-11-18;2025-11-15;Pago
18;2;2025-11;1357,22;2025-12-19;2025-12-31;Pago
19;2;2025-12;3226,79;2026-01-18;2026-01-25;Pago
20;2;2026-01;2500,02;2026-02-12;;Pendente
21;2;2026-02;688,49;2026-03-21;2026-03-25;Pago
22;2;2026-03;1398,63;2026-04-16;2026-04-23;Pago
23;2;2026-04;4480,35;2026-05-20;;Pendente
24;2;2026-05;1342,87;2026-06-14;2026-06-24;Pago
25;3;2025-07;4052,36;2025-07-11;2025-07-12;Pago
26;3;2025-07;2329,6;2025-08-22;;Pendente
27;3;2025-08;3103,58;2025-09-13;2025-09-24;Pago
28;3;2025-09;4499,9;2025-10-10;2025-10-21;Pago
29;3;2025-10;1237,54;2025-11-08;2025-11-13;Pago
30;3;2025-11;3677,82;2025-12-22;2026-01-06;Pago
31;3;2025-12;3732,04;2026-01-20;2026-01-29;Pago
32;3;2026-01;2222,6;2026-02-18;2026-03-02;Pago
33;3;2026-02;2304,28;2026-03-08;2026-03-19;Pago
34;3;2026-03;3901,95;2026-04-17;2026-04-20;Pago
35;3;2026-04;1584,48;2026-05-09;2026-05-08;Pago
36;3;2026-05;2937,9;2026-06-08;2026-06-18;Pago
37;4;2025-07;2659,41;2025-07-13;2025-07-13;Pago
38;4;2025-07;738,49;2025-08-10;2025-08-21;Pago
39;4;2025-08;3955,09;2025-09-24;2025-09-26;Pago
40;4;2025-09;3333,83;2025-10-24;2025-11-08;Pago
41;4;2025-10;2868,56;2025-11-19;2025-11-27;Pago
42;4;2025-11;3147,0;2025-12-18;2025-12-31;Pago
43;4;2025-12;2328,15;2026-01-07;2026-01-07;Pago
44;4;2026-01;1517,91;2026-02-10;2026-02-24;Pago
45;4;2026-02;2281,13;2026-03-22;2026-03-19;Pago
46;4;2026-03;2975,26;2026-04-08;2026-04-12;Pago
47;4;2026-04;2143,43;2026-05-15;2026-05-30;Pago
48;4;2026-05;4114,1;2026-06-08;;Pendente
49;5;2025-07;1570,27;2025-07-20;2025-07-31;Pago
50;5;2025-07;3441,39;2025-08-21;2025-08-27;Pago
51;5;2025-08;4148,44;2025-09-12;2025-09-20;Pago
52;5;2025-09;3151,27;2025-10-19;2025-11-01;Pago
53;5;2025-10;860,13;2025-11-10;2025-11-20;Pago
54;5;2025-11;2220,27;2025-12-09;2025-12-09;Pago
55;5;2025-12;4014,29;2026-01-14;2026-01-15;Pago
56;5;2026-01;3850,8;2026-02-10;2026-02-12;Pago
57;5;2026-02;3351,12;2026-03-10;2026-03-16;Pago
58;5;2026-03;1428,28;2026-04-14;2026-04-20;Pago
59;5;2026-04;2141,82;2026-05-12;2026-05-12;Pago
60;5;2026-05;2799,23;2026-06-13;2026-06-12;Pago
61;6;2025-07;3436,86;2025-07-19;2025-07-21;Pago
62;6;2025-07;1631,08;2025-08-20;2025-08-21;Pago
63;6;2025-08;4461,86;2025-09-17;2025-09-17;Pago
64;6;2025-09;682,82;2025-10-24;2025-10-29;Pago
65;6;2025-10;2428,92;2025-11-21;;Pendente
66;6;2025-11;789,99;2025-12-21;2025-12-25;Pago
67;6;2025-12;3239,46;2026-01-19;2026-01-24;Pago
68;6;2026-01;500,96;2026-02-07;2026-02-14;Pago
69;6;2026-02;1084,9;2026-03-10;2026-03-15;Pago
70;6;2026-03;1647,28;2026-04-21;2026-04-29;Pago
71;6;2026-04;3581,66;2026-05-14;2026-05-21;Pago
72;6;2026-05;521,06;2026-06-12;2026-06-11;Pago
73;7;2025-07;2367,11;2025-07-26;;Pendente
74;7;2025-07;2046,65;2025-08-12;2025-08-26;Pago
75;7;2025-08;1034,63;2025-09-14;;Pendente
76;7;2025-09;647,43;2025-10-21;;Pendente
77;7;2025-10;4066,89;2025-11-14;;Pendente
78;7;2025-11;2491,1;2025-12-11;2025-12-19;Pago
79;7;2025-12;1475,14;2026-01-21;2026-01-22;Pago
80;7;2026-01;1583,98;2026-02-11;2026-02-10;Pago
81;7;2026-02;3381,71;2026-03-22;2026-04-02;Pago
82;7;2026-03;3060,42;2026-04-09;2026-04-16;Pago
83;7;2026-04;1000,0;2026-05-19;;Pendente
84;7;2026-05;4213,73;2026-06-16;2026-06-14;Pago
85;8;2025-07;3769,76;2025-07-13;2025-07-12;Pago
86;8;2025-07;964,81;2025-08-13;2025-08-15;Pago
87;8;2025-08;1535,54;2025-09-19;2025-09-28;Pago
88;8;2025-09;3441,53;2025-10-21;2025-11-01;Pago
89;8;2025-10;4104,36;2025-11-15;2025-11-19;Pago
90;8;2025-11;2150,4;2025-12-22;2025-12-24;Pago
91;8;2025-12;3633,86;2026-01-11;2026-01-25;Pago
92;8;2026-01;826,4;2026-02-18;2026-02-16;Pago
93;8;2026-02;2094,04;2026-03-20;2026-04-02;Pago
94;8;2026-03;1048,13;2026-04-10;2026-04-20;Pago
95;8;2026-04;3202,71;2026-05-12;2026-05-15;Pago
96;8;2026-05;1839,56;2026-06-11;2026-06-10;Pago
97;9;2025-07;2387,09;2025-07-24;2025-08-04;Pago
98;9;2025-07;2065,28;2025-08-15;2025-08-16;Pago
99;9;2025-08;2937,44;2025-09-10;2025-09-12;Pago
100;9;2025-09;3248,97;2025-10-15;2025-10-22;Pago
101;9;2025-10;2354,03;2025-11-20;;Pendente
102;9;2025-11;4013,17;2025-12-10;2025-12-16;Pago
103;9;2025-12;1505,08;2026-01-15;2026-01-27;Pago
104;9;2026-01;3443,15;2026-02-19;2026-03-01;Pago
105;9;2026-02;3680,13;2026-03-10;2026-03-24;Pago
106;9;2026-03;4135,19;2026-04-11;2026-04-26;Pago
107;9;2026-04;1878,21;2026-05-19;2026-05-30;Pago
108;9;2026-05;1348,02;2026-06-19;2026-06-29;Pago
109;10;2025-07;3226,73;2025-07-21;2025-07-22;Pago
110;10;2025-07;2261,98;2025-08-13;;Pendente
111;10;2025-08;1056,79;2025-09-15;2025-09-12;Pago
112;10;2025-09;2744,24;2025-10-17;2025-10-27;Pago
113;10;2025-10;2584,32;2025-11-15;2025-11-28;Pago
114;10;2025-11;2731,04;2025-12-17;2025-12-17;Pago
115;10;2025-12;2789,16;2026-01-10;2026-01-18;Pago
116;10;2026-01;1352,47;2026-02-19;2026-02-26;Pago
117;10;2026-02;2850,81;2026-03-20;2026-04-03;Pago
118;10;2026-03;2827,19;2026-04-16;2026-04-26;Pago
119;10;2026-04;4184,85;2026-05-17;2026-05-25;Pago
120;10;2026-05;2656,67;2026-06-21;2026-06-21;Pago
121;11;2025-07;4153,13;2025-07-21;2025-07-18;Pago
122;11;2025-07;1794,43;2025-08-10;2025-08-19;Pago
123;11;2025-08;3445,4;2025-09-10;2025-09-19;Pago
124;11;2025-09;575,93;2025-10-15;2025-10-28;Pago
125;11;2025-10;1006,56;2025-11-12;2025-11-25;Pago
126;11;2025-11;3115,74;2025-12-09;2025-12-23;Pago
127;11;2025-12;3299,3;2026-01-16;2026-01-22;Pago
128;11;2026-01;4493,74;2026-02-15;2026-02-12;Pago
129;11;2026-02;975,19;2026-03-21;2026-04-04;Pago
130;11;2026-03;2247,68;2026-04-07;2026-04-04;Pago
131;11;2026-04;1288,38;2026-05-13;2026-05-15;Pago
132;11;2026-05;3515,64;2026-06-15;2026-06-12;Pago
133;12;2025-07;459,97;2025-07-21;2025-07-26;Pago
134;12;2025-07;4100,55;2025-08-24;2025-08-21;Pago
135;12;2025-08;2228,09;2025-09-17;;Pendente
136;12;2025-09;1010,66;2025-10-09;2025-10-22;Pago
137;12;2025-10;3672,91;2025-11-20;2025-11-17;Pago
138;12;2025-11;1324,35;2025-12-20;2026-01-01;Pago
139;12;2025-12;3084,95;2026-01-22;2026-02-04;Pago
140;12;2026-01;2526,72;2026-02-13;2026-02-16;Pago
141;12;2026-02;841,41;2026-03-13;2026-03-24;Pago
142;12;2026-03;1683,18;2026-04-08;2026-04-13;Pago
143;12;2026-04;838,23;2026-05-22;2026-05-26;Pago
144;12;2026-05;3290,18;2026-06-21;2026-06-27;Pago
145;13;2025-07;469,76;2025-07-12;2025-07-18;Pago
146;13;2025-07;2299,3;2025-08-17;2025-08-20;Pago
147;13;2025-08;2392,86;2025-09-13;2025-09-13;Pago
148;13;2025-09;1483,01;2025-10-15;2025-10-28;Pago
149;13;2025-10;818,16;2025-11-16;2025-11-15;Pago
150;13;2025-11;4246,32;2025-12-17;2025-12-25;Pago
151;13;2025-12;4454,78;2026-01-12;2026-01-21;Pago
152;13;2026-01;2725,54;2026-02-07;2026-02-17;Pago
153;13;2026-02;3267,4;2026-03-14;;Pendente
154;13;2026-03;3466,83;2026-04-20;2026-05-01;Pago
155;13;2026-04;2643,66;2026-05-15;2026-05-29;Pago
156;13;2026-05;3793,44;2026-06-13;2026-06-14;Pago
157;14;2025-07;2023,31;2025-07-24;2025-07-29;Pago
158;14;2025-07;823,43;2025-08-22;2025-08-31;Pago
159;14;2025-08;1736,44;2025-09-13;2025-09-17;Pago
160;14;2025-09;3490,77;2025-10-15;2025-10-14;Pago
161;14;2025-10;2256,28;2025-11-12;2025-11-20;Pago
162;14;2025-11;690,26;2025-12-11;2025-12-23;Pago
163;14;2025-12;3057,96;2026-01-15;2026-01-17;Pago
164;14;2026-01;3758,75;2026-02-18;2026-03-01;Pago
165;14;2026-02;882,46;2026-03-11;2026-03-13;Pago
166;14;2026-03;1951,06;2026-04-08;2026-04-05;Pago
167;14;2026-04;661,45;2026-05-18;2026-05-16;Pago
168;14;2026-05;2633,05;2026-06-14;2026-06-15;Pago
169;15;2025-07;2151,65;2025-07-11;2025-07-09;Pago
170;15;2025-07;4432,5;2025-08-14;2025-08-13;Pago
171;15;2025-08;2972,31;2025-09-19;2025-09-25;Pago
172;15;2025-09;4489,78;2025-10-19;;Pendente
173;15;2025-10;1548,18;2025-11-18;2025-11-24;Pago
174;15;2025-11;1955,01;2025-12-23;2025-12-20;Pago
175;15;2025-12;2479,14;2026-01-08;2026-01-12;Pago
176;15;2026-01;1479,53;2026-02-09;2026-02-16;Pago
177;15;2026-02;1652,12;2026-03-10;2026-03-20;Pago
178;15;2026-03;2594,17;2026-04-19;2026-04-17;Pago
179;15;2026-04;3706,91;2026-05-10;2026-05-22;Pago
180;15;2026-05;1569,39;2026-06-11;2026-06-16;Pago
181;16;2025-07;2225,44;2025-07-22;;Pendente
182;16;2025-07;1186,3;2025-08-20;;Pendente
183;16;2025-08;2007,81;2025-09-23;2025-10-04;Pago
184;16;2025-09;3752,74;2025-10-14;2025-10-19;Pago
185;16;2025-10;3138,19;2025-11-10;2025-11-08;Pago
186;16;2025-11;489,38;2025-12-15;2025-12-12;Pago
187;16;2025-12;3129,53;2026-01-17;2026-01-26;Pago
188;16;2026-01;4249,31;2026-02-17;2026-02-23;Pago
189;16;2026-02;575,06;2026-03-14;;Pendente
190;16;2026-03;2281,58;2026-04-22;2026-05-06;Pago
191;16;2026-04;1205,49;2026-05-21;;Pendente
192;16;2026-05;727,4;2026-06-06;2026-06-04;Pago
193;17;2025-07;1104,64;2025-07-22;2025-07-19;Pago
194;17;2025-07;4000,62;2025-08-20;2025-08-17;Pago
195;17;2025-08;2131,97;2025-09-10;;Pendente
196;17;2025-09;3159,19;2025-10-24;2025-10-21;Pago
197;17;2025-10;1291,49;2025-11-20;2025-11-28;Pago
198;17;2025-11;3836,4;2025-12-14;2025-12-19;Pago
199;17;2025-12;4110,16;2026-01-12;2026-01-09;Pago
200;17;2026-01;2025,93;2026-02-20;2026-02-27;Pago
201;17;2026-02;1308,48;2026-03-13;2026-03-19;Pago
202;17;2026-03;3586,87;2026-04-09;;Pendente
203;17;2026-04;2928,39;2026-05-09;2026-05-06;Pago
204;17;2026-05;788,0;2026-06-14;2026-06-23;Pago
205;18;2025-07;2022,4;2025-07-11;2025-07-14;Pago
206;18;2025-07;3939,61;2025-08-16;2025-08-18;Pago
207;18;2025-08;4252,67;2025-09-24;2025-10-04;Pago
208;18;2025-09;3134,52;2025-10-12;2025-10-14;Pago
209;18;2025-10;2158,67;2025-11-11;2025-11-25;Pago
210;18;2025-11;4088,34;2025-12-08;;Pendente
211;18;2025-12;1629,25;2026-01-17;2026-01-29;Pago
212;18;2026-01;2308,28;2026-02-18;2026-02-28;Pago
213;18;2026-02;1872,73;2026-03-11;2026-03-14;Pago
214;18;2026-03;997,25;2026-04-17;2026-04-21;Pago
215;18;2026-04;3460,35;2026-05-10;2026-05-19;Pago
216;18;2026-05;1832,22;2026-06-10;2026-06-18;Pago
217;19;2025-07;3956,32;2025-07-25;2025-08-02;Pago
218;19;2025-07;1142,35;2025-08-24;2025-08-31;Pago
219;19;2025-08;3380,78;2025-09-10;2025-09-14;Pago
220;19;2025-09;781,41;2025-10-18;2025-10-22;Pago
221;19;2025-10;1692,55;2025-11-14;;Pendente
222;19;2025-11;3494,06;2025-12-08;2025-12-21;Pago
223;19;2025-12;3611,07;2026-01-12;2026-01-25;Pago
224;19;2026-01;1727,27;2026-02-06;2026-02-18;Pago
225;19;2026-02;1826,26;2026-03-12;2026-03-13;Pago
226;19;2026-03;1283,58;2026-04-18;2026-05-01;Pago
227;19;2026-04;3302,86;2026-05-14;;Pendente
228;19;2026-05;1034,08;2026-06-16;2026-06-27;Pago
229;20;2025-07;1050,08;2025-07-19;;Pendente
230;20;2025-07;1394,68;2025-08-13;2025-08-13;Pago
231;20;2025-08;4237,26;2025-09-14;2025-09-11;Pago
232;20;2025-09;2926,36;2025-10-12;2025-10-23;Pago
233;20;2025-10;3092,44;2025-11-16;2025-11-26;Pago
234;20;2025-11;1213,2;2025-12-19;2025-12-17;Pago
235;20;2025-12;3020,73;2026-01-10;;Pendente
236;20;2026-01;4008,24;2026-02-11;2026-02-16;Pago
237;20;2026-02;1485,89;2026-03-11;2026-03-18;Pago
238;20;2026-03;1634,14;2026-04-09;2026-04-18;Pago
239;20;2026-04;4193,97;2026-05-07;2026-05-20;Pago
240;20;2026-05;2615,36;2026-06-17;2026-06-17;Pago
241;21;2025-07;1535,32;2025-07-25;2025-07-26;Pago
242;21;2025-07;3583,18;2025-08-18;2025-08-28;Pago
243;21;2025-08;2541,94;2025-09-16;;Pendente
244;21;2025-09;1047,22;2025-10-16;2025-10-22;Pago
245;21;2025-10;3026,64;2025-11-13;;Pendente
246;21;2025-11;2726,82;2025-12-08;2025-12-20;Pago
247;21;2025-12;2136,47;2026-01-17;2026-01-26;Pago
248;21;2026-01;3188,68;2026-02-17;2026-02-23;Pago
249;21;2026-02;3026,47;2026-03-17;2026-03-15;Pago
250;21;2026-03;2554,15;2026-04-07;2026-04-18;Pago
251;21;2026-04;4379,78;2026-05-09;2026-05-18;Pago
252;21;2026-05;2798,9;2026-06-08;2026-06-19;Pago
253;22;2025-07;3273,43;2025-07-25;2025-08-05;Pago
254;22;2025-07;2430,26;2025-08-22;2025-08-29;Pago
255;22;2025-08;2979,04;2025-09-24;2025-09-27;Pago
256;22;2025-09;3243,52;2025-10-22;;Pendente
257;22;2025-10;743,17;2025-11-17;2025-11-21;Pago
258;22;2025-11;1974,21;2025-12-23;2025-12-20;Pago
259;22;2025-12;2805,88;2026-01-15;;Pendente
260;22;2026-01;3324,91;2026-02-10;2026-02-11;Pago
261;22;2026-02;4462,48;2026-03-08;2026-03-21;Pago
262;22;2026-03;1785,26;2026-04-13;2026-04-13;Pago
263;22;2026-04;3948,05;2026-05-11;2026-05-14;Pago
264;22;2026-05;1241,0;2026-06-15;2026-06-26;Pago
265;23;2025-07;2533,87;2025-07-18;2025-07-29;Pago
266;23;2025-07;4345,93;2025-08-18;2025-08-19;Pago
267;23;2025-08;1380,51;2025-09-16;2025-09-13;Pago
268;23;2025-09;2605,68;2025-10-18;2025-10-23;Pago
269;23;2025-10;4236,28;2025-11-23;2025-12-06;Pago
270;23;2025-11;1250,39;2025-12-23;;Pendente
271;23;2025-12;3532,51;2026-01-18;2026-01-28;Pago
272;23;2026-01;3302,54;2026-02-10;2026-02-11;Pago
273;23;2026-02;3393,43;2026-03-22;2026-04-02;Pago
274;23;2026-03;4078,78;2026-04-11;2026-04-15;Pago
275;23;2026-04;2359,33;2026-05-12;2026-05-19;Pago
276;23;2026-05;1245,26;2026-06-11;;Pendente
277;24;2025-07;1925,41;2025-07-22;2025-08-04;Pago
278;24;2025-07;780,14;2025-08-17;2025-08-25;Pago
279;24;2025-08;2658,85;2025-09-15;;Pendente
280;24;2025-09;1187,02;2025-10-24;2025-11-05;Pago
281;24;2025-10;682,04;2025-11-20;2025-11-18;Pago
282;24;2025-11;3491,99;2025-12-09;2025-12-19;Pago
283;24;2025-12;4004,18;2026-01-15;2026-01-16;Pago
284;24;2026-01;1734,2;2026-02-12;2026-02-17;Pago
285;24;2026-02;3288,39;2026-03-12;2026-03-27;Pago
286;24;2026-03;3748,55;2026-04-12;2026-04-20;Pago
287;24;2026-04;3368,82;2026-05-07;2026-05-08;Pago
288;24;2026-05;3307,93;2026-06-07;2026-06-14;Pago
289;25;2025-07;952,44;2025-07-15;2025-07-17;Pago
290;25;2025-07;3865,09;2025-08-16;2025-08-13;Pago
291;25;2025-08;1999,69;2025-09-12;2025-09-10;Pago
292;25;2025-09;3155,98;2025-10-17;;Pendente
293;25;2025-10;2352,05;2025-11-16;2025-11-15;Pago
294;25;2025-11;3472,01;2025-12-17;2025-12-29;Pago
295;25;2025-12;2972,82;2026-01-08;2026-01-07;Pago
296;25;2026-01;949,51;2026-02-20;2026-02-21;Pago
297;25;2026-02;1243,88;2026-03-13;;Pendente
298;25;2026-03;2741,37;2026-04-07;2026-04-17;Pago
299;25;2026-04;2428,47;2026-05-16;2026-05-30;Pago
300;25;2026-05;3809,16;2026-06-10;2026-06-23;Pago
301;26;2025-07;2567,56;2025-07-20;2025-07-25;Pago
302;26;2025-07;2166,96;2025-08-21;2025-09-05;Pago
303;26;2025-08;4179,86;2025-09-18;2025-09-19;Pago
304;26;2025-09;2691,85;2025-10-20;2025-10-17;Pago
305;26;2025-10;797,33;2025-11-14;2025-11-27;Pago
306;26;2025-11;2218,84;2025-12-12;2025-12-14;Pago
307;26;2025-12;793,4;2026-01-21;;Pendente
308;26;2026-01;2901,52;2026-02-08;2026-02-11;Pago
309;26;2026-02;1891,35;2026-03-12;2026-03-22;Pago
310;26;2026-03;1382,99;2026-04-10;;Pendente
311;26;2026-04;3399,09;2026-05-13;2026-05-21;Pago
312;26;2026-05;1761,69;2026-06-06;2026-06-03;Pago
313;27;2025-07;1951,49;2025-07-14;;Pendente
314;27;2025-07;2353,39;2025-08-12;2025-08-24;Pago
315;27;2025-08;739,03;2025-09-18;2025-09-24;Pago
316;27;2025-09;496,57;2025-10-14;2025-10-12;Pago
317;27;2025-10;2560,56;2025-11-22;2025-11-24;Pago
318;27;2025-11;1998,72;2025-12-16;2025-12-16;Pago
319;27;2025-12;2159,67;2026-01-16;2026-01-15;Pago
320;27;2026-01;4223,53;2026-02-16;2026-02-27;Pago
321;27;2026-02;4268,4;2026-03-12;2026-03-26;Pago
322;27;2026-03;4266,12;2026-04-13;2026-04-19;Pago
323;27;2026-04;544,98;2026-05-21;;Pendente
324;27;2026-05;4493,91;2026-06-12;2026-06-15;Pago
325;28;2025-07;2852,64;2025-07-22;2025-07-27;Pago
326;28;2025-07;1735,69;2025-08-21;2025-08-30;Pago
327;28;2025-08;1879,93;2025-09-21;2025-09-29;Pago
328;28;2025-09;4330,43;2025-10-11;2025-10-19;Pago
329;28;2025-10;2478,22;2025-11-11;2025-11-25;Pago
330;28;2025-11;2473,99;2025-12-18;2025-12-19;Pago
331;28;2025-12;1758,9;2026-01-10;2026-01-17;Pago
332;28;2026-01;2045,28;2026-02-09;2026-02-20;Pago
333;28;2026-02;686,53;2026-03-17;2026-03-25;Pago
334;28;2026-03;3332,33;2026-04-18;2026-04-25;Pago
335;28;2026-04;1933,91;2026-05-13;2026-05-19;Pago
336;28;2026-05;616,11;2026-06-13;2026-06-24;Pago
337;29;2025-07;3197,88;2025-07-14;2025-07-13;Pago
338;29;2025-07;2862,4;2025-08-15;2025-08-26;Pago
339;29;2025-08;1042,24;2025-09-21;2025-09-28;Pago
340;29;2025-09;2476,85;2025-10-20;2025-10-17;Pago
341;29;2025-10;3895,92;2025-11-20;2025-11-25;Pago
342;29;2025-11;2321,34;2025-12-16;2025-12-20;Pago
343;29;2025-12;3592,49;2026-01-20;2026-01-19;Pago
344;29;2026-01;4207,98;2026-02-10;2026-02-20;Pago
345;29;2026-02;2877,47;2026-03-14;2026-03-23;Pago
346;29;2026-03;3642,69;2026-04-10;2026-04-25;Pago
347;29;2026-04;3934,02;2026-05-08;2026-05-16;Pago
348;29;2026-05;3722,17;2026-06-16;2026-06-16;Pago
349;30;2025-07;1129,53;2025-07-20;2025-07-20;Pago
350;30;2025-07;1967,23;2025-08-13;;Pendente
351;30;2025-08;1580,81;2025-09-22;2025-09-22;Pago
352;30;2025-09;1376,27;2025-10-24;2025-11-01;Pago
353;30;2025-10;3047,09;2025-11-19;;Pendente
354;30;2025-11;2672,51;2025-12-08;2025-12-17;Pago
355;30;2025-12;2202,86;2026-01-10;2026-01-14;Pago
356;30;2026-01;2098,24;2026-02-17;2026-02-20;Pago
357;30;2026-02;3896,49;2026-03-13;2026-03-16;Pago
358;30;2026-03;3645,93;2026-04-17;2026-04-21;Pago
359;30;2026-04;4110,79;2026-05-11;;Pendente
360;30;2026-05;3197,96;2026-06-11;2026-06-25;Pago
361;31;2025-07;4462,04;2025-07-19;2025-07-25;Pago
362;31;2025-07;1134,51;2025-08-22;2025-08-28;Pago
363;31;2025-08;4036,81;2025-09-12;2025-09-26;Pago
364;31;2025-09;863,81;2025-10-18;2025-10-27;Pago
365;31;2025-10;4059,98;2025-11-22;2025-11-19;Pago
366;31;2025-11;3105,14;2025-12-13;2025-12-25;Pago
367;31;2025-12;1190,42;2026-01-11;2026-01-18;Pago
368;31;2026-01;2847,89;2026-02-14;2026-02-18;Pago
369;31;2026-02;3187,91;2026-03-16;2026-03-18;Pago
370;31;2026-03;4414,93;2026-04-10;2026-04-12;Pago
371;31;2026-04;1941,61;2026-05-11;2026-05-14;Pago
372;31;2026-05;3013,19;2026-06-13;2026-06-21;Pago
373;32;2025-07;1436,17;2025-07-19;2025-07-26;Pago
374;32;2025-07;752,34;2025-08-15;;Pendente
375;32;2025-08;4457,12;2025-09-13;2025-09-12;Pago
376;32;2025-09;1922,02;2025-10-11;2025-10-09;Pago
377;32;2025-10;649,28;2025-11-08;2025-11-21;Pago
378;32;2025-11;876,79;2025-12-13;2025-12-10;Pago
379;32;2025-12;2537,73;2026-01-18;2026-01-31;Pago
380;32;2026-01;3277,1;2026-02-16;2026-02-14;Pago
381;32;2026-02;4406,85;2026-03-17;2026-03-19;Pago
382;32;2026-03;702,91;2026-04-07;2026-04-05;Pago
383;32;2026-04;3124,25;2026-05-22;2026-05-30;Pago
384;32;2026-05;2978,68;2026-06-11;2026-06-09;Pago
385;33;2025-07;4099,76;2025-07-17;2025-07-14;Pago
386;33;2025-07;1626,07;2025-08-17;2025-08-21;Pago
387;33;2025-08;1729,21;2025-09-18;2025-09-19;Pago
388;33;2025-09;3775,36;2025-10-19;2025-10-31;Pago
389;33;2025-10;3853,54;2025-11-20;2025-12-02;Pago
390;33;2025-11;3126,61;2025-12-17;2025-12-29;Pago
391;33;2025-12;4178,61;2026-01-07;2026-01-17;Pago
392;33;2026-01;2631,51;2026-02-18;;Pendente
393;33;2026-02;1442,27;2026-03-12;2026-03-09;Pago
394;33;2026-03;3903,46;2026-04-22;2026-04-29;Pago
395;33;2026-04;994,61;2026-05-15;2026-05-27;Pago
396;33;2026-05;3362,42;2026-06-21;2026-06-27;Pago
397;34;2025-07;1386,36;2025-07-13;2025-07-24;Pago
398;34;2025-07;3102,8;2025-08-12;2025-08-10;Pago
399;34;2025-08;636,12;2025-09-23;2025-10-04;Pago
400;34;2025-09;1080,25;2025-10-10;2025-10-11;Pago
401;34;2025-10;3788,48;2025-11-23;;Pendente
402;34;2025-11;3885,2;2025-12-17;2026-01-01;Pago
403;34;2025-12;1694,41;2026-01-18;2026-01-28;Pago
404;34;2026-01;4345,66;2026-02-20;2026-02-22;Pago
405;34;2026-02;2964,27;2026-03-12;2026-03-14;Pago
406;34;2026-03;2936,58;2026-04-07;;Pendente
407;34;2026-04;4003,61;2026-05-11;;Pendente
408;34;2026-05;1873,01;2026-06-06;2026-06-12;Pago
409;35;2025-07;3342,67;2025-07-20;2025-08-04;Pago
410;35;2025-07;1120,67;2025-08-18;2025-09-02;Pago
411;35;2025-08;3919,54;2025-09-17;2025-09-26;Pago
412;35;2025-09;1826,44;2025-10-13;2025-10-12;Pago
413;35;2025-10;893,49;2025-11-14;2025-11-25;Pago
414;35;2025-11;2265,61;2025-12-20;2025-12-17;Pago
415;35;2025-12;2819,58;2026-01-08;2026-01-20;Pago
416;35;2026-01;722,61;2026-02-18;2026-03-02;Pago
417;35;2026-02;3387,5;2026-03-20;2026-03-17;Pago
418;35;2026-03;1281,88;2026-04-21;2026-04-18;Pago
419;35;2026-04;1618,53;2026-05-21;2026-05-22;Pago
420;35;2026-05;2134,85;2026-06-10;2026-06-13;Pago
421;36;2025-07;1613,0;2025-07-24;;Pendente
422;36;2025-07;1426,24;2025-08-19;2025-08-21;Pago
423;36;2025-08;670,08;2025-09-21;2025-09-26;Pago
424;36;2025-09;2614,27;2025-10-10;2025-10-21;Pago
425;36;2025-10;1740,4;2025-11-15;2025-11-17;Pago
426;36;2025-11;3905,0;2025-12-18;2025-12-25;Pago
427;36;2025-12;2496,87;2026-01-11;2026-01-12;Pago
428;36;2026-01;3324,61;2026-02-09;2026-02-17;Pago
429;36;2026-02;4231,82;2026-03-18;2026-03-27;Pago
430;36;2026-03;698,59;2026-04-08;;Pendente
431;36;2026-04;1224,84;2026-05-17;2026-05-15;Pago
432;36;2026-05;4367,39;2026-06-20;2026-07-03;Pago
433;37;2025-07;1394,17;2025-07-16;2025-07-29;Pago
434;37;2025-07;1084,32;2025-08-21;2025-08-18;Pago
435;37;2025-08;2290,48;2025-09-15;2025-09-21;Pago
436;37;2025-09;942,67;2025-10-21;2025-10-28;Pago
437;37;2025-10;4349,36;2025-11-17;2025-11-24;Pago
438;37;2025-11;3865,36;2025-12-08;;Pendente
439;37;2025-12;2018,89;2026-01-12;2026-01-23;Pago
440;37;2026-01;3359,43;2026-02-21;2026-02-20;Pago
441;37;2026-02;2701,4;2026-03-20;;Pendente
442;37;2026-03;1352,14;2026-04-21;2026-05-06;Pago
443;37;2026-04;457,19;2026-05-11;2026-05-26;Pago
444;37;2026-05;1840,33;2026-06-11;2026-06-21;Pago
445;38;2025-07;1220,4;2025-07-22;2025-07-29;Pago
446;38;2025-07;1127,76;2025-08-23;2025-09-05;Pago
447;38;2025-08;2317,17;2025-09-17;2025-09-25;Pago
448;38;2025-09;2979,17;2025-10-10;2025-10-13;Pago
449;38;2025-10;2540,62;2025-11-22;;Pendente
450;38;2025-11;1099,98;2025-12-22;2025-12-26;Pago
451;38;2025-12;1584,26;2026-01-20;;Pendente
452;38;2026-01;3413,14;2026-02-09;2026-02-10;Pago
453;38;2026-02;3998,87;2026-03-17;2026-03-24;Pago
454;38;2026-03;2202,11;2026-04-11;2026-04-20;Pago
455;38;2026-04;1020,06;2026-05-21;2026-05-26;Pago
456;38;2026-05;2950,55;2026-06-11;2026-06-15;Pago
457;39;2025-07;1230,24;2025-07-21;;Pendente
458;39;2025-07;3075,05;2025-08-19;2025-09-02;Pago
459;39;2025-08;1725,42;2025-09-23;;Pendente
460;39;2025-09;797,79;2025-10-23;2025-10-22;Pago
461;39;2025-10;3710,33;2025-11-08;;Pendente
462;39;2025-11;1996,03;2025-12-14;2025-12-21;Pago
463;39;2025-12;2202,72;2026-01-22;2026-01-30;Pago
464;39;2026-01;2100,71;2026-02-13;2026-02-27;Pago
465;39;2026-02;864,44;2026-03-14;2026-03-24;Pago
466;39;2026-03;2121,1;2026-04-09;;Pendente
467;39;2026-04;1640,89;2026-05-22;2026-05-31;Pago
468;39;2026-05;2213,92;2026-06-18;2026-06-19;Pago
469;40;2025-07;3385,46;2025-07-14;2025-07-13;Pago
470;40;2025-07;2319,72;2025-08-17;;Pendente
471;40;2025-08;728,56;2025-09-20;2025-10-04;Pago
472;40;2025-09;1116,6;2025-10-12;2025-10-25;Pago
473;40;2025-10;3863,89;2025-11-17;2025-12-01;Pago
474;40;2025-11;3222,39;2025-12-12;2025-12-24;Pago
475;40;2025-12;2057,69;2026-01-21;2026-01-29;Pago
476;40;2026-01;1963,26;2026-02-08;2026-02-17;Pago
477;40;2026-02;2530,53;2026-03-17;2026-03-17;Pago
478;40;2026-03;2793,99;2026-04-22;2026-05-01;Pago
479;40;2026-04;1134,99;2026-05-12;2026-05-17;Pago
480;40;2026-05;3722,56;2026-06-14;2026-06-14;Pago
481;41;2025-07;3720,38;2025-07-23;2025-07-30;Pago
482;41;2025-07;1122,08;2025-08-11;2025-08-08;Pago
483;41;2025-08;1781,61;2025-09-11;2025-09-19;Pago
484;41;2025-09;2406,04;2025-10-13;2025-10-18;Pago
485;41;2025-10;1217,56;2025-11-17;2025-11-23;Pago
486;41;2025-11;2152,1;2025-12-20;2025-12-24;Pago
487;41;2025-12;856,64;2026-01-21;2026-01-29;Pago
488;41;2026-01;2000,95;2026-02-08;2026-02-16;Pago
489;41;2026-02;745,69;2026-03-12;2026-03-09;Pago
490;41;2026-03;3726,86;2026-04-07;2026-04-15;Pago
491;41;2026-04;4254,69;2026-05-15;2026-05-20;Pago
492;41;2026-05;2778,41;2026-06-14;2026-06-20;Pago
493;42;2025-07;1059,48;2025-07-25;2025-07-30;Pago
494;42;2025-07;967,4;2025-08-10;2025-08-12;Pago
495;42;2025-08;1512,47;2025-09-20;2025-09-26;Pago
496;42;2025-09;2192,18;2025-10-18;2025-10-27;Pago
497;42;2025-10;1906,74;2025-11-19;2025-11-18;Pago
498;42;2025-11;2197,53;2025-12-21;2026-01-05;Pago
499;42;2025-12;3898,18;2026-01-12;2026-01-25;Pago
500;42;2026-01;4451,13;2026-02-18;;Pendente
501;42;2026-02;4279,21;2026-03-18;2026-04-01;Pago
502;42;2026-03;3356,24;2026-04-08;2026-04-21;Pago
503;42;2026-04;4286,77;2026-05-08;2026-05-13;Pago
504;42;2026-05;2979,89;2026-06-16;2026-06-25;Pago
505;43;2025-07;3858,62;2025-07-22;2025-07-19;Pago
506;43;2025-07;1197,97;2025-08-14;2025-08-19;Pago
507;43;2025-08;3596,09;2025-09-20;2025-09-28;Pago
508;43;2025-09;2945,34;2025-10-15;2025-10-29;Pago
509;43;2025-10;1623,56;2025-11-18;2025-11-27;Pago
510;43;2025-11;743,66;2025-12-22;;Pendente
511;43;2025-12;2743,47;2026-01-15;;Pendente
512;43;2026-01;1199,53;2026-02-06;2026-02-05;Pago
513;43;2026-02;1307,91;2026-03-16;2026-03-28;Pago
514;43;2026-03;1025,94;2026-04-07;2026-04-07;Pago
515;43;2026-04;3342,85;2026-05-18;2026-05-27;Pago
516;43;2026-05;3247,95;2026-06-13;2026-06-18;Pago
517;44;2025-07;4112,36;2025-07-13;2025-07-10;Pago
518;44;2025-07;519,72;2025-08-23;;Pendente
519;44;2025-08;1313,94;2025-09-09;2025-09-23;Pago
520;44;2025-09;1930,57;2025-10-12;2025-10-22;Pago
521;44;2025-10;999,63;2025-11-14;2025-11-29;Pago
522;44;2025-11;2630,47;2025-12-12;2025-12-19;Pago
523;44;2025-12;3711,29;2026-01-15;2026-01-24;Pago
524;44;2026-01;2945,51;2026-02-13;2026-02-26;Pago
525;44;2026-02;698,47;2026-03-20;2026-03-21;Pago
526;44;2026-03;1576,81;2026-04-14;2026-04-29;Pago
527;44;2026-04;1064,52;2026-05-15;2026-05-22;Pago
528;44;2026-05;1593,19;2026-06-14;;Pendente
529;45;2025-07;1446,79;2025-07-25;2025-07-25;Pago
530;45;2025-07;3661,13;2025-08-25;2025-09-01;Pago
531;45;2025-08;2761,51;2025-09-20;2025-09-19;Pago
532;45;2025-09;2817,54;2025-10-10;2025-10-20;Pago
533;45;2025-10;4087,07;2025-11-19;;Pendente
534;45;2025-11;3027,58;2025-12-15;;Pendente
535;45;2025-12;1426,66;2026-01-19;2026-01-19;Pago
536;45;2026-01;936,6;2026-02-13;2026-02-27;Pago
537;45;2026-02;2314,48;2026-03-08;2026-03-07;Pago
538;45;2026-03;887,8;2026-04-14;2026-04-28;Pago
539;45;2026-04;1007,92;2026-05-16;2026-05-31;Pago
540;45;2026-05;2677,05;2026-06-11;2026-06-23;Pago
541;46;2025-07;4339,28;2025-07-20;2025-07-17;Pago
542;46;2025-07;3410,53;2025-08-23;2025-09-01;Pago
543;46;2025-08;1745,52;2025-09-24;2025-10-06;Pago
544;46;2025-09;3480,74;2025-10-13;2025-10-21;Pago
545;46;2025-10;2209,01;2025-11-14;2025-11-15;Pago
546;46;2025-11;2195,36;2025-12-14;2025-12-14;Pago
547;46;2025-12;2506,06;2026-01-08;2026-01-12;Pago
548;46;2026-01;2305,79;2026-02-12;2026-02-15;Pago
549;46;2026-02;4272,99;2026-03-20;2026-04-02;Pago
550;46;2026-03;1622,63;2026-04-15;2026-04-13;Pago
551;46;2026-04;1670,32;2026-05-17;2026-05-20;Pago
552;46;2026-05;3016,86;2026-06-16;;Pendente
553;47;2025-07;569,91;2025-07-14;2025-07-26;Pago
554;47;2025-07;912,16;2025-08-19;2025-08-24;Pago
555;47;2025-08;4010,02;2025-09-11;2025-09-18;Pago
556;47;2025-09;3782,71;2025-10-21;2025-10-31;Pago
557;47;2025-10;1847,26;2025-11-13;2025-11-12;Pago
558;47;2025-11;1163,83;2025-12-08;2025-12-13;Pago
559;47;2025-12;3775,85;2026-01-09;2026-01-16;Pago
560;47;2026-01;2501,22;2026-02-06;2026-02-19;Pago
561;47;2026-02;3309,18;2026-03-18;2026-03-25;Pago
562;47;2026-03;4407,56;2026-04-10;2026-04-22;Pago
563;47;2026-04;1125,63;2026-05-15;2026-05-14;Pago
564;47;2026-05;3933,17;2026-06-07;2026-06-05;Pago
565;48;2025-07;1434,75;2025-07-24;2025-08-03;Pago
566;48;2025-07;1089,23;2025-08-25;2025-09-08;Pago
567;48;2025-08;2094,8;2025-09-20;2025-09-18;Pago
568;48;2025-09;3630,4;2025-10-15;2025-10-18;Pago
569;48;2025-10;2747,35;2025-11-09;2025-11-12;Pago
570;48;2025-11;1664,95;2025-12-15;2025-12-30;Pago
571;48;2025-12;3616,97;2026-01-10;2026-01-19;Pago
572;48;2026-01;578,45;2026-02-16;2026-02-27;Pago
573;48;2026-02;3124,72;2026-03-17;;Pendente
574;48;2026-03;675,87;2026-04-08;2026-04-08;Pago
575;48;2026-04;1545,84;2026-05-07;;Pendente
576;48;2026-05;1454,04;2026-06-15;2026-06-21;Pago
577;49;2025-07;3579,05;2025-07-16;2025-07-31;Pago
578;49;2025-07;1455,52;2025-08-16;2025-08-24;Pago
579;49;2025-08;1288,81;2025-09-19;2025-09-17;Pago
580;49;2025-09;2632,62;2025-10-15;2025-10-27;Pago
581;49;2025-10;1931,93;2025-11-14;2025-11-14;Pago
582;49;2025-11;2686,65;2025-12-08;2025-12-06;Pago
583;49;2025-12;3461,36;2026-01-18;;Pendente
584;49;2026-01;809,12;2026-02-15;2026-02-27;Pago
585;49;2026-02;1184,52;2026-03-13;2026-03-22;Pago
586;49;2026-03;2238,21;2026-04-14;2026-04-17;Pago
587;49;2026-04;2743,49;2026-05-15;2026-05-26;Pago
588;49;2026-05;4298,89;2026-06-13;2026-06-17;Pago
589;50;2025-07;2875,26;2025-07-19;2025-08-02;Pago
590;50;2025-07;2112,23;2025-08-18;2025-08-21;Pago
591;50;2025-08;3666,92;2025-09-18;;Pendente
592;50;2025-09;4119,05;2025-10-18;2025-10-21;Pago
593;50;2025-10;2697,66;2025-11-19;2025-11-18;Pago
594;50;2025-11;995,46;2025-12-13;2025-12-11;Pago
595;50;2025-12;2361,21;2026-01-14;2026-01-15;Pago
596;50;2026-01;490,48;2026-02-19;2026-03-04;Pago
597;50;2026-02;1190,17;2026-03-09;2026-03-14;Pago
598;50;2026-03;678,63;2026-04-12;2026-04-16;Pago
599;50;2026-04;3857,69;2026-05-22;2026-05-21;Pago
600;50;2026-05;4447,67;2026-06-14;2026-06-23;Pago
601;51;2025-07;1178,24;2025-07-13;2025-07-12;Pago
602;51;2025-07;2528,47;2025-08-22;2025-09-05;Pago
603;51;2025-08;1933,01;2025-09-14;2025-09-22;Pago
604;51;2025-09;648,61;2025-10-21;2025-11-04;Pago
605;51;2025-10;3866,24;2025-11-13;2025-11-13;Pago
606;51;2025-11;614,9;2025-12-20;2025-12-21;Pago
607;51;2025-12;1678,19;2026-01-11;2026-01-20;Pago
608;51;2026-01;3168,38;2026-02-20;2026-02-21;Pago
609;51;2026-02;2818,1;2026-03-17;2026-03-19;Pago
610;51;2026-03;894,55;2026-04-20;2026-04-23;Pago
611;51;2026-04;1764,04;2026-05-07;2026-05-14;Pago
612;51;2026-05;1010,64;2026-06-17;2026-06-15;Pago
613;52;2025-07;2926,48;2025-07-11;2025-07-08;Pago
614;52;2025-07;1774,47;2025-08-12;2025-08-20;Pago
615;52;2025-08;2649,95;2025-09-14;2025-09-24;Pago
616;52;2025-09;815,03;2025-10-22;2025-10-28;Pago
617;52;2025-10;2218,59;2025-11-16;2025-11-25;Pago
618;52;2025-11;2218,5;2025-12-23;2025-12-20;Pago
619;52;2025-12;1030,72;2026-01-21;2026-01-20;Pago
620;52;2026-01;4036,07;2026-02-12;2026-02-23;Pago
621;52;2026-02;3169,68;2026-03-18;2026-03-22;Pago
622;52;2026-03;1620,25;2026-04-12;2026-04-21;Pago
623;52;2026-04;1581,31;2026-05-13;2026-05-15;Pago
624;52;2026-05;3998,03;2026-06-10;2026-06-20;Pago
625;53;2025-07;2708,58;2025-07-12;2025-07-20;Pago
626;53;2025-07;1527,07;2025-08-16;2025-08-31;Pago
627;53;2025-08;2778,7;2025-09-19;;Pendente
628;53;2025-09;838,11;2025-10-09;2025-10-24;Pago
629;53;2025-10;2881,04;2025-11-21;2025-11-23;Pago
630;53;2025-11;3443,25;2025-12-21;2026-01-04;Pago
631;53;2025-12;2124,31;2026-01-11;;Pendente
632;53;2026-01;581,6;2026-02-09;2026-02-14;Pago
633;53;2026-02;3409,02;2026-03-19;2026-03-28;Pago
634;53;2026-03;2033,06;2026-04-13;2026-04-12;Pago
635;53;2026-04;1001,43;2026-05-07;2026-05-05;Pago
636;53;2026-05;3204,22;2026-06-21;2026-06-29;Pago
637;54;2025-07;4049,02;2025-07-18;2025-07-31;Pago
638;54;2025-07;1907,4;2025-08-10;2025-08-18;Pago
639;54;2025-08;3607,9;2025-09-17;2025-09-22;Pago
640;54;2025-09;2182,13;2025-10-17;2025-10-25;Pago
641;54;2025-10;3406,24;2025-11-22;2025-11-23;Pago
642;54;2025-11;4271,37;2025-12-13;2025-12-27;Pago
643;54;2025-12;1390,74;2026-01-17;;Pendente
644;54;2026-01;3522,02;2026-02-11;;Pendente
645;54;2026-02;1363,2;2026-03-09;2026-03-20;Pago
646;54;2026-03;521,4;2026-04-08;2026-04-05;Pago
647;54;2026-04;3086,63;2026-05-16;2026-05-24;Pago
648;54;2026-05;4443,94;2026-06-07;2026-06-20;Pago
649;55;2025-07;1490,81;2025-07-12;2025-07-23;Pago
650;55;2025-07;1240,95;2025-08-22;2025-09-05;Pago
651;55;2025-08;4408,44;2025-09-18;2025-09-17;Pago
652;55;2025-09;3604,12;2025-10-23;2025-11-02;Pago
653;55;2025-10;3017,17;2025-11-10;;Pendente
654;55;2025-11;1431,9;2025-12-22;2025-12-21;Pago
655;55;2025-12;2511,49;2026-01-13;2026-01-22;Pago
656;55;2026-01;3489,19;2026-02-14;2026-02-14;Pago
657;55;2026-02;769,86;2026-03-12;2026-03-18;Pago
658;55;2026-03;872,82;2026-04-17;2026-04-14;Pago
659;55;2026-04;805,86;2026-05-07;2026-05-09;Pago
660;55;2026-05;1993,6;2026-06-19;2026-06-22;Pago
661;56;2025-07;3275,32;2025-07-25;2025-07-27;Pago
662;56;2025-07;4209,69;2025-08-24;2025-08-21;Pago
663;56;2025-08;3430,06;2025-09-10;2025-09-21;Pago
664;56;2025-09;3459,49;2025-10-10;2025-10-14;Pago
665;56;2025-10;3435,13;2025-11-10;2025-11-07;Pago
666;56;2025-11;3830,38;2025-12-18;2025-12-31;Pago
667;56;2025-12;574,5;2026-01-16;2026-01-14;Pago
668;56;2026-01;1462,39;2026-02-19;2026-03-01;Pago
669;56;2026-02;3957,82;2026-03-10;2026-03-24;Pago
670;56;2026-03;850,85;2026-04-09;2026-04-16;Pago
671;56;2026-04;2847,36;2026-05-07;2026-05-09;Pago
672;56;2026-05;2317,83;2026-06-14;2026-06-29;Pago
673;57;2025-07;755,53;2025-07-18;2025-08-01;Pago
674;57;2025-07;3283,08;2025-08-19;;Pendente
675;57;2025-08;2255,77;2025-09-13;2025-09-23;Pago
676;57;2025-09;4287,83;2025-10-09;;Pendente
677;57;2025-10;2897,87;2025-11-10;2025-11-21;Pago
678;57;2025-11;3366,97;2025-12-08;2025-12-15;Pago
679;57;2025-12;3600,88;2026-01-18;2026-01-18;Pago
680;57;2026-01;3922,27;2026-02-17;2026-03-03;Pago
681;57;2026-02;2084,6;2026-03-18;2026-03-25;Pago
682;57;2026-03;1595,21;2026-04-07;2026-04-07;Pago
683;57;2026-04;2025,65;2026-05-17;2026-05-18;Pago
684;57;2026-05;698,33;2026-06-15;2026-06-26;Pago
685;58;2025-07;3970,09;2025-07-25;2025-08-08;Pago
686;58;2025-07;1485,08;2025-08-13;2025-08-25;Pago
687;58;2025-08;3960,71;2025-09-13;2025-09-16;Pago
688;58;2025-09;1967,45;2025-10-20;2025-10-28;Pago
689;58;2025-10;2104,62;2025-11-21;;Pendente
690;58;2025-11;3613,53;2025-12-22;;Pendente
691;58;2025-12;4306,48;2026-01-12;2026-01-13;Pago
692;58;2026-01;1057,18;2026-02-13;2026-02-10;Pago
693;58;2026-02;3077,38;2026-03-10;2026-03-24;Pago
694;58;2026-03;1656,52;2026-04-08;2026-04-19;Pago
695;58;2026-04;4018,84;2026-05-22;;Pendente
696;58;2026-05;3686,09;2026-06-13;2026-06-11;Pago
697;59;2025-07;784,04;2025-07-17;2025-07-30;Pago
698;59;2025-07;2578,55;2025-08-24;2025-08-27;Pago
699;59;2025-08;1438,67;2025-09-22;2025-09-27;Pago
700;59;2025-09;3636,79;2025-10-17;2025-11-01;Pago
701;59;2025-10;3064,85;2025-11-20;;Pendente
702;59;2025-11;1374,21;2025-12-12;2025-12-12;Pago
703;59;2025-12;4111,41;2026-01-21;2026-01-29;Pago
704;59;2026-01;2856,33;2026-02-07;2026-02-11;Pago
705;59;2026-02;4309,38;2026-03-18;2026-03-31;Pago
706;59;2026-03;3796,6;2026-04-15;2026-04-13;Pago
707;59;2026-04;3988,4;2026-05-13;2026-05-14;Pago
708;59;2026-05;1948,4;2026-06-16;2026-06-26;Pago
709;60;2025-07;4203,72;2025-07-13;;Pendente
710;60;2025-07;2744,76;2025-08-23;2025-08-21;Pago
711;60;2025-08;1851,31;2025-09-18;2025-09-28;Pago
712;60;2025-09;2552,53;2025-10-14;2025-10-15;Pago
713;60;2025-10;2247,82;2025-11-22;2025-11-26;Pago
714;60;2025-11;2558,59;2025-12-10;2025-12-11;Pago
715;60;2025-12;4473,92;2026-01-18;2026-01-18;Pago
716;60;2026-01;3943,7;2026-02-12;2026-02-18;Pago
717;60;2026-02;824,39;2026-03-13;;Pendente
718;60;2026-03;512,34;2026-04-13;2026-04-13;Pago
719;60;2026-04;1539,59;2026-05-21;2026-05-26;Pago
720;60;2026-05;3843,52;2026-06-14;2026-06-12;Pago
721;61;2025-07;3267,19;2025-07-13;2025-07-13;Pago
722;61;2025-07;947,37;2025-08-22;2025-08-19;Pago
723;61;2025-08;484,68;2025-09-13;2025-09-21;Pago
724;61;2025-09;1813,02;2025-10-18;2025-10-28;Pago
725;61;2025-10;2719,45;2025-11-14;2025-11-25;Pago
726;61;2025-11;544,43;2025-12-18;2026-01-01;Pago
727;61;2025-12;3545,94;2026-01-08;2026-01-14;Pago
728;61;2026-01;3886,3;2026-02-13;2026-02-22;Pago
729;61;2026-02;2870,88;2026-03-22;;Pendente
730;61;2026-03;2285,08;2026-04-08;2026-04-15;Pago
731;61;2026-04;482,76;2026-05-19;2026-05-24;Pago
732;61;2026-05;3499,6;2026-06-07;;Pendente
733;62;2025-07;1858,46;2025-07-16;2025-07-31;Pago
734;62;2025-07;2798,58;2025-08-17;2025-08-16;Pago
735;62;2025-08;3427,4;2025-09-10;2025-09-08;Pago
736;62;2025-09;2143,42;2025-10-11;2025-10-26;Pago
737;62;2025-10;568,61;2025-11-17;2025-11-28;Pago
738;62;2025-11;958,24;2025-12-10;2025-12-17;Pago
739;62;2025-12;3166,8;2026-01-18;2026-01-28;Pago
740;62;2026-01;2565,31;2026-02-14;2026-02-21;Pago
741;62;2026-02;3540,89;2026-03-20;2026-03-26;Pago
742;62;2026-03;1759,82;2026-04-11;;Pendente
743;62;2026-04;3691,89;2026-05-10;2026-05-17;Pago
744;62;2026-05;1545,17;2026-06-10;2026-06-11;Pago
745;63;2025-07;787,72;2025-07-24;2025-07-26;Pago
746;63;2025-07;3352,89;2025-08-23;2025-08-29;Pago
747;63;2025-08;1447,6;2025-09-16;2025-09-21;Pago
748;63;2025-09;4409,83;2025-10-12;;Pendente
749;63;2025-10;2898,54;2025-11-22;2025-12-07;Pago
750;63;2025-11;997,36;2025-12-22;;Pendente
751;63;2025-12;3880,03;2026-01-12;2026-01-15;Pago
752;63;2026-01;1031,67;2026-02-19;2026-02-18;Pago
753;63;2026-02;4051,86;2026-03-14;2026-03-24;Pago
754;63;2026-03;2562,91;2026-04-17;2026-04-15;Pago
755;63;2026-04;1936,39;2026-05-10;2026-05-15;Pago
756;63;2026-05;1024,16;2026-06-11;2026-06-14;Pago
757;64;2025-07;1536,0;2025-07-19;2025-07-25;Pago
758;64;2025-07;2038,05;2025-08-16;2025-08-31;Pago
759;64;2025-08;1403,6;2025-09-23;2025-09-29;Pago
760;64;2025-09;800,42;2025-10-22;2025-10-27;Pago
761;64;2025-10;1924,84;2025-11-21;2025-11-28;Pago
762;64;2025-11;2554,91;2025-12-22;2025-12-27;Pago
763;64;2025-12;636,14;2026-01-15;2026-01-12;Pago
764;64;2026-01;645,18;2026-02-10;2026-02-08;Pago
765;64;2026-02;721,64;2026-03-13;2026-03-13;Pago
766;64;2026-03;1345,53;2026-04-22;2026-04-26;Pago
767;64;2026-04;3393,76;2026-05-22;2026-05-28;Pago
768;64;2026-05;4303,67;2026-06-13;2026-06-16;Pago
769;65;2025-07;1184,76;2025-07-14;2025-07-29;Pago
770;65;2025-07;1054,96;2025-08-21;;Pendente
771;65;2025-08;2380,77;2025-09-18;2025-09-23;Pago
772;65;2025-09;538,52;2025-10-24;;Pendente
773;65;2025-10;2536,17;2025-11-12;2025-11-17;Pago
774;65;2025-11;1107,27;2025-12-19;2025-12-29;Pago
775;65;2025-12;1238,02;2026-01-22;2026-01-25;Pago
776;65;2026-01;2303,69;2026-02-19;;Pendente
777;65;2026-02;1250,98;2026-03-14;;Pendente
778;65;2026-03;4384,32;2026-04-21;;Pendente
779;65;2026-04;3563,29;2026-05-17;2026-05-15;Pago
780;65;2026-05;2965,87;2026-06-17;2026-06-30;Pago
781;66;2025-07;1009,26;2025-07-26;2025-07-23;Pago
782;66;2025-07;2017,36;2025-08-11;2025-08-17;Pago
783;66;2025-08;856,82;2025-09-14;2025-09-15;Pago
784;66;2025-09;4037,45;2025-10-21;2025-10-26;Pago
785;66;2025-10;2397,36;2025-11-12;2025-11-20;Pago
786;66;2025-11;658,08;2025-12-18;;Pendente
787;66;2025-12;4475,09;2026-01-08;;Pendente
788;66;2026-01;818,6;2026-02-19;2026-02-19;Pago
789;66;2026-02;4402,99;2026-03-11;2026-03-25;Pago
790;66;2026-03;1084,18;2026-04-21;2026-04-25;Pago
791;66;2026-04;585,28;2026-05-11;2026-05-17;Pago
792;66;2026-05;3391,74;2026-06-12;2026-06-27;Pago
793;67;2025-07;3252,07;2025-07-14;;Pendente
794;67;2025-07;1477,67;2025-08-20;2025-08-24;Pago
795;67;2025-08;3575,42;2025-09-23;;Pendente
796;67;2025-09;3819,78;2025-10-10;2025-10-17;Pago
797;67;2025-10;4463,14;2025-11-22;2025-11-21;Pago
798;67;2025-11;4362,7;2025-12-09;2025-12-19;Pago
799;67;2025-12;1092,06;2026-01-13;2026-01-19;Pago
800;67;2026-01;4107,4;2026-02-09;2026-02-18;Pago
801;67;2026-02;3674,91;2026-03-13;2026-03-21;Pago
802;67;2026-03;1011,69;2026-04-22;2026-04-19;Pago
803;67;2026-04;3384,7;2026-05-20;2026-05-28;Pago
804;67;2026-05;1624,72;2026-06-17;2026-07-02;Pago
805;68;2025-07;1107,12;2025-07-24;2025-07-24;Pago
806;68;2025-07;3147,33;2025-08-22;2025-08-28;Pago
807;68;2025-08;3996,83;2025-09-10;2025-09-25;Pago
808;68;2025-09;1553,79;2025-10-13;2025-10-19;Pago
809;68;2025-10;1354,5;2025-11-22;;Pendente
810;68;2025-11;2477,09;2025-12-16;2025-12-14;Pago
811;68;2025-12;763,57;2026-01-09;2026-01-10;Pago
812;68;2026-01;4200,09;2026-02-09;2026-02-15;Pago
813;68;2026-02;2655,11;2026-03-15;2026-03-26;Pago
814;68;2026-03;2780,19;2026-04-19;2026-05-04;Pago
815;68;2026-04;1661,46;2026-05-07;;Pendente
816;68;2026-05;512,29;2026-06-06;2026-06-13;Pago
817;69;2025-07;629,9;2025-07-23;2025-07-23;Pago
818;69;2025-07;2102,51;2025-08-21;;Pendente
819;69;2025-08;1844,32;2025-09-14;2025-09-28;Pago
820;69;2025-09;3607,99;2025-10-23;2025-10-25;Pago
821;69;2025-10;4277,27;2025-11-11;2025-11-26;Pago
822;69;2025-11;4078,72;2025-12-13;2025-12-28;Pago
823;69;2025-12;524,64;2026-01-21;2026-01-29;Pago
824;69;2026-01;2307,85;2026-02-10;;Pendente
825;69;2026-02;2778,2;2026-03-21;2026-03-24;Pago
826;69;2026-03;3536,4;2026-04-21;2026-04-23;Pago
827;69;2026-04;3417,76;2026-05-19;;Pendente
828;69;2026-05;4284,18;2026-06-20;2026-06-29;Pago
829;70;2025-07;1201,13;2025-07-25;2025-07-24;Pago
830;70;2025-07;4196,22;2025-08-13;;Pendente
831;70;2025-08;2483,57;2025-09-16;2025-09-28;Pago
832;70;2025-09;3819,99;2025-10-13;2025-10-15;Pago
833;70;2025-10;4174,36;2025-11-18;2025-11-25;Pago
834;70;2025-11;850,22;2025-12-13;2025-12-21;Pago
835;70;2025-12;4311,24;2026-01-20;2026-02-03;Pago
836;70;2026-01;4395,0;2026-02-11;2026-02-12;Pago
837;70;2026-02;3558,33;2026-03-12;2026-03-14;Pago
838;70;2026-03;3257,56;2026-04-13;2026-04-11;Pago
839;70;2026-04;737,53;2026-05-10;2026-05-11;Pago
840;70;2026-05;1545,56;2026-06-13;2026-06-21;Pago
841;71;2025-07;2886,48;2025-07-21;2025-07-20;Pago
842;71;2025-07;925,1;2025-08-13;2025-08-17;Pago
843;71;2025-08;2204,02;2025-09-09;;Pendente
844;71;2025-09;2345,98;2025-10-16;;Pendente
845;71;2025-10;4459,55;2025-11-09;2025-11-07;Pago
846;71;2025-11;2745,52;2025-12-09;2025-12-07;Pago
847;71;2025-12;749,35;2026-01-18;2026-01-29;Pago
848;71;2026-01;2040,37;2026-02-10;2026-02-23;Pago
849;71;2026-02;2810,35;2026-03-11;2026-03-15;Pago
850;71;2026-03;1709,76;2026-04-10;2026-04-13;Pago
851;71;2026-04;1827,1;2026-05-07;2026-05-10;Pago
852;71;2026-05;2589,13;2026-06-07;2026-06-13;Pago
853;72;2025-07;2433,17;2025-07-16;2025-07-18;Pago
854;72;2025-07;961,61;2025-08-20;2025-08-31;Pago
855;72;2025-08;553,38;2025-09-23;2025-10-07;Pago
856;72;2025-09;1167,43;2025-10-16;2025-10-23;Pago
857;72;2025-10;3587,76;2025-11-08;2025-11-08;Pago
858;72;2025-11;3908,07;2025-12-12;2025-12-24;Pago
859;72;2025-12;2710,76;2026-01-14;2026-01-14;Pago
860;72;2026-01;1289,96;2026-02-18;;Pendente
861;72;2026-02;3913,41;2026-03-13;2026-03-16;Pago
862;72;2026-03;3058,46;2026-04-15;;Pendente
863;72;2026-04;1947,66;2026-05-18;2026-06-02;Pago
864;72;2026-05;3957,8;2026-06-14;;Pendente
865;73;2025-07;2496,47;2025-07-18;2025-07-24;Pago
866;73;2025-07;3610,38;2025-08-12;2025-08-17;Pago
867;73;2025-08;2411,55;2025-09-22;2025-10-03;Pago
868;73;2025-09;1322,21;2025-10-13;2025-10-16;Pago
869;73;2025-10;4028,46;2025-11-08;2025-11-17;Pago
870;73;2025-11;650,37;2025-12-15;2025-12-28;Pago
871;73;2025-12;4386,04;2026-01-15;2026-01-25;Pago
872;73;2026-01;1554,09;2026-02-21;;Pendente
873;73;2026-02;1263,6;2026-03-14;2026-03-17;Pago
874;73;2026-03;4325,68;2026-04-07;2026-04-05;Pago
875;73;2026-04;2822,68;2026-05-19;2026-06-03;Pago
876;73;2026-05;3088,06;2026-06-14;2026-06-13;Pago
877;74;2025-07;905,99;2025-07-17;2025-07-31;Pago
878;74;2025-07;1444,04;2025-08-23;2025-08-27;Pago
879;74;2025-08;1371,41;2025-09-21;2025-09-19;Pago
880;74;2025-09;3786,29;2025-10-12;2025-10-19;Pago
881;74;2025-10;3440,78;2025-11-10;2025-11-14;Pago
882;74;2025-11;2309,04;2025-12-20;2025-12-24;Pago
883;74;2025-12;2792,27;2026-01-11;2026-01-19;Pago
884;74;2026-01;3673,38;2026-02-20;2026-03-02;Pago
885;74;2026-02;581,24;2026-03-14;2026-03-18;Pago
886;74;2026-03;759,92;2026-04-14;2026-04-26;Pago
887;74;2026-04;3773,93;2026-05-21;2026-05-18;Pago
888;74;2026-05;2363,26;2026-06-17;2026-06-15;Pago
889;75;2025-07;1215,58;2025-07-16;;Pendente
890;75;2025-07;1205,5;2025-08-10;2025-08-24;Pago
891;75;2025-08;2216,45;2025-09-22;2025-09-29;Pago
892;75;2025-09;3095,75;2025-10-17;;Pendente
893;75;2025-10;1936,77;2025-11-12;2025-11-23;Pago
894;75;2025-11;3148,8;2025-12-17;2026-01-01;Pago
895;75;2025-12;2261,28;2026-01-18;2026-02-02;Pago
896;75;2026-01;4374,57;2026-02-12;2026-02-13;Pago
897;75;2026-02;2004,54;2026-03-16;2026-03-23;Pago
898;75;2026-03;2915,51;2026-04-18;2026-04-30;Pago
899;75;2026-04;1692,47;2026-05-19;2026-05-27;Pago
900;75;2026-05;2430,3;2026-06-06;2026-06-20;Pago
901;76;2025-07;3765,91;2025-07-26;2025-07-30;Pago
902;76;2025-07;4184,51;2025-08-17;2025-08-22;Pago
903;76;2025-08;825,6;2025-09-22;2025-09-19;Pago
904;76;2025-09;2225,21;2025-10-24;2025-11-01;Pago
905;76;2025-10;2205,7;2025-11-15;2025-11-25;Pago
906;76;2025-11;2902,4;2025-12-12;2025-12-12;Pago
907;76;2025-12;1886,94;2026-01-20;;Pendente
908;76;2026-01;2074,02;2026-02-19;2026-02-19;Pago
909;76;2026-02;2998,46;2026-03-19;2026-03-22;Pago
910;76;2026-03;4092,7;2026-04-18;2026-04-23;Pago
911;76;2026-04;2416,73;2026-05-07;2026-05-13;Pago
912;76;2026-05;2717,7;2026-06-18;2026-06-27;Pago
913;77;2025-07;3337,38;2025-07-13;2025-07-14;Pago
914;77;2025-07;3043,05;2025-08-12;2025-08-14;Pago
915;77;2025-08;812,66;2025-09-12;2025-09-22;Pago
916;77;2025-09;1928,9;2025-10-17;2025-10-27;Pago
917;77;2025-10;664,14;2025-11-12;2025-11-24;Pago
918;77;2025-11;3165,76;2025-12-22;2025-12-28;Pago
919;77;2025-12;3604,74;2026-01-20;2026-02-01;Pago
920;77;2026-01;1732,85;2026-02-20;2026-03-02;Pago
921;77;2026-02;562,35;2026-03-10;2026-03-20;Pago
922;77;2026-03;3128,14;2026-04-14;2026-04-16;Pago
923;77;2026-04;1848,56;2026-05-12;;Pendente
924;77;2026-05;1056,77;2026-06-12;2026-06-21;Pago
925;78;2025-07;3880,47;2025-07-14;2025-07-24;Pago
926;78;2025-07;1394,13;2025-08-18;;Pendente
927;78;2025-08;2440,49;2025-09-22;2025-09-19;Pago
928;78;2025-09;516,42;2025-10-23;2025-10-22;Pago
929;78;2025-10;2773,99;2025-11-10;2025-11-22;Pago
930;78;2025-11;1126,36;2025-12-15;2025-12-13;Pago
931;78;2025-12;2510,63;2026-01-20;2026-01-24;Pago
932;78;2026-01;2640,95;2026-02-11;2026-02-14;Pago
933;78;2026-02;2018,83;2026-03-17;2026-03-31;Pago
934;78;2026-03;1453,02;2026-04-17;2026-04-20;Pago
935;78;2026-04;3695,71;2026-05-14;2026-05-17;Pago
936;78;2026-05;1962,33;2026-06-11;2026-06-14;Pago
937;79;2025-07;498,93;2025-07-15;2025-07-19;Pago
938;79;2025-07;3417,79;2025-08-16;2025-08-29;Pago
939;79;2025-08;3093,36;2025-09-23;2025-09-29;Pago
940;79;2025-09;1066,69;2025-10-21;2025-10-26;Pago
941;79;2025-10;1051,65;2025-11-18;2025-11-23;Pago
942;79;2025-11;3386,02;2025-12-11;2025-12-09;Pago
943;79;2025-12;1928,75;2026-01-20;2026-01-20;Pago
944;79;2026-01;2574,51;2026-02-09;2026-02-20;Pago
945;79;2026-02;664,43;2026-03-10;;Pendente
946;79;2026-03;509,01;2026-04-14;2026-04-11;Pago
947;79;2026-04;4482,64;2026-05-07;2026-05-06;Pago
948;79;2026-05;3156,29;2026-06-10;2026-06-11;Pago
949;80;2025-07;3068,05;2025-07-12;2025-07-15;Pago
950;80;2025-07;1271,15;2025-08-12;2025-08-15;Pago
951;80;2025-08;1515,11;2025-09-19;2025-09-19;Pago
952;80;2025-09;1227,59;2025-10-12;2025-10-17;Pago
953;80;2025-10;3311,38;2025-11-16;2025-11-17;Pago
954;80;2025-11;697,84;2025-12-09;2025-12-19;Pago
955;80;2025-12;4031,95;2026-01-15;2026-01-14;Pago
956;80;2026-01;2525,57;2026-02-20;2026-02-26;Pago
957;80;2026-02;1375,83;2026-03-08;2026-03-09;Pago
958;80;2026-03;2095,35;2026-04-12;2026-04-22;Pago
959;80;2026-04;3130,39;2026-05-13;2026-05-23;Pago
960;80;2026-05;4208,19;2026-06-09;2026-06-08;Pago
961;81;2025-07;3064,04;2025-07-25;;Pendente
962;81;2025-07;4130,67;2025-08-17;2025-08-28;Pago
963;81;2025-08;1494,82;2025-09-14;2025-09-27;Pago
964;81;2025-09;3679,06;2025-10-21;;Pendente
965;81;2025-10;3071,01;2025-11-14;2025-11-14;Pago
966;81;2025-11;2343,77;2025-12-17;2025-12-24;Pago
967;81;2025-12;4176,85;2026-01-13;;Pendente
968;81;2026-01;4265,16;2026-02-06;2026-02-15;Pago
969;81;2026-02;512,27;2026-03-09;2026-03-21;Pago
970;81;2026-03;1449,94;2026-04-08;2026-04-23;Pago
971;81;2026-04;2511,44;2026-05-18;2026-05-22;Pago
972;81;2026-05;641,28;2026-06-12;2026-06-11;Pago
973;82;2025-07;1356,77;2025-07-25;2025-07-27;Pago
974;82;2025-07;1068,93;2025-08-18;2025-08-28;Pago
975;82;2025-08;1430,31;2025-09-17;;Pendente
976;82;2025-09;3355,87;2025-10-21;2025-11-05;Pago
977;82;2025-10;1308,06;2025-11-10;2025-11-15;Pago
978;82;2025-11;4273,55;2025-12-23;2025-12-21;Pago
979;82;2025-12;1427,4;2026-01-18;2026-01-17;Pago
980;82;2026-01;1730,78;2026-02-09;2026-02-19;Pago
981;82;2026-02;2985,41;2026-03-12;2026-03-23;Pago
982;82;2026-03;2599,56;2026-04-14;2026-04-14;Pago
983;82;2026-04;1978,91;2026-05-09;2026-05-24;Pago
984;82;2026-05;2755,68;2026-06-21;;Pendente
985;83;2025-07;1664,45;2025-07-23;;Pendente
986;83;2025-07;2386,07;2025-08-14;2025-08-18;Pago
987;83;2025-08;3212,48;2025-09-16;2025-09-28;Pago
988;83;2025-09;541,53;2025-10-23;2025-10-25;Pago
989;83;2025-10;630,21;2025-11-21;2025-11-29;Pago
990;83;2025-11;4007,21;2025-12-23;2025-12-23;Pago
991;83;2025-12;1376,79;2026-01-07;;Pendente
992;83;2026-01;940,92;2026-02-18;2026-02-25;Pago
993;83;2026-02;1252,56;2026-03-17;2026-03-24;Pago
994;83;2026-03;4409,12;2026-04-15;2026-04-13;Pago
995;83;2026-04;3320,02;2026-05-18;2026-05-16;Pago
996;83;2026-05;2382,07;2026-06-06;2026-06-03;Pago
997;84;2025-07;3935,29;2025-07-24;2025-08-02;Pago
998;84;2025-07;3492,47;2025-08-16;;Pendente
999;84;2025-08;4144,69;2025-09-16;2025-09-17;Pago
1000;84;2025-09;4104,59;2025-10-11;2025-10-20;Pago
1001;84;2025-10;887,29;2025-11-15;2025-11-14;Pago
1002;84;2025-11;3964,98;2025-12-14;;Pendente
1003;84;2025-12;1177,62;2026-01-12;2026-01-18;Pago
1004;84;2026-01;1071,95;2026-02-09;2026-02-08;Pago
1005;84;2026-02;1694,25;2026-03-09;2026-03-06;Pago
1006;84;2026-03;2129,91;2026-04-12;2026-04-13;Pago
1007;84;2026-04;2812,6;2026-05-09;2026-05-07;Pago
1008;84;2026-05;2308,7;2026-06-12;2026-06-11;Pago
1009;85;2025-07;2870,55;2025-07-11;2025-07-22;Pago
1010;85;2025-07;4361,52;2025-08-15;2025-08-19;Pago
1011;85;2025-08;4344,72;2025-09-17;2025-09-30;Pago
1012;85;2025-09;1430,73;2025-10-23;2025-10-29;Pago
1013;85;2025-10;3687,21;2025-11-20;2025-11-27;Pago
1014;85;2025-11;2383,83;2025-12-08;2025-12-17;Pago
1015;85;2025-12;3187,71;2026-01-11;2026-01-09;Pago
1016;85;2026-01;1072,6;2026-02-09;2026-02-10;Pago
1017;85;2026-02;2254,64;2026-03-19;2026-03-25;Pago
1018;85;2026-03;1292,28;2026-04-08;2026-04-09;Pago
1019;85;2026-04;3816,92;2026-05-12;2026-05-22;Pago
1020;85;2026-05;4249,22;2026-06-08;2026-06-06;Pago
1021;86;2025-07;3759,67;2025-07-19;;Pendente
1022;86;2025-07;2700,11;2025-08-18;;Pendente
1023;86;2025-08;632,11;2025-09-23;2025-10-08;Pago
1024;86;2025-09;2427,11;2025-10-14;2025-10-18;Pago
1025;86;2025-10;2255,16;2025-11-22;2025-12-07;Pago
1026;86;2025-11;2483,11;2025-12-10;;Pendente
1027;86;2025-12;3610,11;2026-01-18;2026-01-21;Pago
1028;86;2026-01;678,39;2026-02-07;2026-02-09;Pago
1029;86;2026-02;3543,09;2026-03-17;2026-03-14;Pago
1030;86;2026-03;3904,71;2026-04-22;;Pendente
1031;86;2026-04;796,28;2026-05-22;2026-06-06;Pago
1032;86;2026-05;1876,04;2026-06-18;2026-06-29;Pago
1033;87;2025-07;3692,33;2025-07-19;;Pendente
1034;87;2025-07;3539,17;2025-08-11;2025-08-11;Pago
1035;87;2025-08;1621,16;2025-09-23;2025-09-22;Pago
1036;87;2025-09;1107,79;2025-10-09;;Pendente
1037;87;2025-10;1840,05;2025-11-14;2025-11-16;Pago
1038;87;2025-11;4362,55;2025-12-10;2025-12-09;Pago
1039;87;2025-12;3853,09;2026-01-19;;Pendente
1040;87;2026-01;551,18;2026-02-09;;Pendente
1041;87;2026-02;2432,55;2026-03-13;2026-03-11;Pago
1042;87;2026-03;3305,95;2026-04-14;;Pendente
1043;87;2026-04;3046,35;2026-05-18;;Pendente
1044;87;2026-05;1535,04;2026-06-09;2026-06-09;Pago
1045;88;2025-07;1420,92;2025-07-24;2025-08-07;Pago
1046;88;2025-07;3665,56;2025-08-22;2025-08-29;Pago
1047;88;2025-08;3668,69;2025-09-10;2025-09-19;Pago
1048;88;2025-09;2963,54;2025-10-16;2025-10-25;Pago
1049;88;2025-10;4380,33;2025-11-16;2025-11-23;Pago
1050;88;2025-11;3977,23;2025-12-12;2025-12-25;Pago
1051;88;2025-12;2935,15;2026-01-12;2026-01-20;Pago
1052;88;2026-01;3062,12;2026-02-16;;Pendente
1053;88;2026-02;3772,47;2026-03-16;2026-03-27;Pago
1054;88;2026-03;1389,95;2026-04-10;2026-04-07;Pago
1055;88;2026-04;1320,34;2026-05-22;;Pendente
1056;88;2026-05;1031,03;2026-06-07;2026-06-21;Pago
1057;89;2025-07;3978,59;2025-07-21;;Pendente
1058;89;2025-07;2670,1;2025-08-16;2025-08-18;Pago
1059;89;2025-08;2459,72;2025-09-20;2025-10-05;Pago
1060;89;2025-09;1898,61;2025-10-14;2025-10-15;Pago
1061;89;2025-10;593,28;2025-11-15;2025-11-12;Pago
1062;89;2025-11;2432,67;2025-12-09;2025-12-19;Pago
1063;89;2025-12;3789,86;2026-01-12;2026-01-14;Pago
1064;89;2026-01;3014,57;2026-02-15;2026-02-21;Pago
1065;89;2026-02;536,55;2026-03-23;2026-03-22;Pago
1066;89;2026-03;3913,57;2026-04-21;2026-05-06;Pago
1067;89;2026-04;1173,23;2026-05-16;2026-05-23;Pago
1068;89;2026-05;1704,02;2026-06-13;2026-06-22;Pago
1069;90;2025-07;3976,65;2025-07-24;2025-07-25;Pago
1070;90;2025-07;1766,76;2025-08-25;2025-08-31;Pago
1071;90;2025-08;4170,46;2025-09-23;2025-10-05;Pago
1072;90;2025-09;4348,83;2025-10-17;2025-10-28;Pago
1073;90;2025-10;2340,61;2025-11-19;2025-11-21;Pago
1074;90;2025-11;3830,46;2025-12-12;2025-12-09;Pago
1075;90;2025-12;1033,3;2026-01-12;2026-01-14;Pago
1076;90;2026-01;1882,84;2026-02-10;2026-02-16;Pago
1077;90;2026-02;3270,5;2026-03-15;2026-03-13;Pago
1078;90;2026-03;2817,14;2026-04-10;2026-04-07;Pago
1079;90;2026-04;2886,82;2026-05-11;2026-05-16;Pago
1080;90;2026-05;484,23;2026-06-16;2026-06-23;Pago
1081;91;2025-07;3170,0;2025-07-14;2025-07-18;Pago
1082;91;2025-07;3689,92;2025-08-24;2025-08-31;Pago
1083;91;2025-08;1893,51;2025-09-18;2025-09-24;Pago
1084;91;2025-09;2413,06;2025-10-22;2025-10-29;Pago
1085;91;2025-10;3302,47;2025-11-20;2025-11-21;Pago
1086;91;2025-11;2093,31;2025-12-23;2025-12-30;Pago
1087;91;2025-12;3120,67;2026-01-18;2026-01-22;Pago
1088;91;2026-01;3721,14;2026-02-18;2026-03-03;Pago
1089;91;2026-02;4363,17;2026-03-10;2026-03-13;Pago
1090;91;2026-03;3003,97;2026-04-15;2026-04-14;Pago
1091;91;2026-04;2175,86;2026-05-10;;Pendente
1092;91;2026-05;1671,93;2026-06-06;2026-06-08;Pago
1093;92;2025-07;3746,54;2025-07-15;2025-07-26;Pago
1094;92;2025-07;1627,5;2025-08-22;2025-08-25;Pago
1095;92;2025-08;2478,99;2025-09-09;2025-09-06;Pago
1096;92;2025-09;3944,17;2025-10-10;2025-10-24;Pago
1097;92;2025-10;1659,75;2025-11-11;2025-11-17;Pago
1098;92;2025-11;456,12;2025-12-20;;Pendente
1099;92;2025-12;3347,16;2026-01-12;;Pendente
1100;92;2026-01;4234,26;2026-02-16;2026-02-16;Pago
1101;92;2026-02;3383,66;2026-03-23;2026-03-27;Pago
1102;92;2026-03;3779,83;2026-04-21;2026-05-02;Pago
1103;92;2026-04;2883,22;2026-05-16;2026-05-21;Pago
1104;92;2026-05;3240,38;2026-06-14;2026-06-18;Pago
1105;93;2025-07;1662,32;2025-07-19;2025-07-22;Pago
1106;93;2025-07;3296,0;2025-08-18;2025-08-17;Pago
1107;93;2025-08;887,58;2025-09-22;;Pendente
1108;93;2025-09;3896,61;2025-10-16;2025-10-21;Pago
1109;93;2025-10;1153,99;2025-11-22;2025-12-01;Pago
1110;93;2025-11;4492,59;2025-12-18;2025-12-27;Pago
1111;93;2025-12;2233,69;2026-01-10;2026-01-17;Pago
1112;93;2026-01;2250,39;2026-02-15;2026-02-14;Pago
1113;93;2026-02;2341,45;2026-03-16;2026-03-21;Pago
1114;93;2026-03;4160,28;2026-04-13;2026-04-16;Pago
1115;93;2026-04;1575,82;2026-05-15;;Pendente
1116;93;2026-05;4009,01;2026-06-18;2026-06-15;Pago
1117;94;2025-07;4403,65;2025-07-12;2025-07-19;Pago
1118;94;2025-07;674,75;2025-08-17;2025-08-17;Pago
1119;94;2025-08;3423,0;2025-09-15;2025-09-12;Pago
1120;94;2025-09;2018,78;2025-10-13;2025-10-23;Pago
1121;94;2025-10;962,95;2025-11-11;2025-11-26;Pago
1122;94;2025-11;1789,43;2025-12-21;;Pendente
1123;94;2025-12;2769,07;2026-01-21;2026-01-31;Pago
1124;94;2026-01;1136,43;2026-02-14;2026-02-26;Pago
1125;94;2026-02;4421,25;2026-03-19;2026-03-25;Pago
1126;94;2026-03;2530,82;2026-04-17;2026-05-01;Pago
1127;94;2026-04;2288,49;2026-05-08;2026-05-18;Pago
1128;94;2026-05;1486,59;2026-06-12;2026-06-17;Pago
1129;95;2025-07;2631,25;2025-07-26;2025-07-23;Pago
1130;95;2025-07;2207,08;2025-08-13;2025-08-16;Pago
1131;95;2025-08;1250,07;2025-09-12;2025-09-13;Pago
1132;95;2025-09;2982,3;2025-10-22;2025-10-30;Pago
1133;95;2025-10;3954,62;2025-11-14;2025-11-14;Pago
1134;95;2025-11;3018,71;2025-12-11;;Pendente
1135;95;2025-12;2007,65;2026-01-07;2026-01-17;Pago
1136;95;2026-01;2357,85;2026-02-10;2026-02-10;Pago
1137;95;2026-02;2854,85;2026-03-16;2026-03-31;Pago
1138;95;2026-03;799,67;2026-04-19;2026-04-17;Pago
1139;95;2026-04;3923,26;2026-05-13;2026-05-14;Pago
1140;95;2026-05;601,55;2026-06-19;;Pendente
1141;96;2025-07;3334,77;2025-07-22;2025-07-23;Pago
1142;96;2025-07;1710,52;2025-08-19;2025-08-23;Pago
1143;96;2025-08;3598,2;2025-09-23;2025-10-02;Pago
1144;96;2025-09;2046,28;2025-10-23;2025-10-22;Pago
1145;96;2025-10;2193,84;2025-11-08;2025-11-09;Pago
1146;96;2025-11;2774,85;2025-12-08;2025-12-17;Pago
1147;96;2025-12;2808,65;2026-01-13;2026-01-23;Pago
1148;96;2026-01;3892,17;2026-02-06;2026-02-21;Pago
1149;96;2026-02;1834,98;2026-03-17;2026-03-25;Pago
1150;96;2026-03;2287,59;2026-04-19;2026-05-01;Pago
1151;96;2026-04;2585,11;2026-05-14;2026-05-14;Pago
1152;96;2026-05;2555,46;2026-06-17;2026-06-15;Pago
1153;97;2025-07;2759,62;2025-07-16;2025-07-24;Pago
1154;97;2025-07;2771,86;2025-08-13;2025-08-11;Pago
1155;97;2025-08;2777,38;2025-09-16;2025-09-23;Pago
1156;97;2025-09;2765,86;2025-10-09;2025-10-22;Pago
1157;97;2025-10;3894,2;2025-11-08;2025-11-09;Pago
1158;97;2025-11;2549,84;2025-12-14;2025-12-24;Pago
1159;97;2025-12;1866,63;2026-01-19;2026-01-31;Pago
1160;97;2026-01;618,7;2026-02-21;2026-03-04;Pago
1161;97;2026-02;3867,53;2026-03-14;2026-03-26;Pago
1162;97;2026-03;1964,3;2026-04-08;2026-04-10;Pago
1163;97;2026-04;2104,72;2026-05-18;2026-05-24;Pago
1164;97;2026-05;3672,22;2026-06-09;2026-06-12;Pago
1165;98;2025-07;4347,12;2025-07-14;2025-07-19;Pago
1166;98;2025-07;2834,29;2025-08-14;2025-08-11;Pago
1167;98;2025-08;4151,82;2025-09-16;2025-09-21;Pago
1168;98;2025-09;1990,83;2025-10-22;2025-11-01;Pago
1169;98;2025-10;3269,36;2025-11-14;2025-11-19;Pago
1170;98;2025-11;4487,32;2025-12-21;2026-01-04;Pago
1171;98;2025-12;1832,18;2026-01-12;;Pendente
1172;98;2026-01;2739,84;2026-02-07;2026-02-18;Pago
1173;98;2026-02;3349,75;2026-03-18;2026-03-16;Pago
1174;98;2026-03;4288,17;2026-04-13;2026-04-26;Pago
1175;98;2026-04;3180,36;2026-05-14;2026-05-11;Pago
1176;98;2026-05;2737,49;2026-06-09;2026-06-23;Pago
1177;99;2025-07;1987,69;2025-07-20;2025-07-21;Pago
1178;99;2025-07;498,18;2025-08-25;2025-09-04;Pago
1179;99;2025-08;2719,38;2025-09-21;2025-09-29;Pago
1180;99;2025-09;737,06;2025-10-12;2025-10-27;Pago
1181;99;2025-10;3105,76;2025-11-09;2025-11-15;Pago
1182;99;2025-11;1473,1;2025-12-15;2025-12-13;Pago
1183;99;2025-12;4389,58;2026-01-20;2026-02-01;Pago
1184;99;2026-01;1352,88;2026-02-10;;Pendente
1185;99;2026-02;2625,31;2026-03-19;2026-03-18;Pago
1186;99;2026-03;1441,51;2026-04-21;;Pendente
1187;99;2026-04;4290,73;2026-05-14;2026-05-29;Pago
1188;99;2026-05;1649,86;2026-06-17;;Pendente
1189;100;2025-07;2234,86;2025-07-19;2025-07-24;Pago
1190;100;2025-07;3583,23;2025-08-17;;Pendente
1191;100;2025-08;3370,29;2025-09-13;2025-09-12;Pago
1192;100;2025-09;3745,16;2025-10-11;2025-10-22;Pago
1193;100;2025-10;1517,61;2025-11-19;2025-12-04;Pago
1194;100;2025-11;1122,09;2025-12-23;2025-12-26;Pago
1195;100;2025-12;2202,99;2026-01-07;2026-01-21;Pago
1196;100;2026-01;849,05;2026-02-16;2026-03-03;Pago
1197;100;2026-02;2697,54;2026-03-17;2026-03-19;Pago
1198;100;2026-03;1738,1;2026-04-22;2026-05-01;Pago
1199;100;2026-04;2018,99;2026-05-11;;Pendente
1200;100;2026-05;1982,15;2026-06-19;2026-06-26;Pago
1201;101;2025-07;960,38;2025-07-13;2025-07-15;Pago
1202;101;2025-07;542,7;2025-08-10;2025-08-14;Pago
1203;101;2025-08;3303,36;2025-09-21;2025-09-29;Pago
1204;101;2025-09;1141,82;2025-10-22;2025-10-25;Pago
1205;101;2025-10;1786,4;2025-11-23;2025-12-06;Pago
1206;101;2025-11;1401,47;2025-12-20;2025-12-31;Pago
1207;101;2025-12;3449,9;2026-01-21;2026-01-27;Pago
1208;101;2026-01;2945,36;2026-02-19;2026-02-21;Pago
1209;101;2026-02;2355,04;2026-03-18;2026-03-16;Pago
1210;101;2026-03;808,34;2026-04-07;2026-04-12;Pago
1211;101;2026-04;1688,7;2026-05-13;;Pendente
1212;101;2026-05;1008,09;2026-06-12;2026-06-26;Pago
1213;102;2025-07;687,16;2025-07-26;2025-08-01;Pago
1214;102;2025-07;3478,58;2025-08-14;2025-08-21;Pago
1215;102;2025-08;3825,23;2025-09-21;2025-10-06;Pago
1216;102;2025-09;2826,99;2025-10-24;2025-10-24;Pago
1217;102;2025-10;647,09;2025-11-15;2025-11-27;Pago
1218;102;2025-11;2139,8;2025-12-08;2025-12-17;Pago
1219;102;2025-12;2965,06;2026-01-10;2026-01-16;Pago
1220;102;2026-01;2874,85;2026-02-21;2026-02-26;Pago
1221;102;2026-02;2207,73;2026-03-10;2026-03-20;Pago
1222;102;2026-03;795,58;2026-04-07;2026-04-05;Pago
1223;102;2026-04;2652,87;2026-05-18;2026-05-25;Pago
1224;102;2026-05;2581,35;2026-06-09;2026-06-08;Pago
1225;103;2025-07;3994,72;2025-07-12;2025-07-24;Pago
1226;103;2025-07;4441,18;2025-08-22;2025-08-28;Pago
1227;103;2025-08;1913,7;2025-09-19;2025-10-01;Pago
1228;103;2025-09;4045,49;2025-10-22;2025-10-23;Pago
1229;103;2025-10;1985,96;2025-11-21;2025-11-27;Pago
1230;103;2025-11;2956,5;2025-12-09;2025-12-17;Pago
1231;103;2025-12;3309,01;2026-01-09;2026-01-14;Pago
1232;103;2026-01;1553,96;2026-02-14;2026-02-13;Pago
1233;103;2026-02;2292,29;2026-03-17;2026-03-16;Pago
1234;103;2026-03;2050,84;2026-04-15;2026-04-29;Pago
1235;103;2026-04;2339,3;2026-05-07;2026-05-06;Pago
1236;103;2026-05;724,4;2026-06-08;;Pendente
1237;104;2025-07;2400,04;2025-07-20;2025-08-04;Pago
1238;104;2025-07;1388,62;2025-08-19;2025-08-19;Pago
1239;104;2025-08;1861,65;2025-09-12;2025-09-14;Pago
1240;104;2025-09;932,81;2025-10-13;2025-10-23;Pago
1241;104;2025-10;1709,73;2025-11-09;2025-11-08;Pago
1242;104;2025-11;3642,8;2025-12-20;2025-12-19;Pago
1243;104;2025-12;4150,51;2026-01-17;2026-01-26;Pago
1244;104;2026-01;2943,01;2026-02-15;2026-02-20;Pago
1245;104;2026-02;4496,09;2026-03-10;2026-03-11;Pago
1246;104;2026-03;1998,01;2026-04-10;2026-04-15;Pago
1247;104;2026-04;985,02;2026-05-08;2026-05-14;Pago
1248;104;2026-05;3341,73;2026-06-20;2026-06-30;Pago
1249;105;2025-07;3803,59;2025-07-20;2025-08-02;Pago
1250;105;2025-07;749,37;2025-08-12;2025-08-19;Pago
1251;105;2025-08;3749,93;2025-09-21;2025-10-06;Pago
1252;105;2025-09;1145,01;2025-10-22;;Pendente
1253;105;2025-10;2564,06;2025-11-16;2025-12-01;Pago
1254;105;2025-11;1781,18;2025-12-08;2025-12-05;Pago
1255;105;2025-12;2938,32;2026-01-13;2026-01-11;Pago
1256;105;2026-01;1161,48;2026-02-18;2026-02-17;Pago
1257;105;2026-02;2181,73;2026-03-10;2026-03-23;Pago
1258;105;2026-03;944,78;2026-04-14;2026-04-16;Pago
1259;105;2026-04;4475,62;2026-05-15;2026-05-30;Pago
1260;105;2026-05;3366,14;2026-06-16;2026-06-25;Pago
1261;106;2025-07;3357,15;2025-07-15;2025-07-15;Pago
1262;106;2025-07;1417,87;2025-08-22;2025-08-21;Pago
1263;106;2025-08;2203,11;2025-09-23;2025-10-05;Pago
1264;106;2025-09;4147,53;2025-10-21;2025-10-28;Pago
1265;106;2025-10;3007,87;2025-11-17;2025-11-26;Pago
1266;106;2025-11;473,53;2025-12-18;2025-12-18;Pago
1267;106;2025-12;3948,58;2026-01-19;2026-01-18;Pago
1268;106;2026-01;864,72;2026-02-21;2026-02-27;Pago
1269;106;2026-02;1237,38;2026-03-22;2026-03-28;Pago
1270;106;2026-03;3686,74;2026-04-10;2026-04-21;Pago
1271;106;2026-04;2853,64;2026-05-19;2026-05-31;Pago
1272;106;2026-05;917,94;2026-06-14;2026-06-21;Pago
1273;107;2025-07;2820,7;2025-07-15;2025-07-27;Pago
1274;107;2025-07;3764,37;2025-08-23;2025-09-01;Pago
1275;107;2025-08;1917,91;2025-09-10;2025-09-24;Pago
1276;107;2025-09;3079,34;2025-10-11;2025-10-14;Pago
1277;107;2025-10;3958,11;2025-11-23;;Pendente
1278;107;2025-11;3239,52;2025-12-11;2025-12-26;Pago
1279;107;2025-12;2224,62;2026-01-22;2026-01-25;Pago
1280;107;2026-01;4090,09;2026-02-16;2026-02-18;Pago
1281;107;2026-02;2644,64;2026-03-09;2026-03-07;Pago
1282;107;2026-03;2414,15;2026-04-09;2026-04-14;Pago
1283;107;2026-04;3620,92;2026-05-18;2026-05-30;Pago
1284;107;2026-05;4273,17;2026-06-18;;Pendente
1285;108;2025-07;2363,66;2025-07-26;2025-07-25;Pago
1286;108;2025-07;2392,07;2025-08-25;2025-09-02;Pago
1287;108;2025-08;2314,6;2025-09-13;2025-09-27;Pago
1288;108;2025-09;606,95;2025-10-24;2025-10-21;Pago
1289;108;2025-10;1203,48;2025-11-22;2025-11-25;Pago
1290;108;2025-11;1592,6;2025-12-15;2025-12-18;Pago
1291;108;2025-12;4487,45;2026-01-22;;Pendente
1292;108;2026-01;2870,62;2026-02-19;2026-02-28;Pago
1293;108;2026-02;997,01;2026-03-15;2026-03-27;Pago
1294;108;2026-03;602,61;2026-04-14;2026-04-22;Pago
1295;108;2026-04;1938,46;2026-05-15;2026-05-24;Pago
1296;108;2026-05;722,0;2026-06-11;2026-06-19;Pago
1297;109;2025-07;2314,39;2025-07-12;;Pendente
1298;109;2025-07;3570,88;2025-08-19;2025-09-03;Pago
1299;109;2025-08;2395,19;2025-09-20;;Pendente
1300;109;2025-09;694,08;2025-10-12;2025-10-10;Pago
1301;109;2025-10;869,58;2025-11-11;2025-11-23;Pago
1302;109;2025-11;3395,94;2025-12-15;2025-12-30;Pago
1303;109;2025-12;1213,29;2026-01-09;;Pendente
1304;109;2026-01;2221,84;2026-02-10;2026-02-15;Pago
1305;109;2026-02;2229,81;2026-03-10;2026-03-13;Pago
1306;109;2026-03;2871,98;2026-04-17;2026-04-27;Pago
1307;109;2026-04;482,52;2026-05-08;2026-05-08;Pago
1308;109;2026-05;1601,31;2026-06-15;;Pendente
1309;110;2025-07;574,68;2025-07-18;2025-07-25;Pago
1310;110;2025-07;4466,64;2025-08-14;2025-08-19;Pago
1311;110;2025-08;4052,97;2025-09-22;2025-09-21;Pago
1312;110;2025-09;2605,25;2025-10-19;2025-10-29;Pago
1313;110;2025-10;3963,65;2025-11-10;2025-11-22;Pago
1314;110;2025-11;1629,49;2025-12-17;2025-12-25;Pago
1315;110;2025-12;1018,92;2026-01-16;2026-01-15;Pago
1316;110;2026-01;2660,51;2026-02-17;2026-02-24;Pago
1317;110;2026-02;3830,17;2026-03-20;2026-04-04;Pago
1318;110;2026-03;1736,15;2026-04-10;2026-04-12;Pago
1319;110;2026-04;2348,37;2026-05-17;2026-05-20;Pago
1320;110;2026-05;1698,09;2026-06-15;2026-06-14;Pago
1321;111;2025-07;2739,07;2025-07-26;2025-08-06;Pago
1322;111;2025-07;4129,91;2025-08-11;2025-08-23;Pago
1323;111;2025-08;3152,27;2025-09-19;2025-09-24;Pago
1324;111;2025-09;481,03;2025-10-16;2025-10-25;Pago
1325;111;2025-10;790,6;2025-11-14;2025-11-12;Pago
1326;111;2025-11;4195,85;2025-12-12;2025-12-20;Pago
1327;111;2025-12;872,56;2026-01-19;2026-01-26;Pago
1328;111;2026-01;2154,08;2026-02-19;;Pendente
1329;111;2026-02;1832,17;2026-03-17;2026-04-01;Pago
1330;111;2026-03;2388,38;2026-04-20;2026-04-20;Pago
1331;111;2026-04;2688,72;2026-05-11;2026-05-14;Pago
1332;111;2026-05;2060,79;2026-06-10;2026-06-16;Pago
1333;112;2025-07;2305,83;2025-07-11;2025-07-15;Pago
1334;112;2025-07;4257,93;2025-08-11;2025-08-20;Pago
1335;112;2025-08;2263,77;2025-09-18;2025-10-03;Pago
1336;112;2025-09;2733,66;2025-10-15;;Pendente
1337;112;2025-10;887,07;2025-11-23;2025-12-01;Pago
1338;112;2025-11;2995,26;2025-12-10;2025-12-19;Pago
1339;112;2025-12;1377,03;2026-01-10;2026-01-19;Pago
1340;112;2026-01;2323,69;2026-02-12;2026-02-24;Pago
1341;112;2026-02;2177,09;2026-03-23;2026-04-04;Pago
1342;112;2026-03;3729,74;2026-04-18;2026-04-20;Pago
1343;112;2026-04;4287,2;2026-05-10;2026-05-13;Pago
1344;112;2026-05;1140,65;2026-06-11;2026-06-23;Pago
1345;113;2025-07;2305,01;2025-07-19;2025-07-28;Pago
1346;113;2025-07;3570,31;2025-08-18;2025-08-19;Pago
1347;113;2025-08;4032,54;2025-09-19;2025-10-02;Pago
1348;113;2025-09;2338,67;2025-10-16;2025-10-30;Pago
1349;113;2025-10;2742,89;2025-11-08;2025-11-07;Pago
1350;113;2025-11;1480,04;2025-12-16;2025-12-22;Pago
1351;113;2025-12;501,24;2026-01-17;2026-01-14;Pago
1352;113;2026-01;1119,85;2026-02-07;2026-02-10;Pago
1353;113;2026-02;1698,86;2026-03-10;;Pendente
1354;113;2026-03;741,48;2026-04-17;2026-05-02;Pago
1355;113;2026-04;2232,88;2026-05-22;2026-05-23;Pago
1356;113;2026-05;931,08;2026-06-20;2026-06-19;Pago
1357;114;2025-07;3020,57;2025-07-18;2025-07-29;Pago
1358;114;2025-07;2881,2;2025-08-13;2025-08-16;Pago
1359;114;2025-08;1144,04;2025-09-17;2025-09-16;Pago
1360;114;2025-09;560,64;2025-10-21;2025-10-28;Pago
1361;114;2025-10;3663,27;2025-11-19;2025-11-26;Pago
1362;114;2025-11;3791,4;2025-12-16;2025-12-31;Pago
1363;114;2025-12;4025,3;2026-01-22;2026-01-26;Pago
1364;114;2026-01;1274,24;2026-02-07;2026-02-10;Pago
1365;114;2026-02;3983,57;2026-03-19;2026-04-03;Pago
1366;114;2026-03;3660,89;2026-04-16;;Pendente
1367;114;2026-04;1457,49;2026-05-08;2026-05-23;Pago
1368;114;2026-05;2233,53;2026-06-07;2026-06-17;Pago
1369;115;2025-07;1725,86;2025-07-18;2025-07-24;Pago
1370;115;2025-07;2431,76;2025-08-17;2025-08-25;Pago
1371;115;2025-08;805,41;2025-09-17;2025-10-01;Pago
1372;115;2025-09;3800,63;2025-10-22;2025-10-23;Pago
1373;115;2025-10;1749,81;2025-11-23;2025-11-23;Pago
1374;115;2025-11;873,97;2025-12-09;2025-12-20;Pago
1375;115;2025-12;3077,93;2026-01-22;2026-01-19;Pago
1376;115;2026-01;2972,85;2026-02-07;2026-02-04;Pago
1377;115;2026-02;2135,41;2026-03-11;2026-03-22;Pago
1378;115;2026-03;3930,04;2026-04-15;2026-04-17;Pago
1379;115;2026-04;2724,28;2026-05-17;2026-05-16;Pago
1380;115;2026-05;1499,4;2026-06-13;2026-06-11;Pago
1381;116;2025-07;4487,97;2025-07-16;2025-07-24;Pago
1382;116;2025-07;3854,87;2025-08-25;2025-08-22;Pago
1383;116;2025-08;2400,65;2025-09-11;2025-09-24;Pago
1384;116;2025-09;4178,89;2025-10-24;;Pendente
1385;116;2025-10;3781,57;2025-11-11;2025-11-09;Pago
1386;116;2025-11;4363,62;2025-12-17;2025-12-15;Pago
1387;116;2025-12;2299,95;2026-01-21;2026-01-24;Pago
1388;116;2026-01;1483,22;2026-02-17;2026-02-14;Pago
1389;116;2026-02;1838,3;2026-03-08;2026-03-07;Pago
1390;116;2026-03;4395,17;2026-04-14;2026-04-28;Pago
1391;116;2026-04;2258,44;2026-05-16;2026-05-26;Pago
1392;116;2026-05;2450,05;2026-06-11;2026-06-20;Pago
1393;117;2025-07;4349,72;2025-07-15;2025-07-23;Pago
1394;117;2025-07;1787,18;2025-08-24;2025-08-21;Pago
1395;117;2025-08;4248,86;2025-09-10;2025-09-21;Pago
1396;117;2025-09;1765,92;2025-10-10;2025-10-25;Pago
1397;117;2025-10;4328,17;2025-11-12;2025-11-09;Pago
1398;117;2025-11;695,45;2025-12-13;2025-12-24;Pago
1399;117;2025-12;1213,41;2026-01-14;2026-01-16;Pago
1400;117;2026-01;2320,2;2026-02-12;2026-02-22;Pago
1401;117;2026-02;3738,45;2026-03-17;2026-03-14;Pago
1402;117;2026-03;832,61;2026-04-14;2026-04-28;Pago
1403;117;2026-04;2227,5;2026-05-13;2026-05-25;Pago
1404;117;2026-05;4419,38;2026-06-15;2026-06-21;Pago
1405;118;2025-07;2854,02;2025-07-20;2025-07-30;Pago
1406;118;2025-07;1175,53;2025-08-25;2025-09-09;Pago
1407;118;2025-08;2677,15;2025-09-10;2025-09-10;Pago
1408;118;2025-09;1307,16;2025-10-13;2025-10-19;Pago
1409;118;2025-10;4435,24;2025-11-23;;Pendente
1410;118;2025-11;1260,01;2025-12-08;2025-12-15;Pago
1411;118;2025-12;3614,35;2026-01-08;2026-01-13;Pago
1412;118;2026-01;1090,62;2026-02-19;2026-02-27;Pago
1413;118;2026-02;1070,9;2026-03-10;2026-03-08;Pago
1414;118;2026-03;4316,8;2026-04-10;2026-04-16;Pago
1415;118;2026-04;1325,14;2026-05-21;2026-05-24;Pago
1416;118;2026-05;2023,65;2026-06-16;2026-06-23;Pago
1417;119;2025-07;3684,37;2025-07-23;2025-07-27;Pago
1418;119;2025-07;1491,65;2025-08-25;2025-08-22;Pago
1419;119;2025-08;2839,58;2025-09-18;2025-09-21;Pago
1420;119;2025-09;1243,49;2025-10-18;2025-10-25;Pago
1421;119;2025-10;1373,72;2025-11-14;2025-11-12;Pago
1422;119;2025-11;4335,16;2025-12-16;;Pendente
1423;119;2025-12;3094,9;2026-01-12;2026-01-11;Pago
1424;119;2026-01;3100,15;2026-02-20;2026-03-01;Pago
1425;119;2026-02;3998,69;2026-03-18;;Pendente
1426;119;2026-03;3017,35;2026-04-18;;Pendente
1427;119;2026-04;502,08;2026-05-18;2026-06-01;Pago
1428;119;2026-05;1475,98;2026-06-12;2026-06-10;Pago
1429;120;2025-07;577,11;2025-07-22;;Pendente
1430;120;2025-07;632,36;2025-08-16;;Pendente
1431;120;2025-08;2368,78;2025-09-14;2025-09-22;Pago
1432;120;2025-09;834,77;2025-10-12;2025-10-15;Pago
1433;120;2025-10;3410,42;2025-11-14;2025-11-14;Pago
1434;120;2025-11;1873,31;2025-12-19;2025-12-23;Pago
1435;120;2025-12;1196,51;2026-01-20;2026-01-22;Pago
1436;120;2026-01;1595,33;2026-02-21;;Pendente
1437;120;2026-02;2246,76;2026-03-20;;Pendente
1438;120;2026-03;2216,92;2026-04-13;2026-04-17;Pago
1439;120;2026-04;3960,91;2026-05-16;2026-05-26;Pago
1440;120;2026-05;2676,19;2026-06-19;2026-06-24;Pago
1441;121;2025-07;1778,87;2025-07-22;2025-07-29;Pago
1442;121;2025-07;3800,83;2025-08-22;2025-08-25;Pago
1443;121;2025-08;576,19;2025-09-09;2025-09-20;Pago
1444;121;2025-09;3927,75;2025-10-18;2025-10-16;Pago
1445;121;2025-10;4061,14;2025-11-18;2025-11-30;Pago
1446;121;2025-11;1947,3;2025-12-19;2025-12-21;Pago
1447;121;2025-12;2643,71;2026-01-07;2026-01-09;Pago
1448;121;2026-01;972,64;2026-02-20;2026-02-17;Pago
1449;121;2026-02;2809,68;2026-03-13;2026-03-24;Pago
1450;121;2026-03;4338,25;2026-04-12;;Pendente
1451;121;2026-04;2507,83;2026-05-18;2026-05-17;Pago
1452;121;2026-05;4040,63;2026-06-18;2026-07-03;Pago
1453;122;2025-07;3854,05;2025-07-24;2025-08-04;Pago
1454;122;2025-07;4300,87;2025-08-21;2025-08-28;Pago
1455;122;2025-08;1825,54;2025-09-16;2025-09-17;Pago
1456;122;2025-09;4083,05;2025-10-19;2025-10-19;Pago
1457;122;2025-10;640,44;2025-11-19;2025-11-23;Pago
1458;122;2025-11;974,71;2025-12-20;2025-12-24;Pago
1459;122;2025-12;1370,67;2026-01-13;2026-01-19;Pago
1460;122;2026-01;620,13;2026-02-06;2026-02-03;Pago
1461;122;2026-02;1817,65;2026-03-21;2026-03-21;Pago
1462;122;2026-03;2245,75;2026-04-14;;Pendente
1463;122;2026-04;3153,76;2026-05-15;2026-05-15;Pago
1464;122;2026-05;1363,16;2026-06-15;2026-06-15;Pago
1465;123;2025-07;3686,12;2025-07-20;2025-07-21;Pago
1466;123;2025-07;3090,18;2025-08-22;2025-08-25;Pago
1467;123;2025-08;2994,93;2025-09-11;2025-09-16;Pago
1468;123;2025-09;3971,86;2025-10-19;2025-10-22;Pago
1469;123;2025-10;878,92;2025-11-19;2025-11-27;Pago
1470;123;2025-11;1561,76;2025-12-14;2025-12-12;Pago
1471;123;2025-12;1141,89;2026-01-16;;Pendente
1472;123;2026-01;696,34;2026-02-13;2026-02-17;Pago
1473;123;2026-02;3464,72;2026-03-11;2026-03-21;Pago
1474;123;2026-03;2562,6;2026-04-20;2026-04-22;Pago
1475;123;2026-04;4051,73;2026-05-22;;Pendente
1476;123;2026-05;4039,02;2026-06-09;2026-06-19;Pago
1477;124;2025-07;3485,82;2025-07-23;2025-07-26;Pago
1478;124;2025-07;2845,32;2025-08-19;2025-08-20;Pago
1479;124;2025-08;3089,78;2025-09-16;2025-09-21;Pago
1480;124;2025-09;1333,65;2025-10-17;2025-10-22;Pago
1481;124;2025-10;3406,59;2025-11-15;2025-11-27;Pago
1482;124;2025-11;2644,48;2025-12-20;2026-01-02;Pago
1483;124;2025-12;3886,14;2026-01-11;2026-01-22;Pago
1484;124;2026-01;4194,04;2026-02-17;2026-02-25;Pago
1485;124;2026-02;815,06;2026-03-11;2026-03-19;Pago
1486;124;2026-03;2195,39;2026-04-14;;Pendente
1487;124;2026-04;1911,95;2026-05-19;2026-05-18;Pago
1488;124;2026-05;2037,48;2026-06-08;2026-06-17;Pago
1489;125;2025-07;3921,7;2025-07-11;2025-07-20;Pago
1490;125;2025-07;4432,82;2025-08-17;2025-08-24;Pago
1491;125;2025-08;1344,38;2025-09-13;2025-09-19;Pago
1492;125;2025-09;3236,04;2025-10-20;2025-10-29;Pago
1493;125;2025-10;524,56;2025-11-15;2025-11-16;Pago
1494;125;2025-11;4431,1;2025-12-17;2025-12-17;Pago
1495;125;2025-12;2459,31;2026-01-15;2026-01-25;Pago
1496;125;2026-01;1103,37;2026-02-09;2026-02-23;Pago
1497;125;2026-02;2383,69;2026-03-23;2026-04-06;Pago
1498;125;2026-03;3785,65;2026-04-08;2026-04-12;Pago
1499;125;2026-04;3934,08;2026-05-16;2026-05-18;Pago
1500;125;2026-05;1855,9;2026-06-20;;Pendente
1501;126;2025-07;4477,97;2025-07-16;2025-07-24;Pago
1502;126;2025-07;3362,62;2025-08-24;2025-09-08;Pago
1503;126;2025-08;3177,08;2025-09-17;2025-09-15;Pago
1504;126;2025-09;3165,68;2025-10-11;2025-10-08;Pago
1505;126;2025-10;3884,64;2025-11-23;2025-11-26;Pago
1506;126;2025-11;3101,21;2025-12-23;2026-01-04;Pago
1507;126;2025-12;1756,54;2026-01-11;2026-01-15;Pago
1508;126;2026-01;1163,23;2026-02-07;2026-02-12;Pago
1509;126;2026-02;3326,0;2026-03-21;2026-04-04;Pago
1510;126;2026-03;2203,19;2026-04-14;2026-04-14;Pago
1511;126;2026-04;527,9;2026-05-19;2026-05-29;Pago
1512;126;2026-05;3659,75;2026-06-15;2026-06-20;Pago
1513;127;2025-07;2157,38;2025-07-23;;Pendente
1514;127;2025-07;966,73;2025-08-22;;Pendente
1515;127;2025-08;1261,98;2025-09-11;2025-09-20;Pago
1516;127;2025-09;3431,95;2025-10-14;2025-10-25;Pago
1517;127;2025-10;3025,46;2025-11-09;2025-11-16;Pago
1518;127;2025-11;1978,69;2025-12-14;2025-12-29;Pago
1519;127;2025-12;1750,71;2026-01-07;2026-01-17;Pago
1520;127;2026-01;3786,1;2026-02-08;2026-02-15;Pago
1521;127;2026-02;749,15;2026-03-10;2026-03-16;Pago
1522;127;2026-03;4428,79;2026-04-14;2026-04-27;Pago
1523;127;2026-04;1179,25;2026-05-09;2026-05-07;Pago
1524;127;2026-05;4037,42;2026-06-18;2026-06-28;Pago
1525;128;2025-07;2514,62;2025-07-15;2025-07-26;Pago
1526;128;2025-07;476,42;2025-08-14;2025-08-26;Pago
1527;128;2025-08;2649,23;2025-09-11;2025-09-23;Pago
1528;128;2025-09;1873,39;2025-10-18;;Pendente
1529;128;2025-10;1697,78;2025-11-08;2025-11-10;Pago
1530;128;2025-11;3761,71;2025-12-19;2025-12-27;Pago
1531;128;2025-12;1243,83;2026-01-11;2026-01-25;Pago
1532;128;2026-01;2019,07;2026-02-09;2026-02-18;Pago
1533;128;2026-02;4406,5;2026-03-08;2026-03-14;Pago
1534;128;2026-03;799,09;2026-04-10;2026-04-22;Pago
1535;128;2026-04;1512,43;2026-05-22;2026-05-22;Pago
1536;128;2026-05;1180,97;2026-06-16;;Pendente
1537;129;2025-07;2006,24;2025-07-17;2025-07-26;Pago
1538;129;2025-07;2193,55;2025-08-16;2025-08-30;Pago
1539;129;2025-08;1518,74;2025-09-17;2025-09-15;Pago
1540;129;2025-09;2347,72;2025-10-12;2025-10-21;Pago
1541;129;2025-10;3553,35;2025-11-23;2025-11-23;Pago
1542;129;2025-11;4368,41;2025-12-14;;Pendente
1543;129;2025-12;2605,92;2026-01-17;2026-01-15;Pago
1544;129;2026-01;3544,19;2026-02-06;2026-02-12;Pago
1545;129;2026-02;2801,83;2026-03-19;2026-03-24;Pago
1546;129;2026-03;895,02;2026-04-15;2026-04-26;Pago
1547;129;2026-04;3383,49;2026-05-09;2026-05-24;Pago
1548;129;2026-05;3826,98;2026-06-06;2026-06-21;Pago
1549;130;2025-07;4283,67;2025-07-23;2025-07-28;Pago
1550;130;2025-07;3263,1;2025-08-13;;Pendente
1551;130;2025-08;1041,23;2025-09-14;2025-09-26;Pago
1552;130;2025-09;4223,06;2025-10-16;2025-10-31;Pago
1553;130;2025-10;3737,64;2025-11-11;2025-11-10;Pago
1554;130;2025-11;2273,7;2025-12-23;2026-01-03;Pago
1555;130;2025-12;1716,22;2026-01-12;2026-01-21;Pago
1556;130;2026-01;670,1;2026-02-21;2026-02-26;Pago
1557;130;2026-02;1232,48;2026-03-13;2026-03-24;Pago
1558;130;2026-03;3842,97;2026-04-16;2026-04-20;Pago
1559;130;2026-04;2649,8;2026-05-17;2026-05-21;Pago
1560;130;2026-05;2093,89;2026-06-18;2026-06-30;Pago
1561;131;2025-07;1508,5;2025-07-22;2025-07-27;Pago
1562;131;2025-07;2086,72;2025-08-22;2025-08-19;Pago
1563;131;2025-08;3955,55;2025-09-16;2025-09-23;Pago
1564;131;2025-09;3679,02;2025-10-24;2025-10-21;Pago
1565;131;2025-10;2657,6;2025-11-22;2025-11-20;Pago
1566;131;2025-11;4408,51;2025-12-20;2026-01-01;Pago
1567;131;2025-12;3014,96;2026-01-12;2026-01-20;Pago
1568;131;2026-01;1131,6;2026-02-16;;Pendente
1569;131;2026-02;2744,2;2026-03-21;;Pendente
1570;131;2026-03;945,97;2026-04-19;2026-05-01;Pago
1571;131;2026-04;657,76;2026-05-11;2026-05-13;Pago
1572;131;2026-05;2389,32;2026-06-12;2026-06-17;Pago
1573;132;2025-07;1796,36;2025-07-17;2025-07-21;Pago
1574;132;2025-07;587,19;2025-08-15;2025-08-14;Pago
1575;132;2025-08;2206,34;2025-09-13;2025-09-10;Pago
1576;132;2025-09;1357,47;2025-10-20;2025-11-03;Pago
1577;132;2025-10;985,25;2025-11-21;2025-11-20;Pago
1578;132;2025-11;3411,5;2025-12-22;2026-01-01;Pago
1579;132;2025-12;3343,67;2026-01-09;2026-01-23;Pago
1580;132;2026-01;4326,06;2026-02-19;2026-02-27;Pago
1581;132;2026-02;2971,79;2026-03-23;2026-03-28;Pago
1582;132;2026-03;3591,53;2026-04-13;2026-04-20;Pago
1583;132;2026-04;2976,64;2026-05-20;2026-06-01;Pago
1584;132;2026-05;3353,27;2026-06-16;2026-06-23;Pago
1585;133;2025-07;2638,46;2025-07-22;;Pendente
1586;133;2025-07;4165,28;2025-08-16;2025-08-17;Pago
1587;133;2025-08;1870,16;2025-09-24;2025-10-07;Pago
1588;133;2025-09;3197,57;2025-10-18;2025-10-24;Pago
1589;133;2025-10;3298,19;2025-11-22;2025-11-23;Pago
1590;133;2025-11;618,38;2025-12-14;2025-12-24;Pago
1591;133;2025-12;4020,83;2026-01-16;2026-01-13;Pago
1592;133;2026-01;1391,26;2026-02-09;2026-02-09;Pago
1593;133;2026-02;1336,2;2026-03-15;2026-03-15;Pago
1594;133;2026-03;4136,67;2026-04-09;;Pendente
1595;133;2026-04;2789,15;2026-05-16;2026-05-29;Pago
1596;133;2026-05;4022,28;2026-06-15;2026-06-20;Pago
1597;134;2025-07;455,52;2025-07-25;2025-07-29;Pago
1598;134;2025-07;2456,78;2025-08-22;2025-08-24;Pago
1599;134;2025-08;563,86;2025-09-22;2025-10-07;Pago
1600;134;2025-09;1187,62;2025-10-12;2025-10-27;Pago
1601;134;2025-10;2088,88;2025-11-08;2025-11-18;Pago
1602;134;2025-11;2735,2;2025-12-15;2025-12-28;Pago
1603;134;2025-12;4062,22;2026-01-10;2026-01-13;Pago
1604;134;2026-01;859,5;2026-02-12;2026-02-22;Pago
1605;134;2026-02;3608,26;2026-03-10;2026-03-12;Pago
1606;134;2026-03;3529,91;2026-04-12;2026-04-22;Pago
1607;134;2026-04;2584,06;2026-05-22;2026-05-25;Pago
1608;134;2026-05;1146,53;2026-06-12;2026-06-27;Pago
1609;135;2025-07;1816,67;2025-07-21;2025-07-25;Pago
1610;135;2025-07;1089,57;2025-08-13;2025-08-16;Pago
1611;135;2025-08;885,04;2025-09-18;;Pendente
1612;135;2025-09;2546,2;2025-10-18;2025-10-29;Pago
1613;135;2025-10;788,13;2025-11-11;2025-11-25;Pago
1614;135;2025-11;2523,77;2025-12-23;2025-12-27;Pago
1615;135;2025-12;1848,89;2026-01-22;2026-02-03;Pago
1616;135;2026-01;1584,12;2026-02-09;2026-02-24;Pago
1617;135;2026-02;890,26;2026-03-16;2026-03-19;Pago
1618;135;2026-03;4115,41;2026-04-09;2026-04-17;Pago
1619;135;2026-04;1005,74;2026-05-15;2026-05-14;Pago
1620;135;2026-05;2263,49;2026-06-17;2026-06-29;Pago
1621;136;2025-07;3393,08;2025-07-21;2025-07-21;Pago
1622;136;2025-07;4221,27;2025-08-18;2025-08-20;Pago
1623;136;2025-08;2629,94;2025-09-11;2025-09-09;Pago
1624;136;2025-09;3406,1;2025-10-17;2025-10-20;Pago
1625;136;2025-10;1587,8;2025-11-20;2025-11-21;Pago
1626;136;2025-11;2681,87;2025-12-12;2025-12-14;Pago
1627;136;2025-12;3072,45;2026-01-19;2026-01-17;Pago
1628;136;2026-01;2855,08;2026-02-21;2026-03-08;Pago
1629;136;2026-02;3957,82;2026-03-19;2026-03-24;Pago
1630;136;2026-03;3512,97;2026-04-20;;Pendente
1631;136;2026-04;4082,93;2026-05-08;2026-05-16;Pago
1632;136;2026-05;2432,72;2026-06-11;2026-06-23;Pago
1633;137;2025-07;4448,84;2025-07-21;2025-08-02;Pago
1634;137;2025-07;1412,37;2025-08-13;2025-08-20;Pago
1635;137;2025-08;461,79;2025-09-17;2025-09-18;Pago
1636;137;2025-09;2202,22;2025-10-11;2025-10-21;Pago
1637;137;2025-10;2718,02;2025-11-17;2025-11-26;Pago
1638;137;2025-11;2509,84;2025-12-20;2025-12-24;Pago
1639;137;2025-12;1841,9;2026-01-13;2026-01-24;Pago
1640;137;2026-01;4434,83;2026-02-18;2026-02-23;Pago
1641;137;2026-02;1634,8;2026-03-17;2026-03-22;Pago
1642;137;2026-03;2026,62;2026-04-16;2026-04-14;Pago
1643;137;2026-04;3094,67;2026-05-15;2026-05-19;Pago
1644;137;2026-05;1802,45;2026-06-12;2026-06-24;Pago
1645;138;2025-07;3471,48;2025-07-17;2025-07-16;Pago
1646;138;2025-07;2658,04;2025-08-16;2025-08-20;Pago
1647;138;2025-08;2563,63;2025-09-14;;Pendente
1648;138;2025-09;3553,43;2025-10-13;2025-10-22;Pago
1649;138;2025-10;2062,18;2025-11-12;2025-11-19;Pago
1650;138;2025-11;4293,75;2025-12-12;2025-12-17;Pago
1651;138;2025-12;2496,98;2026-01-22;2026-02-06;Pago
1652;138;2026-01;4091,06;2026-02-06;;Pendente
1653;138;2026-02;3991,49;2026-03-11;;Pendente
1654;138;2026-03;1523,27;2026-04-08;2026-04-12;Pago
1655;138;2026-04;2354,99;2026-05-14;2026-05-18;Pago
1656;138;2026-05;626,35;2026-06-06;;Pendente
1657;139;2025-07;671,46;2025-07-21;2025-07-26;Pago
1658;139;2025-07;3809,76;2025-08-12;2025-08-14;Pago
1659;139;2025-08;3697,97;2025-09-12;2025-09-16;Pago
1660;139;2025-09;4153,21;2025-10-10;2025-10-14;Pago
1661;139;2025-10;2726,43;2025-11-15;2025-11-23;Pago
1662;139;2025-11;1694,44;2025-12-10;2025-12-12;Pago
1663;139;2025-12;3902,83;2026-01-21;2026-01-31;Pago
1664;139;2026-01;2904,72;2026-02-13;2026-02-15;Pago
1665;139;2026-02;800,05;2026-03-14;2026-03-14;Pago
1666;139;2026-03;943,82;2026-04-16;2026-04-18;Pago
1667;139;2026-04;1041,24;2026-05-22;2026-05-24;Pago
1668;139;2026-05;3761,05;2026-06-15;2026-06-17;Pago
1669;140;2025-07;981,37;2025-07-21;2025-08-01;Pago
1670;140;2025-07;466,51;2025-08-10;2025-08-17;Pago
1671;140;2025-08;1882,24;2025-09-23;;Pendente
1672;140;2025-09;3848,93;2025-10-10;2025-10-13;Pago
1673;140;2025-10;3804,36;2025-11-22;2025-11-23;Pago
1674;140;2025-11;1829,0;2025-12-20;2025-12-17;Pago
1675;140;2025-12;4409,1;2026-01-19;2026-01-19;Pago
1676;140;2026-01;1925,78;2026-02-13;;Pendente
1677;140;2026-02;1605,51;2026-03-14;2026-03-19;Pago
1678;140;2026-03;2423,2;2026-04-12;2026-04-24;Pago
1679;140;2026-04;3535,07;2026-05-11;2026-05-10;Pago
1680;140;2026-05;3846,62;2026-06-17;2026-07-02;Pago
1681;141;2025-07;2572,84;2025-07-19;;Pendente
1682;141;2025-07;4163,83;2025-08-18;2025-08-21;Pago
1683;141;2025-08;2748,52;2025-09-09;2025-09-21;Pago
1684;141;2025-09;659,35;2025-10-13;;Pendente
1685;141;2025-10;3160,07;2025-11-22;2025-12-02;Pago
1686;141;2025-11;1203,43;2025-12-08;2025-12-15;Pago
1687;141;2025-12;739,24;2026-01-13;;Pendente
1688;141;2026-01;3937,03;2026-02-21;2026-02-22;Pago
1689;141;2026-02;966,99;2026-03-10;2026-03-18;Pago
1690;141;2026-03;4284,38;2026-04-09;2026-04-19;Pago
1691;141;2026-04;1577,62;2026-05-11;;Pendente
1692;141;2026-05;2961,44;2026-06-15;2026-06-18;Pago
1693;142;2025-07;461,65;2025-07-22;2025-07-19;Pago
1694;142;2025-07;4383,61;2025-08-20;2025-08-24;Pago
1695;142;2025-08;560,72;2025-09-22;2025-09-19;Pago
1696;142;2025-09;931,3;2025-10-21;2025-11-05;Pago
1697;142;2025-10;741,67;2025-11-20;2025-12-02;Pago
1698;142;2025-11;1678,22;2025-12-19;2025-12-17;Pago
1699;142;2025-12;2151,45;2026-01-12;2026-01-16;Pago
1700;142;2026-01;574,12;2026-02-15;2026-02-12;Pago
1701;142;2026-02;3487,47;2026-03-12;2026-03-09;Pago
1702;142;2026-03;1730,63;2026-04-15;2026-04-27;Pago
1703;142;2026-04;2614,1;2026-05-10;2026-05-22;Pago
1704;142;2026-05;1213,35;2026-06-06;2026-06-15;Pago
1705;143;2025-07;1932,96;2025-07-16;2025-07-13;Pago
1706;143;2025-07;4284,22;2025-08-11;2025-08-14;Pago
1707;143;2025-08;840,3;2025-09-19;2025-09-18;Pago
1708;143;2025-09;643,81;2025-10-16;2025-10-20;Pago
1709;143;2025-10;1241,19;2025-11-21;2025-11-28;Pago
1710;143;2025-11;2096,66;2025-12-17;2025-12-28;Pago
1711;143;2025-12;4061,34;2026-01-21;2026-01-20;Pago
1712;143;2026-01;2356,68;2026-02-20;2026-02-27;Pago
1713;143;2026-02;4317,05;2026-03-20;2026-04-02;Pago
1714;143;2026-03;625,53;2026-04-15;2026-04-13;Pago
1715;143;2026-04;3028,03;2026-05-22;2026-05-22;Pago
1716;143;2026-05;1721,53;2026-06-10;2026-06-23;Pago
1717;144;2025-07;3829,22;2025-07-12;2025-07-18;Pago
1718;144;2025-07;4065,97;2025-08-18;2025-08-16;Pago
1719;144;2025-08;842,03;2025-09-09;2025-09-14;Pago
1720;144;2025-09;647,35;2025-10-13;2025-10-14;Pago
1721;144;2025-10;2982,86;2025-11-12;2025-11-25;Pago
1722;144;2025-11;2595,1;2025-12-18;2025-12-15;Pago
1723;144;2025-12;855,58;2026-01-13;;Pendente
1724;144;2026-01;2930,75;2026-02-10;2026-02-24;Pago
1725;144;2026-02;2650,47;2026-03-16;2026-03-31;Pago
1726;144;2026-03;2908,16;2026-04-10;2026-04-25;Pago
1727;144;2026-04;1723,53;2026-05-21;2026-05-21;Pago
1728;144;2026-05;4154,86;2026-06-10;2026-06-09;Pago
1729;145;2025-07;2393,46;2025-07-14;;Pendente
1730;145;2025-07;1740,9;2025-08-16;2025-08-23;Pago
1731;145;2025-08;517,07;2025-09-12;2025-09-25;Pago
1732;145;2025-09;3622,02;2025-10-20;2025-10-26;Pago
1733;145;2025-10;3994,94;2025-11-15;2025-11-26;Pago
1734;145;2025-11;2515,57;2025-12-09;2025-12-07;Pago
1735;145;2025-12;2420,27;2026-01-16;2026-01-26;Pago
1736;145;2026-01;2355,5;2026-02-14;2026-02-22;Pago
1737;145;2026-02;2009,11;2026-03-12;2026-03-14;Pago
1738;145;2026-03;932,6;2026-04-22;2026-04-20;Pago
1739;145;2026-04;1052,87;2026-05-16;;Pendente
1740;145;2026-05;2691,1;2026-06-21;2026-07-01;Pago
1741;146;2025-07;2472,57;2025-07-19;2025-07-23;Pago
1742;146;2025-07;2795,63;2025-08-20;;Pendente
1743;146;2025-08;2365,25;2025-09-20;2025-09-19;Pago
1744;146;2025-09;538,36;2025-10-18;2025-10-22;Pago
1745;146;2025-10;2731,8;2025-11-17;2025-11-18;Pago
1746;146;2025-11;1931,89;2025-12-16;2025-12-15;Pago
1747;146;2025-12;4355,83;2026-01-15;2026-01-21;Pago
1748;146;2026-01;628,16;2026-02-21;2026-02-25;Pago
1749;146;2026-02;3735,04;2026-03-20;2026-03-26;Pago
1750;146;2026-03;2452,19;2026-04-17;2026-04-23;Pago
1751;146;2026-04;1865,13;2026-05-17;;Pendente
1752;146;2026-05;791,1;2026-06-13;2026-06-25;Pago
1753;147;2025-07;2335,1;2025-07-20;2025-07-18;Pago
1754;147;2025-07;3703,0;2025-08-23;;Pendente
1755;147;2025-08;3490,76;2025-09-12;2025-09-20;Pago
1756;147;2025-09;2138,86;2025-10-09;2025-10-11;Pago
1757;147;2025-10;3305,8;2025-11-13;2025-11-12;Pago
1758;147;2025-11;1082,95;2025-12-23;2025-12-25;Pago
1759;147;2025-12;4458,12;2026-01-13;2026-01-26;Pago
1760;147;2026-01;1310,84;2026-02-09;2026-02-07;Pago
1761;147;2026-02;3661,22;2026-03-15;2026-03-27;Pago
1762;147;2026-03;1417,4;2026-04-18;2026-04-29;Pago
1763;147;2026-04;1206,14;2026-05-22;2026-05-22;Pago
1764;147;2026-05;4350,8;2026-06-16;2026-06-25;Pago
1765;148;2025-07;1747,7;2025-07-15;2025-07-14;Pago
1766;148;2025-07;3607,02;2025-08-22;2025-08-26;Pago
1767;148;2025-08;3606,59;2025-09-14;2025-09-17;Pago
1768;148;2025-09;1737,53;2025-10-16;2025-10-22;Pago
1769;148;2025-10;1759,73;2025-11-12;2025-11-14;Pago
1770;148;2025-11;2631,29;2025-12-23;2025-12-20;Pago
1771;148;2025-12;969,8;2026-01-10;2026-01-13;Pago
1772;148;2026-01;2010,3;2026-02-11;2026-02-12;Pago
1773;148;2026-02;2883,79;2026-03-18;2026-03-26;Pago
1774;148;2026-03;1261,29;2026-04-21;2026-05-02;Pago
1775;148;2026-04;2184,04;2026-05-22;2026-06-02;Pago
1776;148;2026-05;3217,57;2026-06-16;2026-06-25;Pago
1777;149;2025-07;3856,97;2025-07-19;;Pendente
1778;149;2025-07;2730,23;2025-08-18;;Pendente
1779;149;2025-08;3185,74;2025-09-11;2025-09-21;Pago
1780;149;2025-09;3768,68;2025-10-15;2025-10-30;Pago
1781;149;2025-10;3637,02;2025-11-17;2025-11-16;Pago
1782;149;2025-11;3939,38;2025-12-18;;Pendente
1783;149;2025-12;550,33;2026-01-08;2026-01-19;Pago
1784;149;2026-01;2900,57;2026-02-17;2026-02-14;Pago
1785;149;2026-02;1097,84;2026-03-22;2026-04-03;Pago
1786;149;2026-03;2426,55;2026-04-21;2026-05-01;Pago
1787;149;2026-04;3290,22;2026-05-09;2026-05-15;Pago
1788;149;2026-05;4492,83;2026-06-15;2026-06-13;Pago
1789;150;2025-07;4266,27;2025-07-24;;Pendente
1790;150;2025-07;2250,6;2025-08-13;2025-08-17;Pago
1791;150;2025-08;1479,83;2025-09-24;2025-10-05;Pago
1792;150;2025-09;3132,91;2025-10-21;2025-10-30;Pago
1793;150;2025-10;1409,28;2025-11-09;2025-11-08;Pago
1794;150;2025-11;1433,67;2025-12-08;;Pendente
1795;150;2025-12;3438,19;2026-01-16;2026-01-27;Pago
1796;150;2026-01;917,48;2026-02-16;2026-02-24;Pago
1797;150;2026-02;700,87;2026-03-23;2026-04-04;Pago
1798;150;2026-03;3580,03;2026-04-18;;Pendente
1799;150;2026-04;2593,88;2026-05-08;2026-05-17;Pago
1800;150;2026-05;3454,6;2026-06-18;;Pendente
1801;151;2025-07;3909,0;2025-07-15;2025-07-29;Pago
1802;151;2025-07;3188,09;2025-08-12;2025-08-17;Pago
1803;151;2025-08;803,89;2025-09-16;2025-10-01;Pago
1804;151;2025-09;4409,61;2025-10-17;2025-10-20;Pago
1805;151;2025-10;841,9;2025-11-15;2025-11-16;Pago
1806;151;2025-11;2458,74;2025-12-11;;Pendente
1807;151;2025-12;1744,67;2026-01-20;2026-01-20;Pago
1808;151;2026-01;4267,19;2026-02-11;2026-02-10;Pago
1809;151;2026-02;4262,33;2026-03-23;2026-04-07;Pago
1810;151;2026-03;4233,03;2026-04-13;2026-04-28;Pago
1811;151;2026-04;2973,09;2026-05-20;2026-05-17;Pago
1812;151;2026-05;2438,2;2026-06-08;2026-06-06;Pago
1813;152;2025-07;3783,34;2025-07-24;2025-07-27;Pago
1814;152;2025-07;485,75;2025-08-11;2025-08-26;Pago
1815;152;2025-08;1206,79;2025-09-21;2025-09-22;Pago
1816;152;2025-09;3235,65;2025-10-21;2025-10-30;Pago
1817;152;2025-10;4242,45;2025-11-11;2025-11-09;Pago
1818;152;2025-11;4113,55;2025-12-10;2025-12-20;Pago
1819;152;2025-12;1203,52;2026-01-13;2026-01-19;Pago
1820;152;2026-01;2620,67;2026-02-18;2026-02-22;Pago
1821;152;2026-02;1565,51;2026-03-23;2026-03-25;Pago
1822;152;2026-03;4165,33;2026-04-12;2026-04-13;Pago
1823;152;2026-04;4490,34;2026-05-21;;Pendente
1824;152;2026-05;1423,83;2026-06-18;2026-06-15;Pago
1825;153;2025-07;2606,74;2025-07-15;2025-07-14;Pago
1826;153;2025-07;3184,41;2025-08-23;2025-08-25;Pago
1827;153;2025-08;1198,77;2025-09-09;2025-09-19;Pago
1828;153;2025-09;4287,55;2025-10-13;2025-10-12;Pago
1829;153;2025-10;4014,94;2025-11-17;2025-11-28;Pago
1830;153;2025-11;3715,46;2025-12-20;2025-12-28;Pago
1831;153;2025-12;4204,14;2026-01-13;;Pendente
1832;153;2026-01;1767,47;2026-02-16;2026-02-18;Pago
1833;153;2026-02;4353,91;2026-03-17;2026-04-01;Pago
1834;153;2026-03;967,47;2026-04-07;2026-04-11;Pago
1835;153;2026-04;2751,47;2026-05-21;2026-05-31;Pago
1836;153;2026-05;1361,28;2026-06-13;2026-06-13;Pago
1837;154;2025-07;3027,93;2025-07-24;2025-08-04;Pago
1838;154;2025-07;2954,81;2025-08-15;2025-08-21;Pago
1839;154;2025-08;3631,61;2025-09-23;2025-09-24;Pago
1840;154;2025-09;2066,42;2025-10-11;;Pendente
1841;154;2025-10;2345,1;2025-11-15;2025-11-15;Pago
1842;154;2025-11;4495,21;2025-12-10;;Pendente
1843;154;2025-12;2184,34;2026-01-12;2026-01-14;Pago
1844;154;2026-01;2264,67;2026-02-08;2026-02-11;Pago
1845;154;2026-02;3166,05;2026-03-20;2026-03-31;Pago
1846;154;2026-03;2865,76;2026-04-20;2026-04-30;Pago
1847;154;2026-04;3815,16;2026-05-20;2026-05-19;Pago
1848;154;2026-05;4199,09;2026-06-14;2026-06-18;Pago
1849;155;2025-07;1053,88;2025-07-16;2025-07-22;Pago
1850;155;2025-07;3347,88;2025-08-16;2025-08-23;Pago
1851;155;2025-08;4082,52;2025-09-12;2025-09-23;Pago
1852;155;2025-09;3944,45;2025-10-10;2025-10-09;Pago
1853;155;2025-10;3836,24;2025-11-16;2025-11-30;Pago
1854;155;2025-11;833,17;2025-12-13;2025-12-16;Pago
1855;155;2025-12;1324,12;2026-01-20;2026-02-02;Pago
1856;155;2026-01;4275,2;2026-02-10;2026-02-12;Pago
1857;155;2026-02;1851,61;2026-03-20;2026-03-17;Pago
1858;155;2026-03;2548,54;2026-04-14;;Pendente
1859;155;2026-04;2991,66;2026-05-08;2026-05-15;Pago
1860;155;2026-05;1393,41;2026-06-09;2026-06-23;Pago
1861;156;2025-07;1591,04;2025-07-13;2025-07-15;Pago
1862;156;2025-07;2948,12;2025-08-14;2025-08-28;Pago
1863;156;2025-08;1912,63;2025-09-13;;Pendente
1864;156;2025-09;1844,95;2025-10-24;2025-11-05;Pago
1865;156;2025-10;3600,85;2025-11-16;2025-11-21;Pago
1866;156;2025-11;3324,54;2025-12-19;;Pendente
1867;156;2025-12;3303,72;2026-01-07;2026-01-20;Pago
1868;156;2026-01;2194,11;2026-02-15;2026-02-26;Pago
1869;156;2026-02;901,74;2026-03-12;;Pendente
1870;156;2026-03;2978,25;2026-04-21;2026-05-04;Pago
1871;156;2026-04;1260,86;2026-05-08;2026-05-07;Pago
1872;156;2026-05;2168,78;2026-06-21;2026-06-28;Pago
1873;157;2025-07;1430,42;2025-07-14;2025-07-25;Pago
1874;157;2025-07;3834,94;2025-08-16;2025-08-20;Pago
1875;157;2025-08;2663,47;2025-09-20;2025-09-23;Pago
1876;157;2025-09;3419,49;2025-10-20;2025-11-03;Pago
1877;157;2025-10;2620,15;2025-11-10;;Pendente
1878;157;2025-11;3844,77;2025-12-16;2025-12-13;Pago
1879;157;2025-12;1555,35;2026-01-09;2026-01-23;Pago
1880;157;2026-01;1474,16;2026-02-07;2026-02-20;Pago
1881;157;2026-02;1814,84;2026-03-18;2026-03-25;Pago
1882;157;2026-03;2412,21;2026-04-15;;Pendente
1883;157;2026-04;1898,99;2026-05-20;2026-05-17;Pago
1884;157;2026-05;4296,94;2026-06-08;2026-06-14;Pago
1885;158;2025-07;1123,53;2025-07-19;2025-08-01;Pago
1886;158;2025-07;670,07;2025-08-21;2025-09-02;Pago
1887;158;2025-08;4469,76;2025-09-24;2025-10-05;Pago
1888;158;2025-09;664,25;2025-10-24;2025-10-26;Pago
1889;158;2025-10;553,99;2025-11-18;2025-11-28;Pago
1890;158;2025-11;4053,23;2025-12-08;2025-12-10;Pago
1891;158;2025-12;991,95;2026-01-10;2026-01-07;Pago
1892;158;2026-01;587,58;2026-02-08;2026-02-16;Pago
1893;158;2026-02;3770,2;2026-03-10;2026-03-25;Pago
1894;158;2026-03;2516,54;2026-04-08;2026-04-20;Pago
1895;158;2026-04;3612,0;2026-05-17;2026-05-24;Pago
1896;158;2026-05;1998,57;2026-06-17;2026-07-02;Pago
1897;159;2025-07;900,28;2025-07-17;2025-07-19;Pago
1898;159;2025-07;1907,96;2025-08-23;2025-08-23;Pago
1899;159;2025-08;3260,66;2025-09-20;2025-09-27;Pago
1900;159;2025-09;2007,29;2025-10-23;2025-10-23;Pago
1901;159;2025-10;2183,27;2025-11-23;;Pendente
1902;159;2025-11;3485,1;2025-12-12;2025-12-27;Pago
1903;159;2025-12;2929,32;2026-01-17;2026-01-30;Pago
1904;159;2026-01;2486,5;2026-02-13;2026-02-13;Pago
1905;159;2026-02;1786,45;2026-03-11;2026-03-26;Pago
1906;159;2026-03;2983,16;2026-04-15;2026-04-28;Pago
1907;159;2026-04;2547,55;2026-05-08;2026-05-23;Pago
1908;159;2026-05;3022,14;2026-06-12;2026-06-26;Pago
1909;160;2025-07;3745,31;2025-07-14;2025-07-19;Pago
1910;160;2025-07;1344,82;2025-08-25;2025-09-05;Pago
1911;160;2025-08;1957,52;2025-09-13;2025-09-10;Pago
1912;160;2025-09;2298,41;2025-10-22;2025-10-20;Pago
1913;160;2025-10;1177,62;2025-11-09;2025-11-10;Pago
1914;160;2025-11;2029,47;2025-12-22;2025-12-23;Pago
1915;160;2025-12;2495,47;2026-01-15;2026-01-12;Pago
1916;160;2026-01;2737,25;2026-02-09;2026-02-09;Pago
1917;160;2026-02;3677,55;2026-03-19;2026-03-29;Pago
1918;160;2026-03;3813,27;2026-04-09;2026-04-12;Pago
1919;160;2026-04;2925,44;2026-05-18;2026-05-19;Pago
1920;160;2026-05;4356,48;2026-06-18;2026-06-25;Pago
1921;161;2025-07;3942,06;2025-07-11;;Pendente
1922;161;2025-07;1062,6;2025-08-21;2025-08-19;Pago
1923;161;2025-08;3054,5;2025-09-17;2025-09-18;Pago
1924;161;2025-09;4303,34;2025-10-15;2025-10-27;Pago
1925;161;2025-10;666,72;2025-11-08;2025-11-11;Pago
1926;161;2025-11;671,06;2025-12-13;;Pendente
1927;161;2025-12;937,8;2026-01-19;2026-02-03;Pago
1928;161;2026-01;1866,22;2026-02-09;2026-02-17;Pago
1929;161;2026-02;2920,39;2026-03-16;2026-03-29;Pago
1930;161;2026-03;2455,18;2026-04-21;;Pendente
1931;161;2026-04;3611,01;2026-05-08;;Pendente
1932;161;2026-05;4122,69;2026-06-17;;Pendente
1933;162;2025-07;504,98;2025-07-25;2025-08-08;Pago
1934;162;2025-07;575,65;2025-08-22;2025-09-05;Pago
1935;162;2025-08;4489,44;2025-09-24;2025-09-24;Pago
1936;162;2025-09;1692,28;2025-10-09;2025-10-20;Pago
1937;162;2025-10;713,17;2025-11-20;2025-11-29;Pago
1938;162;2025-11;824,5;2025-12-18;2025-12-27;Pago
1939;162;2025-12;500,25;2026-01-08;2026-01-17;Pago
1940;162;2026-01;1748,0;2026-02-18;2026-03-01;Pago
1941;162;2026-02;460,47;2026-03-19;2026-03-18;Pago
1942;162;2026-03;760,15;2026-04-18;2026-04-19;Pago
1943;162;2026-04;1183,16;2026-05-17;2026-05-21;Pago
1944;162;2026-05;4406,17;2026-06-19;2026-06-29;Pago
1945;163;2025-07;1935,49;2025-07-13;;Pendente
1946;163;2025-07;3212,77;2025-08-19;2025-08-21;Pago
1947;163;2025-08;4229,78;2025-09-19;2025-10-01;Pago
1948;163;2025-09;1435,88;2025-10-22;;Pendente
1949;163;2025-10;2098,93;2025-11-18;2025-12-01;Pago
1950;163;2025-11;4494,67;2025-12-12;2025-12-14;Pago
1951;163;2025-12;4309,15;2026-01-14;;Pendente
1952;163;2026-01;2557,43;2026-02-14;2026-02-20;Pago
1953;163;2026-02;3532,7;2026-03-11;;Pendente
1954;163;2026-03;2658,1;2026-04-09;2026-04-24;Pago
1955;163;2026-04;1532,81;2026-05-09;2026-05-11;Pago
1956;163;2026-05;4323,8;2026-06-17;2026-07-02;Pago
1957;164;2025-07;2570,14;2025-07-17;2025-07-20;Pago
1958;164;2025-07;1158,58;2025-08-13;2025-08-27;Pago
1959;164;2025-08;4189,13;2025-09-15;;Pendente
1960;164;2025-09;1017,05;2025-10-21;2025-11-01;Pago
1961;164;2025-10;2844,65;2025-11-11;2025-11-21;Pago
1962;164;2025-11;2479,85;2025-12-15;2025-12-19;Pago
1963;164;2025-12;1288,08;2026-01-09;2026-01-18;Pago
1964;164;2026-01;2090,7;2026-02-21;2026-03-08;Pago
1965;164;2026-02;3331,2;2026-03-17;2026-03-20;Pago
1966;164;2026-03;1369,0;2026-04-07;;Pendente
1967;164;2026-04;2914,43;2026-05-20;2026-05-23;Pago
1968;164;2026-05;3141,74;2026-06-08;2026-06-07;Pago
1969;165;2025-07;2629,46;2025-07-23;2025-08-04;Pago
1970;165;2025-07;494,29;2025-08-12;2025-08-24;Pago
1971;165;2025-08;1450,72;2025-09-09;2025-09-08;Pago
1972;165;2025-09;1011,88;2025-10-15;2025-10-26;Pago
1973;165;2025-10;865,23;2025-11-10;2025-11-21;Pago
1974;165;2025-11;2916,85;2025-12-21;;Pendente
1975;165;2025-12;1956,09;2026-01-19;2026-01-18;Pago
1976;165;2026-01;813,66;2026-02-19;;Pendente
1977;165;2026-02;2726,08;2026-03-15;2026-03-30;Pago
1978;165;2026-03;4353,85;2026-04-09;2026-04-08;Pago
1979;165;2026-04;1970,35;2026-05-13;2026-05-24;Pago
1980;165;2026-05;1417,41;2026-06-14;2026-06-27;Pago
1981;166;2025-07;4178,49;2025-07-14;2025-07-25;Pago
1982;166;2025-07;3046,11;2025-08-22;2025-08-31;Pago
1983;166;2025-08;4441,08;2025-09-20;2025-09-28;Pago
1984;166;2025-09;2568,63;2025-10-21;2025-10-28;Pago
1985;166;2025-10;2904,38;2025-11-20;2025-11-17;Pago
1986;166;2025-11;1543,63;2025-12-11;2025-12-23;Pago
1987;166;2025-12;2647,35;2026-01-11;;Pendente
1988;166;2026-01;1281,3;2026-02-19;2026-02-18;Pago
1989;166;2026-02;1234,16;2026-03-20;;Pendente
1990;166;2026-03;3909,57;2026-04-11;2026-04-10;Pago
1991;166;2026-04;4309,85;2026-05-17;2026-05-16;Pago
1992;166;2026-05;3741,36;2026-06-18;2026-06-16;Pago
1993;167;2025-07;3507,6;2025-07-18;2025-07-27;Pago
1994;167;2025-07;4075,73;2025-08-24;2025-08-23;Pago
1995;167;2025-08;2471,38;2025-09-12;2025-09-14;Pago
1996;167;2025-09;3924,95;2025-10-22;2025-10-25;Pago
1997;167;2025-10;1876,47;2025-11-23;2025-11-29;Pago
1998;167;2025-11;1105,35;2025-12-12;2025-12-11;Pago
1999;167;2025-12;2596,87;2026-01-16;2026-01-31;Pago
2000;167;2026-01;1874,42;2026-02-09;2026-02-21;Pago
2001;167;2026-02;4122,18;2026-03-17;;Pendente
2002;167;2026-03;618,86;2026-04-16;2026-04-21;Pago
2003;167;2026-04;516,0;2026-05-09;2026-05-18;Pago
2004;167;2026-05;543,95;2026-06-20;2026-06-17;Pago
2005;168;2025-07;2605,8;2025-07-23;2025-08-05;Pago
2006;168;2025-07;3404,63;2025-08-24;2025-09-08;Pago
2007;168;2025-08;2283,88;2025-09-18;2025-09-16;Pago
2008;168;2025-09;513,65;2025-10-24;2025-10-26;Pago
2009;168;2025-10;2839,32;2025-11-17;2025-11-27;Pago
2010;168;2025-11;3618,39;2025-12-16;;Pendente
2011;168;2025-12;3448,28;2026-01-20;2026-01-20;Pago
2012;168;2026-01;3400,79;2026-02-13;2026-02-27;Pago
2013;168;2026-02;621,49;2026-03-10;2026-03-23;Pago
2014;168;2026-03;2496,32;2026-04-13;2026-04-21;Pago
2015;168;2026-04;1346,79;2026-05-09;2026-05-06;Pago
2016;168;2026-05;1909,99;2026-06-19;2026-06-28;Pago
2017;169;2025-07;3913,6;2025-07-11;2025-07-19;Pago
2018;169;2025-07;3748,55;2025-08-18;2025-08-15;Pago
2019;169;2025-08;1842,61;2025-09-14;2025-09-12;Pago
2020;169;2025-09;1131,18;2025-10-09;2025-10-24;Pago
2021;169;2025-10;4417,18;2025-11-16;2025-11-26;Pago
2022;169;2025-11;730,87;2025-12-13;2025-12-16;Pago
2023;169;2025-12;2014,51;2026-01-13;2026-01-16;Pago
2024;169;2026-01;1082,15;2026-02-06;2026-02-03;Pago
2025;169;2026-02;2109,09;2026-03-12;2026-03-17;Pago
2026;169;2026-03;3229,75;2026-04-10;2026-04-22;Pago
2027;169;2026-04;1931,28;2026-05-10;2026-05-08;Pago
2028;169;2026-05;680,91;2026-06-20;2026-06-21;Pago
2029;170;2025-07;1084,14;2025-07-17;2025-07-19;Pago
2030;170;2025-07;1180,82;2025-08-11;2025-08-08;Pago
2031;170;2025-08;1729,76;2025-09-15;2025-09-20;Pago
2032;170;2025-09;950,79;2025-10-12;2025-10-26;Pago
2033;170;2025-10;2123,85;2025-11-09;2025-11-21;Pago
2034;170;2025-11;578,53;2025-12-14;2025-12-13;Pago
2035;170;2025-12;2141,8;2026-01-11;;Pendente
2036;170;2026-01;2818,07;2026-02-16;2026-02-28;Pago
2037;170;2026-02;3209,78;2026-03-11;;Pendente
2038;170;2026-03;1508,11;2026-04-13;2026-04-11;Pago
2039;170;2026-04;1484,09;2026-05-22;2026-06-01;Pago
2040;170;2026-05;4248,58;2026-06-12;2026-06-12;Pago
2041;171;2025-07;3565,53;2025-07-19;2025-07-19;Pago
2042;171;2025-07;3356,91;2025-08-14;2025-08-13;Pago
2043;171;2025-08;2915,89;2025-09-12;2025-09-21;Pago
2044;171;2025-09;2491,28;2025-10-11;;Pendente
2045;171;2025-10;814,45;2025-11-20;2025-11-30;Pago
2046;171;2025-11;2712,78;2025-12-17;2025-12-24;Pago
2047;171;2025-12;3442,35;2026-01-12;2026-01-11;Pago
2048;171;2026-01;3410,24;2026-02-20;2026-03-01;Pago
2049;171;2026-02;509,15;2026-03-21;2026-03-23;Pago
2050;171;2026-03;1863,32;2026-04-14;2026-04-16;Pago
2051;171;2026-04;3374,35;2026-05-21;2026-06-04;Pago
2052;171;2026-05;2341,57;2026-06-11;2026-06-24;Pago
2053;172;2025-07;813,83;2025-07-12;;Pendente
2054;172;2025-07;2135,92;2025-08-19;2025-08-26;Pago
2055;172;2025-08;3471,58;2025-09-10;2025-09-20;Pago
2056;172;2025-09;1592,71;2025-10-18;;Pendente
2057;172;2025-10;2618,91;2025-11-08;2025-11-22;Pago
2058;172;2025-11;4314,8;2025-12-08;2025-12-15;Pago
2059;172;2025-12;2499,4;2026-01-21;2026-01-26;Pago
2060;172;2026-01;1540,48;2026-02-14;2026-02-13;Pago
2061;172;2026-02;936,31;2026-03-18;2026-03-27;Pago
2062;172;2026-03;3255,47;2026-04-08;2026-04-21;Pago
2063;172;2026-04;1081,98;2026-05-19;2026-05-24;Pago
2064;172;2026-05;4458,89;2026-06-12;2026-06-18;Pago
2065;173;2025-07;2580,3;2025-07-26;2025-08-09;Pago
2066;173;2025-07;1729,19;2025-08-20;2025-08-31;Pago
2067;173;2025-08;775,81;2025-09-13;2025-09-25;Pago
2068;173;2025-09;874,57;2025-10-10;2025-10-13;Pago
2069;173;2025-10;3842,14;2025-11-16;2025-11-29;Pago
2070;173;2025-11;3593,06;2025-12-14;;Pendente
2071;173;2025-12;1366,47;2026-01-20;2026-01-27;Pago
2072;173;2026-01;1324,76;2026-02-06;2026-02-17;Pago
2073;173;2026-02;2767,11;2026-03-11;2026-03-23;Pago
2074;173;2026-03;2099,67;2026-04-16;2026-04-29;Pago
2075;173;2026-04;620,0;2026-05-17;;Pendente
2076;173;2026-05;1072,71;2026-06-21;2026-06-25;Pago
2077;174;2025-07;3220,17;2025-07-12;2025-07-16;Pago
2078;174;2025-07;3833,71;2025-08-14;2025-08-27;Pago
2079;174;2025-08;3164,07;2025-09-22;2025-09-26;Pago
2080;174;2025-09;2335,63;2025-10-16;2025-10-27;Pago
2081;174;2025-10;2294,91;2025-11-14;2025-11-22;Pago
2082;174;2025-11;2065,03;2025-12-16;2025-12-24;Pago
2083;174;2025-12;1817,08;2026-01-14;2026-01-13;Pago
2084;174;2026-01;1150,7;2026-02-10;2026-02-15;Pago
2085;174;2026-02;1302,56;2026-03-17;2026-03-27;Pago
2086;174;2026-03;687,25;2026-04-11;2026-04-19;Pago
2087;174;2026-04;2685,46;2026-05-15;2026-05-28;Pago
2088;174;2026-05;3302,86;2026-06-18;2026-07-03;Pago
2089;175;2025-07;2408,61;2025-07-26;2025-07-27;Pago
2090;175;2025-07;699,81;2025-08-19;2025-08-22;Pago
2091;175;2025-08;3409,89;2025-09-09;2025-09-13;Pago
2092;175;2025-09;3845,91;2025-10-14;2025-10-28;Pago
2093;175;2025-10;2433,37;2025-11-22;2025-12-04;Pago
2094;175;2025-11;595,88;2025-12-13;2025-12-21;Pago
2095;175;2025-12;1144,72;2026-01-10;2026-01-13;Pago
2096;175;2026-01;2173,51;2026-02-06;2026-02-12;Pago
2097;175;2026-02;1322,53;2026-03-22;2026-04-05;Pago
2098;175;2026-03;1352,92;2026-04-10;2026-04-22;Pago
2099;175;2026-04;726,68;2026-05-14;2026-05-12;Pago
2100;175;2026-05;3116,62;2026-06-06;2026-06-06;Pago
2101;176;2025-07;2254,06;2025-07-25;2025-07-22;Pago
2102;176;2025-07;1830,16;2025-08-14;2025-08-12;Pago
2103;176;2025-08;1960,67;2025-09-23;2025-09-26;Pago
2104;176;2025-09;4093,05;2025-10-09;;Pendente
2105;176;2025-10;663,32;2025-11-23;2025-11-27;Pago
2106;176;2025-11;1725,38;2025-12-17;2025-12-30;Pago
2107;176;2025-12;730,16;2026-01-11;;Pendente
2108;176;2026-01;904,6;2026-02-21;2026-02-28;Pago
2109;176;2026-02;3705,85;2026-03-16;;Pendente
2110;176;2026-03;4417,95;2026-04-21;;Pendente
2111;176;2026-04;4429,72;2026-05-16;2026-05-13;Pago
2112;176;2026-05;981,88;2026-06-11;2026-06-17;Pago
2113;177;2025-07;682,47;2025-07-24;2025-08-04;Pago
2114;177;2025-07;4275,08;2025-08-19;2025-08-18;Pago
2115;177;2025-08;4188,8;2025-09-11;2025-09-22;Pago
2116;177;2025-09;1064,09;2025-10-21;2025-11-01;Pago
2117;177;2025-10;1399,06;2025-11-20;2025-12-01;Pago
2118;177;2025-11;946,54;2025-12-18;2026-01-02;Pago
2119;177;2025-12;978,53;2026-01-11;2026-01-12;Pago
2120;177;2026-01;4218,06;2026-02-08;2026-02-18;Pago
2121;177;2026-02;3268,96;2026-03-13;2026-03-11;Pago
2122;177;2026-03;2126,29;2026-04-22;2026-04-29;Pago
2123;177;2026-04;3766,69;2026-05-09;2026-05-19;Pago
2124;177;2026-05;2850,88;2026-06-09;2026-06-23;Pago
2125;178;2025-07;1869,74;2025-07-23;2025-07-20;Pago
2126;178;2025-07;2792,8;2025-08-15;2025-08-26;Pago
2127;178;2025-08;1793,77;2025-09-24;2025-09-27;Pago
2128;178;2025-09;1483,12;2025-10-10;2025-10-19;Pago
2129;178;2025-10;1907,22;2025-11-23;2025-12-07;Pago
2130;178;2025-11;741,71;2025-12-11;;Pendente
2131;178;2025-12;1624,18;2026-01-22;2026-01-20;Pago
2132;178;2026-01;2916,14;2026-02-10;2026-02-21;Pago
2133;178;2026-02;3521,98;2026-03-14;2026-03-19;Pago
2134;178;2026-03;558,89;2026-04-22;2026-05-03;Pago
2135;178;2026-04;965,56;2026-05-19;2026-05-16;Pago
2136;178;2026-05;2049,49;2026-06-19;2026-06-20;Pago
2137;179;2025-07;4052,78;2025-07-22;2025-07-19;Pago
2138;179;2025-07;2475,26;2025-08-23;2025-09-02;Pago
2139;179;2025-08;4464,74;2025-09-17;2025-09-15;Pago
2140;179;2025-09;695,99;2025-10-11;;Pendente
2141;179;2025-10;1689,98;2025-11-19;2025-12-02;Pago
2142;179;2025-11;704,55;2025-12-13;2025-12-10;Pago
2143;179;2025-12;2987,1;2026-01-13;2026-01-19;Pago
2144;179;2026-01;1822,74;2026-02-10;2026-02-21;Pago
2145;179;2026-02;1860,18;2026-03-12;2026-03-16;Pago
2146;179;2026-03;3292,14;2026-04-16;;Pendente
2147;179;2026-04;466,68;2026-05-16;2026-05-27;Pago
2148;179;2026-05;3488,25;2026-06-09;2026-06-17;Pago
2149;180;2025-07;1953,17;2025-07-25;2025-07-30;Pago
2150;180;2025-07;1737,54;2025-08-10;2025-08-12;Pago
2151;180;2025-08;4185,63;2025-09-15;2025-09-27;Pago
2152;180;2025-09;669,14;2025-10-16;2025-10-15;Pago
2153;180;2025-10;3311,52;2025-11-23;2025-11-28;Pago
2154;180;2025-11;4077,78;2025-12-15;;Pendente
2155;180;2025-12;1762,78;2026-01-16;2026-01-17;Pago
2156;180;2026-01;2921,29;2026-02-14;2026-02-25;Pago
2157;180;2026-02;452,0;2026-03-14;2026-03-26;Pago
2158;180;2026-03;2304,15;2026-04-15;2026-04-22;Pago
2159;180;2026-04;4191,01;2026-05-13;2026-05-15;Pago
2160;180;2026-05;1740,55;2026-06-11;2026-06-10;Pago
2161;181;2025-07;3853,42;2025-07-14;2025-07-16;Pago
2162;181;2025-07;1300,15;2025-08-12;2025-08-24;Pago
2163;181;2025-08;1432,84;2025-09-12;2025-09-16;Pago
2164;181;2025-09;1560,74;2025-10-22;2025-11-01;Pago
2165;181;2025-10;649,78;2025-11-22;2025-11-30;Pago
2166;181;2025-11;2176,71;2025-12-15;2025-12-14;Pago
2167;181;2025-12;4370,96;2026-01-14;2026-01-29;Pago
2168;181;2026-01;3952,17;2026-02-15;2026-02-24;Pago
2169;181;2026-02;1128,3;2026-03-13;2026-03-16;Pago
2170;181;2026-03;3075,55;2026-04-19;2026-04-16;Pago
2171;181;2026-04;1966,61;2026-05-14;2026-05-14;Pago
2172;181;2026-05;509,55;2026-06-21;2026-06-26;Pago
2173;182;2025-07;3724,18;2025-07-22;;Pendente
2174;182;2025-07;2697,02;2025-08-17;2025-08-18;Pago
2175;182;2025-08;3998,96;2025-09-22;2025-09-25;Pago
2176;182;2025-09;2520,82;2025-10-14;2025-10-27;Pago
2177;182;2025-10;1069,37;2025-11-17;2025-12-02;Pago
2178;182;2025-11;1488,89;2025-12-11;;Pendente
2179;182;2025-12;1018,25;2026-01-17;2026-01-23;Pago
2180;182;2026-01;1637,57;2026-02-10;;Pendente
2181;182;2026-02;1557,61;2026-03-20;2026-03-31;Pago
2182;182;2026-03;3306,5;2026-04-21;2026-04-29;Pago
2183;182;2026-04;4478,16;2026-05-17;2026-05-14;Pago
2184;182;2026-05;2668,36;2026-06-13;2026-06-23;Pago
2185;183;2025-07;585,82;2025-07-13;2025-07-21;Pago
2186;183;2025-07;3087,08;2025-08-17;2025-08-14;Pago
2187;183;2025-08;2078,14;2025-09-14;2025-09-16;Pago
2188;183;2025-09;1793,83;2025-10-09;2025-10-22;Pago
2189;183;2025-10;2146,28;2025-11-16;2025-11-13;Pago
2190;183;2025-11;2595,56;2025-12-16;2025-12-27;Pago
2191;183;2025-12;720,91;2026-01-09;;Pendente
2192;183;2026-01;3758,5;2026-02-08;2026-02-14;Pago
2193;183;2026-02;3442,86;2026-03-21;2026-03-24;Pago
2194;183;2026-03;4064,41;2026-04-20;2026-04-18;Pago
2195;183;2026-04;4113,91;2026-05-14;2026-05-19;Pago
2196;183;2026-05;1136,76;2026-06-06;2026-06-06;Pago
2197;184;2025-07;3373,02;2025-07-18;2025-07-17;Pago
2198;184;2025-07;3950,37;2025-08-18;;Pendente
2199;184;2025-08;524,87;2025-09-19;2025-10-01;Pago
2200;184;2025-09;4155,82;2025-10-18;2025-10-23;Pago
2201;184;2025-10;3900,25;2025-11-16;2025-11-19;Pago
2202;184;2025-11;4475,5;2025-12-23;2026-01-07;Pago
2203;184;2025-12;1059,68;2026-01-08;2026-01-18;Pago
2204;184;2026-01;3498,4;2026-02-11;2026-02-21;Pago
2205;184;2026-02;866,01;2026-03-22;;Pendente
2206;184;2026-03;2118,64;2026-04-10;2026-04-13;Pago
2207;184;2026-04;1514,12;2026-05-10;2026-05-16;Pago
2208;184;2026-05;487,91;2026-06-19;2026-06-23;Pago
2209;185;2025-07;1114,97;2025-07-11;2025-07-25;Pago
2210;185;2025-07;795,53;2025-08-11;2025-08-23;Pago
2211;185;2025-08;2395,05;2025-09-24;2025-09-26;Pago
2212;185;2025-09;2935,39;2025-10-18;2025-11-01;Pago
2213;185;2025-10;1474,61;2025-11-09;2025-11-06;Pago
2214;185;2025-11;508,41;2025-12-22;2025-12-23;Pago
2215;185;2025-12;2040,62;2026-01-12;2026-01-16;Pago
2216;185;2026-01;2525,53;2026-02-16;;Pendente
2217;185;2026-02;1742,57;2026-03-11;2026-03-15;Pago
2218;185;2026-03;2896,66;2026-04-19;2026-04-19;Pago
2219;185;2026-04;2018,8;2026-05-21;2026-06-04;Pago
2220;185;2026-05;3609,99;2026-06-13;;Pendente
2221;186;2025-07;751,28;2025-07-26;2025-08-05;Pago
2222;186;2025-07;3442,07;2025-08-10;;Pendente
2223;186;2025-08;3437,31;2025-09-16;2025-09-19;Pago
2224;186;2025-09;520,79;2025-10-19;2025-10-16;Pago
2225;186;2025-10;4321,78;2025-11-20;2025-11-28;Pago
2226;186;2025-11;1715,44;2025-12-16;2025-12-14;Pago
2227;186;2025-12;687,89;2026-01-08;;Pendente
2228;186;2026-01;2015,92;2026-02-19;2026-02-22;Pago
2229;186;2026-02;3155,45;2026-03-14;2026-03-14;Pago
2230;186;2026-03;3885,52;2026-04-17;2026-04-14;Pago
2231;186;2026-04;4457,52;2026-05-22;2026-05-26;Pago
2232;186;2026-05;4323,1;2026-06-14;2026-06-21;Pago
2233;187;2025-07;1070,93;2025-07-24;2025-07-28;Pago
2234;187;2025-07;3877,68;2025-08-11;2025-08-11;Pago
2235;187;2025-08;1690,73;2025-09-13;2025-09-18;Pago
2236;187;2025-09;4139,86;2025-10-14;2025-10-27;Pago
2237;187;2025-10;3190,85;2025-11-08;2025-11-16;Pago
2238;187;2025-11;3888,47;2025-12-20;2025-12-23;Pago
2239;187;2025-12;1175,13;2026-01-08;2026-01-09;Pago
2240;187;2026-01;2545,31;2026-02-08;2026-02-23;Pago
2241;187;2026-02;3725,25;2026-03-18;2026-03-16;Pago
2242;187;2026-03;3997,42;2026-04-14;2026-04-24;Pago
2243;187;2026-04;4075,11;2026-05-21;2026-05-20;Pago
2244;187;2026-05;4069,13;2026-06-17;2026-06-17;Pago
2245;188;2025-07;3206,86;2025-07-13;2025-07-11;Pago
2246;188;2025-07;3474,52;2025-08-20;2025-09-01;Pago
2247;188;2025-08;3953,9;2025-09-14;2025-09-23;Pago
2248;188;2025-09;1171,97;2025-10-17;2025-10-18;Pago
2249;188;2025-10;949,54;2025-11-22;2025-12-01;Pago
2250;188;2025-11;2007,8;2025-12-17;2025-12-28;Pago
2251;188;2025-12;1210,19;2026-01-18;2026-01-17;Pago
2252;188;2026-01;3728,83;2026-02-12;2026-02-24;Pago
2253;188;2026-02;2936,37;2026-03-09;2026-03-13;Pago
2254;188;2026-03;1715,28;2026-04-12;2026-04-23;Pago
2255;188;2026-04;4068,11;2026-05-08;2026-05-08;Pago
2256;188;2026-05;2256,98;2026-06-16;2026-06-17;Pago
2257;189;2025-07;1228,76;2025-07-19;2025-07-26;Pago
2258;189;2025-07;3917,73;2025-08-10;2025-08-13;Pago
2259;189;2025-08;1838,26;2025-09-16;2025-09-23;Pago
2260;189;2025-09;744,04;2025-10-17;2025-10-30;Pago
2261;189;2025-10;1781,9;2025-11-08;2025-11-19;Pago
2262;189;2025-11;2993,74;2025-12-11;2025-12-22;Pago
2263;189;2025-12;762,79;2026-01-10;2026-01-07;Pago
2264;189;2026-01;1075,87;2026-02-13;2026-02-26;Pago
2265;189;2026-02;3742,51;2026-03-12;;Pendente
2266;189;2026-03;2402,39;2026-04-07;2026-04-16;Pago
2267;189;2026-04;3304,98;2026-05-14;2026-05-13;Pago
2268;189;2026-05;3380,21;2026-06-18;2026-07-01;Pago
2269;190;2025-07;3107,44;2025-07-13;2025-07-10;Pago
2270;190;2025-07;512,31;2025-08-20;2025-08-22;Pago
2271;190;2025-08;2320,67;2025-09-16;;Pendente
2272;190;2025-09;3948,61;2025-10-12;2025-10-09;Pago
2273;190;2025-10;1570,56;2025-11-23;2025-12-01;Pago
2274;190;2025-11;4423,66;2025-12-12;2025-12-13;Pago
2275;190;2025-12;4365,76;2026-01-14;2026-01-13;Pago
2276;190;2026-01;2741,35;2026-02-20;2026-03-06;Pago
2277;190;2026-02;4477,87;2026-03-16;2026-03-29;Pago
2278;190;2026-03;4141,48;2026-04-07;2026-04-06;Pago
2279;190;2026-04;3216,13;2026-05-20;2026-05-19;Pago
2280;190;2026-05;744,11;2026-06-14;2026-06-27;Pago
2281;191;2025-07;3135,25;2025-07-26;2025-08-06;Pago
2282;191;2025-07;2307,3;2025-08-17;2025-08-31;Pago
2283;191;2025-08;2003,46;2025-09-18;2025-09-30;Pago
2284;191;2025-09;1522,36;2025-10-15;2025-10-26;Pago
2285;191;2025-10;3039,71;2025-11-19;2025-11-25;Pago
2286;191;2025-11;4497,01;2025-12-08;2025-12-20;Pago
2287;191;2025-12;890,34;2026-01-14;2026-01-23;Pago
2288;191;2026-01;1889,08;2026-02-09;2026-02-14;Pago
2289;191;2026-02;3633,91;2026-03-09;2026-03-08;Pago
2290;191;2026-03;1924,48;2026-04-15;2026-04-30;Pago
2291;191;2026-04;3987,48;2026-05-14;2026-05-14;Pago
2292;191;2026-05;1282,08;2026-06-19;2026-06-18;Pago
2293;192;2025-07;3562,07;2025-07-21;2025-07-24;Pago
2294;192;2025-07;3636,69;2025-08-23;2025-08-25;Pago
2295;192;2025-08;3935,63;2025-09-17;2025-09-28;Pago
2296;192;2025-09;1092,95;2025-10-11;2025-10-20;Pago
2297;192;2025-10;1907,64;2025-11-16;2025-11-24;Pago
2298;192;2025-11;2928,19;2025-12-18;2025-12-31;Pago
2299;192;2025-12;1804,83;2026-01-07;2026-01-08;Pago
2300;192;2026-01;1603,85;2026-02-15;2026-02-21;Pago
2301;192;2026-02;3190,19;2026-03-20;2026-03-28;Pago
2302;192;2026-03;3332,93;2026-04-16;;Pendente
2303;192;2026-04;1108,25;2026-05-20;2026-05-18;Pago
2304;192;2026-05;4423,67;2026-06-15;;Pendente
2305;193;2025-07;1247,59;2025-07-15;2025-07-21;Pago
2306;193;2025-07;652,54;2025-08-17;2025-08-17;Pago
2307;193;2025-08;1023,0;2025-09-10;2025-09-11;Pago
2308;193;2025-09;2506,13;2025-10-23;2025-10-31;Pago
2309;193;2025-10;1513,63;2025-11-22;;Pendente
2310;193;2025-11;4422,53;2025-12-10;2025-12-12;Pago
2311;193;2025-12;498,3;2026-01-07;2026-01-12;Pago
2312;193;2026-01;2152,37;2026-02-14;;Pendente
2313;193;2026-02;559,9;2026-03-13;2026-03-28;Pago
2314;193;2026-03;2242,6;2026-04-15;2026-04-19;Pago
2315;193;2026-04;2043,1;2026-05-15;2026-05-21;Pago
2316;193;2026-05;1358,1;2026-06-10;2026-06-07;Pago
2317;194;2025-07;1599,32;2025-07-19;;Pendente
2318;194;2025-07;593,2;2025-08-18;2025-08-29;Pago
2319;194;2025-08;658,96;2025-09-19;2025-09-22;Pago
2320;194;2025-09;3295,24;2025-10-22;2025-10-28;Pago
2321;194;2025-10;475,78;2025-11-12;2025-11-25;Pago
2322;194;2025-11;861,49;2025-12-08;;Pendente
2323;194;2025-12;2040,79;2026-01-10;2026-01-22;Pago
2324;194;2026-01;2489,31;2026-02-16;2026-02-19;Pago
2325;194;2026-02;3241,63;2026-03-10;2026-03-21;Pago
2326;194;2026-03;725,49;2026-04-17;2026-04-17;Pago
2327;194;2026-04;3372,39;2026-05-15;;Pendente
2328;194;2026-05;2711,25;2026-06-12;2026-06-16;Pago
2329;195;2025-07;2357,33;2025-07-17;2025-07-23;Pago
2330;195;2025-07;1234,84;2025-08-23;2025-08-24;Pago
2331;195;2025-08;4382,63;2025-09-23;2025-09-28;Pago
2332;195;2025-09;801,56;2025-10-24;2025-10-23;Pago
2333;195;2025-10;4270,48;2025-11-19;2025-11-25;Pago
2334;195;2025-11;1630,11;2025-12-11;2025-12-24;Pago
2335;195;2025-12;4387,6;2026-01-17;2026-01-17;Pago
2336;195;2026-01;2813,81;2026-02-06;2026-02-08;Pago
2337;195;2026-02;3533,32;2026-03-22;2026-03-29;Pago
2338;195;2026-03;1832,95;2026-04-13;;Pendente
2339;195;2026-04;2497,36;2026-05-13;2026-05-17;Pago
2340;195;2026-05;1199,06;2026-06-21;2026-06-21;Pago
2341;196;2025-07;1303,82;2025-07-11;2025-07-08;Pago
2342;196;2025-07;1375,68;2025-08-20;2025-08-24;Pago
2343;196;2025-08;583,5;2025-09-11;2025-09-08;Pago
2344;196;2025-09;2725,53;2025-10-09;2025-10-20;Pago
2345;196;2025-10;735,43;2025-11-14;2025-11-23;Pago
2346;196;2025-11;4117,19;2025-12-23;2026-01-04;Pago
2347;196;2025-12;2523,62;2026-01-08;2026-01-20;Pago
2348;196;2026-01;640,43;2026-02-08;;Pendente
2349;196;2026-02;1818,59;2026-03-20;2026-03-19;Pago
2350;196;2026-03;971,36;2026-04-15;2026-04-17;Pago
2351;196;2026-04;767,69;2026-05-07;2026-05-08;Pago
2352;196;2026-05;541,66;2026-06-20;2026-07-05;Pago
2353;197;2025-07;759,64;2025-07-23;2025-08-07;Pago
2354;197;2025-07;1868,3;2025-08-24;2025-08-27;Pago
2355;197;2025-08;597,09;2025-09-12;;Pendente
2356;197;2025-09;758,94;2025-10-19;2025-10-29;Pago
2357;197;2025-10;4061,3;2025-11-23;2025-12-05;Pago
2358;197;2025-11;3627,14;2025-12-20;2026-01-03;Pago
2359;197;2025-12;2664,46;2026-01-12;2026-01-20;Pago
2360;197;2026-01;2707,04;2026-02-17;2026-03-01;Pago
2361;197;2026-02;1172,77;2026-03-23;2026-04-07;Pago
2362;197;2026-03;1843,0;2026-04-10;2026-04-09;Pago
2363;197;2026-04;3286,46;2026-05-21;2026-05-20;Pago
2364;197;2026-05;3011,09;2026-06-15;2026-06-25;Pago
2365;198;2025-07;4019,92;2025-07-17;2025-07-27;Pago
2366;198;2025-07;2853,66;2025-08-16;2025-08-27;Pago
2367;198;2025-08;4202,19;2025-09-09;2025-09-10;Pago
2368;198;2025-09;2654,33;2025-10-21;2025-10-29;Pago
2369;198;2025-10;2595,98;2025-11-13;;Pendente
2370;198;2025-11;2142,51;2025-12-22;;Pendente
2371;198;2025-12;3666,64;2026-01-10;;Pendente
2372;198;2026-01;1343,8;2026-02-14;2026-02-18;Pago
2373;198;2026-02;3593,63;2026-03-16;2026-03-25;Pago
2374;198;2026-03;2135,0;2026-04-09;2026-04-11;Pago
2375;198;2026-04;4264,46;2026-05-11;2026-05-17;Pago
2376;198;2026-05;873,81;2026-06-06;2026-06-20;Pago
2377;199;2025-07;1093,6;2025-07-22;2025-07-26;Pago
2378;199;2025-07;1353,39;2025-08-10;2025-08-23;Pago
2379;199;2025-08;2278,87;2025-09-17;;Pendente
2380;199;2025-09;1925,35;2025-10-19;2025-10-19;Pago
2381;199;2025-10;2714,3;2025-11-21;2025-11-21;Pago
2382;199;2025-11;1718,21;2025-12-19;2025-12-31;Pago
2383;199;2025-12;1273,13;2026-01-13;2026-01-22;Pago
2384;199;2026-01;1019,56;2026-02-16;;Pendente
2385;199;2026-02;1272,2;2026-03-16;2026-03-27;Pago
2386;199;2026-03;4328,59;2026-04-09;2026-04-23;Pago
2387;199;2026-04;1991,32;2026-05-16;2026-05-18;Pago
2388;199;2026-05;1182,46;2026-06-13;2026-06-13;Pago
2389;200;2025-07;3302,91;2025-07-12;2025-07-18;Pago
2390;200;2025-07;4011,73;2025-08-23;2025-08-25;Pago
2391;200;2025-08;3443,77;2025-09-19;2025-09-17;Pago
2392;200;2025-09;1823,64;2025-10-18;;Pendente
2393;200;2025-10;3873,25;2025-11-17;2025-11-24;Pago
2394;200;2025-11;1885,22;2025-12-18;2025-12-15;Pago
2395;200;2025-12;1546,62;2026-01-22;2026-01-20;Pago
2396;200;2026-01;2856,94;2026-02-17;2026-02-24;Pago
2397;200;2026-02;2245,93;2026-03-15;2026-03-18;Pago
2398;200;2026-03;2374,62;2026-04-07;2026-04-21;Pago
2399;200;2026-04;1325,35;2026-05-18;2026-05-27;Pago
2400;200;2026-05;1249,21;2026-06-10;2026-06-14;Pago
2401;201;2025-07;731,95;2025-07-20;2025-07-22;Pago
2402;201;2025-07;4024,23;2025-08-14;2025-08-22;Pago
2403;201;2025-08;3715,55;2025-09-12;2025-09-11;Pago
2404;201;2025-09;3953,43;2025-10-12;2025-10-10;Pago
2405;201;2025-10;2267,73;2025-11-20;2025-12-04;Pago
2406;201;2025-11;2380,73;2025-12-09;2025-12-19;Pago
2407;201;2025-12;1472,43;2026-01-10;2026-01-15;Pago
2408;201;2026-01;4070,76;2026-02-06;2026-02-11;Pago
2409;201;2026-02;3236,76;2026-03-10;2026-03-21;Pago
2410;201;2026-03;3417,67;2026-04-22;2026-04-21;Pago
2411;201;2026-04;933,93;2026-05-20;2026-05-27;Pago
2412;201;2026-05;676,66;2026-06-11;2026-06-19;Pago
2413;202;2025-07;1179,36;2025-07-19;2025-07-18;Pago
2414;202;2025-07;1884,18;2025-08-22;2025-09-03;Pago
2415;202;2025-08;4170,54;2025-09-23;2025-09-28;Pago
2416;202;2025-09;982,8;2025-10-15;2025-10-19;Pago
2417;202;2025-10;1029,08;2025-11-14;2025-11-27;Pago
2418;202;2025-11;4393,68;2025-12-13;2025-12-28;Pago
2419;202;2025-12;2100,49;2026-01-12;;Pendente
2420;202;2026-01;2567,55;2026-02-08;2026-02-16;Pago
2421;202;2026-02;1395,09;2026-03-08;2026-03-22;Pago
2422;202;2026-03;491,08;2026-04-08;2026-04-20;Pago
2423;202;2026-04;2643,64;2026-05-12;2026-05-20;Pago
2424;202;2026-05;4459,97;2026-06-11;2026-06-11;Pago
2425;203;2025-07;2662,91;2025-07-11;2025-07-11;Pago
2426;203;2025-07;1256,71;2025-08-22;2025-08-19;Pago
2427;203;2025-08;3996,62;2025-09-10;2025-09-07;Pago
2428;203;2025-09;758,45;2025-10-22;2025-10-29;Pago
2429;203;2025-10;1017,39;2025-11-21;2025-12-02;Pago
2430;203;2025-11;3223,3;2025-12-17;2025-12-17;Pago
2431;203;2025-12;974,05;2026-01-16;;Pendente
2432;203;2026-01;3586,49;2026-02-17;2026-02-18;Pago
2433;203;2026-02;2490,33;2026-03-12;2026-03-09;Pago
2434;203;2026-03;1751,13;2026-04-21;2026-05-02;Pago
2435;203;2026-04;600,06;2026-05-15;2026-05-13;Pago
2436;203;2026-05;2707,99;2026-06-06;2026-06-19;Pago
2437;204;2025-07;3988,69;2025-07-13;2025-07-11;Pago
2438;204;2025-07;4364,82;2025-08-21;2025-08-24;Pago
2439;204;2025-08;1879,65;2025-09-19;2025-09-26;Pago
2440;204;2025-09;1755,6;2025-10-19;2025-10-16;Pago
2441;204;2025-10;2974,13;2025-11-18;;Pendente
2442;204;2025-11;1971,83;2025-12-23;;Pendente
2443;204;2025-12;3411,71;2026-01-15;2026-01-22;Pago
2444;204;2026-01;2882,78;2026-02-07;2026-02-10;Pago
2445;204;2026-02;3341,01;2026-03-22;2026-04-03;Pago
2446;204;2026-03;3544,84;2026-04-20;2026-05-03;Pago
2447;204;2026-04;2600,7;2026-05-20;2026-05-17;Pago
2448;204;2026-05;498,12;2026-06-11;2026-06-23;Pago
2449;205;2025-07;2900,92;2025-07-11;2025-07-22;Pago
2450;205;2025-07;3329,62;2025-08-20;2025-08-19;Pago
2451;205;2025-08;886,42;2025-09-09;2025-09-15;Pago
2452;205;2025-09;2957,09;2025-10-16;2025-10-21;Pago
2453;205;2025-10;3235,34;2025-11-21;2025-11-23;Pago
2454;205;2025-11;1243,42;2025-12-08;2025-12-07;Pago
2455;205;2025-12;3512,52;2026-01-13;2026-01-26;Pago
2456;205;2026-01;1734,7;2026-02-12;;Pendente
2457;205;2026-02;1043,89;2026-03-15;2026-03-23;Pago
2458;205;2026-03;2631,23;2026-04-19;2026-04-23;Pago
2459;205;2026-04;2122,07;2026-05-16;2026-05-26;Pago
2460;205;2026-05;3564,97;2026-06-15;;Pendente
2461;206;2025-07;2780,88;2025-07-24;2025-08-03;Pago
2462;206;2025-07;3158,45;2025-08-23;2025-08-25;Pago
2463;206;2025-08;3663,45;2025-09-14;2025-09-11;Pago
2464;206;2025-09;4406,59;2025-10-13;2025-10-14;Pago
2465;206;2025-10;909,25;2025-11-10;2025-11-25;Pago
2466;206;2025-11;1434,22;2025-12-23;2026-01-04;Pago
2467;206;2025-12;2084,12;2026-01-18;2026-01-15;Pago
2468;206;2026-01;2491,09;2026-02-16;;Pendente
2469;206;2026-02;3635,93;2026-03-22;2026-04-06;Pago
2470;206;2026-03;2948,22;2026-04-10;2026-04-10;Pago
2471;206;2026-04;518,74;2026-05-17;2026-05-20;Pago
2472;206;2026-05;3477,44;2026-06-06;2026-06-13;Pago
2473;207;2025-07;1590,46;2025-07-26;2025-08-08;Pago
2474;207;2025-07;2699,35;2025-08-11;2025-08-24;Pago
2475;207;2025-08;1754,74;2025-09-14;2025-09-12;Pago
2476;207;2025-09;1132,26;2025-10-18;2025-10-22;Pago
2477;207;2025-10;4129,04;2025-11-13;2025-11-18;Pago
2478;207;2025-11;490,06;2025-12-20;2025-12-25;Pago
2479;207;2025-12;3919,41;2026-01-20;2026-02-04;Pago
2480;207;2026-01;2353,68;2026-02-21;2026-02-20;Pago
2481;207;2026-02;804,55;2026-03-19;2026-03-29;Pago
2482;207;2026-03;2783,06;2026-04-08;2026-04-17;Pago
2483;207;2026-04;2188,31;2026-05-16;2026-05-20;Pago
2484;207;2026-05;2788,72;2026-06-08;2026-06-21;Pago
2485;208;2025-07;4460,02;2025-07-25;;Pendente
2486;208;2025-07;3086,24;2025-08-12;;Pendente
2487;208;2025-08;3107,0;2025-09-11;2025-09-14;Pago
2488;208;2025-09;3321,63;2025-10-09;2025-10-18;Pago
2489;208;2025-10;3639,47;2025-11-11;;Pendente
2490;208;2025-11;642,28;2025-12-21;2025-12-25;Pago
2491;208;2025-12;1754,18;2026-01-08;2026-01-10;Pago
2492;208;2026-01;1333,56;2026-02-14;2026-02-18;Pago
2493;208;2026-02;2006,49;2026-03-15;2026-03-12;Pago
2494;208;2026-03;1640,1;2026-04-10;;Pendente
2495;208;2026-04;2068,01;2026-05-18;2026-05-26;Pago
2496;208;2026-05;1002,39;2026-06-15;2026-06-28;Pago
2497;209;2025-07;3337,6;2025-07-20;2025-07-20;Pago
2498;209;2025-07;2052,85;2025-08-23;;Pendente
2499;209;2025-08;4055,47;2025-09-15;2025-09-28;Pago
2500;209;2025-09;767,25;2025-10-13;2025-10-22;Pago
2501;209;2025-10;1237,25;2025-11-22;2025-12-07;Pago
2502;209;2025-11;3435,83;2025-12-21;2025-12-24;Pago
2503;209;2025-12;3142,92;2026-01-09;2026-01-10;Pago
2504;209;2026-01;3064,89;2026-02-20;2026-02-22;Pago
2505;209;2026-02;1691,28;2026-03-14;;Pendente
2506;209;2026-03;3607,63;2026-04-12;2026-04-14;Pago
2507;209;2026-04;1434,82;2026-05-19;;Pendente
2508;209;2026-05;507,79;2026-06-12;;Pendente
2509;210;2025-07;2119,67;2025-07-23;2025-07-21;Pago
2510;210;2025-07;3369,25;2025-08-17;2025-08-29;Pago
2511;210;2025-08;2643,97;2025-09-18;;Pendente
2512;210;2025-09;2473,93;2025-10-10;2025-10-17;Pago
2513;210;2025-10;3589,46;2025-11-10;2025-11-17;Pago
2514;210;2025-11;2135,89;2025-12-14;2025-12-26;Pago
2515;210;2025-12;1927,36;2026-01-09;2026-01-18;Pago
2516;210;2026-01;3299,19;2026-02-12;2026-02-21;Pago
2517;210;2026-02;2710,08;2026-03-20;2026-03-30;Pago
2518;210;2026-03;631,04;2026-04-12;2026-04-12;Pago
2519;210;2026-04;3601,67;2026-05-16;;Pendente
2520;210;2026-05;4251,99;2026-06-08;2026-06-06;Pago
2521;211;2025-07;1837,81;2025-07-24;2025-07-29;Pago
2522;211;2025-07;2857,34;2025-08-18;2025-08-19;Pago
2523;211;2025-08;567,85;2025-09-16;2025-09-28;Pago
2524;211;2025-09;948,68;2025-10-10;2025-10-23;Pago
2525;211;2025-10;3882,19;2025-11-09;2025-11-09;Pago
2526;211;2025-11;3485,72;2025-12-13;;Pendente
2527;211;2025-12;2271,81;2026-01-21;;Pendente
2528;211;2026-01;1214,39;2026-02-14;;Pendente
2529;211;2026-02;2228,81;2026-03-23;2026-04-04;Pago
2530;211;2026-03;1230,69;2026-04-07;2026-04-04;Pago
2531;211;2026-04;561,71;2026-05-07;2026-05-08;Pago
2532;211;2026-05;1180,52;2026-06-13;2026-06-28;Pago
2533;212;2025-07;1039,8;2025-07-16;;Pendente
2534;212;2025-07;607,3;2025-08-25;2025-09-08;Pago
2535;212;2025-08;986,22;2025-09-11;2025-09-23;Pago
2536;212;2025-09;1419,91;2025-10-10;2025-10-18;Pago
2537;212;2025-10;1941,9;2025-11-15;2025-11-23;Pago
2538;212;2025-11;3720,32;2025-12-10;2025-12-23;Pago
2539;212;2025-12;2505,88;2026-01-10;2026-01-10;Pago
2540;212;2026-01;2152,65;2026-02-08;2026-02-14;Pago
2541;212;2026-02;3256,16;2026-03-14;2026-03-26;Pago
2542;212;2026-03;2994,44;2026-04-11;2026-04-18;Pago
2543;212;2026-04;928,47;2026-05-07;2026-05-19;Pago
2544;212;2026-05;543,71;2026-06-20;2026-06-18;Pago
2545;213;2025-07;551,52;2025-07-19;2025-07-22;Pago
2546;213;2025-07;3429,35;2025-08-11;2025-08-11;Pago
2547;213;2025-08;4402,52;2025-09-12;2025-09-13;Pago
2548;213;2025-09;1778,26;2025-10-14;2025-10-22;Pago
2549;213;2025-10;2295,02;2025-11-10;2025-11-19;Pago
2550;213;2025-11;3612,35;2025-12-10;2025-12-23;Pago
2551;213;2025-12;4108,28;2026-01-17;2026-01-23;Pago
2552;213;2026-01;650,54;2026-02-15;2026-02-17;Pago
2553;213;2026-02;1193,95;2026-03-11;2026-03-14;Pago
2554;213;2026-03;4459,43;2026-04-07;2026-04-17;Pago
2555;213;2026-04;1716,54;2026-05-15;2026-05-27;Pago
2556;213;2026-05;2530,71;2026-06-21;2026-06-25;Pago
2557;214;2025-07;4357,68;2025-07-12;2025-07-09;Pago
2558;214;2025-07;1949,73;2025-08-24;2025-08-22;Pago
2559;214;2025-08;3573,12;2025-09-23;2025-09-26;Pago
2560;214;2025-09;1673,59;2025-10-11;2025-10-12;Pago
2561;214;2025-10;1640,99;2025-11-14;2025-11-15;Pago
2562;214;2025-11;4009,94;2025-12-08;2025-12-10;Pago
2563;214;2025-12;3361,08;2026-01-22;2026-01-25;Pago
2564;214;2026-01;2225,37;2026-02-16;;Pendente
2565;214;2026-02;1272,46;2026-03-10;2026-03-17;Pago
2566;214;2026-03;1595,66;2026-04-20;2026-04-30;Pago
2567;214;2026-04;1751,09;2026-05-18;2026-05-15;Pago
2568;214;2026-05;2570,38;2026-06-09;2026-06-07;Pago
2569;215;2025-07;4190,61;2025-07-13;2025-07-22;Pago
2570;215;2025-07;2675,78;2025-08-10;2025-08-11;Pago
2571;215;2025-08;887,71;2025-09-21;2025-09-18;Pago
2572;215;2025-09;2691,89;2025-10-20;2025-11-02;Pago
2573;215;2025-10;3956,11;2025-11-20;2025-11-30;Pago
2574;215;2025-11;1218,47;2025-12-14;2025-12-25;Pago
2575;215;2025-12;4245,07;2026-01-20;2026-02-02;Pago
2576;215;2026-01;1878,55;2026-02-21;;Pendente
2577;215;2026-02;684,88;2026-03-18;2026-03-31;Pago
2578;215;2026-03;4417,38;2026-04-07;2026-04-13;Pago
2579;215;2026-04;3278,42;2026-05-11;2026-05-19;Pago
2580;215;2026-05;2284,02;2026-06-06;;Pendente
2581;216;2025-07;1274,23;2025-07-12;2025-07-23;Pago
2582;216;2025-07;3706,95;2025-08-11;2025-08-15;Pago
2583;216;2025-08;1994,74;2025-09-12;;Pendente
2584;216;2025-09;1038,6;2025-10-09;2025-10-11;Pago
2585;216;2025-10;1228,66;2025-11-14;2025-11-22;Pago
2586;216;2025-11;4404,19;2025-12-21;2025-12-29;Pago
2587;216;2025-12;4199,51;2026-01-19;2026-01-19;Pago
2588;216;2026-01;1572,91;2026-02-21;2026-03-06;Pago
2589;216;2026-02;673,49;2026-03-22;;Pendente
2590;216;2026-03;2380,62;2026-04-10;2026-04-07;Pago
2591;216;2026-04;3281,79;2026-05-11;2026-05-15;Pago
2592;216;2026-05;781,07;2026-06-11;2026-06-23;Pago
2593;217;2025-07;2433,9;2025-07-16;;Pendente
2594;217;2025-07;3566,37;2025-08-15;;Pendente
2595;217;2025-08;2206,95;2025-09-22;2025-10-03;Pago
2596;217;2025-09;1796,51;2025-10-16;2025-10-27;Pago
2597;217;2025-10;3571,83;2025-11-16;;Pendente
2598;217;2025-11;2021,37;2025-12-13;2025-12-11;Pago
2599;217;2025-12;3742,67;2026-01-11;;Pendente
2600;217;2026-01;711,99;2026-02-11;2026-02-24;Pago
2601;217;2026-02;1290,16;2026-03-20;2026-04-02;Pago
2602;217;2026-03;868,97;2026-04-11;2026-04-22;Pago
2603;217;2026-04;600,65;2026-05-20;;Pendente
2604;217;2026-05;543,74;2026-06-09;2026-06-10;Pago
2605;218;2025-07;3686,73;2025-07-24;2025-07-26;Pago
2606;218;2025-07;4248,49;2025-08-12;2025-08-27;Pago
2607;218;2025-08;2267,81;2025-09-10;2025-09-16;Pago
2608;218;2025-09;945,04;2025-10-22;2025-10-31;Pago
2609;218;2025-10;4223,0;2025-11-12;2025-11-14;Pago
2610;218;2025-11;2858,85;2025-12-11;2025-12-17;Pago
2611;218;2025-12;739,12;2026-01-11;2026-01-17;Pago
2612;218;2026-01;1853,62;2026-02-18;2026-02-18;Pago
2613;218;2026-02;681,81;2026-03-19;2026-03-29;Pago
2614;218;2026-03;951,84;2026-04-18;2026-04-18;Pago
2615;218;2026-04;2915,58;2026-05-19;;Pendente
2616;218;2026-05;4305,52;2026-06-10;2026-06-08;Pago
2617;219;2025-07;1654,77;2025-07-15;;Pendente
2618;219;2025-07;2270,78;2025-08-11;2025-08-17;Pago
2619;219;2025-08;1818,08;2025-09-12;2025-09-09;Pago
2620;219;2025-09;938,6;2025-10-13;2025-10-18;Pago
2621;219;2025-10;3888,83;2025-11-16;;Pendente
2622;219;2025-11;2307,38;2025-12-09;;Pendente
2623;219;2025-12;1191,68;2026-01-18;2026-02-02;Pago
2624;219;2026-01;2999,85;2026-02-09;2026-02-11;Pago
2625;219;2026-02;675,54;2026-03-08;;Pendente
2626;219;2026-03;1275,75;2026-04-18;2026-04-24;Pago
2627;219;2026-04;1473,15;2026-05-10;;Pendente
2628;219;2026-05;2135,95;2026-06-20;2026-06-21;Pago
2629;220;2025-07;2070,21;2025-07-26;;Pendente
2630;220;2025-07;3868,19;2025-08-12;2025-08-10;Pago
2631;220;2025-08;3140,25;2025-09-19;2025-09-23;Pago
2632;220;2025-09;3128,94;2025-10-10;2025-10-23;Pago
2633;220;2025-10;1213,12;2025-11-21;2025-11-27;Pago
2634;220;2025-11;712,58;2025-12-12;2025-12-18;Pago
2635;220;2025-12;4212,53;2026-01-12;2026-01-23;Pago
2636;220;2026-01;2801,61;2026-02-14;2026-02-18;Pago
2637;220;2026-02;930,72;2026-03-10;2026-03-21;Pago
2638;220;2026-03;773,07;2026-04-09;2026-04-07;Pago
2639;220;2026-04;2510,98;2026-05-13;2026-05-11;Pago
2640;220;2026-05;3287,69;2026-06-13;2026-06-19;Pago
2641;221;2025-07;3549,18;2025-07-15;2025-07-24;Pago
2642;221;2025-07;1376,09;2025-08-24;2025-09-08;Pago
2643;221;2025-08;1797,94;2025-09-11;2025-09-11;Pago
2644;221;2025-09;2869,04;2025-10-19;2025-10-25;Pago
2645;221;2025-10;4087,32;2025-11-19;;Pendente
2646;221;2025-11;3587,91;2025-12-11;2025-12-20;Pago
2647;221;2025-12;800,05;2026-01-09;;Pendente
2648;221;2026-01;1998,61;2026-02-14;2026-02-20;Pago
2649;221;2026-02;1286,6;2026-03-17;;Pendente
2650;221;2026-03;2686,76;2026-04-19;2026-04-23;Pago
2651;221;2026-04;4333,26;2026-05-18;;Pendente
2652;221;2026-05;1072,98;2026-06-08;2026-06-17;Pago
2653;222;2025-07;3025,72;2025-07-11;2025-07-18;Pago
2654;222;2025-07;3261,67;2025-08-18;2025-08-29;Pago
2655;222;2025-08;879,5;2025-09-10;;Pendente
2656;222;2025-09;802,41;2025-10-17;2025-10-28;Pago
2657;222;2025-10;4410,09;2025-11-17;2025-11-24;Pago
2658;222;2025-11;4004,49;2025-12-10;2025-12-25;Pago
2659;222;2025-12;4157,61;2026-01-08;2026-01-13;Pago
2660;222;2026-01;4455,99;2026-02-18;2026-02-15;Pago
2661;222;2026-02;1130,16;2026-03-21;2026-03-24;Pago
2662;222;2026-03;1145,94;2026-04-13;2026-04-27;Pago
2663;222;2026-04;3627,74;2026-05-07;2026-05-18;Pago
2664;222;2026-05;1896,45;2026-06-19;2026-06-27;Pago
2665;223;2025-07;4398,1;2025-07-13;2025-07-19;Pago
2666;223;2025-07;2867,47;2025-08-21;2025-09-01;Pago
2667;223;2025-08;4454,04;2025-09-14;;Pendente
2668;223;2025-09;2151,6;2025-10-11;2025-10-24;Pago
2669;223;2025-10;1928,43;2025-11-23;2025-12-05;Pago
2670;223;2025-11;3225,65;2025-12-22;;Pendente
2671;223;2025-12;712,76;2026-01-17;2026-02-01;Pago
2672;223;2026-01;4030,07;2026-02-16;2026-03-02;Pago
2673;223;2026-02;892,52;2026-03-21;2026-03-22;Pago
2674;223;2026-03;3657,6;2026-04-13;;Pendente
2675;223;2026-04;941,49;2026-05-18;2026-05-19;Pago
2676;223;2026-05;1153,47;2026-06-15;2026-06-17;Pago
2677;224;2025-07;3032,05;2025-07-20;2025-07-24;Pago
2678;224;2025-07;1721,56;2025-08-25;2025-09-04;Pago
2679;224;2025-08;2044,24;2025-09-09;;Pendente
2680;224;2025-09;2856,95;2025-10-18;2025-10-21;Pago
2681;224;2025-10;3863,35;2025-11-22;2025-11-26;Pago
2682;224;2025-11;4453,36;2025-12-11;2025-12-16;Pago
2683;224;2025-12;853,94;2026-01-22;2026-02-04;Pago
2684;224;2026-01;4314,06;2026-02-07;2026-02-11;Pago
2685;224;2026-02;4381,29;2026-03-16;;Pendente
2686;224;2026-03;1216,06;2026-04-19;2026-04-18;Pago
2687;224;2026-04;1947,47;2026-05-14;;Pendente
2688;224;2026-05;2212,72;2026-06-06;2026-06-15;Pago
2689;225;2025-07;1567,14;2025-07-13;2025-07-22;Pago
2690;225;2025-07;3355,1;2025-08-22;2025-08-25;Pago
2691;225;2025-08;499,56;2025-09-12;2025-09-14;Pago
2692;225;2025-09;3767,6;2025-10-10;2025-10-07;Pago
2693;225;2025-10;873,84;2025-11-08;2025-11-15;Pago
2694;225;2025-11;844,81;2025-12-12;2025-12-25;Pago
2695;225;2025-12;3682,16;2026-01-21;2026-02-05;Pago
2696;225;2026-01;723,61;2026-02-10;2026-02-21;Pago
2697;225;2026-02;3499,18;2026-03-19;2026-03-22;Pago
2698;225;2026-03;2081,64;2026-04-08;2026-04-05;Pago
2699;225;2026-04;1847,22;2026-05-21;2026-05-20;Pago
2700;225;2026-05;1925,23;2026-06-14;2026-06-13;Pago
2701;226;2025-07;2320,17;2025-07-25;2025-08-01;Pago
2702;226;2025-07;912,82;2025-08-14;2025-08-13;Pago
2703;226;2025-08;4156,81;2025-09-20;2025-09-21;Pago
2704;226;2025-09;1767,56;2025-10-21;2025-10-21;Pago
2705;226;2025-10;776,57;2025-11-22;2025-11-25;Pago
2706;226;2025-11;1585,87;2025-12-15;2025-12-19;Pago
2707;226;2025-12;3281,97;2026-01-19;2026-01-30;Pago
2708;226;2026-01;1665,31;2026-02-12;2026-02-15;Pago
2709;226;2026-02;1732,6;2026-03-22;2026-03-28;Pago
2710;226;2026-03;2566,97;2026-04-18;2026-04-16;Pago
2711;226;2026-04;4435,71;2026-05-10;2026-05-21;Pago
2712;226;2026-05;1624,11;2026-06-15;2026-06-17;Pago
2713;227;2025-07;1223,07;2025-07-15;2025-07-25;Pago
2714;227;2025-07;4456,86;2025-08-12;;Pendente
2715;227;2025-08;1022,93;2025-09-17;2025-09-16;Pago
2716;227;2025-09;2078,41;2025-10-16;2025-10-24;Pago
2717;227;2025-10;491,07;2025-11-10;2025-11-19;Pago
2718;227;2025-11;611,53;2025-12-18;2025-12-29;Pago
2719;227;2025-12;579,43;2026-01-11;2026-01-19;Pago
2720;227;2026-01;3847,7;2026-02-07;2026-02-20;Pago
2721;227;2026-02;3341,65;2026-03-17;2026-03-26;Pago
2722;227;2026-03;669,04;2026-04-20;2026-04-24;Pago
2723;227;2026-04;3075,16;2026-05-20;;Pendente
2724;227;2026-05;2910,65;2026-06-08;2026-06-12;Pago
2725;228;2025-07;587,94;2025-07-20;;Pendente
2726;228;2025-07;1176,55;2025-08-18;;Pendente
2727;228;2025-08;1700,49;2025-09-24;;Pendente
2728;228;2025-09;531,95;2025-10-14;2025-10-17;Pago
2729;228;2025-10;2355,61;2025-11-10;2025-11-17;Pago
2730;228;2025-11;566,22;2025-12-23;2026-01-06;Pago
2731;228;2025-12;825,53;2026-01-11;2026-01-24;Pago
2732;228;2026-01;1810,3;2026-02-10;2026-02-12;Pago
2733;228;2026-02;511,02;2026-03-21;2026-03-20;Pago
2734;228;2026-03;865,03;2026-04-22;;Pendente
2735;228;2026-04;3509,94;2026-05-09;2026-05-20;Pago
2736;228;2026-05;2349,59;2026-06-19;2026-06-19;Pago
2737;229;2025-07;2803,73;2025-07-21;2025-07-30;Pago
2738;229;2025-07;775,38;2025-08-16;2025-08-13;Pago
2739;229;2025-08;2895,6;2025-09-22;2025-10-02;Pago
2740;229;2025-09;2938,54;2025-10-09;2025-10-11;Pago
2741;229;2025-10;1087,91;2025-11-15;2025-11-21;Pago
2742;229;2025-11;3659,72;2025-12-14;2025-12-24;Pago
2743;229;2025-12;3489,71;2026-01-21;2026-02-01;Pago
2744;229;2026-01;1910,81;2026-02-17;2026-03-01;Pago
2745;229;2026-02;2859,93;2026-03-09;2026-03-11;Pago
2746;229;2026-03;2713,46;2026-04-09;2026-04-16;Pago
2747;229;2026-04;834,86;2026-05-07;2026-05-14;Pago
2748;229;2026-05;1287,09;2026-06-16;2026-07-01;Pago
2749;230;2025-07;2792,76;2025-07-11;2025-07-24;Pago
2750;230;2025-07;690,22;2025-08-10;2025-08-11;Pago
2751;230;2025-08;2734,18;2025-09-11;2025-09-24;Pago
2752;230;2025-09;3728,45;2025-10-16;2025-10-15;Pago
2753;230;2025-10;2638,07;2025-11-15;2025-11-30;Pago
2754;230;2025-11;1517,76;2025-12-12;2025-12-19;Pago
2755;230;2025-12;2701,15;2026-01-08;2026-01-17;Pago
2756;230;2026-01;1547,5;2026-02-07;;Pendente
2757;230;2026-02;4288,29;2026-03-15;2026-03-23;Pago
2758;230;2026-03;3128,73;2026-04-17;2026-04-17;Pago
2759;230;2026-04;3506,61;2026-05-09;2026-05-14;Pago
2760;230;2026-05;454,95;2026-06-06;2026-06-08;Pago
2761;231;2025-07;2042,87;2025-07-11;2025-07-25;Pago
2762;231;2025-07;4130,12;2025-08-21;2025-09-05;Pago
2763;231;2025-08;2884,65;2025-09-14;2025-09-11;Pago
2764;231;2025-09;3154,74;2025-10-22;;Pendente
2765;231;2025-10;624,16;2025-11-20;2025-11-23;Pago
2766;231;2025-11;4275,17;2025-12-13;2025-12-15;Pago
2767;231;2025-12;950,77;2026-01-17;2026-01-14;Pago
2768;231;2026-01;1423,56;2026-02-16;2026-02-27;Pago
2769;231;2026-02;605,77;2026-03-11;2026-03-17;Pago
2770;231;2026-03;1244,67;2026-04-07;2026-04-19;Pago
2771;231;2026-04;911,55;2026-05-22;2026-05-23;Pago
2772;231;2026-05;4376,79;2026-06-10;2026-06-09;Pago
2773;232;2025-07;2056,72;2025-07-16;2025-07-17;Pago
2774;232;2025-07;1121,99;2025-08-17;2025-08-29;Pago
2775;232;2025-08;538,21;2025-09-20;2025-09-20;Pago
2776;232;2025-09;4029,6;2025-10-15;2025-10-21;Pago
2777;232;2025-10;3466,31;2025-11-14;2025-11-14;Pago
2778;232;2025-11;665,9;2025-12-16;2025-12-18;Pago
2779;232;2025-12;2270,33;2026-01-21;2026-01-22;Pago
2780;232;2026-01;2820,52;2026-02-07;2026-02-06;Pago
2781;232;2026-02;3210,29;2026-03-19;2026-04-02;Pago
2782;232;2026-03;2983,31;2026-04-13;2026-04-21;Pago
2783;232;2026-04;1420,13;2026-05-19;2026-05-30;Pago
2784;232;2026-05;957,8;2026-06-07;2026-06-13;Pago
2785;233;2025-07;1241,21;2025-07-17;2025-07-27;Pago
2786;233;2025-07;3517,0;2025-08-10;2025-08-23;Pago
2787;233;2025-08;613,15;2025-09-23;2025-09-23;Pago
2788;233;2025-09;3153,92;2025-10-12;2025-10-26;Pago
2789;233;2025-10;2277,81;2025-11-22;2025-11-24;Pago
2790;233;2025-11;622,2;2025-12-20;2025-12-20;Pago
2791;233;2025-12;3951,03;2026-01-09;2026-01-06;Pago
2792;233;2026-01;4335,93;2026-02-14;2026-02-22;Pago
2793;233;2026-02;1425,94;2026-03-11;2026-03-19;Pago
2794;233;2026-03;2817,55;2026-04-08;2026-04-07;Pago
2795;233;2026-04;765,7;2026-05-13;2026-05-27;Pago
2796;233;2026-05;4397,45;2026-06-07;2026-06-10;Pago
2797;234;2025-07;1298,24;2025-07-24;2025-08-02;Pago
2798;234;2025-07;1889,69;2025-08-21;2025-08-27;Pago
2799;234;2025-08;1508,11;2025-09-21;2025-09-23;Pago
2800;234;2025-09;2921,16;2025-10-14;2025-10-18;Pago
2801;234;2025-10;1098,63;2025-11-12;2025-11-14;Pago
2802;234;2025-11;3434,07;2025-12-15;2025-12-21;Pago
2803;234;2025-12;1533,82;2026-01-07;2026-01-07;Pago
2804;234;2026-01;4343,64;2026-02-11;2026-02-15;Pago
2805;234;2026-02;4329,93;2026-03-13;2026-03-14;Pago
2806;234;2026-03;2050,13;2026-04-09;2026-04-11;Pago
2807;234;2026-04;3831,66;2026-05-21;2026-05-31;Pago
2808;234;2026-05;4261,42;2026-06-08;2026-06-11;Pago
2809;235;2025-07;3798,73;2025-07-21;2025-08-05;Pago
2810;235;2025-07;1416,09;2025-08-17;2025-08-17;Pago
2811;235;2025-08;657,59;2025-09-19;2025-09-23;Pago
2812;235;2025-09;1942,25;2025-10-15;2025-10-29;Pago
2813;235;2025-10;2743,2;2025-11-16;2025-12-01;Pago
2814;235;2025-11;2050,91;2025-12-10;2025-12-15;Pago
2815;235;2025-12;3087,52;2026-01-08;2026-01-17;Pago
2816;235;2026-01;3497,96;2026-02-17;2026-03-03;Pago
2817;235;2026-02;3079,35;2026-03-10;2026-03-22;Pago
2818;235;2026-03;2687,09;2026-04-14;;Pendente
2819;235;2026-04;2504,64;2026-05-21;;Pendente
2820;235;2026-05;2439,25;2026-06-19;2026-06-18;Pago
2821;236;2025-07;1866,66;2025-07-13;2025-07-25;Pago
2822;236;2025-07;3488,39;2025-08-13;2025-08-20;Pago
2823;236;2025-08;2722,93;2025-09-22;2025-09-23;Pago
2824;236;2025-09;3109,27;2025-10-21;2025-10-25;Pago
2825;236;2025-10;1804,28;2025-11-20;2025-11-25;Pago
2826;236;2025-11;1693,54;2025-12-22;;Pendente
2827;236;2025-12;3735,89;2026-01-22;2026-01-30;Pago
2828;236;2026-01;1701,28;2026-02-21;2026-03-03;Pago
2829;236;2026-02;3573,49;2026-03-14;;Pendente
2830;236;2026-03;1380,68;2026-04-12;2026-04-18;Pago
2831;236;2026-04;779,08;2026-05-13;2026-05-14;Pago
2832;236;2026-05;3248,71;2026-06-19;;Pendente
2833;237;2025-07;3641,03;2025-07-15;2025-07-26;Pago
2834;237;2025-07;3553,21;2025-08-22;2025-09-01;Pago
2835;237;2025-08;2888,25;2025-09-21;;Pendente
2836;237;2025-09;1584,45;2025-10-10;2025-10-15;Pago
2837;237;2025-10;3146,72;2025-11-09;2025-11-13;Pago
2838;237;2025-11;904,21;2025-12-20;2025-12-23;Pago
2839;237;2025-12;3822,6;2026-01-22;2026-01-27;Pago
2840;237;2026-01;2369,17;2026-02-12;2026-02-15;Pago
2841;237;2026-02;1061,68;2026-03-13;;Pendente
2842;237;2026-03;2291,63;2026-04-19;2026-04-29;Pago
2843;237;2026-04;1403,96;2026-05-14;2026-05-14;Pago
2844;237;2026-05;1700,71;2026-06-08;2026-06-09;Pago
2845;238;2025-07;2317,58;2025-07-23;2025-08-05;Pago
2846;238;2025-07;779,73;2025-08-17;2025-08-22;Pago
2847;238;2025-08;1755,48;2025-09-20;;Pendente
2848;238;2025-09;2897,37;2025-10-14;2025-10-28;Pago
2849;238;2025-10;857,48;2025-11-22;2025-11-19;Pago
2850;238;2025-11;1367,69;2025-12-10;2025-12-22;Pago
2851;238;2025-12;1947,53;2026-01-13;;Pendente
2852;238;2026-01;3643,11;2026-02-11;2026-02-23;Pago
2853;238;2026-02;1626,7;2026-03-18;2026-03-15;Pago
2854;238;2026-03;1650,32;2026-04-13;;Pendente
2855;238;2026-04;2833,81;2026-05-19;2026-05-24;Pago
2856;238;2026-05;1319,64;2026-06-18;2026-06-26;Pago
2857;239;2025-07;3660,09;2025-07-19;2025-07-25;Pago
2858;239;2025-07;2511,51;2025-08-23;2025-09-02;Pago
2859;239;2025-08;2276,52;2025-09-13;2025-09-17;Pago
2860;239;2025-09;2323,69;2025-10-16;;Pendente
2861;239;2025-10;4480,27;2025-11-13;2025-11-19;Pago
2862;239;2025-11;4182,81;2025-12-10;2025-12-15;Pago
2863;239;2025-12;3391,91;2026-01-19;2026-01-22;Pago
2864;239;2026-01;922,46;2026-02-21;;Pendente
2865;239;2026-02;2910,49;2026-03-21;2026-04-03;Pago
2866;239;2026-03;1530,53;2026-04-11;2026-04-20;Pago
2867;239;2026-04;1659,16;2026-05-08;2026-05-13;Pago
2868;239;2026-05;2578,86;2026-06-10;2026-06-10;Pago
2869;240;2025-07;1344,35;2025-07-16;2025-07-23;Pago
2870;240;2025-07;2153,53;2025-08-16;2025-08-25;Pago
2871;240;2025-08;1082,31;2025-09-24;2025-10-02;Pago
2872;240;2025-09;2881,35;2025-10-18;2025-10-19;Pago
2873;240;2025-10;2273,64;2025-11-14;;Pendente
2874;240;2025-11;534,65;2025-12-08;2025-12-23;Pago
2875;240;2025-12;1682,32;2026-01-20;2026-01-24;Pago
2876;240;2026-01;1345,03;2026-02-14;2026-02-26;Pago
2877;240;2026-02;869,52;2026-03-11;2026-03-09;Pago
2878;240;2026-03;2000,5;2026-04-16;2026-04-25;Pago
2879;240;2026-04;1169,81;2026-05-22;2026-06-05;Pago
2880;240;2026-05;2814,06;2026-06-16;2026-06-27;Pago
2881;241;2025-07;1198,88;2025-07-17;;Pendente
2882;241;2025-07;2372,89;2025-08-25;2025-09-01;Pago
2883;241;2025-08;1327,5;2025-09-20;2025-10-05;Pago
2884;241;2025-09;2777,56;2025-10-11;;Pendente
2885;241;2025-10;1510,54;2025-11-17;2025-11-27;Pago
2886;241;2025-11;1030,98;2025-12-16;2025-12-14;Pago
2887;241;2025-12;2590,17;2026-01-11;2026-01-12;Pago
2888;241;2026-01;559,59;2026-02-14;2026-02-11;Pago
2889;241;2026-02;3323,05;2026-03-15;;Pendente
2890;241;2026-03;4100,0;2026-04-13;2026-04-14;Pago
2891;241;2026-04;1385,91;2026-05-15;;Pendente
2892;241;2026-05;3461,17;2026-06-18;2026-06-24;Pago
2893;242;2025-07;4329,85;2025-07-20;2025-07-31;Pago
2894;242;2025-07;594,48;2025-08-16;2025-08-23;Pago
2895;242;2025-08;3563,46;2025-09-11;2025-09-19;Pago
2896;242;2025-09;4299,41;2025-10-19;2025-10-21;Pago
2897;242;2025-10;3612,73;2025-11-22;;Pendente
2898;242;2025-11;2761,77;2025-12-17;2025-12-21;Pago
2899;242;2025-12;931,55;2026-01-11;2026-01-11;Pago
2900;242;2026-01;1965,89;2026-02-12;2026-02-12;Pago
2901;242;2026-02;2833,01;2026-03-13;2026-03-16;Pago
2902;242;2026-03;2601,97;2026-04-21;2026-04-22;Pago
2903;242;2026-04;2737,86;2026-05-20;2026-05-21;Pago
2904;242;2026-05;2421,22;2026-06-12;2026-06-25;Pago
2905;243;2025-07;3421,39;2025-07-17;2025-07-16;Pago
2906;243;2025-07;3826,72;2025-08-22;2025-08-21;Pago
2907;243;2025-08;4467,31;2025-09-22;2025-09-28;Pago
2908;243;2025-09;2801,0;2025-10-13;2025-10-23;Pago
2909;243;2025-10;992,14;2025-11-11;2025-11-15;Pago
2910;243;2025-11;4412,61;2025-12-20;2025-12-26;Pago
2911;243;2025-12;2079,95;2026-01-07;2026-01-17;Pago
2912;243;2026-01;747,04;2026-02-21;2026-02-24;Pago
2913;243;2026-02;620,24;2026-03-14;;Pendente
2914;243;2026-03;3878,36;2026-04-12;2026-04-13;Pago
2915;243;2026-04;3529,06;2026-05-17;2026-05-17;Pago
2916;243;2026-05;2428,86;2026-06-19;2026-06-20;Pago
2917;244;2025-07;1398,66;2025-07-17;2025-07-14;Pago
2918;244;2025-07;4419,57;2025-08-10;2025-08-09;Pago
2919;244;2025-08;3188,67;2025-09-22;2025-09-20;Pago
2920;244;2025-09;4142,11;2025-10-13;2025-10-24;Pago
2921;244;2025-10;1576,45;2025-11-16;2025-11-28;Pago
2922;244;2025-11;1178,06;2025-12-09;2025-12-17;Pago
2923;244;2025-12;4281,98;2026-01-10;;Pendente
2924;244;2026-01;1044,81;2026-02-21;2026-03-01;Pago
2925;244;2026-02;2959,49;2026-03-10;2026-03-17;Pago
2926;244;2026-03;2085,64;2026-04-19;2026-04-26;Pago
2927;244;2026-04;1967,39;2026-05-20;2026-06-02;Pago
2928;244;2026-05;1405,11;2026-06-08;2026-06-14;Pago
2929;245;2025-07;2038,47;2025-07-17;2025-07-23;Pago
2930;245;2025-07;3973,56;2025-08-24;2025-09-06;Pago
2931;245;2025-08;1548,19;2025-09-23;;Pendente
2932;245;2025-09;3153,76;2025-10-09;2025-10-13;Pago
2933;245;2025-10;4125,19;2025-11-23;2025-11-25;Pago
2934;245;2025-11;1859,82;2025-12-10;2025-12-25;Pago
2935;245;2025-12;2652,88;2026-01-09;;Pendente
2936;245;2026-01;3190,23;2026-02-10;2026-02-15;Pago
2937;245;2026-02;3948,34;2026-03-19;;Pendente
2938;245;2026-03;1516,5;2026-04-09;2026-04-09;Pago
2939;245;2026-04;2340,65;2026-05-13;2026-05-12;Pago
2940;245;2026-05;3759,86;2026-06-08;2026-06-15;Pago
2941;246;2025-07;1567,55;2025-07-13;2025-07-26;Pago
2942;246;2025-07;3710,85;2025-08-10;2025-08-20;Pago
2943;246;2025-08;2863,0;2025-09-19;2025-09-22;Pago
2944;246;2025-09;3492,66;2025-10-24;;Pendente
2945;246;2025-10;2434,5;2025-11-12;;Pendente
2946;246;2025-11;4054,77;2025-12-08;2025-12-11;Pago
2947;246;2025-12;3296,18;2026-01-18;2026-01-19;Pago
2948;246;2026-01;2791,62;2026-02-11;;Pendente
2949;246;2026-02;1626,39;2026-03-08;2026-03-09;Pago
2950;246;2026-03;1730,93;2026-04-21;2026-04-28;Pago
2951;246;2026-04;4171,04;2026-05-10;2026-05-20;Pago
2952;246;2026-05;777,83;2026-06-21;;Pendente
2953;247;2025-07;1607,09;2025-07-25;2025-07-30;Pago
2954;247;2025-07;821,84;2025-08-25;2025-09-04;Pago
2955;247;2025-08;4433,61;2025-09-10;2025-09-20;Pago
2956;247;2025-09;948,75;2025-10-09;2025-10-24;Pago
2957;247;2025-10;4233,36;2025-11-22;2025-11-29;Pago
2958;247;2025-11;641,17;2025-12-16;2025-12-28;Pago
2959;247;2025-12;3691,05;2026-01-14;2026-01-29;Pago
2960;247;2026-01;2893,2;2026-02-16;2026-02-20;Pago
2961;247;2026-02;900,77;2026-03-12;2026-03-19;Pago
2962;247;2026-03;955,02;2026-04-16;2026-04-22;Pago
2963;247;2026-04;531,33;2026-05-22;2026-05-25;Pago
2964;247;2026-05;3939,49;2026-06-16;;Pendente
2965;248;2025-07;1888,4;2025-07-20;2025-07-28;Pago
2966;248;2025-07;553,49;2025-08-16;2025-08-26;Pago
2967;248;2025-08;605,97;2025-09-20;2025-10-05;Pago
2968;248;2025-09;762,57;2025-10-09;2025-10-14;Pago
2969;248;2025-10;3342,8;2025-11-13;2025-11-14;Pago
2970;248;2025-11;2450,55;2025-12-17;2025-12-28;Pago
2971;248;2025-12;4158,78;2026-01-15;2026-01-23;Pago
2972;248;2026-01;4393,18;2026-02-15;;Pendente
2973;248;2026-02;1909,79;2026-03-17;2026-03-28;Pago
2974;248;2026-03;1682,06;2026-04-07;2026-04-07;Pago
2975;248;2026-04;3442,17;2026-05-18;2026-05-21;Pago
2976;248;2026-05;3405,58;2026-06-12;2026-06-10;Pago
2977;249;2025-07;603,01;2025-07-19;2025-07-23;Pago
2978;249;2025-07;4113,29;2025-08-22;;Pendente
2979;249;2025-08;4110,49;2025-09-10;2025-09-10;Pago
2980;249;2025-09;4258,24;2025-10-12;2025-10-26;Pago
2981;249;2025-10;636,91;2025-11-08;2025-11-07;Pago
2982;249;2025-11;1856,04;2025-12-18;2025-12-19;Pago
2983;249;2025-12;3845,14;2026-01-07;;Pendente
2984;249;2026-01;1404,39;2026-02-16;2026-02-14;Pago
2985;249;2026-02;3307,75;2026-03-23;2026-03-21;Pago
2986;249;2026-03;2504,56;2026-04-09;2026-04-14;Pago
2987;249;2026-04;4131,92;2026-05-22;2026-05-19;Pago
2988;249;2026-05;1980,74;2026-06-06;2026-06-18;Pago
2989;250;2025-07;2649,68;2025-07-23;2025-07-31;Pago
2990;250;2025-07;3141,82;2025-08-20;;Pendente
2991;250;2025-08;678,32;2025-09-21;2025-09-30;Pago
2992;250;2025-09;2623,88;2025-10-18;2025-10-15;Pago
2993;250;2025-10;843,81;2025-11-19;2025-12-04;Pago
2994;250;2025-11;2214,54;2025-12-15;2025-12-19;Pago
2995;250;2025-12;3030,0;2026-01-07;2026-01-20;Pago
2996;250;2026-01;636,46;2026-02-17;2026-02-20;Pago
2997;250;2026-02;579,97;2026-03-14;2026-03-17;Pago
2998;250;2026-03;3722,16;2026-04-18;2026-04-19;Pago
2999;250;2026-04;543,35;2026-05-09;;Pendente
3000;250;2026-05;1094,11;2026-06-11;2026-06-13;Pago
3001;251;2025-07;2868,26;2025-07-20;2025-07-19;Pago
3002;251;2025-07;1272,67;2025-08-13;2025-08-26;Pago
3003;251;2025-08;2678,67;2025-09-20;;Pendente
3004;251;2025-09;811,27;2025-10-18;2025-10-16;Pago
3005;251;2025-10;1744,76;2025-11-08;;Pendente
3006;251;2025-11;2936,38;2025-12-22;2025-12-24;Pago
3007;251;2025-12;3192,8;2026-01-19;2026-01-31;Pago
3008;251;2026-01;1109,97;2026-02-19;2026-02-17;Pago
3009;251;2026-02;1427,87;2026-03-20;2026-03-19;Pago
3010;251;2026-03;3135,8;2026-04-14;2026-04-29;Pago
3011;251;2026-04;2814,03;2026-05-10;2026-05-22;Pago
3012;251;2026-05;849,68;2026-06-14;2026-06-25;Pago
3013;252;2025-07;2554,71;2025-07-19;2025-07-27;Pago
3014;252;2025-07;1468,92;2025-08-13;2025-08-17;Pago
3015;252;2025-08;2641,38;2025-09-15;2025-09-29;Pago
3016;252;2025-09;1939,62;2025-10-18;;Pendente
3017;252;2025-10;4419,81;2025-11-21;2025-11-20;Pago
3018;252;2025-11;3675,95;2025-12-20;;Pendente
3019;252;2025-12;4453,08;2026-01-11;2026-01-20;Pago
3020;252;2026-01;938,38;2026-02-10;2026-02-11;Pago
3021;252;2026-02;2735,88;2026-03-10;2026-03-11;Pago
3022;252;2026-03;3943,19;2026-04-13;2026-04-18;Pago
3023;252;2026-04;2468,69;2026-05-09;2026-05-17;Pago
3024;252;2026-05;2145,84;2026-06-10;2026-06-18;Pago
3025;253;2025-07;4138,14;2025-07-21;2025-07-31;Pago
3026;253;2025-07;3352,76;2025-08-19;2025-08-18;Pago
3027;253;2025-08;2225,71;2025-09-20;2025-09-27;Pago
3028;253;2025-09;1349,65;2025-10-10;2025-10-08;Pago
3029;253;2025-10;1882,98;2025-11-11;2025-11-08;Pago
3030;253;2025-11;3013,05;2025-12-08;2025-12-13;Pago
3031;253;2025-12;2832,14;2026-01-12;2026-01-11;Pago
3032;253;2026-01;466,96;2026-02-16;2026-02-27;Pago
3033;253;2026-02;727,73;2026-03-13;2026-03-28;Pago
3034;253;2026-03;3526,93;2026-04-07;2026-04-09;Pago
3035;253;2026-04;1916,67;2026-05-11;2026-05-13;Pago
3036;253;2026-05;3731,9;2026-06-07;2026-06-18;Pago
3037;254;2025-07;1345,0;2025-07-23;2025-07-27;Pago
3038;254;2025-07;3399,89;2025-08-19;2025-08-21;Pago
3039;254;2025-08;3372,55;2025-09-09;2025-09-08;Pago
3040;254;2025-09;3056,66;2025-10-16;2025-10-17;Pago
3041;254;2025-10;2923,81;2025-11-20;2025-11-17;Pago
3042;254;2025-11;3158,41;2025-12-23;2025-12-28;Pago
3043;254;2025-12;537,89;2026-01-21;2026-01-26;Pago
3044;254;2026-01;4458,94;2026-02-16;2026-02-24;Pago
3045;254;2026-02;1241,98;2026-03-22;2026-03-19;Pago
3046;254;2026-03;1409,02;2026-04-09;2026-04-18;Pago
3047;254;2026-04;4226,12;2026-05-10;;Pendente
3048;254;2026-05;4286,66;2026-06-20;2026-06-19;Pago
3049;255;2025-07;1651,56;2025-07-16;2025-07-13;Pago
3050;255;2025-07;1281,88;2025-08-14;2025-08-13;Pago
3051;255;2025-08;3655,12;2025-09-15;2025-09-22;Pago
3052;255;2025-09;1601,52;2025-10-20;2025-11-01;Pago
3053;255;2025-10;2182,61;2025-11-15;2025-11-13;Pago
3054;255;2025-11;1567,25;2025-12-09;2025-12-16;Pago
3055;255;2025-12;2974,51;2026-01-10;2026-01-08;Pago
3056;255;2026-01;1870,5;2026-02-19;2026-03-02;Pago
3057;255;2026-02;2432,89;2026-03-16;2026-03-14;Pago
3058;255;2026-03;3416,99;2026-04-16;2026-04-25;Pago
3059;255;2026-04;2450,45;2026-05-17;2026-05-31;Pago
3060;255;2026-05;1752,61;2026-06-20;2026-06-17;Pago
3061;256;2025-07;3959,14;2025-07-11;2025-07-26;Pago
3062;256;2025-07;1840,03;2025-08-21;2025-08-30;Pago
3063;256;2025-08;4257,85;2025-09-11;2025-09-22;Pago
3064;256;2025-09;2757,58;2025-10-21;;Pendente
3065;256;2025-10;802,37;2025-11-11;;Pendente
3066;256;2025-11;599,82;2025-12-13;2025-12-25;Pago
3067;256;2025-12;3253,54;2026-01-15;2026-01-24;Pago
3068;256;2026-01;951,4;2026-02-09;2026-02-21;Pago
3069;256;2026-02;3607,51;2026-03-09;;Pendente
3070;256;2026-03;3809,57;2026-04-21;2026-04-28;Pago
3071;256;2026-04;3022,32;2026-05-08;2026-05-20;Pago
3072;256;2026-05;2807,84;2026-06-10;2026-06-18;Pago
3073;257;2025-07;2234,14;2025-07-17;2025-07-24;Pago
3074;257;2025-07;3869,64;2025-08-14;2025-08-27;Pago
3075;257;2025-08;2902,79;2025-09-14;2025-09-16;Pago
3076;257;2025-09;3007,14;2025-10-13;2025-10-12;Pago
3077;257;2025-10;3450,22;2025-11-09;2025-11-23;Pago
3078;257;2025-11;3041,16;2025-12-19;2025-12-25;Pago
3079;257;2025-12;4410,63;2026-01-09;;Pendente
3080;257;2026-01;1024,39;2026-02-08;2026-02-17;Pago
3081;257;2026-02;2642,16;2026-03-11;2026-03-17;Pago
3082;257;2026-03;869,03;2026-04-22;2026-04-19;Pago
3083;257;2026-04;1607,3;2026-05-19;2026-05-28;Pago
3084;257;2026-05;4044,02;2026-06-08;2026-06-22;Pago
3085;258;2025-07;4479,2;2025-07-22;2025-07-31;Pago
3086;258;2025-07;1199,3;2025-08-11;2025-08-21;Pago
3087;258;2025-08;498,24;2025-09-19;2025-10-03;Pago
3088;258;2025-09;3448,31;2025-10-13;;Pendente
3089;258;2025-10;910,66;2025-11-20;2025-11-21;Pago
3090;258;2025-11;3224,26;2025-12-22;2025-12-25;Pago
3091;258;2025-12;3232,22;2026-01-21;2026-02-04;Pago
3092;258;2026-01;991,55;2026-02-13;2026-02-14;Pago
3093;258;2026-02;3761,22;2026-03-18;2026-03-20;Pago
3094;258;2026-03;2312,89;2026-04-14;2026-04-24;Pago
3095;258;2026-04;3140,26;2026-05-18;2026-06-01;Pago
3096;258;2026-05;3231,42;2026-06-16;2026-06-25;Pago
3097;259;2025-07;4457,74;2025-07-21;2025-07-18;Pago
3098;259;2025-07;4014,9;2025-08-13;2025-08-12;Pago
3099;259;2025-08;1568,57;2025-09-15;;Pendente
3100;259;2025-09;994,36;2025-10-20;2025-10-19;Pago
3101;259;2025-10;1833,11;2025-11-09;2025-11-21;Pago
3102;259;2025-11;4109,55;2025-12-17;2025-12-22;Pago
3103;259;2025-12;2273,65;2026-01-17;2026-01-23;Pago
3104;259;2026-01;2545,79;2026-02-17;2026-02-18;Pago
3105;259;2026-02;3058,92;2026-03-09;2026-03-12;Pago
3106;259;2026-03;3442,65;2026-04-07;2026-04-19;Pago
3107;259;2026-04;1780,2;2026-05-17;2026-05-25;Pago
3108;259;2026-05;2726,79;2026-06-13;;Pendente
3109;260;2025-07;1707,31;2025-07-26;;Pendente
3110;260;2025-07;3735,87;2025-08-23;;Pendente
3111;260;2025-08;2342,86;2025-09-09;2025-09-13;Pago
3112;260;2025-09;861,0;2025-10-10;2025-10-08;Pago
3113;260;2025-10;678,41;2025-11-16;;Pendente
3114;260;2025-11;3683,74;2025-12-22;2026-01-02;Pago
3115;260;2025-12;2466,92;2026-01-12;2026-01-27;Pago
3116;260;2026-01;457,74;2026-02-21;2026-02-21;Pago
3117;260;2026-02;2363,0;2026-03-11;2026-03-14;Pago
3118;260;2026-03;3217,86;2026-04-18;2026-04-25;Pago
3119;260;2026-04;2523,43;2026-05-14;2026-05-14;Pago
3120;260;2026-05;2254,45;2026-06-09;2026-06-17;Pago
3121;261;2025-07;3817,34;2025-07-19;2025-07-18;Pago
3122;261;2025-07;4292,15;2025-08-15;2025-08-24;Pago
3123;261;2025-08;1237,0;2025-09-21;2025-09-24;Pago
3124;261;2025-09;2192,27;2025-10-15;;Pendente
3125;261;2025-10;1186,87;2025-11-20;2025-11-19;Pago
3126;261;2025-11;3919,14;2025-12-17;2025-12-24;Pago
3127;261;2025-12;1410,57;2026-01-14;2026-01-22;Pago
3128;261;2026-01;805,7;2026-02-07;2026-02-15;Pago
3129;261;2026-02;3755,34;2026-03-11;2026-03-09;Pago
3130;261;2026-03;485,84;2026-04-12;2026-04-27;Pago
3131;261;2026-04;2000,9;2026-05-21;;Pendente
3132;261;2026-05;1718,64;2026-06-19;2026-06-30;Pago
3133;262;2025-07;1721,05;2025-07-21;2025-07-22;Pago
3134;262;2025-07;622,12;2025-08-19;2025-08-27;Pago
3135;262;2025-08;3965,99;2025-09-13;2025-09-21;Pago
3136;262;2025-09;2713,82;2025-10-23;2025-10-28;Pago
3137;262;2025-10;2920,52;2025-11-23;2025-11-22;Pago
3138;262;2025-11;2260,07;2025-12-21;2026-01-01;Pago
3139;262;2025-12;4482,62;2026-01-16;2026-01-29;Pago
3140;262;2026-01;2048,12;2026-02-10;2026-02-12;Pago
3141;262;2026-02;1339,98;2026-03-20;2026-04-04;Pago
3142;262;2026-03;2025,41;2026-04-20;2026-04-23;Pago
3143;262;2026-04;3434,37;2026-05-15;2026-05-24;Pago
3144;262;2026-05;743,47;2026-06-07;2026-06-21;Pago
3145;263;2025-07;961,48;2025-07-13;2025-07-10;Pago
3146;263;2025-07;3833,93;2025-08-17;2025-08-23;Pago
3147;263;2025-08;2262,9;2025-09-13;2025-09-21;Pago
3148;263;2025-09;3290,18;2025-10-20;2025-11-01;Pago
3149;263;2025-10;1107,89;2025-11-17;;Pendente
3150;263;2025-11;837,3;2025-12-13;2025-12-21;Pago
3151;263;2025-12;3350,15;2026-01-12;2026-01-13;Pago
3152;263;2026-01;4199,95;2026-02-07;2026-02-11;Pago
3153;263;2026-02;3839,45;2026-03-11;2026-03-23;Pago
3154;263;2026-03;676,94;2026-04-17;;Pendente
3155;263;2026-04;1906,35;2026-05-18;2026-05-17;Pago
3156;263;2026-05;3486,1;2026-06-21;2026-06-20;Pago
3157;264;2025-07;1833,54;2025-07-16;2025-07-26;Pago
3158;264;2025-07;2199,01;2025-08-22;2025-09-01;Pago
3159;264;2025-08;4414,51;2025-09-12;2025-09-19;Pago
3160;264;2025-09;3590,63;2025-10-16;2025-10-21;Pago
3161;264;2025-10;1617,3;2025-11-14;;Pendente
3162;264;2025-11;1157,16;2025-12-23;2025-12-29;Pago
3163;264;2025-12;717,38;2026-01-14;2026-01-28;Pago
3164;264;2026-01;850,5;2026-02-07;2026-02-21;Pago
3165;264;2026-02;3848,04;2026-03-19;2026-03-25;Pago
3166;264;2026-03;4224,07;2026-04-08;2026-04-11;Pago
3167;264;2026-04;3623,57;2026-05-22;2026-06-04;Pago
3168;264;2026-05;1324,12;2026-06-19;2026-06-23;Pago
3169;265;2025-07;3191,31;2025-07-18;2025-07-29;Pago
3170;265;2025-07;4333,58;2025-08-13;2025-08-26;Pago
3171;265;2025-08;3802,97;2025-09-17;2025-09-16;Pago
3172;265;2025-09;756,06;2025-10-10;2025-10-23;Pago
3173;265;2025-10;3340,57;2025-11-13;2025-11-27;Pago
3174;265;2025-11;3917,53;2025-12-13;2025-12-26;Pago
3175;265;2025-12;3017,06;2026-01-16;2026-01-27;Pago
3176;265;2026-01;556,89;2026-02-09;2026-02-09;Pago
3177;265;2026-02;2922,84;2026-03-17;2026-03-27;Pago
3178;265;2026-03;2855,5;2026-04-17;2026-04-22;Pago
3179;265;2026-04;1136,62;2026-05-18;2026-05-31;Pago
3180;265;2026-05;2552,37;2026-06-06;2026-06-11;Pago
3181;266;2025-07;2537,64;2025-07-20;2025-07-25;Pago
3182;266;2025-07;1703,8;2025-08-18;2025-08-17;Pago
3183;266;2025-08;2685,64;2025-09-12;2025-09-18;Pago
3184;266;2025-09;3346,84;2025-10-21;2025-11-05;Pago
3185;266;2025-10;2362,85;2025-11-13;2025-11-12;Pago
3186;266;2025-11;3435,63;2025-12-12;2025-12-21;Pago
3187;266;2025-12;3087,14;2026-01-21;2026-01-19;Pago
3188;266;2026-01;2586,51;2026-02-17;2026-02-18;Pago
3189;266;2026-02;4022,7;2026-03-13;2026-03-19;Pago
3190;266;2026-03;1047,33;2026-04-12;2026-04-25;Pago
3191;266;2026-04;2150,89;2026-05-15;2026-05-18;Pago
3192;266;2026-05;1375,76;2026-06-09;2026-06-11;Pago
3193;267;2025-07;2785,69;2025-07-17;2025-07-31;Pago
3194;267;2025-07;1948,91;2025-08-12;2025-08-14;Pago
3195;267;2025-08;2966,33;2025-09-22;2025-09-27;Pago
3196;267;2025-09;1055,65;2025-10-14;2025-10-21;Pago
3197;267;2025-10;633,29;2025-11-14;2025-11-12;Pago
3198;267;2025-11;1443,43;2025-12-15;;Pendente
3199;267;2025-12;2623,11;2026-01-09;2026-01-08;Pago
3200;267;2026-01;4329,94;2026-02-13;2026-02-10;Pago
3201;267;2026-02;2991,94;2026-03-11;2026-03-17;Pago
3202;267;2026-03;3858,77;2026-04-15;2026-04-26;Pago
3203;267;2026-04;1482,53;2026-05-20;2026-05-30;Pago
3204;267;2026-05;4397,09;2026-06-21;2026-06-20;Pago
3205;268;2025-07;4476,98;2025-07-22;2025-07-29;Pago
3206;268;2025-07;1296,54;2025-08-12;2025-08-16;Pago
3207;268;2025-08;1546,87;2025-09-18;2025-09-19;Pago
3208;268;2025-09;2049,3;2025-10-20;2025-11-02;Pago
3209;268;2025-10;2225,84;2025-11-18;2025-11-22;Pago
3210;268;2025-11;2381,35;2025-12-14;;Pendente
3211;268;2025-12;2706,67;2026-01-15;2026-01-12;Pago
3212;268;2026-01;3861,51;2026-02-10;2026-02-21;Pago
3213;268;2026-02;879,97;2026-03-11;2026-03-09;Pago
3214;268;2026-03;2595,31;2026-04-20;2026-04-19;Pago
3215;268;2026-04;2751,53;2026-05-15;2026-05-24;Pago
3216;268;2026-05;3181,52;2026-06-17;;Pendente
3217;269;2025-07;1072,7;2025-07-22;2025-07-27;Pago
3218;269;2025-07;3872,7;2025-08-21;2025-08-31;Pago
3219;269;2025-08;2000,69;2025-09-20;;Pendente
3220;269;2025-09;2191,03;2025-10-20;2025-10-20;Pago
3221;269;2025-10;4263,35;2025-11-19;2025-11-30;Pago
3222;269;2025-11;3464,41;2025-12-14;2025-12-15;Pago
3223;269;2025-12;4146,35;2026-01-09;2026-01-17;Pago
3224;269;2026-01;851,18;2026-02-14;;Pendente
3225;269;2026-02;2244,76;2026-03-17;;Pendente
3226;269;2026-03;2354,85;2026-04-20;2026-05-02;Pago
3227;269;2026-04;4055,76;2026-05-15;2026-05-22;Pago
3228;269;2026-05;3507,73;2026-06-17;2026-06-22;Pago
3229;270;2025-07;3666,97;2025-07-19;2025-07-18;Pago
3230;270;2025-07;1745,95;2025-08-17;2025-08-30;Pago
3231;270;2025-08;3747,37;2025-09-14;2025-09-14;Pago
3232;270;2025-09;1605,53;2025-10-10;2025-10-24;Pago
3233;270;2025-10;992,93;2025-11-11;2025-11-19;Pago
3234;270;2025-11;2211,04;2025-12-08;2025-12-20;Pago
3235;270;2025-12;2105,52;2026-01-19;2026-01-23;Pago
3236;270;2026-01;2871,8;2026-02-07;2026-02-08;Pago
3237;270;2026-02;1185,31;2026-03-15;;Pendente
3238;270;2026-03;633,99;2026-04-21;2026-04-18;Pago
3239;270;2026-04;1150,16;2026-05-22;2026-06-06;Pago
3240;270;2026-05;3421,38;2026-06-19;;Pendente
3241;271;2025-07;1749,59;2025-07-23;2025-08-04;Pago
3242;271;2025-07;511,98;2025-08-19;2025-08-20;Pago
3243;271;2025-08;570,04;2025-09-21;2025-10-01;Pago
3244;271;2025-09;2815,11;2025-10-10;2025-10-11;Pago
3245;271;2025-10;3987,45;2025-11-23;;Pendente
3246;271;2025-11;2583,0;2025-12-17;;Pendente
3247;271;2025-12;3892,69;2026-01-15;2026-01-13;Pago
3248;271;2026-01;1246,64;2026-02-21;2026-03-07;Pago
3249;271;2026-02;4290,09;2026-03-16;2026-03-28;Pago
3250;271;2026-03;3574,62;2026-04-14;2026-04-28;Pago
3251;271;2026-04;1966,47;2026-05-07;2026-05-05;Pago
3252;271;2026-05;2279,09;2026-06-21;2026-06-24;Pago
3253;272;2025-07;2057,75;2025-07-22;2025-07-31;Pago
3254;272;2025-07;3380,36;2025-08-11;2025-08-25;Pago
3255;272;2025-08;3490,36;2025-09-12;2025-09-16;Pago
3256;272;2025-09;3265,96;2025-10-17;2025-10-19;Pago
3257;272;2025-10;3874,05;2025-11-22;2025-11-20;Pago
3258;272;2025-11;4363,43;2025-12-22;2025-12-24;Pago
3259;272;2025-12;2988,35;2026-01-09;2026-01-12;Pago
3260;272;2026-01;1815,48;2026-02-16;;Pendente
3261;272;2026-02;4107,53;2026-03-18;2026-04-01;Pago
3262;272;2026-03;1811,62;2026-04-10;2026-04-07;Pago
3263;272;2026-04;3923,37;2026-05-17;2026-05-19;Pago
3264;272;2026-05;752,75;2026-06-08;2026-06-22;Pago
3265;273;2025-07;3459,63;2025-07-19;2025-08-03;Pago
3266;273;2025-07;2792,82;2025-08-13;2025-08-20;Pago
3267;273;2025-08;1844,89;2025-09-22;;Pendente
3268;273;2025-09;1878,33;2025-10-23;;Pendente
3269;273;2025-10;1395,42;2025-11-18;2025-11-22;Pago
3270;273;2025-11;4292,76;2025-12-12;2025-12-23;Pago
3271;273;2025-12;2128,8;2026-01-08;2026-01-20;Pago
3272;273;2026-01;4137,82;2026-02-07;2026-02-16;Pago
3273;273;2026-02;3719,89;2026-03-12;2026-03-11;Pago
3274;273;2026-03;2231,68;2026-04-08;2026-04-12;Pago
3275;273;2026-04;3964,21;2026-05-07;2026-05-14;Pago
3276;273;2026-05;2629,8;2026-06-20;2026-06-27;Pago
3277;274;2025-07;3682,55;2025-07-11;2025-07-24;Pago
3278;274;2025-07;2312,69;2025-08-14;2025-08-21;Pago
3279;274;2025-08;3777,68;2025-09-11;2025-09-21;Pago
3280;274;2025-09;893,68;2025-10-17;2025-10-25;Pago
3281;274;2025-10;561,39;2025-11-23;2025-12-01;Pago
3282;274;2025-11;825,41;2025-12-18;2025-12-19;Pago
3283;274;2025-12;2552,85;2026-01-15;2026-01-17;Pago
3284;274;2026-01;4234,7;2026-02-18;2026-02-22;Pago
3285;274;2026-02;562,23;2026-03-23;2026-03-25;Pago
3286;274;2026-03;2953,19;2026-04-22;2026-04-26;Pago
3287;274;2026-04;3364,02;2026-05-10;;Pendente
3288;274;2026-05;4174,82;2026-06-18;2026-06-27;Pago
3289;275;2025-07;4377,8;2025-07-12;2025-07-20;Pago
3290;275;2025-07;461,32;2025-08-12;2025-08-26;Pago
3291;275;2025-08;2607,48;2025-09-14;2025-09-20;Pago
3292;275;2025-09;2391,08;2025-10-19;2025-10-23;Pago
3293;275;2025-10;593,05;2025-11-12;2025-11-26;Pago
3294;275;2025-11;2878,61;2025-12-17;;Pendente
3295;275;2025-12;510,41;2026-01-07;2026-01-07;Pago
3296;275;2026-01;2157,8;2026-02-18;2026-02-19;Pago
3297;275;2026-02;2577,06;2026-03-10;;Pendente
3298;275;2026-03;2667,75;2026-04-12;2026-04-19;Pago
3299;275;2026-04;2466,82;2026-05-07;2026-05-12;Pago
3300;275;2026-05;1079,79;2026-06-09;2026-06-10;Pago
3301;276;2025-07;3187,9;2025-07-18;;Pendente
3302;276;2025-07;1111,62;2025-08-20;2025-08-27;Pago
3303;276;2025-08;1824,22;2025-09-10;2025-09-07;Pago
3304;276;2025-09;4261,43;2025-10-13;2025-10-25;Pago
3305;276;2025-10;1390,35;2025-11-17;2025-11-27;Pago
3306;276;2025-11;1160,54;2025-12-13;2025-12-18;Pago
3307;276;2025-12;2353,8;2026-01-10;2026-01-07;Pago
3308;276;2026-01;1935,04;2026-02-16;2026-03-03;Pago
3309;276;2026-02;2417,18;2026-03-09;2026-03-20;Pago
3310;276;2026-03;3905,43;2026-04-15;2026-04-20;Pago
3311;276;2026-04;1718,22;2026-05-19;2026-05-27;Pago
3312;276;2026-05;2431,48;2026-06-06;2026-06-18;Pago
3313;277;2025-07;835,97;2025-07-21;2025-07-30;Pago
3314;277;2025-07;2575,14;2025-08-12;;Pendente
3315;277;2025-08;1896,48;2025-09-24;2025-09-27;Pago
3316;277;2025-09;1471,67;2025-10-19;2025-10-28;Pago
3317;277;2025-10;988,15;2025-11-15;2025-11-18;Pago
3318;277;2025-11;3762,88;2025-12-13;2025-12-26;Pago
3319;277;2025-12;954,15;2026-01-10;2026-01-23;Pago
3320;277;2026-01;3793,39;2026-02-14;2026-02-12;Pago
3321;277;2026-02;1665,26;2026-03-14;2026-03-18;Pago
3322;277;2026-03;1496,41;2026-04-20;2026-04-18;Pago
3323;277;2026-04;906,97;2026-05-11;2026-05-11;Pago
3324;277;2026-05;3771,37;2026-06-09;2026-06-14;Pago
3325;278;2025-07;1167,33;2025-07-25;2025-08-03;Pago
3326;278;2025-07;3699,22;2025-08-21;2025-08-24;Pago
3327;278;2025-08;2104,18;2025-09-18;2025-09-26;Pago
3328;278;2025-09;676,04;2025-10-16;;Pendente
3329;278;2025-10;482,8;2025-11-11;2025-11-16;Pago
3330;278;2025-11;3897,65;2025-12-16;2025-12-14;Pago
3331;278;2025-12;1010,42;2026-01-18;2026-01-18;Pago
3332;278;2026-01;3813,07;2026-02-08;2026-02-22;Pago
3333;278;2026-02;2486,29;2026-03-16;2026-03-19;Pago
3334;278;2026-03;2946,73;2026-04-16;;Pendente
3335;278;2026-04;3168,04;2026-05-17;2026-05-31;Pago
3336;278;2026-05;2558,34;2026-06-11;2026-06-16;Pago
3337;279;2025-07;3768,69;2025-07-17;2025-07-17;Pago
3338;279;2025-07;952,22;2025-08-16;2025-08-31;Pago
3339;279;2025-08;2844,85;2025-09-19;2025-09-17;Pago
3340;279;2025-09;4381,09;2025-10-11;;Pendente
3341;279;2025-10;2347,9;2025-11-15;2025-11-16;Pago
3342;279;2025-11;1538,01;2025-12-14;2025-12-19;Pago
3343;279;2025-12;4309,28;2026-01-08;2026-01-18;Pago
3344;279;2026-01;4357,68;2026-02-19;2026-02-18;Pago
3345;279;2026-02;550,97;2026-03-22;;Pendente
3346;279;2026-03;4025,88;2026-04-21;2026-04-26;Pago
3347;279;2026-04;2078,49;2026-05-11;2026-05-20;Pago
3348;279;2026-05;935,32;2026-06-12;2026-06-13;Pago
3349;280;2025-07;4423,6;2025-07-21;2025-08-03;Pago
3350;280;2025-07;1407,01;2025-08-25;2025-09-08;Pago
3351;280;2025-08;606,2;2025-09-23;2025-09-24;Pago
3352;280;2025-09;3957,49;2025-10-24;2025-10-30;Pago
3353;280;2025-10;1913,53;2025-11-17;2025-11-24;Pago
3354;280;2025-11;807,56;2025-12-18;2025-12-25;Pago
3355;280;2025-12;1350,55;2026-01-13;2026-01-24;Pago
3356;280;2026-01;2381,87;2026-02-20;2026-02-24;Pago
3357;280;2026-02;1715,89;2026-03-18;2026-03-27;Pago
3358;280;2026-03;2844,5;2026-04-14;2026-04-23;Pago
3359;280;2026-04;2659,06;2026-05-08;2026-05-22;Pago
3360;280;2026-05;2332,64;2026-06-09;2026-06-06;Pago
3361;281;2025-07;1269,88;2025-07-15;2025-07-12;Pago
3362;281;2025-07;1044,05;2025-08-21;2025-08-18;Pago
3363;281;2025-08;3465,94;2025-09-12;2025-09-25;Pago
3364;281;2025-09;3131,82;2025-10-22;2025-10-20;Pago
3365;281;2025-10;811,0;2025-11-16;2025-11-30;Pago
3366;281;2025-11;3537,81;2025-12-21;;Pendente
3367;281;2025-12;1367,89;2026-01-14;2026-01-14;Pago
3368;281;2026-01;2464,08;2026-02-20;2026-02-19;Pago
3369;281;2026-02;1837,46;2026-03-20;2026-03-18;Pago
3370;281;2026-03;2313,07;2026-04-07;2026-04-09;Pago
3371;281;2026-04;1539,06;2026-05-14;2026-05-23;Pago
3372;281;2026-05;915,83;2026-06-20;;Pendente
3373;282;2025-07;4415,06;2025-07-17;2025-07-30;Pago
3374;282;2025-07;3104,3;2025-08-13;2025-08-17;Pago
3375;282;2025-08;1529,49;2025-09-18;2025-09-29;Pago
3376;282;2025-09;2677,5;2025-10-15;2025-10-14;Pago
3377;282;2025-10;950,7;2025-11-22;2025-12-01;Pago
3378;282;2025-11;3730,11;2025-12-23;2025-12-23;Pago
3379;282;2025-12;924,4;2026-01-15;2026-01-30;Pago
3380;282;2026-01;2609,22;2026-02-07;2026-02-04;Pago
3381;282;2026-02;4049,62;2026-03-10;2026-03-25;Pago
3382;282;2026-03;3916,79;2026-04-21;2026-05-06;Pago
3383;282;2026-04;1688,24;2026-05-21;2026-05-18;Pago
3384;282;2026-05;2577,18;2026-06-15;2026-06-27;Pago
3385;283;2025-07;3996,31;2025-07-22;2025-08-01;Pago
3386;283;2025-07;3630,97;2025-08-14;2025-08-21;Pago
3387;283;2025-08;3377,63;2025-09-20;;Pendente
3388;283;2025-09;3384,58;2025-10-23;2025-10-22;Pago
3389;283;2025-10;1753,52;2025-11-21;2025-11-22;Pago
3390;283;2025-11;688,31;2025-12-22;2026-01-06;Pago
3391;283;2025-12;1748,28;2026-01-19;2026-01-17;Pago
3392;283;2026-01;3614,05;2026-02-10;2026-02-14;Pago
3393;283;2026-02;736,14;2026-03-10;2026-03-20;Pago
3394;283;2026-03;3999,04;2026-04-09;2026-04-15;Pago
3395;283;2026-04;4401,41;2026-05-15;2026-05-12;Pago
3396;283;2026-05;2406,4;2026-06-16;;Pendente
3397;284;2025-07;4337,31;2025-07-22;2025-07-23;Pago
3398;284;2025-07;2232,52;2025-08-21;2025-08-31;Pago
3399;284;2025-08;2042,28;2025-09-13;;Pendente
3400;284;2025-09;3187,92;2025-10-16;2025-10-15;Pago
3401;284;2025-10;641,54;2025-11-14;2025-11-19;Pago
3402;284;2025-11;745,11;2025-12-19;2026-01-01;Pago
3403;284;2025-12;2120,15;2026-01-12;2026-01-25;Pago
3404;284;2026-01;2406,16;2026-02-18;2026-03-05;Pago
3405;284;2026-02;2708,67;2026-03-21;2026-03-26;Pago
3406;284;2026-03;2185,31;2026-04-15;2026-04-28;Pago
3407;284;2026-04;2410,72;2026-05-19;2026-06-02;Pago
3408;284;2026-05;3760,59;2026-06-07;2026-06-12;Pago
3409;285;2025-07;1530,32;2025-07-21;2025-07-20;Pago
3410;285;2025-07;3843,03;2025-08-12;2025-08-20;Pago
3411;285;2025-08;4048,21;2025-09-16;2025-09-18;Pago
3412;285;2025-09;3660,37;2025-10-20;2025-10-24;Pago
3413;285;2025-10;1442,93;2025-11-08;2025-11-07;Pago
3414;285;2025-11;2749,64;2025-12-10;2025-12-14;Pago
3415;285;2025-12;3275,7;2026-01-18;2026-01-20;Pago
3416;285;2026-01;3166,25;2026-02-18;2026-02-17;Pago
3417;285;2026-02;998,97;2026-03-20;2026-03-22;Pago
3418;285;2026-03;1543,79;2026-04-14;2026-04-20;Pago
3419;285;2026-04;3530,58;2026-05-22;2026-06-06;Pago
3420;285;2026-05;524,37;2026-06-12;2026-06-16;Pago
3421;286;2025-07;1916,19;2025-07-18;2025-07-23;Pago
3422;286;2025-07;3265,08;2025-08-20;2025-08-30;Pago
3423;286;2025-08;953,24;2025-09-16;2025-09-24;Pago
3424;286;2025-09;4267,59;2025-10-18;2025-10-29;Pago
3425;286;2025-10;4381,58;2025-11-23;2025-11-29;Pago
3426;286;2025-11;2250,85;2025-12-13;2025-12-20;Pago
3427;286;2025-12;3818,72;2026-01-08;2026-01-13;Pago
3428;286;2026-01;3603,58;2026-02-09;;Pendente
3429;286;2026-02;2530,27;2026-03-08;2026-03-08;Pago
3430;286;2026-03;4392,19;2026-04-20;2026-05-02;Pago
3431;286;2026-04;2807,41;2026-05-12;2026-05-26;Pago
3432;286;2026-05;4378,31;2026-06-21;2026-07-05;Pago
3433;287;2025-07;2309,39;2025-07-26;2025-07-27;Pago
3434;287;2025-07;3979,57;2025-08-11;2025-08-16;Pago
3435;287;2025-08;3499,58;2025-09-21;2025-09-20;Pago
3436;287;2025-09;724,26;2025-10-15;2025-10-20;Pago
3437;287;2025-10;516,02;2025-11-14;2025-11-24;Pago
3438;287;2025-11;729,52;2025-12-17;2025-12-18;Pago
3439;287;2025-12;2133,55;2026-01-22;2026-01-25;Pago
3440;287;2026-01;2386,53;2026-02-13;2026-02-24;Pago
3441;287;2026-02;1539,1;2026-03-22;2026-04-06;Pago
3442;287;2026-03;1696,85;2026-04-17;2026-04-22;Pago
3443;287;2026-04;1096,57;2026-05-16;2026-05-29;Pago
3444;287;2026-05;4075,51;2026-06-20;2026-06-25;Pago
3445;288;2025-07;2631,1;2025-07-11;;Pendente
3446;288;2025-07;4078,58;2025-08-24;2025-09-08;Pago
3447;288;2025-08;2808,22;2025-09-09;2025-09-19;Pago
3448;288;2025-09;4021,21;2025-10-14;2025-10-21;Pago
3449;288;2025-10;4167,89;2025-11-14;2025-11-16;Pago
3450;288;2025-11;3399,37;2025-12-17;2025-12-21;Pago
3451;288;2025-12;2347,26;2026-01-18;;Pendente
3452;288;2026-01;1813,32;2026-02-21;2026-03-01;Pago
3453;288;2026-02;3398,64;2026-03-09;2026-03-21;Pago
3454;288;2026-03;3391,99;2026-04-14;2026-04-27;Pago
3455;288;2026-04;4240,09;2026-05-13;2026-05-11;Pago
3456;288;2026-05;2549,28;2026-06-07;2026-06-12;Pago
3457;289;2025-07;3095,02;2025-07-24;2025-08-06;Pago
3458;289;2025-07;1268,84;2025-08-12;2025-08-23;Pago
3459;289;2025-08;2912,79;2025-09-22;2025-09-21;Pago
3460;289;2025-09;1024,72;2025-10-11;2025-10-26;Pago
3461;289;2025-10;453,61;2025-11-17;2025-11-17;Pago
3462;289;2025-11;1541,91;2025-12-15;;Pendente
3463;289;2025-12;1648,06;2026-01-13;2026-01-27;Pago
3464;289;2026-01;4242,83;2026-02-09;2026-02-20;Pago
3465;289;2026-02;4499,43;2026-03-18;2026-03-28;Pago
3466;289;2026-03;769,36;2026-04-21;2026-04-18;Pago
3467;289;2026-04;735,14;2026-05-15;2026-05-15;Pago
3468;289;2026-05;1716,97;2026-06-17;2026-06-15;Pago
3469;290;2025-07;3091,47;2025-07-22;2025-07-28;Pago
3470;290;2025-07;4164,14;2025-08-21;2025-09-05;Pago
3471;290;2025-08;3402,72;2025-09-10;2025-09-07;Pago
3472;290;2025-09;2231,21;2025-10-24;2025-11-06;Pago
3473;290;2025-10;2798,83;2025-11-20;2025-12-01;Pago
3474;290;2025-11;2968,21;2025-12-08;;Pendente
3475;290;2025-12;2154,36;2026-01-16;2026-01-19;Pago
3476;290;2026-01;4008,28;2026-02-10;2026-02-24;Pago
3477;290;2026-02;4268,89;2026-03-23;;Pendente
3478;290;2026-03;1772,45;2026-04-20;2026-05-03;Pago
3479;290;2026-04;2101,61;2026-05-21;2026-05-30;Pago
3480;290;2026-05;905,18;2026-06-12;2026-06-13;Pago
3481;291;2025-07;4022,88;2025-07-23;;Pendente
3482;291;2025-07;2635,01;2025-08-12;2025-08-14;Pago
3483;291;2025-08;2637,08;2025-09-14;2025-09-15;Pago
3484;291;2025-09;705,76;2025-10-22;2025-10-28;Pago
3485;291;2025-10;1193,96;2025-11-22;2025-11-24;Pago
3486;291;2025-11;4319,94;2025-12-23;2025-12-26;Pago
3487;291;2025-12;2508,46;2026-01-08;2026-01-07;Pago
3488;291;2026-01;1774,36;2026-02-14;2026-02-11;Pago
3489;291;2026-02;3451,14;2026-03-21;2026-04-05;Pago
3490;291;2026-03;3259,72;2026-04-14;2026-04-16;Pago
3491;291;2026-04;3741,59;2026-05-07;2026-05-17;Pago
3492;291;2026-05;1176,66;2026-06-20;2026-06-25;Pago
3493;292;2025-07;2275,33;2025-07-25;2025-07-25;Pago
3494;292;2025-07;4174,85;2025-08-15;2025-08-26;Pago
3495;292;2025-08;2798,16;2025-09-14;2025-09-26;Pago
3496;292;2025-09;3285,28;2025-10-24;;Pendente
3497;292;2025-10;1789,02;2025-11-15;2025-11-17;Pago
3498;292;2025-11;1850,98;2025-12-08;2025-12-23;Pago
3499;292;2025-12;2796,34;2026-01-21;2026-01-21;Pago
3500;292;2026-01;4318,81;2026-02-21;2026-03-03;Pago
3501;292;2026-02;4336,84;2026-03-17;2026-03-21;Pago
3502;292;2026-03;2571,1;2026-04-19;2026-04-30;Pago
3503;292;2026-04;1475,19;2026-05-19;2026-05-16;Pago
3504;292;2026-05;1565,87;2026-06-10;2026-06-14;Pago
3505;293;2025-07;1401,04;2025-07-25;2025-08-06;Pago
3506;293;2025-07;3237,96;2025-08-12;2025-08-27;Pago
3507;293;2025-08;1074,58;2025-09-12;2025-09-11;Pago
3508;293;2025-09;3783,34;2025-10-18;2025-11-02;Pago
3509;293;2025-10;2073,53;2025-11-21;2025-11-27;Pago
3510;293;2025-11;4416,99;2025-12-12;2025-12-22;Pago
3511;293;2025-12;2745,26;2026-01-12;2026-01-12;Pago
3512;293;2026-01;4188,38;2026-02-10;2026-02-12;Pago
3513;293;2026-02;833,33;2026-03-13;2026-03-12;Pago
3514;293;2026-03;3267,71;2026-04-17;2026-04-14;Pago
3515;293;2026-04;4186,7;2026-05-08;2026-05-21;Pago
3516;293;2026-05;680,09;2026-06-18;2026-06-17;Pago
3517;294;2025-07;3027,91;2025-07-12;2025-07-15;Pago
3518;294;2025-07;3788,81;2025-08-10;2025-08-07;Pago
3519;294;2025-08;1888,74;2025-09-15;2025-09-19;Pago
3520;294;2025-09;2054,95;2025-10-09;2025-10-18;Pago
3521;294;2025-10;2813,97;2025-11-08;2025-11-11;Pago
3522;294;2025-11;907,5;2025-12-14;2025-12-18;Pago
3523;294;2025-12;2680,28;2026-01-12;2026-01-09;Pago
3524;294;2026-01;4175,56;2026-02-17;;Pendente
3525;294;2026-02;3198,15;2026-03-09;2026-03-08;Pago
3526;294;2026-03;2783,59;2026-04-09;2026-04-17;Pago
3527;294;2026-04;4483,35;2026-05-15;2026-05-13;Pago
3528;294;2026-05;3167,42;2026-06-15;2026-06-27;Pago
3529;295;2025-07;3956,88;2025-07-20;2025-08-02;Pago
3530;295;2025-07;1282,92;2025-08-23;2025-08-28;Pago
3531;295;2025-08;4055,88;2025-09-23;2025-10-05;Pago
3532;295;2025-09;2399,38;2025-10-21;2025-10-23;Pago
3533;295;2025-10;3513,79;2025-11-13;;Pendente
3534;295;2025-11;2268,26;2025-12-09;2025-12-20;Pago
3535;295;2025-12;3345,46;2026-01-20;2026-01-24;Pago
3536;295;2026-01;4121,73;2026-02-19;2026-03-05;Pago
3537;295;2026-02;3758,92;2026-03-10;2026-03-12;Pago
3538;295;2026-03;2416,07;2026-04-11;2026-04-13;Pago
3539;295;2026-04;3184,43;2026-05-19;;Pendente
3540;295;2026-05;1125,77;2026-06-17;2026-06-28;Pago
3541;296;2025-07;3393,36;2025-07-16;2025-07-20;Pago
3542;296;2025-07;3599,27;2025-08-11;2025-08-24;Pago
3543;296;2025-08;2907,29;2025-09-18;2025-09-25;Pago
3544;296;2025-09;604,33;2025-10-22;2025-10-19;Pago
3545;296;2025-10;2052,79;2025-11-09;2025-11-14;Pago
3546;296;2025-11;2694,32;2025-12-14;2025-12-16;Pago
3547;296;2025-12;1981,77;2026-01-19;2026-01-27;Pago
3548;296;2026-01;3545,82;2026-02-10;2026-02-08;Pago
3549;296;2026-02;4242,71;2026-03-15;2026-03-26;Pago
3550;296;2026-03;3170,88;2026-04-09;2026-04-18;Pago
3551;296;2026-04;2429,14;2026-05-15;2026-05-28;Pago
3552;296;2026-05;2692,8;2026-06-09;2026-06-07;Pago
3553;297;2025-07;3182,07;2025-07-14;2025-07-21;Pago
3554;297;2025-07;4179,5;2025-08-23;2025-08-24;Pago
3555;297;2025-08;512,4;2025-09-15;2025-09-22;Pago
3556;297;2025-09;3792,19;2025-10-18;;Pendente
3557;297;2025-10;3088,09;2025-11-16;2025-11-26;Pago
3558;297;2025-11;506,21;2025-12-10;2025-12-19;Pago
3559;297;2025-12;2173,43;2026-01-11;2026-01-26;Pago
3560;297;2026-01;2914,32;2026-02-10;2026-02-10;Pago
3561;297;2026-02;1562,21;2026-03-11;2026-03-25;Pago
3562;297;2026-03;3042,77;2026-04-09;2026-04-07;Pago
3563;297;2026-04;3306,82;2026-05-22;2026-05-23;Pago
3564;297;2026-05;1880,33;2026-06-20;2026-06-26;Pago
3565;298;2025-07;4384,87;2025-07-12;2025-07-18;Pago
3566;298;2025-07;1256,86;2025-08-18;2025-08-25;Pago
3567;298;2025-08;1799,3;2025-09-17;2025-09-17;Pago
3568;298;2025-09;2649,03;2025-10-24;2025-11-01;Pago
3569;298;2025-10;2492,79;2025-11-23;;Pendente
3570;298;2025-11;724,7;2025-12-14;2025-12-15;Pago
3571;298;2025-12;1879,27;2026-01-18;2026-01-15;Pago
3572;298;2026-01;2386,17;2026-02-11;;Pendente
3573;298;2026-02;4239,85;2026-03-11;2026-03-08;Pago
3574;298;2026-03;3690,66;2026-04-19;2026-04-19;Pago
3575;298;2026-04;2953,72;2026-05-08;2026-05-16;Pago
3576;298;2026-05;3081,44;2026-06-12;2026-06-09;Pago
3577;299;2025-07;3300,2;2025-07-16;2025-07-29;Pago
3578;299;2025-07;2992,54;2025-08-16;2025-08-31;Pago
3579;299;2025-08;2809,51;2025-09-20;2025-09-29;Pago
3580;299;2025-09;3221,94;2025-10-16;2025-10-15;Pago
3581;299;2025-10;2570,2;2025-11-15;2025-11-17;Pago
3582;299;2025-11;471,35;2025-12-21;2025-12-21;Pago
3583;299;2025-12;2941,45;2026-01-16;2026-01-30;Pago
3584;299;2026-01;1711,63;2026-02-09;2026-02-17;Pago
3585;299;2026-02;4188,93;2026-03-19;2026-04-01;Pago
3586;299;2026-03;1587,62;2026-04-11;2026-04-13;Pago
3587;299;2026-04;4081,64;2026-05-12;2026-05-24;Pago
3588;299;2026-05;1451,54;2026-06-19;2026-07-02;Pago
3589;300;2025-07;2396,32;2025-07-16;2025-07-29;Pago
3590;300;2025-07;1877,03;2025-08-17;2025-08-25;Pago
3591;300;2025-08;787,82;2025-09-12;2025-09-12;Pago
3592;300;2025-09;1045,08;2025-10-17;;Pendente
3593;300;2025-10;611,98;2025-11-11;2025-11-23;Pago
3594;300;2025-11;3921,59;2025-12-13;;Pendente
3595;300;2025-12;703,09;2026-01-21;2026-02-03;Pago
3596;300;2026-01;4491,84;2026-02-10;;Pendente
3597;300;2026-02;1090,9;2026-03-18;;Pendente
3598;300;2026-03;2972,07;2026-04-07;;Pendente
3599;300;2026-04;4154,73;2026-05-13;2026-05-26;Pago
3600;300;2026-05;2147,9;2026-06-07;2026-06-12;Pago
3601;301;2025-07;3341,45;2025-07-24;2025-07-29;Pago
3602;301;2025-07;2462,09;2025-08-24;2025-09-02;Pago
3603;301;2025-08;2369,52;2025-09-11;2025-09-11;Pago
3604;301;2025-09;1594,88;2025-10-24;2025-11-05;Pago
3605;301;2025-10;2048,19;2025-11-22;2025-11-28;Pago
3606;301;2025-11;3990,44;2025-12-14;2025-12-23;Pago
3607;301;2025-12;721,26;2026-01-16;2026-01-15;Pago
3608;301;2026-01;3247,74;2026-02-14;2026-03-01;Pago
3609;301;2026-02;797,59;2026-03-13;2026-03-19;Pago
3610;301;2026-03;3860,74;2026-04-21;2026-04-30;Pago
3611;301;2026-04;1501,59;2026-05-08;2026-05-20;Pago
3612;301;2026-05;2759,85;2026-06-09;2026-06-17;Pago
3613;302;2025-07;3775,22;2025-07-11;2025-07-10;Pago
3614;302;2025-07;477,94;2025-08-21;2025-08-18;Pago
3615;302;2025-08;1444,77;2025-09-13;;Pendente
3616;302;2025-09;2769,47;2025-10-14;2025-10-14;Pago
3617;302;2025-10;1579,18;2025-11-22;2025-12-04;Pago
3618;302;2025-11;3390,92;2025-12-11;2025-12-24;Pago
3619;302;2025-12;4407,55;2026-01-12;2026-01-09;Pago
3620;302;2026-01;2960,13;2026-02-19;2026-02-21;Pago
3621;302;2026-02;599,9;2026-03-10;2026-03-18;Pago
3622;302;2026-03;1446,78;2026-04-09;2026-04-18;Pago
3623;302;2026-04;4303,9;2026-05-12;2026-05-19;Pago
3624;302;2026-05;3469,57;2026-06-17;;Pendente
3625;303;2025-07;2573,58;2025-07-18;2025-07-17;Pago
3626;303;2025-07;4080,17;2025-08-13;;Pendente
3627;303;2025-08;601,16;2025-09-22;;Pendente
3628;303;2025-09;1271,38;2025-10-16;2025-10-19;Pago
3629;303;2025-10;721,8;2025-11-08;2025-11-22;Pago
3630;303;2025-11;3106,65;2025-12-08;2025-12-08;Pago
3631;303;2025-12;3942,77;2026-01-12;2026-01-18;Pago
3632;303;2026-01;4308,1;2026-02-13;2026-02-21;Pago
3633;303;2026-02;2490,29;2026-03-10;2026-03-19;Pago
3634;303;2026-03;865,09;2026-04-15;2026-04-28;Pago
3635;303;2026-04;1352,17;2026-05-21;2026-05-27;Pago
3636;303;2026-05;3034,45;2026-06-13;2026-06-26;Pago
3637;304;2025-07;1264,38;2025-07-15;2025-07-16;Pago
3638;304;2025-07;1434,75;2025-08-24;2025-09-02;Pago
3639;304;2025-08;4192,72;2025-09-21;2025-10-02;Pago
3640;304;2025-09;2394,64;2025-10-23;;Pendente
3641;304;2025-10;1419,32;2025-11-14;2025-11-25;Pago
3642;304;2025-11;1764,54;2025-12-19;2025-12-20;Pago
3643;304;2025-12;1231,78;2026-01-10;2026-01-22;Pago
3644;304;2026-01;2142,74;2026-02-11;2026-02-22;Pago
3645;304;2026-02;2800,76;2026-03-22;2026-03-29;Pago
3646;304;2026-03;574,14;2026-04-07;2026-04-16;Pago
3647;304;2026-04;1641,37;2026-05-12;2026-05-09;Pago
3648;304;2026-05;4451,27;2026-06-17;2026-06-21;Pago
3649;305;2025-07;2547,56;2025-07-20;2025-07-31;Pago
3650;305;2025-07;1060,21;2025-08-16;2025-08-20;Pago
3651;305;2025-08;981,71;2025-09-20;2025-09-17;Pago
3652;305;2025-09;1907,09;2025-10-12;2025-10-16;Pago
3653;305;2025-10;2196,01;2025-11-21;2025-12-01;Pago
3654;305;2025-11;1386,65;2025-12-15;2025-12-15;Pago
3655;305;2025-12;4472,27;2026-01-14;2026-01-18;Pago
3656;305;2026-01;4415,88;2026-02-16;2026-02-27;Pago
3657;305;2026-02;2440,82;2026-03-17;2026-03-22;Pago
3658;305;2026-03;3066,38;2026-04-12;2026-04-15;Pago
3659;305;2026-04;2640,34;2026-05-22;2026-05-19;Pago
3660;305;2026-05;1963,67;2026-06-20;2026-06-26;Pago
3661;306;2025-07;1037,87;2025-07-22;2025-08-02;Pago
3662;306;2025-07;2350,62;2025-08-20;;Pendente
3663;306;2025-08;1305,86;2025-09-09;2025-09-09;Pago
3664;306;2025-09;3236,43;2025-10-12;2025-10-14;Pago
3665;306;2025-10;1413,26;2025-11-12;2025-11-18;Pago
3666;306;2025-11;3652,09;2025-12-16;2025-12-14;Pago
3667;306;2025-12;813,99;2026-01-10;2026-01-08;Pago
3668;306;2026-01;1187,09;2026-02-11;2026-02-15;Pago
3669;306;2026-02;1347,43;2026-03-10;2026-03-10;Pago
3670;306;2026-03;1499,82;2026-04-09;2026-04-10;Pago
3671;306;2026-04;4100,84;2026-05-16;2026-05-21;Pago
3672;306;2026-05;2099,85;2026-06-07;2026-06-12;Pago
3673;307;2025-07;1654,21;2025-07-21;2025-07-28;Pago
3674;307;2025-07;2126,07;2025-08-13;2025-08-14;Pago
3675;307;2025-08;4462,05;2025-09-12;2025-09-22;Pago
3676;307;2025-09;2808,44;2025-10-17;2025-10-28;Pago
3677;307;2025-10;1787,37;2025-11-19;2025-12-03;Pago
3678;307;2025-11;4133,39;2025-12-20;2025-12-20;Pago
3679;307;2025-12;1691,09;2026-01-16;2026-01-15;Pago
3680;307;2026-01;3801,64;2026-02-18;2026-03-02;Pago
3681;307;2026-02;3332,24;2026-03-08;2026-03-05;Pago
3682;307;2026-03;2262,73;2026-04-13;2026-04-20;Pago
3683;307;2026-04;3041,91;2026-05-21;2026-05-31;Pago
3684;307;2026-05;4196,89;2026-06-13;;Pendente
3685;308;2025-07;801,15;2025-07-21;2025-07-19;Pago
3686;308;2025-07;4169,78;2025-08-22;2025-09-02;Pago
3687;308;2025-08;1290,24;2025-09-14;2025-09-26;Pago
3688;308;2025-09;1936,51;2025-10-19;2025-10-20;Pago
3689;308;2025-10;1255,68;2025-11-19;2025-11-29;Pago
3690;308;2025-11;1228,6;2025-12-21;2025-12-25;Pago
3691;308;2025-12;1889,9;2026-01-07;2026-01-19;Pago
3692;308;2026-01;3154,06;2026-02-08;2026-02-23;Pago
3693;308;2026-02;2368,52;2026-03-13;2026-03-19;Pago
3694;308;2026-03;663,5;2026-04-11;2026-04-20;Pago
3695;308;2026-04;567,32;2026-05-15;2026-05-17;Pago
3696;308;2026-05;1441,62;2026-06-20;2026-06-28;Pago
3697;309;2025-07;2352,98;2025-07-24;2025-07-31;Pago
3698;309;2025-07;2062,04;2025-08-19;2025-09-02;Pago
3699;309;2025-08;1752,73;2025-09-09;2025-09-18;Pago
3700;309;2025-09;1594,53;2025-10-09;2025-10-16;Pago
3701;309;2025-10;2463,68;2025-11-16;2025-12-01;Pago
3702;309;2025-11;3269,76;2025-12-18;2025-12-21;Pago
3703;309;2025-12;4363,03;2026-01-12;2026-01-13;Pago
3704;309;2026-01;1158,85;2026-02-16;2026-02-26;Pago
3705;309;2026-02;2049,69;2026-03-16;2026-03-29;Pago
3706;309;2026-03;3707,73;2026-04-10;2026-04-08;Pago
3707;309;2026-04;3735,95;2026-05-18;2026-05-15;Pago
3708;309;2026-05;3722,25;2026-06-08;2026-06-20;Pago
3709;310;2025-07;3482,76;2025-07-19;2025-08-01;Pago
3710;310;2025-07;2432,97;2025-08-24;2025-08-22;Pago
3711;310;2025-08;907,46;2025-09-15;2025-09-24;Pago
3712;310;2025-09;1676,75;2025-10-16;2025-10-28;Pago
3713;310;2025-10;2321,9;2025-11-19;2025-11-16;Pago
3714;310;2025-11;1981,51;2025-12-09;;Pendente
3715;310;2025-12;4324,4;2026-01-19;2026-01-18;Pago
3716;310;2026-01;1457,37;2026-02-12;2026-02-24;Pago
3717;310;2026-02;1187,86;2026-03-17;2026-03-23;Pago
3718;310;2026-03;1769,49;2026-04-08;2026-04-23;Pago
3719;310;2026-04;4443,28;2026-05-15;2026-05-29;Pago
3720;310;2026-05;3941,46;2026-06-20;2026-06-30;Pago
3721;311;2025-07;2820,24;2025-07-24;2025-07-24;Pago
3722;311;2025-07;3281,68;2025-08-14;;Pendente
3723;311;2025-08;1808,2;2025-09-20;2025-10-02;Pago
3724;311;2025-09;2125,96;2025-10-09;2025-10-18;Pago
3725;311;2025-10;2327,57;2025-11-14;2025-11-20;Pago
3726;311;2025-11;892,13;2025-12-21;2025-12-31;Pago
3727;311;2025-12;2456,18;2026-01-07;2026-01-06;Pago
3728;311;2026-01;2259,02;2026-02-08;2026-02-15;Pago
3729;311;2026-02;2105,86;2026-03-21;2026-03-19;Pago
3730;311;2026-03;3812,29;2026-04-12;2026-04-19;Pago
3731;311;2026-04;1730,67;2026-05-09;2026-05-17;Pago
3732;311;2026-05;1438,32;2026-06-07;2026-06-13;Pago
3733;312;2025-07;4141,33;2025-07-11;2025-07-08;Pago
3734;312;2025-07;2186,47;2025-08-13;;Pendente
3735;312;2025-08;2006,01;2025-09-15;2025-09-15;Pago
3736;312;2025-09;3106,93;2025-10-17;2025-10-26;Pago
3737;312;2025-10;478,04;2025-11-23;2025-12-08;Pago
3738;312;2025-11;2942,18;2025-12-14;2025-12-28;Pago
3739;312;2025-12;1497,19;2026-01-18;2026-01-26;Pago
3740;312;2026-01;3232,76;2026-02-10;2026-02-22;Pago
3741;312;2026-02;3750,12;2026-03-12;2026-03-12;Pago
3742;312;2026-03;4178,32;2026-04-22;2026-04-20;Pago
3743;312;2026-04;2340,37;2026-05-19;2026-05-23;Pago
3744;312;2026-05;3470,33;2026-06-19;2026-06-20;Pago
3745;313;2025-07;459,65;2025-07-12;2025-07-20;Pago
3746;313;2025-07;541,96;2025-08-22;2025-08-19;Pago
3747;313;2025-08;3546,05;2025-09-23;2025-09-30;Pago
3748;313;2025-09;1468,03;2025-10-24;2025-11-01;Pago
3749;313;2025-10;2654,19;2025-11-08;2025-11-05;Pago
3750;313;2025-11;2012,5;2025-12-16;2025-12-20;Pago
3751;313;2025-12;958,55;2026-01-19;2026-02-03;Pago
3752;313;2026-01;1788,75;2026-02-06;2026-02-19;Pago
3753;313;2026-02;2932,99;2026-03-16;2026-03-29;Pago
3754;313;2026-03;524,87;2026-04-20;2026-04-24;Pago
3755;313;2026-04;4204,81;2026-05-18;2026-05-31;Pago
3756;313;2026-05;4345,98;2026-06-13;2026-06-22;Pago
3757;314;2025-07;1291,55;2025-07-13;2025-07-14;Pago
3758;314;2025-07;1990,53;2025-08-14;;Pendente
3759;314;2025-08;4086,97;2025-09-14;2025-09-17;Pago
3760;314;2025-09;1525,86;2025-10-13;2025-10-11;Pago
3761;314;2025-10;2364,28;2025-11-16;2025-11-23;Pago
3762;314;2025-11;1043,71;2025-12-17;2025-12-30;Pago
3763;314;2025-12;635,44;2026-01-13;2026-01-26;Pago
3764;314;2026-01;4160,03;2026-02-08;2026-02-19;Pago
3765;314;2026-02;3879,03;2026-03-22;2026-03-22;Pago
3766;314;2026-03;2405,1;2026-04-09;2026-04-14;Pago
3767;314;2026-04;3429,18;2026-05-09;2026-05-23;Pago
3768;314;2026-05;2288,0;2026-06-18;2026-06-24;Pago
3769;315;2025-07;2927,32;2025-07-18;2025-07-23;Pago
3770;315;2025-07;731,5;2025-08-18;2025-08-15;Pago
3771;315;2025-08;817,71;2025-09-18;2025-09-29;Pago
3772;315;2025-09;2660,0;2025-10-23;2025-10-27;Pago
3773;315;2025-10;3072,8;2025-11-11;2025-11-13;Pago
3774;315;2025-11;1812,19;2025-12-18;2025-12-20;Pago
3775;315;2025-12;645,58;2026-01-15;2026-01-30;Pago
3776;315;2026-01;2103,11;2026-02-21;2026-03-01;Pago
3777;315;2026-02;3611,92;2026-03-11;2026-03-12;Pago
3778;315;2026-03;1431,18;2026-04-15;2026-04-28;Pago
3779;315;2026-04;4013,62;2026-05-13;2026-05-23;Pago
3780;315;2026-05;2961,7;2026-06-14;2026-06-15;Pago
3781;316;2025-07;2420,69;2025-07-19;2025-07-23;Pago
3782;316;2025-07;2479,39;2025-08-12;2025-08-25;Pago
3783;316;2025-08;2149,87;2025-09-14;2025-09-20;Pago
3784;316;2025-09;551,91;2025-10-18;2025-10-30;Pago
3785;316;2025-10;642,58;2025-11-09;2025-11-10;Pago
3786;316;2025-11;2566,78;2025-12-13;2025-12-27;Pago
3787;316;2025-12;2187,47;2026-01-11;2026-01-23;Pago
3788;316;2026-01;1177,35;2026-02-20;2026-03-06;Pago
3789;316;2026-02;473,54;2026-03-16;2026-03-19;Pago
3790;316;2026-03;3634,85;2026-04-21;2026-04-18;Pago
3791;316;2026-04;2501,21;2026-05-13;2026-05-11;Pago
3792;316;2026-05;2455,79;2026-06-20;2026-06-21;Pago
3793;317;2025-07;537,43;2025-07-24;;Pendente
3794;317;2025-07;934,25;2025-08-16;;Pendente
3795;317;2025-08;1021,26;2025-09-11;;Pendente
3796;317;2025-09;3157,55;2025-10-17;2025-10-22;Pago
3797;317;2025-10;1358,91;2025-11-18;;Pendente
3798;317;2025-11;2786,87;2025-12-16;2025-12-29;Pago
3799;317;2025-12;2767,85;2026-01-21;2026-02-05;Pago
3800;317;2026-01;4413,91;2026-02-14;2026-02-16;Pago
3801;317;2026-02;4133,48;2026-03-19;2026-04-03;Pago
3802;317;2026-03;4188,22;2026-04-21;2026-04-21;Pago
3803;317;2026-04;1632,29;2026-05-07;2026-05-14;Pago
3804;317;2026-05;4377,41;2026-06-06;2026-06-15;Pago
3805;318;2025-07;2946,58;2025-07-16;2025-07-25;Pago
3806;318;2025-07;2401,43;2025-08-20;;Pendente
3807;318;2025-08;4137,51;2025-09-12;2025-09-24;Pago
3808;318;2025-09;1768,64;2025-10-15;2025-10-30;Pago
3809;318;2025-10;658,56;2025-11-15;2025-11-23;Pago
3810;318;2025-11;3485,37;2025-12-13;2025-12-24;Pago
3811;318;2025-12;1791,31;2026-01-13;2026-01-14;Pago
3812;318;2026-01;2617,75;2026-02-16;2026-02-27;Pago
3813;318;2026-02;1084,64;2026-03-22;2026-04-04;Pago
3814;318;2026-03;559,72;2026-04-22;2026-05-01;Pago
3815;318;2026-04;2775,73;2026-05-12;2026-05-15;Pago
3816;318;2026-05;2590,85;2026-06-18;2026-06-25;Pago
3817;319;2025-07;1914,52;2025-07-14;2025-07-18;Pago
3818;319;2025-07;1095,0;2025-08-11;2025-08-09;Pago
3819;319;2025-08;2485,0;2025-09-14;2025-09-25;Pago
3820;319;2025-09;829,19;2025-10-20;2025-10-26;Pago
3821;319;2025-10;1508,73;2025-11-23;2025-11-30;Pago
3822;319;2025-11;3389,01;2025-12-23;2026-01-07;Pago
3823;319;2025-12;3399,27;2026-01-22;2026-02-01;Pago
3824;319;2026-01;2115,56;2026-02-06;2026-02-13;Pago
3825;319;2026-02;1635,12;2026-03-15;2026-03-24;Pago
3826;319;2026-03;2203,83;2026-04-12;2026-04-10;Pago
3827;319;2026-04;2187,4;2026-05-20;2026-05-21;Pago
3828;319;2026-05;2205,73;2026-06-16;2026-06-15;Pago
3829;320;2025-07;559,62;2025-07-16;2025-07-17;Pago
3830;320;2025-07;2092,75;2025-08-21;2025-09-01;Pago
3831;320;2025-08;3652,7;2025-09-10;;Pendente
3832;320;2025-09;2324,88;2025-10-14;2025-10-12;Pago
3833;320;2025-10;4364,03;2025-11-22;2025-11-22;Pago
3834;320;2025-11;836,63;2025-12-17;2025-12-17;Pago
3835;320;2025-12;1933,09;2026-01-21;;Pendente
3836;320;2026-01;556,04;2026-02-13;;Pendente
3837;320;2026-02;2794,48;2026-03-15;2026-03-15;Pago
3838;320;2026-03;3213,95;2026-04-14;2026-04-29;Pago
3839;320;2026-04;1093,7;2026-05-17;2026-05-22;Pago
3840;320;2026-05;1712,6;2026-06-21;2026-07-04;Pago
3841;321;2025-07;1426,66;2025-07-23;2025-07-20;Pago
3842;321;2025-07;908,6;2025-08-19;2025-08-24;Pago
3843;321;2025-08;1024,48;2025-09-20;2025-09-26;Pago
3844;321;2025-09;2169,5;2025-10-24;;Pendente
3845;321;2025-10;4319,45;2025-11-16;2025-11-21;Pago
3846;321;2025-11;2995,98;2025-12-11;2025-12-20;Pago
3847;321;2025-12;558,06;2026-01-15;2026-01-25;Pago
3848;321;2026-01;1714,76;2026-02-08;2026-02-12;Pago
3849;321;2026-02;1755,9;2026-03-08;;Pendente
3850;321;2026-03;961,29;2026-04-21;;Pendente
3851;321;2026-04;1110,58;2026-05-08;2026-05-11;Pago
3852;321;2026-05;2210,97;2026-06-17;2026-06-28;Pago
3853;322;2025-07;1137,49;2025-07-18;2025-07-28;Pago
3854;322;2025-07;2858,96;2025-08-12;2025-08-21;Pago
3855;322;2025-08;1840,88;2025-09-23;2025-10-07;Pago
3856;322;2025-09;1037,75;2025-10-21;;Pendente
3857;322;2025-10;3034,33;2025-11-08;2025-11-12;Pago
3858;322;2025-11;2394,1;2025-12-18;2025-12-24;Pago
3859;322;2025-12;3301,18;2026-01-07;2026-01-13;Pago
3860;322;2026-01;1693,29;2026-02-12;2026-02-25;Pago
3861;322;2026-02;3672,08;2026-03-19;2026-04-01;Pago
3862;322;2026-03;1050,88;2026-04-16;2026-04-16;Pago
3863;322;2026-04;1483,53;2026-05-18;2026-05-31;Pago
3864;322;2026-05;3208,42;2026-06-19;2026-07-01;Pago
3865;323;2025-07;1599,81;2025-07-17;2025-07-19;Pago
3866;323;2025-07;4473,55;2025-08-25;2025-08-24;Pago
3867;323;2025-08;799,84;2025-09-12;2025-09-21;Pago
3868;323;2025-09;1596,49;2025-10-10;2025-10-08;Pago
3869;323;2025-10;1569,27;2025-11-15;2025-11-14;Pago
3870;323;2025-11;3556,22;2025-12-11;2025-12-19;Pago
3871;323;2025-12;1792,51;2026-01-09;2026-01-16;Pago
3872;323;2026-01;2508,66;2026-02-19;2026-02-18;Pago
3873;323;2026-02;3007,24;2026-03-23;2026-04-01;Pago
3874;323;2026-03;4055,93;2026-04-07;2026-04-06;Pago
3875;323;2026-04;3697,35;2026-05-22;2026-05-26;Pago
3876;323;2026-05;2347,96;2026-06-17;2026-06-21;Pago
3877;324;2025-07;1263,34;2025-07-13;2025-07-11;Pago
3878;324;2025-07;1995,91;2025-08-21;2025-08-29;Pago
3879;324;2025-08;3767,13;2025-09-20;2025-09-25;Pago
3880;324;2025-09;642,26;2025-10-12;;Pendente
3881;324;2025-10;3373,71;2025-11-17;2025-11-17;Pago
3882;324;2025-11;766,12;2025-12-11;2025-12-24;Pago
3883;324;2025-12;2324,4;2026-01-09;2026-01-14;Pago
3884;324;2026-01;4411,21;2026-02-17;2026-03-03;Pago
3885;324;2026-02;3492,38;2026-03-16;2026-03-30;Pago
3886;324;2026-03;2424,57;2026-04-07;2026-04-18;Pago
3887;324;2026-04;4091,1;2026-05-19;2026-05-31;Pago
3888;324;2026-05;1982,15;2026-06-19;2026-06-24;Pago
3889;325;2025-07;2501,93;2025-07-13;2025-07-28;Pago
3890;325;2025-07;4045,96;2025-08-20;2025-08-27;Pago
3891;325;2025-08;2205,17;2025-09-14;2025-09-24;Pago
3892;325;2025-09;674,31;2025-10-19;2025-10-22;Pago
3893;325;2025-10;2423,0;2025-11-22;2025-11-30;Pago
3894;325;2025-11;3533,31;2025-12-21;2026-01-04;Pago
3895;325;2025-12;1297,98;2026-01-17;2026-01-18;Pago
3896;325;2026-01;3347,05;2026-02-17;2026-02-19;Pago
3897;325;2026-02;1631,25;2026-03-20;2026-03-17;Pago
3898;325;2026-03;2307,13;2026-04-13;2026-04-14;Pago
3899;325;2026-04;1459,15;2026-05-07;2026-05-14;Pago
3900;325;2026-05;3084,09;2026-06-11;2026-06-24;Pago
3901;326;2025-07;1053,38;2025-07-21;2025-07-27;Pago
3902;326;2025-07;541,31;2025-08-24;2025-09-01;Pago
3903;326;2025-08;3279,58;2025-09-14;2025-09-14;Pago
3904;326;2025-09;3151,67;2025-10-20;2025-11-03;Pago
3905;326;2025-10;721,47;2025-11-17;2025-11-22;Pago
3906;326;2025-11;1374,58;2025-12-22;2025-12-21;Pago
3907;326;2025-12;2479,8;2026-01-20;2026-01-28;Pago
3908;326;2026-01;981,09;2026-02-08;2026-02-07;Pago
3909;326;2026-02;929,26;2026-03-21;2026-03-21;Pago
3910;326;2026-03;4037,78;2026-04-20;2026-04-21;Pago
3911;326;2026-04;3138,74;2026-05-08;2026-05-08;Pago
3912;326;2026-05;2560,75;2026-06-14;2026-06-24;Pago
3913;327;2025-07;2500,98;2025-07-16;2025-07-23;Pago
3914;327;2025-07;2322,53;2025-08-13;2025-08-20;Pago
3915;327;2025-08;750,28;2025-09-12;2025-09-24;Pago
3916;327;2025-09;1046,86;2025-10-15;2025-10-12;Pago
3917;327;2025-10;760,05;2025-11-16;2025-11-24;Pago
3918;327;2025-11;2778,75;2025-12-20;2025-12-23;Pago
3919;327;2025-12;2486,81;2026-01-17;;Pendente
3920;327;2026-01;2617,24;2026-02-15;;Pendente
3921;327;2026-02;480,18;2026-03-23;2026-03-30;Pago
3922;327;2026-03;3021,08;2026-04-09;2026-04-10;Pago
3923;327;2026-04;1949,42;2026-05-19;;Pendente
3924;327;2026-05;4229,98;2026-06-18;2026-06-16;Pago
3925;328;2025-07;1656,26;2025-07-13;2025-07-13;Pago
3926;328;2025-07;4281,76;2025-08-18;2025-08-23;Pago
3927;328;2025-08;3179,53;2025-09-23;2025-09-24;Pago
3928;328;2025-09;4323,53;2025-10-22;;Pendente
3929;328;2025-10;3967,45;2025-11-11;2025-11-15;Pago
3930;328;2025-11;506,72;2025-12-19;2025-12-25;Pago
3931;328;2025-12;3975,67;2026-01-21;2026-02-01;Pago
3932;328;2026-01;2137,53;2026-02-13;2026-02-16;Pago
3933;328;2026-02;2269,66;2026-03-21;2026-03-29;Pago
3934;328;2026-03;1104,68;2026-04-07;2026-04-09;Pago
3935;328;2026-04;486,26;2026-05-19;2026-05-22;Pago
3936;328;2026-05;2418,57;2026-06-08;2026-06-06;Pago
3937;329;2025-07;1433,41;2025-07-23;2025-07-30;Pago
3938;329;2025-07;4471,72;2025-08-11;2025-08-25;Pago
3939;329;2025-08;3013,35;2025-09-24;2025-09-23;Pago
3940;329;2025-09;2455,45;2025-10-11;2025-10-08;Pago
3941;329;2025-10;2939,72;2025-11-12;;Pendente
3942;329;2025-11;3726,52;2025-12-15;2025-12-18;Pago
3943;329;2025-12;3595,41;2026-01-16;2026-01-16;Pago
3944;329;2026-01;1553,84;2026-02-13;2026-02-24;Pago
3945;329;2026-02;2475,25;2026-03-12;2026-03-16;Pago
3946;329;2026-03;2420,33;2026-04-20;2026-04-30;Pago
3947;329;2026-04;785,91;2026-05-19;2026-05-23;Pago
3948;329;2026-05;3133,56;2026-06-07;2026-06-06;Pago
3949;330;2025-07;3581,46;2025-07-15;2025-07-12;Pago
3950;330;2025-07;2946,09;2025-08-23;2025-08-26;Pago
3951;330;2025-08;4165,14;2025-09-09;2025-09-06;Pago
3952;330;2025-09;1206,72;2025-10-15;2025-10-30;Pago
3953;330;2025-10;888,1;2025-11-15;2025-11-29;Pago
3954;330;2025-11;1018,73;2025-12-17;2025-12-23;Pago
3955;330;2025-12;3525,36;2026-01-09;2026-01-10;Pago
3956;330;2026-01;2299,52;2026-02-21;2026-02-23;Pago
3957;330;2026-02;4206,73;2026-03-14;2026-03-16;Pago
3958;330;2026-03;4148,31;2026-04-22;2026-05-01;Pago
3959;330;2026-04;4392,4;2026-05-10;2026-05-11;Pago
3960;330;2026-05;2324,62;2026-06-21;2026-07-04;Pago
3961;331;2025-07;2879,66;2025-07-19;;Pendente
3962;331;2025-07;1832,81;2025-08-17;2025-08-25;Pago
3963;331;2025-08;1222,44;2025-09-19;2025-09-28;Pago
3964;331;2025-09;3229,59;2025-10-16;2025-10-29;Pago
3965;331;2025-10;3958,55;2025-11-20;2025-11-25;Pago
3966;331;2025-11;1416,44;2025-12-17;;Pendente
3967;331;2025-12;3118,5;2026-01-17;2026-01-22;Pago
3968;331;2026-01;1773,96;2026-02-14;2026-02-15;Pago
3969;331;2026-02;3054,71;2026-03-08;2026-03-21;Pago
3970;331;2026-03;3168,25;2026-04-19;2026-04-19;Pago
3971;331;2026-04;494,91;2026-05-20;2026-06-04;Pago
3972;331;2026-05;1072,51;2026-06-12;2026-06-26;Pago
3973;332;2025-07;3213,79;2025-07-14;2025-07-12;Pago
3974;332;2025-07;3779,69;2025-08-10;2025-08-20;Pago
3975;332;2025-08;3471,95;2025-09-10;2025-09-11;Pago
3976;332;2025-09;1909,32;2025-10-17;2025-11-01;Pago
3977;332;2025-10;4303,0;2025-11-20;;Pendente
3978;332;2025-11;1124,74;2025-12-15;;Pendente
3979;332;2025-12;2457,88;2026-01-12;2026-01-17;Pago
3980;332;2026-01;2547,97;2026-02-15;2026-02-20;Pago
3981;332;2026-02;2941,8;2026-03-19;2026-03-30;Pago
3982;332;2026-03;1724,26;2026-04-07;2026-04-17;Pago
3983;332;2026-04;1597,3;2026-05-22;;Pendente
3984;332;2026-05;1478,74;2026-06-21;2026-07-04;Pago
3985;333;2025-07;1088,05;2025-07-11;2025-07-11;Pago
3986;333;2025-07;3344,38;2025-08-10;2025-08-19;Pago
3987;333;2025-08;2633,71;2025-09-19;2025-09-20;Pago
3988;333;2025-09;4497,25;2025-10-15;2025-10-16;Pago
3989;333;2025-10;1280,7;2025-11-23;2025-11-22;Pago
3990;333;2025-11;4363,9;2025-12-10;2025-12-15;Pago
3991;333;2025-12;3863,76;2026-01-15;;Pendente
3992;333;2026-01;1868,93;2026-02-08;2026-02-11;Pago
3993;333;2026-02;3317,72;2026-03-22;2026-03-31;Pago
3994;333;2026-03;1829,17;2026-04-13;2026-04-10;Pago
3995;333;2026-04;3176,0;2026-05-20;2026-05-26;Pago
3996;333;2026-05;3625,17;2026-06-16;2026-06-26;Pago
3997;334;2025-07;1352,78;2025-07-24;2025-07-31;Pago
3998;334;2025-07;2596,78;2025-08-13;2025-08-21;Pago
3999;334;2025-08;2465,76;2025-09-14;2025-09-20;Pago
4000;334;2025-09;2986,08;2025-10-10;2025-10-19;Pago
4001;334;2025-10;3047,61;2025-11-16;2025-11-29;Pago
4002;334;2025-11;682,07;2025-12-17;2025-12-24;Pago
4003;334;2025-12;3021,75;2026-01-20;2026-01-22;Pago
4004;334;2026-01;1065,74;2026-02-17;2026-02-18;Pago
4005;334;2026-02;1515,97;2026-03-08;2026-03-22;Pago
4006;334;2026-03;2425,75;2026-04-17;2026-04-28;Pago
4007;334;2026-04;1449,61;2026-05-21;2026-05-25;Pago
4008;334;2026-05;612,14;2026-06-15;2026-06-12;Pago
4009;335;2025-07;1112,19;2025-07-24;;Pendente
4010;335;2025-07;3066,88;2025-08-16;2025-08-21;Pago
4011;335;2025-08;3156,94;2025-09-22;2025-10-02;Pago
4012;335;2025-09;1804,51;2025-10-15;2025-10-23;Pago
4013;335;2025-10;4224,12;2025-11-11;2025-11-26;Pago
4014;335;2025-11;1993,21;2025-12-23;2025-12-27;Pago
4015;335;2025-12;3663,03;2026-01-14;2026-01-21;Pago
4016;335;2026-01;3430,85;2026-02-20;2026-02-27;Pago
4017;335;2026-02;3128,92;2026-03-11;2026-03-12;Pago
4018;335;2026-03;1236,02;2026-04-21;2026-04-18;Pago
4019;335;2026-04;3413,55;2026-05-14;2026-05-11;Pago
4020;335;2026-05;4270,48;2026-06-12;2026-06-15;Pago
4021;336;2025-07;3190,95;2025-07-11;2025-07-24;Pago
4022;336;2025-07;541,18;2025-08-23;;Pendente
4023;336;2025-08;741,45;2025-09-22;2025-09-20;Pago
4024;336;2025-09;3682,73;2025-10-22;2025-10-20;Pago
4025;336;2025-10;2604,81;2025-11-17;2025-11-23;Pago
4026;336;2025-11;3012,88;2025-12-09;2025-12-22;Pago
4027;336;2025-12;2736,35;2026-01-21;2026-01-28;Pago
4028;336;2026-01;2444,1;2026-02-08;2026-02-13;Pago
4029;336;2026-02;2670,03;2026-03-22;2026-03-27;Pago
4030;336;2026-03;4210,71;2026-04-22;2026-04-29;Pago
4031;336;2026-04;2237,45;2026-05-21;2026-06-04;Pago
4032;336;2026-05;2052,68;2026-06-09;2026-06-07;Pago
4033;337;2025-07;772,83;2025-07-24;2025-07-24;Pago
4034;337;2025-07;2518,28;2025-08-17;2025-08-16;Pago
4035;337;2025-08;769,43;2025-09-23;2025-09-29;Pago
4036;337;2025-09;3723,7;2025-10-09;2025-10-22;Pago
4037;337;2025-10;474,15;2025-11-21;2025-12-06;Pago
4038;337;2025-11;2235,01;2025-12-10;2025-12-08;Pago
4039;337;2025-12;1204,21;2026-01-16;2026-01-27;Pago
4040;337;2026-01;2740,68;2026-02-10;2026-02-24;Pago
4041;337;2026-02;4292,31;2026-03-18;2026-03-20;Pago
4042;337;2026-03;4201,26;2026-04-15;2026-04-15;Pago
4043;337;2026-04;3082,84;2026-05-22;;Pendente
4044;337;2026-05;2059,66;2026-06-21;;Pendente
4045;338;2025-07;721,71;2025-07-15;2025-07-25;Pago
4046;338;2025-07;4135,67;2025-08-20;2025-08-18;Pago
4047;338;2025-08;807,36;2025-09-24;2025-10-09;Pago
4048;338;2025-09;2600,54;2025-10-19;;Pendente
4049;338;2025-10;3648,58;2025-11-20;;Pendente
4050;338;2025-11;2218,96;2025-12-12;2025-12-19;Pago
4051;338;2025-12;997,85;2026-01-17;2026-01-31;Pago
4052;338;2026-01;4254,83;2026-02-14;;Pendente
4053;338;2026-02;3127,74;2026-03-16;2026-03-27;Pago
4054;338;2026-03;3464,7;2026-04-16;2026-04-19;Pago
4055;338;2026-04;1801,39;2026-05-18;2026-05-22;Pago
4056;338;2026-05;2593,67;2026-06-10;2026-06-11;Pago
4057;339;2025-07;3929,57;2025-07-26;2025-07-23;Pago
4058;339;2025-07;4222,31;2025-08-11;2025-08-25;Pago
4059;339;2025-08;2388,02;2025-09-09;2025-09-09;Pago
4060;339;2025-09;3288,8;2025-10-18;2025-10-26;Pago
4061;339;2025-10;953,99;2025-11-23;2025-11-23;Pago
4062;339;2025-11;4426,28;2025-12-09;;Pendente
4063;339;2025-12;3320,53;2026-01-12;2026-01-10;Pago
4064;339;2026-01;4402,84;2026-02-12;2026-02-22;Pago
4065;339;2026-02;1192,11;2026-03-23;2026-04-01;Pago
4066;339;2026-03;2492,07;2026-04-09;2026-04-22;Pago
4067;339;2026-04;923,99;2026-05-09;2026-05-10;Pago
4068;339;2026-05;3002,97;2026-06-20;2026-06-19;Pago
4069;340;2025-07;2091,08;2025-07-15;2025-07-24;Pago
4070;340;2025-07;615,36;2025-08-21;2025-09-03;Pago
4071;340;2025-08;4116,0;2025-09-15;2025-09-23;Pago
4072;340;2025-09;4398,88;2025-10-23;2025-10-24;Pago
4073;340;2025-10;3171,78;2025-11-17;2025-11-16;Pago
4074;340;2025-11;4055,24;2025-12-19;2025-12-31;Pago
4075;340;2025-12;3965,19;2026-01-17;2026-01-26;Pago
4076;340;2026-01;1172,89;2026-02-07;2026-02-08;Pago
4077;340;2026-02;811,85;2026-03-18;2026-03-30;Pago
4078;340;2026-03;3227,04;2026-04-10;2026-04-12;Pago
4079;340;2026-04;2337,57;2026-05-19;2026-05-21;Pago
4080;340;2026-05;527,39;2026-06-19;;Pendente
4081;341;2025-07;2235,46;2025-07-19;;Pendente
4082;341;2025-07;1124,08;2025-08-18;2025-08-17;Pago
4083;341;2025-08;3179,45;2025-09-22;2025-09-30;Pago
4084;341;2025-09;493,17;2025-10-16;2025-10-26;Pago
4085;341;2025-10;2699,13;2025-11-17;2025-11-25;Pago
4086;341;2025-11;2727,4;2025-12-20;2026-01-04;Pago
4087;341;2025-12;1719,25;2026-01-10;2026-01-08;Pago
4088;341;2026-01;1880,53;2026-02-20;2026-02-25;Pago
4089;341;2026-02;3753,45;2026-03-19;2026-03-18;Pago
4090;341;2026-03;2050,73;2026-04-18;2026-04-27;Pago
4091;341;2026-04;2652,29;2026-05-07;2026-05-19;Pago
4092;341;2026-05;605,13;2026-06-20;;Pendente
4093;342;2025-07;2949,82;2025-07-21;2025-07-21;Pago
4094;342;2025-07;2789,41;2025-08-10;2025-08-18;Pago
4095;342;2025-08;4396,97;2025-09-16;2025-09-28;Pago
4096;342;2025-09;3109,05;2025-10-23;2025-10-27;Pago
4097;342;2025-10;4072,58;2025-11-19;2025-11-27;Pago
4098;342;2025-11;2529,98;2025-12-16;2025-12-26;Pago
4099;342;2025-12;4481,3;2026-01-16;2026-01-16;Pago
4100;342;2026-01;625,5;2026-02-20;2026-03-07;Pago
4101;342;2026-02;3507,84;2026-03-22;2026-03-20;Pago
4102;342;2026-03;3794,29;2026-04-19;;Pendente
4103;342;2026-04;2022,18;2026-05-10;2026-05-14;Pago
4104;342;2026-05;2074,52;2026-06-08;2026-06-10;Pago
4105;343;2025-07;3454,49;2025-07-20;;Pendente
4106;343;2025-07;3990,43;2025-08-14;;Pendente
4107;343;2025-08;2094,37;2025-09-18;2025-09-19;Pago
4108;343;2025-09;1826,5;2025-10-15;;Pendente
4109;343;2025-10;4054,01;2025-11-19;2025-11-27;Pago
4110;343;2025-11;891,66;2025-12-10;2025-12-18;Pago
4111;343;2025-12;2799,99;2026-01-09;2026-01-17;Pago
4112;343;2026-01;4454,97;2026-02-06;2026-02-07;Pago
4113;343;2026-02;2098,73;2026-03-12;2026-03-13;Pago
4114;343;2026-03;2784,4;2026-04-11;;Pendente
4115;343;2026-04;844,08;2026-05-17;2026-05-17;Pago
4116;343;2026-05;2143,01;2026-06-10;2026-06-08;Pago
4117;344;2025-07;2786,47;2025-07-19;2025-07-16;Pago
4118;344;2025-07;2401,72;2025-08-19;;Pendente
4119;344;2025-08;3741,98;2025-09-20;2025-10-05;Pago
4120;344;2025-09;1392,84;2025-10-18;;Pendente
4121;344;2025-10;2961,43;2025-11-11;2025-11-12;Pago
4122;344;2025-11;1501,77;2025-12-10;2025-12-10;Pago
4123;344;2025-12;1663,01;2026-01-20;;Pendente
4124;344;2026-01;930,81;2026-02-17;2026-03-04;Pago
4125;344;2026-02;909,62;2026-03-08;2026-03-11;Pago
4126;344;2026-03;1630,86;2026-04-07;2026-04-14;Pago
4127;344;2026-04;3712,7;2026-05-20;2026-05-17;Pago
4128;344;2026-05;1291,07;2026-06-16;2026-06-18;Pago
4129;345;2025-07;2720,14;2025-07-25;2025-07-22;Pago
4130;345;2025-07;4055,51;2025-08-21;2025-08-22;Pago
4131;345;2025-08;3648,0;2025-09-12;2025-09-25;Pago
4132;345;2025-09;4376,89;2025-10-19;2025-10-21;Pago
4133;345;2025-10;3087,43;2025-11-09;2025-11-10;Pago
4134;345;2025-11;2127,43;2025-12-21;2025-12-22;Pago
4135;345;2025-12;2765,28;2026-01-10;2026-01-23;Pago
4136;345;2026-01;542,23;2026-02-09;;Pendente
4137;345;2026-02;4060,62;2026-03-19;;Pendente
4138;345;2026-03;4044,45;2026-04-19;2026-04-29;Pago
4139;345;2026-04;1670,69;2026-05-08;2026-05-10;Pago
4140;345;2026-05;2527,4;2026-06-06;2026-06-19;Pago
4141;346;2025-07;3758,38;2025-07-22;2025-08-05;Pago
4142;346;2025-07;744,83;2025-08-10;2025-08-19;Pago
4143;346;2025-08;469,98;2025-09-16;2025-09-30;Pago
4144;346;2025-09;2388,87;2025-10-12;2025-10-21;Pago
4145;346;2025-10;1549,93;2025-11-11;;Pendente
4146;346;2025-11;4277,55;2025-12-19;2025-12-20;Pago
4147;346;2025-12;2616,29;2026-01-12;;Pendente
4148;346;2026-01;2786,77;2026-02-21;2026-02-20;Pago
4149;346;2026-02;721,57;2026-03-21;2026-04-03;Pago
4150;346;2026-03;2790,84;2026-04-09;2026-04-22;Pago
4151;346;2026-04;2925,23;2026-05-22;2026-05-20;Pago
4152;346;2026-05;892,6;2026-06-13;2026-06-16;Pago
4153;347;2025-07;1138,14;2025-07-22;2025-08-02;Pago
4154;347;2025-07;2806,23;2025-08-22;2025-08-25;Pago
4155;347;2025-08;3132,35;2025-09-09;;Pendente
4156;347;2025-09;1120,69;2025-10-18;2025-10-28;Pago
4157;347;2025-10;1906,88;2025-11-20;2025-12-04;Pago
4158;347;2025-11;2056,44;2025-12-17;2025-12-28;Pago
4159;347;2025-12;2691,88;2026-01-07;2026-01-22;Pago
4160;347;2026-01;3515,07;2026-02-19;2026-02-23;Pago
4161;347;2026-02;3888,7;2026-03-19;2026-03-29;Pago
4162;347;2026-03;2569,07;2026-04-11;2026-04-18;Pago
4163;347;2026-04;3280,12;2026-05-08;2026-05-06;Pago
4164;347;2026-05;3723,77;2026-06-11;2026-06-26;Pago
4165;348;2025-07;4424,09;2025-07-21;2025-07-26;Pago
4166;348;2025-07;3380,92;2025-08-22;2025-09-03;Pago
4167;348;2025-08;2182,46;2025-09-19;2025-09-16;Pago
4168;348;2025-09;3271,55;2025-10-13;2025-10-10;Pago
4169;348;2025-10;1515,28;2025-11-14;2025-11-20;Pago
4170;348;2025-11;3901,26;2025-12-16;2025-12-16;Pago
4171;348;2025-12;2898,36;2026-01-13;2026-01-13;Pago
4172;348;2026-01;3542,02;2026-02-10;2026-02-22;Pago
4173;348;2026-02;1686,17;2026-03-15;2026-03-24;Pago
4174;348;2026-03;3029,43;2026-04-13;2026-04-28;Pago
4175;348;2026-04;3579,51;2026-05-21;2026-05-28;Pago
4176;348;2026-05;3869,69;2026-06-21;;Pendente
4177;349;2025-07;1728,66;2025-07-21;2025-08-02;Pago
4178;349;2025-07;3413,16;2025-08-10;2025-08-23;Pago
4179;349;2025-08;3960,48;2025-09-24;2025-10-02;Pago
4180;349;2025-09;4195,61;2025-10-14;2025-10-26;Pago
4181;349;2025-10;4415,26;2025-11-19;2025-11-26;Pago
4182;349;2025-11;1789,71;2025-12-16;2025-12-27;Pago
4183;349;2025-12;3571,44;2026-01-12;2026-01-23;Pago
4184;349;2026-01;4005,12;2026-02-15;2026-02-16;Pago
4185;349;2026-02;3156,28;2026-03-08;2026-03-17;Pago
4186;349;2026-03;2590,73;2026-04-19;2026-05-01;Pago
4187;349;2026-04;4317,88;2026-05-18;2026-05-24;Pago
4188;349;2026-05;2641,21;2026-06-08;2026-06-06;Pago
4189;350;2025-07;3651,59;2025-07-17;;Pendente
4190;350;2025-07;1420,6;2025-08-18;2025-08-21;Pago
4191;350;2025-08;1518,55;2025-09-09;2025-09-22;Pago
4192;350;2025-09;1294,86;2025-10-12;2025-10-18;Pago
4193;350;2025-10;917,67;2025-11-10;2025-11-11;Pago
4194;350;2025-11;461,24;2025-12-19;2025-12-23;Pago
4195;350;2025-12;2961,12;2026-01-14;2026-01-25;Pago
4196;350;2026-01;2444,18;2026-02-13;2026-02-25;Pago
4197;350;2026-02;1468,57;2026-03-18;2026-03-20;Pago
4198;350;2026-03;1418,19;2026-04-14;2026-04-12;Pago
4199;350;2026-04;2338,93;2026-05-09;2026-05-09;Pago
4200;350;2026-05;2358,79;2026-06-20;2026-06-24;Pago
4201;351;2025-07;4496,81;2025-07-18;2025-07-20;Pago
4202;351;2025-07;1968,46;2025-08-20;;Pendente
4203;351;2025-08;530,76;2025-09-11;2025-09-25;Pago
4204;351;2025-09;2110,85;2025-10-13;2025-10-25;Pago
4205;351;2025-10;565,26;2025-11-17;2025-11-15;Pago
4206;351;2025-11;4001,8;2025-12-18;2025-12-18;Pago
4207;351;2025-12;667,79;2026-01-08;2026-01-16;Pago
4208;351;2026-01;898,57;2026-02-07;2026-02-13;Pago
4209;351;2026-02;3237,52;2026-03-21;2026-03-29;Pago
4210;351;2026-03;1608,53;2026-04-09;2026-04-18;Pago
4211;351;2026-04;1397,59;2026-05-16;2026-05-26;Pago
4212;351;2026-05;2054,61;2026-06-07;2026-06-04;Pago
4213;352;2025-07;3297,64;2025-07-17;;Pendente
4214;352;2025-07;3519,81;2025-08-19;2025-08-18;Pago
4215;352;2025-08;2201,18;2025-09-18;2025-09-21;Pago
4216;352;2025-09;1055,86;2025-10-09;;Pendente
4217;352;2025-10;4058,56;2025-11-18;2025-11-22;Pago
4218;352;2025-11;2469,74;2025-12-23;2026-01-01;Pago
4219;352;2025-12;1475,61;2026-01-07;2026-01-08;Pago
4220;352;2026-01;2334,64;2026-02-14;2026-02-20;Pago
4221;352;2026-02;1332,39;2026-03-15;2026-03-25;Pago
4222;352;2026-03;3267,27;2026-04-13;;Pendente
4223;352;2026-04;4281,04;2026-05-16;2026-05-17;Pago
4224;352;2026-05;1636,15;2026-06-17;2026-06-26;Pago
4225;353;2025-07;2832,4;2025-07-25;;Pendente
4226;353;2025-07;2035,08;2025-08-25;2025-09-07;Pago
4227;353;2025-08;1416,2;2025-09-10;;Pendente
4228;353;2025-09;4022,72;2025-10-10;2025-10-18;Pago
4229;353;2025-10;1683,88;2025-11-22;2025-12-05;Pago
4230;353;2025-11;1381,51;2025-12-16;2025-12-13;Pago
4231;353;2025-12;2732,11;2026-01-19;2026-01-20;Pago
4232;353;2026-01;2149,46;2026-02-08;2026-02-16;Pago
4233;353;2026-02;1166,27;2026-03-23;2026-03-28;Pago
4234;353;2026-03;3493,66;2026-04-10;2026-04-18;Pago
4235;353;2026-04;3645,52;2026-05-19;;Pendente
4236;353;2026-05;3098,23;2026-06-09;;Pendente
4237;354;2025-07;670,08;2025-07-14;;Pendente
4238;354;2025-07;1222,46;2025-08-15;2025-08-22;Pago
4239;354;2025-08;3275,01;2025-09-17;2025-09-19;Pago
4240;354;2025-09;2227,17;2025-10-09;2025-10-10;Pago
4241;354;2025-10;2719,43;2025-11-23;2025-12-02;Pago
4242;354;2025-11;3000,82;2025-12-15;2025-12-25;Pago
4243;354;2025-12;3907,65;2026-01-14;2026-01-27;Pago
4244;354;2026-01;1010,08;2026-02-12;;Pendente
4245;354;2026-02;4205,76;2026-03-14;2026-03-21;Pago
4246;354;2026-03;4162,84;2026-04-17;2026-04-25;Pago
4247;354;2026-04;4122,97;2026-05-09;2026-05-22;Pago
4248;354;2026-05;3249,7;2026-06-08;2026-06-11;Pago
4249;355;2025-07;1982,34;2025-07-15;2025-07-30;Pago
4250;355;2025-07;3915,07;2025-08-25;2025-08-29;Pago
4251;355;2025-08;3777,28;2025-09-14;2025-09-26;Pago
4252;355;2025-09;2079,61;2025-10-23;2025-11-01;Pago
4253;355;2025-10;2688,31;2025-11-19;2025-11-23;Pago
4254;355;2025-11;1801,84;2025-12-15;2025-12-21;Pago
4255;355;2025-12;2667,05;2026-01-14;2026-01-19;Pago
4256;355;2026-01;4410,77;2026-02-06;2026-02-04;Pago
4257;355;2026-02;1974,65;2026-03-15;2026-03-28;Pago
4258;355;2026-03;765,65;2026-04-18;2026-04-22;Pago
4259;355;2026-04;470,91;2026-05-13;2026-05-26;Pago
4260;355;2026-05;4130,62;2026-06-20;2026-06-29;Pago
4261;356;2025-07;4333,64;2025-07-16;;Pendente
4262;356;2025-07;3746,19;2025-08-10;2025-08-17;Pago
4263;356;2025-08;3690,1;2025-09-19;2025-10-03;Pago
4264;356;2025-09;4210,82;2025-10-13;2025-10-27;Pago
4265;356;2025-10;886,49;2025-11-13;2025-11-12;Pago
4266;356;2025-11;1443,35;2025-12-19;2025-12-16;Pago
4267;356;2025-12;1479,55;2026-01-16;2026-01-29;Pago
4268;356;2026-01;3131,11;2026-02-12;;Pendente
4269;356;2026-02;3575,96;2026-03-16;2026-03-26;Pago
4270;356;2026-03;3692,32;2026-04-11;2026-04-23;Pago
4271;356;2026-04;4289,98;2026-05-10;2026-05-22;Pago
4272;356;2026-05;997,59;2026-06-13;2026-06-12;Pago
4273;357;2025-07;4096,13;2025-07-26;2025-08-08;Pago
4274;357;2025-07;493,5;2025-08-15;;Pendente
4275;357;2025-08;2735,35;2025-09-10;2025-09-22;Pago
4276;357;2025-09;861,16;2025-10-20;2025-10-19;Pago
4277;357;2025-10;2194,05;2025-11-22;2025-12-02;Pago
4278;357;2025-11;3977,41;2025-12-23;2026-01-03;Pago
4279;357;2025-12;4170,23;2026-01-14;2026-01-12;Pago
4280;357;2026-01;2838,86;2026-02-13;2026-02-15;Pago
4281;357;2026-02;1859,2;2026-03-21;2026-04-04;Pago
4282;357;2026-03;2785,0;2026-04-20;;Pendente
4283;357;2026-04;2270,74;2026-05-20;;Pendente
4284;357;2026-05;2829,44;2026-06-21;;Pendente
4285;358;2025-07;1274,93;2025-07-13;2025-07-17;Pago
4286;358;2025-07;2707,11;2025-08-20;2025-08-31;Pago
4287;358;2025-08;2639,69;2025-09-19;;Pendente
4288;358;2025-09;2010,12;2025-10-22;2025-10-30;Pago
4289;358;2025-10;2458,83;2025-11-12;2025-11-22;Pago
4290;358;2025-11;953,39;2025-12-10;;Pendente
4291;358;2025-12;2282,14;2026-01-15;2026-01-24;Pago
4292;358;2026-01;1218,05;2026-02-11;2026-02-14;Pago
4293;358;2026-02;4076,3;2026-03-09;2026-03-20;Pago
4294;358;2026-03;3681,56;2026-04-21;2026-04-26;Pago
4295;358;2026-04;768,9;2026-05-19;2026-06-03;Pago
4296;358;2026-05;1104,11;2026-06-18;2026-06-26;Pago
4297;359;2025-07;4163,67;2025-07-22;;Pendente
4298;359;2025-07;1376,61;2025-08-25;2025-09-03;Pago
4299;359;2025-08;2230,52;2025-09-09;2025-09-08;Pago
4300;359;2025-09;1249,33;2025-10-19;2025-10-23;Pago
4301;359;2025-10;3230,62;2025-11-13;2025-11-14;Pago
4302;359;2025-11;644,27;2025-12-20;2025-12-29;Pago
4303;359;2025-12;3281,08;2026-01-10;2026-01-18;Pago
4304;359;2026-01;1307,51;2026-02-12;2026-02-15;Pago
4305;359;2026-02;1781,13;2026-03-21;2026-03-19;Pago
4306;359;2026-03;1956,92;2026-04-09;;Pendente
4307;359;2026-04;4128,27;2026-05-21;2026-05-23;Pago
4308;359;2026-05;3551,81;2026-06-09;2026-06-14;Pago
4309;360;2025-07;1752,23;2025-07-12;;Pendente
4310;360;2025-07;2215,26;2025-08-10;2025-08-15;Pago
4311;360;2025-08;3493,07;2025-09-15;2025-09-26;Pago
4312;360;2025-09;1952,31;2025-10-11;2025-10-22;Pago
4313;360;2025-10;2509,43;2025-11-08;2025-11-21;Pago
4314;360;2025-11;4119,51;2025-12-17;2025-12-30;Pago
4315;360;2025-12;3881,21;2026-01-08;2026-01-05;Pago
4316;360;2026-01;2935,8;2026-02-12;2026-02-09;Pago
4317;360;2026-02;1789,55;2026-03-19;2026-03-22;Pago
4318;360;2026-03;914,47;2026-04-22;2026-05-01;Pago
4319;360;2026-04;4486,11;2026-05-13;2026-05-17;Pago
4320;360;2026-05;4035,65;2026-06-21;2026-06-24;Pago
4321;361;2025-07;4081,45;2025-07-22;2025-07-21;Pago
4322;361;2025-07;1936,88;2025-08-23;;Pendente
4323;361;2025-08;3482,7;2025-09-15;2025-09-14;Pago
4324;361;2025-09;4309,97;2025-10-20;2025-10-27;Pago
4325;361;2025-10;2167,25;2025-11-20;2025-11-30;Pago
4326;361;2025-11;1949,52;2025-12-12;2025-12-21;Pago
4327;361;2025-12;4469,65;2026-01-18;2026-01-21;Pago
4328;361;2026-01;3120,45;2026-02-20;2026-02-27;Pago
4329;361;2026-02;3381,17;2026-03-23;2026-04-01;Pago
4330;361;2026-03;1045,96;2026-04-13;2026-04-20;Pago
4331;361;2026-04;1354,92;2026-05-16;2026-05-28;Pago
4332;361;2026-05;1155,06;2026-06-12;2026-06-20;Pago
4333;362;2025-07;1646,99;2025-07-18;2025-07-16;Pago
4334;362;2025-07;2727,17;2025-08-19;2025-09-03;Pago
4335;362;2025-08;3286,94;2025-09-20;2025-10-01;Pago
4336;362;2025-09;3396,16;2025-10-14;2025-10-17;Pago
4337;362;2025-10;1367,52;2025-11-18;;Pendente
4338;362;2025-11;649,59;2025-12-17;2025-12-15;Pago
4339;362;2025-12;3977,74;2026-01-22;2026-01-22;Pago
4340;362;2026-01;4124,49;2026-02-08;2026-02-14;Pago
4341;362;2026-02;1083,41;2026-03-15;2026-03-15;Pago
4342;362;2026-03;4289,17;2026-04-17;2026-04-29;Pago
4343;362;2026-04;1443,49;2026-05-12;2026-05-22;Pago
4344;362;2026-05;556,39;2026-06-21;2026-06-24;Pago
4345;363;2025-07;579,35;2025-07-21;2025-07-24;Pago
4346;363;2025-07;2706,66;2025-08-10;2025-08-21;Pago
4347;363;2025-08;2870,6;2025-09-12;2025-09-15;Pago
4348;363;2025-09;2564,14;2025-10-11;2025-10-13;Pago
4349;363;2025-10;4340,5;2025-11-21;2025-11-25;Pago
4350;363;2025-11;941,23;2025-12-11;2025-12-14;Pago
4351;363;2025-12;4330,55;2026-01-16;2026-01-22;Pago
4352;363;2026-01;3899,67;2026-02-16;2026-03-02;Pago
4353;363;2026-02;2622,46;2026-03-13;2026-03-27;Pago
4354;363;2026-03;636,66;2026-04-09;2026-04-11;Pago
4355;363;2026-04;2312,8;2026-05-16;2026-05-23;Pago
4356;363;2026-05;1800,54;2026-06-13;2026-06-10;Pago
4357;364;2025-07;1145,34;2025-07-21;2025-07-30;Pago
4358;364;2025-07;3668,18;2025-08-20;;Pendente
4359;364;2025-08;710,18;2025-09-17;;Pendente
4360;364;2025-09;3578,19;2025-10-11;2025-10-10;Pago
4361;364;2025-10;3361,49;2025-11-12;2025-11-18;Pago
4362;364;2025-11;2768,94;2025-12-20;2025-12-24;Pago
4363;364;2025-12;2857,95;2026-01-12;2026-01-23;Pago
4364;364;2026-01;1806,14;2026-02-13;2026-02-28;Pago
4365;364;2026-02;813,4;2026-03-16;2026-03-26;Pago
4366;364;2026-03;2837,73;2026-04-20;2026-05-02;Pago
4367;364;2026-04;4457,1;2026-05-20;2026-05-31;Pago
4368;364;2026-05;2915,64;2026-06-17;2026-06-15;Pago
4369;365;2025-07;1999,32;2025-07-26;2025-08-01;Pago
4370;365;2025-07;1930,07;2025-08-19;2025-08-24;Pago
4371;365;2025-08;552,76;2025-09-11;2025-09-22;Pago
4372;365;2025-09;686,05;2025-10-11;;Pendente
4373;365;2025-10;4127,65;2025-11-18;2025-11-15;Pago
4374;365;2025-11;1125,05;2025-12-16;2025-12-20;Pago
4375;365;2025-12;1644,51;2026-01-22;2026-01-27;Pago
4376;365;2026-01;3926,51;2026-02-08;2026-02-08;Pago
4377;365;2026-02;617,43;2026-03-13;2026-03-13;Pago
4378;365;2026-03;3627,24;2026-04-09;2026-04-16;Pago
4379;365;2026-04;4123,02;2026-05-09;;Pendente
4380;365;2026-05;2756,24;2026-06-21;2026-06-28;Pago
4381;366;2025-07;2462,03;2025-07-11;2025-07-11;Pago
4382;366;2025-07;561,38;2025-08-25;2025-08-29;Pago
4383;366;2025-08;605,38;2025-09-21;2025-10-06;Pago
4384;366;2025-09;1211,22;2025-10-24;2025-10-28;Pago
4385;366;2025-10;4391,84;2025-11-17;2025-11-22;Pago
4386;366;2025-11;2266,83;2025-12-16;2025-12-29;Pago
4387;366;2025-12;2718,26;2026-01-21;2026-01-27;Pago
4388;366;2026-01;2999,91;2026-02-12;2026-02-14;Pago
4389;366;2026-02;2019,92;2026-03-19;2026-04-03;Pago
4390;366;2026-03;4231,63;2026-04-08;2026-04-07;Pago
4391;366;2026-04;2242,65;2026-05-14;2026-05-19;Pago
4392;366;2026-05;698,66;2026-06-18;2026-06-21;Pago
4393;367;2025-07;1421,49;2025-07-16;2025-07-23;Pago
4394;367;2025-07;3748,6;2025-08-22;2025-08-20;Pago
4395;367;2025-08;4269,59;2025-09-22;2025-09-28;Pago
4396;367;2025-09;2357,85;2025-10-19;2025-10-16;Pago
4397;367;2025-10;486,64;2025-11-11;2025-11-23;Pago
4398;367;2025-11;1372,94;2025-12-21;2025-12-19;Pago
4399;367;2025-12;1371,45;2026-01-08;2026-01-14;Pago
4400;367;2026-01;2850,36;2026-02-15;2026-02-27;Pago
4401;367;2026-02;1167,6;2026-03-09;2026-03-14;Pago
4402;367;2026-03;3294,8;2026-04-18;2026-04-23;Pago
4403;367;2026-04;1923,05;2026-05-14;2026-05-12;Pago
4404;367;2026-05;4211,58;2026-06-09;2026-06-09;Pago
4405;368;2025-07;898,88;2025-07-23;2025-07-21;Pago
4406;368;2025-07;1291,58;2025-08-12;;Pendente
4407;368;2025-08;452,15;2025-09-10;;Pendente
4408;368;2025-09;3186,46;2025-10-23;;Pendente
4409;368;2025-10;3467,88;2025-11-12;2025-11-17;Pago
4410;368;2025-11;3797,18;2025-12-22;2025-12-31;Pago
4411;368;2025-12;1540,31;2026-01-20;2026-02-01;Pago
4412;368;2026-01;842,26;2026-02-10;2026-02-08;Pago
4413;368;2026-02;4119,62;2026-03-16;2026-03-19;Pago
4414;368;2026-03;3870,71;2026-04-15;2026-04-27;Pago
4415;368;2026-04;3437,16;2026-05-14;2026-05-21;Pago
4416;368;2026-05;1897,86;2026-06-15;;Pendente
4417;369;2025-07;1895,33;2025-07-19;2025-07-22;Pago
4418;369;2025-07;1982,14;2025-08-14;2025-08-27;Pago
4419;369;2025-08;3504,69;2025-09-24;2025-10-01;Pago
4420;369;2025-09;2520,02;2025-10-15;2025-10-22;Pago
4421;369;2025-10;1630,77;2025-11-23;;Pendente
4422;369;2025-11;3216,06;2025-12-15;2025-12-19;Pago
4423;369;2025-12;996,46;2026-01-20;2026-02-04;Pago
4424;369;2026-01;3173,55;2026-02-13;2026-02-27;Pago
4425;369;2026-02;3753,5;2026-03-16;;Pendente
4426;369;2026-03;3050,24;2026-04-15;2026-04-29;Pago
4427;369;2026-04;1182,33;2026-05-07;2026-05-05;Pago
4428;369;2026-05;3131,71;2026-06-19;2026-07-02;Pago
4429;370;2025-07;2031,78;2025-07-21;2025-07-19;Pago
4430;370;2025-07;4238,91;2025-08-17;2025-08-19;Pago
4431;370;2025-08;3048,86;2025-09-09;2025-09-10;Pago
4432;370;2025-09;4273,06;2025-10-20;2025-11-02;Pago
4433;370;2025-10;1049,82;2025-11-14;;Pendente
4434;370;2025-11;1426,09;2025-12-12;;Pendente
4435;370;2025-12;4183,16;2026-01-11;2026-01-09;Pago
4436;370;2026-01;1412,19;2026-02-11;2026-02-23;Pago
4437;370;2026-02;1911,22;2026-03-11;;Pendente
4438;370;2026-03;630,74;2026-04-22;2026-04-27;Pago
4439;370;2026-04;847,56;2026-05-12;2026-05-13;Pago
4440;370;2026-05;4210,53;2026-06-10;2026-06-12;Pago
4441;371;2025-07;3335,15;2025-07-23;2025-07-31;Pago
4442;371;2025-07;1907,4;2025-08-24;2025-09-02;Pago
4443;371;2025-08;977,86;2025-09-09;2025-09-15;Pago
4444;371;2025-09;3188,16;2025-10-24;2025-10-27;Pago
4445;371;2025-10;3745,4;2025-11-16;;Pendente
4446;371;2025-11;508,56;2025-12-20;2025-12-22;Pago
4447;371;2025-12;2443,35;2026-01-14;2026-01-29;Pago
4448;371;2026-01;2446,98;2026-02-09;2026-02-06;Pago
4449;371;2026-02;3442,62;2026-03-22;2026-03-25;Pago
4450;371;2026-03;3532,51;2026-04-22;2026-05-02;Pago
4451;371;2026-04;3651,82;2026-05-19;2026-06-03;Pago
4452;371;2026-05;1516,68;2026-06-06;2026-06-04;Pago
4453;372;2025-07;2584,86;2025-07-21;;Pendente
4454;372;2025-07;4118,04;2025-08-13;2025-08-11;Pago
4455;372;2025-08;3422,96;2025-09-09;2025-09-16;Pago
4456;372;2025-09;540,76;2025-10-24;2025-11-01;Pago
4457;372;2025-10;2158,82;2025-11-18;2025-11-20;Pago
4458;372;2025-11;3556,74;2025-12-13;2025-12-25;Pago
4459;372;2025-12;538,85;2026-01-09;2026-01-07;Pago
4460;372;2026-01;3264,66;2026-02-21;2026-02-25;Pago
4461;372;2026-02;1988,24;2026-03-09;2026-03-19;Pago
4462;372;2026-03;1884,93;2026-04-09;2026-04-07;Pago
4463;372;2026-04;1701,83;2026-05-14;;Pendente
4464;372;2026-05;1303,26;2026-06-08;2026-06-08;Pago
4465;373;2025-07;1613,51;2025-07-16;;Pendente
4466;373;2025-07;4077,94;2025-08-14;2025-08-20;Pago
4467;373;2025-08;2302,32;2025-09-13;2025-09-15;Pago
4468;373;2025-09;3743,84;2025-10-15;2025-10-14;Pago
4469;373;2025-10;467,72;2025-11-17;2025-11-29;Pago
4470;373;2025-11;2804,46;2025-12-22;2025-12-30;Pago
4471;373;2025-12;2342,95;2026-01-18;2026-01-16;Pago
4472;373;2026-01;3944,94;2026-02-18;2026-03-04;Pago
4473;373;2026-02;4269,59;2026-03-11;2026-03-12;Pago
4474;373;2026-03;3236,93;2026-04-19;2026-05-01;Pago
4475;373;2026-04;1132,09;2026-05-14;2026-05-19;Pago
4476;373;2026-05;1523,55;2026-06-16;2026-06-22;Pago
4477;374;2025-07;3987,65;2025-07-15;2025-07-21;Pago
4478;374;2025-07;4005,59;2025-08-23;2025-09-06;Pago
4479;374;2025-08;4126,32;2025-09-23;2025-09-24;Pago
4480;374;2025-09;655,14;2025-10-20;;Pendente
4481;374;2025-10;844,01;2025-11-13;2025-11-13;Pago
4482;374;2025-11;2996,73;2025-12-09;2025-12-23;Pago
4483;374;2025-12;1557,3;2026-01-17;2026-01-25;Pago
4484;374;2026-01;2642,26;2026-02-20;2026-02-26;Pago
4485;374;2026-02;2025,2;2026-03-14;2026-03-26;Pago
4486;374;2026-03;991,78;2026-04-16;2026-04-23;Pago
4487;374;2026-04;2918,48;2026-05-13;2026-05-11;Pago
4488;374;2026-05;909,83;2026-06-20;2026-06-21;Pago
4489;375;2025-07;2100,97;2025-07-19;2025-07-19;Pago
4490;375;2025-07;677,8;2025-08-20;2025-08-25;Pago
4491;375;2025-08;3990,56;2025-09-09;;Pendente
4492;375;2025-09;2232,35;2025-10-22;2025-11-05;Pago
4493;375;2025-10;4305,26;2025-11-18;2025-11-30;Pago
4494;375;2025-11;3070,22;2025-12-14;2025-12-16;Pago
4495;375;2025-12;1525,19;2026-01-07;2026-01-13;Pago
4496;375;2026-01;1509,54;2026-02-16;2026-02-18;Pago
4497;375;2026-02;3665,32;2026-03-19;2026-04-03;Pago
4498;375;2026-03;4357,92;2026-04-15;2026-04-14;Pago
4499;375;2026-04;543,16;2026-05-21;2026-05-25;Pago
4500;375;2026-05;2225,06;2026-06-16;2026-07-01;Pago
4501;376;2025-07;589,33;2025-07-15;2025-07-19;Pago
4502;376;2025-07;3471,75;2025-08-11;2025-08-24;Pago
4503;376;2025-08;2515,78;2025-09-19;2025-09-18;Pago
4504;376;2025-09;576,78;2025-10-09;2025-10-06;Pago
4505;376;2025-10;1826,09;2025-11-20;2025-12-01;Pago
4506;376;2025-11;2872,31;2025-12-11;2025-12-14;Pago
4507;376;2025-12;2033,02;2026-01-08;2026-01-12;Pago
4508;376;2026-01;3596,43;2026-02-18;2026-02-17;Pago
4509;376;2026-02;4449,0;2026-03-15;2026-03-14;Pago
4510;376;2026-03;4126,25;2026-04-22;2026-05-02;Pago
4511;376;2026-04;2389,4;2026-05-22;2026-05-23;Pago
4512;376;2026-05;3709,18;2026-06-18;;Pendente
4513;377;2025-07;4308,92;2025-07-23;2025-07-28;Pago
4514;377;2025-07;2955,76;2025-08-18;2025-08-29;Pago
4515;377;2025-08;2544,6;2025-09-11;2025-09-22;Pago
4516;377;2025-09;3073,15;2025-10-17;2025-10-24;Pago
4517;377;2025-10;1200,3;2025-11-11;2025-11-21;Pago
4518;377;2025-11;3003,25;2025-12-17;2025-12-27;Pago
4519;377;2025-12;4437,9;2026-01-21;2026-01-28;Pago
4520;377;2026-01;581,61;2026-02-13;2026-02-13;Pago
4521;377;2026-02;540,67;2026-03-23;2026-03-30;Pago
4522;377;2026-03;3825,27;2026-04-11;2026-04-12;Pago
4523;377;2026-04;3867,86;2026-05-11;;Pendente
4524;377;2026-05;1082,36;2026-06-16;2026-06-24;Pago
4525;378;2025-07;1309,09;2025-07-20;2025-07-26;Pago
4526;378;2025-07;1351,77;2025-08-13;2025-08-12;Pago
4527;378;2025-08;3762,6;2025-09-23;2025-09-26;Pago
4528;378;2025-09;4028,44;2025-10-23;2025-10-31;Pago
4529;378;2025-10;1352,03;2025-11-13;2025-11-18;Pago
4530;378;2025-11;2193,21;2025-12-21;2025-12-28;Pago
4531;378;2025-12;3251,78;2026-01-22;;Pendente
4532;378;2026-01;494,87;2026-02-13;2026-02-27;Pago
4533;378;2026-02;2837,66;2026-03-19;2026-03-20;Pago
4534;378;2026-03;1385,11;2026-04-10;2026-04-15;Pago
4535;378;2026-04;1167,35;2026-05-17;2026-06-01;Pago
4536;378;2026-05;4281,52;2026-06-09;2026-06-07;Pago
4537;379;2025-07;2047,46;2025-07-12;2025-07-25;Pago
4538;379;2025-07;2734,76;2025-08-16;2025-08-26;Pago
4539;379;2025-08;3788,18;2025-09-12;2025-09-24;Pago
4540;379;2025-09;2439,87;2025-10-24;;Pendente
4541;379;2025-10;4393,22;2025-11-20;2025-11-23;Pago
4542;379;2025-11;1046,6;2025-12-21;;Pendente
4543;379;2025-12;3706,02;2026-01-12;2026-01-13;Pago
4544;379;2026-01;2079,12;2026-02-15;2026-02-24;Pago
4545;379;2026-02;1536,33;2026-03-09;2026-03-10;Pago
4546;379;2026-03;2212,74;2026-04-15;2026-04-26;Pago
4547;379;2026-04;1733,19;2026-05-14;2026-05-24;Pago
4548;379;2026-05;1200,74;2026-06-19;2026-07-03;Pago
4549;380;2025-07;1124,63;2025-07-17;2025-07-28;Pago
4550;380;2025-07;3114,27;2025-08-11;2025-08-10;Pago
4551;380;2025-08;1327,53;2025-09-23;2025-09-28;Pago
4552;380;2025-09;1263,42;2025-10-17;2025-10-17;Pago
4553;380;2025-10;787,78;2025-11-10;2025-11-13;Pago
4554;380;2025-11;1960,98;2025-12-17;2025-12-18;Pago
4555;380;2025-12;3413,29;2026-01-08;2026-01-23;Pago
4556;380;2026-01;1075,15;2026-02-18;2026-03-04;Pago
4557;380;2026-02;734,57;2026-03-15;2026-03-12;Pago
4558;380;2026-03;1279,99;2026-04-22;2026-04-20;Pago
4559;380;2026-04;2579,91;2026-05-10;2026-05-08;Pago
4560;380;2026-05;463,81;2026-06-16;2026-06-20;Pago
4561;381;2025-07;2965,93;2025-07-15;2025-07-23;Pago
4562;381;2025-07;2854,55;2025-08-21;2025-09-02;Pago
4563;381;2025-08;3066,44;2025-09-24;2025-10-04;Pago
4564;381;2025-09;2011,31;2025-10-17;2025-10-29;Pago
4565;381;2025-10;2869,59;2025-11-08;2025-11-06;Pago
4566;381;2025-11;3042,2;2025-12-08;2025-12-17;Pago
4567;381;2025-12;2656,14;2026-01-07;2026-01-15;Pago
4568;381;2026-01;2185,59;2026-02-08;2026-02-09;Pago
4569;381;2026-02;1953,53;2026-03-08;2026-03-21;Pago
4570;381;2026-03;3066,61;2026-04-21;2026-04-22;Pago
4571;381;2026-04;4389,74;2026-05-14;2026-05-21;Pago
4572;381;2026-05;2571,93;2026-06-15;2026-06-23;Pago
4573;382;2025-07;3310,14;2025-07-20;2025-07-29;Pago
4574;382;2025-07;1469,12;2025-08-24;;Pendente
4575;382;2025-08;4374,33;2025-09-11;2025-09-12;Pago
4576;382;2025-09;4090,33;2025-10-18;;Pendente
4577;382;2025-10;587,51;2025-11-17;2025-12-02;Pago
4578;382;2025-11;3810,34;2025-12-15;2025-12-21;Pago
4579;382;2025-12;3140,62;2026-01-08;2026-01-14;Pago
4580;382;2026-01;1962,24;2026-02-15;2026-02-26;Pago
4581;382;2026-02;3460,15;2026-03-09;;Pendente
4582;382;2026-03;1289,0;2026-04-12;2026-04-26;Pago
4583;382;2026-04;2622,56;2026-05-20;2026-05-27;Pago
4584;382;2026-05;951,2;2026-06-16;2026-06-17;Pago
4585;383;2025-07;2824,85;2025-07-13;2025-07-28;Pago
4586;383;2025-07;2203,39;2025-08-17;2025-08-17;Pago
4587;383;2025-08;2365,07;2025-09-22;2025-10-04;Pago
4588;383;2025-09;2287,68;2025-10-24;2025-10-29;Pago
4589;383;2025-10;2718,95;2025-11-12;2025-11-18;Pago
4590;383;2025-11;1407,4;2025-12-21;2025-12-24;Pago
4591;383;2025-12;4451,8;2026-01-14;2026-01-19;Pago
4592;383;2026-01;3825,93;2026-02-08;;Pendente
4593;383;2026-02;3838,44;2026-03-18;2026-03-20;Pago
4594;383;2026-03;2673,52;2026-04-15;2026-04-12;Pago
4595;383;2026-04;3882,11;2026-05-20;2026-05-18;Pago
4596;383;2026-05;3547,75;2026-06-17;2026-06-16;Pago
4597;384;2025-07;1084,79;2025-07-23;2025-07-26;Pago
4598;384;2025-07;607,82;2025-08-24;2025-09-01;Pago
4599;384;2025-08;3047,1;2025-09-15;2025-09-18;Pago
4600;384;2025-09;2180,78;2025-10-18;2025-10-25;Pago
4601;384;2025-10;4240,89;2025-11-10;2025-11-22;Pago
4602;384;2025-11;2676,55;2025-12-22;;Pendente
4603;384;2025-12;3253,15;2026-01-11;2026-01-09;Pago
4604;384;2026-01;1596,95;2026-02-07;;Pendente
4605;384;2026-02;2209,79;2026-03-21;2026-03-29;Pago
4606;384;2026-03;1945,17;2026-04-16;;Pendente
4607;384;2026-04;1397,49;2026-05-07;2026-05-05;Pago
4608;384;2026-05;1624,53;2026-06-18;2026-06-28;Pago
4609;385;2025-07;2662,91;2025-07-16;2025-07-13;Pago
4610;385;2025-07;3194,67;2025-08-17;2025-08-22;Pago
4611;385;2025-08;2068,8;2025-09-19;2025-09-30;Pago
4612;385;2025-09;3576,53;2025-10-12;2025-10-26;Pago
4613;385;2025-10;3545,35;2025-11-22;2025-12-05;Pago
4614;385;2025-11;1481,87;2025-12-22;2026-01-03;Pago
4615;385;2025-12;3521,99;2026-01-17;2026-02-01;Pago
4616;385;2026-01;3539,38;2026-02-07;2026-02-20;Pago
4617;385;2026-02;4038,74;2026-03-22;2026-03-25;Pago
4618;385;2026-03;2269,87;2026-04-07;2026-04-08;Pago
4619;385;2026-04;2741,19;2026-05-21;2026-05-27;Pago
4620;385;2026-05;897,81;2026-06-17;2026-06-21;Pago
4621;386;2025-07;3907,37;2025-07-25;2025-07-25;Pago
4622;386;2025-07;2185,18;2025-08-21;2025-08-29;Pago
4623;386;2025-08;2035,84;2025-09-13;2025-09-25;Pago
4624;386;2025-09;2803,14;2025-10-14;2025-10-15;Pago
4625;386;2025-10;1708,09;2025-11-23;2025-12-08;Pago
4626;386;2025-11;3683,34;2025-12-08;2025-12-08;Pago
4627;386;2025-12;2149,57;2026-01-18;2026-01-21;Pago
4628;386;2026-01;866,81;2026-02-14;2026-02-15;Pago
4629;386;2026-02;483,07;2026-03-10;;Pendente
4630;386;2026-03;4299,39;2026-04-17;2026-04-16;Pago
4631;386;2026-04;2044,98;2026-05-12;2026-05-13;Pago
4632;386;2026-05;3884,71;2026-06-20;2026-06-25;Pago
4633;387;2025-07;3067,11;2025-07-24;2025-07-24;Pago
4634;387;2025-07;2227,2;2025-08-17;2025-08-22;Pago
4635;387;2025-08;2340,22;2025-09-22;;Pendente
4636;387;2025-09;2269,42;2025-10-09;2025-10-07;Pago
4637;387;2025-10;4080,04;2025-11-15;2025-11-29;Pago
4638;387;2025-11;1661,98;2025-12-10;2025-12-08;Pago
4639;387;2025-12;3564,52;2026-01-20;;Pendente
4640;387;2026-01;680,3;2026-02-07;2026-02-16;Pago
4641;387;2026-02;4029,91;2026-03-14;2026-03-21;Pago
4642;387;2026-03;2753,9;2026-04-16;2026-04-28;Pago
4643;387;2026-04;2217,8;2026-05-21;2026-06-04;Pago
4644;387;2026-05;1488,26;2026-06-06;2026-06-15;Pago
4645;388;2025-07;893,06;2025-07-19;2025-07-28;Pago
4646;388;2025-07;2525,81;2025-08-17;2025-08-20;Pago
4647;388;2025-08;3441,34;2025-09-24;2025-10-05;Pago
4648;388;2025-09;3203,11;2025-10-12;2025-10-26;Pago
4649;388;2025-10;1195,25;2025-11-17;2025-11-29;Pago
4650;388;2025-11;4287,86;2025-12-20;2025-12-25;Pago
4651;388;2025-12;580,94;2026-01-11;2026-01-25;Pago
4652;388;2026-01;2718,88;2026-02-14;2026-02-23;Pago
4653;388;2026-02;3263,64;2026-03-15;2026-03-26;Pago
4654;388;2026-03;968,04;2026-04-11;2026-04-18;Pago
4655;388;2026-04;1051,37;2026-05-10;2026-05-11;Pago
4656;388;2026-05;2896,82;2026-06-14;2026-06-15;Pago
4657;389;2025-07;4395,92;2025-07-15;2025-07-12;Pago
4658;389;2025-07;3802,18;2025-08-16;2025-08-18;Pago
4659;389;2025-08;4233,55;2025-09-21;2025-09-28;Pago
4660;389;2025-09;3638,45;2025-10-15;2025-10-13;Pago
4661;389;2025-10;4384,59;2025-11-11;2025-11-16;Pago
4662;389;2025-11;2569,84;2025-12-15;2025-12-16;Pago
4663;389;2025-12;510,19;2026-01-07;2026-01-07;Pago
4664;389;2026-01;2386,97;2026-02-13;2026-02-18;Pago
4665;389;2026-02;3904,51;2026-03-13;;Pendente
4666;389;2026-03;1741,65;2026-04-15;2026-04-26;Pago
4667;389;2026-04;1613,92;2026-05-13;2026-05-17;Pago
4668;389;2026-05;1923,24;2026-06-07;2026-06-20;Pago
4669;390;2025-07;4466,67;2025-07-11;2025-07-08;Pago
4670;390;2025-07;3765,63;2025-08-24;;Pendente
4671;390;2025-08;1013,23;2025-09-16;2025-09-17;Pago
4672;390;2025-09;2709,59;2025-10-09;2025-10-22;Pago
4673;390;2025-10;4117,17;2025-11-12;2025-11-27;Pago
4674;390;2025-11;3166,32;2025-12-23;;Pendente
4675;390;2025-12;2597,21;2026-01-12;2026-01-25;Pago
4676;390;2026-01;1322,44;2026-02-19;2026-02-19;Pago
4677;390;2026-02;3568,72;2026-03-14;2026-03-11;Pago
4678;390;2026-03;634,16;2026-04-09;2026-04-21;Pago
4679;390;2026-04;3462,85;2026-05-18;2026-05-22;Pago
4680;390;2026-05;627,85;2026-06-20;2026-07-03;Pago
4681;391;2025-07;1079,96;2025-07-13;2025-07-16;Pago
4682;391;2025-07;4223,23;2025-08-10;;Pendente
4683;391;2025-08;4353,17;2025-09-20;2025-09-25;Pago
4684;391;2025-09;3018,28;2025-10-21;2025-10-29;Pago
4685;391;2025-10;2865,33;2025-11-08;;Pendente
4686;391;2025-11;3395,78;2025-12-14;;Pendente
4687;391;2025-12;608,96;2026-01-19;2026-01-19;Pago
4688;391;2026-01;4122,68;2026-02-12;2026-02-09;Pago
4689;391;2026-02;1623,74;2026-03-12;2026-03-19;Pago
4690;391;2026-03;2788,8;2026-04-20;2026-04-18;Pago
4691;391;2026-04;1985,32;2026-05-17;2026-05-25;Pago
4692;391;2026-05;963,56;2026-06-12;2026-06-11;Pago
4693;392;2025-07;1463,99;2025-07-19;2025-07-26;Pago
4694;392;2025-07;1443,36;2025-08-16;;Pendente
4695;392;2025-08;2703,07;2025-09-23;2025-09-29;Pago
4696;392;2025-09;3569,48;2025-10-16;;Pendente
4697;392;2025-10;1935,63;2025-11-08;2025-11-21;Pago
4698;392;2025-11;2735,16;2025-12-08;2025-12-15;Pago
4699;392;2025-12;709,74;2026-01-18;2026-01-24;Pago
4700;392;2026-01;4085,99;2026-02-09;2026-02-16;Pago
4701;392;2026-02;2159,15;2026-03-22;2026-04-06;Pago
4702;392;2026-03;760,7;2026-04-10;2026-04-14;Pago
4703;392;2026-04;4477,44;2026-05-22;2026-06-01;Pago
4704;392;2026-05;2700,77;2026-06-20;2026-06-23;Pago
4705;393;2025-07;2714,42;2025-07-18;2025-07-22;Pago
4706;393;2025-07;948,83;2025-08-20;2025-08-22;Pago
4707;393;2025-08;891,7;2025-09-23;2025-09-29;Pago
4708;393;2025-09;4076,9;2025-10-14;2025-10-12;Pago
4709;393;2025-10;1974,52;2025-11-14;2025-11-16;Pago
4710;393;2025-11;2445,9;2025-12-11;2025-12-10;Pago
4711;393;2025-12;1843,81;2026-01-22;2026-01-24;Pago
4712;393;2026-01;3710,21;2026-02-12;2026-02-22;Pago
4713;393;2026-02;3457,32;2026-03-16;2026-03-22;Pago
4714;393;2026-03;3249,37;2026-04-16;2026-04-17;Pago
4715;393;2026-04;3607,97;2026-05-09;2026-05-19;Pago
4716;393;2026-05;510,27;2026-06-09;2026-06-15;Pago
4717;394;2025-07;1918,94;2025-07-14;2025-07-21;Pago
4718;394;2025-07;4341,89;2025-08-21;2025-08-21;Pago
4719;394;2025-08;533,42;2025-09-10;;Pendente
4720;394;2025-09;2851,75;2025-10-20;2025-11-01;Pago
4721;394;2025-10;1554,9;2025-11-16;2025-11-16;Pago
4722;394;2025-11;3164,71;2025-12-21;;Pendente
4723;394;2025-12;4347,2;2026-01-09;2026-01-21;Pago
4724;394;2026-01;3727,34;2026-02-17;2026-02-19;Pago
4725;394;2026-02;1193,59;2026-03-11;2026-03-17;Pago
4726;394;2026-03;3216,97;2026-04-14;2026-04-22;Pago
4727;394;2026-04;940,99;2026-05-19;2026-05-19;Pago
4728;394;2026-05;4219,5;2026-06-16;;Pendente
4729;395;2025-07;1049,81;2025-07-24;2025-08-01;Pago
4730;395;2025-07;1863,85;2025-08-11;;Pendente
4731;395;2025-08;2945,32;2025-09-10;2025-09-17;Pago
4732;395;2025-09;2065,06;2025-10-17;;Pendente
4733;395;2025-10;2163,1;2025-11-17;2025-11-28;Pago
4734;395;2025-11;3650,7;2025-12-18;2025-12-28;Pago
4735;395;2025-12;1697,1;2026-01-21;2026-01-31;Pago
4736;395;2026-01;1702,12;2026-02-18;2026-02-26;Pago
4737;395;2026-02;2272,43;2026-03-18;2026-03-16;Pago
4738;395;2026-03;2599,83;2026-04-13;2026-04-17;Pago
4739;395;2026-04;897,68;2026-05-16;2026-05-31;Pago
4740;395;2026-05;3049,51;2026-06-16;2026-06-27;Pago
4741;396;2025-07;2035,59;2025-07-25;;Pendente
4742;396;2025-07;2289,44;2025-08-20;2025-08-23;Pago
4743;396;2025-08;1968,74;2025-09-19;2025-09-17;Pago
4744;396;2025-09;2142,61;2025-10-15;2025-10-22;Pago
4745;396;2025-10;723,98;2025-11-14;2025-11-26;Pago
4746;396;2025-11;1182,46;2025-12-13;2025-12-26;Pago
4747;396;2025-12;3181,64;2026-01-10;2026-01-23;Pago
4748;396;2026-01;1690,06;2026-02-13;2026-02-19;Pago
4749;396;2026-02;1411,28;2026-03-22;2026-04-06;Pago
4750;396;2026-03;3378,73;2026-04-17;2026-04-18;Pago
4751;396;2026-04;950,19;2026-05-11;2026-05-12;Pago
4752;396;2026-05;1130,84;2026-06-20;2026-07-04;Pago
4753;397;2025-07;2707,82;2025-07-22;2025-07-21;Pago
4754;397;2025-07;4365,92;2025-08-16;2025-08-31;Pago
4755;397;2025-08;4108,85;2025-09-11;;Pendente
4756;397;2025-09;1092,27;2025-10-18;2025-11-01;Pago
4757;397;2025-10;1295,22;2025-11-13;2025-11-20;Pago
4758;397;2025-11;3428,84;2025-12-23;;Pendente
4759;397;2025-12;1862,11;2026-01-22;2026-01-24;Pago
4760;397;2026-01;4286,47;2026-02-10;2026-02-20;Pago
4761;397;2026-02;4197,03;2026-03-08;2026-03-15;Pago
4762;397;2026-03;2662,78;2026-04-21;2026-05-05;Pago
4763;397;2026-04;2125,44;2026-05-09;2026-05-17;Pago
4764;397;2026-05;860,25;2026-06-09;2026-06-10;Pago
4765;398;2025-07;3034,78;2025-07-22;2025-07-29;Pago
4766;398;2025-07;869,35;2025-08-17;2025-09-01;Pago
4767;398;2025-08;2504,88;2025-09-22;2025-10-04;Pago
4768;398;2025-09;4197,3;2025-10-10;2025-10-10;Pago
4769;398;2025-10;4332,39;2025-11-13;2025-11-14;Pago
4770;398;2025-11;4325,36;2025-12-17;2025-12-30;Pago
4771;398;2025-12;1837,26;2026-01-12;2026-01-26;Pago
4772;398;2026-01;1243,11;2026-02-13;2026-02-28;Pago
4773;398;2026-02;3160,63;2026-03-15;2026-03-13;Pago
4774;398;2026-03;3206,76;2026-04-18;2026-04-15;Pago
4775;398;2026-04;3036,51;2026-05-08;;Pendente
4776;398;2026-05;4310,12;2026-06-19;2026-06-26;Pago
4777;399;2025-07;3223,41;2025-07-13;2025-07-20;Pago
4778;399;2025-07;1876,3;2025-08-12;2025-08-19;Pago
4779;399;2025-08;2646,66;2025-09-21;;Pendente
4780;399;2025-09;2736,32;2025-10-14;2025-10-20;Pago
4781;399;2025-10;2718,52;2025-11-17;2025-11-16;Pago
4782;399;2025-11;2444,49;2025-12-22;2025-12-31;Pago
4783;399;2025-12;2778,56;2026-01-17;2026-01-20;Pago
4784;399;2026-01;2732,24;2026-02-09;2026-02-16;Pago
4785;399;2026-02;466,46;2026-03-22;2026-03-25;Pago
4786;399;2026-03;1525,2;2026-04-22;;Pendente
4787;399;2026-04;713,35;2026-05-19;2026-05-21;Pago
4788;399;2026-05;3238,16;2026-06-10;2026-06-11;Pago
4789;400;2025-07;3216,98;2025-07-25;2025-08-07;Pago
4790;400;2025-07;4260,77;2025-08-19;2025-08-21;Pago
4791;400;2025-08;1941,3;2025-09-22;2025-09-22;Pago
4792;400;2025-09;887,4;2025-10-14;;Pendente
4793;400;2025-10;3457,36;2025-11-22;2025-12-04;Pago
4794;400;2025-11;2897,61;2025-12-14;2025-12-26;Pago
4795;400;2025-12;4473,96;2026-01-20;2026-01-23;Pago
4796;400;2026-01;816,14;2026-02-10;2026-02-20;Pago
4797;400;2026-02;1452,46;2026-03-09;2026-03-12;Pago
4798;400;2026-03;3278,08;2026-04-14;2026-04-26;Pago
4799;400;2026-04;1936,69;2026-05-18;2026-05-26;Pago
4800;400;2026-05;3092,35;2026-06-08;2026-06-21;Pago
4801;401;2025-07;516,15;2025-07-20;2025-07-24;Pago
4802;401;2025-07;3848,65;2025-08-11;2025-08-14;Pago
4803;401;2025-08;2049,72;2025-09-19;2025-09-18;Pago
4804;401;2025-09;1710,45;2025-10-09;2025-10-10;Pago
4805;401;2025-10;3704,02;2025-11-08;2025-11-11;Pago
4806;401;2025-11;3022,25;2025-12-12;2025-12-23;Pago
4807;401;2025-12;3284,9;2026-01-16;2026-01-28;Pago
4808;401;2026-01;2961,16;2026-02-09;2026-02-22;Pago
4809;401;2026-02;1871,26;2026-03-14;2026-03-14;Pago
4810;401;2026-03;2463,11;2026-04-18;2026-04-16;Pago
4811;401;2026-04;643,8;2026-05-20;;Pendente
4812;401;2026-05;2313,37;2026-06-10;2026-06-16;Pago
4813;402;2025-07;2380,86;2025-07-12;2025-07-27;Pago
4814;402;2025-07;4294,27;2025-08-12;2025-08-17;Pago
4815;402;2025-08;1064,53;2025-09-19;2025-09-25;Pago
4816;402;2025-09;4175,88;2025-10-22;2025-10-28;Pago
4817;402;2025-10;2835,52;2025-11-13;2025-11-18;Pago
4818;402;2025-11;704,85;2025-12-19;2025-12-16;Pago
4819;402;2025-12;3946,22;2026-01-18;2026-01-25;Pago
4820;402;2026-01;1265,58;2026-02-17;;Pendente
4821;402;2026-02;3545,93;2026-03-19;2026-03-29;Pago
4822;402;2026-03;3027,07;2026-04-17;2026-04-26;Pago
4823;402;2026-04;2295,3;2026-05-16;2026-05-30;Pago
4824;402;2026-05;4216,32;2026-06-07;;Pendente
4825;403;2025-07;3351,92;2025-07-14;2025-07-12;Pago
4826;403;2025-07;3848,38;2025-08-19;2025-08-17;Pago
4827;403;2025-08;3207,85;2025-09-23;2025-09-22;Pago
4828;403;2025-09;1433,14;2025-10-18;2025-10-30;Pago
4829;403;2025-10;2076,64;2025-11-19;2025-11-21;Pago
4830;403;2025-11;1664,71;2025-12-20;2025-12-18;Pago
4831;403;2025-12;1269,03;2026-01-22;2026-01-27;Pago
4832;403;2026-01;1655,42;2026-02-06;2026-02-17;Pago
4833;403;2026-02;3634,0;2026-03-20;2026-03-24;Pago
4834;403;2026-03;1184,85;2026-04-16;2026-04-29;Pago
4835;403;2026-04;3605,32;2026-05-08;2026-05-20;Pago
4836;403;2026-05;1401,37;2026-06-09;2026-06-14;Pago
4837;404;2025-07;4159,42;2025-07-18;2025-07-16;Pago
4838;404;2025-07;2792,26;2025-08-24;2025-08-22;Pago
4839;404;2025-08;1040,57;2025-09-11;2025-09-08;Pago
4840;404;2025-09;1474,43;2025-10-15;2025-10-15;Pago
4841;404;2025-10;3065,43;2025-11-10;2025-11-18;Pago
4842;404;2025-11;947,68;2025-12-23;2026-01-07;Pago
4843;404;2025-12;4131,74;2026-01-13;2026-01-12;Pago
4844;404;2026-01;1911,39;2026-02-18;2026-03-02;Pago
4845;404;2026-02;2199,27;2026-03-08;2026-03-18;Pago
4846;404;2026-03;1458,52;2026-04-11;;Pendente
4847;404;2026-04;3540,91;2026-05-14;2026-05-12;Pago
4848;404;2026-05;615,43;2026-06-16;;Pendente
4849;405;2025-07;3311,01;2025-07-20;2025-07-20;Pago
4850;405;2025-07;2611,93;2025-08-18;2025-08-19;Pago
4851;405;2025-08;1930,4;2025-09-20;2025-10-02;Pago
4852;405;2025-09;3644,93;2025-10-16;2025-10-13;Pago
4853;405;2025-10;1259,82;2025-11-21;2025-11-26;Pago
4854;405;2025-11;2918,76;2025-12-19;2025-12-24;Pago
4855;405;2025-12;1188,26;2026-01-08;2026-01-14;Pago
4856;405;2026-01;4373,17;2026-02-17;2026-02-19;Pago
4857;405;2026-02;755,71;2026-03-08;2026-03-14;Pago
4858;405;2026-03;2962,11;2026-04-18;2026-04-20;Pago
4859;405;2026-04;2058,59;2026-05-09;;Pendente
4860;405;2026-05;4129,23;2026-06-15;;Pendente
4861;406;2025-07;3994,01;2025-07-20;2025-07-27;Pago
4862;406;2025-07;472,82;2025-08-11;2025-08-23;Pago
4863;406;2025-08;3019,17;2025-09-16;2025-09-14;Pago
4864;406;2025-09;1160,24;2025-10-18;2025-10-28;Pago
4865;406;2025-10;1883,61;2025-11-10;2025-11-24;Pago
4866;406;2025-11;4421,0;2025-12-21;2025-12-23;Pago
4867;406;2025-12;3739,09;2026-01-15;2026-01-23;Pago
4868;406;2026-01;3697,37;2026-02-10;2026-02-09;Pago
4869;406;2026-02;2283,23;2026-03-14;2026-03-15;Pago
4870;406;2026-03;3415,23;2026-04-21;2026-04-24;Pago
4871;406;2026-04;2023,92;2026-05-09;2026-05-21;Pago
4872;406;2026-05;1215,36;2026-06-18;2026-06-30;Pago
4873;407;2025-07;2061,54;2025-07-25;2025-08-07;Pago
4874;407;2025-07;514,14;2025-08-10;;Pendente
4875;407;2025-08;4017,03;2025-09-12;2025-09-23;Pago
4876;407;2025-09;1701,71;2025-10-13;2025-10-20;Pago
4877;407;2025-10;1136,81;2025-11-11;2025-11-08;Pago
4878;407;2025-11;1350,0;2025-12-08;;Pendente
4879;407;2025-12;1433,99;2026-01-12;;Pendente
4880;407;2026-01;1167,08;2026-02-11;2026-02-11;Pago
4881;407;2026-02;3755,18;2026-03-08;2026-03-08;Pago
4882;407;2026-03;3353,78;2026-04-16;2026-04-25;Pago
4883;407;2026-04;4132,43;2026-05-22;2026-05-22;Pago
4884;407;2026-05;3755,4;2026-06-21;2026-06-24;Pago
4885;408;2025-07;700,72;2025-07-14;;Pendente
4886;408;2025-07;1460,1;2025-08-22;2025-08-27;Pago
4887;408;2025-08;1288,52;2025-09-12;;Pendente
4888;408;2025-09;942,22;2025-10-23;2025-11-04;Pago
4889;408;2025-10;1650,74;2025-11-15;2025-11-18;Pago
4890;408;2025-11;1007,84;2025-12-12;2025-12-23;Pago
4891;408;2025-12;2094,33;2026-01-17;2026-01-24;Pago
4892;408;2026-01;3978,88;2026-02-07;2026-02-11;Pago
4893;408;2026-02;1114,62;2026-03-16;2026-03-24;Pago
4894;408;2026-03;2867,91;2026-04-17;2026-04-19;Pago
4895;408;2026-04;3922,56;2026-05-12;2026-05-10;Pago
4896;408;2026-05;1510,23;2026-06-17;2026-07-01;Pago
4897;409;2025-07;988,72;2025-07-22;2025-07-29;Pago
4898;409;2025-07;964,8;2025-08-11;2025-08-21;Pago
4899;409;2025-08;4487,73;2025-09-14;;Pendente
4900;409;2025-09;2562,82;2025-10-10;2025-10-19;Pago
4901;409;2025-10;679,38;2025-11-15;2025-11-30;Pago
4902;409;2025-11;3341,46;2025-12-12;2025-12-18;Pago
4903;409;2025-12;2089,83;2026-01-19;2026-01-21;Pago
4904;409;2026-01;2381,11;2026-02-18;2026-02-22;Pago
4905;409;2026-02;3640,95;2026-03-11;2026-03-20;Pago
4906;409;2026-03;1134,6;2026-04-07;2026-04-19;Pago
4907;409;2026-04;1202,74;2026-05-22;2026-06-03;Pago
4908;409;2026-05;1712,32;2026-06-15;2026-06-17;Pago
4909;410;2025-07;2814,69;2025-07-24;2025-07-27;Pago
4910;410;2025-07;3974,54;2025-08-10;;Pendente
4911;410;2025-08;1112,77;2025-09-20;2025-09-23;Pago
4912;410;2025-09;4301,71;2025-10-23;2025-11-03;Pago
4913;410;2025-10;3809,23;2025-11-13;2025-11-22;Pago
4914;410;2025-11;986,79;2025-12-21;;Pendente
4915;410;2025-12;4366,84;2026-01-11;2026-01-12;Pago
4916;410;2026-01;3525,62;2026-02-12;2026-02-10;Pago
4917;410;2026-02;3946,64;2026-03-15;2026-03-17;Pago
4918;410;2026-03;3625,74;2026-04-07;2026-04-13;Pago
4919;410;2026-04;3449,32;2026-05-18;;Pendente
4920;410;2026-05;756,01;2026-06-18;2026-06-22;Pago
4921;411;2025-07;2204,2;2025-07-18;2025-07-28;Pago
4922;411;2025-07;962,07;2025-08-21;2025-08-23;Pago
4923;411;2025-08;2911,51;2025-09-16;2025-09-20;Pago
4924;411;2025-09;3209,36;2025-10-10;2025-10-24;Pago
4925;411;2025-10;4174,59;2025-11-11;2025-11-17;Pago
4926;411;2025-11;969,55;2025-12-15;2025-12-23;Pago
4927;411;2025-12;3595,11;2026-01-07;2026-01-11;Pago
4928;411;2026-01;647,56;2026-02-19;2026-02-22;Pago
4929;411;2026-02;3438,98;2026-03-22;2026-03-23;Pago
4930;411;2026-03;1025,64;2026-04-11;2026-04-22;Pago
4931;411;2026-04;2003,12;2026-05-20;2026-06-01;Pago
4932;411;2026-05;2268,17;2026-06-12;2026-06-23;Pago
4933;412;2025-07;3792,54;2025-07-14;;Pendente
4934;412;2025-07;2691,35;2025-08-16;2025-08-26;Pago
4935;412;2025-08;672,44;2025-09-22;;Pendente
4936;412;2025-09;1682,01;2025-10-19;2025-10-26;Pago
4937;412;2025-10;4458,26;2025-11-09;;Pendente
4938;412;2025-11;2271,2;2025-12-13;2025-12-21;Pago
4939;412;2025-12;4106,91;2026-01-22;2026-01-28;Pago
4940;412;2026-01;4420,21;2026-02-08;2026-02-05;Pago
4941;412;2026-02;2114,67;2026-03-19;2026-03-21;Pago
4942;412;2026-03;2008,76;2026-04-16;2026-04-21;Pago
4943;412;2026-04;2446,21;2026-05-20;2026-05-30;Pago
4944;412;2026-05;1871,74;2026-06-13;2026-06-27;Pago
4945;413;2025-07;3976,08;2025-07-12;2025-07-20;Pago
4946;413;2025-07;2642,36;2025-08-18;2025-08-22;Pago
4947;413;2025-08;1481,43;2025-09-15;2025-09-20;Pago
4948;413;2025-09;2930,15;2025-10-16;2025-10-16;Pago
4949;413;2025-10;3323,7;2025-11-10;2025-11-07;Pago
4950;413;2025-11;2291,7;2025-12-10;2025-12-13;Pago
4951;413;2025-12;451,96;2026-01-09;2026-01-14;Pago
4952;413;2026-01;584,57;2026-02-20;2026-03-06;Pago
4953;413;2026-02;3572,46;2026-03-10;2026-03-21;Pago
4954;413;2026-03;2293,54;2026-04-10;2026-04-17;Pago
4955;413;2026-04;3958,33;2026-05-13;2026-05-28;Pago
4956;413;2026-05;2061,77;2026-06-14;2026-06-25;Pago
4957;414;2025-07;831,54;2025-07-15;2025-07-14;Pago
4958;414;2025-07;1059,88;2025-08-25;2025-08-26;Pago
4959;414;2025-08;2505,22;2025-09-14;2025-09-17;Pago
4960;414;2025-09;1052,85;2025-10-16;2025-10-16;Pago
4961;414;2025-10;1241,0;2025-11-17;2025-12-02;Pago
4962;414;2025-11;1917,08;2025-12-13;2025-12-10;Pago
4963;414;2025-12;1368,56;2026-01-12;2026-01-26;Pago
4964;414;2026-01;3066,25;2026-02-08;2026-02-13;Pago
4965;414;2026-02;2103,88;2026-03-10;2026-03-09;Pago
4966;414;2026-03;4472,94;2026-04-10;2026-04-15;Pago
4967;414;2026-04;3966,66;2026-05-17;2026-05-15;Pago
4968;414;2026-05;1036,21;2026-06-10;2026-06-15;Pago
4969;415;2025-07;1537,67;2025-07-11;2025-07-16;Pago
4970;415;2025-07;4441,26;2025-08-14;2025-08-18;Pago
4971;415;2025-08;1592,79;2025-09-19;2025-09-27;Pago
4972;415;2025-09;595,36;2025-10-19;2025-10-21;Pago
4973;415;2025-10;1812,15;2025-11-09;2025-11-12;Pago
4974;415;2025-11;2963,04;2025-12-21;2025-12-29;Pago
4975;415;2025-12;2208,07;2026-01-11;2026-01-15;Pago
4976;415;2026-01;3476,14;2026-02-18;2026-03-04;Pago
4977;415;2026-02;3442,43;2026-03-09;2026-03-06;Pago
4978;415;2026-03;1031,83;2026-04-14;2026-04-22;Pago
4979;415;2026-04;2257,51;2026-05-12;2026-05-15;Pago
4980;415;2026-05;1477,86;2026-06-08;2026-06-20;Pago
4981;416;2025-07;3093,73;2025-07-22;2025-07-28;Pago
4982;416;2025-07;4325,75;2025-08-23;2025-08-24;Pago
4983;416;2025-08;2218,56;2025-09-09;2025-09-23;Pago
4984;416;2025-09;1226,81;2025-10-21;2025-10-23;Pago
4985;416;2025-10;1094,97;2025-11-14;2025-11-15;Pago
4986;416;2025-11;1325,49;2025-12-10;2025-12-23;Pago
4987;416;2025-12;3328,4;2026-01-16;2026-01-23;Pago
4988;416;2026-01;1527,54;2026-02-20;2026-03-04;Pago
4989;416;2026-02;4300,01;2026-03-22;2026-04-06;Pago
4990;416;2026-03;2099,94;2026-04-14;2026-04-24;Pago
4991;416;2026-04;4432,41;2026-05-11;2026-05-17;Pago
4992;416;2026-05;3159,4;2026-06-08;2026-06-14;Pago
4993;417;2025-07;942,47;2025-07-25;2025-08-05;Pago
4994;417;2025-07;2676,24;2025-08-11;2025-08-25;Pago
4995;417;2025-08;1968,41;2025-09-22;2025-09-30;Pago
4996;417;2025-09;3980,62;2025-10-21;2025-10-18;Pago
4997;417;2025-10;2148,25;2025-11-18;2025-11-28;Pago
4998;417;2025-11;3369,25;2025-12-21;2025-12-18;Pago
4999;417;2025-12;3614,79;2026-01-20;2026-01-23;Pago
5000;417;2026-01;1034,26;2026-02-07;2026-02-11;Pago
5001;417;2026-02;1149,31;2026-03-19;2026-03-16;Pago
5002;417;2026-03;899,31;2026-04-17;2026-04-19;Pago
5003;417;2026-04;2516,96;2026-05-18;2026-06-01;Pago
5004;417;2026-05;4405,29;2026-06-09;2026-06-19;Pago
5005;418;2025-07;4268,28;2025-07-13;2025-07-17;Pago
5006;418;2025-07;3971,46;2025-08-14;2025-08-22;Pago
5007;418;2025-08;3553,91;2025-09-12;2025-09-25;Pago
5008;418;2025-09;2188,1;2025-10-09;;Pendente
5009;418;2025-10;1808,83;2025-11-18;2025-11-27;Pago
5010;418;2025-11;951,63;2025-12-20;2026-01-03;Pago
5011;418;2025-12;2618,59;2026-01-20;2026-02-04;Pago
5012;418;2026-01;530,09;2026-02-07;2026-02-09;Pago
5013;418;2026-02;3385,36;2026-03-18;2026-03-26;Pago
5014;418;2026-03;1971,52;2026-04-09;2026-04-11;Pago
5015;418;2026-04;3224,05;2026-05-07;2026-05-15;Pago
5016;418;2026-05;4312,64;2026-06-17;2026-06-17;Pago
5017;419;2025-07;1853,85;2025-07-14;2025-07-16;Pago
5018;419;2025-07;909,66;2025-08-25;2025-09-05;Pago
5019;419;2025-08;1538,25;2025-09-20;2025-09-17;Pago
5020;419;2025-09;3466,34;2025-10-20;2025-10-30;Pago
5021;419;2025-10;808,65;2025-11-12;;Pendente
5022;419;2025-11;2614,32;2025-12-11;2025-12-08;Pago
5023;419;2025-12;2859,17;2026-01-21;2026-01-28;Pago
5024;419;2026-01;670,17;2026-02-18;;Pendente
5025;419;2026-02;3110,7;2026-03-12;2026-03-20;Pago
5026;419;2026-03;659,08;2026-04-09;2026-04-22;Pago
5027;419;2026-04;2284,86;2026-05-14;2026-05-13;Pago
5028;419;2026-05;2729,2;2026-06-17;2026-06-14;Pago
5029;420;2025-07;3667,09;2025-07-23;2025-08-07;Pago
5030;420;2025-07;1727,07;2025-08-10;2025-08-20;Pago
5031;420;2025-08;1124,78;2025-09-22;2025-09-22;Pago
5032;420;2025-09;1668,59;2025-10-17;2025-10-31;Pago
5033;420;2025-10;980,18;2025-11-11;2025-11-08;Pago
5034;420;2025-11;1687,48;2025-12-21;2026-01-01;Pago
5035;420;2025-12;2170,5;2026-01-08;2026-01-16;Pago
5036;420;2026-01;2206,1;2026-02-19;2026-02-26;Pago
5037;420;2026-02;3723,25;2026-03-19;2026-03-29;Pago
5038;420;2026-03;1888,72;2026-04-22;2026-04-19;Pago
5039;420;2026-04;3481,76;2026-05-08;;Pendente
5040;420;2026-05;4012,42;2026-06-18;2026-06-21;Pago
5041;421;2025-07;1484,72;2025-07-25;2025-07-24;Pago
5042;421;2025-07;2285,92;2025-08-18;2025-08-21;Pago
5043;421;2025-08;645,16;2025-09-10;;Pendente
5044;421;2025-09;2370,17;2025-10-09;2025-10-21;Pago
5045;421;2025-10;1656,35;2025-11-09;;Pendente
5046;421;2025-11;1922,62;2025-12-20;2025-12-27;Pago
5047;421;2025-12;4343,35;2026-01-09;2026-01-08;Pago
5048;421;2026-01;2465,19;2026-02-16;2026-02-14;Pago
5049;421;2026-02;955,28;2026-03-14;2026-03-28;Pago
5050;421;2026-03;1387,52;2026-04-12;2026-04-11;Pago
5051;421;2026-04;4373,26;2026-05-20;2026-05-30;Pago
5052;421;2026-05;1333,39;2026-06-11;2026-06-22;Pago
5053;422;2025-07;2540,36;2025-07-16;2025-07-14;Pago
5054;422;2025-07;633,35;2025-08-12;2025-08-27;Pago
5055;422;2025-08;4079,86;2025-09-22;2025-09-27;Pago
5056;422;2025-09;3977,16;2025-10-19;2025-11-03;Pago
5057;422;2025-10;799,7;2025-11-19;2025-11-25;Pago
5058;422;2025-11;1203,8;2025-12-14;2025-12-18;Pago
5059;422;2025-12;1544,84;2026-01-17;2026-01-22;Pago
5060;422;2026-01;722,11;2026-02-08;2026-02-19;Pago
5061;422;2026-02;1897,16;2026-03-19;2026-03-24;Pago
5062;422;2026-03;3823,65;2026-04-22;2026-04-30;Pago
5063;422;2026-04;3043,83;2026-05-12;2026-05-17;Pago
5064;422;2026-05;2596,88;2026-06-10;2026-06-23;Pago
5065;423;2025-07;1701,36;2025-07-24;2025-07-25;Pago
5066;423;2025-07;3201,35;2025-08-12;;Pendente
5067;423;2025-08;1606,53;2025-09-18;2025-09-21;Pago
5068;423;2025-09;1907,82;2025-10-20;;Pendente
5069;423;2025-10;3092,0;2025-11-10;2025-11-13;Pago
5070;423;2025-11;4272,06;2025-12-23;2025-12-25;Pago
5071;423;2025-12;3448,85;2026-01-08;2026-01-16;Pago
5072;423;2026-01;3159,1;2026-02-11;2026-02-20;Pago
5073;423;2026-02;1545,4;2026-03-22;2026-03-24;Pago
5074;423;2026-03;1928,72;2026-04-16;2026-04-18;Pago
5075;423;2026-04;2805,43;2026-05-12;2026-05-22;Pago
5076;423;2026-05;2485,76;2026-06-19;2026-07-03;Pago
5077;424;2025-07;3788,23;2025-07-13;2025-07-25;Pago
5078;424;2025-07;1381,18;2025-08-22;2025-08-30;Pago
5079;424;2025-08;3634,74;2025-09-14;2025-09-17;Pago
5080;424;2025-09;3533,21;2025-10-16;2025-10-27;Pago
5081;424;2025-10;2090,58;2025-11-19;2025-11-24;Pago
5082;424;2025-11;750,42;2025-12-21;2026-01-01;Pago
5083;424;2025-12;2559,85;2026-01-08;2026-01-09;Pago
5084;424;2026-01;2567,87;2026-02-10;;Pendente
5085;424;2026-02;3436,22;2026-03-08;2026-03-05;Pago
5086;424;2026-03;1642,49;2026-04-15;2026-04-29;Pago
5087;424;2026-04;1199,77;2026-05-18;2026-06-02;Pago
5088;424;2026-05;1108,46;2026-06-09;2026-06-22;Pago
5089;425;2025-07;4361,99;2025-07-13;2025-07-16;Pago
5090;425;2025-07;4017,41;2025-08-17;2025-08-25;Pago
5091;425;2025-08;4260,89;2025-09-21;2025-10-05;Pago
5092;425;2025-09;3744,18;2025-10-21;;Pendente
5093;425;2025-10;1615,37;2025-11-20;2025-11-19;Pago
5094;425;2025-11;2972,7;2025-12-23;2025-12-20;Pago
5095;425;2025-12;2801,04;2026-01-09;2026-01-09;Pago
5096;425;2026-01;4449,44;2026-02-11;2026-02-20;Pago
5097;425;2026-02;2799,11;2026-03-08;2026-03-17;Pago
5098;425;2026-03;4391,83;2026-04-15;;Pendente
5099;425;2026-04;1592,61;2026-05-20;2026-05-26;Pago
5100;425;2026-05;2490,24;2026-06-10;2026-06-24;Pago
5101;426;2025-07;2475,8;2025-07-26;2025-08-02;Pago
5102;426;2025-07;1982,23;2025-08-21;2025-08-30;Pago
5103;426;2025-08;1224,36;2025-09-14;2025-09-20;Pago
5104;426;2025-09;2145,29;2025-10-18;2025-10-29;Pago
5105;426;2025-10;2896,81;2025-11-14;2025-11-14;Pago
5106;426;2025-11;2547,26;2025-12-14;2025-12-29;Pago
5107;426;2025-12;2911,83;2026-01-13;2026-01-20;Pago
5108;426;2026-01;1596,51;2026-02-07;2026-02-08;Pago
5109;426;2026-02;2252,93;2026-03-18;2026-03-21;Pago
5110;426;2026-03;2795,47;2026-04-19;2026-04-23;Pago
5111;426;2026-04;4365,64;2026-05-09;2026-05-24;Pago
5112;426;2026-05;2635,25;2026-06-21;2026-06-28;Pago
5113;427;2025-07;3875,3;2025-07-14;2025-07-25;Pago
5114;427;2025-07;1035,79;2025-08-18;;Pendente
5115;427;2025-08;633,88;2025-09-13;2025-09-25;Pago
5116;427;2025-09;3089,76;2025-10-12;2025-10-24;Pago
5117;427;2025-10;1655,97;2025-11-16;2025-11-20;Pago
5118;427;2025-11;709,64;2025-12-09;2025-12-17;Pago
5119;427;2025-12;1697,27;2026-01-13;2026-01-12;Pago
5120;427;2026-01;1976,6;2026-02-07;2026-02-19;Pago
5121;427;2026-02;3381,24;2026-03-22;2026-03-21;Pago
5122;427;2026-03;1544,53;2026-04-22;;Pendente
5123;427;2026-04;2385,78;2026-05-19;2026-05-19;Pago
5124;427;2026-05;2228,71;2026-06-17;2026-06-26;Pago
5125;428;2025-07;3377,61;2025-07-24;2025-07-23;Pago
5126;428;2025-07;1922,59;2025-08-16;2025-08-22;Pago
5127;428;2025-08;3896,79;2025-09-17;2025-09-29;Pago
5128;428;2025-09;4434,67;2025-10-10;2025-10-23;Pago
5129;428;2025-10;980,84;2025-11-12;2025-11-10;Pago
5130;428;2025-11;3599,77;2025-12-10;2025-12-22;Pago
5131;428;2025-12;2533,73;2026-01-20;2026-01-28;Pago
5132;428;2026-01;2862,72;2026-02-21;2026-02-19;Pago
5133;428;2026-02;825,33;2026-03-19;2026-03-28;Pago
5134;428;2026-03;4017,09;2026-04-19;;Pendente
5135;428;2026-04;1178,48;2026-05-18;2026-05-16;Pago
5136;428;2026-05;2458,46;2026-06-10;;Pendente
5137;429;2025-07;610,63;2025-07-15;;Pendente
5138;429;2025-07;3653,26;2025-08-15;2025-08-16;Pago
5139;429;2025-08;2616,67;2025-09-21;2025-09-24;Pago
5140;429;2025-09;2026,41;2025-10-09;2025-10-06;Pago
5141;429;2025-10;1073,53;2025-11-21;;Pendente
5142;429;2025-11;2876,13;2025-12-23;2026-01-06;Pago
5143;429;2025-12;1542,38;2026-01-15;2026-01-23;Pago
5144;429;2026-01;2222,58;2026-02-20;2026-02-27;Pago
5145;429;2026-02;1817,92;2026-03-23;2026-03-27;Pago
5146;429;2026-03;2504,12;2026-04-12;2026-04-13;Pago
5147;429;2026-04;3865,17;2026-05-20;2026-05-21;Pago
5148;429;2026-05;1796,18;2026-06-12;2026-06-11;Pago
5149;430;2025-07;881,83;2025-07-21;2025-07-20;Pago
5150;430;2025-07;525,95;2025-08-23;2025-08-31;Pago
5151;430;2025-08;1853,85;2025-09-14;2025-09-18;Pago
5152;430;2025-09;909,54;2025-10-10;;Pendente
5153;430;2025-10;3179,46;2025-11-09;;Pendente
5154;430;2025-11;2535,53;2025-12-19;2025-12-29;Pago
5155;430;2025-12;1950,09;2026-01-12;2026-01-12;Pago
5156;430;2026-01;1201,72;2026-02-09;2026-02-17;Pago
5157;430;2026-02;3997,49;2026-03-16;2026-03-17;Pago
5158;430;2026-03;679,12;2026-04-11;2026-04-08;Pago
5159;430;2026-04;1496,42;2026-05-22;2026-05-30;Pago
5160;430;2026-05;3798,11;2026-06-10;2026-06-10;Pago
5161;431;2025-07;2863,79;2025-07-19;2025-08-03;Pago
5162;431;2025-07;4435,02;2025-08-25;2025-08-23;Pago
5163;431;2025-08;2820,14;2025-09-19;2025-10-03;Pago
5164;431;2025-09;3937,32;2025-10-16;2025-10-14;Pago
5165;431;2025-10;3676,81;2025-11-17;2025-11-18;Pago
5166;431;2025-11;3637,06;2025-12-18;2025-12-23;Pago
5167;431;2025-12;527,05;2026-01-21;2026-02-01;Pago
5168;431;2026-01;1112,77;2026-02-12;2026-02-17;Pago
5169;431;2026-02;1520,52;2026-03-22;2026-03-28;Pago
5170;431;2026-03;2924,59;2026-04-22;2026-04-23;Pago
5171;431;2026-04;4284,83;2026-05-12;2026-05-10;Pago
5172;431;2026-05;1665,83;2026-06-18;2026-06-20;Pago
5173;432;2025-07;3512,77;2025-07-12;2025-07-20;Pago
5174;432;2025-07;3058,26;2025-08-17;2025-08-22;Pago
5175;432;2025-08;4138,84;2025-09-22;2025-09-26;Pago
5176;432;2025-09;1319,91;2025-10-13;;Pendente
5177;432;2025-10;807,68;2025-11-19;2025-12-02;Pago
5178;432;2025-11;2586,55;2025-12-15;2025-12-18;Pago
5179;432;2025-12;3721,97;2026-01-11;2026-01-17;Pago
5180;432;2026-01;2911,63;2026-02-21;;Pendente
5181;432;2026-02;2037,67;2026-03-20;2026-03-20;Pago
5182;432;2026-03;2927,22;2026-04-10;2026-04-10;Pago
5183;432;2026-04;2183,74;2026-05-17;2026-05-26;Pago
5184;432;2026-05;2774,91;2026-06-18;2026-06-24;Pago
5185;433;2025-07;3137,71;2025-07-13;;Pendente
5186;433;2025-07;4386,67;2025-08-22;;Pendente
5187;433;2025-08;4211,17;2025-09-11;2025-09-10;Pago
5188;433;2025-09;3981,53;2025-10-22;2025-10-31;Pago
5189;433;2025-10;3159,09;2025-11-22;2025-11-26;Pago
5190;433;2025-11;3394,56;2025-12-08;2025-12-23;Pago
5191;433;2025-12;2143,68;2026-01-08;2026-01-10;Pago
5192;433;2026-01;1914,87;2026-02-14;;Pendente
5193;433;2026-02;1090,05;2026-03-20;2026-03-17;Pago
5194;433;2026-03;4044,45;2026-04-16;2026-05-01;Pago
5195;433;2026-04;2941,12;2026-05-11;2026-05-26;Pago
5196;433;2026-05;2442,05;2026-06-07;2026-06-05;Pago
5197;434;2025-07;3035,55;2025-07-22;2025-07-28;Pago
5198;434;2025-07;2848,11;2025-08-22;2025-08-26;Pago
5199;434;2025-08;4424,31;2025-09-15;2025-09-20;Pago
5200;434;2025-09;2659,08;2025-10-11;2025-10-20;Pago
5201;434;2025-10;2044,94;2025-11-11;2025-11-11;Pago
5202;434;2025-11;3488,88;2025-12-14;;Pendente
5203;434;2025-12;1679,49;2026-01-08;;Pendente
5204;434;2026-01;2008,33;2026-02-17;2026-02-19;Pago
5205;434;2026-02;521,56;2026-03-10;2026-03-07;Pago
5206;434;2026-03;3281,34;2026-04-20;2026-04-28;Pago
5207;434;2026-04;2347,55;2026-05-08;2026-05-10;Pago
5208;434;2026-05;3995,68;2026-06-09;2026-06-13;Pago
5209;435;2025-07;3158,3;2025-07-24;2025-08-04;Pago
5210;435;2025-07;2970,25;2025-08-13;2025-08-23;Pago
5211;435;2025-08;3790,85;2025-09-16;;Pendente
5212;435;2025-09;821,84;2025-10-16;;Pendente
5213;435;2025-10;2590,89;2025-11-22;2025-11-29;Pago
5214;435;2025-11;4167,13;2025-12-21;2025-12-27;Pago
5215;435;2025-12;3175,27;2026-01-08;2026-01-23;Pago
5216;435;2026-01;2346,02;2026-02-11;2026-02-24;Pago
5217;435;2026-02;2734,02;2026-03-19;2026-03-30;Pago
5218;435;2026-03;4472,06;2026-04-16;2026-04-18;Pago
5219;435;2026-04;3621,12;2026-05-22;2026-05-23;Pago
5220;435;2026-05;3394,52;2026-06-16;2026-06-21;Pago
5221;436;2025-07;2819,3;2025-07-17;2025-07-15;Pago
5222;436;2025-07;3699,58;2025-08-14;2025-08-16;Pago
5223;436;2025-08;3992,76;2025-09-22;2025-10-02;Pago
5224;436;2025-09;1298,93;2025-10-18;;Pendente
5225;436;2025-10;3300,61;2025-11-21;2025-11-23;Pago
5226;436;2025-11;2083,29;2025-12-11;;Pendente
5227;436;2025-12;1974,65;2026-01-12;;Pendente
5228;436;2026-01;3448,96;2026-02-21;;Pendente
5229;436;2026-02;2163,47;2026-03-22;2026-04-01;Pago
5230;436;2026-03;2010,6;2026-04-13;;Pendente
5231;436;2026-04;938,97;2026-05-11;2026-05-11;Pago
5232;436;2026-05;2158,05;2026-06-16;2026-06-28;Pago
5233;437;2025-07;2128,01;2025-07-24;2025-08-04;Pago
5234;437;2025-07;2050,27;2025-08-24;2025-08-27;Pago
5235;437;2025-08;3590,11;2025-09-21;2025-09-18;Pago
5236;437;2025-09;2649,0;2025-10-15;2025-10-30;Pago
5237;437;2025-10;1279,47;2025-11-21;2025-12-04;Pago
5238;437;2025-11;2904,33;2025-12-08;2025-12-08;Pago
5239;437;2025-12;1521,78;2026-01-13;2026-01-18;Pago
5240;437;2026-01;4265,76;2026-02-14;2026-02-23;Pago
5241;437;2026-02;1262,15;2026-03-10;2026-03-08;Pago
5242;437;2026-03;2246,63;2026-04-20;2026-04-25;Pago
5243;437;2026-04;4190,26;2026-05-18;2026-06-02;Pago
5244;437;2026-05;3154,28;2026-06-09;2026-06-09;Pago
5245;438;2025-07;3875,36;2025-07-19;2025-07-19;Pago
5246;438;2025-07;901,58;2025-08-24;2025-09-03;Pago
5247;438;2025-08;1098,12;2025-09-21;2025-09-26;Pago
5248;438;2025-09;3968,25;2025-10-13;2025-10-25;Pago
5249;438;2025-10;3831,45;2025-11-20;;Pendente
5250;438;2025-11;3389,86;2025-12-23;2025-12-24;Pago
5251;438;2025-12;2098,89;2026-01-07;2026-01-16;Pago
5252;438;2026-01;633,53;2026-02-08;2026-02-06;Pago
5253;438;2026-02;3211,85;2026-03-21;2026-04-03;Pago
5254;438;2026-03;1984,45;2026-04-19;2026-04-19;Pago
5255;438;2026-04;2270,63;2026-05-11;2026-05-12;Pago
5256;438;2026-05;3940,8;2026-06-19;2026-06-28;Pago
5257;439;2025-07;1307,58;2025-07-11;2025-07-14;Pago
5258;439;2025-07;2703,52;2025-08-24;;Pendente
5259;439;2025-08;1632,79;2025-09-14;2025-09-12;Pago
5260;439;2025-09;1936,37;2025-10-17;2025-10-29;Pago
5261;439;2025-10;3970,15;2025-11-19;2025-12-01;Pago
5262;439;2025-11;1411,86;2025-12-14;2025-12-14;Pago
5263;439;2025-12;1263,4;2026-01-12;2026-01-15;Pago
5264;439;2026-01;2767,13;2026-02-07;2026-02-13;Pago
5265;439;2026-02;3368,12;2026-03-17;2026-03-15;Pago
5266;439;2026-03;4429,1;2026-04-11;2026-04-10;Pago
5267;439;2026-04;3176,33;2026-05-13;2026-05-11;Pago
5268;439;2026-05;3225,55;2026-06-07;;Pendente
5269;440;2025-07;1762,96;2025-07-25;2025-07-22;Pago
5270;440;2025-07;1476,94;2025-08-11;2025-08-12;Pago
5271;440;2025-08;4166,56;2025-09-19;2025-10-02;Pago
5272;440;2025-09;2147,26;2025-10-16;2025-10-28;Pago
5273;440;2025-10;581,27;2025-11-11;2025-11-12;Pago
5274;440;2025-11;962,73;2025-12-14;;Pendente
5275;440;2025-12;2443,79;2026-01-20;2026-02-02;Pago
5276;440;2026-01;3792,26;2026-02-15;;Pendente
5277;440;2026-02;1831,74;2026-03-21;2026-03-23;Pago
5278;440;2026-03;3376,53;2026-04-08;2026-04-13;Pago
5279;440;2026-04;1343,93;2026-05-08;2026-05-14;Pago
5280;440;2026-05;4073,56;2026-06-16;2026-06-22;Pago
5281;441;2025-07;849,14;2025-07-11;2025-07-20;Pago
5282;441;2025-07;565,71;2025-08-14;2025-08-15;Pago
5283;441;2025-08;1186,36;2025-09-21;;Pendente
5284;441;2025-09;658,86;2025-10-21;2025-10-30;Pago
5285;441;2025-10;3077,38;2025-11-17;2025-11-22;Pago
5286;441;2025-11;3764,13;2025-12-21;2025-12-25;Pago
5287;441;2025-12;4204,36;2026-01-13;2026-01-26;Pago
5288;441;2026-01;3570,76;2026-02-21;2026-03-04;Pago
5289;441;2026-02;2879,53;2026-03-08;2026-03-15;Pago
5290;441;2026-03;3570,27;2026-04-20;2026-05-04;Pago
5291;441;2026-04;4410,74;2026-05-18;2026-05-27;Pago
5292;441;2026-05;677,98;2026-06-15;2026-06-19;Pago
5293;442;2025-07;1919,95;2025-07-12;2025-07-22;Pago
5294;442;2025-07;2765,0;2025-08-12;2025-08-12;Pago
5295;442;2025-08;2870,03;2025-09-18;2025-09-27;Pago
5296;442;2025-09;4093,81;2025-10-13;2025-10-16;Pago
5297;442;2025-10;2605,56;2025-11-14;2025-11-11;Pago
5298;442;2025-11;2964,5;2025-12-15;;Pendente
5299;442;2025-12;2419,08;2026-01-11;2026-01-18;Pago
5300;442;2026-01;1440,79;2026-02-06;2026-02-21;Pago
5301;442;2026-02;773,47;2026-03-08;;Pendente
5302;442;2026-03;1703,02;2026-04-09;2026-04-08;Pago
5303;442;2026-04;2076,73;2026-05-21;2026-05-18;Pago
5304;442;2026-05;3752,56;2026-06-20;2026-07-01;Pago
5305;443;2025-07;3943,63;2025-07-17;;Pendente
5306;443;2025-07;3314,1;2025-08-18;2025-08-28;Pago
5307;443;2025-08;2645,33;2025-09-09;2025-09-08;Pago
5308;443;2025-09;3510,04;2025-10-19;2025-10-20;Pago
5309;443;2025-10;4471,1;2025-11-21;;Pendente
5310;443;2025-11;855,24;2025-12-18;2025-12-26;Pago
5311;443;2025-12;3180,33;2026-01-17;2026-01-27;Pago
5312;443;2026-01;527,2;2026-02-12;2026-02-18;Pago
5313;443;2026-02;960,66;2026-03-18;2026-04-01;Pago
5314;443;2026-03;2908,17;2026-04-16;;Pendente
5315;443;2026-04;2144,9;2026-05-13;;Pendente
5316;443;2026-05;453,17;2026-06-14;2026-06-19;Pago
5317;444;2025-07;4007,0;2025-07-19;2025-07-28;Pago
5318;444;2025-07;1183,03;2025-08-14;2025-08-21;Pago
5319;444;2025-08;1153,28;2025-09-12;2025-09-25;Pago
5320;444;2025-09;4085,67;2025-10-14;2025-10-17;Pago
5321;444;2025-10;889,8;2025-11-09;2025-11-22;Pago
5322;444;2025-11;2911,47;2025-12-17;2025-12-31;Pago
5323;444;2025-12;2780,24;2026-01-22;2026-02-01;Pago
5324;444;2026-01;1492,76;2026-02-18;2026-02-26;Pago
5325;444;2026-02;4006,47;2026-03-20;2026-03-31;Pago
5326;444;2026-03;3159,43;2026-04-17;2026-04-15;Pago
5327;444;2026-04;3084,22;2026-05-07;2026-05-21;Pago
5328;444;2026-05;4329,99;2026-06-20;2026-06-28;Pago
5329;445;2025-07;810,8;2025-07-19;2025-07-16;Pago
5330;445;2025-07;1881,66;2025-08-23;2025-08-30;Pago
5331;445;2025-08;2850,45;2025-09-14;2025-09-26;Pago
5332;445;2025-09;3136,89;2025-10-24;2025-10-22;Pago
5333;445;2025-10;1748,56;2025-11-16;;Pendente
5334;445;2025-11;2806,76;2025-12-18;;Pendente
5335;445;2025-12;2326,31;2026-01-13;2026-01-18;Pago
5336;445;2026-01;2973,36;2026-02-12;;Pendente
5337;445;2026-02;987,53;2026-03-10;2026-03-21;Pago
5338;445;2026-03;3238,23;2026-04-17;2026-04-15;Pago
5339;445;2026-04;2932,37;2026-05-14;2026-05-25;Pago
5340;445;2026-05;2275,15;2026-06-17;2026-06-17;Pago
5341;446;2025-07;3768,23;2025-07-17;;Pendente
5342;446;2025-07;2221,75;2025-08-11;2025-08-19;Pago
5343;446;2025-08;1095,93;2025-09-16;2025-09-25;Pago
5344;446;2025-09;1008,76;2025-10-19;2025-10-23;Pago
5345;446;2025-10;3905,81;2025-11-21;2025-11-29;Pago
5346;446;2025-11;2901,15;2025-12-23;2026-01-04;Pago
5347;446;2025-12;3117,41;2026-01-10;2026-01-12;Pago
5348;446;2026-01;3422,66;2026-02-16;2026-02-24;Pago
5349;446;2026-02;3867,27;2026-03-08;2026-03-14;Pago
5350;446;2026-03;3871,77;2026-04-11;2026-04-16;Pago
5351;446;2026-04;1990,81;2026-05-08;2026-05-10;Pago
5352;446;2026-05;4449,99;2026-06-20;2026-06-29;Pago
5353;447;2025-07;4100,49;2025-07-13;2025-07-24;Pago
5354;447;2025-07;3334,53;2025-08-25;2025-08-28;Pago
5355;447;2025-08;2691,5;2025-09-14;2025-09-14;Pago
5356;447;2025-09;1477,3;2025-10-10;2025-10-15;Pago
5357;447;2025-10;3193,34;2025-11-22;2025-12-01;Pago
5358;447;2025-11;2105,74;2025-12-10;2025-12-08;Pago
5359;447;2025-12;1353,95;2026-01-13;2026-01-19;Pago
5360;447;2026-01;739,51;2026-02-14;2026-02-12;Pago
5361;447;2026-02;4079,47;2026-03-17;2026-03-26;Pago
5362;447;2026-03;498,22;2026-04-19;2026-04-16;Pago
5363;447;2026-04;4004,4;2026-05-21;2026-05-20;Pago
5364;447;2026-05;3032,72;2026-06-16;2026-06-16;Pago
5365;448;2025-07;3455,84;2025-07-22;;Pendente
5366;448;2025-07;4282,39;2025-08-11;;Pendente
5367;448;2025-08;2937,79;2025-09-12;2025-09-26;Pago
5368;448;2025-09;3909,56;2025-10-10;2025-10-10;Pago
5369;448;2025-10;3652,3;2025-11-20;2025-12-01;Pago
5370;448;2025-11;3433,71;2025-12-22;;Pendente
5371;448;2025-12;1459,75;2026-01-21;2026-01-29;Pago
5372;448;2026-01;3771,98;2026-02-10;;Pendente
5373;448;2026-02;4035,51;2026-03-09;;Pendente
5374;448;2026-03;4317,86;2026-04-08;2026-04-22;Pago
5375;448;2026-04;841,7;2026-05-20;2026-05-24;Pago
5376;448;2026-05;2456,89;2026-06-18;2026-07-01;Pago
5377;449;2025-07;2759,71;2025-07-26;2025-08-04;Pago
5378;449;2025-07;1382,18;2025-08-17;2025-08-15;Pago
5379;449;2025-08;468,43;2025-09-10;2025-09-22;Pago
5380;449;2025-09;3444,11;2025-10-15;2025-10-27;Pago
5381;449;2025-10;3593,43;2025-11-18;2025-11-17;Pago
5382;449;2025-11;2802,03;2025-12-10;;Pendente
5383;449;2025-12;4223,46;2026-01-14;2026-01-12;Pago
5384;449;2026-01;3158,5;2026-02-19;2026-03-03;Pago
5385;449;2026-02;1238,18;2026-03-18;2026-04-02;Pago
5386;449;2026-03;3909,83;2026-04-07;2026-04-21;Pago
5387;449;2026-04;577,77;2026-05-22;2026-06-02;Pago
5388;449;2026-05;1884,38;2026-06-17;2026-06-19;Pago
5389;450;2025-07;2403,67;2025-07-22;2025-07-26;Pago
5390;450;2025-07;2242,5;2025-08-13;;Pendente
5391;450;2025-08;1083,25;2025-09-12;2025-09-24;Pago
5392;450;2025-09;727,34;2025-10-22;2025-11-03;Pago
5393;450;2025-10;2570,61;2025-11-12;2025-11-12;Pago
5394;450;2025-11;3225,48;2025-12-16;2025-12-25;Pago
5395;450;2025-12;2647,18;2026-01-08;2026-01-19;Pago
5396;450;2026-01;2688,85;2026-02-17;2026-02-16;Pago
5397;450;2026-02;2653,17;2026-03-17;;Pendente
5398;450;2026-03;1054,92;2026-04-09;2026-04-10;Pago
5399;450;2026-04;3557,95;2026-05-17;2026-05-24;Pago
5400;450;2026-05;2891,81;2026-06-21;2026-06-20;Pago
5401;451;2025-07;2293,75;2025-07-26;2025-07-27;Pago
5402;451;2025-07;3091,07;2025-08-20;2025-08-30;Pago
5403;451;2025-08;3750,12;2025-09-13;2025-09-24;Pago
5404;451;2025-09;2687,26;2025-10-18;2025-10-22;Pago
5405;451;2025-10;1588,08;2025-11-14;2025-11-13;Pago
5406;451;2025-11;2925,93;2025-12-20;2025-12-17;Pago
5407;451;2025-12;1547,89;2026-01-20;;Pendente
5408;451;2026-01;1221,13;2026-02-08;2026-02-15;Pago
5409;451;2026-02;1449,53;2026-03-08;2026-03-07;Pago
5410;451;2026-03;2503,98;2026-04-15;2026-04-23;Pago
5411;451;2026-04;4301,33;2026-05-15;2026-05-27;Pago
5412;451;2026-05;910,94;2026-06-21;2026-06-30;Pago
5413;452;2025-07;1128,9;2025-07-17;2025-07-29;Pago
5414;452;2025-07;828,86;2025-08-24;2025-08-30;Pago
5415;452;2025-08;1630,23;2025-09-10;2025-09-19;Pago
5416;452;2025-09;3201,98;2025-10-16;2025-10-30;Pago
5417;452;2025-10;2123,74;2025-11-14;2025-11-24;Pago
5418;452;2025-11;1008,22;2025-12-23;2025-12-24;Pago
5419;452;2025-12;2492,92;2026-01-20;2026-01-29;Pago
5420;452;2026-01;821,15;2026-02-18;2026-02-17;Pago
5421;452;2026-02;2020,05;2026-03-16;2026-03-16;Pago
5422;452;2026-03;2327,83;2026-04-20;2026-04-29;Pago
5423;452;2026-04;2305,12;2026-05-15;2026-05-15;Pago
5424;452;2026-05;2546,44;2026-06-06;2026-06-12;Pago
5425;453;2025-07;3311,64;2025-07-22;2025-07-28;Pago
5426;453;2025-07;1454,11;2025-08-17;2025-08-24;Pago
5427;453;2025-08;2454,07;2025-09-12;2025-09-20;Pago
5428;453;2025-09;4369,38;2025-10-21;2025-11-01;Pago
5429;453;2025-10;3660,1;2025-11-18;2025-12-03;Pago
5430;453;2025-11;2747,14;2025-12-09;2025-12-07;Pago
5431;453;2025-12;2264,57;2026-01-19;;Pendente
5432;453;2026-01;656,42;2026-02-19;2026-02-16;Pago
5433;453;2026-02;3303,48;2026-03-10;2026-03-17;Pago
5434;453;2026-03;2006,94;2026-04-07;2026-04-15;Pago
5435;453;2026-04;2398,43;2026-05-14;2026-05-20;Pago
5436;453;2026-05;2239,29;2026-06-19;2026-06-21;Pago
5437;454;2025-07;2417,41;2025-07-17;2025-07-15;Pago
5438;454;2025-07;3898,03;2025-08-22;2025-08-31;Pago
5439;454;2025-08;1769,5;2025-09-21;2025-09-20;Pago
5440;454;2025-09;3325,31;2025-10-17;2025-10-16;Pago
5441;454;2025-10;2134,12;2025-11-17;2025-11-15;Pago
5442;454;2025-11;2251,16;2025-12-19;2025-12-25;Pago
5443;454;2025-12;1797,88;2026-01-22;2026-02-03;Pago
5444;454;2026-01;895,43;2026-02-08;2026-02-22;Pago
5445;454;2026-02;886,88;2026-03-19;2026-03-20;Pago
5446;454;2026-03;953,48;2026-04-14;2026-04-18;Pago
5447;454;2026-04;2796,97;2026-05-22;2026-05-29;Pago
5448;454;2026-05;786,34;2026-06-09;2026-06-21;Pago
5449;455;2025-07;2509,27;2025-07-11;2025-07-08;Pago
5450;455;2025-07;2877,36;2025-08-13;2025-08-20;Pago
5451;455;2025-08;3451,37;2025-09-23;2025-09-29;Pago
5452;455;2025-09;2735,38;2025-10-18;;Pendente
5453;455;2025-10;1006,35;2025-11-22;2025-11-25;Pago
5454;455;2025-11;2288,18;2025-12-21;2025-12-23;Pago
5455;455;2025-12;883,95;2026-01-09;;Pendente
5456;455;2026-01;3701,26;2026-02-09;2026-02-13;Pago
5457;455;2026-02;1564,5;2026-03-15;2026-03-14;Pago
5458;455;2026-03;530,86;2026-04-13;2026-04-15;Pago
5459;455;2026-04;3139,47;2026-05-18;;Pendente
5460;455;2026-05;1382,33;2026-06-14;2026-06-27;Pago
5461;456;2025-07;2881,82;2025-07-22;2025-08-05;Pago
5462;456;2025-07;3321,05;2025-08-24;2025-08-24;Pago
5463;456;2025-08;890,86;2025-09-10;2025-09-12;Pago
5464;456;2025-09;2461,06;2025-10-20;2025-10-30;Pago
5465;456;2025-10;2415,06;2025-11-08;2025-11-23;Pago
5466;456;2025-11;1616,63;2025-12-09;2025-12-09;Pago
5467;456;2025-12;753,7;2026-01-12;2026-01-19;Pago
5468;456;2026-01;1880,37;2026-02-19;2026-03-04;Pago
5469;456;2026-02;1861,98;2026-03-10;2026-03-15;Pago
5470;456;2026-03;2138,6;2026-04-21;2026-04-27;Pago
5471;456;2026-04;2259,86;2026-05-22;2026-06-04;Pago
5472;456;2026-05;947,0;2026-06-07;2026-06-10;Pago
5473;457;2025-07;4337,19;2025-07-23;2025-08-07;Pago
5474;457;2025-07;3463,96;2025-08-13;2025-08-17;Pago
5475;457;2025-08;3244,84;2025-09-17;;Pendente
5476;457;2025-09;758,3;2025-10-19;2025-10-24;Pago
5477;457;2025-10;1401,98;2025-11-08;2025-11-08;Pago
5478;457;2025-11;3910,13;2025-12-14;2025-12-19;Pago
5479;457;2025-12;4382,35;2026-01-20;2026-02-01;Pago
5480;457;2026-01;1358,9;2026-02-07;;Pendente
5481;457;2026-02;3587,26;2026-03-17;2026-03-28;Pago
5482;457;2026-03;779,84;2026-04-21;2026-04-22;Pago
5483;457;2026-04;3163,91;2026-05-14;2026-05-12;Pago
5484;457;2026-05;2868,45;2026-06-21;2026-06-21;Pago
5485;458;2025-07;4118,06;2025-07-21;2025-08-04;Pago
5486;458;2025-07;1247,03;2025-08-21;2025-08-18;Pago
5487;458;2025-08;1666,8;2025-09-13;2025-09-17;Pago
5488;458;2025-09;2232,31;2025-10-19;2025-10-28;Pago
5489;458;2025-10;936,2;2025-11-14;2025-11-15;Pago
5490;458;2025-11;2153,83;2025-12-18;2025-12-19;Pago
5491;458;2025-12;3542,78;2026-01-21;2026-01-20;Pago
5492;458;2026-01;1836,8;2026-02-16;;Pendente
5493;458;2026-02;2625,74;2026-03-13;2026-03-15;Pago
5494;458;2026-03;3001,6;2026-04-18;;Pendente
5495;458;2026-04;3845,64;2026-05-14;2026-05-19;Pago
5496;458;2026-05;4206,21;2026-06-07;2026-06-13;Pago
5497;459;2025-07;1939,64;2025-07-12;2025-07-23;Pago
5498;459;2025-07;3613,82;2025-08-16;2025-08-25;Pago
5499;459;2025-08;2373,57;2025-09-13;2025-09-10;Pago
5500;459;2025-09;2645,32;2025-10-16;2025-10-27;Pago
5501;459;2025-10;2064,97;2025-11-13;2025-11-13;Pago
5502;459;2025-11;4471,72;2025-12-22;2025-12-31;Pago
5503;459;2025-12;582,78;2026-01-07;2026-01-22;Pago
5504;459;2026-01;2115,87;2026-02-10;2026-02-21;Pago
5505;459;2026-02;514,86;2026-03-10;2026-03-11;Pago
5506;459;2026-03;2384,61;2026-04-07;2026-04-20;Pago
5507;459;2026-04;2815,84;2026-05-13;2026-05-25;Pago
5508;459;2026-05;1104,17;2026-06-15;2026-06-28;Pago
5509;460;2025-07;4214,5;2025-07-11;;Pendente
5510;460;2025-07;2276,15;2025-08-19;2025-08-19;Pago
5511;460;2025-08;1075,77;2025-09-11;2025-09-11;Pago
5512;460;2025-09;1520,18;2025-10-19;2025-10-26;Pago
5513;460;2025-10;2505,81;2025-11-23;2025-12-05;Pago
5514;460;2025-11;2232,77;2025-12-08;2025-12-11;Pago
5515;460;2025-12;4249,73;2026-01-12;2026-01-10;Pago
5516;460;2026-01;1975,68;2026-02-19;2026-03-01;Pago
5517;460;2026-02;1522,19;2026-03-11;2026-03-15;Pago
5518;460;2026-03;2992,98;2026-04-22;2026-04-28;Pago
5519;460;2026-04;2276,45;2026-05-21;2026-06-02;Pago
5520;460;2026-05;2264,92;2026-06-18;2026-06-28;Pago
5521;461;2025-07;1031,23;2025-07-23;2025-07-29;Pago
5522;461;2025-07;1102,24;2025-08-15;2025-08-22;Pago
5523;461;2025-08;3326,05;2025-09-14;2025-09-20;Pago
5524;461;2025-09;3070,44;2025-10-18;2025-10-17;Pago
5525;461;2025-10;778,01;2025-11-14;2025-11-25;Pago
5526;461;2025-11;3966,97;2025-12-21;2025-12-24;Pago
5527;461;2025-12;3391,91;2026-01-19;2026-01-20;Pago
5528;461;2026-01;3459,42;2026-02-17;2026-02-16;Pago
5529;461;2026-02;2278,32;2026-03-18;2026-03-16;Pago
5530;461;2026-03;3529,52;2026-04-09;2026-04-06;Pago
5531;461;2026-04;1311,72;2026-05-08;2026-05-07;Pago
5532;461;2026-05;2255,03;2026-06-20;2026-07-01;Pago
5533;462;2025-07;4068,9;2025-07-20;2025-07-31;Pago
5534;462;2025-07;4070,31;2025-08-17;2025-08-17;Pago
5535;462;2025-08;4498,49;2025-09-16;2025-09-14;Pago
5536;462;2025-09;1110,56;2025-10-17;2025-10-18;Pago
5537;462;2025-10;4294,89;2025-11-22;2025-12-05;Pago
5538;462;2025-11;3153,2;2025-12-22;2025-12-28;Pago
5539;462;2025-12;3325,9;2026-01-17;2026-01-20;Pago
5540;462;2026-01;1689,36;2026-02-11;2026-02-15;Pago
5541;462;2026-02;3081,89;2026-03-23;2026-04-01;Pago
5542;462;2026-03;4442,9;2026-04-07;2026-04-12;Pago
5543;462;2026-04;2752,03;2026-05-15;2026-05-15;Pago
5544;462;2026-05;1529,07;2026-06-12;2026-06-16;Pago
5545;463;2025-07;1673,44;2025-07-14;2025-07-11;Pago
5546;463;2025-07;1796,71;2025-08-25;2025-09-06;Pago
5547;463;2025-08;2013,27;2025-09-09;2025-09-10;Pago
5548;463;2025-09;3302,07;2025-10-11;;Pendente
5549;463;2025-10;4109,46;2025-11-16;2025-11-24;Pago
5550;463;2025-11;1018,3;2025-12-16;2025-12-28;Pago
5551;463;2025-12;2822,97;2026-01-11;2026-01-12;Pago
5552;463;2026-01;1319,42;2026-02-19;2026-03-02;Pago
5553;463;2026-02;584,88;2026-03-15;2026-03-17;Pago
5554;463;2026-03;1692,14;2026-04-22;2026-05-01;Pago
5555;463;2026-04;662,91;2026-05-15;2026-05-13;Pago
5556;463;2026-05;1904,96;2026-06-09;2026-06-21;Pago
5557;464;2025-07;3221,05;2025-07-25;2025-08-01;Pago
5558;464;2025-07;3667,14;2025-08-12;2025-08-15;Pago
5559;464;2025-08;4237,67;2025-09-11;2025-09-21;Pago
5560;464;2025-09;1019,43;2025-10-18;2025-10-17;Pago
5561;464;2025-10;2419,98;2025-11-12;2025-11-27;Pago
5562;464;2025-11;1909,5;2025-12-14;;Pendente
5563;464;2025-12;1929,99;2026-01-14;;Pendente
5564;464;2026-01;1652,26;2026-02-11;2026-02-22;Pago
5565;464;2026-02;3621,3;2026-03-10;2026-03-12;Pago
5566;464;2026-03;639,68;2026-04-15;;Pendente
5567;464;2026-04;4407,49;2026-05-17;2026-05-26;Pago
5568;464;2026-05;3422,74;2026-06-21;2026-07-05;Pago
5569;465;2025-07;1858,72;2025-07-14;2025-07-22;Pago
5570;465;2025-07;2360,64;2025-08-18;2025-08-19;Pago
5571;465;2025-08;4374,35;2025-09-22;;Pendente
5572;465;2025-09;2357,3;2025-10-13;2025-10-23;Pago
5573;465;2025-10;1769,3;2025-11-11;2025-11-11;Pago
5574;465;2025-11;3738,34;2025-12-16;2025-12-28;Pago
5575;465;2025-12;1806,97;2026-01-09;2026-01-22;Pago
5576;465;2026-01;3286,95;2026-02-15;2026-02-24;Pago
5577;465;2026-02;3646,22;2026-03-09;2026-03-18;Pago
5578;465;2026-03;2306,96;2026-04-22;2026-05-02;Pago
5579;465;2026-04;2544,81;2026-05-13;2026-05-24;Pago
5580;465;2026-05;3137,71;2026-06-06;2026-06-12;Pago
5581;466;2025-07;1876,46;2025-07-24;2025-08-02;Pago
5582;466;2025-07;2406,39;2025-08-14;2025-08-21;Pago
5583;466;2025-08;4017,93;2025-09-16;;Pendente
5584;466;2025-09;2749,27;2025-10-12;2025-10-24;Pago
5585;466;2025-10;2983,2;2025-11-17;2025-12-01;Pago
5586;466;2025-11;3095,68;2025-12-14;2025-12-21;Pago
5587;466;2025-12;2117,45;2026-01-13;2026-01-11;Pago
5588;466;2026-01;3571,27;2026-02-13;2026-02-12;Pago
5589;466;2026-02;1033,61;2026-03-18;2026-03-17;Pago
5590;466;2026-03;3260,2;2026-04-21;2026-05-03;Pago
5591;466;2026-04;2031,05;2026-05-11;2026-05-18;Pago
5592;466;2026-05;720,87;2026-06-08;2026-06-14;Pago
5593;467;2025-07;1587,52;2025-07-18;;Pendente
5594;467;2025-07;2558,94;2025-08-16;2025-08-15;Pago
5595;467;2025-08;2254,05;2025-09-22;2025-10-04;Pago
5596;467;2025-09;3944,63;2025-10-23;2025-10-20;Pago
5597;467;2025-10;2971,73;2025-11-23;2025-12-08;Pago
5598;467;2025-11;840,9;2025-12-13;2025-12-14;Pago
5599;467;2025-12;3151,81;2026-01-09;2026-01-22;Pago
5600;467;2026-01;3130,31;2026-02-10;2026-02-24;Pago
5601;467;2026-02;2998,18;2026-03-10;2026-03-09;Pago
5602;467;2026-03;1465,57;2026-04-14;2026-04-16;Pago
5603;467;2026-04;1705,7;2026-05-18;2026-06-02;Pago
5604;467;2026-05;2096,28;2026-06-18;2026-06-22;Pago
5605;468;2025-07;974,54;2025-07-14;2025-07-19;Pago
5606;468;2025-07;1243,29;2025-08-20;2025-08-28;Pago
5607;468;2025-08;1765,72;2025-09-09;2025-09-12;Pago
5608;468;2025-09;1952,24;2025-10-24;2025-11-02;Pago
5609;468;2025-10;1353,82;2025-11-19;2025-12-04;Pago
5610;468;2025-11;3002,81;2025-12-11;2025-12-15;Pago
5611;468;2025-12;2426,51;2026-01-16;2026-01-22;Pago
5612;468;2026-01;2719,01;2026-02-19;2026-03-01;Pago
5613;468;2026-02;891,39;2026-03-14;2026-03-18;Pago
5614;468;2026-03;4031,12;2026-04-11;2026-04-08;Pago
5615;468;2026-04;4193,29;2026-05-12;2026-05-14;Pago
5616;468;2026-05;1909,29;2026-06-20;2026-07-03;Pago
5617;469;2025-07;571,17;2025-07-25;2025-08-09;Pago
5618;469;2025-07;1855,1;2025-08-13;2025-08-13;Pago
5619;469;2025-08;1388,51;2025-09-14;2025-09-22;Pago
5620;469;2025-09;2355,52;2025-10-16;2025-10-29;Pago
5621;469;2025-10;3779,79;2025-11-19;2025-12-01;Pago
5622;469;2025-11;1225,73;2025-12-16;2025-12-22;Pago
5623;469;2025-12;3332,96;2026-01-15;2026-01-17;Pago
5624;469;2026-01;2376,19;2026-02-06;2026-02-10;Pago
5625;469;2026-02;4064,08;2026-03-19;2026-03-16;Pago
5626;469;2026-03;1506,53;2026-04-14;2026-04-22;Pago
5627;469;2026-04;1047,17;2026-05-22;2026-06-06;Pago
5628;469;2026-05;1546,02;2026-06-17;2026-06-19;Pago
5629;470;2025-07;4148,28;2025-07-24;2025-07-22;Pago
5630;470;2025-07;3468,47;2025-08-17;2025-08-19;Pago
5631;470;2025-08;2025,55;2025-09-13;2025-09-21;Pago
5632;470;2025-09;3134,13;2025-10-17;2025-11-01;Pago
5633;470;2025-10;1331,56;2025-11-16;;Pendente
5634;470;2025-11;3899,88;2025-12-09;2025-12-12;Pago
5635;470;2025-12;3017,0;2026-01-11;2026-01-09;Pago
5636;470;2026-01;4389,87;2026-02-11;2026-02-15;Pago
5637;470;2026-02;2614,8;2026-03-09;2026-03-11;Pago
5638;470;2026-03;1195,29;2026-04-22;2026-04-26;Pago
5639;470;2026-04;4117,29;2026-05-16;2026-05-28;Pago
5640;470;2026-05;3578,83;2026-06-18;2026-07-01;Pago
5641;471;2025-07;2264,33;2025-07-16;2025-07-18;Pago
5642;471;2025-07;1280,87;2025-08-17;2025-08-19;Pago
5643;471;2025-08;3586,35;2025-09-16;2025-09-17;Pago
5644;471;2025-09;3906,26;2025-10-10;;Pendente
5645;471;2025-10;3891,16;2025-11-21;2025-11-18;Pago
5646;471;2025-11;867,14;2025-12-14;2025-12-23;Pago
5647;471;2025-12;4427,83;2026-01-17;2026-01-31;Pago
5648;471;2026-01;2528,19;2026-02-19;2026-02-26;Pago
5649;471;2026-02;792,36;2026-03-19;2026-03-16;Pago
5650;471;2026-03;2376,86;2026-04-20;2026-04-18;Pago
5651;471;2026-04;3958,67;2026-05-19;2026-05-29;Pago
5652;471;2026-05;3534,64;2026-06-14;2026-06-24;Pago
5653;472;2025-07;3829,99;2025-07-23;2025-08-01;Pago
5654;472;2025-07;3224,22;2025-08-21;2025-08-20;Pago
5655;472;2025-08;2539,97;2025-09-11;2025-09-19;Pago
5656;472;2025-09;2706,03;2025-10-09;2025-10-20;Pago
5657;472;2025-10;2984,23;2025-11-21;;Pendente
5658;472;2025-11;3026,16;2025-12-23;2025-12-23;Pago
5659;472;2025-12;2904,59;2026-01-07;2026-01-10;Pago
5660;472;2026-01;2026,17;2026-02-08;2026-02-17;Pago
5661;472;2026-02;1430,6;2026-03-16;2026-03-24;Pago
5662;472;2026-03;973,57;2026-04-12;2026-04-19;Pago
5663;472;2026-04;2688,96;2026-05-19;2026-05-26;Pago
5664;472;2026-05;3325,35;2026-06-18;2026-06-28;Pago
5665;473;2025-07;489,63;2025-07-24;2025-08-07;Pago
5666;473;2025-07;2758,06;2025-08-13;2025-08-10;Pago
5667;473;2025-08;895,27;2025-09-10;;Pendente
5668;473;2025-09;1166,18;2025-10-22;2025-10-20;Pago
5669;473;2025-10;700,63;2025-11-21;2025-11-20;Pago
5670;473;2025-11;1294,46;2025-12-19;2025-12-19;Pago
5671;473;2025-12;921,78;2026-01-20;2026-01-17;Pago
5672;473;2026-01;1515,08;2026-02-13;2026-02-26;Pago
5673;473;2026-02;1133,62;2026-03-20;2026-03-31;Pago
5674;473;2026-03;3734,75;2026-04-08;2026-04-05;Pago
5675;473;2026-04;1771,44;2026-05-15;2026-05-27;Pago
5676;473;2026-05;3534,95;2026-06-13;2026-06-20;Pago
5677;474;2025-07;3778,41;2025-07-23;2025-07-24;Pago
5678;474;2025-07;3481,46;2025-08-19;2025-08-26;Pago
5679;474;2025-08;3991,43;2025-09-16;2025-09-29;Pago
5680;474;2025-09;2656,06;2025-10-09;2025-10-21;Pago
5681;474;2025-10;2181,09;2025-11-16;2025-11-21;Pago
5682;474;2025-11;4147,86;2025-12-17;2025-12-31;Pago
5683;474;2025-12;3581,83;2026-01-12;2026-01-19;Pago
5684;474;2026-01;2029,37;2026-02-16;2026-02-14;Pago
5685;474;2026-02;1758,05;2026-03-23;2026-03-31;Pago
5686;474;2026-03;4143,23;2026-04-18;2026-05-03;Pago
5687;474;2026-04;1044,28;2026-05-07;2026-05-08;Pago
5688;474;2026-05;505,31;2026-06-11;2026-06-18;Pago
5689;475;2025-07;1596,38;2025-07-14;2025-07-11;Pago
5690;475;2025-07;3614,45;2025-08-15;2025-08-28;Pago
5691;475;2025-08;3209,05;2025-09-22;2025-10-06;Pago
5692;475;2025-09;4402,66;2025-10-19;2025-10-24;Pago
5693;475;2025-10;2853,62;2025-11-10;2025-11-13;Pago
5694;475;2025-11;1230,57;2025-12-20;2025-12-24;Pago
5695;475;2025-12;2631,9;2026-01-21;2026-02-02;Pago
5696;475;2026-01;4281,53;2026-02-17;2026-02-26;Pago
5697;475;2026-02;3238,58;2026-03-13;2026-03-27;Pago
5698;475;2026-03;3309,86;2026-04-17;2026-04-26;Pago
5699;475;2026-04;847,51;2026-05-15;2026-05-16;Pago
5700;475;2026-05;709,69;2026-06-06;2026-06-19;Pago
5701;476;2025-07;888,49;2025-07-13;2025-07-16;Pago
5702;476;2025-07;928,25;2025-08-23;2025-08-25;Pago
5703;476;2025-08;1933,94;2025-09-15;2025-09-24;Pago
5704;476;2025-09;2453,79;2025-10-15;2025-10-21;Pago
5705;476;2025-10;1556,48;2025-11-21;2025-11-22;Pago
5706;476;2025-11;2396,27;2025-12-17;2025-12-20;Pago
5707;476;2025-12;4287,03;2026-01-19;2026-01-30;Pago
5708;476;2026-01;984,32;2026-02-10;2026-02-21;Pago
5709;476;2026-02;3256,25;2026-03-12;2026-03-22;Pago
5710;476;2026-03;2371,97;2026-04-14;2026-04-14;Pago
5711;476;2026-04;1562,09;2026-05-08;2026-05-23;Pago
5712;476;2026-05;3518,58;2026-06-14;2026-06-16;Pago
5713;477;2025-07;3044,1;2025-07-20;2025-07-31;Pago
5714;477;2025-07;2457,03;2025-08-14;2025-08-17;Pago
5715;477;2025-08;1996,05;2025-09-15;2025-09-15;Pago
5716;477;2025-09;3098,88;2025-10-19;2025-10-18;Pago
5717;477;2025-10;3547,94;2025-11-21;2025-11-21;Pago
5718;477;2025-11;2505,39;2025-12-20;;Pendente
5719;477;2025-12;1419,27;2026-01-15;;Pendente
5720;477;2026-01;1957,11;2026-02-20;2026-03-01;Pago
5721;477;2026-02;2030,83;2026-03-12;2026-03-16;Pago
5722;477;2026-03;1596,18;2026-04-07;2026-04-16;Pago
5723;477;2026-04;640,44;2026-05-15;2026-05-19;Pago
5724;477;2026-05;2463,64;2026-06-20;2026-06-17;Pago
5725;478;2025-07;4498,75;2025-07-16;2025-07-14;Pago
5726;478;2025-07;4304,78;2025-08-13;2025-08-26;Pago
5727;478;2025-08;4202,44;2025-09-22;;Pendente
5728;478;2025-09;2091,38;2025-10-22;2025-11-05;Pago
5729;478;2025-10;4277,11;2025-11-08;2025-11-11;Pago
5730;478;2025-11;2474,6;2025-12-19;2025-12-28;Pago
5731;478;2025-12;2591,61;2026-01-11;2026-01-09;Pago
5732;478;2026-01;4285,9;2026-02-08;2026-02-19;Pago
5733;478;2026-02;1345,24;2026-03-09;;Pendente
5734;478;2026-03;3631,58;2026-04-19;2026-04-28;Pago
5735;478;2026-04;2933,38;2026-05-09;2026-05-11;Pago
5736;478;2026-05;1009,11;2026-06-07;2026-06-11;Pago
5737;479;2025-07;1655,88;2025-07-19;;Pendente
5738;479;2025-07;3947,72;2025-08-10;2025-08-09;Pago
5739;479;2025-08;1211,73;2025-09-19;2025-09-27;Pago
5740;479;2025-09;995,16;2025-10-19;2025-10-24;Pago
5741;479;2025-10;1372,17;2025-11-08;2025-11-21;Pago
5742;479;2025-11;3096,62;2025-12-23;2025-12-24;Pago
5743;479;2025-12;3498,19;2026-01-21;2026-01-26;Pago
5744;479;2026-01;3986,63;2026-02-15;2026-02-28;Pago
5745;479;2026-02;918,51;2026-03-10;2026-03-16;Pago
5746;479;2026-03;2529,91;2026-04-18;2026-04-25;Pago
5747;479;2026-04;4381,88;2026-05-17;;Pendente
5748;479;2026-05;2398,0;2026-06-18;2026-06-22;Pago
5749;480;2025-07;4108,65;2025-07-12;2025-07-20;Pago
5750;480;2025-07;1760,23;2025-08-16;2025-08-13;Pago
5751;480;2025-08;2379,27;2025-09-24;2025-09-29;Pago
5752;480;2025-09;2641,66;2025-10-16;2025-10-27;Pago
5753;480;2025-10;3098,58;2025-11-19;2025-11-27;Pago
5754;480;2025-11;3739,2;2025-12-16;2025-12-27;Pago
5755;480;2025-12;1272,35;2026-01-12;2026-01-18;Pago
5756;480;2026-01;613,68;2026-02-11;;Pendente
5757;480;2026-02;4243,23;2026-03-13;;Pendente
5758;480;2026-03;2809,56;2026-04-08;;Pendente
5759;480;2026-04;3825,06;2026-05-20;2026-06-02;Pago
5760;480;2026-05;2093,01;2026-06-13;2026-06-19;Pago
5761;481;2025-07;2844,96;2025-07-20;2025-07-25;Pago
5762;481;2025-07;2503,54;2025-08-20;2025-08-20;Pago
5763;481;2025-08;3469,64;2025-09-14;2025-09-26;Pago
5764;481;2025-09;3166,54;2025-10-22;2025-10-20;Pago
5765;481;2025-10;2754,17;2025-11-21;2025-12-02;Pago
5766;481;2025-11;3446,53;2025-12-12;2025-12-24;Pago
5767;481;2025-12;1373,43;2026-01-18;2026-01-26;Pago
5768;481;2026-01;941,51;2026-02-07;2026-02-14;Pago
5769;481;2026-02;3790,49;2026-03-16;;Pendente
5770;481;2026-03;4132,6;2026-04-20;2026-05-03;Pago
5771;481;2026-04;902,19;2026-05-17;2026-05-28;Pago
5772;481;2026-05;2872,16;2026-06-14;2026-06-20;Pago
5773;482;2025-07;2135,67;2025-07-24;2025-08-05;Pago
5774;482;2025-07;4097,89;2025-08-16;2025-08-18;Pago
5775;482;2025-08;1964,52;2025-09-13;2025-09-27;Pago
5776;482;2025-09;1685,83;2025-10-16;2025-10-26;Pago
5777;482;2025-10;3508,3;2025-11-23;2025-12-06;Pago
5778;482;2025-11;1736,4;2025-12-16;2025-12-26;Pago
5779;482;2025-12;2204,65;2026-01-17;;Pendente
5780;482;2026-01;3166,45;2026-02-09;2026-02-15;Pago
5781;482;2026-02;2327,01;2026-03-23;2026-03-27;Pago
5782;482;2026-03;738,59;2026-04-08;2026-04-10;Pago
5783;482;2026-04;3012,44;2026-05-11;2026-05-20;Pago
5784;482;2026-05;2676,84;2026-06-12;;Pendente
5785;483;2025-07;4376,02;2025-07-22;2025-08-05;Pago
5786;483;2025-07;550,39;2025-08-16;2025-08-31;Pago
5787;483;2025-08;2209,33;2025-09-10;2025-09-19;Pago
5788;483;2025-09;1469,91;2025-10-24;2025-10-25;Pago
5789;483;2025-10;2499,17;2025-11-20;2025-12-02;Pago
5790;483;2025-11;4052,93;2025-12-11;;Pendente
5791;483;2025-12;4293,95;2026-01-07;2026-01-06;Pago
5792;483;2026-01;1243,11;2026-02-09;;Pendente
5793;483;2026-02;716,5;2026-03-21;2026-03-25;Pago
5794;483;2026-03;1244,84;2026-04-21;2026-05-05;Pago
5795;483;2026-04;3526,67;2026-05-17;2026-05-18;Pago
5796;483;2026-05;4268,1;2026-06-07;2026-06-09;Pago
5797;484;2025-07;2397,15;2025-07-11;2025-07-26;Pago
5798;484;2025-07;3542,85;2025-08-14;;Pendente
5799;484;2025-08;2116,49;2025-09-19;2025-09-28;Pago
5800;484;2025-09;4042,53;2025-10-09;2025-10-07;Pago
5801;484;2025-10;826,73;2025-11-17;2025-11-14;Pago
5802;484;2025-11;1055,16;2025-12-17;2025-12-31;Pago
5803;484;2025-12;2029,13;2026-01-20;2026-01-29;Pago
5804;484;2026-01;4286,69;2026-02-14;2026-02-23;Pago
5805;484;2026-02;3298,22;2026-03-18;2026-03-24;Pago
5806;484;2026-03;3219,69;2026-04-10;2026-04-18;Pago
5807;484;2026-04;3937,03;2026-05-18;2026-05-21;Pago
5808;484;2026-05;2820,29;2026-06-13;;Pendente
5809;485;2025-07;1154,13;2025-07-23;2025-07-29;Pago
5810;485;2025-07;1032,6;2025-08-23;2025-09-03;Pago
5811;485;2025-08;2728,43;2025-09-14;2025-09-14;Pago
5812;485;2025-09;1478,6;2025-10-12;2025-10-25;Pago
5813;485;2025-10;2525,0;2025-11-14;2025-11-14;Pago
5814;485;2025-11;1725,32;2025-12-17;2025-12-18;Pago
5815;485;2025-12;3150,82;2026-01-07;2026-01-07;Pago
5816;485;2026-01;2917,53;2026-02-12;2026-02-22;Pago
5817;485;2026-02;1404,33;2026-03-16;2026-03-21;Pago
5818;485;2026-03;1330,38;2026-04-22;2026-04-25;Pago
5819;485;2026-04;3080,05;2026-05-13;2026-05-26;Pago
5820;485;2026-05;638,54;2026-06-09;2026-06-23;Pago
5821;486;2025-07;3740,18;2025-07-25;2025-08-03;Pago
5822;486;2025-07;1776,92;2025-08-16;2025-08-27;Pago
5823;486;2025-08;3016,97;2025-09-21;2025-09-26;Pago
5824;486;2025-09;489,71;2025-10-14;2025-10-21;Pago
5825;486;2025-10;2745,72;2025-11-19;2025-11-28;Pago
5826;486;2025-11;2702,44;2025-12-18;2025-12-17;Pago
5827;486;2025-12;2020,44;2026-01-13;;Pendente
5828;486;2026-01;3729,36;2026-02-15;2026-02-21;Pago
5829;486;2026-02;1256,9;2026-03-09;;Pendente
5830;486;2026-03;2786,3;2026-04-17;2026-04-19;Pago
5831;486;2026-04;3445,79;2026-05-21;2026-05-27;Pago
5832;486;2026-05;4438,59;2026-06-16;2026-06-20;Pago
5833;487;2025-07;3150,77;2025-07-21;2025-08-02;Pago
5834;487;2025-07;2992,32;2025-08-13;2025-08-16;Pago
5835;487;2025-08;3417,91;2025-09-23;2025-10-05;Pago
5836;487;2025-09;3333,64;2025-10-18;;Pendente
5837;487;2025-10;2950,83;2025-11-13;2025-11-17;Pago
5838;487;2025-11;1039,55;2025-12-19;2025-12-21;Pago
5839;487;2025-12;2223,19;2026-01-11;2026-01-25;Pago
5840;487;2026-01;2125,91;2026-02-20;2026-02-18;Pago
5841;487;2026-02;3069,23;2026-03-18;2026-03-24;Pago
5842;487;2026-03;1810,74;2026-04-08;2026-04-11;Pago
5843;487;2026-04;3063,73;2026-05-11;2026-05-14;Pago
5844;487;2026-05;2009,87;2026-06-18;2026-06-28;Pago
5845;488;2025-07;2951,77;2025-07-17;2025-07-16;Pago
5846;488;2025-07;4459,99;2025-08-12;2025-08-21;Pago
5847;488;2025-08;4424,64;2025-09-12;2025-09-20;Pago
5848;488;2025-09;2124,73;2025-10-20;2025-10-22;Pago
5849;488;2025-10;3685,45;2025-11-14;2025-11-18;Pago
5850;488;2025-11;3538,18;2025-12-15;;Pendente
5851;488;2025-12;930,19;2026-01-12;2026-01-21;Pago
5852;488;2026-01;4072,51;2026-02-08;2026-02-22;Pago
5853;488;2026-02;462,23;2026-03-10;;Pendente
5854;488;2026-03;2164,36;2026-04-20;2026-05-04;Pago
5855;488;2026-04;1393,13;2026-05-22;2026-05-19;Pago
5856;488;2026-05;735,56;2026-06-10;2026-06-20;Pago
5857;489;2025-07;1895,79;2025-07-16;2025-07-23;Pago
5858;489;2025-07;2889,65;2025-08-25;2025-09-07;Pago
5859;489;2025-08;1427,5;2025-09-24;2025-09-21;Pago
5860;489;2025-09;738,4;2025-10-13;2025-10-10;Pago
5861;489;2025-10;1649,95;2025-11-20;2025-11-21;Pago
5862;489;2025-11;1445,13;2025-12-18;2026-01-02;Pago
5863;489;2025-12;1968,66;2026-01-19;2026-01-28;Pago
5864;489;2026-01;4032,97;2026-02-20;;Pendente
5865;489;2026-02;3247,16;2026-03-11;2026-03-22;Pago
5866;489;2026-03;3774,88;2026-04-13;2026-04-16;Pago
5867;489;2026-04;2146,75;2026-05-08;2026-05-23;Pago
5868;489;2026-05;3609,53;2026-06-17;2026-06-16;Pago
5869;490;2025-07;1984,17;2025-07-12;2025-07-11;Pago
5870;490;2025-07;1374,72;2025-08-23;2025-09-04;Pago
5871;490;2025-08;3785,46;2025-09-23;2025-09-27;Pago
5872;490;2025-09;2674,34;2025-10-15;2025-10-17;Pago
5873;490;2025-10;2125,73;2025-11-18;2025-11-25;Pago
5874;490;2025-11;3623,48;2025-12-19;2025-12-30;Pago
5875;490;2025-12;1411,82;2026-01-11;2026-01-21;Pago
5876;490;2026-01;4290,18;2026-02-20;2026-03-04;Pago
5877;490;2026-02;1255,99;2026-03-16;2026-03-18;Pago
5878;490;2026-03;2566,72;2026-04-19;2026-04-19;Pago
5879;490;2026-04;2533,52;2026-05-13;2026-05-21;Pago
5880;490;2026-05;745,69;2026-06-08;2026-06-15;Pago
5881;491;2025-07;3248,95;2025-07-23;2025-07-21;Pago
5882;491;2025-07;2114,69;2025-08-17;;Pendente
5883;491;2025-08;2442,1;2025-09-11;2025-09-14;Pago
5884;491;2025-09;1115,01;2025-10-16;2025-10-22;Pago
5885;491;2025-10;818,13;2025-11-12;2025-11-20;Pago
5886;491;2025-11;3124,7;2025-12-14;2025-12-13;Pago
5887;491;2025-12;3811,13;2026-01-19;2026-01-20;Pago
5888;491;2026-01;727,43;2026-02-06;2026-02-03;Pago
5889;491;2026-02;4071,21;2026-03-16;2026-03-14;Pago
5890;491;2026-03;873,47;2026-04-08;2026-04-10;Pago
5891;491;2026-04;2781,16;2026-05-13;2026-05-20;Pago
5892;491;2026-05;3372,13;2026-06-07;2026-06-21;Pago
5893;492;2025-07;2372,36;2025-07-16;2025-07-30;Pago
5894;492;2025-07;2924,97;2025-08-15;2025-08-27;Pago
5895;492;2025-08;3772,08;2025-09-20;2025-10-03;Pago
5896;492;2025-09;3559,18;2025-10-10;2025-10-22;Pago
5897;492;2025-10;1538,48;2025-11-19;2025-11-23;Pago
5898;492;2025-11;768,26;2025-12-16;2025-12-17;Pago
5899;492;2025-12;3387,67;2026-01-20;2026-01-20;Pago
5900;492;2026-01;2286,97;2026-02-16;2026-02-26;Pago
5901;492;2026-02;1032,56;2026-03-12;2026-03-12;Pago
5902;492;2026-03;4088,83;2026-04-12;2026-04-13;Pago
5903;492;2026-04;2260,94;2026-05-09;2026-05-06;Pago
5904;492;2026-05;3850,19;2026-06-15;2026-06-26;Pago
5905;493;2025-07;2285,08;2025-07-18;2025-07-27;Pago
5906;493;2025-07;2891,31;2025-08-15;2025-08-13;Pago
5907;493;2025-08;3831,86;2025-09-12;;Pendente
5908;493;2025-09;2267,43;2025-10-12;2025-10-09;Pago
5909;493;2025-10;3285,82;2025-11-15;2025-11-17;Pago
5910;493;2025-11;2858,59;2025-12-09;2025-12-11;Pago
5911;493;2025-12;2662,29;2026-01-22;2026-01-22;Pago
5912;493;2026-01;1265,64;2026-02-08;2026-02-14;Pago
5913;493;2026-02;1251,49;2026-03-09;2026-03-22;Pago
5914;493;2026-03;1732,79;2026-04-20;2026-04-24;Pago
5915;493;2026-04;958,26;2026-05-11;2026-05-11;Pago
5916;493;2026-05;2906,19;2026-06-08;2026-06-14;Pago
5917;494;2025-07;4426,19;2025-07-22;2025-07-21;Pago
5918;494;2025-07;661,81;2025-08-11;2025-08-11;Pago
5919;494;2025-08;1748,03;2025-09-15;2025-09-30;Pago
5920;494;2025-09;3950,36;2025-10-23;2025-11-03;Pago
5921;494;2025-10;1891,92;2025-11-08;2025-11-17;Pago
5922;494;2025-11;1306,67;2025-12-17;;Pendente
5923;494;2025-12;1786,18;2026-01-07;2026-01-04;Pago
5924;494;2026-01;2947,73;2026-02-16;2026-02-28;Pago
5925;494;2026-02;3872,82;2026-03-09;2026-03-11;Pago
5926;494;2026-03;1373,05;2026-04-17;2026-04-27;Pago
5927;494;2026-04;857,28;2026-05-14;2026-05-13;Pago
5928;494;2026-05;3063,8;2026-06-17;2026-06-23;Pago
5929;495;2025-07;3656,97;2025-07-15;2025-07-17;Pago
5930;495;2025-07;4024,16;2025-08-22;2025-08-27;Pago
5931;495;2025-08;4093,58;2025-09-19;;Pendente
5932;495;2025-09;2679,95;2025-10-23;2025-11-05;Pago
5933;495;2025-10;1205,02;2025-11-20;2025-11-19;Pago
5934;495;2025-11;1166,21;2025-12-18;2025-12-16;Pago
5935;495;2025-12;3752,1;2026-01-13;2026-01-13;Pago
5936;495;2026-01;4397,26;2026-02-18;2026-02-17;Pago
5937;495;2026-02;1087,19;2026-03-17;;Pendente
5938;495;2026-03;3896,68;2026-04-15;2026-04-13;Pago
5939;495;2026-04;2104,47;2026-05-21;2026-05-27;Pago
5940;495;2026-05;3700,3;2026-06-17;2026-06-16;Pago
5941;496;2025-07;3802,77;2025-07-24;2025-08-07;Pago
5942;496;2025-07;4068,75;2025-08-14;2025-08-16;Pago
5943;496;2025-08;3173,68;2025-09-21;2025-09-26;Pago
5944;496;2025-09;2642,18;2025-10-24;2025-10-26;Pago
5945;496;2025-10;1634,4;2025-11-13;2025-11-20;Pago
5946;496;2025-11;1209,93;2025-12-23;2026-01-06;Pago
5947;496;2025-12;1206,79;2026-01-14;2026-01-16;Pago
5948;496;2026-01;1367,72;2026-02-19;2026-02-20;Pago
5949;496;2026-02;3576,5;2026-03-21;2026-03-27;Pago
5950;496;2026-03;2297,04;2026-04-13;2026-04-15;Pago
5951;496;2026-04;3487,0;2026-05-21;2026-05-20;Pago
5952;496;2026-05;3927,68;2026-06-06;2026-06-12;Pago
5953;497;2025-07;3400,21;2025-07-18;2025-07-19;Pago
5954;497;2025-07;2487,72;2025-08-17;2025-08-18;Pago
5955;497;2025-08;4181,34;2025-09-12;2025-09-23;Pago
5956;497;2025-09;2875,0;2025-10-18;2025-10-17;Pago
5957;497;2025-10;861,45;2025-11-10;2025-11-15;Pago
5958;497;2025-11;2454,97;2025-12-12;;Pendente
5959;497;2025-12;1512,58;2026-01-19;2026-01-25;Pago
5960;497;2026-01;4287,62;2026-02-06;;Pendente
5961;497;2026-02;2326,89;2026-03-14;2026-03-24;Pago
5962;497;2026-03;944,54;2026-04-07;2026-04-21;Pago
5963;497;2026-04;3175,4;2026-05-10;2026-05-10;Pago
5964;497;2026-05;1801,24;2026-06-09;2026-06-09;Pago
5965;498;2025-07;1713,59;2025-07-13;2025-07-24;Pago
5966;498;2025-07;3646,79;2025-08-13;2025-08-19;Pago
5967;498;2025-08;4396,23;2025-09-22;2025-10-01;Pago
5968;498;2025-09;1214,95;2025-10-20;;Pendente
5969;498;2025-10;4085,66;2025-11-23;2025-11-26;Pago
5970;498;2025-11;493,23;2025-12-20;2025-12-30;Pago
5971;498;2025-12;1123,42;2026-01-11;2026-01-14;Pago
5972;498;2026-01;1923,3;2026-02-13;2026-02-24;Pago
5973;498;2026-02;4026,32;2026-03-19;;Pendente
5974;498;2026-03;467,16;2026-04-17;;Pendente
5975;498;2026-04;3588,3;2026-05-15;2026-05-23;Pago
5976;498;2026-05;3695,87;2026-06-12;2026-06-10;Pago
5977;499;2025-07;3133,09;2025-07-18;2025-08-02;Pago
5978;499;2025-07;2469,9;2025-08-22;2025-08-21;Pago
5979;499;2025-08;539,81;2025-09-21;2025-09-24;Pago
5980;499;2025-09;2776,05;2025-10-15;2025-10-30;Pago
5981;499;2025-10;1391,67;2025-11-11;2025-11-10;Pago
5982;499;2025-11;2221,61;2025-12-23;;Pendente
5983;499;2025-12;2497,76;2026-01-18;2026-01-31;Pago
5984;499;2026-01;1927,99;2026-02-06;2026-02-04;Pago
5985;499;2026-02;1028,09;2026-03-19;2026-03-16;Pago
5986;499;2026-03;2514,87;2026-04-11;2026-04-17;Pago
5987;499;2026-04;4237,76;2026-05-12;2026-05-25;Pago
5988;499;2026-05;1214,24;2026-06-20;2026-06-17;Pago
5989;500;2025-07;4258,49;2025-07-24;2025-07-28;Pago
5990;500;2025-07;2215,46;2025-08-11;2025-08-21;Pago
5991;500;2025-08;3299,39;2025-09-21;;Pendente
5992;500;2025-09;1541,5;2025-10-16;2025-10-30;Pago
5993;500;2025-10;3072,2;2025-11-20;2025-11-19;Pago
5994;500;2025-11;3103,78;2025-12-14;;Pendente
5995;500;2025-12;3324,44;2026-01-17;2026-01-14;Pago
5996;500;2026-01;2453,54;2026-02-18;2026-02-22;Pago
5997;500;2026-02;4164,43;2026-03-15;2026-03-28;Pago
5998;500;2026-03;1654,21;2026-04-18;2026-05-03;Pago
5999;500;2026-04;4186,4;2026-05-12;2026-05-23;Pago
6000;500;2026-05;2399,91;2026-06-20;2026-07-05;Pago
6001;501;2025-07;3979,24;2025-07-19;2025-07-19;Pago
6002;501;2025-07;1194,91;2025-08-22;2025-08-24;Pago
6003;501;2025-08;2001,37;2025-09-22;2025-10-05;Pago
6004;501;2025-09;2367,5;2025-10-13;2025-10-11;Pago
6005;501;2025-10;777,09;2025-11-18;2025-11-29;Pago
6006;501;2025-11;1506,81;2025-12-12;2025-12-26;Pago
6007;501;2025-12;1510,39;2026-01-14;2026-01-20;Pago
6008;501;2026-01;2972,36;2026-02-21;2026-02-21;Pago
6009;501;2026-02;3554,65;2026-03-11;2026-03-09;Pago
6010;501;2026-03;2363,92;2026-04-17;2026-04-14;Pago
6011;501;2026-04;1217,16;2026-05-18;2026-06-01;Pago
6012;501;2026-05;2452,87;2026-06-18;2026-06-30;Pago
6013;502;2025-07;1602,06;2025-07-13;2025-07-10;Pago
6014;502;2025-07;2393,14;2025-08-17;2025-08-27;Pago
6015;502;2025-08;2003,94;2025-09-12;2025-09-25;Pago
6016;502;2025-09;1667,93;2025-10-18;2025-10-21;Pago
6017;502;2025-10;2245,07;2025-11-14;2025-11-25;Pago
6018;502;2025-11;2114,06;2025-12-14;;Pendente
6019;502;2025-12;1291,11;2026-01-11;2026-01-21;Pago
6020;502;2026-01;1446,74;2026-02-10;2026-02-08;Pago
6021;502;2026-02;2105,57;2026-03-12;2026-03-10;Pago
6022;502;2026-03;1150,16;2026-04-07;;Pendente
6023;502;2026-04;1273,22;2026-05-13;2026-05-22;Pago
6024;502;2026-05;2573,25;2026-06-10;2026-06-24;Pago
6025;503;2025-07;1210,12;2025-07-19;2025-07-25;Pago
6026;503;2025-07;4032,45;2025-08-24;2025-08-23;Pago
6027;503;2025-08;686,53;2025-09-19;2025-10-03;Pago
6028;503;2025-09;3272,9;2025-10-13;2025-10-19;Pago
6029;503;2025-10;1857,27;2025-11-10;2025-11-12;Pago
6030;503;2025-11;3910,58;2025-12-10;2025-12-24;Pago
6031;503;2025-12;3519,17;2026-01-17;2026-01-17;Pago
6032;503;2026-01;2757,24;2026-02-13;2026-02-25;Pago
6033;503;2026-02;2084,32;2026-03-08;2026-03-22;Pago
6034;503;2026-03;1710,52;2026-04-15;2026-04-12;Pago
6035;503;2026-04;481,81;2026-05-14;2026-05-23;Pago
6036;503;2026-05;2331,66;2026-06-18;2026-06-16;Pago
6037;504;2025-07;1510,15;2025-07-12;;Pendente
6038;504;2025-07;3583,4;2025-08-14;2025-08-19;Pago
6039;504;2025-08;2316,45;2025-09-15;2025-09-23;Pago
6040;504;2025-09;930,11;2025-10-17;2025-11-01;Pago
6041;504;2025-10;3996,25;2025-11-14;2025-11-15;Pago
6042;504;2025-11;2765,91;2025-12-18;2025-12-20;Pago
6043;504;2025-12;3835,83;2026-01-10;2026-01-24;Pago
6044;504;2026-01;2350,27;2026-02-08;2026-02-20;Pago
6045;504;2026-02;4079,65;2026-03-18;2026-03-16;Pago
6046;504;2026-03;591,14;2026-04-14;2026-04-23;Pago
6047;504;2026-04;1426,69;2026-05-21;2026-06-03;Pago
6048;504;2026-05;2019,64;2026-06-14;;Pendente
6049;505;2025-07;723,57;2025-07-19;2025-07-20;Pago
6050;505;2025-07;961,96;2025-08-21;2025-08-23;Pago
6051;505;2025-08;3614,82;2025-09-24;2025-10-02;Pago
6052;505;2025-09;2137,89;2025-10-12;2025-10-09;Pago
6053;505;2025-10;3099,5;2025-11-19;;Pendente
6054;505;2025-11;3864,4;2025-12-21;2025-12-19;Pago
6055;505;2025-12;2405,55;2026-01-15;;Pendente
6056;505;2026-01;673,09;2026-02-15;2026-02-16;Pago
6057;505;2026-02;1865,28;2026-03-22;2026-03-19;Pago
6058;505;2026-03;2221,88;2026-04-12;2026-04-27;Pago
6059;505;2026-04;2647,05;2026-05-09;2026-05-13;Pago
6060;505;2026-05;1264,2;2026-06-06;2026-06-05;Pago
6061;506;2025-07;3762,03;2025-07-11;;Pendente
6062;506;2025-07;836,09;2025-08-22;2025-09-03;Pago
6063;506;2025-08;3324,37;2025-09-15;2025-09-29;Pago
6064;506;2025-09;1319,39;2025-10-13;2025-10-21;Pago
6065;506;2025-10;3673,81;2025-11-11;2025-11-11;Pago
6066;506;2025-11;4254,58;2025-12-20;2025-12-17;Pago
6067;506;2025-12;4111,1;2026-01-09;;Pendente
6068;506;2026-01;4151,99;2026-02-09;2026-02-19;Pago
6069;506;2026-02;3798,18;2026-03-21;2026-03-20;Pago
6070;506;2026-03;2813,46;2026-04-07;2026-04-07;Pago
6071;506;2026-04;1967,53;2026-05-11;;Pendente
6072;506;2026-05;2444,73;2026-06-09;2026-06-07;Pago
6073;507;2025-07;1308,11;2025-07-14;2025-07-26;Pago
6074;507;2025-07;3160,17;2025-08-17;2025-08-24;Pago
6075;507;2025-08;455,03;2025-09-14;2025-09-18;Pago
6076;507;2025-09;4061,56;2025-10-09;2025-10-19;Pago
6077;507;2025-10;1293,62;2025-11-14;2025-11-12;Pago
6078;507;2025-11;4232,28;2025-12-14;;Pendente
6079;507;2025-12;2859,3;2026-01-15;2026-01-20;Pago
6080;507;2026-01;3535,8;2026-02-18;2026-02-19;Pago
6081;507;2026-02;1645,38;2026-03-08;2026-03-16;Pago
6082;507;2026-03;1041,09;2026-04-18;2026-04-28;Pago
6083;507;2026-04;1037,66;2026-05-19;2026-05-27;Pago
6084;507;2026-05;1719,92;2026-06-15;2026-06-21;Pago
6085;508;2025-07;4214,76;2025-07-19;2025-07-30;Pago
6086;508;2025-07;3618,52;2025-08-11;2025-08-15;Pago
6087;508;2025-08;3002,73;2025-09-21;;Pendente
6088;508;2025-09;542,15;2025-10-16;2025-10-16;Pago
6089;508;2025-10;3005,09;2025-11-13;2025-11-27;Pago
6090;508;2025-11;1705,16;2025-12-19;2025-12-25;Pago
6091;508;2025-12;1778,9;2026-01-20;2026-01-23;Pago
6092;508;2026-01;2817,47;2026-02-10;2026-02-17;Pago
6093;508;2026-02;2008,32;2026-03-11;2026-03-13;Pago
6094;508;2026-03;3710,8;2026-04-09;2026-04-24;Pago
6095;508;2026-04;1116,55;2026-05-17;2026-05-19;Pago
6096;508;2026-05;3505,84;2026-06-08;2026-06-23;Pago
6097;509;2025-07;2993,98;2025-07-24;2025-08-07;Pago
6098;509;2025-07;3843,2;2025-08-19;2025-08-23;Pago
6099;509;2025-08;735,87;2025-09-14;2025-09-18;Pago
6100;509;2025-09;1607,07;2025-10-20;2025-11-02;Pago
6101;509;2025-10;2065,03;2025-11-12;2025-11-25;Pago
6102;509;2025-11;4212,56;2025-12-10;2025-12-18;Pago
6103;509;2025-12;2314,48;2026-01-12;2026-01-10;Pago
6104;509;2026-01;3470,81;2026-02-11;2026-02-19;Pago
6105;509;2026-02;1255,95;2026-03-13;2026-03-12;Pago
6106;509;2026-03;2632,64;2026-04-13;;Pendente
6107;509;2026-04;3436,55;2026-05-16;2026-05-22;Pago
6108;509;2026-05;3007,49;2026-06-19;2026-06-22;Pago
6109;510;2025-07;946,69;2025-07-17;2025-07-28;Pago
6110;510;2025-07;4336,0;2025-08-15;2025-08-15;Pago
6111;510;2025-08;1453,87;2025-09-18;2025-10-01;Pago
6112;510;2025-09;769,76;2025-10-09;2025-10-13;Pago
6113;510;2025-10;2623,94;2025-11-18;;Pendente
6114;510;2025-11;1501,6;2025-12-21;2025-12-31;Pago
6115;510;2025-12;936,42;2026-01-18;;Pendente
6116;510;2026-01;951,85;2026-02-10;2026-02-17;Pago
6117;510;2026-02;1978,77;2026-03-11;2026-03-13;Pago
6118;510;2026-03;1995,43;2026-04-12;2026-04-12;Pago
6119;510;2026-04;1415,84;2026-05-08;2026-05-06;Pago
6120;510;2026-05;1666,19;2026-06-07;2026-06-21;Pago
6121;511;2025-07;3228,5;2025-07-25;;Pendente
6122;511;2025-07;1866,7;2025-08-11;2025-08-16;Pago
6123;511;2025-08;3506,59;2025-09-18;2025-09-23;Pago
6124;511;2025-09;3289,68;2025-10-11;2025-10-16;Pago
6125;511;2025-10;805,32;2025-11-09;2025-11-17;Pago
6126;511;2025-11;660,16;2025-12-23;2025-12-22;Pago
6127;511;2025-12;2034,53;2026-01-17;2026-01-28;Pago
6128;511;2026-01;4105,04;2026-02-18;2026-02-28;Pago
6129;511;2026-02;843,87;2026-03-14;2026-03-19;Pago
6130;511;2026-03;2005,98;2026-04-14;2026-04-15;Pago
6131;511;2026-04;3649,84;2026-05-16;;Pendente
6132;511;2026-05;4409,12;2026-06-06;2026-06-03;Pago
6133;512;2025-07;1865,57;2025-07-23;2025-07-23;Pago
6134;512;2025-07;2313,61;2025-08-23;2025-09-03;Pago
6135;512;2025-08;3041,67;2025-09-16;2025-09-30;Pago
6136;512;2025-09;3830,97;2025-10-24;2025-10-29;Pago
6137;512;2025-10;2821,18;2025-11-11;2025-11-21;Pago
6138;512;2025-11;1175,99;2025-12-15;2025-12-22;Pago
6139;512;2025-12;4333,26;2026-01-21;2026-02-05;Pago
6140;512;2026-01;4394,3;2026-02-14;;Pendente
6141;512;2026-02;3758,3;2026-03-15;2026-03-17;Pago
6142;512;2026-03;4204,8;2026-04-13;2026-04-10;Pago
6143;512;2026-04;4063,12;2026-05-22;;Pendente
6144;512;2026-05;2561,65;2026-06-13;2026-06-17;Pago
6145;513;2025-07;3941,74;2025-07-11;;Pendente
6146;513;2025-07;1240,06;2025-08-16;;Pendente
6147;513;2025-08;3635,19;2025-09-11;;Pendente
6148;513;2025-09;713,31;2025-10-21;2025-10-20;Pago
6149;513;2025-10;4119,83;2025-11-08;2025-11-08;Pago
6150;513;2025-11;2424,18;2025-12-13;2025-12-11;Pago
6151;513;2025-12;2249,42;2026-01-12;2026-01-09;Pago
6152;513;2026-01;1929,03;2026-02-16;2026-02-25;Pago
6153;513;2026-02;1377,17;2026-03-13;2026-03-14;Pago
6154;513;2026-03;3306,06;2026-04-11;2026-04-25;Pago
6155;513;2026-04;2522,56;2026-05-13;2026-05-20;Pago
6156;513;2026-05;1950,03;2026-06-19;2026-06-26;Pago
6157;514;2025-07;3979,89;2025-07-19;2025-07-20;Pago
6158;514;2025-07;3462,65;2025-08-16;2025-08-31;Pago
6159;514;2025-08;3663,89;2025-09-23;2025-09-21;Pago
6160;514;2025-09;3255,81;2025-10-20;2025-10-19;Pago
6161;514;2025-10;1667,81;2025-11-23;2025-12-08;Pago
6162;514;2025-11;3356,45;2025-12-11;2025-12-24;Pago
6163;514;2025-12;3490,87;2026-01-16;2026-01-14;Pago
6164;514;2026-01;2161,6;2026-02-10;;Pendente
6165;514;2026-02;1393,84;2026-03-19;2026-03-28;Pago
6166;514;2026-03;576,05;2026-04-22;;Pendente
6167;514;2026-04;569,28;2026-05-08;2026-05-05;Pago
6168;514;2026-05;3342,41;2026-06-20;2026-06-23;Pago
6169;515;2025-07;3669,85;2025-07-13;2025-07-27;Pago
6170;515;2025-07;2960,46;2025-08-16;;Pendente
6171;515;2025-08;1789,68;2025-09-12;;Pendente
6172;515;2025-09;2795,97;2025-10-10;2025-10-09;Pago
6173;515;2025-10;2611,07;2025-11-17;;Pendente
6174;515;2025-11;2496,64;2025-12-20;;Pendente
6175;515;2025-12;1141,15;2026-01-15;2026-01-22;Pago
6176;515;2026-01;4441,62;2026-02-08;2026-02-21;Pago
6177;515;2026-02;1477,86;2026-03-23;2026-04-06;Pago
6178;515;2026-03;3081,86;2026-04-20;2026-05-03;Pago
6179;515;2026-04;1396,67;2026-05-12;2026-05-25;Pago
6180;515;2026-05;4479,68;2026-06-19;2026-06-17;Pago
6181;516;2025-07;4479,36;2025-07-21;;Pendente
6182;516;2025-07;773,27;2025-08-16;2025-08-14;Pago
6183;516;2025-08;1817,71;2025-09-24;2025-10-02;Pago
6184;516;2025-09;1944,02;2025-10-22;2025-10-25;Pago
6185;516;2025-10;2289,22;2025-11-08;2025-11-19;Pago
6186;516;2025-11;1725,65;2025-12-20;2025-12-19;Pago
6187;516;2025-12;1020,58;2026-01-19;2026-01-26;Pago
6188;516;2026-01;2794,71;2026-02-08;2026-02-12;Pago
6189;516;2026-02;2325,54;2026-03-22;;Pendente
6190;516;2026-03;686,01;2026-04-16;2026-04-16;Pago
6191;516;2026-04;3887,23;2026-05-13;2026-05-19;Pago
6192;516;2026-05;2822,53;2026-06-18;2026-07-02;Pago
6193;517;2025-07;2246,55;2025-07-11;2025-07-25;Pago
6194;517;2025-07;3864,71;2025-08-12;2025-08-10;Pago
6195;517;2025-08;4143,94;2025-09-14;2025-09-16;Pago
6196;517;2025-09;4377,58;2025-10-09;2025-10-19;Pago
6197;517;2025-10;4201,47;2025-11-17;2025-11-25;Pago
6198;517;2025-11;3408,84;2025-12-19;2025-12-20;Pago
6199;517;2025-12;514,99;2026-01-14;2026-01-18;Pago
6200;517;2026-01;1435,82;2026-02-16;2026-02-28;Pago
6201;517;2026-02;2558,62;2026-03-23;;Pendente
6202;517;2026-03;872,88;2026-04-19;2026-04-30;Pago
6203;517;2026-04;1463,78;2026-05-22;2026-05-29;Pago
6204;517;2026-05;2777,96;2026-06-21;;Pendente
6205;518;2025-07;586,87;2025-07-13;2025-07-16;Pago
6206;518;2025-07;3793,48;2025-08-19;2025-08-28;Pago
6207;518;2025-08;1167,7;2025-09-14;2025-09-25;Pago
6208;518;2025-09;1927,28;2025-10-20;2025-10-30;Pago
6209;518;2025-10;2700,95;2025-11-22;2025-11-29;Pago
6210;518;2025-11;1088,35;2025-12-17;2025-12-31;Pago
6211;518;2025-12;1161,97;2026-01-21;2026-01-28;Pago
6212;518;2026-01;2013,83;2026-02-11;2026-02-26;Pago
6213;518;2026-02;2121,43;2026-03-18;2026-03-21;Pago
6214;518;2026-03;1638,59;2026-04-19;2026-05-04;Pago
6215;518;2026-04;2582,19;2026-05-21;2026-05-24;Pago
6216;518;2026-05;2202,12;2026-06-15;2026-06-14;Pago
6217;519;2025-07;3285,59;2025-07-11;2025-07-11;Pago
6218;519;2025-07;2338,5;2025-08-24;;Pendente
6219;519;2025-08;784,81;2025-09-14;2025-09-11;Pago
6220;519;2025-09;1091,87;2025-10-10;2025-10-25;Pago
6221;519;2025-10;2052,33;2025-11-19;2025-11-23;Pago
6222;519;2025-11;1463,41;2025-12-17;2025-12-15;Pago
6223;519;2025-12;3764,3;2026-01-15;;Pendente
6224;519;2026-01;1329,57;2026-02-15;2026-02-24;Pago
6225;519;2026-02;1096,44;2026-03-09;;Pendente
6226;519;2026-03;1978,89;2026-04-19;2026-04-29;Pago
6227;519;2026-04;996,14;2026-05-11;2026-05-19;Pago
6228;519;2026-05;3548,03;2026-06-08;2026-06-16;Pago
6229;520;2025-07;3574,17;2025-07-12;2025-07-24;Pago
6230;520;2025-07;1693,72;2025-08-13;2025-08-24;Pago
6231;520;2025-08;3657,27;2025-09-16;2025-09-16;Pago
6232;520;2025-09;2478,89;2025-10-19;2025-10-16;Pago
6233;520;2025-10;2268,48;2025-11-20;2025-12-03;Pago
6234;520;2025-11;1045,88;2025-12-16;2025-12-20;Pago
6235;520;2025-12;1184,58;2026-01-12;2026-01-17;Pago
6236;520;2026-01;1589,9;2026-02-18;2026-02-19;Pago
6237;520;2026-02;1218,61;2026-03-17;2026-03-17;Pago
6238;520;2026-03;4134,21;2026-04-09;2026-04-10;Pago
6239;520;2026-04;2450,95;2026-05-19;2026-05-19;Pago
6240;520;2026-05;3360,34;2026-06-19;2026-06-17;Pago
6241;521;2025-07;3798,58;2025-07-24;2025-08-02;Pago
6242;521;2025-07;970,25;2025-08-19;2025-08-26;Pago
6243;521;2025-08;4354,86;2025-09-22;2025-09-22;Pago
6244;521;2025-09;849,2;2025-10-19;;Pendente
6245;521;2025-10;4267,94;2025-11-14;2025-11-22;Pago
6246;521;2025-11;2277,22;2025-12-20;2025-12-22;Pago
6247;521;2025-12;1007,12;2026-01-21;2026-02-01;Pago
6248;521;2026-01;1394,71;2026-02-06;2026-02-16;Pago
6249;521;2026-02;3717,84;2026-03-21;2026-04-02;Pago
6250;521;2026-03;1591,53;2026-04-15;;Pendente
6251;521;2026-04;2471,29;2026-05-20;2026-05-23;Pago
6252;521;2026-05;4080,69;2026-06-14;2026-06-21;Pago
6253;522;2025-07;1694,83;2025-07-11;;Pendente
6254;522;2025-07;2582,37;2025-08-22;2025-09-06;Pago
6255;522;2025-08;2770,95;2025-09-15;2025-09-29;Pago
6256;522;2025-09;3717,94;2025-10-24;;Pendente
6257;522;2025-10;3697,06;2025-11-10;;Pendente
6258;522;2025-11;1428,69;2025-12-20;2026-01-02;Pago
6259;522;2025-12;3404,03;2026-01-18;2026-01-15;Pago
6260;522;2026-01;2953,46;2026-02-17;2026-03-02;Pago
6261;522;2026-02;1624,5;2026-03-11;2026-03-23;Pago
6262;522;2026-03;3097,6;2026-04-12;2026-04-27;Pago
6263;522;2026-04;3352,81;2026-05-18;2026-05-27;Pago
6264;522;2026-05;2102,41;2026-06-15;;Pendente
6265;523;2025-07;3433,77;2025-07-18;2025-08-01;Pago
6266;523;2025-07;691,01;2025-08-24;2025-09-07;Pago
6267;523;2025-08;4447,11;2025-09-09;2025-09-24;Pago
6268;523;2025-09;715,97;2025-10-22;2025-10-20;Pago
6269;523;2025-10;4167,9;2025-11-12;2025-11-18;Pago
6270;523;2025-11;4353,02;2025-12-16;2025-12-25;Pago
6271;523;2025-12;1093,92;2026-01-20;2026-01-28;Pago
6272;523;2026-01;691,08;2026-02-06;2026-02-11;Pago
6273;523;2026-02;1580,8;2026-03-17;2026-03-26;Pago
6274;523;2026-03;1732,44;2026-04-16;2026-04-13;Pago
6275;523;2026-04;2208,36;2026-05-09;2026-05-10;Pago
6276;523;2026-05;2399,65;2026-06-20;2026-07-03;Pago
6277;524;2025-07;3413,94;2025-07-19;2025-07-24;Pago
6278;524;2025-07;1865,78;2025-08-12;2025-08-12;Pago
6279;524;2025-08;2323,64;2025-09-10;;Pendente
6280;524;2025-09;2134,28;2025-10-11;2025-10-22;Pago
6281;524;2025-10;1250,89;2025-11-17;2025-11-16;Pago
6282;524;2025-11;4457,41;2025-12-09;2025-12-14;Pago
6283;524;2025-12;3738,04;2026-01-21;2026-02-04;Pago
6284;524;2026-01;2816,07;2026-02-18;2026-02-23;Pago
6285;524;2026-02;535,62;2026-03-19;2026-03-19;Pago
6286;524;2026-03;1123,37;2026-04-09;2026-04-17;Pago
6287;524;2026-04;1884,95;2026-05-11;2026-05-13;Pago
6288;524;2026-05;4351,69;2026-06-07;2026-06-13;Pago
6289;525;2025-07;3236,27;2025-07-26;2025-08-01;Pago
6290;525;2025-07;1301,72;2025-08-15;2025-08-26;Pago
6291;525;2025-08;2978,05;2025-09-16;2025-09-17;Pago
6292;525;2025-09;3059,0;2025-10-09;2025-10-11;Pago
6293;525;2025-10;4236,17;2025-11-17;2025-11-18;Pago
6294;525;2025-11;2208,17;2025-12-08;2025-12-10;Pago
6295;525;2025-12;3305,45;2026-01-15;2026-01-14;Pago
6296;525;2026-01;2847,18;2026-02-06;;Pendente
6297;525;2026-02;3600,87;2026-03-14;2026-03-12;Pago
6298;525;2026-03;1947,55;2026-04-22;2026-05-06;Pago
6299;525;2026-04;2404,15;2026-05-11;2026-05-09;Pago
6300;525;2026-05;4189,08;2026-06-14;2026-06-12;Pago
6301;526;2025-07;1516,76;2025-07-22;2025-08-03;Pago
6302;526;2025-07;1494,01;2025-08-13;;Pendente
6303;526;2025-08;3128,38;2025-09-09;;Pendente
6304;526;2025-09;1111,52;2025-10-18;2025-10-22;Pago
6305;526;2025-10;2963,61;2025-11-15;;Pendente
6306;526;2025-11;3015,28;2025-12-16;2025-12-26;Pago
6307;526;2025-12;3970,74;2026-01-09;2026-01-17;Pago
6308;526;2026-01;1146,41;2026-02-21;2026-02-19;Pago
6309;526;2026-02;1749,14;2026-03-16;2026-03-29;Pago
6310;526;2026-03;2669,14;2026-04-12;2026-04-10;Pago
6311;526;2026-04;4441,46;2026-05-07;;Pendente
6312;526;2026-05;575,33;2026-06-11;2026-06-25;Pago
6313;527;2025-07;3316,29;2025-07-19;2025-07-28;Pago
6314;527;2025-07;4199,72;2025-08-11;2025-08-20;Pago
6315;527;2025-08;4386,26;2025-09-12;2025-09-13;Pago
6316;527;2025-09;2892,02;2025-10-16;2025-10-24;Pago
6317;527;2025-10;1596,32;2025-11-17;2025-11-25;Pago
6318;527;2025-11;2854,34;2025-12-21;2026-01-04;Pago
6319;527;2025-12;3218,13;2026-01-15;2026-01-12;Pago
6320;527;2026-01;3349,2;2026-02-14;;Pendente
6321;527;2026-02;1222,32;2026-03-11;2026-03-16;Pago
6322;527;2026-03;2834,78;2026-04-13;2026-04-14;Pago
6323;527;2026-04;710,69;2026-05-18;2026-05-15;Pago
6324;527;2026-05;2086,78;2026-06-21;2026-06-19;Pago
6325;528;2025-07;2885,22;2025-07-16;2025-07-17;Pago
6326;528;2025-07;1212,41;2025-08-18;;Pendente
6327;528;2025-08;3708,62;2025-09-13;2025-09-20;Pago
6328;528;2025-09;1338,96;2025-10-11;2025-10-09;Pago
6329;528;2025-10;2080,95;2025-11-22;2025-11-28;Pago
6330;528;2025-11;4393,82;2025-12-21;2025-12-25;Pago
6331;528;2025-12;4297,02;2026-01-22;2026-01-27;Pago
6332;528;2026-01;2129,01;2026-02-07;;Pendente
6333;528;2026-02;2174,23;2026-03-13;2026-03-19;Pago
6334;528;2026-03;1587,47;2026-04-10;2026-04-10;Pago
6335;528;2026-04;1450,11;2026-05-14;;Pendente
6336;528;2026-05;1589,76;2026-06-15;2026-06-26;Pago
6337;529;2025-07;1246,2;2025-07-12;2025-07-23;Pago
6338;529;2025-07;2655,96;2025-08-25;2025-09-06;Pago
6339;529;2025-08;3503,79;2025-09-16;2025-09-16;Pago
6340;529;2025-09;1298,18;2025-10-12;2025-10-27;Pago
6341;529;2025-10;1356,12;2025-11-19;2025-11-29;Pago
6342;529;2025-11;4377,09;2025-12-18;2025-12-31;Pago
6343;529;2025-12;3360,31;2026-01-10;2026-01-08;Pago
6344;529;2026-01;1375,08;2026-02-08;2026-02-15;Pago
6345;529;2026-02;3599,74;2026-03-21;2026-03-18;Pago
6346;529;2026-03;3844,93;2026-04-15;2026-04-19;Pago
6347;529;2026-04;1185,26;2026-05-08;2026-05-21;Pago
6348;529;2026-05;3273,88;2026-06-06;2026-06-08;Pago
6349;530;2025-07;1287,09;2025-07-24;2025-07-29;Pago
6350;530;2025-07;724,1;2025-08-25;2025-09-02;Pago
6351;530;2025-08;1617,08;2025-09-10;;Pendente
6352;530;2025-09;3433,7;2025-10-09;2025-10-06;Pago
6353;530;2025-10;2383,28;2025-11-15;2025-11-29;Pago
6354;530;2025-11;3479,49;2025-12-20;2025-12-24;Pago
6355;530;2025-12;3551,14;2026-01-07;2026-01-12;Pago
6356;530;2026-01;1936,72;2026-02-11;;Pendente
6357;530;2026-02;2550,44;2026-03-12;2026-03-22;Pago
6358;530;2026-03;3487,92;2026-04-22;2026-04-26;Pago
6359;530;2026-04;2816,92;2026-05-07;2026-05-07;Pago
6360;530;2026-05;2378,65;2026-06-10;2026-06-12;Pago
6361;531;2025-07;773,72;2025-07-21;2025-08-05;Pago
6362;531;2025-07;3149,37;2025-08-12;2025-08-21;Pago
6363;531;2025-08;2422,2;2025-09-16;2025-09-26;Pago
6364;531;2025-09;2657,54;2025-10-13;2025-10-17;Pago
6365;531;2025-10;1605,14;2025-11-09;2025-11-24;Pago
6366;531;2025-11;4248,53;2025-12-16;2025-12-13;Pago
6367;531;2025-12;3897,84;2026-01-17;2026-01-19;Pago
6368;531;2026-01;1899,65;2026-02-07;2026-02-06;Pago
6369;531;2026-02;2221,05;2026-03-21;2026-04-04;Pago
6370;531;2026-03;2770,94;2026-04-12;2026-04-24;Pago
6371;531;2026-04;3983,83;2026-05-17;;Pendente
6372;531;2026-05;4289,04;2026-06-17;2026-07-01;Pago
6373;532;2025-07;2883,19;2025-07-25;2025-07-31;Pago
6374;532;2025-07;1644,56;2025-08-25;;Pendente
6375;532;2025-08;4263,96;2025-09-09;2025-09-13;Pago
6376;532;2025-09;4138,01;2025-10-14;2025-10-23;Pago
6377;532;2025-10;2524,13;2025-11-21;2025-11-19;Pago
6378;532;2025-11;1276,36;2025-12-12;2025-12-21;Pago
6379;532;2025-12;2127,18;2026-01-21;2026-01-23;Pago
6380;532;2026-01;3752,54;2026-02-19;2026-02-24;Pago
6381;532;2026-02;562,5;2026-03-20;2026-03-29;Pago
6382;532;2026-03;2952,19;2026-04-18;2026-04-22;Pago
6383;532;2026-04;4336,9;2026-05-14;2026-05-17;Pago
6384;532;2026-05;613,27;2026-06-15;2026-06-30;Pago
6385;533;2025-07;1203,08;2025-07-13;2025-07-20;Pago
6386;533;2025-07;3658,99;2025-08-24;2025-09-08;Pago
6387;533;2025-08;2393,58;2025-09-24;2025-10-01;Pago
6388;533;2025-09;1528,93;2025-10-17;2025-10-23;Pago
6389;533;2025-10;2934,99;2025-11-13;;Pendente
6390;533;2025-11;3881,49;2025-12-10;;Pendente
6391;533;2025-12;2923,85;2026-01-10;2026-01-10;Pago
6392;533;2026-01;3786,11;2026-02-14;2026-03-01;Pago
6393;533;2026-02;2372,07;2026-03-14;2026-03-24;Pago
6394;533;2026-03;2253,21;2026-04-08;2026-04-05;Pago
6395;533;2026-04;3136,23;2026-05-15;;Pendente
6396;533;2026-05;1050,71;2026-06-19;;Pendente
6397;534;2025-07;4091,25;2025-07-11;;Pendente
6398;534;2025-07;999,78;2025-08-14;2025-08-22;Pago
6399;534;2025-08;3748,54;2025-09-17;2025-10-01;Pago
6400;534;2025-09;2499,23;2025-10-16;;Pendente
6401;534;2025-10;1834,38;2025-11-10;2025-11-09;Pago
6402;534;2025-11;2524,56;2025-12-16;2025-12-24;Pago
6403;534;2025-12;3602,12;2026-01-08;2026-01-11;Pago
6404;534;2026-01;2426,1;2026-02-11;2026-02-14;Pago
6405;534;2026-02;3662,7;2026-03-16;2026-03-15;Pago
6406;534;2026-03;1854,58;2026-04-19;2026-04-30;Pago
6407;534;2026-04;3833,33;2026-05-16;2026-05-16;Pago
6408;534;2026-05;3634,39;2026-06-16;2026-06-25;Pago
6409;535;2025-07;506,07;2025-07-18;;Pendente
6410;535;2025-07;3921,85;2025-08-18;;Pendente
6411;535;2025-08;2321,62;2025-09-21;;Pendente
6412;535;2025-09;1716,87;2025-10-19;2025-10-20;Pago
6413;535;2025-10;3925,09;2025-11-15;2025-11-19;Pago
6414;535;2025-11;1395,4;2025-12-20;2026-01-01;Pago
6415;535;2025-12;4252,79;2026-01-09;2026-01-17;Pago
6416;535;2026-01;2377,83;2026-02-19;2026-02-20;Pago
6417;535;2026-02;475,64;2026-03-18;2026-03-31;Pago
6418;535;2026-03;1549,61;2026-04-22;2026-04-27;Pago
6419;535;2026-04;635,67;2026-05-07;2026-05-20;Pago
6420;535;2026-05;1429,03;2026-06-13;2026-06-21;Pago
6421;536;2025-07;1393,79;2025-07-21;2025-07-19;Pago
6422;536;2025-07;2809,37;2025-08-10;;Pendente
6423;536;2025-08;1991,31;2025-09-24;2025-10-08;Pago
6424;536;2025-09;686,64;2025-10-24;2025-11-03;Pago
6425;536;2025-10;2504,97;2025-11-20;;Pendente
6426;536;2025-11;4007,49;2025-12-08;2025-12-10;Pago
6427;536;2025-12;1560,59;2026-01-10;2026-01-09;Pago
6428;536;2026-01;2171,12;2026-02-14;2026-02-21;Pago
6429;536;2026-02;4429,27;2026-03-09;2026-03-24;Pago
6430;536;2026-03;4474,82;2026-04-09;2026-04-06;Pago
6431;536;2026-04;2766,04;2026-05-09;2026-05-17;Pago
6432;536;2026-05;480,42;2026-06-12;2026-06-19;Pago
6433;537;2025-07;3917,92;2025-07-26;2025-08-06;Pago
6434;537;2025-07;4214,71;2025-08-15;2025-08-18;Pago
6435;537;2025-08;535,18;2025-09-20;2025-09-24;Pago
6436;537;2025-09;781,62;2025-10-24;2025-10-28;Pago
6437;537;2025-10;1250,16;2025-11-19;2025-11-29;Pago
6438;537;2025-11;1794,67;2025-12-15;2025-12-16;Pago
6439;537;2025-12;4148,89;2026-01-22;2026-02-05;Pago
6440;537;2026-01;1161,82;2026-02-19;2026-03-02;Pago
6441;537;2026-02;3845,25;2026-03-16;2026-03-25;Pago
6442;537;2026-03;1671,05;2026-04-22;2026-04-28;Pago
6443;537;2026-04;1218,75;2026-05-15;2026-05-18;Pago
6444;537;2026-05;3538,09;2026-06-19;2026-06-16;Pago
6445;538;2025-07;2128,87;2025-07-26;2025-07-28;Pago
6446;538;2025-07;1190,97;2025-08-14;2025-08-28;Pago
6447;538;2025-08;2451,6;2025-09-23;2025-10-01;Pago
6448;538;2025-09;3372,71;2025-10-18;2025-10-16;Pago
6449;538;2025-10;2314,23;2025-11-14;2025-11-23;Pago
6450;538;2025-11;4013,08;2025-12-20;2025-12-26;Pago
6451;538;2025-12;2860,84;2026-01-17;2026-01-27;Pago
6452;538;2026-01;467,64;2026-02-11;2026-02-15;Pago
6453;538;2026-02;1769,79;2026-03-19;2026-04-01;Pago
6454;538;2026-03;2083,07;2026-04-21;2026-04-21;Pago
6455;538;2026-04;4311,5;2026-05-14;2026-05-22;Pago
6456;538;2026-05;712,52;2026-06-08;2026-06-17;Pago
6457;539;2025-07;1988,73;2025-07-26;2025-08-07;Pago
6458;539;2025-07;3942,94;2025-08-15;2025-08-21;Pago
6459;539;2025-08;1805,13;2025-09-21;2025-10-05;Pago
6460;539;2025-09;3218,11;2025-10-13;2025-10-25;Pago
6461;539;2025-10;3538,24;2025-11-15;2025-11-20;Pago
6462;539;2025-11;2686,56;2025-12-19;2025-12-18;Pago
6463;539;2025-12;4040,39;2026-01-21;2026-01-30;Pago
6464;539;2026-01;1324,75;2026-02-11;2026-02-21;Pago
6465;539;2026-02;826,42;2026-03-12;2026-03-25;Pago
6466;539;2026-03;3205,93;2026-04-07;2026-04-21;Pago
6467;539;2026-04;1088,44;2026-05-09;2026-05-12;Pago
6468;539;2026-05;3213,21;2026-06-08;2026-06-10;Pago
6469;540;2025-07;3657,11;2025-07-26;2025-08-05;Pago
6470;540;2025-07;3630,4;2025-08-11;2025-08-08;Pago
6471;540;2025-08;758,44;2025-09-21;2025-09-23;Pago
6472;540;2025-09;4296,35;2025-10-11;2025-10-13;Pago
6473;540;2025-10;3987,4;2025-11-14;2025-11-22;Pago
6474;540;2025-11;3253,18;2025-12-21;2026-01-04;Pago
6475;540;2025-12;1514,47;2026-01-09;2026-01-17;Pago
6476;540;2026-01;2546,31;2026-02-15;2026-02-12;Pago
6477;540;2026-02;479,29;2026-03-08;2026-03-19;Pago
6478;540;2026-03;2877,13;2026-04-13;2026-04-21;Pago
6479;540;2026-04;815,35;2026-05-22;2026-05-25;Pago
6480;540;2026-05;4440,7;2026-06-06;2026-06-08;Pago
6481;541;2025-07;517,03;2025-07-13;2025-07-20;Pago
6482;541;2025-07;4325,56;2025-08-25;2025-08-22;Pago
6483;541;2025-08;791,46;2025-09-16;2025-09-18;Pago
6484;541;2025-09;4192,97;2025-10-23;2025-11-01;Pago
6485;541;2025-10;3046,11;2025-11-15;2025-11-15;Pago
6486;541;2025-11;2855,67;2025-12-23;2026-01-03;Pago
6487;541;2025-12;1115,6;2026-01-19;2026-01-31;Pago
6488;541;2026-01;3287,78;2026-02-15;2026-02-19;Pago
6489;541;2026-02;1725,55;2026-03-13;2026-03-16;Pago
6490;541;2026-03;3173,41;2026-04-20;;Pendente
6491;541;2026-04;3141,48;2026-05-18;2026-05-30;Pago
6492;541;2026-05;1006,4;2026-06-19;2026-06-18;Pago
6493;542;2025-07;1431,45;2025-07-14;2025-07-22;Pago
6494;542;2025-07;2685,91;2025-08-19;;Pendente
6495;542;2025-08;1677,27;2025-09-16;2025-09-13;Pago
6496;542;2025-09;1238,19;2025-10-20;2025-11-04;Pago
6497;542;2025-10;2277,07;2025-11-15;2025-11-26;Pago
6498;542;2025-11;1785,35;2025-12-17;2025-12-23;Pago
6499;542;2025-12;2416,08;2026-01-17;2026-01-16;Pago
6500;542;2026-01;630,61;2026-02-08;2026-02-15;Pago
6501;542;2026-02;1481,04;2026-03-12;2026-03-24;Pago
6502;542;2026-03;3552,98;2026-04-09;2026-04-23;Pago
6503;542;2026-04;579,08;2026-05-17;2026-05-24;Pago
6504;542;2026-05;1174,04;2026-06-06;2026-06-16;Pago
6505;543;2025-07;1920,31;2025-07-16;2025-07-21;Pago
6506;543;2025-07;1502,78;2025-08-22;2025-08-25;Pago
6507;543;2025-08;2830,38;2025-09-16;2025-09-27;Pago
6508;543;2025-09;1300,1;2025-10-21;2025-11-01;Pago
6509;543;2025-10;3646,81;2025-11-09;;Pendente
6510;543;2025-11;2714,57;2025-12-17;2025-12-26;Pago
6511;543;2025-12;1559,51;2026-01-18;2026-01-20;Pago
6512;543;2026-01;4256,44;2026-02-09;2026-02-06;Pago
6513;543;2026-02;3060,07;2026-03-17;2026-03-28;Pago
6514;543;2026-03;1557,25;2026-04-14;2026-04-12;Pago
6515;543;2026-04;1238,24;2026-05-08;;Pendente
6516;543;2026-05;3070,48;2026-06-16;2026-06-15;Pago
6517;544;2025-07;1302,16;2025-07-19;2025-07-21;Pago
6518;544;2025-07;3969,22;2025-08-13;2025-08-23;Pago
6519;544;2025-08;2525,9;2025-09-18;2025-09-16;Pago
6520;544;2025-09;1177,15;2025-10-22;2025-10-29;Pago
6521;544;2025-10;4266,38;2025-11-21;2025-11-29;Pago
6522;544;2025-11;4367,88;2025-12-08;2025-12-11;Pago
6523;544;2025-12;2717,72;2026-01-13;;Pendente
6524;544;2026-01;2206,57;2026-02-21;2026-02-22;Pago
6525;544;2026-02;2764,2;2026-03-21;;Pendente
6526;544;2026-03;2581,6;2026-04-22;2026-05-04;Pago
6527;544;2026-04;1878,03;2026-05-12;2026-05-27;Pago
6528;544;2026-05;1781,34;2026-06-11;2026-06-11;Pago
6529;545;2025-07;3415,1;2025-07-25;2025-07-29;Pago
6530;545;2025-07;3226,61;2025-08-20;2025-08-26;Pago
6531;545;2025-08;2727,12;2025-09-24;2025-10-09;Pago
6532;545;2025-09;4285,16;2025-10-14;;Pendente
6533;545;2025-10;4446,85;2025-11-20;2025-11-25;Pago
6534;545;2025-11;4011,65;2025-12-11;2025-12-21;Pago
6535;545;2025-12;3294,16;2026-01-17;2026-01-26;Pago
6536;545;2026-01;4100,33;2026-02-06;2026-02-19;Pago
6537;545;2026-02;1343,43;2026-03-14;2026-03-28;Pago
6538;545;2026-03;1284,53;2026-04-10;2026-04-17;Pago
6539;545;2026-04;2351,04;2026-05-11;2026-05-26;Pago
6540;545;2026-05;4023,09;2026-06-11;2026-06-20;Pago
6541;546;2025-07;3555,25;2025-07-25;2025-07-31;Pago
6542;546;2025-07;2533,22;2025-08-16;2025-08-18;Pago
6543;546;2025-08;1687,54;2025-09-18;2025-09-29;Pago
6544;546;2025-09;3733,5;2025-10-19;2025-10-24;Pago
6545;546;2025-10;1033,8;2025-11-08;2025-11-14;Pago
6546;546;2025-11;4371,84;2025-12-11;2025-12-22;Pago
6547;546;2025-12;1350,81;2026-01-17;;Pendente
6548;546;2026-01;3314,88;2026-02-17;2026-02-20;Pago
6549;546;2026-02;1286,38;2026-03-17;2026-03-31;Pago
6550;546;2026-03;2599,1;2026-04-19;2026-04-16;Pago
6551;546;2026-04;2991,24;2026-05-16;;Pendente
6552;546;2026-05;1816,77;2026-06-20;2026-06-19;Pago
6553;547;2025-07;1198,52;2025-07-23;2025-07-21;Pago
6554;547;2025-07;1487,84;2025-08-15;2025-08-19;Pago
6555;547;2025-08;2668,73;2025-09-11;2025-09-21;Pago
6556;547;2025-09;657,67;2025-10-21;2025-10-26;Pago
6557;547;2025-10;2866,95;2025-11-19;2025-11-22;Pago
6558;547;2025-11;3084,03;2025-12-11;2025-12-17;Pago
6559;547;2025-12;3686,39;2026-01-19;2026-01-23;Pago
6560;547;2026-01;3933,96;2026-02-18;2026-02-19;Pago
6561;547;2026-02;3708,93;2026-03-13;2026-03-22;Pago
6562;547;2026-03;1748,14;2026-04-09;;Pendente
6563;547;2026-04;1585,28;2026-05-17;2026-05-22;Pago
6564;547;2026-05;1592,83;2026-06-08;2026-06-23;Pago
6565;548;2025-07;3155,0;2025-07-26;2025-08-01;Pago
6566;548;2025-07;1806,71;2025-08-10;2025-08-08;Pago
6567;548;2025-08;3927,18;2025-09-19;2025-09-18;Pago
6568;548;2025-09;2123,57;2025-10-19;2025-10-19;Pago
6569;548;2025-10;1276,45;2025-11-13;2025-11-12;Pago
6570;548;2025-11;1016,53;2025-12-16;2025-12-16;Pago
6571;548;2025-12;553,92;2026-01-16;2026-01-23;Pago
6572;548;2026-01;2897,28;2026-02-17;2026-02-23;Pago
6573;548;2026-02;3537,97;2026-03-09;2026-03-09;Pago
6574;548;2026-03;2546,25;2026-04-15;2026-04-23;Pago
6575;548;2026-04;3862,99;2026-05-11;2026-05-22;Pago
6576;548;2026-05;4058,95;2026-06-13;2026-06-28;Pago
6577;549;2025-07;1610,19;2025-07-15;2025-07-14;Pago
6578;549;2025-07;2238,2;2025-08-25;2025-09-05;Pago
6579;549;2025-08;3038,39;2025-09-16;2025-09-15;Pago
6580;549;2025-09;4293,01;2025-10-23;2025-10-26;Pago
6581;549;2025-10;555,74;2025-11-20;2025-11-24;Pago
6582;549;2025-11;2729,79;2025-12-18;2025-12-31;Pago
6583;549;2025-12;4242,35;2026-01-07;2026-01-11;Pago
6584;549;2026-01;3407,47;2026-02-20;2026-02-26;Pago
6585;549;2026-02;4252,88;2026-03-20;2026-03-21;Pago
6586;549;2026-03;4099,42;2026-04-19;2026-04-22;Pago
6587;549;2026-04;2021,21;2026-05-14;2026-05-19;Pago
6588;549;2026-05;963,82;2026-06-12;2026-06-17;Pago
6589;550;2025-07;3772,3;2025-07-17;2025-07-19;Pago
6590;550;2025-07;3988,05;2025-08-12;2025-08-17;Pago
6591;550;2025-08;4398,28;2025-09-13;2025-09-23;Pago
6592;550;2025-09;538,14;2025-10-22;;Pendente
6593;550;2025-10;4041,12;2025-11-18;2025-11-28;Pago
6594;550;2025-11;2058,71;2025-12-10;2025-12-10;Pago
6595;550;2025-12;3982,59;2026-01-19;;Pendente
6596;550;2026-01;2775,21;2026-02-14;2026-02-14;Pago
6597;550;2026-02;4068,44;2026-03-18;;Pendente
6598;550;2026-03;2593,49;2026-04-19;2026-04-27;Pago
6599;550;2026-04;2013,02;2026-05-16;2026-05-19;Pago
6600;550;2026-05;4268,46;2026-06-13;2026-06-22;Pago
6601;551;2025-07;1645,58;2025-07-22;2025-07-29;Pago
6602;551;2025-07;3981,9;2025-08-14;2025-08-23;Pago
6603;551;2025-08;561,79;2025-09-19;2025-09-26;Pago
6604;551;2025-09;2354,67;2025-10-18;2025-11-01;Pago
6605;551;2025-10;4062,4;2025-11-17;2025-11-15;Pago
6606;551;2025-11;996,73;2025-12-17;2025-12-24;Pago
6607;551;2025-12;3504,23;2026-01-17;2026-02-01;Pago
6608;551;2026-01;2786,92;2026-02-09;2026-02-12;Pago
6609;551;2026-02;1609,56;2026-03-16;2026-03-14;Pago
6610;551;2026-03;4036,55;2026-04-07;2026-04-09;Pago
6611;551;2026-04;3383,3;2026-05-12;2026-05-11;Pago
6612;551;2026-05;4103,09;2026-06-09;2026-06-08;Pago
6613;552;2025-07;1012,97;2025-07-12;2025-07-19;Pago
6614;552;2025-07;3174,74;2025-08-11;2025-08-24;Pago
6615;552;2025-08;774,68;2025-09-17;2025-09-24;Pago
6616;552;2025-09;2563,58;2025-10-19;2025-10-31;Pago
6617;552;2025-10;3304,45;2025-11-12;2025-11-09;Pago
6618;552;2025-11;1527,63;2025-12-15;2025-12-27;Pago
6619;552;2025-12;3227,0;2026-01-15;2026-01-23;Pago
6620;552;2026-01;1837,71;2026-02-11;2026-02-23;Pago
6621;552;2026-02;1613,98;2026-03-23;2026-03-28;Pago
6622;552;2026-03;675,94;2026-04-17;2026-04-24;Pago
6623;552;2026-04;1024,59;2026-05-19;;Pendente
6624;552;2026-05;2943,32;2026-06-18;2026-07-01;Pago
6625;553;2025-07;2948,68;2025-07-20;2025-07-21;Pago
6626;553;2025-07;3243,6;2025-08-18;2025-08-17;Pago
6627;553;2025-08;2697,5;2025-09-17;2025-10-01;Pago
6628;553;2025-09;3508,95;2025-10-15;2025-10-28;Pago
6629;553;2025-10;2078,47;2025-11-18;2025-11-30;Pago
6630;553;2025-11;627,4;2025-12-20;2025-12-23;Pago
6631;553;2025-12;1051,2;2026-01-19;2026-01-23;Pago
6632;553;2026-01;1893,21;2026-02-15;2026-02-26;Pago
6633;553;2026-02;3250,1;2026-03-21;2026-03-28;Pago
6634;553;2026-03;465,35;2026-04-16;2026-04-24;Pago
6635;553;2026-04;3847,73;2026-05-14;2026-05-26;Pago
6636;553;2026-05;2085,11;2026-06-17;2026-06-28;Pago
6637;554;2025-07;4105,07;2025-07-25;2025-08-09;Pago
6638;554;2025-07;512,07;2025-08-18;2025-08-21;Pago
6639;554;2025-08;1303,4;2025-09-22;2025-09-29;Pago
6640;554;2025-09;691,87;2025-10-23;;Pendente
6641;554;2025-10;2499,66;2025-11-21;2025-12-02;Pago
6642;554;2025-11;1007,14;2025-12-16;;Pendente
6643;554;2025-12;3583,27;2026-01-09;2026-01-16;Pago
6644;554;2026-01;2714,92;2026-02-15;2026-02-23;Pago
6645;554;2026-02;4348,91;2026-03-13;2026-03-16;Pago
6646;554;2026-03;2298,3;2026-04-08;2026-04-05;Pago
6647;554;2026-04;1041,97;2026-05-20;2026-05-29;Pago
6648;554;2026-05;1727,23;2026-06-18;;Pendente
6649;555;2025-07;4278,64;2025-07-26;2025-07-31;Pago
6650;555;2025-07;3723,23;2025-08-14;2025-08-23;Pago
6651;555;2025-08;2856,16;2025-09-16;2025-09-25;Pago
6652;555;2025-09;2531,63;2025-10-17;2025-10-22;Pago
6653;555;2025-10;2757,54;2025-11-17;2025-11-29;Pago
6654;555;2025-11;1186,15;2025-12-12;;Pendente
6655;555;2025-12;759,86;2026-01-21;;Pendente
6656;555;2026-01;4273,82;2026-02-11;2026-02-18;Pago
6657;555;2026-02;1827,49;2026-03-23;2026-04-03;Pago
6658;555;2026-03;3321,55;2026-04-16;2026-05-01;Pago
6659;555;2026-04;4333,0;2026-05-22;;Pendente
6660;555;2026-05;4329,65;2026-06-16;;Pendente
6661;556;2025-07;2078,68;2025-07-14;2025-07-15;Pago
6662;556;2025-07;3302,83;2025-08-15;2025-08-26;Pago
6663;556;2025-08;3616,54;2025-09-11;;Pendente
6664;556;2025-09;1577,38;2025-10-22;2025-11-04;Pago
6665;556;2025-10;1293,91;2025-11-18;2025-11-20;Pago
6666;556;2025-11;657,59;2025-12-18;2025-12-20;Pago
6667;556;2025-12;3354,0;2026-01-16;2026-01-17;Pago
6668;556;2026-01;2886,01;2026-02-19;2026-02-26;Pago
6669;556;2026-02;4376,49;2026-03-16;2026-03-19;Pago
6670;556;2026-03;2584,57;2026-04-11;2026-04-11;Pago
6671;556;2026-04;4423,11;2026-05-12;2026-05-19;Pago
6672;556;2026-05;3627,01;2026-06-16;2026-06-14;Pago
6673;557;2025-07;2346,11;2025-07-17;2025-07-25;Pago
6674;557;2025-07;4196,8;2025-08-13;2025-08-12;Pago
6675;557;2025-08;4376,77;2025-09-13;2025-09-22;Pago
6676;557;2025-09;2996,55;2025-10-11;2025-10-26;Pago
6677;557;2025-10;4446,75;2025-11-17;2025-11-22;Pago
6678;557;2025-11;1531,91;2025-12-10;2025-12-16;Pago
6679;557;2025-12;1068,54;2026-01-08;2026-01-05;Pago
6680;557;2026-01;1900,24;2026-02-17;;Pendente
6681;557;2026-02;2478,13;2026-03-20;2026-03-29;Pago
6682;557;2026-03;1923,34;2026-04-15;2026-04-20;Pago
6683;557;2026-04;2536,18;2026-05-07;2026-05-20;Pago
6684;557;2026-05;1245,89;2026-06-06;2026-06-17;Pago
6685;558;2025-07;1708,73;2025-07-20;2025-07-31;Pago
6686;558;2025-07;2047,13;2025-08-20;2025-09-03;Pago
6687;558;2025-08;674,89;2025-09-19;2025-10-02;Pago
6688;558;2025-09;832,54;2025-10-16;2025-10-17;Pago
6689;558;2025-10;4386,83;2025-11-17;2025-11-14;Pago
6690;558;2025-11;4081,07;2025-12-16;;Pendente
6691;558;2025-12;2986,55;2026-01-22;2026-01-28;Pago
6692;558;2026-01;3920,62;2026-02-10;2026-02-23;Pago
6693;558;2026-02;4184,74;2026-03-21;2026-03-24;Pago
6694;558;2026-03;1742,28;2026-04-12;2026-04-17;Pago
6695;558;2026-04;3657,65;2026-05-07;2026-05-04;Pago
6696;558;2026-05;1263,62;2026-06-10;2026-06-13;Pago
6697;559;2025-07;1540,43;2025-07-21;2025-08-05;Pago
6698;559;2025-07;1142,04;2025-08-17;2025-08-15;Pago
6699;559;2025-08;801,44;2025-09-16;2025-09-29;Pago
6700;559;2025-09;513,08;2025-10-11;2025-10-10;Pago
6701;559;2025-10;3023,25;2025-11-23;2025-11-21;Pago
6702;559;2025-11;1661,05;2025-12-15;2025-12-15;Pago
6703;559;2025-12;2930,02;2026-01-17;;Pendente
6704;559;2026-01;934,68;2026-02-07;2026-02-08;Pago
6705;559;2026-02;3943,54;2026-03-10;2026-03-08;Pago
6706;559;2026-03;3533,97;2026-04-17;2026-04-26;Pago
6707;559;2026-04;1561,86;2026-05-11;2026-05-25;Pago
6708;559;2026-05;3590,34;2026-06-14;2026-06-25;Pago
6709;560;2025-07;4196,73;2025-07-22;2025-08-03;Pago
6710;560;2025-07;1389,84;2025-08-24;;Pendente
6711;560;2025-08;2779,3;2025-09-21;2025-10-03;Pago
6712;560;2025-09;1902,6;2025-10-21;2025-11-05;Pago
6713;560;2025-10;2711,63;2025-11-17;2025-12-02;Pago
6714;560;2025-11;1972,43;2025-12-09;;Pendente
6715;560;2025-12;2049,6;2026-01-16;2026-01-31;Pago
6716;560;2026-01;990,39;2026-02-15;2026-02-14;Pago
6717;560;2026-02;2965,45;2026-03-21;;Pendente
6718;560;2026-03;3336,56;2026-04-07;2026-04-18;Pago
6719;560;2026-04;727,17;2026-05-17;2026-05-25;Pago
6720;560;2026-05;525,83;2026-06-17;2026-06-29;Pago
6721;561;2025-07;1512,93;2025-07-11;2025-07-26;Pago
6722;561;2025-07;1672,43;2025-08-14;2025-08-20;Pago
6723;561;2025-08;1082,2;2025-09-17;2025-09-17;Pago
6724;561;2025-09;3314,3;2025-10-12;2025-10-10;Pago
6725;561;2025-10;1859,83;2025-11-08;2025-11-12;Pago
6726;561;2025-11;1972,11;2025-12-11;2025-12-14;Pago
6727;561;2025-12;3468,15;2026-01-20;2026-02-02;Pago
6728;561;2026-01;3580,64;2026-02-15;2026-02-17;Pago
6729;561;2026-02;3220,91;2026-03-19;2026-03-22;Pago
6730;561;2026-03;1933,53;2026-04-22;2026-04-22;Pago
6731;561;2026-04;1557,99;2026-05-16;2026-05-25;Pago
6732;561;2026-05;1015,67;2026-06-11;2026-06-12;Pago
6733;562;2025-07;1661,73;2025-07-22;;Pendente
6734;562;2025-07;4406,43;2025-08-16;;Pendente
6735;562;2025-08;4337,61;2025-09-17;2025-10-02;Pago
6736;562;2025-09;544,44;2025-10-18;2025-10-27;Pago
6737;562;2025-10;3031,47;2025-11-11;2025-11-16;Pago
6738;562;2025-11;2049,56;2025-12-22;2026-01-02;Pago
6739;562;2025-12;4113,31;2026-01-14;2026-01-12;Pago
6740;562;2026-01;1883,99;2026-02-10;2026-02-20;Pago
6741;562;2026-02;745,2;2026-03-14;2026-03-19;Pago
6742;562;2026-03;3656,21;2026-04-18;2026-04-19;Pago
6743;562;2026-04;3869,15;2026-05-22;2026-05-26;Pago
6744;562;2026-05;1050,93;2026-06-16;2026-06-21;Pago
6745;563;2025-07;3456,0;2025-07-24;;Pendente
6746;563;2025-07;2006,67;2025-08-12;2025-08-17;Pago
6747;563;2025-08;2141,93;2025-09-10;2025-09-07;Pago
6748;563;2025-09;2855,02;2025-10-18;2025-11-01;Pago
6749;563;2025-10;4274,12;2025-11-23;2025-12-04;Pago
6750;563;2025-11;4158,76;2025-12-23;2026-01-06;Pago
6751;563;2025-12;2412,76;2026-01-18;2026-01-30;Pago
6752;563;2026-01;3776,07;2026-02-12;2026-02-24;Pago
6753;563;2026-02;1145,56;2026-03-14;2026-03-11;Pago
6754;563;2026-03;2837,53;2026-04-08;2026-04-19;Pago
6755;563;2026-04;2639,09;2026-05-15;2026-05-28;Pago
6756;563;2026-05;557,21;2026-06-20;;Pendente
6757;564;2025-07;3665,48;2025-07-13;2025-07-13;Pago
6758;564;2025-07;3273,23;2025-08-10;2025-08-08;Pago
6759;564;2025-08;2454,97;2025-09-17;2025-09-26;Pago
6760;564;2025-09;758,25;2025-10-18;2025-10-22;Pago
6761;564;2025-10;1162,47;2025-11-18;2025-11-18;Pago
6762;564;2025-11;583,45;2025-12-08;2025-12-05;Pago
6763;564;2025-12;3472,66;2026-01-13;2026-01-24;Pago
6764;564;2026-01;3925,0;2026-02-11;2026-02-19;Pago
6765;564;2026-02;918,45;2026-03-09;2026-03-12;Pago
6766;564;2026-03;791,01;2026-04-18;2026-04-19;Pago
6767;564;2026-04;456,06;2026-05-17;;Pendente
6768;564;2026-05;1600,89;2026-06-08;;Pendente
6769;565;2025-07;2005,64;2025-07-22;2025-07-19;Pago
6770;565;2025-07;3061,01;2025-08-22;2025-08-31;Pago
6771;565;2025-08;4314,58;2025-09-23;2025-09-23;Pago
6772;565;2025-09;3218,01;2025-10-18;2025-10-20;Pago
6773;565;2025-10;1844,32;2025-11-23;2025-11-26;Pago
6774;565;2025-11;1251,45;2025-12-08;2025-12-12;Pago
6775;565;2025-12;1409,59;2026-01-14;2026-01-26;Pago
6776;565;2026-01;1432,66;2026-02-17;2026-02-23;Pago
6777;565;2026-02;2802,68;2026-03-23;2026-03-30;Pago
6778;565;2026-03;1416,97;2026-04-19;2026-04-24;Pago
6779;565;2026-04;902,31;2026-05-16;2026-05-21;Pago
6780;565;2026-05;1884,78;2026-06-19;2026-06-22;Pago
6781;566;2025-07;2957,22;2025-07-11;2025-07-18;Pago
6782;566;2025-07;2994,75;2025-08-14;;Pendente
6783;566;2025-08;4415,91;2025-09-18;2025-09-22;Pago
6784;566;2025-09;3545,53;2025-10-14;2025-10-28;Pago
6785;566;2025-10;1918,59;2025-11-23;;Pendente
6786;566;2025-11;2779,5;2025-12-23;2025-12-27;Pago
6787;566;2025-12;2597,94;2026-01-13;2026-01-18;Pago
6788;566;2026-01;3255,3;2026-02-08;2026-02-11;Pago
6789;566;2026-02;3617,37;2026-03-10;2026-03-10;Pago
6790;566;2026-03;3174,76;2026-04-15;;Pendente
6791;566;2026-04;959,56;2026-05-12;2026-05-10;Pago
6792;566;2026-05;1222,56;2026-06-16;;Pendente
6793;567;2025-07;2023,58;2025-07-26;2025-08-03;Pago
6794;567;2025-07;3522,55;2025-08-11;2025-08-20;Pago
6795;567;2025-08;1742,07;2025-09-17;2025-09-15;Pago
6796;567;2025-09;2852,36;2025-10-10;2025-10-18;Pago
6797;567;2025-10;4359,16;2025-11-20;2025-11-24;Pago
6798;567;2025-11;1510,57;2025-12-20;2025-12-21;Pago
6799;567;2025-12;1609,31;2026-01-11;2026-01-25;Pago
6800;567;2026-01;1785,51;2026-02-06;2026-02-21;Pago
6801;567;2026-02;3032,6;2026-03-15;2026-03-20;Pago
6802;567;2026-03;891,21;2026-04-21;2026-04-29;Pago
6803;567;2026-04;2340,63;2026-05-07;2026-05-15;Pago
6804;567;2026-05;1633,15;2026-06-10;2026-06-09;Pago
6805;568;2025-07;3146,78;2025-07-12;;Pendente
6806;568;2025-07;3335,57;2025-08-25;2025-09-02;Pago
6807;568;2025-08;3454,97;2025-09-12;2025-09-23;Pago
6808;568;2025-09;3778,55;2025-10-10;2025-10-24;Pago
6809;568;2025-10;665,63;2025-11-22;2025-12-01;Pago
6810;568;2025-11;3336,83;2025-12-23;2026-01-05;Pago
6811;568;2025-12;3676,62;2026-01-10;2026-01-20;Pago
6812;568;2026-01;519,27;2026-02-06;2026-02-19;Pago
6813;568;2026-02;2866,63;2026-03-23;2026-04-07;Pago
6814;568;2026-03;4111,44;2026-04-08;2026-04-22;Pago
6815;568;2026-04;4456,31;2026-05-09;2026-05-18;Pago
6816;568;2026-05;4115,56;2026-06-11;2026-06-26;Pago
6817;569;2025-07;3429,28;2025-07-20;2025-07-29;Pago
6818;569;2025-07;1697,78;2025-08-25;2025-09-06;Pago
6819;569;2025-08;911,24;2025-09-16;2025-09-14;Pago
6820;569;2025-09;4291,86;2025-10-15;2025-10-19;Pago
6821;569;2025-10;2501,0;2025-11-15;2025-11-27;Pago
6822;569;2025-11;2693,29;2025-12-12;2025-12-13;Pago
6823;569;2025-12;1620,03;2026-01-14;2026-01-26;Pago
6824;569;2026-01;3337,43;2026-02-06;2026-02-13;Pago
6825;569;2026-02;2339,07;2026-03-15;2026-03-15;Pago
6826;569;2026-03;1984,31;2026-04-08;2026-04-14;Pago
6827;569;2026-04;3595,45;2026-05-10;2026-05-21;Pago
6828;569;2026-05;3357,89;2026-06-15;2026-06-12;Pago
6829;570;2025-07;3933,69;2025-07-20;2025-07-29;Pago
6830;570;2025-07;2074,04;2025-08-23;2025-09-01;Pago
6831;570;2025-08;1835,48;2025-09-19;2025-09-16;Pago
6832;570;2025-09;1557,07;2025-10-19;2025-10-28;Pago
6833;570;2025-10;1045,42;2025-11-13;2025-11-22;Pago
6834;570;2025-11;2451,94;2025-12-18;2025-12-21;Pago
6835;570;2025-12;2582,33;2026-01-13;2026-01-28;Pago
6836;570;2026-01;3879,49;2026-02-15;2026-02-27;Pago
6837;570;2026-02;3468,82;2026-03-23;2026-03-24;Pago
6838;570;2026-03;1304,62;2026-04-17;2026-05-02;Pago
6839;570;2026-04;3653,61;2026-05-08;2026-05-20;Pago
6840;570;2026-05;2529,95;2026-06-13;2026-06-20;Pago
6841;571;2025-07;3630,57;2025-07-12;2025-07-13;Pago
6842;571;2025-07;1226,16;2025-08-24;2025-09-04;Pago
6843;571;2025-08;1867,19;2025-09-18;2025-09-30;Pago
6844;571;2025-09;536,78;2025-10-13;2025-10-21;Pago
6845;571;2025-10;4292,29;2025-11-15;2025-11-12;Pago
6846;571;2025-11;1553,45;2025-12-14;2025-12-16;Pago
6847;571;2025-12;1649,14;2026-01-09;2026-01-07;Pago
6848;571;2026-01;3198,92;2026-02-21;2026-03-02;Pago
6849;571;2026-02;1109,96;2026-03-20;2026-03-24;Pago
6850;571;2026-03;1818,76;2026-04-19;2026-04-16;Pago
6851;571;2026-04;2225,05;2026-05-13;2026-05-11;Pago
6852;571;2026-05;3395,26;2026-06-13;2026-06-16;Pago
6853;572;2025-07;3307,05;2025-07-14;2025-07-19;Pago
6854;572;2025-07;3805,16;2025-08-10;2025-08-12;Pago
6855;572;2025-08;3530,39;2025-09-09;;Pendente
6856;572;2025-09;2273,47;2025-10-18;2025-10-24;Pago
6857;572;2025-10;3195,37;2025-11-09;2025-11-16;Pago
6858;572;2025-11;651,89;2025-12-16;2025-12-26;Pago
6859;572;2025-12;3944,73;2026-01-17;2026-01-27;Pago
6860;572;2026-01;2892,48;2026-02-18;2026-03-05;Pago
6861;572;2026-02;503,88;2026-03-21;2026-03-24;Pago
6862;572;2026-03;538,21;2026-04-08;;Pendente
6863;572;2026-04;1836,64;2026-05-10;2026-05-10;Pago
6864;572;2026-05;4240,11;2026-06-09;2026-06-15;Pago
6865;573;2025-07;3660,09;2025-07-23;2025-07-28;Pago
6866;573;2025-07;4211,13;2025-08-13;2025-08-21;Pago
6867;573;2025-08;4396,99;2025-09-21;2025-09-29;Pago
6868;573;2025-09;645,6;2025-10-20;2025-10-19;Pago
6869;573;2025-10;991,39;2025-11-14;;Pendente
6870;573;2025-11;2579,68;2025-12-11;2025-12-18;Pago
6871;573;2025-12;917,45;2026-01-15;2026-01-14;Pago
6872;573;2026-01;1354,93;2026-02-13;2026-02-14;Pago
6873;573;2026-02;2722,73;2026-03-17;2026-03-17;Pago
6874;573;2026-03;3260,5;2026-04-09;2026-04-14;Pago
6875;573;2026-04;3905,83;2026-05-10;2026-05-07;Pago
6876;573;2026-05;2139,78;2026-06-21;2026-06-20;Pago
6877;574;2025-07;2851,93;2025-07-26;2025-07-27;Pago
6878;574;2025-07;2578,96;2025-08-10;2025-08-08;Pago
6879;574;2025-08;1672,34;2025-09-09;2025-09-11;Pago
6880;574;2025-09;3893,83;2025-10-14;2025-10-16;Pago
6881;574;2025-10;2771,38;2025-11-22;2025-11-24;Pago
6882;574;2025-11;3417,04;2025-12-19;;Pendente
6883;574;2025-12;1360,68;2026-01-07;;Pendente
6884;574;2026-01;2347,13;2026-02-13;2026-02-19;Pago
6885;574;2026-02;3570,15;2026-03-23;2026-04-01;Pago
6886;574;2026-03;2543,29;2026-04-11;2026-04-09;Pago
6887;574;2026-04;2019,99;2026-05-13;2026-05-22;Pago
6888;574;2026-05;4432,46;2026-06-07;2026-06-05;Pago
6889;575;2025-07;2148,07;2025-07-12;2025-07-14;Pago
6890;575;2025-07;3217,89;2025-08-19;2025-08-29;Pago
6891;575;2025-08;2696,38;2025-09-12;;Pendente
6892;575;2025-09;1688,26;2025-10-19;2025-10-28;Pago
6893;575;2025-10;636,16;2025-11-15;;Pendente
6894;575;2025-11;2639,97;2025-12-18;2025-12-17;Pago
6895;575;2025-12;779,29;2026-01-19;;Pendente
6896;575;2026-01;1220,47;2026-02-18;2026-02-27;Pago
6897;575;2026-02;1216,91;2026-03-19;2026-04-03;Pago
6898;575;2026-03;1067,86;2026-04-21;2026-05-04;Pago
6899;575;2026-04;3239,69;2026-05-22;2026-05-30;Pago
6900;575;2026-05;3520,57;2026-06-17;2026-06-19;Pago
6901;576;2025-07;1625,97;2025-07-23;2025-08-03;Pago
6902;576;2025-07;720,73;2025-08-16;2025-08-14;Pago
6903;576;2025-08;2431,42;2025-09-16;2025-09-26;Pago
6904;576;2025-09;3979,85;2025-10-20;2025-11-03;Pago
6905;576;2025-10;2273,53;2025-11-14;2025-11-19;Pago
6906;576;2025-11;1754,44;2025-12-18;2025-12-24;Pago
6907;576;2025-12;1016,19;2026-01-12;2026-01-25;Pago
6908;576;2026-01;2920,26;2026-02-09;2026-02-13;Pago
6909;576;2026-02;3954,04;2026-03-12;2026-03-22;Pago
6910;576;2026-03;4015,01;2026-04-17;2026-04-28;Pago
6911;576;2026-04;1398,0;2026-05-18;;Pendente
6912;576;2026-05;3202,42;2026-06-14;2026-06-18;Pago
6913;577;2025-07;502,86;2025-07-20;2025-07-26;Pago
6914;577;2025-07;2982,76;2025-08-12;2025-08-20;Pago
6915;577;2025-08;900,85;2025-09-20;;Pendente
6916;577;2025-09;2527,34;2025-10-20;2025-10-20;Pago
6917;577;2025-10;3347,84;2025-11-10;2025-11-22;Pago
6918;577;2025-11;4055,8;2025-12-19;2026-01-02;Pago
6919;577;2025-12;1974,74;2026-01-21;;Pendente
6920;577;2026-01;2576,34;2026-02-19;2026-02-18;Pago
6921;577;2026-02;733,21;2026-03-23;;Pendente
6922;577;2026-03;2654,8;2026-04-08;2026-04-08;Pago
6923;577;2026-04;2890,02;2026-05-09;2026-05-23;Pago
6924;577;2026-05;904,62;2026-06-14;2026-06-12;Pago
6925;578;2025-07;1538,26;2025-07-20;2025-08-03;Pago
6926;578;2025-07;2679,58;2025-08-17;2025-08-21;Pago
6927;578;2025-08;859,89;2025-09-11;2025-09-09;Pago
6928;578;2025-09;1271,78;2025-10-23;2025-11-01;Pago
6929;578;2025-10;1477,99;2025-11-11;;Pendente
6930;578;2025-11;1070,52;2025-12-18;2025-12-26;Pago
6931;578;2025-12;3152,08;2026-01-20;2026-01-23;Pago
6932;578;2026-01;2341,29;2026-02-07;2026-02-14;Pago
6933;578;2026-02;3735,41;2026-03-14;2026-03-27;Pago
6934;578;2026-03;3568,04;2026-04-21;2026-04-19;Pago
6935;578;2026-04;3552,06;2026-05-18;2026-05-30;Pago
6936;578;2026-05;2059,49;2026-06-10;2026-06-11;Pago
6937;579;2025-07;1134,44;2025-07-16;;Pendente
6938;579;2025-07;3278,22;2025-08-16;2025-08-31;Pago
6939;579;2025-08;3587,29;2025-09-18;2025-10-01;Pago
6940;579;2025-09;2642,87;2025-10-12;2025-10-15;Pago
6941;579;2025-10;4298,65;2025-11-22;2025-12-04;Pago
6942;579;2025-11;2648,2;2025-12-09;;Pendente
6943;579;2025-12;1207,94;2026-01-21;2026-01-29;Pago
6944;579;2026-01;788,26;2026-02-19;2026-02-27;Pago
6945;579;2026-02;3636,44;2026-03-14;2026-03-17;Pago
6946;579;2026-03;2463,44;2026-04-18;2026-04-26;Pago
6947;579;2026-04;3264,08;2026-05-14;2026-05-19;Pago
6948;579;2026-05;3866,7;2026-06-07;2026-06-19;Pago
6949;580;2025-07;4055,11;2025-07-11;;Pendente
6950;580;2025-07;995,8;2025-08-15;2025-08-15;Pago
6951;580;2025-08;3406,13;2025-09-19;2025-09-22;Pago
6952;580;2025-09;1379,01;2025-10-23;;Pendente
6953;580;2025-10;4307,27;2025-11-12;2025-11-11;Pago
6954;580;2025-11;4085,44;2025-12-22;2025-12-31;Pago
6955;580;2025-12;1896,49;2026-01-09;2026-01-24;Pago
6956;580;2026-01;3941,78;2026-02-16;2026-02-22;Pago
6957;580;2026-02;3459,48;2026-03-23;2026-03-30;Pago
6958;580;2026-03;3165,55;2026-04-17;2026-04-14;Pago
6959;580;2026-04;1582,95;2026-05-22;2026-06-02;Pago
6960;580;2026-05;3348,58;2026-06-08;2026-06-11;Pago
6961;581;2025-07;3518,17;2025-07-15;2025-07-27;Pago
6962;581;2025-07;1937,15;2025-08-19;2025-09-03;Pago
6963;581;2025-08;2539,99;2025-09-14;;Pendente
6964;581;2025-09;966,78;2025-10-13;2025-10-21;Pago
6965;581;2025-10;1640,14;2025-11-10;;Pendente
6966;581;2025-11;2618,2;2025-12-12;2025-12-13;Pago
6967;581;2025-12;1388,26;2026-01-16;2026-01-17;Pago
6968;581;2026-01;1027,71;2026-02-08;2026-02-13;Pago
6969;581;2026-02;2678,19;2026-03-18;2026-04-02;Pago
6970;581;2026-03;739,22;2026-04-12;2026-04-23;Pago
6971;581;2026-04;3534,6;2026-05-15;2026-05-29;Pago
6972;581;2026-05;627,15;2026-06-21;2026-07-03;Pago
6973;582;2025-07;1988,9;2025-07-16;2025-07-31;Pago
6974;582;2025-07;1705,62;2025-08-19;2025-08-22;Pago
6975;582;2025-08;3988,19;2025-09-11;2025-09-09;Pago
6976;582;2025-09;3809,93;2025-10-18;2025-10-23;Pago
6977;582;2025-10;1989,56;2025-11-13;2025-11-22;Pago
6978;582;2025-11;2007,86;2025-12-16;;Pendente
6979;582;2025-12;2752,06;2026-01-13;2026-01-13;Pago
6980;582;2026-01;861,85;2026-02-20;2026-02-18;Pago
6981;582;2026-02;2448,09;2026-03-18;2026-03-27;Pago
6982;582;2026-03;3154,71;2026-04-16;2026-04-22;Pago
6983;582;2026-04;2448,89;2026-05-12;2026-05-12;Pago
6984;582;2026-05;2825,12;2026-06-19;2026-06-23;Pago
6985;583;2025-07;3394,07;2025-07-25;2025-08-02;Pago
6986;583;2025-07;760,35;2025-08-21;2025-08-30;Pago
6987;583;2025-08;1880,92;2025-09-14;2025-09-21;Pago
6988;583;2025-09;1991,78;2025-10-16;2025-10-22;Pago
6989;583;2025-10;2825,23;2025-11-23;2025-11-27;Pago
6990;583;2025-11;2925,62;2025-12-16;2025-12-24;Pago
6991;583;2025-12;2461,65;2026-01-10;2026-01-08;Pago
6992;583;2026-01;579,0;2026-02-12;;Pendente
6993;583;2026-02;2632,73;2026-03-19;2026-03-31;Pago
6994;583;2026-03;998,12;2026-04-19;2026-05-03;Pago
6995;583;2026-04;4133,09;2026-05-07;2026-05-22;Pago
6996;583;2026-05;1677,19;2026-06-11;2026-06-14;Pago
6997;584;2025-07;2962,65;2025-07-22;2025-07-24;Pago
6998;584;2025-07;2657,42;2025-08-25;2025-09-04;Pago
6999;584;2025-08;4488,06;2025-09-20;2025-10-02;Pago
7000;584;2025-09;700,24;2025-10-14;2025-10-25;Pago
7001;584;2025-10;1157,46;2025-11-23;2025-12-05;Pago
7002;584;2025-11;1905,08;2025-12-16;2025-12-19;Pago
7003;584;2025-12;1488,68;2026-01-10;2026-01-10;Pago
7004;584;2026-01;1742,86;2026-02-20;2026-03-04;Pago
7005;584;2026-02;2480,74;2026-03-14;2026-03-14;Pago
7006;584;2026-03;991,61;2026-04-10;2026-04-25;Pago
7007;584;2026-04;1619,51;2026-05-15;2026-05-17;Pago
7008;584;2026-05;3988,88;2026-06-21;;Pendente
7009;585;2025-07;4379,72;2025-07-24;2025-07-31;Pago
7010;585;2025-07;3592,46;2025-08-11;2025-08-14;Pago
7011;585;2025-08;2982,26;2025-09-19;2025-09-17;Pago
7012;585;2025-09;4242,27;2025-10-15;2025-10-19;Pago
7013;585;2025-10;2645,2;2025-11-19;2025-11-21;Pago
7014;585;2025-11;3553,63;2025-12-10;2025-12-15;Pago
7015;585;2025-12;1087,09;2026-01-15;2026-01-18;Pago
7016;585;2026-01;1595,99;2026-02-14;2026-02-16;Pago
7017;585;2026-02;2485,81;2026-03-19;2026-03-17;Pago
7018;585;2026-03;2128,08;2026-04-15;2026-04-24;Pago
7019;585;2026-04;1807,42;2026-05-19;2026-05-24;Pago
7020;585;2026-05;3869,54;2026-06-13;2026-06-14;Pago
7021;586;2025-07;485,87;2025-07-13;;Pendente
7022;586;2025-07;1779,17;2025-08-12;2025-08-09;Pago
7023;586;2025-08;545,73;2025-09-24;2025-10-07;Pago
7024;586;2025-09;2255,6;2025-10-14;2025-10-27;Pago
7025;586;2025-10;974,13;2025-11-15;2025-11-14;Pago
7026;586;2025-11;3035,0;2025-12-13;2025-12-21;Pago
7027;586;2025-12;1671,63;2026-01-19;;Pendente
7028;586;2026-01;2421,24;2026-02-07;2026-02-20;Pago
7029;586;2026-02;1753,93;2026-03-15;2026-03-18;Pago
7030;586;2026-03;476,0;2026-04-14;2026-04-23;Pago
7031;586;2026-04;907,83;2026-05-11;2026-05-22;Pago
7032;586;2026-05;2997,02;2026-06-10;;Pendente
7033;587;2025-07;2781,7;2025-07-21;2025-07-20;Pago
7034;587;2025-07;527,06;2025-08-21;2025-08-28;Pago
7035;587;2025-08;3691,22;2025-09-23;2025-10-08;Pago
7036;587;2025-09;3959,99;2025-10-11;2025-10-21;Pago
7037;587;2025-10;2155,28;2025-11-12;2025-11-20;Pago
7038;587;2025-11;1566,04;2025-12-22;2026-01-01;Pago
7039;587;2025-12;1973,67;2026-01-16;2026-01-28;Pago
7040;587;2026-01;475,52;2026-02-16;2026-02-18;Pago
7041;587;2026-02;997,87;2026-03-10;2026-03-17;Pago
7042;587;2026-03;2393,08;2026-04-12;2026-04-09;Pago
7043;587;2026-04;1932,29;2026-05-08;2026-05-23;Pago
7044;587;2026-05;1433,39;2026-06-09;2026-06-17;Pago
7045;588;2025-07;2166,69;2025-07-21;2025-07-27;Pago
7046;588;2025-07;2840,97;2025-08-18;2025-08-25;Pago
7047;588;2025-08;3480,82;2025-09-10;2025-09-25;Pago
7048;588;2025-09;2001,03;2025-10-11;2025-10-25;Pago
7049;588;2025-10;4169,49;2025-11-17;2025-11-22;Pago
7050;588;2025-11;1329,43;2025-12-23;2025-12-21;Pago
7051;588;2025-12;4096,38;2026-01-16;2026-01-28;Pago
7052;588;2026-01;1491,63;2026-02-13;2026-02-13;Pago
7053;588;2026-02;3065,91;2026-03-11;2026-03-09;Pago
7054;588;2026-03;2873,71;2026-04-12;2026-04-19;Pago
7055;588;2026-04;3739,73;2026-05-13;2026-05-27;Pago
7056;588;2026-05;4052,5;2026-06-15;2026-06-29;Pago
7057;589;2025-07;611,95;2025-07-23;2025-07-20;Pago
7058;589;2025-07;1300,8;2025-08-14;2025-08-18;Pago
7059;589;2025-08;2127,02;2025-09-11;2025-09-19;Pago
7060;589;2025-09;479,03;2025-10-12;2025-10-16;Pago
7061;589;2025-10;3951,81;2025-11-16;2025-11-17;Pago
7062;589;2025-11;3612,37;2025-12-12;2025-12-15;Pago
7063;589;2025-12;1660,04;2026-01-14;2026-01-28;Pago
7064;589;2026-01;1319,03;2026-02-09;2026-02-08;Pago
7065;589;2026-02;696,05;2026-03-18;2026-03-21;Pago
7066;589;2026-03;4421,33;2026-04-14;2026-04-26;Pago
7067;589;2026-04;1388,58;2026-05-22;2026-06-03;Pago
7068;589;2026-05;1095,78;2026-06-13;2026-06-28;Pago
7069;590;2025-07;1236,65;2025-07-12;;Pendente
7070;590;2025-07;3219,49;2025-08-22;2025-08-23;Pago
7071;590;2025-08;3432,42;2025-09-23;2025-10-04;Pago
7072;590;2025-09;4050,81;2025-10-13;;Pendente
7073;590;2025-10;4477,11;2025-11-18;2025-11-23;Pago
7074;590;2025-11;2915,98;2025-12-14;2025-12-16;Pago
7075;590;2025-12;2850,05;2026-01-18;2026-01-30;Pago
7076;590;2026-01;1223,65;2026-02-09;2026-02-24;Pago
7077;590;2026-02;3695,01;2026-03-15;2026-03-28;Pago
7078;590;2026-03;2438,6;2026-04-17;;Pendente
7079;590;2026-04;3495,03;2026-05-19;2026-05-23;Pago
7080;590;2026-05;3439,04;2026-06-20;;Pendente
7081;591;2025-07;3979,01;2025-07-22;2025-07-29;Pago
7082;591;2025-07;2119,4;2025-08-12;2025-08-23;Pago
7083;591;2025-08;3706,38;2025-09-20;2025-09-30;Pago
7084;591;2025-09;3880,22;2025-10-16;2025-10-19;Pago
7085;591;2025-10;4269,94;2025-11-21;2025-11-24;Pago
7086;591;2025-11;3622,51;2025-12-15;2025-12-26;Pago
7087;591;2025-12;1559,24;2026-01-12;2026-01-24;Pago
7088;591;2026-01;2252,31;2026-02-06;2026-02-03;Pago
7089;591;2026-02;1059,0;2026-03-19;2026-03-18;Pago
7090;591;2026-03;2121,07;2026-04-14;2026-04-12;Pago
7091;591;2026-04;3243,88;2026-05-19;2026-05-27;Pago
7092;591;2026-05;1445,19;2026-06-07;2026-06-07;Pago
7093;592;2025-07;2169,76;2025-07-15;2025-07-12;Pago
7094;592;2025-07;4355,09;2025-08-22;2025-08-31;Pago
7095;592;2025-08;1364,01;2025-09-22;2025-10-07;Pago
7096;592;2025-09;964,78;2025-10-18;2025-10-23;Pago
7097;592;2025-10;1813,74;2025-11-11;2025-11-12;Pago
7098;592;2025-11;814,47;2025-12-13;;Pendente
7099;592;2025-12;3792,86;2026-01-12;2026-01-11;Pago
7100;592;2026-01;3856,43;2026-02-18;2026-03-02;Pago
7101;592;2026-02;465,04;2026-03-11;2026-03-16;Pago
7102;592;2026-03;2895,11;2026-04-14;2026-04-26;Pago
7103;592;2026-04;2963,38;2026-05-12;2026-05-09;Pago
7104;592;2026-05;1721,85;2026-06-20;2026-06-21;Pago
7105;593;2025-07;3168,08;2025-07-13;2025-07-23;Pago
7106;593;2025-07;3475,46;2025-08-18;2025-08-19;Pago
7107;593;2025-08;1534,25;2025-09-09;2025-09-24;Pago
7108;593;2025-09;2194,6;2025-10-12;2025-10-19;Pago
7109;593;2025-10;1902,39;2025-11-09;2025-11-24;Pago
7110;593;2025-11;1450,64;2025-12-21;2025-12-30;Pago
7111;593;2025-12;2775,21;2026-01-22;2026-01-24;Pago
7112;593;2026-01;2372,52;2026-02-10;2026-02-13;Pago
7113;593;2026-02;783,2;2026-03-19;2026-03-21;Pago
7114;593;2026-03;4014,55;2026-04-07;2026-04-06;Pago
7115;593;2026-04;912,91;2026-05-21;2026-06-02;Pago
7116;593;2026-05;1905,46;2026-06-19;2026-07-03;Pago
7117;594;2025-07;971,37;2025-07-12;2025-07-20;Pago
7118;594;2025-07;2743,11;2025-08-22;2025-08-28;Pago
7119;594;2025-08;3884,7;2025-09-09;2025-09-11;Pago
7120;594;2025-09;3552,21;2025-10-20;2025-10-21;Pago
7121;594;2025-10;3171,52;2025-11-16;2025-11-16;Pago
7122;594;2025-11;1628,41;2025-12-12;2025-12-23;Pago
7123;594;2025-12;1812,08;2026-01-16;2026-01-24;Pago
7124;594;2026-01;786,32;2026-02-14;2026-02-19;Pago
7125;594;2026-02;3460,69;2026-03-16;;Pendente
7126;594;2026-03;848,06;2026-04-20;2026-05-02;Pago
7127;594;2026-04;3397,42;2026-05-20;;Pendente
7128;594;2026-05;3495,02;2026-06-13;2026-06-28;Pago
7129;595;2025-07;1707,51;2025-07-26;2025-08-06;Pago
7130;595;2025-07;2226,19;2025-08-15;2025-08-28;Pago
7131;595;2025-08;4275,35;2025-09-10;2025-09-10;Pago
7132;595;2025-09;3487,83;2025-10-23;2025-11-07;Pago
7133;595;2025-10;1298,96;2025-11-14;2025-11-16;Pago
7134;595;2025-11;4238,02;2025-12-15;;Pendente
7135;595;2025-12;3083,35;2026-01-18;2026-01-24;Pago
7136;595;2026-01;3951,01;2026-02-15;2026-02-14;Pago
7137;595;2026-02;2007,43;2026-03-21;;Pendente
7138;595;2026-03;2937,26;2026-04-18;2026-04-30;Pago
7139;595;2026-04;1213,58;2026-05-07;;Pendente
7140;595;2026-05;3749,57;2026-06-10;;Pendente
7141;596;2025-07;3554,82;2025-07-17;;Pendente
7142;596;2025-07;2869,39;2025-08-15;2025-08-23;Pago
7143;596;2025-08;3761,23;2025-09-24;2025-10-05;Pago
7144;596;2025-09;3975,22;2025-10-19;2025-11-03;Pago
7145;596;2025-10;3519,5;2025-11-10;2025-11-15;Pago
7146;596;2025-11;3604,02;2025-12-11;2025-12-16;Pago
7147;596;2025-12;649,4;2026-01-09;2026-01-16;Pago
7148;596;2026-01;3477,06;2026-02-10;2026-02-21;Pago
7149;596;2026-02;497,25;2026-03-11;2026-03-13;Pago
7150;596;2026-03;4081,09;2026-04-16;2026-04-16;Pago
7151;596;2026-04;1948,05;2026-05-10;;Pendente
7152;596;2026-05;3689,31;2026-06-14;2026-06-14;Pago
7153;597;2025-07;1278,36;2025-07-14;;Pendente
7154;597;2025-07;2192,21;2025-08-14;2025-08-21;Pago
7155;597;2025-08;4214,18;2025-09-20;2025-10-02;Pago
7156;597;2025-09;2779,7;2025-10-09;2025-10-21;Pago
7157;597;2025-10;3006,8;2025-11-08;2025-11-19;Pago
7158;597;2025-11;2129,3;2025-12-09;;Pendente
7159;597;2025-12;2032,75;2026-01-07;2026-01-10;Pago
7160;597;2026-01;1948,81;2026-02-10;2026-02-10;Pago
7161;597;2026-02;860,87;2026-03-11;2026-03-21;Pago
7162;597;2026-03;895,26;2026-04-11;2026-04-18;Pago
7163;597;2026-04;2546,78;2026-05-13;2026-05-13;Pago
7164;597;2026-05;1837,05;2026-06-06;2026-06-21;Pago
7165;598;2025-07;2948,39;2025-07-11;2025-07-18;Pago
7166;598;2025-07;1850,5;2025-08-11;2025-08-13;Pago
7167;598;2025-08;2616,82;2025-09-20;2025-09-17;Pago
7168;598;2025-09;523,82;2025-10-18;2025-10-24;Pago
7169;598;2025-10;4142,19;2025-11-08;2025-11-07;Pago
7170;598;2025-11;3790,09;2025-12-20;2026-01-01;Pago
7171;598;2025-12;3207,9;2026-01-14;2026-01-13;Pago
7172;598;2026-01;674,32;2026-02-10;2026-02-07;Pago
7173;598;2026-02;2160,85;2026-03-09;;Pendente
7174;598;2026-03;1400,8;2026-04-17;2026-04-30;Pago
7175;598;2026-04;1857,44;2026-05-17;2026-05-28;Pago
7176;598;2026-05;3566,38;2026-06-18;2026-07-02;Pago
7177;599;2025-07;2965,52;2025-07-14;2025-07-26;Pago
7178;599;2025-07;2662,67;2025-08-18;2025-08-17;Pago
7179;599;2025-08;711,53;2025-09-11;2025-09-09;Pago
7180;599;2025-09;4063,66;2025-10-09;2025-10-11;Pago
7181;599;2025-10;2470,51;2025-11-10;2025-11-11;Pago
7182;599;2025-11;3482,42;2025-12-21;2025-12-25;Pago
7183;599;2025-12;1440,47;2026-01-13;2026-01-28;Pago
7184;599;2026-01;1404,13;2026-02-14;;Pendente
7185;599;2026-02;2970,01;2026-03-15;2026-03-29;Pago
7186;599;2026-03;2331,55;2026-04-19;2026-04-27;Pago
7187;599;2026-04;2706,57;2026-05-08;2026-05-06;Pago
7188;599;2026-05;1639,4;2026-06-13;2026-06-12;Pago
7189;600;2025-07;1794,62;2025-07-16;2025-07-31;Pago
7190;600;2025-07;1041,43;2025-08-20;2025-08-25;Pago
7191;600;2025-08;1151,61;2025-09-13;2025-09-23;Pago
7192;600;2025-09;3558,98;2025-10-24;2025-10-24;Pago
7193;600;2025-10;2782,47;2025-11-17;2025-11-15;Pago
7194;600;2025-11;3847,79;2025-12-18;;Pendente
7195;600;2025-12;1867,5;2026-01-07;2026-01-12;Pago
7196;600;2026-01;1764,87;2026-02-10;2026-02-17;Pago
7197;600;2026-02;3708,27;2026-03-18;2026-03-29;Pago
7198;600;2026-03;2177,07;2026-04-11;2026-04-08;Pago
7199;600;2026-04;4497,44;2026-05-09;2026-05-13;Pago
7200;600;2026-05;2293,94;2026-06-15;2026-06-13;Pago
1098;92;2025-11;456,12;2025-12-20;;Pendente
6925;578;2025-07;1538,26;2025-07-20;2025-08-03;Pago
7043;587;2026-04;1932,29;2026-05-08;2026-05-23;Pago
7302;1;31/02/2026;818,41;2025-07-16;2025-07-28;Pago
7303;1;2025-07;-999,0;2025-07-16;2025-07-28;Pago
