documento_id,cliente_id,competencia,tipo_documento,data_solicitacao,data_recebimento,status
1,1,2025-07,Notas fiscais,2025-07-06,2025-06-29,Recebido
2,1,2025-07,Extratos,2025-08-02,,Pendente
3,1,2025-08,Extratos,2025-09-03,2025-08-31,Recebido
4,1,2025-09,Extratos,2025-10-09,2025-10-05,Recebido
5,1,2025-10,Folha,2025-11-06,2025-11-02,Recebido
6,1,2025-11,Notas fiscais,2025-12-01,2025-12-05,Recebido
7,1,2025-12,Folha,2026-01-03,2026-01-08,Recebido
8,1,2026-01,Documentos societários,2026-01-27,2026-02-03,Recebido
9,1,2026-02,Notas fiscais,2026-02-28,2026-02-23,Recebido
10,1,2026-03,Folha,2026-03-31,2026-03-26,Recebido
11,1,2026-04,Documentos societários,2026-05-11,2026-05-18,Recebido
12,1,2026-05,Documentos societários,2026-06-01,2026-06-04,Recebido
13,2,2025-07,Documentos societários,2025-07-13,2025-07-04,Recebido
14,2,2025-07,Folha,2025-08-02,2025-07-29,Recebido
15,2,2025-08,Extratos,2025-09-02,2025-09-02,Recebido
16,2,2025-09,Documentos societários,2025-10-03,2025-10-12,Recebido
17,2,2025-10,Extratos,2025-11-08,2025-11-10,Recebido
18,2,2025-11,Notas fiscais,2025-12-09,2025-12-09,Recebido
19,2,2025-12,Extratos,2026-01-08,2026-01-05,Recebido
20,2,2026-01,Notas fiscais,2026-02-02,2026-01-28,Recebido
21,2,2026-02,Extratos,2026-03-11,2026-03-13,Recebido
22,2,2026-03,Notas fiscais,2026-04-06,2026-04-10,Recebido
23,2,2026-04,Folha,2026-05-10,2026-04-30,Recebido
24,2,2026-05,Folha,2026-06-04,2026-05-26,Recebido
25,3,2025-07,Extratos,2025-07-01,2025-06-23,Recebido
26,3,2025-07,Folha,2025-08-12,2025-08-02,Recebido
27,3,2025-08,Documentos societários,2025-09-03,2025-09-02,Recebido
28,3,2025-09,Notas fiscais,2025-09-30,2025-10-06,Recebido
29,3,2025-10,Notas fiscais,2025-10-29,2025-10-26,Recebido
30,3,2025-11,Folha,2025-12-12,2025-12-07,Recebido
31,3,2025-12,Extratos,2026-01-10,2026-01-16,Recebido
32,3,2026-01,Documentos societários,2026-02-08,2026-02-17,Recebido
33,3,2026-02,Extratos,2026-02-26,2026-02-22,Recebido
34,3,2026-03,Extratos,2026-04-07,2026-03-30,Recebido
35,3,2026-04,Notas fiscais,2026-04-29,2026-04-30,Recebido
36,3,2026-05,Folha,2026-05-29,2026-05-27,Recebido
37,4,2025-07,Folha,2025-07-03,2025-07-05,Recebido
38,4,2025-07,Notas fiscais,2025-07-31,2025-08-09,Recebido
39,4,2025-08,Documentos societários,2025-09-14,2025-09-17,Recebido
40,4,2025-09,Documentos societários,2025-10-14,2025-10-10,Recebido
41,4,2025-10,Documentos societários,2025-11-09,2025-11-06,Recebido
42,4,2025-11,Extratos,2025-12-08,2025-12-06,Recebido
43,4,2025-12,Extratos,2025-12-28,2026-01-03,Recebido
44,4,2026-01,Documentos societários,2026-01-31,2026-02-04,Recebido
45,4,2026-02,Notas fiscais,2026-03-12,2026-03-06,Recebido
46,4,2026-03,Notas fiscais,2026-03-29,2026-03-27,Recebido
47,4,2026-04,Notas fiscais,2026-05-05,,Pendente
48,4,2026-05,Documentos societários,2026-05-29,2026-06-03,Recebido
49,5,2025-07,Extratos,2025-07-10,2025-07-16,Recebido
50,5,2025-07,Documentos societários,2025-08-11,2025-08-05,Recebido
51,5,2025-08,Documentos societários,2025-09-02,2025-09-05,Recebido
52,5,2025-09,Folha,2025-10-09,2025-10-03,Recebido
53,5,2025-10,Folha,2025-10-31,2025-11-03,Recebido
54,5,2025-11,Extratos,2025-11-29,2025-11-23,Recebido
55,5,2025-12,Folha,2026-01-04,,Pendente
56,5,2026-01,Documentos societários,2026-01-31,2026-02-06,Recebido
57,5,2026-02,Extratos,2026-02-28,2026-03-02,Recebido
58,5,2026-03,Documentos societários,2026-04-04,2026-03-30,Recebido
59,5,2026-04,Documentos societários,2026-05-02,2026-05-10,Recebido
60,5,2026-05,Extratos,2026-06-03,2026-06-10,Recebido
61,6,2025-07,Extratos,2025-07-09,2025-07-14,Recebido
62,6,2025-07,Extratos,2025-08-10,2025-08-19,Recebido
63,6,2025-08,Documentos societários,2025-09-07,2025-09-14,Recebido
64,6,2025-09,Documentos societários,2025-10-14,2025-10-21,Recebido
65,6,2025-10,Documentos societários,2025-11-11,2025-11-09,Recebido
66,6,2025-11,Folha,2025-12-11,2025-12-09,Recebido
67,6,2025-12,Notas fiscais,2026-01-09,2025-12-30,Recebido
68,6,2026-01,Folha,2026-01-28,2026-01-18,Recebido
69,6,2026-02,Folha,2026-02-28,2026-02-20,Recebido
70,6,2026-03,Notas fiscais,2026-04-11,2026-04-01,Recebido
71,6,2026-04,Extratos,2026-05-04,2026-05-08,Recebido
72,6,2026-05,Notas fiscais,2026-06-02,2026-05-30,Recebido
73,7,2025-07,Documentos societários,2025-07-16,2025-07-08,Recebido
74,7,2025-07,Notas fiscais,2025-08-02,2025-07-29,Recebido
75,7,2025-08,Extratos,2025-09-04,2025-09-07,Recebido
76,7,2025-09,Extratos,2025-10-11,2025-10-10,Recebido
77,7,2025-10,Notas fiscais,2025-11-04,2025-10-28,Recebido
78,7,2025-11,Documentos societários,2025-12-01,2025-12-10,Recebido
79,7,2025-12,Extratos,2026-01-11,2026-01-19,Recebido
80,7,2026-01,Folha,2026-02-01,2026-02-05,Recebido
81,7,2026-02,Documentos societários,2026-03-12,2026-03-11,Recebido
82,7,2026-03,Folha,2026-03-30,2026-04-02,Recebido
83,7,2026-04,Folha,2026-05-09,2026-05-17,Recebido
84,7,2026-05,Extratos,2026-06-06,2026-06-10,Recebido
85,8,2025-07,Folha,2025-07-03,2025-06-29,Recebido
86,8,2025-07,Extratos,2025-08-03,2025-08-07,Recebido
87,8,2025-08,Folha,2025-09-09,,Pendente
88,8,2025-09,Folha,2025-10-11,2025-10-03,Recebido
89,8,2025-10,Notas fiscais,2025-11-05,2025-11-11,Recebido
90,8,2025-11,Folha,2025-12-12,2025-12-17,Recebido
91,8,2025-12,Extratos,2026-01-01,2025-12-23,Recebido
92,8,2026-01,Extratos,2026-02-08,2026-01-31,Recebido
93,8,2026-02,Documentos societários,2026-03-10,2026-03-15,Recebido
94,8,2026-03,Notas fiscais,2026-03-31,2026-03-29,Recebido
95,8,2026-04,Extratos,2026-05-02,2026-05-05,Recebido
96,8,2026-05,Folha,2026-06-01,2026-05-31,Recebido
97,9,2025-07,Extratos,2025-07-14,2025-07-23,Recebido
98,9,2025-07,Notas fiscais,2025-08-05,,Pendente
99,9,2025-08,Extratos,2025-08-31,2025-08-31,Recebido
100,9,2025-09,Notas fiscais,2025-10-05,2025-10-12,Recebido
101,9,2025-10,Notas fiscais,2025-11-10,2025-11-12,Recebido
102,9,2025-11,Folha,2025-11-30,2025-11-20,Recebido
103,9,2025-12,Extratos,2026-01-05,2026-01-06,Recebido
104,9,2026-01,Documentos societários,2026-02-09,2026-01-31,Recebido
105,9,2026-02,Notas fiscais,2026-02-28,2026-03-02,Recebido
106,9,2026-03,Folha,2026-04-01,2026-03-31,Recebido
107,9,2026-04,Documentos societários,2026-05-09,2026-05-16,Recebido
108,9,2026-05,Documentos societários,2026-06-09,2026-06-04,Recebido
109,10,2025-07,Notas fiscais,2025-07-11,2025-07-18,Recebido
110,10,2025-07,Extratos,2025-08-03,,Pendente
111,10,2025-08,Extratos,2025-09-05,2025-09-14,Recebido
112,10,2025-09,Folha,2025-10-07,2025-10-07,Recebido
113,10,2025-10,Folha,2025-11-05,2025-10-30,Recebido
114,10,2025-11,Documentos societários,2025-12-07,2025-11-30,Recebido
115,10,2025-12,Extratos,2025-12-31,2025-12-28,Recebido
116,10,2026-01,Folha,2026-02-09,2026-02-04,Recebido
117,10,2026-02,Documentos societários,2026-03-10,,Pendente
118,10,2026-03,Extratos,2026-04-06,2026-04-07,Recebido
119,10,2026-04,Folha,2026-05-07,2026-05-10,Recebido
120,10,2026-05,Extratos,2026-06-11,2026-06-11,Recebido
121,11,2025-07,Documentos societários,2025-07-11,2025-07-03,Recebido
122,11,2025-07,Folha,2025-07-31,2025-07-24,Recebido
123,11,2025-08,Extratos,2025-08-31,2025-08-21,Recebido
124,11,2025-09,Documentos societários,2025-10-05,2025-09-27,Recebido
125,11,2025-10,Folha,2025-11-02,,Pendente
126,11,2025-11,Notas fiscais,2025-11-29,2025-12-04,Recebido
127,11,2025-12,Documentos societários,2026-01-06,2026-01-13,Recebido
128,11,2026-01,Extratos,2026-02-05,2026-02-08,Recebido
129,11,2026-02,Documentos societários,2026-03-11,2026-03-02,Recebido
130,11,2026-03,Extratos,2026-03-28,2026-03-19,Recebido
131,11,2026-04,Notas fiscais,2026-05-03,2026-05-12,Recebido
132,11,2026-05,Folha,2026-06-05,2026-05-29,Recebido
133,12,2025-07,Documentos societários,2025-07-11,2025-07-08,Recebido
134,12,2025-07,Documentos societários,2025-08-14,2025-08-05,Recebido
135,12,2025-08,Notas fiscais,2025-09-07,2025-08-28,Recebido
136,12,2025-09,Documentos societários,2025-09-29,2025-10-06,Recebido
137,12,2025-10,Documentos societários,2025-11-10,2025-11-09,Recebido
138,12,2025-11,Notas fiscais,2025-12-10,2025-12-06,Recebido
139,12,2025-12,Extratos,2026-01-12,2026-01-20,Recebido
140,12,2026-01,Notas fiscais,2026-02-03,2026-02-07,Recebido
141,12,2026-02,Documentos societários,2026-03-03,2026-03-10,Recebido
142,12,2026-03,Folha,2026-03-29,,Pendente
143,12,2026-04,Extratos,2026-05-12,2026-05-02,Recebido
144,12,2026-05,Documentos societários,2026-06-11,2026-06-08,Recebido
145,13,2025-07,Extratos,2025-07-02,,Pendente
146,13,2025-07,Documentos societários,2025-08-07,2025-08-12,Recebido
147,13,2025-08,Notas fiscais,2025-09-03,2025-08-31,Recebido
148,13,2025-09,Folha,2025-10-05,2025-10-09,Recebido
149,13,2025-10,Documentos societários,2025-11-06,2025-11-06,Recebido
150,13,2025-11,Documentos societários,2025-12-07,2025-12-01,Recebido
151,13,2025-12,Folha,2026-01-02,2025-12-25,Recebido
152,13,2026-01,Documentos societários,2026-01-28,,Pendente
153,13,2026-02,Folha,2026-03-04,2026-03-12,Recebido
154,13,2026-03,Extratos,2026-04-10,2026-04-06,Recebido
155,13,2026-04,Folha,2026-05-05,2026-05-08,Recebido
156,13,2026-05,Documentos societários,2026-06-03,2026-05-25,Recebido
157,14,2025-07,Folha,2025-07-14,2025-07-20,Recebido
158,14,2025-07,Folha,2025-08-12,2025-08-17,Recebido
159,14,2025-08,Extratos,2025-09-03,2025-09-03,Recebido
160,14,2025-09,Extratos,2025-10-05,2025-10-05,Recebido
161,14,2025-10,Folha,2025-11-02,,Pendente
162,14,2025-11,Extratos,2025-12-01,2025-12-09,Recebido
163,14,2025-12,Documentos societários,2026-01-05,2026-01-01,Recebido
164,14,2026-01,Notas fiscais,2026-02-08,,Pendente
165,14,2026-02,Folha,2026-03-01,2026-02-25,Recebido
166,14,2026-03,Folha,2026-03-29,2026-03-20,Recebido
167,14,2026-04,Extratos,2026-05-08,,Pendente
168,14,2026-05,Documentos societários,2026-06-04,2026-06-01,Recebido
169,15,2025-07,Documentos societários,2025-07-01,2025-07-04,Recebido
170,15,2025-07,Folha,2025-08-04,2025-08-06,Recebido
171,15,2025-08,Extratos,2025-09-09,2025-09-06,Recebido
172,15,2025-09,Notas fiscais,2025-10-09,2025-09-29,Recebido
173,15,2025-10,Documentos societários,2025-11-08,2025-11-06,Recebido
174,15,2025-11,Extratos,2025-12-13,2025-12-03,Recebido
175,15,2025-12,Folha,2025-12-29,2025-12-19,Recebido
176,15,2026-01,Notas fiscais,2026-01-30,2026-02-06,Recebido
177,15,2026-02,Folha,2026-02-28,2026-02-19,Recebido
178,15,2026-03,Extratos,2026-04-09,2026-04-14,Recebido
179,15,2026-04,Folha,2026-04-30,2026-05-05,Recebido
180,15,2026-05,Documentos societários,2026-06-01,,Pendente
181,16,2025-07,Folha,2025-07-12,2025-07-04,Recebido
182,16,2025-07,Documentos societários,2025-08-10,2025-08-11,Recebido
183,16,2025-08,Notas fiscais,2025-09-13,2025-09-12,Recebido
184,16,2025-09,Folha,2025-10-04,2025-09-24,Recebido
185,16,2025-10,Folha,2025-10-31,2025-10-31,Recebido
186,16,2025-11,Documentos societários,2025-12-05,2025-11-27,Recebido
187,16,2025-12,Folha,2026-01-07,,Pendente
188,16,2026-01,Documentos societários,2026-02-07,2026-02-07,Recebido
189,16,2026-02,Documentos societários,2026-03-04,2026-03-05,Recebido
190,16,2026-03,Notas fiscais,2026-04-12,2026-04-03,Recebido
191,16,2026-04,Folha,2026-05-11,2026-05-09,Recebido
192,16,2026-05,Documentos societários,2026-05-27,2026-05-23,Recebido
193,17,2025-07,Documentos societários,2025-07-12,2025-07-21,Recebido
194,17,2025-07,Extratos,2025-08-10,2025-08-16,Recebido
195,17,2025-08,Folha,2025-08-31,2025-08-28,Recebido
196,17,2025-09,Folha,2025-10-14,2025-10-14,Recebido
197,17,2025-10,Documentos societários,2025-11-10,,Pendente
198,17,2025-11,Extratos,2025-12-04,2025-11-24,Recebido
199,17,2025-12,Extratos,2026-01-02,2026-01-03,Recebido
200,17,2026-01,Extratos,2026-02-10,,Pendente
201,17,2026-02,Extratos,2026-03-03,2026-03-04,Recebido
202,17,2026-03,Folha,2026-03-30,,Pendente
203,17,2026-04,Notas fiscais,2026-04-29,2026-04-30,Recebido
204,17,2026-05,Extratos,2026-06-04,2026-06-08,Recebido
205,18,2025-07,Notas fiscais,2025-07-01,2025-07-03,Recebido
206,18,2025-07,Extratos,2025-08-06,2025-07-29,Recebido
207,18,2025-08,Folha,2025-09-14,2025-09-12,Recebido
208,18,2025-09,Extratos,2025-10-02,2025-09-24,Recebido
209,18,2025-10,Extratos,2025-11-01,2025-11-08,Recebido
210,18,2025-11,Documentos societários,2025-11-28,2025-11-20,Recebido
211,18,2025-12,Folha,2026-01-07,,Pendente
212,18,2026-01,Extratos,2026-02-08,2026-02-14,Recebido
213,18,2026-02,Notas fiscais,2026-03-01,2026-03-05,Recebido
214,18,2026-03,Documentos societários,2026-04-07,2026-04-09,Recebido
215,18,2026-04,Documentos societários,2026-04-30,2026-04-24,Recebido
216,18,2026-05,Notas fiscais,2026-05-31,2026-06-06,Recebido
217,19,2025-07,Notas fiscais,2025-07-15,,Pendente
218,19,2025-07,Extratos,2025-08-14,2025-08-04,Recebido
219,19,2025-08,Documentos societários,2025-08-31,2025-08-30,Recebido
220,19,2025-09,Notas fiscais,2025-10-08,2025-10-13,Recebido
221,19,2025-10,Extratos,2025-11-04,2025-10-26,Recebido
222,19,2025-11,Extratos,2025-11-28,2025-11-29,Recebido
223,19,2025-12,Documentos societários,2026-01-02,2025-12-28,Recebido
224,19,2026-01,Notas fiscais,2026-01-27,2026-01-28,Recebido
225,19,2026-02,Extratos,2026-03-02,2026-03-02,Recebido
226,19,2026-03,Extratos,2026-04-08,,Pendente
227,19,2026-04,Folha,2026-05-04,2026-05-09,Recebido
228,19,2026-05,Notas fiscais,2026-06-06,2026-06-09,Recebido
229,20,2025-07,Extratos,2025-07-09,2025-07-13,Recebido
230,20,2025-07,Notas fiscais,2025-08-03,2025-08-09,Recebido
231,20,2025-08,Folha,2025-09-04,2025-08-27,Recebido
232,20,2025-09,Folha,2025-10-02,2025-10-09,Recebido
233,20,2025-10,Extratos,2025-11-06,2025-11-13,Recebido
234,20,2025-11,Notas fiscais,2025-12-09,2025-12-15,Recebido
235,20,2025-12,Extratos,2025-12-31,2026-01-04,Recebido
236,20,2026-01,Documentos societários,2026-02-01,2026-02-05,Recebido
237,20,2026-02,Notas fiscais,2026-03-01,,Pendente
238,20,2026-03,Documentos societários,2026-03-30,2026-03-26,Recebido
239,20,2026-04,Notas fiscais,2026-04-27,2026-04-20,Recebido
240,20,2026-05,Folha,2026-06-07,2026-06-04,Recebido
241,21,2025-07,Folha,2025-07-15,2025-07-10,Recebido
242,21,2025-07,Extratos,2025-08-08,2025-08-08,Recebido
243,21,2025-08,Folha,2025-09-06,2025-09-15,Recebido
244,21,2025-09,Folha,2025-10-06,2025-09-27,Recebido
245,21,2025-10,Documentos societários,2025-11-03,2025-11-05,Recebido
246,21,2025-11,Documentos societários,2025-11-28,,Pendente
247,21,2025-12,Notas fiscais,2026-01-07,2026-01-02,Recebido
248,21,2026-01,Documentos societários,2026-02-07,,Pendente
249,21,2026-02,Documentos societários,2026-03-07,2026-03-16,Recebido
250,21,2026-03,Notas fiscais,2026-03-28,2026-03-20,Recebido
251,21,2026-04,Extratos,2026-04-29,2026-04-30,Recebido
252,21,2026-05,Extratos,2026-05-29,2026-05-19,Recebido
253,22,2025-07,Folha,2025-07-15,,Pendente
254,22,2025-07,Folha,2025-08-12,,Pendente
255,22,2025-08,Documentos societários,2025-09-14,2025-09-16,Recebido
256,22,2025-09,Notas fiscais,2025-10-12,2025-10-11,Recebido
257,22,2025-10,Extratos,2025-11-07,2025-10-28,Recebido
258,22,2025-11,Folha,2025-12-13,2025-12-03,Recebido
259,22,2025-12,Notas fiscais,2026-01-05,2026-01-08,Recebido
260,22,2026-01,Folha,2026-01-31,2026-02-09,Recebido
261,22,2026-02,Notas fiscais,2026-02-26,2026-03-02,Recebido
262,22,2026-03,Extratos,2026-04-03,2026-04-08,Recebido
263,22,2026-04,Folha,2026-05-01,2026-04-30,Recebido
264,22,2026-05,Documentos societários,2026-06-05,2026-06-14,Recebido
265,23,2025-07,Documentos societários,2025-07-08,2025-07-12,Recebido
266,23,2025-07,Documentos societários,2025-08-08,2025-08-02,Recebido
267,23,2025-08,Documentos societários,2025-09-06,2025-09-10,Recebido
268,23,2025-09,Folha,2025-10-08,,Pendente
269,23,2025-10,Folha,2025-11-13,2025-11-21,Recebido
270,23,2025-11,Notas fiscais,2025-12-13,2025-12-08,Recebido
271,23,2025-12,Notas fiscais,2026-01-08,2026-01-02,Recebido
272,23,2026-01,Documentos societários,2026-01-31,2026-01-31,Recebido
273,23,2026-02,Folha,2026-03-12,2026-03-06,Recebido
274,23,2026-03,Folha,2026-04-01,,Pendente
275,23,2026-04,Documentos societários,2026-05-02,2026-04-27,Recebido
276,23,2026-05,Folha,2026-06-01,2026-06-09,Recebido
277,24,2025-07,Folha,2025-07-12,2025-07-15,Recebido
278,24,2025-07,Documentos societários,2025-08-07,2025-08-05,Recebido
279,24,2025-08,Documentos societários,2025-09-05,2025-09-10,Recebido
280,24,2025-09,Extratos,2025-10-14,2025-10-08,Recebido
281,24,2025-10,Notas fiscais,2025-11-10,2025-11-19,Recebido
282,24,2025-11,Folha,2025-11-29,2025-12-01,Recebido
283,24,2025-12,Notas fiscais,2026-01-05,2026-01-03,Recebido
284,24,2026-01,Folha,2026-02-02,,Pendente
285,24,2026-02,Documentos societários,2026-03-02,2026-03-04,Recebido
286,24,2026-03,Folha,2026-04-02,2026-03-25,Recebido
287,24,2026-04,Documentos societários,2026-04-27,2026-05-04,Recebido
288,24,2026-05,Folha,2026-05-28,2026-06-03,Recebido
289,25,2025-07,Folha,2025-07-05,2025-07-13,Recebido
290,25,2025-07,Folha,2025-08-06,2025-08-14,Recebido
291,25,2025-08,Extratos,2025-09-02,2025-08-24,Recebido
292,25,2025-09,Extratos,2025-10-07,2025-10-03,Recebido
293,25,2025-10,Documentos societários,2025-11-06,2025-11-15,Recebido
294,25,2025-11,Documentos societários,2025-12-07,2025-12-11,Recebido
295,25,2025-12,Folha,2025-12-29,,Pendente
296,25,2026-01,Documentos societários,2026-02-10,2026-02-08,Recebido
297,25,2026-02,Extratos,2026-03-03,2026-03-12,Recebido
298,25,2026-03,Extratos,2026-03-28,2026-03-19,Recebido
299,25,2026-04,Folha,2026-05-06,2026-05-03,Recebido
300,25,2026-05,Folha,2026-05-31,2026-05-26,Recebido
301,26,2025-07,Extratos,2025-07-10,2025-07-05,Recebido
302,26,2025-07,Documentos societários,2025-08-11,2025-08-05,Recebido
303,26,2025-08,Documentos societários,2025-09-08,2025-08-31,Recebido
304,26,2025-09,Extratos,2025-10-10,2025-10-14,Recebido
305,26,2025-10,Folha,2025-11-04,2025-11-08,Recebido
306,26,2025-11,Extratos,2025-12-02,,Pendente
307,26,2025-12,Folha,2026-01-11,2026-01-03,Recebido
308,26,2026-01,Folha,2026-01-29,2026-01-25,Recebido
309,26,2026-02,Documentos societários,2026-03-02,2026-02-20,Recebido
310,26,2026-03,Documentos societários,2026-03-31,2026-04-09,Recebido
311,26,2026-04,Folha,2026-05-03,2026-05-04,Recebido
312,26,2026-05,Folha,2026-05-27,2026-06-04,Recebido
313,27,2025-07,Documentos societários,2025-07-04,2025-07-12,Recebido
314,27,2025-07,Extratos,2025-08-02,2025-07-24,Recebido
315,27,2025-08,Notas fiscais,2025-09-08,2025-09-16,Recebido
316,27,2025-09,Documentos societários,2025-10-04,2025-09-24,Recebido
317,27,2025-10,Folha,2025-11-12,2025-11-06,Recebido
318,27,2025-11,Extratos,2025-12-06,2025-12-07,Recebido
319,27,2025-12,Notas fiscais,2026-01-06,,Pendente
320,27,2026-01,Extratos,2026-02-06,2026-02-15,Recebido
321,27,2026-02,Notas fiscais,2026-03-02,,Pendente
322,27,2026-03,Documentos societários,2026-04-03,2026-03-27,Recebido
323,27,2026-04,Folha,2026-05-11,2026-05-18,Recebido
324,27,2026-05,Extratos,2026-06-02,2026-05-30,Recebido
325,28,2025-07,Extratos,2025-07-12,2025-07-07,Recebido
326,28,2025-07,Folha,2025-08-11,2025-08-01,Recebido
327,28,2025-08,Documentos societários,2025-09-11,2025-09-01,Recebido
328,28,2025-09,Documentos societários,2025-10-01,2025-09-26,Recebido
329,28,2025-10,Extratos,2025-11-01,2025-10-27,Recebido
330,28,2025-11,Folha,2025-12-08,2025-11-28,Recebido
331,28,2025-12,Documentos societários,2025-12-31,2025-12-29,Recebido
332,28,2026-01,Folha,2026-01-30,2026-01-27,Recebido
333,28,2026-02,Notas fiscais,2026-03-07,2026-03-05,Recebido
334,28,2026-03,Documentos societários,2026-04-08,2026-04-02,Recebido
335,28,2026-04,Documentos societários,2026-05-03,2026-04-29,Recebido
336,28,2026-05,Extratos,2026-06-03,2026-05-26,Recebido
337,29,2025-07,Notas fiscais,2025-07-04,2025-06-28,Recebido
338,29,2025-07,Documentos societários,2025-08-05,2025-08-01,Recebido
339,29,2025-08,Documentos societários,2025-09-11,2025-09-05,Recebido
340,29,2025-09,Extratos,2025-10-10,2025-10-05,Recebido
341,29,2025-10,Extratos,2025-11-10,2025-11-09,Recebido
342,29,2025-11,Folha,2025-12-06,,Pendente
343,29,2025-12,Documentos societários,2026-01-10,2026-01-08,Recebido
344,29,2026-01,Notas fiscais,2026-01-31,2026-01-31,Recebido
345,29,2026-02,Notas fiscais,2026-03-04,,Pendente
346,29,2026-03,Notas fiscais,2026-03-31,2026-03-27,Recebido
347,29,2026-04,Notas fiscais,2026-04-28,2026-05-02,Recebido
348,29,2026-05,Extratos,2026-06-06,2026-06-11,Recebido
349,30,2025-07,Notas fiscais,2025-07-10,2025-07-03,Recebido
350,30,2025-07,Notas fiscais,2025-08-03,2025-08-07,Recebido
351,30,2025-08,Notas fiscais,2025-09-12,2025-09-19,Recebido
352,30,2025-09,Extratos,2025-10-14,2025-10-05,Recebido
353,30,2025-10,Notas fiscais,2025-11-09,2025-11-07,Recebido
354,30,2025-11,Folha,2025-11-28,2025-11-20,Recebido
355,30,2025-12,Notas fiscais,2025-12-31,2025-12-25,Recebido
356,30,2026-01,Notas fiscais,2026-02-07,2026-02-13,Recebido
357,30,2026-02,Documentos societários,2026-03-03,2026-03-03,Recebido
358,30,2026-03,Documentos societários,2026-04-07,2026-03-28,Recebido
359,30,2026-04,Folha,2026-05-01,2026-05-09,Recebido
360,30,2026-05,Folha,2026-06-01,2026-06-07,Recebido
361,31,2025-07,Extratos,2025-07-09,2025-07-05,Recebido
362,31,2025-07,Extratos,2025-08-12,2025-08-06,Recebido
363,31,2025-08,Notas fiscais,2025-09-02,2025-08-26,Recebido
364,31,2025-09,Folha,2025-10-08,2025-10-14,Recebido
365,31,2025-10,Extratos,2025-11-12,2025-11-05,Recebido
366,31,2025-11,Extratos,2025-12-03,2025-12-11,Recebido
367,31,2025-12,Extratos,2026-01-01,2026-01-10,Recebido
368,31,2026-01,Extratos,2026-02-04,2026-02-09,Recebido
369,31,2026-02,Extratos,2026-03-06,2026-03-15,Recebido
370,31,2026-03,Extratos,2026-03-31,,Pendente
371,31,2026-04,Notas fiscais,2026-05-01,2026-05-06,Recebido
372,31,2026-05,Extratos,2026-06-03,2026-06-04,Recebido
373,32,2025-07,Documentos societários,2025-07-09,2025-07-18,Recebido
374,32,2025-07,Notas fiscais,2025-08-05,,Pendente
375,32,2025-08,Documentos societários,2025-09-03,2025-09-05,Recebido
376,32,2025-09,Notas fiscais,2025-10-01,2025-09-25,Recebido
377,32,2025-10,Notas fiscais,2025-10-29,2025-11-01,Recebido
378,32,2025-11,Extratos,2025-12-03,2025-11-26,Recebido
379,32,2025-12,Documentos societários,2026-01-08,2025-12-29,Recebido
380,32,2026-01,Folha,2026-02-06,2026-02-12,Recebido
381,32,2026-02,Folha,2026-03-07,2026-03-15,Recebido
382,32,2026-03,Documentos societários,2026-03-28,2026-03-30,Recebido
383,32,2026-04,Notas fiscais,2026-05-12,2026-05-12,Recebido
384,32,2026-05,Folha,2026-06-01,2026-05-28,Recebido
385,33,2025-07,Folha,2025-07-07,2025-07-10,Recebido
386,33,2025-07,Extratos,2025-08-07,2025-08-07,Recebido
387,33,2025-08,Documentos societários,2025-09-08,2025-09-14,Recebido
388,33,2025-09,Documentos societários,2025-10-09,,Pendente
389,33,2025-10,Documentos societários,2025-11-10,2025-11-06,Recebido
390,33,2025-11,Notas fiscais,2025-12-07,,Pendente
391,33,2025-12,Notas fiscais,2025-12-28,2026-01-01,Recebido
392,33,2026-01,Folha,2026-02-08,2026-02-03,Recebido
393,33,2026-02,Notas fiscais,2026-03-02,,Pendente
394,33,2026-03,Folha,2026-04-12,2026-04-10,Recebido
395,33,2026-04,Folha,2026-05-05,2026-04-26,Recebido
396,33,2026-05,Notas fiscais,2026-06-11,2026-06-19,Recebido
397,34,2025-07,Notas fiscais,2025-07-03,2025-07-03,Recebido
398,34,2025-07,Notas fiscais,2025-08-02,2025-07-24,Recebido
399,34,2025-08,Extratos,2025-09-13,2025-09-11,Recebido
400,34,2025-09,Notas fiscais,2025-09-30,2025-10-02,Recebido
401,34,2025-10,Folha,2025-11-13,2025-11-08,Recebido
402,34,2025-11,Folha,2025-12-07,2025-11-30,Recebido
403,34,2025-12,Notas fiscais,2026-01-08,,Pendente
404,34,2026-01,Documentos societários,2026-02-10,2026-02-11,Recebido
405,34,2026-02,Notas fiscais,2026-03-02,,Pendente
406,34,2026-03,Documentos societários,2026-03-28,2026-03-25,Recebido
407,34,2026-04,Extratos,2026-05-01,2026-04-27,Recebido
408,34,2026-05,Notas fiscais,2026-05-27,2026-06-03,Recebido
409,35,2025-07,Folha,2025-07-10,2025-07-17,Recebido
410,35,2025-07,Documentos societários,2025-08-08,2025-08-10,Recebido
411,35,2025-08,Notas fiscais,2025-09-07,,Pendente
412,35,2025-09,Extratos,2025-10-03,2025-10-08,Recebido
413,35,2025-10,Folha,2025-11-04,2025-11-13,Recebido
414,35,2025-11,Extratos,2025-12-10,2025-12-11,Recebido
415,35,2025-12,Documentos societários,2025-12-29,2026-01-02,Recebido
416,35,2026-01,Folha,2026-02-08,2026-01-31,Recebido
417,35,2026-02,Folha,2026-03-10,2026-03-15,Recebido
418,35,2026-03,Extratos,2026-04-11,2026-04-20,Recebido
419,35,2026-04,Notas fiscais,2026-05-11,2026-05-11,Recebido
420,35,2026-05,Extratos,2026-05-31,2026-06-09,Recebido
421,36,2025-07,Folha,2025-07-14,,Pendente
422,36,2025-07,Documentos societários,2025-08-09,2025-08-10,Recebido
423,36,2025-08,Documentos societários,2025-09-11,2025-09-04,Recebido
424,36,2025-09,Notas fiscais,2025-09-30,,Pendente
425,36,2025-10,Documentos societários,2025-11-05,2025-10-26,Recebido
426,36,2025-11,Extratos,2025-12-08,2025-12-10,Recebido
427,36,2025-12,Folha,2026-01-01,,Pendente
428,36,2026-01,Extratos,2026-01-30,2026-01-31,Recebido
429,36,2026-02,Folha,2026-03-08,2026-03-16,Recebido
430,36,2026-03,Documentos societários,2026-03-29,2026-03-22,Recebido
431,36,2026-04,Notas fiscais,2026-05-07,2026-05-14,Recebido
432,36,2026-05,Documentos societários,2026-06-10,2026-06-15,Recebido
433,37,2025-07,Notas fiscais,2025-07-06,,Pendente
434,37,2025-07,Documentos societários,2025-08-11,2025-08-17,Recebido
435,37,2025-08,Folha,2025-09-05,2025-09-09,Recebido
436,37,2025-09,Notas fiscais,2025-10-11,2025-10-18,Recebido
437,37,2025-10,Folha,2025-11-07,,Pendente
438,37,2025-11,Extratos,2025-11-28,2025-12-06,Recebido
439,37,2025-12,Folha,2026-01-02,2025-12-31,Recebido
440,37,2026-01,Folha,2026-02-11,2026-02-18,Recebido
441,37,2026-02,Notas fiscais,2026-03-10,2026-03-05,Recebido
442,37,2026-03,Folha,2026-04-11,,Pendente
443,37,2026-04,Folha,2026-05-01,2026-05-06,Recebido
444,37,2026-05,Extratos,2026-06-01,2026-06-06,Recebido
445,38,2025-07,Documentos societários,2025-07-12,2025-07-21,Recebido
446,38,2025-07,Extratos,2025-08-13,2025-08-04,Recebido
447,38,2025-08,Documentos societários,2025-09-07,2025-09-07,Recebido
448,38,2025-09,Notas fiscais,2025-09-30,2025-09-26,Recebido
449,38,2025-10,Folha,2025-11-12,2025-11-09,Recebido
450,38,2025-11,Folha,2025-12-12,2025-12-21,Recebido
451,38,2025-12,Extratos,2026-01-10,2026-01-14,Recebido
452,38,2026-01,Notas fiscais,2026-01-30,2026-01-22,Recebido
453,38,2026-02,Extratos,2026-03-07,2026-03-10,Recebido
454,38,2026-03,Extratos,2026-04-01,2026-04-07,Recebido
455,38,2026-04,Extratos,2026-05-11,2026-05-03,Recebido
456,38,2026-05,Folha,2026-06-01,2026-05-24,Recebido
457,39,2025-07,Documentos societários,2025-07-11,2025-07-17,Recebido
458,39,2025-07,Notas fiscais,2025-08-09,2025-08-02,Recebido
459,39,2025-08,Extratos,2025-09-13,2025-09-18,Recebido
460,39,2025-09,Documentos societários,2025-10-13,2025-10-10,Recebido
461,39,2025-10,Documentos societários,2025-10-29,2025-10-25,Recebido
462,39,2025-11,Documentos societários,2025-12-04,2025-12-10,Recebido
463,39,2025-12,Documentos societários,2026-01-12,2026-01-21,Recebido
464,39,2026-01,Notas fiscais,2026-02-03,2026-01-29,Recebido
465,39,2026-02,Notas fiscais,2026-03-04,2026-02-22,Recebido
466,39,2026-03,Extratos,2026-03-30,2026-03-23,Recebido
467,39,2026-04,Folha,2026-05-12,,Pendente
468,39,2026-05,Notas fiscais,2026-06-08,2026-06-11,Recebido
469,40,2025-07,Extratos,2025-07-04,2025-07-10,Recebido
470,40,2025-07,Notas fiscais,2025-08-07,2025-08-15,Recebido
471,40,2025-08,Extratos,2025-09-10,2025-09-17,Recebido
472,40,2025-09,Folha,2025-10-02,2025-09-27,Recebido
473,40,2025-10,Notas fiscais,2025-11-07,2025-11-06,Recebido
474,40,2025-11,Documentos societários,2025-12-02,2025-12-06,Recebido
475,40,2025-12,Notas fiscais,2026-01-11,2026-01-12,Recebido
476,40,2026-01,Notas fiscais,2026-01-29,2026-01-24,Recebido
477,40,2026-02,Folha,2026-03-07,2026-03-08,Recebido
478,40,2026-03,Notas fiscais,2026-04-12,2026-04-12,Recebido
479,40,2026-04,Extratos,2026-05-02,2026-05-04,Recebido
480,40,2026-05,Notas fiscais,2026-06-04,2026-06-12,Recebido
481,41,2025-07,Extratos,2025-07-13,2025-07-14,Recebido
482,41,2025-07,Folha,2025-08-01,2025-07-31,Recebido
483,41,2025-08,Documentos societários,2025-09-01,2025-08-24,Recebido
484,41,2025-09,Documentos societários,2025-10-03,2025-10-11,Recebido
485,41,2025-10,Extratos,2025-11-07,2025-11-02,Recebido
486,41,2025-11,Notas fiscais,2025-12-10,2025-12-08,Recebido
487,41,2025-12,Folha,2026-01-11,,Pendente
488,41,2026-01,Extratos,2026-01-29,2026-01-22,Recebido
489,41,2026-02,Documentos societários,2026-03-02,2026-02-24,Recebido
490,41,2026-03,Notas fiscais,2026-03-28,2026-04-06,Recebido
491,41,2026-04,Folha,2026-05-05,2026-04-29,Recebido
492,41,2026-05,Documentos societários,2026-06-04,2026-06-13,Recebido
493,42,2025-07,Extratos,2025-07-15,2025-07-15,Recebido
494,42,2025-07,Documentos societários,2025-07-31,2025-08-07,Recebido
495,42,2025-08,Notas fiscais,2025-09-10,2025-09-18,Recebido
496,42,2025-09,Notas fiscais,2025-10-08,2025-10-14,Recebido
497,42,2025-10,Notas fiscais,2025-11-09,2025-11-16,Recebido
498,42,2025-11,Documentos societários,2025-12-11,2025-12-17,Recebido
499,42,2025-12,Folha,2026-01-02,2026-01-01,Recebido
500,42,2026-01,Notas fiscais,2026-02-08,2026-02-13,Recebido
501,42,2026-02,Documentos societários,2026-03-08,2026-02-26,Recebido
502,42,2026-03,Extratos,2026-03-29,2026-04-07,Recebido
503,42,2026-04,Extratos,2026-04-28,2026-04-30,Recebido
504,42,2026-05,Folha,2026-06-06,2026-06-05,Recebido
505,43,2025-07,Notas fiscais,2025-07-12,2025-07-20,Recebido
506,43,2025-07,Folha,2025-08-04,,Pendente
507,43,2025-08,Extratos,2025-09-10,2025-09-17,Recebido
508,43,2025-09,Notas fiscais,2025-10-05,2025-10-11,Recebido
509,43,2025-10,Extratos,2025-11-08,,Pendente
510,43,2025-11,Folha,2025-12-12,2025-12-10,Recebido
511,43,2025-12,Folha,2026-01-05,2026-01-05,Recebido
512,43,2026-01,Notas fiscais,2026-01-27,,Pendente
513,43,2026-02,Notas fiscais,2026-03-06,2026-02-27,Recebido
514,43,2026-03,Extratos,2026-03-28,2026-03-18,Recebido
515,43,2026-04,Folha,2026-05-08,,Pendente
516,43,2026-05,Extratos,2026-06-03,,Pendente
517,44,2025-07,Extratos,2025-07-03,2025-06-25,Recebido
518,44,2025-07,Extratos,2025-08-13,2025-08-08,Recebido
519,44,2025-08,Documentos societários,2025-08-30,,Pendente
520,44,2025-09,Folha,2025-10-02,2025-10-04,Recebido
521,44,2025-10,Folha,2025-11-04,2025-11-11,Recebido
522,44,2025-11,Notas fiscais,2025-12-02,2025-12-01,Recebido
523,44,2025-12,Folha,2026-01-05,2026-01-02,Recebido
524,44,2026-01,Documentos societários,2026-02-03,2026-02-08,Recebido
525,44,2026-02,Notas fiscais,2026-03-10,2026-03-10,Recebido
526,44,2026-03,Documentos societários,2026-04-04,2026-03-26,Recebido
527,44,2026-04,Notas fiscais,2026-05-05,2026-05-12,Recebido
528,44,2026-05,Notas fiscais,2026-06-04,2026-06-04,Recebido
529,45,2025-07,Documentos societários,2025-07-15,2025-07-12,Recebido
530,45,2025-07,Notas fiscais,2025-08-15,2025-08-22,Recebido
531,45,2025-08,Folha,2025-09-10,2025-09-07,Recebido
532,45,2025-09,Documentos societários,2025-09-30,2025-10-01,Recebido
533,45,2025-10,Folha,2025-11-09,2025-11-16,Recebido
534,45,2025-11,Documentos societários,2025-12-05,2025-12-03,Recebido
535,45,2025-12,Folha,2026-01-09,,Pendente
536,45,2026-01,Extratos,2026-02-03,2026-02-11,Recebido
537,45,2026-02,Notas fiscais,2026-02-26,2026-03-02,Recebido
538,45,2026-03,Notas fiscais,2026-04-04,2026-03-31,Recebido
539,45,2026-04,Folha,2026-05-06,2026-05-10,Recebido
540,45,2026-05,Documentos societários,2026-06-01,2026-05-22,Recebido
541,46,2025-07,Notas fiscais,2025-07-10,2025-07-04,Recebido
542,46,2025-07,Extratos,2025-08-13,2025-08-20,Recebido
543,46,2025-08,Documentos societários,2025-09-14,2025-09-22,Recebido
544,46,2025-09,Notas fiscais,2025-10-03,2025-09-23,Recebido
545,46,2025-10,Notas fiscais,2025-11-04,2025-10-26,Recebido
546,46,2025-11,Extratos,2025-12-04,2025-11-24,Recebido
547,46,2025-12,Extratos,2025-12-29,2025-12-20,Recebido
548,46,2026-01,Folha,2026-02-02,2026-02-10,Recebido
549,46,2026-02,Documentos societários,2026-03-10,2026-03-01,Recebido
550,46,2026-03,Notas fiscais,2026-04-05,2026-04-04,Recebido
551,46,2026-04,Notas fiscais,2026-05-07,2026-05-08,Recebido
552,46,2026-05,Documentos societários,2026-06-06,,Pendente
553,47,2025-07,Notas fiscais,2025-07-04,2025-07-06,Recebido
554,47,2025-07,Notas fiscais,2025-08-09,,Pendente
555,47,2025-08,Folha,2025-09-01,2025-08-30,Recebido
556,47,2025-09,Notas fiscais,2025-10-11,2025-10-04,Recebido
557,47,2025-10,Extratos,2025-11-03,2025-10-31,Recebido
558,47,2025-11,Notas fiscais,2025-11-28,2025-12-05,Recebido
559,47,2025-12,Notas fiscais,2025-12-30,2025-12-26,Recebido
560,47,2026-01,Extratos,2026-01-27,2026-02-01,Recebido
561,47,2026-02,Extratos,2026-03-08,2026-03-10,Recebido
562,47,2026-03,Extratos,2026-03-31,2026-04-08,Recebido
563,47,2026-04,Documentos societários,2026-05-05,2026-05-07,Recebido
564,47,2026-05,Folha,2026-05-28,2026-05-19,Recebido
565,48,2025-07,Folha,2025-07-14,2025-07-22,Recebido
566,48,2025-07,Documentos societários,2025-08-15,,Pendente
567,48,2025-08,Extratos,2025-09-10,,Pendente
568,48,2025-09,Documentos societários,2025-10-05,,Pendente
569,48,2025-10,Documentos societários,2025-10-30,2025-11-01,Recebido
570,48,2025-11,Extratos,2025-12-05,2025-11-26,Recebido
571,48,2025-12,Folha,2025-12-31,2025-12-30,Recebido
572,48,2026-01,Folha,2026-02-06,2026-02-03,Recebido
573,48,2026-02,Documentos societários,2026-03-07,2026-03-08,Recebido
574,48,2026-03,Documentos societários,2026-03-29,2026-03-27,Recebido
575,48,2026-04,Documentos societários,2026-04-27,2026-04-25,Recebido
576,48,2026-05,Extratos,2026-06-05,2026-06-02,Recebido
577,49,2025-07,Folha,2025-07-06,2025-06-26,Recebido
578,49,2025-07,Extratos,2025-08-06,2025-07-31,Recebido
579,49,2025-08,Folha,2025-09-09,2025-08-31,Recebido
580,49,2025-09,Extratos,2025-10-05,2025-10-02,Recebido
581,49,2025-10,Folha,2025-11-04,2025-10-29,Recebido
582,49,2025-11,Documentos societários,2025-11-28,2025-11-30,Recebido
583,49,2025-12,Folha,2026-01-08,2026-01-14,Recebido
584,49,2026-01,Folha,2026-02-05,2026-02-03,Recebido
585,49,2026-02,Extratos,2026-03-03,,Pendente
586,49,2026-03,Folha,2026-04-04,,Pendente
587,49,2026-04,Notas fiscais,2026-05-05,2026-04-29,Recebido
588,49,2026-05,Notas fiscais,2026-06-03,2026-05-25,Recebido
589,50,2025-07,Notas fiscais,2025-07-09,2025-07-06,Recebido
590,50,2025-07,Documentos societários,2025-08-08,2025-08-14,Recebido
591,50,2025-08,Notas fiscais,2025-09-08,2025-09-05,Recebido
592,50,2025-09,Documentos societários,2025-10-08,,Pendente
593,50,2025-10,Folha,2025-11-09,2025-11-14,Recebido
594,50,2025-11,Extratos,2025-12-03,2025-12-06,Recebido
595,50,2025-12,Folha,2026-01-04,2026-01-07,Recebido
596,50,2026-01,Documentos societários,2026-02-09,,Pendente
597,50,2026-02,Documentos societários,2026-02-27,,Pendente
598,50,2026-03,Extratos,2026-04-02,2026-03-28,Recebido
599,50,2026-04,Extratos,2026-05-12,2026-05-04,Recebido
600,50,2026-05,Notas fiscais,2026-06-04,2026-05-31,Recebido
601,51,2025-07,Extratos,2025-07-03,2025-07-09,Recebido
602,51,2025-07,Folha,2025-08-12,2025-08-11,Recebido
603,51,2025-08,Folha,2025-09-04,2025-09-11,Recebido
604,51,2025-09,Notas fiscais,2025-10-11,2025-10-01,Recebido
605,51,2025-10,Documentos societários,2025-11-03,2025-10-28,Recebido
606,51,2025-11,Documentos societários,2025-12-10,,Pendente
607,51,2025-12,Documentos societários,2026-01-01,2026-01-10,Recebido
608,51,2026-01,Documentos societários,2026-02-10,,Pendente
609,51,2026-02,Folha,2026-03-07,2026-03-05,Recebido
610,51,2026-03,Extratos,2026-04-10,2026-04-03,Recebido
611,51,2026-04,Folha,2026-04-27,2026-05-01,Recebido
612,51,2026-05,Notas fiscais,2026-06-07,2026-06-03,Recebido
613,52,2025-07,Notas fiscais,2025-07-01,,Pendente
614,52,2025-07,Documentos societários,2025-08-02,2025-07-23,Recebido
615,52,2025-08,Folha,2025-09-04,2025-09-04,Recebido
616,52,2025-09,Notas fiscais,2025-10-12,2025-10-15,Recebido
617,52,2025-10,Extratos,2025-11-06,2025-11-14,Recebido
618,52,2025-11,Documentos societários,2025-12-13,,Pendente
619,52,2025-12,Extratos,2026-01-11,,Pendente
620,52,2026-01,Extratos,2026-02-02,2026-01-30,Recebido
621,52,2026-02,Extratos,2026-03-08,2026-03-10,Recebido
622,52,2026-03,Documentos societários,2026-04-02,2026-04-06,Recebido
623,52,2026-04,Folha,2026-05-03,2026-05-04,Recebido
624,52,2026-05,Documentos societários,2026-05-31,2026-06-06,Recebido
625,53,2025-07,Extratos,2025-07-02,2025-07-07,Recebido
626,53,2025-07,Extratos,2025-08-06,2025-08-08,Recebido
627,53,2025-08,Documentos societários,2025-09-09,2025-09-09,Recebido
628,53,2025-09,Folha,2025-09-29,2025-10-04,Recebido
629,53,2025-10,Extratos,2025-11-11,,Pendente
630,53,2025-11,Notas fiscais,2025-12-11,2025-12-14,Recebido
631,53,2025-12,Documentos societários,2026-01-01,2026-01-03,Recebido
632,53,2026-01,Extratos,2026-01-30,2026-01-26,Recebido
633,53,2026-02,Notas fiscais,2026-03-09,2026-03-04,Recebido
634,53,2026-03,Folha,2026-04-03,2026-03-29,Recebido
635,53,2026-04,Notas fiscais,2026-04-27,2026-04-18,Recebido
636,53,2026-05,Folha,2026-06-11,2026-06-20,Recebido
637,54,2025-07,Documentos societários,2025-07-08,2025-07-17,Recebido
638,54,2025-07,Documentos societários,2025-07-31,2025-07-22,Recebido
639,54,2025-08,Folha,2025-09-07,2025-09-04,Recebido
640,54,2025-09,Notas fiscais,2025-10-07,2025-10-16,Recebido
641,54,2025-10,Documentos societários,2025-11-12,2025-11-10,Recebido
642,54,2025-11,Extratos,2025-12-03,2025-12-12,Recebido
643,54,2025-12,Extratos,2026-01-07,2025-12-30,Recebido
644,54,2026-01,Documentos societários,2026-02-01,2026-01-25,Recebido
645,54,2026-02,Extratos,2026-02-27,2026-02-25,Recebido
646,54,2026-03,Extratos,2026-03-29,2026-03-20,Recebido
647,54,2026-04,Folha,2026-05-06,2026-04-26,Recebido
648,54,2026-05,Folha,2026-05-28,2026-05-24,Recebido
649,55,2025-07,Notas fiscais,2025-07-02,2025-06-24,Recebido
650,55,2025-07,Extratos,2025-08-12,2025-08-05,Recebido
651,55,2025-08,Extratos,2025-09-08,2025-09-13,Recebido
652,55,2025-09,Documentos societários,2025-10-13,2025-10-20,Recebido
653,55,2025-10,Folha,2025-10-31,2025-11-04,Recebido
654,55,2025-11,Folha,2025-12-12,2025-12-21,Recebido
655,55,2025-12,Notas fiscais,2026-01-03,2025-12-26,Recebido
656,55,2026-01,Folha,2026-02-04,2026-01-31,Recebido
657,55,2026-02,Extratos,2026-03-02,2026-02-24,Recebido
658,55,2026-03,Documentos societários,2026-04-07,2026-03-31,Recebido
659,55,2026-04,Notas fiscais,2026-04-27,2026-04-29,Recebido
660,55,2026-05,Documentos societários,2026-06-09,2026-06-04,Recebido
661,56,2025-07,Notas fiscais,2025-07-15,2025-07-12,Recebido
662,56,2025-07,Extratos,2025-08-14,2025-08-23,Recebido
663,56,2025-08,Documentos societários,2025-08-31,2025-09-08,Recebido
664,56,2025-09,Folha,2025-09-30,2025-09-24,Recebido
665,56,2025-10,Notas fiscais,2025-10-31,2025-10-30,Recebido
666,56,2025-11,Folha,2025-12-08,2025-12-04,Recebido
667,56,2025-12,Documentos societários,2026-01-06,2025-12-29,Recebido
668,56,2026-01,Notas fiscais,2026-02-09,2026-02-09,Recebido
669,56,2026-02,Documentos societários,2026-02-28,2026-02-22,Recebido
670,56,2026-03,Documentos societários,2026-03-30,2026-03-26,Recebido
671,56,2026-04,Notas fiscais,2026-04-27,2026-05-03,Recebido
672,56,2026-05,Extratos,2026-06-04,2026-06-04,Recebido
673,57,2025-07,Folha,2025-07-08,,Pendente
674,57,2025-07,Documentos societários,2025-08-09,2025-08-18,Recebido
675,57,2025-08,Documentos societários,2025-09-03,2025-09-12,Recebido
676,57,2025-09,Folha,2025-09-29,2025-09-21,Recebido
677,57,2025-10,Notas fiscais,2025-10-31,2025-11-06,Recebido
678,57,2025-11,Notas fiscais,2025-11-28,2025-11-24,Recebido
679,57,2025-12,Notas fiscais,2026-01-08,2026-01-03,Recebido
680,57,2026-01,Documentos societários,2026-02-07,2026-01-29,Recebido
681,57,2026-02,Folha,2026-03-08,2026-03-17,Recebido
682,57,2026-03,Notas fiscais,2026-03-28,2026-03-18,Recebido
683,57,2026-04,Extratos,2026-05-07,2026-04-28,Recebido
684,57,2026-05,Documentos societários,2026-06-05,2026-05-28,Recebido
685,58,2025-07,Extratos,2025-07-15,2025-07-11,Recebido
686,58,2025-07,Folha,2025-08-03,2025-08-08,Recebido
687,58,2025-08,Folha,2025-09-03,2025-09-05,Recebido
688,58,2025-09,Notas fiscais,2025-10-10,2025-09-30,Recebido
689,58,2025-10,Documentos societários,2025-11-11,2025-11-02,Recebido
690,58,2025-11,Documentos societários,2025-12-12,,Pendente
691,58,2025-12,Notas fiscais,2026-01-02,2026-01-10,Recebido
692,58,2026-01,Documentos societários,2026-02-03,2026-01-30,Recebido
693,58,2026-02,Documentos societários,2026-02-28,,Pendente
694,58,2026-03,Notas fiscais,2026-03-29,2026-03-29,Recebido
695,58,2026-04,Extratos,2026-05-12,2026-05-20,Recebido
696,58,2026-05,Documentos societários,2026-06-03,2026-06-08,Recebido
697,59,2025-07,Folha,2025-07-07,,Pendente
698,59,2025-07,Folha,2025-08-14,2025-08-12,Recebido
699,59,2025-08,Extratos,2025-09-12,2025-09-21,Recebido
700,59,2025-09,Extratos,2025-10-07,,Pendente
701,59,2025-10,Folha,2025-11-10,2025-11-10,Recebido
702,59,2025-11,Extratos,2025-12-02,2025-12-01,Recebido
703,59,2025-12,Documentos societários,2026-01-11,2026-01-06,Recebido
704,59,2026-01,Folha,2026-01-28,2026-01-21,Recebido
705,59,2026-02,Folha,2026-03-08,2026-03-14,Recebido
706,59,2026-03,Documentos societários,2026-04-05,2026-04-01,Recebido
707,59,2026-04,Extratos,2026-05-03,,Pendente
708,59,2026-05,Documentos societários,2026-06-06,2026-05-29,Recebido
709,60,2025-07,Documentos societários,2025-07-03,2025-06-29,Recebido
710,60,2025-07,Notas fiscais,2025-08-13,2025-08-15,Recebido
711,60,2025-08,Documentos societários,2025-09-08,2025-09-04,Recebido
712,60,2025-09,Notas fiscais,2025-10-04,2025-10-13,Recebido
713,60,2025-10,Notas fiscais,2025-11-12,2025-11-19,Recebido
714,60,2025-11,Notas fiscais,2025-11-30,2025-12-09,Recebido
715,60,2025-12,Extratos,2026-01-08,,Pendente
716,60,2026-01,Extratos,2026-02-02,2026-02-08,Recebido
717,60,2026-02,Folha,2026-03-03,2026-03-01,Recebido
718,60,2026-03,Folha,2026-04-03,2026-04-04,Recebido
719,60,2026-04,Folha,2026-05-11,2026-05-05,Recebido
720,60,2026-05,Folha,2026-06-04,,Pendente
721,61,2025-07,Documentos societários,2025-07-03,2025-07-04,Recebido
722,61,2025-07,Folha,2025-08-12,2025-08-16,Recebido
723,61,2025-08,Folha,2025-09-03,2025-08-25,Recebido
724,61,2025-09,Notas fiscais,2025-10-08,2025-10-01,Recebido
725,61,2025-10,Folha,2025-11-04,2025-11-03,Recebido
726,61,2025-11,Notas fiscais,2025-12-08,2025-11-29,Recebido
727,61,2025-12,Documentos societários,2025-12-29,2025-12-20,Recebido
728,61,2026-01,Documentos societários,2026-02-03,2026-02-09,Recebido
729,61,2026-02,Extratos,2026-03-12,2026-03-07,Recebido
730,61,2026-03,Notas fiscais,2026-03-29,,Pendente
731,61,2026-04,Notas fiscais,2026-05-09,2026-05-06,Recebido
732,61,2026-05,Notas fiscais,2026-05-28,2026-05-31,Recebido
733,62,2025-07,Folha,2025-07-06,2025-07-10,Recebido
734,62,2025-07,Notas fiscais,2025-08-07,2025-08-16,Recebido
735,62,2025-08,Notas fiscais,2025-08-31,2025-09-03,Recebido
736,62,2025-09,Documentos societários,2025-10-01,2025-10-07,Recebido
737,62,2025-10,Documentos societários,2025-11-07,2025-10-31,Recebido
738,62,2025-11,Notas fiscais,2025-11-30,2025-11-22,Recebido
739,62,2025-12,Notas fiscais,2026-01-08,2026-01-11,Recebido
740,62,2026-01,Documentos societários,2026-02-04,2026-02-06,Recebido
741,62,2026-02,Folha,2026-03-10,2026-03-02,Recebido
742,62,2026-03,Documentos societários,2026-04-01,2026-03-23,Recebido
743,62,2026-04,Folha,2026-04-30,2026-05-07,Recebido
744,62,2026-05,Notas fiscais,2026-05-31,2026-05-26,Recebido
745,63,2025-07,Documentos societários,2025-07-14,,Pendente
746,63,2025-07,Notas fiscais,2025-08-13,2025-08-05,Recebido
747,63,2025-08,Documentos societários,2025-09-06,2025-09-09,Recebido
748,63,2025-09,Extratos,2025-10-02,2025-09-28,Recebido
749,63,2025-10,Documentos societários,2025-11-12,2025-11-15,Recebido
750,63,2025-11,Documentos societários,2025-12-12,2025-12-08,Recebido
751,63,2025-12,Folha,2026-01-02,2025-12-29,Recebido
752,63,2026-01,Extratos,2026-02-09,2026-02-06,Recebido
753,63,2026-02,Extratos,2026-03-04,2026-03-13,Recebido
754,63,2026-03,Extratos,2026-04-07,,Pendente
755,63,2026-04,Folha,2026-04-30,2026-05-03,Recebido
756,63,2026-05,Notas fiscais,2026-06-01,2026-06-04,Recebido
757,64,2025-07,Notas fiscais,2025-07-09,,Pendente
758,64,2025-07,Notas fiscais,2025-08-06,2025-08-06,Recebido
759,64,2025-08,Documentos societários,2025-09-13,2025-09-17,Recebido
760,64,2025-09,Notas fiscais,2025-10-12,2025-10-19,Recebido
761,64,2025-10,Folha,2025-11-11,2025-11-08,Recebido
762,64,2025-11,Extratos,2025-12-12,2025-12-05,Recebido
763,64,2025-12,Documentos societários,2026-01-05,2025-12-28,Recebido
764,64,2026-01,Documentos societários,2026-01-31,,Pendente
765,64,2026-02,Extratos,2026-03-03,2026-03-12,Recebido
766,64,2026-03,Notas fiscais,2026-04-12,2026-04-10,Recebido
767,64,2026-04,Documentos societários,2026-05-12,2026-05-14,Recebido
768,64,2026-05,Folha,2026-06-03,,Pendente
769,65,2025-07,Extratos,2025-07-04,2025-07-10,Recebido
770,65,2025-07,Folha,2025-08-11,2025-08-10,Recebido
771,65,2025-08,Notas fiscais,2025-09-08,2025-09-14,Recebido
772,65,2025-09,Documentos societários,2025-10-14,2025-10-19,Recebido
773,65,2025-10,Documentos societários,2025-11-02,,Pendente
774,65,2025-11,Notas fiscais,2025-12-09,2025-12-13,Recebido
775,65,2025-12,Notas fiscais,2026-01-12,2026-01-11,Recebido
776,65,2026-01,Notas fiscais,2026-02-09,2026-02-01,Recebido
777,65,2026-02,Documentos societários,2026-03-04,2026-03-13,Recebido
778,65,2026-03,Folha,2026-04-11,2026-04-20,Recebido
779,65,2026-04,Folha,2026-05-07,2026-04-30,Recebido
780,65,2026-05,Folha,2026-06-07,2026-06-04,Recebido
781,66,2025-07,Notas fiscais,2025-07-16,2025-07-19,Recebido
782,66,2025-07,Documentos societários,2025-08-01,2025-08-05,Recebido
783,66,2025-08,Folha,2025-09-04,2025-09-02,Recebido
784,66,2025-09,Folha,2025-10-11,2025-10-05,Recebido
785,66,2025-10,Folha,2025-11-02,2025-11-08,Recebido
786,66,2025-11,Notas fiscais,2025-12-08,2025-12-03,Recebido
787,66,2025-12,Notas fiscais,2025-12-29,2025-12-24,Recebido
788,66,2026-01,Documentos societários,2026-02-09,2026-02-04,Recebido
789,66,2026-02,Notas fiscais,2026-03-01,2026-02-19,Recebido
790,66,2026-03,Documentos societários,2026-04-11,2026-04-18,Recebido
791,66,2026-04,Documentos societários,2026-05-01,2026-04-22,Recebido
792,66,2026-05,Notas fiscais,2026-06-02,2026-06-06,Recebido
793,67,2025-07,Extratos,2025-07-04,2025-07-01,Recebido
794,67,2025-07,Extratos,2025-08-10,2025-08-11,Recebido
795,67,2025-08,Folha,2025-09-13,2025-09-20,Recebido
796,67,2025-09,Extratos,2025-09-30,2025-09-28,Recebido
797,67,2025-10,Extratos,2025-11-12,2025-11-02,Recebido
798,67,2025-11,Extratos,2025-11-29,,Pendente
799,67,2025-12,Documentos societários,2026-01-03,,Pendente
800,67,2026-01,Extratos,2026-01-30,,Pendente
801,67,2026-02,Documentos societários,2026-03-03,2026-03-06,Recebido
802,67,2026-03,Extratos,2026-04-12,2026-04-04,Recebido
803,67,2026-04,Notas fiscais,2026-05-10,2026-05-14,Recebido
804,67,2026-05,Notas fiscais,2026-06-07,2026-06-09,Recebido
805,68,2025-07,Notas fiscais,2025-07-14,2025-07-04,Recebido
806,68,2025-07,Extratos,2025-08-12,2025-08-21,Recebido
807,68,2025-08,Folha,2025-08-31,,Pendente
808,68,2025-09,Extratos,2025-10-03,2025-10-06,Recebido
809,68,2025-10,Folha,2025-11-12,2025-11-20,Recebido
810,68,2025-11,Folha,2025-12-06,2025-12-06,Recebido
811,68,2025-12,Notas fiscais,2025-12-30,2026-01-06,Recebido
812,68,2026-01,Extratos,2026-01-30,,Pendente
813,68,2026-02,Extratos,2026-03-05,2026-02-23,Recebido
814,68,2026-03,Documentos societários,2026-04-09,2026-03-30,Recebido
815,68,2026-04,Documentos societários,2026-04-27,2026-05-05,Recebido
816,68,2026-05,Extratos,2026-05-27,2026-06-02,Recebido
817,69,2025-07,Notas fiscais,2025-07-13,2025-07-16,Recebido
818,69,2025-07,Folha,2025-08-11,2025-08-12,Recebido
819,69,2025-08,Extratos,2025-09-04,2025-09-05,Recebido
820,69,2025-09,Notas fiscais,2025-10-13,2025-10-18,Recebido
821,69,2025-10,Folha,2025-11-01,2025-11-09,Recebido
822,69,2025-11,Folha,2025-12-03,2025-12-05,Recebido
823,69,2025-12,Documentos societários,2026-01-11,,Pendente
824,69,2026-01,Folha,2026-01-31,2026-02-05,Recebido
825,69,2026-02,Notas fiscais,2026-03-11,2026-03-13,Recebido
826,69,2026-03,Folha,2026-04-11,2026-04-03,Recebido
827,69,2026-04,Folha,2026-05-09,2026-05-12,Recebido
828,69,2026-05,Folha,2026-06-10,2026-05-31,Recebido
829,70,2025-07,Extratos,2025-07-15,2025-07-06,Recebido
830,70,2025-07,Notas fiscais,2025-08-03,2025-08-05,Recebido
831,70,2025-08,Folha,2025-09-06,,Pendente
832,70,2025-09,Extratos,2025-10-03,2025-10-01,Recebido
833,70,2025-10,Documentos societários,2025-11-08,2025-11-06,Recebido
834,70,2025-11,Extratos,2025-12-03,2025-11-24,Recebido
835,70,2025-12,Folha,2026-01-10,2026-01-15,Recebido
836,70,2026-01,Notas fiscais,2026-02-01,,Pendente
837,70,2026-02,Notas fiscais,2026-03-02,2026-03-07,Recebido
838,70,2026-03,Notas fiscais,2026-04-03,2026-03-24,Recebido
839,70,2026-04,Documentos societários,2026-04-30,2026-05-08,Recebido
840,70,2026-05,Folha,2026-06-03,,Pendente
841,71,2025-07,Folha,2025-07-11,2025-07-09,Recebido
842,71,2025-07,Folha,2025-08-03,2025-08-06,Recebido
843,71,2025-08,Documentos societários,2025-08-30,2025-08-21,Recebido
844,71,2025-09,Notas fiscais,2025-10-06,2025-10-12,Recebido
845,71,2025-10,Documentos societários,2025-10-30,2025-11-05,Recebido
846,71,2025-11,Folha,2025-11-29,2025-11-25,Recebido
847,71,2025-12,Notas fiscais,2026-01-08,2026-01-01,Recebido
848,71,2026-01,Folha,2026-01-31,2026-01-27,Recebido
849,71,2026-02,Folha,2026-03-01,2026-02-23,Recebido
850,71,2026-03,Notas fiscais,2026-03-31,2026-03-25,Recebido
851,71,2026-04,Folha,2026-04-27,2026-04-18,Recebido
852,71,2026-05,Extratos,2026-05-28,2026-05-22,Recebido
853,72,2025-07,Extratos,2025-07-06,2025-06-29,Recebido
854,72,2025-07,Folha,2025-08-10,2025-07-31,Recebido
855,72,2025-08,Notas fiscais,2025-09-13,,Pendente
856,72,2025-09,Notas fiscais,2025-10-06,2025-10-03,Recebido
857,72,2025-10,Notas fiscais,2025-10-29,2025-10-30,Recebido
858,72,2025-11,Documentos societários,2025-12-02,2025-12-11,Recebido
859,72,2025-12,Documentos societários,2026-01-04,2025-12-30,Recebido
860,72,2026-01,Extratos,2026-02-08,,Pendente
861,72,2026-02,Documentos societários,2026-03-03,2026-03-07,Recebido
862,72,2026-03,Folha,2026-04-05,2026-04-03,Recebido
863,72,2026-04,Extratos,2026-05-08,2026-05-11,Recebido
864,72,2026-05,Documentos societários,2026-06-04,2026-05-29,Recebido
865,73,2025-07,Extratos,2025-07-08,2025-07-02,Recebido
866,73,2025-07,Notas fiscais,2025-08-02,2025-07-26,Recebido
867,73,2025-08,Notas fiscais,2025-09-12,2025-09-13,Recebido
868,73,2025-09,Notas fiscais,2025-10-03,2025-09-25,Recebido
869,73,2025-10,Extratos,2025-10-29,,Pendente
870,73,2025-11,Documentos societários,2025-12-05,2025-11-27,Recebido
871,73,2025-12,Folha,2026-01-05,2026-01-05,Recebido
872,73,2026-01,Notas fiscais,2026-02-11,2026-02-14,Recebido
873,73,2026-02,Documentos societários,2026-03-04,2026-02-26,Recebido
874,73,2026-03,Extratos,2026-03-28,,Pendente
875,73,2026-04,Documentos societários,2026-05-09,2026-05-01,Recebido
876,73,2026-05,Documentos societários,2026-06-04,2026-06-09,Recebido
877,74,2025-07,Extratos,2025-07-07,2025-07-16,Recebido
878,74,2025-07,Documentos societários,2025-08-13,2025-08-11,Recebido
879,74,2025-08,Extratos,2025-09-11,2025-09-10,Recebido
880,74,2025-09,Folha,2025-10-02,2025-10-08,Recebido
881,74,2025-10,Notas fiscais,2025-10-31,2025-10-27,Recebido
882,74,2025-11,Folha,2025-12-10,2025-12-19,Recebido
883,74,2025-12,Folha,2026-01-01,2026-01-06,Recebido
884,74,2026-01,Folha,2026-02-10,2026-02-19,Recebido
885,74,2026-02,Extratos,2026-03-04,2026-03-11,Recebido
886,74,2026-03,Notas fiscais,2026-04-04,2026-04-01,Recebido
887,74,2026-04,Documentos societários,2026-05-11,2026-05-15,Recebido
888,74,2026-05,Notas fiscais,2026-06-07,,Pendente
889,75,2025-07,Documentos societários,2025-07-06,2025-07-05,Recebido
890,75,2025-07,Extratos,2025-07-31,2025-07-31,Recebido
891,75,2025-08,Documentos societários,2025-09-12,2025-09-21,Recebido
892,75,2025-09,Folha,2025-10-07,,Pendente
893,75,2025-10,Notas fiscais,2025-11-02,2025-11-04,Recebido
894,75,2025-11,Folha,2025-12-07,2025-12-10,Recebido
895,75,2025-12,Notas fiscais,2026-01-08,2026-01-11,Recebido
896,75,2026-01,Folha,2026-02-02,,Pendente
897,75,2026-02,Extratos,2026-03-06,2026-03-15,Recebido
898,75,2026-03,Documentos societários,2026-04-08,2026-04-02,Recebido
899,75,2026-04,Folha,2026-05-09,2026-05-11,Recebido
900,75,2026-05,Folha,2026-05-27,2026-05-19,Recebido
901,76,2025-07,Extratos,2025-07-16,2025-07-12,Recebido
902,76,2025-07,Extratos,2025-08-07,2025-08-07,Recebido
903,76,2025-08,Extratos,2025-09-12,,Pendente
904,76,2025-09,Documentos societários,2025-10-14,2025-10-09,Recebido
905,76,2025-10,Folha,2025-11-05,2025-11-06,Recebido
906,76,2025-11,Documentos societários,2025-12-02,2025-11-30,Recebido
907,76,2025-12,Notas fiscais,2026-01-10,2026-01-18,Recebido
908,76,2026-01,Extratos,2026-02-09,2026-02-10,Recebido
909,76,2026-02,Documentos societários,2026-03-09,2026-03-14,Recebido
910,76,2026-03,Extratos,2026-04-08,2026-04-09,Recebido
911,76,2026-04,Folha,2026-04-27,,Pendente
912,76,2026-05,Folha,2026-06-08,2026-06-05,Recebido
913,77,2025-07,Folha,2025-07-03,2025-07-11,Recebido
914,77,2025-07,Folha,2025-08-02,2025-08-10,Recebido
915,77,2025-08,Folha,2025-09-02,2025-09-03,Recebido
916,77,2025-09,Folha,2025-10-07,2025-10-12,Recebido
917,77,2025-10,Notas fiscais,2025-11-02,2025-11-06,Recebido
918,77,2025-11,Notas fiscais,2025-12-12,2025-12-02,Recebido
919,77,2025-12,Notas fiscais,2026-01-10,2026-01-06,Recebido
920,77,2026-01,Extratos,2026-02-10,2026-02-07,Recebido
921,77,2026-02,Folha,2026-02-28,2026-02-19,Recebido
922,77,2026-03,Documentos societários,2026-04-04,2026-04-06,Recebido
923,77,2026-04,Notas fiscais,2026-05-02,2026-05-07,Recebido
924,77,2026-05,Notas fiscais,2026-06-02,2026-06-02,Recebido
925,78,2025-07,Extratos,2025-07-04,2025-07-06,Recebido
926,78,2025-07,Documentos societários,2025-08-08,2025-08-14,Recebido
927,78,2025-08,Folha,2025-09-12,2025-09-14,Recebido
928,78,2025-09,Notas fiscais,2025-10-13,2025-10-09,Recebido
929,78,2025-10,Documentos societários,2025-10-31,2025-10-23,Recebido
930,78,2025-11,Extratos,2025-12-05,2025-12-13,Recebido
931,78,2025-12,Extratos,2026-01-10,2026-01-19,Recebido
932,78,2026-01,Folha,2026-02-01,2026-02-06,Recebido
933,78,2026-02,Documentos societários,2026-03-07,2026-03-02,Recebido
934,78,2026-03,Folha,2026-04-07,2026-04-03,Recebido
935,78,2026-04,Extratos,2026-05-04,,Pendente
936,78,2026-05,Notas fiscais,2026-06-01,2026-05-26,Recebido
937,79,2025-07,Extratos,2025-07-05,2025-07-13,Recebido
938,79,2025-07,Documentos societários,2025-08-06,2025-08-06,Recebido
939,79,2025-08,Notas fiscais,2025-09-13,2025-09-08,Recebido
940,79,2025-09,Documentos societários,2025-10-11,2025-10-17,Recebido
941,79,2025-10,Folha,2025-11-08,2025-10-29,Recebido
942,79,2025-11,Notas fiscais,2025-12-01,2025-12-08,Recebido
943,79,2025-12,Documentos societários,2026-01-10,2026-01-03,Recebido
944,79,2026-01,Extratos,2026-01-30,,Pendente
945,79,2026-02,Folha,2026-02-28,2026-02-23,Recebido
946,79,2026-03,Notas fiscais,2026-04-04,2026-04-08,Recebido
947,79,2026-04,Extratos,2026-04-27,2026-04-20,Recebido
948,79,2026-05,Documentos societários,2026-05-31,2026-05-21,Recebido
949,80,2025-07,Extratos,2025-07-02,2025-07-06,Recebido
950,80,2025-07,Notas fiscais,2025-08-02,2025-08-11,Recebido
951,80,2025-08,Extratos,2025-09-09,2025-09-12,Recebido
952,80,2025-09,Documentos societários,2025-10-02,2025-09-27,Recebido
953,80,2025-10,Folha,2025-11-06,2025-10-30,Recebido
954,80,2025-11,Documentos societários,2025-11-29,2025-11-29,Recebido
955,80,2025-12,Documentos societários,2026-01-05,2026-01-07,Recebido
956,80,2026-01,Folha,2026-02-10,2026-02-14,Recebido
957,80,2026-02,Folha,2026-02-26,2026-02-24,Recebido
958,80,2026-03,Folha,2026-04-02,2026-04-02,Recebido
959,80,2026-04,Folha,2026-05-03,2026-05-07,Recebido
960,80,2026-05,Folha,2026-05-30,2026-05-22,Recebido
961,81,2025-07,Folha,2025-07-15,2025-07-22,Recebido
962,81,2025-07,Documentos societários,2025-08-07,,Pendente
963,81,2025-08,Documentos societários,2025-09-04,,Pendente
964,81,2025-09,Folha,2025-10-11,2025-10-04,Recebido
965,81,2025-10,Documentos societários,2025-11-04,2025-11-13,Recebido
966,81,2025-11,Folha,2025-12-07,,Pendente
967,81,2025-12,Folha,2026-01-03,2025-12-25,Recebido
968,81,2026-01,Folha,2026-01-27,,Pendente
969,81,2026-02,Notas fiscais,2026-02-27,2026-03-01,Recebido
970,81,2026-03,Folha,2026-03-29,2026-03-23,Recebido
971,81,2026-04,Notas fiscais,2026-05-08,2026-05-06,Recebido
972,81,2026-05,Folha,2026-06-02,2026-05-29,Recebido
973,82,2025-07,Extratos,2025-07-15,2025-07-14,Recebido
974,82,2025-07,Documentos societários,2025-08-08,,Pendente
975,82,2025-08,Notas fiscais,2025-09-07,2025-09-04,Recebido
976,82,2025-09,Notas fiscais,2025-10-11,2025-10-11,Recebido
977,82,2025-10,Notas fiscais,2025-10-31,2025-11-02,Recebido
978,82,2025-11,Folha,2025-12-13,2025-12-15,Recebido
979,82,2025-12,Folha,2026-01-08,,Pendente
980,82,2026-01,Extratos,2026-01-30,2026-01-23,Recebido
981,82,2026-02,Folha,2026-03-02,2026-03-07,Recebido
982,82,2026-03,Documentos societários,2026-04-04,2026-04-04,Recebido
983,82,2026-04,Documentos societários,2026-04-29,,Pendente
984,82,2026-05,Extratos,2026-06-11,2026-06-15,Recebido
985,83,2025-07,Folha,2025-07-13,2025-07-10,Recebido
986,83,2025-07,Documentos societários,2025-08-04,2025-08-08,Recebido
987,83,2025-08,Notas fiscais,2025-09-06,2025-09-09,Recebido
988,83,2025-09,Notas fiscais,2025-10-13,2025-10-21,Recebido
989,83,2025-10,Folha,2025-11-11,2025-11-05,Recebido
990,83,2025-11,Folha,2025-12-13,2025-12-08,Recebido
991,83,2025-12,Extratos,2025-12-28,2026-01-04,Recebido
992,83,2026-01,Extratos,2026-02-08,2026-02-05,Recebido
993,83,2026-02,Extratos,2026-03-07,2026-03-10,Recebido
994,83,2026-03,Documentos societários,2026-04-05,,Pendente
995,83,2026-04,Extratos,2026-05-08,2026-05-16,Recebido
996,83,2026-05,Folha,2026-05-27,,Pendente
997,84,2025-07,Extratos,2025-07-14,,Pendente
998,84,2025-07,Documentos societários,2025-08-06,2025-08-13,Recebido
999,84,2025-08,Documentos societários,2025-09-06,2025-09-11,Recebido
1000,84,2025-09,Folha,2025-10-01,2025-09-24,Recebido
1001,84,2025-10,Documentos societários,2025-11-05,2025-11-04,Recebido
1002,84,2025-11,Notas fiscais,2025-12-04,2025-12-09,Recebido
1003,84,2025-12,Notas fiscais,2026-01-02,2026-01-10,Recebido
1004,84,2026-01,Folha,2026-01-30,2026-02-04,Recebido
1005,84,2026-02,Folha,2026-02-27,,Pendente
1006,84,2026-03,Extratos,2026-04-02,2026-04-01,Recebido
1007,84,2026-04,Extratos,2026-04-29,2026-05-08,Recebido
1008,84,2026-05,Folha,2026-06-02,2026-05-28,Recebido
1009,85,2025-07,Folha,2025-07-01,2025-06-22,Recebido
1010,85,2025-07,Folha,2025-08-05,2025-08-05,Recebido
1011,85,2025-08,Documentos societários,2025-09-07,,Pendente
1012,85,2025-09,Extratos,2025-10-13,2025-10-18,Recebido
1013,85,2025-10,Notas fiscais,2025-11-10,2025-11-02,Recebido
1014,85,2025-11,Folha,2025-11-28,2025-11-20,Recebido
1015,85,2025-12,Notas fiscais,2026-01-01,2026-01-04,Recebido
1016,85,2026-01,Folha,2026-01-30,,Pendente
1017,85,2026-02,Documentos societários,2026-03-09,2026-03-06,Recebido
1018,85,2026-03,Notas fiscais,2026-03-29,2026-04-03,Recebido
1019,85,2026-04,Extratos,2026-05-02,2026-05-09,Recebido
1020,85,2026-05,Folha,2026-05-29,2026-05-29,Recebido
1021,86,2025-07,Documentos societários,2025-07-09,2025-07-13,Recebido
1022,86,2025-07,Notas fiscais,2025-08-08,2025-08-13,Recebido
1023,86,2025-08,Folha,2025-09-13,2025-09-13,Recebido
1024,86,2025-09,Folha,2025-10-04,2025-09-26,Recebido
1025,86,2025-10,Documentos societários,2025-11-12,2025-11-05,Recebido
1026,86,2025-11,Folha,2025-11-30,2025-12-01,Recebido
1027,86,2025-12,Folha,2026-01-08,2026-01-16,Recebido
1028,86,2026-01,Documentos societários,2026-01-28,2026-02-02,Recebido
1029,86,2026-02,Folha,2026-03-07,2026-03-08,Recebido
1030,86,2026-03,Documentos societários,2026-04-12,2026-04-08,Recebido
1031,86,2026-04,Folha,2026-05-12,2026-05-11,Recebido
1032,86,2026-05,Extratos,2026-06-08,2026-06-17,Recebido
1033,87,2025-07,Notas fiscais,2025-07-09,2025-06-29,Recebido
1034,87,2025-07,Documentos societários,2025-08-01,2025-07-28,Recebido
1035,87,2025-08,Extratos,2025-09-13,2025-09-07,Recebido
1036,87,2025-09,Folha,2025-09-29,,Pendente
1037,87,2025-10,Folha,2025-11-04,2025-10-27,Recebido
1038,87,2025-11,Folha,2025-11-30,2025-11-30,Recebido
1039,87,2025-12,Folha,2026-01-09,,Pendente
1040,87,2026-01,Notas fiscais,2026-01-30,2026-02-08,Recebido
1041,87,2026-02,Folha,2026-03-03,,Pendente
1042,87,2026-03,Folha,2026-04-04,2026-03-26,Recebido
1043,87,2026-04,Folha,2026-05-08,2026-04-30,Recebido
1044,87,2026-05,Folha,2026-05-30,2026-05-24,Recebido
1045,88,2025-07,Documentos societários,2025-07-14,2025-07-04,Recebido
1046,88,2025-07,Documentos societários,2025-08-12,2025-08-03,Recebido
1047,88,2025-08,Documentos societários,2025-08-31,2025-09-07,Recebido
1048,88,2025-09,Notas fiscais,2025-10-06,2025-10-02,Recebido
1049,88,2025-10,Extratos,2025-11-06,2025-10-31,Recebido
1050,88,2025-11,Notas fiscais,2025-12-02,2025-12-11,Recebido
1051,88,2025-12,Documentos societários,2026-01-02,2025-12-28,Recebido
1052,88,2026-01,Folha,2026-02-06,2026-02-15,Recebido
1053,88,2026-02,Extratos,2026-03-06,2026-03-13,Recebido
1054,88,2026-03,Folha,2026-03-31,2026-03-30,Recebido
1055,88,2026-04,Folha,2026-05-12,2026-05-21,Recebido
1056,88,2026-05,Notas fiscais,2026-05-28,2026-05-27,Recebido
1057,89,2025-07,Extratos,2025-07-11,2025-07-08,Recebido
1058,89,2025-07,Notas fiscais,2025-08-06,2025-08-03,Recebido
1059,89,2025-08,Notas fiscais,2025-09-10,2025-09-06,Recebido
1060,89,2025-09,Folha,2025-10-04,2025-09-25,Recebido
1061,89,2025-10,Notas fiscais,2025-11-05,2025-10-29,Recebido
1062,89,2025-11,Notas fiscais,2025-11-29,2025-11-29,Recebido
1063,89,2025-12,Extratos,2026-01-02,2025-12-29,Recebido
1064,89,2026-01,Folha,2026-02-05,2026-02-03,Recebido
1065,89,2026-02,Documentos societários,2026-03-13,,Pendente
1066,89,2026-03,Documentos societários,2026-04-11,2026-04-01,Recebido
1067,89,2026-04,Documentos societários,2026-05-06,2026-05-03,Recebido
1068,89,2026-05,Folha,2026-06-03,2026-06-12,Recebido
1069,90,2025-07,Notas fiscais,2025-07-14,2025-07-19,Recebido
1070,90,2025-07,Documentos societários,2025-08-15,2025-08-11,Recebido
1071,90,2025-08,Documentos societários,2025-09-13,2025-09-16,Recebido
1072,90,2025-09,Notas fiscais,2025-10-07,2025-09-28,Recebido
1073,90,2025-10,Notas fiscais,2025-11-09,2025-11-17,Recebido
1074,90,2025-11,Notas fiscais,2025-12-02,2025-11-28,Recebido
1075,90,2025-12,Folha,2026-01-02,,Pendente
1076,90,2026-01,Extratos,2026-01-31,,Pendente
1077,90,2026-02,Folha,2026-03-05,2026-03-10,Recebido
1078,90,2026-03,Documentos societários,2026-03-31,2026-03-31,Recebido
1079,90,2026-04,Documentos societários,2026-05-01,,Pendente
1080,90,2026-05,Extratos,2026-06-06,2026-05-31,Recebido
1081,91,2025-07,Notas fiscais,2025-07-04,2025-07-06,Recebido
1082,91,2025-07,Folha,2025-08-14,,Pendente
1083,91,2025-08,Folha,2025-09-08,2025-08-29,Recebido
1084,91,2025-09,Folha,2025-10-12,,Pendente
1085,91,2025-10,Notas fiscais,2025-11-10,2025-11-15,Recebido
1086,91,2025-11,Documentos societários,2025-12-13,2025-12-09,Recebido
1087,91,2025-12,Notas fiscais,2026-01-08,2025-12-31,Recebido
1088,91,2026-01,Extratos,2026-02-08,2026-02-01,Recebido
1089,91,2026-02,Documentos societários,2026-02-28,2026-03-08,Recebido
1090,91,2026-03,Folha,2026-04-05,,Pendente
1091,91,2026-04,Folha,2026-04-30,2026-04-30,Recebido
1092,91,2026-05,Documentos societários,2026-05-27,2026-05-19,Recebido
1093,92,2025-07,Folha,2025-07-05,2025-06-30,Recebido
1094,92,2025-07,Folha,2025-08-12,2025-08-17,Recebido
1095,92,2025-08,Notas fiscais,2025-08-30,,Pendente
1096,92,2025-09,Documentos societários,2025-09-30,2025-09-25,Recebido
1097,92,2025-10,Documentos societários,2025-11-01,,Pendente
1098,92,2025-11,Folha,2025-12-10,2025-11-30,Recebido
1099,92,2025-12,Notas fiscais,2026-01-02,2026-01-10,Recebido
1100,92,2026-01,Folha,2026-02-06,2026-02-15,Recebido
1101,92,2026-02,Documentos societários,2026-03-13,2026-03-16,Recebido
1102,92,2026-03,Notas fiscais,2026-04-11,,Pendente
1103,92,2026-04,Notas fiscais,2026-05-06,2026-05-02,Recebido
1104,92,2026-05,Folha,2026-06-04,2026-06-10,Recebido
1105,93,2025-07,Folha,2025-07-09,2025-07-13,Recebido
1106,93,2025-07,Documentos societários,2025-08-08,2025-08-11,Recebido
1107,93,2025-08,Extratos,2025-09-12,,Pendente
1108,93,2025-09,Documentos societários,2025-10-06,2025-10-14,Recebido
1109,93,2025-10,Extratos,2025-11-12,2025-11-21,Recebido
1110,93,2025-11,Folha,2025-12-08,2025-12-12,Recebido
1111,93,2025-12,Extratos,2025-12-31,2025-12-22,Recebido
1112,93,2026-01,Notas fiscais,2026-02-05,2026-01-30,Recebido
1113,93,2026-02,Folha,2026-03-06,2026-03-03,Recebido
1114,93,2026-03,Documentos societários,2026-04-03,2026-04-02,Recebido
1115,93,2026-04,Extratos,2026-05-05,2026-05-09,Recebido
1116,93,2026-05,Extratos,2026-06-08,2026-06-12,Recebido
1117,94,2025-07,Folha,2025-07-02,2025-06-22,Recebido
1118,94,2025-07,Notas fiscais,2025-08-07,2025-07-31,Recebido
1119,94,2025-08,Folha,2025-09-05,2025-09-02,Recebido
1120,94,2025-09,Documentos societários,2025-10-03,2025-09-26,Recebido
1121,94,2025-10,Folha,2025-11-01,2025-11-03,Recebido
1122,94,2025-11,Folha,2025-12-11,2025-12-16,Recebido
1123,94,2025-12,Folha,2026-01-11,2026-01-10,Recebido
1124,94,2026-01,Folha,2026-02-04,2026-01-30,Recebido
1125,94,2026-02,Notas fiscais,2026-03-09,2026-03-01,Recebido
1126,94,2026-03,Folha,2026-04-07,2026-04-12,Recebido
1127,94,2026-04,Folha,2026-04-28,2026-04-29,Recebido
1128,94,2026-05,Extratos,2026-06-02,2026-05-23,Recebido
1129,95,2025-07,Folha,2025-07-16,2025-07-24,Recebido
1130,95,2025-07,Notas fiscais,2025-08-03,2025-08-10,Recebido
1131,95,2025-08,Notas fiscais,2025-09-02,2025-09-05,Recebido
1132,95,2025-09,Folha,2025-10-12,2025-10-14,Recebido
1133,95,2025-10,Extratos,2025-11-04,2025-11-06,Recebido
1134,95,2025-11,Documentos societários,2025-12-01,2025-11-27,Recebido
1135,95,2025-12,Notas fiscais,2025-12-28,2025-12-30,Recebido
1136,95,2026-01,Folha,2026-01-31,2026-02-04,Recebido
1137,95,2026-02,Extratos,2026-03-06,2026-03-12,Recebido
1138,95,2026-03,Documentos societários,2026-04-09,2026-04-16,Recebido
1139,95,2026-04,Notas fiscais,2026-05-03,2026-05-08,Recebido
1140,95,2026-05,Extratos,2026-06-09,2026-06-05,Recebido
1141,96,2025-07,Documentos societários,2025-07-12,2025-07-11,Recebido
1142,96,2025-07,Extratos,2025-08-09,2025-08-14,Recebido
1143,96,2025-08,Notas fiscais,2025-09-13,2025-09-14,Recebido
1144,96,2025-09,Documentos societários,2025-10-13,2025-10-22,Recebido
1145,96,2025-10,Notas fiscais,2025-10-29,2025-10-27,Recebido
1146,96,2025-11,Extratos,2025-11-28,2025-12-07,Recebido
1147,96,2025-12,Folha,2026-01-03,2026-01-12,Recebido
1148,96,2026-01,Folha,2026-01-27,2026-02-01,Recebido
1149,96,2026-02,Extratos,2026-03-07,,Pendente
1150,96,2026-03,Documentos societários,2026-04-09,2026-04-10,Recebido
1151,96,2026-04,Documentos societários,2026-05-04,2026-04-24,Recebido
1152,96,2026-05,Notas fiscais,2026-06-07,,Pendente
1153,97,2025-07,Extratos,2025-07-06,,Pendente
1154,97,2025-07,Documentos societários,2025-08-03,2025-08-12,Recebido
1155,97,2025-08,Notas fiscais,2025-09-06,2025-09-10,Recebido
1156,97,2025-09,Documentos societários,2025-09-29,2025-10-03,Recebido
1157,97,2025-10,Notas fiscais,2025-10-29,2025-10-23,Recebido
1158,97,2025-11,Extratos,2025-12-04,2025-12-06,Recebido
1159,97,2025-12,Notas fiscais,2026-01-09,2026-01-10,Recebido
1160,97,2026-01,Documentos societários,2026-02-11,2026-02-08,Recebido
1161,97,2026-02,Documentos societários,2026-03-04,2026-02-24,Recebido
1162,97,2026-03,Extratos,2026-03-29,2026-03-19,Recebido
1163,97,2026-04,Extratos,2026-05-08,2026-05-17,Recebido
1164,97,2026-05,Documentos societários,2026-05-30,,Pendente
1165,98,2025-07,Documentos societários,2025-07-04,2025-07-12,Recebido
1166,98,2025-07,Documentos societários,2025-08-04,2025-07-26,Recebido
1167,98,2025-08,Extratos,2025-09-06,2025-09-04,Recebido
1168,98,2025-09,Extratos,2025-10-12,2025-10-02,Recebido
1169,98,2025-10,Folha,2025-11-04,2025-11-02,Recebido
1170,98,2025-11,Documentos societários,2025-12-11,2025-12-13,Recebido
1171,98,2025-12,Notas fiscais,2026-01-02,2025-12-28,Recebido
1172,98,2026-01,Notas fiscais,2026-01-28,2026-02-01,Recebido
1173,98,2026-02,Extratos,2026-03-08,2026-02-28,Recebido
1174,98,2026-03,Extratos,2026-04-03,2026-03-30,Recebido
1175,98,2026-04,Folha,2026-05-04,2026-05-10,Recebido
1176,98,2026-05,Documentos societários,2026-05-30,2026-05-27,Recebido
1177,99,2025-07,Notas fiscais,2025-07-10,2025-07-02,Recebido
1178,99,2025-07,Notas fiscais,2025-08-15,2025-08-22,Recebido
1179,99,2025-08,Extratos,2025-09-11,2025-09-06,Recebido
1180,99,2025-09,Folha,2025-10-02,2025-10-06,Recebido
1181,99,2025-10,Folha,2025-10-30,2025-10-25,Recebido
1182,99,2025-11,Folha,2025-12-05,2025-11-27,Recebido
1183,99,2025-12,Notas fiscais,2026-01-10,,Pendente
1184,99,2026-01,Documentos societários,2026-01-31,2026-01-22,Recebido
1185,99,2026-02,Folha,2026-03-09,2026-02-27,Recebido
1186,99,2026-03,Folha,2026-04-11,2026-04-06,Recebido
1187,99,2026-04,Folha,2026-05-04,2026-05-08,Recebido
1188,99,2026-05,Folha,2026-06-07,2026-06-11,Recebido
1189,100,2025-07,Notas fiscais,2025-07-09,2025-06-29,Recebido
1190,100,2025-07,Notas fiscais,2025-08-07,2025-08-05,Recebido
1191,100,2025-08,Extratos,2025-09-03,2025-08-31,Recebido
1192,100,2025-09,Notas fiscais,2025-10-01,2025-10-03,Recebido
1193,100,2025-10,Documentos societários,2025-11-09,2025-11-10,Recebido
1194,100,2025-11,Documentos societários,2025-12-13,2025-12-11,Recebido
1195,100,2025-12,Extratos,2025-12-28,2026-01-01,Recebido
1196,100,2026-01,Extratos,2026-02-06,2026-01-27,Recebido
1197,100,2026-02,Folha,2026-03-07,2026-03-14,Recebido
1198,100,2026-03,Notas fiscais,2026-04-12,2026-04-21,Recebido
1199,100,2026-04,Extratos,2026-05-01,2026-04-29,Recebido
1200,100,2026-05,Documentos societários,2026-06-09,2026-06-18,Recebido
1201,101,2025-07,Notas fiscais,2025-07-03,2025-07-01,Recebido
1202,101,2025-07,Extratos,2025-07-31,2025-07-31,Recebido
1203,101,2025-08,Notas fiscais,2025-09-11,2025-09-19,Recebido
1204,101,2025-09,Documentos societários,2025-10-12,2025-10-06,Recebido
1205,101,2025-10,Folha,2025-11-13,2025-11-21,Recebido
1206,101,2025-11,Notas fiscais,2025-12-10,2025-12-15,Recebido
1207,101,2025-12,Extratos,2026-01-11,2026-01-18,Recebido
1208,101,2026-01,Documentos societários,2026-02-09,,Pendente
1209,101,2026-02,Documentos societários,2026-03-08,2026-03-09,Recebido
1210,101,2026-03,Documentos societários,2026-03-28,2026-03-30,Recebido
1211,101,2026-04,Extratos,2026-05-03,2026-05-10,Recebido
1212,101,2026-05,Extratos,2026-06-02,2026-06-05,Recebido
1213,102,2025-07,Notas fiscais,2025-07-16,2025-07-22,Recebido
1214,102,2025-07,Folha,2025-08-04,2025-07-31,Recebido
1215,102,2025-08,Extratos,2025-09-11,2025-09-04,Recebido
1216,102,2025-09,Extratos,2025-10-14,2025-10-23,Recebido
1217,102,2025-10,Documentos societários,2025-11-05,2025-10-27,Recebido
1218,102,2025-11,Extratos,2025-11-28,2025-12-05,Recebido
1219,102,2025-12,Extratos,2025-12-31,2025-12-29,Recebido
1220,102,2026-01,Documentos societários,2026-02-11,2026-02-10,Recebido
1221,102,2026-02,Extratos,2026-02-28,2026-03-09,Recebido
1222,102,2026-03,Documentos societários,2026-03-28,2026-03-18,Recebido
1223,102,2026-04,Notas fiscais,2026-05-08,2026-05-13,Recebido
1224,102,2026-05,Documentos societários,2026-05-30,2026-06-03,Recebido
1225,103,2025-07,Notas fiscais,2025-07-02,2025-06-24,Recebido
1226,103,2025-07,Documentos societários,2025-08-12,2025-08-05,Recebido
1227,103,2025-08,Documentos societários,2025-09-09,2025-09-10,Recebido
1228,103,2025-09,Folha,2025-10-12,2025-10-10,Recebido
1229,103,2025-10,Documentos societários,2025-11-11,2025-11-06,Recebido
1230,103,2025-11,Notas fiscais,2025-11-29,2025-12-06,Recebido
1231,103,2025-12,Folha,2025-12-30,2025-12-24,Recebido
1232,103,2026-01,Extratos,2026-02-04,2026-02-05,Recebido
1233,103,2026-02,Folha,2026-03-07,2026-03-12,Recebido
1234,103,2026-03,Notas fiscais,2026-04-05,2026-04-03,Recebido
1235,103,2026-04,Folha,2026-04-27,2026-04-28,Recebido
1236,103,2026-05,Extratos,2026-05-29,2026-05-31,Recebido
1237,104,2025-07,Notas fiscais,2025-07-10,2025-07-13,Recebido
1238,104,2025-07,Folha,2025-08-09,2025-08-04,Recebido
1239,104,2025-08,Notas fiscais,2025-09-02,2025-08-29,Recebido
1240,104,2025-09,Folha,2025-10-03,2025-10-04,Recebido
1241,104,2025-10,Notas fiscais,2025-10-30,2025-10-26,Recebido
1242,104,2025-11,Notas fiscais,2025-12-10,2025-12-07,Recebido
1243,104,2025-12,Extratos,2026-01-07,2026-01-04,Recebido
1244,104,2026-01,Documentos societários,2026-02-05,2026-01-31,Recebido
1245,104,2026-02,Extratos,2026-02-28,2026-03-06,Recebido
1246,104,2026-03,Extratos,2026-03-31,2026-04-01,Recebido
1247,104,2026-04,Notas fiscais,2026-04-28,2026-05-06,Recebido
1248,104,2026-05,Notas fiscais,2026-06-10,2026-06-07,Recebido
1249,105,2025-07,Folha,2025-07-10,2025-07-05,Recebido
1250,105,2025-07,Folha,2025-08-02,2025-08-11,Recebido
1251,105,2025-08,Extratos,2025-09-11,2025-09-01,Recebido
1252,105,2025-09,Folha,2025-10-12,2025-10-07,Recebido
1253,105,2025-10,Documentos societários,2025-11-06,2025-11-04,Recebido
1254,105,2025-11,Folha,2025-11-28,2025-11-22,Recebido
1255,105,2025-12,Extratos,2026-01-03,2026-01-01,Recebido
1256,105,2026-01,Folha,2026-02-08,,Pendente
1257,105,2026-02,Extratos,2026-02-28,,Pendente
1258,105,2026-03,Notas fiscais,2026-04-04,2026-03-28,Recebido
1259,105,2026-04,Documentos societários,2026-05-05,,Pendente
1260,105,2026-05,Documentos societários,2026-06-06,2026-06-01,Recebido
1261,106,2025-07,Extratos,2025-07-05,2025-07-03,Recebido
1262,106,2025-07,Folha,2025-08-12,2025-08-08,Recebido
1263,106,2025-08,Folha,2025-09-13,2025-09-17,Recebido
1264,106,2025-09,Folha,2025-10-11,2025-10-04,Recebido
1265,106,2025-10,Extratos,2025-11-07,2025-11-07,Recebido
1266,106,2025-11,Notas fiscais,2025-12-08,2025-12-15,Recebido
1267,106,2025-12,Documentos societários,2026-01-09,,Pendente
1268,106,2026-01,Extratos,2026-02-11,,Pendente
1269,106,2026-02,Notas fiscais,2026-03-12,2026-03-02,Recebido
1270,106,2026-03,Extratos,2026-03-31,2026-03-26,Recebido
1271,106,2026-04,Documentos societários,2026-05-09,,Pendente
1272,106,2026-05,Documentos societários,2026-06-04,2026-05-31,Recebido
1273,107,2025-07,Notas fiscais,2025-07-05,2025-07-03,Recebido
1274,107,2025-07,Notas fiscais,2025-08-13,2025-08-17,Recebido
1275,107,2025-08,Notas fiscais,2025-08-31,2025-09-07,Recebido
1276,107,2025-09,Documentos societários,2025-10-01,2025-10-03,Recebido
1277,107,2025-10,Documentos societários,2025-11-13,2025-11-11,Recebido
1278,107,2025-11,Extratos,2025-12-01,2025-11-25,Recebido
1279,107,2025-12,Documentos societários,2026-01-12,2026-01-16,Recebido
1280,107,2026-01,Folha,2026-02-06,2026-02-15,Recebido
1281,107,2026-02,Notas fiscais,2026-02-27,2026-03-01,Recebido
1282,107,2026-03,Folha,2026-03-30,2026-03-27,Recebido
1283,107,2026-04,Notas fiscais,2026-05-08,2026-05-15,Recebido
1284,107,2026-05,Notas fiscais,2026-06-08,2026-06-05,Recebido
1285,108,2025-07,Folha,2025-07-16,2025-07-24,Recebido
1286,108,2025-07,Extratos,2025-08-15,,Pendente
1287,108,2025-08,Documentos societários,2025-09-03,2025-09-05,Recebido
1288,108,2025-09,Documentos societários,2025-10-14,2025-10-06,Recebido
1289,108,2025-10,Documentos societários,2025-11-12,2025-11-19,Recebido
1290,108,2025-11,Notas fiscais,2025-12-05,2025-12-01,Recebido
1291,108,2025-12,Folha,2026-01-12,2026-01-18,Recebido
1292,108,2026-01,Notas fiscais,2026-02-09,2026-02-05,Recebido
1293,108,2026-02,Extratos,2026-03-05,2026-03-09,Recebido
1294,108,2026-03,Extratos,2026-04-04,2026-04-02,Recebido
1295,108,2026-04,Documentos societários,2026-05-05,2026-05-14,Recebido
1296,108,2026-05,Documentos societários,2026-06-01,2026-05-30,Recebido
1297,109,2025-07,Folha,2025-07-02,2025-06-28,Recebido
1298,109,2025-07,Documentos societários,2025-08-09,,Pendente
1299,109,2025-08,Folha,2025-09-10,2025-09-18,Recebido
1300,109,2025-09,Notas fiscais,2025-10-02,2025-10-05,Recebido
1301,109,2025-10,Extratos,2025-11-01,,Pendente
1302,109,2025-11,Extratos,2025-12-05,2025-12-05,Recebido
1303,109,2025-12,Folha,2025-12-30,2025-12-21,Recebido
1304,109,2026-01,Notas fiscais,2026-01-31,2026-01-27,Recebido
1305,109,2026-02,Notas fiscais,2026-02-28,2026-02-18,Recebido
1306,109,2026-03,Extratos,2026-04-07,2026-04-14,Recebido
1307,109,2026-04,Documentos societários,2026-04-28,2026-04-23,Recebido
1308,109,2026-05,Documentos societários,2026-06-05,2026-06-02,Recebido
1309,110,2025-07,Documentos societários,2025-07-08,,Pendente
1310,110,2025-07,Folha,2025-08-04,2025-07-30,Recebido
1311,110,2025-08,Folha,2025-09-12,2025-09-08,Recebido
1312,110,2025-09,Notas fiscais,2025-10-09,2025-10-09,Recebido
1313,110,2025-10,Folha,2025-10-31,2025-11-07,Recebido
1314,110,2025-11,Documentos societários,2025-12-07,2025-12-06,Recebido
1315,110,2025-12,Notas fiscais,2026-01-06,2025-12-30,Recebido
1316,110,2026-01,Notas fiscais,2026-02-07,2026-02-09,Recebido
1317,110,2026-02,Extratos,2026-03-10,,Pendente
1318,110,2026-03,Folha,2026-03-31,2026-03-31,Recebido
1319,110,2026-04,Documentos societários,2026-05-07,2026-05-16,Recebido
1320,110,2026-05,Folha,2026-06-05,2026-06-09,Recebido
1321,111,2025-07,Documentos societários,2025-07-16,,Pendente
1322,111,2025-07,Documentos societários,2025-08-01,2025-07-22,Recebido
1323,111,2025-08,Folha,2025-09-09,2025-09-02,Recebido
1324,111,2025-09,Notas fiscais,2025-10-06,,Pendente
1325,111,2025-10,Extratos,2025-11-04,2025-11-07,Recebido
1326,111,2025-11,Notas fiscais,2025-12-02,2025-11-26,Recebido
1327,111,2025-12,Folha,2026-01-09,2026-01-10,Recebido
1328,111,2026-01,Extratos,2026-02-09,2026-02-11,Recebido
1329,111,2026-02,Folha,2026-03-07,2026-03-13,Recebido
1330,111,2026-03,Documentos societários,2026-04-10,2026-04-11,Recebido
1331,111,2026-04,Documentos societários,2026-05-01,2026-04-23,Recebido
1332,111,2026-05,Folha,2026-05-31,2026-05-31,Recebido
1333,112,2025-07,Extratos,2025-07-01,2025-07-05,Recebido
1334,112,2025-07,Documentos societários,2025-08-01,2025-07-30,Recebido
1335,112,2025-08,Documentos societários,2025-09-08,2025-09-08,Recebido
1336,112,2025-09,Folha,2025-10-05,2025-10-12,Recebido
1337,112,2025-10,Notas fiscais,2025-11-13,2025-11-03,Recebido
1338,112,2025-11,Notas fiscais,2025-11-30,,Pendente
1339,112,2025-12,Documentos societários,2025-12-31,,Pendente
1340,112,2026-01,Extratos,2026-02-02,2026-02-11,Recebido
1341,112,2026-02,Extratos,2026-03-13,2026-03-08,Recebido
1342,112,2026-03,Extratos,2026-04-08,2026-04-16,Recebido
1343,112,2026-04,Extratos,2026-04-30,2026-04-26,Recebido
1344,112,2026-05,Extratos,2026-06-01,2026-05-28,Recebido
1345,113,2025-07,Folha,2025-07-09,2025-07-11,Recebido
1346,113,2025-07,Notas fiscais,2025-08-08,2025-07-31,Recebido
1347,113,2025-08,Notas fiscais,2025-09-09,,Pendente
1348,113,2025-09,Documentos societários,2025-10-06,2025-10-13,Recebido
1349,113,2025-10,Documentos societários,2025-10-29,2025-10-28,Recebido
1350,113,2025-11,Extratos,2025-12-06,2025-12-11,Recebido
1351,113,2025-12,Notas fiscais,2026-01-07,2026-01-07,Recebido
1352,113,2026-01,Notas fiscais,2026-01-28,2026-01-19,Recebido
1353,113,2026-02,Documentos societários,2026-02-28,2026-02-19,Recebido
1354,113,2026-03,Extratos,2026-04-07,2026-03-31,Recebido
1355,113,2026-04,Folha,2026-05-12,2026-05-03,Recebido
1356,113,2026-05,Folha,2026-06-10,2026-06-18,Recebido
1357,114,2025-07,Documentos societários,2025-07-08,2025-07-02,Recebido
1358,114,2025-07,Notas fiscais,2025-08-03,2025-08-05,Recebido
1359,114,2025-08,Notas fiscais,2025-09-07,2025-09-14,Recebido
1360,114,2025-09,Folha,2025-10-11,2025-10-18,Recebido
1361,114,2025-10,Folha,2025-11-09,2025-11-03,Recebido
1362,114,2025-11,Documentos societários,2025-12-06,2025-12-13,Recebido
1363,114,2025-12,Extratos,2026-01-12,2026-01-16,Recebido
1364,114,2026-01,Folha,2026-01-28,2026-01-18,Recebido
1365,114,2026-02,Notas fiscais,2026-03-09,,Pendente
1366,114,2026-03,Notas fiscais,2026-04-06,,Pendente
1367,114,2026-04,Folha,2026-04-28,2026-05-07,Recebido
1368,114,2026-05,Folha,2026-05-28,2026-05-23,Recebido
1369,115,2025-07,Folha,2025-07-08,2025-07-12,Recebido
1370,115,2025-07,Extratos,2025-08-07,2025-07-28,Recebido
1371,115,2025-08,Folha,2025-09-07,,Pendente
1372,115,2025-09,Extratos,2025-10-12,2025-10-05,Recebido
1373,115,2025-10,Extratos,2025-11-13,,Pendente
1374,115,2025-11,Documentos societários,2025-11-29,2025-12-02,Recebido
1375,115,2025-12,Folha,2026-01-12,2026-01-02,Recebido
1376,115,2026-01,Extratos,2026-01-28,2026-01-24,Recebido
1377,115,2026-02,Extratos,2026-03-01,2026-02-28,Recebido
1378,115,2026-03,Notas fiscais,2026-04-05,2026-03-30,Recebido
1379,115,2026-04,Extratos,2026-05-07,2026-05-02,Recebido
1380,115,2026-05,Extratos,2026-06-03,2026-05-27,Recebido
1381,116,2025-07,Extratos,2025-07-06,,Pendente
1382,116,2025-07,Documentos societários,2025-08-15,2025-08-11,Recebido
1383,116,2025-08,Extratos,2025-09-01,2025-09-04,Recebido
1384,116,2025-09,Folha,2025-10-14,2025-10-09,Recebido
1385,116,2025-10,Extratos,2025-11-01,,Pendente
1386,116,2025-11,Extratos,2025-12-07,2025-12-05,Recebido
1387,116,2025-12,Documentos societários,2026-01-11,2026-01-16,Recebido
1388,116,2026-01,Folha,2026-02-07,2026-02-13,Recebido
1389,116,2026-02,Documentos societários,2026-02-26,2026-03-06,Recebido
1390,116,2026-03,Folha,2026-04-04,2026-03-30,Recebido
1391,116,2026-04,Documentos societários,2026-05-06,2026-05-01,Recebido
1392,116,2026-05,Documentos societários,2026-06-01,2026-05-28,Recebido
1393,117,2025-07,Notas fiscais,2025-07-05,,Pendente
1394,117,2025-07,Folha,2025-08-14,2025-08-22,Recebido
1395,117,2025-08,Notas fiscais,2025-08-31,2025-08-24,Recebido
1396,117,2025-09,Documentos societários,2025-09-30,2025-10-08,Recebido
1397,117,2025-10,Documentos societários,2025-11-02,2025-10-26,Recebido
1398,117,2025-11,Extratos,2025-12-03,2025-12-05,Recebido
1399,117,2025-12,Notas fiscais,2026-01-04,,Pendente
1400,117,2026-01,Notas fiscais,2026-02-02,2026-02-05,Recebido
1401,117,2026-02,Documentos societários,2026-03-07,2026-03-01,Recebido
1402,117,2026-03,Folha,2026-04-04,,Pendente
1403,117,2026-04,Documentos societários,2026-05-03,2026-04-24,Recebido
1404,117,2026-05,Folha,2026-06-05,2026-05-30,Recebido
1405,118,2025-07,Folha,2025-07-10,2025-07-06,Recebido
1406,118,2025-07,Folha,2025-08-15,,Pendente
1407,118,2025-08,Documentos societários,2025-08-31,2025-08-27,Recebido
1408,118,2025-09,Folha,2025-10-03,2025-10-12,Recebido
1409,118,2025-10,Extratos,2025-11-13,2025-11-09,Recebido
1410,118,2025-11,Extratos,2025-11-28,2025-12-02,Recebido
1411,118,2025-12,Documentos societários,2025-12-29,,Pendente
1412,118,2026-01,Documentos societários,2026-02-09,,Pendente
1413,118,2026-02,Notas fiscais,2026-02-28,2026-03-08,Recebido
1414,118,2026-03,Notas fiscais,2026-03-31,,Pendente
1415,118,2026-04,Notas fiscais,2026-05-11,2026-05-17,Recebido
1416,118,2026-05,Documentos societários,2026-06-06,2026-06-12,Recebido
1417,119,2025-07,Documentos societários,2025-07-13,2025-07-22,Recebido
1418,119,2025-07,Documentos societários,2025-08-15,,Pendente
1419,119,2025-08,Extratos,2025-09-08,2025-09-02,Recebido
1420,119,2025-09,Notas fiscais,2025-10-08,2025-10-05,Recebido
1421,119,2025-10,Folha,2025-11-04,2025-10-27,Recebido
1422,119,2025-11,Notas fiscais,2025-12-06,2025-12-02,Recebido
1423,119,2025-12,Notas fiscais,2026-01-02,2025-12-31,Recebido
1424,119,2026-01,Notas fiscais,2026-02-10,2026-02-08,Recebido
1425,119,2026-02,Documentos societários,2026-03-08,2026-03-05,Recebido
1426,119,2026-03,Notas fiscais,2026-04-08,2026-04-16,Recebido
1427,119,2026-04,Extratos,2026-05-08,2026-05-09,Recebido
1428,119,2026-05,Notas fiscais,2026-06-02,2026-06-04,Recebido
1429,120,2025-07,Extratos,2025-07-12,2025-07-18,Recebido
1430,120,2025-07,Notas fiscais,2025-08-06,2025-08-08,Recebido
1431,120,2025-08,Notas fiscais,2025-09-04,2025-09-04,Recebido
1432,120,2025-09,Extratos,2025-10-02,2025-10-01,Recebido
1433,120,2025-10,Notas fiscais,2025-11-04,2025-10-26,Recebido
1434,120,2025-11,Documentos societários,2025-12-09,2025-12-12,Recebido
1435,120,2025-12,Documentos societários,2026-01-10,,Pendente
1436,120,2026-01,Documentos societários,2026-02-11,2026-02-14,Recebido
1437,120,2026-02,Folha,2026-03-10,2026-03-04,Recebido
1438,120,2026-03,Notas fiscais,2026-04-03,2026-04-09,Recebido
1439,120,2026-04,Extratos,2026-05-06,2026-05-01,Recebido
1440,120,2026-05,Notas fiscais,2026-06-09,,Pendente
1441,121,2025-07,Extratos,2025-07-12,2025-07-12,Recebido
1442,121,2025-07,Extratos,2025-08-12,2025-08-21,Recebido
1443,121,2025-08,Documentos societários,2025-08-30,2025-08-21,Recebido
1444,121,2025-09,Extratos,2025-10-08,2025-10-04,Recebido
1445,121,2025-10,Extratos,2025-11-08,2025-11-05,Recebido
1446,121,2025-11,Extratos,2025-12-09,2025-12-05,Recebido
1447,121,2025-12,Documentos societários,2025-12-28,2025-12-19,Recebido
1448,121,2026-01,Documentos societários,2026-02-10,2026-02-05,Recebido
1449,121,2026-02,Extratos,2026-03-03,,Pendente
1450,121,2026-03,Folha,2026-04-02,2026-04-08,Recebido
1451,121,2026-04,Folha,2026-05-08,2026-05-02,Recebido
1452,121,2026-05,Documentos societários,2026-06-08,2026-06-15,Recebido
1453,122,2025-07,Notas fiscais,2025-07-14,2025-07-08,Recebido
1454,122,2025-07,Folha,2025-08-11,2025-08-14,Recebido
1455,122,2025-08,Extratos,2025-09-06,,Pendente
1456,122,2025-09,Notas fiscais,2025-10-09,,Pendente
1457,122,2025-10,Documentos societários,2025-11-09,2025-11-02,Recebido
1458,122,2025-11,Extratos,2025-12-10,2025-12-02,Recebido
1459,122,2025-12,Folha,2026-01-03,2025-12-26,Recebido
1460,122,2026-01,Folha,2026-01-27,2026-01-24,Recebido
1461,122,2026-02,Extratos,2026-03-11,2026-03-10,Recebido
1462,122,2026-03,Documentos societários,2026-04-04,2026-04-07,Recebido
1463,122,2026-04,Notas fiscais,2026-05-05,2026-04-27,Recebido
1464,122,2026-05,Extratos,2026-06-05,2026-06-14,Recebido
1465,123,2025-07,Notas fiscais,2025-07-10,2025-07-12,Recebido
1466,123,2025-07,Extratos,2025-08-12,,Pendente
1467,123,2025-08,Folha,2025-09-01,2025-08-28,Recebido
1468,123,2025-09,Extratos,2025-10-09,2025-10-03,Recebido
1469,123,2025-10,Folha,2025-11-09,,Pendente
1470,123,2025-11,Notas fiscais,2025-12-04,2025-12-02,Recebido
1471,123,2025-12,Documentos societários,2026-01-06,,Pendente
1472,123,2026-01,Extratos,2026-02-03,2026-01-26,Recebido
1473,123,2026-02,Extratos,2026-03-01,2026-03-06,Recebido
1474,123,2026-03,Extratos,2026-04-10,2026-04-06,Recebido
1475,123,2026-04,Documentos societários,2026-05-12,2026-05-16,Recebido
1476,123,2026-05,Folha,2026-05-30,2026-05-23,Recebido
1477,124,2025-07,Documentos societários,2025-07-13,2025-07-16,Recebido
1478,124,2025-07,Extratos,2025-08-09,,Pendente
1479,124,2025-08,Notas fiscais,2025-09-06,2025-09-05,Recebido
1480,124,2025-09,Extratos,2025-10-07,2025-10-02,Recebido
1481,124,2025-10,Documentos societários,2025-11-05,2025-11-05,Recebido
1482,124,2025-11,Notas fiscais,2025-12-10,2025-12-02,Recebido
1483,124,2025-12,Notas fiscais,2026-01-01,2026-01-09,Recebido
1484,124,2026-01,Folha,2026-02-07,2026-01-28,Recebido
1485,124,2026-02,Folha,2026-03-01,,Pendente
1486,124,2026-03,Folha,2026-04-04,,Pendente
1487,124,2026-04,Folha,2026-05-09,2026-05-13,Recebido
1488,124,2026-05,Folha,2026-05-29,2026-05-21,Recebido
1489,125,2025-07,Extratos,2025-07-01,2025-07-04,Recebido
1490,125,2025-07,Documentos societários,2025-08-07,2025-08-09,Recebido
1491,125,2025-08,Folha,2025-09-03,2025-09-03,Recebido
1492,125,2025-09,Extratos,2025-10-10,2025-10-15,Recebido
1493,125,2025-10,Documentos societários,2025-11-05,2025-10-28,Recebido
1494,125,2025-11,Folha,2025-12-07,2025-12-08,Recebido
1495,125,2025-12,Notas fiscais,2026-01-05,,Pendente
1496,125,2026-01,Documentos societários,2026-01-30,2026-02-06,Recebido
1497,125,2026-02,Notas fiscais,2026-03-13,2026-03-09,Recebido
1498,125,2026-03,Documentos societários,2026-03-29,2026-04-05,Recebido
1499,125,2026-04,Folha,2026-05-06,2026-05-07,Recebido
1500,125,2026-05,Folha,2026-06-10,2026-06-19,Recebido
1501,126,2025-07,Folha,2025-07-06,,Pendente
1502,126,2025-07,Extratos,2025-08-14,,Pendente
1503,126,2025-08,Folha,2025-09-07,2025-09-02,Recebido
1504,126,2025-09,Folha,2025-10-01,2025-09-21,Recebido
1505,126,2025-10,Notas fiscais,2025-11-13,2025-11-13,Recebido
1506,126,2025-11,Folha,2025-12-13,2025-12-10,Recebido
1507,126,2025-12,Extratos,2026-01-01,2025-12-22,Recebido
1508,126,2026-01,Folha,2026-01-28,,Pendente
1509,126,2026-02,Notas fiscais,2026-03-11,,Pendente
1510,126,2026-03,Extratos,2026-04-04,2026-04-11,Recebido
1511,126,2026-04,Notas fiscais,2026-05-09,2026-05-03,Recebido
1512,126,2026-05,Extratos,2026-06-05,,Pendente
1513,127,2025-07,Extratos,2025-07-13,2025-07-12,Recebido
1514,127,2025-07,Folha,2025-08-12,2025-08-09,Recebido
1515,127,2025-08,Folha,2025-09-01,2025-08-25,Recebido
1516,127,2025-09,Notas fiscais,2025-10-04,2025-09-27,Recebido
1517,127,2025-10,Folha,2025-10-30,2025-11-06,Recebido
1518,127,2025-11,Folha,2025-12-04,2025-12-12,Recebido
1519,127,2025-12,Extratos,2025-12-28,2025-12-31,Recebido
1520,127,2026-01,Folha,2026-01-29,2026-01-21,Recebido
1521,127,2026-02,Notas fiscais,2026-02-28,2026-03-08,Recebido
1522,127,2026-03,Folha,2026-04-04,2026-04-10,Recebido
1523,127,2026-04,Folha,2026-04-29,2026-04-26,Recebido
1524,127,2026-05,Extratos,2026-06-08,2026-06-17,Recebido
1525,128,2025-07,Folha,2025-07-05,2025-06-30,Recebido
1526,128,2025-07,Notas fiscais,2025-08-04,2025-08-09,Recebido
1527,128,2025-08,Notas fiscais,2025-09-01,2025-09-08,Recebido
1528,128,2025-09,Extratos,2025-10-08,,Pendente
1529,128,2025-10,Folha,2025-10-29,2025-10-23,Recebido
1530,128,2025-11,Extratos,2025-12-09,2025-12-11,Recebido
1531,128,2025-12,Folha,2026-01-01,2026-01-04,Recebido
1532,128,2026-01,Folha,2026-01-30,2026-02-04,Recebido
1533,128,2026-02,Folha,2026-02-26,2026-03-04,Recebido
1534,128,2026-03,Documentos societários,2026-03-31,2026-03-28,Recebido
1535,128,2026-04,Folha,2026-05-12,2026-05-05,Recebido
1536,128,2026-05,Documentos societários,2026-06-06,2026-06-07,Recebido
1537,129,2025-07,Folha,2025-07-07,2025-07-03,Recebido
1538,129,2025-07,Folha,2025-08-06,2025-08-08,Recebido
1539,129,2025-08,Documentos societários,2025-09-07,2025-08-29,Recebido
1540,129,2025-09,Documentos societários,2025-10-02,2025-10-01,Recebido
1541,129,2025-10,Documentos societários,2025-11-13,2025-11-21,Recebido
1542,129,2025-11,Folha,2025-12-04,2025-12-01,Recebido
1543,129,2025-12,Extratos,2026-01-07,2026-01-08,Recebido
1544,129,2026-01,Documentos societários,2026-01-27,2026-01-30,Recebido
1545,129,2026-02,Extratos,2026-03-09,2026-03-13,Recebido
1546,129,2026-03,Documentos societários,2026-04-05,2026-04-02,Recebido
1547,129,2026-04,Extratos,2026-04-29,2026-05-03,Recebido
1548,129,2026-05,Notas fiscais,2026-05-27,2026-05-23,Recebido
1549,130,2025-07,Notas fiscais,2025-07-13,2025-07-20,Recebido
1550,130,2025-07,Notas fiscais,2025-08-03,2025-08-11,Recebido
1551,130,2025-08,Notas fiscais,2025-09-04,2025-08-28,Recebido
1552,130,2025-09,Documentos societários,2025-10-06,2025-10-10,Recebido
1553,130,2025-10,Extratos,2025-11-01,2025-11-06,Recebido
1554,130,2025-11,Documentos societários,2025-12-13,,Pendente
1555,130,2025-12,Notas fiscais,2026-01-02,2026-01-04,Recebido
1556,130,2026-01,Extratos,2026-02-11,2026-02-10,Recebido
1557,130,2026-02,Notas fiscais,2026-03-03,2026-03-04,Recebido
1558,130,2026-03,Notas fiscais,2026-04-06,2026-04-08,Recebido
1559,130,2026-04,Folha,2026-05-07,2026-05-15,Recebido
1560,130,2026-05,Folha,2026-06-08,2026-06-08,Recebido
1561,131,2025-07,Extratos,2025-07-12,2025-07-18,Recebido
1562,131,2025-07,Folha,2025-08-12,2025-08-02,Recebido
1563,131,2025-08,Folha,2025-09-06,2025-09-10,Recebido
1564,131,2025-09,Extratos,2025-10-14,2025-10-23,Recebido
1565,131,2025-10,Folha,2025-11-12,2025-11-13,Recebido
1566,131,2025-11,Notas fiscais,2025-12-10,2025-12-14,Recebido
1567,131,2025-12,Extratos,2026-01-02,,Pendente
1568,131,2026-01,Extratos,2026-02-06,2026-02-14,Recebido
1569,131,2026-02,Notas fiscais,2026-03-11,2026-03-01,Recebido
1570,131,2026-03,Documentos societários,2026-04-09,2026-04-16,Recebido
1571,131,2026-04,Documentos societários,2026-05-01,2026-04-26,Recebido
1572,131,2026-05,Documentos societários,2026-06-02,2026-05-31,Recebido
1573,132,2025-07,Extratos,2025-07-07,2025-07-05,Recebido
1574,132,2025-07,Notas fiscais,2025-08-05,2025-07-31,Recebido
1575,132,2025-08,Extratos,2025-09-03,,Pendente
1576,132,2025-09,Extratos,2025-10-10,2025-10-03,Recebido
1577,132,2025-10,Notas fiscais,2025-11-11,,Pendente
1578,132,2025-11,Documentos societários,2025-12-12,2025-12-21,Recebido
1579,132,2025-12,Documentos societários,2025-12-30,2026-01-02,Recebido
1580,132,2026-01,Extratos,2026-02-09,2026-02-03,Recebido
1581,132,2026-02,Notas fiscais,2026-03-13,2026-03-18,Recebido
1582,132,2026-03,Folha,2026-04-03,2026-04-11,Recebido
1583,132,2026-04,Documentos societários,2026-05-10,2026-05-14,Recebido
1584,132,2026-05,Extratos,2026-06-06,2026-06-10,Recebido
1585,133,2025-07,Notas fiscais,2025-07-12,2025-07-11,Recebido
1586,133,2025-07,Notas fiscais,2025-08-06,,Pendente
1587,133,2025-08,Folha,2025-09-14,,Pendente
1588,133,2025-09,Notas fiscais,2025-10-08,2025-09-28,Recebido
1589,133,2025-10,Folha,2025-11-12,2025-11-04,Recebido
1590,133,2025-11,Notas fiscais,2025-12-04,,Pendente
1591,133,2025-12,Extratos,2026-01-06,2026-01-10,Recebido
1592,133,2026-01,Folha,2026-01-30,2026-01-22,Recebido
1593,133,2026-02,Documentos societários,2026-03-05,2026-03-09,Recebido
1594,133,2026-03,Documentos societários,2026-03-30,2026-04-06,Recebido
1595,133,2026-04,Documentos societários,2026-05-06,2026-05-05,Recebido
1596,133,2026-05,Notas fiscais,2026-06-05,2026-06-03,Recebido
1597,134,2025-07,Extratos,2025-07-15,2025-07-21,Recebido
1598,134,2025-07,Folha,2025-08-12,2025-08-20,Recebido
1599,134,2025-08,Extratos,2025-09-12,,Pendente
1600,134,2025-09,Extratos,2025-10-02,2025-09-28,Recebido
1601,134,2025-10,Notas fiscais,2025-10-29,2025-11-06,Recebido
1602,134,2025-11,Documentos societários,2025-12-05,2025-11-25,Recebido
1603,134,2025-12,Extratos,2025-12-31,2025-12-27,Recebido
1604,134,2026-01,Documentos societários,2026-02-02,2026-01-26,Recebido
1605,134,2026-02,Extratos,2026-02-28,2026-02-19,Recebido
1606,134,2026-03,Extratos,2026-04-02,2026-04-01,Recebido
1607,134,2026-04,Notas fiscais,2026-05-12,2026-05-06,Recebido
1608,134,2026-05,Extratos,2026-06-02,2026-05-31,Recebido
1609,135,2025-07,Extratos,2025-07-11,2025-07-04,Recebido
1610,135,2025-07,Documentos societários,2025-08-03,2025-07-30,Recebido
1611,135,2025-08,Notas fiscais,2025-09-08,2025-09-17,Recebido
1612,135,2025-09,Extratos,2025-10-08,2025-10-09,Recebido
1613,135,2025-10,Extratos,2025-11-01,2025-11-10,Recebido
1614,135,2025-11,Extratos,2025-12-13,2025-12-11,Recebido
1615,135,2025-12,Documentos societários,2026-01-12,2026-01-18,Recebido
1616,135,2026-01,Documentos societários,2026-01-30,2026-01-25,Recebido
1617,135,2026-02,Documentos societários,2026-03-06,2026-03-01,Recebido
1618,135,2026-03,Documentos societários,2026-03-30,2026-03-30,Recebido
1619,135,2026-04,Notas fiscais,2026-05-05,,Pendente
1620,135,2026-05,Extratos,2026-06-07,2026-06-12,Recebido
1621,136,2025-07,Folha,2025-07-11,,Pendente
1622,136,2025-07,Folha,2025-08-08,2025-07-30,Recebido
1623,136,2025-08,Documentos societários,2025-09-01,,Pendente
1624,136,2025-09,Notas fiscais,2025-10-07,2025-10-02,Recebido
1625,136,2025-10,Extratos,2025-11-10,2025-11-02,Recebido
1626,136,2025-11,Folha,2025-12-02,2025-12-02,Recebido
1627,136,2025-12,Notas fiscais,2026-01-09,2025-12-30,Recebido
1628,136,2026-01,Documentos societários,2026-02-11,2026-02-04,Recebido
1629,136,2026-02,Folha,2026-03-09,2026-03-03,Recebido
1630,136,2026-03,Extratos,2026-04-10,2026-04-08,Recebido
1631,136,2026-04,Notas fiscais,2026-04-28,2026-05-05,Recebido
1632,136,2026-05,Notas fiscais,2026-06-01,2026-06-10,Recebido
1633,137,2025-07,Notas fiscais,2025-07-11,2025-07-15,Recebido
1634,137,2025-07,Folha,2025-08-03,2025-08-05,Recebido
1635,137,2025-08,Documentos societários,2025-09-07,2025-08-29,Recebido
1636,137,2025-09,Documentos societários,2025-10-01,2025-09-24,Recebido
1637,137,2025-10,Extratos,2025-11-07,2025-11-14,Recebido
1638,137,2025-11,Extratos,2025-12-10,2025-12-10,Recebido
1639,137,2025-12,Notas fiscais,2026-01-03,2025-12-27,Recebido
1640,137,2026-01,Notas fiscais,2026-02-08,2026-02-10,Recebido
1641,137,2026-02,Notas fiscais,2026-03-07,2026-03-01,Recebido
1642,137,2026-03,Documentos societários,2026-04-06,2026-04-09,Recebido
1643,137,2026-04,Extratos,2026-05-05,2026-05-05,Recebido
1644,137,2026-05,Folha,2026-06-02,,Pendente
1645,138,2025-07,Documentos societários,2025-07-07,2025-07-02,Recebido
1646,138,2025-07,Extratos,2025-08-06,2025-08-03,Recebido
1647,138,2025-08,Notas fiscais,2025-09-04,2025-09-10,Recebido
1648,138,2025-09,Documentos societários,2025-10-03,2025-09-28,Recebido
1649,138,2025-10,Folha,2025-11-02,,Pendente
1650,138,2025-11,Folha,2025-12-02,2025-12-07,Recebido
1651,138,2025-12,Folha,2026-01-12,2026-01-02,Recebido
1652,138,2026-01,Documentos societários,2026-01-27,2026-01-26,Recebido
1653,138,2026-02,Notas fiscais,2026-03-01,2026-02-20,Recebido
1654,138,2026-03,Documentos societários,2026-03-29,2026-03-20,Recebido
1655,138,2026-04,Folha,2026-05-04,2026-04-28,Recebido
1656,138,2026-05,Documentos societários,2026-05-27,2026-05-18,Recebido
1657,139,2025-07,Folha,2025-07-11,2025-07-02,Recebido
1658,139,2025-07,Folha,2025-08-02,2025-07-31,Recebido
1659,139,2025-08,Notas fiscais,2025-09-02,2025-08-28,Recebido
1660,139,2025-09,Documentos societários,2025-09-30,2025-09-21,Recebido
1661,139,2025-10,Notas fiscais,2025-11-05,2025-11-10,Recebido
1662,139,2025-11,Folha,2025-11-30,2025-12-08,Recebido
1663,139,2025-12,Notas fiscais,2026-01-11,2026-01-11,Recebido
1664,139,2026-01,Folha,2026-02-03,2026-02-08,Recebido
1665,139,2026-02,Notas fiscais,2026-03-04,2026-03-04,Recebido
1666,139,2026-03,Documentos societários,2026-04-06,2026-04-09,Recebido
1667,139,2026-04,Folha,2026-05-12,2026-05-03,Recebido
1668,139,2026-05,Documentos societários,2026-06-05,2026-06-01,Recebido
1669,140,2025-07,Extratos,2025-07-11,2025-07-14,Recebido
1670,140,2025-07,Documentos societários,2025-07-31,2025-07-21,Recebido
1671,140,2025-08,Notas fiscais,2025-09-13,2025-09-09,Recebido
1672,140,2025-09,Extratos,2025-09-30,2025-09-29,Recebido
1673,140,2025-10,Folha,2025-11-12,2025-11-14,Recebido
1674,140,2025-11,Folha,2025-12-10,2025-12-15,Recebido
1675,140,2025-12,Notas fiscais,2026-01-09,,Pendente
1676,140,2026-01,Documentos societários,2026-02-03,2026-01-27,Recebido
1677,140,2026-02,Extratos,2026-03-04,2026-03-01,Recebido
1678,140,2026-03,Documentos societários,2026-04-02,2026-04-01,Recebido
1679,140,2026-04,Notas fiscais,2026-05-01,2026-04-26,Recebido
1680,140,2026-05,Folha,2026-06-07,2026-06-05,Recebido
1681,141,2025-07,Notas fiscais,2025-07-09,2025-07-11,Recebido
1682,141,2025-07,Folha,2025-08-08,2025-08-10,Recebido
1683,141,2025-08,Extratos,2025-08-30,2025-08-29,Recebido
1684,141,2025-09,Documentos societários,2025-10-03,2025-10-01,Recebido
1685,141,2025-10,Extratos,2025-11-12,2025-11-09,Recebido
1686,141,2025-11,Folha,2025-11-28,2025-11-21,Recebido
1687,141,2025-12,Folha,2026-01-03,2026-01-07,Recebido
1688,141,2026-01,Extratos,2026-02-11,2026-02-08,Recebido
1689,141,2026-02,Documentos societários,2026-02-28,2026-02-20,Recebido
1690,141,2026-03,Extratos,2026-03-30,2026-03-27,Recebido
1691,141,2026-04,Folha,2026-05-01,2026-05-08,Recebido
1692,141,2026-05,Notas fiscais,2026-06-05,2026-06-02,Recebido
1693,142,2025-07,Extratos,2025-07-12,2025-07-12,Recebido
1694,142,2025-07,Folha,2025-08-10,2025-08-12,Recebido
1695,142,2025-08,Extratos,2025-09-12,2025-09-03,Recebido
1696,142,2025-09,Folha,2025-10-11,2025-10-19,Recebido
1697,142,2025-10,Notas fiscais,2025-11-10,2025-11-19,Recebido
1698,142,2025-11,Notas fiscais,2025-12-09,2025-11-29,Recebido
1699,142,2025-12,Extratos,2026-01-02,2026-01-09,Recebido
1700,142,2026-01,Folha,2026-02-05,2026-02-04,Recebido
1701,142,2026-02,Extratos,2026-03-02,2026-03-07,Recebido
1702,142,2026-03,Extratos,2026-04-05,2026-04-09,Recebido
1703,142,2026-04,Documentos societários,2026-04-30,,Pendente
1704,142,2026-05,Extratos,2026-05-27,2026-05-30,Recebido
1705,143,2025-07,Documentos societários,2025-07-06,2025-07-07,Recebido
1706,143,2025-07,Extratos,2025-08-01,2025-08-07,Recebido
1707,143,2025-08,Documentos societários,2025-09-09,2025-09-17,Recebido
1708,143,2025-09,Notas fiscais,2025-10-06,2025-10-12,Recebido
1709,143,2025-10,Folha,2025-11-11,2025-11-17,Recebido
1710,143,2025-11,Extratos,2025-12-07,2025-12-06,Recebido
1711,143,2025-12,Documentos societários,2026-01-11,2026-01-12,Recebido
1712,143,2026-01,Notas fiscais,2026-02-10,2026-02-09,Recebido
1713,143,2026-02,Folha,2026-03-10,2026-03-06,Recebido
1714,143,2026-03,Extratos,2026-04-05,2026-03-29,Recebido
1715,143,2026-04,Extratos,2026-05-12,2026-05-14,Recebido
1716,143,2026-05,Notas fiscais,2026-05-31,2026-06-08,Recebido
1717,144,2025-07,Extratos,2025-07-02,2025-06-24,Recebido
1718,144,2025-07,Extratos,2025-08-08,2025-08-17,Recebido
1719,144,2025-08,Folha,2025-08-30,2025-08-31,Recebido
1720,144,2025-09,Folha,2025-10-03,2025-10-08,Recebido
1721,144,2025-10,Folha,2025-11-02,2025-11-03,Recebido
1722,144,2025-11,Extratos,2025-12-08,,Pendente
1723,144,2025-12,Folha,2026-01-03,,Pendente
1724,144,2026-01,Extratos,2026-01-31,2026-01-23,Recebido
1725,144,2026-02,Folha,2026-03-06,2026-03-11,Recebido
1726,144,2026-03,Extratos,2026-03-31,2026-04-06,Recebido
1727,144,2026-04,Documentos societários,2026-05-11,2026-05-17,Recebido
1728,144,2026-05,Notas fiscais,2026-05-31,,Pendente
1729,145,2025-07,Documentos societários,2025-07-04,2025-06-30,Recebido
1730,145,2025-07,Notas fiscais,2025-08-06,2025-08-04,Recebido
1731,145,2025-08,Notas fiscais,2025-09-02,2025-09-02,Recebido
1732,145,2025-09,Documentos societários,2025-10-10,2025-10-05,Recebido
1733,145,2025-10,Documentos societários,2025-11-05,2025-11-06,Recebido
1734,145,2025-11,Documentos societários,2025-11-29,2025-11-22,Recebido
1735,145,2025-12,Folha,2026-01-06,2026-01-07,Recebido
1736,145,2026-01,Documentos societários,2026-02-04,2026-02-11,Recebido
1737,145,2026-02,Folha,2026-03-02,2026-03-10,Recebido
1738,145,2026-03,Documentos societários,2026-04-12,2026-04-09,Recebido
1739,145,2026-04,Notas fiscais,2026-05-06,2026-05-13,Recebido
1740,145,2026-05,Folha,2026-06-11,2026-06-15,Recebido
1741,146,2025-07,Documentos societários,2025-07-09,2025-07-03,Recebido
1742,146,2025-07,Folha,2025-08-10,2025-08-13,Recebido
1743,146,2025-08,Documentos societários,2025-09-10,2025-09-13,Recebido
1744,146,2025-09,Extratos,2025-10-08,,Pendente
1745,146,2025-10,Folha,2025-11-07,2025-11-15,Recebido
1746,146,2025-11,Folha,2025-12-06,2025-12-01,Recebido
1747,146,2025-12,Extratos,2026-01-05,2026-01-04,Recebido
1748,146,2026-01,Notas fiscais,2026-02-11,2026-02-09,Recebido
1749,146,2026-02,Documentos societários,2026-03-10,2026-03-17,Recebido
1750,146,2026-03,Documentos societários,2026-04-07,2026-03-28,Recebido
1751,146,2026-04,Extratos,2026-05-07,2026-05-11,Recebido
1752,146,2026-05,Documentos societários,2026-06-03,2026-06-01,Recebido
1753,147,2025-07,Notas fiscais,2025-07-10,,Pendente
1754,147,2025-07,Notas fiscais,2025-08-13,,Pendente
1755,147,2025-08,Extratos,2025-09-02,2025-08-25,Recebido
1756,147,2025-09,Notas fiscais,2025-09-29,2025-10-03,Recebido
1757,147,2025-10,Documentos societários,2025-11-03,2025-11-04,Recebido
1758,147,2025-11,Documentos societários,2025-12-13,2025-12-21,Recebido
1759,147,2025-12,Extratos,2026-01-03,2025-12-27,Recebido
1760,147,2026-01,Notas fiscais,2026-01-30,,Pendente
1761,147,2026-02,Folha,2026-03-05,2026-03-14,Recebido
1762,147,2026-03,Extratos,2026-04-08,2026-04-12,Recebido
1763,147,2026-04,Documentos societários,2026-05-12,2026-05-02,Recebido
1764,147,2026-05,Extratos,2026-06-06,,Pendente
1765,148,2025-07,Notas fiscais,2025-07-05,2025-07-05,Recebido
1766,148,2025-07,Notas fiscais,2025-08-12,2025-08-09,Recebido
1767,148,2025-08,Extratos,2025-09-04,2025-09-12,Recebido
1768,148,2025-09,Documentos societários,2025-10-06,,Pendente
1769,148,2025-10,Documentos societários,2025-11-02,2025-11-08,Recebido
1770,148,2025-11,Documentos societários,2025-12-13,2025-12-05,Recebido
1771,148,2025-12,Documentos societários,2025-12-31,2025-12-30,Recebido
1772,148,2026-01,Notas fiscais,2026-02-01,2026-02-05,Recebido
1773,148,2026-02,Extratos,2026-03-08,2026-03-08,Recebido
1774,148,2026-03,Documentos societários,2026-04-11,2026-04-12,Recebido
1775,148,2026-04,Notas fiscais,2026-05-12,2026-05-06,Recebido
1776,148,2026-05,Folha,2026-06-06,2026-06-02,Recebido
1777,149,2025-07,Folha,2025-07-09,2025-07-10,Recebido
1778,149,2025-07,Folha,2025-08-08,2025-08-04,Recebido
1779,149,2025-08,Extratos,2025-09-01,2025-08-24,Recebido
1780,149,2025-09,Extratos,2025-10-05,2025-10-06,Recebido
1781,149,2025-10,Notas fiscais,2025-11-07,,Pendente
1782,149,2025-11,Notas fiscais,2025-12-08,,Pendente
1783,149,2025-12,Documentos societários,2025-12-29,2025-12-21,Recebido
1784,149,2026-01,Notas fiscais,2026-02-07,2026-02-07,Recebido
1785,149,2026-02,Extratos,2026-03-12,2026-03-06,Recebido
1786,149,2026-03,Notas fiscais,2026-04-11,2026-04-20,Recebido
1787,149,2026-04,Extratos,2026-04-29,2026-04-30,Recebido
1788,149,2026-05,Documentos societários,2026-06-05,2026-06-07,Recebido
1789,150,2025-07,Folha,2025-07-14,2025-07-23,Recebido
1790,150,2025-07,Notas fiscais,2025-08-03,2025-08-05,Recebido
1791,150,2025-08,Extratos,2025-09-14,2025-09-18,Recebido
1792,150,2025-09,Notas fiscais,2025-10-11,2025-10-03,Recebido
1793,150,2025-10,Folha,2025-10-30,2025-10-23,Recebido
1794,150,2025-11,Notas fiscais,2025-11-28,2025-11-23,Recebido
1795,150,2025-12,Documentos societários,2026-01-06,2026-01-15,Recebido
1796,150,2026-01,Extratos,2026-02-06,2026-02-11,Recebido
1797,150,2026-02,Notas fiscais,2026-03-13,2026-03-20,Recebido
1798,150,2026-03,Extratos,2026-04-08,2026-04-11,Recebido
1799,150,2026-04,Notas fiscais,2026-04-28,2026-05-04,Recebido
1800,150,2026-05,Folha,2026-06-08,2026-06-15,Recebido
1801,151,2025-07,Extratos,2025-07-05,2025-07-02,Recebido
1802,151,2025-07,Extratos,2025-08-02,,Pendente
1803,151,2025-08,Notas fiscais,2025-09-06,2025-09-08,Recebido
1804,151,2025-09,Folha,2025-10-07,,Pendente
1805,151,2025-10,Notas fiscais,2025-11-05,2025-11-01,Recebido
1806,151,2025-11,Notas fiscais,2025-12-01,2025-11-25,Recebido
1807,151,2025-12,Documentos societários,2026-01-10,2026-01-08,Recebido
1808,151,2026-01,Extratos,2026-02-01,2026-01-28,Recebido
1809,151,2026-02,Extratos,2026-03-13,2026-03-14,Recebido
1810,151,2026-03,Folha,2026-04-03,2026-03-26,Recebido
1811,151,2026-04,Documentos societários,2026-05-10,2026-05-02,Recebido
1812,151,2026-05,Folha,2026-05-29,2026-06-04,Recebido
1813,152,2025-07,Documentos societários,2025-07-14,2025-07-13,Recebido
1814,152,2025-07,Notas fiscais,2025-08-01,2025-08-02,Recebido
1815,152,2025-08,Folha,2025-09-11,,Pendente
1816,152,2025-09,Documentos societários,2025-10-11,,Pendente
1817,152,2025-10,Extratos,2025-11-01,2025-11-02,Recebido
1818,152,2025-11,Notas fiscais,2025-11-30,2025-12-02,Recebido
1819,152,2025-12,Documentos societários,2026-01-03,,Pendente
1820,152,2026-01,Folha,2026-02-08,2026-02-07,Recebido
1821,152,2026-02,Notas fiscais,2026-03-13,2026-03-14,Recebido
1822,152,2026-03,Folha,2026-04-02,,Pendente
1823,152,2026-04,Notas fiscais,2026-05-11,,Pendente
1824,152,2026-05,Documentos societários,2026-06-08,2026-06-11,Recebido
1825,153,2025-07,Folha,2025-07-05,2025-07-05,Recebido
1826,153,2025-07,Extratos,2025-08-13,2025-08-17,Recebido
1827,153,2025-08,Extratos,2025-08-30,2025-08-22,Recebido
1828,153,2025-09,Folha,2025-10-03,2025-09-27,Recebido
1829,153,2025-10,Extratos,2025-11-07,2025-10-31,Recebido
1830,153,2025-11,Documentos societários,2025-12-10,2025-12-06,Recebido
1831,153,2025-12,Notas fiscais,2026-01-03,2025-12-27,Recebido
1832,153,2026-01,Documentos societários,2026-02-06,2026-02-08,Recebido
1833,153,2026-02,Documentos societários,2026-03-07,,Pendente
1834,153,2026-03,Notas fiscais,2026-03-28,2026-03-30,Recebido
1835,153,2026-04,Notas fiscais,2026-05-11,2026-05-14,Recebido
1836,153,2026-05,Folha,2026-06-03,2026-06-03,Recebido
1837,154,2025-07,Notas fiscais,2025-07-14,2025-07-23,Recebido
1838,154,2025-07,Documentos societários,2025-08-05,2025-08-03,Recebido
1839,154,2025-08,Documentos societários,2025-09-13,,Pendente
1840,154,2025-09,Extratos,2025-10-01,,Pendente
1841,154,2025-10,Documentos societários,2025-11-05,2025-10-26,Recebido
1842,154,2025-11,Notas fiscais,2025-11-30,2025-12-06,Recebido
1843,154,2025-12,Documentos societários,2026-01-02,,Pendente
1844,154,2026-01,Notas fiscais,2026-01-29,2026-02-04,Recebido
1845,154,2026-02,Notas fiscais,2026-03-10,2026-03-13,Recebido
1846,154,2026-03,Folha,2026-04-10,2026-04-05,Recebido
1847,154,2026-04,Folha,2026-05-10,2026-05-12,Recebido
1848,154,2026-05,Notas fiscais,2026-06-04,2026-06-07,Recebido
1849,155,2025-07,Folha,2025-07-06,2025-06-29,Recebido
1850,155,2025-07,Documentos societários,2025-08-06,2025-08-07,Recebido
1851,155,2025-08,Notas fiscais,2025-09-02,,Pendente
1852,155,2025-09,Extratos,2025-09-30,2025-09-25,Recebido
1853,155,2025-10,Extratos,2025-11-06,2025-11-10,Recebido
1854,155,2025-11,Notas fiscais,2025-12-03,2025-11-24,Recebido
1855,155,2025-12,Folha,2026-01-10,2026-01-16,Recebido
1856,155,2026-01,Documentos societários,2026-01-31,2026-02-05,Recebido
1857,155,2026-02,Folha,2026-03-10,2026-03-01,Recebido
1858,155,2026-03,Notas fiscais,2026-04-04,,Pendente
1859,155,2026-04,Extratos,2026-04-28,2026-04-20,Recebido
1860,155,2026-05,Notas fiscais,2026-05-30,2026-06-03,Recebido
1861,156,2025-07,Documentos societários,2025-07-03,2025-06-24,Recebido
1862,156,2025-07,Folha,2025-08-04,,Pendente
1863,156,2025-08,Extratos,2025-09-03,,Pendente
1864,156,2025-09,Folha,2025-10-14,2025-10-23,Recebido
1865,156,2025-10,Notas fiscais,2025-11-06,,Pendente
1866,156,2025-11,Notas fiscais,2025-12-09,2025-12-05,Recebido
1867,156,2025-12,Documentos societários,2025-12-28,2025-12-22,Recebido
1868,156,2026-01,Documentos societários,2026-02-05,2026-02-03,Recebido
1869,156,2026-02,Documentos societários,2026-03-02,2026-03-08,Recebido
1870,156,2026-03,Notas fiscais,2026-04-11,2026-04-01,Recebido
1871,156,2026-04,Documentos societários,2026-04-28,2026-04-30,Recebido
1872,156,2026-05,Documentos societários,2026-06-11,2026-06-03,Recebido
1873,157,2025-07,Notas fiscais,2025-07-04,2025-06-28,Recebido
1874,157,2025-07,Extratos,2025-08-06,2025-08-06,Recebido
1875,157,2025-08,Notas fiscais,2025-09-10,2025-09-16,Recebido
1876,157,2025-09,Folha,2025-10-10,2025-10-14,Recebido
1877,157,2025-10,Folha,2025-10-31,2025-10-23,Recebido
1878,157,2025-11,Folha,2025-12-06,2025-12-05,Recebido
1879,157,2025-12,Documentos societários,2025-12-30,2026-01-05,Recebido
1880,157,2026-01,Folha,2026-01-28,,Pendente
1881,157,2026-02,Documentos societários,2026-03-08,2026-03-04,Recebido
1882,157,2026-03,Documentos societários,2026-04-05,2026-04-04,Recebido
1883,157,2026-04,Extratos,2026-05-10,2026-05-01,Recebido
1884,157,2026-05,Documentos societários,2026-05-29,2026-05-31,Recebido
1885,158,2025-07,Notas fiscais,2025-07-09,2025-07-10,Recebido
1886,158,2025-07,Extratos,2025-08-11,2025-08-16,Recebido
1887,158,2025-08,Extratos,2025-09-14,2025-09-23,Recebido
1888,158,2025-09,Notas fiscais,2025-10-14,2025-10-22,Recebido
1889,158,2025-10,Folha,2025-11-08,2025-11-15,Recebido
1890,158,2025-11,Folha,2025-11-28,2025-12-03,Recebido
1891,158,2025-12,Extratos,2025-12-31,2026-01-03,Recebido
1892,158,2026-01,Extratos,2026-01-29,2026-02-02,Recebido
1893,158,2026-02,Folha,2026-02-28,2026-03-07,Recebido
1894,158,2026-03,Notas fiscais,2026-03-29,2026-04-02,Recebido
1895,158,2026-04,Folha,2026-05-07,2026-04-30,Recebido
1896,158,2026-05,Extratos,2026-06-07,,Pendente
1897,159,2025-07,Documentos societários,2025-07-07,2025-06-27,Recebido
1898,159,2025-07,Folha,2025-08-13,2025-08-06,Recebido
1899,159,2025-08,Folha,2025-09-10,2025-09-06,Recebido
1900,159,2025-09,Documentos societários,2025-10-13,2025-10-16,Recebido
1901,159,2025-10,Documentos societários,2025-11-13,,Pendente
1902,159,2025-11,Folha,2025-12-02,2025-12-04,Recebido
1903,159,2025-12,Documentos societários,2026-01-07,2025-12-28,Recebido
1904,159,2026-01,Documentos societários,2026-02-03,2026-02-05,Recebido
1905,159,2026-02,Notas fiscais,2026-03-01,2026-02-22,Recebido
1906,159,2026-03,Notas fiscais,2026-04-05,2026-04-10,Recebido
1907,159,2026-04,Folha,2026-04-28,,Pendente
1908,159,2026-05,Notas fiscais,2026-06-02,2026-05-30,Recebido
1909,160,2025-07,Folha,2025-07-04,2025-06-30,Recebido
1910,160,2025-07,Extratos,2025-08-15,2025-08-09,Recebido
1911,160,2025-08,Notas fiscais,2025-09-03,,Pendente
1912,160,2025-09,Extratos,2025-10-12,2025-10-07,Recebido
1913,160,2025-10,Notas fiscais,2025-10-30,2025-11-07,Recebido
1914,160,2025-11,Notas fiscais,2025-12-12,2025-12-02,Recebido
1915,160,2025-12,Documentos societários,2026-01-05,2026-01-13,Recebido
1916,160,2026-01,Notas fiscais,2026-01-30,2026-02-04,Recebido
1917,160,2026-02,Documentos societários,2026-03-09,2026-03-09,Recebido
1918,160,2026-03,Notas fiscais,2026-03-30,2026-03-23,Recebido
1919,160,2026-04,Notas fiscais,2026-05-08,2026-05-12,Recebido
1920,160,2026-05,Documentos societários,2026-06-08,2026-06-03,Recebido
1921,161,2025-07,Folha,2025-07-01,2025-07-06,Recebido
1922,161,2025-07,Notas fiscais,2025-08-11,,Pendente
1923,161,2025-08,Documentos societários,2025-09-07,2025-09-03,Recebido
1924,161,2025-09,Notas fiscais,2025-10-05,2025-10-13,Recebido
1925,161,2025-10,Folha,2025-10-29,2025-11-01,Recebido
1926,161,2025-11,Documentos societários,2025-12-03,,Pendente
1927,161,2025-12,Folha,2026-01-09,2026-01-10,Recebido
1928,161,2026-01,Notas fiscais,2026-01-30,,Pendente
1929,161,2026-02,Notas fiscais,2026-03-06,2026-03-08,Recebido
1930,161,2026-03,Documentos societários,2026-04-11,2026-04-18,Recebido
1931,161,2026-04,Notas fiscais,2026-04-28,2026-05-04,Recebido
1932,161,2026-05,Folha,2026-06-07,2026-06-04,Recebido
1933,162,2025-07,Folha,2025-07-15,2025-07-18,Recebido
1934,162,2025-07,Extratos,2025-08-12,2025-08-12,Recebido
1935,162,2025-08,Documentos societários,2025-09-14,2025-09-14,Recebido
1936,162,2025-09,Folha,2025-09-29,2025-10-03,Recebido
1937,162,2025-10,Documentos societários,2025-11-10,2025-11-02,Recebido
1938,162,2025-11,Folha,2025-12-08,2025-12-15,Recebido
1939,162,2025-12,Extratos,2025-12-29,2025-12-22,Recebido
1940,162,2026-01,Extratos,2026-02-08,2026-02-14,Recebido
1941,162,2026-02,Documentos societários,2026-03-09,2026-03-09,Recebido
1942,162,2026-03,Extratos,2026-04-08,2026-03-31,Recebido
1943,162,2026-04,Documentos societários,2026-05-07,2026-05-10,Recebido
1944,162,2026-05,Documentos societários,2026-06-09,2026-05-31,Recebido
1945,163,2025-07,Extratos,2025-07-03,2025-07-12,Recebido
1946,163,2025-07,Documentos societários,2025-08-09,2025-08-14,Recebido
1947,163,2025-08,Documentos societários,2025-09-09,2025-09-02,Recebido
1948,163,2025-09,Extratos,2025-10-12,2025-10-08,Recebido
1949,163,2025-10,Documentos societários,2025-11-08,2025-11-13,Recebido
1950,163,2025-11,Extratos,2025-12-02,2025-12-07,Recebido
1951,163,2025-12,Documentos societários,2026-01-04,2025-12-28,Recebido
1952,163,2026-01,Documentos societários,2026-02-04,2026-01-31,Recebido
1953,163,2026-02,Extratos,2026-03-01,2026-02-24,Recebido
1954,163,2026-03,Folha,2026-03-30,2026-04-04,Recebido
1955,163,2026-04,Folha,2026-04-29,2026-05-04,Recebido
1956,163,2026-05,Notas fiscais,2026-06-07,,Pendente
1957,164,2025-07,Extratos,2025-07-07,2025-07-04,Recebido
1958,164,2025-07,Extratos,2025-08-03,2025-07-30,Recebido
1959,164,2025-08,Notas fiscais,2025-09-05,2025-08-31,Recebido
1960,164,2025-09,Documentos societários,2025-10-11,2025-10-20,Recebido
1961,164,2025-10,Folha,2025-11-01,2025-10-26,Recebido
1962,164,2025-11,Documentos societários,2025-12-05,2025-12-01,Recebido
1963,164,2025-12,Extratos,2025-12-30,2025-12-25,Recebido
1964,164,2026-01,Extratos,2026-02-11,2026-02-08,Recebido
1965,164,2026-02,Extratos,2026-03-07,2026-03-09,Recebido
1966,164,2026-03,Documentos societários,2026-03-28,2026-03-25,Recebido
1967,164,2026-04,Extratos,2026-05-10,,Pendente
1968,164,2026-05,Notas fiscais,2026-05-29,,Pendente
1969,165,2025-07,Folha,2025-07-13,2025-07-07,Recebido
1970,165,2025-07,Documentos societários,2025-08-02,2025-08-04,Recebido
1971,165,2025-08,Notas fiscais,2025-08-30,2025-08-27,Recebido
1972,165,2025-09,Folha,2025-10-05,2025-10-09,Recebido
1973,165,2025-10,Documentos societários,2025-10-31,2025-10-21,Recebido
1974,165,2025-11,Notas fiscais,2025-12-11,2025-12-13,Recebido
1975,165,2025-12,Notas fiscais,2026-01-09,2026-01-03,Recebido
1976,165,2026-01,Notas fiscais,2026-02-09,2026-02-04,Recebido
1977,165,2026-02,Extratos,2026-03-05,2026-02-23,Recebido
1978,165,2026-03,Notas fiscais,2026-03-30,2026-03-21,Recebido
1979,165,2026-04,Extratos,2026-05-03,2026-05-10,Recebido
1980,165,2026-05,Documentos societários,2026-06-04,2026-05-29,Recebido
1981,166,2025-07,Documentos societários,2025-07-04,2025-07-05,Recebido
1982,166,2025-07,Documentos societários,2025-08-12,2025-08-17,Recebido
1983,166,2025-08,Notas fiscais,2025-09-10,2025-09-19,Recebido
1984,166,2025-09,Documentos societários,2025-10-11,,Pendente
1985,166,2025-10,Extratos,2025-11-10,2025-11-04,Recebido
1986,166,2025-11,Notas fiscais,2025-12-01,2025-12-08,Recebido
1987,166,2025-12,Folha,2026-01-01,2026-01-09,Recebido
1988,166,2026-01,Folha,2026-02-09,2026-01-31,Recebido
1989,166,2026-02,Folha,2026-03-10,2026-03-14,Recebido
1990,166,2026-03,Documentos societários,2026-04-01,2026-04-02,Recebido
1991,166,2026-04,Extratos,2026-05-07,2026-05-04,Recebido
1992,166,2026-05,Extratos,2026-06-08,2026-06-10,Recebido
1993,167,2025-07,Documentos societários,2025-07-08,2025-07-11,Recebido
1994,167,2025-07,Folha,2025-08-14,2025-08-19,Recebido
1995,167,2025-08,Documentos societários,2025-09-02,2025-08-24,Recebido
1996,167,2025-09,Notas fiscais,2025-10-12,2025-10-14,Recebido
1997,167,2025-10,Folha,2025-11-13,2025-11-20,Recebido
1998,167,2025-11,Documentos societários,2025-12-02,2025-12-03,Recebido
1999,167,2025-12,Folha,2026-01-06,2026-01-10,Recebido
2000,167,2026-01,Notas fiscais,2026-01-30,2026-01-26,Recebido
2001,167,2026-02,Extratos,2026-03-07,2026-03-10,Recebido
2002,167,2026-03,Documentos societários,2026-04-06,2026-03-31,Recebido
2003,167,2026-04,Extratos,2026-04-29,2026-05-04,Recebido
2004,167,2026-05,Documentos societários,2026-06-10,2026-06-11,Recebido
2005,168,2025-07,Extratos,2025-07-13,2025-07-13,Recebido
2006,168,2025-07,Documentos societários,2025-08-14,2025-08-06,Recebido
2007,168,2025-08,Notas fiscais,2025-09-08,2025-09-13,Recebido
2008,168,2025-09,Extratos,2025-10-14,2025-10-10,Recebido
2009,168,2025-10,Documentos societários,2025-11-07,2025-11-02,Recebido
2010,168,2025-11,Extratos,2025-12-06,2025-11-26,Recebido
2011,168,2025-12,Extratos,2026-01-10,2026-01-11,Recebido
2012,168,2026-01,Folha,2026-02-03,2026-01-25,Recebido
2013,168,2026-02,Notas fiscais,2026-02-28,2026-02-21,Recebido
2014,168,2026-03,Documentos societários,2026-04-03,,Pendente
2015,168,2026-04,Notas fiscais,2026-04-29,2026-05-08,Recebido
2016,168,2026-05,Folha,2026-06-09,2026-06-06,Recebido
2017,169,2025-07,Folha,2025-07-01,2025-06-22,Recebido
2018,169,2025-07,Extratos,2025-08-08,2025-07-30,Recebido
2019,169,2025-08,Folha,2025-09-04,,Pendente
2020,169,2025-09,Notas fiscais,2025-09-29,2025-09-27,Recebido
2021,169,2025-10,Extratos,2025-11-06,2025-10-27,Recebido
2022,169,2025-11,Extratos,2025-12-03,2025-12-03,Recebido
2023,169,2025-12,Folha,2026-01-03,2026-01-01,Recebido
2024,169,2026-01,Folha,2026-01-27,2026-01-31,Recebido
2025,169,2026-02,Notas fiscais,2026-03-02,2026-02-23,Recebido
2026,169,2026-03,Extratos,2026-03-31,2026-03-28,Recebido
2027,169,2026-04,Folha,2026-04-30,2026-05-03,Recebido
2028,169,2026-05,Folha,2026-06-10,2026-05-31,Recebido
2029,170,2025-07,Documentos societários,2025-07-07,2025-06-29,Recebido
2030,170,2025-07,Extratos,2025-08-01,2025-07-31,Recebido
2031,170,2025-08,Folha,2025-09-05,2025-09-01,Recebido
2032,170,2025-09,Documentos societários,2025-10-02,2025-10-09,Recebido
2033,170,2025-10,Documentos societários,2025-10-30,2025-11-01,Recebido
2034,170,2025-11,Notas fiscais,2025-12-04,2025-11-25,Recebido
2035,170,2025-12,Folha,2026-01-01,,Pendente
2036,170,2026-01,Extratos,2026-02-06,2026-02-05,Recebido
2037,170,2026-02,Notas fiscais,2026-03-01,2026-02-21,Recebido
2038,170,2026-03,Notas fiscais,2026-04-03,2026-03-28,Recebido
2039,170,2026-04,Documentos societários,2026-05-12,2026-05-08,Recebido
2040,170,2026-05,Documentos societários,2026-06-02,2026-05-31,Recebido
2041,171,2025-07,Extratos,2025-07-09,2025-07-08,Recebido
2042,171,2025-07,Documentos societários,2025-08-04,2025-08-11,Recebido
2043,171,2025-08,Documentos societários,2025-09-02,2025-08-28,Recebido
2044,171,2025-09,Folha,2025-10-01,2025-09-29,Recebido
2045,171,2025-10,Folha,2025-11-10,2025-11-07,Recebido
2046,171,2025-11,Extratos,2025-12-07,,Pendente
2047,171,2025-12,Folha,2026-01-02,2025-12-29,Recebido
2048,171,2026-01,Notas fiscais,2026-02-10,2026-02-02,Recebido
2049,171,2026-02,Extratos,2026-03-11,2026-03-04,Recebido
2050,171,2026-03,Folha,2026-04-04,2026-03-31,Recebido
2051,171,2026-04,Notas fiscais,2026-05-11,2026-05-08,Recebido
2052,171,2026-05,Extratos,2026-06-01,2026-06-05,Recebido
2053,172,2025-07,Folha,2025-07-02,2025-07-09,Recebido
2054,172,2025-07,Folha,2025-08-09,2025-08-01,Recebido
2055,172,2025-08,Folha,2025-08-31,2025-08-30,Recebido
2056,172,2025-09,Folha,2025-10-08,,Pendente
2057,172,2025-10,Folha,2025-10-29,2025-10-24,Recebido
2058,172,2025-11,Folha,2025-11-28,2025-11-20,Recebido
2059,172,2025-12,Extratos,2026-01-11,2026-01-10,Recebido
2060,172,2026-01,Folha,2026-02-04,2026-01-31,Recebido
2061,172,2026-02,Folha,2026-03-08,2026-03-14,Recebido
2062,172,2026-03,Folha,2026-03-29,2026-03-26,Recebido
2063,172,2026-04,Notas fiscais,2026-05-09,2026-05-01,Recebido
2064,172,2026-05,Notas fiscais,2026-06-02,2026-06-02,Recebido
2065,173,2025-07,Documentos societários,2025-07-16,,Pendente
2066,173,2025-07,Documentos societários,2025-08-10,2025-08-15,Recebido
2067,173,2025-08,Folha,2025-09-03,2025-08-31,Recebido
2068,173,2025-09,Extratos,2025-09-30,2025-10-06,Recebido
2069,173,2025-10,Notas fiscais,2025-11-06,2025-11-05,Recebido
2070,173,2025-11,Folha,2025-12-04,2025-12-08,Recebido
2071,173,2025-12,Extratos,2026-01-10,2026-01-17,Recebido
2072,173,2026-01,Notas fiscais,2026-01-27,2026-01-31,Recebido
2073,173,2026-02,Documentos societários,2026-03-01,2026-03-06,Recebido
2074,173,2026-03,Extratos,2026-04-06,2026-04-07,Recebido
2075,173,2026-04,Folha,2026-05-07,2026-05-15,Recebido
2076,173,2026-05,Notas fiscais,2026-06-11,2026-06-04,Recebido
2077,174,2025-07,Folha,2025-07-02,2025-07-04,Recebido
2078,174,2025-07,Extratos,2025-08-04,2025-08-06,Recebido
2079,174,2025-08,Notas fiscais,2025-09-12,2025-09-12,Recebido
2080,174,2025-09,Notas fiscais,2025-10-06,2025-10-01,Recebido
2081,174,2025-10,Documentos societários,2025-11-04,2025-11-13,Recebido
2082,174,2025-11,Notas fiscais,2025-12-06,,Pendente
2083,174,2025-12,Folha,2026-01-04,2026-01-13,Recebido
2084,174,2026-01,Folha,2026-01-31,2026-02-09,Recebido
2085,174,2026-02,Notas fiscais,2026-03-07,2026-02-25,Recebido
2086,174,2026-03,Documentos societários,2026-04-01,2026-03-23,Recebido
2087,174,2026-04,Folha,2026-05-05,,Pendente
2088,174,2026-05,Notas fiscais,2026-06-08,2026-06-10,Recebido
2089,175,2025-07,Extratos,2025-07-16,2025-07-16,Recebido
2090,175,2025-07,Extratos,2025-08-09,2025-08-11,Recebido
2091,175,2025-08,Documentos societários,2025-08-30,2025-08-31,Recebido
2092,175,2025-09,Documentos societários,2025-10-04,2025-10-08,Recebido
2093,175,2025-10,Documentos societários,2025-11-12,2025-11-19,Recebido
2094,175,2025-11,Extratos,2025-12-03,2025-11-24,Recebido
2095,175,2025-12,Extratos,2025-12-31,2026-01-04,Recebido
2096,175,2026-01,Folha,2026-01-27,2026-02-01,Recebido
2097,175,2026-02,Folha,2026-03-12,2026-03-15,Recebido
2098,175,2026-03,Folha,2026-03-31,2026-03-26,Recebido
2099,175,2026-04,Notas fiscais,2026-05-04,2026-04-28,Recebido
2100,175,2026-05,Extratos,2026-05-27,2026-05-18,Recebido
2101,176,2025-07,Notas fiscais,2025-07-15,2025-07-19,Recebido
2102,176,2025-07,Extratos,2025-08-04,2025-08-10,Recebido
2103,176,2025-08,Folha,2025-09-13,2025-09-12,Recebido
2104,176,2025-09,Folha,2025-09-29,2025-09-26,Recebido
2105,176,2025-10,Extratos,2025-11-13,2025-11-03,Recebido
2106,176,2025-11,Folha,2025-12-07,2025-11-27,Recebido
2107,176,2025-12,Notas fiscais,2026-01-01,2026-01-07,Recebido
2108,176,2026-01,Documentos societários,2026-02-11,2026-02-11,Recebido
2109,176,2026-02,Documentos societários,2026-03-06,2026-02-28,Recebido
2110,176,2026-03,Notas fiscais,2026-04-11,2026-04-03,Recebido
2111,176,2026-04,Notas fiscais,2026-05-06,2026-05-12,Recebido
2112,176,2026-05,Documentos societários,2026-06-01,2026-05-22,Recebido
2113,177,2025-07,Folha,2025-07-14,,Pendente
2114,177,2025-07,Extratos,2025-08-09,,Pendente
2115,177,2025-08,Documentos societários,2025-09-01,2025-09-02,Recebido
2116,177,2025-09,Extratos,2025-10-11,2025-10-08,Recebido
2117,177,2025-10,Folha,2025-11-10,2025-11-19,Recebido
2118,177,2025-11,Extratos,2025-12-08,,Pendente
2119,177,2025-12,Notas fiscais,2026-01-01,2025-12-22,Recebido
2120,177,2026-01,Folha,2026-01-29,2026-01-31,Recebido
2121,177,2026-02,Folha,2026-03-03,2026-03-07,Recebido
2122,177,2026-03,Documentos societários,2026-04-12,2026-04-12,Recebido
2123,177,2026-04,Notas fiscais,2026-04-29,2026-05-04,Recebido
2124,177,2026-05,Notas fiscais,2026-05-30,2026-05-29,Recebido
2125,178,2025-07,Documentos societários,2025-07-13,2025-07-08,Recebido
2126,178,2025-07,Notas fiscais,2025-08-05,2025-08-08,Recebido
2127,178,2025-08,Notas fiscais,2025-09-14,2025-09-06,Recebido
2128,178,2025-09,Notas fiscais,2025-09-30,2025-09-20,Recebido
2129,178,2025-10,Documentos societários,2025-11-13,2025-11-20,Recebido
2130,178,2025-11,Documentos societários,2025-12-01,,Pendente
2131,178,2025-12,Notas fiscais,2026-01-12,2026-01-09,Recebido
2132,178,2026-01,Folha,2026-01-31,,Pendente
2133,178,2026-02,Notas fiscais,2026-03-04,2026-03-07,Recebido
2134,178,2026-03,Folha,2026-04-12,,Pendente
2135,178,2026-04,Extratos,2026-05-09,2026-05-12,Recebido
2136,178,2026-05,Folha,2026-06-09,,Pendente
2137,179,2025-07,Folha,2025-07-12,2025-07-19,Recebido
2138,179,2025-07,Documentos societários,2025-08-13,2025-08-05,Recebido
2139,179,2025-08,Extratos,2025-09-07,2025-08-31,Recebido
2140,179,2025-09,Extratos,2025-10-01,2025-10-02,Recebido
2141,179,2025-10,Extratos,2025-11-09,2025-11-16,Recebido
2142,179,2025-11,Documentos societários,2025-12-03,2025-11-28,Recebido
2143,179,2025-12,Extratos,2026-01-03,2025-12-31,Recebido
2144,179,2026-01,Documentos societários,2026-01-31,2026-01-25,Recebido
2145,179,2026-02,Extratos,2026-03-02,,Pendente
2146,179,2026-03,Documentos societários,2026-04-06,2026-04-01,Recebido
2147,179,2026-04,Folha,2026-05-06,2026-05-03,Recebido
2148,179,2026-05,Documentos societários,2026-05-30,2026-05-30,Recebido
2149,180,2025-07,Extratos,2025-07-15,2025-07-22,Recebido
2150,180,2025-07,Folha,2025-07-31,2025-07-21,Recebido
2151,180,2025-08,Notas fiscais,2025-09-05,2025-09-11,Recebido
2152,180,2025-09,Extratos,2025-10-06,,Pendente
2153,180,2025-10,Folha,2025-11-13,2025-11-21,Recebido
2154,180,2025-11,Documentos societários,2025-12-05,2025-12-10,Recebido
2155,180,2025-12,Documentos societários,2026-01-06,2026-01-04,Recebido
2156,180,2026-01,Extratos,2026-02-04,2026-01-25,Recebido
2157,180,2026-02,Notas fiscais,2026-03-04,2026-03-09,Recebido
2158,180,2026-03,Documentos societários,2026-04-05,,Pendente
2159,180,2026-04,Extratos,2026-05-03,2026-05-03,Recebido
2160,180,2026-05,Notas fiscais,2026-06-01,,Pendente
2161,181,2025-07,Extratos,2025-07-04,2025-06-30,Recebido
2162,181,2025-07,Notas fiscais,2025-08-02,,Pendente
2163,181,2025-08,Documentos societários,2025-09-02,2025-08-30,Recebido
2164,181,2025-09,Folha,2025-10-12,2025-10-21,Recebido
2165,181,2025-10,Extratos,2025-11-12,2025-11-18,Recebido
2166,181,2025-11,Extratos,2025-12-05,2025-12-07,Recebido
2167,181,2025-12,Documentos societários,2026-01-04,2026-01-12,Recebido
2168,181,2026-01,Extratos,2026-02-05,2026-01-29,Recebido
2169,181,2026-02,Notas fiscais,2026-03-03,2026-02-23,Recebido
2170,181,2026-03,Documentos societários,2026-04-09,,Pendente
2171,181,2026-04,Documentos societários,2026-05-04,2026-05-09,Recebido
2172,181,2026-05,Notas fiscais,2026-06-11,2026-06-05,Recebido
2173,182,2025-07,Extratos,2025-07-12,2025-07-19,Recebido
2174,182,2025-07,Documentos societários,2025-08-07,2025-08-06,Recebido
2175,182,2025-08,Extratos,2025-09-12,,Pendente
2176,182,2025-09,Folha,2025-10-04,2025-10-08,Recebido
2177,182,2025-10,Extratos,2025-11-07,2025-11-12,Recebido
2178,182,2025-11,Documentos societários,2025-12-01,2025-11-25,Recebido
2179,182,2025-12,Extratos,2026-01-07,,Pendente
2180,182,2026-01,Folha,2026-01-31,2026-02-04,Recebido
2181,182,2026-02,Documentos societários,2026-03-10,2026-03-09,Recebido
2182,182,2026-03,Documentos societários,2026-04-11,2026-04-10,Recebido
2183,182,2026-04,Extratos,2026-05-07,2026-05-13,Recebido
2184,182,2026-05,Documentos societários,2026-06-03,2026-05-26,Recebido
2185,183,2025-07,Notas fiscais,2025-07-03,2025-07-11,Recebido
2186,183,2025-07,Extratos,2025-08-07,2025-08-04,Recebido
2187,183,2025-08,Folha,2025-09-04,2025-08-30,Recebido
2188,183,2025-09,Notas fiscais,2025-09-29,,Pendente
2189,183,2025-10,Folha,2025-11-06,,Pendente
2190,183,2025-11,Documentos societários,2025-12-06,,Pendente
2191,183,2025-12,Notas fiscais,2025-12-30,2026-01-02,Recebido
2192,183,2026-01,Documentos societários,2026-01-29,2026-01-30,Recebido
2193,183,2026-02,Extratos,2026-03-11,2026-03-08,Recebido
2194,183,2026-03,Documentos societários,2026-04-10,2026-04-05,Recebido
2195,183,2026-04,Documentos societários,2026-05-04,2026-05-11,Recebido
2196,183,2026-05,Folha,2026-05-27,2026-05-29,Recebido
2197,184,2025-07,Notas fiscais,2025-07-08,2025-07-16,Recebido
2198,184,2025-07,Notas fiscais,2025-08-08,,Pendente
2199,184,2025-08,Notas fiscais,2025-09-09,,Pendente
2200,184,2025-09,Folha,2025-10-08,2025-09-30,Recebido
2201,184,2025-10,Notas fiscais,2025-11-06,,Pendente
2202,184,2025-11,Notas fiscais,2025-12-13,2025-12-12,Recebido
2203,184,2025-12,Documentos societários,2025-12-29,2025-12-27,Recebido
2204,184,2026-01,Documentos societários,2026-02-01,2026-02-03,Recebido
2205,184,2026-02,Folha,2026-03-12,,Pendente
2206,184,2026-03,Documentos societários,2026-03-31,2026-04-05,Recebido
2207,184,2026-04,Notas fiscais,2026-04-30,2026-04-29,Recebido
2208,184,2026-05,Folha,2026-06-09,2026-05-31,Recebido
2209,185,2025-07,Extratos,2025-07-01,2025-06-21,Recebido
2210,185,2025-07,Documentos societários,2025-08-01,2025-07-25,Recebido
2211,185,2025-08,Documentos societários,2025-09-14,2025-09-23,Recebido
2212,185,2025-09,Folha,2025-10-08,2025-10-02,Recebido
2213,185,2025-10,Notas fiscais,2025-10-30,2025-10-22,Recebido
2214,185,2025-11,Notas fiscais,2025-12-12,2025-12-20,Recebido
2215,185,2025-12,Extratos,2026-01-02,2026-01-07,Recebido
2216,185,2026-01,Notas fiscais,2026-02-06,2026-02-02,Recebido
2217,185,2026-02,Notas fiscais,2026-03-01,2026-02-24,Recebido
2218,185,2026-03,Extratos,2026-04-09,2026-04-12,Recebido
2219,185,2026-04,Documentos societários,2026-05-11,2026-05-08,Recebido
2220,185,2026-05,Extratos,2026-06-03,2026-05-28,Recebido
2221,186,2025-07,Extratos,2025-07-16,2025-07-19,Recebido
2222,186,2025-07,Extratos,2025-07-31,2025-08-03,Recebido
2223,186,2025-08,Folha,2025-09-06,2025-09-03,Recebido
2224,186,2025-09,Notas fiscais,2025-10-09,2025-10-12,Recebido
2225,186,2025-10,Extratos,2025-11-10,2025-11-06,Recebido
2226,186,2025-11,Extratos,2025-12-06,2025-12-05,Recebido
2227,186,2025-12,Notas fiscais,2025-12-29,2025-12-24,Recebido
2228,186,2026-01,Extratos,2026-02-09,2026-02-03,Recebido
2229,186,2026-02,Notas fiscais,2026-03-04,2026-03-01,Recebido
2230,186,2026-03,Documentos societários,2026-04-07,2026-04-06,Recebido
2231,186,2026-04,Documentos societários,2026-05-12,2026-05-08,Recebido
2232,186,2026-05,Notas fiscais,2026-06-04,2026-06-08,Recebido
2233,187,2025-07,Folha,2025-07-14,2025-07-11,Recebido
2234,187,2025-07,Documentos societários,2025-08-01,2025-07-28,Recebido
2235,187,2025-08,Extratos,2025-09-03,2025-09-02,Recebido
2236,187,2025-09,Extratos,2025-10-04,2025-10-03,Recebido
2237,187,2025-10,Extratos,2025-10-29,,Pendente
2238,187,2025-11,Extratos,2025-12-10,,Pendente
2239,187,2025-12,Folha,2025-12-29,2025-12-21,Recebido
2240,187,2026-01,Folha,2026-01-29,2026-02-01,Recebido
2241,187,2026-02,Documentos societários,2026-03-08,2026-03-06,Recebido
2242,187,2026-03,Documentos societários,2026-04-04,,Pendente
2243,187,2026-04,Folha,2026-05-11,2026-05-10,Recebido
2244,187,2026-05,Folha,2026-06-07,2026-05-28,Recebido
2245,188,2025-07,Folha,2025-07-03,2025-06-29,Recebido
2246,188,2025-07,Extratos,2025-08-10,2025-08-13,Recebido
2247,188,2025-08,Folha,2025-09-04,2025-08-27,Recebido
2248,188,2025-09,Folha,2025-10-07,2025-10-16,Recebido
2249,188,2025-10,Notas fiscais,2025-11-12,2025-11-12,Recebido
2250,188,2025-11,Extratos,2025-12-07,2025-12-16,Recebido
2251,188,2025-12,Folha,2026-01-08,2025-12-30,Recebido
2252,188,2026-01,Extratos,2026-02-02,2026-02-05,Recebido
2253,188,2026-02,Folha,2026-02-27,2026-03-05,Recebido
2254,188,2026-03,Notas fiscais,2026-04-02,2026-03-23,Recebido
2255,188,2026-04,Notas fiscais,2026-04-28,2026-04-30,Recebido
2256,188,2026-05,Folha,2026-06-06,2026-05-27,Recebido
2257,189,2025-07,Notas fiscais,2025-07-09,2025-07-16,Recebido
2258,189,2025-07,Extratos,2025-07-31,2025-07-23,Recebido
2259,189,2025-08,Documentos societários,2025-09-06,2025-08-27,Recebido
2260,189,2025-09,Notas fiscais,2025-10-07,2025-09-28,Recebido
2261,189,2025-10,Documentos societários,2025-10-29,2025-10-25,Recebido
2262,189,2025-11,Extratos,2025-12-01,2025-11-29,Recebido
2263,189,2025-12,Notas fiscais,2025-12-31,2025-12-30,Recebido
2264,189,2026-01,Extratos,2026-02-03,2026-02-05,Recebido
2265,189,2026-02,Folha,2026-03-02,2026-03-06,Recebido
2266,189,2026-03,Extratos,2026-03-28,2026-04-04,Recebido
2267,189,2026-04,Extratos,2026-05-04,2026-05-12,Recebido
2268,189,2026-05,Documentos societários,2026-06-08,2026-06-12,Recebido
2269,190,2025-07,Notas fiscais,2025-07-03,2025-07-04,Recebido
2270,190,2025-07,Documentos societários,2025-08-10,2025-08-12,Recebido
2271,190,2025-08,Notas fiscais,2025-09-06,2025-08-31,Recebido
2272,190,2025-09,Notas fiscais,2025-10-02,2025-09-22,Recebido
2273,190,2025-10,Notas fiscais,2025-11-13,2025-11-19,Recebido
2274,190,2025-11,Notas fiscais,2025-12-02,2025-12-03,Recebido
2275,190,2025-12,Extratos,2026-01-04,2026-01-06,Recebido
2276,190,2026-01,Extratos,2026-02-10,2026-02-14,Recebido
2277,190,2026-02,Documentos societários,2026-03-06,2026-03-07,Recebido
2278,190,2026-03,Folha,2026-03-28,2026-03-21,Recebido
2279,190,2026-04,Folha,2026-05-10,2026-05-06,Recebido
2280,190,2026-05,Documentos societários,2026-06-04,,Pendente
2281,191,2025-07,Notas fiscais,2025-07-16,2025-07-06,Recebido
2282,191,2025-07,Documentos societários,2025-08-07,2025-08-15,Recebido
2283,191,2025-08,Notas fiscais,2025-09-08,2025-09-09,Recebido
2284,191,2025-09,Extratos,2025-10-05,2025-10-04,Recebido
2285,191,2025-10,Notas fiscais,2025-11-09,2025-11-07,Recebido
2286,191,2025-11,Folha,2025-11-28,2025-11-28,Recebido
2287,191,2025-12,Documentos societários,2026-01-04,2025-12-29,Recebido
2288,191,2026-01,Notas fiscais,2026-01-30,2026-01-30,Recebido
2289,191,2026-02,Extratos,2026-02-27,2026-03-06,Recebido
2290,191,2026-03,Extratos,2026-04-05,2026-04-07,Recebido
2291,191,2026-04,Folha,2026-05-04,,Pendente
2292,191,2026-05,Extratos,2026-06-09,2026-06-17,Recebido
2293,192,2025-07,Notas fiscais,2025-07-11,2025-07-13,Recebido
2294,192,2025-07,Extratos,2025-08-13,2025-08-04,Recebido
2295,192,2025-08,Notas fiscais,2025-09-07,2025-09-13,Recebido
2296,192,2025-09,Documentos societários,2025-10-01,2025-10-03,Recebido
2297,192,2025-10,Notas fiscais,2025-11-06,2025-11-13,Recebido
2298,192,2025-11,Notas fiscais,2025-12-08,2025-12-05,Recebido
2299,192,2025-12,Folha,2025-12-28,2025-12-27,Recebido
2300,192,2026-01,Extratos,2026-02-05,2026-02-11,Recebido
2301,192,2026-02,Notas fiscais,2026-03-10,,Pendente
2302,192,2026-03,Folha,2026-04-06,2026-03-30,Recebido
2303,192,2026-04,Extratos,2026-05-10,2026-05-13,Recebido
2304,192,2026-05,Documentos societários,2026-06-05,2026-05-29,Recebido
2305,193,2025-07,Notas fiscais,2025-07-05,2025-07-03,Recebido
2306,193,2025-07,Notas fiscais,2025-08-07,2025-08-01,Recebido
2307,193,2025-08,Folha,2025-08-31,,Pendente
2308,193,2025-09,Extratos,2025-10-13,2025-10-21,Recebido
2309,193,2025-10,Notas fiscais,2025-11-12,2025-11-13,Recebido
2310,193,2025-11,Extratos,2025-11-30,2025-11-27,Recebido
2311,193,2025-12,Documentos societários,2025-12-28,2026-01-04,Recebido
2312,193,2026-01,Folha,2026-02-04,2026-02-10,Recebido
2313,193,2026-02,Folha,2026-03-03,2026-03-08,Recebido
2314,193,2026-03,Documentos societários,2026-04-05,2026-04-02,Recebido
2315,193,2026-04,Extratos,2026-05-05,2026-05-06,Recebido
2316,193,2026-05,Notas fiscais,2026-05-31,2026-05-21,Recebido
2317,194,2025-07,Extratos,2025-07-09,,Pendente
2318,194,2025-07,Extratos,2025-08-08,2025-08-10,Recebido
2319,194,2025-08,Folha,2025-09-09,2025-09-13,Recebido
2320,194,2025-09,Extratos,2025-10-12,2025-10-10,Recebido
2321,194,2025-10,Extratos,2025-11-02,2025-10-24,Recebido
2322,194,2025-11,Extratos,2025-11-28,,Pendente
2323,194,2025-12,Folha,2025-12-31,2025-12-31,Recebido
2324,194,2026-01,Notas fiscais,2026-02-06,2026-01-31,Recebido
2325,194,2026-02,Documentos societários,2026-02-28,,Pendente
2326,194,2026-03,Documentos societários,2026-04-07,2026-04-12,Recebido
2327,194,2026-04,Documentos societários,2026-05-05,2026-05-07,Recebido
2328,194,2026-05,Documentos societários,2026-06-02,2026-06-01,Recebido
2329,195,2025-07,Notas fiscais,2025-07-07,,Pendente
2330,195,2025-07,Folha,2025-08-13,2025-08-09,Recebido
2331,195,2025-08,Folha,2025-09-13,2025-09-03,Recebido
2332,195,2025-09,Notas fiscais,2025-10-14,,Pendente
2333,195,2025-10,Documentos societários,2025-11-09,,Pendente
2334,195,2025-11,Extratos,2025-12-01,2025-12-07,Recebido
2335,195,2025-12,Notas fiscais,2026-01-07,,Pendente
2336,195,2026-01,Notas fiscais,2026-01-27,2026-01-30,Recebido
2337,195,2026-02,Extratos,2026-03-12,2026-03-11,Recebido
2338,195,2026-03,Folha,2026-04-03,,Pendente
2339,195,2026-04,Notas fiscais,2026-05-03,2026-04-29,Recebido
2340,195,2026-05,Notas fiscais,2026-06-11,2026-06-06,Recebido
2341,196,2025-07,Extratos,2025-07-01,2025-07-05,Recebido
2342,196,2025-07,Extratos,2025-08-10,2025-08-07,Recebido
2343,196,2025-08,Extratos,2025-09-01,2025-08-31,Recebido
2344,196,2025-09,Documentos societários,2025-09-29,2025-09-19,Recebido
2345,196,2025-10,Folha,2025-11-04,,Pendente
2346,196,2025-11,Extratos,2025-12-13,,Pendente
2347,196,2025-12,Extratos,2025-12-29,2025-12-24,Recebido
2348,196,2026-01,Extratos,2026-01-29,2026-01-31,Recebido
2349,196,2026-02,Notas fiscais,2026-03-10,2026-03-01,Recebido
2350,196,2026-03,Folha,2026-04-05,2026-04-01,Recebido
2351,196,2026-04,Documentos societários,2026-04-27,2026-05-01,Recebido
2352,196,2026-05,Extratos,2026-06-10,2026-06-09,Recebido
2353,197,2025-07,Documentos societários,2025-07-13,2025-07-20,Recebido
2354,197,2025-07,Extratos,2025-08-14,2025-08-09,Recebido
2355,197,2025-08,Extratos,2025-09-02,,Pendente
2356,197,2025-09,Documentos societários,2025-10-09,2025-10-01,Recebido
2357,197,2025-10,Extratos,2025-11-13,,Pendente
2358,197,2025-11,Extratos,2025-12-10,,Pendente
2359,197,2025-12,Notas fiscais,2026-01-02,2025-12-27,Recebido
2360,197,2026-01,Folha,2026-02-07,2026-02-11,Recebido
2361,197,2026-02,Extratos,2026-03-13,,Pendente
2362,197,2026-03,Folha,2026-03-31,,Pendente
2363,197,2026-04,Documentos societários,2026-05-11,2026-05-10,Recebido
2364,197,2026-05,Documentos societários,2026-06-05,2026-06-01,Recebido
2365,198,2025-07,Extratos,2025-07-07,2025-07-02,Recebido
2366,198,2025-07,Extratos,2025-08-06,2025-08-14,Recebido
2367,198,2025-08,Extratos,2025-08-30,2025-09-04,Recebido
2368,198,2025-09,Notas fiscais,2025-10-11,2025-10-03,Recebido
2369,198,2025-10,Extratos,2025-11-03,2025-11-08,Recebido
2370,198,2025-11,Extratos,2025-12-12,2025-12-08,Recebido
2371,198,2025-12,Folha,2025-12-31,2025-12-21,Recebido
2372,198,2026-01,Folha,2026-02-04,2026-02-10,Recebido
2373,198,2026-02,Documentos societários,2026-03-06,2026-03-09,Recebido
2374,198,2026-03,Extratos,2026-03-30,2026-03-29,Recebido
2375,198,2026-04,Documentos societários,2026-05-01,2026-04-27,Recebido
2376,198,2026-05,Extratos,2026-05-27,2026-05-22,Recebido
2377,199,2025-07,Extratos,2025-07-12,2025-07-17,Recebido
2378,199,2025-07,Documentos societários,2025-07-31,2025-08-03,Recebido
2379,199,2025-08,Documentos societários,2025-09-07,2025-09-04,Recebido
2380,199,2025-09,Documentos societários,2025-10-09,,Pendente
2381,199,2025-10,Folha,2025-11-11,2025-11-11,Recebido
2382,199,2025-11,Extratos,2025-12-09,2025-12-15,Recebido
2383,199,2025-12,Notas fiscais,2026-01-03,2025-12-28,Recebido
2384,199,2026-01,Folha,2026-02-06,2026-01-29,Recebido
2385,199,2026-02,Documentos societários,2026-03-06,2026-03-08,Recebido
2386,199,2026-03,Folha,2026-03-30,2026-03-25,Recebido
2387,199,2026-04,Extratos,2026-05-06,2026-05-06,Recebido
2388,199,2026-05,Documentos societários,2026-06-03,2026-06-02,Recebido
2389,200,2025-07,Folha,2025-07-02,2025-07-07,Recebido
2390,200,2025-07,Extratos,2025-08-13,2025-08-08,Recebido
2391,200,2025-08,Documentos societários,2025-09-09,2025-09-08,Recebido
2392,200,2025-09,Extratos,2025-10-08,2025-10-05,Recebido
2393,200,2025-10,Notas fiscais,2025-11-07,2025-10-31,Recebido
2394,200,2025-11,Notas fiscais,2025-12-08,2025-11-30,Recebido
2395,200,2025-12,Extratos,2026-01-12,2026-01-10,Recebido
2396,200,2026-01,Folha,2026-02-07,2026-02-03,Recebido
2397,200,2026-02,Notas fiscais,2026-03-05,2026-03-07,Recebido
2398,200,2026-03,Documentos societários,2026-03-28,,Pendente
2399,200,2026-04,Notas fiscais,2026-05-08,2026-05-13,Recebido
2400,200,2026-05,Documentos societários,2026-05-31,,Pendente
2401,201,2025-07,Notas fiscais,2025-07-10,2025-07-11,Recebido
2402,201,2025-07,Extratos,2025-08-04,2025-07-25,Recebido
2403,201,2025-08,Documentos societários,2025-09-02,2025-09-05,Recebido
2404,201,2025-09,Documentos societários,2025-10-02,2025-10-10,Recebido
2405,201,2025-10,Folha,2025-11-10,2025-11-14,Recebido
2406,201,2025-11,Extratos,2025-11-29,2025-12-05,Recebido
2407,201,2025-12,Folha,2025-12-31,2025-12-21,Recebido
2408,201,2026-01,Extratos,2026-01-27,,Pendente
2409,201,2026-02,Documentos societários,2026-02-28,2026-03-01,Recebido
2410,201,2026-03,Folha,2026-04-12,2026-04-14,Recebido
2411,201,2026-04,Extratos,2026-05-10,2026-05-08,Recebido
2412,201,2026-05,Documentos societários,2026-06-01,2026-05-25,Recebido
2413,202,2025-07,Folha,2025-07-09,2025-07-07,Recebido
2414,202,2025-07,Folha,2025-08-12,2025-08-10,Recebido
2415,202,2025-08,Documentos societários,2025-09-13,2025-09-10,Recebido
2416,202,2025-09,Extratos,2025-10-05,2025-10-06,Recebido
2417,202,2025-10,Folha,2025-11-04,2025-11-10,Recebido
2418,202,2025-11,Folha,2025-12-03,2025-12-10,Recebido
2419,202,2025-12,Extratos,2026-01-02,,Pendente
2420,202,2026-01,Extratos,2026-01-29,2026-02-02,Recebido
2421,202,2026-02,Notas fiscais,2026-02-26,2026-03-05,Recebido
2422,202,2026-03,Notas fiscais,2026-03-29,2026-03-21,Recebido
2423,202,2026-04,Notas fiscais,2026-05-02,2026-04-29,Recebido
2424,202,2026-05,Documentos societários,2026-06-01,2026-05-25,Recebido
2425,203,2025-07,Notas fiscais,2025-07-01,2025-07-02,Recebido
2426,203,2025-07,Documentos societários,2025-08-12,,Pendente
2427,203,2025-08,Notas fiscais,2025-08-31,,Pendente
2428,203,2025-09,Documentos societários,2025-10-12,,Pendente
2429,203,2025-10,Documentos societários,2025-11-11,2025-11-10,Recebido
2430,203,2025-11,Extratos,2025-12-07,2025-12-03,Recebido
2431,203,2025-12,Folha,2026-01-06,2026-01-05,Recebido
2432,203,2026-01,Extratos,2026-02-07,2026-02-02,Recebido
2433,203,2026-02,Documentos societários,2026-03-02,2026-02-28,Recebido
2434,203,2026-03,Folha,2026-04-11,2026-04-02,Recebido
2435,203,2026-04,Notas fiscais,2026-05-05,2026-04-28,Recebido
2436,203,2026-05,Documentos societários,2026-05-27,2026-06-01,Recebido
2437,204,2025-07,Extratos,2025-07-03,2025-06-26,Recebido
2438,204,2025-07,Documentos societários,2025-08-11,2025-08-07,Recebido
2439,204,2025-08,Folha,2025-09-09,2025-09-10,Recebido
2440,204,2025-09,Folha,2025-10-09,2025-09-30,Recebido
2441,204,2025-10,Folha,2025-11-08,2025-11-07,Recebido
2442,204,2025-11,Notas fiscais,2025-12-13,2025-12-19,Recebido
2443,204,2025-12,Extratos,2026-01-05,2026-01-09,Recebido
2444,204,2026-01,Extratos,2026-01-28,2026-02-01,Recebido
2445,204,2026-02,Documentos societários,2026-03-12,,Pendente
2446,204,2026-03,Notas fiscais,2026-04-10,,Pendente
2447,204,2026-04,Documentos societários,2026-05-10,2026-05-11,Recebido
2448,204,2026-05,Extratos,2026-06-01,2026-05-27,Recebido
2449,205,2025-07,Folha,2025-07-01,2025-06-21,Recebido
2450,205,2025-07,Folha,2025-08-10,2025-08-10,Recebido
2451,205,2025-08,Extratos,2025-08-30,,Pendente
2452,205,2025-09,Notas fiscais,2025-10-06,,Pendente
2453,205,2025-10,Extratos,2025-11-11,2025-11-04,Recebido
2454,205,2025-11,Notas fiscais,2025-11-28,2025-11-29,Recebido
2455,205,2025-12,Notas fiscais,2026-01-03,2026-01-12,Recebido
2456,205,2026-01,Folha,2026-02-02,2026-02-06,Recebido
2457,205,2026-02,Notas fiscais,2026-03-05,2026-03-08,Recebido
2458,205,2026-03,Documentos societários,2026-04-09,2026-04-18,Recebido
2459,205,2026-04,Documentos societários,2026-05-06,2026-05-09,Recebido
2460,205,2026-05,Folha,2026-06-05,2026-06-05,Recebido
2461,206,2025-07,Notas fiscais,2025-07-14,2025-07-18,Recebido
2462,206,2025-07,Notas fiscais,2025-08-13,2025-08-09,Recebido
2463,206,2025-08,Folha,2025-09-04,2025-09-04,Recebido
2464,206,2025-09,Extratos,2025-10-03,2025-10-10,Recebido
2465,206,2025-10,Folha,2025-10-31,2025-11-03,Recebido
2466,206,2025-11,Folha,2025-12-13,2025-12-22,Recebido
2467,206,2025-12,Documentos societários,2026-01-08,2025-12-31,Recebido
2468,206,2026-01,Folha,2026-02-06,2026-01-29,Recebido
2469,206,2026-02,Extratos,2026-03-12,2026-03-08,Recebido
2470,206,2026-03,Folha,2026-03-31,2026-03-29,Recebido
2471,206,2026-04,Notas fiscais,2026-05-07,2026-05-10,Recebido
2472,206,2026-05,Folha,2026-05-27,2026-05-19,Recebido
2473,207,2025-07,Extratos,2025-07-16,2025-07-17,Recebido
2474,207,2025-07,Extratos,2025-08-01,2025-07-27,Recebido
2475,207,2025-08,Folha,2025-09-04,,Pendente
2476,207,2025-09,Folha,2025-10-08,2025-10-05,Recebido
2477,207,2025-10,Notas fiscais,2025-11-03,2025-10-30,Recebido
2478,207,2025-11,Extratos,2025-12-10,2025-12-02,Recebido
2479,207,2025-12,Documentos societários,2026-01-10,2026-01-01,Recebido
2480,207,2026-01,Notas fiscais,2026-02-11,,Pendente
2481,207,2026-02,Notas fiscais,2026-03-09,2026-03-08,Recebido
2482,207,2026-03,Documentos societários,2026-03-29,,Pendente
2483,207,2026-04,Notas fiscais,2026-05-06,2026-05-01,Recebido
2484,207,2026-05,Documentos societários,2026-05-29,2026-06-05,Recebido
2485,208,2025-07,Folha,2025-07-15,2025-07-06,Recebido
2486,208,2025-07,Extratos,2025-08-02,2025-08-07,Recebido
2487,208,2025-08,Extratos,2025-09-01,2025-09-02,Recebido
2488,208,2025-09,Documentos societários,2025-09-29,2025-09-25,Recebido
2489,208,2025-10,Extratos,2025-11-01,2025-11-06,Recebido
2490,208,2025-11,Documentos societários,2025-12-11,2025-12-16,Recebido
2491,208,2025-12,Extratos,2025-12-29,2025-12-25,Recebido
2492,208,2026-01,Notas fiscais,2026-02-04,2026-02-05,Recebido
2493,208,2026-02,Documentos societários,2026-03-05,2026-03-02,Recebido
2494,208,2026-03,Extratos,2026-03-31,2026-04-06,Recebido
2495,208,2026-04,Folha,2026-05-08,,Pendente
2496,208,2026-05,Notas fiscais,2026-06-05,,Pendente
2497,209,2025-07,Folha,2025-07-10,2025-07-02,Recebido
2498,209,2025-07,Notas fiscais,2025-08-13,,Pendente
2499,209,2025-08,Extratos,2025-09-05,2025-09-06,Recebido
2500,209,2025-09,Extratos,2025-10-03,2025-09-28,Recebido
2501,209,2025-10,Extratos,2025-11-12,2025-11-18,Recebido
2502,209,2025-11,Folha,2025-12-11,2025-12-19,Recebido
2503,209,2025-12,Notas fiscais,2025-12-30,2025-12-31,Recebido
2504,209,2026-01,Extratos,2026-02-10,2026-02-16,Recebido
2505,209,2026-02,Documentos societários,2026-03-04,2026-03-07,Recebido
2506,209,2026-03,Extratos,2026-04-02,2026-03-28,Recebido
2507,209,2026-04,Documentos societários,2026-05-09,2026-05-13,Recebido
2508,209,2026-05,Folha,2026-06-02,2026-05-25,Recebido
2509,210,2025-07,Extratos,2025-07-13,2025-07-20,Recebido
2510,210,2025-07,Extratos,2025-08-07,2025-08-16,Recebido
2511,210,2025-08,Extratos,2025-09-08,2025-09-10,Recebido
2512,210,2025-09,Folha,2025-09-30,2025-09-30,Recebido
2513,210,2025-10,Documentos societários,2025-10-31,2025-11-05,Recebido
2514,210,2025-11,Folha,2025-12-04,2025-11-27,Recebido
2515,210,2025-12,Notas fiscais,2025-12-30,2026-01-07,Recebido
2516,210,2026-01,Folha,2026-02-02,2026-01-31,Recebido
2517,210,2026-02,Documentos societários,2026-03-10,2026-03-09,Recebido
2518,210,2026-03,Extratos,2026-04-02,2026-04-02,Recebido
2519,210,2026-04,Folha,2026-05-06,,Pendente
2520,210,2026-05,Folha,2026-05-29,2026-05-20,Recebido
2521,211,2025-07,Documentos societários,2025-07-14,,Pendente
2522,211,2025-07,Folha,2025-08-08,2025-08-14,Recebido
2523,211,2025-08,Folha,2025-09-06,2025-09-09,Recebido
2524,211,2025-09,Notas fiscais,2025-09-30,2025-09-27,Recebido
2525,211,2025-10,Notas fiscais,2025-10-30,2025-10-21,Recebido
2526,211,2025-11,Documentos societários,2025-12-03,,Pendente
2527,211,2025-12,Documentos societários,2026-01-11,2026-01-06,Recebido
2528,211,2026-01,Notas fiscais,2026-02-04,,Pendente
2529,211,2026-02,Folha,2026-03-13,2026-03-18,Recebido
2530,211,2026-03,Extratos,2026-03-28,2026-03-18,Recebido
2531,211,2026-04,Notas fiscais,2026-04-27,2026-05-04,Recebido
2532,211,2026-05,Folha,2026-06-03,2026-06-12,Recebido
2533,212,2025-07,Documentos societários,2025-07-06,,Pendente
2534,212,2025-07,Folha,2025-08-15,2025-08-24,Recebido
2535,212,2025-08,Folha,2025-09-01,2025-08-31,Recebido
2536,212,2025-09,Notas fiscais,2025-09-30,2025-09-27,Recebido
2537,212,2025-10,Documentos societários,2025-11-05,,Pendente
2538,212,2025-11,Notas fiscais,2025-11-30,2025-12-03,Recebido
2539,212,2025-12,Documentos societários,2025-12-31,,Pendente
2540,212,2026-01,Notas fiscais,2026-01-29,2026-01-23,Recebido
2541,212,2026-02,Documentos societários,2026-03-04,2026-03-02,Recebido
2542,212,2026-03,Notas fiscais,2026-04-01,,Pendente
2543,212,2026-04,Documentos societários,2026-04-27,2026-04-27,Recebido
2544,212,2026-05,Notas fiscais,2026-06-10,2026-06-04,Recebido
2545,213,2025-07,Notas fiscais,2025-07-09,,Pendente
2546,213,2025-07,Folha,2025-08-01,2025-08-03,Recebido
2547,213,2025-08,Folha,2025-09-02,2025-08-28,Recebido
2548,213,2025-09,Extratos,2025-10-04,2025-09-25,Recebido
2549,213,2025-10,Extratos,2025-10-31,2025-11-04,Recebido
2550,213,2025-11,Folha,2025-11-30,2025-11-23,Recebido
2551,213,2025-12,Documentos societários,2026-01-07,2025-12-31,Recebido
2552,213,2026-01,Documentos societários,2026-02-05,2026-02-07,Recebido
2553,213,2026-02,Documentos societários,2026-03-01,2026-02-21,Recebido
2554,213,2026-03,Notas fiscais,2026-03-28,2026-03-28,Recebido
2555,213,2026-04,Notas fiscais,2026-05-05,2026-05-13,Recebido
2556,213,2026-05,Folha,2026-06-11,,Pendente
2557,214,2025-07,Extratos,2025-07-02,,Pendente
2558,214,2025-07,Extratos,2025-08-14,2025-08-18,Recebido
2559,214,2025-08,Notas fiscais,2025-09-13,2025-09-19,Recebido
2560,214,2025-09,Folha,2025-10-01,2025-09-26,Recebido
2561,214,2025-10,Notas fiscais,2025-11-04,2025-11-06,Recebido
2562,214,2025-11,Notas fiscais,2025-11-28,2025-11-30,Recebido
2563,214,2025-12,Documentos societários,2026-01-12,2026-01-04,Recebido
2564,214,2026-01,Notas fiscais,2026-02-06,2026-02-06,Recebido
2565,214,2026-02,Documentos societários,2026-02-28,2026-03-03,Recebido
2566,214,2026-03,Folha,2026-04-10,2026-04-18,Recebido
2567,214,2026-04,Extratos,2026-05-08,2026-04-29,Recebido
2568,214,2026-05,Folha,2026-05-30,2026-05-31,Recebido
2569,215,2025-07,Notas fiscais,2025-07-03,2025-07-02,Recebido
2570,215,2025-07,Notas fiscais,2025-07-31,2025-07-31,Recebido
2571,215,2025-08,Folha,2025-09-11,,Pendente
2572,215,2025-09,Notas fiscais,2025-10-10,2025-10-18,Recebido
2573,215,2025-10,Extratos,2025-11-10,2025-11-10,Recebido
2574,215,2025-11,Extratos,2025-12-04,2025-11-29,Recebido
2575,215,2025-12,Notas fiscais,2026-01-10,2026-01-04,Recebido
2576,215,2026-01,Documentos societários,2026-02-11,2026-02-08,Recebido
2577,215,2026-02,Notas fiscais,2026-03-08,2026-03-06,Recebido
2578,215,2026-03,Extratos,2026-03-28,2026-03-30,Recebido
2579,215,2026-04,Extratos,2026-05-01,2026-05-02,Recebido
2580,215,2026-05,Extratos,2026-05-27,2026-05-21,Recebido
2581,216,2025-07,Notas fiscais,2025-07-02,2025-06-23,Recebido
2582,216,2025-07,Notas fiscais,2025-08-01,,Pendente
2583,216,2025-08,Notas fiscais,2025-09-02,2025-09-04,Recebido
2584,216,2025-09,Notas fiscais,2025-09-29,2025-10-08,Recebido
2585,216,2025-10,Folha,2025-11-04,2025-11-01,Recebido
2586,216,2025-11,Notas fiscais,2025-12-11,2025-12-16,Recebido
2587,216,2025-12,Documentos societários,2026-01-09,2026-01-18,Recebido
2588,216,2026-01,Notas fiscais,2026-02-11,2026-02-01,Recebido
2589,216,2026-02,Documentos societários,2026-03-12,2026-03-17,Recebido
2590,216,2026-03,Folha,2026-03-31,2026-03-26,Recebido
2591,216,2026-04,Notas fiscais,2026-05-01,,Pendente
2592,216,2026-05,Notas fiscais,2026-06-01,,Pendente
2593,217,2025-07,Notas fiscais,2025-07-06,2025-07-06,Recebido
2594,217,2025-07,Folha,2025-08-05,2025-07-29,Recebido
2595,217,2025-08,Extratos,2025-09-12,2025-09-14,Recebido
2596,217,2025-09,Documentos societários,2025-10-06,2025-10-11,Recebido
2597,217,2025-10,Notas fiscais,2025-11-06,2025-10-31,Recebido
2598,217,2025-11,Notas fiscais,2025-12-03,2025-11-26,Recebido
2599,217,2025-12,Extratos,2026-01-01,,Pendente
2600,217,2026-01,Documentos societários,2026-02-01,2026-01-26,Recebido
2601,217,2026-02,Documentos societários,2026-03-10,2026-03-06,Recebido
2602,217,2026-03,Documentos societários,2026-04-01,2026-04-09,Recebido
2603,217,2026-04,Notas fiscais,2026-05-10,2026-05-05,Recebido
2604,217,2026-05,Extratos,2026-05-30,2026-05-26,Recebido
2605,218,2025-07,Folha,2025-07-14,2025-07-08,Recebido
2606,218,2025-07,Notas fiscais,2025-08-02,2025-07-23,Recebido
2607,218,2025-08,Folha,2025-08-31,2025-08-28,Recebido
2608,218,2025-09,Notas fiscais,2025-10-12,,Pendente
2609,218,2025-10,Folha,2025-11-02,2025-10-26,Recebido
2610,218,2025-11,Extratos,2025-12-01,2025-12-09,Recebido
2611,218,2025-12,Folha,2026-01-01,2025-12-29,Recebido
2612,218,2026-01,Notas fiscais,2026-02-08,2026-02-14,Recebido
2613,218,2026-02,Documentos societários,2026-03-09,2026-03-03,Recebido
2614,218,2026-03,Documentos societários,2026-04-08,2026-04-12,Recebido
2615,218,2026-04,Extratos,2026-05-09,2026-05-12,Recebido
2616,218,2026-05,Notas fiscais,2026-05-31,,Pendente
2617,219,2025-07,Extratos,2025-07-05,2025-07-09,Recebido
2618,219,2025-07,Folha,2025-08-01,2025-07-26,Recebido
2619,219,2025-08,Documentos societários,2025-09-02,2025-09-02,Recebido
2620,219,2025-09,Folha,2025-10-03,2025-09-23,Recebido
2621,219,2025-10,Notas fiscais,2025-11-06,2025-10-29,Recebido
2622,219,2025-11,Extratos,2025-11-29,2025-11-27,Recebido
2623,219,2025-12,Notas fiscais,2026-01-08,2025-12-29,Recebido
2624,219,2026-01,Extratos,2026-01-30,2026-02-04,Recebido
2625,219,2026-02,Folha,2026-02-26,2026-02-26,Recebido
2626,219,2026-03,Documentos societários,2026-04-08,2026-04-16,Recebido
2627,219,2026-04,Documentos societários,2026-04-30,2026-05-05,Recebido
2628,219,2026-05,Extratos,2026-06-10,2026-06-09,Recebido
2629,220,2025-07,Folha,2025-07-16,2025-07-21,Recebido
2630,220,2025-07,Folha,2025-08-02,2025-08-11,Recebido
2631,220,2025-08,Extratos,2025-09-09,2025-09-01,Recebido
2632,220,2025-09,Extratos,2025-09-30,2025-09-22,Recebido
2633,220,2025-10,Folha,2025-11-11,,Pendente
2634,220,2025-11,Folha,2025-12-02,2025-11-26,Recebido
2635,220,2025-12,Extratos,2026-01-02,2026-01-03,Recebido
2636,220,2026-01,Folha,2026-02-04,2026-02-08,Recebido
2637,220,2026-02,Notas fiscais,2026-02-28,2026-03-06,Recebido
2638,220,2026-03,Notas fiscais,2026-03-30,2026-04-03,Recebido
2639,220,2026-04,Documentos societários,2026-05-03,2026-04-23,Recebido
2640,220,2026-05,Documentos societários,2026-06-03,,Pendente
2641,221,2025-07,Documentos societários,2025-07-05,2025-07-03,Recebido
2642,221,2025-07,Notas fiscais,2025-08-14,,Pendente
2643,221,2025-08,Folha,2025-09-01,2025-08-22,Recebido
2644,221,2025-09,Notas fiscais,2025-10-09,2025-10-01,Recebido
2645,221,2025-10,Folha,2025-11-09,,Pendente
2646,221,2025-11,Documentos societários,2025-12-01,2025-11-29,Recebido
2647,221,2025-12,Extratos,2025-12-30,2026-01-01,Recebido
2648,221,2026-01,Notas fiscais,2026-02-04,2026-02-04,Recebido
2649,221,2026-02,Documentos societários,2026-03-07,2026-03-02,Recebido
2650,221,2026-03,Documentos societários,2026-04-09,2026-04-17,Recebido
2651,221,2026-04,Folha,2026-05-08,,Pendente
2652,221,2026-05,Documentos societários,2026-05-29,2026-05-21,Recebido
2653,222,2025-07,Extratos,2025-07-01,,Pendente
2654,222,2025-07,Documentos societários,2025-08-08,2025-08-15,Recebido
2655,222,2025-08,Extratos,2025-08-31,2025-08-24,Recebido
2656,222,2025-09,Documentos societários,2025-10-07,2025-10-15,Recebido
2657,222,2025-10,Folha,2025-11-07,2025-11-07,Recebido
2658,222,2025-11,Extratos,2025-11-30,2025-12-07,Recebido
2659,222,2025-12,Extratos,2025-12-29,2025-12-19,Recebido
2660,222,2026-01,Extratos,2026-02-08,2026-02-04,Recebido
2661,222,2026-02,Extratos,2026-03-11,2026-03-11,Recebido
2662,222,2026-03,Extratos,2026-04-03,2026-04-05,Recebido
2663,222,2026-04,Extratos,2026-04-27,2026-04-22,Recebido
2664,222,2026-05,Folha,2026-06-09,2026-06-13,Recebido
2665,223,2025-07,Documentos societários,2025-07-03,2025-07-11,Recebido
2666,223,2025-07,Documentos societários,2025-08-11,2025-08-20,Recebido
2667,223,2025-08,Documentos societários,2025-09-04,2025-09-07,Recebido
2668,223,2025-09,Folha,2025-10-01,2025-09-21,Recebido
2669,223,2025-10,Notas fiscais,2025-11-13,2025-11-15,Recebido
2670,223,2025-11,Notas fiscais,2025-12-12,,Pendente
2671,223,2025-12,Folha,2026-01-07,2026-01-15,Recebido
2672,223,2026-01,Folha,2026-02-06,2026-02-08,Recebido
2673,223,2026-02,Folha,2026-03-11,2026-03-18,Recebido
2674,223,2026-03,Notas fiscais,2026-04-03,2026-04-02,Recebido
2675,223,2026-04,Extratos,2026-05-08,2026-05-16,Recebido
2676,223,2026-05,Notas fiscais,2026-06-05,2026-06-13,Recebido
2677,224,2025-07,Notas fiscais,2025-07-10,2025-07-18,Recebido
2678,224,2025-07,Notas fiscais,2025-08-15,2025-08-19,Recebido
2679,224,2025-08,Extratos,2025-08-30,,Pendente
2680,224,2025-09,Documentos societários,2025-10-08,2025-10-07,Recebido
2681,224,2025-10,Documentos societários,2025-11-12,2025-11-09,Recebido
2682,224,2025-11,Extratos,2025-12-01,2025-12-06,Recebido
2683,224,2025-12,Documentos societários,2026-01-12,2026-01-16,Recebido
2684,224,2026-01,Notas fiscais,2026-01-28,2026-01-29,Recebido
2685,224,2026-02,Folha,2026-03-06,2026-03-02,Recebido
2686,224,2026-03,Notas fiscais,2026-04-09,,Pendente
2687,224,2026-04,Folha,2026-05-04,2026-05-06,Recebido
2688,224,2026-05,Notas fiscais,2026-05-27,,Pendente
2689,225,2025-07,Notas fiscais,2025-07-03,2025-06-23,Recebido
2690,225,2025-07,Extratos,2025-08-12,2025-08-08,Recebido
2691,225,2025-08,Notas fiscais,2025-09-02,2025-09-03,Recebido
2692,225,2025-09,Documentos societários,2025-09-30,2025-10-01,Recebido
2693,225,2025-10,Folha,2025-10-29,,Pendente
2694,225,2025-11,Folha,2025-12-02,2025-11-26,Recebido
2695,225,2025-12,Folha,2026-01-11,2026-01-13,Recebido
2696,225,2026-01,Extratos,2026-01-31,2026-02-01,Recebido
2697,225,2026-02,Folha,2026-03-09,2026-03-13,Recebido
2698,225,2026-03,Extratos,2026-03-29,,Pendente
2699,225,2026-04,Folha,2026-05-11,2026-05-19,Recebido
2700,225,2026-05,Documentos societários,2026-06-04,2026-06-13,Recebido
2701,226,2025-07,Documentos societários,2025-07-15,2025-07-22,Recebido
2702,226,2025-07,Documentos societários,2025-08-04,2025-08-09,Recebido
2703,226,2025-08,Documentos societários,2025-09-10,2025-09-13,Recebido
2704,226,2025-09,Notas fiscais,2025-10-11,2025-10-13,Recebido
2705,226,2025-10,Folha,2025-11-12,2025-11-19,Recebido
2706,226,2025-11,Documentos societários,2025-12-05,2025-12-01,Recebido
2707,226,2025-12,Folha,2026-01-09,2026-01-09,Recebido
2708,226,2026-01,Extratos,2026-02-02,2026-02-01,Recebido
2709,226,2026-02,Folha,2026-03-12,2026-03-14,Recebido
2710,226,2026-03,Extratos,2026-04-08,2026-04-14,Recebido
2711,226,2026-04,Extratos,2026-04-30,2026-05-03,Recebido
2712,226,2026-05,Documentos societários,2026-06-05,2026-05-27,Recebido
2713,227,2025-07,Extratos,2025-07-05,,Pendente
2714,227,2025-07,Notas fiscais,2025-08-02,,Pendente
2715,227,2025-08,Documentos societários,2025-09-07,2025-09-08,Recebido
2716,227,2025-09,Documentos societários,2025-10-06,2025-10-08,Recebido
2717,227,2025-10,Documentos societários,2025-10-31,2025-11-09,Recebido
2718,227,2025-11,Extratos,2025-12-08,,Pendente
2719,227,2025-12,Notas fiscais,2026-01-01,2026-01-08,Recebido
2720,227,2026-01,Documentos societários,2026-01-28,2026-01-25,Recebido
2721,227,2026-02,Extratos,2026-03-07,,Pendente
2722,227,2026-03,Notas fiscais,2026-04-10,2026-04-16,Recebido
2723,227,2026-04,Documentos societários,2026-05-10,2026-05-01,Recebido
2724,227,2026-05,Folha,2026-05-29,2026-06-07,Recebido
2725,228,2025-07,Notas fiscais,2025-07-10,2025-07-17,Recebido
2726,228,2025-07,Folha,2025-08-08,2025-08-17,Recebido
2727,228,2025-08,Notas fiscais,2025-09-14,2025-09-07,Recebido
2728,228,2025-09,Folha,2025-10-04,2025-10-05,Recebido
2729,228,2025-10,Notas fiscais,2025-10-31,2025-10-28,Recebido
2730,228,2025-11,Extratos,2025-12-13,2025-12-10,Recebido
2731,228,2025-12,Documentos societários,2026-01-01,2026-01-06,Recebido
2732,228,2026-01,Notas fiscais,2026-01-31,2026-02-06,Recebido
2733,228,2026-02,Notas fiscais,2026-03-11,2026-03-05,Recebido
2734,228,2026-03,Extratos,2026-04-12,2026-04-11,Recebido
2735,228,2026-04,Documentos societários,2026-04-29,2026-04-22,Recebido
2736,228,2026-05,Extratos,2026-06-09,,Pendente
2737,229,2025-07,Extratos,2025-07-11,2025-07-03,Recebido
2738,229,2025-07,Documentos societários,2025-08-06,2025-08-06,Recebido
2739,229,2025-08,Notas fiscais,2025-09-12,2025-09-16,Recebido
2740,229,2025-09,Folha,2025-09-29,2025-10-06,Recebido
2741,229,2025-10,Extratos,2025-11-05,2025-11-02,Recebido
2742,229,2025-11,Folha,2025-12-04,2025-11-24,Recebido
2743,229,2025-12,Documentos societários,2026-01-11,2026-01-12,Recebido
2744,229,2026-01,Documentos societários,2026-02-07,2026-01-29,Recebido
2745,229,2026-02,Documentos societários,2026-02-27,,Pendente
2746,229,2026-03,Folha,2026-03-30,2026-03-31,Recebido
2747,229,2026-04,Documentos societários,2026-04-27,,Pendente
2748,229,2026-05,Documentos societários,2026-06-06,,Pendente
2749,230,2025-07,Extratos,2025-07-01,2025-06-22,Recebido
2750,230,2025-07,Extratos,2025-07-31,2025-07-25,Recebido
2751,230,2025-08,Notas fiscais,2025-09-01,2025-08-29,Recebido
2752,230,2025-09,Folha,2025-10-06,,Pendente
2753,230,2025-10,Documentos societários,2025-11-05,2025-11-09,Recebido
2754,230,2025-11,Extratos,2025-12-02,,Pendente
2755,230,2025-12,Documentos societários,2025-12-29,2026-01-07,Recebido
2756,230,2026-01,Notas fiscais,2026-01-28,,Pendente
2757,230,2026-02,Notas fiscais,2026-03-05,2026-02-24,Recebido
2758,230,2026-03,Folha,2026-04-07,2026-04-06,Recebido
2759,230,2026-04,Documentos societários,2026-04-29,2026-05-02,Recebido
2760,230,2026-05,Extratos,2026-05-27,2026-06-01,Recebido
2761,231,2025-07,Documentos societários,2025-07-01,2025-07-08,Recebido
2762,231,2025-07,Documentos societários,2025-08-11,2025-08-10,Recebido
2763,231,2025-08,Documentos societários,2025-09-04,2025-09-03,Recebido
2764,231,2025-09,Notas fiscais,2025-10-12,2025-10-14,Recebido
2765,231,2025-10,Documentos societários,2025-11-10,,Pendente
2766,231,2025-11,Extratos,2025-12-03,2025-11-24,Recebido
2767,231,2025-12,Documentos societários,2026-01-07,2026-01-07,Recebido
2768,231,2026-01,Folha,2026-02-06,2026-02-09,Recebido
2769,231,2026-02,Notas fiscais,2026-03-01,2026-03-08,Recebido
2770,231,2026-03,Documentos societários,2026-03-28,2026-04-04,Recebido
2771,231,2026-04,Documentos societários,2026-05-12,2026-05-16,Recebido
2772,231,2026-05,Extratos,2026-05-31,2026-06-03,Recebido
2773,232,2025-07,Extratos,2025-07-06,2025-07-12,Recebido
2774,232,2025-07,Extratos,2025-08-07,2025-08-09,Recebido
2775,232,2025-08,Notas fiscais,2025-09-10,2025-09-07,Recebido
2776,232,2025-09,Notas fiscais,2025-10-05,,Pendente
2777,232,2025-10,Folha,2025-11-04,2025-11-11,Recebido
2778,232,2025-11,Notas fiscais,2025-12-06,2025-12-03,Recebido
2779,232,2025-12,Documentos societários,2026-01-11,2026-01-09,Recebido
2780,232,2026-01,Notas fiscais,2026-01-28,2026-02-05,Recebido
2781,232,2026-02,Folha,2026-03-09,2026-03-16,Recebido
2782,232,2026-03,Documentos societários,2026-04-03,2026-03-24,Recebido
2783,232,2026-04,Notas fiscais,2026-05-09,2026-05-14,Recebido
2784,232,2026-05,Folha,2026-05-28,,Pendente
2785,233,2025-07,Extratos,2025-07-07,2025-07-10,Recebido
2786,233,2025-07,Folha,2025-07-31,2025-07-25,Recebido
2787,233,2025-08,Extratos,2025-09-13,2025-09-17,Recebido
2788,233,2025-09,Folha,2025-10-02,2025-09-25,Recebido
2789,233,2025-10,Notas fiscais,2025-11-12,2025-11-04,Recebido
2790,233,2025-11,Extratos,2025-12-10,2025-12-19,Recebido
2791,233,2025-12,Extratos,2025-12-30,2025-12-21,Recebido
2792,233,2026-01,Folha,2026-02-04,2026-02-08,Recebido
2793,233,2026-02,Notas fiscais,2026-03-01,,Pendente
2794,233,2026-03,Folha,2026-03-29,2026-04-05,Recebido
2795,233,2026-04,Notas fiscais,2026-05-03,2026-04-25,Recebido
2796,233,2026-05,Extratos,2026-05-28,,Pendente
2797,234,2025-07,Notas fiscais,2025-07-14,2025-07-21,Recebido
2798,234,2025-07,Extratos,2025-08-11,2025-08-16,Recebido
2799,234,2025-08,Extratos,2025-09-11,2025-09-08,Recebido
2800,234,2025-09,Documentos societários,2025-10-04,2025-10-12,Recebido
2801,234,2025-10,Notas fiscais,2025-11-02,2025-11-06,Recebido
2802,234,2025-11,Folha,2025-12-05,2025-11-27,Recebido
2803,234,2025-12,Folha,2025-12-28,2025-12-28,Recebido
2804,234,2026-01,Folha,2026-02-01,2026-01-29,Recebido
2805,234,2026-02,Documentos societários,2026-03-03,,Pendente
2806,234,2026-03,Folha,2026-03-30,2026-03-20,Recebido
2807,234,2026-04,Folha,2026-05-11,2026-05-05,Recebido
2808,234,2026-05,Folha,2026-05-29,2026-06-03,Recebido
2809,235,2025-07,Notas fiscais,2025-07-11,2025-07-19,Recebido
2810,235,2025-07,Notas fiscais,2025-08-07,2025-08-02,Recebido
2811,235,2025-08,Folha,2025-09-09,2025-08-30,Recebido
2812,235,2025-09,Notas fiscais,2025-10-05,2025-09-28,Recebido
2813,235,2025-10,Notas fiscais,2025-11-06,2025-11-06,Recebido
2814,235,2025-11,Extratos,2025-11-30,2025-12-07,Recebido
2815,235,2025-12,Documentos societários,2025-12-29,2025-12-19,Recebido
2816,235,2026-01,Folha,2026-02-07,2026-02-08,Recebido
2817,235,2026-02,Folha,2026-02-28,2026-02-27,Recebido
2818,235,2026-03,Extratos,2026-04-04,2026-04-10,Recebido
2819,235,2026-04,Notas fiscais,2026-05-11,2026-05-19,Recebido
2820,235,2026-05,Folha,2026-06-09,2026-06-16,Recebido
2821,236,2025-07,Notas fiscais,2025-07-03,2025-07-12,Recebido
2822,236,2025-07,Documentos societários,2025-08-03,2025-07-28,Recebido
2823,236,2025-08,Extratos,2025-09-12,,Pendente
2824,236,2025-09,Documentos societários,2025-10-11,2025-10-12,Recebido
2825,236,2025-10,Notas fiscais,2025-11-10,2025-11-18,Recebido
2826,236,2025-11,Notas fiscais,2025-12-12,2025-12-03,Recebido
2827,236,2025-12,Notas fiscais,2026-01-12,2026-01-19,Recebido
2828,236,2026-01,Notas fiscais,2026-02-11,2026-02-15,Recebido
2829,236,2026-02,Documentos societários,2026-03-04,2026-03-02,Recebido
2830,236,2026-03,Extratos,2026-04-02,2026-04-01,Recebido
2831,236,2026-04,Notas fiscais,2026-05-03,,Pendente
2832,236,2026-05,Documentos societários,2026-06-09,2026-06-16,Recebido
2833,237,2025-07,Folha,2025-07-05,,Pendente
2834,237,2025-07,Extratos,2025-08-12,,Pendente
2835,237,2025-08,Folha,2025-09-11,2025-09-17,Recebido
2836,237,2025-09,Extratos,2025-09-30,2025-09-20,Recebido
2837,237,2025-10,Extratos,2025-10-30,2025-10-26,Recebido
2838,237,2025-11,Extratos,2025-12-10,2025-12-14,Recebido
2839,237,2025-12,Notas fiscais,2026-01-12,2026-01-21,Recebido
2840,237,2026-01,Documentos societários,2026-02-02,,Pendente
2841,237,2026-02,Notas fiscais,2026-03-03,2026-03-09,Recebido
2842,237,2026-03,Documentos societários,2026-04-09,2026-04-07,Recebido
2843,237,2026-04,Notas fiscais,2026-05-04,2026-05-09,Recebido
2844,237,2026-05,Documentos societários,2026-05-29,2026-05-22,Recebido
2845,238,2025-07,Folha,2025-07-13,2025-07-17,Recebido
2846,238,2025-07,Folha,2025-08-07,,Pendente
2847,238,2025-08,Extratos,2025-09-10,2025-09-14,Recebido
2848,238,2025-09,Documentos societários,2025-10-04,,Pendente
2849,238,2025-10,Extratos,2025-11-12,2025-11-19,Recebido
2850,238,2025-11,Extratos,2025-11-30,2025-11-25,Recebido
2851,238,2025-12,Notas fiscais,2026-01-03,2026-01-08,Recebido
2852,238,2026-01,Notas fiscais,2026-02-01,2026-01-30,Recebido
2853,238,2026-02,Folha,2026-03-08,2026-03-07,Recebido
2854,238,2026-03,Notas fiscais,2026-04-03,2026-04-04,Recebido
2855,238,2026-04,Folha,2026-05-09,2026-05-06,Recebido
2856,238,2026-05,Documentos societários,2026-06-08,2026-06-17,Recebido
2857,239,2025-07,Extratos,2025-07-09,2025-07-02,Recebido
2858,239,2025-07,Notas fiscais,2025-08-13,,Pendente
2859,239,2025-08,Extratos,2025-09-03,2025-09-08,Recebido
2860,239,2025-09,Documentos societários,2025-10-06,2025-09-30,Recebido
2861,239,2025-10,Extratos,2025-11-03,2025-11-01,Recebido
2862,239,2025-11,Notas fiscais,2025-11-30,2025-11-23,Recebido
2863,239,2025-12,Extratos,2026-01-09,2026-01-16,Recebido
2864,239,2026-01,Documentos societários,2026-02-11,2026-02-03,Recebido
2865,239,2026-02,Documentos societários,2026-03-11,,Pendente
2866,239,2026-03,Extratos,2026-04-01,2026-03-24,Recebido
2867,239,2026-04,Folha,2026-04-28,2026-04-29,Recebido
2868,239,2026-05,Notas fiscais,2026-05-31,2026-05-27,Recebido
2869,240,2025-07,Extratos,2025-07-06,,Pendente
2870,240,2025-07,Documentos societários,2025-08-06,,Pendente
2871,240,2025-08,Extratos,2025-09-14,2025-09-21,Recebido
2872,240,2025-09,Extratos,2025-10-08,,Pendente
2873,240,2025-10,Extratos,2025-11-04,2025-11-09,Recebido
2874,240,2025-11,Notas fiscais,2025-11-28,2025-11-24,Recebido
2875,240,2025-12,Documentos societários,2026-01-10,2026-01-16,Recebido
2876,240,2026-01,Extratos,2026-02-04,,Pendente
2877,240,2026-02,Notas fiscais,2026-03-01,2026-02-26,Recebido
2878,240,2026-03,Documentos societários,2026-04-06,2026-03-30,Recebido
2879,240,2026-04,Documentos societários,2026-05-12,2026-05-03,Recebido
2880,240,2026-05,Folha,2026-06-06,2026-06-13,Recebido
2881,241,2025-07,Extratos,2025-07-07,,Pendente
2882,241,2025-07,Notas fiscais,2025-08-15,,Pendente
2883,241,2025-08,Documentos societários,2025-09-10,2025-09-15,Recebido
2884,241,2025-09,Folha,2025-10-01,2025-10-02,Recebido
2885,241,2025-10,Folha,2025-11-07,2025-11-09,Recebido
2886,241,2025-11,Documentos societários,2025-12-06,,Pendente
2887,241,2025-12,Notas fiscais,2026-01-01,2026-01-07,Recebido
2888,241,2026-01,Notas fiscais,2026-02-04,2026-02-12,Recebido
2889,241,2026-02,Notas fiscais,2026-03-05,2026-03-03,Recebido
2890,241,2026-03,Extratos,2026-04-03,2026-03-27,Recebido
2891,241,2026-04,Documentos societários,2026-05-05,2026-05-12,Recebido
2892,241,2026-05,Documentos societários,2026-06-08,2026-06-15,Recebido
2893,242,2025-07,Documentos societários,2025-07-10,2025-07-15,Recebido
2894,242,2025-07,Extratos,2025-08-06,2025-08-03,Recebido
2895,242,2025-08,Extratos,2025-09-01,2025-08-31,Recebido
2896,242,2025-09,Documentos societários,2025-10-09,,Pendente
2897,242,2025-10,Extratos,2025-11-12,2025-11-15,Recebido
2898,242,2025-11,Folha,2025-12-07,2025-12-05,Recebido
2899,242,2025-12,Notas fiscais,2026-01-01,2026-01-05,Recebido
2900,242,2026-01,Folha,2026-02-02,2026-01-25,Recebido
2901,242,2026-02,Notas fiscais,2026-03-03,2026-03-04,Recebido
2902,242,2026-03,Documentos societários,2026-04-11,2026-04-20,Recebido
2903,242,2026-04,Extratos,2026-05-10,2026-05-19,Recebido
2904,242,2026-05,Documentos societários,2026-06-02,2026-06-11,Recebido
2905,243,2025-07,Documentos societários,2025-07-07,2025-07-13,Recebido
2906,243,2025-07,Documentos societários,2025-08-12,2025-08-09,Recebido
2907,243,2025-08,Extratos,2025-09-12,2025-09-20,Recebido
2908,243,2025-09,Notas fiscais,2025-10-03,2025-10-07,Recebido
2909,243,2025-10,Documentos societários,2025-11-01,2025-10-27,Recebido
2910,243,2025-11,Documentos societários,2025-12-10,,Pendente
2911,243,2025-12,Extratos,2025-12-28,2026-01-05,Recebido
2912,243,2026-01,Documentos societários,2026-02-11,,Pendente
2913,243,2026-02,Extratos,2026-03-04,2026-02-27,Recebido
2914,243,2026-03,Folha,2026-04-02,2026-03-24,Recebido
2915,243,2026-04,Documentos societários,2026-05-07,2026-05-08,Recebido
2916,243,2026-05,Documentos societários,2026-06-09,2026-06-03,Recebido
2917,244,2025-07,Extratos,2025-07-07,2025-07-11,Recebido
2918,244,2025-07,Extratos,2025-07-31,,Pendente
2919,244,2025-08,Notas fiscais,2025-09-12,2025-09-09,Recebido
2920,244,2025-09,Extratos,2025-10-03,2025-10-06,Recebido
2921,244,2025-10,Documentos societários,2025-11-06,2025-10-29,Recebido
2922,244,2025-11,Notas fiscais,2025-11-29,2025-12-06,Recebido
2923,244,2025-12,Folha,2025-12-31,2025-12-22,Recebido
2924,244,2026-01,Extratos,2026-02-11,2026-02-18,Recebido
2925,244,2026-02,Notas fiscais,2026-02-28,2026-02-19,Recebido
2926,244,2026-03,Extratos,2026-04-09,2026-03-30,Recebido
2927,244,2026-04,Notas fiscais,2026-05-10,2026-04-30,Recebido
2928,244,2026-05,Documentos societários,2026-05-29,2026-06-01,Recebido
2929,245,2025-07,Documentos societários,2025-07-07,,Pendente
2930,245,2025-07,Notas fiscais,2025-08-14,2025-08-08,Recebido
2931,245,2025-08,Notas fiscais,2025-09-13,2025-09-08,Recebido
2932,245,2025-09,Folha,2025-09-29,2025-09-29,Recebido
2933,245,2025-10,Notas fiscais,2025-11-13,2025-11-14,Recebido
2934,245,2025-11,Folha,2025-11-30,2025-11-30,Recebido
2935,245,2025-12,Folha,2025-12-30,2025-12-20,Recebido
2936,245,2026-01,Extratos,2026-01-31,2026-01-28,Recebido
2937,245,2026-02,Notas fiscais,2026-03-09,2026-03-09,Recebido
2938,245,2026-03,Extratos,2026-03-30,2026-03-23,Recebido
2939,245,2026-04,Extratos,2026-05-03,2026-05-04,Recebido
2940,245,2026-05,Extratos,2026-05-29,2026-05-31,Recebido
2941,246,2025-07,Documentos societários,2025-07-03,2025-07-06,Recebido
2942,246,2025-07,Extratos,2025-07-31,2025-07-31,Recebido
2943,246,2025-08,Documentos societários,2025-09-09,2025-09-09,Recebido
2944,246,2025-09,Documentos societários,2025-10-14,2025-10-14,Recebido
2945,246,2025-10,Documentos societários,2025-11-02,2025-11-04,Recebido
2946,246,2025-11,Documentos societários,2025-11-28,2025-11-27,Recebido
2947,246,2025-12,Folha,2026-01-08,2026-01-15,Recebido
2948,246,2026-01,Extratos,2026-02-01,2026-01-31,Recebido
2949,246,2026-02,Notas fiscais,2026-02-26,2026-03-04,Recebido
2950,246,2026-03,Notas fiscais,2026-04-11,2026-04-05,Recebido
2951,246,2026-04,Folha,2026-04-30,2026-04-28,Recebido
2952,246,2026-05,Notas fiscais,2026-06-11,,Pendente
2953,247,2025-07,Folha,2025-07-15,2025-07-10,Recebido
2954,247,2025-07,Extratos,2025-08-15,,Pendente
2955,247,2025-08,Folha,2025-08-31,2025-08-24,Recebido
2956,247,2025-09,Folha,2025-09-29,2025-09-25,Recebido
2957,247,2025-10,Folha,2025-11-12,2025-11-15,Recebido
2958,247,2025-11,Folha,2025-12-06,2025-11-28,Recebido
2959,247,2025-12,Notas fiscais,2026-01-04,,Pendente
2960,247,2026-01,Extratos,2026-02-06,2026-02-06,Recebido
2961,247,2026-02,Folha,2026-03-02,2026-03-02,Recebido
2962,247,2026-03,Folha,2026-04-06,,Pendente
2963,247,2026-04,Documentos societários,2026-05-12,2026-05-06,Recebido
2964,247,2026-05,Folha,2026-06-06,2026-06-13,Recebido
2965,248,2025-07,Extratos,2025-07-10,2025-07-12,Recebido
2966,248,2025-07,Folha,2025-08-06,2025-08-11,Recebido
2967,248,2025-08,Notas fiscais,2025-09-10,2025-09-17,Recebido
2968,248,2025-09,Extratos,2025-09-29,2025-09-27,Recebido
2969,248,2025-10,Folha,2025-11-03,2025-11-05,Recebido
2970,248,2025-11,Extratos,2025-12-07,2025-12-04,Recebido
2971,248,2025-12,Notas fiscais,2026-01-05,2026-01-14,Recebido
2972,248,2026-01,Extratos,2026-02-05,2026-02-06,Recebido
2973,248,2026-02,Extratos,2026-03-07,2026-03-02,Recebido
2974,248,2026-03,Documentos societários,2026-03-28,2026-04-01,Recebido
2975,248,2026-04,Notas fiscais,2026-05-08,2026-05-03,Recebido
2976,248,2026-05,Folha,2026-06-02,2026-05-26,Recebido
2977,249,2025-07,Notas fiscais,2025-07-09,2025-06-30,Recebido
2978,249,2025-07,Notas fiscais,2025-08-12,2025-08-21,Recebido
2979,249,2025-08,Extratos,2025-08-31,2025-09-08,Recebido
2980,249,2025-09,Notas fiscais,2025-10-02,2025-10-06,Recebido
2981,249,2025-10,Folha,2025-10-29,2025-11-03,Recebido
2982,249,2025-11,Extratos,2025-12-08,2025-12-03,Recebido
2983,249,2025-12,Notas fiscais,2025-12-28,2025-12-24,Recebido
2984,249,2026-01,Extratos,2026-02-06,2026-01-27,Recebido
2985,249,2026-02,Extratos,2026-03-13,2026-03-16,Recebido
2986,249,2026-03,Folha,2026-03-30,2026-03-25,Recebido
2987,249,2026-04,Documentos societários,2026-05-12,,Pendente
2988,249,2026-05,Notas fiscais,2026-05-27,2026-06-05,Recebido
2989,250,2025-07,Notas fiscais,2025-07-13,2025-07-22,Recebido
2990,250,2025-07,Documentos societários,2025-08-10,2025-08-13,Recebido
2991,250,2025-08,Documentos societários,2025-09-11,2025-09-11,Recebido
2992,250,2025-09,Folha,2025-10-08,2025-10-01,Recebido
2993,250,2025-10,Documentos societários,2025-11-09,,Pendente
2994,250,2025-11,Extratos,2025-12-05,2025-12-11,Recebido
2995,250,2025-12,Extratos,2025-12-28,2025-12-26,Recebido
2996,250,2026-01,Documentos societários,2026-02-07,2026-02-15,Recebido
2997,250,2026-02,Notas fiscais,2026-03-04,2026-03-06,Recebido
2998,250,2026-03,Folha,2026-04-08,2026-04-05,Recebido
2999,250,2026-04,Extratos,2026-04-29,,Pendente
3000,250,2026-05,Documentos societários,2026-06-01,2026-05-30,Recebido
3001,251,2025-07,Extratos,2025-07-10,2025-07-12,Recebido
3002,251,2025-07,Folha,2025-08-03,2025-08-01,Recebido
3003,251,2025-08,Extratos,2025-09-10,2025-09-15,Recebido
3004,251,2025-09,Folha,2025-10-08,2025-10-11,Recebido
3005,251,2025-10,Folha,2025-10-29,2025-10-23,Recebido
3006,251,2025-11,Folha,2025-12-12,2025-12-21,Recebido
3007,251,2025-12,Folha,2026-01-09,2026-01-11,Recebido
3008,251,2026-01,Folha,2026-02-09,,Pendente
3009,251,2026-02,Extratos,2026-03-10,2026-03-13,Recebido
3010,251,2026-03,Extratos,2026-04-04,2026-03-26,Recebido
3011,251,2026-04,Notas fiscais,2026-04-30,,Pendente
3012,251,2026-05,Folha,2026-06-04,2026-05-29,Recebido
3013,252,2025-07,Extratos,2025-07-09,2025-07-06,Recebido
3014,252,2025-07,Folha,2025-08-03,2025-08-07,Recebido
3015,252,2025-08,Documentos societários,2025-09-05,2025-09-07,Recebido
3016,252,2025-09,Documentos societários,2025-10-08,2025-10-10,Recebido
3017,252,2025-10,Notas fiscais,2025-11-11,2025-11-08,Recebido
3018,252,2025-11,Notas fiscais,2025-12-10,,Pendente
3019,252,2025-12,Folha,2026-01-01,2026-01-04,Recebido
3020,252,2026-01,Folha,2026-01-31,,Pendente
3021,252,2026-02,Folha,2026-02-28,2026-03-05,Recebido
3022,252,2026-03,Extratos,2026-04-03,2026-03-28,Recebido
3023,252,2026-04,Documentos societários,2026-04-29,2026-05-06,Recebido
3024,252,2026-05,Documentos societários,2026-05-31,2026-06-02,Recebido
3025,253,2025-07,Notas fiscais,2025-07-11,,Pendente
3026,253,2025-07,Notas fiscais,2025-08-09,2025-08-12,Recebido
3027,253,2025-08,Folha,2025-09-10,2025-09-03,Recebido
3028,253,2025-09,Documentos societários,2025-09-30,2025-10-02,Recebido
3029,253,2025-10,Extratos,2025-11-01,2025-11-04,Recebido
3030,253,2025-11,Notas fiscais,2025-11-28,2025-11-20,Recebido
3031,253,2025-12,Extratos,2026-01-02,,Pendente
3032,253,2026-01,Documentos societários,2026-02-06,2026-02-02,Recebido
3033,253,2026-02,Notas fiscais,2026-03-03,2026-02-26,Recebido
3034,253,2026-03,Folha,2026-03-28,2026-04-02,Recebido
3035,253,2026-04,Notas fiscais,2026-05-01,2026-04-21,Recebido
3036,253,2026-05,Notas fiscais,2026-05-28,2026-06-03,Recebido
3037,254,2025-07,Notas fiscais,2025-07-13,2025-07-15,Recebido
3038,254,2025-07,Notas fiscais,2025-08-09,2025-08-04,Recebido
3039,254,2025-08,Documentos societários,2025-08-30,2025-08-27,Recebido
3040,254,2025-09,Documentos societários,2025-10-06,2025-10-07,Recebido
3041,254,2025-10,Documentos societários,2025-11-10,2025-11-02,Recebido
3042,254,2025-11,Folha,2025-12-13,2025-12-06,Recebido
3043,254,2025-12,Notas fiscais,2026-01-11,2026-01-02,Recebido
3044,254,2026-01,Documentos societários,2026-02-06,,Pendente
3045,254,2026-02,Folha,2026-03-12,2026-03-19,Recebido
3046,254,2026-03,Documentos societários,2026-03-30,,Pendente
3047,254,2026-04,Folha,2026-04-30,,Pendente
3048,254,2026-05,Documentos societários,2026-06-10,2026-06-02,Recebido
3049,255,2025-07,Extratos,2025-07-06,2025-07-09,Recebido
3050,255,2025-07,Extratos,2025-08-04,2025-07-25,Recebido
3051,255,2025-08,Extratos,2025-09-05,2025-08-27,Recebido
3052,255,2025-09,Documentos societários,2025-10-10,2025-10-12,Recebido
3053,255,2025-10,Documentos societários,2025-11-05,2025-11-13,Recebido
3054,255,2025-11,Folha,2025-11-29,,Pendente
3055,255,2025-12,Folha,2025-12-31,2026-01-07,Recebido
3056,255,2026-01,Notas fiscais,2026-02-09,2026-02-15,Recebido
3057,255,2026-02,Notas fiscais,2026-03-06,2026-02-27,Recebido
3058,255,2026-03,Extratos,2026-04-06,2026-03-28,Recebido
3059,255,2026-04,Documentos societários,2026-05-07,2026-05-01,Recebido
3060,255,2026-05,Notas fiscais,2026-06-10,2026-06-07,Recebido
3061,256,2025-07,Documentos societários,2025-07-01,2025-07-01,Recebido
3062,256,2025-07,Extratos,2025-08-11,2025-08-10,Recebido
3063,256,2025-08,Folha,2025-09-01,2025-09-01,Recebido
3064,256,2025-09,Folha,2025-10-11,2025-10-12,Recebido
3065,256,2025-10,Extratos,2025-11-01,2025-10-29,Recebido
3066,256,2025-11,Extratos,2025-12-03,2025-12-10,Recebido
3067,256,2025-12,Folha,2026-01-05,2026-01-13,Recebido
3068,256,2026-01,Notas fiscais,2026-01-30,2026-01-27,Recebido
3069,256,2026-02,Extratos,2026-02-27,2026-02-21,Recebido
3070,256,2026-03,Notas fiscais,2026-04-11,2026-04-16,Recebido
3071,256,2026-04,Documentos societários,2026-04-28,2026-04-28,Recebido
3072,256,2026-05,Extratos,2026-05-31,,Pendente
3073,257,2025-07,Extratos,2025-07-07,2025-07-08,Recebido
3074,257,2025-07,Notas fiscais,2025-08-04,2025-08-06,Recebido
3075,257,2025-08,Extratos,2025-09-04,2025-09-04,Recebido
3076,257,2025-09,Folha,2025-10-03,2025-10-02,Recebido
3077,257,2025-10,Folha,2025-10-30,,Pendente
3078,257,2025-11,Documentos societários,2025-12-09,2025-12-12,Recebido
3079,257,2025-12,Notas fiscais,2025-12-30,2025-12-29,Recebido
3080,257,2026-01,Extratos,2026-01-29,2026-02-07,Recebido
3081,257,2026-02,Extratos,2026-03-01,,Pendente
3082,257,2026-03,Notas fiscais,2026-04-12,2026-04-13,Recebido
3083,257,2026-04,Documentos societários,2026-05-09,2026-05-08,Recebido
3084,257,2026-05,Extratos,2026-05-29,2026-05-20,Recebido
3085,258,2025-07,Extratos,2025-07-12,2025-07-13,Recebido
3086,258,2025-07,Documentos societários,2025-08-01,2025-08-04,Recebido
3087,258,2025-08,Folha,2025-09-09,2025-09-18,Recebido
3088,258,2025-09,Extratos,2025-10-03,2025-10-02,Recebido
3089,258,2025-10,Folha,2025-11-10,2025-11-03,Recebido
3090,258,2025-11,Documentos societários,2025-12-12,2025-12-21,Recebido
3091,258,2025-12,Documentos societários,2026-01-11,2026-01-04,Recebido
3092,258,2026-01,Documentos societários,2026-02-03,2026-01-29,Recebido
3093,258,2026-02,Folha,2026-03-08,,Pendente
3094,258,2026-03,Folha,2026-04-04,,Pendente
3095,258,2026-04,Folha,2026-05-08,2026-04-29,Recebido
3096,258,2026-05,Folha,2026-06-06,2026-06-09,Recebido
3097,259,2025-07,Documentos societários,2025-07-11,2025-07-04,Recebido
3098,259,2025-07,Extratos,2025-08-03,2025-07-26,Recebido
3099,259,2025-08,Documentos societários,2025-09-05,2025-09-01,Recebido
3100,259,2025-09,Documentos societários,2025-10-10,2025-10-08,Recebido
3101,259,2025-10,Documentos societários,2025-10-30,2025-10-24,Recebido
3102,259,2025-11,Documentos societários,2025-12-07,2025-11-29,Recebido
3103,259,2025-12,Documentos societários,2026-01-07,2026-01-11,Recebido
3104,259,2026-01,Documentos societários,2026-02-07,2026-01-31,Recebido
3105,259,2026-02,Documentos societários,2026-02-27,2026-02-27,Recebido
3106,259,2026-03,Documentos societários,2026-03-28,2026-03-25,Recebido
3107,259,2026-04,Notas fiscais,2026-05-07,2026-05-14,Recebido
3108,259,2026-05,Extratos,2026-06-03,2026-05-30,Recebido
3109,260,2025-07,Notas fiscais,2025-07-16,2025-07-19,Recebido
3110,260,2025-07,Documentos societários,2025-08-13,2025-08-03,Recebido
3111,260,2025-08,Folha,2025-08-30,2025-09-04,Recebido
3112,260,2025-09,Folha,2025-09-30,2025-09-22,Recebido
3113,260,2025-10,Notas fiscais,2025-11-06,2025-10-31,Recebido
3114,260,2025-11,Documentos societários,2025-12-12,2025-12-17,Recebido
3115,260,2025-12,Documentos societários,2026-01-02,2026-01-02,Recebido
3116,260,2026-01,Notas fiscais,2026-02-11,,Pendente
3117,260,2026-02,Extratos,2026-03-01,2026-02-22,Recebido
3118,260,2026-03,Folha,2026-04-08,2026-04-07,Recebido
3119,260,2026-04,Folha,2026-05-04,2026-05-08,Recebido
3120,260,2026-05,Documentos societários,2026-05-30,2026-05-28,Recebido
3121,261,2025-07,Folha,2025-07-09,2025-07-05,Recebido
3122,261,2025-07,Notas fiscais,2025-08-05,2025-07-26,Recebido
3123,261,2025-08,Notas fiscais,2025-09-11,2025-09-11,Recebido
3124,261,2025-09,Folha,2025-10-05,2025-09-25,Recebido
3125,261,2025-10,Folha,2025-11-10,2025-11-10,Recebido
3126,261,2025-11,Notas fiscais,2025-12-07,2025-11-28,Recebido
3127,261,2025-12,Notas fiscais,2026-01-04,2026-01-03,Recebido
3128,261,2026-01,Folha,2026-01-28,2026-01-28,Recebido
3129,261,2026-02,Documentos societários,2026-03-01,2026-02-21,Recebido
3130,261,2026-03,Documentos societários,2026-04-02,,Pendente
3131,261,2026-04,Documentos societários,2026-05-11,2026-05-04,Recebido
3132,261,2026-05,Extratos,2026-06-09,2026-06-17,Recebido
3133,262,2025-07,Notas fiscais,2025-07-11,,Pendente
3134,262,2025-07,Documentos societários,2025-08-09,2025-08-14,Recebido
3135,262,2025-08,Extratos,2025-09-03,,Pendente
3136,262,2025-09,Documentos societários,2025-10-13,2025-10-11,Recebido
3137,262,2025-10,Extratos,2025-11-13,2025-11-17,Recebido
3138,262,2025-11,Notas fiscais,2025-12-11,2025-12-17,Recebido
3139,262,2025-12,Folha,2026-01-06,2025-12-28,Recebido
3140,262,2026-01,Folha,2026-01-31,2026-01-28,Recebido
3141,262,2026-02,Documentos societários,2026-03-10,2026-03-11,Recebido
3142,262,2026-03,Folha,2026-04-10,2026-04-16,Recebido
3143,262,2026-04,Documentos societários,2026-05-05,,Pendente
3144,262,2026-05,Documentos societários,2026-05-28,2026-06-05,Recebido
3145,263,2025-07,Notas fiscais,2025-07-03,2025-07-12,Recebido
3146,263,2025-07,Notas fiscais,2025-08-07,2025-08-14,Recebido
3147,263,2025-08,Documentos societários,2025-09-03,2025-08-27,Recebido
3148,263,2025-09,Documentos societários,2025-10-10,2025-10-11,Recebido
3149,263,2025-10,Extratos,2025-11-07,2025-10-31,Recebido
3150,263,2025-11,Folha,2025-12-03,2025-11-25,Recebido
3151,263,2025-12,Documentos societários,2026-01-02,2025-12-26,Recebido
3152,263,2026-01,Documentos societários,2026-01-28,2026-02-01,Recebido
3153,263,2026-02,Notas fiscais,2026-03-01,2026-02-19,Recebido
3154,263,2026-03,Extratos,2026-04-07,2026-04-06,Recebido
3155,263,2026-04,Extratos,2026-05-08,2026-05-07,Recebido
3156,263,2026-05,Documentos societários,2026-06-11,,Pendente
3157,264,2025-07,Folha,2025-07-06,2025-06-29,Recebido
3158,264,2025-07,Folha,2025-08-12,2025-08-19,Recebido
3159,264,2025-08,Folha,2025-09-02,2025-08-29,Recebido
3160,264,2025-09,Notas fiscais,2025-10-06,2025-10-09,Recebido
3161,264,2025-10,Extratos,2025-11-04,2025-10-27,Recebido
3162,264,2025-11,Notas fiscais,2025-12-13,2025-12-10,Recebido
3163,264,2025-12,Folha,2026-01-04,2026-01-08,Recebido
3164,264,2026-01,Documentos societários,2026-01-28,,Pendente
3165,264,2026-02,Documentos societários,2026-03-09,2026-03-12,Recebido
3166,264,2026-03,Folha,2026-03-29,2026-03-21,Recebido
3167,264,2026-04,Documentos societários,2026-05-12,2026-05-08,Recebido
3168,264,2026-05,Folha,2026-06-09,2026-06-06,Recebido
3169,265,2025-07,Folha,2025-07-08,2025-07-01,Recebido
3170,265,2025-07,Extratos,2025-08-03,2025-08-09,Recebido
3171,265,2025-08,Folha,2025-09-07,2025-09-12,Recebido
3172,265,2025-09,Folha,2025-09-30,2025-10-07,Recebido
3173,265,2025-10,Notas fiscais,2025-11-03,2025-11-09,Recebido
3174,265,2025-11,Extratos,2025-12-03,2025-12-03,Recebido
3175,265,2025-12,Documentos societários,2026-01-06,2025-12-31,Recebido
3176,265,2026-01,Folha,2026-01-30,2026-01-22,Recebido
3177,265,2026-02,Documentos societários,2026-03-07,2026-03-12,Recebido
3178,265,2026-03,Folha,2026-04-07,2026-04-04,Recebido
3179,265,2026-04,Notas fiscais,2026-05-08,2026-05-13,Recebido
3180,265,2026-05,Documentos societários,2026-05-27,2026-05-25,Recebido
3181,266,2025-07,Notas fiscais,2025-07-10,2025-07-15,Recebido
3182,266,2025-07,Folha,2025-08-08,2025-07-31,Recebido
3183,266,2025-08,Documentos societários,2025-09-02,2025-09-07,Recebido
3184,266,2025-09,Notas fiscais,2025-10-11,2025-10-20,Recebido
3185,266,2025-10,Documentos societários,2025-11-03,2025-10-27,Recebido
3186,266,2025-11,Documentos societários,2025-12-02,2025-12-09,Recebido
3187,266,2025-12,Documentos societários,2026-01-11,2026-01-20,Recebido
3188,266,2026-01,Extratos,2026-02-07,2026-02-15,Recebido
3189,266,2026-02,Folha,2026-03-03,2026-03-01,Recebido
3190,266,2026-03,Notas fiscais,2026-04-02,2026-03-27,Recebido
3191,266,2026-04,Notas fiscais,2026-05-05,2026-04-28,Recebido
3192,266,2026-05,Folha,2026-05-30,2026-06-03,Recebido
3193,267,2025-07,Folha,2025-07-07,2025-07-15,Recebido
3194,267,2025-07,Extratos,2025-08-02,2025-08-10,Recebido
3195,267,2025-08,Extratos,2025-09-12,2025-09-11,Recebido
3196,267,2025-09,Notas fiscais,2025-10-04,2025-09-25,Recebido
3197,267,2025-10,Folha,2025-11-04,2025-11-10,Recebido
3198,267,2025-11,Documentos societários,2025-12-05,,Pendente
3199,267,2025-12,Folha,2025-12-30,2026-01-05,Recebido
3200,267,2026-01,Extratos,2026-02-03,2026-01-31,Recebido
3201,267,2026-02,Documentos societários,2026-03-01,2026-03-07,Recebido
3202,267,2026-03,Extratos,2026-04-05,,Pendente
3203,267,2026-04,Documentos societários,2026-05-10,2026-05-03,Recebido
3204,267,2026-05,Extratos,2026-06-11,,Pendente
3205,268,2025-07,Folha,2025-07-12,2025-07-03,Recebido
3206,268,2025-07,Documentos societários,2025-08-02,2025-07-29,Recebido
3207,268,2025-08,Folha,2025-09-08,2025-09-06,Recebido
3208,268,2025-09,Notas fiscais,2025-10-10,2025-10-07,Recebido
3209,268,2025-10,Notas fiscais,2025-11-08,2025-11-06,Recebido
3210,268,2025-11,Folha,2025-12-04,2025-12-05,Recebido
3211,268,2025-12,Extratos,2026-01-05,2026-01-03,Recebido
3212,268,2026-01,Notas fiscais,2026-01-31,2026-02-08,Recebido
3213,268,2026-02,Extratos,2026-03-01,2026-02-26,Recebido
3214,268,2026-03,Notas fiscais,2026-04-10,2026-04-19,Recebido
3215,268,2026-04,Extratos,2026-05-05,2026-04-30,Recebido
3216,268,2026-05,Documentos societários,2026-06-07,,Pendente
3217,269,2025-07,Documentos societários,2025-07-12,2025-07-21,Recebido
3218,269,2025-07,Notas fiscais,2025-08-11,2025-08-16,Recebido
3219,269,2025-08,Documentos societários,2025-09-10,2025-09-13,Recebido
3220,269,2025-09,Notas fiscais,2025-10-10,2025-10-08,Recebido
3221,269,2025-10,Folha,2025-11-09,2025-11-12,Recebido
3222,269,2025-11,Notas fiscais,2025-12-04,2025-11-29,Recebido
3223,269,2025-12,Extratos,2025-12-30,,Pendente
3224,269,2026-01,Extratos,2026-02-04,2026-02-03,Recebido
3225,269,2026-02,Extratos,2026-03-07,2026-03-02,Recebido
3226,269,2026-03,Documentos societários,2026-04-10,2026-04-18,Recebido
3227,269,2026-04,Notas fiscais,2026-05-05,2026-04-25,Recebido
3228,269,2026-05,Documentos societários,2026-06-07,2026-06-14,Recebido
3229,270,2025-07,Extratos,2025-07-09,2025-07-10,Recebido
3230,270,2025-07,Folha,2025-08-07,2025-07-29,Recebido
3231,270,2025-08,Documentos societários,2025-09-04,2025-08-30,Recebido
3232,270,2025-09,Documentos societários,2025-09-30,2025-09-20,Recebido
3233,270,2025-10,Documentos societários,2025-11-01,2025-10-24,Recebido
3234,270,2025-11,Extratos,2025-11-28,2025-11-25,Recebido
3235,270,2025-12,Notas fiscais,2026-01-09,2026-01-07,Recebido
3236,270,2026-01,Extratos,2026-01-28,2026-01-22,Recebido
3237,270,2026-02,Notas fiscais,2026-03-05,,Pendente
3238,270,2026-03,Extratos,2026-04-11,2026-04-16,Recebido
3239,270,2026-04,Documentos societários,2026-05-12,2026-05-21,Recebido
3240,270,2026-05,Notas fiscais,2026-06-09,2026-06-13,Recebido
3241,271,2025-07,Folha,2025-07-13,2025-07-07,Recebido
3242,271,2025-07,Folha,2025-08-09,,Pendente
3243,271,2025-08,Extratos,2025-09-11,2025-09-10,Recebido
3244,271,2025-09,Extratos,2025-09-30,2025-09-22,Recebido
3245,271,2025-10,Notas fiscais,2025-11-13,2025-11-22,Recebido
3246,271,2025-11,Notas fiscais,2025-12-07,2025-12-06,Recebido
3247,271,2025-12,Folha,2026-01-05,2026-01-08,Recebido
3248,271,2026-01,Folha,2026-02-11,,Pendente
3249,271,2026-02,Folha,2026-03-06,2026-02-26,Recebido
3250,271,2026-03,Notas fiscais,2026-04-04,2026-04-03,Recebido
3251,271,2026-04,Extratos,2026-04-27,2026-05-03,Recebido
3252,271,2026-05,Extratos,2026-06-11,2026-06-16,Recebido
3253,272,2025-07,Notas fiscais,2025-07-12,2025-07-15,Recebido
3254,272,2025-07,Folha,2025-08-01,2025-08-07,Recebido
3255,272,2025-08,Documentos societários,2025-09-02,2025-09-01,Recebido
3256,272,2025-09,Notas fiscais,2025-10-07,2025-10-05,Recebido
3257,272,2025-10,Folha,2025-11-12,2025-11-15,Recebido
3258,272,2025-11,Documentos societários,2025-12-12,,Pendente
3259,272,2025-12,Folha,2025-12-30,2025-12-31,Recebido
3260,272,2026-01,Notas fiscais,2026-02-06,2026-02-10,Recebido
3261,272,2026-02,Extratos,2026-03-08,,Pendente
3262,272,2026-03,Documentos societários,2026-03-31,2026-04-06,Recebido
3263,272,2026-04,Notas fiscais,2026-05-07,2026-04-27,Recebido
3264,272,2026-05,Notas fiscais,2026-05-29,2026-06-03,Recebido
3265,273,2025-07,Notas fiscais,2025-07-09,2025-07-10,Recebido
3266,273,2025-07,Notas fiscais,2025-08-03,2025-08-11,Recebido
3267,273,2025-08,Folha,2025-09-12,2025-09-11,Recebido
3268,273,2025-09,Documentos societários,2025-10-13,2025-10-17,Recebido
3269,273,2025-10,Documentos societários,2025-11-08,2025-10-31,Recebido
3270,273,2025-11,Documentos societários,2025-12-02,2025-12-05,Recebido
3271,273,2025-12,Documentos societários,2025-12-29,2025-12-26,Recebido
3272,273,2026-01,Extratos,2026-01-28,2026-01-22,Recebido
3273,273,2026-02,Extratos,2026-03-02,2026-03-07,Recebido
3274,273,2026-03,Documentos societários,2026-03-29,2026-03-30,Recebido
3275,273,2026-04,Folha,2026-04-27,2026-04-17,Recebido
3276,273,2026-05,Extratos,2026-06-10,2026-06-04,Recebido
3277,274,2025-07,Notas fiscais,2025-07-01,2025-06-29,Recebido
3278,274,2025-07,Extratos,2025-08-04,,Pendente
3279,274,2025-08,Extratos,2025-09-01,2025-09-09,Recebido
3280,274,2025-09,Notas fiscais,2025-10-07,2025-10-05,Recebido
3281,274,2025-10,Documentos societários,2025-11-13,2025-11-08,Recebido
3282,274,2025-11,Extratos,2025-12-08,2025-12-09,Recebido
3283,274,2025-12,Extratos,2026-01-05,,Pendente
3284,274,2026-01,Documentos societários,2026-02-08,2026-02-10,Recebido
3285,274,2026-02,Folha,2026-03-13,2026-03-21,Recebido
3286,274,2026-03,Documentos societários,2026-04-12,2026-04-09,Recebido
3287,274,2026-04,Extratos,2026-04-30,2026-05-09,Recebido
3288,274,2026-05,Folha,2026-06-08,2026-05-30,Recebido
3289,275,2025-07,Notas fiscais,2025-07-02,2025-07-01,Recebido
3290,275,2025-07,Extratos,2025-08-02,2025-08-03,Recebido
3291,275,2025-08,Folha,2025-09-04,2025-08-28,Recebido
3292,275,2025-09,Notas fiscais,2025-10-09,2025-09-29,Recebido
3293,275,2025-10,Folha,2025-11-02,2025-10-24,Recebido
3294,275,2025-11,Notas fiscais,2025-12-07,2025-11-29,Recebido
3295,275,2025-12,Documentos societários,2025-12-28,2026-01-03,Recebido
3296,275,2026-01,Folha,2026-02-08,2026-02-10,Recebido
3297,275,2026-02,Folha,2026-02-28,2026-02-23,Recebido
3298,275,2026-03,Extratos,2026-04-02,2026-04-09,Recebido
3299,275,2026-04,Documentos societários,2026-04-27,2026-05-03,Recebido
3300,275,2026-05,Notas fiscais,2026-05-30,2026-06-02,Recebido
3301,276,2025-07,Notas fiscais,2025-07-08,,Pendente
3302,276,2025-07,Documentos societários,2025-08-10,2025-08-13,Recebido
3303,276,2025-08,Documentos societários,2025-08-31,2025-09-03,Recebido
3304,276,2025-09,Extratos,2025-10-03,,Pendente
3305,276,2025-10,Extratos,2025-11-07,2025-11-08,Recebido
3306,276,2025-11,Folha,2025-12-03,,Pendente
3307,276,2025-12,Notas fiscais,2025-12-31,2026-01-07,Recebido
3308,276,2026-01,Notas fiscais,2026-02-06,2026-02-15,Recebido
3309,276,2026-02,Documentos societários,2026-02-27,2026-02-19,Recebido
3310,276,2026-03,Documentos societários,2026-04-05,2026-04-01,Recebido
3311,276,2026-04,Extratos,2026-05-09,2026-05-07,Recebido
3312,276,2026-05,Extratos,2026-05-27,2026-05-19,Recebido
3313,277,2025-07,Folha,2025-07-11,2025-07-03,Recebido
3314,277,2025-07,Extratos,2025-08-02,2025-08-05,Recebido
3315,277,2025-08,Notas fiscais,2025-09-14,2025-09-10,Recebido
3316,277,2025-09,Folha,2025-10-09,2025-10-07,Recebido
3317,277,2025-10,Folha,2025-11-05,2025-10-29,Recebido
3318,277,2025-11,Documentos societários,2025-12-03,,Pendente
3319,277,2025-12,Folha,2025-12-31,2026-01-08,Recebido
3320,277,2026-01,Folha,2026-02-04,,Pendente
3321,277,2026-02,Folha,2026-03-04,2026-03-09,Recebido
3322,277,2026-03,Notas fiscais,2026-04-10,2026-03-31,Recebido
3323,277,2026-04,Extratos,2026-05-01,2026-04-26,Recebido
3324,277,2026-05,Documentos societários,2026-05-30,2026-05-30,Recebido
3325,278,2025-07,Folha,2025-07-15,2025-07-23,Recebido
3326,278,2025-07,Extratos,2025-08-11,2025-08-01,Recebido
3327,278,2025-08,Extratos,2025-09-08,2025-09-06,Recebido
3328,278,2025-09,Documentos societários,2025-10-06,,Pendente
3329,278,2025-10,Extratos,2025-11-01,2025-10-26,Recebido
3330,278,2025-11,Extratos,2025-12-06,2025-12-13,Recebido
3331,278,2025-12,Notas fiscais,2026-01-08,,Pendente
3332,278,2026-01,Folha,2026-01-29,2026-01-31,Recebido
3333,278,2026-02,Notas fiscais,2026-03-06,,Pendente
3334,278,2026-03,Folha,2026-04-06,2026-04-05,Recebido
3335,278,2026-04,Extratos,2026-05-07,2026-05-14,Recebido
3336,278,2026-05,Extratos,2026-06-01,2026-05-28,Recebido
3337,279,2025-07,Folha,2025-07-07,2025-07-05,Recebido
3338,279,2025-07,Notas fiscais,2025-08-06,,Pendente
3339,279,2025-08,Folha,2025-09-09,2025-09-01,Recebido
3340,279,2025-09,Notas fiscais,2025-10-01,2025-10-10,Recebido
3341,279,2025-10,Folha,2025-11-05,2025-11-02,Recebido
3342,279,2025-11,Extratos,2025-12-04,2025-12-12,Recebido
3343,279,2025-12,Folha,2025-12-29,2026-01-02,Recebido
3344,279,2026-01,Documentos societários,2026-02-09,,Pendente
3345,279,2026-02,Notas fiscais,2026-03-12,2026-03-20,Recebido
3346,279,2026-03,Notas fiscais,2026-04-11,2026-04-09,Recebido
3347,279,2026-04,Folha,2026-05-01,2026-05-07,Recebido
3348,279,2026-05,Documentos societários,2026-06-02,2026-05-24,Recebido
3349,280,2025-07,Notas fiscais,2025-07-11,2025-07-07,Recebido
3350,280,2025-07,Extratos,2025-08-15,2025-08-20,Recebido
3351,280,2025-08,Documentos societários,2025-09-13,2025-09-08,Recebido
3352,280,2025-09,Notas fiscais,2025-10-14,2025-10-16,Recebido
3353,280,2025-10,Folha,2025-11-07,2025-11-04,Recebido
3354,280,2025-11,Extratos,2025-12-08,2025-12-06,Recebido
3355,280,2025-12,Documentos societários,2026-01-03,,Pendente
3356,280,2026-01,Notas fiscais,2026-02-10,2026-02-18,Recebido
3357,280,2026-02,Folha,2026-03-08,2026-03-15,Recebido
3358,280,2026-03,Documentos societários,2026-04-04,2026-04-02,Recebido
3359,280,2026-04,Documentos societários,2026-04-28,,Pendente
3360,280,2026-05,Notas fiscais,2026-05-30,,Pendente
3361,281,2025-07,Extratos,2025-07-05,2025-07-11,Recebido
3362,281,2025-07,Documentos societários,2025-08-11,,Pendente
3363,281,2025-08,Extratos,2025-09-02,2025-08-31,Recebido
3364,281,2025-09,Extratos,2025-10-12,2025-10-08,Recebido
3365,281,2025-10,Notas fiscais,2025-11-06,,Pendente
3366,281,2025-11,Extratos,2025-12-11,2025-12-01,Recebido
3367,281,2025-12,Folha,2026-01-04,2026-01-03,Recebido
3368,281,2026-01,Extratos,2026-02-10,2026-01-31,Recebido
3369,281,2026-02,Extratos,2026-03-10,2026-03-17,Recebido
3370,281,2026-03,Folha,2026-03-28,2026-03-18,Recebido
3371,281,2026-04,Extratos,2026-05-04,2026-04-29,Recebido
3372,281,2026-05,Folha,2026-06-10,2026-06-09,Recebido
3373,282,2025-07,Extratos,2025-07-07,2025-07-06,Recebido
3374,282,2025-07,Folha,2025-08-03,2025-08-09,Recebido
3375,282,2025-08,Documentos societários,2025-09-08,,Pendente
3376,282,2025-09,Folha,2025-10-05,2025-10-03,Recebido
3377,282,2025-10,Folha,2025-11-12,2025-11-17,Recebido
3378,282,2025-11,Folha,2025-12-13,2025-12-10,Recebido
3379,282,2025-12,Folha,2026-01-05,2025-12-30,Recebido
3380,282,2026-01,Notas fiscais,2026-01-28,2026-01-18,Recebido
3381,282,2026-02,Folha,2026-02-28,2026-03-01,Recebido
3382,282,2026-03,Documentos societários,2026-04-11,2026-04-10,Recebido
3383,282,2026-04,Folha,2026-05-11,2026-05-08,Recebido
3384,282,2026-05,Extratos,2026-06-05,,Pendente
3385,283,2025-07,Notas fiscais,2025-07-12,2025-07-19,Recebido
3386,283,2025-07,Notas fiscais,2025-08-04,2025-07-25,Recebido
3387,283,2025-08,Folha,2025-09-10,2025-09-15,Recebido
3388,283,2025-09,Documentos societários,2025-10-13,2025-10-15,Recebido
3389,283,2025-10,Notas fiscais,2025-11-11,2025-11-13,Recebido
3390,283,2025-11,Folha,2025-12-12,,Pendente
3391,283,2025-12,Folha,2026-01-09,2026-01-08,Recebido
3392,283,2026-01,Extratos,2026-01-31,2026-01-22,Recebido
3393,283,2026-02,Documentos societários,2026-02-28,2026-02-27,Recebido
3394,283,2026-03,Folha,2026-03-30,2026-03-26,Recebido
3395,283,2026-04,Extratos,2026-05-05,2026-04-27,Recebido
3396,283,2026-05,Documentos societários,2026-06-06,2026-05-28,Recebido
3397,284,2025-07,Notas fiscais,2025-07-12,2025-07-08,Recebido
3398,284,2025-07,Documentos societários,2025-08-11,2025-08-01,Recebido
3399,284,2025-08,Extratos,2025-09-03,2025-09-05,Recebido
3400,284,2025-09,Folha,2025-10-06,2025-10-08,Recebido
3401,284,2025-10,Extratos,2025-11-04,,Pendente
3402,284,2025-11,Folha,2025-12-09,2025-11-30,Recebido
3403,284,2025-12,Documentos societários,2026-01-02,2026-01-05,Recebido
3404,284,2026-01,Notas fiscais,2026-02-08,2026-02-05,Recebido
3405,284,2026-02,Notas fiscais,2026-03-11,,Pendente
3406,284,2026-03,Extratos,2026-04-05,2026-03-26,Recebido
3407,284,2026-04,Documentos societários,2026-05-09,2026-05-12,Recebido
3408,284,2026-05,Folha,2026-05-28,2026-05-28,Recebido
3409,285,2025-07,Notas fiscais,2025-07-11,,Pendente
3410,285,2025-07,Notas fiscais,2025-08-02,2025-08-07,Recebido
3411,285,2025-08,Documentos societários,2025-09-06,2025-09-12,Recebido
3412,285,2025-09,Notas fiscais,2025-10-10,,Pendente
3413,285,2025-10,Folha,2025-10-29,2025-11-01,Recebido
3414,285,2025-11,Folha,2025-11-30,2025-11-29,Recebido
3415,285,2025-12,Documentos societários,2026-01-08,2026-01-09,Recebido
3416,285,2026-01,Folha,2026-02-08,2026-02-06,Recebido
3417,285,2026-02,Notas fiscais,2026-03-10,2026-03-06,Recebido
3418,285,2026-03,Extratos,2026-04-04,2026-04-12,Recebido
3419,285,2026-04,Notas fiscais,2026-05-12,2026-05-13,Recebido
3420,285,2026-05,Notas fiscais,2026-06-02,2026-06-01,Recebido
3421,286,2025-07,Extratos,2025-07-08,2025-07-13,Recebido
3422,286,2025-07,Extratos,2025-08-10,2025-08-13,Recebido
3423,286,2025-08,Folha,2025-09-06,2025-09-08,Recebido
3424,286,2025-09,Documentos societários,2025-10-08,2025-10-08,Recebido
3425,286,2025-10,Documentos societários,2025-11-13,2025-11-07,Recebido
3426,286,2025-11,Notas fiscais,2025-12-03,2025-11-23,Recebido
3427,286,2025-12,Notas fiscais,2025-12-29,2025-12-19,Recebido
3428,286,2026-01,Extratos,2026-01-30,2026-02-08,Recebido
3429,286,2026-02,Notas fiscais,2026-02-26,2026-02-19,Recebido
3430,286,2026-03,Folha,2026-04-10,2026-04-12,Recebido
3431,286,2026-04,Notas fiscais,2026-05-02,2026-05-09,Recebido
3432,286,2026-05,Extratos,2026-06-11,2026-06-13,Recebido
3433,287,2025-07,Folha,2025-07-16,2025-07-10,Recebido
3434,287,2025-07,Documentos societários,2025-08-01,2025-07-31,Recebido
3435,287,2025-08,Extratos,2025-09-11,2025-09-04,Recebido
3436,287,2025-09,Folha,2025-10-05,2025-10-08,Recebido
3437,287,2025-10,Documentos societários,2025-11-04,2025-11-06,Recebido
3438,287,2025-11,Folha,2025-12-07,2025-12-07,Recebido
3439,287,2025-12,Folha,2026-01-12,2026-01-07,Recebido
3440,287,2026-01,Extratos,2026-02-03,2026-01-30,Recebido
3441,287,2026-02,Documentos societários,2026-03-12,2026-03-15,Recebido
3442,287,2026-03,Folha,2026-04-07,2026-04-01,Recebido
3443,287,2026-04,Folha,2026-05-06,2026-04-30,Recebido
3444,287,2026-05,Notas fiscais,2026-06-10,2026-06-05,Recebido
3445,288,2025-07,Documentos societários,2025-07-01,2025-07-07,Recebido
3446,288,2025-07,Extratos,2025-08-14,2025-08-16,Recebido
3447,288,2025-08,Notas fiscais,2025-08-30,2025-09-05,Recebido
3448,288,2025-09,Documentos societários,2025-10-04,2025-09-28,Recebido
3449,288,2025-10,Notas fiscais,2025-11-04,2025-11-09,Recebido
3450,288,2025-11,Extratos,2025-12-07,2025-12-07,Recebido
3451,288,2025-12,Documentos societários,2026-01-08,2026-01-14,Recebido
3452,288,2026-01,Extratos,2026-02-11,2026-02-19,Recebido
3453,288,2026-02,Extratos,2026-02-27,2026-03-02,Recebido
3454,288,2026-03,Documentos societários,2026-04-04,2026-04-02,Recebido
3455,288,2026-04,Notas fiscais,2026-05-03,2026-04-23,Recebido
3456,288,2026-05,Extratos,2026-05-28,2026-06-03,Recebido
3457,289,2025-07,Extratos,2025-07-14,,Pendente
3458,289,2025-07,Extratos,2025-08-02,2025-07-26,Recebido
3459,289,2025-08,Notas fiscais,2025-09-12,2025-09-02,Recebido
3460,289,2025-09,Folha,2025-10-01,2025-09-27,Recebido
3461,289,2025-10,Extratos,2025-11-07,2025-11-11,Recebido
3462,289,2025-11,Notas fiscais,2025-12-05,2025-12-06,Recebido
3463,289,2025-12,Documentos societários,2026-01-03,2026-01-07,Recebido
3464,289,2026-01,Notas fiscais,2026-01-30,2026-02-04,Recebido
3465,289,2026-02,Extratos,2026-03-08,2026-03-15,Recebido
3466,289,2026-03,Notas fiscais,2026-04-11,,Pendente
3467,289,2026-04,Notas fiscais,2026-05-05,2026-05-14,Recebido
3468,289,2026-05,Extratos,2026-06-07,,Pendente
3469,290,2025-07,Extratos,2025-07-12,2025-07-10,Recebido
3470,290,2025-07,Documentos societários,2025-08-11,2025-08-01,Recebido
3471,290,2025-08,Documentos societários,2025-08-31,2025-09-07,Recebido
3472,290,2025-09,Folha,2025-10-14,2025-10-06,Recebido
3473,290,2025-10,Notas fiscais,2025-11-10,2025-11-17,Recebido
3474,290,2025-11,Documentos societários,2025-11-28,2025-11-21,Recebido
3475,290,2025-12,Extratos,2026-01-06,,Pendente
3476,290,2026-01,Folha,2026-01-31,2026-02-04,Recebido
3477,290,2026-02,Documentos societários,2026-03-13,2026-03-13,Recebido
3478,290,2026-03,Documentos societários,2026-04-10,2026-04-11,Recebido
3479,290,2026-04,Extratos,2026-05-11,2026-05-04,Recebido
3480,290,2026-05,Notas fiscais,2026-06-02,,Pendente
3481,291,2025-07,Notas fiscais,2025-07-13,2025-07-21,Recebido
3482,291,2025-07,Folha,2025-08-02,2025-07-30,Recebido
3483,291,2025-08,Notas fiscais,2025-09-04,2025-09-06,Recebido
3484,291,2025-09,Notas fiscais,2025-10-12,2025-10-21,Recebido
3485,291,2025-10,Extratos,2025-11-12,2025-11-15,Recebido
3486,291,2025-11,Folha,2025-12-13,2025-12-12,Recebido
3487,291,2025-12,Documentos societários,2025-12-29,2025-12-25,Recebido
3488,291,2026-01,Documentos societários,2026-02-04,,Pendente
3489,291,2026-02,Folha,2026-03-11,2026-03-13,Recebido
3490,291,2026-03,Notas fiscais,2026-04-04,2026-04-13,Recebido
3491,291,2026-04,Documentos societários,2026-04-27,,Pendente
3492,291,2026-05,Documentos societários,2026-06-10,2026-06-14,Recebido
3493,292,2025-07,Notas fiscais,2025-07-15,2025-07-23,Recebido
3494,292,2025-07,Extratos,2025-08-05,2025-08-07,Recebido
3495,292,2025-08,Notas fiscais,2025-09-04,2025-08-31,Recebido
3496,292,2025-09,Notas fiscais,2025-10-14,2025-10-23,Recebido
3497,292,2025-10,Documentos societários,2025-11-05,2025-11-07,Recebido
3498,292,2025-11,Extratos,2025-11-28,2025-12-06,Recebido
3499,292,2025-12,Notas fiscais,2026-01-11,2026-01-15,Recebido
3500,292,2026-01,Folha,2026-02-11,2026-02-06,Recebido
3501,292,2026-02,Notas fiscais,2026-03-07,2026-03-15,Recebido
3502,292,2026-03,Folha,2026-04-09,2026-04-02,Recebido
3503,292,2026-04,Documentos societários,2026-05-09,2026-04-30,Recebido
3504,292,2026-05,Notas fiscais,2026-05-31,2026-06-04,Recebido
3505,293,2025-07,Notas fiscais,2025-07-15,2025-07-21,Recebido
3506,293,2025-07,Documentos societários,2025-08-02,,Pendente
3507,293,2025-08,Folha,2025-09-02,2025-09-01,Recebido
3508,293,2025-09,Documentos societários,2025-10-08,2025-10-12,Recebido
3509,293,2025-10,Folha,2025-11-11,2025-11-09,Recebido
3510,293,2025-11,Notas fiscais,2025-12-02,2025-11-23,Recebido
3511,293,2025-12,Extratos,2026-01-02,2025-12-24,Recebido
3512,293,2026-01,Documentos societários,2026-01-31,2026-01-21,Recebido
3513,293,2026-02,Folha,2026-03-03,2026-03-08,Recebido
3514,293,2026-03,Documentos societários,2026-04-07,2026-04-10,Recebido
3515,293,2026-04,Folha,2026-04-28,2026-05-02,Recebido
3516,293,2026-05,Notas fiscais,2026-06-08,2026-05-31,Recebido
3517,294,2025-07,Folha,2025-07-02,2025-06-25,Recebido
3518,294,2025-07,Documentos societários,2025-07-31,2025-08-06,Recebido
3519,294,2025-08,Notas fiscais,2025-09-05,2025-09-06,Recebido
3520,294,2025-09,Folha,2025-09-29,2025-09-29,Recebido
3521,294,2025-10,Notas fiscais,2025-10-29,2025-11-02,Recebido
3522,294,2025-11,Extratos,2025-12-04,2025-11-26,Recebido
3523,294,2025-12,Extratos,2026-01-02,2025-12-27,Recebido
3524,294,2026-01,Extratos,2026-02-07,2026-01-29,Recebido
3525,294,2026-02,Documentos societários,2026-02-27,2026-03-04,Recebido
3526,294,2026-03,Extratos,2026-03-30,2026-03-28,Recebido
3527,294,2026-04,Documentos societários,2026-05-05,2026-04-25,Recebido
3528,294,2026-05,Notas fiscais,2026-06-05,2026-06-14,Recebido
3529,295,2025-07,Documentos societários,2025-07-10,2025-07-04,Recebido
3530,295,2025-07,Folha,2025-08-13,2025-08-12,Recebido
3531,295,2025-08,Folha,2025-09-13,2025-09-20,Recebido
3532,295,2025-09,Folha,2025-10-11,,Pendente
3533,295,2025-10,Notas fiscais,2025-11-03,2025-10-28,Recebido
3534,295,2025-11,Documentos societários,2025-11-29,2025-11-20,Recebido
3535,295,2025-12,Documentos societários,2026-01-10,2026-01-17,Recebido
3536,295,2026-01,Documentos societários,2026-02-09,2026-02-03,Recebido
3537,295,2026-02,Documentos societários,2026-02-28,2026-02-28,Recebido
3538,295,2026-03,Documentos societários,2026-04-01,2026-03-29,Recebido
3539,295,2026-04,Notas fiscais,2026-05-09,2026-05-02,Recebido
3540,295,2026-05,Notas fiscais,2026-06-07,2026-05-30,Recebido
3541,296,2025-07,Folha,2025-07-06,2025-07-14,Recebido
3542,296,2025-07,Folha,2025-08-01,,Pendente
3543,296,2025-08,Folha,2025-09-08,2025-09-02,Recebido
3544,296,2025-09,Notas fiscais,2025-10-12,2025-10-11,Recebido
3545,296,2025-10,Extratos,2025-10-30,2025-11-05,Recebido
3546,296,2025-11,Documentos societários,2025-12-04,2025-11-29,Recebido
3547,296,2025-12,Notas fiscais,2026-01-09,2025-12-30,Recebido
3548,296,2026-01,Extratos,2026-01-31,2026-01-31,Recebido
3549,296,2026-02,Folha,2026-03-05,2026-03-08,Recebido
3550,296,2026-03,Notas fiscais,2026-03-30,2026-03-30,Recebido
3551,296,2026-04,Folha,2026-05-05,2026-04-29,Recebido
3552,296,2026-05,Documentos societários,2026-05-30,2026-05-23,Recebido
3553,297,2025-07,Documentos societários,2025-07-04,2025-07-07,Recebido
3554,297,2025-07,Documentos societários,2025-08-13,2025-08-06,Recebido
3555,297,2025-08,Extratos,2025-09-05,2025-09-05,Recebido
3556,297,2025-09,Notas fiscais,2025-10-08,2025-10-07,Recebido
3557,297,2025-10,Folha,2025-11-06,2025-11-02,Recebido
3558,297,2025-11,Extratos,2025-11-30,2025-11-26,Recebido
3559,297,2025-12,Extratos,2026-01-01,2026-01-07,Recebido
3560,297,2026-01,Notas fiscais,2026-01-31,2026-02-02,Recebido
3561,297,2026-02,Documentos societários,2026-03-01,2026-02-28,Recebido
3562,297,2026-03,Notas fiscais,2026-03-30,,Pendente
3563,297,2026-04,Notas fiscais,2026-05-12,,Pendente
3564,297,2026-05,Documentos societários,2026-06-10,2026-06-03,Recebido
3565,298,2025-07,Documentos societários,2025-07-02,2025-07-11,Recebido
3566,298,2025-07,Folha,2025-08-08,2025-08-12,Recebido
3567,298,2025-08,Notas fiscais,2025-09-07,2025-09-04,Recebido
3568,298,2025-09,Notas fiscais,2025-10-14,2025-10-19,Recebido
3569,298,2025-10,Documentos societários,2025-11-13,2025-11-19,Recebido
3570,298,2025-11,Folha,2025-12-04,2025-12-02,Recebido
3571,298,2025-12,Folha,2026-01-08,2026-01-12,Recebido
3572,298,2026-01,Documentos societários,2026-02-01,2026-02-10,Recebido
3573,298,2026-02,Extratos,2026-03-01,,Pendente
3574,298,2026-03,Notas fiscais,2026-04-09,2026-04-17,Recebido
3575,298,2026-04,Extratos,2026-04-28,2026-04-19,Recebido
3576,298,2026-05,Folha,2026-06-02,,Pendente
3577,299,2025-07,Extratos,2025-07-06,2025-06-28,Recebido
3578,299,2025-07,Folha,2025-08-06,2025-08-14,Recebido
3579,299,2025-08,Notas fiscais,2025-09-10,2025-09-08,Recebido
3580,299,2025-09,Notas fiscais,2025-10-06,2025-09-29,Recebido
3581,299,2025-10,Notas fiscais,2025-11-05,2025-10-30,Recebido
3582,299,2025-11,Folha,2025-12-11,2025-12-09,Recebido
3583,299,2025-12,Documentos societários,2026-01-06,2026-01-09,Recebido
3584,299,2026-01,Documentos societários,2026-01-30,2026-01-23,Recebido
3585,299,2026-02,Folha,2026-03-09,2026-03-15,Recebido
3586,299,2026-03,Notas fiscais,2026-04-01,2026-04-02,Recebido
3587,299,2026-04,Notas fiscais,2026-05-02,2026-05-08,Recebido
3588,299,2026-05,Extratos,2026-06-09,2026-06-04,Recebido
3589,300,2025-07,Folha,2025-07-06,2025-07-14,Recebido
3590,300,2025-07,Folha,2025-08-07,2025-08-03,Recebido
3591,300,2025-08,Documentos societários,2025-09-02,2025-08-31,Recebido
3592,300,2025-09,Folha,2025-10-07,2025-10-04,Recebido
3593,300,2025-10,Notas fiscais,2025-11-01,2025-11-02,Recebido
3594,300,2025-11,Documentos societários,2025-12-03,2025-11-24,Recebido
3595,300,2025-12,Notas fiscais,2026-01-11,2026-01-11,Recebido
3596,300,2026-01,Extratos,2026-01-31,2026-01-24,Recebido
3597,300,2026-02,Folha,2026-03-08,2026-03-11,Recebido
3598,300,2026-03,Folha,2026-03-28,2026-03-21,Recebido
3599,300,2026-04,Documentos societários,2026-05-03,2026-04-29,Recebido
3600,300,2026-05,Folha,2026-05-28,2026-05-20,Recebido
3601,301,2025-07,Folha,2025-07-14,2025-07-05,Recebido
3602,301,2025-07,Documentos societários,2025-08-14,2025-08-23,Recebido
3603,301,2025-08,Folha,2025-09-01,2025-09-10,Recebido
3604,301,2025-09,Extratos,2025-10-14,2025-10-13,Recebido
3605,301,2025-10,Notas fiscais,2025-11-12,2025-11-14,Recebido
3606,301,2025-11,Extratos,2025-12-04,2025-12-07,Recebido
3607,301,2025-12,Folha,2026-01-06,2026-01-07,Recebido
3608,301,2026-01,Folha,2026-02-04,2026-01-26,Recebido
3609,301,2026-02,Folha,2026-03-03,2026-02-24,Recebido
3610,301,2026-03,Notas fiscais,2026-04-11,2026-04-18,Recebido
3611,301,2026-04,Notas fiscais,2026-04-28,2026-05-04,Recebido
3612,301,2026-05,Notas fiscais,2026-05-30,,Pendente
3613,302,2025-07,Notas fiscais,2025-07-01,2025-07-01,Recebido
3614,302,2025-07,Documentos societários,2025-08-11,2025-08-14,Recebido
3615,302,2025-08,Notas fiscais,2025-09-03,2025-09-02,Recebido
3616,302,2025-09,Folha,2025-10-04,2025-09-28,Recebido
3617,302,2025-10,Extratos,2025-11-12,2025-11-07,Recebido
3618,302,2025-11,Documentos societários,2025-12-01,2025-12-02,Recebido
3619,302,2025-12,Notas fiscais,2026-01-02,2025-12-23,Recebido
3620,302,2026-01,Notas fiscais,2026-02-09,2026-02-02,Recebido
3621,302,2026-02,Extratos,2026-02-28,2026-03-09,Recebido
3622,302,2026-03,Folha,2026-03-30,2026-04-05,Recebido
3623,302,2026-04,Extratos,2026-05-02,2026-04-30,Recebido
3624,302,2026-05,Folha,2026-06-07,2026-06-16,Recebido
3625,303,2025-07,Documentos societários,2025-07-08,2025-07-01,Recebido
3626,303,2025-07,Extratos,2025-08-03,2025-08-07,Recebido
3627,303,2025-08,Documentos societários,2025-09-12,2025-09-13,Recebido
3628,303,2025-09,Folha,2025-10-06,2025-10-11,Recebido
3629,303,2025-10,Folha,2025-10-29,2025-10-22,Recebido
3630,303,2025-11,Notas fiscais,2025-11-28,2025-12-04,Recebido
3631,303,2025-12,Extratos,2026-01-02,2025-12-30,Recebido
3632,303,2026-01,Folha,2026-02-03,2026-02-03,Recebido
3633,303,2026-02,Notas fiscais,2026-02-28,2026-03-02,Recebido
3634,303,2026-03,Documentos societários,2026-04-05,2026-03-31,Recebido
3635,303,2026-04,Extratos,2026-05-11,2026-05-19,Recebido
3636,303,2026-05,Notas fiscais,2026-06-03,2026-06-06,Recebido
3637,304,2025-07,Folha,2025-07-05,2025-07-01,Recebido
3638,304,2025-07,Extratos,2025-08-14,2025-08-07,Recebido
3639,304,2025-08,Extratos,2025-09-11,2025-09-18,Recebido
3640,304,2025-09,Extratos,2025-10-13,2025-10-13,Recebido
3641,304,2025-10,Extratos,2025-11-04,2025-10-26,Recebido
3642,304,2025-11,Documentos societários,2025-12-09,2025-12-02,Recebido
3643,304,2025-12,Documentos societários,2025-12-31,2026-01-05,Recebido
3644,304,2026-01,Notas fiscais,2026-02-01,2026-01-24,Recebido
3645,304,2026-02,Documentos societários,2026-03-12,2026-03-14,Recebido
3646,304,2026-03,Extratos,2026-03-28,2026-03-26,Recebido
3647,304,2026-04,Notas fiscais,2026-05-02,2026-04-24,Recebido
3648,304,2026-05,Extratos,2026-06-07,,Pendente
3649,305,2025-07,Extratos,2025-07-10,2025-07-11,Recebido
3650,305,2025-07,Extratos,2025-08-06,2025-07-28,Recebido
3651,305,2025-08,Extratos,2025-09-10,2025-09-03,Recebido
3652,305,2025-09,Notas fiscais,2025-10-02,,Pendente
3653,305,2025-10,Extratos,2025-11-11,2025-11-08,Recebido
3654,305,2025-11,Notas fiscais,2025-12-05,2025-12-06,Recebido
3655,305,2025-12,Notas fiscais,2026-01-04,2026-01-10,Recebido
3656,305,2026-01,Folha,2026-02-06,2026-01-31,Recebido
3657,305,2026-02,Documentos societários,2026-03-07,2026-03-13,Recebido
3658,305,2026-03,Extratos,2026-04-02,2026-04-11,Recebido
3659,305,2026-04,Extratos,2026-05-12,,Pendente
3660,305,2026-05,Folha,2026-06-10,2026-06-12,Recebido
3661,306,2025-07,Notas fiscais,2025-07-12,2025-07-04,Recebido
3662,306,2025-07,Documentos societários,2025-08-10,2025-08-13,Recebido
3663,306,2025-08,Notas fiscais,2025-08-30,2025-08-25,Recebido
3664,306,2025-09,Extratos,2025-10-02,2025-10-05,Recebido
3665,306,2025-10,Notas fiscais,2025-11-02,2025-11-08,Recebido
3666,306,2025-11,Extratos,2025-12-06,2025-11-30,Recebido
3667,306,2025-12,Extratos,2025-12-31,2025-12-28,Recebido
3668,306,2026-01,Documentos societários,2026-02-01,2026-02-01,Recebido
3669,306,2026-02,Folha,2026-02-28,2026-03-04,Recebido
3670,306,2026-03,Documentos societários,2026-03-30,,Pendente
3671,306,2026-04,Documentos societários,2026-05-06,2026-05-01,Recebido
3672,306,2026-05,Documentos societários,2026-05-28,2026-06-06,Recebido
3673,307,2025-07,Extratos,2025-07-11,2025-07-11,Recebido
3674,307,2025-07,Folha,2025-08-03,2025-08-11,Recebido
3675,307,2025-08,Folha,2025-09-02,,Pendente
3676,307,2025-09,Notas fiscais,2025-10-07,2025-10-08,Recebido
3677,307,2025-10,Folha,2025-11-09,2025-11-09,Recebido
3678,307,2025-11,Documentos societários,2025-12-10,2025-12-03,Recebido
3679,307,2025-12,Notas fiscais,2026-01-06,2025-12-30,Recebido
3680,307,2026-01,Documentos societários,2026-02-08,2026-02-16,Recebido
3681,307,2026-02,Documentos societários,2026-02-26,2026-02-26,Recebido
3682,307,2026-03,Folha,2026-04-03,,Pendente
3683,307,2026-04,Notas fiscais,2026-05-11,,Pendente
3684,307,2026-05,Folha,2026-06-03,,Pendente
3685,308,2025-07,Notas fiscais,2025-07-11,2025-07-15,Recebido
3686,308,2025-07,Documentos societários,2025-08-12,2025-08-02,Recebido
3687,308,2025-08,Extratos,2025-09-04,,Pendente
3688,308,2025-09,Notas fiscais,2025-10-09,2025-10-04,Recebido
3689,308,2025-10,Extratos,2025-11-09,2025-11-09,Recebido
3690,308,2025-11,Extratos,2025-12-11,,Pendente
3691,308,2025-12,Notas fiscais,2025-12-28,,Pendente
3692,308,2026-01,Folha,2026-01-29,2026-01-25,Recebido
3693,308,2026-02,Documentos societários,2026-03-03,,Pendente
3694,308,2026-03,Extratos,2026-04-01,2026-03-26,Recebido
3695,308,2026-04,Folha,2026-05-05,2026-05-03,Recebido
3696,308,2026-05,Folha,2026-06-10,2026-05-31,Recebido
3697,309,2025-07,Notas fiscais,2025-07-14,2025-07-13,Recebido
3698,309,2025-07,Extratos,2025-08-09,2025-08-04,Recebido
3699,309,2025-08,Folha,2025-08-30,2025-08-28,Recebido
3700,309,2025-09,Extratos,2025-09-29,2025-10-06,Recebido
3701,309,2025-10,Folha,2025-11-06,2025-11-02,Recebido
3702,309,2025-11,Documentos societários,2025-12-08,2025-12-09,Recebido
3703,309,2025-12,Folha,2026-01-02,2026-01-10,Recebido
3704,309,2026-01,Documentos societários,2026-02-06,2026-02-14,Recebido
3705,309,2026-02,Notas fiscais,2026-03-06,2026-02-27,Recebido
3706,309,2026-03,Folha,2026-03-31,2026-03-31,Recebido
3707,309,2026-04,Extratos,2026-05-08,,Pendente
3708,309,2026-05,Notas fiscais,2026-05-29,2026-06-04,Recebido
3709,310,2025-07,Folha,2025-07-09,2025-07-12,Recebido
3710,310,2025-07,Notas fiscais,2025-08-14,2025-08-23,Recebido
3711,310,2025-08,Folha,2025-09-05,,Pendente
3712,310,2025-09,Extratos,2025-10-06,2025-10-01,Recebido
3713,310,2025-10,Notas fiscais,2025-11-09,,Pendente
3714,310,2025-11,Notas fiscais,2025-11-29,2025-12-07,Recebido
3715,310,2025-12,Extratos,2026-01-09,2026-01-17,Recebido
3716,310,2026-01,Folha,2026-02-02,2026-01-29,Recebido
3717,310,2026-02,Extratos,2026-03-07,2026-03-04,Recebido
3718,310,2026-03,Documentos societários,2026-03-29,2026-03-29,Recebido
3719,310,2026-04,Notas fiscais,2026-05-05,,Pendente
3720,310,2026-05,Folha,2026-06-10,2026-06-01,Recebido
3721,311,2025-07,Extratos,2025-07-14,2025-07-23,Recebido
3722,311,2025-07,Extratos,2025-08-04,2025-08-12,Recebido
3723,311,2025-08,Extratos,2025-09-10,,Pendente
3724,311,2025-09,Folha,2025-09-29,2025-09-27,Recebido
3725,311,2025-10,Folha,2025-11-04,2025-11-03,Recebido
3726,311,2025-11,Notas fiscais,2025-12-11,2025-12-09,Recebido
3727,311,2025-12,Folha,2025-12-28,2025-12-31,Recebido
3728,311,2026-01,Documentos societários,2026-01-29,,Pendente
3729,311,2026-02,Extratos,2026-03-11,2026-03-05,Recebido
3730,311,2026-03,Folha,2026-04-02,2026-03-26,Recebido
3731,311,2026-04,Extratos,2026-04-29,2026-04-29,Recebido
3732,311,2026-05,Folha,2026-05-28,2026-05-31,Recebido
3733,312,2025-07,Extratos,2025-07-01,2025-06-21,Recebido
3734,312,2025-07,Documentos societários,2025-08-03,2025-07-29,Recebido
3735,312,2025-08,Notas fiscais,2025-09-05,2025-08-31,Recebido
3736,312,2025-09,Extratos,2025-10-07,2025-10-15,Recebido
3737,312,2025-10,Extratos,2025-11-13,,Pendente
3738,312,2025-11,Documentos societários,2025-12-04,2025-12-07,Recebido
3739,312,2025-12,Folha,2026-01-08,2026-01-07,Recebido
3740,312,2026-01,Folha,2026-01-31,2026-02-05,Recebido
3741,312,2026-02,Notas fiscais,2026-03-02,2026-03-07,Recebido
3742,312,2026-03,Documentos societários,2026-04-12,,Pendente
3743,312,2026-04,Folha,2026-05-09,2026-05-08,Recebido
3744,312,2026-05,Extratos,2026-06-09,,Pendente
3745,313,2025-07,Extratos,2025-07-02,2025-06-23,Recebido
3746,313,2025-07,Extratos,2025-08-12,,Pendente
3747,313,2025-08,Notas fiscais,2025-09-13,2025-09-04,Recebido
3748,313,2025-09,Documentos societários,2025-10-14,2025-10-20,Recebido
3749,313,2025-10,Notas fiscais,2025-10-29,2025-10-27,Recebido
3750,313,2025-11,Notas fiscais,2025-12-06,2025-12-14,Recebido
3751,313,2025-12,Extratos,2026-01-09,2026-01-14,Recebido
3752,313,2026-01,Extratos,2026-01-27,2026-01-23,Recebido
3753,313,2026-02,Notas fiscais,2026-03-06,2026-03-04,Recebido
3754,313,2026-03,Extratos,2026-04-10,2026-04-10,Recebido
3755,313,2026-04,Notas fiscais,2026-05-08,2026-05-13,Recebido
3756,313,2026-05,Extratos,2026-06-03,2026-05-27,Recebido
3757,314,2025-07,Notas fiscais,2025-07-03,2025-06-28,Recebido
3758,314,2025-07,Documentos societários,2025-08-04,2025-08-11,Recebido
3759,314,2025-08,Extratos,2025-09-04,2025-08-30,Recebido
3760,314,2025-09,Notas fiscais,2025-10-03,2025-10-10,Recebido
3761,314,2025-10,Folha,2025-11-06,2025-11-14,Recebido
3762,314,2025-11,Documentos societários,2025-12-07,,Pendente
3763,314,2025-12,Notas fiscais,2026-01-03,,Pendente
3764,314,2026-01,Notas fiscais,2026-01-29,2026-01-22,Recebido
3765,314,2026-02,Folha,2026-03-12,2026-03-16,Recebido
3766,314,2026-03,Notas fiscais,2026-03-30,2026-04-06,Recebido
3767,314,2026-04,Extratos,2026-04-29,2026-05-08,Recebido
3768,314,2026-05,Extratos,2026-06-08,2026-06-14,Recebido
3769,315,2025-07,Notas fiscais,2025-07-08,2025-07-02,Recebido
3770,315,2025-07,Folha,2025-08-08,2025-08-10,Recebido
3771,315,2025-08,Extratos,2025-09-08,2025-09-16,Recebido
3772,315,2025-09,Folha,2025-10-13,2025-10-06,Recebido
3773,315,2025-10,Folha,2025-11-01,,Pendente
3774,315,2025-11,Notas fiscais,2025-12-08,2025-12-15,Recebido
3775,315,2025-12,Documentos societários,2026-01-05,2025-12-26,Recebido
3776,315,2026-01,Folha,2026-02-11,2026-02-03,Recebido
3777,315,2026-02,Documentos societários,2026-03-01,,Pendente
3778,315,2026-03,Folha,2026-04-05,2026-04-09,Recebido
3779,315,2026-04,Folha,2026-05-03,2026-05-04,Recebido
3780,315,2026-05,Notas fiscais,2026-06-04,2026-06-12,Recebido
3781,316,2025-07,Extratos,2025-07-09,2025-07-11,Recebido
3782,316,2025-07,Folha,2025-08-02,,Pendente
3783,316,2025-08,Documentos societários,2025-09-04,2025-09-07,Recebido
3784,316,2025-09,Documentos societários,2025-10-08,2025-10-15,Recebido
3785,316,2025-10,Notas fiscais,2025-10-30,2025-10-31,Recebido
3786,316,2025-11,Documentos societários,2025-12-03,2025-12-04,Recebido
3787,316,2025-12,Folha,2026-01-01,2026-01-04,Recebido
3788,316,2026-01,Notas fiscais,2026-02-10,2026-02-06,Recebido
3789,316,2026-02,Extratos,2026-03-06,2026-02-27,Recebido
3790,316,2026-03,Folha,2026-04-11,2026-04-09,Recebido
3791,316,2026-04,Notas fiscais,2026-05-03,2026-05-12,Recebido
3792,316,2026-05,Documentos societários,2026-06-10,2026-06-01,Recebido
3793,317,2025-07,Folha,2025-07-14,,Pendente
3794,317,2025-07,Folha,2025-08-06,2025-08-06,Recebido
3795,317,2025-08,Folha,2025-09-01,2025-08-24,Recebido
3796,317,2025-09,Folha,2025-10-07,,Pendente
3797,317,2025-10,Folha,2025-11-08,2025-11-10,Recebido
3798,317,2025-11,Extratos,2025-12-06,2025-12-12,Recebido
3799,317,2025-12,Extratos,2026-01-11,2026-01-05,Recebido
3800,317,2026-01,Notas fiscais,2026-02-04,2026-02-07,Recebido
3801,317,2026-02,Documentos societários,2026-03-09,2026-03-02,Recebido
3802,317,2026-03,Documentos societários,2026-04-11,2026-04-12,Recebido
3803,317,2026-04,Folha,2026-04-27,2026-05-02,Recebido
3804,317,2026-05,Extratos,2026-05-27,,Pendente
3805,318,2025-07,Extratos,2025-07-06,2025-07-11,Recebido
3806,318,2025-07,Notas fiscais,2025-08-10,2025-08-17,Recebido
3807,318,2025-08,Folha,2025-09-02,2025-09-05,Recebido
3808,318,2025-09,Extratos,2025-10-05,2025-10-01,Recebido
3809,318,2025-10,Documentos societários,2025-11-05,2025-11-06,Recebido
3810,318,2025-11,Extratos,2025-12-03,2025-12-08,Recebido
3811,318,2025-12,Extratos,2026-01-03,,Pendente
3812,318,2026-01,Notas fiscais,2026-02-06,2026-01-27,Recebido
3813,318,2026-02,Folha,2026-03-12,2026-03-07,Recebido
3814,318,2026-03,Notas fiscais,2026-04-12,2026-04-18,Recebido
3815,318,2026-04,Extratos,2026-05-02,2026-04-24,Recebido
3816,318,2026-05,Extratos,2026-06-08,2026-06-08,Recebido
3817,319,2025-07,Folha,2025-07-04,2025-06-24,Recebido
3818,319,2025-07,Notas fiscais,2025-08-01,2025-08-04,Recebido
3819,319,2025-08,Folha,2025-09-04,2025-09-10,Recebido
3820,319,2025-09,Folha,2025-10-10,2025-10-03,Recebido
3821,319,2025-10,Notas fiscais,2025-11-13,2025-11-17,Recebido
3822,319,2025-11,Extratos,2025-12-13,2025-12-22,Recebido
3823,319,2025-12,Documentos societários,2026-01-12,2026-01-12,Recebido
3824,319,2026-01,Notas fiscais,2026-01-27,2026-02-01,Recebido
3825,319,2026-02,Folha,2026-03-05,2026-03-04,Recebido
3826,319,2026-03,Notas fiscais,2026-04-02,,Pendente
3827,319,2026-04,Extratos,2026-05-10,2026-05-07,Recebido
3828,319,2026-05,Documentos societários,2026-06-06,2026-06-05,Recebido
3829,320,2025-07,Folha,2025-07-06,2025-07-02,Recebido
3830,320,2025-07,Folha,2025-08-11,2025-08-20,Recebido
3831,320,2025-08,Notas fiscais,2025-08-31,2025-09-08,Recebido
3832,320,2025-09,Documentos societários,2025-10-04,2025-09-27,Recebido
3833,320,2025-10,Extratos,2025-11-12,2025-11-17,Recebido
3834,320,2025-11,Extratos,2025-12-07,2025-12-04,Recebido
3835,320,2025-12,Notas fiscais,2026-01-11,2026-01-13,Recebido
3836,320,2026-01,Extratos,2026-02-03,2026-01-30,Recebido
3837,320,2026-02,Extratos,2026-03-05,2026-03-12,Recebido
3838,320,2026-03,Notas fiscais,2026-04-04,2026-03-31,Recebido
3839,320,2026-04,Documentos societários,2026-05-07,2026-05-15,Recebido
3840,320,2026-05,Notas fiscais,2026-06-11,2026-06-16,Recebido
3841,321,2025-07,Documentos societários,2025-07-13,2025-07-20,Recebido
3842,321,2025-07,Extratos,2025-08-09,2025-08-03,Recebido
3843,321,2025-08,Folha,2025-09-10,2025-08-31,Recebido
3844,321,2025-09,Extratos,2025-10-14,2025-10-09,Recebido
3845,321,2025-10,Extratos,2025-11-06,2025-11-05,Recebido
3846,321,2025-11,Documentos societários,2025-12-01,,Pendente
3847,321,2025-12,Extratos,2026-01-05,2026-01-03,Recebido
3848,321,2026-01,Documentos societários,2026-01-29,2026-02-05,Recebido
3849,321,2026-02,Folha,2026-02-26,2026-03-03,Recebido
3850,321,2026-03,Notas fiscais,2026-04-11,,Pendente
3851,321,2026-04,Documentos societários,2026-04-28,2026-05-03,Recebido
3852,321,2026-05,Notas fiscais,2026-06-07,2026-05-28,Recebido
3853,322,2025-07,Documentos societários,2025-07-08,2025-07-12,Recebido
3854,322,2025-07,Folha,2025-08-02,2025-07-26,Recebido
3855,322,2025-08,Extratos,2025-09-13,2025-09-07,Recebido
3856,322,2025-09,Documentos societários,2025-10-11,2025-10-08,Recebido
3857,322,2025-10,Folha,2025-10-29,,Pendente
3858,322,2025-11,Notas fiscais,2025-12-08,2025-12-06,Recebido
3859,322,2025-12,Folha,2025-12-28,2025-12-18,Recebido
3860,322,2026-01,Notas fiscais,2026-02-02,2026-02-02,Recebido
3861,322,2026-02,Folha,2026-03-09,2026-03-07,Recebido
3862,322,2026-03,Folha,2026-04-06,2026-04-13,Recebido
3863,322,2026-04,Notas fiscais,2026-05-08,2026-05-08,Recebido
3864,322,2026-05,Documentos societários,2026-06-09,2026-06-17,Recebido
3865,323,2025-07,Notas fiscais,2025-07-07,2025-07-03,Recebido
3866,323,2025-07,Notas fiscais,2025-08-15,2025-08-09,Recebido
3867,323,2025-08,Extratos,2025-09-02,2025-08-31,Recebido
3868,323,2025-09,Extratos,2025-09-30,,Pendente
3869,323,2025-10,Extratos,2025-11-05,2025-11-06,Recebido
3870,323,2025-11,Folha,2025-12-01,2025-12-10,Recebido
3871,323,2025-12,Documentos societários,2025-12-30,2025-12-23,Recebido
3872,323,2026-01,Documentos societários,2026-02-09,2026-02-01,Recebido
3873,323,2026-02,Folha,2026-03-13,2026-03-20,Recebido
3874,323,2026-03,Extratos,2026-03-28,2026-03-23,Recebido
3875,323,2026-04,Documentos societários,2026-05-12,2026-05-09,Recebido
3876,323,2026-05,Notas fiscais,2026-06-07,2026-06-03,Recebido
3877,324,2025-07,Extratos,2025-07-03,2025-06-24,Recebido
3878,324,2025-07,Documentos societários,2025-08-11,2025-08-15,Recebido
3879,324,2025-08,Notas fiscais,2025-09-10,2025-09-19,Recebido
3880,324,2025-09,Notas fiscais,2025-10-02,,Pendente
3881,324,2025-10,Folha,2025-11-07,,Pendente
3882,324,2025-11,Notas fiscais,2025-12-01,2025-12-08,Recebido
3883,324,2025-12,Notas fiscais,2025-12-30,2025-12-31,Recebido
3884,324,2026-01,Folha,2026-02-07,2026-02-14,Recebido
3885,324,2026-02,Folha,2026-03-06,2026-03-02,Recebido
3886,324,2026-03,Notas fiscais,2026-03-28,2026-04-02,Recebido
3887,324,2026-04,Notas fiscais,2026-05-09,2026-05-05,Recebido
3888,324,2026-05,Notas fiscais,2026-06-09,2026-06-17,Recebido
3889,325,2025-07,Extratos,2025-07-03,2025-06-27,Recebido
3890,325,2025-07,Documentos societários,2025-08-10,2025-08-15,Recebido
3891,325,2025-08,Documentos societários,2025-09-04,2025-08-29,Recebido
3892,325,2025-09,Notas fiscais,2025-10-09,,Pendente
3893,325,2025-10,Folha,2025-11-12,2025-11-18,Recebido
3894,325,2025-11,Documentos societários,2025-12-11,2025-12-12,Recebido
3895,325,2025-12,Extratos,2026-01-07,2026-01-01,Recebido
3896,325,2026-01,Documentos societários,2026-02-07,2026-02-07,Recebido
3897,325,2026-02,Folha,2026-03-10,2026-03-09,Recebido
3898,325,2026-03,Extratos,2026-04-03,,Pendente
3899,325,2026-04,Extratos,2026-04-27,2026-04-21,Recebido
3900,325,2026-05,Documentos societários,2026-06-01,2026-06-08,Recebido
3901,326,2025-07,Folha,2025-07-11,2025-07-20,Recebido
3902,326,2025-07,Documentos societários,2025-08-14,2025-08-12,Recebido
3903,326,2025-08,Folha,2025-09-04,,Pendente
3904,326,2025-09,Notas fiscais,2025-10-10,2025-10-01,Recebido
3905,326,2025-10,Extratos,2025-11-07,2025-11-15,Recebido
3906,326,2025-11,Extratos,2025-12-12,2025-12-14,Recebido
3907,326,2025-12,Documentos societários,2026-01-10,2026-01-11,Recebido
3908,326,2026-01,Documentos societários,2026-01-29,2026-02-05,Recebido
3909,326,2026-02,Notas fiscais,2026-03-11,2026-03-09,Recebido
3910,326,2026-03,Notas fiscais,2026-04-10,2026-04-01,Recebido
3911,326,2026-04,Extratos,2026-04-28,2026-05-05,Recebido
3912,326,2026-05,Extratos,2026-06-04,2026-06-08,Recebido
3913,327,2025-07,Folha,2025-07-06,2025-07-01,Recebido
3914,327,2025-07,Documentos societários,2025-08-03,,Pendente
3915,327,2025-08,Documentos societários,2025-09-02,2025-08-27,Recebido
3916,327,2025-09,Folha,2025-10-05,2025-09-28,Recebido
3917,327,2025-10,Notas fiscais,2025-11-06,2025-11-04,Recebido
3918,327,2025-11,Documentos societários,2025-12-10,2025-12-11,Recebido
3919,327,2025-12,Folha,2026-01-07,2026-01-12,Recebido
3920,327,2026-01,Extratos,2026-02-05,2026-02-01,Recebido
3921,327,2026-02,Documentos societários,2026-03-13,2026-03-16,Recebido
3922,327,2026-03,Documentos societários,2026-03-30,,Pendente
3923,327,2026-04,Notas fiscais,2026-05-09,2026-04-29,Recebido
3924,327,2026-05,Documentos societários,2026-06-08,2026-06-14,Recebido
3925,328,2025-07,Notas fiscais,2025-07-03,,Pendente
3926,328,2025-07,Folha,2025-08-08,2025-08-03,Recebido
3927,328,2025-08,Extratos,2025-09-13,2025-09-19,Recebido
3928,328,2025-09,Notas fiscais,2025-10-12,2025-10-03,Recebido
3929,328,2025-10,Documentos societários,2025-11-01,2025-11-02,Recebido
3930,328,2025-11,Documentos societários,2025-12-09,,Pendente
3931,328,2025-12,Notas fiscais,2026-01-11,2026-01-05,Recebido
3932,328,2026-01,Notas fiscais,2026-02-03,2026-01-25,Recebido
3933,328,2026-02,Notas fiscais,2026-03-11,2026-03-16,Recebido
3934,328,2026-03,Notas fiscais,2026-03-28,2026-03-25,Recebido
3935,328,2026-04,Notas fiscais,2026-05-09,2026-05-11,Recebido
3936,328,2026-05,Notas fiscais,2026-05-29,2026-05-19,Recebido
3937,329,2025-07,Extratos,2025-07-13,2025-07-15,Recebido
3938,329,2025-07,Extratos,2025-08-01,2025-07-22,Recebido
3939,329,2025-08,Notas fiscais,2025-09-14,2025-09-14,Recebido
3940,329,2025-09,Folha,2025-10-01,2025-09-26,Recebido
3941,329,2025-10,Notas fiscais,2025-11-02,2025-10-31,Recebido
3942,329,2025-11,Notas fiscais,2025-12-05,,Pendente
3943,329,2025-12,Folha,2026-01-06,2025-12-29,Recebido
3944,329,2026-01,Folha,2026-02-03,2026-02-02,Recebido
3945,329,2026-02,Folha,2026-03-02,2026-02-23,Recebido
3946,329,2026-03,Notas fiscais,2026-04-10,2026-03-31,Recebido
3947,329,2026-04,Extratos,2026-05-09,2026-05-18,Recebido
3948,329,2026-05,Extratos,2026-05-28,2026-06-02,Recebido
3949,330,2025-07,Extratos,2025-07-05,,Pendente
3950,330,2025-07,Folha,2025-08-13,2025-08-04,Recebido
3951,330,2025-08,Extratos,2025-08-30,2025-09-08,Recebido
3952,330,2025-09,Folha,2025-10-05,2025-09-30,Recebido
3953,330,2025-10,Documentos societários,2025-11-05,2025-11-05,Recebido
3954,330,2025-11,Notas fiscais,2025-12-07,2025-12-04,Recebido
3955,330,2025-12,Notas fiscais,2025-12-30,2026-01-05,Recebido
3956,330,2026-01,Extratos,2026-02-11,,Pendente
3957,330,2026-02,Folha,2026-03-04,2026-03-13,Recebido
3958,330,2026-03,Notas fiscais,2026-04-12,2026-04-17,Recebido
3959,330,2026-04,Documentos societários,2026-04-30,2026-05-01,Recebido
3960,330,2026-05,Folha,2026-06-11,2026-06-20,Recebido
3961,331,2025-07,Documentos societários,2025-07-09,2025-07-08,Recebido
3962,331,2025-07,Notas fiscais,2025-08-07,2025-08-09,Recebido
3963,331,2025-08,Extratos,2025-09-09,,Pendente
3964,331,2025-09,Folha,2025-10-06,2025-10-07,Recebido
3965,331,2025-10,Folha,2025-11-10,2025-11-03,Recebido
3966,331,2025-11,Notas fiscais,2025-12-07,2025-11-29,Recebido
3967,331,2025-12,Folha,2026-01-07,2025-12-28,Recebido
3968,331,2026-01,Notas fiscais,2026-02-04,2026-01-31,Recebido
3969,331,2026-02,Folha,2026-02-26,2026-02-28,Recebido
3970,331,2026-03,Notas fiscais,2026-04-09,2026-04-04,Recebido
3971,331,2026-04,Folha,2026-05-10,2026-05-06,Recebido
3972,331,2026-05,Documentos societários,2026-06-02,2026-05-26,Recebido
3973,332,2025-07,Extratos,2025-07-04,2025-06-25,Recebido
3974,332,2025-07,Folha,2025-07-31,2025-07-30,Recebido
3975,332,2025-08,Folha,2025-08-31,2025-09-09,Recebido
3976,332,2025-09,Folha,2025-10-07,2025-10-15,Recebido
3977,332,2025-10,Folha,2025-11-10,2025-10-31,Recebido
3978,332,2025-11,Documentos societários,2025-12-05,2025-12-14,Recebido
3979,332,2025-12,Documentos societários,2026-01-02,2026-01-09,Recebido
3980,332,2026-01,Folha,2026-02-05,2026-02-04,Recebido
3981,332,2026-02,Notas fiscais,2026-03-09,2026-03-07,Recebido
3982,332,2026-03,Extratos,2026-03-28,2026-03-31,Recebido
3983,332,2026-04,Folha,2026-05-12,2026-05-02,Recebido
3984,332,2026-05,Folha,2026-06-11,2026-06-16,Recebido
3985,333,2025-07,Documentos societários,2025-07-01,,Pendente
3986,333,2025-07,Notas fiscais,2025-07-31,,Pendente
3987,333,2025-08,Folha,2025-09-09,2025-09-12,Recebido
3988,333,2025-09,Documentos societários,2025-10-05,2025-10-08,Recebido
3989,333,2025-10,Folha,2025-11-13,2025-11-15,Recebido
3990,333,2025-11,Folha,2025-11-30,2025-12-02,Recebido
3991,333,2025-12,Notas fiscais,2026-01-05,2026-01-12,Recebido
3992,333,2026-01,Notas fiscais,2026-01-29,2026-01-29,Recebido
3993,333,2026-02,Documentos societários,2026-03-12,2026-03-13,Recebido
3994,333,2026-03,Extratos,2026-04-03,2026-03-30,Recebido
3995,333,2026-04,Extratos,2026-05-10,2026-05-07,Recebido
3996,333,2026-05,Extratos,2026-06-06,2026-06-04,Recebido
3997,334,2025-07,Folha,2025-07-14,2025-07-18,Recebido
3998,334,2025-07,Notas fiscais,2025-08-03,2025-07-25,Recebido
3999,334,2025-08,Extratos,2025-09-04,2025-09-04,Recebido
4000,334,2025-09,Extratos,2025-09-30,2025-10-08,Recebido
4001,334,2025-10,Notas fiscais,2025-11-06,2025-11-12,Recebido
4002,334,2025-11,Folha,2025-12-07,2025-12-09,Recebido
4003,334,2025-12,Folha,2026-01-10,2026-01-03,Recebido
4004,334,2026-01,Folha,2026-02-07,2026-01-31,Recebido
4005,334,2026-02,Extratos,2026-02-26,2026-03-02,Recebido
4006,334,2026-03,Notas fiscais,2026-04-07,2026-04-10,Recebido
4007,334,2026-04,Extratos,2026-05-11,2026-05-12,Recebido
4008,334,2026-05,Extratos,2026-06-05,2026-06-07,Recebido
4009,335,2025-07,Extratos,2025-07-14,2025-07-19,Recebido
4010,335,2025-07,Extratos,2025-08-06,,Pendente
4011,335,2025-08,Folha,2025-09-12,2025-09-21,Recebido
4012,335,2025-09,Documentos societários,2025-10-05,2025-09-29,Recebido
4013,335,2025-10,Folha,2025-11-01,2025-10-23,Recebido
4014,335,2025-11,Notas fiscais,2025-12-13,2025-12-19,Recebido
4015,335,2025-12,Extratos,2026-01-04,,Pendente
4016,335,2026-01,Notas fiscais,2026-02-10,2026-02-03,Recebido
4017,335,2026-02,Folha,2026-03-01,2026-02-26,Recebido
4018,335,2026-03,Notas fiscais,2026-04-11,,Pendente
4019,335,2026-04,Folha,2026-05-04,,Pendente
4020,335,2026-05,Documentos societários,2026-06-02,2026-06-07,Recebido
4021,336,2025-07,Extratos,2025-07-01,2025-07-06,Recebido
4022,336,2025-07,Notas fiscais,2025-08-13,2025-08-09,Recebido
4023,336,2025-08,Notas fiscais,2025-09-12,2025-09-03,Recebido
4024,336,2025-09,Documentos societários,2025-10-12,2025-10-04,Recebido
4025,336,2025-10,Notas fiscais,2025-11-07,2025-11-04,Recebido
4026,336,2025-11,Documentos societários,2025-11-29,2025-11-24,Recebido
4027,336,2025-12,Folha,2026-01-11,2026-01-02,Recebido
4028,336,2026-01,Documentos societários,2026-01-29,2026-01-23,Recebido
4029,336,2026-02,Documentos societários,2026-03-12,2026-03-09,Recebido
4030,336,2026-03,Documentos societários,2026-04-12,2026-04-21,Recebido
4031,336,2026-04,Documentos societários,2026-05-11,2026-05-16,Recebido
4032,336,2026-05,Extratos,2026-05-30,2026-05-24,Recebido
4033,337,2025-07,Extratos,2025-07-14,2025-07-20,Recebido
4034,337,2025-07,Notas fiscais,2025-08-07,2025-08-13,Recebido
4035,337,2025-08,Documentos societários,2025-09-13,2025-09-18,Recebido
4036,337,2025-09,Documentos societários,2025-09-29,2025-09-22,Recebido
4037,337,2025-10,Notas fiscais,2025-11-11,2025-11-14,Recebido
4038,337,2025-11,Folha,2025-11-30,2025-12-04,Recebido
4039,337,2025-12,Folha,2026-01-06,2026-01-12,Recebido
4040,337,2026-01,Extratos,2026-01-31,2026-01-25,Recebido
4041,337,2026-02,Extratos,2026-03-08,,Pendente
4042,337,2026-03,Notas fiscais,2026-04-05,2026-03-26,Recebido
4043,337,2026-04,Folha,2026-05-12,2026-05-05,Recebido
4044,337,2026-05,Folha,2026-06-11,2026-06-17,Recebido
4045,338,2025-07,Folha,2025-07-05,2025-07-09,Recebido
4046,338,2025-07,Folha,2025-08-10,2025-08-06,Recebido
4047,338,2025-08,Extratos,2025-09-14,2025-09-21,Recebido
4048,338,2025-09,Notas fiscais,2025-10-09,2025-10-09,Recebido
4049,338,2025-10,Documentos societários,2025-11-10,2025-11-16,Recebido
4050,338,2025-11,Notas fiscais,2025-12-02,2025-11-29,Recebido
4051,338,2025-12,Extratos,2026-01-07,2026-01-13,Recebido
4052,338,2026-01,Extratos,2026-02-04,,Pendente
4053,338,2026-02,Documentos societários,2026-03-06,2026-02-24,Recebido
4054,338,2026-03,Notas fiscais,2026-04-06,2026-04-10,Recebido
4055,338,2026-04,Extratos,2026-05-08,2026-05-06,Recebido
4056,338,2026-05,Folha,2026-05-31,2026-06-03,Recebido
4057,339,2025-07,Extratos,2025-07-16,2025-07-23,Recebido
4058,339,2025-07,Notas fiscais,2025-08-01,2025-07-31,Recebido
4059,339,2025-08,Extratos,2025-08-30,2025-09-03,Recebido
4060,339,2025-09,Notas fiscais,2025-10-08,2025-10-03,Recebido
4061,339,2025-10,Documentos societários,2025-11-13,2025-11-11,Recebido
4062,339,2025-11,Extratos,2025-11-29,2025-11-24,Recebido
4063,339,2025-12,Extratos,2026-01-02,2025-12-23,Recebido
4064,339,2026-01,Documentos societários,2026-02-02,2026-01-31,Recebido
4065,339,2026-02,Notas fiscais,2026-03-13,2026-03-08,Recebido
4066,339,2026-03,Folha,2026-03-30,2026-04-03,Recebido
4067,339,2026-04,Folha,2026-04-29,2026-04-19,Recebido
4068,339,2026-05,Notas fiscais,2026-06-10,2026-06-14,Recebido
4069,340,2025-07,Documentos societários,2025-07-05,2025-07-13,Recebido
4070,340,2025-07,Extratos,2025-08-11,2025-08-02,Recebido
4071,340,2025-08,Notas fiscais,2025-09-05,2025-08-26,Recebido
4072,340,2025-09,Folha,2025-10-13,2025-10-09,Recebido
4073,340,2025-10,Extratos,2025-11-07,2025-11-03,Recebido
4074,340,2025-11,Extratos,2025-12-09,2025-12-01,Recebido
4075,340,2025-12,Extratos,2026-01-07,2026-01-13,Recebido
4076,340,2026-01,Notas fiscais,2026-01-28,,Pendente
4077,340,2026-02,Folha,2026-03-08,2026-03-12,Recebido
4078,340,2026-03,Notas fiscais,2026-03-31,2026-03-31,Recebido
4079,340,2026-04,Extratos,2026-05-09,2026-05-01,Recebido
4080,340,2026-05,Documentos societários,2026-06-09,2026-06-08,Recebido
4081,341,2025-07,Extratos,2025-07-09,2025-07-08,Recebido
4082,341,2025-07,Extratos,2025-08-08,,Pendente
4083,341,2025-08,Folha,2025-09-12,2025-09-09,Recebido
4084,341,2025-09,Extratos,2025-10-06,2025-10-14,Recebido
4085,341,2025-10,Documentos societários,2025-11-07,2025-10-29,Recebido
4086,341,2025-11,Notas fiscais,2025-12-10,2025-12-09,Recebido
4087,341,2025-12,Documentos societários,2025-12-31,2026-01-03,Recebido
4088,341,2026-01,Documentos societários,2026-02-10,2026-02-19,Recebido
4089,341,2026-02,Notas fiscais,2026-03-09,2026-03-04,Recebido
4090,341,2026-03,Extratos,2026-04-08,,Pendente
4091,341,2026-04,Notas fiscais,2026-04-27,2026-04-19,Recebido
4092,341,2026-05,Folha,2026-06-10,2026-06-11,Recebido
4093,342,2025-07,Notas fiscais,2025-07-11,2025-07-02,Recebido
4094,342,2025-07,Folha,2025-07-31,2025-07-27,Recebido
4095,342,2025-08,Documentos societários,2025-09-06,2025-08-28,Recebido
4096,342,2025-09,Documentos societários,2025-10-13,2025-10-21,Recebido
4097,342,2025-10,Notas fiscais,2025-11-09,2025-11-18,Recebido
4098,342,2025-11,Documentos societários,2025-12-06,2025-12-02,Recebido
4099,342,2025-12,Notas fiscais,2026-01-06,2026-01-01,Recebido
4100,342,2026-01,Documentos societários,2026-02-10,2026-02-08,Recebido
4101,342,2026-02,Documentos societários,2026-03-12,2026-03-15,Recebido
4102,342,2026-03,Notas fiscais,2026-04-09,2026-04-07,Recebido
4103,342,2026-04,Folha,2026-04-30,2026-04-22,Recebido
4104,342,2026-05,Extratos,2026-05-29,2026-06-04,Recebido
4105,343,2025-07,Folha,2025-07-10,2025-07-19,Recebido
4106,343,2025-07,Extratos,2025-08-04,2025-07-27,Recebido
4107,343,2025-08,Extratos,2025-09-08,2025-09-09,Recebido
4108,343,2025-09,Folha,2025-10-05,2025-10-02,Recebido
4109,343,2025-10,Notas fiscais,2025-11-09,2025-11-08,Recebido
4110,343,2025-11,Extratos,2025-11-30,2025-11-20,Recebido
4111,343,2025-12,Notas fiscais,2025-12-30,2025-12-27,Recebido
4112,343,2026-01,Notas fiscais,2026-01-27,2026-01-22,Recebido
4113,343,2026-02,Documentos societários,2026-03-02,2026-02-25,Recebido
4114,343,2026-03,Notas fiscais,2026-04-01,2026-04-09,Recebido
4115,343,2026-04,Documentos societários,2026-05-07,2026-05-05,Recebido
4116,343,2026-05,Extratos,2026-05-31,2026-05-23,Recebido
4117,344,2025-07,Documentos societários,2025-07-09,2025-07-06,Recebido
4118,344,2025-07,Extratos,2025-08-09,2025-08-02,Recebido
4119,344,2025-08,Documentos societários,2025-09-10,2025-09-14,Recebido
4120,344,2025-09,Documentos societários,2025-10-08,2025-10-14,Recebido
4121,344,2025-10,Folha,2025-11-01,,Pendente
4122,344,2025-11,Folha,2025-11-30,2025-12-06,Recebido
4123,344,2025-12,Folha,2026-01-10,2026-01-17,Recebido
4124,344,2026-01,Folha,2026-02-07,2026-01-31,Recebido
4125,344,2026-02,Notas fiscais,2026-02-26,2026-02-18,Recebido
4126,344,2026-03,Documentos societários,2026-03-28,,Pendente
4127,344,2026-04,Extratos,2026-05-10,2026-05-18,Recebido
4128,344,2026-05,Folha,2026-06-06,2026-06-15,Recebido
4129,345,2025-07,Notas fiscais,2025-07-15,2025-07-24,Recebido
4130,345,2025-07,Folha,2025-08-11,2025-08-10,Recebido
4131,345,2025-08,Folha,2025-09-02,2025-09-04,Recebido
4132,345,2025-09,Folha,2025-10-09,,Pendente
4133,345,2025-10,Folha,2025-10-30,2025-11-02,Recebido
4134,345,2025-11,Folha,2025-12-11,2025-12-19,Recebido
4135,345,2025-12,Extratos,2025-12-31,2025-12-26,Recebido
4136,345,2026-01,Extratos,2026-01-30,2026-01-27,Recebido
4137,345,2026-02,Documentos societários,2026-03-09,2026-03-15,Recebido
4138,345,2026-03,Documentos societários,2026-04-09,2026-04-13,Recebido
4139,345,2026-04,Notas fiscais,2026-04-28,2026-04-19,Recebido
4140,345,2026-05,Folha,2026-05-27,2026-05-22,Recebido
4141,346,2025-07,Extratos,2025-07-12,2025-07-18,Recebido
4142,346,2025-07,Notas fiscais,2025-07-31,2025-07-29,Recebido
4143,346,2025-08,Notas fiscais,2025-09-06,2025-09-02,Recebido
4144,346,2025-09,Extratos,2025-10-02,2025-10-03,Recebido
4145,346,2025-10,Extratos,2025-11-01,2025-11-10,Recebido
4146,346,2025-11,Notas fiscais,2025-12-09,2025-12-13,Recebido
4147,346,2025-12,Extratos,2026-01-02,2026-01-05,Recebido
4148,346,2026-01,Folha,2026-02-11,2026-02-06,Recebido
4149,346,2026-02,Documentos societários,2026-03-11,2026-03-16,Recebido
4150,346,2026-03,Extratos,2026-03-30,2026-03-28,Recebido
4151,346,2026-04,Documentos societários,2026-05-12,2026-05-06,Recebido
4152,346,2026-05,Extratos,2026-06-03,,Pendente
4153,347,2025-07,Folha,2025-07-12,2025-07-17,Recebido
4154,347,2025-07,Notas fiscais,2025-08-12,2025-08-12,Recebido
4155,347,2025-08,Extratos,2025-08-30,2025-08-31,Recebido
4156,347,2025-09,Documentos societários,2025-10-08,2025-10-12,Recebido
4157,347,2025-10,Folha,2025-11-10,2025-11-04,Recebido
4158,347,2025-11,Notas fiscais,2025-12-07,2025-12-01,Recebido
4159,347,2025-12,Documentos societários,2025-12-28,2025-12-22,Recebido
4160,347,2026-01,Documentos societários,2026-02-09,2026-02-01,Recebido
4161,347,2026-02,Documentos societários,2026-03-09,2026-02-27,Recebido
4162,347,2026-03,Documentos societários,2026-04-01,2026-04-10,Recebido
4163,347,2026-04,Documentos societários,2026-04-28,,Pendente
4164,347,2026-05,Folha,2026-06-01,2026-05-25,Recebido
4165,348,2025-07,Extratos,2025-07-11,2025-07-20,Recebido
4166,348,2025-07,Extratos,2025-08-12,2025-08-21,Recebido
4167,348,2025-08,Extratos,2025-09-09,2025-09-01,Recebido
4168,348,2025-09,Extratos,2025-10-03,2025-09-23,Recebido
4169,348,2025-10,Notas fiscais,2025-11-04,2025-10-27,Recebido
4170,348,2025-11,Folha,2025-12-06,2025-11-28,Recebido
4171,348,2025-12,Folha,2026-01-03,2026-01-04,Recebido
4172,348,2026-01,Extratos,2026-01-31,2026-01-25,Recebido
4173,348,2026-02,Documentos societários,2026-03-05,2026-03-08,Recebido
4174,348,2026-03,Notas fiscais,2026-04-03,2026-04-11,Recebido
4175,348,2026-04,Documentos societários,2026-05-11,2026-05-10,Recebido
4176,348,2026-05,Extratos,2026-06-11,2026-06-10,Recebido
4177,349,2025-07,Folha,2025-07-11,2025-07-04,Recebido
4178,349,2025-07,Notas fiscais,2025-07-31,2025-08-02,Recebido
4179,349,2025-08,Documentos societários,2025-09-14,,Pendente
4180,349,2025-09,Extratos,2025-10-04,2025-10-04,Recebido
4181,349,2025-10,Documentos societários,2025-11-09,2025-11-08,Recebido
4182,349,2025-11,Documentos societários,2025-12-06,2025-12-13,Recebido
4183,349,2025-12,Notas fiscais,2026-01-02,,Pendente
4184,349,2026-01,Extratos,2026-02-05,2026-01-29,Recebido
4185,349,2026-02,Notas fiscais,2026-02-26,2026-02-28,Recebido
4186,349,2026-03,Folha,2026-04-09,2026-03-31,Recebido
4187,349,2026-04,Folha,2026-05-08,2026-05-13,Recebido
4188,349,2026-05,Extratos,2026-05-29,2026-05-24,Recebido
4189,350,2025-07,Extratos,2025-07-07,2025-07-13,Recebido
4190,350,2025-07,Notas fiscais,2025-08-08,2025-08-01,Recebido
4191,350,2025-08,Notas fiscais,2025-08-30,2025-09-04,Recebido
4192,350,2025-09,Extratos,2025-10-02,2025-10-09,Recebido
4193,350,2025-10,Documentos societários,2025-10-31,2025-11-04,Recebido
4194,350,2025-11,Notas fiscais,2025-12-09,2025-12-12,Recebido
4195,350,2025-12,Documentos societários,2026-01-04,2025-12-25,Recebido
4196,350,2026-01,Notas fiscais,2026-02-03,2026-02-08,Recebido
4197,350,2026-02,Documentos societários,2026-03-08,2026-02-26,Recebido
4198,350,2026-03,Extratos,2026-04-04,2026-04-09,Recebido
4199,350,2026-04,Notas fiscais,2026-04-29,2026-04-24,Recebido
4200,350,2026-05,Extratos,2026-06-10,2026-06-16,Recebido
4201,351,2025-07,Notas fiscais,2025-07-08,2025-06-30,Recebido
4202,351,2025-07,Notas fiscais,2025-08-10,2025-08-05,Recebido
4203,351,2025-08,Extratos,2025-09-01,2025-08-24,Recebido
4204,351,2025-09,Notas fiscais,2025-10-03,,Pendente
4205,351,2025-10,Notas fiscais,2025-11-07,2025-11-11,Recebido
4206,351,2025-11,Documentos societários,2025-12-08,2025-12-11,Recebido
4207,351,2025-12,Folha,2025-12-29,2025-12-28,Recebido
4208,351,2026-01,Extratos,2026-01-28,,Pendente
4209,351,2026-02,Notas fiscais,2026-03-11,2026-03-07,Recebido
4210,351,2026-03,Folha,2026-03-30,2026-04-08,Recebido
4211,351,2026-04,Notas fiscais,2026-05-06,2026-04-30,Recebido
4212,351,2026-05,Extratos,2026-05-28,2026-05-24,Recebido
4213,352,2025-07,Extratos,2025-07-07,2025-07-13,Recebido
4214,352,2025-07,Notas fiscais,2025-08-09,2025-08-14,Recebido
4215,352,2025-08,Notas fiscais,2025-09-08,2025-09-06,Recebido
4216,352,2025-09,Extratos,2025-09-29,2025-09-28,Recebido
4217,352,2025-10,Folha,2025-11-08,2025-11-06,Recebido
4218,352,2025-11,Documentos societários,2025-12-13,2025-12-13,Recebido
4219,352,2025-12,Extratos,2025-12-28,2026-01-06,Recebido
4220,352,2026-01,Extratos,2026-02-04,2026-02-05,Recebido
4221,352,2026-02,Notas fiscais,2026-03-05,,Pendente
4222,352,2026-03,Notas fiscais,2026-04-03,2026-03-26,Recebido
4223,352,2026-04,Folha,2026-05-06,2026-05-11,Recebido
4224,352,2026-05,Folha,2026-06-07,2026-06-13,Recebido
4225,353,2025-07,Notas fiscais,2025-07-15,2025-07-06,Recebido
4226,353,2025-07,Folha,2025-08-15,,Pendente
4227,353,2025-08,Documentos societários,2025-08-31,2025-09-04,Recebido
4228,353,2025-09,Documentos societários,2025-09-30,2025-10-07,Recebido
4229,353,2025-10,Documentos societários,2025-11-12,2025-11-14,Recebido
4230,353,2025-11,Documentos societários,2025-12-06,,Pendente
4231,353,2025-12,Extratos,2026-01-09,2026-01-03,Recebido
4232,353,2026-01,Folha,2026-01-29,,Pendente
4233,353,2026-02,Folha,2026-03-13,2026-03-15,Recebido
4234,353,2026-03,Notas fiscais,2026-03-31,2026-04-01,Recebido
4235,353,2026-04,Documentos societários,2026-05-09,2026-05-16,Recebido
4236,353,2026-05,Extratos,2026-05-30,2026-05-26,Recebido
4237,354,2025-07,Extratos,2025-07-04,2025-07-01,Recebido
4238,354,2025-07,Notas fiscais,2025-08-05,2025-08-11,Recebido
4239,354,2025-08,Notas fiscais,2025-09-07,2025-09-15,Recebido
4240,354,2025-09,Extratos,2025-09-29,,Pendente
4241,354,2025-10,Documentos societários,2025-11-13,2025-11-19,Recebido
4242,354,2025-11,Folha,2025-12-05,2025-11-30,Recebido
4243,354,2025-12,Documentos societários,2026-01-04,2026-01-07,Recebido
4244,354,2026-01,Extratos,2026-02-02,2026-01-28,Recebido
4245,354,2026-02,Folha,2026-03-04,2026-02-24,Recebido
4246,354,2026-03,Documentos societários,2026-04-07,2026-03-28,Recebido
4247,354,2026-04,Folha,2026-04-29,,Pendente
4248,354,2026-05,Documentos societários,2026-05-29,2026-06-07,Recebido
4249,355,2025-07,Folha,2025-07-05,2025-07-08,Recebido
4250,355,2025-07,Extratos,2025-08-15,2025-08-13,Recebido
4251,355,2025-08,Documentos societários,2025-09-04,,Pendente
4252,355,2025-09,Extratos,2025-10-13,2025-10-10,Recebido
4253,355,2025-10,Folha,2025-11-09,2025-11-10,Recebido
4254,355,2025-11,Folha,2025-12-05,2025-12-03,Recebido
4255,355,2025-12,Notas fiscais,2026-01-04,2025-12-25,Recebido
4256,355,2026-01,Extratos,2026-01-27,2026-01-20,Recebido
4257,355,2026-02,Folha,2026-03-05,2026-03-14,Recebido
4258,355,2026-03,Notas fiscais,2026-04-08,2026-03-31,Recebido
4259,355,2026-04,Notas fiscais,2026-05-03,2026-04-28,Recebido
4260,355,2026-05,Extratos,2026-06-10,2026-06-05,Recebido
4261,356,2025-07,Extratos,2025-07-06,2025-07-12,Recebido
4262,356,2025-07,Folha,2025-07-31,2025-07-30,Recebido
4263,356,2025-08,Documentos societários,2025-09-09,2025-09-18,Recebido
4264,356,2025-09,Folha,2025-10-03,2025-09-24,Recebido
4265,356,2025-10,Documentos societários,2025-11-03,2025-11-11,Recebido
4266,356,2025-11,Folha,2025-12-09,2025-12-06,Recebido
4267,356,2025-12,Documentos societários,2026-01-06,2026-01-08,Recebido
4268,356,2026-01,Notas fiscais,2026-02-02,2026-02-06,Recebido
4269,356,2026-02,Extratos,2026-03-06,2026-03-08,Recebido
4270,356,2026-03,Documentos societários,2026-04-01,2026-03-28,Recebido
4271,356,2026-04,Folha,2026-04-30,2026-04-20,Recebido
4272,356,2026-05,Extratos,2026-06-03,,Pendente
4273,357,2025-07,Documentos societários,2025-07-16,2025-07-22,Recebido
4274,357,2025-07,Notas fiscais,2025-08-05,2025-08-08,Recebido
4275,357,2025-08,Extratos,2025-08-31,2025-09-04,Recebido
4276,357,2025-09,Extratos,2025-10-10,2025-10-12,Recebido
4277,357,2025-10,Documentos societários,2025-11-12,,Pendente
4278,357,2025-11,Documentos societários,2025-12-13,2025-12-09,Recebido
4279,357,2025-12,Notas fiscais,2026-01-04,2025-12-26,Recebido
4280,357,2026-01,Documentos societários,2026-02-03,2026-01-26,Recebido
4281,357,2026-02,Documentos societários,2026-03-11,2026-03-14,Recebido
4282,357,2026-03,Folha,2026-04-10,,Pendente
4283,357,2026-04,Extratos,2026-05-10,2026-05-17,Recebido
4284,357,2026-05,Folha,2026-06-11,,Pendente
4285,358,2025-07,Extratos,2025-07-03,2025-07-07,Recebido
4286,358,2025-07,Documentos societários,2025-08-10,2025-08-12,Recebido
4287,358,2025-08,Folha,2025-09-09,,Pendente
4288,358,2025-09,Notas fiscais,2025-10-12,2025-10-04,Recebido
4289,358,2025-10,Extratos,2025-11-02,2025-10-26,Recebido
4290,358,2025-11,Extratos,2025-11-30,2025-12-04,Recebido
4291,358,2025-12,Documentos societários,2026-01-05,2026-01-11,Recebido
4292,358,2026-01,Notas fiscais,2026-02-01,2026-02-02,Recebido
4293,358,2026-02,Folha,2026-02-27,2026-03-06,Recebido
4294,358,2026-03,Extratos,2026-04-11,2026-04-08,Recebido
4295,358,2026-04,Folha,2026-05-09,2026-05-02,Recebido
4296,358,2026-05,Folha,2026-06-08,2026-05-31,Recebido
4297,359,2025-07,Documentos societários,2025-07-12,2025-07-08,Recebido
4298,359,2025-07,Notas fiscais,2025-08-15,2025-08-16,Recebido
4299,359,2025-08,Extratos,2025-08-30,2025-08-31,Recebido
4300,359,2025-09,Documentos societários,2025-10-09,2025-10-05,Recebido
4301,359,2025-10,Documentos societários,2025-11-03,,Pendente
4302,359,2025-11,Folha,2025-12-10,2025-12-07,Recebido
4303,359,2025-12,Documentos societários,2025-12-31,2025-12-25,Recebido
4304,359,2026-01,Extratos,2026-02-02,2026-02-10,Recebido
4305,359,2026-02,Folha,2026-03-11,2026-03-04,Recebido
4306,359,2026-03,Documentos societários,2026-03-30,2026-03-26,Recebido
4307,359,2026-04,Documentos societários,2026-05-11,2026-05-19,Recebido
4308,359,2026-05,Documentos societários,2026-05-30,2026-05-27,Recebido
4309,360,2025-07,Documentos societários,2025-07-02,2025-07-08,Recebido
4310,360,2025-07,Folha,2025-07-31,2025-07-29,Recebido
4311,360,2025-08,Folha,2025-09-05,2025-08-30,Recebido
4312,360,2025-09,Extratos,2025-10-01,2025-09-27,Recebido
4313,360,2025-10,Extratos,2025-10-29,2025-11-01,Recebido
4314,360,2025-11,Folha,2025-12-07,2025-12-14,Recebido
4315,360,2025-12,Extratos,2025-12-29,2026-01-05,Recebido
4316,360,2026-01,Folha,2026-02-02,2026-02-04,Recebido
4317,360,2026-02,Folha,2026-03-09,2026-03-08,Recebido
4318,360,2026-03,Notas fiscais,2026-04-12,,Pendente
4319,360,2026-04,Folha,2026-05-03,2026-04-25,Recebido
4320,360,2026-05,Documentos societários,2026-06-11,,Pendente
4321,361,2025-07,Notas fiscais,2025-07-12,,Pendente
4322,361,2025-07,Notas fiscais,2025-08-13,2025-08-13,Recebido
4323,361,2025-08,Extratos,2025-09-05,,Pendente
4324,361,2025-09,Folha,2025-10-10,2025-10-18,Recebido
4325,361,2025-10,Documentos societários,2025-11-10,2025-11-09,Recebido
4326,361,2025-11,Notas fiscais,2025-12-02,2025-12-09,Recebido
4327,361,2025-12,Folha,2026-01-08,2026-01-07,Recebido
4328,361,2026-01,Extratos,2026-02-10,2026-02-15,Recebido
4329,361,2026-02,Notas fiscais,2026-03-13,2026-03-08,Recebido
4330,361,2026-03,Extratos,2026-04-03,2026-03-31,Recebido
4331,361,2026-04,Extratos,2026-05-06,2026-05-10,Recebido
4332,361,2026-05,Documentos societários,2026-06-02,2026-06-06,Recebido
4333,362,2025-07,Extratos,2025-07-08,2025-07-07,Recebido
4334,362,2025-07,Extratos,2025-08-09,2025-08-09,Recebido
4335,362,2025-08,Documentos societários,2025-09-10,2025-09-08,Recebido
4336,362,2025-09,Documentos societários,2025-10-04,2025-10-08,Recebido
4337,362,2025-10,Extratos,2025-11-08,2025-10-29,Recebido
4338,362,2025-11,Notas fiscais,2025-12-07,2025-12-15,Recebido
4339,362,2025-12,Folha,2026-01-12,2026-01-11,Recebido
4340,362,2026-01,Notas fiscais,2026-01-29,2026-02-01,Recebido
4341,362,2026-02,Folha,2026-03-05,2026-02-28,Recebido
4342,362,2026-03,Extratos,2026-04-07,2026-04-03,Recebido
4343,362,2026-04,Extratos,2026-05-02,2026-04-26,Recebido
4344,362,2026-05,Documentos societários,2026-06-11,2026-06-19,Recebido
4345,363,2025-07,Extratos,2025-07-11,2025-07-10,Recebido
4346,363,2025-07,Extratos,2025-07-31,2025-08-06,Recebido
4347,363,2025-08,Notas fiscais,2025-09-02,2025-09-01,Recebido
4348,363,2025-09,Documentos societários,2025-10-01,2025-10-02,Recebido
4349,363,2025-10,Folha,2025-11-11,2025-11-08,Recebido
4350,363,2025-11,Notas fiscais,2025-12-01,2025-11-21,Recebido
4351,363,2025-12,Notas fiscais,2026-01-06,,Pendente
4352,363,2026-01,Extratos,2026-02-06,2026-02-08,Recebido
4353,363,2026-02,Extratos,2026-03-03,,Pendente
4354,363,2026-03,Extratos,2026-03-30,2026-03-31,Recebido
4355,363,2026-04,Documentos societários,2026-05-06,2026-05-12,Recebido
4356,363,2026-05,Extratos,2026-06-03,2026-05-31,Recebido
4357,364,2025-07,Folha,2025-07-11,2025-07-09,Recebido
4358,364,2025-07,Documentos societários,2025-08-10,2025-08-04,Recebido
4359,364,2025-08,Extratos,2025-09-07,2025-08-28,Recebido
4360,364,2025-09,Extratos,2025-10-01,,Pendente
4361,364,2025-10,Notas fiscais,2025-11-02,2025-11-11,Recebido
4362,364,2025-11,Documentos societários,2025-12-10,2025-12-07,Recebido
4363,364,2025-12,Folha,2026-01-02,2025-12-28,Recebido
4364,364,2026-01,Notas fiscais,2026-02-03,2026-02-11,Recebido
4365,364,2026-02,Notas fiscais,2026-03-06,2026-03-07,Recebido
4366,364,2026-03,Extratos,2026-04-10,,Pendente
4367,364,2026-04,Notas fiscais,2026-05-10,2026-05-01,Recebido
4368,364,2026-05,Extratos,2026-06-07,2026-06-11,Recebido
4369,365,2025-07,Notas fiscais,2025-07-16,,Pendente
4370,365,2025-07,Extratos,2025-08-09,,Pendente
4371,365,2025-08,Documentos societários,2025-09-01,2025-08-25,Recebido
4372,365,2025-09,Extratos,2025-10-01,2025-10-08,Recebido
4373,365,2025-10,Extratos,2025-11-08,2025-11-15,Recebido
4374,365,2025-11,Folha,2025-12-06,,Pendente
4375,365,2025-12,Documentos societários,2026-01-12,2026-01-15,Recebido
4376,365,2026-01,Extratos,2026-01-29,2026-01-20,Recebido
4377,365,2026-02,Extratos,2026-03-03,2026-02-23,Recebido
4378,365,2026-03,Documentos societários,2026-03-30,2026-03-29,Recebido
4379,365,2026-04,Documentos societários,2026-04-29,2026-04-26,Recebido
4380,365,2026-05,Notas fiscais,2026-06-11,2026-06-06,Recebido
4381,366,2025-07,Notas fiscais,2025-07-01,2025-07-04,Recebido
4382,366,2025-07,Notas fiscais,2025-08-15,,Pendente
4383,366,2025-08,Folha,2025-09-11,2025-09-11,Recebido
4384,366,2025-09,Documentos societários,2025-10-14,2025-10-16,Recebido
4385,366,2025-10,Documentos societários,2025-11-07,2025-11-15,Recebido
4386,366,2025-11,Documentos societários,2025-12-06,2025-11-28,Recebido
4387,366,2025-12,Extratos,2026-01-11,2026-01-10,Recebido
4388,366,2026-01,Extratos,2026-02-02,2026-02-10,Recebido
4389,366,2026-02,Extratos,2026-03-09,2026-03-18,Recebido
4390,366,2026-03,Folha,2026-03-29,2026-03-25,Recebido
4391,366,2026-04,Notas fiscais,2026-05-04,2026-05-11,Recebido
4392,366,2026-05,Folha,2026-06-08,2026-06-04,Recebido
4393,367,2025-07,Notas fiscais,2025-07-06,2025-07-02,Recebido
4394,367,2025-07,Documentos societários,2025-08-12,2025-08-06,Recebido
4395,367,2025-08,Folha,2025-09-12,2025-09-20,Recebido
4396,367,2025-09,Folha,2025-10-09,2025-10-11,Recebido
4397,367,2025-10,Notas fiscais,2025-11-01,2025-11-04,Recebido
4398,367,2025-11,Folha,2025-12-11,2025-12-05,Recebido
4399,367,2025-12,Notas fiscais,2025-12-29,2025-12-19,Recebido
4400,367,2026-01,Extratos,2026-02-05,2026-01-31,Recebido
4401,367,2026-02,Folha,2026-02-27,,Pendente
4402,367,2026-03,Documentos societários,2026-04-08,2026-04-09,Recebido
4403,367,2026-04,Extratos,2026-05-04,2026-04-29,Recebido
4404,367,2026-05,Notas fiscais,2026-05-30,2026-05-31,Recebido
4405,368,2025-07,Notas fiscais,2025-07-13,2025-07-17,Recebido
4406,368,2025-07,Notas fiscais,2025-08-02,2025-07-31,Recebido
4407,368,2025-08,Extratos,2025-08-31,2025-09-02,Recebido
4408,368,2025-09,Extratos,2025-10-13,,Pendente
4409,368,2025-10,Notas fiscais,2025-11-02,2025-11-02,Recebido
4410,368,2025-11,Documentos societários,2025-12-12,2025-12-18,Recebido
4411,368,2025-12,Folha,2026-01-10,2026-01-03,Recebido
4412,368,2026-01,Documentos societários,2026-01-31,2026-02-03,Recebido
4413,368,2026-02,Extratos,2026-03-06,2026-03-07,Recebido
4414,368,2026-03,Notas fiscais,2026-04-05,2026-03-28,Recebido
4415,368,2026-04,Folha,2026-05-04,,Pendente
4416,368,2026-05,Extratos,2026-06-05,2026-06-08,Recebido
4417,369,2025-07,Extratos,2025-07-09,2025-07-16,Recebido
4418,369,2025-07,Folha,2025-08-04,2025-08-01,Recebido
4419,369,2025-08,Documentos societários,2025-09-14,,Pendente
4420,369,2025-09,Extratos,2025-10-05,2025-10-05,Recebido
4421,369,2025-10,Folha,2025-11-13,2025-11-13,Recebido
4422,369,2025-11,Folha,2025-12-05,2025-12-08,Recebido
4423,369,2025-12,Notas fiscais,2026-01-10,2026-01-13,Recebido
4424,369,2026-01,Folha,2026-02-03,2026-01-24,Recebido
4425,369,2026-02,Documentos societários,2026-03-06,2026-03-06,Recebido
4426,369,2026-03,Folha,2026-04-05,2026-03-28,Recebido
4427,369,2026-04,Folha,2026-04-27,2026-04-20,Recebido
4428,369,2026-05,Documentos societários,2026-06-09,2026-06-16,Recebido
4429,370,2025-07,Folha,2025-07-11,2025-07-13,Recebido
4430,370,2025-07,Folha,2025-08-07,,Pendente
4431,370,2025-08,Extratos,2025-08-30,2025-08-27,Recebido
4432,370,2025-09,Notas fiscais,2025-10-10,2025-10-05,Recebido
4433,370,2025-10,Folha,2025-11-04,,Pendente
4434,370,2025-11,Extratos,2025-12-02,2025-12-11,Recebido
4435,370,2025-12,Notas fiscais,2026-01-01,,Pendente
4436,370,2026-01,Notas fiscais,2026-02-01,2026-02-06,Recebido
4437,370,2026-02,Extratos,2026-03-01,2026-02-24,Recebido
4438,370,2026-03,Documentos societários,2026-04-12,2026-04-06,Recebido
4439,370,2026-04,Extratos,2026-05-02,2026-05-08,Recebido
4440,370,2026-05,Folha,2026-05-31,2026-06-04,Recebido
4441,371,2025-07,Notas fiscais,2025-07-13,2025-07-18,Recebido
4442,371,2025-07,Documentos societários,2025-08-14,2025-08-04,Recebido
4443,371,2025-08,Notas fiscais,2025-08-30,2025-09-03,Recebido
4444,371,2025-09,Extratos,2025-10-14,2025-10-09,Recebido
4445,371,2025-10,Folha,2025-11-06,2025-10-28,Recebido
4446,371,2025-11,Notas fiscais,2025-12-10,2025-12-07,Recebido
4447,371,2025-12,Notas fiscais,2026-01-04,2026-01-04,Recebido
4448,371,2026-01,Extratos,2026-01-30,2026-01-28,Recebido
4449,371,2026-02,Folha,2026-03-12,,Pendente
4450,371,2026-03,Notas fiscais,2026-04-12,2026-04-06,Recebido
4451,371,2026-04,Extratos,2026-05-09,2026-05-13,Recebido
4452,371,2026-05,Folha,2026-05-27,2026-05-29,Recebido
4453,372,2025-07,Extratos,2025-07-11,2025-07-01,Recebido
4454,372,2025-07,Folha,2025-08-03,2025-08-12,Recebido
4455,372,2025-08,Documentos societários,2025-08-30,2025-08-25,Recebido
4456,372,2025-09,Documentos societários,2025-10-14,2025-10-04,Recebido
4457,372,2025-10,Documentos societários,2025-11-08,2025-11-13,Recebido
4458,372,2025-11,Documentos societários,2025-12-03,2025-12-08,Recebido
4459,372,2025-12,Folha,2025-12-30,2025-12-24,Recebido
4460,372,2026-01,Notas fiscais,2026-02-11,2026-02-12,Recebido
4461,372,2026-02,Extratos,2026-02-27,2026-02-25,Recebido
4462,372,2026-03,Notas fiscais,2026-03-30,2026-04-05,Recebido
4463,372,2026-04,Documentos societários,2026-05-04,2026-04-27,Recebido
4464,372,2026-05,Documentos societários,2026-05-29,2026-06-04,Recebido
4465,373,2025-07,Notas fiscais,2025-07-06,2025-07-10,Recebido
4466,373,2025-07,Notas fiscais,2025-08-04,2025-08-03,Recebido
4467,373,2025-08,Notas fiscais,2025-09-03,2025-08-28,Recebido
4468,373,2025-09,Notas fiscais,2025-10-05,2025-10-14,Recebido
4469,373,2025-10,Notas fiscais,2025-11-07,2025-11-01,Recebido
4470,373,2025-11,Notas fiscais,2025-12-12,,Pendente
4471,373,2025-12,Folha,2026-01-08,2026-01-09,Recebido
4472,373,2026-01,Folha,2026-02-08,2026-01-30,Recebido
4473,373,2026-02,Documentos societários,2026-03-01,2026-02-22,Recebido
4474,373,2026-03,Documentos societários,2026-04-09,2026-04-08,Recebido
4475,373,2026-04,Documentos societários,2026-05-04,2026-05-08,Recebido
4476,373,2026-05,Extratos,2026-06-06,2026-06-12,Recebido
4477,374,2025-07,Folha,2025-07-05,2025-07-08,Recebido
4478,374,2025-07,Documentos societários,2025-08-13,2025-08-06,Recebido
4479,374,2025-08,Notas fiscais,2025-09-13,2025-09-12,Recebido
4480,374,2025-09,Folha,2025-10-10,2025-10-04,Recebido
4481,374,2025-10,Extratos,2025-11-03,2025-10-31,Recebido
4482,374,2025-11,Extratos,2025-11-29,2025-11-20,Recebido
4483,374,2025-12,Extratos,2026-01-07,2026-01-05,Recebido
4484,374,2026-01,Documentos societários,2026-02-10,2026-02-09,Recebido
4485,374,2026-02,Notas fiscais,2026-03-04,2026-03-04,Recebido
4486,374,2026-03,Documentos societários,2026-04-06,2026-03-31,Recebido
4487,374,2026-04,Folha,2026-05-03,2026-04-25,Recebido
4488,374,2026-05,Extratos,2026-06-10,2026-06-18,Recebido
4489,375,2025-07,Notas fiscais,2025-07-09,2025-07-11,Recebido
4490,375,2025-07,Notas fiscais,2025-08-10,2025-07-31,Recebido
4491,375,2025-08,Documentos societários,2025-08-30,2025-08-21,Recebido
4492,375,2025-09,Documentos societários,2025-10-12,2025-10-20,Recebido
4493,375,2025-10,Documentos societários,2025-11-08,2025-11-11,Recebido
4494,375,2025-11,Documentos societários,2025-12-04,2025-11-25,Recebido
4495,375,2025-12,Folha,2025-12-28,2025-12-23,Recebido
4496,375,2026-01,Notas fiscais,2026-02-06,,Pendente
4497,375,2026-02,Notas fiscais,2026-03-09,2026-03-05,Recebido
4498,375,2026-03,Extratos,2026-04-05,2026-04-02,Recebido
4499,375,2026-04,Documentos societários,2026-05-11,,Pendente
4500,375,2026-05,Documentos societários,2026-06-06,2026-06-04,Recebido
4501,376,2025-07,Folha,2025-07-05,2025-06-27,Recebido
4502,376,2025-07,Documentos societários,2025-08-01,2025-07-23,Recebido
4503,376,2025-08,Notas fiscais,2025-09-09,2025-09-13,Recebido
4504,376,2025-09,Folha,2025-09-29,2025-09-24,Recebido
4505,376,2025-10,Documentos societários,2025-11-10,2025-11-03,Recebido
4506,376,2025-11,Folha,2025-12-01,2025-12-08,Recebido
4507,376,2025-12,Notas fiscais,2025-12-29,2025-12-24,Recebido
4508,376,2026-01,Extratos,2026-02-08,2026-01-29,Recebido
4509,376,2026-02,Extratos,2026-03-05,2026-03-08,Recebido
4510,376,2026-03,Folha,2026-04-12,2026-04-15,Recebido
4511,376,2026-04,Documentos societários,2026-05-12,,Pendente
4512,376,2026-05,Notas fiscais,2026-06-08,2026-05-30,Recebido
4513,377,2025-07,Extratos,2025-07-13,2025-07-16,Recebido
4514,377,2025-07,Folha,2025-08-08,2025-08-08,Recebido
4515,377,2025-08,Notas fiscais,2025-09-01,2025-09-09,Recebido
4516,377,2025-09,Documentos societários,2025-10-07,2025-09-28,Recebido
4517,377,2025-10,Notas fiscais,2025-11-01,2025-10-27,Recebido
4518,377,2025-11,Extratos,2025-12-07,2025-12-13,Recebido
4519,377,2025-12,Documentos societários,2026-01-11,2026-01-20,Recebido
4520,377,2026-01,Extratos,2026-02-03,2026-02-01,Recebido
4521,377,2026-02,Notas fiscais,2026-03-13,2026-03-12,Recebido
4522,377,2026-03,Folha,2026-04-01,2026-03-26,Recebido
4523,377,2026-04,Folha,2026-05-01,2026-04-30,Recebido
4524,377,2026-05,Documentos societários,2026-06-06,2026-06-14,Recebido
4525,378,2025-07,Extratos,2025-07-10,2025-07-11,Recebido
4526,378,2025-07,Extratos,2025-08-03,2025-08-01,Recebido
4527,378,2025-08,Extratos,2025-09-13,2025-09-09,Recebido
4528,378,2025-09,Documentos societários,2025-10-13,2025-10-13,Recebido
4529,378,2025-10,Extratos,2025-11-03,2025-10-25,Recebido
4530,378,2025-11,Extratos,2025-12-11,2025-12-19,Recebido
4531,378,2025-12,Notas fiscais,2026-01-12,2026-01-11,Recebido
4532,378,2026-01,Notas fiscais,2026-02-03,2026-02-10,Recebido
4533,378,2026-02,Notas fiscais,2026-03-09,2026-03-15,Recebido
4534,378,2026-03,Extratos,2026-03-31,,Pendente
4535,378,2026-04,Documentos societários,2026-05-07,2026-05-02,Recebido
4536,378,2026-05,Notas fiscais,2026-05-30,2026-06-08,Recebido
4537,379,2025-07,Documentos societários,2025-07-02,2025-06-30,Recebido
4538,379,2025-07,Documentos societários,2025-08-06,2025-07-30,Recebido
4539,379,2025-08,Extratos,2025-09-02,2025-09-10,Recebido
4540,379,2025-09,Notas fiscais,2025-10-14,2025-10-14,Recebido
4541,379,2025-10,Notas fiscais,2025-11-10,2025-11-03,Recebido
4542,379,2025-11,Documentos societários,2025-12-11,2025-12-20,Recebido
4543,379,2025-12,Documentos societários,2026-01-02,2025-12-25,Recebido
4544,379,2026-01,Notas fiscais,2026-02-05,2026-02-02,Recebido
4545,379,2026-02,Folha,2026-02-27,2026-02-28,Recebido
4546,379,2026-03,Notas fiscais,2026-04-05,2026-04-13,Recebido
4547,379,2026-04,Extratos,2026-05-04,2026-04-30,Recebido
4548,379,2026-05,Notas fiscais,2026-06-09,2026-06-09,Recebido
4549,380,2025-07,Documentos societários,2025-07-07,2025-06-27,Recebido
4550,380,2025-07,Notas fiscais,2025-08-01,2025-08-09,Recebido
4551,380,2025-08,Documentos societários,2025-09-13,2025-09-10,Recebido
4552,380,2025-09,Documentos societários,2025-10-07,2025-10-05,Recebido
4553,380,2025-10,Notas fiscais,2025-10-31,2025-10-28,Recebido
4554,380,2025-11,Notas fiscais,2025-12-07,,Pendente
4555,380,2025-12,Notas fiscais,2025-12-29,2026-01-02,Recebido
4556,380,2026-01,Extratos,2026-02-08,2026-02-11,Recebido
4557,380,2026-02,Notas fiscais,2026-03-05,2026-02-25,Recebido
4558,380,2026-03,Folha,2026-04-12,,Pendente
4559,380,2026-04,Extratos,2026-04-30,2026-04-27,Recebido
4560,380,2026-05,Notas fiscais,2026-06-06,2026-05-30,Recebido
4561,381,2025-07,Documentos societários,2025-07-05,2025-06-26,Recebido
4562,381,2025-07,Documentos societários,2025-08-11,2025-08-12,Recebido
4563,381,2025-08,Notas fiscais,2025-09-14,2025-09-05,Recebido
4564,381,2025-09,Notas fiscais,2025-10-07,2025-10-06,Recebido
4565,381,2025-10,Documentos societários,2025-10-29,2025-10-27,Recebido
4566,381,2025-11,Notas fiscais,2025-11-28,2025-11-22,Recebido
4567,381,2025-12,Notas fiscais,2025-12-28,,Pendente
4568,381,2026-01,Folha,2026-01-29,2026-01-30,Recebido
4569,381,2026-02,Extratos,2026-02-26,2026-02-23,Recebido
4570,381,2026-03,Folha,2026-04-11,,Pendente
4571,381,2026-04,Notas fiscais,2026-05-04,2026-05-04,Recebido
4572,381,2026-05,Documentos societários,2026-06-05,,Pendente
4573,382,2025-07,Documentos societários,2025-07-10,2025-07-17,Recebido
4574,382,2025-07,Folha,2025-08-14,,Pendente
4575,382,2025-08,Documentos societários,2025-09-01,2025-08-23,Recebido
4576,382,2025-09,Folha,2025-10-08,2025-10-07,Recebido
4577,382,2025-10,Extratos,2025-11-07,2025-10-28,Recebido
4578,382,2025-11,Documentos societários,2025-12-05,2025-12-13,Recebido
4579,382,2025-12,Notas fiscais,2025-12-29,2026-01-05,Recebido
4580,382,2026-01,Extratos,2026-02-05,2026-02-03,Recebido
4581,382,2026-02,Documentos societários,2026-02-27,2026-02-22,Recebido
4582,382,2026-03,Folha,2026-04-02,2026-04-04,Recebido
4583,382,2026-04,Documentos societários,2026-05-10,2026-05-14,Recebido
4584,382,2026-05,Folha,2026-06-06,2026-06-14,Recebido
4585,383,2025-07,Notas fiscais,2025-07-03,2025-07-04,Recebido
4586,383,2025-07,Notas fiscais,2025-08-07,2025-08-16,Recebido
4587,383,2025-08,Folha,2025-09-12,2025-09-08,Recebido
4588,383,2025-09,Notas fiscais,2025-10-14,2025-10-22,Recebido
4589,383,2025-10,Notas fiscais,2025-11-02,2025-11-08,Recebido
4590,383,2025-11,Documentos societários,2025-12-11,2025-12-03,Recebido
4591,383,2025-12,Folha,2026-01-04,2026-01-05,Recebido
4592,383,2026-01,Notas fiscais,2026-01-29,2026-01-30,Recebido
4593,383,2026-02,Folha,2026-03-08,2026-03-06,Recebido
4594,383,2026-03,Documentos societários,2026-04-05,2026-04-12,Recebido
4595,383,2026-04,Folha,2026-05-10,2026-05-02,Recebido
4596,383,2026-05,Notas fiscais,2026-06-07,2026-05-30,Recebido
4597,384,2025-07,Notas fiscais,2025-07-13,2025-07-05,Recebido
4598,384,2025-07,Notas fiscais,2025-08-14,2025-08-06,Recebido
4599,384,2025-08,Documentos societários,2025-09-05,2025-09-07,Recebido
4600,384,2025-09,Notas fiscais,2025-10-08,2025-10-16,Recebido
4601,384,2025-10,Folha,2025-10-31,2025-11-01,Recebido
4602,384,2025-11,Folha,2025-12-12,2025-12-09,Recebido
4603,384,2025-12,Notas fiscais,2026-01-01,2026-01-08,Recebido
4604,384,2026-01,Folha,2026-01-28,2026-01-19,Recebido
4605,384,2026-02,Folha,2026-03-11,2026-03-10,Recebido
4606,384,2026-03,Extratos,2026-04-06,2026-03-28,Recebido
4607,384,2026-04,Extratos,2026-04-27,2026-05-01,Recebido
4608,384,2026-05,Extratos,2026-06-08,2026-06-01,Recebido
4609,385,2025-07,Documentos societários,2025-07-06,2025-07-15,Recebido
4610,385,2025-07,Extratos,2025-08-07,2025-08-12,Recebido
4611,385,2025-08,Extratos,2025-09-09,2025-09-04,Recebido
4612,385,2025-09,Documentos societários,2025-10-02,2025-09-24,Recebido
4613,385,2025-10,Folha,2025-11-12,2025-11-16,Recebido
4614,385,2025-11,Extratos,2025-12-12,2025-12-09,Recebido
4615,385,2025-12,Documentos societários,2026-01-07,2026-01-07,Recebido
4616,385,2026-01,Notas fiscais,2026-01-28,,Pendente
4617,385,2026-02,Documentos societários,2026-03-12,2026-03-10,Recebido
4618,385,2026-03,Folha,2026-03-28,2026-04-05,Recebido
4619,385,2026-04,Folha,2026-05-11,2026-05-06,Recebido
4620,385,2026-05,Documentos societários,2026-06-07,2026-06-13,Recebido
4621,386,2025-07,Documentos societários,2025-07-15,2025-07-05,Recebido
4622,386,2025-07,Folha,2025-08-11,2025-08-12,Recebido
4623,386,2025-08,Extratos,2025-09-03,2025-09-02,Recebido
4624,386,2025-09,Folha,2025-10-04,2025-10-06,Recebido
4625,386,2025-10,Notas fiscais,2025-11-13,2025-11-12,Recebido
4626,386,2025-11,Notas fiscais,2025-11-28,2025-11-25,Recebido
4627,386,2025-12,Documentos societários,2026-01-08,2026-01-12,Recebido
4628,386,2026-01,Documentos societários,2026-02-04,2026-01-25,Recebido
4629,386,2026-02,Folha,2026-02-28,2026-02-25,Recebido
4630,386,2026-03,Extratos,2026-04-07,2026-04-08,Recebido
4631,386,2026-04,Extratos,2026-05-02,2026-05-05,Recebido
4632,386,2026-05,Extratos,2026-06-10,2026-06-08,Recebido
4633,387,2025-07,Documentos societários,2025-07-14,2025-07-14,Recebido
4634,387,2025-07,Notas fiscais,2025-08-07,2025-07-29,Recebido
4635,387,2025-08,Notas fiscais,2025-09-12,2025-09-20,Recebido
4636,387,2025-09,Documentos societários,2025-09-29,2025-09-28,Recebido
4637,387,2025-10,Notas fiscais,2025-11-05,2025-11-11,Recebido
4638,387,2025-11,Documentos societários,2025-11-30,2025-11-25,Recebido
4639,387,2025-12,Extratos,2026-01-10,2026-01-15,Recebido
4640,387,2026-01,Documentos societários,2026-01-28,,Pendente
4641,387,2026-02,Documentos societários,2026-03-04,2026-02-22,Recebido
4642,387,2026-03,Extratos,2026-04-06,2026-03-28,Recebido
4643,387,2026-04,Folha,2026-05-11,2026-05-17,Recebido
4644,387,2026-05,Notas fiscais,2026-05-27,2026-05-29,Recebido
4645,388,2025-07,Notas fiscais,2025-07-09,2025-07-06,Recebido
4646,388,2025-07,Folha,2025-08-07,2025-08-02,Recebido
4647,388,2025-08,Documentos societários,2025-09-14,2025-09-20,Recebido
4648,388,2025-09,Folha,2025-10-02,2025-10-10,Recebido
4649,388,2025-10,Documentos societários,2025-11-07,2025-11-05,Recebido
4650,388,2025-11,Notas fiscais,2025-12-10,2025-12-06,Recebido
4651,388,2025-12,Extratos,2026-01-01,2025-12-25,Recebido
4652,388,2026-01,Extratos,2026-02-04,2026-01-29,Recebido
4653,388,2026-02,Extratos,2026-03-05,2026-02-26,Recebido
4654,388,2026-03,Documentos societários,2026-04-01,,Pendente
4655,388,2026-04,Notas fiscais,2026-04-30,2026-04-27,Recebido
4656,388,2026-05,Documentos societários,2026-06-04,2026-05-31,Recebido
4657,389,2025-07,Notas fiscais,2025-07-05,,Pendente
4658,389,2025-07,Extratos,2025-08-06,2025-08-04,Recebido
4659,389,2025-08,Documentos societários,2025-09-11,,Pendente
4660,389,2025-09,Folha,2025-10-05,2025-09-25,Recebido
4661,389,2025-10,Folha,2025-11-01,2025-11-10,Recebido
4662,389,2025-11,Extratos,2025-12-05,2025-12-03,Recebido
4663,389,2025-12,Folha,2025-12-28,2025-12-19,Recebido
4664,389,2026-01,Folha,2026-02-03,2026-01-26,Recebido
4665,389,2026-02,Extratos,2026-03-03,,Pendente
4666,389,2026-03,Documentos societários,2026-04-05,2026-04-08,Recebido
4667,389,2026-04,Documentos societários,2026-05-03,2026-05-07,Recebido
4668,389,2026-05,Documentos societários,2026-05-28,2026-05-22,Recebido
4669,390,2025-07,Notas fiscais,2025-07-01,2025-07-09,Recebido
4670,390,2025-07,Folha,2025-08-14,2025-08-09,Recebido
4671,390,2025-08,Folha,2025-09-06,2025-09-11,Recebido
4672,390,2025-09,Folha,2025-09-29,2025-09-21,Recebido
4673,390,2025-10,Documentos societários,2025-11-02,2025-11-08,Recebido
4674,390,2025-11,Documentos societários,2025-12-13,2025-12-06,Recebido
4675,390,2025-12,Extratos,2026-01-02,2025-12-26,Recebido
4676,390,2026-01,Documentos societários,2026-02-09,2026-02-11,Recebido
4677,390,2026-02,Extratos,2026-03-04,2026-02-22,Recebido
4678,390,2026-03,Notas fiscais,2026-03-30,2026-03-24,Recebido
4679,390,2026-04,Folha,2026-05-08,2026-05-17,Recebido
4680,390,2026-05,Documentos societários,2026-06-10,2026-06-06,Recebido
4681,391,2025-07,Extratos,2025-07-03,,Pendente
4682,391,2025-07,Documentos societários,2025-07-31,2025-07-24,Recebido
4683,391,2025-08,Notas fiscais,2025-09-10,,Pendente
4684,391,2025-09,Folha,2025-10-11,2025-10-07,Recebido
4685,391,2025-10,Documentos societários,2025-10-29,2025-10-21,Recebido
4686,391,2025-11,Notas fiscais,2025-12-04,2025-12-13,Recebido
4687,391,2025-12,Folha,2026-01-09,2026-01-07,Recebido
4688,391,2026-01,Notas fiscais,2026-02-02,2026-01-25,Recebido
4689,391,2026-02,Extratos,2026-03-02,2026-03-07,Recebido
4690,391,2026-03,Notas fiscais,2026-04-10,,Pendente
4691,391,2026-04,Notas fiscais,2026-05-07,2026-04-29,Recebido
4692,391,2026-05,Documentos societários,2026-06-02,,Pendente
4693,392,2025-07,Folha,2025-07-09,2025-07-16,Recebido
4694,392,2025-07,Documentos societários,2025-08-06,2025-07-28,Recebido
4695,392,2025-08,Extratos,2025-09-13,,Pendente
4696,392,2025-09,Notas fiscais,2025-10-06,2025-10-04,Recebido
4697,392,2025-10,Documentos societários,2025-10-29,2025-10-29,Recebido
4698,392,2025-11,Notas fiscais,2025-11-28,2025-11-19,Recebido
4699,392,2025-12,Notas fiscais,2026-01-08,,Pendente
4700,392,2026-01,Extratos,2026-01-30,2026-01-25,Recebido
4701,392,2026-02,Documentos societários,2026-03-12,2026-03-03,Recebido
4702,392,2026-03,Documentos societários,2026-03-31,2026-03-30,Recebido
4703,392,2026-04,Documentos societários,2026-05-12,,Pendente
4704,392,2026-05,Extratos,2026-06-10,2026-06-15,Recebido
4705,393,2025-07,Notas fiscais,2025-07-08,2025-07-14,Recebido
4706,393,2025-07,Extratos,2025-08-10,2025-08-11,Recebido
4707,393,2025-08,Extratos,2025-09-13,2025-09-20,Recebido
4708,393,2025-09,Documentos societários,2025-10-04,2025-10-08,Recebido
4709,393,2025-10,Folha,2025-11-04,2025-11-03,Recebido
4710,393,2025-11,Documentos societários,2025-12-01,2025-12-05,Recebido
4711,393,2025-12,Folha,2026-01-12,2026-01-13,Recebido
4712,393,2026-01,Notas fiscais,2026-02-02,2026-01-27,Recebido
4713,393,2026-02,Notas fiscais,2026-03-06,2026-03-02,Recebido
4714,393,2026-03,Documentos societários,2026-04-06,2026-04-12,Recebido
4715,393,2026-04,Documentos societários,2026-04-29,2026-04-21,Recebido
4716,393,2026-05,Notas fiscais,2026-05-30,2026-06-03,Recebido
4717,394,2025-07,Documentos societários,2025-07-04,2025-07-13,Recebido
4718,394,2025-07,Extratos,2025-08-11,2025-08-06,Recebido
4719,394,2025-08,Documentos societários,2025-08-31,2025-09-05,Recebido
4720,394,2025-09,Extratos,2025-10-10,2025-10-16,Recebido
4721,394,2025-10,Extratos,2025-11-06,2025-11-13,Recebido
4722,394,2025-11,Folha,2025-12-11,2025-12-04,Recebido
4723,394,2025-12,Notas fiscais,2025-12-30,2025-12-25,Recebido
4724,394,2026-01,Folha,2026-02-07,,Pendente
4725,394,2026-02,Notas fiscais,2026-03-01,2026-03-04,Recebido
4726,394,2026-03,Folha,2026-04-04,2026-04-06,Recebido
4727,394,2026-04,Documentos societários,2026-05-09,2026-05-08,Recebido
4728,394,2026-05,Folha,2026-06-06,2026-06-06,Recebido
4729,395,2025-07,Notas fiscais,2025-07-14,2025-07-14,Recebido
4730,395,2025-07,Folha,2025-08-01,,Pendente
4731,395,2025-08,Extratos,2025-08-31,2025-09-07,Recebido
4732,395,2025-09,Notas fiscais,2025-10-07,2025-10-14,Recebido
4733,395,2025-10,Notas fiscais,2025-11-07,2025-11-14,Recebido
4734,395,2025-11,Extratos,2025-12-08,2025-12-08,Recebido
4735,395,2025-12,Extratos,2026-01-11,,Pendente
4736,395,2026-01,Documentos societários,2026-02-08,2026-02-04,Recebido
4737,395,2026-02,Extratos,2026-03-08,2026-03-13,Recebido
4738,395,2026-03,Notas fiscais,2026-04-03,2026-04-07,Recebido
4739,395,2026-04,Extratos,2026-05-06,2026-05-15,Recebido
4740,395,2026-05,Documentos societários,2026-06-06,2026-06-05,Recebido
4741,396,2025-07,Documentos societários,2025-07-15,2025-07-08,Recebido
4742,396,2025-07,Documentos societários,2025-08-10,2025-08-10,Recebido
4743,396,2025-08,Extratos,2025-09-09,2025-09-03,Recebido
4744,396,2025-09,Extratos,2025-10-05,2025-10-03,Recebido
4745,396,2025-10,Extratos,2025-11-04,2025-11-02,Recebido
4746,396,2025-11,Extratos,2025-12-03,2025-12-06,Recebido
4747,396,2025-12,Documentos societários,2025-12-31,,Pendente
4748,396,2026-01,Extratos,2026-02-03,2026-02-08,Recebido
4749,396,2026-02,Folha,2026-03-12,2026-03-06,Recebido
4750,396,2026-03,Folha,2026-04-07,2026-04-13,Recebido
4751,396,2026-04,Notas fiscais,2026-05-01,2026-05-10,Recebido
4752,396,2026-05,Notas fiscais,2026-06-10,2026-06-03,Recebido
4753,397,2025-07,Folha,2025-07-12,2025-07-05,Recebido
4754,397,2025-07,Extratos,2025-08-06,2025-07-31,Recebido
4755,397,2025-08,Extratos,2025-09-01,2025-08-26,Recebido
4756,397,2025-09,Documentos societários,2025-10-08,2025-10-10,Recebido
4757,397,2025-10,Folha,2025-11-03,2025-11-10,Recebido
4758,397,2025-11,Documentos societários,2025-12-13,2025-12-17,Recebido
4759,397,2025-12,Documentos societários,2026-01-12,2026-01-17,Recebido
4760,397,2026-01,Documentos societários,2026-01-31,2026-01-28,Recebido
4761,397,2026-02,Folha,2026-02-26,2026-02-23,Recebido
4762,397,2026-03,Documentos societários,2026-04-11,2026-04-04,Recebido
4763,397,2026-04,Documentos societários,2026-04-29,2026-04-25,Recebido
4764,397,2026-05,Extratos,2026-05-30,2026-06-07,Recebido
4765,398,2025-07,Folha,2025-07-12,2025-07-11,Recebido
4766,398,2025-07,Folha,2025-08-07,2025-08-04,Recebido
4767,398,2025-08,Extratos,2025-09-12,2025-09-08,Recebido
4768,398,2025-09,Notas fiscais,2025-09-30,2025-09-26,Recebido
4769,398,2025-10,Folha,2025-11-03,2025-11-05,Recebido
4770,398,2025-11,Extratos,2025-12-07,2025-12-02,Recebido
4771,398,2025-12,Documentos societários,2026-01-02,2025-12-28,Recebido
4772,398,2026-01,Extratos,2026-02-03,2026-02-04,Recebido
4773,398,2026-02,Notas fiscais,2026-03-05,2026-03-01,Recebido
4774,398,2026-03,Folha,2026-04-08,2026-03-29,Recebido
4775,398,2026-04,Documentos societários,2026-04-28,2026-04-20,Recebido
4776,398,2026-05,Extratos,2026-06-09,2026-06-07,Recebido
4777,399,2025-07,Documentos societários,2025-07-03,2025-07-09,Recebido
4778,399,2025-07,Folha,2025-08-02,2025-07-29,Recebido
4779,399,2025-08,Extratos,2025-09-11,2025-09-08,Recebido
4780,399,2025-09,Extratos,2025-10-04,2025-09-26,Recebido
4781,399,2025-10,Documentos societários,2025-11-07,2025-11-07,Recebido
4782,399,2025-11,Folha,2025-12-12,2025-12-20,Recebido
4783,399,2025-12,Extratos,2026-01-07,2025-12-30,Recebido
4784,399,2026-01,Notas fiscais,2026-01-30,2026-02-05,Recebido
4785,399,2026-02,Folha,2026-03-12,,Pendente
4786,399,2026-03,Documentos societários,2026-04-12,2026-04-16,Recebido
4787,399,2026-04,Folha,2026-05-09,,Pendente
4788,399,2026-05,Folha,2026-05-31,2026-05-24,Recebido
4789,400,2025-07,Folha,2025-07-15,2025-07-20,Recebido
4790,400,2025-07,Extratos,2025-08-09,2025-07-31,Recebido
4791,400,2025-08,Notas fiscais,2025-09-12,2025-09-11,Recebido
4792,400,2025-09,Folha,2025-10-04,2025-09-27,Recebido
4793,400,2025-10,Documentos societários,2025-11-12,2025-11-19,Recebido
4794,400,2025-11,Documentos societários,2025-12-04,2025-12-04,Recebido
4795,400,2025-12,Folha,2026-01-10,2026-01-16,Recebido
4796,400,2026-01,Notas fiscais,2026-01-31,2026-02-01,Recebido
4797,400,2026-02,Folha,2026-02-27,2026-02-26,Recebido
4798,400,2026-03,Notas fiscais,2026-04-04,2026-04-08,Recebido
4799,400,2026-04,Notas fiscais,2026-05-08,2026-05-08,Recebido
4800,400,2026-05,Folha,2026-05-29,2026-05-22,Recebido
4801,401,2025-07,Notas fiscais,2025-07-10,,Pendente
4802,401,2025-07,Documentos societários,2025-08-01,,Pendente
4803,401,2025-08,Folha,2025-09-09,2025-09-07,Recebido
4804,401,2025-09,Documentos societários,2025-09-29,2025-10-04,Recebido
4805,401,2025-10,Extratos,2025-10-29,2025-10-29,Recebido
4806,401,2025-11,Documentos societários,2025-12-02,2025-11-23,Recebido
4807,401,2025-12,Notas fiscais,2026-01-06,2025-12-28,Recebido
4808,401,2026-01,Documentos societários,2026-01-30,2026-01-22,Recebido
4809,401,2026-02,Notas fiscais,2026-03-04,2026-02-28,Recebido
4810,401,2026-03,Extratos,2026-04-08,2026-03-31,Recebido
4811,401,2026-04,Notas fiscais,2026-05-10,,Pendente
4812,401,2026-05,Extratos,2026-05-31,2026-05-26,Recebido
4813,402,2025-07,Extratos,2025-07-02,2025-06-27,Recebido
4814,402,2025-07,Extratos,2025-08-02,2025-08-05,Recebido
4815,402,2025-08,Documentos societários,2025-09-09,2025-09-12,Recebido
4816,402,2025-09,Notas fiscais,2025-10-12,2025-10-12,Recebido
4817,402,2025-10,Extratos,2025-11-03,2025-10-28,Recebido
4818,402,2025-11,Notas fiscais,2025-12-09,2025-12-08,Recebido
4819,402,2025-12,Folha,2026-01-08,2026-01-05,Recebido
4820,402,2026-01,Folha,2026-02-07,2026-02-16,Recebido
4821,402,2026-02,Notas fiscais,2026-03-09,2026-03-13,Recebido
4822,402,2026-03,Extratos,2026-04-07,2026-04-12,Recebido
4823,402,2026-04,Notas fiscais,2026-05-06,2026-05-12,Recebido
4824,402,2026-05,Extratos,2026-05-28,2026-05-29,Recebido
4825,403,2025-07,Documentos societários,2025-07-04,2025-07-13,Recebido
4826,403,2025-07,Folha,2025-08-09,2025-08-16,Recebido
4827,403,2025-08,Documentos societários,2025-09-13,,Pendente
4828,403,2025-09,Documentos societários,2025-10-08,,Pendente
4829,403,2025-10,Extratos,2025-11-09,2025-11-13,Recebido
4830,403,2025-11,Notas fiscais,2025-12-10,2025-12-18,Recebido
4831,403,2025-12,Documentos societários,2026-01-12,,Pendente
4832,403,2026-01,Extratos,2026-01-27,2026-02-03,Recebido
4833,403,2026-02,Extratos,2026-03-10,2026-03-15,Recebido
4834,403,2026-03,Notas fiscais,2026-04-06,2026-03-28,Recebido
4835,403,2026-04,Notas fiscais,2026-04-28,,Pendente
4836,403,2026-05,Documentos societários,2026-05-30,,Pendente
4837,404,2025-07,Documentos societários,2025-07-08,2025-07-13,Recebido
4838,404,2025-07,Notas fiscais,2025-08-14,2025-08-19,Recebido
4839,404,2025-08,Folha,2025-09-01,2025-09-08,Recebido
4840,404,2025-09,Folha,2025-10-05,2025-09-25,Recebido
4841,404,2025-10,Extratos,2025-10-31,,Pendente
4842,404,2025-11,Folha,2025-12-13,,Pendente
4843,404,2025-12,Extratos,2026-01-03,2025-12-26,Recebido
4844,404,2026-01,Extratos,2026-02-08,2026-02-14,Recebido
4845,404,2026-02,Documentos societários,2026-02-26,2026-02-18,Recebido
4846,404,2026-03,Documentos societários,2026-04-01,2026-03-28,Recebido
4847,404,2026-04,Extratos,2026-05-04,2026-04-29,Recebido
4848,404,2026-05,Extratos,2026-06-06,2026-06-10,Recebido
4849,405,2025-07,Notas fiscais,2025-07-10,2025-07-10,Recebido
4850,405,2025-07,Notas fiscais,2025-08-08,2025-07-30,Recebido
4851,405,2025-08,Extratos,2025-09-10,2025-09-09,Recebido
4852,405,2025-09,Extratos,2025-10-06,2025-09-27,Recebido
4853,405,2025-10,Documentos societários,2025-11-11,2025-11-03,Recebido
4854,405,2025-11,Documentos societários,2025-12-09,,Pendente
4855,405,2025-12,Notas fiscais,2025-12-29,2026-01-05,Recebido
4856,405,2026-01,Documentos societários,2026-02-07,2026-02-07,Recebido
4857,405,2026-02,Documentos societários,2026-02-26,2026-03-06,Recebido
4858,405,2026-03,Notas fiscais,2026-04-08,2026-04-11,Recebido
4859,405,2026-04,Documentos societários,2026-04-29,2026-05-08,Recebido
4860,405,2026-05,Extratos,2026-06-05,2026-05-31,Recebido
4861,406,2025-07,Documentos societários,2025-07-10,2025-07-02,Recebido
4862,406,2025-07,Extratos,2025-08-01,2025-07-22,Recebido
4863,406,2025-08,Notas fiscais,2025-09-06,2025-08-31,Recebido
4864,406,2025-09,Notas fiscais,2025-10-08,2025-10-02,Recebido
4865,406,2025-10,Notas fiscais,2025-10-31,2025-11-04,Recebido
4866,406,2025-11,Notas fiscais,2025-12-11,2025-12-12,Recebido
4867,406,2025-12,Folha,2026-01-05,2026-01-01,Recebido
4868,406,2026-01,Notas fiscais,2026-01-31,2026-01-31,Recebido
4869,406,2026-02,Notas fiscais,2026-03-04,,Pendente
4870,406,2026-03,Notas fiscais,2026-04-11,2026-04-20,Recebido
4871,406,2026-04,Notas fiscais,2026-04-29,,Pendente
4872,406,2026-05,Notas fiscais,2026-06-08,2026-06-06,Recebido
4873,407,2025-07,Extratos,2025-07-15,2025-07-08,Recebido
4874,407,2025-07,Folha,2025-07-31,2025-07-26,Recebido
4875,407,2025-08,Notas fiscais,2025-09-02,2025-09-02,Recebido
4876,407,2025-09,Folha,2025-10-03,2025-09-29,Recebido
4877,407,2025-10,Extratos,2025-11-01,2025-10-29,Recebido
4878,407,2025-11,Documentos societários,2025-11-28,2025-12-06,Recebido
4879,407,2025-12,Extratos,2026-01-02,2026-01-06,Recebido
4880,407,2026-01,Notas fiscais,2026-02-01,2026-02-05,Recebido
4881,407,2026-02,Notas fiscais,2026-02-26,2026-02-19,Recebido
4882,407,2026-03,Folha,2026-04-06,2026-04-15,Recebido
4883,407,2026-04,Notas fiscais,2026-05-12,2026-05-13,Recebido
4884,407,2026-05,Extratos,2026-06-11,2026-06-08,Recebido
4885,408,2025-07,Documentos societários,2025-07-04,2025-07-13,Recebido
4886,408,2025-07,Folha,2025-08-12,2025-08-21,Recebido
4887,408,2025-08,Folha,2025-09-02,2025-09-11,Recebido
4888,408,2025-09,Notas fiscais,2025-10-13,2025-10-12,Recebido
4889,408,2025-10,Folha,2025-11-05,2025-11-11,Recebido
4890,408,2025-11,Notas fiscais,2025-12-02,2025-12-07,Recebido
4891,408,2025-12,Folha,2026-01-07,,Pendente
4892,408,2026-01,Notas fiscais,2026-01-28,2026-01-21,Recebido
4893,408,2026-02,Folha,2026-03-06,2026-03-01,Recebido
4894,408,2026-03,Notas fiscais,2026-04-07,2026-04-07,Recebido
4895,408,2026-04,Notas fiscais,2026-05-02,2026-04-24,Recebido
4896,408,2026-05,Documentos societários,2026-06-07,2026-06-11,Recebido
4897,409,2025-07,Documentos societários,2025-07-12,2025-07-19,Recebido
4898,409,2025-07,Folha,2025-08-01,2025-08-02,Recebido
4899,409,2025-08,Documentos societários,2025-09-04,2025-09-04,Recebido
4900,409,2025-09,Notas fiscais,2025-09-30,2025-09-21,Recebido
4901,409,2025-10,Documentos societários,2025-11-05,2025-11-06,Recebido
4902,409,2025-11,Extratos,2025-12-02,2025-11-30,Recebido
4903,409,2025-12,Notas fiscais,2026-01-09,2026-01-03,Recebido
4904,409,2026-01,Extratos,2026-02-08,2026-02-15,Recebido
4905,409,2026-02,Folha,2026-03-01,,Pendente
4906,409,2026-03,Documentos societários,2026-03-28,2026-03-25,Recebido
4907,409,2026-04,Folha,2026-05-12,2026-05-16,Recebido
4908,409,2026-05,Documentos societários,2026-06-05,2026-05-30,Recebido
4909,410,2025-07,Folha,2025-07-14,,Pendente
4910,410,2025-07,Folha,2025-07-31,2025-07-30,Recebido
4911,410,2025-08,Extratos,2025-09-10,2025-09-03,Recebido
4912,410,2025-09,Notas fiscais,2025-10-13,2025-10-20,Recebido
4913,410,2025-10,Extratos,2025-11-03,2025-10-24,Recebido
4914,410,2025-11,Documentos societários,2025-12-11,2025-12-17,Recebido
4915,410,2025-12,Notas fiscais,2026-01-01,2025-12-29,Recebido
4916,410,2026-01,Extratos,2026-02-02,2026-02-06,Recebido
4917,410,2026-02,Folha,2026-03-05,2026-02-25,Recebido
4918,410,2026-03,Notas fiscais,2026-03-28,2026-03-21,Recebido
4919,410,2026-04,Documentos societários,2026-05-08,2026-05-03,Recebido
4920,410,2026-05,Folha,2026-06-08,2026-06-11,Recebido
4921,411,2025-07,Extratos,2025-07-08,2025-07-05,Recebido
4922,411,2025-07,Notas fiscais,2025-08-11,2025-08-18,Recebido
4923,411,2025-08,Extratos,2025-09-06,2025-09-06,Recebido
4924,411,2025-09,Folha,2025-09-30,2025-10-09,Recebido
4925,411,2025-10,Extratos,2025-11-01,2025-11-09,Recebido
4926,411,2025-11,Documentos societários,2025-12-05,2025-12-08,Recebido
4927,411,2025-12,Documentos societários,2025-12-28,,Pendente
4928,411,2026-01,Documentos societários,2026-02-09,2026-02-08,Recebido
4929,411,2026-02,Extratos,2026-03-12,2026-03-16,Recebido
4930,411,2026-03,Documentos societários,2026-04-01,2026-03-31,Recebido
4931,411,2026-04,Folha,2026-05-10,2026-05-19,Recebido
4932,411,2026-05,Folha,2026-06-02,2026-05-24,Recebido
4933,412,2025-07,Notas fiscais,2025-07-04,2025-07-01,Recebido
4934,412,2025-07,Folha,2025-08-06,2025-07-29,Recebido
4935,412,2025-08,Extratos,2025-09-12,2025-09-18,Recebido
4936,412,2025-09,Folha,2025-10-09,2025-10-03,Recebido
4937,412,2025-10,Extratos,2025-10-30,2025-10-31,Recebido
4938,412,2025-11,Folha,2025-12-03,2025-12-02,Recebido
4939,412,2025-12,Extratos,2026-01-12,2026-01-17,Recebido
4940,412,2026-01,Extratos,2026-01-29,2026-02-03,Recebido
4941,412,2026-02,Notas fiscais,2026-03-09,2026-03-07,Recebido
4942,412,2026-03,Extratos,2026-04-06,2026-03-28,Recebido
4943,412,2026-04,Notas fiscais,2026-05-10,2026-05-02,Recebido
4944,412,2026-05,Notas fiscais,2026-06-03,,Pendente
4945,413,2025-07,Notas fiscais,2025-07-02,2025-06-27,Recebido
4946,413,2025-07,Documentos societários,2025-08-08,2025-08-04,Recebido
4947,413,2025-08,Documentos societários,2025-09-05,2025-09-12,Recebido
4948,413,2025-09,Extratos,2025-10-06,,Pendente
4949,413,2025-10,Documentos societários,2025-10-31,2025-11-04,Recebido
4950,413,2025-11,Notas fiscais,2025-11-30,2025-12-01,Recebido
4951,413,2025-12,Documentos societários,2025-12-30,,Pendente
4952,413,2026-01,Extratos,2026-02-10,2026-02-12,Recebido
4953,413,2026-02,Extratos,2026-02-28,2026-02-26,Recebido
4954,413,2026-03,Documentos societários,2026-03-31,2026-03-28,Recebido
4955,413,2026-04,Extratos,2026-05-03,2026-05-07,Recebido
4956,413,2026-05,Folha,2026-06-04,2026-06-11,Recebido
4957,414,2025-07,Folha,2025-07-05,2025-07-10,Recebido
4958,414,2025-07,Folha,2025-08-15,2025-08-08,Recebido
4959,414,2025-08,Notas fiscais,2025-09-04,2025-09-02,Recebido
4960,414,2025-09,Extratos,2025-10-06,2025-10-01,Recebido
4961,414,2025-10,Extratos,2025-11-07,2025-11-05,Recebido
4962,414,2025-11,Documentos societários,2025-12-03,2025-12-09,Recebido
4963,414,2025-12,Documentos societários,2026-01-02,2025-12-27,Recebido
4964,414,2026-01,Folha,2026-01-29,,Pendente
4965,414,2026-02,Extratos,2026-02-28,2026-03-08,Recebido
4966,414,2026-03,Notas fiscais,2026-03-31,2026-03-22,Recebido
4967,414,2026-04,Notas fiscais,2026-05-07,2026-05-09,Recebido
4968,414,2026-05,Extratos,2026-05-31,2026-06-01,Recebido
4969,415,2025-07,Extratos,2025-07-01,2025-06-24,Recebido
4970,415,2025-07,Extratos,2025-08-04,,Pendente
4971,415,2025-08,Folha,2025-09-09,2025-09-03,Recebido
4972,415,2025-09,Documentos societários,2025-10-09,,Pendente
4973,415,2025-10,Notas fiscais,2025-10-30,2025-10-28,Recebido
4974,415,2025-11,Extratos,2025-12-11,2025-12-01,Recebido
4975,415,2025-12,Folha,2026-01-01,2026-01-06,Recebido
4976,415,2026-01,Notas fiscais,2026-02-08,2026-02-12,Recebido
4977,415,2026-02,Notas fiscais,2026-02-27,2026-02-27,Recebido
4978,415,2026-03,Documentos societários,2026-04-04,2026-04-05,Recebido
4979,415,2026-04,Notas fiscais,2026-05-02,2026-05-10,Recebido
4980,415,2026-05,Folha,2026-05-29,2026-05-24,Recebido
4981,416,2025-07,Folha,2025-07-12,2025-07-11,Recebido
4982,416,2025-07,Documentos societários,2025-08-13,2025-08-11,Recebido
4983,416,2025-08,Notas fiscais,2025-08-30,2025-08-24,Recebido
4984,416,2025-09,Extratos,2025-10-11,2025-10-03,Recebido
4985,416,2025-10,Documentos societários,2025-11-04,2025-11-02,Recebido
4986,416,2025-11,Extratos,2025-11-30,2025-12-02,Recebido
4987,416,2025-12,Notas fiscais,2026-01-06,2025-12-30,Recebido
4988,416,2026-01,Folha,2026-02-10,2026-02-09,Recebido
4989,416,2026-02,Documentos societários,2026-03-12,2026-03-21,Recebido
4990,416,2026-03,Extratos,2026-04-04,2026-04-06,Recebido
4991,416,2026-04,Notas fiscais,2026-05-01,2026-05-10,Recebido
4992,416,2026-05,Folha,2026-05-29,2026-05-22,Recebido
4993,417,2025-07,Extratos,2025-07-15,2025-07-22,Recebido
4994,417,2025-07,Documentos societários,2025-08-01,2025-07-29,Recebido
4995,417,2025-08,Documentos societários,2025-09-12,2025-09-14,Recebido
4996,417,2025-09,Notas fiscais,2025-10-11,2025-10-06,Recebido
4997,417,2025-10,Notas fiscais,2025-11-08,2025-10-29,Recebido
4998,417,2025-11,Folha,2025-12-11,2025-12-16,Recebido
4999,417,2025-12,Documentos societários,2026-01-10,,Pendente
5000,417,2026-01,Notas fiscais,2026-01-28,2026-01-27,Recebido
5001,417,2026-02,Extratos,2026-03-09,2026-03-13,Recebido
5002,417,2026-03,Folha,2026-04-07,2026-04-02,Recebido
5003,417,2026-04,Folha,2026-05-08,2026-05-01,Recebido
5004,417,2026-05,Notas fiscais,2026-05-30,2026-06-08,Recebido
5005,418,2025-07,Extratos,2025-07-03,2025-07-11,Recebido
5006,418,2025-07,Folha,2025-08-04,2025-08-03,Recebido
5007,418,2025-08,Folha,2025-09-02,2025-09-10,Recebido
5008,418,2025-09,Notas fiscais,2025-09-29,2025-09-27,Recebido
5009,418,2025-10,Documentos societários,2025-11-08,2025-11-11,Recebido
5010,418,2025-11,Extratos,2025-12-10,2025-12-11,Recebido
5011,418,2025-12,Folha,2026-01-10,2026-01-19,Recebido
5012,418,2026-01,Extratos,2026-01-28,2026-02-06,Recebido
5013,418,2026-02,Documentos societários,2026-03-08,2026-03-11,Recebido
5014,418,2026-03,Extratos,2026-03-30,2026-04-04,Recebido
5015,418,2026-04,Notas fiscais,2026-04-27,2026-05-01,Recebido
5016,418,2026-05,Notas fiscais,2026-06-07,2026-06-03,Recebido
5017,419,2025-07,Folha,2025-07-04,2025-07-08,Recebido
5018,419,2025-07,Notas fiscais,2025-08-15,2025-08-24,Recebido
5019,419,2025-08,Documentos societários,2025-09-10,2025-09-19,Recebido
5020,419,2025-09,Folha,2025-10-10,,Pendente
5021,419,2025-10,Notas fiscais,2025-11-02,,Pendente
5022,419,2025-11,Notas fiscais,2025-12-01,2025-11-27,Recebido
5023,419,2025-12,Notas fiscais,2026-01-11,2026-01-20,Recebido
5024,419,2026-01,Extratos,2026-02-08,2026-02-06,Recebido
5025,419,2026-02,Documentos societários,2026-03-02,2026-03-06,Recebido
5026,419,2026-03,Notas fiscais,2026-03-30,2026-03-30,Recebido
5027,419,2026-04,Extratos,2026-05-04,2026-05-10,Recebido
5028,419,2026-05,Documentos societários,2026-06-07,2026-06-04,Recebido
5029,420,2025-07,Notas fiscais,2025-07-13,2025-07-15,Recebido
5030,420,2025-07,Folha,2025-07-31,,Pendente
5031,420,2025-08,Documentos societários,2025-09-12,2025-09-06,Recebido
5032,420,2025-09,Folha,2025-10-07,,Pendente
5033,420,2025-10,Folha,2025-11-01,2025-11-08,Recebido
5034,420,2025-11,Extratos,2025-12-11,2025-12-12,Recebido
5035,420,2025-12,Documentos societários,2025-12-29,2026-01-05,Recebido
5036,420,2026-01,Documentos societários,2026-02-09,2026-02-04,Recebido
5037,420,2026-02,Documentos societários,2026-03-09,2026-03-04,Recebido
5038,420,2026-03,Extratos,2026-04-12,2026-04-15,Recebido
5039,420,2026-04,Documentos societários,2026-04-28,2026-04-22,Recebido
5040,420,2026-05,Extratos,2026-06-08,2026-06-09,Recebido
5041,421,2025-07,Documentos societários,2025-07-15,2025-07-17,Recebido
5042,421,2025-07,Notas fiscais,2025-08-08,2025-08-05,Recebido
5043,421,2025-08,Notas fiscais,2025-08-31,2025-08-24,Recebido
5044,421,2025-09,Folha,2025-09-29,2025-09-21,Recebido
5045,421,2025-10,Notas fiscais,2025-10-30,2025-10-23,Recebido
5046,421,2025-11,Notas fiscais,2025-12-10,,Pendente
5047,421,2025-12,Notas fiscais,2025-12-30,2026-01-08,Recebido
5048,421,2026-01,Documentos societários,2026-02-06,2026-01-31,Recebido
5049,421,2026-02,Documentos societários,2026-03-04,2026-03-02,Recebido
5050,421,2026-03,Extratos,2026-04-02,2026-04-03,Recebido
5051,421,2026-04,Notas fiscais,2026-05-10,,Pendente
5052,421,2026-05,Folha,2026-06-01,2026-05-24,Recebido
5053,422,2025-07,Extratos,2025-07-06,2025-06-26,Recebido
5054,422,2025-07,Documentos societários,2025-08-02,2025-08-02,Recebido
5055,422,2025-08,Folha,2025-09-12,2025-09-09,Recebido
5056,422,2025-09,Documentos societários,2025-10-09,2025-10-02,Recebido
5057,422,2025-10,Documentos societários,2025-11-09,2025-10-30,Recebido
5058,422,2025-11,Notas fiscais,2025-12-04,2025-11-27,Recebido
5059,422,2025-12,Extratos,2026-01-07,2026-01-16,Recebido
5060,422,2026-01,Documentos societários,2026-01-29,2026-01-26,Recebido
5061,422,2026-02,Folha,2026-03-09,2026-03-02,Recebido
5062,422,2026-03,Notas fiscais,2026-04-12,2026-04-03,Recebido
5063,422,2026-04,Extratos,2026-05-02,2026-05-09,Recebido
5064,422,2026-05,Folha,2026-05-31,2026-05-29,Recebido
5065,423,2025-07,Documentos societários,2025-07-14,2025-07-10,Recebido
5066,423,2025-07,Notas fiscais,2025-08-02,2025-07-28,Recebido
5067,423,2025-08,Extratos,2025-09-08,2025-09-01,Recebido
5068,423,2025-09,Documentos societários,2025-10-10,2025-09-30,Recebido
5069,423,2025-10,Notas fiscais,2025-10-31,2025-10-30,Recebido
5070,423,2025-11,Extratos,2025-12-13,2025-12-13,Recebido
5071,423,2025-12,Folha,2025-12-29,2026-01-03,Recebido
5072,423,2026-01,Notas fiscais,2026-02-01,2026-01-24,Recebido
5073,423,2026-02,Documentos societários,2026-03-12,2026-03-18,Recebido
5074,423,2026-03,Notas fiscais,2026-04-06,2026-04-07,Recebido
5075,423,2026-04,Notas fiscais,2026-05-02,2026-04-30,Recebido
5076,423,2026-05,Documentos societários,2026-06-09,2026-06-14,Recebido
5077,424,2025-07,Folha,2025-07-03,,Pendente
5078,424,2025-07,Notas fiscais,2025-08-12,2025-08-20,Recebido
5079,424,2025-08,Extratos,2025-09-04,,Pendente
5080,424,2025-09,Documentos societários,2025-10-06,2025-10-06,Recebido
5081,424,2025-10,Documentos societários,2025-11-09,2025-11-02,Recebido
5082,424,2025-11,Folha,2025-12-11,2025-12-07,Recebido
5083,424,2025-12,Documentos societários,2025-12-29,2026-01-02,Recebido
5084,424,2026-01,Extratos,2026-01-31,2026-02-05,Recebido
5085,424,2026-02,Folha,2026-02-26,2026-02-24,Recebido
5086,424,2026-03,Notas fiscais,2026-04-05,2026-03-27,Recebido
5087,424,2026-04,Notas fiscais,2026-05-08,,Pendente
5088,424,2026-05,Documentos societários,2026-05-30,2026-05-28,Recebido
5089,425,2025-07,Notas fiscais,2025-07-03,2025-06-30,Recebido
5090,425,2025-07,Notas fiscais,2025-08-07,2025-08-10,Recebido
5091,425,2025-08,Extratos,2025-09-11,2025-09-20,Recebido
5092,425,2025-09,Folha,2025-10-11,2025-10-05,Recebido
5093,425,2025-10,Extratos,2025-11-10,,Pendente
5094,425,2025-11,Extratos,2025-12-13,2025-12-13,Recebido
5095,425,2025-12,Folha,2025-12-30,2025-12-27,Recebido
5096,425,2026-01,Extratos,2026-02-01,2026-01-23,Recebido
5097,425,2026-02,Folha,2026-02-26,2026-02-23,Recebido
5098,425,2026-03,Folha,2026-04-05,2026-04-07,Recebido
5099,425,2026-04,Folha,2026-05-10,2026-05-19,Recebido
5100,425,2026-05,Extratos,2026-05-31,2026-05-25,Recebido
5101,426,2025-07,Extratos,2025-07-16,2025-07-14,Recebido
5102,426,2025-07,Notas fiscais,2025-08-11,2025-08-05,Recebido
5103,426,2025-08,Extratos,2025-09-04,2025-09-12,Recebido
5104,426,2025-09,Folha,2025-10-08,2025-10-02,Recebido
5105,426,2025-10,Documentos societários,2025-11-04,2025-11-01,Recebido
5106,426,2025-11,Notas fiscais,2025-12-04,2025-12-04,Recebido
5107,426,2025-12,Extratos,2026-01-03,2026-01-07,Recebido
5108,426,2026-01,Folha,2026-01-28,2026-01-19,Recebido
5109,426,2026-02,Notas fiscais,2026-03-08,2026-03-01,Recebido
5110,426,2026-03,Notas fiscais,2026-04-09,,Pendente
5111,426,2026-04,Folha,2026-04-29,2026-04-26,Recebido
5112,426,2026-05,Folha,2026-06-11,2026-06-06,Recebido
5113,427,2025-07,Documentos societários,2025-07-04,2025-07-05,Recebido
5114,427,2025-07,Documentos societários,2025-08-08,2025-08-04,Recebido
5115,427,2025-08,Folha,2025-09-03,2025-09-03,Recebido
5116,427,2025-09,Notas fiscais,2025-10-02,2025-09-28,Recebido
5117,427,2025-10,Documentos societários,2025-11-06,,Pendente
5118,427,2025-11,Folha,2025-11-29,2025-11-30,Recebido
5119,427,2025-12,Extratos,2026-01-03,2026-01-05,Recebido
5120,427,2026-01,Folha,2026-01-28,2026-01-30,Recebido
5121,427,2026-02,Notas fiscais,2026-03-12,2026-03-16,Recebido
5122,427,2026-03,Notas fiscais,2026-04-12,2026-04-02,Recebido
5123,427,2026-04,Extratos,2026-05-09,2026-05-16,Recebido
5124,427,2026-05,Extratos,2026-06-07,,Pendente
5125,428,2025-07,Notas fiscais,2025-07-14,2025-07-23,Recebido
5126,428,2025-07,Documentos societários,2025-08-06,2025-08-11,Recebido
5127,428,2025-08,Extratos,2025-09-07,,Pendente
5128,428,2025-09,Extratos,2025-09-30,2025-09-28,Recebido
5129,428,2025-10,Notas fiscais,2025-11-02,2025-10-23,Recebido
5130,428,2025-11,Notas fiscais,2025-11-30,2025-12-06,Recebido
5131,428,2025-12,Extratos,2026-01-10,,Pendente
5132,428,2026-01,Documentos societários,2026-02-11,2026-02-04,Recebido
5133,428,2026-02,Documentos societários,2026-03-09,,Pendente
5134,428,2026-03,Notas fiscais,2026-04-09,2026-04-08,Recebido
5135,428,2026-04,Extratos,2026-05-08,2026-05-17,Recebido
5136,428,2026-05,Extratos,2026-05-31,2026-05-30,Recebido
5137,429,2025-07,Documentos societários,2025-07-05,2025-07-02,Recebido
5138,429,2025-07,Folha,2025-08-05,2025-08-08,Recebido
5139,429,2025-08,Notas fiscais,2025-09-11,2025-09-15,Recebido
5140,429,2025-09,Folha,2025-09-29,2025-10-07,Recebido
5141,429,2025-10,Documentos societários,2025-11-11,2025-11-08,Recebido
5142,429,2025-11,Folha,2025-12-13,,Pendente
5143,429,2025-12,Extratos,2026-01-05,2026-01-06,Recebido
5144,429,2026-01,Notas fiscais,2026-02-10,2026-02-16,Recebido
5145,429,2026-02,Notas fiscais,2026-03-13,2026-03-14,Recebido
5146,429,2026-03,Documentos societários,2026-04-02,2026-04-02,Recebido
5147,429,2026-04,Folha,2026-05-10,2026-05-07,Recebido
5148,429,2026-05,Folha,2026-06-02,2026-05-31,Recebido
5149,430,2025-07,Extratos,2025-07-11,2025-07-06,Recebido
5150,430,2025-07,Documentos societários,2025-08-13,2025-08-21,Recebido
5151,430,2025-08,Extratos,2025-09-04,2025-08-31,Recebido
5152,430,2025-09,Notas fiscais,2025-09-30,2025-09-20,Recebido
5153,430,2025-10,Notas fiscais,2025-10-30,,Pendente
5154,430,2025-11,Notas fiscais,2025-12-09,2025-12-09,Recebido
5155,430,2025-12,Notas fiscais,2026-01-02,2025-12-25,Recebido
5156,430,2026-01,Notas fiscais,2026-01-30,2026-01-23,Recebido
5157,430,2026-02,Extratos,2026-03-06,,Pendente
5158,430,2026-03,Documentos societários,2026-04-01,2026-04-09,Recebido
5159,430,2026-04,Notas fiscais,2026-05-12,2026-05-21,Recebido
5160,430,2026-05,Extratos,2026-05-31,2026-05-31,Recebido
5161,431,2025-07,Folha,2025-07-09,2025-07-08,Recebido
5162,431,2025-07,Folha,2025-08-15,2025-08-09,Recebido
5163,431,2025-08,Folha,2025-09-09,2025-09-07,Recebido
5164,431,2025-09,Documentos societários,2025-10-06,,Pendente
5165,431,2025-10,Extratos,2025-11-07,2025-11-15,Recebido
5166,431,2025-11,Documentos societários,2025-12-08,2025-12-13,Recebido
5167,431,2025-12,Folha,2026-01-11,2026-01-05,Recebido
5168,431,2026-01,Extratos,2026-02-02,2026-01-25,Recebido
5169,431,2026-02,Folha,2026-03-12,2026-03-17,Recebido
5170,431,2026-03,Extratos,2026-04-12,2026-04-08,Recebido
5171,431,2026-04,Notas fiscais,2026-05-02,2026-05-04,Recebido
5172,431,2026-05,Documentos societários,2026-06-08,2026-06-07,Recebido
5173,432,2025-07,Notas fiscais,2025-07-02,2025-07-04,Recebido
5174,432,2025-07,Documentos societários,2025-08-07,2025-08-03,Recebido
5175,432,2025-08,Documentos societários,2025-09-12,2025-09-13,Recebido
5176,432,2025-09,Notas fiscais,2025-10-03,2025-10-04,Recebido
5177,432,2025-10,Extratos,2025-11-09,2025-11-15,Recebido
5178,432,2025-11,Notas fiscais,2025-12-05,2025-12-03,Recebido
5179,432,2025-12,Folha,2026-01-01,2026-01-08,Recebido
5180,432,2026-01,Documentos societários,2026-02-11,2026-02-12,Recebido
5181,432,2026-02,Folha,2026-03-10,2026-03-07,Recebido
5182,432,2026-03,Folha,2026-03-31,,Pendente
5183,432,2026-04,Notas fiscais,2026-05-07,,Pendente
5184,432,2026-05,Folha,2026-06-08,,Pendente
5185,433,2025-07,Documentos societários,2025-07-03,2025-07-12,Recebido
5186,433,2025-07,Extratos,2025-08-12,2025-08-04,Recebido
5187,433,2025-08,Notas fiscais,2025-09-01,2025-09-03,Recebido
5188,433,2025-09,Folha,2025-10-12,2025-10-10,Recebido
5189,433,2025-10,Extratos,2025-11-12,2025-11-14,Recebido
5190,433,2025-11,Folha,2025-11-28,,Pendente
5191,433,2025-12,Notas fiscais,2025-12-29,2025-12-19,Recebido
5192,433,2026-01,Folha,2026-02-04,2026-02-10,Recebido
5193,433,2026-02,Folha,2026-03-10,2026-03-09,Recebido
5194,433,2026-03,Notas fiscais,2026-04-06,2026-04-08,Recebido
5195,433,2026-04,Notas fiscais,2026-05-01,2026-04-30,Recebido
5196,433,2026-05,Notas fiscais,2026-05-28,2026-05-30,Recebido
5197,434,2025-07,Folha,2025-07-12,2025-07-08,Recebido
5198,434,2025-07,Documentos societários,2025-08-12,2025-08-20,Recebido
5199,434,2025-08,Notas fiscais,2025-09-05,2025-09-11,Recebido
5200,434,2025-09,Folha,2025-10-01,2025-09-22,Recebido
5201,434,2025-10,Notas fiscais,2025-11-01,2025-10-22,Recebido
5202,434,2025-11,Documentos societários,2025-12-04,2025-11-27,Recebido
5203,434,2025-12,Documentos societários,2025-12-29,2025-12-25,Recebido
5204,434,2026-01,Notas fiscais,2026-02-07,2026-02-03,Recebido
5205,434,2026-02,Notas fiscais,2026-02-28,2026-03-02,Recebido
5206,434,2026-03,Documentos societários,2026-04-10,2026-04-03,Recebido
5207,434,2026-04,Folha,2026-04-28,,Pendente
5208,434,2026-05,Documentos societários,2026-05-30,,Pendente
5209,435,2025-07,Extratos,2025-07-14,2025-07-15,Recebido
5210,435,2025-07,Notas fiscais,2025-08-03,2025-08-07,Recebido
5211,435,2025-08,Documentos societários,2025-09-06,2025-09-03,Recebido
5212,435,2025-09,Extratos,2025-10-06,2025-10-13,Recebido
5213,435,2025-10,Documentos societários,2025-11-12,2025-11-03,Recebido
5214,435,2025-11,Folha,2025-12-11,2025-12-03,Recebido
5215,435,2025-12,Extratos,2025-12-29,2025-12-24,Recebido
5216,435,2026-01,Notas fiscais,2026-02-01,2026-01-28,Recebido
5217,435,2026-02,Extratos,2026-03-09,2026-03-12,Recebido
5218,435,2026-03,Notas fiscais,2026-04-06,2026-04-02,Recebido
5219,435,2026-04,Extratos,2026-05-12,2026-05-12,Recebido
5220,435,2026-05,Folha,2026-06-06,2026-05-27,Recebido
5221,436,2025-07,Notas fiscais,2025-07-07,2025-07-15,Recebido
5222,436,2025-07,Notas fiscais,2025-08-04,2025-07-30,Recebido
5223,436,2025-08,Documentos societários,2025-09-12,2025-09-09,Recebido
5224,436,2025-09,Notas fiscais,2025-10-08,2025-10-11,Recebido
5225,436,2025-10,Documentos societários,2025-11-11,2025-11-04,Recebido
5226,436,2025-11,Documentos societários,2025-12-01,2025-11-27,Recebido
5227,436,2025-12,Extratos,2026-01-02,2025-12-27,Recebido
5228,436,2026-01,Notas fiscais,2026-02-11,,Pendente
5229,436,2026-02,Notas fiscais,2026-03-12,2026-03-12,Recebido
5230,436,2026-03,Folha,2026-04-03,2026-04-07,Recebido
5231,436,2026-04,Extratos,2026-05-01,2026-05-08,Recebido
5232,436,2026-05,Folha,2026-06-06,2026-06-09,Recebido
5233,437,2025-07,Folha,2025-07-14,,Pendente
5234,437,2025-07,Documentos societários,2025-08-14,2025-08-19,Recebido
5235,437,2025-08,Folha,2025-09-11,2025-09-14,Recebido
5236,437,2025-09,Documentos societários,2025-10-05,2025-10-01,Recebido
5237,437,2025-10,Extratos,2025-11-11,,Pendente
5238,437,2025-11,Documentos societários,2025-11-28,2025-11-22,Recebido
5239,437,2025-12,Extratos,2026-01-03,2025-12-28,Recebido
5240,437,2026-01,Folha,2026-02-04,2026-01-30,Recebido
5241,437,2026-02,Notas fiscais,2026-02-28,,Pendente
5242,437,2026-03,Documentos societários,2026-04-10,2026-04-13,Recebido
5243,437,2026-04,Documentos societários,2026-05-08,2026-05-04,Recebido
5244,437,2026-05,Notas fiscais,2026-05-30,2026-06-03,Recebido
5245,438,2025-07,Documentos societários,2025-07-09,2025-07-06,Recebido
5246,438,2025-07,Folha,2025-08-14,,Pendente
5247,438,2025-08,Notas fiscais,2025-09-11,2025-09-18,Recebido
5248,438,2025-09,Extratos,2025-10-03,2025-10-04,Recebido
5249,438,2025-10,Folha,2025-11-10,,Pendente
5250,438,2025-11,Notas fiscais,2025-12-13,2025-12-05,Recebido
5251,438,2025-12,Notas fiscais,2025-12-28,2025-12-26,Recebido
5252,438,2026-01,Documentos societários,2026-01-29,2026-02-06,Recebido
5253,438,2026-02,Folha,2026-03-11,2026-03-08,Recebido
5254,438,2026-03,Documentos societários,2026-04-09,2026-03-30,Recebido
5255,438,2026-04,Extratos,2026-05-01,2026-04-30,Recebido
5256,438,2026-05,Extratos,2026-06-09,2026-06-09,Recebido
5257,439,2025-07,Notas fiscais,2025-07-01,2025-06-26,Recebido
5258,439,2025-07,Folha,2025-08-14,2025-08-14,Recebido
5259,439,2025-08,Extratos,2025-09-04,2025-09-06,Recebido
5260,439,2025-09,Documentos societários,2025-10-07,2025-10-01,Recebido
5261,439,2025-10,Extratos,2025-11-09,2025-11-02,Recebido
5262,439,2025-11,Notas fiscais,2025-12-04,2025-12-04,Recebido
5263,439,2025-12,Notas fiscais,2026-01-02,2026-01-06,Recebido
5264,439,2026-01,Folha,2026-01-28,2026-01-30,Recebido
5265,439,2026-02,Notas fiscais,2026-03-07,2026-03-02,Recebido
5266,439,2026-03,Folha,2026-04-01,2026-03-25,Recebido
5267,439,2026-04,Documentos societários,2026-05-03,,Pendente
5268,439,2026-05,Notas fiscais,2026-05-28,2026-06-02,Recebido
5269,440,2025-07,Extratos,2025-07-15,2025-07-24,Recebido
5270,440,2025-07,Notas fiscais,2025-08-01,2025-08-05,Recebido
5271,440,2025-08,Notas fiscais,2025-09-09,2025-09-16,Recebido
5272,440,2025-09,Extratos,2025-10-06,2025-10-06,Recebido
5273,440,2025-10,Notas fiscais,2025-11-01,2025-11-05,Recebido
5274,440,2025-11,Notas fiscais,2025-12-04,2025-11-29,Recebido
5275,440,2025-12,Notas fiscais,2026-01-10,,Pendente
5276,440,2026-01,Extratos,2026-02-05,,Pendente
5277,440,2026-02,Folha,2026-03-11,2026-03-03,Recebido
5278,440,2026-03,Folha,2026-03-29,2026-04-02,Recebido
5279,440,2026-04,Folha,2026-04-28,2026-04-30,Recebido
5280,440,2026-05,Notas fiscais,2026-06-06,2026-06-03,Recebido
5281,441,2025-07,Documentos societários,2025-07-01,2025-06-29,Recebido
5282,441,2025-07,Folha,2025-08-04,2025-07-29,Recebido
5283,441,2025-08,Extratos,2025-09-11,2025-09-12,Recebido
5284,441,2025-09,Folha,2025-10-11,2025-10-19,Recebido
5285,441,2025-10,Documentos societários,2025-11-07,2025-10-29,Recebido
5286,441,2025-11,Documentos societários,2025-12-11,2025-12-01,Recebido
5287,441,2025-12,Notas fiscais,2026-01-03,2026-01-05,Recebido
5288,441,2026-01,Documentos societários,2026-02-11,2026-02-19,Recebido
5289,441,2026-02,Folha,2026-02-26,2026-03-03,Recebido
5290,441,2026-03,Notas fiscais,2026-04-10,2026-04-17,Recebido
5291,441,2026-04,Documentos societários,2026-05-08,2026-05-05,Recebido
5292,441,2026-05,Notas fiscais,2026-06-05,2026-06-14,Recebido
5293,442,2025-07,Documentos societários,2025-07-02,2025-06-22,Recebido
5294,442,2025-07,Extratos,2025-08-02,2025-08-09,Recebido
5295,442,2025-08,Notas fiscais,2025-09-08,2025-09-05,Recebido
5296,442,2025-09,Folha,2025-10-03,2025-09-28,Recebido
5297,442,2025-10,Folha,2025-11-04,2025-10-25,Recebido
5298,442,2025-11,Documentos societários,2025-12-05,2025-11-28,Recebido
5299,442,2025-12,Extratos,2026-01-01,2026-01-05,Recebido
5300,442,2026-01,Documentos societários,2026-01-27,2026-02-02,Recebido
5301,442,2026-02,Extratos,2026-02-26,2026-03-05,Recebido
5302,442,2026-03,Notas fiscais,2026-03-30,2026-03-21,Recebido
5303,442,2026-04,Documentos societários,2026-05-11,2026-05-15,Recebido
5304,442,2026-05,Extratos,2026-06-10,2026-06-16,Recebido
5305,443,2025-07,Notas fiscais,2025-07-07,2025-07-16,Recebido
5306,443,2025-07,Extratos,2025-08-08,2025-08-13,Recebido
5307,443,2025-08,Extratos,2025-08-30,,Pendente
5308,443,2025-09,Documentos societários,2025-10-09,,Pendente
5309,443,2025-10,Documentos societários,2025-11-11,2025-11-08,Recebido
5310,443,2025-11,Documentos societários,2025-12-08,2025-12-11,Recebido
5311,443,2025-12,Extratos,2026-01-07,2026-01-10,Recebido
5312,443,2026-01,Extratos,2026-02-02,2026-02-04,Recebido
5313,443,2026-02,Documentos societários,2026-03-08,2026-03-03,Recebido
5314,443,2026-03,Documentos societários,2026-04-06,2026-04-08,Recebido
5315,443,2026-04,Extratos,2026-05-03,2026-04-26,Recebido
5316,443,2026-05,Documentos societários,2026-06-04,2026-06-10,Recebido
5317,444,2025-07,Folha,2025-07-09,2025-07-05,Recebido
5318,444,2025-07,Notas fiscais,2025-08-04,,Pendente
5319,444,2025-08,Extratos,2025-09-02,2025-08-24,Recebido
5320,444,2025-09,Extratos,2025-10-04,2025-10-03,Recebido
5321,444,2025-10,Documentos societários,2025-10-30,2025-10-20,Recebido
5322,444,2025-11,Documentos societários,2025-12-07,2025-12-06,Recebido
5323,444,2025-12,Notas fiscais,2026-01-12,2026-01-08,Recebido
5324,444,2026-01,Folha,2026-02-08,2026-02-03,Recebido
5325,444,2026-02,Extratos,2026-03-10,2026-03-15,Recebido
5326,444,2026-03,Notas fiscais,2026-04-07,2026-04-01,Recebido
5327,444,2026-04,Documentos societários,2026-04-27,2026-04-18,Recebido
5328,444,2026-05,Documentos societários,2026-06-10,2026-06-13,Recebido
5329,445,2025-07,Notas fiscais,2025-07-09,2025-07-01,Recebido
5330,445,2025-07,Notas fiscais,2025-08-13,2025-08-18,Recebido
5331,445,2025-08,Folha,2025-09-04,2025-09-01,Recebido
5332,445,2025-09,Notas fiscais,2025-10-14,2025-10-21,Recebido
5333,445,2025-10,Notas fiscais,2025-11-06,2025-11-06,Recebido
5334,445,2025-11,Extratos,2025-12-08,2025-12-16,Recebido
5335,445,2025-12,Documentos societários,2026-01-03,2025-12-31,Recebido
5336,445,2026-01,Extratos,2026-02-02,2026-01-27,Recebido
5337,445,2026-02,Documentos societários,2026-02-28,2026-03-05,Recebido
5338,445,2026-03,Folha,2026-04-07,,Pendente
5339,445,2026-04,Notas fiscais,2026-05-04,2026-05-02,Recebido
5340,445,2026-05,Extratos,2026-06-07,2026-05-28,Recebido
5341,446,2025-07,Folha,2025-07-07,2025-07-12,Recebido
5342,446,2025-07,Notas fiscais,2025-08-01,2025-08-04,Recebido
5343,446,2025-08,Extratos,2025-09-06,2025-08-28,Recebido
5344,446,2025-09,Documentos societários,2025-10-09,2025-10-17,Recebido
5345,446,2025-10,Folha,2025-11-11,2025-11-19,Recebido
5346,446,2025-11,Notas fiscais,2025-12-13,2025-12-12,Recebido
5347,446,2025-12,Notas fiscais,2025-12-31,2025-12-29,Recebido
5348,446,2026-01,Notas fiscais,2026-02-06,2026-01-31,Recebido
5349,446,2026-02,Extratos,2026-02-26,2026-03-04,Recebido
5350,446,2026-03,Extratos,2026-04-01,2026-03-30,Recebido
5351,446,2026-04,Documentos societários,2026-04-28,2026-05-01,Recebido
5352,446,2026-05,Documentos societários,2026-06-10,2026-06-08,Recebido
5353,447,2025-07,Notas fiscais,2025-07-03,,Pendente
5354,447,2025-07,Folha,2025-08-15,2025-08-11,Recebido
5355,447,2025-08,Documentos societários,2025-09-04,2025-09-03,Recebido
5356,447,2025-09,Notas fiscais,2025-09-30,2025-10-01,Recebido
5357,447,2025-10,Extratos,2025-11-12,2025-11-16,Recebido
5358,447,2025-11,Documentos societários,2025-11-30,2025-11-24,Recebido
5359,447,2025-12,Extratos,2026-01-03,2026-01-03,Recebido
5360,447,2026-01,Folha,2026-02-04,2026-01-29,Recebido
5361,447,2026-02,Extratos,2026-03-07,2026-03-12,Recebido
5362,447,2026-03,Documentos societários,2026-04-09,2026-04-18,Recebido
5363,447,2026-04,Notas fiscais,2026-05-11,2026-05-16,Recebido
5364,447,2026-05,Documentos societários,2026-06-06,2026-06-02,Recebido
5365,448,2025-07,Documentos societários,2025-07-12,2025-07-12,Recebido
5366,448,2025-07,Notas fiscais,2025-08-01,,Pendente
5367,448,2025-08,Notas fiscais,2025-09-02,,Pendente
5368,448,2025-09,Folha,2025-09-30,2025-10-05,Recebido
5369,448,2025-10,Extratos,2025-11-10,2025-11-12,Recebido
5370,448,2025-11,Notas fiscais,2025-12-12,2025-12-13,Recebido
5371,448,2025-12,Documentos societários,2026-01-11,2026-01-16,Recebido
5372,448,2026-01,Documentos societários,2026-01-31,2026-01-26,Recebido
5373,448,2026-02,Notas fiscais,2026-02-27,2026-02-20,Recebido
5374,448,2026-03,Documentos societários,2026-03-29,2026-03-28,Recebido
5375,448,2026-04,Documentos societários,2026-05-10,2026-05-18,Recebido
5376,448,2026-05,Documentos societários,2026-06-08,2026-06-09,Recebido
5377,449,2025-07,Documentos societários,2025-07-16,2025-07-25,Recebido
5378,449,2025-07,Extratos,2025-08-07,2025-08-08,Recebido
5379,449,2025-08,Documentos societários,2025-08-31,2025-08-27,Recebido
5380,449,2025-09,Folha,2025-10-05,2025-10-13,Recebido
5381,449,2025-10,Extratos,2025-11-08,2025-11-04,Recebido
5382,449,2025-11,Documentos societários,2025-11-30,2025-11-26,Recebido
5383,449,2025-12,Documentos societários,2026-01-04,2025-12-29,Recebido
5384,449,2026-01,Folha,2026-02-09,2026-02-06,Recebido
5385,449,2026-02,Documentos societários,2026-03-08,2026-03-15,Recebido
5386,449,2026-03,Extratos,2026-03-28,2026-04-06,Recebido
5387,449,2026-04,Folha,2026-05-12,2026-05-12,Recebido
5388,449,2026-05,Folha,2026-06-07,,Pendente
5389,450,2025-07,Documentos societários,2025-07-12,2025-07-13,Recebido
5390,450,2025-07,Notas fiscais,2025-08-03,2025-08-10,Recebido
5391,450,2025-08,Notas fiscais,2025-09-02,2025-09-05,Recebido
5392,450,2025-09,Extratos,2025-10-12,,Pendente
5393,450,2025-10,Folha,2025-11-02,,Pendente
5394,450,2025-11,Extratos,2025-12-06,2025-12-15,Recebido
5395,450,2025-12,Folha,2025-12-29,2025-12-28,Recebido
5396,450,2026-01,Extratos,2026-02-07,2026-02-13,Recebido
5397,450,2026-02,Extratos,2026-03-07,2026-03-10,Recebido
5398,450,2026-03,Folha,2026-03-30,2026-03-26,Recebido
5399,450,2026-04,Extratos,2026-05-07,2026-05-01,Recebido
5400,450,2026-05,Extratos,2026-06-11,2026-06-15,Recebido
5401,451,2025-07,Folha,2025-07-16,2025-07-17,Recebido
5402,451,2025-07,Extratos,2025-08-10,2025-08-12,Recebido
5403,451,2025-08,Notas fiscais,2025-09-03,2025-08-31,Recebido
5404,451,2025-09,Folha,2025-10-08,2025-10-17,Recebido
5405,451,2025-10,Notas fiscais,2025-11-04,2025-11-08,Recebido
5406,451,2025-11,Notas fiscais,2025-12-10,,Pendente
5407,451,2025-12,Documentos societários,2026-01-10,,Pendente
5408,451,2026-01,Extratos,2026-01-29,2026-01-20,Recebido
5409,451,2026-02,Extratos,2026-02-26,,Pendente
5410,451,2026-03,Extratos,2026-04-05,2026-04-02,Recebido
5411,451,2026-04,Documentos societários,2026-05-05,,Pendente
5412,451,2026-05,Folha,2026-06-11,2026-06-18,Recebido
5413,452,2025-07,Folha,2025-07-07,2025-07-04,Recebido
5414,452,2025-07,Documentos societários,2025-08-14,2025-08-07,Recebido
5415,452,2025-08,Folha,2025-08-31,2025-08-31,Recebido
5416,452,2025-09,Folha,2025-10-06,2025-10-07,Recebido
5417,452,2025-10,Extratos,2025-11-04,2025-11-08,Recebido
5418,452,2025-11,Documentos societários,2025-12-13,2025-12-04,Recebido
5419,452,2025-12,Documentos societários,2026-01-10,2026-01-16,Recebido
5420,452,2026-01,Folha,2026-02-08,2026-02-04,Recebido
5421,452,2026-02,Extratos,2026-03-06,,Pendente
5422,452,2026-03,Folha,2026-04-10,2026-04-08,Recebido
5423,452,2026-04,Folha,2026-05-05,2026-05-09,Recebido
5424,452,2026-05,Folha,2026-05-27,2026-06-02,Recebido
5425,453,2025-07,Extratos,2025-07-12,2025-07-06,Recebido
5426,453,2025-07,Extratos,2025-08-07,2025-08-10,Recebido
5427,453,2025-08,Notas fiscais,2025-09-02,2025-09-09,Recebido
5428,453,2025-09,Documentos societários,2025-10-11,2025-10-06,Recebido
5429,453,2025-10,Notas fiscais,2025-11-08,2025-10-31,Recebido
5430,453,2025-11,Notas fiscais,2025-11-29,2025-12-06,Recebido
5431,453,2025-12,Folha,2026-01-09,2026-01-10,Recebido
5432,453,2026-01,Extratos,2026-02-09,2026-02-16,Recebido
5433,453,2026-02,Documentos societários,2026-02-28,2026-02-25,Recebido
5434,453,2026-03,Documentos societários,2026-03-28,2026-03-30,Recebido
5435,453,2026-04,Documentos societários,2026-05-04,2026-05-12,Recebido
5436,453,2026-05,Folha,2026-06-09,,Pendente
5437,454,2025-07,Documentos societários,2025-07-07,2025-07-11,Recebido
5438,454,2025-07,Notas fiscais,2025-08-12,2025-08-05,Recebido
5439,454,2025-08,Extratos,2025-09-11,2025-09-12,Recebido
5440,454,2025-09,Folha,2025-10-07,2025-10-04,Recebido
5441,454,2025-10,Extratos,2025-11-07,2025-10-28,Recebido
5442,454,2025-11,Extratos,2025-12-09,2025-12-03,Recebido
5443,454,2025-12,Notas fiscais,2026-01-12,2026-01-04,Recebido
5444,454,2026-01,Notas fiscais,2026-01-29,2026-01-26,Recebido
5445,454,2026-02,Folha,2026-03-09,2026-03-05,Recebido
5446,454,2026-03,Folha,2026-04-04,2026-04-08,Recebido
5447,454,2026-04,Documentos societários,2026-05-12,2026-05-15,Recebido
5448,454,2026-05,Extratos,2026-05-30,2026-06-03,Recebido
5449,455,2025-07,Extratos,2025-07-01,2025-06-25,Recebido
5450,455,2025-07,Documentos societários,2025-08-03,,Pendente
5451,455,2025-08,Extratos,2025-09-13,2025-09-20,Recebido
5452,455,2025-09,Folha,2025-10-08,2025-10-04,Recebido
5453,455,2025-10,Notas fiscais,2025-11-12,2025-11-20,Recebido
5454,455,2025-11,Notas fiscais,2025-12-11,2025-12-09,Recebido
5455,455,2025-12,Notas fiscais,2025-12-30,2025-12-29,Recebido
5456,455,2026-01,Documentos societários,2026-01-30,2026-01-22,Recebido
5457,455,2026-02,Extratos,2026-03-05,2026-03-01,Recebido
5458,455,2026-03,Documentos societários,2026-04-03,2026-04-09,Recebido
5459,455,2026-04,Notas fiscais,2026-05-08,2026-05-01,Recebido
5460,455,2026-05,Extratos,2026-06-04,2026-05-29,Recebido
5461,456,2025-07,Documentos societários,2025-07-12,2025-07-02,Recebido
5462,456,2025-07,Documentos societários,2025-08-14,,Pendente
5463,456,2025-08,Extratos,2025-08-31,2025-09-04,Recebido
5464,456,2025-09,Extratos,2025-10-10,2025-10-18,Recebido
5465,456,2025-10,Extratos,2025-10-29,2025-10-19,Recebido
5466,456,2025-11,Notas fiscais,2025-11-29,,Pendente
5467,456,2025-12,Folha,2026-01-02,2026-01-03,Recebido
5468,456,2026-01,Extratos,2026-02-09,,Pendente
5469,456,2026-02,Extratos,2026-02-28,2026-03-02,Recebido
5470,456,2026-03,Notas fiscais,2026-04-11,2026-04-05,Recebido
5471,456,2026-04,Extratos,2026-05-12,2026-05-17,Recebido
5472,456,2026-05,Folha,2026-05-28,,Pendente
5473,457,2025-07,Extratos,2025-07-13,2025-07-18,Recebido
5474,457,2025-07,Folha,2025-08-03,2025-07-27,Recebido
5475,457,2025-08,Notas fiscais,2025-09-07,2025-09-01,Recebido
5476,457,2025-09,Documentos societários,2025-10-09,2025-10-08,Recebido
5477,457,2025-10,Extratos,2025-10-29,2025-10-21,Recebido
5478,457,2025-11,Notas fiscais,2025-12-04,2025-11-26,Recebido
5479,457,2025-12,Folha,2026-01-10,2026-01-01,Recebido
5480,457,2026-01,Notas fiscais,2026-01-28,,Pendente
5481,457,2026-02,Documentos societários,2026-03-07,2026-02-26,Recebido
5482,457,2026-03,Extratos,2026-04-11,2026-04-02,Recebido
5483,457,2026-04,Documentos societários,2026-05-04,2026-05-05,Recebido
5484,457,2026-05,Documentos societários,2026-06-11,2026-06-03,Recebido
5485,458,2025-07,Extratos,2025-07-11,2025-07-20,Recebido
5486,458,2025-07,Folha,2025-08-11,,Pendente
5487,458,2025-08,Folha,2025-09-03,2025-08-25,Recebido
5488,458,2025-09,Notas fiscais,2025-10-09,2025-10-15,Recebido
5489,458,2025-10,Folha,2025-11-04,2025-11-06,Recebido
5490,458,2025-11,Notas fiscais,2025-12-08,2025-12-15,Recebido
5491,458,2025-12,Notas fiscais,2026-01-11,2026-01-02,Recebido
5492,458,2026-01,Extratos,2026-02-06,2026-02-15,Recebido
5493,458,2026-02,Notas fiscais,2026-03-03,,Pendente
5494,458,2026-03,Documentos societários,2026-04-08,2026-04-12,Recebido
5495,458,2026-04,Notas fiscais,2026-05-04,2026-04-30,Recebido
5496,458,2026-05,Extratos,2026-05-28,2026-05-27,Recebido
5497,459,2025-07,Extratos,2025-07-02,2025-07-11,Recebido
5498,459,2025-07,Notas fiscais,2025-08-06,2025-08-14,Recebido
5499,459,2025-08,Extratos,2025-09-03,2025-09-02,Recebido
5500,459,2025-09,Notas fiscais,2025-10-06,2025-09-28,Recebido
5501,459,2025-10,Notas fiscais,2025-11-03,2025-11-04,Recebido
5502,459,2025-11,Documentos societários,2025-12-12,2025-12-02,Recebido
5503,459,2025-12,Extratos,2025-12-28,,Pendente
5504,459,2026-01,Documentos societários,2026-01-31,2026-02-01,Recebido
5505,459,2026-02,Notas fiscais,2026-02-28,2026-03-08,Recebido
5506,459,2026-03,Extratos,2026-03-28,,Pendente
5507,459,2026-04,Folha,2026-05-03,,Pendente
5508,459,2026-05,Folha,2026-06-05,2026-06-01,Recebido
5509,460,2025-07,Extratos,2025-07-01,2025-07-01,Recebido
5510,460,2025-07,Documentos societários,2025-08-09,2025-07-31,Recebido
5511,460,2025-08,Folha,2025-09-01,,Pendente
5512,460,2025-09,Notas fiscais,2025-10-09,2025-10-07,Recebido
5513,460,2025-10,Notas fiscais,2025-11-13,2025-11-22,Recebido
5514,460,2025-11,Notas fiscais,2025-11-28,,Pendente
5515,460,2025-12,Documentos societários,2026-01-02,2026-01-10,Recebido
5516,460,2026-01,Documentos societários,2026-02-09,2026-01-31,Recebido
5517,460,2026-02,Notas fiscais,2026-03-01,2026-02-25,Recebido
5518,460,2026-03,Notas fiscais,2026-04-12,2026-04-05,Recebido
5519,460,2026-04,Notas fiscais,2026-05-11,2026-05-20,Recebido
5520,460,2026-05,Notas fiscais,2026-06-08,2026-06-07,Recebido
5521,461,2025-07,Folha,2025-07-13,,Pendente
5522,461,2025-07,Extratos,2025-08-05,2025-08-11,Recebido
5523,461,2025-08,Documentos societários,2025-09-04,2025-09-07,Recebido
5524,461,2025-09,Notas fiscais,2025-10-08,2025-10-07,Recebido
5525,461,2025-10,Extratos,2025-11-04,,Pendente
5526,461,2025-11,Documentos societários,2025-12-11,2025-12-10,Recebido
5527,461,2025-12,Extratos,2026-01-09,2026-01-10,Recebido
5528,461,2026-01,Documentos societários,2026-02-07,2026-02-16,Recebido
5529,461,2026-02,Extratos,2026-03-08,,Pendente
5530,461,2026-03,Extratos,2026-03-30,2026-04-02,Recebido
5531,461,2026-04,Documentos societários,2026-04-28,2026-04-28,Recebido
5532,461,2026-05,Notas fiscais,2026-06-10,2026-06-15,Recebido
5533,462,2025-07,Folha,2025-07-10,2025-07-03,Recebido
5534,462,2025-07,Notas fiscais,2025-08-07,2025-08-15,Recebido
5535,462,2025-08,Documentos societários,2025-09-06,2025-09-13,Recebido
5536,462,2025-09,Notas fiscais,2025-10-07,2025-09-30,Recebido
5537,462,2025-10,Folha,2025-11-12,2025-11-18,Recebido
5538,462,2025-11,Extratos,2025-12-12,2025-12-18,Recebido
5539,462,2025-12,Extratos,2026-01-07,2026-01-02,Recebido
5540,462,2026-01,Documentos societários,2026-02-01,2026-02-06,Recebido
5541,462,2026-02,Documentos societários,2026-03-13,2026-03-12,Recebido
5542,462,2026-03,Extratos,2026-03-28,2026-03-23,Recebido
5543,462,2026-04,Documentos societários,2026-05-05,,Pendente
5544,462,2026-05,Notas fiscais,2026-06-02,2026-06-04,Recebido
5545,463,2025-07,Documentos societários,2025-07-04,2025-07-10,Recebido
5546,463,2025-07,Documentos societários,2025-08-15,2025-08-18,Recebido
5547,463,2025-08,Documentos societários,2025-08-30,2025-09-03,Recebido
5548,463,2025-09,Extratos,2025-10-01,2025-10-04,Recebido
5549,463,2025-10,Extratos,2025-11-06,2025-11-14,Recebido
5550,463,2025-11,Documentos societários,2025-12-06,2025-12-12,Recebido
5551,463,2025-12,Notas fiscais,2026-01-01,2025-12-24,Recebido
5552,463,2026-01,Folha,2026-02-09,,Pendente
5553,463,2026-02,Notas fiscais,2026-03-05,2026-03-13,Recebido
5554,463,2026-03,Extratos,2026-04-12,,Pendente
5555,463,2026-04,Folha,2026-05-05,,Pendente
5556,463,2026-05,Folha,2026-05-30,2026-05-27,Recebido
5557,464,2025-07,Folha,2025-07-15,,Pendente
5558,464,2025-07,Documentos societários,2025-08-02,2025-08-09,Recebido
5559,464,2025-08,Folha,2025-09-01,,Pendente
5560,464,2025-09,Notas fiscais,2025-10-08,2025-10-15,Recebido
5561,464,2025-10,Notas fiscais,2025-11-02,2025-11-07,Recebido
5562,464,2025-11,Documentos societários,2025-12-04,2025-12-10,Recebido
5563,464,2025-12,Extratos,2026-01-04,2025-12-26,Recebido
5564,464,2026-01,Folha,2026-02-01,2026-01-26,Recebido
5565,464,2026-02,Notas fiscais,2026-02-28,2026-02-25,Recebido
5566,464,2026-03,Folha,2026-04-05,2026-04-04,Recebido
5567,464,2026-04,Extratos,2026-05-07,2026-05-08,Recebido
5568,464,2026-05,Documentos societários,2026-06-11,2026-06-12,Recebido
5569,465,2025-07,Notas fiscais,2025-07-04,2025-06-25,Recebido
5570,465,2025-07,Extratos,2025-08-08,2025-08-16,Recebido
5571,465,2025-08,Folha,2025-09-12,2025-09-13,Recebido
5572,465,2025-09,Folha,2025-10-03,2025-09-26,Recebido
5573,465,2025-10,Notas fiscais,2025-11-01,2025-10-28,Recebido
5574,465,2025-11,Notas fiscais,2025-12-06,2025-12-02,Recebido
5575,465,2025-12,Notas fiscais,2025-12-30,2025-12-25,Recebido
5576,465,2026-01,Extratos,2026-02-05,2026-01-31,Recebido
5577,465,2026-02,Documentos societários,2026-02-27,2026-02-18,Recebido
5578,465,2026-03,Notas fiscais,2026-04-12,2026-04-03,Recebido
5579,465,2026-04,Folha,2026-05-03,2026-05-05,Recebido
5580,465,2026-05,Notas fiscais,2026-05-27,2026-05-23,Recebido
5581,466,2025-07,Documentos societários,2025-07-14,2025-07-04,Recebido
5582,466,2025-07,Extratos,2025-08-04,2025-07-29,Recebido
5583,466,2025-08,Extratos,2025-09-06,2025-09-08,Recebido
5584,466,2025-09,Extratos,2025-10-02,2025-10-10,Recebido
5585,466,2025-10,Notas fiscais,2025-11-07,2025-11-14,Recebido
5586,466,2025-11,Extratos,2025-12-04,2025-12-12,Recebido
5587,466,2025-12,Folha,2026-01-03,2025-12-31,Recebido
5588,466,2026-01,Extratos,2026-02-03,2026-01-29,Recebido
5589,466,2026-02,Folha,2026-03-08,2026-02-27,Recebido
5590,466,2026-03,Folha,2026-04-11,2026-04-14,Recebido
5591,466,2026-04,Extratos,2026-05-01,,Pendente
5592,466,2026-05,Documentos societários,2026-05-29,2026-06-02,Recebido
5593,467,2025-07,Notas fiscais,2025-07-08,,Pendente
5594,467,2025-07,Extratos,2025-08-06,2025-07-30,Recebido
5595,467,2025-08,Extratos,2025-09-12,2025-09-14,Recebido
5596,467,2025-09,Folha,2025-10-13,2025-10-05,Recebido
5597,467,2025-10,Documentos societários,2025-11-13,2025-11-17,Recebido
5598,467,2025-11,Extratos,2025-12-03,,Pendente
5599,467,2025-12,Folha,2025-12-30,2025-12-29,Recebido
5600,467,2026-01,Notas fiscais,2026-01-31,2026-01-22,Recebido
5601,467,2026-02,Documentos societários,2026-02-28,2026-02-23,Recebido
5602,467,2026-03,Notas fiscais,2026-04-04,2026-03-31,Recebido
5603,467,2026-04,Documentos societários,2026-05-08,2026-05-14,Recebido
5604,467,2026-05,Documentos societários,2026-06-08,2026-06-10,Recebido
5605,468,2025-07,Notas fiscais,2025-07-04,2025-06-30,Recebido
5606,468,2025-07,Notas fiscais,2025-08-10,2025-08-03,Recebido
5607,468,2025-08,Extratos,2025-08-30,2025-08-27,Recebido
5608,468,2025-09,Folha,2025-10-14,2025-10-07,Recebido
5609,468,2025-10,Folha,2025-11-09,2025-11-10,Recebido
5610,468,2025-11,Extratos,2025-12-01,2025-11-23,Recebido
5611,468,2025-12,Notas fiscais,2026-01-06,2025-12-27,Recebido
5612,468,2026-01,Folha,2026-02-09,,Pendente
5613,468,2026-02,Folha,2026-03-04,2026-03-07,Recebido
5614,468,2026-03,Documentos societários,2026-04-01,2026-03-28,Recebido
5615,468,2026-04,Notas fiscais,2026-05-02,2026-05-02,Recebido
5616,468,2026-05,Documentos societários,2026-06-10,2026-06-11,Recebido
5617,469,2025-07,Notas fiscais,2025-07-15,2025-07-22,Recebido
5618,469,2025-07,Documentos societários,2025-08-03,2025-08-10,Recebido
5619,469,2025-08,Documentos societários,2025-09-04,2025-09-05,Recebido
5620,469,2025-09,Folha,2025-10-06,2025-10-05,Recebido
5621,469,2025-10,Extratos,2025-11-09,2025-11-06,Recebido
5622,469,2025-11,Notas fiscais,2025-12-06,2025-12-14,Recebido
5623,469,2025-12,Folha,2026-01-05,2025-12-28,Recebido
5624,469,2026-01,Documentos societários,2026-01-27,2026-01-26,Recebido
5625,469,2026-02,Notas fiscais,2026-03-09,2026-03-11,Recebido
5626,469,2026-03,Notas fiscais,2026-04-04,2026-03-30,Recebido
5627,469,2026-04,Folha,2026-05-12,2026-05-16,Recebido
5628,469,2026-05,Extratos,2026-06-07,2026-06-06,Recebido
5629,470,2025-07,Documentos societários,2025-07-14,2025-07-21,Recebido
5630,470,2025-07,Notas fiscais,2025-08-07,,Pendente
5631,470,2025-08,Documentos societários,2025-09-03,2025-09-09,Recebido
5632,470,2025-09,Documentos societários,2025-10-07,2025-10-15,Recebido
5633,470,2025-10,Folha,2025-11-06,2025-11-01,Recebido
5634,470,2025-11,Notas fiscais,2025-11-29,2025-11-30,Recebido
5635,470,2025-12,Documentos societários,2026-01-01,,Pendente
5636,470,2026-01,Notas fiscais,2026-02-01,2026-02-01,Recebido
5637,470,2026-02,Folha,2026-02-27,,Pendente
5638,470,2026-03,Folha,2026-04-12,,Pendente
5639,470,2026-04,Folha,2026-05-06,2026-04-27,Recebido
5640,470,2026-05,Documentos societários,2026-06-08,2026-06-08,Recebido
5641,471,2025-07,Notas fiscais,2025-07-06,2025-06-30,Recebido
5642,471,2025-07,Notas fiscais,2025-08-07,,Pendente
5643,471,2025-08,Folha,2025-09-06,2025-09-03,Recebido
5644,471,2025-09,Folha,2025-09-30,2025-09-27,Recebido
5645,471,2025-10,Extratos,2025-11-11,2025-11-05,Recebido
5646,471,2025-11,Folha,2025-12-04,2025-12-02,Recebido
5647,471,2025-12,Notas fiscais,2026-01-07,2026-01-12,Recebido
5648,471,2026-01,Documentos societários,2026-02-09,2026-02-04,Recebido
5649,471,2026-02,Folha,2026-03-09,2026-03-18,Recebido
5650,471,2026-03,Folha,2026-04-10,2026-04-18,Recebido
5651,471,2026-04,Notas fiscais,2026-05-09,2026-05-10,Recebido
5652,471,2026-05,Notas fiscais,2026-06-04,2026-06-09,Recebido
5653,472,2025-07,Folha,2025-07-13,,Pendente
5654,472,2025-07,Folha,2025-08-11,2025-08-15,Recebido
5655,472,2025-08,Documentos societários,2025-09-01,2025-08-28,Recebido
5656,472,2025-09,Extratos,2025-09-29,2025-09-24,Recebido
5657,472,2025-10,Extratos,2025-11-11,2025-11-12,Recebido
5658,472,2025-11,Documentos societários,2025-12-13,2025-12-22,Recebido
5659,472,2025-12,Folha,2025-12-28,2025-12-26,Recebido
5660,472,2026-01,Notas fiscais,2026-01-29,2026-01-19,Recebido
5661,472,2026-02,Notas fiscais,2026-03-06,2026-03-13,Recebido
5662,472,2026-03,Extratos,2026-04-02,2026-03-23,Recebido
5663,472,2026-04,Extratos,2026-05-09,2026-05-16,Recebido
5664,472,2026-05,Documentos societários,2026-06-08,2026-06-11,Recebido
5665,473,2025-07,Extratos,2025-07-14,2025-07-09,Recebido
5666,473,2025-07,Notas fiscais,2025-08-03,2025-08-04,Recebido
5667,473,2025-08,Extratos,2025-08-31,2025-09-09,Recebido
5668,473,2025-09,Documentos societários,2025-10-12,2025-10-12,Recebido
5669,473,2025-10,Extratos,2025-11-11,2025-11-04,Recebido
5670,473,2025-11,Extratos,2025-12-09,2025-11-30,Recebido
5671,473,2025-12,Extratos,2026-01-10,2026-01-17,Recebido
5672,473,2026-01,Folha,2026-02-03,2026-01-25,Recebido
5673,473,2026-02,Documentos societários,2026-03-10,2026-03-02,Recebido
5674,473,2026-03,Notas fiscais,2026-03-29,2026-03-27,Recebido
5675,473,2026-04,Extratos,2026-05-05,2026-05-02,Recebido
5676,473,2026-05,Extratos,2026-06-03,2026-06-09,Recebido
5677,474,2025-07,Notas fiscais,2025-07-13,2025-07-20,Recebido
5678,474,2025-07,Folha,2025-08-09,,Pendente
5679,474,2025-08,Notas fiscais,2025-09-06,2025-09-13,Recebido
5680,474,2025-09,Documentos societários,2025-09-29,,Pendente
5681,474,2025-10,Folha,2025-11-06,2025-11-13,Recebido
5682,474,2025-11,Documentos societários,2025-12-07,2025-12-11,Recebido
5683,474,2025-12,Documentos societários,2026-01-02,2025-12-28,Recebido
5684,474,2026-01,Extratos,2026-02-06,2026-01-30,Recebido
5685,474,2026-02,Folha,2026-03-13,2026-03-12,Recebido
5686,474,2026-03,Extratos,2026-04-08,,Pendente
5687,474,2026-04,Folha,2026-04-27,2026-04-28,Recebido
5688,474,2026-05,Extratos,2026-06-01,2026-06-10,Recebido
5689,475,2025-07,Documentos societários,2025-07-04,2025-07-01,Recebido
5690,475,2025-07,Notas fiscais,2025-08-05,2025-07-30,Recebido
5691,475,2025-08,Documentos societários,2025-09-12,2025-09-16,Recebido
5692,475,2025-09,Folha,2025-10-09,2025-10-02,Recebido
5693,475,2025-10,Notas fiscais,2025-10-31,2025-11-02,Recebido
5694,475,2025-11,Folha,2025-12-10,2025-12-01,Recebido
5695,475,2025-12,Documentos societários,2026-01-11,2026-01-14,Recebido
5696,475,2026-01,Notas fiscais,2026-02-07,2026-02-05,Recebido
5697,475,2026-02,Folha,2026-03-03,,Pendente
5698,475,2026-03,Folha,2026-04-07,,Pendente
5699,475,2026-04,Documentos societários,2026-05-05,2026-04-26,Recebido
5700,475,2026-05,Extratos,2026-05-27,2026-05-20,Recebido
5701,476,2025-07,Extratos,2025-07-03,2025-06-28,Recebido
5702,476,2025-07,Documentos societários,2025-08-13,2025-08-07,Recebido
5703,476,2025-08,Notas fiscais,2025-09-05,2025-08-31,Recebido
5704,476,2025-09,Documentos societários,2025-10-05,2025-10-02,Recebido
5705,476,2025-10,Extratos,2025-11-11,2025-11-08,Recebido
5706,476,2025-11,Folha,2025-12-07,,Pendente
5707,476,2025-12,Documentos societários,2026-01-09,,Pendente
5708,476,2026-01,Folha,2026-01-31,2026-02-01,Recebido
5709,476,2026-02,Extratos,2026-03-02,2026-03-06,Recebido
5710,476,2026-03,Notas fiscais,2026-04-04,2026-04-05,Recebido
5711,476,2026-04,Folha,2026-04-28,,Pendente
5712,476,2026-05,Extratos,2026-06-04,2026-05-29,Recebido
5713,477,2025-07,Extratos,2025-07-10,2025-07-12,Recebido
5714,477,2025-07,Folha,2025-08-04,2025-08-08,Recebido
5715,477,2025-08,Notas fiscais,2025-09-05,,Pendente
5716,477,2025-09,Extratos,2025-10-09,,Pendente
5717,477,2025-10,Notas fiscais,2025-11-11,2025-11-07,Recebido
5718,477,2025-11,Documentos societários,2025-12-10,2025-12-02,Recebido
5719,477,2025-12,Extratos,2026-01-05,2026-01-09,Recebido
5720,477,2026-01,Documentos societários,2026-02-10,2026-02-09,Recebido
5721,477,2026-02,Notas fiscais,2026-03-02,,Pendente
5722,477,2026-03,Notas fiscais,2026-03-28,2026-03-19,Recebido
5723,477,2026-04,Notas fiscais,2026-05-05,2026-05-01,Recebido
5724,477,2026-05,Documentos societários,2026-06-10,2026-06-06,Recebido
5725,478,2025-07,Extratos,2025-07-06,2025-07-11,Recebido
5726,478,2025-07,Extratos,2025-08-03,2025-08-07,Recebido
5727,478,2025-08,Notas fiscais,2025-09-12,,Pendente
5728,478,2025-09,Documentos societários,2025-10-12,2025-10-04,Recebido
5729,478,2025-10,Notas fiscais,2025-10-29,2025-10-31,Recebido
5730,478,2025-11,Extratos,2025-12-09,2025-12-07,Recebido
5731,478,2025-12,Folha,2026-01-01,2025-12-26,Recebido
5732,478,2026-01,Notas fiscais,2026-01-29,2026-02-07,Recebido
5733,478,2026-02,Extratos,2026-02-27,,Pendente
5734,478,2026-03,Folha,2026-04-09,2026-03-31,Recebido
5735,478,2026-04,Folha,2026-04-29,2026-04-27,Recebido
5736,478,2026-05,Documentos societários,2026-05-28,2026-05-20,Recebido
5737,479,2025-07,Extratos,2025-07-09,2025-07-13,Recebido
5738,479,2025-07,Notas fiscais,2025-07-31,,Pendente
5739,479,2025-08,Extratos,2025-09-09,2025-09-05,Recebido
5740,479,2025-09,Notas fiscais,2025-10-09,2025-10-08,Recebido
5741,479,2025-10,Notas fiscais,2025-10-29,2025-10-30,Recebido
5742,479,2025-11,Extratos,2025-12-13,2025-12-21,Recebido
5743,479,2025-12,Extratos,2026-01-11,2026-01-15,Recebido
5744,479,2026-01,Folha,2026-02-05,2026-02-05,Recebido
5745,479,2026-02,Documentos societários,2026-02-28,,Pendente
5746,479,2026-03,Folha,2026-04-08,2026-04-16,Recebido
5747,479,2026-04,Documentos societários,2026-05-07,,Pendente
5748,479,2026-05,Documentos societários,2026-06-08,,Pendente
5749,480,2025-07,Folha,2025-07-02,2025-06-22,Recebido
5750,480,2025-07,Extratos,2025-08-06,2025-08-11,Recebido
5751,480,2025-08,Documentos societários,2025-09-14,,Pendente
5752,480,2025-09,Extratos,2025-10-06,2025-10-09,Recebido
5753,480,2025-10,Extratos,2025-11-09,2025-11-09,Recebido
5754,480,2025-11,Extratos,2025-12-06,2025-12-11,Recebido
5755,480,2025-12,Extratos,2026-01-02,2026-01-03,Recebido
5756,480,2026-01,Folha,2026-02-01,2026-02-01,Recebido
5757,480,2026-02,Extratos,2026-03-03,2026-03-11,Recebido
5758,480,2026-03,Documentos societários,2026-03-29,2026-03-31,Recebido
5759,480,2026-04,Notas fiscais,2026-05-10,2026-05-05,Recebido
5760,480,2026-05,Notas fiscais,2026-06-03,2026-06-12,Recebido
5761,481,2025-07,Documentos societários,2025-07-10,2025-07-07,Recebido
5762,481,2025-07,Folha,2025-08-10,,Pendente
5763,481,2025-08,Notas fiscais,2025-09-04,2025-08-28,Recebido
5764,481,2025-09,Documentos societários,2025-10-12,2025-10-06,Recebido
5765,481,2025-10,Notas fiscais,2025-11-11,2025-11-20,Recebido
5766,481,2025-11,Notas fiscais,2025-12-02,2025-12-08,Recebido
5767,481,2025-12,Documentos societários,2026-01-08,2026-01-10,Recebido
5768,481,2026-01,Folha,2026-01-28,2026-01-23,Recebido
5769,481,2026-02,Notas fiscais,2026-03-06,2026-03-15,Recebido
5770,481,2026-03,Folha,2026-04-10,2026-04-16,Recebido
5771,481,2026-04,Folha,2026-05-07,2026-05-05,Recebido
5772,481,2026-05,Notas fiscais,2026-06-04,2026-06-04,Recebido
5773,482,2025-07,Folha,2025-07-14,2025-07-10,Recebido
5774,482,2025-07,Notas fiscais,2025-08-06,2025-08-10,Recebido
5775,482,2025-08,Extratos,2025-09-03,2025-09-05,Recebido
5776,482,2025-09,Folha,2025-10-06,2025-09-29,Recebido
5777,482,2025-10,Documentos societários,2025-11-13,2025-11-13,Recebido
5778,482,2025-11,Notas fiscais,2025-12-06,2025-12-15,Recebido
5779,482,2025-12,Extratos,2026-01-07,2025-12-29,Recebido
5780,482,2026-01,Folha,2026-01-30,2026-02-07,Recebido
5781,482,2026-02,Notas fiscais,2026-03-13,2026-03-03,Recebido
5782,482,2026-03,Folha,2026-03-29,2026-03-30,Recebido
5783,482,2026-04,Folha,2026-05-01,2026-04-29,Recebido
5784,482,2026-05,Folha,2026-06-02,2026-05-26,Recebido
5785,483,2025-07,Extratos,2025-07-12,2025-07-20,Recebido
5786,483,2025-07,Notas fiscais,2025-08-06,2025-08-10,Recebido
5787,483,2025-08,Folha,2025-08-31,2025-09-07,Recebido
5788,483,2025-09,Folha,2025-10-14,2025-10-10,Recebido
5789,483,2025-10,Folha,2025-11-10,2025-11-05,Recebido
5790,483,2025-11,Extratos,2025-12-01,2025-12-08,Recebido
5791,483,2025-12,Documentos societários,2025-12-28,,Pendente
5792,483,2026-01,Notas fiscais,2026-01-30,2026-01-23,Recebido
5793,483,2026-02,Folha,2026-03-11,2026-03-09,Recebido
5794,483,2026-03,Notas fiscais,2026-04-11,2026-04-08,Recebido
5795,483,2026-04,Notas fiscais,2026-05-07,2026-05-14,Recebido
5796,483,2026-05,Documentos societários,2026-05-28,2026-05-22,Recebido
5797,484,2025-07,Folha,2025-07-01,2025-06-29,Recebido
5798,484,2025-07,Extratos,2025-08-04,2025-07-27,Recebido
5799,484,2025-08,Documentos societários,2025-09-09,2025-09-10,Recebido
5800,484,2025-09,Documentos societários,2025-09-29,2025-09-19,Recebido
5801,484,2025-10,Documentos societários,2025-11-07,2025-11-09,Recebido
5802,484,2025-11,Documentos societários,2025-12-07,2025-12-11,Recebido
5803,484,2025-12,Extratos,2026-01-10,2026-01-03,Recebido
5804,484,2026-01,Extratos,2026-02-04,2026-01-26,Recebido
5805,484,2026-02,Documentos societários,2026-03-08,,Pendente
5806,484,2026-03,Notas fiscais,2026-03-31,2026-03-31,Recebido
5807,484,2026-04,Folha,2026-05-08,2026-05-11,Recebido
5808,484,2026-05,Documentos societários,2026-06-03,2026-05-27,Recebido
5809,485,2025-07,Folha,2025-07-13,2025-07-21,Recebido
5810,485,2025-07,Extratos,2025-08-13,2025-08-21,Recebido
5811,485,2025-08,Documentos societários,2025-09-04,2025-09-12,Recebido
5812,485,2025-09,Notas fiscais,2025-10-02,2025-09-22,Recebido
5813,485,2025-10,Extratos,2025-11-04,2025-11-05,Recebido
5814,485,2025-11,Extratos,2025-12-07,2025-12-05,Recebido
5815,485,2025-12,Documentos societários,2025-12-28,2026-01-01,Recebido
5816,485,2026-01,Extratos,2026-02-02,2026-01-25,Recebido
5817,485,2026-02,Extratos,2026-03-06,2026-03-02,Recebido
5818,485,2026-03,Extratos,2026-04-12,2026-04-17,Recebido
5819,485,2026-04,Documentos societários,2026-05-03,2026-05-12,Recebido
5820,485,2026-05,Extratos,2026-05-30,2026-05-25,Recebido
5821,486,2025-07,Folha,2025-07-15,2025-07-23,Recebido
5822,486,2025-07,Notas fiscais,2025-08-06,2025-07-30,Recebido
5823,486,2025-08,Notas fiscais,2025-09-11,2025-09-03,Recebido
5824,486,2025-09,Notas fiscais,2025-10-04,2025-10-11,Recebido
5825,486,2025-10,Notas fiscais,2025-11-09,2025-11-05,Recebido
5826,486,2025-11,Extratos,2025-12-08,2025-12-03,Recebido
5827,486,2025-12,Notas fiscais,2026-01-03,2025-12-25,Recebido
5828,486,2026-01,Folha,2026-02-05,2026-02-07,Recebido
5829,486,2026-02,Notas fiscais,2026-02-27,2026-03-08,Recebido
5830,486,2026-03,Documentos societários,2026-04-07,2026-04-06,Recebido
5831,486,2026-04,Folha,2026-05-11,2026-05-08,Recebido
5832,486,2026-05,Extratos,2026-06-06,2026-06-01,Recebido
5833,487,2025-07,Notas fiscais,2025-07-11,2025-07-16,Recebido
5834,487,2025-07,Folha,2025-08-03,,Pendente
5835,487,2025-08,Folha,2025-09-13,2025-09-05,Recebido
5836,487,2025-09,Extratos,2025-10-08,2025-10-05,Recebido
5837,487,2025-10,Documentos societários,2025-11-03,2025-10-24,Recebido
5838,487,2025-11,Folha,2025-12-09,2025-12-18,Recebido
5839,487,2025-12,Folha,2026-01-01,2026-01-01,Recebido
5840,487,2026-01,Extratos,2026-02-10,,Pendente
5841,487,2026-02,Folha,2026-03-08,2026-03-14,Recebido
5842,487,2026-03,Extratos,2026-03-29,2026-04-07,Recebido
5843,487,2026-04,Extratos,2026-05-01,,Pendente
5844,487,2026-05,Notas fiscais,2026-06-08,2026-05-31,Recebido
5845,488,2025-07,Notas fiscais,2025-07-07,2025-07-06,Recebido
5846,488,2025-07,Documentos societários,2025-08-02,2025-08-01,Recebido
5847,488,2025-08,Extratos,2025-09-02,2025-09-11,Recebido
5848,488,2025-09,Documentos societários,2025-10-10,2025-10-13,Recebido
5849,488,2025-10,Notas fiscais,2025-11-04,2025-11-02,Recebido
5850,488,2025-11,Documentos societários,2025-12-05,,Pendente
5851,488,2025-12,Folha,2026-01-02,2026-01-07,Recebido
5852,488,2026-01,Notas fiscais,2026-01-29,2026-02-04,Recebido
5853,488,2026-02,Folha,2026-02-28,2026-03-07,Recebido
5854,488,2026-03,Notas fiscais,2026-04-10,,Pendente
5855,488,2026-04,Notas fiscais,2026-05-12,2026-05-11,Recebido
5856,488,2026-05,Extratos,2026-05-31,2026-06-05,Recebido
5857,489,2025-07,Folha,2025-07-06,2025-06-30,Recebido
5858,489,2025-07,Notas fiscais,2025-08-15,2025-08-11,Recebido
5859,489,2025-08,Notas fiscais,2025-09-14,2025-09-13,Recebido
5860,489,2025-09,Extratos,2025-10-03,2025-10-03,Recebido
5861,489,2025-10,Documentos societários,2025-11-10,,Pendente
5862,489,2025-11,Documentos societários,2025-12-08,2025-12-09,Recebido
5863,489,2025-12,Folha,2026-01-09,2026-01-04,Recebido
5864,489,2026-01,Documentos societários,2026-02-10,,Pendente
5865,489,2026-02,Extratos,2026-03-01,2026-02-24,Recebido
5866,489,2026-03,Documentos societários,2026-04-03,2026-04-10,Recebido
5867,489,2026-04,Folha,2026-04-28,2026-04-25,Recebido
5868,489,2026-05,Notas fiscais,2026-06-07,,Pendente
5869,490,2025-07,Notas fiscais,2025-07-02,2025-07-04,Recebido
5870,490,2025-07,Folha,2025-08-13,2025-08-09,Recebido
5871,490,2025-08,Extratos,2025-09-13,2025-09-16,Recebido
5872,490,2025-09,Notas fiscais,2025-10-05,2025-09-28,Recebido
5873,490,2025-10,Extratos,2025-11-08,2025-11-16,Recebido
5874,490,2025-11,Notas fiscais,2025-12-09,2025-12-17,Recebido
5875,490,2025-12,Notas fiscais,2026-01-01,2026-01-05,Recebido
5876,490,2026-01,Notas fiscais,2026-02-10,2026-02-06,Recebido
5877,490,2026-02,Folha,2026-03-06,2026-03-04,Recebido
5878,490,2026-03,Documentos societários,2026-04-09,2026-03-30,Recebido
5879,490,2026-04,Notas fiscais,2026-05-03,2026-05-07,Recebido
5880,490,2026-05,Extratos,2026-05-29,2026-05-21,Recebido
5881,491,2025-07,Extratos,2025-07-13,2025-07-14,Recebido
5882,491,2025-07,Extratos,2025-08-07,2025-08-15,Recebido
5883,491,2025-08,Folha,2025-09-01,2025-08-24,Recebido
5884,491,2025-09,Extratos,2025-10-06,2025-10-10,Recebido
5885,491,2025-10,Notas fiscais,2025-11-02,2025-11-07,Recebido
5886,491,2025-11,Folha,2025-12-04,2025-12-06,Recebido
5887,491,2025-12,Notas fiscais,2026-01-09,2026-01-10,Recebido
5888,491,2026-01,Extratos,2026-01-27,2026-01-22,Recebido
5889,491,2026-02,Extratos,2026-03-06,2026-02-24,Recebido
5890,491,2026-03,Folha,2026-03-29,2026-03-19,Recebido
5891,491,2026-04,Documentos societários,2026-05-03,2026-05-01,Recebido
5892,491,2026-05,Notas fiscais,2026-05-28,2026-05-21,Recebido
5893,492,2025-07,Extratos,2025-07-06,2025-07-10,Recebido
5894,492,2025-07,Folha,2025-08-05,2025-08-02,Recebido
5895,492,2025-08,Extratos,2025-09-10,,Pendente
5896,492,2025-09,Documentos societários,2025-09-30,2025-09-24,Recebido
5897,492,2025-10,Notas fiscais,2025-11-09,,Pendente
5898,492,2025-11,Folha,2025-12-06,2025-11-26,Recebido
5899,492,2025-12,Extratos,2026-01-10,2026-01-09,Recebido
5900,492,2026-01,Extratos,2026-02-06,2026-02-14,Recebido
5901,492,2026-02,Notas fiscais,2026-03-02,2026-02-28,Recebido
5902,492,2026-03,Folha,2026-04-02,2026-04-04,Recebido
5903,492,2026-04,Extratos,2026-04-29,2026-04-21,Recebido
5904,492,2026-05,Documentos societários,2026-06-05,2026-06-09,Recebido
5905,493,2025-07,Folha,2025-07-08,,Pendente
5906,493,2025-07,Documentos societários,2025-08-05,2025-08-07,Recebido
5907,493,2025-08,Notas fiscais,2025-09-02,2025-08-31,Recebido
5908,493,2025-09,Extratos,2025-10-02,2025-09-30,Recebido
5909,493,2025-10,Notas fiscais,2025-11-05,2025-11-10,Recebido
5910,493,2025-11,Folha,2025-11-29,2025-11-23,Recebido
5911,493,2025-12,Documentos societários,2026-01-12,2026-01-02,Recebido
5912,493,2026-01,Extratos,2026-01-29,2026-01-28,Recebido
5913,493,2026-02,Documentos societários,2026-02-27,2026-03-04,Recebido
5914,493,2026-03,Documentos societários,2026-04-10,2026-04-15,Recebido
5915,493,2026-04,Notas fiscais,2026-05-01,2026-04-27,Recebido
5916,493,2026-05,Folha,2026-05-29,2026-05-29,Recebido
5917,494,2025-07,Notas fiscais,2025-07-12,,Pendente
5918,494,2025-07,Folha,2025-08-01,2025-07-31,Recebido
5919,494,2025-08,Folha,2025-09-05,2025-08-29,Recebido
5920,494,2025-09,Folha,2025-10-13,2025-10-04,Recebido
5921,494,2025-10,Documentos societários,2025-10-29,2025-10-28,Recebido
5922,494,2025-11,Documentos societários,2025-12-07,2025-12-01,Recebido
5923,494,2025-12,Documentos societários,2025-12-28,2025-12-31,Recebido
5924,494,2026-01,Extratos,2026-02-06,,Pendente
5925,494,2026-02,Extratos,2026-02-27,2026-03-03,Recebido
5926,494,2026-03,Documentos societários,2026-04-07,2026-04-07,Recebido
5927,494,2026-04,Folha,2026-05-04,2026-05-06,Recebido
5928,494,2026-05,Extratos,2026-06-07,2026-06-08,Recebido
5929,495,2025-07,Documentos societários,2025-07-05,2025-07-03,Recebido
5930,495,2025-07,Folha,2025-08-12,2025-08-02,Recebido
5931,495,2025-08,Documentos societários,2025-09-09,2025-09-04,Recebido
5932,495,2025-09,Documentos societários,2025-10-13,2025-10-18,Recebido
5933,495,2025-10,Extratos,2025-11-10,2025-11-03,Recebido
5934,495,2025-11,Folha,2025-12-08,2025-12-14,Recebido
5935,495,2025-12,Notas fiscais,2026-01-03,2026-01-09,Recebido
5936,495,2026-01,Documentos societários,2026-02-08,2026-02-04,Recebido
5937,495,2026-02,Folha,2026-03-07,2026-03-09,Recebido
5938,495,2026-03,Documentos societários,2026-04-05,2026-03-30,Recebido
5939,495,2026-04,Extratos,2026-05-11,2026-05-07,Recebido
5940,495,2026-05,Documentos societários,2026-06-07,2026-06-14,Recebido
5941,496,2025-07,Notas fiscais,2025-07-14,,Pendente
5942,496,2025-07,Notas fiscais,2025-08-04,2025-08-06,Recebido
5943,496,2025-08,Documentos societários,2025-09-11,2025-09-20,Recebido
5944,496,2025-09,Documentos societários,2025-10-14,2025-10-07,Recebido
5945,496,2025-10,Extratos,2025-11-03,2025-11-03,Recebido
5946,496,2025-11,Folha,2025-12-13,,Pendente
5947,496,2025-12,Documentos societários,2026-01-04,2026-01-13,Recebido
5948,496,2026-01,Extratos,2026-02-09,,Pendente
5949,496,2026-02,Extratos,2026-03-11,2026-03-14,Recebido
5950,496,2026-03,Extratos,2026-04-03,,Pendente
5951,496,2026-04,Extratos,2026-05-11,2026-05-19,Recebido
5952,496,2026-05,Notas fiscais,2026-05-27,2026-05-20,Recebido
5953,497,2025-07,Folha,2025-07-08,2025-07-07,Recebido
5954,497,2025-07,Extratos,2025-08-07,2025-08-16,Recebido
5955,497,2025-08,Documentos societários,2025-09-02,2025-08-28,Recebido
5956,497,2025-09,Notas fiscais,2025-10-08,2025-10-07,Recebido
5957,497,2025-10,Notas fiscais,2025-10-31,,Pendente
5958,497,2025-11,Folha,2025-12-02,2025-12-06,Recebido
5959,497,2025-12,Extratos,2026-01-09,2026-01-13,Recebido
5960,497,2026-01,Documentos societários,2026-01-27,2026-01-31,Recebido
5961,497,2026-02,Folha,2026-03-04,2026-03-09,Recebido
5962,497,2026-03,Folha,2026-03-28,2026-03-18,Recebido
5963,497,2026-04,Folha,2026-04-30,2026-04-24,Recebido
5964,497,2026-05,Folha,2026-05-30,2026-05-29,Recebido
5965,498,2025-07,Folha,2025-07-03,,Pendente
5966,498,2025-07,Notas fiscais,2025-08-03,2025-07-31,Recebido
5967,498,2025-08,Folha,2025-09-12,2025-09-02,Recebido
5968,498,2025-09,Extratos,2025-10-10,2025-10-16,Recebido
5969,498,2025-10,Notas fiscais,2025-11-13,2025-11-03,Recebido
5970,498,2025-11,Folha,2025-12-10,2025-12-16,Recebido
5971,498,2025-12,Notas fiscais,2026-01-01,2025-12-27,Recebido
5972,498,2026-01,Folha,2026-02-03,,Pendente
5973,498,2026-02,Extratos,2026-03-09,2026-03-15,Recebido
5974,498,2026-03,Documentos societários,2026-04-07,2026-03-31,Recebido
5975,498,2026-04,Documentos societários,2026-05-05,2026-05-06,Recebido
5976,498,2026-05,Documentos societários,2026-06-02,2026-06-02,Recebido
5977,499,2025-07,Notas fiscais,2025-07-08,2025-07-01,Recebido
5978,499,2025-07,Extratos,2025-08-12,2025-08-21,Recebido
5979,499,2025-08,Folha,2025-09-11,2025-09-16,Recebido
5980,499,2025-09,Notas fiscais,2025-10-05,,Pendente
5981,499,2025-10,Notas fiscais,2025-11-01,,Pendente
5982,499,2025-11,Notas fiscais,2025-12-13,2025-12-17,Recebido
5983,499,2025-12,Folha,2026-01-08,,Pendente
5984,499,2026-01,Folha,2026-01-27,,Pendente
5985,499,2026-02,Notas fiscais,2026-03-09,2026-03-18,Recebido
5986,499,2026-03,Extratos,2026-04-01,2026-04-09,Recebido
5987,499,2026-04,Documentos societários,2026-05-02,2026-05-11,Recebido
5988,499,2026-05,Folha,2026-06-10,2026-06-02,Recebido
5989,500,2025-07,Extratos,2025-07-14,2025-07-06,Recebido
5990,500,2025-07,Folha,2025-08-01,2025-07-31,Recebido
5991,500,2025-08,Documentos societários,2025-09-11,2025-09-18,Recebido
5992,500,2025-09,Notas fiscais,2025-10-06,,Pendente
5993,500,2025-10,Folha,2025-11-10,,Pendente
5994,500,2025-11,Notas fiscais,2025-12-04,2025-12-02,Recebido
5995,500,2025-12,Extratos,2026-01-07,,Pendente
5996,500,2026-01,Extratos,2026-02-08,2026-02-01,Recebido
5997,500,2026-02,Notas fiscais,2026-03-05,,Pendente
5998,500,2026-03,Extratos,2026-04-08,2026-04-05,Recebido
5999,500,2026-04,Folha,2026-05-02,2026-05-11,Recebido
6000,500,2026-05,Folha,2026-06-10,2026-06-10,Recebido
6001,501,2025-07,Notas fiscais,2025-07-09,2025-07-04,Recebido
6002,501,2025-07,Extratos,2025-08-12,,Pendente
6003,501,2025-08,Documentos societários,2025-09-12,2025-09-14,Recebido
6004,501,2025-09,Extratos,2025-10-03,,Pendente
6005,501,2025-10,Notas fiscais,2025-11-08,,Pendente
6006,501,2025-11,Notas fiscais,2025-12-02,,Pendente
6007,501,2025-12,Documentos societários,2026-01-04,2026-01-09,Recebido
6008,501,2026-01,Folha,2026-02-11,2026-02-10,Recebido
6009,501,2026-02,Extratos,2026-03-01,2026-02-28,Recebido
6010,501,2026-03,Documentos societários,2026-04-07,,Pendente
6011,501,2026-04,Documentos societários,2026-05-08,2026-05-02,Recebido
6012,501,2026-05,Documentos societários,2026-06-08,,Pendente
6013,502,2025-07,Folha,2025-07-03,2025-07-08,Recebido
6014,502,2025-07,Notas fiscais,2025-08-07,2025-08-12,Recebido
6015,502,2025-08,Documentos societários,2025-09-02,2025-08-29,Recebido
6016,502,2025-09,Notas fiscais,2025-10-08,2025-10-08,Recebido
6017,502,2025-10,Notas fiscais,2025-11-04,2025-11-01,Recebido
6018,502,2025-11,Folha,2025-12-04,2025-11-27,Recebido
6019,502,2025-12,Extratos,2026-01-01,2025-12-24,Recebido
6020,502,2026-01,Extratos,2026-01-31,2026-02-03,Recebido
6021,502,2026-02,Notas fiscais,2026-03-02,2026-03-03,Recebido
6022,502,2026-03,Extratos,2026-03-28,2026-03-31,Recebido
6023,502,2026-04,Notas fiscais,2026-05-03,2026-05-07,Recebido
6024,502,2026-05,Extratos,2026-05-31,2026-06-06,Recebido
6025,503,2025-07,Notas fiscais,2025-07-09,2025-07-01,Recebido
6026,503,2025-07,Documentos societários,2025-08-14,2025-08-11,Recebido
6027,503,2025-08,Documentos societários,2025-09-09,2025-09-04,Recebido
6028,503,2025-09,Notas fiscais,2025-10-03,,Pendente
6029,503,2025-10,Folha,2025-10-31,2025-11-08,Recebido
6030,503,2025-11,Notas fiscais,2025-11-30,2025-12-01,Recebido
6031,503,2025-12,Folha,2026-01-07,2026-01-01,Recebido
6032,503,2026-01,Documentos societários,2026-02-03,2026-01-26,Recebido
6033,503,2026-02,Extratos,2026-02-26,2026-02-21,Recebido
6034,503,2026-03,Extratos,2026-04-05,2026-04-04,Recebido
6035,503,2026-04,Documentos societários,2026-05-04,2026-04-27,Recebido
6036,503,2026-05,Notas fiscais,2026-06-08,2026-06-14,Recebido
6037,504,2025-07,Documentos societários,2025-07-02,2025-07-01,Recebido
6038,504,2025-07,Documentos societários,2025-08-04,2025-07-26,Recebido
6039,504,2025-08,Folha,2025-09-05,2025-09-10,Recebido
6040,504,2025-09,Extratos,2025-10-07,2025-10-16,Recebido
6041,504,2025-10,Folha,2025-11-04,2025-10-25,Recebido
6042,504,2025-11,Notas fiscais,2025-12-08,2025-12-01,Recebido
6043,504,2025-12,Documentos societários,2025-12-31,2025-12-29,Recebido
6044,504,2026-01,Documentos societários,2026-01-29,2026-02-07,Recebido
6045,504,2026-02,Notas fiscais,2026-03-08,2026-02-26,Recebido
6046,504,2026-03,Folha,2026-04-04,2026-04-12,Recebido
6047,504,2026-04,Extratos,2026-05-11,2026-05-13,Recebido
6048,504,2026-05,Notas fiscais,2026-06-04,,Pendente
6049,505,2025-07,Folha,2025-07-09,2025-07-04,Recebido
6050,505,2025-07,Extratos,2025-08-11,2025-08-14,Recebido
6051,505,2025-08,Extratos,2025-09-14,,Pendente
6052,505,2025-09,Documentos societários,2025-10-02,2025-09-26,Recebido
6053,505,2025-10,Notas fiscais,2025-11-09,2025-11-11,Recebido
6054,505,2025-11,Extratos,2025-12-11,,Pendente
6055,505,2025-12,Documentos societários,2026-01-05,2026-01-06,Recebido
6056,505,2026-01,Extratos,2026-02-05,2026-02-03,Recebido
6057,505,2026-02,Documentos societários,2026-03-12,2026-03-05,Recebido
6058,505,2026-03,Extratos,2026-04-02,2026-04-06,Recebido
6059,505,2026-04,Notas fiscais,2026-04-29,2026-04-22,Recebido
6060,505,2026-05,Folha,2026-05-27,2026-05-26,Recebido
6061,506,2025-07,Extratos,2025-07-01,2025-06-21,Recebido
6062,506,2025-07,Documentos societários,2025-08-12,2025-08-20,Recebido
6063,506,2025-08,Folha,2025-09-05,2025-08-26,Recebido
6064,506,2025-09,Extratos,2025-10-03,2025-09-30,Recebido
6065,506,2025-10,Folha,2025-11-01,2025-10-24,Recebido
6066,506,2025-11,Extratos,2025-12-10,2025-12-01,Recebido
6067,506,2025-12,Folha,2025-12-30,2025-12-23,Recebido
6068,506,2026-01,Folha,2026-01-30,2026-02-03,Recebido
6069,506,2026-02,Folha,2026-03-11,2026-03-02,Recebido
6070,506,2026-03,Documentos societários,2026-03-28,2026-03-21,Recebido
6071,506,2026-04,Extratos,2026-05-01,2026-04-21,Recebido
6072,506,2026-05,Folha,2026-05-30,2026-05-25,Recebido
6073,507,2025-07,Folha,2025-07-04,2025-07-12,Recebido
6074,507,2025-07,Folha,2025-08-07,2025-08-16,Recebido
6075,507,2025-08,Documentos societários,2025-09-04,2025-09-07,Recebido
6076,507,2025-09,Notas fiscais,2025-09-29,2025-10-08,Recebido
6077,507,2025-10,Folha,2025-11-04,2025-11-12,Recebido
6078,507,2025-11,Documentos societários,2025-12-04,2025-11-29,Recebido
6079,507,2025-12,Folha,2026-01-05,2026-01-14,Recebido
6080,507,2026-01,Folha,2026-02-08,2026-02-10,Recebido
6081,507,2026-02,Notas fiscais,2026-02-26,,Pendente
6082,507,2026-03,Folha,2026-04-08,2026-04-07,Recebido
6083,507,2026-04,Folha,2026-05-09,2026-05-06,Recebido
6084,507,2026-05,Documentos societários,2026-06-05,2026-05-29,Recebido
6085,508,2025-07,Folha,2025-07-09,2025-07-04,Recebido
6086,508,2025-07,Folha,2025-08-01,2025-08-06,Recebido
6087,508,2025-08,Documentos societários,2025-09-11,2025-09-14,Recebido
6088,508,2025-09,Documentos societários,2025-10-06,2025-10-05,Recebido
6089,508,2025-10,Notas fiscais,2025-11-03,2025-10-28,Recebido
6090,508,2025-11,Extratos,2025-12-09,,Pendente
6091,508,2025-12,Folha,2026-01-10,2026-01-08,Recebido
6092,508,2026-01,Extratos,2026-01-31,2026-01-21,Recebido
6093,508,2026-02,Folha,2026-03-01,2026-02-19,Recebido
6094,508,2026-03,Folha,2026-03-30,2026-04-07,Recebido
6095,508,2026-04,Extratos,2026-05-07,2026-05-07,Recebido
6096,508,2026-05,Extratos,2026-05-29,2026-05-30,Recebido
6097,509,2025-07,Documentos societários,2025-07-14,2025-07-07,Recebido
6098,509,2025-07,Folha,2025-08-09,2025-08-09,Recebido
6099,509,2025-08,Notas fiscais,2025-09-04,2025-09-05,Recebido
6100,509,2025-09,Folha,2025-10-10,2025-09-30,Recebido
6101,509,2025-10,Folha,2025-11-02,2025-11-04,Recebido
6102,509,2025-11,Notas fiscais,2025-11-30,2025-11-27,Recebido
6103,509,2025-12,Extratos,2026-01-02,2026-01-05,Recebido
6104,509,2026-01,Notas fiscais,2026-02-01,2026-02-06,Recebido
6105,509,2026-02,Notas fiscais,2026-03-03,2026-02-22,Recebido
6106,509,2026-03,Documentos societários,2026-04-03,2026-04-01,Recebido
6107,509,2026-04,Extratos,2026-05-06,2026-05-12,Recebido
6108,509,2026-05,Extratos,2026-06-09,2026-06-03,Recebido
6109,510,2025-07,Documentos societários,2025-07-07,,Pendente
6110,510,2025-07,Documentos societários,2025-08-05,,Pendente
6111,510,2025-08,Folha,2025-09-08,2025-09-13,Recebido
6112,510,2025-09,Documentos societários,2025-09-29,2025-09-30,Recebido
6113,510,2025-10,Documentos societários,2025-11-08,,Pendente
6114,510,2025-11,Extratos,2025-12-11,,Pendente
6115,510,2025-12,Extratos,2026-01-08,2026-01-12,Recebido
6116,510,2026-01,Extratos,2026-01-31,2026-02-07,Recebido
6117,510,2026-02,Notas fiscais,2026-03-01,2026-03-03,Recebido
6118,510,2026-03,Extratos,2026-04-02,2026-03-28,Recebido
6119,510,2026-04,Extratos,2026-04-28,2026-04-26,Recebido
6120,510,2026-05,Extratos,2026-05-28,2026-05-26,Recebido
6121,511,2025-07,Extratos,2025-07-15,2025-07-14,Recebido
6122,511,2025-07,Documentos societários,2025-08-01,2025-07-29,Recebido
6123,511,2025-08,Folha,2025-09-08,2025-09-01,Recebido
6124,511,2025-09,Notas fiscais,2025-10-01,2025-10-10,Recebido
6125,511,2025-10,Extratos,2025-10-30,2025-10-26,Recebido
6126,511,2025-11,Documentos societários,2025-12-13,2025-12-21,Recebido
6127,511,2025-12,Documentos societários,2026-01-07,2025-12-31,Recebido
6128,511,2026-01,Extratos,2026-02-08,2026-02-11,Recebido
6129,511,2026-02,Folha,2026-03-04,,Pendente
6130,511,2026-03,Notas fiscais,2026-04-04,2026-04-12,Recebido
6131,511,2026-04,Extratos,2026-05-06,,Pendente
6132,511,2026-05,Notas fiscais,2026-05-27,2026-05-18,Recebido
6133,512,2025-07,Extratos,2025-07-13,2025-07-10,Recebido
6134,512,2025-07,Documentos societários,2025-08-13,2025-08-03,Recebido
6135,512,2025-08,Folha,2025-09-06,,Pendente
6136,512,2025-09,Documentos societários,2025-10-14,2025-10-23,Recebido
6137,512,2025-10,Notas fiscais,2025-11-01,2025-10-30,Recebido
6138,512,2025-11,Notas fiscais,2025-12-05,2025-12-07,Recebido
6139,512,2025-12,Folha,2026-01-11,2026-01-13,Recebido
6140,512,2026-01,Folha,2026-02-04,,Pendente
6141,512,2026-02,Folha,2026-03-05,,Pendente
6142,512,2026-03,Documentos societários,2026-04-03,2026-04-12,Recebido
6143,512,2026-04,Documentos societários,2026-05-12,2026-05-09,Recebido
6144,512,2026-05,Extratos,2026-06-03,2026-06-08,Recebido
6145,513,2025-07,Documentos societários,2025-07-01,2025-06-21,Recebido
6146,513,2025-07,Documentos societários,2025-08-06,2025-07-27,Recebido
6147,513,2025-08,Notas fiscais,2025-09-01,2025-09-07,Recebido
6148,513,2025-09,Notas fiscais,2025-10-11,2025-10-01,Recebido
6149,513,2025-10,Folha,2025-10-29,2025-10-24,Recebido
6150,513,2025-11,Documentos societários,2025-12-03,2025-12-03,Recebido
6151,513,2025-12,Notas fiscais,2026-01-02,2026-01-09,Recebido
6152,513,2026-01,Notas fiscais,2026-02-06,,Pendente
6153,513,2026-02,Documentos societários,2026-03-03,2026-03-08,Recebido
6154,513,2026-03,Extratos,2026-04-01,2026-03-31,Recebido
6155,513,2026-04,Folha,2026-05-03,2026-04-24,Recebido
6156,513,2026-05,Documentos societários,2026-06-09,2026-06-16,Recebido
6157,514,2025-07,Documentos societários,2025-07-09,2025-06-29,Recebido
6158,514,2025-07,Extratos,2025-08-06,2025-07-27,Recebido
6159,514,2025-08,Documentos societários,2025-09-13,2025-09-18,Recebido
6160,514,2025-09,Notas fiscais,2025-10-10,,Pendente
6161,514,2025-10,Documentos societários,2025-11-13,2025-11-18,Recebido
6162,514,2025-11,Folha,2025-12-01,2025-12-10,Recebido
6163,514,2025-12,Folha,2026-01-06,,Pendente
6164,514,2026-01,Notas fiscais,2026-01-31,2026-01-26,Recebido
6165,514,2026-02,Folha,2026-03-09,2026-03-18,Recebido
6166,514,2026-03,Documentos societários,2026-04-12,2026-04-09,Recebido
6167,514,2026-04,Folha,2026-04-28,2026-05-06,Recebido
6168,514,2026-05,Documentos societários,2026-06-10,2026-06-15,Recebido
6169,515,2025-07,Folha,2025-07-03,2025-07-10,Recebido
6170,515,2025-07,Folha,2025-08-06,2025-07-30,Recebido
6171,515,2025-08,Documentos societários,2025-09-02,2025-09-08,Recebido
6172,515,2025-09,Notas fiscais,2025-09-30,2025-09-30,Recebido
6173,515,2025-10,Documentos societários,2025-11-07,2025-10-31,Recebido
6174,515,2025-11,Documentos societários,2025-12-10,2025-12-12,Recebido
6175,515,2025-12,Folha,2026-01-05,2025-12-30,Recebido
6176,515,2026-01,Notas fiscais,2026-01-29,2026-01-31,Recebido
6177,515,2026-02,Notas fiscais,2026-03-13,2026-03-04,Recebido
6178,515,2026-03,Extratos,2026-04-10,2026-04-02,Recebido
6179,515,2026-04,Folha,2026-05-02,,Pendente
6180,515,2026-05,Documentos societários,2026-06-09,2026-06-14,Recebido
6181,516,2025-07,Documentos societários,2025-07-11,2025-07-01,Recebido
6182,516,2025-07,Folha,2025-08-06,,Pendente
6183,516,2025-08,Documentos societários,2025-09-14,2025-09-13,Recebido
6184,516,2025-09,Folha,2025-10-12,,Pendente
6185,516,2025-10,Notas fiscais,2025-10-29,,Pendente
6186,516,2025-11,Extratos,2025-12-10,2025-12-17,Recebido
6187,516,2025-12,Documentos societários,2026-01-09,2026-01-09,Recebido
6188,516,2026-01,Documentos societários,2026-01-29,2026-01-21,Recebido
6189,516,2026-02,Folha,2026-03-12,,Pendente
6190,516,2026-03,Notas fiscais,2026-04-06,2026-03-28,Recebido
6191,516,2026-04,Notas fiscais,2026-05-03,2026-04-24,Recebido
6192,516,2026-05,Extratos,2026-06-08,2026-06-13,Recebido
6193,517,2025-07,Documentos societários,2025-07-01,2025-06-21,Recebido
6194,517,2025-07,Notas fiscais,2025-08-02,,Pendente
6195,517,2025-08,Documentos societários,2025-09-04,2025-09-05,Recebido
6196,517,2025-09,Extratos,2025-09-29,2025-09-27,Recebido
6197,517,2025-10,Folha,2025-11-07,2025-11-04,Recebido
6198,517,2025-11,Extratos,2025-12-09,2025-11-30,Recebido
6199,517,2025-12,Documentos societários,2026-01-04,2026-01-02,Recebido
6200,517,2026-01,Documentos societários,2026-02-06,2026-02-10,Recebido
6201,517,2026-02,Extratos,2026-03-13,2026-03-21,Recebido
6202,517,2026-03,Documentos societários,2026-04-09,2026-04-02,Recebido
6203,517,2026-04,Folha,2026-05-12,2026-05-14,Recebido
6204,517,2026-05,Extratos,2026-06-11,2026-06-19,Recebido
6205,518,2025-07,Extratos,2025-07-03,2025-07-10,Recebido
6206,518,2025-07,Documentos societários,2025-08-09,2025-08-10,Recebido
6207,518,2025-08,Folha,2025-09-04,2025-08-25,Recebido
6208,518,2025-09,Folha,2025-10-10,2025-09-30,Recebido
6209,518,2025-10,Notas fiscais,2025-11-12,2025-11-16,Recebido
6210,518,2025-11,Documentos societários,2025-12-07,2025-12-15,Recebido
6211,518,2025-12,Notas fiscais,2026-01-11,,Pendente
6212,518,2026-01,Notas fiscais,2026-02-01,2026-02-07,Recebido
6213,518,2026-02,Notas fiscais,2026-03-08,2026-03-17,Recebido
6214,518,2026-03,Notas fiscais,2026-04-09,2026-04-07,Recebido
6215,518,2026-04,Extratos,2026-05-11,2026-05-04,Recebido
6216,518,2026-05,Folha,2026-06-05,2026-06-13,Recebido
6217,519,2025-07,Documentos societários,2025-07-01,2025-06-28,Recebido
6218,519,2025-07,Folha,2025-08-14,,Pendente
6219,519,2025-08,Extratos,2025-09-04,2025-08-31,Recebido
6220,519,2025-09,Documentos societários,2025-09-30,2025-09-22,Recebido
6221,519,2025-10,Extratos,2025-11-09,2025-11-11,Recebido
6222,519,2025-11,Extratos,2025-12-07,2025-12-05,Recebido
6223,519,2025-12,Extratos,2026-01-05,2025-12-30,Recebido
6224,519,2026-01,Notas fiscais,2026-02-05,2026-02-06,Recebido
6225,519,2026-02,Notas fiscais,2026-02-27,,Pendente
6226,519,2026-03,Notas fiscais,2026-04-09,2026-04-18,Recebido
6227,519,2026-04,Extratos,2026-05-01,2026-04-24,Recebido
6228,519,2026-05,Folha,2026-05-29,2026-05-23,Recebido
6229,520,2025-07,Documentos societários,2025-07-02,2025-07-05,Recebido
6230,520,2025-07,Folha,2025-08-03,2025-08-06,Recebido
6231,520,2025-08,Folha,2025-09-06,2025-09-15,Recebido
6232,520,2025-09,Notas fiscais,2025-10-09,2025-10-16,Recebido
6233,520,2025-10,Documentos societários,2025-11-10,2025-11-07,Recebido
6234,520,2025-11,Extratos,2025-12-06,2025-12-15,Recebido
6235,520,2025-12,Folha,2026-01-02,2026-01-04,Recebido
6236,520,2026-01,Notas fiscais,2026-02-08,2026-02-04,Recebido
6237,520,2026-02,Notas fiscais,2026-03-07,2026-02-27,Recebido
6238,520,2026-03,Extratos,2026-03-30,2026-03-30,Recebido
6239,520,2026-04,Folha,2026-05-09,2026-05-12,Recebido
6240,520,2026-05,Documentos societários,2026-06-09,2026-05-30,Recebido
6241,521,2025-07,Folha,2025-07-14,2025-07-12,Recebido
6242,521,2025-07,Folha,2025-08-09,2025-08-07,Recebido
6243,521,2025-08,Extratos,2025-09-12,2025-09-21,Recebido
6244,521,2025-09,Folha,2025-10-09,2025-10-08,Recebido
6245,521,2025-10,Folha,2025-11-04,,Pendente
6246,521,2025-11,Documentos societários,2025-12-10,2025-12-03,Recebido
6247,521,2025-12,Folha,2026-01-11,2026-01-10,Recebido
6248,521,2026-01,Folha,2026-01-27,2026-01-26,Recebido
6249,521,2026-02,Notas fiscais,2026-03-11,2026-03-07,Recebido
6250,521,2026-03,Extratos,2026-04-05,,Pendente
6251,521,2026-04,Folha,2026-05-10,2026-05-06,Recebido
6252,521,2026-05,Notas fiscais,2026-06-04,2026-05-28,Recebido
6253,522,2025-07,Notas fiscais,2025-07-01,2025-07-08,Recebido
6254,522,2025-07,Documentos societários,2025-08-12,2025-08-03,Recebido
6255,522,2025-08,Notas fiscais,2025-09-05,2025-09-12,Recebido
6256,522,2025-09,Notas fiscais,2025-10-14,2025-10-11,Recebido
6257,522,2025-10,Folha,2025-10-31,2025-10-28,Recebido
6258,522,2025-11,Extratos,2025-12-10,2025-12-08,Recebido
6259,522,2025-12,Documentos societários,2026-01-08,2026-01-11,Recebido
6260,522,2026-01,Extratos,2026-02-07,2026-02-11,Recebido
6261,522,2026-02,Notas fiscais,2026-03-01,2026-02-25,Recebido
6262,522,2026-03,Documentos societários,2026-04-02,2026-04-08,Recebido
6263,522,2026-04,Extratos,2026-05-08,2026-05-10,Recebido
6264,522,2026-05,Documentos societários,2026-06-05,,Pendente
6265,523,2025-07,Folha,2025-07-08,2025-07-11,Recebido
6266,523,2025-07,Documentos societários,2025-08-14,2025-08-10,Recebido
6267,523,2025-08,Extratos,2025-08-30,2025-09-06,Recebido
6268,523,2025-09,Extratos,2025-10-12,2025-10-20,Recebido
6269,523,2025-10,Extratos,2025-11-02,2025-11-02,Recebido
6270,523,2025-11,Notas fiscais,2025-12-06,2025-12-15,Recebido
6271,523,2025-12,Folha,2026-01-10,2026-01-09,Recebido
6272,523,2026-01,Documentos societários,2026-01-27,2026-01-30,Recebido
6273,523,2026-02,Folha,2026-03-07,,Pendente
6274,523,2026-03,Folha,2026-04-06,2026-03-31,Recebido
6275,523,2026-04,Notas fiscais,2026-04-29,2026-04-22,Recebido
6276,523,2026-05,Documentos societários,2026-06-10,2026-06-14,Recebido
6277,524,2025-07,Folha,2025-07-09,2025-07-13,Recebido
6278,524,2025-07,Extratos,2025-08-02,2025-07-27,Recebido
6279,524,2025-08,Notas fiscais,2025-08-31,2025-08-21,Recebido
6280,524,2025-09,Notas fiscais,2025-10-01,2025-09-29,Recebido
6281,524,2025-10,Notas fiscais,2025-11-07,2025-11-11,Recebido
6282,524,2025-11,Extratos,2025-11-29,2025-12-06,Recebido
6283,524,2025-12,Documentos societários,2026-01-11,2026-01-06,Recebido
6284,524,2026-01,Documentos societários,2026-02-08,2026-01-29,Recebido
6285,524,2026-02,Folha,2026-03-09,2026-03-06,Recebido
6286,524,2026-03,Notas fiscais,2026-03-30,2026-03-31,Recebido
6287,524,2026-04,Documentos societários,2026-05-01,2026-04-26,Recebido
6288,524,2026-05,Notas fiscais,2026-05-28,2026-05-18,Recebido
6289,525,2025-07,Documentos societários,2025-07-16,2025-07-14,Recebido
6290,525,2025-07,Documentos societários,2025-08-05,2025-08-12,Recebido
6291,525,2025-08,Extratos,2025-09-06,2025-09-09,Recebido
6292,525,2025-09,Notas fiscais,2025-09-29,2025-09-21,Recebido
6293,525,2025-10,Folha,2025-11-07,2025-10-28,Recebido
6294,525,2025-11,Notas fiscais,2025-11-28,2025-11-29,Recebido
6295,525,2025-12,Folha,2026-01-05,,Pendente
6296,525,2026-01,Notas fiscais,2026-01-27,,Pendente
6297,525,2026-02,Documentos societários,2026-03-04,2026-02-27,Recebido
6298,525,2026-03,Notas fiscais,2026-04-12,2026-04-09,Recebido
6299,525,2026-04,Notas fiscais,2026-05-01,2026-05-04,Recebido
6300,525,2026-05,Documentos societários,2026-06-04,2026-06-09,Recebido
6301,526,2025-07,Folha,2025-07-12,2025-07-08,Recebido
6302,526,2025-07,Notas fiscais,2025-08-03,2025-07-24,Recebido
6303,526,2025-08,Documentos societários,2025-08-30,2025-08-30,Recebido
6304,526,2025-09,Folha,2025-10-08,2025-10-17,Recebido
6305,526,2025-10,Extratos,2025-11-05,2025-11-08,Recebido
6306,526,2025-11,Documentos societários,2025-12-06,,Pendente
6307,526,2025-12,Extratos,2025-12-30,2025-12-30,Recebido
6308,526,2026-01,Extratos,2026-02-11,2026-02-07,Recebido
6309,526,2026-02,Documentos societários,2026-03-06,2026-03-11,Recebido
6310,526,2026-03,Notas fiscais,2026-04-02,2026-04-01,Recebido
6311,526,2026-04,Extratos,2026-04-27,2026-04-20,Recebido
6312,526,2026-05,Folha,2026-06-01,2026-06-10,Recebido
6313,527,2025-07,Folha,2025-07-09,2025-07-15,Recebido
6314,527,2025-07,Notas fiscais,2025-08-01,2025-08-07,Recebido
6315,527,2025-08,Folha,2025-09-02,2025-08-24,Recebido
6316,527,2025-09,Notas fiscais,2025-10-06,2025-09-29,Recebido
6317,527,2025-10,Folha,2025-11-07,2025-11-12,Recebido
6318,527,2025-11,Documentos societários,2025-12-11,2025-12-15,Recebido
6319,527,2025-12,Extratos,2026-01-05,2025-12-26,Recebido
6320,527,2026-01,Extratos,2026-02-04,2026-02-02,Recebido
6321,527,2026-02,Notas fiscais,2026-03-01,2026-02-19,Recebido
6322,527,2026-03,Folha,2026-04-03,2026-03-29,Recebido
6323,527,2026-04,Folha,2026-05-08,2026-05-13,Recebido
6324,527,2026-05,Documentos societários,2026-06-11,,Pendente
6325,528,2025-07,Folha,2025-07-06,2025-06-28,Recebido
6326,528,2025-07,Folha,2025-08-08,2025-08-02,Recebido
6327,528,2025-08,Notas fiscais,2025-09-03,,Pendente
6328,528,2025-09,Notas fiscais,2025-10-01,2025-09-24,Recebido
6329,528,2025-10,Folha,2025-11-12,2025-11-18,Recebido
6330,528,2025-11,Folha,2025-12-11,2025-12-20,Recebido
6331,528,2025-12,Folha,2026-01-12,2026-01-11,Recebido
6332,528,2026-01,Documentos societários,2026-01-28,2026-01-25,Recebido
6333,528,2026-02,Notas fiscais,2026-03-03,2026-02-22,Recebido
6334,528,2026-03,Folha,2026-03-31,2026-03-28,Recebido
6335,528,2026-04,Folha,2026-05-04,2026-04-27,Recebido
6336,528,2026-05,Documentos societários,2026-06-05,2026-05-28,Recebido
6337,529,2025-07,Folha,2025-07-02,2025-07-08,Recebido
6338,529,2025-07,Notas fiscais,2025-08-15,2025-08-06,Recebido
6339,529,2025-08,Extratos,2025-09-06,2025-08-30,Recebido
6340,529,2025-09,Folha,2025-10-02,2025-09-25,Recebido
6341,529,2025-10,Notas fiscais,2025-11-09,,Pendente
6342,529,2025-11,Notas fiscais,2025-12-08,2025-12-06,Recebido
6343,529,2025-12,Extratos,2025-12-31,2025-12-30,Recebido
6344,529,2026-01,Documentos societários,2026-01-29,2026-02-03,Recebido
6345,529,2026-02,Documentos societários,2026-03-11,2026-03-12,Recebido
6346,529,2026-03,Folha,2026-04-05,2026-04-07,Recebido
6347,529,2026-04,Folha,2026-04-28,2026-05-05,Recebido
6348,529,2026-05,Folha,2026-05-27,2026-05-26,Recebido
6349,530,2025-07,Extratos,2025-07-14,2025-07-21,Recebido
6350,530,2025-07,Folha,2025-08-15,2025-08-19,Recebido
6351,530,2025-08,Extratos,2025-08-31,2025-09-01,Recebido
6352,530,2025-09,Extratos,2025-09-29,2025-09-30,Recebido
6353,530,2025-10,Extratos,2025-11-05,2025-10-26,Recebido
6354,530,2025-11,Documentos societários,2025-12-10,2025-12-15,Recebido
6355,530,2025-12,Extratos,2025-12-28,2025-12-19,Recebido
6356,530,2026-01,Extratos,2026-02-01,2026-02-02,Recebido
6357,530,2026-02,Folha,2026-03-02,2026-02-23,Recebido
6358,530,2026-03,Notas fiscais,2026-04-12,2026-04-15,Recebido
6359,530,2026-04,Documentos societários,2026-04-27,2026-04-22,Recebido
6360,530,2026-05,Extratos,2026-05-31,2026-06-09,Recebido
6361,531,2025-07,Folha,2025-07-11,2025-07-13,Recebido
6362,531,2025-07,Extratos,2025-08-02,,Pendente
6363,531,2025-08,Extratos,2025-09-06,2025-09-06,Recebido
6364,531,2025-09,Documentos societários,2025-10-03,2025-10-07,Recebido
6365,531,2025-10,Notas fiscais,2025-10-30,2025-11-07,Recebido
6366,531,2025-11,Extratos,2025-12-06,2025-12-13,Recebido
6367,531,2025-12,Documentos societários,2026-01-07,2026-01-10,Recebido
6368,531,2026-01,Extratos,2026-01-28,2026-01-31,Recebido
6369,531,2026-02,Documentos societários,2026-03-11,2026-03-18,Recebido
6370,531,2026-03,Notas fiscais,2026-04-02,2026-04-08,Recebido
6371,531,2026-04,Documentos societários,2026-05-07,2026-04-27,Recebido
6372,531,2026-05,Folha,2026-06-07,2026-06-04,Recebido
6373,532,2025-07,Notas fiscais,2025-07-15,2025-07-15,Recebido
6374,532,2025-07,Notas fiscais,2025-08-15,2025-08-18,Recebido
6375,532,2025-08,Documentos societários,2025-08-30,2025-09-02,Recebido
6376,532,2025-09,Extratos,2025-10-04,2025-10-04,Recebido
6377,532,2025-10,Folha,2025-11-11,2025-11-01,Recebido
6378,532,2025-11,Documentos societários,2025-12-02,2025-12-01,Recebido
6379,532,2025-12,Documentos societários,2026-01-11,2026-01-20,Recebido
6380,532,2026-01,Documentos societários,2026-02-09,2026-02-11,Recebido
6381,532,2026-02,Extratos,2026-03-10,2026-03-03,Recebido
6382,532,2026-03,Documentos societários,2026-04-08,2026-03-30,Recebido
6383,532,2026-04,Documentos societários,2026-05-04,2026-04-30,Recebido
6384,532,2026-05,Documentos societários,2026-06-05,2026-05-30,Recebido
6385,533,2025-07,Folha,2025-07-03,2025-07-11,Recebido
6386,533,2025-07,Extratos,2025-08-14,2025-08-23,Recebido
6387,533,2025-08,Documentos societários,2025-09-14,2025-09-10,Recebido
6388,533,2025-09,Notas fiscais,2025-10-07,2025-10-06,Recebido
6389,533,2025-10,Documentos societários,2025-11-03,2025-10-26,Recebido
6390,533,2025-11,Folha,2025-11-30,2025-11-20,Recebido
6391,533,2025-12,Extratos,2025-12-31,2026-01-09,Recebido
6392,533,2026-01,Extratos,2026-02-04,2026-01-28,Recebido
6393,533,2026-02,Folha,2026-03-04,2026-03-06,Recebido
6394,533,2026-03,Folha,2026-03-29,2026-03-28,Recebido
6395,533,2026-04,Extratos,2026-05-05,2026-04-26,Recebido
6396,533,2026-05,Notas fiscais,2026-06-09,2026-06-10,Recebido
6397,534,2025-07,Extratos,2025-07-01,2025-06-24,Recebido
6398,534,2025-07,Documentos societários,2025-08-04,2025-08-01,Recebido
6399,534,2025-08,Extratos,2025-09-07,2025-09-06,Recebido
6400,534,2025-09,Folha,2025-10-06,2025-10-12,Recebido
6401,534,2025-10,Documentos societários,2025-10-31,2025-10-22,Recebido
6402,534,2025-11,Extratos,2025-12-06,2025-11-28,Recebido
6403,534,2025-12,Notas fiscais,2025-12-29,2025-12-26,Recebido
6404,534,2026-01,Documentos societários,2026-02-01,2026-02-04,Recebido
6405,534,2026-02,Notas fiscais,2026-03-06,,Pendente
6406,534,2026-03,Notas fiscais,2026-04-09,2026-04-12,Recebido
6407,534,2026-04,Documentos societários,2026-05-06,2026-04-28,Recebido
6408,534,2026-05,Documentos societários,2026-06-06,2026-06-12,Recebido
6409,535,2025-07,Documentos societários,2025-07-08,2025-06-29,Recebido
6410,535,2025-07,Folha,2025-08-08,,Pendente
6411,535,2025-08,Extratos,2025-09-11,2025-09-18,Recebido
6412,535,2025-09,Documentos societários,2025-10-09,2025-10-09,Recebido
6413,535,2025-10,Notas fiscais,2025-11-05,2025-11-02,Recebido
6414,535,2025-11,Folha,2025-12-10,,Pendente
6415,535,2025-12,Extratos,2025-12-30,2025-12-27,Recebido
6416,535,2026-01,Folha,2026-02-09,2026-02-15,Recebido
6417,535,2026-02,Notas fiscais,2026-03-08,2026-03-03,Recebido
6418,535,2026-03,Notas fiscais,2026-04-12,2026-04-12,Recebido
6419,535,2026-04,Notas fiscais,2026-04-27,2026-05-04,Recebido
6420,535,2026-05,Folha,2026-06-03,2026-05-26,Recebido
6421,536,2025-07,Extratos,2025-07-11,2025-07-12,Recebido
6422,536,2025-07,Folha,2025-07-31,2025-08-02,Recebido
6423,536,2025-08,Notas fiscais,2025-09-14,2025-09-04,Recebido
6424,536,2025-09,Folha,2025-10-14,2025-10-17,Recebido
6425,536,2025-10,Notas fiscais,2025-11-10,2025-11-04,Recebido
6426,536,2025-11,Documentos societários,2025-11-28,2025-11-28,Recebido
6427,536,2025-12,Extratos,2025-12-31,2025-12-30,Recebido
6428,536,2026-01,Documentos societários,2026-02-04,2026-01-29,Recebido
6429,536,2026-02,Folha,2026-02-27,2026-03-07,Recebido
6430,536,2026-03,Extratos,2026-03-30,,Pendente
6431,536,2026-04,Folha,2026-04-29,2026-04-23,Recebido
6432,536,2026-05,Folha,2026-06-02,2026-06-03,Recebido
6433,537,2025-07,Notas fiscais,2025-07-16,,Pendente
6434,537,2025-07,Documentos societários,2025-08-05,2025-08-12,Recebido
6435,537,2025-08,Notas fiscais,2025-09-10,2025-09-02,Recebido
6436,537,2025-09,Extratos,2025-10-14,2025-10-19,Recebido
6437,537,2025-10,Documentos societários,2025-11-09,,Pendente
6438,537,2025-11,Extratos,2025-12-05,2025-11-29,Recebido
6439,537,2025-12,Notas fiscais,2026-01-12,,Pendente
6440,537,2026-01,Folha,2026-02-09,2026-02-02,Recebido
6441,537,2026-02,Extratos,2026-03-06,2026-03-08,Recebido
6442,537,2026-03,Notas fiscais,2026-04-12,,Pendente
6443,537,2026-04,Notas fiscais,2026-05-05,2026-05-03,Recebido
6444,537,2026-05,Folha,2026-06-09,2026-06-13,Recebido
6445,538,2025-07,Notas fiscais,2025-07-16,2025-07-11,Recebido
6446,538,2025-07,Extratos,2025-08-04,2025-08-13,Recebido
6447,538,2025-08,Folha,2025-09-13,2025-09-12,Recebido
6448,538,2025-09,Folha,2025-10-08,2025-10-03,Recebido
6449,538,2025-10,Extratos,2025-11-04,2025-10-28,Recebido
6450,538,2025-11,Notas fiscais,2025-12-10,2025-12-19,Recebido
6451,538,2025-12,Folha,2026-01-07,2025-12-30,Recebido
6452,538,2026-01,Extratos,2026-02-01,2026-01-24,Recebido
6453,538,2026-02,Folha,2026-03-09,2026-03-06,Recebido
6454,538,2026-03,Folha,2026-04-11,2026-04-11,Recebido
6455,538,2026-04,Extratos,2026-05-04,2026-04-27,Recebido
6456,538,2026-05,Documentos societários,2026-05-29,2026-05-27,Recebido
6457,539,2025-07,Documentos societários,2025-07-16,2025-07-23,Recebido
6458,539,2025-07,Folha,2025-08-05,2025-08-11,Recebido
6459,539,2025-08,Notas fiscais,2025-09-11,2025-09-06,Recebido
6460,539,2025-09,Documentos societários,2025-10-03,,Pendente
6461,539,2025-10,Notas fiscais,2025-11-05,2025-11-01,Recebido
6462,539,2025-11,Notas fiscais,2025-12-09,2025-12-17,Recebido
6463,539,2025-12,Documentos societários,2026-01-11,,Pendente
6464,539,2026-01,Notas fiscais,2026-02-01,2026-02-06,Recebido
6465,539,2026-02,Folha,2026-03-02,2026-02-27,Recebido
6466,539,2026-03,Extratos,2026-03-28,2026-03-19,Recebido
6467,539,2026-04,Extratos,2026-04-29,2026-04-21,Recebido
6468,539,2026-05,Notas fiscais,2026-05-29,,Pendente
6469,540,2025-07,Extratos,2025-07-16,2025-07-08,Recebido
6470,540,2025-07,Notas fiscais,2025-08-01,2025-08-07,Recebido
6471,540,2025-08,Extratos,2025-09-11,,Pendente
6472,540,2025-09,Documentos societários,2025-10-01,2025-09-21,Recebido
6473,540,2025-10,Extratos,2025-11-04,2025-11-12,Recebido
6474,540,2025-11,Notas fiscais,2025-12-11,2025-12-18,Recebido
6475,540,2025-12,Folha,2025-12-30,2025-12-24,Recebido
6476,540,2026-01,Documentos societários,2026-02-05,2026-01-29,Recebido
6477,540,2026-02,Notas fiscais,2026-02-26,2026-03-07,Recebido
6478,540,2026-03,Extratos,2026-04-03,2026-03-25,Recebido
6479,540,2026-04,Extratos,2026-05-12,2026-05-11,Recebido
6480,540,2026-05,Notas fiscais,2026-05-27,2026-06-01,Recebido
6481,541,2025-07,Notas fiscais,2025-07-03,2025-07-10,Recebido
6482,541,2025-07,Documentos societários,2025-08-15,,Pendente
6483,541,2025-08,Folha,2025-09-06,2025-09-07,Recebido
6484,541,2025-09,Folha,2025-10-13,2025-10-21,Recebido
6485,541,2025-10,Extratos,2025-11-05,2025-11-06,Recebido
6486,541,2025-11,Documentos societários,2025-12-13,2025-12-17,Recebido
6487,541,2025-12,Documentos societários,2026-01-09,2026-01-06,Recebido
6488,541,2026-01,Documentos societários,2026-02-05,2026-01-27,Recebido
6489,541,2026-02,Folha,2026-03-03,2026-03-01,Recebido
6490,541,2026-03,Documentos societários,2026-04-10,2026-04-14,Recebido
6491,541,2026-04,Documentos societários,2026-05-08,2026-05-16,Recebido
6492,541,2026-05,Folha,2026-06-09,2026-06-09,Recebido
6493,542,2025-07,Documentos societários,2025-07-04,2025-06-29,Recebido
6494,542,2025-07,Folha,2025-08-09,2025-08-09,Recebido
6495,542,2025-08,Folha,2025-09-06,2025-08-27,Recebido
6496,542,2025-09,Notas fiscais,2025-10-10,2025-10-11,Recebido
6497,542,2025-10,Folha,2025-11-05,2025-10-29,Recebido
6498,542,2025-11,Extratos,2025-12-07,2025-12-04,Recebido
6499,542,2025-12,Extratos,2026-01-07,2025-12-31,Recebido
6500,542,2026-01,Extratos,2026-01-29,2026-02-06,Recebido
6501,542,2026-02,Documentos societários,2026-03-02,,Pendente
6502,542,2026-03,Folha,2026-03-30,2026-03-31,Recebido
6503,542,2026-04,Notas fiscais,2026-05-07,2026-04-28,Recebido
6504,542,2026-05,Documentos societários,2026-05-27,2026-05-19,Recebido
6505,543,2025-07,Notas fiscais,2025-07-06,2025-07-05,Recebido
6506,543,2025-07,Folha,2025-08-12,,Pendente
6507,543,2025-08,Extratos,2025-09-06,2025-09-03,Recebido
6508,543,2025-09,Folha,2025-10-11,2025-10-03,Recebido
6509,543,2025-10,Notas fiscais,2025-10-30,,Pendente
6510,543,2025-11,Notas fiscais,2025-12-07,2025-12-07,Recebido
6511,543,2025-12,Folha,2026-01-08,2026-01-02,Recebido
6512,543,2026-01,Notas fiscais,2026-01-30,2026-02-05,Recebido
6513,543,2026-02,Documentos societários,2026-03-07,2026-03-10,Recebido
6514,543,2026-03,Folha,2026-04-04,2026-03-26,Recebido
6515,543,2026-04,Extratos,2026-04-28,2026-04-27,Recebido
6516,543,2026-05,Notas fiscais,2026-06-06,,Pendente
6517,544,2025-07,Extratos,2025-07-09,2025-07-18,Recebido
6518,544,2025-07,Notas fiscais,2025-08-03,2025-07-27,Recebido
6519,544,2025-08,Documentos societários,2025-09-08,2025-09-11,Recebido
6520,544,2025-09,Notas fiscais,2025-10-12,2025-10-08,Recebido
6521,544,2025-10,Extratos,2025-11-11,2025-11-13,Recebido
6522,544,2025-11,Notas fiscais,2025-11-28,2025-11-29,Recebido
6523,544,2025-12,Extratos,2026-01-03,2025-12-27,Recebido
6524,544,2026-01,Documentos societários,2026-02-11,,Pendente
6525,544,2026-02,Documentos societários,2026-03-11,2026-03-07,Recebido
6526,544,2026-03,Documentos societários,2026-04-12,2026-04-17,Recebido
6527,544,2026-04,Extratos,2026-05-02,,Pendente
6528,544,2026-05,Extratos,2026-06-01,,Pendente
6529,545,2025-07,Notas fiscais,2025-07-15,2025-07-20,Recebido
6530,545,2025-07,Notas fiscais,2025-08-10,2025-08-19,Recebido
6531,545,2025-08,Documentos societários,2025-09-14,2025-09-21,Recebido
6532,545,2025-09,Extratos,2025-10-04,2025-09-28,Recebido
6533,545,2025-10,Folha,2025-11-10,2025-11-07,Recebido
6534,545,2025-11,Documentos societários,2025-12-01,2025-12-08,Recebido
6535,545,2025-12,Notas fiscais,2026-01-07,2026-01-10,Recebido
6536,545,2026-01,Documentos societários,2026-01-27,2026-01-23,Recebido
6537,545,2026-02,Folha,2026-03-04,2026-03-01,Recebido
6538,545,2026-03,Extratos,2026-03-31,,Pendente
6539,545,2026-04,Extratos,2026-05-01,2026-04-30,Recebido
6540,545,2026-05,Extratos,2026-06-01,2026-05-24,Recebido
6541,546,2025-07,Extratos,2025-07-15,2025-07-24,Recebido
6542,546,2025-07,Notas fiscais,2025-08-06,2025-07-27,Recebido
6543,546,2025-08,Notas fiscais,2025-09-08,2025-09-11,Recebido
6544,546,2025-09,Documentos societários,2025-10-09,2025-10-04,Recebido
6545,546,2025-10,Notas fiscais,2025-10-29,2025-11-02,Recebido
6546,546,2025-11,Folha,2025-12-01,2025-11-27,Recebido
6547,546,2025-12,Extratos,2026-01-07,2026-01-04,Recebido
6548,546,2026-01,Notas fiscais,2026-02-07,2026-02-11,Recebido
6549,546,2026-02,Folha,2026-03-07,2026-02-26,Recebido
6550,546,2026-03,Notas fiscais,2026-04-09,2026-04-18,Recebido
6551,546,2026-04,Notas fiscais,2026-05-06,2026-05-02,Recebido
6552,546,2026-05,Notas fiscais,2026-06-10,2026-06-12,Recebido
6553,547,2025-07,Notas fiscais,2025-07-13,2025-07-10,Recebido
6554,547,2025-07,Extratos,2025-08-05,2025-08-08,Recebido
6555,547,2025-08,Extratos,2025-09-01,2025-08-30,Recebido
6556,547,2025-09,Extratos,2025-10-11,2025-10-19,Recebido
6557,547,2025-10,Extratos,2025-11-09,,Pendente
6558,547,2025-11,Folha,2025-12-01,2025-11-28,Recebido
6559,547,2025-12,Folha,2026-01-09,2026-01-13,Recebido
6560,547,2026-01,Documentos societários,2026-02-08,2026-02-16,Recebido
6561,547,2026-02,Documentos societários,2026-03-03,2026-02-27,Recebido
6562,547,2026-03,Notas fiscais,2026-03-30,2026-03-31,Recebido
6563,547,2026-04,Folha,2026-05-07,,Pendente
6564,547,2026-05,Extratos,2026-05-29,2026-06-03,Recebido
6565,548,2025-07,Extratos,2025-07-16,2025-07-24,Recebido
6566,548,2025-07,Extratos,2025-07-31,2025-08-01,Recebido
6567,548,2025-08,Extratos,2025-09-09,2025-09-17,Recebido
6568,548,2025-09,Notas fiscais,2025-10-09,2025-10-07,Recebido
6569,548,2025-10,Folha,2025-11-03,2025-11-11,Recebido
6570,548,2025-11,Notas fiscais,2025-12-06,2025-12-08,Recebido
6571,548,2025-12,Extratos,2026-01-06,2026-01-14,Recebido
6572,548,2026-01,Notas fiscais,2026-02-07,2026-01-29,Recebido
6573,548,2026-02,Folha,2026-02-27,2026-03-06,Recebido
6574,548,2026-03,Folha,2026-04-05,2026-04-06,Recebido
6575,548,2026-04,Extratos,2026-05-01,2026-05-05,Recebido
6576,548,2026-05,Folha,2026-06-03,2026-06-12,Recebido
6577,549,2025-07,Documentos societários,2025-07-05,2025-07-03,Recebido
6578,549,2025-07,Extratos,2025-08-15,2025-08-17,Recebido
6579,549,2025-08,Folha,2025-09-06,2025-09-15,Recebido
6580,549,2025-09,Notas fiscais,2025-10-13,2025-10-18,Recebido
6581,549,2025-10,Documentos societários,2025-11-10,2025-11-08,Recebido
6582,549,2025-11,Extratos,2025-12-08,2025-12-16,Recebido
6583,549,2025-12,Folha,2025-12-28,2025-12-25,Recebido
6584,549,2026-01,Folha,2026-02-10,2026-02-08,Recebido
6585,549,2026-02,Extratos,2026-03-10,2026-03-15,Recebido
6586,549,2026-03,Notas fiscais,2026-04-09,2026-04-18,Recebido
6587,549,2026-04,Folha,2026-05-04,,Pendente
6588,549,2026-05,Notas fiscais,2026-06-02,2026-06-08,Recebido
6589,550,2025-07,Notas fiscais,2025-07-07,2025-07-01,Recebido
6590,550,2025-07,Documentos societários,2025-08-02,2025-07-31,Recebido
6591,550,2025-08,Extratos,2025-09-03,2025-08-27,Recebido
6592,550,2025-09,Documentos societários,2025-10-12,2025-10-20,Recebido
6593,550,2025-10,Extratos,2025-11-08,2025-10-31,Recebido
6594,550,2025-11,Folha,2025-11-30,2025-11-26,Recebido
6595,550,2025-12,Documentos societários,2026-01-09,2025-12-31,Recebido
6596,550,2026-01,Folha,2026-02-04,2026-01-30,Recebido
6597,550,2026-02,Folha,2026-03-08,2026-03-03,Recebido
6598,550,2026-03,Documentos societários,2026-04-09,2026-03-31,Recebido
6599,550,2026-04,Extratos,2026-05-06,2026-05-10,Recebido
6600,550,2026-05,Documentos societários,2026-06-03,2026-06-09,Recebido
6601,551,2025-07,Notas fiscais,2025-07-12,,Pendente
6602,551,2025-07,Documentos societários,2025-08-04,2025-08-12,Recebido
6603,551,2025-08,Extratos,2025-09-09,2025-08-30,Recebido
6604,551,2025-09,Folha,2025-10-08,2025-09-29,Recebido
6605,551,2025-10,Extratos,2025-11-07,2025-11-08,Recebido
6606,551,2025-11,Extratos,2025-12-07,2025-11-30,Recebido
6607,551,2025-12,Folha,2026-01-07,2025-12-31,Recebido
6608,551,2026-01,Notas fiscais,2026-01-30,,Pendente
6609,551,2026-02,Notas fiscais,2026-03-06,2026-03-05,Recebido
6610,551,2026-03,Notas fiscais,2026-03-28,2026-03-28,Recebido
6611,551,2026-04,Extratos,2026-05-02,2026-04-22,Recebido
6612,551,2026-05,Notas fiscais,2026-05-30,2026-06-02,Recebido
6613,552,2025-07,Documentos societários,2025-07-02,2025-06-22,Recebido
6614,552,2025-07,Extratos,2025-08-01,2025-08-01,Recebido
6615,552,2025-08,Folha,2025-09-07,2025-09-11,Recebido
6616,552,2025-09,Notas fiscais,2025-10-09,2025-10-07,Recebido
6617,552,2025-10,Folha,2025-11-02,2025-10-28,Recebido
6618,552,2025-11,Documentos societários,2025-12-05,,Pendente
6619,552,2025-12,Extratos,2026-01-05,2026-01-11,Recebido
6620,552,2026-01,Notas fiscais,2026-02-01,,Pendente
6621,552,2026-02,Extratos,2026-03-13,2026-03-19,Recebido
6622,552,2026-03,Extratos,2026-04-07,2026-04-02,Recebido
6623,552,2026-04,Folha,2026-05-09,,Pendente
6624,552,2026-05,Folha,2026-06-08,2026-06-12,Recebido
6625,553,2025-07,Documentos societários,2025-07-10,2025-07-11,Recebido
6626,553,2025-07,Folha,2025-08-08,2025-07-31,Recebido
6627,553,2025-08,Documentos societários,2025-09-07,2025-08-28,Recebido
6628,553,2025-09,Folha,2025-10-05,2025-09-25,Recebido
6629,553,2025-10,Documentos societários,2025-11-08,2025-11-15,Recebido
6630,553,2025-11,Extratos,2025-12-10,2025-12-04,Recebido
6631,553,2025-12,Documentos societários,2026-01-09,2026-01-11,Recebido
6632,553,2026-01,Extratos,2026-02-05,2026-02-01,Recebido
6633,553,2026-02,Notas fiscais,2026-03-11,2026-03-16,Recebido
6634,553,2026-03,Extratos,2026-04-06,2026-04-10,Recebido
6635,553,2026-04,Notas fiscais,2026-05-04,2026-05-08,Recebido
6636,553,2026-05,Folha,2026-06-07,2026-06-04,Recebido
6637,554,2025-07,Notas fiscais,2025-07-15,2025-07-09,Recebido
6638,554,2025-07,Folha,2025-08-08,2025-08-15,Recebido
6639,554,2025-08,Notas fiscais,2025-09-12,2025-09-10,Recebido
6640,554,2025-09,Notas fiscais,2025-10-13,2025-10-11,Recebido
6641,554,2025-10,Folha,2025-11-11,2025-11-06,Recebido
6642,554,2025-11,Notas fiscais,2025-12-06,,Pendente
6643,554,2025-12,Folha,2025-12-30,2025-12-28,Recebido
6644,554,2026-01,Extratos,2026-02-05,,Pendente
6645,554,2026-02,Notas fiscais,2026-03-03,2026-02-26,Recebido
6646,554,2026-03,Folha,2026-03-29,2026-03-23,Recebido
6647,554,2026-04,Notas fiscais,2026-05-10,2026-05-07,Recebido
6648,554,2026-05,Folha,2026-06-08,2026-06-06,Recebido
6649,555,2025-07,Documentos societários,2025-07-16,2025-07-09,Recebido
6650,555,2025-07,Notas fiscais,2025-08-04,2025-08-05,Recebido
6651,555,2025-08,Folha,2025-09-06,2025-09-08,Recebido
6652,555,2025-09,Extratos,2025-10-07,2025-10-02,Recebido
6653,555,2025-10,Documentos societários,2025-11-07,,Pendente
6654,555,2025-11,Folha,2025-12-02,2025-12-07,Recebido
6655,555,2025-12,Folha,2026-01-11,2026-01-09,Recebido
6656,555,2026-01,Extratos,2026-02-01,2026-01-31,Recebido
6657,555,2026-02,Notas fiscais,2026-03-13,2026-03-14,Recebido
6658,555,2026-03,Folha,2026-04-06,2026-04-14,Recebido
6659,555,2026-04,Documentos societários,2026-05-12,2026-05-13,Recebido
6660,555,2026-05,Notas fiscais,2026-06-06,2026-06-12,Recebido
6661,556,2025-07,Folha,2025-07-04,,Pendente
6662,556,2025-07,Notas fiscais,2025-08-05,2025-07-31,Recebido
6663,556,2025-08,Notas fiscais,2025-09-01,2025-08-28,Recebido
6664,556,2025-09,Extratos,2025-10-12,2025-10-21,Recebido
6665,556,2025-10,Documentos societários,2025-11-08,2025-11-14,Recebido
6666,556,2025-11,Notas fiscais,2025-12-08,2025-11-29,Recebido
6667,556,2025-12,Extratos,2026-01-06,2026-01-07,Recebido
6668,556,2026-01,Folha,2026-02-09,2026-02-11,Recebido
6669,556,2026-02,Documentos societários,2026-03-06,2026-03-13,Recebido
6670,556,2026-03,Notas fiscais,2026-04-01,2026-03-30,Recebido
6671,556,2026-04,Notas fiscais,2026-05-02,2026-05-09,Recebido
6672,556,2026-05,Documentos societários,2026-06-06,2026-05-31,Recebido
6673,557,2025-07,Folha,2025-07-07,2025-06-29,Recebido
6674,557,2025-07,Extratos,2025-08-03,2025-07-25,Recebido
6675,557,2025-08,Documentos societários,2025-09-03,2025-09-10,Recebido
6676,557,2025-09,Extratos,2025-10-01,2025-09-29,Recebido
6677,557,2025-10,Documentos societários,2025-11-07,2025-11-01,Recebido
6678,557,2025-11,Folha,2025-11-30,2025-11-20,Recebido
6679,557,2025-12,Documentos societários,2025-12-29,2025-12-30,Recebido
6680,557,2026-01,Documentos societários,2026-02-07,2026-02-01,Recebido
6681,557,2026-02,Documentos societários,2026-03-10,2026-03-15,Recebido
6682,557,2026-03,Extratos,2026-04-05,2026-03-30,Recebido
6683,557,2026-04,Folha,2026-04-27,2026-04-20,Recebido
6684,557,2026-05,Folha,2026-05-27,,Pendente
6685,558,2025-07,Documentos societários,2025-07-10,2025-07-05,Recebido
6686,558,2025-07,Folha,2025-08-10,2025-08-02,Recebido
6687,558,2025-08,Documentos societários,2025-09-09,2025-09-02,Recebido
6688,558,2025-09,Folha,2025-10-06,2025-10-10,Recebido
6689,558,2025-10,Extratos,2025-11-07,2025-11-12,Recebido
6690,558,2025-11,Documentos societários,2025-12-06,2025-11-28,Recebido
6691,558,2025-12,Documentos societários,2026-01-12,2026-01-10,Recebido
6692,558,2026-01,Folha,2026-01-31,2026-01-24,Recebido
6693,558,2026-02,Documentos societários,2026-03-11,2026-03-01,Recebido
6694,558,2026-03,Extratos,2026-04-02,2026-04-11,Recebido
6695,558,2026-04,Extratos,2026-04-27,2026-05-06,Recebido
6696,558,2026-05,Documentos societários,2026-05-31,2026-05-28,Recebido
6697,559,2025-07,Extratos,2025-07-11,2025-07-04,Recebido
6698,559,2025-07,Notas fiscais,2025-08-07,2025-08-10,Recebido
6699,559,2025-08,Extratos,2025-09-06,2025-09-01,Recebido
6700,559,2025-09,Documentos societários,2025-10-01,2025-09-25,Recebido
6701,559,2025-10,Documentos societários,2025-11-13,,Pendente
6702,559,2025-11,Notas fiscais,2025-12-05,2025-11-26,Recebido
6703,559,2025-12,Documentos societários,2026-01-07,2026-01-14,Recebido
6704,559,2026-01,Documentos societários,2026-01-28,2026-01-23,Recebido
6705,559,2026-02,Notas fiscais,2026-02-28,2026-02-24,Recebido
6706,559,2026-03,Folha,2026-04-07,2026-04-07,Recebido
6707,559,2026-04,Extratos,2026-05-01,,Pendente
6708,559,2026-05,Documentos societários,2026-06-04,2026-06-10,Recebido
6709,560,2025-07,Documentos societários,2025-07-12,2025-07-04,Recebido
6710,560,2025-07,Notas fiscais,2025-08-14,2025-08-18,Recebido
6711,560,2025-08,Documentos societários,2025-09-11,,Pendente
6712,560,2025-09,Documentos societários,2025-10-11,2025-10-08,Recebido
6713,560,2025-10,Notas fiscais,2025-11-07,2025-11-02,Recebido
6714,560,2025-11,Extratos,2025-11-29,,Pendente
6715,560,2025-12,Folha,2026-01-06,2026-01-02,Recebido
6716,560,2026-01,Documentos societários,2026-02-05,2026-01-31,Recebido
6717,560,2026-02,Folha,2026-03-11,2026-03-05,Recebido
6718,560,2026-03,Notas fiscais,2026-03-28,,Pendente
6719,560,2026-04,Extratos,2026-05-07,2026-05-11,Recebido
6720,560,2026-05,Notas fiscais,2026-06-07,2026-05-31,Recebido
6721,561,2025-07,Folha,2025-07-01,,Pendente
6722,561,2025-07,Documentos societários,2025-08-04,2025-07-31,Recebido
6723,561,2025-08,Extratos,2025-09-07,2025-09-08,Recebido
6724,561,2025-09,Documentos societários,2025-10-02,,Pendente
6725,561,2025-10,Notas fiscais,2025-10-29,2025-11-05,Recebido
6726,561,2025-11,Extratos,2025-12-01,2025-11-29,Recebido
6727,561,2025-12,Notas fiscais,2026-01-10,2026-01-10,Recebido
6728,561,2026-01,Documentos societários,2026-02-05,,Pendente
6729,561,2026-02,Extratos,2026-03-09,2026-03-13,Recebido
6730,561,2026-03,Extratos,2026-04-12,2026-04-03,Recebido
6731,561,2026-04,Documentos societários,2026-05-06,2026-05-03,Recebido
6732,561,2026-05,Notas fiscais,2026-06-01,2026-05-26,Recebido
6733,562,2025-07,Documentos societários,2025-07-12,2025-07-03,Recebido
6734,562,2025-07,Folha,2025-08-06,2025-08-05,Recebido
6735,562,2025-08,Documentos societários,2025-09-07,2025-09-15,Recebido
6736,562,2025-09,Documentos societários,2025-10-08,2025-09-29,Recebido
6737,562,2025-10,Folha,2025-11-01,2025-10-24,Recebido
6738,562,2025-11,Notas fiscais,2025-12-12,,Pendente
6739,562,2025-12,Folha,2026-01-04,2026-01-06,Recebido
6740,562,2026-01,Documentos societários,2026-01-31,2026-02-04,Recebido
6741,562,2026-02,Folha,2026-03-04,2026-03-06,Recebido
6742,562,2026-03,Documentos societários,2026-04-08,2026-04-09,Recebido
6743,562,2026-04,Extratos,2026-05-12,,Pendente
6744,562,2026-05,Folha,2026-06-06,2026-06-01,Recebido
6745,563,2025-07,Documentos societários,2025-07-14,2025-07-20,Recebido
6746,563,2025-07,Documentos societários,2025-08-02,,Pendente
6747,563,2025-08,Extratos,2025-08-31,2025-08-26,Recebido
6748,563,2025-09,Documentos societários,2025-10-08,2025-10-04,Recebido
6749,563,2025-10,Extratos,2025-11-13,2025-11-03,Recebido
6750,563,2025-11,Folha,2025-12-13,2025-12-04,Recebido
6751,563,2025-12,Notas fiscais,2026-01-08,2025-12-31,Recebido
6752,563,2026-01,Extratos,2026-02-02,2026-02-01,Recebido
6753,563,2026-02,Folha,2026-03-04,2026-02-27,Recebido
6754,563,2026-03,Documentos societários,2026-03-29,,Pendente
6755,563,2026-04,Documentos societários,2026-05-05,2026-04-27,Recebido
6756,563,2026-05,Folha,2026-06-10,2026-06-08,Recebido
6757,564,2025-07,Folha,2025-07-03,2025-06-28,Recebido
6758,564,2025-07,Folha,2025-07-31,,Pendente
6759,564,2025-08,Documentos societários,2025-09-07,2025-09-16,Recebido
6760,564,2025-09,Extratos,2025-10-08,,Pendente
6761,564,2025-10,Extratos,2025-11-08,2025-11-10,Recebido
6762,564,2025-11,Extratos,2025-11-28,2025-11-27,Recebido
6763,564,2025-12,Folha,2026-01-03,2025-12-30,Recebido
6764,564,2026-01,Extratos,2026-02-01,2026-02-09,Recebido
6765,564,2026-02,Notas fiscais,2026-02-27,2026-02-23,Recebido
6766,564,2026-03,Extratos,2026-04-08,,Pendente
6767,564,2026-04,Extratos,2026-05-07,2026-05-01,Recebido
6768,564,2026-05,Folha,2026-05-29,,Pendente
6769,565,2025-07,Documentos societários,2025-07-12,2025-07-17,Recebido
6770,565,2025-07,Folha,2025-08-12,,Pendente
6771,565,2025-08,Notas fiscais,2025-09-13,2025-09-03,Recebido
6772,565,2025-09,Notas fiscais,2025-10-08,2025-10-14,Recebido
6773,565,2025-10,Documentos societários,2025-11-13,2025-11-07,Recebido
6774,565,2025-11,Folha,2025-11-28,2025-11-18,Recebido
6775,565,2025-12,Documentos societários,2026-01-04,2026-01-01,Recebido
6776,565,2026-01,Notas fiscais,2026-02-07,,Pendente
6777,565,2026-02,Documentos societários,2026-03-13,2026-03-22,Recebido
6778,565,2026-03,Folha,2026-04-09,2026-04-06,Recebido
6779,565,2026-04,Notas fiscais,2026-05-06,2026-04-29,Recebido
6780,565,2026-05,Folha,2026-06-09,2026-06-11,Recebido
6781,566,2025-07,Extratos,2025-07-01,2025-06-25,Recebido
6782,566,2025-07,Folha,2025-08-04,2025-08-12,Recebido
6783,566,2025-08,Folha,2025-09-08,2025-08-29,Recebido
6784,566,2025-09,Extratos,2025-10-04,2025-10-13,Recebido
6785,566,2025-10,Notas fiscais,2025-11-13,2025-11-14,Recebido
6786,566,2025-11,Extratos,2025-12-13,2025-12-07,Recebido
6787,566,2025-12,Extratos,2026-01-03,2026-01-03,Recebido
6788,566,2026-01,Documentos societários,2026-01-29,2026-01-30,Recebido
6789,566,2026-02,Folha,2026-02-28,,Pendente
6790,566,2026-03,Documentos societários,2026-04-05,,Pendente
6791,566,2026-04,Documentos societários,2026-05-02,2026-05-07,Recebido
6792,566,2026-05,Documentos societários,2026-06-06,2026-06-02,Recebido
6793,567,2025-07,Folha,2025-07-16,,Pendente
6794,567,2025-07,Notas fiscais,2025-08-01,2025-08-10,Recebido
6795,567,2025-08,Notas fiscais,2025-09-07,2025-09-10,Recebido
6796,567,2025-09,Extratos,2025-09-30,,Pendente
6797,567,2025-10,Notas fiscais,2025-11-10,2025-11-07,Recebido
6798,567,2025-11,Extratos,2025-12-10,2025-12-18,Recebido
6799,567,2025-12,Extratos,2026-01-01,2026-01-03,Recebido
6800,567,2026-01,Extratos,2026-01-27,2026-02-04,Recebido
6801,567,2026-02,Extratos,2026-03-05,2026-03-08,Recebido
6802,567,2026-03,Documentos societários,2026-04-11,2026-04-18,Recebido
6803,567,2026-04,Folha,2026-04-27,2026-04-26,Recebido
6804,567,2026-05,Folha,2026-05-31,2026-05-29,Recebido
6805,568,2025-07,Extratos,2025-07-02,2025-07-05,Recebido
6806,568,2025-07,Notas fiscais,2025-08-15,2025-08-14,Recebido
6807,568,2025-08,Extratos,2025-09-02,2025-09-09,Recebido
6808,568,2025-09,Extratos,2025-09-30,2025-10-02,Recebido
6809,568,2025-10,Notas fiscais,2025-11-12,2025-11-02,Recebido
6810,568,2025-11,Notas fiscais,2025-12-13,2025-12-20,Recebido
6811,568,2025-12,Notas fiscais,2025-12-31,,Pendente
6812,568,2026-01,Folha,2026-01-27,2026-02-04,Recebido
6813,568,2026-02,Documentos societários,2026-03-13,2026-03-03,Recebido
6814,568,2026-03,Notas fiscais,2026-03-29,2026-03-22,Recebido
6815,568,2026-04,Documentos societários,2026-04-29,2026-04-22,Recebido
6816,568,2026-05,Folha,2026-06-01,2026-05-28,Recebido
6817,569,2025-07,Documentos societários,2025-07-10,2025-07-06,Recebido
6818,569,2025-07,Extratos,2025-08-15,2025-08-16,Recebido
6819,569,2025-08,Folha,2025-09-06,2025-09-05,Recebido
6820,569,2025-09,Extratos,2025-10-05,,Pendente
6821,569,2025-10,Notas fiscais,2025-11-05,2025-11-09,Recebido
6822,569,2025-11,Extratos,2025-12-02,2025-12-11,Recebido
6823,569,2025-12,Folha,2026-01-04,2026-01-05,Recebido
6824,569,2026-01,Notas fiscais,2026-01-27,,Pendente
6825,569,2026-02,Folha,2026-03-05,2026-03-08,Recebido
6826,569,2026-03,Notas fiscais,2026-03-29,,Pendente
6827,569,2026-04,Folha,2026-04-30,2026-04-26,Recebido
6828,569,2026-05,Extratos,2026-06-05,2026-05-31,Recebido
6829,570,2025-07,Folha,2025-07-10,,Pendente
6830,570,2025-07,Notas fiscais,2025-08-13,2025-08-19,Recebido
6831,570,2025-08,Notas fiscais,2025-09-09,2025-09-07,Recebido
6832,570,2025-09,Documentos societários,2025-10-09,,Pendente
6833,570,2025-10,Extratos,2025-11-03,2025-10-24,Recebido
6834,570,2025-11,Folha,2025-12-08,2025-12-12,Recebido
6835,570,2025-12,Folha,2026-01-03,2025-12-26,Recebido
6836,570,2026-01,Extratos,2026-02-05,2026-02-05,Recebido
6837,570,2026-02,Folha,2026-03-13,2026-03-22,Recebido
6838,570,2026-03,Folha,2026-04-07,,Pendente
6839,570,2026-04,Folha,2026-04-28,2026-05-02,Recebido
6840,570,2026-05,Documentos societários,2026-06-03,,Pendente
6841,571,2025-07,Extratos,2025-07-02,2025-07-10,Recebido
6842,571,2025-07,Notas fiscais,2025-08-14,2025-08-12,Recebido
6843,571,2025-08,Notas fiscais,2025-09-08,2025-09-16,Recebido
6844,571,2025-09,Extratos,2025-10-03,2025-10-08,Recebido
6845,571,2025-10,Folha,2025-11-05,2025-11-04,Recebido
6846,571,2025-11,Extratos,2025-12-04,2025-11-30,Recebido
6847,571,2025-12,Notas fiscais,2025-12-30,2025-12-23,Recebido
6848,571,2026-01,Documentos societários,2026-02-11,,Pendente
6849,571,2026-02,Extratos,2026-03-10,2026-03-09,Recebido
6850,571,2026-03,Extratos,2026-04-09,,Pendente
6851,571,2026-04,Extratos,2026-05-03,2026-04-23,Recebido
6852,571,2026-05,Folha,2026-06-03,2026-05-29,Recebido
6853,572,2025-07,Notas fiscais,2025-07-04,2025-07-12,Recebido
6854,572,2025-07,Notas fiscais,2025-07-31,2025-08-06,Recebido
6855,572,2025-08,Documentos societários,2025-08-30,2025-09-07,Recebido
6856,572,2025-09,Documentos societários,2025-10-08,2025-10-10,Recebido
6857,572,2025-10,Extratos,2025-10-30,2025-10-29,Recebido
6858,572,2025-11,Folha,2025-12-06,,Pendente
6859,572,2025-12,Folha,2026-01-07,2026-01-09,Recebido
6860,572,2026-01,Folha,2026-02-08,2026-02-13,Recebido
6861,572,2026-02,Notas fiscais,2026-03-11,2026-03-13,Recebido
6862,572,2026-03,Extratos,2026-03-29,2026-03-20,Recebido
6863,572,2026-04,Notas fiscais,2026-04-30,2026-05-06,Recebido
6864,572,2026-05,Notas fiscais,2026-05-30,,Pendente
6865,573,2025-07,Documentos societários,2025-07-13,,Pendente
6866,573,2025-07,Folha,2025-08-03,2025-08-11,Recebido
6867,573,2025-08,Documentos societários,2025-09-11,2025-09-20,Recebido
6868,573,2025-09,Documentos societários,2025-10-10,2025-10-05,Recebido
6869,573,2025-10,Folha,2025-11-04,,Pendente
6870,573,2025-11,Documentos societários,2025-12-01,,Pendente
6871,573,2025-12,Notas fiscais,2026-01-05,2025-12-26,Recebido
6872,573,2026-01,Documentos societários,2026-02-03,,Pendente
6873,573,2026-02,Folha,2026-03-07,2026-03-01,Recebido
6874,573,2026-03,Notas fiscais,2026-03-30,2026-04-04,Recebido
6875,573,2026-04,Folha,2026-04-30,,Pendente
6876,573,2026-05,Notas fiscais,2026-06-11,2026-06-18,Recebido
6877,574,2025-07,Notas fiscais,2025-07-16,2025-07-11,Recebido
6878,574,2025-07,Extratos,2025-07-31,2025-07-21,Recebido
6879,574,2025-08,Notas fiscais,2025-08-30,2025-08-29,Recebido
6880,574,2025-09,Notas fiscais,2025-10-04,2025-09-27,Recebido
6881,574,2025-10,Notas fiscais,2025-11-12,2025-11-09,Recebido
6882,574,2025-11,Extratos,2025-12-09,2025-11-29,Recebido
6883,574,2025-12,Notas fiscais,2025-12-28,,Pendente
6884,574,2026-01,Folha,2026-02-03,2026-02-11,Recebido
6885,574,2026-02,Notas fiscais,2026-03-13,2026-03-17,Recebido
6886,574,2026-03,Notas fiscais,2026-04-01,2026-04-07,Recebido
6887,574,2026-04,Extratos,2026-05-03,2026-05-09,Recebido
6888,574,2026-05,Folha,2026-05-28,2026-05-25,Recebido
6889,575,2025-07,Documentos societários,2025-07-02,2025-06-27,Recebido
6890,575,2025-07,Notas fiscais,2025-08-09,,Pendente
6891,575,2025-08,Documentos societários,2025-09-02,2025-09-08,Recebido
6892,575,2025-09,Folha,2025-10-09,2025-09-30,Recebido
6893,575,2025-10,Extratos,2025-11-05,2025-11-09,Recebido
6894,575,2025-11,Documentos societários,2025-12-08,2025-12-11,Recebido
6895,575,2025-12,Notas fiscais,2026-01-09,2026-01-03,Recebido
6896,575,2026-01,Notas fiscais,2026-02-08,2026-02-13,Recebido
6897,575,2026-02,Documentos societários,2026-03-09,,Pendente
6898,575,2026-03,Notas fiscais,2026-04-11,2026-04-08,Recebido
6899,575,2026-04,Extratos,2026-05-12,2026-05-16,Recebido
6900,575,2026-05,Folha,2026-06-07,2026-06-09,Recebido
6901,576,2025-07,Folha,2025-07-13,2025-07-05,Recebido
6902,576,2025-07,Notas fiscais,2025-08-06,2025-08-01,Recebido
6903,576,2025-08,Notas fiscais,2025-09-06,2025-09-14,Recebido
6904,576,2025-09,Folha,2025-10-10,2025-10-14,Recebido
6905,576,2025-10,Folha,2025-11-04,2025-10-30,Recebido
6906,576,2025-11,Extratos,2025-12-08,2025-12-17,Recebido
6907,576,2025-12,Documentos societários,2026-01-02,2026-01-01,Recebido
6908,576,2026-01,Folha,2026-01-30,2026-01-24,Recebido
6909,576,2026-02,Extratos,2026-03-02,2026-02-25,Recebido
6910,576,2026-03,Notas fiscais,2026-04-07,2026-04-02,Recebido
6911,576,2026-04,Documentos societários,2026-05-08,2026-05-17,Recebido
6912,576,2026-05,Notas fiscais,2026-06-04,,Pendente
6913,577,2025-07,Folha,2025-07-10,2025-07-01,Recebido
6914,577,2025-07,Notas fiscais,2025-08-02,2025-07-30,Recebido
6915,577,2025-08,Documentos societários,2025-09-10,2025-09-09,Recebido
6916,577,2025-09,Extratos,2025-10-10,2025-10-15,Recebido
6917,577,2025-10,Notas fiscais,2025-10-31,2025-10-31,Recebido
6918,577,2025-11,Notas fiscais,2025-12-09,2025-12-12,Recebido
6919,577,2025-12,Documentos societários,2026-01-11,2026-01-12,Recebido
6920,577,2026-01,Documentos societários,2026-02-09,2026-01-30,Recebido
6921,577,2026-02,Documentos societários,2026-03-13,2026-03-04,Recebido
6922,577,2026-03,Notas fiscais,2026-03-29,2026-04-06,Recebido
6923,577,2026-04,Documentos societários,2026-04-29,2026-05-04,Recebido
6924,577,2026-05,Documentos societários,2026-06-04,2026-05-30,Recebido
6925,578,2025-07,Extratos,2025-07-10,2025-07-12,Recebido
6926,578,2025-07,Folha,2025-08-07,2025-08-04,Recebido
6927,578,2025-08,Documentos societários,2025-09-01,2025-08-25,Recebido
6928,578,2025-09,Extratos,2025-10-13,2025-10-17,Recebido
6929,578,2025-10,Folha,2025-11-01,,Pendente
6930,578,2025-11,Extratos,2025-12-08,2025-12-13,Recebido
6931,578,2025-12,Folha,2026-01-10,2026-01-08,Recebido
6932,578,2026-01,Documentos societários,2026-01-28,2026-01-26,Recebido
6933,578,2026-02,Documentos societários,2026-03-04,2026-02-23,Recebido
6934,578,2026-03,Folha,2026-04-11,2026-04-12,Recebido
6935,578,2026-04,Notas fiscais,2026-05-08,2026-05-10,Recebido
6936,578,2026-05,Documentos societários,2026-05-31,2026-05-22,Recebido
6937,579,2025-07,Folha,2025-07-06,2025-07-10,Recebido
6938,579,2025-07,Folha,2025-08-06,2025-07-27,Recebido
6939,579,2025-08,Folha,2025-09-08,2025-09-16,Recebido
6940,579,2025-09,Documentos societários,2025-10-02,2025-09-28,Recebido
6941,579,2025-10,Folha,2025-11-12,,Pendente
6942,579,2025-11,Extratos,2025-11-29,2025-12-08,Recebido
6943,579,2025-12,Extratos,2026-01-11,2026-01-14,Recebido
6944,579,2026-01,Documentos societários,2026-02-09,2026-02-04,Recebido
6945,579,2026-02,Extratos,2026-03-04,2026-03-10,Recebido
6946,579,2026-03,Folha,2026-04-08,2026-04-12,Recebido
6947,579,2026-04,Documentos societários,2026-05-04,2026-05-12,Recebido
6948,579,2026-05,Folha,2026-05-28,2026-06-02,Recebido
6949,580,2025-07,Extratos,2025-07-01,2025-06-22,Recebido
6950,580,2025-07,Notas fiscais,2025-08-05,2025-08-14,Recebido
6951,580,2025-08,Documentos societários,2025-09-09,2025-09-09,Recebido
6952,580,2025-09,Notas fiscais,2025-10-13,2025-10-11,Recebido
6953,580,2025-10,Notas fiscais,2025-11-02,2025-10-23,Recebido
6954,580,2025-11,Extratos,2025-12-12,2025-12-03,Recebido
6955,580,2025-12,Documentos societários,2025-12-30,,Pendente
6956,580,2026-01,Extratos,2026-02-06,2026-02-08,Recebido
6957,580,2026-02,Documentos societários,2026-03-13,2026-03-14,Recebido
6958,580,2026-03,Extratos,2026-04-07,2026-03-28,Recebido
6959,580,2026-04,Folha,2026-05-12,2026-05-19,Recebido
6960,580,2026-05,Documentos societários,2026-05-29,2026-05-27,Recebido
6961,581,2025-07,Documentos societários,2025-07-05,2025-07-11,Recebido
6962,581,2025-07,Documentos societários,2025-08-09,2025-08-02,Recebido
6963,581,2025-08,Extratos,2025-09-04,,Pendente
6964,581,2025-09,Notas fiscais,2025-10-03,2025-10-01,Recebido
6965,581,2025-10,Extratos,2025-10-31,2025-11-08,Recebido
6966,581,2025-11,Notas fiscais,2025-12-02,2025-11-30,Recebido
6967,581,2025-12,Notas fiscais,2026-01-06,2026-01-13,Recebido
6968,581,2026-01,Extratos,2026-01-29,2026-01-21,Recebido
6969,581,2026-02,Documentos societários,2026-03-08,,Pendente
6970,581,2026-03,Notas fiscais,2026-04-02,2026-04-03,Recebido
6971,581,2026-04,Extratos,2026-05-05,2026-05-08,Recebido
6972,581,2026-05,Documentos societários,2026-06-11,2026-06-12,Recebido
6973,582,2025-07,Documentos societários,2025-07-06,2025-07-12,Recebido
6974,582,2025-07,Documentos societários,2025-08-09,2025-08-12,Recebido
6975,582,2025-08,Notas fiscais,2025-09-01,2025-08-26,Recebido
6976,582,2025-09,Notas fiscais,2025-10-08,2025-09-30,Recebido
6977,582,2025-10,Notas fiscais,2025-11-03,2025-11-05,Recebido
6978,582,2025-11,Notas fiscais,2025-12-06,2025-12-11,Recebido
6979,582,2025-12,Notas fiscais,2026-01-03,2026-01-08,Recebido
6980,582,2026-01,Folha,2026-02-10,2026-02-04,Recebido
6981,582,2026-02,Documentos societários,2026-03-08,,Pendente
6982,582,2026-03,Notas fiscais,2026-04-06,2026-04-09,Recebido
6983,582,2026-04,Extratos,2026-05-02,2026-04-28,Recebido
6984,582,2026-05,Documentos societários,2026-06-09,,Pendente
6985,583,2025-07,Folha,2025-07-15,,Pendente
6986,583,2025-07,Folha,2025-08-11,2025-08-14,Recebido
6987,583,2025-08,Notas fiscais,2025-09-04,2025-09-12,Recebido
6988,583,2025-09,Folha,2025-10-06,2025-10-06,Recebido
6989,583,2025-10,Folha,2025-11-13,2025-11-20,Recebido
6990,583,2025-11,Documentos societários,2025-12-06,2025-12-08,Recebido
6991,583,2025-12,Notas fiscais,2025-12-31,2026-01-06,Recebido
6992,583,2026-01,Folha,2026-02-02,2026-02-10,Recebido
6993,583,2026-02,Folha,2026-03-09,,Pendente
6994,583,2026-03,Notas fiscais,2026-04-09,2026-04-15,Recebido
6995,583,2026-04,Folha,2026-04-27,2026-04-23,Recebido
6996,583,2026-05,Folha,2026-06-01,2026-06-03,Recebido
6997,584,2025-07,Extratos,2025-07-12,,Pendente
6998,584,2025-07,Notas fiscais,2025-08-15,2025-08-12,Recebido
6999,584,2025-08,Extratos,2025-09-10,2025-09-07,Recebido
7000,584,2025-09,Documentos societários,2025-10-04,2025-09-29,Recebido
7001,584,2025-10,Folha,2025-11-13,2025-11-22,Recebido
7002,584,2025-11,Documentos societários,2025-12-06,2025-12-12,Recebido
7003,584,2025-12,Folha,2025-12-31,,Pendente
7004,584,2026-01,Notas fiscais,2026-02-10,2026-02-17,Recebido
7005,584,2026-02,Extratos,2026-03-04,2026-02-28,Recebido
7006,584,2026-03,Folha,2026-03-31,2026-04-04,Recebido
7007,584,2026-04,Notas fiscais,2026-05-05,2026-05-08,Recebido
7008,584,2026-05,Documentos societários,2026-06-11,2026-06-15,Recebido
7009,585,2025-07,Folha,2025-07-14,2025-07-14,Recebido
7010,585,2025-07,Documentos societários,2025-08-01,2025-07-24,Recebido
7011,585,2025-08,Notas fiscais,2025-09-09,,Pendente
7012,585,2025-09,Extratos,2025-10-05,2025-09-29,Recebido
7013,585,2025-10,Extratos,2025-11-09,2025-11-07,Recebido
7014,585,2025-11,Documentos societários,2025-11-30,2025-11-28,Recebido
7015,585,2025-12,Extratos,2026-01-05,,Pendente
7016,585,2026-01,Documentos societários,2026-02-04,2026-02-09,Recebido
7017,585,2026-02,Documentos societários,2026-03-09,2026-03-11,Recebido
7018,585,2026-03,Folha,2026-04-05,2026-03-26,Recebido
7019,585,2026-04,Documentos societários,2026-05-09,2026-05-14,Recebido
7020,585,2026-05,Extratos,2026-06-03,,Pendente
7021,586,2025-07,Extratos,2025-07-03,2025-06-30,Recebido
7022,586,2025-07,Extratos,2025-08-02,,Pendente
7023,586,2025-08,Folha,2025-09-14,2025-09-15,Recebido
7024,586,2025-09,Notas fiscais,2025-10-04,2025-10-07,Recebido
7025,586,2025-10,Folha,2025-11-05,2025-11-01,Recebido
7026,586,2025-11,Folha,2025-12-03,2025-12-09,Recebido
7027,586,2025-12,Notas fiscais,2026-01-09,2026-01-01,Recebido
7028,586,2026-01,Folha,2026-01-28,2026-02-02,Recebido
7029,586,2026-02,Notas fiscais,2026-03-05,2026-03-10,Recebido
7030,586,2026-03,Folha,2026-04-04,2026-04-08,Recebido
7031,586,2026-04,Extratos,2026-05-01,2026-05-01,Recebido
7032,586,2026-05,Folha,2026-05-31,2026-05-29,Recebido
7033,587,2025-07,Extratos,2025-07-11,2025-07-17,Recebido
7034,587,2025-07,Documentos societários,2025-08-11,2025-08-07,Recebido
7035,587,2025-08,Documentos societários,2025-09-13,2025-09-08,Recebido
7036,587,2025-09,Folha,2025-10-01,2025-10-10,Recebido
7037,587,2025-10,Notas fiscais,2025-11-02,,Pendente
7038,587,2025-11,Documentos societários,2025-12-12,2025-12-17,Recebido
7039,587,2025-12,Extratos,2026-01-06,2026-01-02,Recebido
7040,587,2026-01,Extratos,2026-02-06,2026-01-28,Recebido
7041,587,2026-02,Extratos,2026-02-28,2026-03-06,Recebido
7042,587,2026-03,Notas fiscais,2026-04-02,,Pendente
7043,587,2026-04,Documentos societários,2026-04-28,2026-04-21,Recebido
7044,587,2026-05,Documentos societários,2026-05-30,2026-05-30,Recebido
7045,588,2025-07,Extratos,2025-07-11,2025-07-17,Recebido
7046,588,2025-07,Extratos,2025-08-08,2025-08-13,Recebido
7047,588,2025-08,Extratos,2025-08-31,2025-09-04,Recebido
7048,588,2025-09,Documentos societários,2025-10-01,2025-10-02,Recebido
7049,588,2025-10,Extratos,2025-11-07,2025-11-02,Recebido
7050,588,2025-11,Documentos societários,2025-12-13,2025-12-09,Recebido
7051,588,2025-12,Notas fiscais,2026-01-06,2025-12-30,Recebido
7052,588,2026-01,Extratos,2026-02-03,2026-01-28,Recebido
7053,588,2026-02,Documentos societários,2026-03-01,,Pendente
7054,588,2026-03,Extratos,2026-04-02,2026-04-03,Recebido
7055,588,2026-04,Extratos,2026-05-03,,Pendente
7056,588,2026-05,Documentos societários,2026-06-05,2026-05-28,Recebido
7057,589,2025-07,Notas fiscais,2025-07-13,,Pendente
7058,589,2025-07,Extratos,2025-08-04,2025-07-26,Recebido
7059,589,2025-08,Notas fiscais,2025-09-01,2025-09-03,Recebido
7060,589,2025-09,Notas fiscais,2025-10-02,2025-09-25,Recebido
7061,589,2025-10,Folha,2025-11-06,2025-10-27,Recebido
7062,589,2025-11,Notas fiscais,2025-12-02,2025-12-03,Recebido
7063,589,2025-12,Folha,2026-01-04,,Pendente
7064,589,2026-01,Folha,2026-01-30,2026-01-28,Recebido
7065,589,2026-02,Folha,2026-03-08,2026-03-12,Recebido
7066,589,2026-03,Folha,2026-04-04,2026-04-04,Recebido
7067,589,2026-04,Notas fiscais,2026-05-12,2026-05-14,Recebido
7068,589,2026-05,Notas fiscais,2026-06-03,2026-06-05,Recebido
7069,590,2025-07,Folha,2025-07-02,2025-06-27,Recebido
7070,590,2025-07,Documentos societários,2025-08-12,2025-08-12,Recebido
7071,590,2025-08,Notas fiscais,2025-09-13,2025-09-18,Recebido
7072,590,2025-09,Extratos,2025-10-03,2025-10-05,Recebido
7073,590,2025-10,Extratos,2025-11-08,,Pendente
7074,590,2025-11,Folha,2025-12-04,,Pendente
7075,590,2025-12,Extratos,2026-01-08,2026-01-08,Recebido
7076,590,2026-01,Notas fiscais,2026-01-30,2026-02-07,Recebido
7077,590,2026-02,Extratos,2026-03-05,2026-03-08,Recebido
7078,590,2026-03,Notas fiscais,2026-04-07,2026-04-15,Recebido
7079,590,2026-04,Extratos,2026-05-09,2026-05-04,Recebido
7080,590,2026-05,Extratos,2026-06-10,2026-06-10,Recebido
7081,591,2025-07,Folha,2025-07-12,2025-07-14,Recebido
7082,591,2025-07,Notas fiscais,2025-08-02,2025-07-25,Recebido
7083,591,2025-08,Folha,2025-09-10,2025-08-31,Recebido
7084,591,2025-09,Extratos,2025-10-06,2025-10-04,Recebido
7085,591,2025-10,Notas fiscais,2025-11-11,2025-11-11,Recebido
7086,591,2025-11,Folha,2025-12-05,2025-12-13,Recebido
7087,591,2025-12,Folha,2026-01-02,2026-01-04,Recebido
7088,591,2026-01,Extratos,2026-01-27,2026-01-26,Recebido
7089,591,2026-02,Notas fiscais,2026-03-09,2026-02-27,Recebido
7090,591,2026-03,Notas fiscais,2026-04-04,,Pendente
7091,591,2026-04,Documentos societários,2026-05-09,2026-05-07,Recebido
7092,591,2026-05,Documentos societários,2026-05-28,2026-05-18,Recebido
7093,592,2025-07,Notas fiscais,2025-07-05,2025-06-26,Recebido
7094,592,2025-07,Folha,2025-08-12,,Pendente
7095,592,2025-08,Documentos societários,2025-09-12,2025-09-09,Recebido
7096,592,2025-09,Extratos,2025-10-08,2025-09-29,Recebido
7097,592,2025-10,Folha,2025-11-01,2025-10-22,Recebido
7098,592,2025-11,Extratos,2025-12-03,2025-11-23,Recebido
7099,592,2025-12,Notas fiscais,2026-01-02,2026-01-01,Recebido
7100,592,2026-01,Documentos societários,2026-02-08,2026-02-04,Recebido
7101,592,2026-02,Documentos societários,2026-03-01,2026-02-26,Recebido
7102,592,2026-03,Extratos,2026-04-04,,Pendente
7103,592,2026-04,Documentos societários,2026-05-02,2026-04-30,Recebido
7104,592,2026-05,Folha,2026-06-10,2026-06-06,Recebido
7105,593,2025-07,Documentos societários,2025-07-03,2025-06-25,Recebido
7106,593,2025-07,Documentos societários,2025-08-08,2025-08-09,Recebido
7107,593,2025-08,Extratos,2025-08-30,2025-08-23,Recebido
7108,593,2025-09,Folha,2025-10-02,2025-09-30,Recebido
7109,593,2025-10,Documentos societários,2025-10-30,2025-11-08,Recebido
7110,593,2025-11,Documentos societários,2025-12-11,2025-12-02,Recebido
7111,593,2025-12,Extratos,2026-01-12,2026-01-04,Recebido
7112,593,2026-01,Documentos societários,2026-01-31,2026-01-31,Recebido
7113,593,2026-02,Notas fiscais,2026-03-09,2026-03-10,Recebido
7114,593,2026-03,Notas fiscais,2026-03-28,2026-03-22,Recebido
7115,593,2026-04,Documentos societários,2026-05-11,2026-05-20,Recebido
7116,593,2026-05,Documentos societários,2026-06-09,,Pendente
7117,594,2025-07,Notas fiscais,2025-07-02,2025-06-29,Recebido
7118,594,2025-07,Documentos societários,2025-08-12,,Pendente
7119,594,2025-08,Notas fiscais,2025-08-30,2025-08-27,Recebido
7120,594,2025-09,Extratos,2025-10-10,2025-10-12,Recebido
7121,594,2025-10,Documentos societários,2025-11-06,2025-11-14,Recebido
7122,594,2025-11,Documentos societários,2025-12-02,2025-11-26,Recebido
7123,594,2025-12,Documentos societários,2026-01-06,2026-01-11,Recebido
7124,594,2026-01,Extratos,2026-02-04,2026-01-25,Recebido
7125,594,2026-02,Extratos,2026-03-06,2026-03-12,Recebido
7126,594,2026-03,Extratos,2026-04-10,2026-04-14,Recebido
7127,594,2026-04,Documentos societários,2026-05-10,2026-05-16,Recebido
7128,594,2026-05,Folha,2026-06-03,2026-06-04,Recebido
7129,595,2025-07,Documentos societários,2025-07-16,2025-07-09,Recebido
7130,595,2025-07,Extratos,2025-08-05,2025-08-08,Recebido
7131,595,2025-08,Documentos societários,2025-08-31,2025-08-31,Recebido
7132,595,2025-09,Folha,2025-10-13,2025-10-11,Recebido
7133,595,2025-10,Extratos,2025-11-04,2025-10-29,Recebido
7134,595,2025-11,Documentos societários,2025-12-05,2025-12-07,Recebido
7135,595,2025-12,Documentos societários,2026-01-08,2026-01-04,Recebido
7136,595,2026-01,Extratos,2026-02-05,2026-02-10,Recebido
7137,595,2026-02,Folha,2026-03-11,2026-03-02,Recebido
7138,595,2026-03,Folha,2026-04-08,2026-04-17,Recebido
7139,595,2026-04,Extratos,2026-04-27,2026-05-01,Recebido
7140,595,2026-05,Extratos,2026-05-31,2026-06-08,Recebido
7141,596,2025-07,Notas fiscais,2025-07-07,,Pendente
7142,596,2025-07,Documentos societários,2025-08-05,2025-08-02,Recebido
7143,596,2025-08,Notas fiscais,2025-09-14,2025-09-13,Recebido
7144,596,2025-09,Documentos societários,2025-10-09,2025-09-30,Recebido
7145,596,2025-10,Extratos,2025-10-31,2025-11-07,Recebido
7146,596,2025-11,Documentos societários,2025-12-01,2025-12-09,Recebido
7147,596,2025-12,Extratos,2025-12-30,2026-01-01,Recebido
7148,596,2026-01,Documentos societários,2026-01-31,2026-02-09,Recebido
7149,596,2026-02,Notas fiscais,2026-03-01,2026-03-09,Recebido
7150,596,2026-03,Documentos societários,2026-04-06,2026-04-01,Recebido
7151,596,2026-04,Documentos societários,2026-04-30,2026-04-29,Recebido
7152,596,2026-05,Notas fiscais,2026-06-04,2026-06-03,Recebido
7153,597,2025-07,Folha,2025-07-04,2025-06-25,Recebido
7154,597,2025-07,Extratos,2025-08-04,2025-08-02,Recebido
7155,597,2025-08,Extratos,2025-09-10,2025-09-09,Recebido
7156,597,2025-09,Folha,2025-09-29,2025-10-07,Recebido
7157,597,2025-10,Folha,2025-10-29,2025-10-23,Recebido
7158,597,2025-11,Extratos,2025-11-29,2025-12-03,Recebido
7159,597,2025-12,Folha,2025-12-28,2025-12-31,Recebido
7160,597,2026-01,Notas fiscais,2026-01-31,2026-02-01,Recebido
7161,597,2026-02,Folha,2026-03-01,2026-03-10,Recebido
7162,597,2026-03,Notas fiscais,2026-04-01,2026-04-08,Recebido
7163,597,2026-04,Notas fiscais,2026-05-03,2026-04-24,Recebido
7164,597,2026-05,Extratos,2026-05-27,2026-06-01,Recebido
7165,598,2025-07,Notas fiscais,2025-07-01,2025-07-05,Recebido
7166,598,2025-07,Documentos societários,2025-08-01,2025-08-04,Recebido
7167,598,2025-08,Notas fiscais,2025-09-10,2025-09-10,Recebido
7168,598,2025-09,Extratos,2025-10-08,2025-10-12,Recebido
7169,598,2025-10,Extratos,2025-10-29,2025-11-04,Recebido
7170,598,2025-11,Extratos,2025-12-10,2025-12-03,Recebido
7171,598,2025-12,Folha,2026-01-04,2025-12-31,Recebido
7172,598,2026-01,Extratos,2026-01-31,2026-02-01,Recebido
7173,598,2026-02,Extratos,2026-02-27,2026-02-23,Recebido
7174,598,2026-03,Folha,2026-04-07,2026-04-07,Recebido
7175,598,2026-04,Folha,2026-05-07,2026-04-29,Recebido
7176,598,2026-05,Notas fiscais,2026-06-08,2026-06-06,Recebido
7177,599,2025-07,Extratos,2025-07-04,2025-07-11,Recebido
7178,599,2025-07,Documentos societários,2025-08-08,2025-08-09,Recebido
7179,599,2025-08,Documentos societários,2025-09-01,2025-09-07,Recebido
7180,599,2025-09,Notas fiscais,2025-09-29,2025-09-20,Recebido
7181,599,2025-10,Documentos societários,2025-10-31,2025-11-07,Recebido
7182,599,2025-11,Documentos societários,2025-12-11,,Pendente
7183,599,2025-12,Notas fiscais,2026-01-03,2026-01-03,Recebido
7184,599,2026-01,Extratos,2026-02-04,2026-02-08,Recebido
7185,599,2026-02,Documentos societários,2026-03-05,2026-03-12,Recebido
7186,599,2026-03,Folha,2026-04-09,2026-04-14,Recebido
7187,599,2026-04,Documentos societários,2026-04-28,2026-04-24,Recebido
7188,599,2026-05,Notas fiscais,2026-06-03,2026-05-28,Recebido
7189,600,2025-07,Folha,2025-07-06,,Pendente
7190,600,2025-07,Extratos,2025-08-10,,Pendente
7191,600,2025-08,Folha,2025-09-03,2025-08-31,Recebido
7192,600,2025-09,Folha,2025-10-14,2025-10-20,Recebido
7193,600,2025-10,Extratos,2025-11-07,2025-11-15,Recebido
7194,600,2025-11,Notas fiscais,2025-12-08,2025-12-10,Recebido
7195,600,2025-12,Extratos,2025-12-28,2026-01-04,Recebido
7196,600,2026-01,Extratos,2026-01-31,2026-02-08,Recebido
7197,600,2026-02,Folha,2026-03-08,2026-03-11,Recebido
7198,600,2026-03,Folha,2026-04-01,2026-03-30,Recebido
7199,600,2026-04,Extratos,2026-04-29,2026-05-08,Recebido
7200,600,2026-05,Notas fiscais,2026-06-05,2026-06-11,Recebido
